domain,observation_index,source_identity,c3_resolved,c4_resolved,c3_region,c4_region,c3_phase,c4_phase,c3_temperature_bits,c4_temperature_bits,c3_pressure_bits,c4_pressure_bits,c3_quality_has_value,c4_quality_has_value,c3_quality_bits,c4_quality_bits,c4_repeat_count,c4_repeat_deterministic,bit_equivalent
VR2,0,VR2-SAT-100C-LIQ,true,true,REGION-4-MIXTURE-TABLE-C2,REGION-4-MIXTURE-TABLE-C2,SaturatedMixture,SaturatedMixture,4636737291354636288,4636737291354636288,4591972356144366221,4591972356144366221,true,true,0,0,2,true,true
VR2,1,VR2-SAT-100C-Q0.5,true,true,REGION-4-MIXTURE-TABLE-C2,REGION-4-MIXTURE-TABLE-C2,SaturatedMixture,SaturatedMixture,4636737291354636288,4636737291354636288,4591972356144366221,4591972356144366221,true,true,4602678819172646912,4602678819172646912,2,true,true
VR2,2,VR2-SAT-100C-VAP,true,true,REGION-4-MIXTURE-TABLE-C2,REGION-4-MIXTURE-TABLE-C2,SaturatedMixture,SaturatedMixture,4636737291354636288,4636737291354636288,4591972356144366221,4591972356144366221,true,true,4607182418800017408,4607182418800017408,2,true,true
VR2,3,VR2-SAT-125C-LIQ,true,true,REGION-4-MIXTURE-TABLE-C2,REGION-4-MIXTURE-TABLE-C2,SaturatedMixture,SaturatedMixture,4638496509959077888,4638496509959077888,4597534778231210420,4597534778231210420,true,true,0,0,2,true,true
VR2,4,VR2-SAT-125C-Q0.5,true,true,REGION-4-MIXTURE-TABLE-C2,REGION-4-MIXTURE-TABLE-C2,SaturatedMixture,SaturatedMixture,4638496509959077888,4638496509959077888,4597534778231210420,4597534778231210420,true,true,4602678819172646912,4602678819172646912,2,true,true
VR2,5,VR2-SAT-125C-VAP,true,true,REGION-4-MIXTURE-TABLE-C2,REGION-4-MIXTURE-TABLE-C2,SaturatedMixture,SaturatedMixture,4638496509959077888,4638496509959077888,4597534778231210420,4597534778231210420,true,true,4607182418800017408,4607182418800017408,2,true,true
VR2,6,VR2-SAT-150C-LIQ,true,true,REGION-4-MIXTURE-TABLE-C2,REGION-4-MIXTURE-TABLE-C2,SaturatedMixture,SaturatedMixture,4639481672377565184,4639481672377565184,4602248299927622664,4602248299927622664,true,true,0,0,2,true,true
VR2,7,VR2-SAT-150C-Q0.5,true,true,REGION-4-MIXTURE-TABLE-C2,REGION-4-MIXTURE-TABLE-C2,SaturatedMixture,SaturatedMixture,4639481672377565184,4639481672377565184,4602248299927622664,4602248299927622664,true,true,4602678819172646912,4602678819172646912,2,true,true
VR2,8,VR2-SAT-150C-VAP,true,true,REGION-4-MIXTURE-TABLE-C2,REGION-4-MIXTURE-TABLE-C2,SaturatedMixture,SaturatedMixture,4639481672377565184,4639481672377565184,4602248299927622664,4602248299927622664,true,true,4607182418800017408,4607182418800017408,2,true,true
VR2,9,VR2-SAT-175C-LIQ,true,true,REGION-4-MIXTURE-TABLE-C2,REGION-4-MIXTURE-TABLE-C2,SaturatedMixture,SaturatedMixture,4640361281679785984,4640361281679785984,4606213671801080278,4606213671801080278,true,true,0,0,2,true,true
VR2,10,VR2-SAT-175C-Q0.5,true,true,REGION-4-MIXTURE-TABLE-C2,REGION-4-MIXTURE-TABLE-C2,SaturatedMixture,SaturatedMixture,4640361281679785984,4640361281679785984,4606213671801080278,4606213671801080278,true,true,4602678819172646912,4602678819172646912,2,true,true
VR2,11,VR2-SAT-175C-VAP,true,true,REGION-4-MIXTURE-TABLE-C2,REGION-4-MIXTURE-TABLE-C2,SaturatedMixture,SaturatedMixture,4640361281679785984,4640361281679785984,4606213671801080278,4606213671801080278,true,true,4607182418800017408,4607182418800017408,2,true,true
VR2,12,VR2-SAT-200C-LIQ,true,true,REGION-4-MIXTURE-TABLE-C2,REGION-4-MIXTURE-TABLE-C2,SaturatedMixture,SaturatedMixture,4641240890982006784,4641240890982006784,4609680438819270290,4609680438819270290,true,true,0,0,2,true,true
VR2,13,VR2-SAT-200C-Q0.5,true,true,REGION-4-MIXTURE-TABLE-C2,REGION-4-MIXTURE-TABLE-C2,SaturatedMixture,SaturatedMixture,4641240890982006784,4641240890982006784,4609680438819270290,4609680438819270290,true,true,4602678819172646912,4602678819172646912,2,true,true
VR2,14,VR2-SAT-200C-VAP,true,true,REGION-4-MIXTURE-TABLE-C2,REGION-4-MIXTURE-TABLE-C2,SaturatedMixture,SaturatedMixture,4641240890982006784,4641240890982006784,4609680438819270290,4609680438819270290,true,true,4607182418800017408,4607182418800017408,2,true,true
VR2,15,VR2-SAT-225C-LIQ,true,true,REGION-4-MIXTURE-TABLE-C2,REGION-4-MIXTURE-TABLE-C2,SaturatedMixture,SaturatedMixture,4642120500284227584,4642120500284227584,4612923213425980708,4612923213425980708,true,true,0,0,2,true,true
VR2,16,VR2-SAT-225C-Q0.5,true,true,REGION-4-MIXTURE-TABLE-C2,REGION-4-MIXTURE-TABLE-C2,SaturatedMixture,SaturatedMixture,4642120500284227584,4642120500284227584,4612923213425980708,4612923213425980708,true,true,4602678819172646912,4602678819172646912,2,true,true
VR2,17,VR2-SAT-225C-VAP,true,true,REGION-4-MIXTURE-TABLE-C2,REGION-4-MIXTURE-TABLE-C2,SaturatedMixture,SaturatedMixture,4642120500284227584,4642120500284227584,4612923213425980708,4612923213425980708,true,true,4607182418800017408,4607182418800017408,2,true,true
VR2,18,VR2-SAT-250C-LIQ,true,true,REGION-4-MIXTURE-TABLE-C2,REGION-4-MIXTURE-TABLE-C2,SaturatedMixture,SaturatedMixture,4643000109586448384,4643000109586448384,4616135437658948296,4616135437658948296,true,true,0,0,2,true,true
VR2,19,VR2-SAT-250C-Q0.5,true,true,REGION-4-MIXTURE-TABLE-C2,REGION-4-MIXTURE-TABLE-C2,SaturatedMixture,SaturatedMixture,4643000109586448384,4643000109586448384,4616135437658948296,4616135437658948296,true,true,4602678819172646912,4602678819172646912,2,true,true
VR2,20,VR2-SAT-250C-VAP,true,true,REGION-4-MIXTURE-TABLE-C2,REGION-4-MIXTURE-TABLE-C2,SaturatedMixture,SaturatedMixture,4643000109586448384,4643000109586448384,4616135437658948296,4616135437658948296,true,true,4607182418800017408,4607182418800017408,2,true,true
VR2,21,VR2-SAT-280C-LIQ,true,true,REGION-4-MIXTURE-TABLE-C2,REGION-4-MIXTURE-TABLE-C2,SaturatedMixture,SaturatedMixture,4643633428284047360,4643633428284047360,4618910309334891324,4618910309334891324,true,true,0,0,2,true,true
VR2,22,VR2-SAT-280C-Q0.5,true,true,REGION-4-MIXTURE-TABLE-C2,REGION-4-MIXTURE-TABLE-C2,SaturatedMixture,SaturatedMixture,4643633428284047360,4643633428284047360,4618910309334891324,4618910309334891324,true,true,4602678819172646911,4602678819172646911,2,true,true
VR2,23,VR2-SAT-280C-VAP,true,true,REGION-4-MIXTURE-TABLE-C2,REGION-4-MIXTURE-TABLE-C2,SaturatedMixture,SaturatedMixture,4643633428284047360,4643633428284047360,4618910309334891324,4618910309334891324,true,true,4607182418800017408,4607182418800017408,2,true,true
VR2,24,VR2-SAT-300C-LIQ,true,true,REGION-4-MIXTURE-TABLE-C2,REGION-4-MIXTURE-TABLE-C2,SaturatedMixture,SaturatedMixture,4643985272004935680,4643985272004935680,4621024068058878475,4621024068058878475,true,true,0,0,2,true,true
VR2,25,VR2-SAT-300C-Q0.5,true,true,REGION-4-MIXTURE-TABLE-C2,REGION-4-MIXTURE-TABLE-C2,SaturatedMixture,SaturatedMixture,4643985272004935680,4643985272004935680,4621024068058878475,4621024068058878475,true,true,4602678819172646912,4602678819172646912,2,true,true
VR2,26,VR2-SAT-300C-VAP,true,true,REGION-4-MIXTURE-TABLE-C2,REGION-4-MIXTURE-TABLE-C2,SaturatedMixture,SaturatedMixture,4643985272004935680,4643985272004935680,4621024068058878475,4621024068058878475,true,true,4607182418800017408,4607182418800017408,2,true,true
VR2,27,VR2-SAT-340C-LIQ,true,true,REGION-4-MIXTURE-TABLE-C2,REGION-4-MIXTURE-TABLE-C2,SaturatedMixture,SaturatedMixture,4644688959446712320,4644688959446712320,4624408789300629642,4624408789300629642,true,true,0,0,2,true,true
VR2,28,VR2-SAT-340C-Q0.5,true,true,REGION-4-MIXTURE-TABLE-C2,REGION-4-MIXTURE-TABLE-C2,SaturatedMixture,SaturatedMixture,4644688959446712320,4644688959446712320,4624408789300629642,4624408789300629642,true,true,4602678819172646912,4602678819172646912,2,true,true
VR2,29,VR2-SAT-340C-VAP,true,true,REGION-4-MIXTURE-TABLE-C2,REGION-4-MIXTURE-TABLE-C2,SaturatedMixture,SaturatedMixture,4644688959446712320,4644688959446712320,4624408789300629642,4624408789300629642,true,true,4607182418800017408,4607182418800017408,2,true,true
VR2,30,VR2-L100-P0.5,true,true,REGION-1-TABLE-C2,REGION-1-TABLE-C2,SubcooledLiquid,SubcooledLiquid,4636737291354636288,4636737291354636288,4602678819172646912,4602678819172646912,false,false,0,0,2,true,true
VR2,31,VR2-L150-P1,true,true,REGION-1-TABLE-C2,REGION-1-TABLE-C2,SubcooledLiquid,SubcooledLiquid,4639481672377565184,4639481672377565184,4607182418800017408,4607182418800017408,false,false,0,0,2,true,true
VR2,32,VR2-L200-P2,true,true,REGION-1-TABLE-C2,REGION-1-TABLE-C2,SubcooledLiquid,SubcooledLiquid,4641240890982006784,4641240890982006784,4611686018427387904,4611686018427387904,false,false,0,0,2,true,true
VR2,33,VR2-L250-P7,true,true,REGION-1-TABLE-C2,REGION-1-TABLE-C2,SubcooledLiquid,SubcooledLiquid,4643000109586448384,4643000109586448384,4619567317775286272,4619567317775286272,false,false,0,0,2,true,true
VR2,34,VR2-L280-P10,true,true,REGION-1-TABLE-C2,REGION-1-TABLE-C2,SubcooledLiquid,SubcooledLiquid,4643633428284047360,4643633428284047360,4621819117588971520,4621819117588971520,false,false,0,0,2,true,true
VR2,35,VR2-V200-P0.2,true,true,REGION-2-TABLE-C2,REGION-2-TABLE-C2,SuperheatedVapor,SuperheatedVapor,4641240890982006784,4641240890982006784,4596373779694328218,4596373779694328218,false,false,0,0,2,true,true
VR2,36,VR2-V250-P0.5,true,true,REGION-2-TABLE-C2,REGION-2-TABLE-C2,SuperheatedVapor,SuperheatedVapor,4643000109586448384,4643000109586448384,4602678819172646912,4602678819172646912,false,false,0,0,2,true,true
VR2,37,VR2-V300-P1,true,true,REGION-2-TABLE-C2,REGION-2-TABLE-C2,SuperheatedVapor,SuperheatedVapor,4643985272004935680,4643985272004935680,4607182418800017408,4607182418800017408,false,false,0,0,2,true,true
VR2,38,VR2-V400-P5,true,true,REGION-2-TABLE-C2,REGION-2-TABLE-C2,SuperheatedVapor,SuperheatedVapor,4645744490609377280,4645744490609377280,4617315517961601024,4617315517961601024,false,false,0,0,2,true,true
EXACT-V9,39,background-reference|0|suction,true,true,REGION-4-MIXTURE-TABLE-C2,REGION-4-MIXTURE-TABLE-C2,SaturatedMixture,SaturatedMixture,4643445978457702400,4643445978457702400,4617818435807602759,4617818435807602759,true,true,4561480638665237478,4561480638665237478,2,true,true
EXACT-V9,40,background-reference|0|pressure,true,true,REGION-4-MIXTURE-TABLE-C2,REGION-4-MIXTURE-TABLE-C2,SaturatedMixture,SaturatedMixture,4643448356946837504,4643448356946837504,4617831421982317562,4617831421982317562,true,true,4561454071945202372,4561454071945202372,2,true,true
EXACT-V9,41,background-reference|0|outlet,true,true,REGION-4-MIXTURE-TABLE-C2,REGION-4-MIXTURE-TABLE-C2,SaturatedMixture,SaturatedMixture,4643548715520360448,4643548715520360448,4618399954104525916,4618399954104525916,true,true,4596010126380252539,4596010126380252539,2,true,true
EXACT-V9,42,background-reference|0|drum,true,true,REGION-4-MIXTURE-TABLE-C2,REGION-4-MIXTURE-TABLE-C2,SaturatedMixture,SaturatedMixture,4643464729755385856,4643464729755385856,4617921577439988066,4617921577439988066,true,true,4585439797385502623,4585439797385502623,2,true,true
EXACT-V9,43,background-reference|0|feedwater-inventory,true,true,REGION-1-NEAR-BOUNDARY-C2,REGION-1-NEAR-BOUNDARY-C2,SubcooledLiquid,SubcooledLiquid,4631884290403055648,4631884290403055648,4593175440985200730,4593175440985200730,false,false,0,0,2,true,true
EXACT-V9,44,background-reference|6000|suction,true,true,REGION-4-MIXTURE-TABLE-C2,REGION-4-MIXTURE-TABLE-C2,SaturatedMixture,SaturatedMixture,4643445978457702400,4643445978457702400,4617818435807602759,4617818435807602759,true,true,4561480638665237478,4561480638665237478,2,true,true
EXACT-V9,45,background-reference|6000|pressure,true,true,REGION-4-MIXTURE-TABLE-C2,REGION-4-MIXTURE-TABLE-C2,SaturatedMixture,SaturatedMixture,4643448356946837504,4643448356946837504,4617831421982317562,4617831421982317562,true,true,4561454071945349862,4561454071945349862,2,true,true
EXACT-V9,46,background-reference|6000|outlet,true,true,REGION-4-MIXTURE-TABLE-C2,REGION-4-MIXTURE-TABLE-C2,SaturatedMixture,SaturatedMixture,4643548715519836160,4643548715519836160,4618399954101452537,4618399954101452537,true,true,4596010126378722666,4596010126378722666,2,true,true
EXACT-V9,47,background-reference|6000|drum,true,true,REGION-4-MIXTURE-TABLE-C2,REGION-4-MIXTURE-TABLE-C2,SaturatedMixture,SaturatedMixture,4643464729755385856,4643464729755385856,4617921577439988066,4617921577439988066,true,true,4585439797385803145,4585439797385803145,2,true,true
EXACT-V9,48,background-reference|6000|feedwater-inventory,true,true,REGION-1-NEAR-BOUNDARY-C2,REGION-1-NEAR-BOUNDARY-C2,SubcooledLiquid,SubcooledLiquid,4631884290403040896,4631884290403040896,4593175440981778257,4593175440981778257,false,false,0,0,2,true,true
EXACT-V9,49,background-reference|12000|suction,true,true,REGION-4-MIXTURE-TABLE-C2,REGION-4-MIXTURE-TABLE-C2,SaturatedMixture,SaturatedMixture,4643445978457702400,4643445978457702400,4617818435807602759,4617818435807602759,true,true,4561480638665237478,4561480638665237478,2,true,true
EXACT-V9,50,background-reference|12000|pressure,true,true,REGION-4-MIXTURE-TABLE-C2,REGION-4-MIXTURE-TABLE-C2,SaturatedMixture,SaturatedMixture,4643448356946837504,4643448356946837504,4617831421982317562,4617831421982317562,true,true,4561454071945219177,4561454071945219177,2,true,true
EXACT-V9,51,background-reference|12000|outlet,true,true,REGION-4-MIXTURE-TABLE-C2,REGION-4-MIXTURE-TABLE-C2,SaturatedMixture,SaturatedMixture,4643548715519836160,4643548715519836160,4618399954101452537,4618399954101452537,true,true,4596010126375152368,4596010126375152368,2,true,true
EXACT-V9,52,background-reference|12000|drum,true,true,REGION-4-MIXTURE-TABLE-C2,REGION-4-MIXTURE-TABLE-C2,SaturatedMixture,SaturatedMixture,4643464729755385856,4643464729755385856,4617921577439988066,4617921577439988066,true,true,4585439797386686846,4585439797386686846,2,true,true
EXACT-V9,53,background-reference|12000|feedwater-inventory,true,true,REGION-1-NEAR-BOUNDARY-C2,REGION-1-NEAR-BOUNDARY-C2,SubcooledLiquid,SubcooledLiquid,4631884290402993712,4631884290402993712,4593175440973837402,4593175440973837402,false,false,0,0,2,true,true
EXACT-V9,54,background-reference|18000|suction,true,true,REGION-4-MIXTURE-TABLE-C2,REGION-4-MIXTURE-TABLE-C2,SaturatedMixture,SaturatedMixture,4643445978457702400,4643445978457702400,4617818435807602759,4617818435807602759,true,true,4561480638665237478,4561480638665237478,2,true,true
EXACT-V9,55,background-reference|18000|pressure,true,true,REGION-4-MIXTURE-TABLE-C2,REGION-4-MIXTURE-TABLE-C2,SaturatedMixture,SaturatedMixture,4643448356946837504,4643448356946837504,4617831421982317562,4617831421982317562,true,true,4561454071945447861,4561454071945447861,2,true,true
EXACT-V9,56,background-reference|18000|outlet,true,true,REGION-4-MIXTURE-TABLE-C2,REGION-4-MIXTURE-TABLE-C2,SaturatedMixture,SaturatedMixture,4643548715520360448,4643548715520360448,4618399954104525916,4618399954104525916,true,true,4596010126372580447,4596010126372580447,2,true,true
EXACT-V9,57,background-reference|18000|drum,true,true,REGION-4-MIXTURE-TABLE-C2,REGION-4-MIXTURE-TABLE-C2,SaturatedMixture,SaturatedMixture,4643464729755385856,4643464729755385856,4617921577439988066,4617921577439988066,true,true,4585439797387019308,4585439797387019308,2,true,true
EXACT-V9,58,background-reference|18000|feedwater-inventory,true,true,REGION-1-NEAR-BOUNDARY-C2,REGION-1-NEAR-BOUNDARY-C2,SubcooledLiquid,SubcooledLiquid,4631884290402910088,4631884290402910088,4593175440943885324,4593175440943885324,false,false,0,0,2,true,true
EXACT-V9,59,background-reference|24000|suction,true,true,REGION-4-MIXTURE-TABLE-C2,REGION-4-MIXTURE-TABLE-C2,SaturatedMixture,SaturatedMixture,4643445978457702400,4643445978457702400,4617818435807602759,4617818435807602759,true,true,4561480638665237478,4561480638665237478,2,true,true
EXACT-V9,60,background-reference|24000|pressure,true,true,REGION-4-MIXTURE-TABLE-C2,REGION-4-MIXTURE-TABLE-C2,SaturatedMixture,SaturatedMixture,4643448356946837504,4643448356946837504,4617831421982317562,4617831421982317562,true,true,4561454071945332249,4561454071945332249,2,true,true
EXACT-V9,61,background-reference|24000|outlet,true,true,REGION-4-MIXTURE-TABLE-C2,REGION-4-MIXTURE-TABLE-C2,SaturatedMixture,SaturatedMixture,4643548715520360448,4643548715520360448,4618399954104525916,4618399954104525916,true,true,4596010126367262607,4596010126367262607,2,true,true
EXACT-V9,62,background-reference|24000|drum,true,true,REGION-4-MIXTURE-TABLE-C2,REGION-4-MIXTURE-TABLE-C2,SaturatedMixture,SaturatedMixture,4643464729755385856,4643464729755385856,4617921577439988066,4617921577439988066,true,true,4585439797387330005,4585439797387330005,2,true,true
EXACT-V9,63,background-reference|24000|feedwater-inventory,true,true,REGION-1-NEAR-BOUNDARY-C2,REGION-1-NEAR-BOUNDARY-C2,SubcooledLiquid,SubcooledLiquid,4631884290402788656,4631884290402788656,4593175440943196738,4593175440943196738,false,false,0,0,2,true,true
EXACT-V9,64,background-reference|30000|suction,true,true,REGION-4-MIXTURE-TABLE-C2,REGION-4-MIXTURE-TABLE-C2,SaturatedMixture,SaturatedMixture,4643445978457702400,4643445978457702400,4617818435807602759,4617818435807602759,true,true,4561480638665237478,4561480638665237478,2,true,true
EXACT-V9,65,background-reference|30000|pressure,true,true,REGION-4-MIXTURE-TABLE-C2,REGION-4-MIXTURE-TABLE-C2,SaturatedMixture,SaturatedMixture,4643448356946837504,4643448356946837504,4617831421982317562,4617831421982317562,true,true,4561454071945650038,4561454071945650038,2,true,true
EXACT-V9,66,background-reference|30000|outlet,true,true,REGION-4-MIXTURE-TABLE-C2,REGION-4-MIXTURE-TABLE-C2,SaturatedMixture,SaturatedMixture,4643548715520360448,4643548715520360448,4618399954104525916,4618399954104525916,true,true,4596010126359300378,4596010126359300378,2,true,true
EXACT-V9,67,background-reference|30000|drum,true,true,REGION-4-MIXTURE-TABLE-C2,REGION-4-MIXTURE-TABLE-C2,SaturatedMixture,SaturatedMixture,4643464729755385856,4643464729755385856,4617921577439988066,4617921577439988066,true,true,4585439797387773705,4585439797387773705,2,true,true
EXACT-V9,68,background-reference|30000|feedwater-inventory,true,true,REGION-1-NEAR-BOUNDARY-C2,REGION-1-NEAR-BOUNDARY-C2,SubcooledLiquid,SubcooledLiquid,4631884290402640304,4631884290402640304,4593175440927954484,4593175440927954484,false,false,0,0,2,true,true
EXACT-V9,69,background-reference|36000|suction,true,true,REGION-4-MIXTURE-TABLE-C2,REGION-4-MIXTURE-TABLE-C2,SaturatedMixture,SaturatedMixture,4643445978457702400,4643445978457702400,4617818435807602759,4617818435807602759,true,true,4561480638665237478,4561480638665237478,2,true,true
EXACT-V9,70,background-reference|36000|pressure,true,true,REGION-4-MIXTURE-TABLE-C2,REGION-4-MIXTURE-TABLE-C2,SaturatedMixture,SaturatedMixture,4643448356946837504,4643448356946837504,4617831421982317562,4617831421982317562,true,true,4561454071946072122,4561454071946072122,2,true,true
EXACT-V9,71,background-reference|36000|outlet,true,true,REGION-4-MIXTURE-TABLE-C2,REGION-4-MIXTURE-TABLE-C2,SaturatedMixture,SaturatedMixture,4643548715520360448,4643548715520360448,4618399954104525916,4618399954104525916,true,true,4596010126350592533,4596010126350592533,2,true,true
EXACT-V9,72,background-reference|36000|drum,true,true,REGION-4-MIXTURE-TABLE-C2,REGION-4-MIXTURE-TABLE-C2,SaturatedMixture,SaturatedMixture,4643464729755385856,4643464729755385856,4617921577439988066,4617921577439988066,true,true,4585439797388408938,4585439797388408938,2,true,true
EXACT-V9,73,background-reference|36000|feedwater-inventory,true,true,REGION-1-NEAR-BOUNDARY-C2,REGION-1-NEAR-BOUNDARY-C2,SubcooledLiquid,SubcooledLiquid,4631884290402459904,4631884290402459904,4593175440912775986,4593175440912775986,false,false,0,0,2,true,true
EXACT-V9,74,background-reference|42000|suction,true,true,REGION-4-MIXTURE-TABLE-C2,REGION-4-MIXTURE-TABLE-C2,SaturatedMixture,SaturatedMixture,4643445978457702400,4643445978457702400,4617818435807602759,4617818435807602759,true,true,4561480638665237478,4561480638665237478,2,true,true
EXACT-V9,75,background-reference|42000|pressure,true,true,REGION-4-MIXTURE-TABLE-C2,REGION-4-MIXTURE-TABLE-C2,SaturatedMixture,SaturatedMixture,4643448356946837504,4643448356946837504,4617831421982317562,4617831421982317562,true,true,4561454071946388295,4561454071946388295,2,true,true
EXACT-V9,76,background-reference|42000|outlet,true,true,REGION-4-MIXTURE-TABLE-C2,REGION-4-MIXTURE-TABLE-C2,SaturatedMixture,SaturatedMixture,4643548715520360448,4643548715520360448,4618399954104525916,4618399954104525916,true,true,4596010126341227776,4596010126341227776,2,true,true
EXACT-V9,77,background-reference|42000|drum,true,true,REGION-4-MIXTURE-TABLE-C2,REGION-4-MIXTURE-TABLE-C2,SaturatedMixture,SaturatedMixture,4643464729755385856,4643464729755385856,4617921577439988066,4617921577439988066,true,true,4585439797389064540,4585439797389064540,2,true,true
EXACT-V9,78,background-reference|42000|feedwater-inventory,true,true,REGION-1-NEAR-BOUNDARY-C2,REGION-1-NEAR-BOUNDARY-C2,SubcooledLiquid,SubcooledLiquid,4631884290402244848,4631884290402244848,4593175440880277888,4593175440880277888,false,false,0,0,2,true,true
EXACT-V9,79,background-reference|48000|suction,true,true,REGION-4-MIXTURE-TABLE-C2,REGION-4-MIXTURE-TABLE-C2,SaturatedMixture,SaturatedMixture,4643445978457702400,4643445978457702400,4617818435807602759,4617818435807602759,true,true,4561480638665237478,4561480638665237478,2,true,true
EXACT-V9,80,background-reference|48000|pressure,true,true,REGION-4-MIXTURE-TABLE-C2,REGION-4-MIXTURE-TABLE-C2,SaturatedMixture,SaturatedMixture,4643448356946837504,4643448356946837504,4617831421982317562,4617831421982317562,true,true,4561454071946996906,4561454071946996906,2,true,true
EXACT-V9,81,background-reference|48000|outlet,true,true,REGION-4-MIXTURE-TABLE-C2,REGION-4-MIXTURE-TABLE-C2,SaturatedMixture,SaturatedMixture,4643548715520360448,4643548715520360448,4618399954104525916,4618399954104525916,true,true,4596010126329940492,4596010126329940492,2,true,true
EXACT-V9,82,background-reference|48000|drum,true,true,REGION-4-MIXTURE-TABLE-C2,REGION-4-MIXTURE-TABLE-C2,SaturatedMixture,SaturatedMixture,4643464729755385856,4643464729755385856,4617921577439988066,4617921577439988066,true,true,4585439797389989643,4585439797389989643,2,true,true
EXACT-V9,83,background-reference|48000|feedwater-inventory,true,true,REGION-1-NEAR-BOUNDARY-C2,REGION-1-NEAR-BOUNDARY-C2,SubcooledLiquid,SubcooledLiquid,4631884290401994152,4631884290401994152,4593175440855188332,4593175440855188332,false,false,0,0,2,true,true
EXACT-V9,84,background-reference|54000|suction,true,true,REGION-4-MIXTURE-TABLE-C2,REGION-4-MIXTURE-TABLE-C2,SaturatedMixture,SaturatedMixture,4643445978457702400,4643445978457702400,4617818435807602759,4617818435807602759,true,true,4561480638665237478,4561480638665237478,2,true,true
EXACT-V9,85,background-reference|54000|pressure,true,true,REGION-4-MIXTURE-TABLE-C2,REGION-4-MIXTURE-TABLE-C2,SaturatedMixture,SaturatedMixture,4643448356946837504,4643448356946837504,4617831421982317562,4617831421982317562,true,true,4561454071947755778,4561454071947755778,2,true,true
EXACT-V9,86,background-reference|54000|outlet,true,true,REGION-4-MIXTURE-TABLE-C2,REGION-4-MIXTURE-TABLE-C2,SaturatedMixture,SaturatedMixture,4643548715520360448,4643548715520360448,4618399954104525916,4618399954104525916,true,true,4596010126315504074,4596010126315504074,2,true,true
EXACT-V9,87,background-reference|54000|drum,true,true,REGION-4-MIXTURE-TABLE-C2,REGION-4-MIXTURE-TABLE-C2,SaturatedMixture,SaturatedMixture,4643464729755385856,4643464729755385856,4617921577439988066,4617921577439988066,true,true,4585439797391066444,4585439797391066444,2,true,true
EXACT-V9,88,background-reference|54000|feedwater-inventory,true,true,REGION-1-NEAR-BOUNDARY-C2,REGION-1-NEAR-BOUNDARY-C2,SubcooledLiquid,SubcooledLiquid,4631884290401706608,4631884290401706608,4593175440826597386,4593175440826597386,false,false,0,0,2,true,true
EXACT-V9,89,background-reference|60000|suction,true,true,REGION-4-MIXTURE-TABLE-C2,REGION-4-MIXTURE-TABLE-C2,SaturatedMixture,SaturatedMixture,4643445978457702400,4643445978457702400,4617818435807602759,4617818435807602759,true,true,4561480638665237478,4561480638665237478,2,true,true
EXACT-V9,90,background-reference|60000|pressure,true,true,REGION-4-MIXTURE-TABLE-C2,REGION-4-MIXTURE-TABLE-C2,SaturatedMixture,SaturatedMixture,4643448356946837504,4643448356946837504,4617831421982317562,4617831421982317562,true,true,4561454071948334649,4561454071948334649,2,true,true
EXACT-V9,91,background-reference|60000|outlet,true,true,REGION-4-MIXTURE-TABLE-C2,REGION-4-MIXTURE-TABLE-C2,SaturatedMixture,SaturatedMixture,4643548715520884736,4643548715520884736,4618399954107599295,4618399954107599295,true,true,4596010126303932648,4596010126303932648,2,true,true
EXACT-V9,92,background-reference|60000|drum,true,true,REGION-4-MIXTURE-TABLE-C2,REGION-4-MIXTURE-TABLE-C2,SaturatedMixture,SaturatedMixture,4643464729755385856,4643464729755385856,4617921577439988066,4617921577439988066,true,true,4585439797392592940,4585439797392592940,2,true,true
EXACT-V9,93,background-reference|60000|feedwater-inventory,true,true,REGION-1-NEAR-BOUNDARY-C2,REGION-1-NEAR-BOUNDARY-C2,SubcooledLiquid,SubcooledLiquid,4631884290401379520,4631884290401379520,4593175440783958354,4593175440783958354,false,false,0,0,2,true,true
EXACT-V9,94,exact-v9-5-to-6mwe|2784|suction,true,true,REGION-4-MIXTURE-TABLE-C2,REGION-4-MIXTURE-TABLE-C2,SaturatedMixture,SaturatedMixture,4643446525308960768,4643446525308960768,4617821421529033799,4617821421529033799,true,true,4561462006530451803,4561462006530451803,2,true,true
EXACT-V9,95,exact-v9-5-to-6mwe|2784|pressure,true,true,REGION-4-MIXTURE-TABLE-C2,REGION-4-MIXTURE-TABLE-C2,SaturatedMixture,SaturatedMixture,4643448438144368640,4643448438144368640,4617831865308002839,4617831865308002839,true,true,4561437965103890117,4561437965103890117,2,true,true
EXACT-V9,96,exact-v9-5-to-6mwe|2784|outlet,true,true,REGION-4-MIXTURE-TABLE-C2,REGION-4-MIXTURE-TABLE-C2,SaturatedMixture,SaturatedMixture,4643560402609242112,4643560402609242112,4618468675125192816,4618468675125192816,true,true,4596225357100837854,4596225357100837854,2,true,true
EXACT-V9,97,exact-v9-5-to-6mwe|2784|drum,true,true,REGION-4-MIXTURE-TABLE-C2,REGION-4-MIXTURE-TABLE-C2,SaturatedMixture,SaturatedMixture,4643470234398228480,4643470234398228480,4617952123263860070,4617952123263860070,true,true,4585458392182039899,4585458392182039899,2,true,true
EXACT-V9,98,exact-v9-5-to-6mwe|2784|feedwater-inventory,true,true,REGION-1-NEAR-BOUNDARY-C2,REGION-1-NEAR-BOUNDARY-C2,SubcooledLiquid,SubcooledLiquid,4631884289873821352,4631884289873821352,4595089353386320024,4595089353386320024,false,false,0,0,2,true,true
EXACT-V9,99,exact-v9-5-to-6mwe|8784|suction,true,true,REGION-4-MIXTURE-TABLE-C2,REGION-4-MIXTURE-TABLE-C2,SaturatedMixture,SaturatedMixture,4643444948066631680,4643444948066631680,4617812810035228418,4617812810035228418,true,true,4561515690733907655,4561515690733907655,2,true,true
EXACT-V9,100,exact-v9-5-to-6mwe|8784|pressure,true,true,REGION-4-MIXTURE-TABLE-C2,REGION-4-MIXTURE-TABLE-C2,SaturatedMixture,SaturatedMixture,4643448843831083008,4643448843831083008,4617834084667411763,4617834084667411763,true,true,4561469971758891817,4561469971758891817,2,true,true
EXACT-V9,101,exact-v9-5-to-6mwe|8784|outlet,true,true,REGION-4-MIXTURE-TABLE-C2,REGION-4-MIXTURE-TABLE-C2,SaturatedMixture,SaturatedMixture,4643550047147393024,4643550047147393024,4618407760108959703,4618407760108959703,true,true,4597407206702113050,4597407206702113050,2,true,true
EXACT-V9,102,exact-v9-5-to-6mwe|8784|drum,true,true,REGION-4-MIXTURE-TABLE-C2,REGION-4-MIXTURE-TABLE-C2,SaturatedMixture,SaturatedMixture,4643456406676045824,4643456406676045824,4617875624398148471,4617875624398148471,true,true,4585387963404911719,4585387963404911719,2,true,true
EXACT-V9,103,exact-v9-5-to-6mwe|8784|feedwater-inventory,true,true,REGION-4-MIXTURE-TABLE-C2,REGION-4-MIXTURE-TABLE-C2,SaturatedMixture,SaturatedMixture,4631883900551954432,4631883900551954432,4577440655603764878,4577440655603764878,true,true,4507223486688905694,4507223486688905694,2,true,true
EXACT-V9,104,exact-v9-5-to-6mwe|14784|suction,true,true,REGION-4-MIXTURE-TABLE-C2,REGION-4-MIXTURE-TABLE-C2,SaturatedMixture,SaturatedMixture,4643430017483145216,4643430017483145216,4617731650107575405,4617731650107575405,true,true,4562012424632105132,4562012424632105132,2,true,true
EXACT-V9,105,exact-v9-5-to-6mwe|14784|pressure,true,true,REGION-4-MIXTURE-TABLE-C2,REGION-4-MIXTURE-TABLE-C2,SaturatedMixture,SaturatedMixture,4643443863130734592,4643443863130734592,4617806886456723894,4617806886456723894,true,true,4561374345975237131,4561374345975237131,2,true,true
EXACT-V9,106,exact-v9-5-to-6mwe|14784|outlet,true,true,REGION-4-MIXTURE-TABLE-C2,REGION-4-MIXTURE-TABLE-C2,SaturatedMixture,SaturatedMixture,4643525071573876736,4643525071573876736,4618262543351706292,4618262543351706292,true,true,4597257744348580975,4597257744348580975,2,true,true
EXACT-V9,107,exact-v9-5-to-6mwe|14784|drum,true,true,REGION-4-MIXTURE-TABLE-C2,REGION-4-MIXTURE-TABLE-C2,SaturatedMixture,SaturatedMixture,4643429980942368768,4643429980942368768,4617731452980463561,4617731452980463561,true,true,4585124736281407433,4585124736281407433,2,true,true
EXACT-V9,108,exact-v9-5-to-6mwe|14784|feedwater-inventory,true,true,REGION-4-MIXTURE-TABLE-C2,REGION-4-MIXTURE-TABLE-C2,SaturatedMixture,SaturatedMixture,4631881445065883648,4631881445065883648,4577435078239961621,4577435078239961621,true,true,4520175751806782301,4520175751806782301,2,true,true
EXACT-V9,109,exact-v9-5-to-6mwe|20784|suction,true,true,REGION-4-MIXTURE-TABLE-C2,REGION-4-MIXTURE-TABLE-C2,SaturatedMixture,SaturatedMixture,4643418547806535680,4643418547806535680,4617669896602401650,4617669896602401650,true,true,4562262630161992379,4562262630161992379,2,true,true
EXACT-V9,110,exact-v9-5-to-6mwe|20784|pressure,true,true,REGION-4-MIXTURE-TABLE-C2,REGION-4-MIXTURE-TABLE-C2,SaturatedMixture,SaturatedMixture,4643433893378129920,4643433893378129920,4617752649644069054,4617752649644069054,true,true,4561150614795888149,4561150614795888149,2,true,true
EXACT-V9,111,exact-v9-5-to-6mwe|20784|outlet,true,true,REGION-4-MIXTURE-TABLE-C2,REGION-4-MIXTURE-TABLE-C2,SaturatedMixture,SaturatedMixture,4643521221690916864,4643521221690916864,4618240369523937926,4618240369523937926,true,true,4597368645788725951,4597368645788725951,2,true,true
EXACT-V9,112,exact-v9-5-to-6mwe|20784|drum,true,true,REGION-4-MIXTURE-TABLE-C2,REGION-4-MIXTURE-TABLE-C2,SaturatedMixture,SaturatedMixture,4643427975820738560,4643427975820738560,4617720635918696355,4617720635918696355,true,true,4585053552064931446,4585053552064931446,2,true,true
EXACT-V9,113,exact-v9-5-to-6mwe|20784|feedwater-inventory,true,true,REGION-4-MIXTURE-TABLE-C2,REGION-4-MIXTURE-TABLE-C2,SaturatedMixture,SaturatedMixture,4631877007341256704,4631877007341256704,4577425179908605204,4577425179908605204,true,true,4523061829455215588,4523061829455215588,2,true,true
EXACT-V9,114,exact-v9-5-to-6mwe|26784|suction,true,true,REGION-4-MIXTURE-TABLE-C2,REGION-4-MIXTURE-TABLE-C2,SaturatedMixture,SaturatedMixture,4643413817514524672,4643413817514524672,4617644531103034296,4617644531103034296,true,true,4562336519100650865,4562336519100650865,2,true,true
EXACT-V9,115,exact-v9-5-to-6mwe|26784|pressure,true,true,REGION-4-MIXTURE-TABLE-C2,REGION-4-MIXTURE-TABLE-C2,SaturatedMixture,SaturatedMixture,4643425625356369920,4643425625356369920,4617707955830928038,4617707955830928038,true,true,4560966069429654263,4560966069429654263,2,true,true
EXACT-V9,116,exact-v9-5-to-6mwe|26784|outlet,true,true,REGION-4-MIXTURE-TABLE-C2,REGION-4-MIXTURE-TABLE-C2,SaturatedMixture,SaturatedMixture,4643520990708498432,4643520990708498432,4618239039155088481,4618239039155088481,true,true,4597445550631151255,4597445550631151255,2,true,true
EXACT-V9,117,exact-v9-5-to-6mwe|26784|drum,true,true,REGION-4-MIXTURE-TABLE-C2,REGION-4-MIXTURE-TABLE-C2,SaturatedMixture,SaturatedMixture,4643428946395791360,4643428946395791360,4617725871895475860,4617725871895475860,true,true,4585057872987470715,4585057872987470715,2,true,true
EXACT-V9,118,exact-v9-5-to-6mwe|26784|feedwater-inventory,true,true,REGION-4-MIXTURE-TABLE-C2,REGION-4-MIXTURE-TABLE-C2,SaturatedMixture,SaturatedMixture,4631871279607054336,4631871279607054336,4577412404214793044,4577412404214793044,true,true,4524610283566340965,4524610283566340965,2,true,true
EXACT-V9,119,exact-v9-5-to-6mwe|32784|suction,true,true,REGION-4-MIXTURE-TABLE-C2,REGION-4-MIXTURE-TABLE-C2,SaturatedMixture,SaturatedMixture,4643412709001396224,4643412709001396224,4617638613193053773,4617638613193053773,true,true,4562353615598286657,4562353615598286657,2,true,true
EXACT-V9,120,exact-v9-5-to-6mwe|32784|pressure,true,true,REGION-4-MIXTURE-TABLE-C2,REGION-4-MIXTURE-TABLE-C2,SaturatedMixture,SaturatedMixture,4643420613773361152,4643420613773361152,4617680975047470692,4617680975047470692,true,true,4560854723989098926,4560854723989098926,2,true,true
EXACT-V9,121,exact-v9-5-to-6mwe|32784|outlet,true,true,REGION-4-MIXTURE-TABLE-C2,REGION-4-MIXTURE-TABLE-C2,SaturatedMixture,SaturatedMixture,4643522391075979264,4643522391075979264,4618247104726861973,4618247104726861973,true,true,4597479752583301275,4597479752583301275,2,true,true
EXACT-V9,122,exact-v9-5-to-6mwe|32784|drum,true,true,REGION-4-MIXTURE-TABLE-C2,REGION-4-MIXTURE-TABLE-C2,SaturatedMixture,SaturatedMixture,4643431043412525056,4643431043412525056,4617737184705229398,4617737184705229398,true,true,4585079864730567242,4585079864730567242,2,true,true
EXACT-V9,123,exact-v9-5-to-6mwe|32784|feedwater-inventory,true,true,REGION-4-MIXTURE-TABLE-C2,REGION-4-MIXTURE-TABLE-C2,SaturatedMixture,SaturatedMixture,4631865123382755328,4631865123382755328,4577398672775116496,4577398672775116496,true,true,4525878880975286903,4525878880975286903,2,true,true
EXACT-V9,124,exact-v9-5-to-6mwe|38784|suction,true,true,REGION-4-MIXTURE-TABLE-C2,REGION-4-MIXTURE-TABLE-C2,SaturatedMixture,SaturatedMixture,4643413571328278528,4643413571328278528,4617643210965280372,4617643210965280372,true,true,4562340345666091057,4562340345666091057,2,true,true
EXACT-V9,125,exact-v9-5-to-6mwe|38784|pressure,true,true,REGION-4-MIXTURE-TABLE-C2,REGION-4-MIXTURE-TABLE-C2,SaturatedMixture,SaturatedMixture,4643418402209136640,4643418402209136640,4617669115857634806,4617669115857634806,true,true,4560804421024751841,4560804421024751841,2,true,true
EXACT-V9,126,exact-v9-5-to-6mwe|38784|outlet,true,true,REGION-4-MIXTURE-TABLE-C2,REGION-4-MIXTURE-TABLE-C2,SaturatedMixture,SaturatedMixture,4643524631352836096,4643524631352836096,4618260007849812624,4618260007849812624,true,true,4597494557860597409,4597494557860597409,2,true,true
EXACT-V9,127,exact-v9-5-to-6mwe|38784|drum,true,true,REGION-4-MIXTURE-TABLE-C2,REGION-4-MIXTURE-TABLE-C2,SaturatedMixture,SaturatedMixture,4643433703786676224,4643433703786676224,4617751620691070134,4617751620691070134,true,true,4585111741724965325,4585111741724965325,2,true,true
EXACT-V9,128,exact-v9-5-to-6mwe|38784|feedwater-inventory,true,true,REGION-4-MIXTURE-TABLE-C2,REGION-4-MIXTURE-TABLE-C2,SaturatedMixture,SaturatedMixture,4631859287960846336,4631859287960846336,4577385656884200461,4577385656884200461,true,true,4526530021643283218,4526530021643283218,2,true,true
EXACT-V9,129,exact-v9-5-to-6mwe|44784|suction,true,true,REGION-4-MIXTURE-TABLE-C2,REGION-4-MIXTURE-TABLE-C2,SaturatedMixture,SaturatedMixture,4643415493260607488,4643415493260607488,4617653517046418890,4617653517046418890,true,true,4562310422667457587,4562310422667457587,2,true,true
EXACT-V9,130,exact-v9-5-to-6mwe|44784|pressure,true,true,REGION-4-MIXTURE-TABLE-C2,REGION-4-MIXTURE-TABLE-C2,SaturatedMixture,SaturatedMixture,4643418190282489856,4643418190282489856,4617667979431973891,4617667979431973891,true,true,4560797365267515287,4560797365267515287,2,true,true
EXACT-V9,131,exact-v9-5-to-6mwe|44784|outlet,true,true,REGION-4-MIXTURE-TABLE-C2,REGION-4-MIXTURE-TABLE-C2,SaturatedMixture,SaturatedMixture,4643527303723220992,4643527303723220992,4618275399663347117,4618275399663347117,true,true,4597500747064701636,4597500747064701636,2,true,true
EXACT-V9,132,exact-v9-5-to-6mwe|44784|drum,true,true,REGION-4-MIXTURE-TABLE-C2,REGION-4-MIXTURE-TABLE-C2,SaturatedMixture,SaturatedMixture,4643436631901077504,4643436631901077504,4617767512188474909,4617767512188474909,true,true,4585149168052747234,4585149168052747234,2,true,true
EXACT-V9,133,exact-v9-5-to-6mwe|44784|feedwater-inventory,true,true,REGION-4-MIXTURE-TABLE-C2,REGION-4-MIXTURE-TABLE-C2,SaturatedMixture,SaturatedMixture,4631854318341849088,4631854318341849088,4577374572164060045,4577374572164060045,true,true,4526990812850086798,4526990812850086798,2,true,true
EXACT-V9,134,exact-v9-5-to-6mwe|50784|suction,true,true,REGION-4-MIXTURE-TABLE-C2,REGION-4-MIXTURE-TABLE-C2,SaturatedMixture,SaturatedMixture,4643417980677390336,4643417980677390336,4617666855455270786,4617666855455270786,true,true,4562271525624437854,4562271525624437854,2,true,true
EXACT-V9,135,exact-v9-5-to-6mwe|50784|pressure,true,true,REGION-4-MIXTURE-TABLE-C2,REGION-4-MIXTURE-TABLE-C2,SaturatedMixture,SaturatedMixture,4643419283001442304,4643419283001442304,4617673838977607124,4617673838977607124,true,true,4560818457179410703,4560818457179410703,2,true,true
EXACT-V9,136,exact-v9-5-to-6mwe|50784|outlet,true,true,REGION-4-MIXTURE-TABLE-C2,REGION-4-MIXTURE-TABLE-C2,SaturatedMixture,SaturatedMixture,4643530257439129600,4643530257439129600,4618292492897511852,4618292492897511852,true,true,4597503372901429500,4597503372901429500,2,true,true
EXACT-V9,137,exact-v9-5-to-6mwe|50784|drum,true,true,REGION-4-MIXTURE-TABLE-C2,REGION-4-MIXTURE-TABLE-C2,SaturatedMixture,SaturatedMixture,4643439745484455936,4643439745484455936,4617784410265324730,4617784410265324730,true,true,4585190131481359090,4585190131481359090,2,true,true
EXACT-V9,138,exact-v9-5-to-6mwe|50784|feedwater-inventory,true,true,REGION-4-MIXTURE-TABLE-C2,REGION-4-MIXTURE-TABLE-C2,SaturatedMixture,SaturatedMixture,4631850557219274752,4631850557219274752,4577366182991535268,4577366182991535268,true,true,4527402571947618563,4527402571947618563,2,true,true
EXACT-V9,139,exact-v9-5-to-6mwe|56784|suction,true,true,REGION-4-MIXTURE-TABLE-C2,REGION-4-MIXTURE-TABLE-C2,SaturatedMixture,SaturatedMixture,4643420863316099072,4643420863316099072,4617682313183921068,4617682313183921068,true,true,4562226206764721112,4562226206764721112,2,true,true
EXACT-V9,140,exact-v9-5-to-6mwe|56784|pressure,true,true,REGION-4-MIXTURE-TABLE-C2,REGION-4-MIXTURE-TABLE-C2,SaturatedMixture,SaturatedMixture,4643421209411715072,4643421209411715072,4617684169071064664,4617684169071064664,true,true,4560857739528617735,4560857739528617735,2,true,true
EXACT-V9,141,exact-v9-5-to-6mwe|56784|outlet,true,true,REGION-4-MIXTURE-TABLE-C2,REGION-4-MIXTURE-TABLE-C2,SaturatedMixture,SaturatedMixture,4643533441427046400,4643533441427046400,4618310939661369317,4618310939661369317,true,true,4597506741157388628,4597506741157388628,2,true,true
EXACT-V9,142,exact-v9-5-to-6mwe|56784|drum,true,true,REGION-4-MIXTURE-TABLE-C2,REGION-4-MIXTURE-TABLE-C2,SaturatedMixture,SaturatedMixture,4643443040988954624,4643443040988954624,4617802397692559522,4617802397692559522,true,true,4585235243988364481,4585235243988364481,2,true,true
EXACT-V9,143,exact-v9-5-to-6mwe|56784|feedwater-inventory,true,true,REGION-4-MIXTURE-TABLE-C2,REGION-4-MIXTURE-TABLE-C2,SaturatedMixture,SaturatedMixture,4631848173889912832,4631848173889912832,4577360866982603004,4577360866982603004,true,true,4527772290802496876,4527772290802496876,2,true,true
EXACT-V9,144,exact-v9-5-to-6mwe|62784|suction,true,true,REGION-4-MIXTURE-TABLE-C2,REGION-4-MIXTURE-TABLE-C2,SaturatedMixture,SaturatedMixture,4643423867312799744,4643423867312799744,4617698471685127837,4617698471685127837,true,true,4562178476218012388,4562178476218012388,2,true,true
EXACT-V9,145,exact-v9-5-to-6mwe|62784|pressure,true,true,REGION-4-MIXTURE-TABLE-C2,REGION-4-MIXTURE-TABLE-C2,SaturatedMixture,SaturatedMixture,4643423647411732480,4643423647411732480,4617697285381318916,4617697285381318916,true,true,4560908453531891336,4560908453531891336,2,true,true
EXACT-V9,146,exact-v9-5-to-6mwe|62784|outlet,true,true,REGION-4-MIXTURE-TABLE-C2,REGION-4-MIXTURE-TABLE-C2,SaturatedMixture,SaturatedMixture,4643536501588623360,4643536501588623360,4618328669024498494,4618328669024498494,true,true,4597506457671506054,4597506457671506054,2,true,true
EXACT-V9,147,exact-v9-5-to-6mwe|62784|drum,true,true,REGION-4-MIXTURE-TABLE-C2,REGION-4-MIXTURE-TABLE-C2,SaturatedMixture,SaturatedMixture,4643446171642101760,4643446171642101760,4617819490563887006,4617819490563887006,true,true,4585279142669240368,4585279142669240368,2,true,true
EXACT-V9,148,exact-v9-5-to-6mwe|62784|feedwater-inventory,true,true,REGION-4-MIXTURE-TABLE-C2,REGION-4-MIXTURE-TABLE-C2,SaturatedMixture,SaturatedMixture,4631847197853351936,4631847197853351936,4577358689936006408,4577358689936006408,true,true,4528124997454526081,4528124997454526081,2,true,true
EXACT-V9,149,exact-v9-5-to-6mwe|68784|suction,true,true,REGION-4-MIXTURE-TABLE-C2,REGION-4-MIXTURE-TABLE-C2,SaturatedMixture,SaturatedMixture,4643426876603236352,4643426876603236352,4617714705952435034,4617714705952435034,true,true,4562113899447376569,4562113899447376569,2,true,true
EXACT-V9,150,exact-v9-5-to-6mwe|68784|pressure,true,true,REGION-4-MIXTURE-TABLE-C2,REGION-4-MIXTURE-TABLE-C2,SaturatedMixture,SaturatedMixture,4643426343019610112,4643426343019610112,4617711827420302096,4617711827420302096,true,true,4560965189181684221,4560965189181684221,2,true,true
EXACT-V9,151,exact-v9-5-to-6mwe|68784|outlet,true,true,REGION-4-MIXTURE-TABLE-C2,REGION-4-MIXTURE-TABLE-C2,SaturatedMixture,SaturatedMixture,4643539528336801792,4643539528336801792,4618346302319244764,4618346302319244764,true,true,4597506131847633547,4597506131847633547,2,true,true
EXACT-V9,152,exact-v9-5-to-6mwe|68784|drum,true,true,REGION-4-MIXTURE-TABLE-C2,REGION-4-MIXTURE-TABLE-C2,SaturatedMixture,SaturatedMixture,4643449236319371264,4643449236319371264,4617836240451100524,4617836240451100524,true,true,4585322609113525099,4585322609113525099,2,true,true
EXACT-V9,153,exact-v9-5-to-6mwe|68784|feedwater-inventory,true,true,REGION-4-MIXTURE-TABLE-C2,REGION-4-MIXTURE-TABLE-C2,SaturatedMixture,SaturatedMixture,4631847559068909568,4631847559068909568,4577359495626215038,4577359495626215038,true,true,4528463646968572673,4528463646968572673,2,true,true
EXACT-V9,154,exact-v9-5-to-6mwe|74784|suction,true,true,REGION-4-MIXTURE-TABLE-C2,REGION-4-MIXTURE-TABLE-C2,SaturatedMixture,SaturatedMixture,4643429850457047040,4643429850457047040,4617730749049208926,4617730749049208926,true,true,4562017836882095867,4562017836882095867,2,true,true
EXACT-V9,155,exact-v9-5-to-6mwe|74784|pressure,true,true,REGION-4-MIXTURE-TABLE-C2,REGION-4-MIXTURE-TABLE-C2,SaturatedMixture,SaturatedMixture,4643429147053391872,4643429147053391872,4617726954386246538,4617726954386246538,true,true,4561025046287077315,4561025046287077315,2,true,true
EXACT-V9,156,exact-v9-5-to-6mwe|74784|outlet,true,true,REGION-4-MIXTURE-TABLE-C2,REGION-4-MIXTURE-TABLE-C2,SaturatedMixture,SaturatedMixture,4643542493127245824,4643542493127245824,4618363580331867668,4618363580331867668,true,true,4597506025659398616,4597506025659398616,2,true,true
EXACT-V9,157,exact-v9-5-to-6mwe|74784|drum,true,true,REGION-4-MIXTURE-TABLE-C2,REGION-4-MIXTURE-TABLE-C2,SaturatedMixture,SaturatedMixture,4643452226494267392,4643452226494267392,4617852664304908386,4617852664304908386,true,true,4585365484636228937,4585365484636228937,2,true,true
EXACT-V9,158,exact-v9-5-to-6mwe|74784|feedwater-inventory,true,true,REGION-4-MIXTURE-TABLE-C2,REGION-4-MIXTURE-TABLE-C2,SaturatedMixture,SaturatedMixture,4631849121030864896,4631849121030864896,4577362979577631510,4577362979577631510,true,true,4528792315799874872,4528792315799874872,2,true,true
EXACT-V9,159,exact-v9-5-to-6mwe|80784|suction,true,true,REGION-4-MIXTURE-TABLE-C2,REGION-4-MIXTURE-TABLE-C2,SaturatedMixture,SaturatedMixture,4643432763219771392,4643432763219771392,4617746516035145276,4617746516035145276,true,true,4561922711582686058,4561922711582686058,2,true,true
EXACT-V9,160,exact-v9-5-to-6mwe|80784|pressure,true,true,REGION-4-MIXTURE-TABLE-C2,REGION-4-MIXTURE-TABLE-C2,SaturatedMixture,SaturatedMixture,4643431973479514112,4643431973479514112,4617742229947401054,4617742229947401054,true,true,4561085979258041885,4561085979258041885,2,true,true
EXACT-V9,161,exact-v9-5-to-6mwe|80784|outlet,true,true,REGION-4-MIXTURE-TABLE-C2,REGION-4-MIXTURE-TABLE-C2,SaturatedMixture,SaturatedMixture,4643545367415619584,4643545367415619584,4618380330922420760,4618380330922420760,true,true,4597505886577162613,4597505886577162613,2,true,true
EXACT-V9,162,exact-v9-5-to-6mwe|80784|drum,true,true,REGION-4-MIXTURE-TABLE-C2,REGION-4-MIXTURE-TABLE-C2,SaturatedMixture,SaturatedMixture,4643455130496139264,4643455130496139264,4617868614844210666,4617868614844210666,true,true,4585407662999517959,4585407662999517959,2,true,true
EXACT-V9,163,exact-v9-5-to-6mwe|80784|feedwater-inventory,true,true,REGION-4-MIXTURE-TABLE-C2,REGION-4-MIXTURE-TABLE-C2,SaturatedMixture,SaturatedMixture,4631851708908044288,4631851708908044288,4577368751829851896,4577368751829851896,true,true,4529114190556755385,4529114190556755385,2,true,true
EXACT-V9,164,exact-v9-5-to-6mwe|86784|suction,true,true,REGION-4-MIXTURE-TABLE-C2,REGION-4-MIXTURE-TABLE-C2,SaturatedMixture,SaturatedMixture,4643435601014554624,4643435601014554624,4617761917348841662,4617761917348841662,true,true,4561829140761989310,4561829140761989310,2,true,true
EXACT-V9,165,exact-v9-5-to-6mwe|86784|pressure,true,true,REGION-4-MIXTURE-TABLE-C2,REGION-4-MIXTURE-TABLE-C2,SaturatedMixture,SaturatedMixture,4643434772596523008,4643434772596523008,4617757421348619218,4617757421348619218,true,true,4561146620561126057,4561146620561126057,2,true,true
EXACT-V9,166,exact-v9-5-to-6mwe|86784|outlet,true,true,REGION-4-MIXTURE-TABLE-C2,REGION-4-MIXTURE-TABLE-C2,SaturatedMixture,SaturatedMixture,4643548159256035328,4643548159256035328,4618396693280224502,4618396693280224502,true,true,4597505663604124356,4597505663604124356,2,true,true
EXACT-V9,167,exact-v9-5-to-6mwe|86784|drum,true,true,REGION-4-MIXTURE-TABLE-C2,REGION-4-MIXTURE-TABLE-C2,SaturatedMixture,SaturatedMixture,4643457945075449856,4643457945075449856,4617884088651938124,4617884088651938124,true,true,4585448950017242195,4585448950017242195,2,true,true
EXACT-V9,168,exact-v9-5-to-6mwe|86784|feedwater-inventory,true,true,REGION-4-MIXTURE-TABLE-C2,REGION-4-MIXTURE-TABLE-C2,SaturatedMixture,SaturatedMixture,4631855131508342784,4631855131508342784,4577376385929464430,4577376385929464430,true,true,4529431328577069240,4529431328577069240,2,true,true
EXACT-V9,169,exact-v9-5-to-6mwe|92784|suction,true,true,REGION-4-MIXTURE-TABLE-C2,REGION-4-MIXTURE-TABLE-C2,SaturatedMixture,SaturatedMixture,4643438376249720832,4643438376249720832,4617776979138238332,4617776979138238332,true,true,4561737120582592333,4561737120582592333,2,true,true
EXACT-V9,170,exact-v9-5-to-6mwe|92784|pressure,true,true,REGION-4-MIXTURE-TABLE-C2,REGION-4-MIXTURE-TABLE-C2,SaturatedMixture,SaturatedMixture,4643437521554898944,4643437521554898944,4617772340528306297,4617772340528306297,true,true,4561206829627449096,4561206829627449096,2,true,true
EXACT-V9,171,exact-v9-5-to-6mwe|92784|outlet,true,true,REGION-4-MIXTURE-TABLE-C2,REGION-4-MIXTURE-TABLE-C2,SaturatedMixture,SaturatedMixture,4643550932600094720,4643550932600094720,4618412950637197908,4618412950637197908,true,true,4597506171228485909,4597506171228485909,2,true,true
EXACT-V9,172,exact-v9-5-to-6mwe|92784|drum,true,true,REGION-4-MIXTURE-TABLE-C2,REGION-4-MIXTURE-TABLE-C2,SaturatedMixture,SaturatedMixture,4643460742471221248,4643460742471221248,4617899545678379278,4617899545678379278,true,true,4585489967067272096,4585489967067272096,2,true,true
EXACT-V9,173,exact-v9-5-to-6mwe|92784|feedwater-inventory,true,true,REGION-4-MIXTURE-TABLE-C2,REGION-4-MIXTURE-TABLE-C2,SaturatedMixture,SaturatedMixture,4631859197777018880,4631859197777018880,4577385455729446125,4577385455729446125,true,true,4529742792982293113,4529742792982293113,2,true,true
EXACT-V9,174,exact-v9-5-to-6mwe|98784|suction,true,true,REGION-4-MIXTURE-TABLE-C2,REGION-4-MIXTURE-TABLE-C2,SaturatedMixture,SaturatedMixture,4643441085880729600,4643441085880729600,4617791723110690810,4617791723110690810,true,true,4561646438516453289,4561646438516453289,2,true,true
EXACT-V9,175,exact-v9-5-to-6mwe|98784|pressure,true,true,REGION-4-MIXTURE-TABLE-C2,REGION-4-MIXTURE-TABLE-C2,SaturatedMixture,SaturatedMixture,4643440218281607168,4643440218281607168,4617786986156621931,4617786986156621931,true,true,4561266531457728007,4561266531457728007,2,true,true
EXACT-V9,176,exact-v9-5-to-6mwe|98784|outlet,true,true,REGION-4-MIXTURE-TABLE-C2,REGION-4-MIXTURE-TABLE-C2,SaturatedMixture,SaturatedMixture,4643553574155976704,4643553574155976704,4618428435451205456,4618428435451205456,true,true,4597506063786771217,4597506063786771217,2,true,true
EXACT-V9,177,exact-v9-5-to-6mwe|98784|drum,true,true,REGION-4-MIXTURE-TABLE-C2,REGION-4-MIXTURE-TABLE-C2,SaturatedMixture,SaturatedMixture,4643463410136121344,4643463410136121344,4617914285876144146,4617914285876144146,true,true,4585529854766306839,4585529854766306839,2,true,true
EXACT-V9,178,exact-v9-5-to-6mwe|98784|feedwater-inventory,true,true,REGION-4-MIXTURE-TABLE-C2,REGION-4-MIXTURE-TABLE-C2,SaturatedMixture,SaturatedMixture,4631863727524675584,4631863727524675584,4577395559317892053,4577395559317892053,true,true,4530051294930556502,4530051294930556502,2,true,true
EXACT-V9,179,exact-v9-5-to-6mwe|104784|suction,true,true,REGION-4-MIXTURE-TABLE-C2,REGION-4-MIXTURE-TABLE-C2,SaturatedMixture,SaturatedMixture,4643443692421513216,4643443692421513216,4617805954411358834,4617805954411358834,true,true,4561558308543366126,4561558308543366126,2,true,true
EXACT-V9,180,exact-v9-5-to-6mwe|104784|pressure,true,true,REGION-4-MIXTURE-TABLE-C2,REGION-4-MIXTURE-TABLE-C2,SaturatedMixture,SaturatedMixture,4643442841960316928,4643442841960316928,4617801311027657746,4617801311027657746,true,true,4561324726571356395,4561324726571356395,2,true,true
EXACT-V9,181,exact-v9-5-to-6mwe|104784|outlet,true,true,REGION-4-MIXTURE-TABLE-C2,REGION-4-MIXTURE-TABLE-C2,SaturatedMixture,SaturatedMixture,4643556115917307904,4643556115917307904,4618443399011850790,4618443399011850790,true,true,4597505499152115240,4597505499152115240,2,true,true
EXACT-V9,182,exact-v9-5-to-6mwe|104784|drum,true,true,REGION-4-MIXTURE-TABLE-C2,REGION-4-MIXTURE-TABLE-C2,SaturatedMixture,SaturatedMixture,4643465959239057408,4643465959239057408,4617928370959094117,4617928370959094117,true,true,4585568209234752249,4585568209234752249,2,true,true
EXACT-V9,183,exact-v9-5-to-6mwe|104784|feedwater-inventory,true,true,REGION-4-MIXTURE-TABLE-C2,REGION-4-MIXTURE-TABLE-C2,SaturatedMixture,SaturatedMixture,4631868559337717760,4631868559337717760,4577406336662266540,4577406336662266540,true,true,4530358871142560967,4530358871142560967,2,true,true
EXACT-V9,184,exact-v9-5-to-6mwe|110784|suction,true,true,REGION-4-MIXTURE-TABLE-C2,REGION-4-MIXTURE-TABLE-C2,SaturatedMixture,SaturatedMixture,4643446180153917440,4643446180153917440,4617819537037055172,4617819537037055172,true,true,4561473768900735178,4561473768900735178,2,true,true
EXACT-V9,185,exact-v9-5-to-6mwe|110784|pressure,true,true,REGION-4-MIXTURE-TABLE-C2,REGION-4-MIXTURE-TABLE-C2,SaturatedMixture,SaturatedMixture,4643445393684168704,4643445393684168704,4617815243036542724,4617815243036542724,true,true,4561377826339109610,4561377826339109610,2,true,true
EXACT-V9,186,exact-v9-5-to-6mwe|110784|outlet,true,true,REGION-4-MIXTURE-TABLE-C2,REGION-4-MIXTURE-TABLE-C2,SaturatedMixture,SaturatedMixture,4643558659422945280,4643558659422945280,4618458396575884576,4618458396575884576,true,true,4597423602726568483,4597423602726568483,2,true,true
EXACT-V9,187,exact-v9-5-to-6mwe|110784|drum,true,true,REGION-4-MIXTURE-TABLE-C2,REGION-4-MIXTURE-TABLE-C2,SaturatedMixture,SaturatedMixture,4643468087853580288,4643468087853580288,4617940191608795228,4617940191608795228,true,true,4585627016879851958,4585627016879851958,2,true,true
EXACT-V9,188,exact-v9-5-to-6mwe|110784|feedwater-inventory,true,true,REGION-4-MIXTURE-TABLE-C2,REGION-4-MIXTURE-TABLE-C2,SaturatedMixture,SaturatedMixture,4631873554749587456,4631873554749587456,4577417478913330930,4577417478913330930,true,true,4530649172034925802,4530649172034925802,2,true,true
EXACT-V9,189,exact-v9-5-to-6mwe|116784|suction,true,true,REGION-4-MIXTURE-TABLE-C2,REGION-4-MIXTURE-TABLE-C2,SaturatedMixture,SaturatedMixture,4643446440471822336,4643446440471822336,4617820958331667992,4617820958331667992,true,true,4561464898403562636,4561464898403562636,2,true,true
EXACT-V9,190,exact-v9-5-to-6mwe|116784|pressure,true,true,REGION-4-MIXTURE-TABLE-C2,REGION-4-MIXTURE-TABLE-C2,SaturatedMixture,SaturatedMixture,4643447417348292608,4643447417348292608,4617826291922782829,4617826291922782829,true,true,4561418143088077956,4561418143088077956,2,true,true
EXACT-V9,191,exact-v9-5-to-6mwe|116784|outlet,true,true,REGION-4-MIXTURE-TABLE-C2,REGION-4-MIXTURE-TABLE-C2,SaturatedMixture,SaturatedMixture,4643559630888763392,4643559630888763392,4618464124741216578,4618464124741216578,true,true,4596864029733380561,4596864029733380561,2,true,true
EXACT-V9,192,exact-v9-5-to-6mwe|116784|drum,true,true,REGION-4-MIXTURE-TABLE-C2,REGION-4-MIXTURE-TABLE-C2,SaturatedMixture,SaturatedMixture,4643466395389001728,4643466395389001728,4617930783976124810,4617930783976124810,true,true,4585623769876206701,4585623769876206701,2,true,true
EXACT-V9,193,exact-v9-5-to-6mwe|116784|feedwater-inventory,true,true,REGION-4-MIXTURE-TABLE-C2,REGION-4-MIXTURE-TABLE-C2,SaturatedMixture,SaturatedMixture,4631878583464230912,4631878583464230912,4577428695446131452,4577428695446131452,true,true,4531089294296930460,4531089294296930460,2,true,true
EXACT-V9,194,exact-v9-5-to-6mwe|122784|suction,true,true,REGION-4-MIXTURE-TABLE-C2,REGION-4-MIXTURE-TABLE-C2,SaturatedMixture,SaturatedMixture,4643446682832863232,4643446682832863232,4617822281584641774,4617822281584641774,true,true,4561456635661673264,4561456635661673264,2,true,true
EXACT-V9,195,exact-v9-5-to-6mwe|122784|pressure,true,true,REGION-4-MIXTURE-TABLE-C2,REGION-4-MIXTURE-TABLE-C2,SaturatedMixture,SaturatedMixture,4643448571935326208,4643448571935326208,4617832595785483098,4617832595785483098,true,true,4561437963582332143,4561437963582332143,2,true,true
EXACT-V9,196,exact-v9-5-to-6mwe|122784|outlet,true,true,REGION-4-MIXTURE-TABLE-C2,REGION-4-MIXTURE-TABLE-C2,SaturatedMixture,SaturatedMixture,4643562333740204032,4643562333740204032,4618480061874187368,4618480061874187368,true,true,4596563388070661150,4596563388070661150,2,true,true
EXACT-V9,197,exact-v9-5-to-6mwe|122784|drum,true,true,REGION-4-MIXTURE-TABLE-C2,REGION-4-MIXTURE-TABLE-C2,SaturatedMixture,SaturatedMixture,4643467396910678016,4643467396910678016,4617936350974785424,4617936350974785424,true,true,4585616476793007421,4585616476793007421,2,true,true
EXACT-V9,198,exact-v9-5-to-6mwe|122784|feedwater-inventory,true,true,REGION-4-MIXTURE-TABLE-C2,REGION-4-MIXTURE-TABLE-C2,SaturatedMixture,SaturatedMixture,4631883626837966848,4631883626837966848,4577440031695585895,4577440031695585895,true,true,4531455169166721219,4531455169166721219,2,true,true
EXACT-V9,199,exact-v9-5-to-6mwe|128784|suction,true,true,REGION-4-MIXTURE-TABLE-C2,REGION-4-MIXTURE-TABLE-C2,SaturatedMixture,SaturatedMixture,4643446998195765248,4643446998195765248,4617824003416238018,4617824003416238018,true,true,4561445878113038606,4561445878113038606,2,true,true
EXACT-V9,200,exact-v9-5-to-6mwe|128784|pressure,true,true,REGION-4-MIXTURE-TABLE-C2,REGION-4-MIXTURE-TABLE-C2,SaturatedMixture,SaturatedMixture,4643449381005033472,4643449381005033472,4617837035152496510,4617837035152496510,true,true,4561447660281366253,4561447660281366253,2,true,true
EXACT-V9,201,exact-v9-5-to-6mwe|128784|outlet,true,true,REGION-4-MIXTURE-TABLE-C2,REGION-4-MIXTURE-TABLE-C2,SaturatedMixture,SaturatedMixture,4643565357776240640,4643565357776240640,4618497972247533634,4618497972247533634,true,true,4596238354099354169,4596238354099354169,2,true,true
EXACT-V9,202,exact-v9-5-to-6mwe|128784|drum,true,true,REGION-4-MIXTURE-TABLE-C2,REGION-4-MIXTURE-TABLE-C2,SaturatedMixture,SaturatedMixture,4643468263047561216,4643468263047561216,4617941165431609316,4617941165431609316,true,true,4585632814911499989,4585632814911499989,2,true,true
EXACT-V9,203,exact-v9-5-to-6mwe|128784|feedwater-inventory,true,true,REGION-4-MIXTURE-TABLE-C2,REGION-4-MIXTURE-TABLE-C2,SaturatedMixture,SaturatedMixture,4631888642196897792,4631888642196897792,4577451463787475614,4577451463787475614,true,true,4531822159191388620,4531822159191388620,2,true,true
EXACT-V9,204,exact-v9-5-to-6mwe|134784|suction,true,true,REGION-4-MIXTURE-TABLE-C2,REGION-4-MIXTURE-TABLE-C2,SaturatedMixture,SaturatedMixture,4643447308403343360,4643447308403343360,4617825697100580638,4617825697100580638,true,true,4561435289821561835,4561435289821561835,2,true,true
EXACT-V9,205,exact-v9-5-to-6mwe|134784|pressure,true,true,REGION-4-MIXTURE-TABLE-C2,REGION-4-MIXTURE-TABLE-C2,SaturatedMixture,SaturatedMixture,4643450046425595904,4643450046425595904,4617840690045744488,4617840690045744488,true,true,4561454011519600771,4561454011519600771,2,true,true
EXACT-V9,206,exact-v9-5-to-6mwe|134784|outlet,true,true,REGION-4-MIXTURE-TABLE-C2,REGION-4-MIXTURE-TABLE-C2,SaturatedMixture,SaturatedMixture,4643568470847389696,4643568470847389696,4618516435760919077,4618516435760919077,true,true,4595937726326186015,4595937726326186015,2,true,true
EXACT-V9,207,exact-v9-5-to-6mwe|134784|drum,true,true,REGION-4-MIXTURE-TABLE-C2,REGION-4-MIXTURE-TABLE-C2,SaturatedMixture,SaturatedMixture,4643469067223564288,4643469067223564288,4617945635476380180,4617945635476380180,true,true,4585645147376046521,4585645147376046521,2,true,true
EXACT-V9,208,exact-v9-5-to-6mwe|134784|feedwater-inventory,true,true,REGION-4-MIXTURE-TABLE-C2,REGION-4-MIXTURE-TABLE-C2,SaturatedMixture,SaturatedMixture,4631893617032560640,4631893617032560640,4577462803509959489,4577462803509959489,true,true,4532199945806949002,4532199945806949002,2,true,true
EXACT-V9,209,exact-v9-5-to-6mwe|140784|suction,true,true,REGION-4-MIXTURE-TABLE-C2,REGION-4-MIXTURE-TABLE-C2,SaturatedMixture,SaturatedMixture,4643447625889087488,4643447625889087488,4617827430522559262,4617827430522559262,true,true,4561424446321428623,4561424446321428623,2,true,true
EXACT-V9,210,exact-v9-5-to-6mwe|140784|pressure,true,true,REGION-4-MIXTURE-TABLE-C2,REGION-4-MIXTURE-TABLE-C2,SaturatedMixture,SaturatedMixture,4643450656465616896,4643450656465616896,4617844040755475444,4617844040755475444,true,true,4561458851804053325,4561458851804053325,2,true,true
EXACT-V9,211,exact-v9-5-to-6mwe|140784|outlet,true,true,REGION-4-MIXTURE-TABLE-C2,REGION-4-MIXTURE-TABLE-C2,SaturatedMixture,SaturatedMixture,4643571731084607488,4643571731084607488,4618535772110982476,4618535772110982476,true,true,4595661921859680780,4595661921859680780,2,true,true
EXACT-V9,212,exact-v9-5-to-6mwe|140784|drum,true,true,REGION-4-MIXTURE-TABLE-C2,REGION-4-MIXTURE-TABLE-C2,SaturatedMixture,SaturatedMixture,4643469913942392832,4643469913942392832,4617950341997163526,4617950341997163526,true,true,4585657593523894706,4585657593523894706,2,true,true
EXACT-V9,213,exact-v9-5-to-6mwe|140784|feedwater-inventory,true,true,REGION-4-MIXTURE-TABLE-C2,REGION-4-MIXTURE-TABLE-C2,SaturatedMixture,SaturatedMixture,4631898552642043904,4631898552642043904,4577474053819642473,4577474053819642473,true,true,4532581555694108473,4532581555694108473,2,true,true
EXACT-V9,214,exact-v9-5-to-6mwe|146784|suction,true,true,REGION-4-MIXTURE-TABLE-C2,REGION-4-MIXTURE-TABLE-C2,SaturatedMixture,SaturatedMixture,4643447948631343104,4643447948631343104,4617829192644259724,4617829192644259724,true,true,4561413416248615412,4561413416248615412,2,true,true
EXACT-V9,215,exact-v9-5-to-6mwe|146784|pressure,true,true,REGION-4-MIXTURE-TABLE-C2,REGION-4-MIXTURE-TABLE-C2,SaturatedMixture,SaturatedMixture,4643451249346215936,4643451249346215936,4617847297215255358,4617847297215255358,true,true,4561463143156827711,4561463143156827711,2,true,true
EXACT-V9,216,exact-v9-5-to-6mwe|146784|outlet,true,true,REGION-4-MIXTURE-TABLE-C2,REGION-4-MIXTURE-TABLE-C2,SaturatedMixture,SaturatedMixture,4643575112597504000,4643575112597504000,4618555940725943512,4618555940725943512,true,true,4595407059223263841,4595407059223263841,2,true,true
EXACT-V9,217,exact-v9-5-to-6mwe|146784|drum,true,true,REGION-4-MIXTURE-TABLE-C2,REGION-4-MIXTURE-TABLE-C2,SaturatedMixture,SaturatedMixture,4643470770011373568,4643470770011373568,4617955100491145216,4617955100491145216,true,true,4585670320626095351,4585670320626095351,2,true,true
EXACT-V9,218,exact-v9-5-to-6mwe|146784|feedwater-inventory,true,true,REGION-4-MIXTURE-TABLE-C2,REGION-4-MIXTURE-TABLE-C2,SaturatedMixture,SaturatedMixture,4631903456800538624,4631903456800538624,4577485232439423298,4577485232439423298,true,true,4532967102975088868,4532967102975088868,2,true,true
EXACT-V9,219,exact-v9-5-to-6mwe|152784|suction,true,true,REGION-4-MIXTURE-TABLE-C2,REGION-4-MIXTURE-TABLE-C2,SaturatedMixture,SaturatedMixture,4643448275087654912,4643448275087654912,4617830975044119920,4617830975044119920,true,true,4561402252015805380,4561402252015805380,2,true,true
EXACT-V9,220,exact-v9-5-to-6mwe|152784|pressure,true,true,REGION-4-MIXTURE-TABLE-C2,REGION-4-MIXTURE-TABLE-C2,SaturatedMixture,SaturatedMixture,4643451839190663168,4643451839190663168,4617850536998648382,4617850536998648382,true,true,4561467269718823359,4561467269718823359,2,true,true
EXACT-V9,221,exact-v9-5-to-6mwe|152784|outlet,true,true,REGION-4-MIXTURE-TABLE-C2,REGION-4-MIXTURE-TABLE-C2,SaturatedMixture,SaturatedMixture,4643578574729641984,4643578574729641984,4618576594607939917,4618576594607939917,true,true,4595171491628612588,4595171491628612588,2,true,true
EXACT-V9,222,exact-v9-5-to-6mwe|152784|drum,true,true,REGION-4-MIXTURE-TABLE-C2,REGION-4-MIXTURE-TABLE-C2,SaturatedMixture,SaturatedMixture,4643471635074514944,4643471635074514944,4617959908979531842,4617959908979531842,true,true,4585683184826888967,4585683184826888967,2,true,true
EXACT-V9,223,exact-v9-5-to-6mwe|152784|feedwater-inventory,true,true,REGION-4-MIXTURE-TABLE-C2,REGION-4-MIXTURE-TABLE-C2,SaturatedMixture,SaturatedMixture,4631908341451325440,4631908341451325440,4577496366593012895,4577496366593012895,true,true,4533356281015774047,4533356281015774047,2,true,true
EXACT-V9,224,exact-v9-5-to-6mwe|158784|suction,true,true,REGION-4-MIXTURE-TABLE-C2,REGION-4-MIXTURE-TABLE-C2,SaturatedMixture,SaturatedMixture,4643448604558622720,4643448604558622720,4617832773903525356,4617832773903525356,true,true,4561390977309469548,4561390977309469548,2,true,true
EXACT-V9,225,exact-v9-5-to-6mwe|158784|pressure,true,true,REGION-4-MIXTURE-TABLE-C2,REGION-4-MIXTURE-TABLE-C2,SaturatedMixture,SaturatedMixture,4643452430743240704,4643452430743240704,4617853786164128870,4617853786164128870,true,true,4561471353748077677,4561471353748077677,2,true,true
EXACT-V9,226,exact-v9-5-to-6mwe|158784|outlet,true,true,REGION-4-MIXTURE-TABLE-C2,REGION-4-MIXTURE-TABLE-C2,SaturatedMixture,SaturatedMixture,4643582125092634624,4643582125092634624,4618597826162684030,4618597826162684030,true,true,4594953241664993448,4594953241664993448,2,true,true
EXACT-V9,227,exact-v9-5-to-6mwe|158784|drum,true,true,REGION-4-MIXTURE-TABLE-C2,REGION-4-MIXTURE-TABLE-C2,SaturatedMixture,SaturatedMixture,4643472508962471936,4643472508962471936,4617964766521012252,4617964766521012252,true,true,4585696210586877889,4585696210586877889,2,true,true
EXACT-V9,228,exact-v9-5-to-6mwe|158784|feedwater-inventory,true,true,REGION-4-MIXTURE-TABLE-C2,REGION-4-MIXTURE-TABLE-C2,SaturatedMixture,SaturatedMixture,4631913219979476992,4631913219979476992,4577507486790566656,4577507486790566656,true,true,4533749026822572155,4533749026822572155,2,true,true
EXACT-V9,229,exact-v9-5-to-6mwe|164784|suction,true,true,REGION-4-MIXTURE-TABLE-C2,REGION-4-MIXTURE-TABLE-C2,SaturatedMixture,SaturatedMixture,4643448936192802816,4643448936192802816,4617834591973986215,4617834591973986215,true,true,4561379554432484795,4561379554432484795,2,true,true
EXACT-V9,230,exact-v9-5-to-6mwe|164784|pressure,true,true,REGION-4-MIXTURE-TABLE-C2,REGION-4-MIXTURE-TABLE-C2,SaturatedMixture,SaturatedMixture,4643453025092894720,4643453025092894720,4617857050692849566,4617857050692849566,true,true,4561475455411294007,4561475455411294007,2,true,true
EXACT-V9,231,exact-v9-5-to-6mwe|164784|outlet,true,true,REGION-4-MIXTURE-TABLE-C2,REGION-4-MIXTURE-TABLE-C2,SaturatedMixture,SaturatedMixture,4643585731591143424,4643585731591143424,4618619466900401636,4618619466900401636,true,true,4594750306368439085,4594750306368439085,2,true,true
EXACT-V9,232,exact-v9-5-to-6mwe|164784|drum,true,true,REGION-4-MIXTURE-TABLE-C2,REGION-4-MIXTURE-TABLE-C2,SaturatedMixture,SaturatedMixture,4643473389314375680,4643473389314375680,4617969659992601582,4617969659992601582,true,true,4585709378646211016,4585709378646211016,2,true,true
EXACT-V9,233,exact-v9-5-to-6mwe|164784|feedwater-inventory,true,true,REGION-4-MIXTURE-TABLE-C2,REGION-4-MIXTURE-TABLE-C2,SaturatedMixture,SaturatedMixture,4631918105291915264,4631918105291915264,4577518622452335496,4577518622452335496,true,true,4534145426799574510,4534145426799574510,2,true,true
EXACT-V9,234,exact-v9-5-to-6mwe|170784|suction,true,true,REGION-4-MIXTURE-TABLE-C2,REGION-4-MIXTURE-TABLE-C2,SaturatedMixture,SaturatedMixture,4643449269583347712,4643449269583347712,4617836423157030855,4617836423157030855,true,true,4561368032098986612,4561368032098986612,2,true,true
EXACT-V9,235,exact-v9-5-to-6mwe|170784|pressure,true,true,REGION-4-MIXTURE-TABLE-C2,REGION-4-MIXTURE-TABLE-C2,SaturatedMixture,SaturatedMixture,4643453622078668800,4643453622078668800,4617860329700740228,4617860329700740228,true,true,4561479577936638884,4561479577936638884,2,true,true
EXACT-V9,236,exact-v9-5-to-6mwe|170784|outlet,true,true,REGION-4-MIXTURE-TABLE-C2,REGION-4-MIXTURE-TABLE-C2,SaturatedMixture,SaturatedMixture,4643589387341791232,4643589387341791232,4618641403174806616,4618641403174806616,true,true,4594561124437547026,4594561124437547026,2,true,true
EXACT-V9,237,exact-v9-5-to-6mwe|170784|drum,true,true,REGION-4-MIXTURE-TABLE-C2,REGION-4-MIXTURE-TABLE-C2,SaturatedMixture,SaturatedMixture,4643474274367045632,4643474274367045632,4617974579593589604,4617974579593589604,true,true,4585722689389492509,4585722689389492509,2,true,true
EXACT-V9,238,exact-v9-5-to-6mwe|170784|feedwater-inventory,true,true,REGION-4-MIXTURE-TABLE-C2,REGION-4-MIXTURE-TABLE-C2,SaturatedMixture,SaturatedMixture,4631923008456359936,4631923008456359936,4577529798806262242,4577529798806262242,true,true,4534545625073283429,4534545625073283429,2,true,true
EXACT-V9,239,exact-v9-5-to-6mwe|176784|suction,true,true,REGION-4-MIXTURE-TABLE-C2,REGION-4-MIXTURE-TABLE-C2,SaturatedMixture,SaturatedMixture,4643449604409393152,4643449604409393152,4617838262224714987,4617838262224714987,true,true,4561356452495577732,4561356452495577732,2,true,true
EXACT-V9,240,exact-v9-5-to-6mwe|176784|pressure,true,true,REGION-4-MIXTURE-TABLE-C2,REGION-4-MIXTURE-TABLE-C2,SaturatedMixture,SaturatedMixture,4643454221156876288,4643454221156876288,4617863620201544044,4617863620201544044,true,true,4561483720828669980,4561483720828669980,2,true,true
EXACT-V9,241,exact-v9-5-to-6mwe|176784|outlet,true,true,REGION-4-MIXTURE-TABLE-C2,REGION-4-MIXTURE-TABLE-C2,SaturatedMixture,SaturatedMixture,4643593096386314240,4643593096386314240,4618663786834526336,4618663786834526336,true,true,4594384183142410408,4594384183142410408,2,true,true
EXACT-V9,242,exact-v9-5-to-6mwe|176784|drum,true,true,REGION-4-MIXTURE-TABLE-C2,REGION-4-MIXTURE-TABLE-C2,SaturatedMixture,SaturatedMixture,4643475164435054592,4643475164435054592,4617979529255987728,4617979529255987728,true,true,4585736103956358712,4585736103956358712,2,true,true
EXACT-V9,243,exact-v9-5-to-6mwe|176784|feedwater-inventory,true,true,REGION-4-MIXTURE-TABLE-C2,REGION-4-MIXTURE-TABLE-C2,SaturatedMixture,SaturatedMixture,4631927937839398912,4631927937839398912,4577541034923285395,4577541034923285395,true,true,4534949788788745967,4534949788788745967,2,true,true
EXACT-V9,244,exact-v9-5-to-6mwe|182784|suction,true,true,REGION-4-MIXTURE-TABLE-C2,REGION-4-MIXTURE-TABLE-C2,SaturatedMixture,SaturatedMixture,4643449940293451776,4643449940293451776,4617840107103649118,4617840107103649118,true,true,4561344828583896557,4561344828583896557,2,true,true
EXACT-V9,245,exact-v9-5-to-6mwe|182784|pressure,true,true,REGION-4-MIXTURE-TABLE-C2,REGION-4-MIXTURE-TABLE-C2,SaturatedMixture,SaturatedMixture,4643454821717770240,4643454821717770240,4617866918846161039,4617866918846161039,true,true,4561487891401482253,4561487891401482253,2,true,true
EXACT-V9,246,exact-v9-5-to-6mwe|182784|outlet,true,true,REGION-4-MIXTURE-TABLE-C2,REGION-4-MIXTURE-TABLE-C2,SaturatedMixture,SaturatedMixture,4643596822899064832,4643596822899064832,4618686278037946295,4618686278037946295,true,true,4594218220898949776,4594218220898949776,2,true,true
EXACT-V9,247,exact-v9-5-to-6mwe|182784|drum,true,true,REGION-4-MIXTURE-TABLE-C2,REGION-4-MIXTURE-TABLE-C2,SaturatedMixture,SaturatedMixture,4643476057515622400,4643476057515622400,4617984523104083688,4617984523104083688,true,true,4585749583138736813,4585749583138736813,2,true,true
EXACT-V9,248,exact-v9-5-to-6mwe|182784|feedwater-inventory,true,true,REGION-4-MIXTURE-TABLE-C2,REGION-4-MIXTURE-TABLE-C2,SaturatedMixture,SaturatedMixture,4631932898659794944,4631932898659794944,4577552342699138868,4577552342699138868,true,true,4535241457662376883,4535241457662376883,2,true,true
EXACT-V9,249,exact-v9-5-to-6mwe|188784|suction,true,true,REGION-4-MIXTURE-TABLE-C2,REGION-4-MIXTURE-TABLE-C2,SaturatedMixture,SaturatedMixture,4643450276877959168,4643450276877959168,4617841955829872640,4617841955829872640,true,true,4561333172669721863,4561333172669721863,2,true,true
EXACT-V9,250,exact-v9-5-to-6mwe|188784|pressure,true,true,REGION-4-MIXTURE-TABLE-C2,REGION-4-MIXTURE-TABLE-C2,SaturatedMixture,SaturatedMixture,4643455423186731008,4643455423186731008,4617870222478431652,4617870222478431652,true,true,4561492072260700127,4561492072260700127,2,true,true
EXACT-V9,251,exact-v9-5-to-6mwe|188784|outlet,true,true,REGION-4-MIXTURE-TABLE-C2,REGION-4-MIXTURE-TABLE-C2,SaturatedMixture,SaturatedMixture,4643600586823958528,4643600586823958528,4618709077307900090,4618709077307900090,true,true,4594062183664644204,4594062183664644204,2,true,true
EXACT-V9,252,exact-v9-5-to-6mwe|188784|drum,true,true,REGION-4-MIXTURE-TABLE-C2,REGION-4-MIXTURE-TABLE-C2,SaturatedMixture,SaturatedMixture,4643476953039896576,4643476953039896576,4617989530616678502,4617989530616678502,true,true,4585763149317612985,4585763149317612985,2,true,true
EXACT-V9,253,exact-v9-5-to-6mwe|188784|feedwater-inventory,true,true,REGION-4-MIXTURE-TABLE-C2,REGION-4-MIXTURE-TABLE-C2,SaturatedMixture,SaturatedMixture,4631937892866850816,4631937892866850816,4577563726577095590,4577563726577095590,true,true,4535447763448235195,4535447763448235195,2,true,true
EXACT-V9,254,exact-v9-5-to-6mwe|194784|suction,true,true,REGION-4-MIXTURE-TABLE-C2,REGION-4-MIXTURE-TABLE-C2,SaturatedMixture,SaturatedMixture,4643450613859876864,4643450613859876864,4617843806738914550,4617843806738914550,true,true,4561321495201474190,4561321495201474190,2,true,true
EXACT-V9,255,exact-v9-5-to-6mwe|194784|pressure,true,true,REGION-4-MIXTURE-TABLE-C2,REGION-4-MIXTURE-TABLE-C2,SaturatedMixture,SaturatedMixture,4643456025011159040,4643456025011159040,4617873528063144037,4617873528063144037,true,true,4561496271280353628,4561496271280353628,2,true,true
EXACT-V9,256,exact-v9-5-to-6mwe|194784|outlet,true,true,REGION-4-MIXTURE-TABLE-C2,REGION-4-MIXTURE-TABLE-C2,SaturatedMixture,SaturatedMixture,4643604361556525056,4643604361556525056,4618731992082922836,4618731992082922836,true,true,4593915083031195932,4593915083031195932,2,true,true
EXACT-V9,257,exact-v9-5-to-6mwe|194784|drum,true,true,REGION-4-MIXTURE-TABLE-C2,REGION-4-MIXTURE-TABLE-C2,SaturatedMixture,SaturatedMixture,4643477850175307776,4643477850175307776,4617994547138285322,4617994547138285322,true,true,4585776778208773899,4585776778208773899,2,true,true
EXACT-V9,258,exact-v9-5-to-6mwe|194784|feedwater-inventory,true,true,REGION-4-MIXTURE-TABLE-C2,REGION-4-MIXTURE-TABLE-C2,SaturatedMixture,SaturatedMixture,4631942919275675648,4631942919275675648,4577575183856295736,4577575183856295736,true,true,4535656303166015905,4535656303166015905,2,true,true
EXACT-V9,259,exact-v9-5-to-6mwe|200784|suction,true,true,REGION-4-MIXTURE-TABLE-C2,REGION-4-MIXTURE-TABLE-C2,SaturatedMixture,SaturatedMixture,4643450950934593536,4643450950934593536,4617845658157664708,4617845658157664708,true,true,4561309806710057348,4561309806710057348,2,true,true
EXACT-V9,260,exact-v9-5-to-6mwe|200784|pressure,true,true,REGION-4-MIXTURE-TABLE-C2,REGION-4-MIXTURE-TABLE-C2,SaturatedMixture,SaturatedMixture,4643456626692456448,4643456626692456448,4617876832861696239,4617876832861696239,true,true,4561500482518702705,4561500482518702705,2,true,true
EXACT-V9,261,exact-v9-5-to-6mwe|200784|outlet,true,true,REGION-4-MIXTURE-TABLE-C2,REGION-4-MIXTURE-TABLE-C2,SaturatedMixture,SaturatedMixture,4643608144574414848,4643608144574414848,4618754996096503086,4618754996096503086,true,true,4593776093072721111,4593776093072721111,2,true,true
EXACT-V9,262,exact-v9-5-to-6mwe|200784|drum,true,true,REGION-4-MIXTURE-TABLE-C2,REGION-4-MIXTURE-TABLE-C2,SaturatedMixture,SaturatedMixture,4643478747179122688,4643478747179122688,4617999562924043782,4617999562924043782,true,true,4585790473002031579,4585790473002031579,2,true,true
EXACT-V9,263,exact-v9-5-to-6mwe|200784|feedwater-inventory,true,true,REGION-4-MIXTURE-TABLE-C2,REGION-4-MIXTURE-TABLE-C2,SaturatedMixture,SaturatedMixture,4631947973877563392,4631947973877563392,4577586705399228608,4577586705399228608,true,true,4535867151534520782,4535867151534520782,2,true,true
EXACT-V9,264,exact-v9-5-to-6mwe|206784|suction,true,true,REGION-4-MIXTURE-TABLE-C2,REGION-4-MIXTURE-TABLE-C2,SaturatedMixture,SaturatedMixture,4643451287828955136,4643451287828955136,4617847508585795444,4617847508585795444,true,true,4561298116662649987,4561298116662649987,2,true,true
EXACT-V9,265,exact-v9-5-to-6mwe|206784|pressure,true,true,REGION-4-MIXTURE-TABLE-C2,REGION-4-MIXTURE-TABLE-C2,SaturatedMixture,SaturatedMixture,4643457227764531200,4643457227764531200,4617880134314028172,4617880134314028172,true,true,4561504696478830027,4561504696478830027,2,true,true
EXACT-V9,266,exact-v9-5-to-6mwe|206784|outlet,true,true,REGION-4-MIXTURE-TABLE-C2,REGION-4-MIXTURE-TABLE-C2,SaturatedMixture,SaturatedMixture,4643611943389626368,4643611943389626368,4618778190995267610,4618778190995267610,true,true,4593617395300718017,4593617395300718017,2,true,true
EXACT-V9,267,exact-v9-5-to-6mwe|206784|drum,true,true,REGION-4-MIXTURE-TABLE-C2,REGION-4-MIXTURE-TABLE-C2,SaturatedMixture,SaturatedMixture,4643479644649029632,4643479644649029632,4618004581316054010,4618004581316054010,true,true,4585804204775282470,4585804204775282470,2,true,true
EXACT-V9,268,exact-v9-5-to-6mwe|206784|feedwater-inventory,true,true,REGION-4-MIXTURE-TABLE-C2,REGION-4-MIXTURE-TABLE-C2,SaturatedMixture,SaturatedMixture,4631953050264666112,4631953050264666112,4577598318104891224,4577598318104891224,true,true,4536080333952476708,4536080333952476708,2,true,true
EXACT-V9,269,exact-v9-5-to-6mwe|212784|suction,true,true,REGION-4-MIXTURE-TABLE-C2,REGION-4-MIXTURE-TABLE-C2,SaturatedMixture,SaturatedMixture,4643451624297070592,4643451624297070592,4617849356672723877,4617849356672723877,true,true,4561286433604805483,4561286433604805483,2,true,true
EXACT-V9,270,exact-v9-5-to-6mwe|212784|pressure,true,true,REGION-4-MIXTURE-TABLE-C2,REGION-4-MIXTURE-TABLE-C2,SaturatedMixture,SaturatedMixture,4643457827473457152,4643457827473457152,4617883438841450331,4617883438841450331,true,true,4561508837769960363,4561508837769960363,2,true,true
EXACT-V9,271,exact-v9-5-to-6mwe|212784|outlet,true,true,REGION-4-MIXTURE-TABLE-C2,REGION-4-MIXTURE-TABLE-C2,SaturatedMixture,SaturatedMixture,4643615726912929792,4643615726912929792,4618801292524325935,4618801292524325935,true,true,4593367723169622091,4593367723169622091,2,true,true
EXACT-V9,272,exact-v9-5-to-6mwe|212784|drum,true,true,REGION-4-MIXTURE-TABLE-C2,REGION-4-MIXTURE-TABLE-C2,SaturatedMixture,SaturatedMixture,4643480540800876544,4643480540800876544,4618009592337853955,4618009592337853955,true,true,4585817968844012245,4585817968844012245,2,true,true
EXACT-V9,273,exact-v9-5-to-6mwe|212784|feedwater-inventory,true,true,REGION-4-MIXTURE-TABLE-C2,REGION-4-MIXTURE-TABLE-C2,SaturatedMixture,SaturatedMixture,4631958140109193216,4631958140109193216,4577610173431216538,4577610173431216538,true,true,4536295724448828543,4536295724448828543,2,true,true
EXACT-V9,274,exact-v9-5-to-6mwe|218784|suction,true,true,REGION-4-MIXTURE-TABLE-C2,REGION-4-MIXTURE-TABLE-C2,SaturatedMixture,SaturatedMixture,4643451960088854528,4643451960088854528,4617851201044829464,4617851201044829464,true,true,4561274766250670845,4561274766250670845,2,true,true
EXACT-V9,275,exact-v9-5-to-6mwe|218784|pressure,true,true,REGION-4-MIXTURE-TABLE-C2,REGION-4-MIXTURE-TABLE-C2,SaturatedMixture,SaturatedMixture,4643458425471107072,4643458425471107072,4617886743080908004,4617886743080908004,true,true,4561512902497046309,4561512902497046309,2,true,true
EXACT-V9,276,exact-v9-5-to-6mwe|218784|outlet,true,true,REGION-4-MIXTURE-TABLE-C2,REGION-4-MIXTURE-TABLE-C2,SaturatedMixture,SaturatedMixture,4643619519499599872,4643619519499599872,4618824579777189857,4618824579777189857,true,true,4593130368219506431,4593130368219506431,2,true,true
EXACT-V9,277,exact-v9-5-to-6mwe|218784|drum,true,true,REGION-4-MIXTURE-TABLE-C2,REGION-4-MIXTURE-TABLE-C2,SaturatedMixture,SaturatedMixture,4643481435331624960,4643481435331624960,4618014594294940226,4618014594294940226,true,true,4585831758337905563,4585831758337905563,2,true,true
EXACT-V9,278,exact-v9-5-to-6mwe|218784|feedwater-inventory,true,true,REGION-4-MIXTURE-TABLE-C2,REGION-4-MIXTURE-TABLE-C2,SaturatedMixture,SaturatedMixture,4631963233730691072,4631963233730691072,4577622037554906986,4577622037554906986,true,true,4536513585403733158,4536513585403733158,2,true,true
EXACT-V9,279,exact-v9-5-to-6mwe|224784|suction,true,true,REGION-4-MIXTURE-TABLE-C2,REGION-4-MIXTURE-TABLE-C2,SaturatedMixture,SaturatedMixture,4643452295000883200,4643452295000883200,4617853040584785646,4617853040584785646,true,true,4561263121714640857,4561263121714640857,2,true,true
EXACT-V9,280,exact-v9-5-to-6mwe|224784|pressure,true,true,REGION-4-MIXTURE-TABLE-C2,REGION-4-MIXTURE-TABLE-C2,SaturatedMixture,SaturatedMixture,4643459021647380480,4643459021647380480,4617890037256339272,4617890037256339272,true,true,4561516969048562868,4561516969048562868,2,true,true
EXACT-V9,281,exact-v9-5-to-6mwe|224784|outlet,true,true,REGION-4-MIXTURE-TABLE-C2,REGION-4-MIXTURE-TABLE-C2,SaturatedMixture,SaturatedMixture,4643623296307822592,4643623296307822592,4618847773996017541,4618847773996017541,true,true,4592904468985631993,4592904468985631993,2,true,true
EXACT-V9,282,exact-v9-5-to-6mwe|224784|drum,true,true,REGION-4-MIXTURE-TABLE-C2,REGION-4-MIXTURE-TABLE-C2,SaturatedMixture,SaturatedMixture,4643482328176263168,4643482328176263168,4618019586823786136,4618019586823786136,true,true,4585845549420489406,4585845549420489406,2,true,true
EXACT-V9,283,exact-v9-5-to-6mwe|224784|feedwater-inventory,true,true,REGION-4-MIXTURE-TABLE-C2,REGION-4-MIXTURE-TABLE-C2,SaturatedMixture,SaturatedMixture,4631968320515473408,4631968320515473408,4577633885754438444,4577633885754438444,true,true,4536733964817206408,4536733964817206408,2,true,true
EXACT-V9,284,exact-v9-5-to-6mwe|230784|suction,true,true,REGION-4-MIXTURE-TABLE-C2,REGION-4-MIXTURE-TABLE-C2,SaturatedMixture,SaturatedMixture,4643452628828684288,4643452628828684288,4617854874169506450,4617854874169506450,true,true,4561251507166381503,4561251507166381503,2,true,true
EXACT-V9,285,exact-v9-5-to-6mwe|230784|pressure,true,true,REGION-4-MIXTURE-TABLE-C2,REGION-4-MIXTURE-TABLE-C2,SaturatedMixture,SaturatedMixture,4643459615666733056,4643459615666733056,4617893319513692064,4617893319513692064,true,true,4561521037811510349,4561521037811510349,2,true,true
EXACT-V9,286,exact-v9-5-to-6mwe|230784|outlet,true,true,REGION-4-MIXTURE-TABLE-C2,REGION-4-MIXTURE-TABLE-C2,SaturatedMixture,SaturatedMixture,4643627057722425344,4643627057722425344,4618870959884666690,4618870959884666690,true,true,4592688950937197439,4592688950937197439,2,true,true
EXACT-V9,287,exact-v9-5-to-6mwe|230784|drum,true,true,REGION-4-MIXTURE-TABLE-C2,REGION-4-MIXTURE-TABLE-C2,SaturatedMixture,SaturatedMixture,4643483217710546944,4643483217710546944,4618024560842088015,4618024560842088015,true,true,4585859348445822884,4585859348445822884,2,true,true
EXACT-V9,288,exact-v9-5-to-6mwe|230784|feedwater-inventory,true,true,REGION-4-MIXTURE-TABLE-C2,REGION-4-MIXTURE-TABLE-C2,SaturatedMixture,SaturatedMixture,4631973389402112000,4631973389402112000,4577645692265400917,4577645692265400917,true,true,4536956906543197621,4536956906543197621,2,true,true
EXACT-V9,289,exact-v9-5-to-6mwe|236784|suction,true,true,REGION-4-MIXTURE-TABLE-C2,REGION-4-MIXTURE-TABLE-C2,SaturatedMixture,SaturatedMixture,4643452961390854144,4643452961390854144,4617856700802613033,4617856700802613033,true,true,4561239928990937841,4561239928990937841,2,true,true
EXACT-V9,290,exact-v9-5-to-6mwe|236784|pressure,true,true,REGION-4-MIXTURE-TABLE-C2,REGION-4-MIXTURE-TABLE-C2,SaturatedMixture,SaturatedMixture,4643460207224553472,4643460207224553472,4617896588169834738,4617896588169834738,true,true,4561525096184128494,4561525096184128494,2,true,true
EXACT-V9,291,exact-v9-5-to-6mwe|236784|outlet,true,true,REGION-4-MIXTURE-TABLE-C2,REGION-4-MIXTURE-TABLE-C2,SaturatedMixture,SaturatedMixture,4643630810735312896,4643630810735312896,4618894141356344284,4618894141356344284,true,true,4592483201866041164,4592483201866041164,2,true,true
EXACT-V9,292,exact-v9-5-to-6mwe|236784|drum,true,true,REGION-4-MIXTURE-TABLE-C2,REGION-4-MIXTURE-TABLE-C2,SaturatedMixture,SaturatedMixture,4643484104718811136,4643484104718811136,4618029527730482924,4618029527730482924,true,true,4585873125460379526,4585873125460379526,2,true,true
EXACT-V9,293,exact-v9-5-to-6mwe|236784|feedwater-inventory,true,true,REGION-4-MIXTURE-TABLE-C2,REGION-4-MIXTURE-TABLE-C2,SaturatedMixture,SaturatedMixture,4631978429288284160,4631978429288284160,4577657431228132532,4577657431228132532,true,true,4537182450478175026,4537182450478175026,2,true,true
EXACT-V9,294,exact-v9-5-to-6mwe|242784|suction,true,true,REGION-4-MIXTURE-TABLE-C2,REGION-4-MIXTURE-TABLE-C2,SaturatedMixture,SaturatedMixture,4643453292535349248,4643453292535349248,4617858519648990182,4617858519648990182,true,true,4561228392566713762,4561228392566713762,2,true,true
EXACT-V9,295,exact-v9-5-to-6mwe|242784|pressure,true,true,REGION-4-MIXTURE-TABLE-C2,REGION-4-MIXTURE-TABLE-C2,SaturatedMixture,SaturatedMixture,4643460796034056192,4643460796034056192,4617899841640132155,4617899841640132155,true,true,4561529155514135555,4561529155514135555,2,true,true
EXACT-V9,296,exact-v9-5-to-6mwe|242784|outlet,true,true,REGION-4-MIXTURE-TABLE-C2,REGION-4-MIXTURE-TABLE-C2,SaturatedMixture,SaturatedMixture,4643634534007439360,4643634534007439360,4618917178583395927,4618917178583395927,true,true,4592286378475285810,4592286378475285810,2,true,true
EXACT-V9,297,exact-v9-5-to-6mwe|242784|drum,true,true,REGION-4-MIXTURE-TABLE-C2,REGION-4-MIXTURE-TABLE-C2,SaturatedMixture,SaturatedMixture,4643484988512141312,4643484988512141312,4618034499082931856,4618034499082931856,true,true,4585886849545172372,4585886849545172372,2,true,true
EXACT-V9,298,exact-v9-5-to-6mwe|242784|feedwater-inventory,true,true,REGION-4-MIXTURE-TABLE-C2,REGION-4-MIXTURE-TABLE-C2,SaturatedMixture,SaturatedMixture,4631983429374705664,4631983429374705664,4577669077488812212,4577669077488812212,true,true,4537410631317038064,4537410631317038064,2,true,true
EXACT-V9,299,exact-v9-5-to-6mwe|248784|suction,true,true,REGION-4-MIXTURE-TABLE-C2,REGION-4-MIXTURE-TABLE-C2,SaturatedMixture,SaturatedMixture,4643453622104883200,4643453622104883200,4617860329844725609,4617860329844725609,true,true,4561216903468676402,4561216903468676402,2,true,true
EXACT-V9,300,exact-v9-5-to-6mwe|248784|pressure,true,true,REGION-4-MIXTURE-TABLE-C2,REGION-4-MIXTURE-TABLE-C2,SaturatedMixture,SaturatedMixture,4643461381854593024,4643461381854593024,4617903078594881348,4617903078594881348,true,true,4561533204495364595,4561533204495364595,2,true,true
EXACT-V9,301,exact-v9-5-to-6mwe|248784|outlet,true,true,REGION-4-MIXTURE-TABLE-C2,REGION-4-MIXTURE-TABLE-C2,SaturatedMixture,SaturatedMixture,4643638242281783296,4643638242281783296,4618940216043013800,4618940216043013800,true,true,4592097837488199443,4592097837488199443,2,true,true
EXACT-V9,302,exact-v9-5-to-6mwe|248784|drum,true,true,REGION-4-MIXTURE-TABLE-C2,REGION-4-MIXTURE-TABLE-C2,SaturatedMixture,SaturatedMixture,4643485868028329984,4643485868028329984,4618039446376387388,4618039446376387388,true,true,4585900556995578423,4585900556995578423,2,true,true
EXACT-V9,303,exact-v9-5-to-6mwe|248784|feedwater-inventory,true,true,REGION-4-MIXTURE-TABLE-C2,REGION-4-MIXTURE-TABLE-C2,SaturatedMixture,SaturatedMixture,4631988379443003392,4631988379443003392,4577680607246683922,4577680607246683922,true,true,4537641482860430902,4537641482860430902,2,true,true
EXACT-V9,304,exact-v9-5-to-6mwe|254784|suction,true,true,REGION-4-MIXTURE-TABLE-C2,REGION-4-MIXTURE-TABLE-C2,SaturatedMixture,SaturatedMixture,4643453949977821184,4643453949977821184,4617862130721727144,4617862130721727144,true,true,4561205466041812135,4561205466041812135,2,true,true
EXACT-V9,305,exact-v9-5-to-6mwe|254784|pressure,true,true,REGION-4-MIXTURE-TABLE-C2,REGION-4-MIXTURE-TABLE-C2,SaturatedMixture,SaturatedMixture,4643461964461768704,4643461964461768704,4617906297794184996,4617906297794184996,true,true,4561537242819254540,4561537242819254540,2,true,true
EXACT-V9,306,exact-v9-5-to-6mwe|254784|outlet,true,true,REGION-4-MIXTURE-TABLE-C2,REGION-4-MIXTURE-TABLE-C2,SaturatedMixture,SaturatedMixture,4643641923692658688,4643641923692658688,4618963086614744106,4618963086614744106,true,true,4591917131871989218,4591917131871989218,2,true,true
EXACT-V9,307,exact-v9-5-to-6mwe|254784|drum,true,true,REGION-4-MIXTURE-TABLE-C2,REGION-4-MIXTURE-TABLE-C2,SaturatedMixture,SaturatedMixture,4643486743713021952,4643486743713021952,4618044372117609081,4618044372117609081,true,true,4585914226741483916,4585914226741483916,2,true,true
EXACT-V9,308,exact-v9-5-to-6mwe|254784|feedwater-inventory,true,true,REGION-4-MIXTURE-TABLE-C2,REGION-4-MIXTURE-TABLE-C2,SaturatedMixture,SaturatedMixture,4631993270080110592,4631993270080110592,4577691998576720780,4577691998576720780,true,true,4537875035434842824,4537875035434842824,2,true,true
EXACT-V9,309,exact-v9-5-to-6mwe|260784|suction,true,true,REGION-4-MIXTURE-TABLE-C2,REGION-4-MIXTURE-TABLE-C2,SaturatedMixture,SaturatedMixture,4643454276022042624,4643454276022042624,4617863921554308463,4617863921554308463,true,true,4561194085007954455,4561194085007954455,2,true,true
EXACT-V9,310,exact-v9-5-to-6mwe|260784|pressure,true,true,REGION-4-MIXTURE-TABLE-C2,REGION-4-MIXTURE-TABLE-C2,SaturatedMixture,SaturatedMixture,4643462543656878080,4643462543656878080,4617909498140096634,4617909498140096634,true,true,4561541277500955434,4561541277500955434,2,true,true
EXACT-V9,311,exact-v9-5-to-6mwe|260784|outlet,true,true,REGION-4-MIXTURE-TABLE-C2,REGION-4-MIXTURE-TABLE-C2,SaturatedMixture,SaturatedMixture,4643645574938624000,4643645574938624000,4618985889833495942,4618985889833495942,true,true,4591743467285234756,4591743467285234756,2,true,true
EXACT-V9,312,exact-v9-5-to-6mwe|260784|drum,true,true,REGION-4-MIXTURE-TABLE-C2,REGION-4-MIXTURE-TABLE-C2,SaturatedMixture,SaturatedMixture,4643487613943021568,4643487613943021568,4618049267176093918,4618049267176093918,true,true,4585927867445871215,4585927867445871215,2,true,true
EXACT-V9,313,exact-v9-5-to-6mwe|260784|feedwater-inventory,true,true,REGION-4-MIXTURE-TABLE-C2,REGION-4-MIXTURE-TABLE-C2,SaturatedMixture,SaturatedMixture,4631998092831358976,4631998092831358976,4577703231786208996,4577703231786208996,true,true,4538111320026473835,4538111320026473835,2,true,true
EXACT-V9,314,exact-v9-5-to-6mwe|266784|suction,true,true,REGION-4-MIXTURE-TABLE-C2,REGION-4-MIXTURE-TABLE-C2,SaturatedMixture,SaturatedMixture,4643454599937130496,4643454599937130496,4617865700692397096,4617865700692397096,true,true,4561182770980787782,4561182770980787782,2,true,true
EXACT-V9,315,exact-v9-5-to-6mwe|266784|pressure,true,true,REGION-4-MIXTURE-TABLE-C2,REGION-4-MIXTURE-TABLE-C2,SaturatedMixture,SaturatedMixture,4643463118995849216,4643463118995849216,4617912677178894228,4617912677178894228,true,true,4561545295665262626,4561545295665262626,2,true,true
EXACT-V9,316,exact-v9-5-to-6mwe|266784|outlet,true,true,REGION-4-MIXTURE-TABLE-C2,REGION-4-MIXTURE-TABLE-C2,SaturatedMixture,SaturatedMixture,4643649198116306944,4643649198116306944,4619008528446891404,4619008528446891404,true,true,4591576682744375888,4591576682744375888,2,true,true
EXACT-V9,317,exact-v9-5-to-6mwe|266784|drum,true,true,REGION-4-MIXTURE-TABLE-C2,REGION-4-MIXTURE-TABLE-C2,SaturatedMixture,SaturatedMixture,4643488479189139456,4643488479189139456,4618054134200159638,4618054134200159638,true,true,4585941434689069762,4585941434689069762,2,true,true
EXACT-V9,318,exact-v9-5-to-6mwe|266784|feedwater-inventory,true,true,REGION-4-MIXTURE-TABLE-C2,REGION-4-MIXTURE-TABLE-C2,SaturatedMixture,SaturatedMixture,4632002840320016384,4632002840320016384,4577714289693176406,4577714289693176406,true,true,4538350316283090195,4538350316283090195,2,true,true
EXACT-V9,319,exact-v9-5-to-6mwe|272784|suction,true,true,REGION-4-MIXTURE-TABLE-C2,REGION-4-MIXTURE-TABLE-C2,SaturatedMixture,SaturatedMixture,4643454921988898816,4643454921988898816,4617867469596004808,4617867469596004808,true,true,4561171514803516587,4561171514803516587,2,true,true
EXACT-V9,320,exact-v9-5-to-6mwe|272784|pressure,true,true,REGION-4-MIXTURE-TABLE-C2,REGION-4-MIXTURE-TABLE-C2,SaturatedMixture,SaturatedMixture,4643463690669522944,4643463690669522944,4617915835965069888,4617915835965069888,true,true,4561549298695894869,4561549298695894869,2,true,true
EXACT-V9,321,exact-v9-5-to-6mwe|272784|outlet,true,true,REGION-4-MIXTURE-TABLE-C2,REGION-4-MIXTURE-TABLE-C2,SaturatedMixture,SaturatedMixture,4643652793271844864,4643652793271844864,4619031055742755484,4619031055742755484,true,true,4591416164148444811,4591416164148444811,2,true,true
EXACT-V9,322,exact-v9-5-to-6mwe|272784|drum,true,true,REGION-4-MIXTURE-TABLE-C2,REGION-4-MIXTURE-TABLE-C2,SaturatedMixture,SaturatedMixture,4643489339475492864,4643489339475492864,4618058973325466161,4618058973325466161,true,true,4585954983130382914,4585954983130382914,2,true,true
EXACT-V9,323,exact-v9-5-to-6mwe|272784|feedwater-inventory,true,true,REGION-4-MIXTURE-TABLE-C2,REGION-4-MIXTURE-TABLE-C2,SaturatedMixture,SaturatedMixture,4632007506271404032,4632007506271404032,4577725157682566663,4577725157682566663,true,true,4538592076490378855,4538592076490378855,2,true,true
EXACT-V9,324,exact-v9-5-to-6mwe|278784|suction,true,true,REGION-4-MIXTURE-TABLE-C2,REGION-4-MIXTURE-TABLE-C2,SaturatedMixture,SaturatedMixture,4643455241959768064,4643455241959768064,4617869227070052933,4617869227070052933,true,true,4561160324206470026,4561160324206470026,2,true,true
EXACT-V9,325,exact-v9-5-to-6mwe|278784|pressure,true,true,REGION-4-MIXTURE-TABLE-C2,REGION-4-MIXTURE-TABLE-C2,SaturatedMixture,SaturatedMixture,4643464258517991424,4643464258517991424,4617918973615051927,4617918973615051927,true,true,4561553288298914603,4561553288298914603,2,true,true
EXACT-V9,326,exact-v9-5-to-6mwe|278784|outlet,true,true,REGION-4-MIXTURE-TABLE-C2,REGION-4-MIXTURE-TABLE-C2,SaturatedMixture,SaturatedMixture,4643656358281871360,4643656358281871360,4619053459151815278,4619053459151815278,true,true,4591261514910455997,4591261514910455997,2,true,true
EXACT-V9,327,exact-v9-5-to-6mwe|278784|drum,true,true,REGION-4-MIXTURE-TABLE-C2,REGION-4-MIXTURE-TABLE-C2,SaturatedMixture,SaturatedMixture,4643490194393137152,4643490194393137152,4618063782251692972,4618063782251692972,true,true,4585968479120108293,4585968479120108293,2,true,true
EXACT-V9,328,exact-v9-5-to-6mwe|278784|feedwater-inventory,true,true,REGION-4-MIXTURE-TABLE-C2,REGION-4-MIXTURE-TABLE-C2,SaturatedMixture,SaturatedMixture,4632012085557985280,4632012085557985280,4577735823811260522,4577735823811260522,true,true,4538836651838692370,4538836651838692370,2,true,true
EXACT-V9,329,exact-v9-5-to-6mwe|284784|suction,true,true,REGION-4-MIXTURE-TABLE-C2,REGION-4-MIXTURE-TABLE-C2,SaturatedMixture,SaturatedMixture,4643455559796785152,4643455559796785152,4617870972823691003,4617870972823691003,true,true,4561149201175683549,4561149201175683549,2,true,true
EXACT-V9,330,exact-v9-5-to-6mwe|284784|pressure,true,true,REGION-4-MIXTURE-TABLE-C2,REGION-4-MIXTURE-TABLE-C2,SaturatedMixture,SaturatedMixture,4643464822418046976,4643464822418046976,4617922089448055599,4617922089448055599,true,true,4561557263054482005,4561557263054482005,2,true,true
EXACT-V9,331,exact-v9-5-to-6mwe|284784|outlet,true,true,REGION-4-MIXTURE-TABLE-C2,REGION-4-MIXTURE-TABLE-C2,SaturatedMixture,SaturatedMixture,4643659888189243392,4643659888189243392,4619075644554040260,4619075644554040260,true,true,4591112443868878515,4591112443868878515,2,true,true
EXACT-V9,332,exact-v9-5-to-6mwe|284784|drum,true,true,REGION-4-MIXTURE-TABLE-C2,REGION-4-MIXTURE-TABLE-C2,SaturatedMixture,SaturatedMixture,4643491043767484416,4643491043767484416,4618068559996780147,4618068559996780147,true,true,4585981921575302225,4585981921575302225,2,true,true
EXACT-V9,333,exact-v9-5-to-6mwe|284784|feedwater-inventory,true,true,REGION-4-MIXTURE-TABLE-C2,REGION-4-MIXTURE-TABLE-C2,SaturatedMixture,SaturatedMixture,4632016574181539840,4632016574181539840,4577746278766555800,4577746278766555800,true,true,4539084072344270008,4539084072344270008,2,true,true
EXACT-V9,334,exact-v9-5-to-6mwe|290784|suction,true,true,REGION-4-MIXTURE-TABLE-C2,REGION-4-MIXTURE-TABLE-C2,SaturatedMixture,SaturatedMixture,4643455875441229824,4643455875441229824,4617872706534391762,4617872706534391762,true,true,4561138147903229045,4561138147903229045,2,true,true
EXACT-V9,335,exact-v9-5-to-6mwe|290784|pressure,true,true,REGION-4-MIXTURE-TABLE-C2,REGION-4-MIXTURE-TABLE-C2,SaturatedMixture,SaturatedMixture,4643465382273744896,4643465382273744896,4617925182933937889,4617925182933937889,true,true,4561561222162008199,4561561222162008199,2,true,true
EXACT-V9,336,exact-v9-5-to-6mwe|290784|outlet,true,true,REGION-4-MIXTURE-TABLE-C2,REGION-4-MIXTURE-TABLE-C2,SaturatedMixture,SaturatedMixture,4643663389272309760,4643663389272309760,4619097772681225638,4619097772681225638,true,true,4590968464492548127,4590968464492548127,2,true,true
EXACT-V9,337,exact-v9-5-to-6mwe|290784|drum,true,true,REGION-4-MIXTURE-TABLE-C2,REGION-4-MIXTURE-TABLE-C2,SaturatedMixture,SaturatedMixture,4643491887444918272,4643491887444918272,4618073305696632928,4618073305696632928,true,true,4585995306517533794,4585995306517533794,2,true,true
EXACT-V9,338,exact-v9-5-to-6mwe|290784|feedwater-inventory,true,true,REGION-4-MIXTURE-TABLE-C2,REGION-4-MIXTURE-TABLE-C2,SaturatedMixture,SaturatedMixture,4632020969218637824,4632020969218637824,4577756515739164884,4577756515739164884,true,true,4539334369928949436,4539334369928949436,2,true,true
EXACT-V9,339,exact-v9-5-to-6mwe|296784|suction,true,true,REGION-4-MIXTURE-TABLE-C2,REGION-4-MIXTURE-TABLE-C2,SaturatedMixture,SaturatedMixture,4643456188849061888,4643456188849061888,4617874427960259767,4617874427960259767,true,true,4561127166071076008,4561127166071076008,2,true,true
EXACT-V9,340,exact-v9-5-to-6mwe|296784|pressure,true,true,REGION-4-MIXTURE-TABLE-C2,REGION-4-MIXTURE-TABLE-C2,SaturatedMixture,SaturatedMixture,4643465938009587712,4643465938009587712,4617928253655537082,4617928253655537082,true,true,4561565164911397256,4561565164911397256,2,true,true
EXACT-V9,341,exact-v9-5-to-6mwe|296784|outlet,true,true,REGION-4-MIXTURE-TABLE-C2,REGION-4-MIXTURE-TABLE-C2,SaturatedMixture,SaturatedMixture,4643666853423480832,4643666853423480832,4619119667385307130,4619119667385307130,true,true,4590829421358364392,4590829421358364392,2,true,true
EXACT-V9,342,exact-v9-5-to-6mwe|296784|drum,true,true,REGION-4-MIXTURE-TABLE-C2,REGION-4-MIXTURE-TABLE-C2,SaturatedMixture,SaturatedMixture,4643492725316386816,4643492725316386816,4618078019892300272,4618078019892300272,true,true,4586008629206626099,4586008629206626099,2,true,true
EXACT-V9,343,exact-v9-5-to-6mwe|296784|feedwater-inventory,true,true,REGION-4-MIXTURE-TABLE-C2,REGION-4-MIXTURE-TABLE-C2,SaturatedMixture,SaturatedMixture,4632025268759822336,4632025268759822336,4577766666277180554,4577766666277180554,true,true,4539587356583439552,4539587356583439552,2,true,true
EXACT-V9,344,exact-v9-5-to-6mwe|302784|suction,true,true,REGION-4-MIXTURE-TABLE-C2,REGION-4-MIXTURE-TABLE-C2,SaturatedMixture,SaturatedMixture,4643456499980435456,4643456499980435456,4617876136882437242,4617876136882437242,true,true,4561116257217177543,4561116257217177543,2,true,true
EXACT-V9,345,exact-v9-5-to-6mwe|302784|pressure,true,true,REGION-4-MIXTURE-TABLE-C2,REGION-4-MIXTURE-TABLE-C2,SaturatedMixture,SaturatedMixture,4643466489381257216,4643466489381257216,4617931306435870614,4617931306435870614,true,true,4561569040273949135,4561569040273949135,2,true,true
EXACT-V9,346,exact-v9-5-to-6mwe|302784|outlet,true,true,REGION-4-MIXTURE-TABLE-C2,REGION-4-MIXTURE-TABLE-C2,SaturatedMixture,SaturatedMixture,4643670283514806272,4643670283514806272,4619141407409241257,4619141407409241257,true,true,4590694956181492564,4590694956181492564,2,true,true
EXACT-V9,347,exact-v9-5-to-6mwe|302784|drum,true,true,REGION-4-MIXTURE-TABLE-C2,REGION-4-MIXTURE-TABLE-C2,SaturatedMixture,SaturatedMixture,4643493557879963648,4643493557879963648,4618082730919753896,4618082730919753896,true,true,4586021847690019629,4586021847690019629,2,true,true
EXACT-V9,348,exact-v9-5-to-6mwe|302784|feedwater-inventory,true,true,REGION-4-MIXTURE-TABLE-C2,REGION-4-MIXTURE-TABLE-C2,SaturatedMixture,SaturatedMixture,4632029471828869120,4632029471828869120,4577776669139200090,4577776669139200090,true,true,4539735785521489607,4539735785521489607,2,true,true
EXACT-V9,349,exact-v9-5-to-6mwe|308784|suction,true,true,REGION-4-MIXTURE-TABLE-C2,REGION-4-MIXTURE-TABLE-C2,SaturatedMixture,SaturatedMixture,4643456808804941824,4643456808804941824,4617877833133901142,4617877833133901142,true,true,4561105422550956114,4561105422550956114,2,true,true
EXACT-V9,350,exact-v9-5-to-6mwe|308784|pressure,true,true,REGION-4-MIXTURE-TABLE-C2,REGION-4-MIXTURE-TABLE-C2,SaturatedMixture,SaturatedMixture,4643467036169601024,4643467036169601024,4617934345780948894,4617934345780948894,true,true,4561572800942232054,4561572800942232054,2,true,true
EXACT-V9,351,exact-v9-5-to-6mwe|308784|outlet,true,true,REGION-4-MIXTURE-TABLE-C2,REGION-4-MIXTURE-TABLE-C2,SaturatedMixture,SaturatedMixture,4643673679134195712,4643673679134195712,4619162992103122526,4619162992103122526,true,true,4590564804765037230,4590564804765037230,2,true,true
EXACT-V9,352,exact-v9-5-to-6mwe|308784|drum,true,true,REGION-4-MIXTURE-TABLE-C2,REGION-4-MIXTURE-TABLE-C2,SaturatedMixture,SaturatedMixture,4643494384404267008,4643494384404267008,4618087407774221913,4618087407774221913,true,true,4586035000896004167,4586035000896004167,2,true,true
EXACT-V9,353,exact-v9-5-to-6mwe|308784|feedwater-inventory,true,true,REGION-4-MIXTURE-TABLE-C2,REGION-4-MIXTURE-TABLE-C2,SaturatedMixture,SaturatedMixture,4632033578289463296,4632033578289463296,4577786442083269051,4577786442083269051,true,true,4539865165904641652,4539865165904641652,2,true,true
EXACT-V9,354,exact-v9-5-to-6mwe|314784|suction,true,true,REGION-4-MIXTURE-TABLE-C2,REGION-4-MIXTURE-TABLE-C2,SaturatedMixture,SaturatedMixture,4643457115297415168,4643457115297415168,4617879516576425501,4617879516576425501,true,true,4561094663099517410,4561094663099517410,2,true,true
EXACT-V9,355,exact-v9-5-to-6mwe|314784|pressure,true,true,REGION-4-MIXTURE-TABLE-C2,REGION-4-MIXTURE-TABLE-C2,SaturatedMixture,SaturatedMixture,4643467578693386240,4643467578693386240,4617937361421306118,4617937361421306118,true,true,4561576544790400510,4561576544790400510,2,true,true
EXACT-V9,356,exact-v9-5-to-6mwe|314784|outlet,true,true,REGION-4-MIXTURE-TABLE-C2,REGION-4-MIXTURE-TABLE-C2,SaturatedMixture,SaturatedMixture,4643677036588040192,4643677036588040192,4619184334192780442,4619184334192780442,true,true,4590438799604163777,4590438799604163777,2,true,true
EXACT-V9,357,exact-v9-5-to-6mwe|314784|drum,true,true,REGION-4-MIXTURE-TABLE-C2,REGION-4-MIXTURE-TABLE-C2,SaturatedMixture,SaturatedMixture,4643495204810129408,4643495204810129408,4618092050007738286,4618092050007738286,true,true,4586048086867459382,4586048086867459382,2,true,true
EXACT-V9,358,exact-v9-5-to-6mwe|314784|feedwater-inventory,true,true,REGION-4-MIXTURE-TABLE-C2,REGION-4-MIXTURE-TABLE-C2,SaturatedMixture,SaturatedMixture,4632037588755021824,4632037588755021824,4577795986569255250,4577795986569255250,true,true,4539996051779808207,4539996051779808207,2,true,true
EXACT-V9,359,exact-v9-5-to-6mwe|320784|suction,true,true,REGION-4-MIXTURE-TABLE-C2,REGION-4-MIXTURE-TABLE-C2,SaturatedMixture,SaturatedMixture,4643457419438456832,4643457419438456832,4617881187103461136,4617881187103461136,true,true,4561083979688620526,4561083979688620526,2,true,true
EXACT-V9,360,exact-v9-5-to-6mwe|320784|pressure,true,true,REGION-4-MIXTURE-TABLE-C2,REGION-4-MIXTURE-TABLE-C2,SaturatedMixture,SaturatedMixture,4643468116925349888,4643468116925349888,4617940353205399930,4617940353205399930,true,true,4561580271479055708,4561580271479055708,2,true,true
EXACT-V9,361,exact-v9-5-to-6mwe|320784|outlet,true,true,REGION-4-MIXTURE-TABLE-C2,REGION-4-MIXTURE-TABLE-C2,SaturatedMixture,SaturatedMixture,4643680361091432448,4643680361091432448,4619205574320614457,4619205574320614457,true,true,4590316593061505826,4590316593061505826,2,true,true
EXACT-V9,362,exact-v9-5-to-6mwe|320784|drum,true,true,REGION-4-MIXTURE-TABLE-C2,REGION-4-MIXTURE-TABLE-C2,SaturatedMixture,SaturatedMixture,4643496019032539136,4643496019032539136,4618096657252436860,4618096657252436860,true,true,4586061103924814748,4586061103924814748,2,true,true
EXACT-V9,363,exact-v9-5-to-6mwe|320784|feedwater-inventory,true,true,REGION-4-MIXTURE-TABLE-C2,REGION-4-MIXTURE-TABLE-C2,SaturatedMixture,SaturatedMixture,4632041504490127360,4632041504490127360,4577805305606732328,4577805305606732328,true,true,4540128464550078665,4540128464550078665,2,true,true
EXACT-V9,364,exact-v9-5-to-6mwe|326784|suction,true,true,REGION-4-MIXTURE-TABLE-C2,REGION-4-MIXTURE-TABLE-C2,SaturatedMixture,SaturatedMixture,4643457721005244416,4643457721005244416,4617882850550727855,4617882850550727855,true,true,4561073316736893152,4561073316736893152,2,true,true
EXACT-V9,365,exact-v9-5-to-6mwe|326784|pressure,true,true,REGION-4-MIXTURE-TABLE-C2,REGION-4-MIXTURE-TABLE-C2,SaturatedMixture,SaturatedMixture,4643468650846617600,4643468650846617600,4617943321028316396,4617943321028316396,true,true,4561583980674700792,4561583980674700792,2,true,true
EXACT-V9,366,exact-v9-5-to-6mwe|326784|outlet,true,true,REGION-4-MIXTURE-TABLE-C2,REGION-4-MIXTURE-TABLE-C2,SaturatedMixture,SaturatedMixture,4643683647803097088,4643683647803097088,4619226586394516464,4619226586394516464,true,true,4590198087742183526,4590198087742183526,2,true,true
EXACT-V9,367,exact-v9-5-to-6mwe|326784|drum,true,true,REGION-4-MIXTURE-TABLE-C2,REGION-4-MIXTURE-TABLE-C2,SaturatedMixture,SaturatedMixture,4643496827022737408,4643496827022737408,4618101229232418020,4618101229232418020,true,true,4586074050635130909,4586074050635130909,2,true,true
EXACT-V9,368,exact-v9-5-to-6mwe|326784|feedwater-inventory,true,true,REGION-4-MIXTURE-TABLE-C2,REGION-4-MIXTURE-TABLE-C2,SaturatedMixture,SaturatedMixture,4632045327316156416,4632045327316156416,4577814403530384713,4577814403530384713,true,true,4540262426928015876,4540262426928015876,2,true,true
EXACT-V9,369,exact-v9-5-to-6mwe|332784|suction,true,true,REGION-4-MIXTURE-TABLE-C2,REGION-4-MIXTURE-TABLE-C2,SaturatedMixture,SaturatedMixture,4643458020113645568,4643458020113645568,4617884503275920572,4617884503275920572,true,true,4561062708851776374,4561062708851776374,2,true,true
EXACT-V9,370,exact-v9-5-to-6mwe|332784|pressure,true,true,REGION-4-MIXTURE-TABLE-C2,REGION-4-MIXTURE-TABLE-C2,SaturatedMixture,SaturatedMixture,4643469180445655040,4643469180445655040,4617946264825941442,4617946264825941442,true,true,4561587672040640920,4561587672040640920,2,true,true
EXACT-V9,371,exact-v9-5-to-6mwe|332784|outlet,true,true,REGION-4-MIXTURE-TABLE-C2,REGION-4-MIXTURE-TABLE-C2,SaturatedMixture,SaturatedMixture,4643686897461231616,4643686897461231616,4619247386902807312,4619247386902807312,true,true,4590083078413057407,4590083078413057407,2,true,true
EXACT-V9,372,exact-v9-5-to-6mwe|332784|drum,true,true,REGION-4-MIXTURE-TABLE-C2,REGION-4-MIXTURE-TABLE-C2,SaturatedMixture,SaturatedMixture,4643497628745596928,4643497628745596928,4618105765748915378,4618105765748915378,true,true,4586086925749834799,4586086925749834799,2,true,true
EXACT-V9,373,exact-v9-5-to-6mwe|332784|feedwater-inventory,true,true,REGION-4-MIXTURE-TABLE-C2,REGION-4-MIXTURE-TABLE-C2,SaturatedMixture,SaturatedMixture,4632049059523198976,4632049059523198976,4577823285790385564,4577823285790385564,true,true,4540397962964572257,4540397962964572257,2,true,true
EXACT-V9,374,exact-v9-5-to-6mwe|338784|suction,true,true,REGION-4-MIXTURE-TABLE-C2,REGION-4-MIXTURE-TABLE-C2,SaturatedMixture,SaturatedMixture,4643458316843876352,4643458316843876352,4617886142860519228,4617886142860519228,true,true,4561052179101030595,4561052179101030595,2,true,true
EXACT-V9,375,exact-v9-5-to-6mwe|338784|pressure,true,true,REGION-4-MIXTURE-TABLE-C2,REGION-4-MIXTURE-TABLE-C2,SaturatedMixture,SaturatedMixture,4643469705719316480,4643469705719316480,4617949184580789416,4617949184580789416,true,true,4561591345233442928,4561591345233442928,2,true,true
EXACT-V9,376,exact-v9-5-to-6mwe|338784|outlet,true,true,REGION-4-MIXTURE-TABLE-C2,REGION-4-MIXTURE-TABLE-C2,SaturatedMixture,SaturatedMixture,4643690113279721472,4643690113279721472,4619268063309746121,4619268063309746121,true,true,4589971313903332122,4589971313903332122,2,true,true
EXACT-V9,377,exact-v9-5-to-6mwe|338784|drum,true,true,REGION-4-MIXTURE-TABLE-C2,REGION-4-MIXTURE-TABLE-C2,SaturatedMixture,SaturatedMixture,4643498424181719040,4643498424181719040,4618110266692162417,4618110266692162417,true,true,4586099728186337450,4586099728186337450,2,true,true
EXACT-V9,378,exact-v9-5-to-6mwe|338784|feedwater-inventory,true,true,REGION-4-MIXTURE-TABLE-C2,REGION-4-MIXTURE-TABLE-C2,SaturatedMixture,SaturatedMixture,4632052703773589504,4632052703773589504,4577831958722810734,4577831958722810734,true,true,4540535098049779288,4540535098049779288,2,true,true
EXACT-V9,379,exact-v9-5-to-6mwe|344784|suction,true,true,REGION-4-MIXTURE-TABLE-C2,REGION-4-MIXTURE-TABLE-C2,SaturatedMixture,SaturatedMixture,4643458611193839616,4643458611193839616,4617887769292935995,4617887769292935995,true,true,4561041727702411168,4561041727702411168,2,true,true
EXACT-V9,380,exact-v9-5-to-6mwe|344784|pressure,true,true,REGION-4-MIXTURE-TABLE-C2,REGION-4-MIXTURE-TABLE-C2,SaturatedMixture,SaturatedMixture,4643470226669699072,4643470226669699072,4617952080304517418,4617952080304517418,true,true,4561594999985583910,4561594999985583910,2,true,true
EXACT-V9,381,exact-v9-5-to-6mwe|344784|outlet,true,true,REGION-4-MIXTURE-TABLE-C2,REGION-4-MIXTURE-TABLE-C2,SaturatedMixture,SaturatedMixture,4643693291238850560,4643693291238850560,4619288496296369963,4619288496296369963,true,true,4589862731669781277,4589862731669781277,2,true,true
EXACT-V9,382,exact-v9-5-to-6mwe|344784|drum,true,true,REGION-4-MIXTURE-TABLE-C2,REGION-4-MIXTURE-TABLE-C2,SaturatedMixture,SaturatedMixture,4643499213323239424,4643499213323239424,4618114732017659203,4618114732017659203,true,true,4586112457007631766,4586112457007631766,2,true,true
EXACT-V9,383,exact-v9-5-to-6mwe|344784|feedwater-inventory,true,true,REGION-4-MIXTURE-TABLE-C2,REGION-4-MIXTURE-TABLE-C2,SaturatedMixture,SaturatedMixture,4632056263029555200,4632056263029555200,4577840429377449232,4577840429377449232,true,true,4540673858926284268,4540673858926284268,2,true,true
EXACT-V9,384,exact-v9-5-to-6mwe|350784|suction,true,true,REGION-4-MIXTURE-TABLE-C2,REGION-4-MIXTURE-TABLE-C2,SaturatedMixture,SaturatedMixture,4643458903164583936,4643458903164583936,4617889382578964789,4617889382578964789,true,true,4561031354761115697,4561031354761115697,2,true,true
EXACT-V9,385,exact-v9-5-to-6mwe|350784|pressure,true,true,REGION-4-MIXTURE-TABLE-C2,REGION-4-MIXTURE-TABLE-C2,SaturatedMixture,SaturatedMixture,4643470743304142848,4643470743304142848,4617954952037925314,4617954952037925314,true,true,4561598636076465047,4561598636076465047,2,true,true
EXACT-V9,386,exact-v9-5-to-6mwe|350784|outlet,true,true,REGION-4-MIXTURE-TABLE-C2,REGION-4-MIXTURE-TABLE-C2,SaturatedMixture,SaturatedMixture,4643696433928077312,4643696433928077312,4619308755106182154,4619308755106182154,true,true,4589757120917711356,4589757120917711356,2,true,true
EXACT-V9,387,exact-v9-5-to-6mwe|350784|drum,true,true,REGION-4-MIXTURE-TABLE-C2,REGION-4-MIXTURE-TABLE-C2,SaturatedMixture,SaturatedMixture,4643499996170682368,4643499996170682368,4618119161728372400,4618119161728372400,true,true,4586125111401899479,4586125111401899479,2,true,true
EXACT-V9,388,exact-v9-5-to-6mwe|350784|feedwater-inventory,true,true,REGION-4-MIXTURE-TABLE-C2,REGION-4-MIXTURE-TABLE-C2,SaturatedMixture,SaturatedMixture,4632059740472475648,4632059740472475648,4577848705325649672,4577848705325649672,true,true,4540814273673932773,4540814273673932773,2,true,true
EXACT-V9,389,exact-v9-5-to-6mwe|356784|suction,true,true,REGION-4-MIXTURE-TABLE-C2,REGION-4-MIXTURE-TABLE-C2,SaturatedMixture,SaturatedMixture,4643459177512960000,4643459177512960000,4617890898492496324,4617890898492496324,true,true,4561021602426360127,4561021602426360127,2,true,true
EXACT-V9,390,exact-v9-5-to-6mwe|356784|pressure,true,true,REGION-4-MIXTURE-TABLE-C2,REGION-4-MIXTURE-TABLE-C2,SaturatedMixture,SaturatedMixture,4643471248103309312,4643471248103309312,4617957757984466580,4617957757984466580,true,true,4561602450285201198,4561602450285201198,2,true,true
EXACT-V9,391,exact-v9-5-to-6mwe|356784|outlet,true,true,REGION-4-MIXTURE-TABLE-C2,REGION-4-MIXTURE-TABLE-C2,SaturatedMixture,SaturatedMixture,4643699474887606272,4643699474887606272,4619328418851652304,4619328418851652304,true,true,4589657728122442345,4589657728122442345,2,true,true
EXACT-V9,392,exact-v9-5-to-6mwe|356784|drum,true,true,REGION-4-MIXTURE-TABLE-C2,REGION-4-MIXTURE-TABLE-C2,SaturatedMixture,SaturatedMixture,4643500701257826304,4643500701257826304,4618123151435566798,4618123151435566798,true,true,4586134849630139332,4586134849630139332,2,true,true
EXACT-V9,393,exact-v9-5-to-6mwe|356784|feedwater-inventory,true,true,REGION-4-MIXTURE-TABLE-C2,REGION-4-MIXTURE-TABLE-C2,SaturatedMixture,SaturatedMixture,4632063158452748288,4632063158452748288,4577856839759005904,4577856839759005904,true,true,4540952766308730723,4540952766308730723,2,true,true
EXACT-V9,394,exact-v9-5-to-6mwe|362784|suction,true,true,REGION-4-MIXTURE-TABLE-C2,REGION-4-MIXTURE-TABLE-C2,SaturatedMixture,SaturatedMixture,4643459392831750144,4643459392831750144,4617892088237710988,4617892088237710988,true,true,4561013944717708092,4561013944717708092,2,true,true
EXACT-V9,395,exact-v9-5-to-6mwe|362784|pressure,true,true,REGION-4-MIXTURE-TABLE-C2,REGION-4-MIXTURE-TABLE-C2,SaturatedMixture,SaturatedMixture,4643471672571068416,4643471672571068416,4617960117405637736,4617960117405637736,true,true,4561606111079905316,4561606111079905316,2,true,true
EXACT-V9,396,exact-v9-5-to-6mwe|362784|outlet,true,true,REGION-4-MIXTURE-TABLE-C2,REGION-4-MIXTURE-TABLE-C2,SaturatedMixture,SaturatedMixture,4643701925378785280,4643701925378785280,4619344264453792676,4619344264453792676,true,true,4589583956158631911,4589583956158631911,2,true,true
EXACT-V9,397,exact-v9-5-to-6mwe|362784|drum,true,true,REGION-4-MIXTURE-TABLE-C2,REGION-4-MIXTURE-TABLE-C2,SaturatedMixture,SaturatedMixture,4643501237102182400,4643501237102182400,4618126183489265381,4618126183489265381,true,true,4586139754906301628,4586139754906301628,2,true,true
EXACT-V9,398,exact-v9-5-to-6mwe|362784|feedwater-inventory,true,true,REGION-4-MIXTURE-TABLE-C2,REGION-4-MIXTURE-TABLE-C2,SaturatedMixture,SaturatedMixture,4632066796696895488,4632066796696895488,4577865498397204024,4577865498397204024,true,true,4541062484903997274,4541062484903997274,2,true,true
SEAM,399,0|R1-SIDE,true,true,REGION-1-NEAR-BOUNDARY-C2,REGION-1-NEAR-BOUNDARY-C2,SubcooledLiquid,SubcooledLiquid,4631847197817323248,4631847197817323248,4577654830934901371,4577654830934901371,false,false,0,0,2,true,true
SEAM,400,0|R4-LIQUID-SIDE,true,true,REGION-4-MIXTURE-TABLE-C2,REGION-4-MIXTURE-TABLE-C2,SaturatedMixture,SaturatedMixture,4631847197825040384,4631847197825040384,4577358689872857576,4577358689872857576,true,true,4517328728424286155,4517328728424286155,2,true,true
SEAM,401,0|R4-VAPOR-SIDE,true,true,REGION-4-MIXTURE-TABLE-C2,REGION-4-MIXTURE-TABLE-C2,SaturatedMixture,SaturatedMixture,4631847436472314552,4631847436472314552,4577359222174880684,4577359222174880684,true,true,4607182400945094392,4607182400945094392,2,true,true
SEAM,402,0|R2-SIDE,true,true,REGION-2-VAPOR-SEAM-C3,REGION-2-VAPOR-SEAM-C3,SuperheatedVapor,SuperheatedVapor,4631847168627190144,4631847168627190144,4577358198930874946,4577358198930874946,false,false,0,0,2,true,true
SEAM,403,1|R1-SIDE,true,true,REGION-1-NEAR-BOUNDARY-C2,REGION-1-NEAR-BOUNDARY-C2,SubcooledLiquid,SubcooledLiquid,4631847559031351320,4631847559031351320,4577655510371322625,4577655510371322625,false,false,0,0,2,true,true
SEAM,404,1|R4-LIQUID-SIDE,true,true,REGION-4-MIXTURE-TABLE-C2,REGION-4-MIXTURE-TABLE-C2,SaturatedMixture,SaturatedMixture,4631847559039549440,4631847559039549440,4577359495560727362,4577359495560727362,true,true,4517328728582611557,4517328728582611557,2,true,true
SEAM,405,1|R4-VAPOR-SIDE,true,true,REGION-4-MIXTURE-TABLE-C2,REGION-4-MIXTURE-TABLE-C2,SaturatedMixture,SaturatedMixture,4631847797574258256,4631847797574258256,4577360027611673810,4577360027611673810,true,true,4607182400948364117,4607182400948364117,2,true,true
SEAM,406,1|R2-SIDE,true,true,REGION-2-VAPOR-SEAM-C3,REGION-2-VAPOR-SEAM-C3,SuperheatedVapor,SuperheatedVapor,4631847529744034056,4631847529744034056,4577359004387919272,4577359004387919272,false,false,0,0,2,true,true
SEAM,407,2|R1-SIDE,true,true,REGION-1-NEAR-BOUNDARY-C2,REGION-1-NEAR-BOUNDARY-C2,SubcooledLiquid,SubcooledLiquid,4631848173856801104,4631848173856801104,4577656523295719624,4577656523295719624,false,false,0,0,2,true,true
SEAM,408,2|R4-LIQUID-SIDE,true,true,REGION-4-MIXTURE-TABLE-C2,REGION-4-MIXTURE-TABLE-C2,SaturatedMixture,SaturatedMixture,4631848173864747008,4631848173864747008,4577360866926470710,4577360866926470710,true,true,4517328729076952151,4517328729076952151,2,true,true
SEAM,409,2|R4-VAPOR-SIDE,true,true,REGION-4-MIXTURE-TABLE-C2,REGION-4-MIXTURE-TABLE-C2,SaturatedMixture,SaturatedMixture,4631848412093739040,4631848412093739040,4577361398295516758,4577361398295516758,true,true,4607182400959692372,4607182400959692372,2,true,true
SEAM,410,2|R2-SIDE,true,true,REGION-2-VAPOR-SEAM-C3,REGION-2-VAPOR-SEAM-C3,SuperheatedVapor,SuperheatedVapor,4631848144367489704,4631848144367489704,4577360375423901401,4577360375423901401,false,false,0,0,2,true,true
SEAM,411,3|R1-SIDE,true,true,REGION-1-NEAR-BOUNDARY-C2,REGION-1-NEAR-BOUNDARY-C2,SubcooledLiquid,SubcooledLiquid,4631849120991450896,4631849120991450896,4577657729829466476,4577657729829466476,false,false,0,0,2,true,true
SEAM,412,3|R4-LIQUID-SIDE,true,true,REGION-4-MIXTURE-TABLE-C2,REGION-4-MIXTURE-TABLE-C2,SaturatedMixture,SaturatedMixture,4631849120999407616,4631849120999407616,4577362979507466143,4577362979507466143,true,true,4517328730394586353,4517328730394586353,2,true,true
SEAM,413,3|R4-VAPOR-SIDE,true,true,REGION-4-MIXTURE-TABLE-C2,REGION-4-MIXTURE-TABLE-C2,SaturatedMixture,SaturatedMixture,4631849358471840544,4631849358471840544,4577363509189009441,4577363509189009441,true,true,4607182400987350657,4607182400987350657,2,true,true
SEAM,414,3|R2-SIDE,true,true,REGION-2-VAPOR-SEAM-C3,REGION-2-VAPOR-SEAM-C3,SuperheatedVapor,SuperheatedVapor,4631849091818178984,4631849091818178984,4577362490513873243,4577362490513873243,false,false,0,0,2,true,true
SEAM,415,4|R1-SIDE,true,true,REGION-1-NEAR-BOUNDARY-C2,REGION-1-NEAR-BOUNDARY-C2,SubcooledLiquid,SubcooledLiquid,4631850557188660424,4631850557188660424,4577658740662243499,4577658740662243499,false,false,0,0,2,true,true
SEAM,416,4|R4-LIQUID-SIDE,true,true,REGION-4-MIXTURE-TABLE-C2,REGION-4-MIXTURE-TABLE-C2,SaturatedMixture,SaturatedMixture,4631850557196206080,4631850557196206080,4577366182940080665,4577366182940080665,true,true,4517328733679418331,4517328733679418331,2,true,true
SEAM,417,4|R4-VAPOR-SIDE,true,true,REGION-4-MIXTURE-TABLE-C2,REGION-4-MIXTURE-TABLE-C2,SaturatedMixture,SaturatedMixture,4631850792862819736,4631850792862819736,4577366708593749558,4577366708593749558,true,true,4607182401054673422,4607182401054673422,2,true,true
SEAM,418,4|R2-SIDE,true,true,REGION-2-VAPOR-SEAM-C3,REGION-2-VAPOR-SEAM-C3,SuperheatedVapor,SuperheatedVapor,4631850527826515400,4631850527826515400,4577365696260479592,4577365696260479592,false,false,0,0,2,true,true
SEAM,419,5|R1-SIDE,true,true,REGION-1-NEAR-BOUNDARY-C2,REGION-1-NEAR-BOUNDARY-C2,SubcooledLiquid,SubcooledLiquid,4631851708867306232,4631851708867306232,4577658838447898167,4577658838447898167,false,false,0,0,2,true,true
SEAM,420,5|R4-LIQUID-SIDE,true,true,REGION-4-MIXTURE-TABLE-C2,REGION-4-MIXTURE-TABLE-C2,SaturatedMixture,SaturatedMixture,4631851708874489856,4631851708874489856,4577368751755008836,4577368751755008836,true,true,4517328737434985889,4517328737434985889,2,true,true
SEAM,421,5|R4-VAPOR-SIDE,true,true,REGION-4-MIXTURE-TABLE-C2,REGION-4-MIXTURE-TABLE-C2,SaturatedMixture,SaturatedMixture,4631851942518840840,4631851942518840840,4577369272898026965,4577369272898026965,true,true,4607182401128680931,4607182401128680931,2,true,true
SEAM,422,5|R2-SIDE,true,true,REGION-2-VAPOR-SEAM-C3,REGION-2-VAPOR-SEAM-C3,SuperheatedVapor,SuperheatedVapor,4631851679643421304,4631851679643421304,4577368269119126861,4577368269119126861,false,false,0,0,2,true,true
SEAM,423,6|R1-SIDE,true,true,REGION-1-NEAR-BOUNDARY-C2,REGION-1-NEAR-BOUNDARY-C2,SubcooledLiquid,SubcooledLiquid,4631854318314269432,4631854318314269432,4577656713084229333,4577656713084229333,false,false,0,0,2,true,true
SEAM,424,6|R4-LIQUID-SIDE,true,true,REGION-4-MIXTURE-TABLE-C2,REGION-4-MIXTURE-TABLE-C2,SaturatedMixture,SaturatedMixture,4631854318321926144,4631854318321926144,4577374572119621978,4577374572119621978,true,true,4517328749642126693,4517328749642126693,2,true,true
SEAM,425,6|R4-VAPOR-SIDE,true,true,REGION-4-MIXTURE-TABLE-C2,REGION-4-MIXTURE-TABLE-C2,SaturatedMixture,SaturatedMixture,4631854545495821488,4631854545495821488,4577375078830308332,4577375078830308332,true,true,4607182401369392481,4607182401369392481,2,true,true
SEAM,426,6|R2-SIDE,true,true,REGION-2-VAPOR-SEAM-C3,REGION-2-VAPOR-SEAM-C3,SuperheatedVapor,SuperheatedVapor,4631854289024960840,4631854289024960840,4577374100514826943,4577374100514826943,false,false,0,0,2,true,true
SEAM,427,7|R1-SIDE,true,true,REGION-1-NEAR-BOUNDARY-C2,REGION-1-NEAR-BOUNDARY-C2,SubcooledLiquid,SubcooledLiquid,4631855131468071096,4631855131468071096,4577655385336369157,4577655385336369157,false,false,0,0,2,true,true
SEAM,428,7|R4-LIQUID-SIDE,true,true,REGION-4-MIXTURE-TABLE-C2,REGION-4-MIXTURE-TABLE-C2,SaturatedMixture,SaturatedMixture,4631855131475836928,4631855131475836928,4577376385856960216,4577376385856960216,true,true,4517328754495536808,4517328754495536808,2,true,true
SEAM,429,7|R4-VAPOR-SIDE,true,true,REGION-4-MIXTURE-TABLE-C2,REGION-4-MIXTURE-TABLE-C2,SaturatedMixture,SaturatedMixture,4631855356098305648,4631855356098305648,4577376886876697236,4577376886876697236,true,true,4607182401464038365,4607182401464038365,2,true,true
SEAM,430,7|R2-SIDE,true,true,REGION-2-VAPOR-SEAM-C3,REGION-2-VAPOR-SEAM-C3,SuperheatedVapor,SuperheatedVapor,4631855102306711128,4631855102306711128,4577375919244967220,4577375919244967220,false,false,0,0,2,true,true
SEAM,431,8|R1-SIDE,true,true,REGION-1-NEAR-BOUNDARY-C2,REGION-1-NEAR-BOUNDARY-C2,SubcooledLiquid,SubcooledLiquid,4631859197738659400,4631859197738659400,4577644002657447796,4577644002657447796,false,false,0,0,2,true,true
SEAM,432,8|R4-LIQUID-SIDE,true,true,REGION-4-MIXTURE-TABLE-C2,REGION-4-MIXTURE-TABLE-C2,SaturatedMixture,SaturatedMixture,4631859197745561600,4631859197745561600,4577385455659280756,4577385455659280756,true,true,4517328786258573154,4517328786258573154,2,true,true
SEAM,433,8|R4-VAPOR-SIDE,true,true,REGION-4-MIXTURE-TABLE-C2,REGION-4-MIXTURE-TABLE-C2,SaturatedMixture,SaturatedMixture,4631859405799981016,4631859405799981016,4577385919724033915,4577385919724033915,true,true,4607182402078146411,4607182402078146411,2,true,true
SEAM,434,8|R2-SIDE,true,true,REGION-2-VAPOR-SEAM-C3,REGION-2-VAPOR-SEAM-C3,SuperheatedVapor,SuperheatedVapor,4631859168258104440,4631859168258104440,4577385017030962909,4577385017030962909,false,false,0,0,2,true,true
SEAM,435,9|R1-SIDE,true,true,REGION-1-NEAR-BOUNDARY-C2,REGION-1-NEAR-BOUNDARY-C2,SubcooledLiquid,SubcooledLiquid,4631859287936183608,4631859287936183608,4577643660556617980,4577643660556617980,false,false,0,0,2,true,true
SEAM,436,9|R4-LIQUID-SIDE,true,true,REGION-4-MIXTURE-TABLE-C2,REGION-4-MIXTURE-TABLE-C2,SaturatedMixture,SaturatedMixture,4631859287943020544,4631859287943020544,4577385656844440086,4577385656844440086,true,true,4517328787104861247,4517328787104861247,2,true,true
SEAM,437,9|R4-VAPOR-SIDE,true,true,REGION-4-MIXTURE-TABLE-C2,REGION-4-MIXTURE-TABLE-C2,SaturatedMixture,SaturatedMixture,4631859495558042040,4631859495558042040,4577386119929117522,4577386119929117522,true,true,4607182402094491904,4607182402094491904,2,true,true
SEAM,438,9|R2-SIDE,true,true,REGION-2-VAPOR-SEAM-C3,REGION-2-VAPOR-SEAM-C3,SuperheatedVapor,SuperheatedVapor,4631859258409827752,4631859258409827752,4577385218811226441,4577385218811226441,false,false,0,0,2,true,true
SEAM,439,10|R1-SIDE,true,true,REGION-1-NEAR-BOUNDARY-C2,REGION-1-NEAR-BOUNDARY-C2,SubcooledLiquid,SubcooledLiquid,4631863727489835928,4631863727489835928,4577622016469949572,4577622016469949572,false,false,0,0,2,true,true
SEAM,440,10|R4-LIQUID-SIDE,true,true,REGION-4-MIXTURE-TABLE-C2,REGION-4-MIXTURE-TABLE-C2,SaturatedMixture,SaturatedMixture,4631863727496364032,4631863727496364032,4577395559254743222,4577395559254743222,true,true,4517328836378526664,4517328836378526664,2,true,true
SEAM,441,10|R4-VAPOR-SIDE,true,true,REGION-4-MIXTURE-TABLE-C2,REGION-4-MIXTURE-TABLE-C2,SaturatedMixture,SaturatedMixture,4631863909625187592,4631863909625187592,4577395965492533223,4577395965492533223,true,true,4607182403038480001,4607182403038480001,2,true,true
SEAM,442,10|R2-SIDE,true,true,REGION-2-VAPOR-SEAM-C3,REGION-2-VAPOR-SEAM-C3,SuperheatedVapor,SuperheatedVapor,4631863698284093136,4631863698284093136,4577395167793403895,4577395167793403895,false,false,0,0,2,true,true
SEAM,443,11|R1-SIDE,true,true,REGION-1-NEAR-BOUNDARY-C2,REGION-1-NEAR-BOUNDARY-C2,SubcooledLiquid,SubcooledLiquid,4631865123364459528,4631865123364459528,4577613264913610029,4577613264913610029,false,false,0,0,2,true,true
SEAM,444,11|R4-LIQUID-SIDE,true,true,REGION-4-MIXTURE-TABLE-C2,REGION-4-MIXTURE-TABLE-C2,SaturatedMixture,SaturatedMixture,4631865123370172416,4631865123370172416,4577398672747050348,4577398672747050348,true,true,4517328854960114432,4517328854960114432,2,true,true
SEAM,445,11|R4-VAPOR-SIDE,true,true,REGION-4-MIXTURE-TABLE-C2,REGION-4-MIXTURE-TABLE-C2,SaturatedMixture,SaturatedMixture,4631865295926470680,4631865295926470680,4577399057633351662,4577399057633351662,true,true,4607182403393593464,4607182403393593464,2,true,true
SEAM,446,11|R2-SIDE,true,true,REGION-2-VAPOR-SEAM-C3,REGION-2-VAPOR-SEAM-C3,SuperheatedVapor,SuperheatedVapor,4631865093838707720,4631865093838707720,4577398297059303415,4577398297059303415,false,false,0,0,2,true,true
SEAM,447,12|R1-SIDE,true,true,REGION-1-NEAR-BOUNDARY-C2,REGION-1-NEAR-BOUNDARY-C2,SubcooledLiquid,SubcooledLiquid,4631868559307679848,4631868559307679848,4577587757104753206,4577587757104753206,false,false,0,0,2,true,true
SEAM,448,12|R4-LIQUID-SIDE,true,true,REGION-4-MIXTURE-TABLE-C2,REGION-4-MIXTURE-TABLE-C2,SaturatedMixture,SaturatedMixture,4631868559312551936,4631868559312551936,4577406336606134245,4577406336606134245,true,true,4517328907008704724,4517328907008704724,2,true,true
SEAM,449,12|R4-VAPOR-SIDE,true,true,REGION-4-MIXTURE-TABLE-C2,REGION-4-MIXTURE-TABLE-C2,SaturatedMixture,SaturatedMixture,4631868705129421152,4631868705129421152,4577406661850219934,4577406661850219934,true,true,4607182404385455042,4607182404385455042,2,true,true
SEAM,450,12|R2-SIDE,true,true,REGION-2-VAPOR-SEAM-C3,REGION-2-VAPOR-SEAM-C3,SuperheatedVapor,SuperheatedVapor,4631868529992570400,4631868529992570400,4577406009505158364,4577406009505158364,false,false,0,0,2,true,true
SEAM,451,13|R1-SIDE,true,true,REGION-1-NEAR-BOUNDARY-C2,REGION-1-NEAR-BOUNDARY-C2,SubcooledLiquid,SubcooledLiquid,4631871279596342264,4631871279596342264,4577563562476420540,4577563562476420540,false,false,0,0,2,true,true
SEAM,452,13|R4-LIQUID-SIDE,true,true,REGION-4-MIXTURE-TABLE-C2,REGION-4-MIXTURE-TABLE-C2,SaturatedMixture,SaturatedMixture,4631871279600762880,4631871279600762880,4577412404200759970,4577412404200759970,true,true,4517328954591448198,4517328954591448198,2,true,true
SEAM,453,13|R4-VAPOR-SIDE,true,true,REGION-4-MIXTURE-TABLE-C2,REGION-4-MIXTURE-TABLE-C2,SaturatedMixture,SaturatedMixture,4631871401047568608,4631871401047568608,4577412675087492758,4577412675087492758,true,true,4607182405289239101,4607182405289239101,2,true,true
SEAM,454,13|R2-SIDE,true,true,REGION-2-VAPOR-SEAM-C3,REGION-2-VAPOR-SEAM-C3,SuperheatedVapor,SuperheatedVapor,4631871250235636952,4631871250235636952,4577412120517101877,4577412120517101877,false,false,0,0,2,true,true
SEAM,455,14|R1-SIDE,true,true,REGION-1-NEAR-BOUNDARY-C2,REGION-1-NEAR-BOUNDARY-C2,SubcooledLiquid,SubcooledLiquid,4631873554728564960,4631873554728564960,4577540613292305221,4577540613292305221,false,false,0,0,2,true,true
SEAM,456,14|R4-LIQUID-SIDE,true,true,REGION-4-MIXTURE-TABLE-C2,REGION-4-MIXTURE-TABLE-C2,SaturatedMixture,SaturatedMixture,4631873554732810240,4631873554732810240,4577417478875909401,4577417478875909401,true,true,4517328998722075803,4517328998722075803,2,true,true
SEAM,457,14|R4-VAPOR-SIDE,true,true,REGION-4-MIXTURE-TABLE-C2,REGION-4-MIXTURE-TABLE-C2,SaturatedMixture,SaturatedMixture,4631873653628261104,4631873653628261104,4577417699461913383,4577417699461913383,true,true,4607182406125171660,4607182406125171660,2,true,true
SEAM,458,14|R2-SIDE,true,true,REGION-2-VAPOR-SEAM-C3,REGION-2-VAPOR-SEAM-C3,SuperheatedVapor,SuperheatedVapor,4631873525136137368,4631873525136137368,4577417234666065908,4577417234666065908,false,false,0,0,2,true,true
SEAM,459,15|R1-SIDE,true,true,REGION-1-NEAR-BOUNDARY-C2,REGION-1-NEAR-BOUNDARY-C2,SubcooledLiquid,SubcooledLiquid,4631877007336667624,4631877007336667624,4577501065856154844,4577501065856154844,false,false,0,0,2,true,true
SEAM,460,15|R4-LIQUID-SIDE,true,true,REGION-4-MIXTURE-TABLE-C2,REGION-4-MIXTURE-TABLE-C2,SaturatedMixture,SaturatedMixture,4631877007339159552,4631877007339159552,4577425179903927512,4577425179903927512,true,true,4517329073247172316,4517329073247172316,2,true,true
SEAM,461,15|R4-VAPOR-SIDE,true,true,REGION-4-MIXTURE-TABLE-C2,REGION-4-MIXTURE-TABLE-C2,SaturatedMixture,SaturatedMixture,4631877068244341504,4631877068244341504,4577425315752751629,4577425315752751629,true,true,4607182407534614007,4607182407534614007,2,true,true
SEAM,462,15|R2-SIDE,true,true,REGION-2-VAPOR-SEAM-C3,REGION-2-VAPOR-SEAM-C3,SuperheatedVapor,SuperheatedVapor,4631876977954741720,4631876977954741720,4577425004730399502,4577425004730399502,false,false,0,0,2,true,true
SEAM,463,16|R1-SIDE,true,true,REGION-1-NEAR-BOUNDARY-C2,REGION-1-NEAR-BOUNDARY-C2,SubcooledLiquid,SubcooledLiquid,4631878583454797408,4631878583454797408,4577481120609293759,4577481120609293759,false,false,0,0,2,true,true
SEAM,464,16|R4-LIQUID-SIDE,true,true,REGION-4-MIXTURE-TABLE-C2,REGION-4-MIXTURE-TABLE-C2,SaturatedMixture,SaturatedMixture,4631878583456890880,4631878583456890880,4577428695429759532,4577428695429759532,true,true,4517329110301278015,4517329110301278015,2,true,true
SEAM,465,16|R4-VAPOR-SIDE,true,true,REGION-4-MIXTURE-TABLE-C2,REGION-4-MIXTURE-TABLE-C2,SaturatedMixture,SaturatedMixture,4631878625509650064,4631878625509650064,4577428789228311666,4577428789228311666,true,true,4607182408233292731,4607182408233292731,2,true,true
SEAM,466,16|R2-SIDE,true,true,REGION-2-VAPOR-SEAM-C3,REGION-2-VAPOR-SEAM-C3,SuperheatedVapor,SuperheatedVapor,4631878553972351120,4631878553972351120,4577428553730155287,4577428553730155287,false,false,0,0,2,true,true
SEAM,467,17|R1-SIDE,true,true,REGION-1-NEAR-BOUNDARY-C2,REGION-1-NEAR-BOUNDARY-C2,SubcooledLiquid,SubcooledLiquid,4631881445064797888,4631881445064797888,4577441877383873771,4577441877383873771,false,false,0,0,2,true,true
SEAM,468,17|R4-LIQUID-SIDE,true,true,REGION-4-MIXTURE-TABLE-C2,REGION-4-MIXTURE-TABLE-C2,SaturatedMixture,SaturatedMixture,4631881445065883648,4631881445065883648,4577435078239961621,4577435078239961621,true,true,4517329182445013413,4517329182445013413,2,true,true
SEAM,469,17|R4-VAPOR-SIDE,true,true,REGION-4-MIXTURE-TABLE-C2,REGION-4-MIXTURE-TABLE-C2,SaturatedMixture,SaturatedMixture,4631881450475366400,4631881450475366400,4577435090305796532,4577435090305796532,true,true,4607182409592651019,4607182409592651019,2,true,true
SEAM,470,17|R2-SIDE,true,true,REGION-2-VAPOR-SEAM-C3,REGION-2-VAPOR-SEAM-C3,SuperheatedVapor,SuperheatedVapor,4631881415536825952,4631881415536825952,4577435002283113306,4577435002283113306,false,false,0,0,2,true,true
SEAM,471,18|R1-SIDE,true,true,REGION-1-NEAR-BOUNDARY-C2,REGION-1-NEAR-BOUNDARY-C2,SubcooledLiquid,SubcooledLiquid,4631883626832118368,4631883626832118368,4577469164549324177,4577469164549324177,false,false,0,0,2,true,true
SEAM,472,18|R4-LIQUID-SIDE,true,true,REGION-4-MIXTURE-TABLE-C2,REGION-4-MIXTURE-TABLE-C2,SaturatedMixture,SaturatedMixture,4631883626833772544,4631883626833772544,4577440031686025329,4577440031686025329,true,true,4517329147738825206,4517329147738825206,2,true,true
SEAM,473,18|R4-VAPOR-SIDE,true,true,REGION-4-MIXTURE-TABLE-C2,REGION-4-MIXTURE-TABLE-C2,SaturatedMixture,SaturatedMixture,4631883650393724520,4631883650393724520,4577440085388968546,4577440085388968546,true,true,4607182408919939381,4607182408919939381,2,true,true
SEAM,474,18|R2-SIDE,true,true,REGION-2-VAPOR-SEAM-C3,REGION-2-VAPOR-SEAM-C3,SuperheatedVapor,SuperheatedVapor,4631883597475386152,4631883597475386152,4577439923432786906,4577439923432786906,false,false,0,0,2,true,true
SEAM,475,19|R1-SIDE,true,true,REGION-1-NEAR-BOUNDARY-C2,REGION-1-NEAR-BOUNDARY-C2,SubcooledLiquid,SubcooledLiquid,4631883900552012224,4631883900552012224,4577474127897282096,4577474127897282096,false,false,0,0,2,true,true
SEAM,476,19|R4-LIQUID-SIDE,true,true,REGION-4-MIXTURE-TABLE-C2,REGION-4-MIXTURE-TABLE-C2,SaturatedMixture,SaturatedMixture,4631883900553003008,4631883900553003008,4577440655606155020,4577440655606155020,true,true,4517329140963097631,4517329140963097631,2,true,true
SEAM,477,19|R4-VAPOR-SIDE,true,true,REGION-4-MIXTURE-TABLE-C2,REGION-4-MIXTURE-TABLE-C2,SaturatedMixture,SaturatedMixture,4631883927629548536,4631883927629548536,4577440717324879620,4577440717324879620,true,true,4607182408789600263,4607182408789600263,2,true,true
SEAM,478,19|R2-SIDE,true,true,REGION-2-VAPOR-SEAM-C3,REGION-2-VAPOR-SEAM-C3,SuperheatedVapor,SuperheatedVapor,4631883871146199152,4631883871146199152,4577440540776760523,4577440540776760523,false,false,0,0,2,true,true
SEAM,479,20|R1-SIDE,true,true,REGION-1-NEAR-BOUNDARY-C2,REGION-1-NEAR-BOUNDARY-C2,SubcooledLiquid,SubcooledLiquid,4631888642176004840,4631888642176004840,4577554432134900874,4577554432134900874,false,false,0,0,2,true,true
SEAM,480,20|R4-LIQUID-SIDE,true,true,REGION-4-MIXTURE-TABLE-C2,REGION-4-MIXTURE-TABLE-C2,SaturatedMixture,SaturatedMixture,4631888642179072000,4631888642179072000,4577451463746843210,4577451463746843210,true,true,4517329032323268484,4517329032323268484,2,true,true
SEAM,481,20|R4-VAPOR-SIDE,true,true,REGION-4-MIXTURE-TABLE-C2,REGION-4-MIXTURE-TABLE-C2,SaturatedMixture,SaturatedMixture,4631888725527695728,4631888725527695728,4577451653733071218,4577451653733071218,true,true,4607182406704428396,4607182406704428396,2,true,true
SEAM,482,20|R2-SIDE,true,true,REGION-2-VAPOR-SEAM-C3,REGION-2-VAPOR-SEAM-C3,SuperheatedVapor,SuperheatedVapor,4631888612860155840,4631888612860155840,4577451247048847401,4577451247048847401,false,false,0,0,2,true,true
SEAM,483,21|R1-SIDE,true,true,REGION-1-NEAR-BOUNDARY-C2,REGION-1-NEAR-BOUNDARY-C2,SubcooledLiquid,SubcooledLiquid,4631893616995664776,4631893616995664776,4577627152831906363,4577627152831906363,false,false,0,0,2,true,true
SEAM,484,21|R4-LIQUID-SIDE,true,true,REGION-4-MIXTURE-TABLE-C2,REGION-4-MIXTURE-TABLE-C2,SaturatedMixture,SaturatedMixture,4631893617000054784,4631893617000054784,4577462803435865105,4577462803435865105,true,true,4517328936119826455,4517328936119826455,2,true,true
SEAM,485,21|R4-VAPOR-SIDE,true,true,REGION-4-MIXTURE-TABLE-C2,REGION-4-MIXTURE-TABLE-C2,SaturatedMixture,SaturatedMixture,4631893749986427656,4631893749986427656,4577463106567197404,4577463106567197404,true,true,4607182404864429949,4607182404864429949,2,true,true
SEAM,486,21|R2-SIDE,true,true,REGION-2-VAPOR-SEAM-C3,REGION-2-VAPOR-SEAM-C3,SuperheatedVapor,SuperheatedVapor,4631893587552933880,4631893587552933880,4577462495806688524,4577462495806688524,false,false,0,0,2,true,true
SEAM,487,22|R1-SIDE,true,true,REGION-1-NEAR-BOUNDARY-C2,REGION-1-NEAR-BOUNDARY-C2,SubcooledLiquid,SubcooledLiquid,4631898552592356824,4631898552592356824,4577687634119539386,4577687634119539386,false,false,0,0,2,true,true
SEAM,488,22|R4-LIQUID-SIDE,true,true,REGION-4-MIXTURE-TABLE-C2,REGION-4-MIXTURE-TABLE-C2,SaturatedMixture,SaturatedMixture,4631898552598003712,4631898552598003712,4577474053719256532,4577474053719256532,true,true,4517328858721360426,4517328858721360426,2,true,true
SEAM,489,22|R4-VAPOR-SIDE,true,true,REGION-4-MIXTURE-TABLE-C2,REGION-4-MIXTURE-TABLE-C2,SaturatedMixture,SaturatedMixture,4631898725336132928,4631898725336132928,4577474447461398080,4577474447461398080,true,true,4607182403391192868,4607182403391192868,2,true,true
SEAM,490,22|R2-SIDE,true,true,REGION-2-VAPOR-SEAM-C3,REGION-2-VAPOR-SEAM-C3,SuperheatedVapor,SuperheatedVapor,4631898523058964024,4631898523058964024,4577473673080494821,4577473673080494821,false,false,0,0,2,true,true
SEAM,491,23|R1-SIDE,true,true,REGION-1-NEAR-BOUNDARY-C2,REGION-1-NEAR-BOUNDARY-C2,SubcooledLiquid,SubcooledLiquid,4631903456739028808,4631903456739028808,4577736225327690591,4577736225327690591,false,false,0,0,2,true,true
SEAM,492,23|R4-LIQUID-SIDE,true,true,REGION-4-MIXTURE-TABLE-C2,REGION-4-MIXTURE-TABLE-C2,SaturatedMixture,SaturatedMixture,4631903456746012672,4631903456746012672,4577485232315135944,4577485232315135944,true,true,4517328799674851536,4517328799674851536,2,true,true
SEAM,493,23|R4-VAPOR-SIDE,true,true,REGION-4-MIXTURE-TABLE-C2,REGION-4-MIXTURE-TABLE-C2,SaturatedMixture,SaturatedMixture,4631903659634804800,4631903659634804800,4577485694783195924,4577485694783195924,true,true,4607182402272892754,4607182402272892754,2,true,true
SEAM,494,23|R2-SIDE,true,true,REGION-2-VAPOR-SEAM-C3,REGION-2-VAPOR-SEAM-C3,SuperheatedVapor,SuperheatedVapor,4631903427453315376,4631903427453315376,4577484797359315730,4577484797359315730,false,false,0,0,2,true,true
SEAM,495,24|R1-SIDE,true,true,REGION-1-NEAR-BOUNDARY-C2,REGION-1-NEAR-BOUNDARY-C2,SubcooledLiquid,SubcooledLiquid,4631908341379264136,4631908341379264136,4577773227972880900,4577773227972880900,false,false,0,0,2,true,true
SEAM,496,24|R4-LIQUID-SIDE,true,true,REGION-4-MIXTURE-TABLE-C2,REGION-4-MIXTURE-TABLE-C2,SaturatedMixture,SaturatedMixture,4631908341386313728,4631908341386313728,4577496366444824126,4577496366444824126,true,true,4517328758612873243,4517328758612873243,2,true,true
SEAM,497,24|R4-VAPOR-SIDE,true,true,REGION-4-MIXTURE-TABLE-C2,REGION-4-MIXTURE-TABLE-C2,SaturatedMixture,SaturatedMixture,4631908565064714408,4631908565064714408,4577496876301060847,4577496876301060847,true,true,4607182401502638345,4607182401502638345,2,true,true
SEAM,498,24|R2-SIDE,true,true,REGION-2-VAPOR-SEAM-C3,REGION-2-VAPOR-SEAM-C3,SuperheatedVapor,SuperheatedVapor,4631908312128196640,4631908312128196640,4577495893252286603,4577495893252286603,false,false,0,0,2,true,true
SEAM,499,25|R1-SIDE,true,true,REGION-1-NEAR-BOUNDARY-C2,REGION-1-NEAR-BOUNDARY-C2,SubcooledLiquid,SubcooledLiquid,4631913219899755416,4631913219899755416,4577798837301142323,4577798837301142323,false,false,0,0,2,true,true
SEAM,500,25|R4-LIQUID-SIDE,true,true,REGION-4-MIXTURE-TABLE-C2,REGION-4-MIXTURE-TABLE-C2,SaturatedMixture,SaturatedMixture,4631913219907125248,4631913219907125248,4577507486625646897,4577507486625646897,true,true,4517328735338773160,4517328735338773160,2,true,true
SEAM,501,25|R4-VAPOR-SIDE,true,true,REGION-4-MIXTURE-TABLE-C2,REGION-4-MIXTURE-TABLE-C2,SaturatedMixture,SaturatedMixture,4631913455161008264,4631913455161008264,4577508022867229035,4577508022867229035,true,true,4607182401074126380,4607182401074126380,2,true,true
SEAM,502,25|R2-SIDE,true,true,REGION-2-VAPOR-SEAM-C3,REGION-2-VAPOR-SEAM-C3,SuperheatedVapor,SuperheatedVapor,4631913190458862016,4631913190458862016,4577506991006371019,4577506991006371019,false,false,0,0,2,true,true
SEAM,503,26|R1-SIDE,true,true,REGION-1-NEAR-BOUNDARY-C2,REGION-1-NEAR-BOUNDARY-C2,SubcooledLiquid,SubcooledLiquid,4631918105207225240,4631918105207225240,4577813122992717491,4577813122992717491,false,false,0,0,2,true,true
SEAM,504,26|R4-LIQUID-SIDE,true,true,REGION-4-MIXTURE-TABLE-C2,REGION-4-MIXTURE-TABLE-C2,SaturatedMixture,SaturatedMixture,4631918105215369216,4631918105215369216,4577518622277855172,4577518622277855172,true,true,4517328729849855919,4517328729849855919,2,true,true
SEAM,505,26|R4-VAPOR-SIDE,true,true,REGION-4-MIXTURE-TABLE-C2,REGION-4-MIXTURE-TABLE-C2,SaturatedMixture,SaturatedMixture,4631918342877572576,4631918342877572576,4577519164009002426,4577519164009002426,true,true,4607182400983699360,4607182400983699360,2,true,true
SEAM,506,26|R2-SIDE,true,true,REGION-2-VAPOR-SEAM-C3,REGION-2-VAPOR-SEAM-C3,SuperheatedVapor,SuperheatedVapor,4631918075754235208,4631918075754235208,4577518121646668686,4577518121646668686,false,false,0,0,2,true,true
SEAM,507,27|R1-SIDE,true,true,REGION-1-NEAR-BOUNDARY-C2,REGION-1-NEAR-BOUNDARY-C2,SubcooledLiquid,SubcooledLiquid,4631923008369047904,4631923008369047904,4577816035626342061,4577816035626342061,false,false,0,0,2,true,true
SEAM,508,27|R4-LIQUID-SIDE,true,true,REGION-4-MIXTURE-TABLE-C2,REGION-4-MIXTURE-TABLE-C2,SaturatedMixture,SaturatedMixture,4631923008376668160,4631923008376668160,4577529798624611492,4577529798624611492,true,true,4517328742323860084,4517328742323860084,2,true,true
SEAM,509,27|R4-VAPOR-SIDE,true,true,REGION-4-MIXTURE-TABLE-C2,REGION-4-MIXTURE-TABLE-C2,SaturatedMixture,SaturatedMixture,4631923239237787088,4631923239237787088,4577530324853254659,4577530324853254659,true,true,4607182401235981902,4607182401235981902,2,true,true
SEAM,510,27|R2-SIDE,true,true,REGION-2-VAPOR-SEAM-C3,REGION-2-VAPOR-SEAM-C3,SuperheatedVapor,SuperheatedVapor,4631922979096026976,4631922979096026976,4577529310599266812,4577529310599266812,false,false,0,0,2,true,true
SEAM,511,28|R1-SIDE,true,true,REGION-1-NEAR-BOUNDARY-C2,REGION-1-NEAR-BOUNDARY-C2,SubcooledLiquid,SubcooledLiquid,4631927937754452536,4631927937754452536,4577807430076455538,4577807430076455538,false,false,0,0,2,true,true
SEAM,512,28|R4-LIQUID-SIDE,true,true,REGION-4-MIXTURE-TABLE-C2,REGION-4-MIXTURE-TABLE-C2,SaturatedMixture,SaturatedMixture,4631927937761804288,4631927937761804288,4577541034746414928,4577541034746414928,true,true,4517328773083091961,4517328773083091961,2,true,true
SEAM,513,28|R4-VAPOR-SIDE,true,true,REGION-4-MIXTURE-TABLE-C2,REGION-4-MIXTURE-TABLE-C2,SaturatedMixture,SaturatedMixture,4631928152493276096,4631928152493276096,4577541524208874406,4577541524208874406,true,true,4607182401833092439,4607182401833092439,2,true,true
SEAM,514,28|R2-SIDE,true,true,REGION-2-VAPOR-SEAM-C3,REGION-2-VAPOR-SEAM-C3,SuperheatedVapor,SuperheatedVapor,4631927908453836688,4631927908453836688,4577540575576406907,4577540575576406907,false,false,0,0,2,true,true
SEAM,515,29|R1-SIDE,true,true,REGION-1-NEAR-BOUNDARY-C2,REGION-1-NEAR-BOUNDARY-C2,SubcooledLiquid,SubcooledLiquid,4631932898580890664,4631932898580890664,4577787098648126138,4577787098648126138,false,false,0,0,2,true,true
SEAM,516,29|R4-LIQUID-SIDE,true,true,REGION-4-MIXTURE-TABLE-C2,REGION-4-MIXTURE-TABLE-C2,SaturatedMixture,SaturatedMixture,4631932898587443200,4631932898587443200,4577552342534219108,4577552342534219108,true,true,4517328822539052512,4517328822539052512,2,true,true
SEAM,517,29|R4-VAPOR-SIDE,true,true,REGION-4-MIXTURE-TABLE-C2,REGION-4-MIXTURE-TABLE-C2,SaturatedMixture,SaturatedMixture,4631933087701247344,4631933087701247344,4577552773603344267,4577552773603344267,true,true,4607182402783161817,4607182402783161817,2,true,true
SEAM,518,29|R2-SIDE,true,true,REGION-2-VAPOR-SEAM-C3,REGION-2-VAPOR-SEAM-C3,SuperheatedVapor,SuperheatedVapor,4631932869068587008,4631932869068587008,4577551928914990977,4577551928914990977,false,false,0,0,2,true,true
SEAM,519,30|R1-SIDE,true,true,REGION-1-NEAR-BOUNDARY-C2,REGION-1-NEAR-BOUNDARY-C2,SubcooledLiquid,SubcooledLiquid,4631937892799511056,4631937892799511056,4577754808282296958,4577754808282296958,false,false,0,0,2,true,true
SEAM,520,30|R4-LIQUID-SIDE,true,true,REGION-4-MIXTURE-TABLE-C2,REGION-4-MIXTURE-TABLE-C2,SaturatedMixture,SaturatedMixture,4631937892804984832,4631937892804984832,4577563726436077246,4577563726436077246,true,true,4517328891135491642,4517328891135491642,2,true,true
SEAM,521,30|R4-VAPOR-SIDE,true,true,REGION-4-MIXTURE-TABLE-C2,REGION-4-MIXTURE-TABLE-C2,SaturatedMixture,SaturatedMixture,4631938046637416928,4631938046637416928,4577564077084260850,4577564077084260850,true,true,4607182404090414087,4607182404090414087,2,true,true
SEAM,522,30|R2-SIDE,true,true,REGION-2-VAPOR-SEAM-C3,REGION-2-VAPOR-SEAM-C3,SuperheatedVapor,SuperheatedVapor,4631937863223190224,4631937863223190224,4577563376802005359,4577563376802005359,false,false,0,0,2,true,true
SEAM,523,31|R1-SIDE,true,true,REGION-1-NEAR-BOUNDARY-C2,REGION-1-NEAR-BOUNDARY-C2,SubcooledLiquid,SubcooledLiquid,4631942919225791968,4631942919225791968,4577710337522543681,4577710337522543681,false,false,0,0,2,true,true
SEAM,524,31|R4-LIQUID-SIDE,true,true,REGION-4-MIXTURE-TABLE-C2,REGION-4-MIXTURE-TABLE-C2,SaturatedMixture,SaturatedMixture,4631942919229538304,4631942919229538304,4577575183751129514,4577575183751129514,true,true,4517328979289724596,4517328979289724596,2,true,true
SEAM,525,31|R4-VAPOR-SIDE,true,true,REGION-4-MIXTURE-TABLE-C2,REGION-4-MIXTURE-TABLE-C2,SaturatedMixture,SaturatedMixture,4631943027958868840,4631943027958868840,4577575431590559324,4577575431590559324,true,true,4607182405762307974,4607182405762307974,2,true,true
SEAM,526,31|R2-SIDE,true,true,REGION-2-VAPOR-SEAM-C3,REGION-2-VAPOR-SEAM-C3,SuperheatedVapor,SuperheatedVapor,4631942889803890064,4631942889803890064,4577574917185462350,4577574917185462350,false,false,0,0,2,true,true
SEAM,527,32|R1-SIDE,true,true,REGION-1-NEAR-BOUNDARY-C2,REGION-1-NEAR-BOUNDARY-C2,SubcooledLiquid,SubcooledLiquid,4631947973852207824,4631947973852207824,4577653510017594619,4577653510017594619,false,false,0,0,2,true,true
SEAM,528,32|R4-LIQUID-SIDE,true,true,REGION-4-MIXTURE-TABLE-C2,REGION-4-MIXTURE-TABLE-C2,SaturatedMixture,SaturatedMixture,4631947973854494720,4631947973854494720,4577586705346645496,4577586705346645496,true,true,4517329087341132395,4517329087341132395,2,true,true
SEAM,529,32|R4-VAPOR-SIDE,true,true,REGION-4-MIXTURE-TABLE-C2,REGION-4-MIXTURE-TABLE-C2,SaturatedMixture,SaturatedMixture,4631948027540991328,4631948027540991328,4577586827720531578,4577586827720531578,true,true,4607182407802485326,4607182407802485326,2,true,true
SEAM,530,32|R2-SIDE,true,true,REGION-2-VAPOR-SEAM-C3,REGION-2-VAPOR-SEAM-C3,SuperheatedVapor,SuperheatedVapor,4631947944437017360,4631947944437017360,4577586539703844863,4577586539703844863,false,false,0,0,2,true,true
SEAM,531,33|R1-SIDE,true,true,REGION-1-NEAR-BOUNDARY-C2,REGION-1-NEAR-BOUNDARY-C2,SubcooledLiquid,SubcooledLiquid,4631953050259379688,4631953050259379688,4577612124586510222,4577612124586510222,false,false,0,0,2,true,true
SEAM,532,33|R4-LIQUID-SIDE,true,true,REGION-4-MIXTURE-TABLE-C2,REGION-4-MIXTURE-TABLE-C2,SaturatedMixture,SaturatedMixture,4631953050260471808,4631953050260471808,4577598318095121800,4577598318095121800,true,true,4517329171611628793,4517329171611628793,2,true,true
SEAM,533,33|R4-VAPOR-SIDE,true,true,REGION-4-MIXTURE-TABLE-C2,REGION-4-MIXTURE-TABLE-C2,SaturatedMixture,SaturatedMixture,4631953061415973248,4631953061415973248,4577598344078648246,4577598344078648246,true,true,4607182409379499509,4607182409379499509,2,true,true
SEAM,534,33|R2-SIDE,true,true,REGION-2-VAPOR-SEAM-C3,REGION-2-VAPOR-SEAM-C3,SuperheatedVapor,SuperheatedVapor,4631953020736599128,4631953020736599128,4577598229993100080,4577598229993100080,false,false,0,0,2,true,true
SEAM,535,34|R1-SIDE,true,true,REGION-1-NEAR-BOUNDARY-C2,REGION-1-NEAR-BOUNDARY-C2,SubcooledLiquid,SubcooledLiquid,4631958140072624088,4631958140072624088,4577700747887407835,4577700747887407835,false,false,0,0,2,true,true
SEAM,536,34|R4-LIQUID-SIDE,true,true,REGION-4-MIXTURE-TABLE-C2,REGION-4-MIXTURE-TABLE-C2,SaturatedMixture,SaturatedMixture,4631958140075638784,4631958140075638784,4577610173353061158,4577610173353061158,true,true,4517329051374785660,4517329051374785660,2,true,true
SEAM,537,34|R4-VAPOR-SIDE,true,true,REGION-4-MIXTURE-TABLE-C2,REGION-4-MIXTURE-TABLE-C2,SaturatedMixture,SaturatedMixture,4631958213497553936,4631958213497553936,4577610344368257966,4577610344368257966,true,true,4607182407072664817,4607182407072664817,2,true,true
SEAM,538,34|R2-SIDE,true,true,REGION-2-VAPOR-SEAM-C3,REGION-2-VAPOR-SEAM-C3,SuperheatedVapor,SuperheatedVapor,4631958110404161968,4631958110404161968,4577609969172028328,4577609969172028328,false,false,0,0,2,true,true
SEAM,539,35|R1-SIDE,true,true,REGION-1-NEAR-BOUNDARY-C2,REGION-1-NEAR-BOUNDARY-C2,SubcooledLiquid,SubcooledLiquid,4631963233665737536,4631963233665737536,4577777119604155405,4577777119604155405,false,false,0,0,2,true,true
SEAM,540,35|R4-LIQUID-SIDE,true,true,REGION-4-MIXTURE-TABLE-C2,REGION-4-MIXTURE-TABLE-C2,SaturatedMixture,SaturatedMixture,4631963233669873664,4631963233669873664,4577622037413250358,4577622037413250358,true,true,4517328950071336889,4517328950071336889,2,true,true
SEAM,541,35|R4-VAPOR-SIDE,true,true,REGION-4-MIXTURE-TABLE-C2,REGION-4-MIXTURE-TABLE-C2,SaturatedMixture,SaturatedMixture,4631963359345492448,4631963359345492448,4577622330138394292,4577622330138394292,true,true,4607182405135918966,4607182405135918966,2,true,true
SEAM,542,35|R2-SIDE,true,true,REGION-2-VAPOR-SEAM-C3,REGION-2-VAPOR-SEAM-C3,SuperheatedVapor,SuperheatedVapor,4631963204030906616,4631963204030906616,4577621736202019860,4577621736202019860,false,false,0,0,2,true,true
SEAM,543,36|R1-SIDE,true,true,REGION-1-NEAR-BOUNDARY-C2,REGION-1-NEAR-BOUNDARY-C2,SubcooledLiquid,SubcooledLiquid,4631968320425142072,4631968320425142072,4577841096502653297,4577841096502653297,false,false,0,0,2,true,true
SEAM,544,36|R4-LIQUID-SIDE,true,true,REGION-4-MIXTURE-TABLE-C2,REGION-4-MIXTURE-TABLE-C2,SaturatedMixture,SaturatedMixture,4631968320430538752,4631968320430538752,4577633885556607634,4577633885556607634,true,true,4517328867955808436,4517328867955808436,2,true,true
SEAM,545,36|R4-VAPOR-SIDE,true,true,REGION-4-MIXTURE-TABLE-C2,REGION-4-MIXTURE-TABLE-C2,SaturatedMixture,SaturatedMixture,4631968488268994480,4631968488268994480,4577634276487932156,4577634276487932156,true,true,4607182403575189698,4607182403575189698,2,true,true
SEAM,546,36|R2-SIDE,true,true,REGION-2-VAPOR-SEAM-C3,REGION-2-VAPOR-SEAM-C3,SuperheatedVapor,SuperheatedVapor,4631968290995226920,4631968290995226920,4577633506541948194,4577633506541948194,false,false,0,0,2,true,true
SEAM,547,37|R1-SIDE,true,true,REGION-1-NEAR-BOUNDARY-C2,REGION-1-NEAR-BOUNDARY-C2,SubcooledLiquid,SubcooledLiquid,4631973389290927568,4631973389290927568,4577892633772508998,4577892633772508998,false,false,0,0,2,true,true
SEAM,548,37|R4-LIQUID-SIDE,true,true,REGION-4-MIXTURE-TABLE-C2,REGION-4-MIXTURE-TABLE-C2,SaturatedMixture,SaturatedMixture,4631973389297254400,4631973389297254400,4577645692021165350,4577645692021165350,true,true,4517328805128008912,4517328805128008912,2,true,true
SEAM,549,37|R4-VAPOR-SIDE,true,true,REGION-4-MIXTURE-TABLE-C2,REGION-4-MIXTURE-TABLE-C2,SaturatedMixture,SaturatedMixture,4631973589209588272,4631973589209588272,4577646157659347811,4577646157659347811,true,true,4607182402386579655,4607182402386579655,2,true,true
SEAM,550,37|R2-SIDE,true,true,REGION-2-VAPOR-SEAM-C3,REGION-2-VAPOR-SEAM-C3,SuperheatedVapor,SuperheatedVapor,4631973359944704168,4631973359944704168,4577645253279788410,4577645253279788410,false,false,0,0,2,true,true
SEAM,551,38|R1-SIDE,true,true,REGION-1-NEAR-BOUNDARY-C2,REGION-1-NEAR-BOUNDARY-C2,SubcooledLiquid,SubcooledLiquid,4631978429160549064,4631978429160549064,4577931792311678124,4577931792311678124,false,false,0,0,2,true,true
SEAM,552,38|R4-LIQUID-SIDE,true,true,REGION-4-MIXTURE-TABLE-C2,REGION-4-MIXTURE-TABLE-C2,SaturatedMixture,SaturatedMixture,4631978429167697920,4631978429167697920,4577657430947261630,4577657430947261630,true,true,4517328761522530720,4517328761522530720,2,true,true
SEAM,553,38|R4-VAPOR-SIDE,true,true,REGION-4-MIXTURE-TABLE-C2,REGION-4-MIXTURE-TABLE-C2,SaturatedMixture,SaturatedMixture,4631978651153753184,4631978651153753184,4577657947999818092,4577657947999818092,true,true,4607182401568698476,4607182401568698476,2,true,true
SEAM,554,38|R2-SIDE,true,true,REGION-2-VAPOR-SEAM-C3,REGION-2-VAPOR-SEAM-C3,SuperheatedVapor,SuperheatedVapor,4631978399762840464,4631978399762840464,4577656950396288245,4577656950396288245,false,false,0,0,2,true,true
SEAM,555,39|R1-SIDE,true,true,REGION-1-NEAR-BOUNDARY-C2,REGION-1-NEAR-BOUNDARY-C2,SubcooledLiquid,SubcooledLiquid,4631983429235275520,4631983429235275520,4577958739350556703,4577958739350556703,false,false,0,0,2,true,true
SEAM,556,39|R4-LIQUID-SIDE,true,true,REGION-4-MIXTURE-TABLE-C2,REGION-4-MIXTURE-TABLE-C2,SaturatedMixture,SaturatedMixture,4631983429242585088,4631983429242585088,4577669077181075396,4577669077181075396,true,true,4517328736906871958,4517328736906871958,2,true,true
SEAM,557,39|R4-VAPOR-SIDE,true,true,REGION-4-MIXTURE-TABLE-C2,REGION-4-MIXTURE-TABLE-C2,SaturatedMixture,SaturatedMixture,4631983663476089432,4631983663476089432,4577669622760535761,4577669622760535761,true,true,4607182401114419797,4607182401114419797,2,true,true
SEAM,558,39|R2-SIDE,true,true,REGION-2-VAPOR-SEAM-C3,REGION-2-VAPOR-SEAM-C3,SuperheatedVapor,SuperheatedVapor,4631983399626234808,4631983399626234808,4577668572375234887,4577668572375234887,false,false,0,0,2,true,true
SEAM,559,40|R1-SIDE,true,true,REGION-1-NEAR-BOUNDARY-C2,REGION-1-NEAR-BOUNDARY-C2,SubcooledLiquid,SubcooledLiquid,4631988379296911680,4631988379296911680,4577973743493117457,4577973743493117457,false,false,0,0,2,true,true
SEAM,560,40|R4-LIQUID-SIDE,true,true,REGION-4-MIXTURE-TABLE-C2,REGION-4-MIXTURE-TABLE-C2,SaturatedMixture,SaturatedMixture,4631988379304591360,4631988379304591360,4577680606924292974,4577680606924292974,true,true,4517328730889704894,4517328730889704894,2,true,true
SEAM,561,40|R4-VAPOR-SIDE,true,true,REGION-4-MIXTURE-TABLE-C2,REGION-4-MIXTURE-TABLE-C2,SaturatedMixture,SaturatedMixture,4631988616212458824,4631988616212458824,4577681158732911657,4577681158732911657,true,true,4607182401015065097,4607182401015065097,2,true,true
SEAM,562,40|R2-SIDE,true,true,REGION-2-VAPOR-SEAM-C3,REGION-2-VAPOR-SEAM-C3,SuperheatedVapor,SuperheatedVapor,4631988349781018616,4631988349781018616,4577680096940829210,4577680096940829210,false,false,0,0,2,true,true
SEAM,563,41|R1-SIDE,true,true,REGION-1-NEAR-BOUNDARY-C2,REGION-1-NEAR-BOUNDARY-C2,SubcooledLiquid,SubcooledLiquid,4631993269933141888,4631993269933141888,4577977165475963455,4577977165475963455,false,false,0,0,2,true,true
SEAM,564,41|R4-LIQUID-SIDE,true,true,REGION-4-MIXTURE-TABLE-C2,REGION-4-MIXTURE-TABLE-C2,SaturatedMixture,SaturatedMixture,4631993269940649984,4631993269940649984,4577691998251887476,4577691998251887476,true,true,4517328742933563168,4517328742933563168,2,true,true
SEAM,565,41|R4-VAPOR-SIDE,true,true,REGION-4-MIXTURE-TABLE-C2,REGION-4-MIXTURE-TABLE-C2,SaturatedMixture,SaturatedMixture,4631993500276376480,4631993500276376480,4577692534752597358,4577692534752597358,true,true,4607182401258520117,4607182401258520117,2,true,true
SEAM,566,41|R2-SIDE,true,true,REGION-2-VAPOR-SEAM-C3,REGION-2-VAPOR-SEAM-C3,SuperheatedVapor,SuperheatedVapor,4631993240570784416,4631993240570784416,4577691500608534872,4577691500608534872,false,false,0,0,2,true,true
SEAM,567,42|R1-SIDE,true,true,REGION-1-NEAR-BOUNDARY-C2,REGION-1-NEAR-BOUNDARY-C2,SubcooledLiquid,SubcooledLiquid,4631998092689475936,4631998092689475936,4577969445807855330,4577969445807855330,false,false,0,0,2,true,true
SEAM,568,42|R4-LIQUID-SIDE,true,true,REGION-4-MIXTURE-TABLE-C2,REGION-4-MIXTURE-TABLE-C2,SaturatedMixture,SaturatedMixture,4631998092697141248,4631998092697141248,4577703231473587470,4577703231473587470,true,true,4517328772375100004,4517328772375100004,2,true,true
SEAM,569,42|R4-VAPOR-SIDE,true,true,REGION-4-MIXTURE-TABLE-C2,REGION-4-MIXTURE-TABLE-C2,SaturatedMixture,SaturatedMixture,4631998307600635552,4631998307600635552,4577703732029358834,4577703732029358834,true,true,4607182401830357692,4607182401830357692,2,true,true
SEAM,570,42|R2-SIDE,true,true,REGION-2-VAPOR-SEAM-C3,REGION-2-VAPOR-SEAM-C3,SuperheatedVapor,SuperheatedVapor,4631998063247841896,4631998063247841896,4577702761793305548,4577702761793305548,false,false,0,0,2,true,true
SEAM,571,43|R1-SIDE,true,true,REGION-1-NEAR-BOUNDARY-C2,REGION-1-NEAR-BOUNDARY-C2,SubcooledLiquid,SubcooledLiquid,4632002840190367816,4632002840190367816,4577951090473455548,4577951090473455548,false,false,0,0,2,true,true
SEAM,572,43|R4-LIQUID-SIDE,true,true,REGION-4-MIXTURE-TABLE-C2,REGION-4-MIXTURE-TABLE-C2,SaturatedMixture,SaturatedMixture,4632002840196284416,4632002840196284416,4577714289404978438,4577714289404978438,true,true,4517328818445104795,4517328818445104795,2,true,true
SEAM,573,43|R4-VAPOR-SIDE,true,true,REGION-4-MIXTURE-TABLE-C2,REGION-4-MIXTURE-TABLE-C2,SaturatedMixture,SaturatedMixture,4632003031246318512,4632003031246318512,4577714734400986958,4577714734400986958,true,true,4607182402713939871,4607182402713939871,2,true,true
SEAM,574,43|R2-SIDE,true,true,REGION-2-VAPOR-SEAM-C3,REGION-2-VAPOR-SEAM-C3,SuperheatedVapor,SuperheatedVapor,4632002810447492688,4632002810447492688,4577713862592616391,4577713862592616391,false,false,0,0,2,true,true
SEAM,575,44|R1-SIDE,true,true,REGION-1-NEAR-BOUNDARY-C2,REGION-1-NEAR-BOUNDARY-C2,SubcooledLiquid,SubcooledLiquid,4632007506159042168,4632007506159042168,4577922655938487809,4577922655938487809,false,false,0,0,2,true,true
SEAM,576,44|R4-LIQUID-SIDE,true,true,REGION-4-MIXTURE-TABLE-C2,REGION-4-MIXTURE-TABLE-C2,SaturatedMixture,SaturatedMixture,4632007506164449280,4632007506164449280,4577725157433446384,4577725157433446384,true,true,4517328880295220867,4517328880295220867,2,true,true
SEAM,577,44|R4-VAPOR-SIDE,true,true,REGION-4-MIXTURE-TABLE-C2,REGION-4-MIXTURE-TABLE-C2,SaturatedMixture,SaturatedMixture,4632007665410649728,4632007665410649728,4577725528351587874,4577725528351587874,true,true,4607182403891852758,4607182403891852758,2,true,true
SEAM,578,44|R2-SIDE,true,true,REGION-2-VAPOR-SEAM-C3,REGION-2-VAPOR-SEAM-C3,SuperheatedVapor,SuperheatedVapor,4632007476703921808,4632007476703921808,4577724790947666579,4577724790947666579,false,false,0,0,2,true,true
SEAM,579,45|R1-SIDE,true,true,REGION-1-NEAR-BOUNDARY-C2,REGION-1-NEAR-BOUNDARY-C2,SubcooledLiquid,SubcooledLiquid,4632012085471085952,4632012085471085952,4577884733958475780,4577884733958475780,false,false,0,0,2,true,true
SEAM,580,45|R4-LIQUID-SIDE,true,true,REGION-4-MIXTURE-TABLE-C2,REGION-4-MIXTURE-TABLE-C2,SaturatedMixture,SaturatedMixture,4632012085475147776,4632012085475147776,4577735823618314424,4577735823618314424,true,true,4517328957017161615,4517328957017161615,2,true,true
SEAM,581,45|R4-VAPOR-SIDE,true,true,REGION-4-MIXTURE-TABLE-C2,REGION-4-MIXTURE-TABLE-C2,SaturatedMixture,SaturatedMixture,4632012205467904752,4632012205467904752,4577736103106869159,4577736103106869159,true,true,4607182405345684396,4607182405345684396,2,true,true
SEAM,582,45|R2-SIDE,true,true,REGION-2-VAPOR-SEAM-C3,REGION-2-VAPOR-SEAM-C3,SuperheatedVapor,SuperheatedVapor,4632012055917428728,4632012055917428728,4577735529943367510,4577735529943367510,false,false,0,0,2,true,true
SEAM,583,46|R1-SIDE,true,true,REGION-1-NEAR-BOUNDARY-C2,REGION-1-NEAR-BOUNDARY-C2,SubcooledLiquid,SubcooledLiquid,4632016574125830512,4632016574125830512,4577837937133660859,4577837937133660859,false,false,0,0,2,true,true
SEAM,584,46|R4-LIQUID-SIDE,true,true,REGION-4-MIXTURE-TABLE-C2,REGION-4-MIXTURE-TABLE-C2,SaturatedMixture,SaturatedMixture,4632016574128062464,4632016574128062464,4577746278641995661,4577746278641995661,true,true,4517329047668556420,4517329047668556420,2,true,true
SEAM,585,46|R4-VAPOR-SIDE,true,true,REGION-4-MIXTURE-TABLE-C2,REGION-4-MIXTURE-TABLE-C2,SaturatedMixture,SaturatedMixture,4632016647929668224,4632016647929668224,4577746450541572352,4577746450541572352,true,true,4607182407057984510,4607182407057984510,2,true,true
SEAM,586,46|R2-SIDE,true,true,REGION-2-VAPOR-SEAM-C3,REGION-2-VAPOR-SEAM-C3,SuperheatedVapor,SuperheatedVapor,4632016544427876432,4632016544427876432,4577746070765316671,4577746070765316671,false,false,0,0,2,true,true
SEAM,587,47|R1-SIDE,true,true,REGION-1-NEAR-BOUNDARY-C2,REGION-1-NEAR-BOUNDARY-C2,SubcooledLiquid,SubcooledLiquid,4632020969201585432,4632020969201585432,4577782885668141059,4577782885668141059,false,false,0,0,2,true,true
SEAM,588,47|R4-LIQUID-SIDE,true,true,REGION-4-MIXTURE-TABLE-C2,REGION-4-MIXTURE-TABLE-C2,SaturatedMixture,SaturatedMixture,4632020969202909184,4632020969202909184,4577756515702529549,4577756515702529549,true,true,4517329151293193551,4517329151293193551,2,true,true
SEAM,589,47|R4-VAPOR-SIDE,true,true,REGION-4-MIXTURE-TABLE-C2,REGION-4-MIXTURE-TABLE-C2,SaturatedMixture,SaturatedMixture,4632020990387614992,4632020990387614992,4577756565046197936,4577756565046197936,true,true,4607182409006911884,4607182409006911884,2,true,true
SEAM,590,47|R2-SIDE,true,true,REGION-2-VAPOR-SEAM-C3,REGION-2-VAPOR-SEAM-C3,SuperheatedVapor,SuperheatedVapor,4632020939638129016,4632020939638129016,4577756407044478123,4577756407044478123,false,false,0,0,2,true,true
SEAM,591,48|R1-SIDE,true,true,REGION-1-NEAR-BOUNDARY-C2,REGION-1-NEAR-BOUNDARY-C2,SubcooledLiquid,SubcooledLiquid,4632025268733012896,4632025268733012896,4577809591803119793,4577809591803119793,false,false,0,0,2,true,true
SEAM,592,48|R4-LIQUID-SIDE,true,true,REGION-4-MIXTURE-TABLE-C2,REGION-4-MIXTURE-TABLE-C2,SaturatedMixture,SaturatedMixture,4632025268734656512,4632025268734656512,4577766666217288540,4577766666217288540,true,true,4517329125873889680,4517329125873889680,2,true,true
SEAM,593,48|R4-VAPOR-SIDE,true,true,REGION-4-MIXTURE-TABLE-C2,REGION-4-MIXTURE-TABLE-C2,SaturatedMixture,SaturatedMixture,4632025303565279928,4632025303565279928,4577766749110506852,4577766749110506852,true,true,4607182408502318320,4607182408502318320,2,true,true
SEAM,594,48|R2-SIDE,true,true,REGION-2-VAPOR-SEAM-C3,REGION-2-VAPOR-SEAM-C3,SuperheatedVapor,SuperheatedVapor,4632025238884704208,4632025238884704208,4577766530231948144,4577766530231948144,false,false,0,0,2,true,true
SEAM,595,49|R1-SIDE,true,true,REGION-1-NEAR-BOUNDARY-C2,REGION-1-NEAR-BOUNDARY-C2,SubcooledLiquid,SubcooledLiquid,4632029471761559296,4632029471761559296,4577879891614385247,4577879891614385247,false,false,0,0,2,true,true
SEAM,596,49|R4-LIQUID-SIDE,true,true,REGION-4-MIXTURE-TABLE-C2,REGION-4-MIXTURE-TABLE-C2,SaturatedMixture,SaturatedMixture,4632029471764905984,4632029471764905984,4577776668986974558,4577776668986974558,true,true,4517329031131070284,4517329031131070284,2,true,true
SEAM,597,49|R4-VAPOR-SIDE,true,true,REGION-4-MIXTURE-TABLE-C2,REGION-4-MIXTURE-TABLE-C2,SaturatedMixture,SaturatedMixture,4632029555553894632,4632029555553894632,4577776868395950006,4577776868395950006,true,true,4607182406689006817,4607182406689006817,2,true,true
SEAM,598,49|R2-SIDE,true,true,REGION-2-VAPOR-SEAM-C3,REGION-2-VAPOR-SEAM-C3,SuperheatedVapor,SuperheatedVapor,4632029442238699888,4632029442238699888,4577776441580380048,4577776441580380048,false,false,0,0,2,true,true
SEAM,599,50|R1-SIDE,true,true,REGION-1-NEAR-BOUNDARY-C2,REGION-1-NEAR-BOUNDARY-C2,SubcooledLiquid,SubcooledLiquid,4632033578186492592,4632033578186492592,4577940511871446222,4577940511871446222,false,false,0,0,2,true,true
SEAM,600,50|R4-LIQUID-SIDE,true,true,REGION-4-MIXTURE-TABLE-C2,REGION-4-MIXTURE-TABLE-C2,SaturatedMixture,SaturatedMixture,4632033578190897152,4632033578190897152,4577786441848692002,4577786441848692002,true,true,4517328951058699299,4517328951058699299,2,true,true
SEAM,601,50|R4-VAPOR-SIDE,true,true,REGION-4-MIXTURE-TABLE-C2,REGION-4-MIXTURE-TABLE-C2,SaturatedMixture,SaturatedMixture,4632033703221238584,4632033703221238584,4577786739407746989,4577786739407746989,true,true,4607182405162113986,4607182405162113986,2,true,true
SEAM,602,50|R2-SIDE,true,true,REGION-2-VAPOR-SEAM-C3,REGION-2-VAPOR-SEAM-C3,SuperheatedVapor,SuperheatedVapor,4632033548456948952,4632033548456948952,4577786135225434767,4577786135225434767,false,false,0,0,2,true,true
SEAM,603,51|R1-SIDE,true,true,REGION-1-NEAR-BOUNDARY-C2,REGION-1-NEAR-BOUNDARY-C2,SubcooledLiquid,SubcooledLiquid,4632037588621103856,4632037588621103856,4577992024796836475,4577992024796836475,false,false,0,0,2,true,true
SEAM,604,51|R4-LIQUID-SIDE,true,true,REGION-4-MIXTURE-TABLE-C2,REGION-4-MIXTURE-TABLE-C2,SaturatedMixture,SaturatedMixture,4632037588627095552,4632037588627095552,4577795986264804185,4577795986264804185,true,true,4517328884806952158,4517328884806952158,2,true,true
SEAM,605,51|R4-VAPOR-SIDE,true,true,REGION-4-MIXTURE-TABLE-C2,REGION-4-MIXTURE-TABLE-C2,SaturatedMixture,SaturatedMixture,4632037747655914672,4632037747655914672,4577796364736658223,4577796364736658223,true,true,4607182403903558424,4607182403903558424,2,true,true
SEAM,606,51|R2-SIDE,true,true,REGION-2-VAPOR-SEAM-C3,REGION-2-VAPOR-SEAM-C3,SuperheatedVapor,SuperheatedVapor,4632037559100815352,4632037559100815352,4577795615778371589,4577795615778371589,false,false,0,0,2,true,true
SEAM,607,52|R1-SIDE,true,true,REGION-1-NEAR-BOUNDARY-C2,REGION-1-NEAR-BOUNDARY-C2,SubcooledLiquid,SubcooledLiquid,4632041504327548392,4632041504327548392,4578034991015807668,4578034991015807668,false,false,0,0,2,true,true
SEAM,608,52|R4-LIQUID-SIDE,true,true,REGION-4-MIXTURE-TABLE-C2,REGION-4-MIXTURE-TABLE-C2,SaturatedMixture,SaturatedMixture,4632041504333889536,4632041504333889536,4577805305234902750,4577805305234902750,true,true,4517328831540457418,4517328831540457418,2,true,true
SEAM,609,52|R4-VAPOR-SIDE,true,true,REGION-4-MIXTURE-TABLE-C2,REGION-4-MIXTURE-TABLE-C2,SaturatedMixture,SaturatedMixture,4632041690582868928,4632041690582868928,4577805748487873701,4577805748487873701,true,true,4607182402894276918,4607182402894276918,2,true,true
SEAM,610,52|R2-SIDE,true,true,REGION-2-VAPOR-SEAM-C3,REGION-2-VAPOR-SEAM-C3,SuperheatedVapor,SuperheatedVapor,4632041474804376136,4632041474804376136,4577804882746698358,4577804882746698358,false,false,0,0,2,true,true
SEAM,611,53|R1-SIDE,true,true,REGION-1-NEAR-BOUNDARY-C2,REGION-1-NEAR-BOUNDARY-C2,SubcooledLiquid,SubcooledLiquid,4632045327131705408,4632045327131705408,4578069953311647211,4578069953311647211,false,false,0,0,2,true,true
SEAM,612,53|R4-LIQUID-SIDE,true,true,REGION-4-MIXTURE-TABLE-C2,REGION-4-MIXTURE-TABLE-C2,SaturatedMixture,SaturatedMixture,4632045327138947072,4632045327138947072,4577814403108645123,4577814403108645123,true,true,4517328790450561465,4517328790450561465,2,true,true
SEAM,613,53|R4-VAPOR-SIDE,true,true,REGION-4-MIXTURE-TABLE-C2,REGION-4-MIXTURE-TABLE-C2,SaturatedMixture,SaturatedMixture,4632045534275857792,4632045534275857792,4577814896072694476,4577814896072694476,true,true,4607182402121707484,4607182402121707484,2,true,true
SEAM,614,53|R2-SIDE,true,true,REGION-2-VAPOR-SEAM-C3,REGION-2-VAPOR-SEAM-C3,SuperheatedVapor,SuperheatedVapor,4632045297402510624,4632045297402510624,4577813939700837848,4577813939700837848,false,false,0,0,2,true,true
SEAM,615,54|R1-SIDE,true,true,REGION-1-NEAR-BOUNDARY-C2,REGION-1-NEAR-BOUNDARY-C2,SubcooledLiquid,SubcooledLiquid,4632049059318952688,4632049059318952688,4578097431564797980,4578097431564797980,false,false,0,0,2,true,true
SEAM,616,54|R4-LIQUID-SIDE,true,true,REGION-4-MIXTURE-TABLE-C2,REGION-4-MIXTURE-TABLE-C2,SaturatedMixture,SaturatedMixture,4632049059326066688,4632049059326066688,4577823285321231464,4577823285321231464,true,true,4517328760760559356,4517328760760559356,2,true,true
SEAM,617,54|R4-VAPOR-SIDE,true,true,REGION-4-MIXTURE-TABLE-C2,REGION-4-MIXTURE-TABLE-C2,SaturatedMixture,SaturatedMixture,4632049281445215968,4632049281445215968,4577823813941431932,4577823813941431932,true,true,4607182401567326991,4607182401567326991,2,true,true
SEAM,618,54|R2-SIDE,true,true,REGION-2-VAPOR-SEAM-C3,REGION-2-VAPOR-SEAM-C3,SuperheatedVapor,SuperheatedVapor,4632049029863468824,4632049029863468824,4577822794201783854,4577822794201783854,false,false,0,0,2,true,true
SEAM,619,55|R1-SIDE,true,true,REGION-1-NEAR-BOUNDARY-C2,REGION-1-NEAR-BOUNDARY-C2,SubcooledLiquid,SubcooledLiquid,4632052703556364760,4632052703556364760,4578117919255957202,4578117919255957202,false,false,0,0,2,true,true
SEAM,620,55|R4-LIQUID-SIDE,true,true,REGION-4-MIXTURE-TABLE-C2,REGION-4-MIXTURE-TABLE-C2,SaturatedMixture,SaturatedMixture,4632052703563874304,4632052703563874304,4577831958223710628,4577831958223710628,true,true,4517328741733772202,4517328741733772202,2,true,true
SEAM,621,55|R4-VAPOR-SIDE,true,true,REGION-4-MIXTURE-TABLE-C2,REGION-4-MIXTURE-TABLE-C2,SaturatedMixture,SaturatedMixture,4632052935160444168,4632052935160444168,4577832509399174752,4577832509399174752,true,true,4607182401215646331,4607182401215646331,2,true,true
SEAM,622,55|R2-SIDE,true,true,REGION-2-VAPOR-SEAM-C3,REGION-2-VAPOR-SEAM-C3,SuperheatedVapor,SuperheatedVapor,4632052674064764272,4632052674064764272,4577831448508148579,4577831448508148579,false,false,0,0,2,true,true
SEAM,623,56|R1-SIDE,true,true,REGION-1-NEAR-BOUNDARY-C2,REGION-1-NEAR-BOUNDARY-C2,SubcooledLiquid,SubcooledLiquid,4632056262801697912,4632056262801697912,4578131880975962268,4578131880975962268,false,false,0,0,2,true,true
SEAM,624,56|R4-LIQUID-SIDE,true,true,REGION-4-MIXTURE-TABLE-C2,REGION-4-MIXTURE-TABLE-C2,SaturatedMixture,SaturatedMixture,4632056262809354240,4632056262809354240,4577840428853394119,4577840428853394119,true,true,4517328732675425811,4517328732675425811,2,true,true
SEAM,625,56|R4-VAPOR-SIDE,true,true,REGION-4-MIXTURE-TABLE-C2,REGION-4-MIXTURE-TABLE-C2,SaturatedMixture,SaturatedMixture,4632056498757259888,4632056498757259888,4577840990384579488,4577840990384579488,true,true,4607182401053685533,4607182401053685533,2,true,true
SEAM,626,56|R2-SIDE,true,true,REGION-2-VAPOR-SEAM-C3,REGION-2-VAPOR-SEAM-C3,SuperheatedVapor,SuperheatedVapor,4632056233047727208,4632056233047727208,4577839909318691351,4577839909318691351,false,false,0,0,2,true,true
SEAM,627,57|R1-SIDE,true,true,REGION-1-NEAR-BOUNDARY-C2,REGION-1-NEAR-BOUNDARY-C2,SubcooledLiquid,SubcooledLiquid,4632059740238799160,4632059740238799160,4578139751068426732,4578139751068426732,false,false,0,0,2,true,true
SEAM,628,57|R4-LIQUID-SIDE,true,true,REGION-4-MIXTURE-TABLE-C2,REGION-4-MIXTURE-TABLE-C2,SaturatedMixture,SaturatedMixture,4632059740247031808,4632059740247031808,4577848704789117058,4577848704789117058,true,true,4517328732936392189,4517328732936392189,2,true,true
SEAM,629,57|R4-VAPOR-SIDE,true,true,REGION-4-MIXTURE-TABLE-C2,REGION-4-MIXTURE-TABLE-C2,SaturatedMixture,SaturatedMixture,4632059975771333312,4632059975771333312,4577849265312169132,4577849265312169132,true,true,4607182401068586099,4607182401068586099,2,true,true
SEAM,630,57|R2-SIDE,true,true,REGION-2-VAPOR-SEAM-C3,REGION-2-VAPOR-SEAM-C3,SuperheatedVapor,SuperheatedVapor,4632059710647046640,4632059710647046640,4577848186335673056,4577848186335673056,false,false,0,0,2,true,true
SEAM,631,58|R1-SIDE,true,true,REGION-1-NEAR-BOUNDARY-C2,REGION-1-NEAR-BOUNDARY-C2,SubcooledLiquid,SubcooledLiquid,4632063158217855024,4632063158217855024,4578141929905654388,4578141929905654388,false,false,0,0,2,true,true
SEAM,632,58|R4-LIQUID-SIDE,true,true,REGION-4-MIXTURE-TABLE-C2,REGION-4-MIXTURE-TABLE-C2,SaturatedMixture,SaturatedMixture,4632063158226255872,4632063158226255872,4577856839219977790,4577856839219977790,true,true,4517328741987621326,4517328741987621326,2,true,true
SEAM,633,58|R4-VAPOR-SIDE,true,true,REGION-4-MIXTURE-TABLE-C2,REGION-4-MIXTURE-TABLE-C2,SaturatedMixture,SaturatedMixture,4632063388839346104,4632063388839346104,4577857388054863894,4577857388054863894,true,true,4607182401251167225,4607182401251167225,2,true,true
SEAM,634,58|R2-SIDE,true,true,REGION-2-VAPOR-SEAM-C3,REGION-2-VAPOR-SEAM-C3,SuperheatedVapor,SuperheatedVapor,4632063128750421232,4632063128750421232,4577856330254662165,4577856330254662165,false,false,0,0,2,true,true
SEAM,635,59|R1-SIDE,true,true,REGION-1-NEAR-BOUNDARY-C2,REGION-1-NEAR-BOUNDARY-C2,SubcooledLiquid,SubcooledLiquid,4632066796468047632,4632066796468047632,4578138198062355425,4578138198062355425,false,false,0,0,2,true,true
SEAM,636,59|R4-LIQUID-SIDE,true,true,REGION-4-MIXTURE-TABLE-C2,REGION-4-MIXTURE-TABLE-C2,SaturatedMixture,SaturatedMixture,4632066796475645952,4632066796475645952,4577865497870653412,4577865497870653412,true,true,4517328761223290179,4517328761223290179,2,true,true
SEAM,637,59|R4-VAPOR-SIDE,true,true,REGION-4-MIXTURE-TABLE-C2,REGION-4-MIXTURE-TABLE-C2,SaturatedMixture,SaturatedMixture,4632067016971736584,4632067016971736584,4577866022628145074,4577866022628145074,true,true,4607182401625236331,4607182401625236331,2,true,true
SEAM,638,59|R2-SIDE,true,true,REGION-2-VAPOR-SEAM-C3,REGION-2-VAPOR-SEAM-C3,SuperheatedVapor,SuperheatedVapor,4632066766942309008,4632066766942309008,4577865007540602464,4577865007540602464,false,false,0,0,2,true,true
SEAM,639,60|R1-SIDE,true,true,REGION-1-TABLE-C2,REGION-1-TABLE-C2,SubcooledLiquid,SubcooledLiquid,4636737291354636288,4636737291354636288,4591972429223869614,4591972429223869614,false,false,0,0,2,true,true
SEAM,640,60|R4-LIQUID-SIDE,true,true,REGION-4-MIXTURE-TABLE-C2,REGION-4-MIXTURE-TABLE-C2,SaturatedMixture,SaturatedMixture,4636737291354636288,4636737291354636288,4591972356144366221,4591972356144366221,true,true,4517329193108106707,4517329193108106707,2,true,true
SEAM,641,60|R4-VAPOR-SIDE,true,true,REGION-4-MIXTURE-TABLE-C2,REGION-4-MIXTURE-TABLE-C2,SaturatedMixture,SaturatedMixture,4636737291354636288,4636737291354636288,4591972356144366221,4591972356144366221,true,true,4607182409792818153,4607182409792818153,2,true,true
SEAM,642,60|R2-SIDE,true,true,REGION-2-VAPOR-SEAM-C3,REGION-2-VAPOR-SEAM-C3,SuperheatedVapor,SuperheatedVapor,4636737269930022096,4636737269930022096,4591972276767079035,4591972276767079035,false,false,0,0,2,true,true
SEAM,643,61|R1-SIDE,true,true,REGION-1-TABLE-C2,REGION-1-TABLE-C2,SubcooledLiquid,SubcooledLiquid,4638496509959077888,4638496509959077888,4597534861898956408,4597534861898956408,false,false,0,0,2,true,true
SEAM,644,61|R4-LIQUID-SIDE,true,true,REGION-4-MIXTURE-TABLE-C2,REGION-4-MIXTURE-TABLE-C2,SaturatedMixture,SaturatedMixture,4638496509959077888,4638496509959077888,4597534778231210420,4597534778231210420,true,true,4517329193108107059,4517329193108107059,2,true,true
SEAM,645,61|R4-VAPOR-SIDE,true,true,REGION-4-MIXTURE-TABLE-C2,REGION-4-MIXTURE-TABLE-C2,SaturatedMixture,SaturatedMixture,4638496509959077888,4638496509959077888,4597534778231210420,4597534778231210420,true,true,4607182409792818152,4607182409792818152,2,true,true
SEAM,646,61|R2-SIDE,true,true,REGION-2-VAPOR-SEAM-C3,REGION-2-VAPOR-SEAM-C3,SuperheatedVapor,SuperheatedVapor,4638496484819515544,4638496484819515544,4597534686281330925,4597534686281330925,false,false,0,0,2,true,true
SEAM,647,62|R1-SIDE,true,true,REGION-1-TABLE-C2,REGION-1-TABLE-C2,SubcooledLiquid,SubcooledLiquid,4639481672377565184,4639481672377565184,4602248385694660262,4602248385694660262,false,false,0,0,2,true,true
SEAM,648,62|R4-LIQUID-SIDE,true,true,REGION-4-MIXTURE-TABLE-C2,REGION-4-MIXTURE-TABLE-C2,SaturatedMixture,SaturatedMixture,4639481672377565184,4639481672377565184,4602248299927622664,4602248299927622664,true,true,4517329193108105368,4517329193108105368,2,true,true
SEAM,649,62|R4-VAPOR-SIDE,true,true,REGION-4-MIXTURE-TABLE-C2,REGION-4-MIXTURE-TABLE-C2,SaturatedMixture,SaturatedMixture,4639481672377565184,4639481672377565184,4602248299927622664,4602248299927622664,true,true,4607182409792818153,4607182409792818153,2,true,true
SEAM,650,62|R2-SIDE,true,true,REGION-2-VAPOR-SEAM-C3,REGION-2-VAPOR-SEAM-C3,SuperheatedVapor,SuperheatedVapor,4639481657732540088,4639481657732540088,4602248204263626917,4602248204263626917,false,false,0,0,2,true,true
SEAM,651,63|R1-SIDE,true,true,REGION-1-TABLE-C2,REGION-1-TABLE-C2,SubcooledLiquid,SubcooledLiquid,4640361281679785984,4640361281679785984,4606213752185872808,4606213752185872808,false,false,0,0,2,true,true
SEAM,652,63|R4-LIQUID-SIDE,true,true,REGION-4-MIXTURE-TABLE-C2,REGION-4-MIXTURE-TABLE-C2,SaturatedMixture,SaturatedMixture,4640361281679785984,4640361281679785984,4606213671801080278,4606213671801080278,true,true,4517329193108104362,4517329193108104362,2,true,true
SEAM,653,63|R4-VAPOR-SIDE,true,true,REGION-4-MIXTURE-TABLE-C2,REGION-4-MIXTURE-TABLE-C2,SaturatedMixture,SaturatedMixture,4640361281679785984,4640361281679785984,4606213671801080278,4606213671801080278,true,true,4607182409792818153,4607182409792818153,2,true,true
SEAM,654,63|R2-SIDE,true,true,REGION-2-VAPOR-SEAM-C3,REGION-2-VAPOR-SEAM-C3,SuperheatedVapor,SuperheatedVapor,4640361264711336738,4640361264711336738,4606213580436112265,4606213580436112265,false,false,0,0,2,true,true
SEAM,655,64|R1-SIDE,true,true,REGION-1-TABLE-C2,REGION-1-TABLE-C2,SubcooledLiquid,SubcooledLiquid,4641240890982006784,4641240890982006784,4609680508835760767,4609680508835760767,false,false,0,0,2,true,true
SEAM,656,64|R4-LIQUID-SIDE,true,true,REGION-4-MIXTURE-TABLE-C2,REGION-4-MIXTURE-TABLE-C2,SaturatedMixture,SaturatedMixture,4641240890982006784,4641240890982006784,4609680438819270290,4609680438819270290,true,true,4517329193108109696,4517329193108109696,2,true,true
SEAM,657,64|R4-VAPOR-SIDE,true,true,REGION-4-MIXTURE-TABLE-C2,REGION-4-MIXTURE-TABLE-C2,SaturatedMixture,SaturatedMixture,4641240890982006784,4641240890982006784,4609680438819270290,4609680438819270290,true,true,4607182409792818153,4607182409792818153,2,true,true
SEAM,658,64|R2-SIDE,true,true,REGION-2-VAPOR-SEAM-C3,REGION-2-VAPOR-SEAM-C3,SuperheatedVapor,SuperheatedVapor,4641240871395685168,4641240871395685168,4609680357304857910,4609680357304857910,false,false,0,0,2,true,true
SEAM,659,65|R1-SIDE,true,true,REGION-1-TABLE-C2,REGION-1-TABLE-C2,SubcooledLiquid,SubcooledLiquid,4642120500284227584,4642120500284227584,4612923270834236465,4612923270834236465,false,false,0,0,2,true,true
SEAM,660,65|R4-LIQUID-SIDE,true,true,REGION-4-MIXTURE-TABLE-C2,REGION-4-MIXTURE-TABLE-C2,SaturatedMixture,SaturatedMixture,4642120500284227584,4642120500284227584,4612923213425980708,4612923213425980708,true,true,4517329193108107479,4517329193108107479,2,true,true
SEAM,661,65|R4-VAPOR-SIDE,true,true,REGION-4-MIXTURE-TABLE-C2,REGION-4-MIXTURE-TABLE-C2,SaturatedMixture,SaturatedMixture,4642120500284227584,4642120500284227584,4612923213425980708,4612923213425980708,true,true,4607182409792818153,4607182409792818153,2,true,true
SEAM,662,65|R2-SIDE,true,true,REGION-2-VAPOR-SEAM-C3,REGION-2-VAPOR-SEAM-C3,SuperheatedVapor,SuperheatedVapor,4642120477706557260,4642120477706557260,4612923144478510721,4612923144478510721,false,false,0,0,2,true,true
SEAM,663,66|R1-SIDE,true,true,REGION-1-TABLE-C2,REGION-1-TABLE-C2,SubcooledLiquid,SubcooledLiquid,4643000109586448384,4643000109586448384,4616135527189779189,4616135527189779189,false,false,0,0,2,true,true
SEAM,664,66|R4-LIQUID-SIDE,true,true,REGION-4-MIXTURE-TABLE-C2,REGION-4-MIXTURE-TABLE-C2,SaturatedMixture,SaturatedMixture,4643000109586448384,4643000109586448384,4616135437658948296,4616135437658948296,true,true,4517329193108100571,4517329193108100571,2,true,true
SEAM,665,66|R4-VAPOR-SIDE,true,true,REGION-4-MIXTURE-TABLE-C2,REGION-4-MIXTURE-TABLE-C2,SaturatedMixture,SaturatedMixture,4643000109586448384,4643000109586448384,4616135437658948296,4616135437658948296,true,true,4607182409792818153,4607182409792818153,2,true,true
SEAM,666,66|R2-SIDE,true,true,REGION-2-VAPOR-SEAM-C3,REGION-2-VAPOR-SEAM-C3,SuperheatedVapor,SuperheatedVapor,4643000083513269840,4643000083513269840,4616135325630772381,4616135325630772381,false,false,0,0,2,true,true
SEAM,667,67|R1-SIDE,true,true,REGION-1-NEAR-BOUNDARY-C2,REGION-1-NEAR-BOUNDARY-C2,SubcooledLiquid,SubcooledLiquid,4643412708647975492,4643412708647975492,4617638759222116402,4617638759222116402,false,false,0,0,2,true,true
SEAM,668,67|R4-LIQUID-SIDE,true,true,REGION-4-MIXTURE-TABLE-C2,REGION-4-MIXTURE-TABLE-C2,SaturatedMixture,SaturatedMixture,4643412708980565542,4643412708980565542,4617638613082023663,4617638613082023663,true,true,4517297756996544666,4517297756996544666,2,true,true
SEAM,669,67|R4-VAPOR-SIDE,true,true,REGION-4-MIXTURE-TABLE-C2,REGION-4-MIXTURE-TABLE-C2,SaturatedMixture,SaturatedMixture,4643412712966741580,4643412712966741580,4617638634328839886,4617638634328839886,true,true,4607182411940103602,4607182411940103602,2,true,true
SEAM,670,67|R2-SIDE,true,true,REGION-2-VAPOR-SEAM-C3,REGION-2-VAPOR-SEAM-C3,SuperheatedVapor,SuperheatedVapor,4643412694894388182,4643412694894388182,4617638525944742832,4617638525944742832,false,false,0,0,2,true,true
SEAM,671,68|R1-SIDE,true,true,REGION-1-NEAR-BOUNDARY-C2,REGION-1-NEAR-BOUNDARY-C2,SubcooledLiquid,SubcooledLiquid,4643413571025915054,4643413571025915054,4617643253640258606,4617643253640258606,false,false,0,0,2,true,true
SEAM,672,68|R4-LIQUID-SIDE,true,true,REGION-4-MIXTURE-TABLE-C2,REGION-4-MIXTURE-TABLE-C2,SaturatedMixture,SaturatedMixture,4643413571326458660,4643413571326458660,4617643210955521593,4617643210955521593,true,true,4517327270988985677,4517327270988985677,2,true,true
SEAM,673,68|R4-VAPOR-SIDE,true,true,REGION-4-MIXTURE-TABLE-C2,REGION-4-MIXTURE-TABLE-C2,SaturatedMixture,SaturatedMixture,4643413571570261246,4643413571570261246,4617643212262877323,4617643212262877323,true,true,4607182409923845206,4607182409923845206,2,true,true
SEAM,674,68|R2-SIDE,true,true,REGION-2-VAPOR-SEAM-C3,REGION-2-VAPOR-SEAM-C3,SuperheatedVapor,SuperheatedVapor,4643413556883462042,4643413556883462042,4617643133027973534,4617643133027973534,false,false,0,0,2,true,true
SEAM,675,69|R1-SIDE,true,true,REGION-1-NEAR-BOUNDARY-C2,REGION-1-NEAR-BOUNDARY-C2,SubcooledLiquid,SubcooledLiquid,4643413817194497080,4643413817194497080,4617644609122917685,4617644609122917685,false,false,0,0,2,true,true
SEAM,676,69|R4-LIQUID-SIDE,true,true,REGION-4-MIXTURE-TABLE-C2,REGION-4-MIXTURE-TABLE-C2,SaturatedMixture,SaturatedMixture,4643413817506415538,4643413817506415538,4617644531059550253,4617644531059550253,true,true,4517317143820841122,4517317143820841122,2,true,true
SEAM,677,69|R4-VAPOR-SIDE,true,true,REGION-4-MIXTURE-TABLE-C2,REGION-4-MIXTURE-TABLE-C2,SaturatedMixture,SaturatedMixture,4643413819027836882,4643413819027836882,4617644539217949798,4617644539217949798,true,true,4607182410619460472,4607182410619460472,2,true,true
SEAM,678,69|R2-SIDE,true,true,REGION-2-VAPOR-SEAM-C3,REGION-2-VAPOR-SEAM-C3,SuperheatedVapor,SuperheatedVapor,4643413803184792374,4643413803184792374,4617644449967145103,4617644449967145103,false,false,0,0,2,true,true
SEAM,679,70|R1-SIDE,true,true,REGION-1-NEAR-BOUNDARY-C2,REGION-1-NEAR-BOUNDARY-C2,SubcooledLiquid,SubcooledLiquid,4643415492848383164,4643415492848383164,4617653780756624483,4617653780756624483,false,false,0,0,2,true,true
SEAM,680,70|R4-LIQUID-SIDE,true,true,REGION-4-MIXTURE-TABLE-C2,REGION-4-MIXTURE-TABLE-C2,SaturatedMixture,SaturatedMixture,4643415493218665484,4643415493218665484,4617653516821511044,4617653516821511044,true,true,4517263774054041709,4517263774054041709,2,true,true
SEAM,681,70|R4-VAPOR-SIDE,true,true,REGION-4-MIXTURE-TABLE-C2,REGION-4-MIXTURE-TABLE-C2,SaturatedMixture,SaturatedMixture,4643415501454806052,4643415501454806052,4617653560986610734,4617653560986610734,true,true,4607182414269743272,4607182414269743272,2,true,true
SEAM,682,70|R2-SIDE,true,true,REGION-2-VAPOR-SEAM-C3,REGION-2-VAPOR-SEAM-C3,SuperheatedVapor,SuperheatedVapor,4643415479511262076,4643415479511262076,4617653418843651483,4617653418843651483,false,false,0,0,2,true,true
SEAM,683,71|R1-SIDE,true,true,REGION-1-NEAR-BOUNDARY-C2,REGION-1-NEAR-BOUNDARY-C2,SubcooledLiquid,SubcooledLiquid,4643417980214838718,4643417980214838718,4617667218793106805,4617667218793106805,false,false,0,0,2,true,true
SEAM,684,71|R4-LIQUID-SIDE,true,true,REGION-4-MIXTURE-TABLE-C2,REGION-4-MIXTURE-TABLE-C2,SaturatedMixture,SaturatedMixture,4643417980617675858,4643417980617675858,4617666855135060624,4617666855135060624,true,true,4517234721360506222,4517234721360506222,2,true,true
SEAM,685,71|R4-VAPOR-SIDE,true,true,REGION-4-MIXTURE-TABLE-C2,REGION-4-MIXTURE-TABLE-C2,SaturatedMixture,SaturatedMixture,4643417992459629162,4643417992459629162,4617666918635803996,4617666918635803996,true,true,4607182416239423528,4607182416239423528,2,true,true
SEAM,686,71|R2-SIDE,true,true,REGION-2-VAPOR-SEAM-C3,REGION-2-VAPOR-SEAM-C3,SuperheatedVapor,SuperheatedVapor,4643417967230078000,4643417967230078000,4617666747893351115,4617666747893351115,false,false,0,0,2,true,true
SEAM,687,72|R1-SIDE,true,true,REGION-1-NEAR-BOUNDARY-C2,REGION-1-NEAR-BOUNDARY-C2,SubcooledLiquid,SubcooledLiquid,4643418189831090892,4643418189831090892,4617668341642500941,4617668341642500941,false,false,0,0,2,true,true
SEAM,688,72|R4-LIQUID-SIDE,true,true,REGION-4-MIXTURE-TABLE-C2,REGION-4-MIXTURE-TABLE-C2,SaturatedMixture,SaturatedMixture,4643418190233676654,4643418190233676654,4617667979170220230,4617667979170220230,true,true,4517235027600749550,4517235027600749550,2,true,true
SEAM,689,72|R4-VAPOR-SIDE,true,true,REGION-4-MIXTURE-TABLE-C2,REGION-4-MIXTURE-TABLE-C2,SaturatedMixture,SaturatedMixture,4643418202033117856,4643418202033117856,4617668042442998666,4617668042442998666,true,true,4607182416218216158,4607182416218216158,2,true,true
SEAM,690,72|R2-SIDE,true,true,REGION-2-VAPOR-SEAM-C3,REGION-2-VAPOR-SEAM-C3,SuperheatedVapor,SuperheatedVapor,4643418176837139300,4643418176837139300,4617667871978773735,4617667871978773735,false,false,0,0,2,true,true
SEAM,691,73|R1-SIDE,true,true,REGION-1-NEAR-BOUNDARY-C2,REGION-1-NEAR-BOUNDARY-C2,SubcooledLiquid,SubcooledLiquid,4643418401758399040,4643418401758399040,4617669475356626404,4617669475356626404,false,false,0,0,2,true,true
SEAM,692,73|R4-LIQUID-SIDE,true,true,REGION-4-MIXTURE-TABLE-C2,REGION-4-MIXTURE-TABLE-C2,SaturatedMixture,SaturatedMixture,4643418402160489690,4643418402160489690,4617669115596772653,4617669115596772653,true,true,4517235769232310995,4517235769232310995,2,true,true
SEAM,693,73|R4-VAPOR-SIDE,true,true,REGION-4-MIXTURE-TABLE-C2,REGION-4-MIXTURE-TABLE-C2,SaturatedMixture,SaturatedMixture,4643418413861603144,4643418413861603144,4617669178342282904,4617669178342282904,true,true,4607182416163106250,4607182416163106250,2,true,true
SEAM,694,73|R2-SIDE,true,true,REGION-2-VAPOR-SEAM-C3,REGION-2-VAPOR-SEAM-C3,SuperheatedVapor,SuperheatedVapor,4643418388752284652,4643418388752284652,4617669008615363049,4617669008615363049,false,false,0,0,2,true,true
SEAM,695,74|R1-SIDE,true,true,REGION-1-NEAR-BOUNDARY-C2,REGION-1-NEAR-BOUNDARY-C2,SubcooledLiquid,SubcooledLiquid,4643418547347444216,4643418547347444216,4617670253309129159,4617670253309129159,false,false,0,0,2,true,true
SEAM,696,74|R4-LIQUID-SIDE,true,true,REGION-4-MIXTURE-TABLE-C2,REGION-4-MIXTURE-TABLE-C2,SaturatedMixture,SaturatedMixture,4643418547748351494,4643418547748351494,4617669896290397462,4617669896290397462,true,true,4517236545198537417,4517236545198537417,2,true,true
SEAM,697,74|R4-VAPOR-SIDE,true,true,REGION-4-MIXTURE-TABLE-C2,REGION-4-MIXTURE-TABLE-C2,SaturatedMixture,SaturatedMixture,4643418559350983824,4643418559350983824,4617669958507817102,4617669958507817102,true,true,4607182416111009378,4607182416111009378,2,true,true
SEAM,698,74|R2-SIDE,true,true,REGION-2-VAPOR-SEAM-C3,REGION-2-VAPOR-SEAM-C3,SuperheatedVapor,SuperheatedVapor,4643418534332900986,4643418534332900986,4617669789564088880,4617669789564088880,false,false,0,0,2,true,true
SEAM,699,75|R1-SIDE,true,true,REGION-1-NEAR-BOUNDARY-C2,REGION-1-NEAR-BOUNDARY-C2,SubcooledLiquid,SubcooledLiquid,4643419282563024936,4643419282563024936,4617674170952312659,4617674170952312659,false,false,0,0,2,true,true
SEAM,700,75|R4-LIQUID-SIDE,true,true,REGION-4-MIXTURE-TABLE-C2,REGION-4-MIXTURE-TABLE-C2,SaturatedMixture,SaturatedMixture,4643419282956730542,4643419282956730542,4617673838737846847,4617673838737846847,true,true,4517243590964464195,4517243590964464195,2,true,true
SEAM,701,75|R4-VAPOR-SIDE,true,true,REGION-4-MIXTURE-TABLE-C2,REGION-4-MIXTURE-TABLE-C2,SaturatedMixture,SaturatedMixture,4643419293662944744,4643419293662944744,4617673896148355312,4617673896148355312,true,true,4607182415624317326,4607182415624317326,2,true,true
SEAM,702,75|R2-SIDE,true,true,REGION-2-VAPOR-SEAM-C3,REGION-2-VAPOR-SEAM-C3,SuperheatedVapor,SuperheatedVapor,4643419269457965342,4643419269457965342,4617673734209694628,4617673734209694628,false,false,0,0,2,true,true
SEAM,703,76|R1-SIDE,true,true,REGION-1-NEAR-BOUNDARY-C2,REGION-1-NEAR-BOUNDARY-C2,SubcooledLiquid,SubcooledLiquid,4643420613375744640,4643420613375744640,4617681215775332687,4617681215775332687,false,false,0,0,2,true,true
SEAM,704,76|R4-LIQUID-SIDE,true,true,REGION-4-MIXTURE-TABLE-C2,REGION-4-MIXTURE-TABLE-C2,SaturatedMixture,SaturatedMixture,4643420613742096158,4643420613742096158,4617680974879816742,4617680974879816742,true,true,4517269847657851614,4517269847657851614,2,true,true
SEAM,705,76|R4-VAPOR-SIDE,true,true,REGION-4-MIXTURE-TABLE-C2,REGION-4-MIXTURE-TABLE-C2,SaturatedMixture,SaturatedMixture,4643420621146131960,4643420621146131960,4617681014582876294,4617681014582876294,true,true,4607182413828864225,4607182413828864225,2,true,true
SEAM,706,76|R2-SIDE,true,true,REGION-2-VAPOR-SEAM-C3,REGION-2-VAPOR-SEAM-C3,SuperheatedVapor,SuperheatedVapor,4643420599924636288,4643420599924636288,4617680878433779090,4617680878433779090,false,false,0,0,2,true,true
SEAM,707,77|R1-SIDE,true,true,REGION-1-NEAR-BOUNDARY-C2,REGION-1-NEAR-BOUNDARY-C2,SubcooledLiquid,SubcooledLiquid,4643420862924216738,4643420862924216738,4617682530132634252,4617682530132634252,false,false,0,0,2,true,true
SEAM,708,77|R4-LIQUID-SIDE,true,true,REGION-4-MIXTURE-TABLE-C2,REGION-4-MIXTURE-TABLE-C2,SaturatedMixture,SaturatedMixture,4643420863283154940,4643420863283154940,4617682313007262978,4617682313007262978,true,true,4517276718325990412,4517276718325990412,2,true,true
SEAM,709,77|R4-VAPOR-SIDE,true,true,REGION-4-MIXTURE-TABLE-C2,REGION-4-MIXTURE-TABLE-C2,SaturatedMixture,SaturatedMixture,4643420869827637500,4643420869827637500,4617682348101093935,4617682348101093935,true,true,4607182413361526786,4607182413361526786,2,true,true
SEAM,710,77|R2-SIDE,true,true,REGION-2-VAPOR-SEAM-C3,REGION-2-VAPOR-SEAM-C3,SuperheatedVapor,SuperheatedVapor,4643420849389027170,4643420849389027170,4617682218728526687,4617682218728526687,false,false,0,0,2,true,true
SEAM,711,78|R1-SIDE,true,true,REGION-1-NEAR-BOUNDARY-C2,REGION-1-NEAR-BOUNDARY-C2,SubcooledLiquid,SubcooledLiquid,4643421209041769198,4643421209041769198,4617684349637385532,4617684349637385532,false,false,0,0,2,true,true
SEAM,712,78|R4-LIQUID-SIDE,true,true,REGION-4-MIXTURE-TABLE-C2,REGION-4-MIXTURE-TABLE-C2,SaturatedMixture,SaturatedMixture,4643421209389364666,4643421209389364666,4617684168951213884,4617684168951213884,true,true,4517287265301212384,4517287265301212384,2,true,true
SEAM,713,78|R4-VAPOR-SIDE,true,true,REGION-4-MIXTURE-TABLE-C2,REGION-4-MIXTURE-TABLE-C2,SaturatedMixture,SaturatedMixture,4643421214615751762,4643421214615751762,4617684196976950616,4617684196976950616,true,true,4607182412642706185,4607182412642706185,2,true,true
SEAM,714,78|R2-SIDE,true,true,REGION-2-VAPOR-SEAM-C3,REGION-2-VAPOR-SEAM-C3,SuperheatedVapor,SuperheatedVapor,4643421195372828486,4643421195372828486,4617684077955228247,4617684077955228247,false,false,0,0,2,true,true
SEAM,715,79|R1-SIDE,true,true,REGION-1-NEAR-BOUNDARY-C2,REGION-1-NEAR-BOUNDARY-C2,SubcooledLiquid,SubcooledLiquid,4643423647029390536,4643423647029390536,4617697489516864990,4617697489516864990,false,false,0,0,2,true,true
SEAM,716,79|R4-LIQUID-SIDE,true,true,REGION-4-MIXTURE-TABLE-C2,REGION-4-MIXTURE-TABLE-C2,SaturatedMixture,SaturatedMixture,4643423647385394802,4643423647385394802,4617697285239234604,4617697285239234604,true,true,4517280179194921910,4517280179194921910,2,true,true
SEAM,717,79|R4-VAPOR-SIDE,true,true,REGION-4-MIXTURE-TABLE-C2,REGION-4-MIXTURE-TABLE-C2,SaturatedMixture,SaturatedMixture,4643423653455472886,4643423653455472886,4617697317985582050,4617697317985582050,true,true,4607182413133174435,4607182413133174435,2,true,true
SEAM,718,79|R2-SIDE,true,true,REGION-2-VAPOR-SEAM-C3,REGION-2-VAPOR-SEAM-C3,SuperheatedVapor,SuperheatedVapor,4643423633438245030,4643423633438245030,4617697191958894105,4617697191958894105,false,false,0,0,2,true,true
SEAM,719,80|R1-SIDE,true,true,REGION-1-NEAR-BOUNDARY-C2,REGION-1-NEAR-BOUNDARY-C2,SubcooledLiquid,SubcooledLiquid,4643423866915986472,4643423866915986472,4617698697878933851,4617698697878933851,false,false,0,0,2,true,true
SEAM,720,80|R4-LIQUID-SIDE,true,true,REGION-4-MIXTURE-TABLE-C2,REGION-4-MIXTURE-TABLE-C2,SaturatedMixture,SaturatedMixture,4643423867279189652,4643423867279189652,4617698471503810934,4617698471503810934,true,true,4517273710445443338,4517273710445443338,2,true,true
SEAM,721,80|R4-VAPOR-SIDE,true,true,REGION-4-MIXTURE-TABLE-C2,REGION-4-MIXTURE-TABLE-C2,SaturatedMixture,SaturatedMixture,4643423874147116576,4643423874147116576,4617698508554326283,4617698508554326283,true,true,4607182413572390714,4607182413572390714,2,true,true
SEAM,722,80|R2-SIDE,true,true,REGION-2-VAPOR-SEAM-C3,REGION-2-VAPOR-SEAM-C3,SuperheatedVapor,SuperheatedVapor,4643423853406594846,4643423853406594846,4617698376218945853,4617698376218945853,false,false,0,0,2,true,true
SEAM,723,81|R1-SIDE,true,true,REGION-1-NEAR-BOUNDARY-C2,REGION-1-NEAR-BOUNDARY-C2,SubcooledLiquid,SubcooledLiquid,4643425624907871920,4643425624907871920,4617708299434647786,4617708299434647786,false,false,0,0,2,true,true
SEAM,724,81|R4-LIQUID-SIDE,true,true,REGION-4-MIXTURE-TABLE-C2,REGION-4-MIXTURE-TABLE-C2,SaturatedMixture,SaturatedMixture,4643425625309294194,4643425625309294194,4617707955576967866,4617707955576967866,true,true,4517239141189049810,4517239141189049810,2,true,true
SEAM,725,81|R4-VAPOR-SIDE,true,true,REGION-4-MIXTURE-TABLE-C2,REGION-4-MIXTURE-TABLE-C2,SaturatedMixture,SaturatedMixture,4643425636421215396,4643425636421215396,4617708015522627098,4617708015522627098,true,true,4607182415913606990,4607182415913606990,2,true,true
SEAM,726,81|R2-SIDE,true,true,REGION-2-VAPOR-SEAM-C3,REGION-2-VAPOR-SEAM-C3,SuperheatedVapor,SuperheatedVapor,4643425611821267086,4643425611821267086,4617707849478693101,4617707849478693101,false,false,0,0,2,true,true
SEAM,727,82|R1-SIDE,true,true,REGION-1-NEAR-BOUNDARY-C2,REGION-1-NEAR-BOUNDARY-C2,SubcooledLiquid,SubcooledLiquid,4643426342561889650,4643426342561889650,4617712188778949185,4617712188778949185,false,false,0,0,2,true,true
SEAM,728,82|R4-LIQUID-SIDE,true,true,REGION-4-MIXTURE-TABLE-C2,REGION-4-MIXTURE-TABLE-C2,SaturatedMixture,SaturatedMixture,4643426342969213742,4643426342969213742,4617711827148427985,4617711827148427985,true,true,4517233816419260289,4517233816419260289,2,true,true
SEAM,729,82|R4-VAPOR-SIDE,true,true,REGION-4-MIXTURE-TABLE-C2,REGION-4-MIXTURE-TABLE-C2,SaturatedMixture,SaturatedMixture,4643426354724142990,4643426354724142990,4617711890562933050,4617711890562933050,true,true,4607182416271381049,4607182416271381049,2,true,true
SEAM,730,82|R2-SIDE,true,true,REGION-2-VAPOR-SEAM-C3,REGION-2-VAPOR-SEAM-C3,SuperheatedVapor,SuperheatedVapor,4643426329538386470,4643426329538386470,4617711719374496360,4617711719374496360,false,false,0,0,2,true,true
SEAM,731,83|R1-SIDE,true,true,REGION-1-NEAR-BOUNDARY-C2,REGION-1-NEAR-BOUNDARY-C2,SubcooledLiquid,SubcooledLiquid,4643426876137824588,4643426876137824588,4617715069168197542,4617715069168197542,false,false,0,0,2,true,true
SEAM,732,83|R4-LIQUID-SIDE,true,true,REGION-4-MIXTURE-TABLE-C2,REGION-4-MIXTURE-TABLE-C2,SaturatedMixture,SaturatedMixture,4643426876546395378,4643426876546395378,4617714705645794116,4617714705645794116,true,true,4517233161027977390,4517233161027977390,2,true,true
SEAM,733,83|R4-VAPOR-SIDE,true,true,REGION-4-MIXTURE-TABLE-C2,REGION-4-MIXTURE-TABLE-C2,SaturatedMixture,SaturatedMixture,4643426888369990026,4643426888369990026,4617714769430729498,4617714769430729498,true,true,4607182416311573103,4607182416311573103,2,true,true
SEAM,734,83|R2-SIDE,true,true,REGION-2-VAPOR-SEAM-C3,REGION-2-VAPOR-SEAM-C3,SuperheatedVapor,SuperheatedVapor,4643426863109514150,4643426863109514150,4617714597557838880,4617714597557838880,false,false,0,0,2,true,true
SEAM,735,84|R1-SIDE,true,true,REGION-1-NEAR-BOUNDARY-C2,REGION-1-NEAR-BOUNDARY-C2,SubcooledLiquid,SubcooledLiquid,4643427973788119184,4643427973788119184,4617720964224711212,4617720964224711212,false,false,0,0,2,true,true
SEAM,736,84|R4-LIQUID-SIDE,true,true,REGION-4-MIXTURE-TABLE-C2,REGION-4-MIXTURE-TABLE-C2,SaturatedMixture,SaturatedMixture,4643427974189075302,4643427974189075302,4617720627116336439,4617720627116336439,true,true,4517240735156810868,4517240735156810868,2,true,true
SEAM,737,84|R4-VAPOR-SIDE,true,true,REGION-4-MIXTURE-TABLE-C2,REGION-4-MIXTURE-TABLE-C2,SaturatedMixture,SaturatedMixture,4643427985059007572,4643427985059007572,4617720685756534123,4617720685756534123,true,true,4607182415788926732,4607182415788926732,2,true,true
SEAM,738,84|R2-SIDE,true,true,REGION-2-VAPOR-SEAM-C3,REGION-2-VAPOR-SEAM-C3,SuperheatedVapor,SuperheatedVapor,4643427960655147410,4643427960655147410,4617720521284901704,4617720521284901704,false,false,0,0,2,true,true
SEAM,739,85|R1-SIDE,true,true,REGION-1-NEAR-BOUNDARY-C2,REGION-1-NEAR-BOUNDARY-C2,SubcooledLiquid,SubcooledLiquid,4643428944689939622,4643428944689939622,4617726144571272167,4617726144571272167,false,false,0,0,2,true,true
SEAM,740,85|R4-LIQUID-SIDE,true,true,REGION-4-MIXTURE-TABLE-C2,REGION-4-MIXTURE-TABLE-C2,SaturatedMixture,SaturatedMixture,4643428945072862414,4643428945072862414,4617725864758649922,4617725864758649922,true,true,4517257471955499871,4517257471955499871,2,true,true
SEAM,741,85|R4-VAPOR-SIDE,true,true,REGION-4-MIXTURE-TABLE-C2,REGION-4-MIXTURE-TABLE-C2,SaturatedMixture,SaturatedMixture,4643428953873107684,4643428953873107684,4617725912233473962,4617725912233473962,true,true,4607182414652045064,4607182414652045064,2,true,true
SEAM,742,85|R2-SIDE,true,true,REGION-2-VAPOR-SEAM-C3,REGION-2-VAPOR-SEAM-C3,SuperheatedVapor,SuperheatedVapor,4643428931352262286,4643428931352262286,4617725764126682892,4617725764126682892,false,false,0,0,2,true,true
SEAM,743,86|R1-SIDE,true,true,REGION-1-NEAR-BOUNDARY-C2,REGION-1-NEAR-BOUNDARY-C2,SubcooledLiquid,SubcooledLiquid,4643429146639378086,4643429146639378086,4617727218090711244,4617727218090711244,false,false,0,0,2,true,true
SEAM,744,86|R4-LIQUID-SIDE,true,true,REGION-4-MIXTURE-TABLE-C2,REGION-4-MIXTURE-TABLE-C2,SaturatedMixture,SaturatedMixture,4643429147017320962,4643429147017320962,4617726954191654228,4617726954191654228,true,true,4517262138096366555,4517262138096366555,2,true,true
SEAM,745,86|R4-VAPOR-SIDE,true,true,REGION-4-MIXTURE-TABLE-C2,REGION-4-MIXTURE-TABLE-C2,SaturatedMixture,SaturatedMixture,4643429155242101570,4643429155242101570,4617726998562009866,4617726998562009866,true,true,4607182414332239593,4607182414332239593,2,true,true
SEAM,746,86|R2-SIDE,true,true,REGION-2-VAPOR-SEAM-C3,REGION-2-VAPOR-SEAM-C3,SuperheatedVapor,SuperheatedVapor,4643429133246403634,4643429133246403634,4617726855023058570,4617726855023058570,false,false,0,0,2,true,true
SEAM,747,87|R1-SIDE,true,true,REGION-1-NEAR-BOUNDARY-C2,REGION-1-NEAR-BOUNDARY-C2,SubcooledLiquid,SubcooledLiquid,4643429850071380384,4643429850071380384,4617730946634581763,4617730946634581763,false,false,0,0,2,true,true
SEAM,748,87|R4-LIQUID-SIDE,true,true,REGION-4-MIXTURE-TABLE-C2,REGION-4-MIXTURE-TABLE-C2,SaturatedMixture,SaturatedMixture,4643429850428665354,4643429850428665354,4617730748896097806,4617730748896097806,true,true,4517281584621965353,4517281584621965353,2,true,true
SEAM,749,87|R4-VAPOR-SIDE,true,true,REGION-4-MIXTURE-TABLE-C2,REGION-4-MIXTURE-TABLE-C2,SaturatedMixture,SaturatedMixture,4643429856261847966,4643429856261847966,4617730780364461445,4617730780364461445,true,true,4607182413014624701,4607182413014624701,2,true,true
SEAM,750,87|R2-SIDE,true,true,REGION-2-VAPOR-SEAM-C3,REGION-2-VAPOR-SEAM-C3,SuperheatedVapor,SuperheatedVapor,4643429836432572122,4643429836432572122,4617730655680930681,4617730655680930681,false,false,0,0,2,true,true
SEAM,751,88|R1-SIDE,true,true,REGION-1-NEAR-BOUNDARY-C2,REGION-1-NEAR-BOUNDARY-C2,SubcooledLiquid,SubcooledLiquid,4643429979777825694,4643429979777825694,4617731632321665814,4617731632321665814,false,false,0,0,2,true,true
SEAM,752,88|R4-LIQUID-SIDE,true,true,REGION-4-MIXTURE-TABLE-C2,REGION-4-MIXTURE-TABLE-C2,SaturatedMixture,SaturatedMixture,4643429980130960914,4643429980130960914,4617731448603148624,4617731448603148624,true,true,4517285708242398762,4517285708242398762,2,true,true
SEAM,753,88|R4-VAPOR-SIDE,true,true,REGION-4-MIXTURE-TABLE-C2,REGION-4-MIXTURE-TABLE-C2,SaturatedMixture,SaturatedMixture,4643429985457022582,4643429985457022582,4617731477335738774,4617731477335738774,true,true,4607182412734813048,4607182412734813048,2,true,true
SEAM,754,88|R2-SIDE,true,true,REGION-2-VAPOR-SEAM-C3,REGION-2-VAPOR-SEAM-C3,SuperheatedVapor,SuperheatedVapor,4643429966085024398,4643429966085024398,4617731356633112624,4617731356633112624,false,false,0,0,2,true,true
SEAM,755,89|R1-SIDE,true,true,REGION-1-NEAR-BOUNDARY-C2,REGION-1-NEAR-BOUNDARY-C2,SubcooledLiquid,SubcooledLiquid,4643430017106054330,4643430017106054330,4617731829550522468,4617731829550522468,false,false,0,0,2,true,true
SEAM,756,89|R4-LIQUID-SIDE,true,true,REGION-4-MIXTURE-TABLE-C2,REGION-4-MIXTURE-TABLE-C2,SaturatedMixture,SaturatedMixture,4643430017458140730,4643430017458140730,4617731649972683300,4617731649972683300,true,true,4517286922559397387,4517286922559397387,2,true,true
SEAM,757,89|R4-VAPOR-SIDE,true,true,REGION-4-MIXTURE-TABLE-C2,REGION-4-MIXTURE-TABLE-C2,SaturatedMixture,SaturatedMixture,4643430022634234962,4643430022634234962,4617731677896241744,4617731677896241744,true,true,4607182412651766701,4607182412651766701,2,true,true
SEAM,758,89|R2-SIDE,true,true,REGION-2-VAPOR-SEAM-C3,REGION-2-VAPOR-SEAM-C3,SuperheatedVapor,SuperheatedVapor,4643430003394104978,4643430003394104978,4617731558340685292,4617731558340685292,false,false,0,0,2,true,true
SEAM,759,90|R1-SIDE,true,true,REGION-1-NEAR-BOUNDARY-C2,REGION-1-NEAR-BOUNDARY-C2,SubcooledLiquid,SubcooledLiquid,4643431043041153346,4643431043041153346,4617737231851092398,4617737231851092398,false,false,0,0,2,true,true
SEAM,760,90|R4-LIQUID-SIDE,true,true,REGION-4-MIXTURE-TABLE-C2,REGION-4-MIXTURE-TABLE-C2,SaturatedMixture,SaturatedMixture,4643431043351707648,4643431043351707648,4617737184377136752,4617737184377136752,true,true,4517325936026109109,4517325936026109109,2,true,true
SEAM,761,90|R4-VAPOR-SIDE,true,true,REGION-4-MIXTURE-TABLE-C2,REGION-4-MIXTURE-TABLE-C2,SaturatedMixture,SaturatedMixture,4643431043750246462,4643431043750246462,4617737186527140476,4617737186527140476,true,true,4607182410013192425,4607182410013192425,2,true,true
SEAM,762,90|R2-SIDE,true,true,REGION-2-VAPOR-SEAM-C3,REGION-2-VAPOR-SEAM-C3,SuperheatedVapor,SuperheatedVapor,4643431028842267948,4643431028842267948,4617737104711879450,4617737104711879450,false,false,0,0,2,true,true
SEAM,763,91|R1-SIDE,true,true,REGION-1-NEAR-BOUNDARY-C2,REGION-1-NEAR-BOUNDARY-C2,SubcooledLiquid,SubcooledLiquid,4643431973117371096,4643431973117371096,4617742381587297763,4617742381587297763,false,false,0,0,2,true,true
SEAM,764,91|R4-LIQUID-SIDE,true,true,REGION-4-MIXTURE-TABLE-C2,REGION-4-MIXTURE-TABLE-C2,SaturatedMixture,SaturatedMixture,4643431973461399422,4643431973461399422,4617742229849088808,4617742229849088808,true,true,4517294999801296899,4517294999801296899,2,true,true
SEAM,765,91|R4-VAPOR-SIDE,true,true,REGION-4-MIXTURE-TABLE-C2,REGION-4-MIXTURE-TABLE-C2,SaturatedMixture,SaturatedMixture,4643431977624660862,4643431977624660862,4617742252443990931,4617742252443990931,true,true,4607182412113439108,4607182412113439108,2,true,true
SEAM,766,91|R2-SIDE,true,true,REGION-2-VAPOR-SEAM-C3,REGION-2-VAPOR-SEAM-C3,SuperheatedVapor,SuperheatedVapor,4643431959300567806,4643431959300567806,4617742140671003717,4617742140671003717,false,false,0,0,2,true,true
SEAM,767,92|R1-SIDE,true,true,REGION-1-NEAR-BOUNDARY-C2,REGION-1-NEAR-BOUNDARY-C2,SubcooledLiquid,SubcooledLiquid,4643432762814824082,4643432762814824082,4617746751949106882,4617746751949106882,false,false,0,0,2,true,true
SEAM,768,92|R4-LIQUID-SIDE,true,true,REGION-4-MIXTURE-TABLE-C2,REGION-4-MIXTURE-TABLE-C2,SaturatedMixture,SaturatedMixture,4643432763186415944,4643432763186415944,4617746515854118171,4617746515854118171,true,true,4517269905677587975,4517269905677587975,2,true,true
SEAM,769,92|R4-VAPOR-SIDE,true,true,REGION-4-MIXTURE-TABLE-C2,REGION-4-MIXTURE-TABLE-C2,SaturatedMixture,SaturatedMixture,4643432770394122334,4643432770394122334,4617746554971868272,4617746554971868272,true,true,4607182413811215920,4607182413811215920,2,true,true
SEAM,770,92|R2-SIDE,true,true,REGION-2-VAPOR-SEAM-C3,REGION-2-VAPOR-SEAM-C3,SuperheatedVapor,SuperheatedVapor,4643432749304531472,4643432749304531472,4617746418943749741,4617746418943749741,false,false,0,0,2,true,true
SEAM,771,93|R1-SIDE,true,true,REGION-1-NEAR-BOUNDARY-C2,REGION-1-NEAR-BOUNDARY-C2,SubcooledLiquid,SubcooledLiquid,4643433701908245116,4643433701908245116,4617751921392241112,4617751921392241112,false,false,0,0,2,true,true
SEAM,772,93|R4-LIQUID-SIDE,true,true,REGION-4-MIXTURE-TABLE-C2,REGION-4-MIXTURE-TABLE-C2,SaturatedMixture,SaturatedMixture,4643433702303405954,4643433702303405954,4617751612641048042,4617751612641048042,true,true,4517248201362897832,4517248201362897832,2,true,true
SEAM,773,93|R4-VAPOR-SIDE,true,true,REGION-4-MIXTURE-TABLE-C2,REGION-4-MIXTURE-TABLE-C2,SaturatedMixture,SaturatedMixture,4643433712134642066,4643433712134642066,4617751665997249920,4617751665997249920,true,true,4607182415277254643,4607182415277254643,2,true,true
SEAM,774,93|R2-SIDE,true,true,REGION-2-VAPOR-SEAM-C3,REGION-2-VAPOR-SEAM-C3,SuperheatedVapor,SuperheatedVapor,4643433688660430580,4643433688660430580,4617751509033558054,4617751509033558054,false,false,0,0,2,true,true
SEAM,775,94|R1-SIDE,true,true,REGION-1-NEAR-BOUNDARY-C2,REGION-1-NEAR-BOUNDARY-C2,SubcooledLiquid,SubcooledLiquid,4643433892935481760,4643433892935481760,4617752969263339199,4617752969263339199,false,false,0,0,2,true,true
SEAM,776,94|R4-LIQUID-SIDE,true,true,REGION-4-MIXTURE-TABLE-C2,REGION-4-MIXTURE-TABLE-C2,SaturatedMixture,SaturatedMixture,4643433893334208584,4643433893334208584,4617752649405698642,4617752649405698642,true,true,4517244870997444565,4517244870997444565,2,true,true
SEAM,777,94|R4-VAPOR-SIDE,true,true,REGION-4-MIXTURE-TABLE-C2,REGION-4-MIXTURE-TABLE-C2,SaturatedMixture,SaturatedMixture,4643433903566625264,4643433903566625264,4617752704939192508,4617752704939192508,true,true,4607182415501381740,4607182415501381740,2,true,true
SEAM,778,94|R2-SIDE,true,true,REGION-2-VAPOR-SEAM-C3,REGION-2-VAPOR-SEAM-C3,SuperheatedVapor,SuperheatedVapor,4643433879722463896,4643433879722463896,4617752544722844770,4617752544722844770,false,false,0,0,2,true,true
SEAM,779,95|R1-SIDE,true,true,REGION-1-NEAR-BOUNDARY-C2,REGION-1-NEAR-BOUNDARY-C2,SubcooledLiquid,SubcooledLiquid,4643434772136324810,4643434772136324810,4617757776063287264,4617757776063287264,false,false,0,0,2,true,true
SEAM,780,95|R4-LIQUID-SIDE,true,true,REGION-4-MIXTURE-TABLE-C2,REGION-4-MIXTURE-TABLE-C2,SaturatedMixture,SaturatedMixture,4643434772546410474,4643434772546410474,4617757421076647882,4617757421076647882,true,true,4517234275776702898,4517234275776702898,2,true,true
SEAM,781,95|R4-VAPOR-SIDE,true,true,REGION-4-MIXTURE-TABLE-C2,REGION-4-MIXTURE-TABLE-C2,SaturatedMixture,SaturatedMixture,4643434784048190066,4643434784048190066,4617757483499243277,4617757483499243277,true,true,4607182416210980576,4607182416210980576,2,true,true
SEAM,782,95|R2-SIDE,true,true,REGION-2-VAPOR-SEAM-C3,REGION-2-VAPOR-SEAM-C3,SuperheatedVapor,SuperheatedVapor,4643434759055749356,4643434759055749356,4617757313173867082,4617757313173867082,false,false,0,0,2,true,true
SEAM,783,96|R1-SIDE,true,true,REGION-1-NEAR-BOUNDARY-C2,REGION-1-NEAR-BOUNDARY-C2,SubcooledLiquid,SubcooledLiquid,4643435600544612110,4643435600544612110,4617762281122511595,4617762281122511595,false,false,0,0,2,true,true
SEAM,784,96|R4-LIQUID-SIDE,true,true,REGION-4-MIXTURE-TABLE-C2,REGION-4-MIXTURE-TABLE-C2,SaturatedMixture,SaturatedMixture,4643435600958889462,4643435600958889462,4617761917046735022,4617761917046735022,true,true,4517231401111153266,4517231401111153266,2,true,true
SEAM,785,96|R4-VAPOR-SIDE,true,true,REGION-4-MIXTURE-TABLE-C2,REGION-4-MIXTURE-TABLE-C2,SaturatedMixture,SaturatedMixture,4643435612789060010,4643435612789060010,4617761981251577729,4617761981251577729,true,true,4607182416397048123,4607182416397048123,2,true,true
SEAM,786,96|R2-SIDE,true,true,REGION-2-VAPOR-SEAM-C3,REGION-2-VAPOR-SEAM-C3,SuperheatedVapor,SuperheatedVapor,4643435587493391854,4643435587493391854,4617761808220240113,4617761808220240113,false,false,0,0,2,true,true
SEAM,787,97|R1-SIDE,true,true,REGION-1-NEAR-BOUNDARY-C2,REGION-1-NEAR-BOUNDARY-C2,SubcooledLiquid,SubcooledLiquid,4643436629807952342,4643436629807952342,4617767846034940402,4617767846034940402,false,false,0,0,2,true,true
SEAM,788,97|R4-LIQUID-SIDE,true,true,REGION-4-MIXTURE-TABLE-C2,REGION-4-MIXTURE-TABLE-C2,SaturatedMixture,SaturatedMixture,4643436630215593338,4643436630215593338,4617767503040995144,4617767503040995144,true,true,4517237534837684402,4517237534837684402,2,true,true
SEAM,789,97|R4-VAPOR-SIDE,true,true,REGION-4-MIXTURE-TABLE-C2,REGION-4-MIXTURE-TABLE-C2,SaturatedMixture,SaturatedMixture,4643436641285741322,4643436641285741322,4617767563121034323,4617767563121034323,true,true,4607182415976388419,4607182415976388419,2,true,true
SEAM,790,97|R2-SIDE,true,true,REGION-2-VAPOR-SEAM-C3,REGION-2-VAPOR-SEAM-C3,SuperheatedVapor,SuperheatedVapor,4643436616676748902,4643436616676748902,4617767396049022469,4617767396049022469,false,false,0,0,2,true,true
SEAM,791,98|R1-SIDE,true,true,REGION-1-NEAR-BOUNDARY-C2,REGION-1-NEAR-BOUNDARY-C2,SubcooledLiquid,SubcooledLiquid,4643437521121147244,4643437521121147244,4617772636106643488,4617772636106643488,false,false,0,0,2,true,true
SEAM,792,98|R4-LIQUID-SIDE,true,true,REGION-4-MIXTURE-TABLE-C2,REGION-4-MIXTURE-TABLE-C2,SaturatedMixture,SaturatedMixture,4643437521514624490,4643437521514624490,4617772340309728318,4617772340309728318,true,true,4517251518117085343,4517251518117085343,2,true,true
SEAM,793,98|R4-VAPOR-SIDE,true,true,REGION-4-MIXTURE-TABLE-C2,REGION-4-MIXTURE-TABLE-C2,SaturatedMixture,SaturatedMixture,4643437530879970556,4643437530879970556,4617772391137446166,4617772391137446166,true,true,4607182415026970953,4607182415026970953,2,true,true
SEAM,794,98|R2-SIDE,true,true,REGION-2-VAPOR-SEAM-C3,REGION-2-VAPOR-SEAM-C3,SuperheatedVapor,SuperheatedVapor,4643437507805979464,4643437507805979464,4617772237470783271,4617772237470783271,false,false,0,0,2,true,true
SEAM,795,99|R1-SIDE,true,true,REGION-1-NEAR-BOUNDARY-C2,REGION-1-NEAR-BOUNDARY-C2,SubcooledLiquid,SubcooledLiquid,4643438375846832102,4643438375846832102,4617777204329596800,4617777204329596800,false,false,0,0,2,true,true
SEAM,796,99|R4-LIQUID-SIDE,true,true,REGION-4-MIXTURE-TABLE-C2,REGION-4-MIXTURE-TABLE-C2,SaturatedMixture,SaturatedMixture,4643438376218030550,4643438376218030550,4617776978966248454,4617776978966248454,true,true,4517272542179348522,4517272542179348522,2,true,true
SEAM,797,99|R4-VAPOR-SIDE,true,true,REGION-4-MIXTURE-TABLE-C2,REGION-4-MIXTURE-TABLE-C2,SaturatedMixture,SaturatedMixture,4643438383038924590,4643438383038924590,4617777015984685949,4617777015984685949,true,true,4607182413608197731,4607182413608197731,2,true,true
SEAM,798,99|R2-SIDE,true,true,REGION-2-VAPOR-SEAM-C3,REGION-2-VAPOR-SEAM-C3,SuperheatedVapor,SuperheatedVapor,4643438362274842482,4643438362274842482,4617776882529978031,4617776882529978031,false,false,0,0,2,true,true
SEAM,799,100|R1-SIDE,true,true,REGION-1-NEAR-BOUNDARY-C2,REGION-1-NEAR-BOUNDARY-C2,SubcooledLiquid,SubcooledLiquid,4643439745028934246,4643439745028934246,4617784470804088451,4617784470804088451,false,false,0,0,2,true,true
SEAM,800,100|R4-LIQUID-SIDE,true,true,REGION-4-MIXTURE-TABLE-C2,REGION-4-MIXTURE-TABLE-C2,SaturatedMixture,SaturatedMixture,4643439745348141056,4643439745348141056,4617784409525514986,4617784409525514986,true,true,4517321785591664411,4517321785591664411,2,true,true
SEAM,801,100|R4-VAPOR-SIDE,true,true,REGION-4-MIXTURE-TABLE-C2,REGION-4-MIXTURE-TABLE-C2,SaturatedMixture,SaturatedMixture,4643439746237808938,4643439746237808938,4617784414353931140,4617784414353931140,true,true,4607182410290946316,4607182410290946316,2,true,true
SEAM,802,100|R2-SIDE,true,true,REGION-2-VAPOR-SEAM-C3,REGION-2-VAPOR-SEAM-C3,SuperheatedVapor,SuperheatedVapor,4643439730844497710,4643439730844497710,4617784327942890685,4617784327942890685,false,false,0,0,2,true,true
SEAM,803,101|R1-SIDE,true,true,REGION-1-NEAR-BOUNDARY-C2,REGION-1-NEAR-BOUNDARY-C2,SubcooledLiquid,SubcooledLiquid,4643440217949521042,4643440217949521042,4617787066573035499,4617787066573035499,false,false,0,0,2,true,true
SEAM,804,101|R4-LIQUID-SIDE,true,true,REGION-4-MIXTURE-TABLE-C2,REGION-4-MIXTURE-TABLE-C2,SaturatedMixture,SaturatedMixture,4643440218274730658,4643440218274730658,4617786986119077262,4617786986119077262,true,true,4517315978139293344,4517315978139293344,2,true,true
SEAM,805,101|R4-VAPOR-SIDE,true,true,REGION-4-MIXTURE-TABLE-C2,REGION-4-MIXTURE-TABLE-C2,SaturatedMixture,SaturatedMixture,4643440219857156922,4643440219857156922,4617786994758874544,4617786994758874544,true,true,4607182410683963785,4607182410683963785,2,true,true
SEAM,806,101|R2-SIDE,true,true,REGION-2-VAPOR-SEAM-C3,REGION-2-VAPOR-SEAM-C3,SuperheatedVapor,SuperheatedVapor,4643440203827121284,4643440203827121284,4617786902695274690,4617786902695274690,false,false,0,0,2,true,true
SEAM,807,102|R1-SIDE,true,true,REGION-1-NEAR-BOUNDARY-C2,REGION-1-NEAR-BOUNDARY-C2,SubcooledLiquid,SubcooledLiquid,4643441085495386408,4643441085495386408,4617791911285264302,4617791911285264302,false,false,0,0,2,true,true
SEAM,808,102|R4-LIQUID-SIDE,true,true,REGION-4-MIXTURE-TABLE-C2,REGION-4-MIXTURE-TABLE-C2,SaturatedMixture,SaturatedMixture,4643441085855904964,4643441085855904964,4617791722975152223,4617791722975152223,true,true,4517283416064623116,4517283416064623116,2,true,true
SEAM,809,102|R4-VAPOR-SIDE,true,true,REGION-4-MIXTURE-TABLE-C2,REGION-4-MIXTURE-TABLE-C2,SaturatedMixture,SaturatedMixture,4643441091328726954,4643441091328726954,4617791752855895204,4617791752855895204,true,true,4607182412880750133,4607182412880750133,2,true,true
SEAM,810,102|R2-SIDE,true,true,REGION-2-VAPOR-SEAM-C3,REGION-2-VAPOR-SEAM-C3,SuperheatedVapor,SuperheatedVapor,4643441071772129918,4643441071772129918,4617791629701845745,4617791629701845745,false,false,0,0,2,true,true
SEAM,811,103|R1-SIDE,true,true,REGION-1-NEAR-BOUNDARY-C2,REGION-1-NEAR-BOUNDARY-C2,SubcooledLiquid,SubcooledLiquid,4643442841506980288,4643442841506980288,4617801638852487979,4617801638852487979,false,false,0,0,2,true,true
SEAM,812,103|R4-LIQUID-SIDE,true,true,REGION-4-MIXTURE-TABLE-C2,REGION-4-MIXTURE-TABLE-C2,SaturatedMixture,SaturatedMixture,4643442841913611948,4643442841913611948,4617801310772655940,4617801310772655940,true,true,4517240958301120230,4517240958301120230,2,true,true
SEAM,813,103|R4-VAPOR-SIDE,true,true,REGION-4-MIXTURE-TABLE-C2,REGION-4-MIXTURE-TABLE-C2,SaturatedMixture,SaturatedMixture,4643442852430395526,4643442852430395526,4617801368192631910,4617801368192631910,true,true,4607182415732626332,4607182415732626332,2,true,true
SEAM,814,103|R2-SIDE,true,true,REGION-2-VAPOR-SEAM-C3,REGION-2-VAPOR-SEAM-C3,SuperheatedVapor,SuperheatedVapor,4643442828294305954,4643442828294305954,4617801204609526046,4617801204609526046,false,false,0,0,2,true,true
SEAM,815,104|R1-SIDE,true,true,REGION-1-NEAR-BOUNDARY-C2,REGION-1-NEAR-BOUNDARY-C2,SubcooledLiquid,SubcooledLiquid,4643443038910837398,4643443038910837398,4617802725814235617,4617802725814235617,false,false,0,0,2,true,true
SEAM,816,104|R4-LIQUID-SIDE,true,true,REGION-4-MIXTURE-TABLE-C2,REGION-4-MIXTURE-TABLE-C2,SaturatedMixture,SaturatedMixture,4643443039320417922,4643443039320417922,4617802388582612874,4617802388582612874,true,true,4517238157507790906,4517238157507790906,2,true,true
SEAM,817,104|R4-VAPOR-SIDE,true,true,REGION-4-MIXTURE-TABLE-C2,REGION-4-MIXTURE-TABLE-C2,SaturatedMixture,SaturatedMixture,4643443050167952706,4643443050167952706,4617802447808438140,4617802447808438140,true,true,4607182415921589476,4607182415921589476,2,true,true
SEAM,818,104|R2-SIDE,true,true,REGION-2-VAPOR-SEAM-C3,REGION-2-VAPOR-SEAM-C3,SuperheatedVapor,SuperheatedVapor,4643443025726856480,4643443025726856480,4617802281526402047,4617802281526402047,false,false,0,0,2,true,true
SEAM,819,105|R1-SIDE,true,true,REGION-1-NEAR-BOUNDARY-C2,REGION-1-NEAR-BOUNDARY-C2,SubcooledLiquid,SubcooledLiquid,4643443691951608230,4643443691951608230,4617806312193261384,4617806312193261384,false,false,0,0,2,true,true
SEAM,820,105|R4-LIQUID-SIDE,true,true,REGION-4-MIXTURE-TABLE-C2,REGION-4-MIXTURE-TABLE-C2,SaturatedMixture,SaturatedMixture,4643443692369056706,4643443692369056706,4617805954124954578,4617805954124954578,true,true,4517231712690278941,4517231712690278941,2,true,true
SEAM,821,105|R4-VAPOR-SIDE,true,true,REGION-4-MIXTURE-TABLE-C2,REGION-4-MIXTURE-TABLE-C2,SaturatedMixture,SaturatedMixture,4643443703968731586,4643443703968731586,4617806017457345900,4617806017457345900,true,true,4607182416349446612,4607182416349446612,2,true,true
SEAM,822,105|R2-SIDE,true,true,REGION-2-VAPOR-SEAM-C3,REGION-2-VAPOR-SEAM-C3,SuperheatedVapor,SuperheatedVapor,4643443678847499212,4643443678847499212,4617805845146034650,4617805845146034650,false,false,0,0,2,true,true
SEAM,823,106|R1-SIDE,true,true,REGION-1-NEAR-BOUNDARY-C2,REGION-1-NEAR-BOUNDARY-C2,SubcooledLiquid,SubcooledLiquid,4643443862661074448,4643443862661074448,4617807247307242876,4617807247307242876,false,false,0,0,2,true,true
SEAM,824,106|R4-LIQUID-SIDE,true,true,REGION-4-MIXTURE-TABLE-C2,REGION-4-MIXTURE-TABLE-C2,SaturatedMixture,SaturatedMixture,4643443863079532552,4643443863079532552,4617806886177168826,4617806886177168826,true,true,4517230755364955810,4517230755364955810,2,true,true
SEAM,825,106|R4-VAPOR-SIDE,true,true,REGION-4-MIXTURE-TABLE-C2,REGION-4-MIXTURE-TABLE-C2,SaturatedMixture,SaturatedMixture,4643443874789795218,4643443874789795218,4617806950113351984,4617806950113351984,true,true,4607182416411011536,4607182416411011536,2,true,true
SEAM,826,106|R2-SIDE,true,true,REGION-2-VAPOR-SEAM-C3,REGION-2-VAPOR-SEAM-C3,SuperheatedVapor,SuperheatedVapor,4643443849563905780,4643443849563905780,4617806776868243852,4617806776868243852,false,false,0,0,2,true,true
SEAM,827,107|R1-SIDE,true,true,REGION-1-NEAR-BOUNDARY-C2,REGION-1-NEAR-BOUNDARY-C2,SubcooledLiquid,SubcooledLiquid,4643444947596528256,4643444947596528256,4617813167247130284,4617813167247130284,false,false,0,0,2,true,true
SEAM,828,107|R4-LIQUID-SIDE,true,true,REGION-4-MIXTURE-TABLE-C2,REGION-4-MIXTURE-TABLE-C2,SaturatedMixture,SaturatedMixture,4643444948014142122,4643444948014142122,4617812809748643711,4617812809748643711,true,true,4517231671868802822,4517231671868802822,2,true,true
SEAM,829,107|R4-VAPOR-SIDE,true,true,REGION-4-MIXTURE-TABLE-C2,REGION-4-MIXTURE-TABLE-C2,SaturatedMixture,SaturatedMixture,4643444959594933494,4643444959594933494,4617812872977934068,4617812872977934068,true,true,4607182416343424503,4607182416343424503,2,true,true
SEAM,830,107|R2-SIDE,true,true,REGION-2-VAPOR-SEAM-C3,REGION-2-VAPOR-SEAM-C3,SuperheatedVapor,SuperheatedVapor,4643444934484822520,4643444934484822520,4617812700691091118,4617812700691091118,false,false,0,0,2,true,true
SEAM,831,108|R1-SIDE,true,true,REGION-1-NEAR-BOUNDARY-C2,REGION-1-NEAR-BOUNDARY-C2,SubcooledLiquid,SubcooledLiquid,4643445393220980056,4643445393220980056,4617815587226074381,4617815587226074381,false,false,0,0,2,true,true
SEAM,832,108|R4-LIQUID-SIDE,true,true,REGION-4-MIXTURE-TABLE-C2,REGION-4-MIXTURE-TABLE-C2,SaturatedMixture,SaturatedMixture,4643445393634554612,4643445393634554612,4617815242765657633,4617815242765657633,true,true,4517235561893397035,4517235561893397035,2,true,true
SEAM,833,108|R4-VAPOR-SIDE,true,true,REGION-4-MIXTURE-TABLE-C2,REGION-4-MIXTURE-TABLE-C2,SaturatedMixture,SaturatedMixture,4643445404745072446,4643445404745072446,4617815303427328777,4617815303427328777,true,true,4607182416078776867,4607182416078776867,2,true,true
SEAM,834,108|R2-SIDE,true,true,REGION-2-VAPOR-SEAM-C3,REGION-2-VAPOR-SEAM-C3,SuperheatedVapor,SuperheatedVapor,4643445380062542036,4643445380062542036,4617815134884442500,4617815134884442500,false,false,0,0,2,true,true
SEAM,835,109|R1-SIDE,true,true,REGION-1-NEAR-BOUNDARY-C2,REGION-1-NEAR-BOUNDARY-C2,SubcooledLiquid,SubcooledLiquid,4643445978007304898,4643445978007304898,4617818752724963403,4617818752724963403,false,false,0,0,2,true,true
SEAM,836,109|R4-LIQUID-SIDE,true,true,REGION-4-MIXTURE-TABLE-C2,REGION-4-MIXTURE-TABLE-C2,SaturatedMixture,SaturatedMixture,4643445978412614726,4643445978412614726,4617818435561431176,4617818435561431176,true,true,4517243772413147235,4517243772413147235,2,true,true
SEAM,837,109|R4-VAPOR-SIDE,true,true,REGION-4-MIXTURE-TABLE-C2,REGION-4-MIXTURE-TABLE-C2,SaturatedMixture,SaturatedMixture,4643445988537655898,4643445988537655898,4617818490842555548,4617818490842555548,true,true,4607182415522634287,4607182415522634287,2,true,true
SEAM,838,109|R2-SIDE,true,true,REGION-2-VAPOR-SEAM-C3,REGION-2-VAPOR-SEAM-C3,SuperheatedVapor,SuperheatedVapor,4643445964739429832,4643445964739429832,4617818330060658500,4617818330060658500,false,false,0,0,2,true,true
SEAM,839,110|R1-SIDE,true,true,REGION-1-NEAR-BOUNDARY-C2,REGION-1-NEAR-BOUNDARY-C2,SubcooledLiquid,SubcooledLiquid,4643446169732412510,4643446169732412510,4617819788030760289,4617819788030760289,false,false,0,0,2,true,true
SEAM,840,110|R4-LIQUID-SIDE,true,true,REGION-4-MIXTURE-TABLE-C2,REGION-4-MIXTURE-TABLE-C2,SaturatedMixture,SaturatedMixture,4643446170134098930,4643446170134098930,4617819482330429930,4617819482330429930,true,true,4517247236681159181,4517247236681159181,2,true,true
SEAM,841,110|R4-VAPOR-SIDE,true,true,REGION-4-MIXTURE-TABLE-C2,REGION-4-MIXTURE-TABLE-C2,SaturatedMixture,SaturatedMixture,4643446179845279382,4643446179845279382,4617819535351940159,4617819535351940159,true,true,4607182415288714268,4607182415288714268,2,true,true
SEAM,842,110|R2-SIDE,true,true,REGION-2-VAPOR-SEAM-C3,REGION-2-VAPOR-SEAM-C3,SuperheatedVapor,SuperheatedVapor,4643446156423346230,4643446156423346230,4617819377877490254,4617819377877490254,false,false,0,0,2,true,true
SEAM,843,111|R1-SIDE,true,true,REGION-1-NEAR-BOUNDARY-C2,REGION-1-NEAR-BOUNDARY-C2,SubcooledLiquid,SubcooledLiquid,4643446179709113678,4643446179709113678,4617819841870411282,4617819841870411282,false,false,0,0,2,true,true
SEAM,844,111|R4-LIQUID-SIDE,true,true,REGION-4-MIXTURE-TABLE-C2,REGION-4-MIXTURE-TABLE-C2,SaturatedMixture,SaturatedMixture,4643446180110826202,4643446180110826202,4617819536801783827,4617819536801783827,true,true,4517247422476873865,4517247422476873865,2,true,true
SEAM,845,111|R4-VAPOR-SIDE,true,true,REGION-4-MIXTURE-TABLE-C2,REGION-4-MIXTURE-TABLE-C2,SaturatedMixture,SaturatedMixture,4643446189799081962,4643446189799081962,4617819589698128876,4617819589698128876,true,true,4607182415276420982,4607182415276420982,2,true,true
SEAM,846,111|R2-SIDE,true,true,REGION-2-VAPOR-SEAM-C3,REGION-2-VAPOR-SEAM-C3,SuperheatedVapor,SuperheatedVapor,4643446166396740916,4643446166396740916,4617819432395840139,4617819432395840139,false,false,0,0,2,true,true
SEAM,847,112|R1-SIDE,true,true,REGION-1-NEAR-BOUNDARY-C2,REGION-1-NEAR-BOUNDARY-C2,SubcooledLiquid,SubcooledLiquid,4643446440035038120,4643446440035038120,4617821245539804057,4617821245539804057,false,false,0,0,2,true,true
SEAM,848,112|R4-LIQUID-SIDE,true,true,REGION-4-MIXTURE-TABLE-C2,REGION-4-MIXTURE-TABLE-C2,SaturatedMixture,SaturatedMixture,4643446440431254422,4643446440431254422,4617820958110173588,4617820958110173588,true,true,4517252760754479960,4517252760754479960,2,true,true
SEAM,849,112|R4-VAPOR-SIDE,true,true,REGION-4-MIXTURE-TABLE-C2,REGION-4-MIXTURE-TABLE-C2,SaturatedMixture,SaturatedMixture,4643446449482649094,4643446449482649094,4617821007529357750,4617821007529357750,true,true,4607182414917431375,4607182414917431375,2,true,true
SEAM,850,112|R2-SIDE,true,true,REGION-2-VAPOR-SEAM-C3,REGION-2-VAPOR-SEAM-C3,SuperheatedVapor,SuperheatedVapor,4643446426660700638,4643446426660700638,4617820855331776254,4617820855331776254,false,false,0,0,2,true,true
SEAM,851,113|R1-SIDE,true,true,REGION-1-NEAR-BOUNDARY-C2,REGION-1-NEAR-BOUNDARY-C2,SubcooledLiquid,SubcooledLiquid,4643446524875894018,4643446524875894018,4617821702504211382,4617821702504211382,false,false,0,0,2,true,true
SEAM,852,113|R4-LIQUID-SIDE,true,true,REGION-4-MIXTURE-TABLE-C2,REGION-4-MIXTURE-TABLE-C2,SaturatedMixture,SaturatedMixture,4643446525269928612,4643446525269928612,4617821421315924381,4617821421315924381,true,true,4517254657315858014,4517254657315858014,2,true,true
SEAM,853,113|R4-VAPOR-SIDE,true,true,REGION-4-MIXTURE-TABLE-C2,REGION-4-MIXTURE-TABLE-C2,SaturatedMixture,SaturatedMixture,4643446534096028020,4643446534096028020,4617821469505032037,4617821469505032037,true,true,4607182414789289914,4607182414789289914,2,true,true
SEAM,854,113|R2-SIDE,true,true,REGION-2-VAPOR-SEAM-C3,REGION-2-VAPOR-SEAM-C3,SuperheatedVapor,SuperheatedVapor,4643446511474013370,4643446511474013370,4617821319064468685,4617821319064468685,false,false,0,0,2,true,true
SEAM,855,114|R1-SIDE,true,true,REGION-1-NEAR-BOUNDARY-C2,REGION-1-NEAR-BOUNDARY-C2,SubcooledLiquid,SubcooledLiquid,4643446682405276016,4643446682405276016,4617822550333929406,4617822550333929406,false,false,0,0,2,true,true
SEAM,856,114|R4-LIQUID-SIDE,true,true,REGION-4-MIXTURE-TABLE-C2,REGION-4-MIXTURE-TABLE-C2,SaturatedMixture,SaturatedMixture,4643446682795526034,4643446682795526034,4617822281380786576,4617822281380786576,true,true,4517258366519450434,4517258366519450434,2,true,true
SEAM,857,114|R4-VAPOR-SIDE,true,true,REGION-4-MIXTURE-TABLE-C2,REGION-4-MIXTURE-TABLE-C2,SaturatedMixture,SaturatedMixture,4643446691179974196,4643446691179974196,4617822327158548236,4617822327158548236,true,true,4607182414541905761,4607182414541905761,2,true,true
SEAM,858,114|R2-SIDE,true,true,REGION-2-VAPOR-SEAM-C3,REGION-2-VAPOR-SEAM-C3,SuperheatedVapor,SuperheatedVapor,4643446668955452630,4643446668955452630,4617822180215010835,4617822180215010835,false,false,0,0,2,true,true
SEAM,859,115|R1-SIDE,true,true,REGION-1-NEAR-BOUNDARY-C2,REGION-1-NEAR-BOUNDARY-C2,SubcooledLiquid,SubcooledLiquid,4643446997781071100,4643446997781071100,4617824245181124996,4617824245181124996,false,false,0,0,2,true,true
SEAM,860,115|R4-LIQUID-SIDE,true,true,REGION-4-MIXTURE-TABLE-C2,REGION-4-MIXTURE-TABLE-C2,SaturatedMixture,SaturatedMixture,4643446998162304130,4643446998162304130,4617824003233545610,4617824003233545610,true,true,4517266580094051308,4517266580094051308,2,true,true
SEAM,861,115|R4-VAPOR-SIDE,true,true,REGION-4-MIXTURE-TABLE-C2,REGION-4-MIXTURE-TABLE-C2,SaturatedMixture,SaturatedMixture,4643447005571487104,4643447005571487104,4617824043686513478,4617824043686513478,true,true,4607182413987890189,4607182413987890189,2,true,true
SEAM,862,115|R2-SIDE,true,true,REGION-2-VAPOR-SEAM-C3,REGION-2-VAPOR-SEAM-C3,SuperheatedVapor,SuperheatedVapor,4643446984224814612,4643446984224814612,4617823904465508964,4617823904465508964,false,false,0,0,2,true,true
SEAM,863,116|R1-SIDE,true,true,REGION-1-NEAR-BOUNDARY-C2,REGION-1-NEAR-BOUNDARY-C2,SubcooledLiquid,SubcooledLiquid,4643447308003007056,4643447308003007056,4617825909055761779,4617825909055761779,false,false,0,0,2,true,true
SEAM,864,116|R4-LIQUID-SIDE,true,true,REGION-4-MIXTURE-TABLE-C2,REGION-4-MIXTURE-TABLE-C2,SaturatedMixture,SaturatedMixture,4643447308374989002,4643447308374989002,4617825696945770336,4617825696945770336,true,true,4517275653024815550,4517275653024815550,2,true,true
SEAM,865,116|R4-VAPOR-SIDE,true,true,REGION-4-MIXTURE-TABLE-C2,REGION-4-MIXTURE-TABLE-C2,SaturatedMixture,SaturatedMixture,4643447314706209068,4643447314706209068,4617825731513231126,4617825731513231126,true,true,4607182413378284755,4607182413378284755,2,true,true
SEAM,866,116|R2-SIDE,true,true,REGION-2-VAPOR-SEAM-C3,REGION-2-VAPOR-SEAM-C3,SuperheatedVapor,SuperheatedVapor,4643447294330537716,4643447294330537716,4617825600838804931,4617825600838804931,false,false,0,0,2,true,true
SEAM,867,117|R1-SIDE,true,true,REGION-1-NEAR-BOUNDARY-C2,REGION-1-NEAR-BOUNDARY-C2,SubcooledLiquid,SubcooledLiquid,4643447416953228350,4643447416953228350,4617826492639659797,4617826492639659797,false,false,0,0,2,true,true
SEAM,868,117|R4-LIQUID-SIDE,true,true,REGION-4-MIXTURE-TABLE-C2,REGION-4-MIXTURE-TABLE-C2,SaturatedMixture,SaturatedMixture,4643447417321444152,4643447417321444152,4617826291776194509,4617826291776194509,true,true,4517279082744069354,4517279082744069354,2,true,true
SEAM,869,117|R4-VAPOR-SIDE,true,true,REGION-4-MIXTURE-TABLE-C2,REGION-4-MIXTURE-TABLE-C2,SaturatedMixture,SaturatedMixture,4643447423246729760,4643447423246729760,4617826324127317326,4617826324127317326,true,true,4607182413150108254,4607182413150108254,2,true,true
SEAM,870,117|R2-SIDE,true,true,REGION-2-VAPOR-SEAM-C3,REGION-2-VAPOR-SEAM-C3,SuperheatedVapor,SuperheatedVapor,4643447403249911160,4643447403249911160,4617826196792498460,4617826196792498460,false,false,0,0,2,true,true
SEAM,871,118|R1-SIDE,true,true,REGION-1-NEAR-BOUNDARY-C2,REGION-1-NEAR-BOUNDARY-C2,SubcooledLiquid,SubcooledLiquid,4643447625505260362,4643447625505260362,4617827608616921411,4617827608616921411,false,false,0,0,2,true,true
SEAM,872,118|R4-LIQUID-SIDE,true,true,REGION-4-MIXTURE-TABLE-C2,REGION-4-MIXTURE-TABLE-C2,SaturatedMixture,SaturatedMixture,4643447625866400018,4643447625866400018,4617827430398689251,4617827430398689251,true,true,4517285981754302074,4517285981754302074,2,true,true
SEAM,873,118|R4-VAPOR-SIDE,true,true,REGION-4-MIXTURE-TABLE-C2,REGION-4-MIXTURE-TABLE-C2,SaturatedMixture,SaturatedMixture,4643447630973363826,4643447630973363826,4617827458281904397,4617827458281904397,true,true,4607182412686170404,4607182412686170404,2,true,true
SEAM,874,118|R2-SIDE,true,true,REGION-2-VAPOR-SEAM-C3,REGION-2-VAPOR-SEAM-C3,SuperheatedVapor,SuperheatedVapor,4643447611710626524,4643447611710626524,4617827337409490888,4617827337409490888,false,false,0,0,2,true,true
SEAM,875,119|R1-SIDE,true,true,REGION-1-NEAR-BOUNDARY-C2,REGION-1-NEAR-BOUNDARY-C2,SubcooledLiquid,SubcooledLiquid,4643447948265603362,4643447948265603362,4617829332841153725,4617829332841153725,false,false,0,0,2,true,true
SEAM,876,119|R4-LIQUID-SIDE,true,true,REGION-4-MIXTURE-TABLE-C2,REGION-4-MIXTURE-TABLE-C2,SaturatedMixture,SaturatedMixture,4643447948614336686,4643447948614336686,4617829192551407378,4617829192551407378,true,true,4517297563240236549,4517297563240236549,2,true,true
SEAM,877,119|R4-VAPOR-SIDE,true,true,REGION-4-MIXTURE-TABLE-C2,REGION-4-MIXTURE-TABLE-C2,SaturatedMixture,SaturatedMixture,4643447952350984732,4643447952350984732,4617829212952915060,4617829212952915060,true,true,4607182411908758670,4607182411908758670,2,true,true
SEAM,878,119|R2-SIDE,true,true,REGION-2-VAPOR-SEAM-C3,REGION-2-VAPOR-SEAM-C3,SuperheatedVapor,SuperheatedVapor,4643447934331903318,4643447934331903318,4617829103035410008,4617829103035410008,false,false,0,0,2,true,true
SEAM,879,120|R1-SIDE,true,true,REGION-1-NEAR-BOUNDARY-C2,REGION-1-NEAR-BOUNDARY-C2,SubcooledLiquid,SubcooledLiquid,4643448274742504864,4643448274742504864,4617831073349638007,4617831073349638007,false,false,0,0,2,true,true
SEAM,880,120|R4-LIQUID-SIDE,true,true,REGION-4-MIXTURE-TABLE-C2,REGION-4-MIXTURE-TABLE-C2,SaturatedMixture,SaturatedMixture,4643448275077835020,4643448275077835020,4617830974990504877,4617830974990504877,true,true,4517310376595587791,4517310376595587791,2,true,true
SEAM,881,120|R4-VAPOR-SIDE,true,true,REGION-4-MIXTURE-TABLE-C2,REGION-4-MIXTURE-TABLE-C2,SaturatedMixture,SaturatedMixture,4643448277299510982,4643448277299510982,4617830987120504437,4617830987120504437,true,true,4607182411052409022,4607182411052409022,2,true,true
SEAM,882,120|R2-SIDE,true,true,REGION-2-VAPOR-SEAM-C3,REGION-2-VAPOR-SEAM-C3,SuperheatedVapor,SuperheatedVapor,4643448260653568204,4643448260653568204,4617830889302513577,4617830889302513577,false,false,0,0,2,true,true
SEAM,883,121|R1-SIDE,true,true,REGION-1-NEAR-BOUNDARY-C2,REGION-1-NEAR-BOUNDARY-C2,SubcooledLiquid,SubcooledLiquid,4643448356606725646,4643448356606725646,4617831509220132476,4617831509220132476,false,false,0,0,2,true,true
SEAM,884,121|R4-LIQUID-SIDE,true,true,REGION-4-MIXTURE-TABLE-C2,REGION-4-MIXTURE-TABLE-C2,SaturatedMixture,SaturatedMixture,4643448356938856474,4643448356938856474,4617831421938742430,4617831421938742430,true,true,4517313756514320937,4517313756514320937,2,true,true
SEAM,885,121|R4-VAPOR-SIDE,true,true,REGION-4-MIXTURE-TABLE-C2,REGION-4-MIXTURE-TABLE-C2,SaturatedMixture,SaturatedMixture,4643448358759900010,4643448358759900010,4617831431881352268,4617831431881352268,true,true,4607182410825402483,4607182410825402483,2,true,true
SEAM,886,121|R2-SIDE,true,true,REGION-2-VAPOR-SEAM-C3,REGION-2-VAPOR-SEAM-C3,SuperheatedVapor,SuperheatedVapor,4643448342466130068,4643448342466130068,4617831337163794113,4617831337163794113,false,false,0,0,2,true,true
SEAM,887,122|R1-SIDE,true,true,REGION-1-NEAR-BOUNDARY-C2,REGION-1-NEAR-BOUNDARY-C2,SubcooledLiquid,SubcooledLiquid,4643448437810111460,4643448437810111460,4617831941349302638,4617831941349302638,false,false,0,0,2,true,true
SEAM,888,122|R4-LIQUID-SIDE,true,true,REGION-4-MIXTURE-TABLE-C2,REGION-4-MIXTURE-TABLE-C2,SaturatedMixture,SaturatedMixture,4643448438138190130,4643448438138190130,4617831865274269150,4617831865274269150,true,true,4517317195816170914,4517317195816170914,2,true,true
SEAM,889,122|R4-VAPOR-SIDE,true,true,REGION-4-MIXTURE-TABLE-C2,REGION-4-MIXTURE-TABLE-C2,SaturatedMixture,SaturatedMixture,4643448439554640750,4643448439554640750,4617831873007865628,4617831873007865628,true,true,4607182410596092772,4607182410596092772,2,true,true
SEAM,890,122|R2-SIDE,true,true,REGION-2-VAPOR-SEAM-C3,REGION-2-VAPOR-SEAM-C3,SuperheatedVapor,SuperheatedVapor,4643448423634232728,4643448423634232728,4617831781582519487,4617831781582519487,false,false,0,0,2,true,true
SEAM,891,123|R1-SIDE,true,true,REGION-1-NEAR-BOUNDARY-C2,REGION-1-NEAR-BOUNDARY-C2,SubcooledLiquid,SubcooledLiquid,4643448571610171822,4643448571610171822,4617832652891137455,4617832652891137455,false,false,0,0,2,true,true
SEAM,892,123|R4-LIQUID-SIDE,true,true,REGION-4-MIXTURE-TABLE-C2,REGION-4-MIXTURE-TABLE-C2,SaturatedMixture,SaturatedMixture,4643448571932180480,4643448571932180480,4617832595768307920,4617832595768307920,true,true,4517322996468115953,4517322996468115953,2,true,true
SEAM,893,123|R4-VAPOR-SIDE,true,true,REGION-4-MIXTURE-TABLE-C2,REGION-4-MIXTURE-TABLE-C2,SaturatedMixture,SaturatedMixture,4643448572663712972,4643448572663712972,4617832599762359680,4617832599762359680,true,true,4607182410208188088,4607182410208188088,2,true,true
SEAM,894,123|R2-SIDE,true,true,REGION-2-VAPOR-SEAM-C3,REGION-2-VAPOR-SEAM-C3,SuperheatedVapor,SuperheatedVapor,4643448557369110552,4643448557369110552,4617832513854058214,4617832513854058214,false,false,0,0,2,true,true
SEAM,895,124|R1-SIDE,true,true,REGION-1-NEAR-BOUNDARY-C2,REGION-1-NEAR-BOUNDARY-C2,SubcooledLiquid,SubcooledLiquid,4643448604235808916,4643448604235808916,4617832826301258431,4617832826301258431,false,false,0,0,2,true,true
SEAM,896,124|R4-LIQUID-SIDE,true,true,REGION-4-MIXTURE-TABLE-C2,REGION-4-MIXTURE-TABLE-C2,SaturatedMixture,SaturatedMixture,4643448604556525568,4643448604556525568,4617832773892075238,4617832773892075238,true,true,4517324434528382461,4517324434528382461,2,true,true
SEAM,897,124|R4-VAPOR-SIDE,true,true,REGION-4-MIXTURE-TABLE-C2,REGION-4-MIXTURE-TABLE-C2,SaturatedMixture,SaturatedMixture,4643448605117425406,4643448605117425406,4617832776954499706,4617832776954499706,true,true,4607182410110783174,4607182410110783174,2,true,true
SEAM,898,124|R2-SIDE,true,true,REGION-2-VAPOR-SEAM-C3,REGION-2-VAPOR-SEAM-C3,SuperheatedVapor,SuperheatedVapor,4643448589975718176,4643448589975718176,4617832692393053622,4617832692393053622,false,false,0,0,2,true,true
SEAM,899,125|R1-SIDE,true,true,REGION-1-NEAR-BOUNDARY-C2,REGION-1-NEAR-BOUNDARY-C2,SubcooledLiquid,SubcooledLiquid,4643448843506499372,4643448843506499372,4617834141094342249,4617834141094342249,false,false,0,0,2,true,true
SEAM,900,125|R4-LIQUID-SIDE,true,true,REGION-4-MIXTURE-TABLE-C2,REGION-4-MIXTURE-TABLE-C2,SaturatedMixture,SaturatedMixture,4643448843828238096,4643448843828238096,4617834084651785774,4617834084651785774,true,true,4517323169403152296,4517323169403152296,2,true,true
SEAM,901,125|R4-VAPOR-SIDE,true,true,REGION-4-MIXTURE-TABLE-C2,REGION-4-MIXTURE-TABLE-C2,SaturatedMixture,SaturatedMixture,4643448844536823210,4643448844536823210,4617834088543764934,4617834088543764934,true,true,4607182410197583275,4607182410197583275,2,true,true
SEAM,902,125|R2-SIDE,true,true,REGION-2-VAPOR-SEAM-C3,REGION-2-VAPOR-SEAM-C3,SuperheatedVapor,SuperheatedVapor,4643448829260190686,4643448829260190686,4617834002762169908,4617834002762169908,false,false,0,0,2,true,true
SEAM,903,126|R1-SIDE,true,true,REGION-1-NEAR-BOUNDARY-C2,REGION-1-NEAR-BOUNDARY-C2,SubcooledLiquid,SubcooledLiquid,4643448935861540588,4643448935861540588,4617834661633082550,4617834661633082550,false,false,0,0,2,true,true
SEAM,904,126|R4-LIQUID-SIDE,true,true,REGION-4-MIXTURE-TABLE-C2,REGION-4-MIXTURE-TABLE-C2,SaturatedMixture,SaturatedMixture,4643448936187987542,4643448936187987542,4617834591947537806,4617834591947537806,true,true,4517319102904492489,4517319102904492489,2,true,true
SEAM,905,126|R4-VAPOR-SIDE,true,true,REGION-4-MIXTURE-TABLE-C2,REGION-4-MIXTURE-TABLE-C2,SaturatedMixture,SaturatedMixture,4643448937373705378,4643448937373705378,4617834598460219211,4617834598460219211,true,true,4607182410470657117,4607182410470657117,2,true,true
SEAM,906,126|R2-SIDE,true,true,REGION-2-VAPOR-SEAM-C3,REGION-2-VAPOR-SEAM-C3,SuperheatedVapor,SuperheatedVapor,4643448921665144006,4643448921665144006,4617834508850890145,4617834508850890145,false,false,0,0,2,true,true
SEAM,907,127|R1-SIDE,true,true,REGION-1-NEAR-BOUNDARY-C2,REGION-1-NEAR-BOUNDARY-C2,SubcooledLiquid,SubcooledLiquid,4643449235565989276,4643449235565989276,4617836348838724625,4617836348838724625,false,false,0,0,2,true,true
SEAM,908,127|R4-LIQUID-SIDE,true,true,REGION-4-MIXTURE-TABLE-C2,REGION-4-MIXTURE-TABLE-C2,SaturatedMixture,SaturatedMixture,4643449235905562198,4643449235905562198,4617836238178210205,4617836238178210205,true,true,4517306545333165645,4517306545333165645,2,true,true
SEAM,909,127|R4-VAPOR-SIDE,true,true,REGION-4-MIXTURE-TABLE-C2,REGION-4-MIXTURE-TABLE-C2,SaturatedMixture,SaturatedMixture,4643449238568522034,4643449238568522034,4617836252804800462,4617836252804800462,true,true,4607182411312860359,4607182411312860359,2,true,true
SEAM,910,127|R2-SIDE,true,true,REGION-2-VAPOR-SEAM-C3,REGION-2-VAPOR-SEAM-C3,SuperheatedVapor,SuperheatedVapor,4643449221521306754,4643449221521306754,4617836151329100669,4617836151329100669,false,false,0,0,2,true,true
SEAM,911,128|R1-SIDE,true,true,REGION-1-NEAR-BOUNDARY-C2,REGION-1-NEAR-BOUNDARY-C2,SubcooledLiquid,SubcooledLiquid,4643449269230012878,4643449269230012878,4617836538160411727,4617836538160411727,false,false,0,0,2,true,true
SEAM,912,128|R4-LIQUID-SIDE,true,true,REGION-4-MIXTURE-TABLE-C2,REGION-4-MIXTURE-TABLE-C2,SaturatedMixture,SaturatedMixture,4643449269570990652,4643449269570990652,4617836423089158394,4617836423089158394,true,true,4517305192878117582,4517305192878117582,2,true,true
SEAM,913,128|R4-VAPOR-SIDE,true,true,REGION-4-MIXTURE-TABLE-C2,REGION-4-MIXTURE-TABLE-C2,SaturatedMixture,SaturatedMixture,4643449272393239186,4643449272393239186,4617836438590658798,4617836438590658798,true,true,4607182411405798687,4607182411405798687,2,true,true
SEAM,914,128|R2-SIDE,true,true,REGION-2-VAPOR-SEAM-C3,REGION-2-VAPOR-SEAM-C3,SuperheatedVapor,SuperheatedVapor,4643449255201596940,4643449255201596940,4617836335835383385,4617836335835383385,false,false,0,0,2,true,true
SEAM,915,129|R1-SIDE,true,true,REGION-1-NEAR-BOUNDARY-C2,REGION-1-NEAR-BOUNDARY-C2,SubcooledLiquid,SubcooledLiquid,4643449380644528620,4643449380644528620,4617837164463197936,4617837164463197936,false,false,0,0,2,true,true
SEAM,916,129|R4-LIQUID-SIDE,true,true,REGION-4-MIXTURE-TABLE-C2,REGION-4-MIXTURE-TABLE-C2,SaturatedMixture,SaturatedMixture,4643449380990386782,4643449380990386782,4617837035072048007,4617837035072048007,true,true,4517300793224817496,4517300793224817496,2,true,true
SEAM,917,129|R4-VAPOR-SIDE,true,true,REGION-4-MIXTURE-TABLE-C2,REGION-4-MIXTURE-TABLE-C2,SaturatedMixture,SaturatedMixture,4643449384328673258,4643449384328673258,4617837053407941722,4617837053407941722,true,true,4607182411699898605,4607182411699898605,2,true,true
SEAM,918,129|R2-SIDE,true,true,REGION-2-VAPOR-SEAM-C3,REGION-2-VAPOR-SEAM-C3,SuperheatedVapor,SuperheatedVapor,4643449366660597132,4643449366660597132,4617836946426494297,4617836946426494297,false,false,0,0,2,true,true
SEAM,919,130|R1-SIDE,true,true,REGION-1-NEAR-BOUNDARY-C2,REGION-1-NEAR-BOUNDARY-C2,SubcooledLiquid,SubcooledLiquid,4643449604035860180,4643449604035860180,4617838418950021039,4617838418950021039,false,false,0,0,2,true,true
SEAM,920,130|R4-LIQUID-SIDE,true,true,REGION-4-MIXTURE-TABLE-C2,REGION-4-MIXTURE-TABLE-C2,SaturatedMixture,SaturatedMixture,4643449604390739198,4643449604390739198,4617838262122256140,4617838262122256140,true,true,4517292365643162945,4517292365643162945,2,true,true
SEAM,921,130|R4-VAPOR-SIDE,true,true,REGION-4-MIXTURE-TABLE-C2,REGION-4-MIXTURE-TABLE-C2,SaturatedMixture,SaturatedMixture,4643449608718192782,4643449608718192782,4617838285891255466,4617838285891255466,true,true,4607182412264545414,4607182412264545414,2,true,true
SEAM,922,130|R2-SIDE,true,true,REGION-2-VAPOR-SEAM-C3,REGION-2-VAPOR-SEAM-C3,SuperheatedVapor,SuperheatedVapor,4643449590161664080,4643449590161664080,4617838171033778548,4617838171033778548,false,false,0,0,2,true,true
SEAM,923,131|R1-SIDE,true,true,REGION-1-NEAR-BOUNDARY-C2,REGION-1-NEAR-BOUNDARY-C2,SubcooledLiquid,SubcooledLiquid,4643449939900673776,4643449939900673776,4617840301835999568,4617840301835999568,false,false,0,0,2,true,true
SEAM,924,131|R4-LIQUID-SIDE,true,true,REGION-4-MIXTURE-TABLE-C2,REGION-4-MIXTURE-TABLE-C2,SaturatedMixture,SaturatedMixture,4643449940268155382,4643449940268155382,4617840106964705996,4617840106964705996,true,true,4517280664043218700,4517280664043218700,2,true,true
SEAM,925,131|R4-VAPOR-SIDE,true,true,REGION-4-MIXTURE-TABLE-C2,REGION-4-MIXTURE-TABLE-C2,SaturatedMixture,SaturatedMixture,4643449945967391438,4643449945967391438,4617840138268366475,4617840138268366475,true,true,4607182413048920237,4607182413048920237,2,true,true
SEAM,926,131|R2-SIDE,true,true,REGION-2-VAPOR-SEAM-C3,REGION-2-VAPOR-SEAM-C3,SuperheatedVapor,SuperheatedVapor,4643449926166669980,4643449926166669980,4617840012376299046,4617840012376299046,false,false,0,0,2,true,true
SEAM,927,132|R1-SIDE,true,true,REGION-1-NEAR-BOUNDARY-C2,REGION-1-NEAR-BOUNDARY-C2,SubcooledLiquid,SubcooledLiquid,4643450046027184398,4643450046027184398,4617840895988221043,4617840895988221043,false,false,0,0,2,true,true
SEAM,928,132|R4-LIQUID-SIDE,true,true,REGION-4-MIXTURE-TABLE-C2,REGION-4-MIXTURE-TABLE-C2,SaturatedMixture,SaturatedMixture,4643450046398429306,4643450046398429306,4617840689896529056,4617840689896529056,true,true,4517277208325967015,4517277208325967015,2,true,true
SEAM,929,132|R4-VAPOR-SIDE,true,true,REGION-4-MIXTURE-TABLE-C2,REGION-4-MIXTURE-TABLE-C2,SaturatedMixture,SaturatedMixture,4643450052502298412,4643450052502298412,4617840723422679660,4617840723422679660,true,true,4607182413280733363,4607182413280733363,2,true,true
SEAM,930,132|R2-SIDE,true,true,REGION-2-VAPOR-SEAM-C3,REGION-2-VAPOR-SEAM-C3,SuperheatedVapor,SuperheatedVapor,4643450032330458858,4643450032330458858,4617840594237739847,4617840594237739847,false,false,0,0,2,true,true
SEAM,931,133|R1-SIDE,true,true,REGION-1-NEAR-BOUNDARY-C2,REGION-1-NEAR-BOUNDARY-C2,SubcooledLiquid,SubcooledLiquid,4643450276467993494,4643450276467993494,4617842184792395526,4617842184792395526,false,false,0,0,2,true,true
SEAM,932,133|R4-LIQUID-SIDE,true,true,REGION-4-MIXTURE-TABLE-C2,REGION-4-MIXTURE-TABLE-C2,SaturatedMixture,SaturatedMixture,4643450276846868512,4643450276846868512,4617841955659103908,4617841955659103908,true,true,4517270108643645194,4517270108643645194,2,true,true
SEAM,933,133|R4-VAPOR-SIDE,true,true,REGION-4-MIXTURE-TABLE-C2,REGION-4-MIXTURE-TABLE-C2,SaturatedMixture,SaturatedMixture,4643450283781684386,4643450283781684386,4617841993749318054,4617841993749318054,true,true,4607182413755768664,4607182413755768664,2,true,true
SEAM,934,133|R2-SIDE,true,true,REGION-2-VAPOR-SEAM-C3,REGION-2-VAPOR-SEAM-C3,SuperheatedVapor,SuperheatedVapor,4643450262859930872,4643450262859930872,4617841857911744273,4617841857911744273,false,false,0,0,2,true,true
SEAM,935,134|R1-SIDE,true,true,REGION-1-NEAR-BOUNDARY-C2,REGION-1-NEAR-BOUNDARY-C2,SubcooledLiquid,SubcooledLiquid,4643450613435597842,4643450613435597842,4617844066112131633,4617844066112131633,false,false,0,0,2,true,true
SEAM,936,134|R4-LIQUID-SIDE,true,true,REGION-4-MIXTURE-TABLE-C2,REGION-4-MIXTURE-TABLE-C2,SaturatedMixture,SaturatedMixture,4643450613824517912,4643450613824517912,4617843806544701746,4617843806544701746,true,true,4517260718820700145,4517260718820700145,2,true,true
SEAM,937,134|R4-VAPOR-SIDE,true,true,REGION-4-MIXTURE-TABLE-C2,REGION-4-MIXTURE-TABLE-C2,SaturatedMixture,SaturatedMixture,4643450621857124546,4643450621857124546,4617843850664648438,4617843850664648438,true,true,4607182414384182236,4607182414384182236,2,true,true
SEAM,938,134|R2-SIDE,true,true,REGION-2-VAPOR-SEAM-C3,REGION-2-VAPOR-SEAM-C3,SuperheatedVapor,SuperheatedVapor,4643450599939057124,4643450599939057124,4617843705984760811,4617843705984760811,false,false,0,0,2,true,true
SEAM,939,135|R1-SIDE,true,true,REGION-1-NEAR-BOUNDARY-C2,REGION-1-NEAR-BOUNDARY-C2,SubcooledLiquid,SubcooledLiquid,4643450656038455594,4643450656038455594,4617844303691597461,4617844303691597461,false,false,0,0,2,true,true
SEAM,940,135|R4-LIQUID-SIDE,true,true,REGION-4-MIXTURE-TABLE-C2,REGION-4-MIXTURE-TABLE-C2,SaturatedMixture,SaturatedMixture,4643450656428902286,4643450656428902286,4617844040553816542,4617844040553816542,true,true,4517259607935123163,4517259607935123163,2,true,true
SEAM,941,135|R4-VAPOR-SIDE,true,true,REGION-4-MIXTURE-TABLE-C2,REGION-4-MIXTURE-TABLE-C2,SaturatedMixture,SaturatedMixture,4643450664590176236,4643450664590176236,4617844085380482168,4617844085380482168,true,true,4607182414459279078,4607182414459279078,2,true,true
SEAM,942,135|R2-SIDE,true,true,REGION-2-VAPOR-SEAM-C3,REGION-2-VAPOR-SEAM-C3,SuperheatedVapor,SuperheatedVapor,4643450642556128514,4643450642556128514,4617843939671771523,4617843939671771523,false,false,0,0,2,true,true
SEAM,943,136|R1-SIDE,true,true,REGION-1-NEAR-BOUNDARY-C2,REGION-1-NEAR-BOUNDARY-C2,SubcooledLiquid,SubcooledLiquid,4643450950496811146,4643450950496811146,4617845944077243371,4617845944077243371,false,false,0,0,2,true,true
SEAM,944,136|R4-LIQUID-SIDE,true,true,REGION-4-MIXTURE-TABLE-C2,REGION-4-MIXTURE-TABLE-C2,SaturatedMixture,SaturatedMixture,4643450950894593570,4643450950894593570,4617845657937960652,4617845657937960652,true,true,4517252503274430287,4517252503274430287,2,true,true
SEAM,945,136|R4-VAPOR-SIDE,true,true,REGION-4-MIXTURE-TABLE-C2,REGION-4-MIXTURE-TABLE-C2,SaturatedMixture,SaturatedMixture,4643450959885679222,4643450959885679222,4617845707322455342,4617845707322455342,true,true,4607182414932429745,4607182414932429745,2,true,true
SEAM,946,136|R2-SIDE,true,true,REGION-2-VAPOR-SEAM-C3,REGION-2-VAPOR-SEAM-C3,SuperheatedVapor,SuperheatedVapor,4643450937097235628,4643450937097235628,4617845554914147821,4617845554914147821,false,false,0,0,2,true,true
SEAM,947,137|R1-SIDE,true,true,REGION-1-NEAR-BOUNDARY-C2,REGION-1-NEAR-BOUNDARY-C2,SubcooledLiquid,SubcooledLiquid,4643451248897993074,4643451248897993074,4617847603410792053,4617847603410792053,false,false,0,0,2,true,true
SEAM,948,137|R4-LIQUID-SIDE,true,true,REGION-4-MIXTURE-TABLE-C2,REGION-4-MIXTURE-TABLE-C2,SaturatedMixture,SaturatedMixture,4643451249302802486,4643451249302802486,4617847296976802369,4617847296976802369,true,true,4517246209745454286,4517246209745454286,2,true,true
SEAM,949,137|R4-VAPOR-SIDE,true,true,REGION-4-MIXTURE-TABLE-C2,REGION-4-MIXTURE-TABLE-C2,SaturatedMixture,SaturatedMixture,4643451259026231390,4643451259026231390,4617847350383770312,4617847350383770312,true,true,4607182415354680298,4607182415354680298,2,true,true
SEAM,950,137|R2-SIDE,true,true,REGION-2-VAPOR-SEAM-C3,REGION-2-VAPOR-SEAM-C3,SuperheatedVapor,SuperheatedVapor,4643451235568199964,4643451235568199964,4617847192027105665,4617847192027105665,false,false,0,0,2,true,true
SEAM,951,138|R1-SIDE,true,true,REGION-1-NEAR-BOUNDARY-C2,REGION-1-NEAR-BOUNDARY-C2,SubcooledLiquid,SubcooledLiquid,4643451287380863304,4643451287380863304,4617847817183311941,4617847817183311941,false,false,0,0,2,true,true
SEAM,952,138|R4-LIQUID-SIDE,true,true,REGION-4-MIXTURE-TABLE-C2,REGION-4-MIXTURE-TABLE-C2,SaturatedMixture,SaturatedMixture,4643451287786256722,4643451287786256722,4617847508351269886,4617847508351269886,true,true,4517245470980184360,4517245470980184360,2,true,true
SEAM,953,138|R4-VAPOR-SIDE,true,true,REGION-4-MIXTURE-TABLE-C2,REGION-4-MIXTURE-TABLE-C2,SaturatedMixture,SaturatedMixture,4643451297596354566,4643451297596354566,4617847562234276195,4617847562234276195,true,true,4607182415403921495,4607182415403921495,2,true,true
SEAM,954,138|R2-SIDE,true,true,REGION-2-VAPOR-SEAM-C3,REGION-2-VAPOR-SEAM-C3,SuperheatedVapor,SuperheatedVapor,4643451274063603336,4643451274063603336,4617847403214317985,4617847403214317985,false,false,0,0,2,true,true
SEAM,955,139|R1-SIDE,true,true,REGION-1-NEAR-BOUNDARY-C2,REGION-1-NEAR-BOUNDARY-C2,SubcooledLiquid,SubcooledLiquid,4643451623838954016,4643451623838954016,4617849684060128750,4617849684060128750,false,false,0,0,2,true,true
SEAM,956,139|R4-LIQUID-SIDE,true,true,REGION-4-MIXTURE-TABLE-C2,REGION-4-MIXTURE-TABLE-C2,SaturatedMixture,SaturatedMixture,4643451624250748838,4643451624250748838,4617849356418296723,4617849356418296723,true,true,4517239624456984754,4517239624456984754,2,true,true
SEAM,957,139|R4-VAPOR-SIDE,true,true,REGION-4-MIXTURE-TABLE-C2,REGION-4-MIXTURE-TABLE-C2,SaturatedMixture,SaturatedMixture,4643451634739392904,4643451634739392904,4617849414028290370,4617849414028290370,true,true,4607182415791451944,4607182415791451944,2,true,true
SEAM,958,139|R2-SIDE,true,true,REGION-2-VAPOR-SEAM-C3,REGION-2-VAPOR-SEAM-C3,SuperheatedVapor,SuperheatedVapor,4643451610589302560,4643451610589302560,4617849249519013514,4617849249519013514,false,false,0,0,2,true,true
SEAM,959,140|R1-SIDE,true,true,REGION-1-NEAR-BOUNDARY-C2,REGION-1-NEAR-BOUNDARY-C2,SubcooledLiquid,SubcooledLiquid,4643451838727018420,4643451838727018420,4617850874373705546,4617850874373705546,false,false,0,0,2,true,true
SEAM,960,140|R4-LIQUID-SIDE,true,true,REGION-4-MIXTURE-TABLE-C2,REGION-4-MIXTURE-TABLE-C2,SaturatedMixture,SaturatedMixture,4643451839142639486,4643451839142639486,4617850536734873206,4617850536734873206,true,true,4517236498538848920,4517236498538848920,2,true,true
SEAM,961,140|R4-VAPOR-SIDE,true,true,REGION-4-MIXTURE-TABLE-C2,REGION-4-MIXTURE-TABLE-C2,SaturatedMixture,SaturatedMixture,4643451849991815990,4643451849991815990,4617850596325129617,4617850596325129617,true,true,4607182415999008264,4607182415999008264,2,true,true
SEAM,962,140|R2-SIDE,true,true,REGION-2-VAPOR-SEAM-C3,REGION-2-VAPOR-SEAM-C3,SuperheatedVapor,SuperheatedVapor,4643451825510114550,4643451825510114550,4617850428864609693,4617850428864609693,false,false,0,0,2,true,true
SEAM,963,141|R1-SIDE,true,true,REGION-1-NEAR-BOUNDARY-C2,REGION-1-NEAR-BOUNDARY-C2,SubcooledLiquid,SubcooledLiquid,4643451959623708448,4643451959623708448,4617851543356747844,4617851543356747844,false,false,0,0,2,true,true
SEAM,964,141|R4-LIQUID-SIDE,true,true,REGION-4-MIXTURE-TABLE-C2,REGION-4-MIXTURE-TABLE-C2,SaturatedMixture,SaturatedMixture,4643451960040959554,4643451960040959554,4617851200781761230,4617851200781761230,true,true,4517234957915853520,4517234957915853520,2,true,true
SEAM,965,141|R4-VAPOR-SIDE,true,true,REGION-4-MIXTURE-TABLE-C2,REGION-4-MIXTURE-TABLE-C2,SaturatedMixture,SaturatedMixture,4643451971068410626,4643451971068410626,4617851261351209688,4617851261351209688,true,true,4607182416101686192,4607182416101686192,2,true,true
SEAM,966,141|R2-SIDE,true,true,REGION-2-VAPOR-SEAM-C3,REGION-2-VAPOR-SEAM-C3,SuperheatedVapor,SuperheatedVapor,4643451946426927676,4643451946426927676,4617851092468639609,4617851092468639609,false,false,0,0,2,true,true
SEAM,967,142|R1-SIDE,true,true,REGION-1-NEAR-BOUNDARY-C2,REGION-1-NEAR-BOUNDARY-C2,SubcooledLiquid,SubcooledLiquid,4643452224293770480,4643452224293770480,4617853006174739341,4617853006174739341,false,false,0,0,2,true,true
SEAM,968,142|R4-LIQUID-SIDE,true,true,REGION-4-MIXTURE-TABLE-C2,REGION-4-MIXTURE-TABLE-C2,SaturatedMixture,SaturatedMixture,4643452224714336062,4643452224714336062,4617852654528446146,4617852654528446146,true,true,4517232110382731976,4517232110382731976,2,true,true
SEAM,969,142|R4-VAPOR-SIDE,true,true,REGION-4-MIXTURE-TABLE-C2,REGION-4-MIXTURE-TABLE-C2,SaturatedMixture,SaturatedMixture,4643452236069110556,4643452236069110556,4617852716895753338,4617852716895753338,true,true,4607182416289483998,4607182416289483998,2,true,true
SEAM,970,142|R2-SIDE,true,true,REGION-2-VAPOR-SEAM-C3,REGION-2-VAPOR-SEAM-C3,SuperheatedVapor,SuperheatedVapor,4643452211122821718,4643452211122821718,4617852545294922344,4617852545294922344,false,false,0,0,2,true,true
SEAM,971,143|R1-SIDE,true,true,REGION-1-NEAR-BOUNDARY-C2,REGION-1-NEAR-BOUNDARY-C2,SubcooledLiquid,SubcooledLiquid,4643452294529543658,4643452294529543658,4617853393964164662,4617853393964164662,false,false,0,0,2,true,true
SEAM,972,143|R4-LIQUID-SIDE,true,true,REGION-4-MIXTURE-TABLE-C2,REGION-4-MIXTURE-TABLE-C2,SaturatedMixture,SaturatedMixture,4643452294950256990,4643452294950256990,4617853040306715798,4617853040306715798,true,true,4517231490632865646,4517231490632865646,2,true,true
SEAM,973,143|R4-VAPOR-SIDE,true,true,REGION-4-MIXTURE-TABLE-C2,REGION-4-MIXTURE-TABLE-C2,SaturatedMixture,SaturatedMixture,4643452306378277392,4643452306378277392,4617853103076333936,4617853103076333936,true,true,4607182416332748955,4607182416332748955,2,true,true
SEAM,974,143|R2-SIDE,true,true,REGION-2-VAPOR-SEAM-C3,REGION-2-VAPOR-SEAM-C3,SuperheatedVapor,SuperheatedVapor,4643452281370898850,4643452281370898850,4617852930931924452,4617852930931924452,false,false,0,0,2,true,true
SEAM,975,144|R1-SIDE,true,true,REGION-1-NEAR-BOUNDARY-C2,REGION-1-NEAR-BOUNDARY-C2,SubcooledLiquid,SubcooledLiquid,4643452430269785060,4643452430269785060,4617854142944845295,4617854142944845295,false,false,0,0,2,true,true
SEAM,976,144|R4-LIQUID-SIDE,true,true,REGION-4-MIXTURE-TABLE-C2,REGION-4-MIXTURE-TABLE-C2,SaturatedMixture,SaturatedMixture,4643452430692343884,4643452430692343884,4617853785884572685,4617853785884572685,true,true,4517230401210285725,4517230401210285725,2,true,true
SEAM,977,144|R4-VAPOR-SIDE,true,true,REGION-4-MIXTURE-TABLE-C2,REGION-4-MIXTURE-TABLE-C2,SaturatedMixture,SaturatedMixture,4643452442242753200,4643452442242753200,4617853849326424936,4617853849326424936,true,true,4607182416403582335,4607182416403582335,2,true,true
SEAM,978,144|R2-SIDE,true,true,REGION-2-VAPOR-SEAM-C3,REGION-2-VAPOR-SEAM-C3,SuperheatedVapor,SuperheatedVapor,4643452417131108678,4643452417131108678,4617853676252039879,4617853676252039879,false,false,0,0,2,true,true
SEAM,979,145|R1-SIDE,true,true,REGION-1-NEAR-BOUNDARY-C2,REGION-1-NEAR-BOUNDARY-C2,SubcooledLiquid,SubcooledLiquid,4643452628354511854,4643452628354511854,4617855234802662325,4617855234802662325,false,false,0,0,2,true,true
SEAM,980,145|R4-LIQUID-SIDE,true,true,REGION-4-MIXTURE-TABLE-C2,REGION-4-MIXTURE-TABLE-C2,SaturatedMixture,SaturatedMixture,4643452628778603200,4643452628778603200,4617854873894430750,4617854873894430750,true,true,4517229174174501273,4517229174174501273,2,true,true
SEAM,981,145|R4-VAPOR-SIDE,true,true,REGION-4-MIXTURE-TABLE-C2,REGION-4-MIXTURE-TABLE-C2,SaturatedMixture,SaturatedMixture,4643452640468001854,4643452640468001854,4617854938099696750,4617854938099696750,true,true,4607182416484422912,4607182416484422912,2,true,true
SEAM,982,145|R2-SIDE,true,true,REGION-2-VAPOR-SEAM-C3,REGION-2-VAPOR-SEAM-C3,SuperheatedVapor,SuperheatedVapor,4643452615219290374,4643452615219290374,4617854763796581420,4617854763796581420,false,false,0,0,2,true,true
SEAM,983,146|R1-SIDE,true,true,REGION-1-NEAR-BOUNDARY-C2,REGION-1-NEAR-BOUNDARY-C2,SubcooledLiquid,SubcooledLiquid,4643452960914247198,4643452960914247198,4617857064898192960,4617857064898192960,false,false,0,0,2,true,true
SEAM,984,146|R4-LIQUID-SIDE,true,true,REGION-4-MIXTURE-TABLE-C2,REGION-4-MIXTURE-TABLE-C2,SaturatedMixture,SaturatedMixture,4643452961338935728,4643452961338935728,4617856700517445606,4617856700517445606,true,true,4517228058381349186,4517228058381349186,2,true,true
SEAM,985,146|R4-VAPOR-SIDE,true,true,REGION-4-MIXTURE-TABLE-C2,REGION-4-MIXTURE-TABLE-C2,SaturatedMixture,SaturatedMixture,4643452973154535690,4643452973154535690,4617856765415885718,4617856765415885718,true,true,4607182416556944961,4607182416556944961,2,true,true
SEAM,986,146|R2-SIDE,true,true,REGION-2-VAPOR-SEAM-C3,REGION-2-VAPOR-SEAM-C3,SuperheatedVapor,SuperheatedVapor,4643452947787777284,4643452947787777284,4617856590045935985,4617856590045935985,false,false,0,0,2,true,true
SEAM,987,147|R1-SIDE,true,true,REGION-1-NEAR-BOUNDARY-C2,REGION-1-NEAR-BOUNDARY-C2,SubcooledLiquid,SubcooledLiquid,4643453024615205916,4643453024615205916,4617857415019534286,4617857415019534286,false,false,0,0,2,true,true
SEAM,988,147|R4-LIQUID-SIDE,true,true,REGION-4-MIXTURE-TABLE-C2,REGION-4-MIXTURE-TABLE-C2,SaturatedMixture,SaturatedMixture,4643453025040467488,4643453025040467488,4617857050404887422,4617857050404887422,true,true,4517227963545883828,4517227963545883828,2,true,true
SEAM,989,147|R4-VAPOR-SIDE,true,true,REGION-4-MIXTURE-TABLE-C2,REGION-4-MIXTURE-TABLE-C2,SaturatedMixture,SaturatedMixture,4643453036864239062,4643453036864239062,4617857115348210964,4617857115348210964,true,true,4607182416562335530,4607182416562335530,2,true,true
SEAM,990,147|R2-SIDE,true,true,REGION-2-VAPOR-SEAM-C3,REGION-2-VAPOR-SEAM-C3,SuperheatedVapor,SuperheatedVapor,4643453011497825336,4643453011497825336,4617856939979796997,4617856939979796997,false,false,0,0,2,true,true
SEAM,991,148|R1-SIDE,true,true,REGION-1-NEAR-BOUNDARY-C2,REGION-1-NEAR-BOUNDARY-C2,SubcooledLiquid,SubcooledLiquid,4643453292058852220,4643453292058852220,4617858883473935673,4617858883473935673,false,false,0,0,2,true,true
SEAM,992,148|R4-LIQUID-SIDE,true,true,REGION-4-MIXTURE-TABLE-C2,REGION-4-MIXTURE-TABLE-C2,SaturatedMixture,SaturatedMixture,4643453292484059176,4643453292484059176,4617858519367274028,4617858519367274028,true,true,4517228072216386663,4517228072216386663,2,true,true
SEAM,993,148|R4-VAPOR-SIDE,true,true,REGION-4-MIXTURE-TABLE-C2,REGION-4-MIXTURE-TABLE-C2,SaturatedMixture,SaturatedMixture,4643453304289811942,4643453304289811942,4617858584211627339,4617858584211627339,true,true,4607182416552722240,4607182416552722240,2,true,true
SEAM,994,148|R2-SIDE,true,true,REGION-2-VAPOR-SEAM-C3,REGION-2-VAPOR-SEAM-C3,SuperheatedVapor,SuperheatedVapor,4643453278928464098,4643453278928464098,4617858408869537866,4617858408869537866,false,false,0,0,2,true,true
SEAM,995,149|R1-SIDE,true,true,REGION-1-NEAR-BOUNDARY-C2,REGION-1-NEAR-BOUNDARY-C2,SubcooledLiquid,SubcooledLiquid,4643453621602436490,4643453621602436490,4617860689562492755,4617860689562492755,false,false,0,0,2,true,true
SEAM,996,149|R4-LIQUID-SIDE,true,true,REGION-4-MIXTURE-TABLE-C2,REGION-4-MIXTURE-TABLE-C2,SaturatedMixture,SaturatedMixture,4643453622026316280,4643453622026316280,4617860329413188435,4617860329413188435,true,true,4517229240520795365,4517229240520795365,2,true,true
SEAM,997,149|R4-VAPOR-SIDE,true,true,REGION-4-MIXTURE-TABLE-C2,REGION-4-MIXTURE-TABLE-C2,SaturatedMixture,SaturatedMixture,4643453633689758680,4643453633689758680,4617860393475886948,4617860393475886948,true,true,4607182416471892449,4607182416471892449,2,true,true
SEAM,998,149|R2-SIDE,true,true,REGION-2-VAPOR-SEAM-C3,REGION-2-VAPOR-SEAM-C3,SuperheatedVapor,SuperheatedVapor,4643453608459707504,4643453608459707504,4617860219278856221,4617860219278856221,false,false,0,0,2,true,true
SEAM,999,150|R1-SIDE,true,true,REGION-1-NEAR-BOUNDARY-C2,REGION-1-NEAR-BOUNDARY-C2,SubcooledLiquid,SubcooledLiquid,4643453621629596352,4643453621629596352,4617860689711192723,4617860689711192723,false,false,0,0,2,true,true
SEAM,1000,150|R4-LIQUID-SIDE,true,true,REGION-4-MIXTURE-TABLE-C2,REGION-4-MIXTURE-TABLE-C2,SaturatedMixture,SaturatedMixture,4643453622053582218,4643453622053582218,4617860329562949506,4617860329562949506,true,true,4517229238330902917,4517229238330902917,2,true,true
SEAM,1001,150|R4-VAPOR-SIDE,true,true,REGION-4-MIXTURE-TABLE-C2,REGION-4-MIXTURE-TABLE-C2,SaturatedMixture,SaturatedMixture,4643453633716900826,4643453633716900826,4617860393624968096,4617860393624968096,true,true,4607182416471879551,4607182416471879551,2,true,true
SEAM,1002,150|R2-SIDE,true,true,REGION-2-VAPOR-SEAM-C3,REGION-2-VAPOR-SEAM-C3,SuperheatedVapor,SuperheatedVapor,4643453608486861332,4643453608486861332,4617860219428037024,4617860219428037024,false,false,0,0,2,true,true
SEAM,1003,151|R1-SIDE,true,true,REGION-1-NEAR-BOUNDARY-C2,REGION-1-NEAR-BOUNDARY-C2,SubcooledLiquid,SubcooledLiquid,4643453949506629614,4643453949506629614,4617862483010496854,4617862483010496854,false,false,0,0,2,true,true
SEAM,1004,151|R4-LIQUID-SIDE,true,true,REGION-4-MIXTURE-TABLE-C2,REGION-4-MIXTURE-TABLE-C2,SaturatedMixture,SaturatedMixture,4643453949928355346,4643453949928355346,4617862130450030784,4617862130450030784,true,true,4517231525771619712,4517231525771619712,2,true,true
SEAM,1005,151|R4-VAPOR-SIDE,true,true,REGION-4-MIXTURE-TABLE-C2,REGION-4-MIXTURE-TABLE-C2,SaturatedMixture,SaturatedMixture,4643453961318128194,4643453961318128194,4617862193009570144,4617862193009570144,true,true,4607182416316156638,4607182416316156638,2,true,true
SEAM,1006,151|R2-SIDE,true,true,REGION-2-VAPOR-SEAM-C3,REGION-2-VAPOR-SEAM-C3,SuperheatedVapor,SuperheatedVapor,4643453936337683762,4643453936337683762,4617862021006655496,4617862021006655496,false,false,0,0,2,true,true
SEAM,1007,152|R1-SIDE,true,true,REGION-1-NEAR-BOUNDARY-C2,REGION-1-NEAR-BOUNDARY-C2,SubcooledLiquid,SubcooledLiquid,4643454220688117450,4643454220688117450,4617863963464658359,4617863963464658359,false,false,0,0,2,true,true
SEAM,1008,152|R4-LIQUID-SIDE,true,true,REGION-4-MIXTURE-TABLE-C2,REGION-4-MIXTURE-TABLE-C2,SaturatedMixture,SaturatedMixture,4643454221106946034,4643454221106946034,4617863619927296820,4617863619927296820,true,true,4517234273496952510,4517234273496952510,2,true,true
SEAM,1009,152|R4-VAPOR-SIDE,true,true,REGION-4-MIXTURE-TABLE-C2,REGION-4-MIXTURE-TABLE-C2,SaturatedMixture,SaturatedMixture,4643454232171504430,4643454232171504430,4617863680700561183,4617863680700561183,true,true,4607182416131552305,4607182416131552305,2,true,true
SEAM,1010,152|R2-SIDE,true,true,REGION-2-VAPOR-SEAM-C3,REGION-2-VAPOR-SEAM-C3,SuperheatedVapor,SuperheatedVapor,4643454207491384500,4643454207491384500,4617863511346392867,4617863511346392867,false,false,0,0,2,true,true
SEAM,1011,153|R1-SIDE,true,true,REGION-1-NEAR-BOUNDARY-C2,REGION-1-NEAR-BOUNDARY-C2,SubcooledLiquid,SubcooledLiquid,4643454275556134966,4643454275556134966,4617864262701194848,4617864262701194848,false,false,0,0,2,true,true
SEAM,1012,153|R4-LIQUID-SIDE,true,true,REGION-4-MIXTURE-TABLE-C2,REGION-4-MIXTURE-TABLE-C2,SaturatedMixture,SaturatedMixture,4643454275974372918,4643454275974372918,4617863921292477538,4617863921292477538,true,true,4517234921373448338,4517234921373448338,2,true,true
SEAM,1013,153|R4-VAPOR-SIDE,true,true,REGION-4-MIXTURE-TABLE-C2,REGION-4-MIXTURE-TABLE-C2,SaturatedMixture,SaturatedMixture,4643454286962356440,4643454286962356440,4617863981645146282,4617863981645146282,true,true,4607182416090102085,4607182416090102085,2,true,true
SEAM,1014,153|R2-SIDE,true,true,REGION-2-VAPOR-SEAM-C3,REGION-2-VAPOR-SEAM-C3,SuperheatedVapor,SuperheatedVapor,4643454262347230654,4643454262347230654,4617863812863832851,4617863812863832851,false,false,0,0,2,true,true
SEAM,1015,154|R1-SIDE,true,true,REGION-1-NEAR-BOUNDARY-C2,REGION-1-NEAR-BOUNDARY-C2,SubcooledLiquid,SubcooledLiquid,4643454599478358446,4643454599478358446,4617866027215136824,4617866027215136824,false,false,0,0,2,true,true
SEAM,1016,154|R4-LIQUID-SIDE,true,true,REGION-4-MIXTURE-TABLE-C2,REGION-4-MIXTURE-TABLE-C2,SaturatedMixture,SaturatedMixture,4643454599892403500,4643454599892403500,4617865700446729320,4617865700446729320,true,true,4517239392087691310,4517239392087691310,2,true,true
SEAM,1017,154|R4-VAPOR-SIDE,true,true,REGION-4-MIXTURE-TABLE-C2,REGION-4-MIXTURE-TABLE-C2,SaturatedMixture,SaturatedMixture,4643454610351799290,4643454610351799290,4617865757896073694,4617865757896073694,true,true,4607182415787682140,4607182415787682140,2,true,true
SEAM,1018,154|R2-SIDE,true,true,REGION-2-VAPOR-SEAM-C3,REGION-2-VAPOR-SEAM-C3,SuperheatedVapor,SuperheatedVapor,4643454586215905346,4643454586215905346,4617865593345231836,4617865593345231836,false,false,0,0,2,true,true
SEAM,1019,155|R1-SIDE,true,true,REGION-1-NEAR-BOUNDARY-C2,REGION-1-NEAR-BOUNDARY-C2,SubcooledLiquid,SubcooledLiquid,4643454821263386372,4643454821263386372,4617867233304955087,4617867233304955087,false,false,0,0,2,true,true
SEAM,1020,155|R4-LIQUID-SIDE,true,true,REGION-4-MIXTURE-TABLE-C2,REGION-4-MIXTURE-TABLE-C2,SaturatedMixture,SaturatedMixture,4643454821673462742,4643454821673462742,4617866918602797405,4617866918602797405,true,true,4517243099505492188,4517243099505492188,2,true,true
SEAM,1021,155|R4-VAPOR-SIDE,true,true,REGION-4-MIXTURE-TABLE-C2,REGION-4-MIXTURE-TABLE-C2,SaturatedMixture,SaturatedMixture,4643454831697406626,4643454831697406626,4617866973660375837,4617866973660375837,true,true,4607182415537210337,4607182415537210337,2,true,true
SEAM,1022,155|R2-SIDE,true,true,REGION-2-VAPOR-SEAM-C3,REGION-2-VAPOR-SEAM-C3,SuperheatedVapor,SuperheatedVapor,4643454807955657926,4643454807955657926,4617866812591199782,4617866812591199782,false,false,0,0,2,true,true
SEAM,1023,156|R1-SIDE,true,true,REGION-1-NEAR-BOUNDARY-C2,REGION-1-NEAR-BOUNDARY-C2,SubcooledLiquid,SubcooledLiquid,4643454921538810246,4643454921538810246,4617867778066741425,4617867778066741425,false,false,0,0,2,true,true
SEAM,1024,156|R4-LIQUID-SIDE,true,true,REGION-4-MIXTURE-TABLE-C2,REGION-4-MIXTURE-TABLE-C2,SaturatedMixture,SaturatedMixture,4643454921947139742,4643454921947139742,4617867469366638650,4617867469366638650,true,true,4517244940862393879,4517244940862393879,2,true,true
SEAM,1025,156|R4-VAPOR-SIDE,true,true,REGION-4-MIXTURE-TABLE-C2,REGION-4-MIXTURE-TABLE-C2,SaturatedMixture,SaturatedMixture,4643454931754432994,4643454931754432994,4617867523234240448,4617867523234240448,true,true,4607182415414036591,4607182415414036591,2,true,true
SEAM,1026,156|R2-SIDE,true,true,REGION-2-VAPOR-SEAM-C3,REGION-2-VAPOR-SEAM-C3,SuperheatedVapor,SuperheatedVapor,4643454908209219932,4643454908209219932,4617867363902566898,4617867363902566898,false,false,0,0,2,true,true
SEAM,1027,157|R1-SIDE,true,true,REGION-1-NEAR-BOUNDARY-C2,REGION-1-NEAR-BOUNDARY-C2,SubcooledLiquid,SubcooledLiquid,4643455128617498434,4643455128617498434,4617868901977588112,4617868901977588112,false,false,0,0,2,true,true
SEAM,1028,157|R4-LIQUID-SIDE,true,true,REGION-4-MIXTURE-TABLE-C2,REGION-4-MIXTURE-TABLE-C2,SaturatedMixture,SaturatedMixture,4643455129021283310,4643455129021283310,4617868606743407394,4617868606743407394,true,true,4517249091760946260,4517249091760946260,2,true,true
SEAM,1029,157|R4-VAPOR-SIDE,true,true,REGION-4-MIXTURE-TABLE-C2,REGION-4-MIXTURE-TABLE-C2,SaturatedMixture,SaturatedMixture,4643455138342866842,4643455138342866842,4617868657943196864,4617868657943196864,true,true,4607182415136689364,4607182415136689364,2,true,true
SEAM,1030,157|R2-SIDE,true,true,REGION-2-VAPOR-SEAM-C3,REGION-2-VAPOR-SEAM-C3,SuperheatedVapor,SuperheatedVapor,4643455115231961836,4643455115231961836,4617868502450056478,4617868502450056478,false,false,0,0,2,true,true
SEAM,1031,158|R1-SIDE,true,true,REGION-1-NEAR-BOUNDARY-C2,REGION-1-NEAR-BOUNDARY-C2,SubcooledLiquid,SubcooledLiquid,4643455241519940940,4643455241519940940,4617869514140131554,4617869514140131554,false,false,0,0,2,true,true
SEAM,1032,158|R4-LIQUID-SIDE,true,true,REGION-4-MIXTURE-TABLE-C2,REGION-4-MIXTURE-TABLE-C2,SaturatedMixture,SaturatedMixture,4643455241921128306,4643455241921128306,4617869226857819966,4617869226857819966,true,true,4517251543634843196,4517251543634843196,2,true,true
SEAM,1033,158|R4-VAPOR-SIDE,true,true,REGION-4-MIXTURE-TABLE-C2,REGION-4-MIXTURE-TABLE-C2,SaturatedMixture,SaturatedMixture,4643455250955601514,4643455250955601514,4617869276480625444,4617869276480625444,true,true,4607182414971143800,4607182414971143800,2,true,true
SEAM,1034,158|R2-SIDE,true,true,REGION-2-VAPOR-SEAM-C3,REGION-2-VAPOR-SEAM-C3,SuperheatedVapor,SuperheatedVapor,4643455228109740072,4643455228109740072,4617869123332506435,4617869123332506435,false,false,0,0,2,true,true
SEAM,1035,159|R1-SIDE,true,true,REGION-1-NEAR-BOUNDARY-C2,REGION-1-NEAR-BOUNDARY-C2,SubcooledLiquid,SubcooledLiquid,4643455422751502348,4643455422751502348,4617870495885694215,4617870495885694215,false,false,0,0,2,true,true
SEAM,1036,159|R4-LIQUID-SIDE,true,true,REGION-4-MIXTURE-TABLE-C2,REGION-4-MIXTURE-TABLE-C2,SaturatedMixture,SaturatedMixture,4643455423148317640,4643455423148317640,4617870222267442143,4617870222267442143,true,true,4517255758631579350,4517255758631579350,2,true,true
SEAM,1037,159|R4-VAPOR-SIDE,true,true,REGION-4-MIXTURE-TABLE-C2,REGION-4-MIXTURE-TABLE-C2,SaturatedMixture,SaturatedMixture,4643455431689624722,4643455431689624722,4617870269181480172,4617870269181480172,true,true,4607182414689318569,4607182414689318569,2,true,true
SEAM,1038,159|R2-SIDE,true,true,REGION-2-VAPOR-SEAM-C3,REGION-2-VAPOR-SEAM-C3,SuperheatedVapor,SuperheatedVapor,4643455409275972004,4643455409275972004,4617870119852818940,4617870119852818940,false,false,0,0,2,true,true
SEAM,1039,160|R1-SIDE,true,true,REGION-1-NEAR-BOUNDARY-C2,REGION-1-NEAR-BOUNDARY-C2,SubcooledLiquid,SubcooledLiquid,4643455559367900708,4643455559367900708,4617871235213864521,4617871235213864521,false,false,0,0,2,true,true
SEAM,1040,160|R4-LIQUID-SIDE,true,true,REGION-4-MIXTURE-TABLE-C2,REGION-4-MIXTURE-TABLE-C2,SaturatedMixture,SaturatedMixture,4643455559761360054,4643455559761360054,4617870972629114896,4617870972629114896,true,true,4517259161269690053,4517259161269690053,2,true,true
SEAM,1041,160|R4-VAPOR-SIDE,true,true,REGION-4-MIXTURE-TABLE-C2,REGION-4-MIXTURE-TABLE-C2,SaturatedMixture,SaturatedMixture,4643455567904421502,4643455567904421502,4617871017355746395,4617871017355746395,true,true,4607182414463057512,4607182414463057512,2,true,true
SEAM,1042,160|R2-SIDE,true,true,REGION-2-VAPOR-SEAM-C3,REGION-2-VAPOR-SEAM-C3,SuperheatedVapor,SuperheatedVapor,4643455545863676436,4643455545863676436,4617870871330914970,4617870871330914970,false,false,0,0,2,true,true
SEAM,1043,161|R1-SIDE,true,true,REGION-1-NEAR-BOUNDARY-C2,REGION-1-NEAR-BOUNDARY-C2,SubcooledLiquid,SubcooledLiquid,4643455875026629872,4643455875026629872,4617872941056333291,4617872941056333291,false,false,0,0,2,true,true
SEAM,1044,161|R4-LIQUID-SIDE,true,true,REGION-4-MIXTURE-TABLE-C2,REGION-4-MIXTURE-TABLE-C2,SaturatedMixture,SaturatedMixture,4643455875411074056,4643455875411074056,4617872706368757992,4617872706368757992,true,true,4517267787870045345,4517267787870045345,2,true,true
SEAM,1045,161|R4-VAPOR-SIDE,true,true,REGION-4-MIXTURE-TABLE-C2,REGION-4-MIXTURE-TABLE-C2,SaturatedMixture,SaturatedMixture,4643455882546823046,4643455882546823046,4617872745562618657,4617872745562618657,true,true,4607182413884501527,4607182413884501527,2,true,true
SEAM,1046,161|R2-SIDE,true,true,REGION-2-VAPOR-SEAM-C3,REGION-2-VAPOR-SEAM-C3,SuperheatedVapor,SuperheatedVapor,4643455861415016166,4643455861415016166,4617872607581135069,4617872607581135069,false,false,0,0,2,true,true
SEAM,1047,162|R1-SIDE,true,true,REGION-1-NEAR-BOUNDARY-C2,REGION-1-NEAR-BOUNDARY-C2,SubcooledLiquid,SubcooledLiquid,4643456024601248724,4643456024601248724,4617873748193811126,4617873748193811126,false,false,0,0,2,true,true
SEAM,1048,162|R4-LIQUID-SIDE,true,true,REGION-4-MIXTURE-TABLE-C2,REGION-4-MIXTURE-TABLE-C2,SaturatedMixture,SaturatedMixture,4643456024980753692,4643456024980753692,4617873527896139410,4617873527896139410,true,true,4517272249718104539,4517272249718104539,2,true,true
SEAM,1049,162|R4-VAPOR-SIDE,true,true,REGION-4-MIXTURE-TABLE-C2,REGION-4-MIXTURE-TABLE-C2,SaturatedMixture,SaturatedMixture,4643456031597163134,4643456031597163134,4617873564237472377,4617873564237472377,true,true,4607182413586622626,4607182413586622626,2,true,true
SEAM,1050,162|R2-SIDE,true,true,REGION-2-VAPOR-SEAM-C3,REGION-2-VAPOR-SEAM-C3,SuperheatedVapor,SuperheatedVapor,4643456010933102192,4643456010933102192,4617873430396191830,4617873430396191830,false,false,0,0,2,true,true
SEAM,1051,163|R1-SIDE,true,true,REGION-1-NEAR-BOUNDARY-C2,REGION-1-NEAR-BOUNDARY-C2,SubcooledLiquid,SubcooledLiquid,4643456188449607238,4643456188449607238,4617874631489142589,4617874631489142589,false,false,0,0,2,true,true
SEAM,1052,163|R4-LIQUID-SIDE,true,true,REGION-4-MIXTURE-TABLE-C2,REGION-4-MIXTURE-TABLE-C2,SaturatedMixture,SaturatedMixture,4643456188824048274,4643456188824048274,4617874427822869841,4617874427822869841,true,true,4517277395198988446,4517277395198988446,2,true,true
SEAM,1053,163|R4-VAPOR-SIDE,true,true,REGION-4-MIXTURE-TABLE-C2,REGION-4-MIXTURE-TABLE-C2,SaturatedMixture,SaturatedMixture,4643456194839651758,4643456194839651758,4617874460864212101,4617874460864212101,true,true,4607182413242239146,4607182413242239146,2,true,true
SEAM,1054,163|R2-SIDE,true,true,REGION-2-VAPOR-SEAM-C3,REGION-2-VAPOR-SEAM-C3,SuperheatedVapor,SuperheatedVapor,4643456174717266390,4643456174717266390,4617874331818613938,4617874331818613938,false,false,0,0,2,true,true
SEAM,1055,164|R1-SIDE,true,true,REGION-1-NEAR-BOUNDARY-C2,REGION-1-NEAR-BOUNDARY-C2,SubcooledLiquid,SubcooledLiquid,4643456405493110888,4643456405493110888,4617875800161692208,4617875800161692208,false,false,0,0,2,true,true
SEAM,1056,164|R4-LIQUID-SIDE,true,true,REGION-4-MIXTURE-TABLE-C2,REGION-4-MIXTURE-TABLE-C2,SaturatedMixture,SaturatedMixture,4643456405859857072,4643456405859857072,4617875619915144882,4617875619915144882,true,true,4517284660592418318,4517284660592418318,2,true,true
SEAM,1057,164|R4-VAPOR-SIDE,true,true,REGION-4-MIXTURE-TABLE-C2,REGION-4-MIXTURE-TABLE-C2,SaturatedMixture,SaturatedMixture,4643456411030179038,4643456411030179038,4617875648313688494,4617875648313688494,true,true,4607182412760409660,4607182412760409660,2,true,true
SEAM,1058,164|R2-SIDE,true,true,REGION-2-VAPOR-SEAM-C3,REGION-2-VAPOR-SEAM-C3,SuperheatedVapor,SuperheatedVapor,4643456391670254802,4643456391670254802,4617875526020935698,4617875526020935698,false,false,0,0,2,true,true
SEAM,1059,165|R1-SIDE,true,true,REGION-1-NEAR-BOUNDARY-C2,REGION-1-NEAR-BOUNDARY-C2,SubcooledLiquid,SubcooledLiquid,4643456499596914884,4643456499596914884,4617876306370782579,4617876306370782579,false,false,0,0,2,true,true
SEAM,1060,165|R4-LIQUID-SIDE,true,true,REGION-4-MIXTURE-TABLE-C2,REGION-4-MIXTURE-TABLE-C2,SaturatedMixture,SaturatedMixture,4643456499959841878,4643456499959841878,4617876136769324828,4617876136769324828,true,true,4517287972847873891,4517287972847873891,2,true,true
SEAM,1061,165|R4-VAPOR-SIDE,true,true,REGION-4-MIXTURE-TABLE-C2,REGION-4-MIXTURE-TABLE-C2,SaturatedMixture,SaturatedMixture,4643456504745913078,4643456504745913078,4617876163057330206,4617876163057330206,true,true,4607182412538881865,4607182412538881865,2,true,true
SEAM,1062,165|R2-SIDE,true,true,REGION-2-VAPOR-SEAM-C3,REGION-2-VAPOR-SEAM-C3,SuperheatedVapor,SuperheatedVapor,4643456485730518556,4643456485730518556,4617876043814802936,4617876043814802936,false,false,0,0,2,true,true
SEAM,1063,166|R1-SIDE,true,true,REGION-1-NEAR-BOUNDARY-C2,REGION-1-NEAR-BOUNDARY-C2,SubcooledLiquid,SubcooledLiquid,4643456626314846810,4643456626314846810,4617876987548244209,4617876987548244209,false,false,0,0,2,true,true
SEAM,1064,166|R4-LIQUID-SIDE,true,true,REGION-4-MIXTURE-TABLE-C2,REGION-4-MIXTURE-TABLE-C2,SaturatedMixture,SaturatedMixture,4643456626673345106,4643456626673345106,4617876832756725178,4617876832756725178,true,true,4517292562237846571,4517292562237846571,2,true,true
SEAM,1065,166|R4-VAPOR-SIDE,true,true,REGION-4-MIXTURE-TABLE-C2,REGION-4-MIXTURE-TABLE-C2,SaturatedMixture,SaturatedMixture,4643456630924235598,4643456630924235598,4617876856105193536,4617876856105193536,true,true,4607182412231982291,4607182412231982291,2,true,true
SEAM,1066,166|R2-SIDE,true,true,REGION-2-VAPOR-SEAM-C3,REGION-2-VAPOR-SEAM-C3,SuperheatedVapor,SuperheatedVapor,4643456612402522990,4643456612402522990,4617876741238472805,4617876741238472805,false,false,0,0,2,true,true
SEAM,1067,167|R1-SIDE,true,true,REGION-1-NEAR-BOUNDARY-C2,REGION-1-NEAR-BOUNDARY-C2,SubcooledLiquid,SubcooledLiquid,4643456808439645650,4643456808439645650,4617877965619903682,4617877965619903682,false,false,0,0,2,true,true
SEAM,1068,167|R4-LIQUID-SIDE,true,true,REGION-4-MIXTURE-TABLE-C2,REGION-4-MIXTURE-TABLE-C2,SaturatedMixture,SaturatedMixture,4643456808791115298,4643456808791115298,4617877833057957471,4617877833057957471,true,true,4517299464378234341,4517299464378234341,2,true,true
SEAM,1069,167|R4-VAPOR-SIDE,true,true,REGION-4-MIXTURE-TABLE-C2,REGION-4-MIXTURE-TABLE-C2,SaturatedMixture,SaturatedMixture,4643456812239005822,4643456812239005822,4617877851995863068,4617877851995863068,true,true,4607182411771611240,4607182411771611240,2,true,true
SEAM,1070,167|R2-SIDE,true,true,REGION-2-VAPOR-SEAM-C3,REGION-2-VAPOR-SEAM-C3,SuperheatedVapor,SuperheatedVapor,4643456794428858828,4643456794428858828,4617877743428938818,4617877743428938818,false,false,0,0,2,true,true
SEAM,1071,168|R1-SIDE,true,true,REGION-1-NEAR-BOUNDARY-C2,REGION-1-NEAR-BOUNDARY-C2,SubcooledLiquid,SubcooledLiquid,4643457114951092866,4643457114951092866,4617879609167518359,4617879609167518359,false,false,0,0,2,true,true
SEAM,1072,168|R4-LIQUID-SIDE,true,true,REGION-4-MIXTURE-TABLE-C2,REGION-4-MIXTURE-TABLE-C2,SaturatedMixture,SaturatedMixture,4643457115289113618,4643457115289113618,4617879516530828328,4617879516530828328,true,true,4517311892831745813,4517311892831745813,2,true,true
SEAM,1073,168|R4-VAPOR-SIDE,true,true,REGION-4-MIXTURE-TABLE-C2,REGION-4-MIXTURE-TABLE-C2,SaturatedMixture,SaturatedMixture,4643457117295297614,4643457117295297614,4617879527550007442,4617879527550007442,true,true,4607182410944384652,4607182410944384652,2,true,true
SEAM,1074,168|R2-SIDE,true,true,REGION-2-VAPOR-SEAM-C3,REGION-2-VAPOR-SEAM-C3,SuperheatedVapor,SuperheatedVapor,4643457100795988488,4643457100795988488,4617879430600134876,4617879430600134876,false,false,0,0,2,true,true
SEAM,1075,169|R1-SIDE,true,true,REGION-1-NEAR-BOUNDARY-C2,REGION-1-NEAR-BOUNDARY-C2,SubcooledLiquid,SubcooledLiquid,4643457227424475704,4643457227424475704,4617880211468700255,4617880211468700255,false,false,0,0,2,true,true
SEAM,1076,169|R4-LIQUID-SIDE,true,true,REGION-4-MIXTURE-TABLE-C2,REGION-4-MIXTURE-TABLE-C2,SaturatedMixture,SaturatedMixture,4643457227757654254,4643457227757654254,4617880134276255809,4617880134276255809,true,true,4517316695911664653,4517316695911664653,2,true,true
SEAM,1077,169|R4-VAPOR-SIDE,true,true,REGION-4-MIXTURE-TABLE-C2,REGION-4-MIXTURE-TABLE-C2,SaturatedMixture,SaturatedMixture,4643457229205673874,4643457229205673874,4617880142229657676,4617880142229657676,true,true,4607182410623122805,4607182410623122805,2,true,true
SEAM,1078,169|R2-SIDE,true,true,REGION-2-VAPOR-SEAM-C3,REGION-2-VAPOR-SEAM-C3,SuperheatedVapor,SuperheatedVapor,4643457213211533470,4643457213211533470,4617880049756416165,4617880049756416165,false,false,0,0,2,true,true
SEAM,1079,170|R1-SIDE,true,true,REGION-1-NEAR-BOUNDARY-C2,REGION-1-NEAR-BOUNDARY-C2,SubcooledLiquid,SubcooledLiquid,4643457419112626148,4643457419112626148,4617881236988283907,4617881236988283907,false,false,0,0,2,true,true
SEAM,1080,170|R4-LIQUID-SIDE,true,true,REGION-4-MIXTURE-TABLE-C2,REGION-4-MIXTURE-TABLE-C2,SaturatedMixture,SaturatedMixture,4643457419436883968,4643457419436883968,4617881187094822014,4617881187094822014,true,true,4517325199306674483,4517325199306674483,2,true,true
SEAM,1081,170|R4-VAPOR-SIDE,true,true,REGION-4-MIXTURE-TABLE-C2,REGION-4-MIXTURE-TABLE-C2,SaturatedMixture,SaturatedMixture,4643457419898803676,4643457419898803676,4617881189631965174,4617881189631965174,true,true,4607182410057537232,4607182410057537232,2,true,true
SEAM,1082,170|R2-SIDE,true,true,REGION-2-VAPOR-SEAM-C3,REGION-2-VAPOR-SEAM-C3,SuperheatedVapor,SuperheatedVapor,4643457404800631704,4643457404800631704,4617881105101134778,4617881105101134778,false,false,0,0,2,true,true
SEAM,1083,171|R1-SIDE,true,true,REGION-1-NEAR-BOUNDARY-C2,REGION-1-NEAR-BOUNDARY-C2,SubcooledLiquid,SubcooledLiquid,4643457720670395264,4643457720670395264,4617882918825598761,4617882918825598761,false,false,0,0,2,true,true
SEAM,1084,171|R4-LIQUID-SIDE,true,true,REGION-4-MIXTURE-TABLE-C2,REGION-4-MIXTURE-TABLE-C2,SaturatedMixture,SaturatedMixture,4643457721000618854,4643457721000618854,4617882850525169272,4617882850525169272,true,true,4517319426883487408,4517319426883487408,2,true,true
SEAM,1085,171|R4-VAPOR-SIDE,true,true,REGION-4-MIXTURE-TABLE-C2,REGION-4-MIXTURE-TABLE-C2,SaturatedMixture,SaturatedMixture,4643457722128120272,4643457722128120272,4617882856755184880,4617882856755184880,true,true,4607182410443787398,4607182410443787398,2,true,true
SEAM,1086,171|R2-SIDE,true,true,REGION-2-VAPOR-SEAM-C3,REGION-2-VAPOR-SEAM-C3,SuperheatedVapor,SuperheatedVapor,4643457706428494982,4643457706428494982,4617882766843905439,4617882766843905439,false,false,0,0,2,true,true
SEAM,1087,172|R1-SIDE,true,true,REGION-1-NEAR-BOUNDARY-C2,REGION-1-NEAR-BOUNDARY-C2,SubcooledLiquid,SubcooledLiquid,4643457827131383084,4643457827131383084,4617883522053123392,4617883522053123392,false,false,0,0,2,true,true
SEAM,1088,172|R4-LIQUID-SIDE,true,true,REGION-4-MIXTURE-TABLE-C2,REGION-4-MIXTURE-TABLE-C2,SaturatedMixture,SaturatedMixture,4643457827466556918,4643457827466556918,4617883438803323058,4617883438803323058,true,true,4517314764964275141,4517314764964275141,2,true,true
SEAM,1089,172|R4-VAPOR-SIDE,true,true,REGION-4-MIXTURE-TABLE-C2,REGION-4-MIXTURE-TABLE-C2,SaturatedMixture,SaturatedMixture,4643457829132923522,4643457829132923522,4617883448010841311,4617883448010841311,true,true,4607182410756956058,4607182410756956058,2,true,true
SEAM,1090,172|R2-SIDE,true,true,REGION-2-VAPOR-SEAM-C3,REGION-2-VAPOR-SEAM-C3,SuperheatedVapor,SuperheatedVapor,4643457812936560332,4643457812936560332,4617883353670498104,4617883353670498104,false,false,0,0,2,true,true
SEAM,1091,173|R1-SIDE,true,true,REGION-1-NEAR-BOUNDARY-C2,REGION-1-NEAR-BOUNDARY-C2,SubcooledLiquid,SubcooledLiquid,4643457944379671486,4643457944379671486,4617884185954254732,4617884185954254732,false,false,0,0,2,true,true
SEAM,1092,173|R4-LIQUID-SIDE,true,true,REGION-4-MIXTURE-TABLE-C2,REGION-4-MIXTURE-TABLE-C2,SaturatedMixture,SaturatedMixture,4643457944719993324,4643457944719993324,4617884086687861010,4617884086687861010,true,true,4517309771796151600,4517309771796151600,2,true,true
SEAM,1093,173|R4-VAPOR-SIDE,true,true,REGION-4-MIXTURE-TABLE-C2,REGION-4-MIXTURE-TABLE-C2,SaturatedMixture,SaturatedMixture,4643457946963788938,4643457946963788938,4617884099085966586,4617884099085966586,true,true,4607182411092028362,4607182411092028362,2,true,true
SEAM,1094,173|R2-SIDE,true,true,REGION-2-VAPOR-SEAM-C3,REGION-2-VAPOR-SEAM-C3,SuperheatedVapor,SuperheatedVapor,4643457930247560542,4643457930247560542,4617884000112669765,4617884000112669765,false,false,0,0,2,true,true
SEAM,1095,174|R1-SIDE,true,true,REGION-1-NEAR-BOUNDARY-C2,REGION-1-NEAR-BOUNDARY-C2,SubcooledLiquid,SubcooledLiquid,4643458019759315542,4643458019759315542,4617884612531737642,4617884612531737642,false,false,0,0,2,true,true
SEAM,1096,174|R4-LIQUID-SIDE,true,true,REGION-4-MIXTURE-TABLE-C2,REGION-4-MIXTURE-TABLE-C2,SaturatedMixture,SaturatedMixture,4643458020102809144,4643458020102809144,4617884503216043840,4617884503216043840,true,true,4517306639139918987,4517306639139918987,2,true,true
SEAM,1097,174|R4-VAPOR-SIDE,true,true,REGION-4-MIXTURE-TABLE-C2,REGION-4-MIXTURE-TABLE-C2,SaturatedMixture,SaturatedMixture,4643458022708759882,4643458022708759882,4617884517615239654,4617884517615239654,true,true,4607182411300494186,4607182411300494186,2,true,true
SEAM,1098,174|R2-SIDE,true,true,REGION-2-VAPOR-SEAM-C3,REGION-2-VAPOR-SEAM-C3,SuperheatedVapor,SuperheatedVapor,4643458005669668824,4643458005669668824,4617884415764495705,4617884415764495705,false,false,0,0,2,true,true
SEAM,1099,175|R1-SIDE,true,true,REGION-1-NEAR-BOUNDARY-C2,REGION-1-NEAR-BOUNDARY-C2,SubcooledLiquid,SubcooledLiquid,4643458316471526818,4643458316471526818,4617886289752400478,4617886289752400478,false,false,0,0,2,true,true
SEAM,1100,175|R4-LIQUID-SIDE,true,true,REGION-4-MIXTURE-TABLE-C2,REGION-4-MIXTURE-TABLE-C2,SaturatedMixture,SaturatedMixture,4643458316827848652,4643458316827848652,4617886142771958094,4617886142771958094,true,true,4517294866867062147,4517294866867062147,2,true,true
SEAM,1101,175|R4-VAPOR-SIDE,true,true,REGION-4-MIXTURE-TABLE-C2,REGION-4-MIXTURE-TABLE-C2,SaturatedMixture,SaturatedMixture,4643458320790716914,4643458320790716914,4617886164668809471,4617886164668809471,true,true,4607182412084021393,4607182412084021393,2,true,true
SEAM,1102,175|R2-SIDE,true,true,REGION-2-VAPOR-SEAM-C3,REGION-2-VAPOR-SEAM-C3,SuperheatedVapor,SuperheatedVapor,4643458302518628680,4643458302518628680,4617886051823070374,4617886051823070374,false,false,0,0,2,true,true
SEAM,1103,176|R1-SIDE,true,true,REGION-1-NEAR-BOUNDARY-C2,REGION-1-NEAR-BOUNDARY-C2,SubcooledLiquid,SubcooledLiquid,4643458425090257842,4643458425090257842,4617886902986524427,4617886902986524427,false,false,0,0,2,true,true
SEAM,1104,176|R4-LIQUID-SIDE,true,true,REGION-4-MIXTURE-TABLE-C2,REGION-4-MIXTURE-TABLE-C2,SaturatedMixture,SaturatedMixture,4643458425451017582,4643458425451017582,4617886742969903402,4617886742969903402,true,true,4517290788996064854,4517290788996064854,2,true,true
SEAM,1105,176|R4-VAPOR-SIDE,true,true,REGION-4-MIXTURE-TABLE-C2,REGION-4-MIXTURE-TABLE-C2,SaturatedMixture,SaturatedMixture,4643458429883878056,4643458429883878056,4617886767463699472,4617886767463699472,true,true,4607182412358016310,4607182412358016310,2,true,true
SEAM,1106,176|R2-SIDE,true,true,REGION-2-VAPOR-SEAM-C3,REGION-2-VAPOR-SEAM-C3,SuperheatedVapor,SuperheatedVapor,4643458411189036826,4643458411189036826,4617886650849589971,4617886650849589971,false,false,0,0,2,true,true
SEAM,1107,177|R1-SIDE,true,true,REGION-1-NEAR-BOUNDARY-C2,REGION-1-NEAR-BOUNDARY-C2,SubcooledLiquid,SubcooledLiquid,4643458610804560594,4643458610804560594,4617887950547976941,4617887950547976941,false,false,0,0,2,true,true
SEAM,1108,177|R4-LIQUID-SIDE,true,true,REGION-4-MIXTURE-TABLE-C2,REGION-4-MIXTURE-TABLE-C2,SaturatedMixture,SaturatedMixture,4643458611172084186,4643458611172084186,4617887769172726232,4617887769172726232,true,true,4517284115722225080,4517284115722225080,2,true,true
SEAM,1109,177|R4-VAPOR-SIDE,true,true,REGION-4-MIXTURE-TABLE-C2,REGION-4-MIXTURE-TABLE-C2,SaturatedMixture,SaturatedMixture,4643458616375051168,4643458616375051168,4617887797921750256,4617887797921750256,true,true,4607182412803534055,4607182412803534055,2,true,true
SEAM,1110,177|R2-SIDE,true,true,REGION-2-VAPOR-SEAM-C3,REGION-2-VAPOR-SEAM-C3,SuperheatedVapor,SuperheatedVapor,4643458596972767724,4643458596972767724,4617887674995849407,4617887674995849407,false,false,0,0,2,true,true
SEAM,1111,178|R1-SIDE,true,true,REGION-1-NEAR-BOUNDARY-C2,REGION-1-NEAR-BOUNDARY-C2,SubcooledLiquid,SubcooledLiquid,4643458902759618690,4643458902759618690,4617889594998939851,4617889594998939851,false,false,0,0,2,true,true
SEAM,1112,178|R4-LIQUID-SIDE,true,true,REGION-4-MIXTURE-TABLE-C2,REGION-4-MIXTURE-TABLE-C2,SaturatedMixture,SaturatedMixture,4643458903137717812,4643458903137717812,4617889382430515876,4617889382430515876,true,true,4517274342886119478,4517274342886119478,2,true,true
SEAM,1113,178|R4-VAPOR-SIDE,true,true,REGION-4-MIXTURE-TABLE-C2,REGION-4-MIXTURE-TABLE-C2,SaturatedMixture,SaturatedMixture,4643458909464884770,4643458909464884770,4617889417391313322,4617889417391313322,true,true,4607182413453980332,4607182413453980332,2,true,true
SEAM,1114,178|R2-SIDE,true,true,REGION-2-VAPOR-SEAM-C3,REGION-2-VAPOR-SEAM-C3,SuperheatedVapor,SuperheatedVapor,4643458889042083114,4643458889042083114,4617889285361146448,4617889285361146448,false,false,0,0,2,true,true
SEAM,1115,179|R1-SIDE,true,true,REGION-1-NEAR-BOUNDARY-C2,REGION-1-NEAR-BOUNDARY-C2,SubcooledLiquid,SubcooledLiquid,4643459021234613264,4643459021234613264,4617890261484064718,4617890261484064718,false,false,0,0,2,true,true
SEAM,1116,179|R4-LIQUID-SIDE,true,true,REGION-4-MIXTURE-TABLE-C2,REGION-4-MIXTURE-TABLE-C2,SaturatedMixture,SaturatedMixture,4643459021616879494,4643459021616879494,4617890037087805890,4617890037087805890,true,true,4517270629925699018,4517270629925699018,2,true,true
SEAM,1117,179|R4-VAPOR-SIDE,true,true,REGION-4-MIXTURE-TABLE-C2,REGION-4-MIXTURE-TABLE-C2,SaturatedMixture,SaturatedMixture,4643459028370163376,4643459028370163376,4617890074403114873,4617890074403114873,true,true,4607182413700079210,4607182413700079210,2,true,true
SEAM,1118,179|R2-SIDE,true,true,REGION-2-VAPOR-SEAM-C3,REGION-2-VAPOR-SEAM-C3,SuperheatedVapor,SuperheatedVapor,4643459007569242842,4643459007569242842,4617889939000812381,4617889939000812381,false,false,0,0,2,true,true
SEAM,1119,180|R1-SIDE,true,true,REGION-1-NEAR-BOUNDARY-C2,REGION-1-NEAR-BOUNDARY-C2,SubcooledLiquid,SubcooledLiquid,4643459177095016056,4643459177095016056,4617891137551644989,4617891137551644989,false,false,0,0,2,true,true
SEAM,1120,180|R4-LIQUID-SIDE,true,true,REGION-4-MIXTURE-TABLE-C2,REGION-4-MIXTURE-TABLE-C2,SaturatedMixture,SaturatedMixture,4643459177482258814,4643459177482258814,4617890898322856738,4617890898322856738,true,true,4517265976602624533,4517265976602624533,2,true,true
SEAM,1121,180|R4-VAPOR-SIDE,true,true,REGION-4-MIXTURE-TABLE-C2,REGION-4-MIXTURE-TABLE-C2,SaturatedMixture,SaturatedMixture,4643459184770390848,4643459184770390848,4617890938593472256,4617890938593472256,true,true,4607182414010946331,4607182414010946331,2,true,true
SEAM,1122,180|R2-SIDE,true,true,REGION-2-VAPOR-SEAM-C3,REGION-2-VAPOR-SEAM-C3,SuperheatedVapor,SuperheatedVapor,4643459163485342168,4643459163485342168,4617890798871496863,4617890798871496863,false,false,0,0,2,true,true
SEAM,1123,181|R1-SIDE,true,true,REGION-1-NEAR-BOUNDARY-C2,REGION-1-NEAR-BOUNDARY-C2,SubcooledLiquid,SubcooledLiquid,4643459392404483920,4643459392404483920,4617892346408627784,4617892346408627784,false,false,0,0,2,true,true
SEAM,1124,181|R4-LIQUID-SIDE,true,true,REGION-4-MIXTURE-TABLE-C2,REGION-4-MIXTURE-TABLE-C2,SaturatedMixture,SaturatedMixture,4643459392798583210,4643459392798583210,4617892088054446908,4617892088054446908,true,true,4517259960340607282,4517259960340607282,2,true,true
SEAM,1125,181|R4-VAPOR-SIDE,true,true,REGION-4-MIXTURE-TABLE-C2,REGION-4-MIXTURE-TABLE-C2,SaturatedMixture,SaturatedMixture,4643459400775984306,4643459400775984306,4617892132133622586,4617892132133622586,true,true,4607182414411192611,4607182414411192611,2,true,true
SEAM,1126,181|R2-SIDE,true,true,REGION-2-VAPOR-SEAM-C3,REGION-2-VAPOR-SEAM-C3,SuperheatedVapor,SuperheatedVapor,4643459378866506508,4643459378866506508,4617891986838618882,4617891986838618882,false,false,0,0,2,true,true
SEAM,1127,182|R1-SIDE,true,true,REGION-1-NEAR-BOUNDARY-C2,REGION-1-NEAR-BOUNDARY-C2,SubcooledLiquid,SubcooledLiquid,4643459615227975150,4643459615227975150,4617893595786694178,4617893595786694178,false,false,0,0,2,true,true
SEAM,1128,182|R4-LIQUID-SIDE,true,true,REGION-4-MIXTURE-TABLE-C2,REGION-4-MIXTURE-TABLE-C2,SaturatedMixture,SaturatedMixture,4643459615628008886,4643459615628008886,4617893319299721434,4617893319299721434,true,true,4517254263033116966,4517254263033116966,2,true,true
SEAM,1129,182|R4-VAPOR-SIDE,true,true,REGION-4-MIXTURE-TABLE-C2,REGION-4-MIXTURE-TABLE-C2,SaturatedMixture,SaturatedMixture,4643459624259363934,4643459624259363934,4617893366992323456,4617893366992323456,true,true,4607182414790140808,4607182414790140808,2,true,true
SEAM,1130,182|R2-SIDE,true,true,REGION-2-VAPOR-SEAM-C3,REGION-2-VAPOR-SEAM-C3,SuperheatedVapor,SuperheatedVapor,4643459601746019430,4643459601746019430,4617893216303237513,4617893216303237513,false,false,0,0,2,true,true
SEAM,1131,183|R1-SIDE,true,true,REGION-1-NEAR-BOUNDARY-C2,REGION-1-NEAR-BOUNDARY-C2,SubcooledLiquid,SubcooledLiquid,4643460206765324110,4643460206765324110,4617896904337533723,4617896904337533723,false,false,0,0,2,true,true
SEAM,1132,183|R4-LIQUID-SIDE,true,true,REGION-4-MIXTURE-TABLE-C2,REGION-4-MIXTURE-TABLE-C2,SaturatedMixture,SaturatedMixture,4643460207179124798,4643460207179124798,4617896587918818336,4617896587918818336,true,true,4517241668146971414,4517241668146971414,2,true,true
SEAM,1133,183|R4-VAPOR-SIDE,true,true,REGION-4-MIXTURE-TABLE-C2,REGION-4-MIXTURE-TABLE-C2,SaturatedMixture,SaturatedMixture,4643460217250616122,4643460217250616122,4617896643568901643,4617896643568901643,true,true,4607182415627492455,4607182415627492455,2,true,true
SEAM,1134,183|R2-SIDE,true,true,REGION-2-VAPOR-SEAM-C3,REGION-2-VAPOR-SEAM-C3,SuperheatedVapor,SuperheatedVapor,4643460193443023104,4643460193443023104,4617896481320406863,4617896481320406863,false,false,0,0,2,true,true
SEAM,1135,184|R1-SIDE,true,true,REGION-1-NEAR-BOUNDARY-C2,REGION-1-NEAR-BOUNDARY-C2,SubcooledLiquid,SubcooledLiquid,4643460740293099252,4643460740293099252,4617899878203719066,4617899878203719066,false,false,0,0,2,true,true
SEAM,1136,184|R4-LIQUID-SIDE,true,true,REGION-4-MIXTURE-TABLE-C2,REGION-4-MIXTURE-TABLE-C2,SaturatedMixture,SaturatedMixture,4643460740716087830,4643460740716087830,4617899535980379481,4617899535980379481,true,true,4517233482785053269,4517233482785053269,2,true,true
SEAM,1137,184|R4-VAPOR-SIDE,true,true,REGION-4-MIXTURE-TABLE-C2,REGION-4-MIXTURE-TABLE-C2,SaturatedMixture,SaturatedMixture,4643460751718103754,4643460751718103754,4617899596772081813,4617899596772081813,true,true,4607182416166947140,4607182416166947140,2,true,true
SEAM,1138,184|R2-SIDE,true,true,REGION-2-VAPOR-SEAM-C3,REGION-2-VAPOR-SEAM-C3,SuperheatedVapor,SuperheatedVapor,4643460727059311060,4643460727059311060,4617899426906444885,4617899426906444885,false,false,0,0,2,true,true
SEAM,1139,185|R1-SIDE,true,true,REGION-1-NEAR-BOUNDARY-C2,REGION-1-NEAR-BOUNDARY-C2,SubcooledLiquid,SubcooledLiquid,4643460795560632024,4643460795560632024,4617900185709042621,4617900185709042621,false,false,0,0,2,true,true
SEAM,1140,185|R4-LIQUID-SIDE,true,true,REGION-4-MIXTURE-TABLE-C2,REGION-4-MIXTURE-TABLE-C2,SaturatedMixture,SaturatedMixture,4643460795984556966,4643460795984556966,4617899841366623893,4617899841366623893,true,true,4517232803663935646,4517232803663935646,2,true,true
SEAM,1141,185|R4-VAPOR-SIDE,true,true,REGION-4-MIXTURE-TABLE-C2,REGION-4-MIXTURE-TABLE-C2,SaturatedMixture,SaturatedMixture,4643460807063047852,4643460807063047852,4617899902580889075,4617899902580889075,true,true,4607182416212925064,4607182416212925064,2,true,true
SEAM,1142,185|R2-SIDE,true,true,REGION-2-VAPOR-SEAM-C3,REGION-2-VAPOR-SEAM-C3,SuperheatedVapor,SuperheatedVapor,4643460782339956806,4643460782339956806,4617899732141022283,4617899732141022283,false,false,0,0,2,true,true
SEAM,1143,186|R1-SIDE,true,true,REGION-1-NEAR-BOUNDARY-C2,REGION-1-NEAR-BOUNDARY-C2,SubcooledLiquid,SubcooledLiquid,4643461381373292392,4643461381373292392,4617903438747282009,4617903438747282009,false,false,0,0,2,true,true
SEAM,1144,186|R4-LIQUID-SIDE,true,true,REGION-4-MIXTURE-TABLE-C2,REGION-4-MIXTURE-TABLE-C2,SaturatedMixture,SaturatedMixture,4643461381802998518,4643461381802998518,4617903078309795596,4617903078309795596,true,true,4517227644306421240,4517227644306421240,2,true,true
SEAM,1145,186|R4-VAPOR-SIDE,true,true,REGION-4-MIXTURE-TABLE-C2,REGION-4-MIXTURE-TABLE-C2,SaturatedMixture,SaturatedMixture,4643461393462500306,4643461393462500306,4617903142734439864,4617903142734439864,true,true,4607182416551855602,4607182416551855602,2,true,true
SEAM,1146,186|R2-SIDE,true,true,REGION-2-VAPOR-SEAM-C3,REGION-2-VAPOR-SEAM-C3,SuperheatedVapor,SuperheatedVapor,4643461368198849886,4643461368198849886,4617902967439875279,4617902967439875279,false,false,0,0,2,true,true
SEAM,1147,187|R1-SIDE,true,true,REGION-1-NEAR-BOUNDARY-C2,REGION-1-NEAR-BOUNDARY-C2,SubcooledLiquid,SubcooledLiquid,4643461963977309844,4643461963977309844,4617906662396901189,4617906662396901189,false,false,0,0,2,true,true
SEAM,1148,187|R4-LIQUID-SIDE,true,true,REGION-4-MIXTURE-TABLE-C2,REGION-4-MIXTURE-TABLE-C2,SaturatedMixture,SaturatedMixture,4643461964408657392,4643461964408657392,4617906297500718122,4617906297500718122,true,true,4517226138925891126,4517226138925891126,2,true,true
SEAM,1149,187|R4-VAPOR-SIDE,true,true,REGION-4-MIXTURE-TABLE-C2,REGION-4-MIXTURE-TABLE-C2,SaturatedMixture,SaturatedMixture,4643461976229800026,4643461976229800026,4617906362818509832,4617906362818509832,true,true,4607182416647608317,4607182416647608317,2,true,true
SEAM,1150,187|R2-SIDE,true,true,REGION-2-VAPOR-SEAM-C3,REGION-2-VAPOR-SEAM-C3,SuperheatedVapor,SuperheatedVapor,4643461950830790676,4643461950830790676,4617906186286381893,4617906186286381893,false,false,0,0,2,true,true
SEAM,1151,188|R1-SIDE,true,true,REGION-1-NEAR-BOUNDARY-C2,REGION-1-NEAR-BOUNDARY-C2,SubcooledLiquid,SubcooledLiquid,4643462543175987690,4643462543175987690,4617909855780226646,4617909855780226646,false,false,0,0,2,true,true
SEAM,1152,188|R4-LIQUID-SIDE,true,true,REGION-4-MIXTURE-TABLE-C2,REGION-4-MIXTURE-TABLE-C2,SaturatedMixture,SaturatedMixture,4643462543605684806,4643462543605684806,4617909497857227912,4617909497857227912,true,true,4517228216800643814,4517228216800643814,2,true,true
SEAM,1153,188|R4-VAPOR-SIDE,true,true,REGION-4-MIXTURE-TABLE-C2,REGION-4-MIXTURE-TABLE-C2,SaturatedMixture,SaturatedMixture,4643462555175691402,4643462555175691402,4617909561787365968,4617909561787365968,true,true,4607182416504211241,4607182416504211241,2,true,true
SEAM,1154,188|R2-SIDE,true,true,REGION-2-VAPOR-SEAM-C3,REGION-2-VAPOR-SEAM-C3,SuperheatedVapor,SuperheatedVapor,4643462529999079722,4643462529999079722,4617909387202723347,4617909387202723347,false,false,0,0,2,true,true
SEAM,1155,189|R1-SIDE,true,true,REGION-1-NEAR-BOUNDARY-C2,REGION-1-NEAR-BOUNDARY-C2,SubcooledLiquid,SubcooledLiquid,4643463118522975390,4643463118522975390,4617913016664292423,4617913016664292423,false,false,0,0,2,true,true
SEAM,1156,189|R4-LIQUID-SIDE,true,true,REGION-4-MIXTURE-TABLE-C2,REGION-4-MIXTURE-TABLE-C2,SaturatedMixture,SaturatedMixture,4643463118946569494,4643463118946569494,4617912676906598840,4617912676906598840,true,true,4517233844155075536,4517233844155075536,2,true,true
SEAM,1157,189|R4-VAPOR-SIDE,true,true,REGION-4-MIXTURE-TABLE-C2,REGION-4-MIXTURE-TABLE-C2,SaturatedMixture,SaturatedMixture,4643463129862330432,4643463129862330432,4617912737221698744,4617912737221698744,true,true,4607182416127835183,4607182416127835183,2,true,true
SEAM,1158,189|R2-SIDE,true,true,REGION-2-VAPOR-SEAM-C3,REGION-2-VAPOR-SEAM-C3,SuperheatedVapor,SuperheatedVapor,4643463105267841092,4643463105267841092,4617912567791491677,4617912567791491677,false,false,0,0,2,true,true
SEAM,1159,190|R1-SIDE,true,true,REGION-1-NEAR-BOUNDARY-C2,REGION-1-NEAR-BOUNDARY-C2,SubcooledLiquid,SubcooledLiquid,4643463408038859104,4643463408038859104,4617914602986958038,4617914602986958038,false,false,0,0,2,true,true
SEAM,1160,190|R4-LIQUID-SIDE,true,true,REGION-4-MIXTURE-TABLE-C2,REGION-4-MIXTURE-TABLE-C2,SaturatedMixture,SaturatedMixture,4643463408457839198,4643463408457839198,4617914276602786496,4617914276602786496,true,true,4517238018287932551,4517238018287932551,2,true,true
SEAM,1161,190|R4-VAPOR-SIDE,true,true,REGION-4-MIXTURE-TABLE-C2,REGION-4-MIXTURE-TABLE-C2,SaturatedMixture,SaturatedMixture,4643463418891545024,4643463418891545024,4617914334254288102,4617914334254288102,true,true,4607182415848216792,4607182415848216792,2,true,true
SEAM,1162,190|R2-SIDE,true,true,REGION-2-VAPOR-SEAM-C3,REGION-2-VAPOR-SEAM-C3,SuperheatedVapor,SuperheatedVapor,4643463394739563024,4643463394739563024,4617914168754460014,4617914168754460014,false,false,0,0,2,true,true
SEAM,1163,191|R1-SIDE,true,true,REGION-1-NEAR-BOUNDARY-C2,REGION-1-NEAR-BOUNDARY-C2,SubcooledLiquid,SubcooledLiquid,4643463690210523900,4643463690210523900,4617916146338834501,4617916146338834501,false,false,0,0,2,true,true
SEAM,1164,191|R4-LIQUID-SIDE,true,true,REGION-4-MIXTURE-TABLE-C2,REGION-4-MIXTURE-TABLE-C2,SaturatedMixture,SaturatedMixture,4643463690624879442,4643463690624879442,4617915835718391950,4617915835718391950,true,true,4517242933290064272,4517242933290064272,2,true,true
SEAM,1165,191|R4-VAPOR-SIDE,true,true,REGION-4-MIXTURE-TABLE-C2,REGION-4-MIXTURE-TABLE-C2,SaturatedMixture,SaturatedMixture,4643463700489643202,4643463700489643202,4617915890226200921,4617915890226200921,true,true,4607182415518981554,4607182415518981554,2,true,true
SEAM,1166,191|R2-SIDE,true,true,REGION-2-VAPOR-SEAM-C3,REGION-2-VAPOR-SEAM-C3,SuperheatedVapor,SuperheatedVapor,4643463676854211038,4643463676854211038,4617915729317073057,4617915729317073057,false,false,0,0,2,true,true
SEAM,1167,192|R1-SIDE,true,true,REGION-1-NEAR-BOUNDARY-C2,REGION-1-NEAR-BOUNDARY-C2,SubcooledLiquid,SubcooledLiquid,4643464258078518006,4643464258078518006,4617919244157931181,4617919244157931181,false,false,0,0,2,true,true
SEAM,1168,192|R4-LIQUID-SIDE,true,true,REGION-4-MIXTURE-TABLE-C2,REGION-4-MIXTURE-TABLE-C2,SaturatedMixture,SaturatedMixture,4643464258479893702,4643464258479893702,4617918973404542753,4617918973404542753,true,true,4517255435478241503,4517255435478241503,2,true,true
SEAM,1169,192|R4-VAPOR-SIDE,true,true,REGION-4-MIXTURE-TABLE-C2,REGION-4-MIXTURE-TABLE-C2,SaturatedMixture,SaturatedMixture,4643464266906287206,4643464266906287206,4617919019964628580,4617919019964628580,true,true,4607182414684463764,4607182414684463764,2,true,true
SEAM,1170,192|R2-SIDE,true,true,REGION-2-VAPOR-SEAM-C3,REGION-2-VAPOR-SEAM-C3,SuperheatedVapor,SuperheatedVapor,4643464244562084616,4643464244562084616,4617918870536240284,4617918870536240284,false,false,0,0,2,true,true
SEAM,1171,193|R1-SIDE,true,true,REGION-1-NEAR-BOUNDARY-C2,REGION-1-NEAR-BOUNDARY-C2,SubcooledLiquid,SubcooledLiquid,4643464728267128440,4643464728267128440,4617921800872893111,4617921800872893111,false,false,0,0,2,true,true
SEAM,1172,193|R4-LIQUID-SIDE,true,true,REGION-4-MIXTURE-TABLE-C2,REGION-4-MIXTURE-TABLE-C2,SaturatedMixture,SaturatedMixture,4643464728655128078,4643464728655128078,4617921571360507369,4617921571360507369,true,true,4517268407054184711,4517268407054184711,2,true,true
SEAM,1173,193|R4-VAPOR-SIDE,true,true,REGION-4-MIXTURE-TABLE-C2,REGION-4-MIXTURE-TABLE-C2,SaturatedMixture,SaturatedMixture,4643464735593477010,4643464735593477010,4617921609698394340,4617921609698394340,true,true,4607182413823585122,4607182413823585122,2,true,true
SEAM,1174,193|R2-SIDE,true,true,REGION-2-VAPOR-SEAM-C3,REGION-2-VAPOR-SEAM-C3,SuperheatedVapor,SuperheatedVapor,4643464714601024576,4643464714601024576,4617921472303931195,4617921472303931195,false,false,0,0,2,true,true
SEAM,1175,194|R1-SIDE,true,true,REGION-1-NEAR-BOUNDARY-C2,REGION-1-NEAR-BOUNDARY-C2,SubcooledLiquid,SubcooledLiquid,4643464822003514810,4643464822003514810,4617922309684993059,4617922309684993059,false,false,0,0,2,true,true
SEAM,1176,194|R4-LIQUID-SIDE,true,true,REGION-4-MIXTURE-TABLE-C2,REGION-4-MIXTURE-TABLE-C2,SaturatedMixture,SaturatedMixture,4643464822387853330,4643464822387853330,4617922089281220433,4617922089281220433,true,true,4517271293035297891,4517271293035297891,2,true,true
SEAM,1177,194|R4-VAPOR-SIDE,true,true,REGION-4-MIXTURE-TABLE-C2,REGION-4-MIXTURE-TABLE-C2,SaturatedMixture,SaturatedMixture,4643464828997935858,4643464828997935858,4617922125805269491,4617922125805269491,true,true,4607182413632095725,4607182413632095725,2,true,true
SEAM,1178,194|R2-SIDE,true,true,REGION-2-VAPOR-SEAM-C3,REGION-2-VAPOR-SEAM-C3,SuperheatedVapor,SuperheatedVapor,4643464808298597840,4643464808298597840,4617921991018987308,4617921991018987308,false,false,0,0,2,true,true
SEAM,1179,195|R1-SIDE,true,true,REGION-1-NEAR-BOUNDARY-C2,REGION-1-NEAR-BOUNDARY-C2,SubcooledLiquid,SubcooledLiquid,4643465381889211342,4643465381889211342,4617925342637509762,4617925342637509762,false,false,0,0,2,true,true
SEAM,1180,195|R4-LIQUID-SIDE,true,true,REGION-4-MIXTURE-TABLE-C2,REGION-4-MIXTURE-TABLE-C2,SaturatedMixture,SaturatedMixture,4643465382254054328,4643465382254054328,4617925182825137527,4617925182825137527,true,true,4517290403781016263,4517290403781016263,2,true,true
SEAM,1181,195|R4-VAPOR-SIDE,true,true,REGION-4-MIXTURE-TABLE-C2,REGION-4-MIXTURE-TABLE-C2,SaturatedMixture,SaturatedMixture,4643465386676935570,4643465386676935570,4617925207263793308,4617925207263793308,true,true,4607182412364232798,4607182412364232798,2,true,true
SEAM,1182,195|R2-SIDE,true,true,REGION-2-VAPOR-SEAM-C3,REGION-2-VAPOR-SEAM-C3,SuperheatedVapor,SuperheatedVapor,4643465367955859762,4643465367955859762,4617925090097317939,4617925090097317939,false,false,0,0,2,true,true
SEAM,1183,196|R1-SIDE,true,true,REGION-1-NEAR-BOUNDARY-C2,REGION-1-NEAR-BOUNDARY-C2,SubcooledLiquid,SubcooledLiquid,4643465937659845392,4643465937659845392,4617928342848765013,4617928342848765013,false,false,0,0,2,true,true
SEAM,1184,196|R4-LIQUID-SIDE,true,true,REGION-4-MIXTURE-TABLE-C2,REGION-4-MIXTURE-TABLE-C2,SaturatedMixture,SaturatedMixture,4643465938001269074,4643465938001269074,4617928253609572396,4617928253609572396,true,true,4517312732762720188,4517312732762720188,2,true,true
SEAM,1185,196|R4-VAPOR-SIDE,true,true,REGION-4-MIXTURE-TABLE-C2,REGION-4-MIXTURE-TABLE-C2,SaturatedMixture,SaturatedMixture,4643465939876296596,4643465939876296596,4617928263970047750,4617928263970047750,true,true,4607182410883586526,4607182410883586526,2,true,true
SEAM,1186,196|R2-SIDE,true,true,REGION-2-VAPOR-SEAM-C3,REGION-2-VAPOR-SEAM-C3,SuperheatedVapor,SuperheatedVapor,4643465923447841210,4643465923447841210,4617928167228289845,4617928167228289845,false,false,0,0,2,true,true
SEAM,1187,197|R1-SIDE,true,true,REGION-1-NEAR-BOUNDARY-C2,REGION-1-NEAR-BOUNDARY-C2,SubcooledLiquid,SubcooledLiquid,4643465958611756610,4643465958611756610,4617928455749791215,4617928455749791215,false,false,0,0,2,true,true
SEAM,1188,197|R4-LIQUID-SIDE,true,true,REGION-4-MIXTURE-TABLE-C2,REGION-4-MIXTURE-TABLE-C2,SaturatedMixture,SaturatedMixture,4643465958952213086,4643465958952213086,4617928369374134170,4617928369374134170,true,true,4517313640197995554,4517313640197995554,2,true,true
SEAM,1189,197|R4-VAPOR-SIDE,true,true,REGION-4-MIXTURE-TABLE-C2,REGION-4-MIXTURE-TABLE-C2,SaturatedMixture,SaturatedMixture,4643465960723840190,4643465960723840190,4617928379163269930,4617928379163269930,true,true,4607182410823288131,4607182410823288131,2,true,true
SEAM,1190,197|R2-SIDE,true,true,REGION-2-VAPOR-SEAM-C3,REGION-2-VAPOR-SEAM-C3,SuperheatedVapor,SuperheatedVapor,4643465944385425790,4643465944385425790,4617928283222899158,4617928283222899158,false,false,0,0,2,true,true
SEAM,1191,198|R1-SIDE,true,true,REGION-1-NEAR-BOUNDARY-C2,REGION-1-NEAR-BOUNDARY-C2,SubcooledLiquid,SubcooledLiquid,4643466394981092982,4643466394981092982,4617930834475452971,4617930834475452971,false,false,0,0,2,true,true
SEAM,1192,198|R4-LIQUID-SIDE,true,true,REGION-4-MIXTURE-TABLE-C2,REGION-4-MIXTURE-TABLE-C2,SaturatedMixture,SaturatedMixture,4643466395309575426,4643466395309575426,4617930783534630507,4617930783534630507,true,true,4517324836310214560,4517324836310214560,2,true,true
SEAM,1193,198|R4-VAPOR-SIDE,true,true,REGION-4-MIXTURE-TABLE-C2,REGION-4-MIXTURE-TABLE-C2,SaturatedMixture,SaturatedMixture,4643466395804190574,4643466395804190574,4617930786283968760,4617930786283968760,true,true,4607182410083291956,4607182410083291956,2,true,true
SEAM,1194,198|R2-SIDE,true,true,REGION-2-VAPOR-SEAM-C3,REGION-2-VAPOR-SEAM-C3,SuperheatedVapor,SuperheatedVapor,4643466380628748948,4643466380628748948,4617930700690309807,4617930700690309807,false,false,0,0,2,true,true
SEAM,1195,199|R1-SIDE,true,true,REGION-1-NEAR-BOUNDARY-C2,REGION-1-NEAR-BOUNDARY-C2,SubcooledLiquid,SubcooledLiquid,4643466489043545278,4643466489043545278,4617931370972829647,4617931370972829647,false,false,0,0,2,true,true
SEAM,1196,199|R4-LIQUID-SIDE,true,true,REGION-4-MIXTURE-TABLE-C2,REGION-4-MIXTURE-TABLE-C2,SaturatedMixture,SaturatedMixture,4643466489376865924,4643466489376865924,4617931306411461446,4617931306411461446,true,true,4517320510054360822,4517320510054360822,2,true,true
SEAM,1197,199|R4-VAPOR-SIDE,true,true,REGION-4-MIXTURE-TABLE-C2,REGION-4-MIXTURE-TABLE-C2,SaturatedMixture,SaturatedMixture,4643466490361856978,4643466490361856978,4617931311886573972,4617931311886573972,true,true,4607182410370844031,4607182410370844031,2,true,true
SEAM,1198,199|R2-SIDE,true,true,REGION-2-VAPOR-SEAM-C3,REGION-2-VAPOR-SEAM-C3,SuperheatedVapor,SuperheatedVapor,4643466474747054692,4643466474747054692,4617931222356192315,4617931222356192315,false,false,0,0,2,true,true
SEAM,1199,200|R1-SIDE,true,true,REGION-1-NEAR-BOUNDARY-C2,REGION-1-NEAR-BOUNDARY-C2,SubcooledLiquid,SubcooledLiquid,4643467035795360934,4643467035795360934,4617934483440979274,4617934483440979274,false,false,0,0,2,true,true
SEAM,1200,200|R4-LIQUID-SIDE,true,true,REGION-4-MIXTURE-TABLE-C2,REGION-4-MIXTURE-TABLE-C2,SaturatedMixture,SaturatedMixture,4643467036153346260,4643467036153346260,4617934345690596133,4617934345690596133,true,true,4517297267259099723,4517297267259099723,2,true,true
SEAM,1201,200|R4-VAPOR-SIDE,true,true,REGION-4-MIXTURE-TABLE-C2,REGION-4-MIXTURE-TABLE-C2,SaturatedMixture,SaturatedMixture,4643467039774308170,4643467039774308170,4617934365817859046,4617934365817859046,true,true,4607182411912757115,4607182411912757115,2,true,true
SEAM,1202,200|R2-SIDE,true,true,REGION-2-VAPOR-SEAM-C3,REGION-2-VAPOR-SEAM-C3,SuperheatedVapor,SuperheatedVapor,4643467021759419068,4643467021759419068,4617934254766522125,4617934254766522125,false,false,0,0,2,true,true
SEAM,1203,201|R1-SIDE,true,true,REGION-1-NEAR-BOUNDARY-C2,REGION-1-NEAR-BOUNDARY-C2,SubcooledLiquid,SubcooledLiquid,4643467395702432230,4643467395702432230,4617936526681260371,4617936526681260371,false,false,0,0,2,true,true
SEAM,1204,201|R4-LIQUID-SIDE,true,true,REGION-4-MIXTURE-TABLE-C2,REGION-4-MIXTURE-TABLE-C2,SaturatedMixture,SaturatedMixture,4643467396075028334,4643467396075028334,4617936346329792949,4617936346329792949,true,true,4517283707104231336,4517283707104231336,2,true,true
SEAM,1205,201|R4-VAPOR-SIDE,true,true,REGION-4-MIXTURE-TABLE-C2,REGION-4-MIXTURE-TABLE-C2,SaturatedMixture,SaturatedMixture,4643467401230573006,4643467401230573006,4617936374987096078,4617936374987096078,true,true,4607182412812458735,4607182412812458735,2,true,true
SEAM,1206,201|R2-SIDE,true,true,REGION-2-VAPOR-SEAM-C3,REGION-2-VAPOR-SEAM-C3,SuperheatedVapor,SuperheatedVapor,4643467381827088252,4643467381827088252,4617936251482871133,4617936251482871133,false,false,0,0,2,true,true
SEAM,1207,202|R1-SIDE,true,true,REGION-1-NEAR-BOUNDARY-C2,REGION-1-NEAR-BOUNDARY-C2,SubcooledLiquid,SubcooledLiquid,4643467578288134220,4643467578288134220,4617937561550359643,4617937561550359643,false,false,0,0,2,true,true
SEAM,1208,202|R4-LIQUID-SIDE,true,true,REGION-4-MIXTURE-TABLE-C2,REGION-4-MIXTURE-TABLE-C2,SaturatedMixture,SaturatedMixture,4643467578667072434,4643467578667072434,4617937361275039764,4617937361275039764,true,true,4517277369634704555,4517277369634704555,2,true,true
SEAM,1209,202|R4-VAPOR-SIDE,true,true,REGION-4-MIXTURE-TABLE-C2,REGION-4-MIXTURE-TABLE-C2,SaturatedMixture,SaturatedMixture,4643467584541031094,4643467584541031094,4617937393925676065,4617937393925676065,true,true,4607182413235451455,4607182413235451455,2,true,true
SEAM,1210,202|R2-SIDE,true,true,REGION-2-VAPOR-SEAM-C3,REGION-2-VAPOR-SEAM-C3,SuperheatedVapor,SuperheatedVapor,4643467564498638700,4643467564498638700,4617937264693762911,4617937264693762911,false,false,0,0,2,true,true
SEAM,1211,203|R1-SIDE,true,true,REGION-1-NEAR-BOUNDARY-C2,REGION-1-NEAR-BOUNDARY-C2,SubcooledLiquid,SubcooledLiquid,4643468086213847860,4643468086213847860,4617940434404663522,4617940434404663522,false,false,0,0,2,true,true
SEAM,1212,203|R4-LIQUID-SIDE,true,true,REGION-4-MIXTURE-TABLE-C2,REGION-4-MIXTURE-TABLE-C2,SaturatedMixture,SaturatedMixture,4643468086610531514,4643468086610531514,4617940184699258422,4617940184699258422,true,true,4517261572964296582,4517261572964296582,2,true,true
SEAM,1213,203|R4-VAPOR-SIDE,true,true,REGION-4-MIXTURE-TABLE-C2,REGION-4-MIXTURE-TABLE-C2,SaturatedMixture,SaturatedMixture,4643468094264920530,4643468094264920530,4617940227246488744,4617940227246488744,true,true,4607182414280415482,4607182414280415482,2,true,true
SEAM,1214,203|R2-SIDE,true,true,REGION-2-VAPOR-SEAM-C3,REGION-2-VAPOR-SEAM-C3,SuperheatedVapor,SuperheatedVapor,4643468072595510828,4643468072595510828,4617940083411367508,4617940083411367508,false,false,0,0,2,true,true
SEAM,1215,204|R1-SIDE,true,true,REGION-1-NEAR-BOUNDARY-C2,REGION-1-NEAR-BOUNDARY-C2,SubcooledLiquid,SubcooledLiquid,4643468116493104842,4643468116493104842,4617940605387330747,4617940605387330747,false,false,0,0,2,true,true
SEAM,1216,204|R4-LIQUID-SIDE,true,true,REGION-4-MIXTURE-TABLE-C2,REGION-4-MIXTURE-TABLE-C2,SaturatedMixture,SaturatedMixture,4643468116890338466,4643468116890338466,4617940353010787524,4617940353010787524,true,true,4517260728066135028,4517260728066135028,2,true,true
SEAM,1217,204|R4-VAPOR-SIDE,true,true,REGION-4-MIXTURE-TABLE-C2,REGION-4-MIXTURE-TABLE-C2,SaturatedMixture,SaturatedMixture,4643468124641058718,4643468124641058718,4617940396093478866,4617940396093478866,true,true,4607182414334905345,4607182414334905345,2,true,true
SEAM,1218,204|R2-SIDE,true,true,REGION-2-VAPOR-SEAM-C3,REGION-2-VAPOR-SEAM-C3,SuperheatedVapor,SuperheatedVapor,4643468102889386712,4643468102889386712,4617940251520305846,4617940251520305846,false,false,0,0,2,true,true
SEAM,1219,205|R1-SIDE,true,true,REGION-1-NEAR-BOUNDARY-C2,REGION-1-NEAR-BOUNDARY-C2,SubcooledLiquid,SubcooledLiquid,4643468261313608316,4643468261313608316,4617941422735186285,4617941422735186285,false,false,0,0,2,true,true
SEAM,1220,205|R4-LIQUID-SIDE,true,true,REGION-4-MIXTURE-TABLE-C2,REGION-4-MIXTURE-TABLE-C2,SaturatedMixture,SaturatedMixture,4643468261715009866,4643468261715009866,4617941158024568836,4617941158024568836,true,true,4517256785389614185,4517256785389614185,2,true,true
SEAM,1221,205|R4-VAPOR-SIDE,true,true,REGION-4-MIXTURE-TABLE-C2,REGION-4-MIXTURE-TABLE-C2,SaturatedMixture,SaturatedMixture,4643468269910446138,4643468269910446138,4617941203579232155,4617941203579232155,true,true,4607182414597250456,4607182414597250456,2,true,true
SEAM,1222,205|R2-SIDE,true,true,REGION-2-VAPOR-SEAM-C3,REGION-2-VAPOR-SEAM-C3,SuperheatedVapor,SuperheatedVapor,4643468247765174802,4643468247765174802,4617941055475369911,4617941055475369911,false,false,0,0,2,true,true
SEAM,1223,206|R1-SIDE,true,true,REGION-1-NEAR-BOUNDARY-C2,REGION-1-NEAR-BOUNDARY-C2,SubcooledLiquid,SubcooledLiquid,4643468650393252106,4643468650393252106,4617943615104018879,4617943615104018879,false,false,0,0,2,true,true
SEAM,1224,206|R4-LIQUID-SIDE,true,true,REGION-4-MIXTURE-TABLE-C2,REGION-4-MIXTURE-TABLE-C2,SaturatedMixture,SaturatedMixture,4643468650805086894,4643468650805086894,4617943320797466278,4617943320797466278,true,true,4517247299887799234,4517247299887799234,2,true,true
SEAM,1225,206|R4-VAPOR-SIDE,true,true,REGION-4-MIXTURE-TABLE-C2,REGION-4-MIXTURE-TABLE-C2,SaturatedMixture,SaturatedMixture,4643468660067015294,4643468660067015294,4617943372280269124,4617943372280269124,true,true,4607182415223340180,4607182415223340180,2,true,true
SEAM,1226,206|R2-SIDE,true,true,REGION-2-VAPOR-SEAM-C3,REGION-2-VAPOR-SEAM-C3,SuperheatedVapor,SuperheatedVapor,4643468636954051440,4643468636954051440,4617943215485517873,4617943215485517873,false,false,0,0,2,true,true
SEAM,1227,207|R1-SIDE,true,true,REGION-1-NEAR-BOUNDARY-C2,REGION-1-NEAR-BOUNDARY-C2,SubcooledLiquid,SubcooledLiquid,4643469065141008902,4643469065141008902,4617945946420139260,4617945946420139260,false,false,0,0,2,true,true
SEAM,1228,207|R4-LIQUID-SIDE,true,true,REGION-4-MIXTURE-TABLE-C2,REGION-4-MIXTURE-TABLE-C2,SaturatedMixture,SaturatedMixture,4643469065561986962,4643469065561986962,4617945626240435513,4617945626240435513,true,true,4517238984284663207,4517238984284663207,2,true,true
SEAM,1229,207|R4-VAPOR-SIDE,true,true,REGION-4-MIXTURE-TABLE-C2,REGION-4-MIXTURE-TABLE-C2,SaturatedMixture,SaturatedMixture,4643469075756648270,4643469075756648270,4617945682907871910,4617945682907871910,true,true,4607182415772695448,4607182415772695448,2,true,true
SEAM,1230,207|R2-SIDE,true,true,REGION-2-VAPOR-SEAM-C3,REGION-2-VAPOR-SEAM-C3,SuperheatedVapor,SuperheatedVapor,4643469051792944824,4643469051792944824,4617945518466655005,4617945518466655005,false,false,0,0,2,true,true
SEAM,1231,208|R1-SIDE,true,true,REGION-1-NEAR-BOUNDARY-C2,REGION-1-NEAR-BOUNDARY-C2,SubcooledLiquid,SubcooledLiquid,4643469179975960384,4643469179975960384,4617946590876073437,4617946590876073437,false,false,0,0,2,true,true
SEAM,1232,208|R4-LIQUID-SIDE,true,true,REGION-4-MIXTURE-TABLE-C2,REGION-4-MIXTURE-TABLE-C2,SaturatedMixture,SaturatedMixture,4643469180399208968,4643469180399208968,4617946264567769096,4617946264567769096,true,true,4517237007544828867,4517237007544828867,2,true,true
SEAM,1233,208|R4-VAPOR-SIDE,true,true,REGION-4-MIXTURE-TABLE-C2,REGION-4-MIXTURE-TABLE-C2,SaturatedMixture,SaturatedMixture,4643469190814881796,4643469190814881796,4617946322463706894,4617946322463706894,true,true,4607182415903925709,4607182415903925709,2,true,true
SEAM,1234,208|R2-SIDE,true,true,REGION-2-VAPOR-SEAM-C3,REGION-2-VAPOR-SEAM-C3,SuperheatedVapor,SuperheatedVapor,4643469166648685156,4643469166648685156,4617946156201526426,4617946156201526426,false,false,0,0,2,true,true
SEAM,1235,209|R1-SIDE,true,true,REGION-1-NEAR-BOUNDARY-C2,REGION-1-NEAR-BOUNDARY-C2,SubcooledLiquid,SubcooledLiquid,4643469705238158158,4643469705238158158,4617949532930992473,4617949532930992473,false,false,0,0,2,true,true
SEAM,1236,209|R4-LIQUID-SIDE,true,true,REGION-4-MIXTURE-TABLE-C2,REGION-4-MIXTURE-TABLE-C2,SaturatedMixture,SaturatedMixture,4643469705669048794,4643469705669048794,4617949184301374451,4617949184301374451,true,true,4517229797998401567,4517229797998401567,2,true,true
SEAM,1237,209|R4-VAPOR-SIDE,true,true,REGION-4-MIXTURE-TABLE-C2,REGION-4-MIXTURE-TABLE-C2,SaturatedMixture,SaturatedMixture,4643469716889908970,4643469716889908970,4617949246672978638,4617949246672978638,true,true,4607182416377713845,4607182416377713845,2,true,true
SEAM,1238,209|R2-SIDE,true,true,REGION-2-VAPOR-SEAM-C3,REGION-2-VAPOR-SEAM-C3,SuperheatedVapor,SuperheatedVapor,4643469692000428832,4643469692000428832,4617949073900843233,4617949073900843233,false,false,0,0,2,true,true
SEAM,1239,210|R1-SIDE,true,true,REGION-1-NEAR-BOUNDARY-C2,REGION-1-NEAR-BOUNDARY-C2,SubcooledLiquid,SubcooledLiquid,4643469911638830026,4643469911638830026,4617950686434689279,4617950686434689279,false,false,0,0,2,true,true
SEAM,1240,210|R4-LIQUID-SIDE,true,true,REGION-4-MIXTURE-TABLE-C2,REGION-4-MIXTURE-TABLE-C2,SaturatedMixture,SaturatedMixture,4643469912071821962,4643469912071821962,4617950331599519848,4617950331599519848,true,true,4517227781358913678,4517227781358913678,2,true,true
SEAM,1241,210|R4-VAPOR-SIDE,true,true,REGION-4-MIXTURE-TABLE-C2,REGION-4-MIXTURE-TABLE-C2,SaturatedMixture,SaturatedMixture,4643469923516604050,4643469923516604050,4617950395215803008,4617950395215803008,true,true,4607182416509066814,4607182416509066814,2,true,true
SEAM,1242,210|R2-SIDE,true,true,REGION-2-VAPOR-SEAM-C3,REGION-2-VAPOR-SEAM-C3,SuperheatedVapor,SuperheatedVapor,4643469898419979406,4643469898419979406,4617950220573857008,4617950220573857008,false,false,0,0,2,true,true
SEAM,1243,211|R1-SIDE,true,true,REGION-1-NEAR-BOUNDARY-C2,REGION-1-NEAR-BOUNDARY-C2,SubcooledLiquid,SubcooledLiquid,4643470226181183502,4643470226181183502,4617952441518644510,4617952441518644510,false,false,0,0,2,true,true
SEAM,1244,211|R4-LIQUID-SIDE,true,true,REGION-4-MIXTURE-TABLE-C2,REGION-4-MIXTURE-TABLE-C2,SaturatedMixture,SaturatedMixture,4643470226616726118,4643470226616726118,4617952080010065120,4617952080010065120,true,true,4517225587644950291,4517225587644950291,2,true,true
SEAM,1245,211|R4-VAPOR-SIDE,true,true,REGION-4-MIXTURE-TABLE-C2,REGION-4-MIXTURE-TABLE-C2,SaturatedMixture,SaturatedMixture,4643470238302342626,4643470238302342626,4617952144965036120,4617952144965036120,true,true,4607182416651568446,4607182416651568446,2,true,true
SEAM,1246,211|R2-SIDE,true,true,REGION-2-VAPOR-SEAM-C3,REGION-2-VAPOR-SEAM-C3,SuperheatedVapor,SuperheatedVapor,4643470212981964218,4643470212981964218,4617951968297882766,4617951968297882766,false,false,0,0,2,true,true
SEAM,1247,212|R1-SIDE,true,true,REGION-1-NEAR-BOUNDARY-C2,REGION-1-NEAR-BOUNDARY-C2,SubcooledLiquid,SubcooledLiquid,4643470232112300214,4643470232112300214,4617952474580781251,4617952474580781251,false,false,0,0,2,true,true
SEAM,1248,212|R4-LIQUID-SIDE,true,true,REGION-4-MIXTURE-TABLE-C2,REGION-4-MIXTURE-TABLE-C2,SaturatedMixture,SaturatedMixture,4643470232548130372,4643470232548130372,4617952112980015057,4617952112980015057,true,true,4517225550915698569,4517225550915698569,2,true,true
SEAM,1249,212|R4-VAPOR-SIDE,true,true,REGION-4-MIXTURE-TABLE-C2,REGION-4-MIXTURE-TABLE-C2,SaturatedMixture,SaturatedMixture,4643470244236989416,4643470244236989416,4617952177953009828,4617952177953009828,true,true,4607182416654589755,4607182416654589755,2,true,true
SEAM,1250,212|R2-SIDE,true,true,REGION-2-VAPOR-SEAM-C3,REGION-2-VAPOR-SEAM-C3,SuperheatedVapor,SuperheatedVapor,4643470218914220584,4643470218914220584,4617952001264681513,4617952001264681513,false,false,0,0,2,true,true
SEAM,1251,213|R1-SIDE,true,true,REGION-1-NEAR-BOUNDARY-C2,REGION-1-NEAR-BOUNDARY-C2,SubcooledLiquid,SubcooledLiquid,4643470742813721638,4643470742813721638,4617955316927211794,4617955316927211794,false,false,0,0,2,true,true
SEAM,1252,213|R4-LIQUID-SIDE,true,true,REGION-4-MIXTURE-TABLE-C2,REGION-4-MIXTURE-TABLE-C2,SaturatedMixture,SaturatedMixture,4643470743250998370,4643470743250998370,4617954951742519596,4617954951742519596,true,true,4517224309216214000,4517224309216214000,2,true,true
SEAM,1253,213|R4-VAPOR-SIDE,true,true,REGION-4-MIXTURE-TABLE-C2,REGION-4-MIXTURE-TABLE-C2,SaturatedMixture,SaturatedMixture,4643470755069675226,4643470755069675226,4617955017437111926,4617955017437111926,true,true,4607182416732190093,4607182416732190093,2,true,true
SEAM,1254,213|R2-SIDE,true,true,REGION-2-VAPOR-SEAM-C3,REGION-2-VAPOR-SEAM-C3,SuperheatedVapor,SuperheatedVapor,4643470729635542640,4643470729635542640,4617954839722103430,4617954839722103430,false,false,0,0,2,true,true
SEAM,1255,214|R1-SIDE,true,true,REGION-1-NEAR-BOUNDARY-C2,REGION-1-NEAR-BOUNDARY-C2,SubcooledLiquid,SubcooledLiquid,4643470767637866394,4643470767637866394,4617955454862007360,4617955454862007360,false,false,0,0,2,true,true
SEAM,1256,214|R4-LIQUID-SIDE,true,true,REGION-4-MIXTURE-TABLE-C2,REGION-4-MIXTURE-TABLE-C2,SaturatedMixture,SaturatedMixture,4643470768074646582,4643470768074646582,4617955089725770086,4617955089725770086,true,true,4517224331986623557,4517224331986623557,2,true,true
SEAM,1257,214|R4-VAPOR-SIDE,true,true,REGION-4-MIXTURE-TABLE-C2,REGION-4-MIXTURE-TABLE-C2,SaturatedMixture,SaturatedMixture,4643470779892145122,4643470779892145122,4617955155413812694,4617955155413812694,true,true,4607182416732493858,4607182416732493858,2,true,true
SEAM,1258,214|R2-SIDE,true,true,REGION-2-VAPOR-SEAM-C3,REGION-2-VAPOR-SEAM-C3,SuperheatedVapor,SuperheatedVapor,4643470754458347846,4643470754458347846,4617954977700527976,4617954977700527976,false,false,0,0,2,true,true
SEAM,1259,215|R1-SIDE,true,true,REGION-1-NEAR-BOUNDARY-C2,REGION-1-NEAR-BOUNDARY-C2,SubcooledLiquid,SubcooledLiquid,4643471247615268812,4643471247615268812,4617958117732889162,4617958117732889162,false,false,0,0,2,true,true
SEAM,1260,215|R4-LIQUID-SIDE,true,true,REGION-4-MIXTURE-TABLE-C2,REGION-4-MIXTURE-TABLE-C2,SaturatedMixture,SaturatedMixture,4643471248050827318,4643471248050827318,4617957757692743290,4617957757692743290,true,true,4517225866565810226,4517225866565810226,2,true,true
SEAM,1261,215|R4-VAPOR-SIDE,true,true,REGION-4-MIXTURE-TABLE-C2,REGION-4-MIXTURE-TABLE-C2,SaturatedMixture,SaturatedMixture,4643471259684867910,4643471259684867910,4617957822361027512,4617957822361027512,true,true,4607182416625678197,4607182416625678197,2,true,true
SEAM,1262,215|R2-SIDE,true,true,REGION-2-VAPOR-SEAM-C3,REGION-2-VAPOR-SEAM-C3,SuperheatedVapor,SuperheatedVapor,4643471234401399094,4643471234401399094,4617957645962637693,4617957645962637693,false,false,0,0,2,true,true
SEAM,1263,216|R1-SIDE,true,true,REGION-1-NEAR-BOUNDARY-C2,REGION-1-NEAR-BOUNDARY-C2,SubcooledLiquid,SubcooledLiquid,4643471632788194614,4643471632788194614,4617960248984556320,4617960248984556320,false,false,0,0,2,true,true
SEAM,1264,216|R4-LIQUID-SIDE,true,true,REGION-4-MIXTURE-TABLE-C2,REGION-4-MIXTURE-TABLE-C2,SaturatedMixture,SaturatedMixture,4643471633220833534,4643471633220833534,4617959898675768896,4617959898675768896,true,true,4517228908965225556,4517228908965225556,2,true,true
SEAM,1265,216|R4-VAPOR-SIDE,true,true,REGION-4-MIXTURE-TABLE-C2,REGION-4-MIXTURE-TABLE-C2,SaturatedMixture,SaturatedMixture,4643471644504377198,4643471644504377198,4617959961395801786,4617959961395801786,true,true,4607182416421934798,4607182416421934798,2,true,true
SEAM,1266,216|R2-SIDE,true,true,REGION-2-VAPOR-SEAM-C3,REGION-2-VAPOR-SEAM-C3,SuperheatedVapor,SuperheatedVapor,4643471619541253686,4643471619541253686,4617959787848130129,4617959787848130129,false,false,0,0,2,true,true
SEAM,1267,217|R1-SIDE,true,true,REGION-1-NEAR-BOUNDARY-C2,REGION-1-NEAR-BOUNDARY-C2,SubcooledLiquid,SubcooledLiquid,4643471672087831858,4643471672087831858,4617960466155831634,4617960466155831634,false,false,0,0,2,true,true
SEAM,1268,217|R4-LIQUID-SIDE,true,true,REGION-4-MIXTURE-TABLE-C2,REGION-4-MIXTURE-TABLE-C2,SaturatedMixture,SaturatedMixture,4643471672520046902,4643471672520046902,4617960117122032580,4617960117122032580,true,true,4517229310793541593,4517229310793541593,2,true,true
SEAM,1269,217|R4-VAPOR-SIDE,true,true,REGION-4-MIXTURE-TABLE-C2,REGION-4-MIXTURE-TABLE-C2,SaturatedMixture,SaturatedMixture,4643471683757748490,4643471683757748490,4617960179587250454,4617960179587250454,true,true,4607182416395790212,4607182416395790212,2,true,true
SEAM,1270,217|R2-SIDE,true,true,REGION-2-VAPOR-SEAM-C3,REGION-2-VAPOR-SEAM-C3,SuperheatedVapor,SuperheatedVapor,4643471658840618514,4643471658840618514,4617960006451160470,4617960006451160470,false,false,0,0,2,true,true
SEAM,1271,218|R1-SIDE,true,true,REGION-1-NEAR-BOUNDARY-C2,REGION-1-NEAR-BOUNDARY-C2,SubcooledLiquid,SubcooledLiquid,4643472506926251578,4643472506926251578,4617965067144586357,4617965067144586357,false,false,0,0,2,true,true
SEAM,1272,218|R4-LIQUID-SIDE,true,true,REGION-4-MIXTURE-TABLE-C2,REGION-4-MIXTURE-TABLE-C2,SaturatedMixture,SaturatedMixture,4643472507345417458,4643472507345417458,4617964757532549677,4617964757532549677,true,true,4517241818628462923,4517241818628462923,2,true,true
SEAM,1273,218|R4-VAPOR-SIDE,true,true,REGION-4-MIXTURE-TABLE-C2,REGION-4-MIXTURE-TABLE-C2,SaturatedMixture,SaturatedMixture,4643472517162165390,4643472517162165390,4617964812099339280,4617964812099339280,true,true,4607182415561821570,4607182415561821570,2,true,true
SEAM,1274,218|R2-SIDE,true,true,REGION-2-VAPOR-SEAM-C3,REGION-2-VAPOR-SEAM-C3,SuperheatedVapor,SuperheatedVapor,4643472493530658124,4643472493530658124,4617964650442917335,4617964650442917335,false,false,0,0,2,true,true
SEAM,1275,219|R1-SIDE,true,true,REGION-1-NEAR-BOUNDARY-C2,REGION-1-NEAR-BOUNDARY-C2,SubcooledLiquid,SubcooledLiquid,4643473387695211472,4643473387695211472,4617969895707190845,4617969895707190845,false,false,0,0,2,true,true
SEAM,1276,219|R4-LIQUID-SIDE,true,true,REGION-4-MIXTURE-TABLE-C2,REGION-4-MIXTURE-TABLE-C2,SaturatedMixture,SaturatedMixture,4643473388092855600,4643473388092855600,4617969653202732926,4617969653202732926,true,true,4517263242403254571,4517263242403254571,2,true,true
SEAM,1277,219|R4-VAPOR-SIDE,true,true,REGION-4-MIXTURE-TABLE-C2,REGION-4-MIXTURE-TABLE-C2,SaturatedMixture,SaturatedMixture,4643473395488978412,4643473395488978412,4617969694314380074,4617969694314380074,true,true,4607182414142114649,4607182414142114649,2,true,true
SEAM,1278,219|R2-SIDE,true,true,REGION-2-VAPOR-SEAM-C3,REGION-2-VAPOR-SEAM-C3,SuperheatedVapor,SuperheatedVapor,4643473374031845966,4643473374031845966,4617969552107769254,4617969552107769254,false,false,0,0,2,true,true
SEAM,1279,220|R1-SIDE,true,true,REGION-1-NEAR-BOUNDARY-C2,REGION-1-NEAR-BOUNDARY-C2,SubcooledLiquid,SubcooledLiquid,4643474273336425992,4643474273336425992,4617974724567483391,4617974724567483391,false,false,0,0,2,true,true
SEAM,1280,220|R4-LIQUID-SIDE,true,true,REGION-4-MIXTURE-TABLE-C2,REGION-4-MIXTURE-TABLE-C2,SaturatedMixture,SaturatedMixture,4643474273702303598,4643474273702303598,4617974575898594178,4617974575898594178,true,true,4517293377752529749,4517293377752529749,2,true,true
SEAM,1281,220|R4-VAPOR-SIDE,true,true,REGION-4-MIXTURE-TABLE-C2,REGION-4-MIXTURE-TABLE-C2,SaturatedMixture,SaturatedMixture,4643474277713321518,4643474277713321518,4617974598193999170,4617974598193999170,true,true,4607182412151985904,4607182412151985904,2,true,true
SEAM,1282,220|R2-SIDE,true,true,REGION-2-VAPOR-SEAM-C3,REGION-2-VAPOR-SEAM-C3,SuperheatedVapor,SuperheatedVapor,4643474259322320676,4643474259322320676,4617974483449444619,4617974483449444619,false,false,0,0,2,true,true
SEAM,1283,221|R1-SIDE,true,true,REGION-1-NEAR-BOUNDARY-C2,REGION-1-NEAR-BOUNDARY-C2,SubcooledLiquid,SubcooledLiquid,4643475164045479284,4643475164045479284,4617979576116695969,4617979576116695969,false,false,0,0,2,true,true
SEAM,1284,221|R4-LIQUID-SIDE,true,true,REGION-4-MIXTURE-TABLE-C2,REGION-4-MIXTURE-TABLE-C2,SaturatedMixture,SaturatedMixture,4643475164377119728,4643475164377119728,4617979528932032741,4617979528932032741,true,true,4517326038439493994,4517326038439493994,2,true,true
SEAM,1285,221|R4-VAPOR-SIDE,true,true,REGION-4-MIXTURE-TABLE-C2,REGION-4-MIXTURE-TABLE-C2,SaturatedMixture,SaturatedMixture,4643475164728420302,4643475164728420302,4617979530896403892,4617979530896403892,true,true,4607182410000566148,4607182410000566148,2,true,true
SEAM,1286,221|R2-SIDE,true,true,REGION-2-VAPOR-SEAM-C3,REGION-2-VAPOR-SEAM-C3,SuperheatedVapor,SuperheatedVapor,4643475149634423176,4643475149634423176,4617979445681583925,4617979445681583925,false,false,0,0,2,true,true
SEAM,1287,222|R1-SIDE,true,true,REGION-1-NEAR-BOUNDARY-C2,REGION-1-NEAR-BOUNDARY-C2,SubcooledLiquid,SubcooledLiquid,4643476056384894936,4643476056384894936,4617984683937176842,4617984683937176842,false,false,0,0,2,true,true
SEAM,1288,222|R4-LIQUID-SIDE,true,true,REGION-4-MIXTURE-TABLE-C2,REGION-4-MIXTURE-TABLE-C2,SaturatedMixture,SaturatedMixture,4643476056756887854,4643476056756887854,4617984518861459661,4617984518861459661,true,true,4517287933632140526,4517287933632140526,2,true,true
SEAM,1289,222|R4-VAPOR-SIDE,true,true,REGION-4-MIXTURE-TABLE-C2,REGION-4-MIXTURE-TABLE-C2,SaturatedMixture,SaturatedMixture,4643476061352904136,4643476061352904136,4617984544561052726,4617984544561052726,true,true,4607182412519753166,4607182412519753166,2,true,true
SEAM,1290,222|R2-SIDE,true,true,REGION-2-VAPOR-SEAM-C3,REGION-2-VAPOR-SEAM-C3,SuperheatedVapor,SuperheatedVapor,4643476042423588426,4643476042423588426,4617984424769581535,4617984424769581535,false,false,0,0,2,true,true
SEAM,1291,223|R1-SIDE,true,true,REGION-1-NEAR-BOUNDARY-C2,REGION-1-NEAR-BOUNDARY-C2,SubcooledLiquid,SubcooledLiquid,4643476951334287352,4643476951334287352,4617989779328497974,4617989779328497974,false,false,0,0,2,true,true
SEAM,1292,223|R4-LIQUID-SIDE,true,true,REGION-4-MIXTURE-TABLE-C2,REGION-4-MIXTURE-TABLE-C2,SaturatedMixture,SaturatedMixture,4643476951738105212,4643476951738105212,4617989523337437930,4617989523337437930,true,true,4517258418203676389,4517258418203676389,2,true,true
SEAM,1293,223|R4-VAPOR-SIDE,true,true,REGION-4-MIXTURE-TABLE-C2,REGION-4-MIXTURE-TABLE-C2,SaturatedMixture,SaturatedMixture,4643476959608300642,4643476959608300642,4617989567345293261,4617989567345293261,true,true,4607182414465362953,4607182414465362953,2,true,true
SEAM,1294,223|R2-SIDE,true,true,REGION-2-VAPOR-SEAM-C3,REGION-2-VAPOR-SEAM-C3,SuperheatedVapor,SuperheatedVapor,4643476937712340442,4643476937712340442,4617989420786196991,4617989420786196991,false,false,0,0,2,true,true
SEAM,1295,224|R1-SIDE,true,true,REGION-1-NEAR-BOUNDARY-C2,REGION-1-NEAR-BOUNDARY-C2,SubcooledLiquid,SubcooledLiquid,4643477848062427134,4643477848062427134,4617994857409072404,4617994857409072404,false,false,0,0,2,true,true
SEAM,1296,224|R4-LIQUID-SIDE,true,true,REGION-4-MIXTURE-TABLE-C2,REGION-4-MIXTURE-TABLE-C2,SaturatedMixture,SaturatedMixture,4643477848488433976,4643477848488433976,4617994537705775200,4617994537705775200,true,true,4517237635640182498,4517237635640182498,2,true,true
SEAM,1297,224|R4-VAPOR-SIDE,true,true,REGION-4-MIXTURE-TABLE-C2,REGION-4-MIXTURE-TABLE-C2,SaturatedMixture,SaturatedMixture,4643477858654075172,4643477858654075172,4617994594549099008,4617994594549099008,true,true,4607182415828890751,4607182415828890751,2,true,true
SEAM,1298,224|R2-SIDE,true,true,REGION-2-VAPOR-SEAM-C3,REGION-2-VAPOR-SEAM-C3,SuperheatedVapor,SuperheatedVapor,4643477834679305452,4643477834679305452,4617994429210740207,4617994429210740207,false,false,0,0,2,true,true
SEAM,1299,225|R1-SIDE,true,true,REGION-1-NEAR-BOUNDARY-C2,REGION-1-NEAR-BOUNDARY-C2,SubcooledLiquid,SubcooledLiquid,4643478744830563100,4643478744830563100,4617999908301752543,4617999908301752543,false,false,0,0,2,true,true
SEAM,1300,225|R4-LIQUID-SIDE,true,true,REGION-4-MIXTURE-TABLE-C2,REGION-4-MIXTURE-TABLE-C2,SaturatedMixture,SaturatedMixture,4643478745269656746,4643478745269656746,4617999552246862808,4617999552246862808,true,true,4517225668168651780,4517225668168651780,2,true,true
SEAM,1301,225|R4-VAPOR-SIDE,true,true,REGION-4-MIXTURE-TABLE-C2,REGION-4-MIXTURE-TABLE-C2,SaturatedMixture,SaturatedMixture,4643478756746002658,4643478756746002658,4617999616419268128,4617999616419268128,true,true,4607182416612185956,4607182416612185956,2,true,true
SEAM,1302,225|R2-SIDE,true,true,REGION-2-VAPOR-SEAM-C3,REGION-2-VAPOR-SEAM-C3,SuperheatedVapor,SuperheatedVapor,4643478731585434690,4643478731585434690,4617999440344309042,4617999440344309042,false,false,0,0,2,true,true
SEAM,1303,226|R1-SIDE,true,true,REGION-1-NEAR-BOUNDARY-C2,REGION-1-NEAR-BOUNDARY-C2,SubcooledLiquid,SubcooledLiquid,4643479642237715096,4643479642237715096,4618004935402123193,4618004935402123193,false,false,0,0,2,true,true
SEAM,1304,226|R4-LIQUID-SIDE,true,true,REGION-4-MIXTURE-TABLE-C2,REGION-4-MIXTURE-TABLE-C2,SaturatedMixture,SaturatedMixture,4643479642680939142,4643479642680939142,4618004570311061516,4618004570311061516,true,true,4517222543609537699,4517222543609537699,2,true,true
SEAM,1305,226|R4-VAPOR-SIDE,true,true,REGION-4-MIXTURE-TABLE-C2,REGION-4-MIXTURE-TABLE-C2,SaturatedMixture,SaturatedMixture,4643479654483656370,4643479654483656370,4618004636308440792,4618004636308440792,true,true,4607182416810280779,4607182416810280779,2,true,true
SEAM,1306,226|R2-SIDE,true,true,REGION-2-VAPOR-SEAM-C3,REGION-2-VAPOR-SEAM-C3,SuperheatedVapor,SuperheatedVapor,4643479629016710068,4643479629016710068,4618004457416571144,4618004457416571144,false,false,0,0,2,true,true
SEAM,1307,227|R1-SIDE,true,true,REGION-1-NEAR-BOUNDARY-C2,REGION-1-NEAR-BOUNDARY-C2,SubcooledLiquid,SubcooledLiquid,4643480538498084872,4643480538498084872,4618009928782509678,4618009928782509678,false,false,0,0,2,true,true
SEAM,1308,227|R4-LIQUID-SIDE,true,true,REGION-4-MIXTURE-TABLE-C2,REGION-4-MIXTURE-TABLE-C2,SaturatedMixture,SaturatedMixture,4643480538935287470,4643480538935287470,4618009581906019720,4618009581906019720,true,true,4517228317272935161,4517228317272935161,2,true,true
SEAM,1309,227|R4-VAPOR-SIDE,true,true,REGION-4-MIXTURE-TABLE-C2,REGION-4-MIXTURE-TABLE-C2,SaturatedMixture,SaturatedMixture,4643480550083034158,4643480550083034158,4618009644240993254,4618009644240993254,true,true,4607182416425703013,4607182416425703013,2,true,true
SEAM,1310,227|R2-SIDE,true,true,REGION-2-VAPOR-SEAM-C3,REGION-2-VAPOR-SEAM-C3,SuperheatedVapor,SuperheatedVapor,4643480525212861428,4643480525212861428,4618009470678821410,4618009470678821410,false,false,0,0,2,true,true
SEAM,1311,228|R1-SIDE,true,true,REGION-1-NEAR-BOUNDARY-C2,REGION-1-NEAR-BOUNDARY-C2,SubcooledLiquid,SubcooledLiquid,4643481433313242372,4643481433313242372,4618014886951173866,4618014886951173866,false,false,0,0,2,true,true
SEAM,1312,228|R4-LIQUID-SIDE,true,true,REGION-4-MIXTURE-TABLE-C2,REGION-4-MIXTURE-TABLE-C2,SaturatedMixture,SaturatedMixture,4643481433736201178,4643481433736201178,4618014585373792114,4618014585373792114,true,true,4517242934777652548,4517242934777652548,2,true,true
SEAM,1313,228|R4-VAPOR-SIDE,true,true,REGION-4-MIXTURE-TABLE-C2,REGION-4-MIXTURE-TABLE-C2,SaturatedMixture,SaturatedMixture,4643481443251141378,4643481443251141378,4618014638578584289,4618014638578584289,true,true,4607182415457440266,4607182415457440266,2,true,true
SEAM,1314,228|R2-SIDE,true,true,REGION-2-VAPOR-SEAM-C3,REGION-2-VAPOR-SEAM-C3,SuperheatedVapor,SuperheatedVapor,4643481419838320526,4643481419838320526,4618014478102025236,4618014478102025236,false,false,0,0,2,true,true
SEAM,1315,229|R1-SIDE,true,true,REGION-1-NEAR-BOUNDARY-C2,REGION-1-NEAR-BOUNDARY-C2,SubcooledLiquid,SubcooledLiquid,4643482326615915108,4643482326615915108,4618019809722267746,4618019809722267746,false,false,0,0,2,true,true
SEAM,1316,229|R4-LIQUID-SIDE,true,true,REGION-4-MIXTURE-TABLE-C2,REGION-4-MIXTURE-TABLE-C2,SaturatedMixture,SaturatedMixture,4643482327014200704,4643482327014200704,4618019580325869099,4618019580325869099,true,true,4517266431938918678,4517266431938918678,2,true,true
SEAM,1317,229|R4-VAPOR-SIDE,true,true,REGION-4-MIXTURE-TABLE-C2,REGION-4-MIXTURE-TABLE-C2,SaturatedMixture,SaturatedMixture,4643482333927285650,4643482333927285650,4618019618981839623,4618019618981839623,true,true,4607182413910631664,4607182413910631664,2,true,true
SEAM,1318,229|R2-SIDE,true,true,REGION-2-VAPOR-SEAM-C3,REGION-2-VAPOR-SEAM-C3,SuperheatedVapor,SuperheatedVapor,4643482312875349990,4643482312875349990,4618019479753625172,4618019479753625172,false,false,0,0,2,true,true
SEAM,1319,230|R1-SIDE,true,true,REGION-1-NEAR-BOUNDARY-C2,REGION-1-NEAR-BOUNDARY-C2,SubcooledLiquid,SubcooledLiquid,4643483216780495956,4643483216780495956,4618024688400083919,4618024688400083919,false,false,0,0,2,true,true
SEAM,1320,230|R4-LIQUID-SIDE,true,true,REGION-4-MIXTURE-TABLE-C2,REGION-4-MIXTURE-TABLE-C2,SaturatedMixture,SaturatedMixture,4643483217145135410,4643483217145135410,4618024557680470330,4618024557680470330,true,true,4517298695151217408,4517298695151217408,2,true,true
SEAM,1321,230|R4-VAPOR-SIDE,true,true,REGION-4-MIXTURE-TABLE-C2,REGION-4-MIXTURE-TABLE-C2,SaturatedMixture,SaturatedMixture,4643483220499606566,4643483220499606566,4618024576437702317,4618024576437702317,true,true,4607182411792603353,4607182411792603353,2,true,true
SEAM,1322,230|R2-SIDE,true,true,REGION-2-VAPOR-SEAM-C3,REGION-2-VAPOR-SEAM-C3,SuperheatedVapor,SuperheatedVapor,4643483202644977452,4643483202644977452,4618024466004702364,4618024466004702364,false,false,0,0,2,true,true
SEAM,1323,231|R1-SIDE,true,true,REGION-1-NEAR-BOUNDARY-C2,REGION-1-NEAR-BOUNDARY-C2,SubcooledLiquid,SubcooledLiquid,4643484104191063074,4643484104191063074,4618029594970380254,4618029594970380254,false,false,0,0,2,true,true
SEAM,1324,231|R4-LIQUID-SIDE,true,true,REGION-4-MIXTURE-TABLE-C2,REGION-4-MIXTURE-TABLE-C2,SaturatedMixture,SaturatedMixture,4643484104534291534,4643484104534291534,4618029526692557030,4618029526692557030,true,true,4517319128030687454,4517319128030687454,2,true,true
SEAM,1325,231|R4-VAPOR-SIDE,true,true,REGION-4-MIXTURE-TABLE-C2,REGION-4-MIXTURE-TABLE-C2,SaturatedMixture,SaturatedMixture,4643484105637031998,4643484105637031998,4618029532895490813,4618029532895490813,true,true,4607182410455304126,4607182410455304126,2,true,true
SEAM,1326,231|R2-SIDE,true,true,REGION-2-VAPOR-SEAM-C3,REGION-2-VAPOR-SEAM-C3,SuperheatedVapor,SuperheatedVapor,4643484089826018322,4643484089826018322,4618029440834403988,4618029440834403988,false,false,0,0,2,true,true
SEAM,1327,232|R1-SIDE,true,true,REGION-1-NEAR-BOUNDARY-C2,REGION-1-NEAR-BOUNDARY-C2,SubcooledLiquid,SubcooledLiquid,4643484987264394844,4643484987264394844,4618034674967725812,4618034674967725812,false,false,0,0,2,true,true
SEAM,1328,232|R4-LIQUID-SIDE,true,true,REGION-4-MIXTURE-TABLE-C2,REGION-4-MIXTURE-TABLE-C2,SaturatedMixture,SaturatedMixture,4643484987647404470,4643484987647404470,4618034494218772478,4618034494218772478,true,true,4517282095666818860,4517282095666818860,2,true,true
SEAM,1329,232|R4-VAPOR-SIDE,true,true,REGION-4-MIXTURE-TABLE-C2,REGION-4-MIXTURE-TABLE-C2,SaturatedMixture,SaturatedMixture,4643484992797672696,4643484992797672696,4618034523189118464,4618034523189118464,true,true,4607182412888683690,4607182412888683690,2,true,true
SEAM,1330,232|R2-SIDE,true,true,REGION-2-VAPOR-SEAM-C3,REGION-2-VAPOR-SEAM-C3,SuperheatedVapor,SuperheatedVapor,4643484973313919340,4643484973313919340,4618034397823243629,4618034397823243629,false,false,0,0,2,true,true
SEAM,1331,233|R1-SIDE,true,true,REGION-1-NEAR-BOUNDARY-C2,REGION-1-NEAR-BOUNDARY-C2,SubcooledLiquid,SubcooledLiquid,4643485866229374738,4643485866229374738,4618039704832811407,4618039704832811407,false,false,0,0,2,true,true
SEAM,1332,233|R4-LIQUID-SIDE,true,true,REGION-4-MIXTURE-TABLE-C2,REGION-4-MIXTURE-TABLE-C2,SaturatedMixture,SaturatedMixture,4643485866641900130,4643485866641900130,4618039438577695981,4618039438577695981,true,true,4517253850767842961,4517253850767842961,2,true,true
SEAM,1333,233|R4-VAPOR-SIDE,true,true,REGION-4-MIXTURE-TABLE-C2,REGION-4-MIXTURE-TABLE-C2,SaturatedMixture,SaturatedMixture,4643485874870735624,4643485874870735624,4618039484865034998,4618039484865034998,true,true,4607182414737732091,4607182414737732091,2,true,true
SEAM,1334,233|R2-SIDE,true,true,REGION-2-VAPOR-SEAM-C3,REGION-2-VAPOR-SEAM-C3,SuperheatedVapor,SuperheatedVapor,4643485852614270294,4643485852614270294,4618039334339625856,4618039334339625856,false,false,0,0,2,true,true
SEAM,1335,234|R1-SIDE,true,true,REGION-1-NEAR-BOUNDARY-C2,REGION-1-NEAR-BOUNDARY-C2,SubcooledLiquid,SubcooledLiquid,4643486741530090838,4643486741530090838,4618044687507264922,4618044687507264922,false,false,0,0,2,true,true
SEAM,1336,234|R4-LIQUID-SIDE,true,true,REGION-4-MIXTURE-TABLE-C2,REGION-4-MIXTURE-TABLE-C2,SaturatedMixture,SaturatedMixture,4643486741964362322,4643486741964362322,4618044362281369066,4618044362281369066,true,true,4517234238278763625,4517234238278763625,2,true,true
SEAM,1337,234|R4-VAPOR-SIDE,true,true,REGION-4-MIXTURE-TABLE-C2,REGION-4-MIXTURE-TABLE-C2,SaturatedMixture,SaturatedMixture,4643486752316980526,4643486752316980526,4618044420515021762,4618044420515021762,true,true,4607182416021035608,4607182416021035608,2,true,true
SEAM,1338,234|R2-SIDE,true,true,REGION-2-VAPOR-SEAM-C3,REGION-2-VAPOR-SEAM-C3,SuperheatedVapor,SuperheatedVapor,4643486728125179342,4643486728125179342,4618044252403917292,4618044252403917292,false,false,0,0,2,true,true
SEAM,1339,235|R1-SIDE,true,true,REGION-1-NEAR-BOUNDARY-C2,REGION-1-NEAR-BOUNDARY-C2,SubcooledLiquid,SubcooledLiquid,4643487611544069330,4643487611544069330,4618049614205081950,4618049614205081950,false,false,0,0,2,true,true
SEAM,1340,235|R4-LIQUID-SIDE,true,true,REGION-4-MIXTURE-TABLE-C2,REGION-4-MIXTURE-TABLE-C2,SaturatedMixture,SaturatedMixture,4643487611989961776,4643487611989961776,4618049256190099500,4618049256190099500,true,true,4517223247889206698,4517223247889206698,2,true,true
SEAM,1341,235|R4-VAPOR-SIDE,true,true,REGION-4-MIXTURE-TABLE-C2,REGION-4-MIXTURE-TABLE-C2,SaturatedMixture,SaturatedMixture,4643487623524330096,4643487623524330096,4618049321071116643,4618049321071116643,true,true,4607182416732412631,4607182416732412631,2,true,true
SEAM,1342,235|R2-SIDE,true,true,REGION-2-VAPOR-SEAM-C3,REGION-2-VAPOR-SEAM-C3,SuperheatedVapor,SuperheatedVapor,4643487598274201608,4643487598274201608,4618049143320455869,4618049143320455869,false,false,0,0,2,true,true
SEAM,1343,236|R1-SIDE,true,true,REGION-1-NEAR-BOUNDARY-C2,REGION-1-NEAR-BOUNDARY-C2,SubcooledLiquid,SubcooledLiquid,4643488476737864814,4643488476737864814,4618054488066022208,4618054488066022208,false,false,0,0,2,true,true
SEAM,1344,236|R4-LIQUID-SIDE,true,true,REGION-4-MIXTURE-TABLE-C2,REGION-4-MIXTURE-TABLE-C2,SaturatedMixture,SaturatedMixture,4643488477186737622,4643488477186737622,4618054122936615416,4618054122936615416,true,true,4517220722619051492,4517220722619051492,2,true,true
SEAM,1345,236|R4-VAPOR-SIDE,true,true,REGION-4-MIXTURE-TABLE-C2,REGION-4-MIXTURE-TABLE-C2,SaturatedMixture,SaturatedMixture,4643488488978843128,4643488488978843128,4618054189267408567,4618054189267408567,true,true,4607182416893879324,4607182416893879324,2,true,true
SEAM,1346,236|R2-SIDE,true,true,REGION-2-VAPOR-SEAM-C3,REGION-2-VAPOR-SEAM-C3,SuperheatedVapor,SuperheatedVapor,4643488463477283840,4643488463477283840,4618054009182834361,4618054009182834361,false,false,0,0,2,true,true
SEAM,1347,237|R1-SIDE,true,true,REGION-1-NEAR-BOUNDARY-C2,REGION-1-NEAR-BOUNDARY-C2,SubcooledLiquid,SubcooledLiquid,4643489337135586408,4643489337135586408,4618059309697803220,4618059309697803220,false,false,0,0,2,true,true
SEAM,1348,237|R4-LIQUID-SIDE,true,true,REGION-4-MIXTURE-TABLE-C2,REGION-4-MIXTURE-TABLE-C2,SaturatedMixture,SaturatedMixture,4643489337579082476,4643489337579082476,4618058962658125611,4618058962658125611,true,true,4517226545931005522,4517226545931005522,2,true,true
SEAM,1349,237|R4-VAPOR-SIDE,true,true,REGION-4-MIXTURE-TABLE-C2,REGION-4-MIXTURE-TABLE-C2,SaturatedMixture,SaturatedMixture,4643489348719972630,4643489348719972630,4618059025325821416,4618059025325821416,true,true,4607182416503385171,4607182416503385171,2,true,true
SEAM,1350,237|R2-SIDE,true,true,REGION-2-VAPOR-SEAM-C3,REGION-2-VAPOR-SEAM-C3,SuperheatedVapor,SuperheatedVapor,4643489323816919792,4643489323816919792,4618058850619005594,4618058850619005594,false,false,0,0,2,true,true
SEAM,1351,238|R1-SIDE,true,true,REGION-1-NEAR-BOUNDARY-C2,REGION-1-NEAR-BOUNDARY-C2,SubcooledLiquid,SubcooledLiquid,4643490192325256172,4643490192325256172,4618064077276594205,4618064077276594205,false,false,0,0,2,true,true
SEAM,1352,238|R4-LIQUID-SIDE,true,true,REGION-4-MIXTURE-TABLE-C2,REGION-4-MIXTURE-TABLE-C2,SaturatedMixture,SaturatedMixture,4643490192754629922,4643490192754629922,4618063773035062040,4618063773035062040,true,true,4517240608723604478,4517240608723604478,2,true,true
SEAM,1353,238|R4-VAPOR-SIDE,true,true,REGION-4-MIXTURE-TABLE-C2,REGION-4-MIXTURE-TABLE-C2,SaturatedMixture,SaturatedMixture,4643490202354022914,4643490202354022914,4618063827031810196,4618063827031810196,true,true,4607182415578460416,4607182415578460416,2,true,true
SEAM,1354,238|R2-SIDE,true,true,REGION-2-VAPOR-SEAM-C3,REGION-2-VAPOR-SEAM-C3,SuperheatedVapor,SuperheatedVapor,4643490178830939392,4643490178830939392,4618063664786531892,4618063664786531892,false,false,0,0,2,true,true
SEAM,1355,239|R1-SIDE,true,true,REGION-1-NEAR-BOUNDARY-C2,REGION-1-NEAR-BOUNDARY-C2,SubcooledLiquid,SubcooledLiquid,4643491042131888848,4643491042131888848,4618068790333011332,4618068790333011332,false,false,0,0,2,true,true
SEAM,1356,239|R4-LIQUID-SIDE,true,true,REGION-4-MIXTURE-TABLE-C2,REGION-4-MIXTURE-TABLE-C2,SaturatedMixture,SaturatedMixture,4643491042538163930,4643491042538163930,4618068553081831595,4618068553081831595,true,true,4517262789900687061,4517262789900687061,2,true,true
SEAM,1357,239|R4-VAPOR-SIDE,true,true,REGION-4-MIXTURE-TABLE-C2,REGION-4-MIXTURE-TABLE-C2,SaturatedMixture,SaturatedMixture,4643491049723872616,4643491049723872616,4618068593501564656,4618068593501564656,true,true,4607182414126356455,4607182414126356455,2,true,true
SEAM,1358,239|R2-SIDE,true,true,REGION-2-VAPOR-SEAM-C3,REGION-2-VAPOR-SEAM-C3,SuperheatedVapor,SuperheatedVapor,4643491028381504774,4643491028381504774,4618068450989567297,4618068450989567297,false,false,0,0,2,true,true
SEAM,1359,240|R1-SIDE,true,true,REGION-1-NEAR-BOUNDARY-C2,REGION-1-NEAR-BOUNDARY-C2,SubcooledLiquid,SubcooledLiquid,4643491886397321148,4643491886397321148,4618073448505778379,4618073448505778379,false,false,0,0,2,true,true
SEAM,1360,240|R4-LIQUID-SIDE,true,true,REGION-4-MIXTURE-TABLE-C2,REGION-4-MIXTURE-TABLE-C2,SaturatedMixture,SaturatedMixture,4643491886772418446,4643491886772418446,4618073301913810022,4618073301913810022,true,true,4517292936270187640,4517292936270187640,2,true,true
SEAM,1361,240|R4-VAPOR-SIDE,true,true,REGION-4-MIXTURE-TABLE-C2,REGION-4-MIXTURE-TABLE-C2,SaturatedMixture,SaturatedMixture,4643491890689770852,4643491890689770852,4618073323948983636,4618073323948983636,true,true,4607182412155012481,4607182412155012481,2,true,true
SEAM,1362,240|R2-SIDE,true,true,REGION-2-VAPOR-SEAM-C3,REGION-2-VAPOR-SEAM-C3,SuperheatedVapor,SuperheatedVapor,4643491872295631552,4643491872295631552,4618073208138937842,4618073208138937842,false,false,0,0,2,true,true
SEAM,1363,241|R1-SIDE,true,true,REGION-1-NEAR-BOUNDARY-C2,REGION-1-NEAR-BOUNDARY-C2,SubcooledLiquid,SubcooledLiquid,4643492724946106640,4643492724946106640,4618078062700838759,4618078062700838759,false,false,0,0,2,true,true
SEAM,1364,241|R4-LIQUID-SIDE,true,true,REGION-4-MIXTURE-TABLE-C2,REGION-4-MIXTURE-TABLE-C2,SaturatedMixture,SaturatedMixture,4643492725284970868,4643492725284970868,4618078019714534372,4618078019714534372,true,true,4517327475331582839,4517327475331582839,2,true,true
SEAM,1365,241|R4-VAPOR-SIDE,true,true,REGION-4-MIXTURE-TABLE-C2,REGION-4-MIXTURE-TABLE-C2,SaturatedMixture,SaturatedMixture,4643492725469812010,4643492725469812010,4618078020760450538,4618078020760450538,true,true,4607182409904540423,4607182409904540423,2,true,true
SEAM,1366,241|R2-SIDE,true,true,REGION-2-VAPOR-SEAM-C3,REGION-2-VAPOR-SEAM-C3,SuperheatedVapor,SuperheatedVapor,4643492710430885940,4643492710430885940,4618077935347652259,4618077935347652259,false,false,0,0,2,true,true
SEAM,1367,242|R1-SIDE,true,true,REGION-1-NEAR-BOUNDARY-C2,REGION-1-NEAR-BOUNDARY-C2,SubcooledLiquid,SubcooledLiquid,4643493556783405534,4643493556783405534,4618082881523613631,4618082881523613631,false,false,0,0,2,true,true
SEAM,1368,242|R4-LIQUID-SIDE,true,true,REGION-4-MIXTURE-TABLE-C2,REGION-4-MIXTURE-TABLE-C2,SaturatedMixture,SaturatedMixture,4643493557162293838,4643493557162293838,4618082726858848206,4618082726858848206,true,true,4517290085126426574,4517290085126426574,2,true,true
SEAM,1369,242|R4-VAPOR-SIDE,true,true,REGION-4-MIXTURE-TABLE-C2,REGION-4-MIXTURE-TABLE-C2,SaturatedMixture,SaturatedMixture,4643493561364242524,4643493561364242524,4618082750635405520,4618082750635405520,true,true,4607182412350197763,4607182412350197763,2,true,true
SEAM,1370,242|R2-SIDE,true,true,REGION-2-VAPOR-SEAM-C3,REGION-2-VAPOR-SEAM-C3,SuperheatedVapor,SuperheatedVapor,4643493542706474720,4643493542706474720,4618082632233878783,4618082632233878783,false,false,0,0,2,true,true
SEAM,1371,243|R1-SIDE,true,true,REGION-1-NEAR-BOUNDARY-C2,REGION-1-NEAR-BOUNDARY-C2,SubcooledLiquid,SubcooledLiquid,4643494382735590142,4643494382735590142,4618087642810340019,4618087642810340019,false,false,0,0,2,true,true
SEAM,1372,243|R4-LIQUID-SIDE,true,true,REGION-4-MIXTURE-TABLE-C2,REGION-4-MIXTURE-TABLE-C2,SaturatedMixture,SaturatedMixture,4643494383145307684,4643494383145307684,4618087400650451306,4618087400650451306,true,true,4517260702489987992,4517260702489987992,2,true,true
SEAM,1373,243|R4-VAPOR-SIDE,true,true,REGION-4-MIXTURE-TABLE-C2,REGION-4-MIXTURE-TABLE-C2,SaturatedMixture,SaturatedMixture,4643494390495592280,4643494390495592280,4618087442241740554,4618087442241740554,true,true,4607182414264362620,4607182414264362620,2,true,true
SEAM,1374,243|R2-SIDE,true,true,REGION-2-VAPOR-SEAM-C3,REGION-2-VAPOR-SEAM-C3,SuperheatedVapor,SuperheatedVapor,4643494368988114918,4643494368988114918,4618087297839597029,4618087297839597029,false,false,0,0,2,true,true
SEAM,1375,244|R1-SIDE,true,true,REGION-1-NEAR-BOUNDARY-C2,REGION-1-NEAR-BOUNDARY-C2,SubcooledLiquid,SubcooledLiquid,4643495202720071076,4643495202720071076,4618092346628929000,4618092346628929000,false,false,0,0,2,true,true
SEAM,1376,244|R4-LIQUID-SIDE,true,true,REGION-4-MIXTURE-TABLE-C2,REGION-4-MIXTURE-TABLE-C2,SaturatedMixture,SaturatedMixture,4643495203153074142,4643495203153074142,4618092040631357832,4618092040631357832,true,true,4517239153130838834,4517239153130838834,2,true,true
SEAM,1377,244|R4-VAPOR-SIDE,true,true,REGION-4-MIXTURE-TABLE-C2,REGION-4-MIXTURE-TABLE-C2,SaturatedMixture,SaturatedMixture,4643495212801329246,4643495212801329246,4618092095225620588,4618092095225620588,true,true,4607182415667809350,4607182415667809350,2,true,true
SEAM,1378,244|R2-SIDE,true,true,REGION-2-VAPOR-SEAM-C3,REGION-2-VAPOR-SEAM-C3,SuperheatedVapor,SuperheatedVapor,4643495189210061500,4643495189210061500,4618091931793675550,4618091931793675550,false,false,0,0,2,true,true
SEAM,1379,245|R1-SIDE,true,true,REGION-1-NEAR-BOUNDARY-C2,REGION-1-NEAR-BOUNDARY-C2,SubcooledLiquid,SubcooledLiquid,4643496016671115380,4643496016671115380,4618096993147147944,4618096993147147944,false,false,0,0,2,true,true
SEAM,1380,245|R4-LIQUID-SIDE,true,true,REGION-4-MIXTURE-TABLE-C2,REGION-4-MIXTURE-TABLE-C2,SaturatedMixture,SaturatedMixture,4643496017118843790,4643496017118843790,4618096646423868844,4618096646423868844,true,true,4517225322424926158,4517225322424926158,2,true,true
SEAM,1381,245|R4-VAPOR-SIDE,true,true,REGION-4-MIXTURE-TABLE-C2,REGION-4-MIXTURE-TABLE-C2,SaturatedMixture,SaturatedMixture,4643496028234115426,4643496028234115426,4618096709319185546,4618096709319185546,true,true,4607182416565107993,4607182416565107993,2,true,true
SEAM,1382,245|R2-SIDE,true,true,REGION-2-VAPOR-SEAM-C3,REGION-2-VAPOR-SEAM-C3,SuperheatedVapor,SuperheatedVapor,4643496003324761036,4643496003324761036,4618096533832375940,4618096533832375940,false,false,0,0,2,true,true
SEAM,1383,246|R1-SIDE,true,true,REGION-1-NEAR-BOUNDARY-C2,REGION-1-NEAR-BOUNDARY-C2,SubcooledLiquid,SubcooledLiquid,4643496824536186254,4643496824536186254,4618101582609379954,4618101582609379954,false,false,0,0,2,true,true
SEAM,1384,246|R4-LIQUID-SIDE,true,true,REGION-4-MIXTURE-TABLE-C2,REGION-4-MIXTURE-TABLE-C2,SaturatedMixture,SaturatedMixture,4643496824991026012,4643496824991026012,4618101217736060946,4618101217736060946,true,true,4517219047502855949,4517219047502855949,2,true,true
SEAM,1385,246|R4-VAPOR-SIDE,true,true,REGION-4-MIXTURE-TABLE-C2,REGION-4-MIXTURE-TABLE-C2,SaturatedMixture,SaturatedMixture,4643496836760555000,4643496836760555000,4618101284333466500,4618101284333466500,true,true,4607182416966738711,4607182416966738711,2,true,true
SEAM,1386,246|R2-SIDE,true,true,REGION-2-VAPOR-SEAM-C3,REGION-2-VAPOR-SEAM-C3,SuperheatedVapor,SuperheatedVapor,4643496811254588904,4643496811254588904,4618101103359908425,4618101103359908425,false,false,0,0,2,true,true
SEAM,1387,247|R1-SIDE,true,true,REGION-1-NEAR-BOUNDARY-C2,REGION-1-NEAR-BOUNDARY-C2,SubcooledLiquid,SubcooledLiquid,4643497626279620738,4643497626279620738,4618106115355433423,4618106115355433423,false,false,0,0,2,true,true
SEAM,1388,247|R4-LIQUID-SIDE,true,true,REGION-4-MIXTURE-TABLE-C2,REGION-4-MIXTURE-TABLE-C2,SaturatedMixture,SaturatedMixture,4643497626733695194,4643497626733695194,4618105754364650482,4618105754364650482,true,true,4517220192419680522,4517220192419680522,2,true,true
SEAM,1389,247|R4-VAPOR-SIDE,true,true,REGION-4-MIXTURE-TABLE-C2,REGION-4-MIXTURE-TABLE-C2,SaturatedMixture,SaturatedMixture,4643497638364182744,4643497638364182744,4618105820175295659,4618105820175295659,true,true,4607182416883580760,4607182416883580760,2,true,true
SEAM,1390,247|R2-SIDE,true,true,REGION-2-VAPOR-SEAM-C3,REGION-2-VAPOR-SEAM-C3,SuperheatedVapor,SuperheatedVapor,4643497612967760258,4643497612967760258,4618105640147540764,4618105640147540764,false,false,0,0,2,true,true
SEAM,1391,248|R1-SIDE,true,true,REGION-1-NEAR-BOUNDARY-C2,REGION-1-NEAR-BOUNDARY-C2,SubcooledLiquid,SubcooledLiquid,4643498421877500046,4643498421877500046,4618110591789370687,4618110591789370687,false,false,0,0,2,true,true
SEAM,1392,248|R4-LIQUID-SIDE,true,true,REGION-4-MIXTURE-TABLE-C2,REGION-4-MIXTURE-TABLE-C2,SaturatedMixture,SaturatedMixture,4643498422323310402,4643498422323310402,4618110256176432022,4618110256176432022,true,true,4517228605384798263,4517228605384798263,2,true,true
SEAM,1393,248|R4-VAPOR-SIDE,true,true,REGION-4-MIXTURE-TABLE-C2,REGION-4-MIXTURE-TABLE-C2,SaturatedMixture,SaturatedMixture,4643498433040613620,4643498433040613620,4618110316819860452,4618110316819860452,true,true,4607182416330048203,4607182416330048203,2,true,true
SEAM,1394,248|R2-SIDE,true,true,REGION-2-VAPOR-SEAM-C3,REGION-2-VAPOR-SEAM-C3,SuperheatedVapor,SuperheatedVapor,4643498408475708330,4643498408475708330,4618110144329157620,4618110144329157620,false,false,0,0,2,true,true
SEAM,1395,249|R1-SIDE,true,true,REGION-1-NEAR-BOUNDARY-C2,REGION-1-NEAR-BOUNDARY-C2,SubcooledLiquid,SubcooledLiquid,4643499211320592776,4643499211320592776,4618115012394323420,4618115012394323420,false,false,0,0,2,true,true
SEAM,1396,249|R4-LIQUID-SIDE,true,true,REGION-4-MIXTURE-TABLE-C2,REGION-4-MIXTURE-TABLE-C2,SaturatedMixture,SaturatedMixture,4643499211750245510,4643499211750245510,4618114723116936526,4618114723116936526,true,true,4517244152655896204,4517244152655896204,2,true,true
SEAM,1397,249|R4-VAPOR-SIDE,true,true,REGION-4-MIXTURE-TABLE-C2,REGION-4-MIXTURE-TABLE-C2,SaturatedMixture,SaturatedMixture,4643499220799481498,4643499220799481498,4618114774321673746,4618114774321673746,true,true,4607182415315704077,4607182415315704077,2,true,true
SEAM,1398,249|R2-SIDE,true,true,REGION-2-VAPOR-SEAM-C3,REGION-2-VAPOR-SEAM-C3,SuperheatedVapor,SuperheatedVapor,4643499197740321336,4643499197740321336,4618114615518100589,4618114615518100589,false,false,0,0,2,true,true
SEAM,1399,250|R1-SIDE,true,true,REGION-1-NEAR-BOUNDARY-C2,REGION-1-NEAR-BOUNDARY-C2,SubcooledLiquid,SubcooledLiquid,4643499994606285572,4643499994606285572,4618119377685652925,4618119377685652925,false,false,0,0,2,true,true
SEAM,1400,250|R4-LIQUID-SIDE,true,true,REGION-4-MIXTURE-TABLE-C2,REGION-4-MIXTURE-TABLE-C2,SaturatedMixture,SaturatedMixture,4643499995013232150,4643499995013232150,4618119155178986991,4618119155178986991,true,true,4517266659705009910,4517266659705009910,2,true,true
SEAM,1401,250|R4-VAPOR-SIDE,true,true,REGION-4-MIXTURE-TABLE-C2,REGION-4-MIXTURE-TABLE-C2,SaturatedMixture,SaturatedMixture,4643500001656857172,4643500001656857172,4618119192771671459,4618119192771671459,true,true,4607182413849945929,4607182413849945929,2,true,true
SEAM,1402,250|R2-SIDE,true,true,REGION-2-VAPOR-SEAM-C3,REGION-2-VAPOR-SEAM-C3,SuperheatedVapor,SuperheatedVapor,4643499980761195470,4643499980761195470,4618119053657787575,4618119053657787575,false,false,0,0,2,true,true
SEAM,1403,251|R1-SIDE,true,true,REGION-1-NEAR-BOUNDARY-C2,REGION-1-NEAR-BOUNDARY-C2,SubcooledLiquid,SubcooledLiquid,4643500700208834434,4643500700208834434,4618123292306807765,4618123292306807765,false,false,0,0,2,true,true
SEAM,1404,251|R4-LIQUID-SIDE,true,true,REGION-4-MIXTURE-TABLE-C2,REGION-4-MIXTURE-TABLE-C2,SaturatedMixture,SaturatedMixture,4643500700588636522,4643500700588636522,4618123147648983375,4618123147648983375,true,true,4517293013863454325,4517293013863454325,2,true,true
SEAM,1405,251|R4-VAPOR-SIDE,true,true,REGION-4-MIXTURE-TABLE-C2,REGION-4-MIXTURE-TABLE-C2,SaturatedMixture,SaturatedMixture,4643500704426855678,4643500704426855678,4618123169367391826,4618123169367391826,true,true,4607182412137530436,4607182412137530436,2,true,true
SEAM,1406,251|R2-SIDE,true,true,REGION-2-VAPOR-SEAM-C3,REGION-2-VAPOR-SEAM-C3,SuperheatedVapor,SuperheatedVapor,4643500686058840750,4643500686058840750,4618123053276437297,4618123053276437297,false,false,0,0,2,true,true
SEAM,1407,252|R1-SIDE,true,true,REGION-1-NEAR-BOUNDARY-C2,REGION-1-NEAR-BOUNDARY-C2,SubcooledLiquid,SubcooledLiquid,4643501236519535168,4643501236519535168,4618126256482448405,4618126256482448405,false,false,0,0,2,true,true
SEAM,1408,252|R4-LIQUID-SIDE,true,true,REGION-4-MIXTURE-TABLE-C2,REGION-4-MIXTURE-TABLE-C2,SaturatedMixture,SaturatedMixture,4643501236874551238,4643501236874551238,4618126182201223615,4618126182201223615,true,true,4517316906766331235,4517316906766331235,2,true,true
SEAM,1409,252|R4-VAPOR-SIDE,true,true,REGION-4-MIXTURE-TABLE-C2,REGION-4-MIXTURE-TABLE-C2,SaturatedMixture,SaturatedMixture,4643501238176154570,4643501238176154570,4618126189566293631,4618126189566293631,true,true,4607182410588321803,4607182410588321803,2,true,true
SEAM,1410,252|R2-SIDE,true,true,REGION-2-VAPOR-SEAM-C3,REGION-2-VAPOR-SEAM-C3,SuperheatedVapor,SuperheatedVapor,4643501222093298194,4643501222093298194,4618126094300105671,4618126094300105671,false,false,0,0,2,true,true
SEAM,1411,253|R1-SIDE,true,true,REGION-1-NEAR-BOUNDARY-C2,REGION-1-NEAR-BOUNDARY-C2,SubcooledLiquid,SubcooledLiquid,4643520985544005708,4643520985544005708,4618239273735134565,4618239273735134565,false,false,0,0,2,true,true
SEAM,1412,253|R4-LIQUID-SIDE,true,true,REGION-4-MIXTURE-TABLE-C2,REGION-4-MIXTURE-TABLE-C2,SaturatedMixture,SaturatedMixture,4643520985978007234,4643520985978007234,4618239011909299938,4618239011909299938,true,true,4517250228071405488,4517250228071405488,2,true,true
SEAM,1413,253|R4-VAPOR-SIDE,true,true,REGION-4-MIXTURE-TABLE-C2,REGION-4-MIXTURE-TABLE-C2,SaturatedMixture,SaturatedMixture,4643520994003623112,4643520994003623112,4618239058133724428,4618239058133724428,true,true,4607182414862940437,4607182414862940437,2,true,true
SEAM,1414,253|R2-SIDE,true,true,REGION-2-VAPOR-SEAM-C3,REGION-2-VAPOR-SEAM-C3,SuperheatedVapor,SuperheatedVapor,4643520971765255614,4643520971765255614,4618238904919653621,4618238904919653621,false,false,0,0,2,true,true
SEAM,1415,254|R1-SIDE,true,true,REGION-1-NEAR-BOUNDARY-C2,REGION-1-NEAR-BOUNDARY-C2,SubcooledLiquid,SubcooledLiquid,4643521216150500804,4643521216150500804,4618240620570991526,4618240620570991526,false,false,0,0,2,true,true
SEAM,1416,254|R4-LIQUID-SIDE,true,true,REGION-4-MIXTURE-TABLE-C2,REGION-4-MIXTURE-TABLE-C2,SaturatedMixture,SaturatedMixture,4643521216591654726,4643521216591654726,4618240340154172250,4618240340154172250,true,true,4517243612467320898,4517243612467320898,2,true,true
SEAM,1417,254|R4-VAPOR-SIDE,true,true,REGION-4-MIXTURE-TABLE-C2,REGION-4-MIXTURE-TABLE-C2,SaturatedMixture,SaturatedMixture,4643521225285516420,4643521225285516420,4618240390227432620,4618240390227432620,true,true,4607182415285649198,4607182415285649198,2,true,true
SEAM,1418,254|R2-SIDE,true,true,REGION-2-VAPOR-SEAM-C3,REGION-2-VAPOR-SEAM-C3,SuperheatedVapor,SuperheatedVapor,4643521202431343472,4643521202431343472,4618240231292144771,4618240231292144771,false,false,0,0,2,true,true
SEAM,1419,255|R1-SIDE,true,true,REGION-1-NEAR-BOUNDARY-C2,REGION-1-NEAR-BOUNDARY-C2,SubcooledLiquid,SubcooledLiquid,4643522384061427062,4643522384061427062,4618247413758694328,4618247413758694328,false,false,0,0,2,true,true
SEAM,1420,255|R4-LIQUID-SIDE,true,true,REGION-4-MIXTURE-TABLE-C2,REGION-4-MIXTURE-TABLE-C2,SaturatedMixture,SaturatedMixture,4643522384527441778,4643522384527441778,4618247067009834238,4618247067009834238,true,true,4517219913730633924,4517219913730633924,2,true,true
SEAM,1421,255|R4-VAPOR-SIDE,true,true,REGION-4-MIXTURE-TABLE-C2,REGION-4-MIXTURE-TABLE-C2,SaturatedMixture,SaturatedMixture,4643522395607499710,4643522395607499710,4618247130826656408,4618247130826656408,true,true,4607182416798239004,4607182416798239004,2,true,true
SEAM,1422,255|R2-SIDE,true,true,REGION-2-VAPOR-SEAM-C3,REGION-2-VAPOR-SEAM-C3,SuperheatedVapor,SuperheatedVapor,4643522370611182252,4643522370611182252,4618246951979801264,4618246951979801264,false,false,0,0,2,true,true
SEAM,1423,256|R1-SIDE,true,true,REGION-1-NEAR-BOUNDARY-C2,REGION-1-NEAR-BOUNDARY-C2,SubcooledLiquid,SubcooledLiquid,4643524624378119632,4643524624378119632,4618260314604128183,4618260314604128183,false,false,0,0,2,true,true
SEAM,1424,256|R4-LIQUID-SIDE,true,true,REGION-4-MIXTURE-TABLE-C2,REGION-4-MIXTURE-TABLE-C2,SaturatedMixture,SaturatedMixture,4643524624845337950,4643524624845337950,4618259970369155513,4618259970369155513,true,true,4517220338313300747,4517220338313300747,2,true,true
SEAM,1425,256|R4-VAPOR-SIDE,true,true,REGION-4-MIXTURE-TABLE-C2,REGION-4-MIXTURE-TABLE-C2,SaturatedMixture,SaturatedMixture,4643524635837493018,4643524635837493018,4618260033679691406,4618260033679691406,true,true,4607182416753750999,4607182416753750999,2,true,true
SEAM,1426,256|R2-SIDE,true,true,REGION-2-VAPOR-SEAM-C3,REGION-2-VAPOR-SEAM-C3,SuperheatedVapor,SuperheatedVapor,4643524610907748568,4643524610907748568,4618259855315303977,4618259855315303977,false,false,0,0,2,true,true
SEAM,1427,257|R1-SIDE,true,true,REGION-1-NEAR-BOUNDARY-C2,REGION-1-NEAR-BOUNDARY-C2,SubcooledLiquid,SubcooledLiquid,4643525065135647374,4643525065135647374,4618262832637025476,4618262832637025476,false,false,0,0,2,true,true
SEAM,1428,257|R4-LIQUID-SIDE,true,true,REGION-4-MIXTURE-TABLE-C2,REGION-4-MIXTURE-TABLE-C2,SaturatedMixture,SaturatedMixture,4643525065595288882,4643525065595288882,4618262508917366681,4618262508917366681,true,true,4517227572041437159,4517227572041437159,2,true,true
SEAM,1429,257|R4-VAPOR-SIDE,true,true,REGION-4-MIXTURE-TABLE-C2,REGION-4-MIXTURE-TABLE-C2,SaturatedMixture,SaturatedMixture,4643525075850091426,4643525075850091426,4618262567981038946,4618262567981038946,true,true,4607182416288316110,4607182416288316110,2,true,true
SEAM,1430,257|R2-SIDE,true,true,REGION-2-VAPOR-SEAM-C3,REGION-2-VAPOR-SEAM-C3,SuperheatedVapor,SuperheatedVapor,4643525051571551922,4643525051571551922,4618262395624805392,4618262395624805392,false,false,0,0,2,true,true
SEAM,1431,258|R1-SIDE,true,true,REGION-1-NEAR-BOUNDARY-C2,REGION-1-NEAR-BOUNDARY-C2,SubcooledLiquid,SubcooledLiquid,4643527301636026704,4643527301636026704,4618275508384047190,4618275508384047190,false,false,0,0,2,true,true
SEAM,1432,258|R4-LIQUID-SIDE,true,true,REGION-4-MIXTURE-TABLE-C2,REGION-4-MIXTURE-TABLE-C2,SaturatedMixture,SaturatedMixture,4643527302021275742,4643527302021275742,4618275389860804755,4618275389860804755,true,true,4517300637936057046,4517300637936057046,2,true,true
SEAM,1433,258|R4-VAPOR-SIDE,true,true,REGION-4-MIXTURE-TABLE-C2,REGION-4-MIXTURE-TABLE-C2,SaturatedMixture,SaturatedMixture,4643527304891613076,4643527304891613076,4618275406392830878,4618275406392830878,true,true,4607182411613627910,4607182411613627910,2,true,true
SEAM,1434,258|R2-SIDE,true,true,REGION-2-VAPOR-SEAM-C3,REGION-2-VAPOR-SEAM-C3,SuperheatedVapor,SuperheatedVapor,4643527287263483410,4643527287263483410,4618275295603571165,4618275295603571165,false,false,0,0,2,true,true
SEAM,1435,259|R1-SIDE,true,true,REGION-1-NEAR-BOUNDARY-C2,REGION-1-NEAR-BOUNDARY-C2,SubcooledLiquid,SubcooledLiquid,4643530251480442162,4643530251480442162,4618292759051351569,4618292759051351569,false,false,0,0,2,true,true
SEAM,1436,259|R4-LIQUID-SIDE,true,true,REGION-4-MIXTURE-TABLE-C2,REGION-4-MIXTURE-TABLE-C2,SaturatedMixture,SaturatedMixture,4643530251934264890,4643530251934264890,4618292461004507835,4618292461004507835,true,true,4517235771646246737,4517235771646246737,2,true,true
SEAM,1437,259|R4-VAPOR-SIDE,true,true,REGION-4-MIXTURE-TABLE-C2,REGION-4-MIXTURE-TABLE-C2,SaturatedMixture,SaturatedMixture,4643530261251233498,4643530261251233498,4618292514983330722,4618292514983330722,true,true,4607182415755975860,4607182415755975860,2,true,true
SEAM,1438,259|R2-SIDE,true,true,REGION-2-VAPOR-SEAM-C3,REGION-2-VAPOR-SEAM-C3,SuperheatedVapor,SuperheatedVapor,4643530237804501592,4643530237804501592,4618292349770267721,4618292349770267721,false,false,0,0,2,true,true
SEAM,1439,260|R1-SIDE,true,true,REGION-1-NEAR-BOUNDARY-C2,REGION-1-NEAR-BOUNDARY-C2,SubcooledLiquid,SubcooledLiquid,4643533434464302888,4643533434464302888,4618311246012569443,4618311246012569443,false,false,0,0,2,true,true
SEAM,1440,260|R4-LIQUID-SIDE,true,true,REGION-4-MIXTURE-TABLE-C2,REGION-4-MIXTURE-TABLE-C2,SaturatedMixture,SaturatedMixture,4643533434937809880,4643533434937809880,4618310902065305249,4618310902065305249,true,true,4517218570753823922,4517218570753823922,2,true,true
SEAM,1441,260|R4-VAPOR-SIDE,true,true,REGION-4-MIXTURE-TABLE-C2,REGION-4-MIXTURE-TABLE-C2,SaturatedMixture,SaturatedMixture,4643533445907829726,4643533445907829726,4618310965621251726,4618310965621251726,true,true,4607182416825760400,4607182416825760400,2,true,true
SEAM,1442,260|R2-SIDE,true,true,REGION-2-VAPOR-SEAM-C3,REGION-2-VAPOR-SEAM-C3,SuperheatedVapor,SuperheatedVapor,4643533420956865016,4643533420956865016,4618310786201666271,4618310786201666271,false,false,0,0,2,true,true
SEAM,1443,261|R1-SIDE,true,true,REGION-1-NEAR-BOUNDARY-C2,REGION-1-NEAR-BOUNDARY-C2,SubcooledLiquid,SubcooledLiquid,4643536500689058602,4643536500689058602,4618328729811517927,4618328729811517927,false,false,0,0,2,true,true
SEAM,1444,261|R4-LIQUID-SIDE,true,true,REGION-4-MIXTURE-TABLE-C2,REGION-4-MIXTURE-TABLE-C2,SaturatedMixture,SaturatedMixture,4643536501059092480,4643536501059092480,4618328665956606482,4618328665956606482,true,true,4517320134948747968,4517320134948747968,2,true,true
SEAM,1445,261|R4-VAPOR-SIDE,true,true,REGION-4-MIXTURE-TABLE-C2,REGION-4-MIXTURE-TABLE-C2,SaturatedMixture,SaturatedMixture,4643536501952878426,4643536501952878426,4618328671134847931,4618328671134847931,true,true,4607182410366218233,4607182410366218233,2,true,true
SEAM,1446,261|R2-SIDE,true,true,REGION-2-VAPOR-SEAM-C3,REGION-2-VAPOR-SEAM-C3,SuperheatedVapor,SuperheatedVapor,4643536486057671214,4643536486057671214,4618328576014410272,4618328576014410272,false,false,0,0,2,true,true
SEAM,1447,262|R1-SIDE,true,true,REGION-1-NEAR-BOUNDARY-C2,REGION-1-NEAR-BOUNDARY-C2,SubcooledLiquid,SubcooledLiquid,4643539521760039240,4643539521760039240,4618346593721166636,4618346593721166636,false,false,0,0,2,true,true
SEAM,1448,262|R4-LIQUID-SIDE,true,true,REGION-4-MIXTURE-TABLE-C2,REGION-4-MIXTURE-TABLE-C2,SaturatedMixture,SaturatedMixture,4643539522231642608,4643539522231642608,4618346266739995758,4618346266739995758,true,true,4517223462379671738,4517223462379671738,2,true,true
SEAM,1449,262|R4-VAPOR-SIDE,true,true,REGION-4-MIXTURE-TABLE-C2,REGION-4-MIXTURE-TABLE-C2,SaturatedMixture,SaturatedMixture,4643539532576913740,4643539532576913740,4618346327029492974,4618346327029492974,true,true,4607182416496001883,4607182416496001883,2,true,true
SEAM,1450,262|R2-SIDE,true,true,REGION-2-VAPOR-SEAM-C3,REGION-2-VAPOR-SEAM-C3,SuperheatedVapor,SuperheatedVapor,4643539508152717092,4643539508152717092,4618346151847933413,4618346151847933413,false,false,0,0,2,true,true
SEAM,1451,263|R1-SIDE,true,true,REGION-1-NEAR-BOUNDARY-C2,REGION-1-NEAR-BOUNDARY-C2,SubcooledLiquid,SubcooledLiquid,4643542486410840522,4643542486410840522,4618363876940751166,4618363876940751166,false,false,0,0,2,true,true
SEAM,1452,263|R4-LIQUID-SIDE,true,true,REGION-4-MIXTURE-TABLE-C2,REGION-4-MIXTURE-TABLE-C2,SaturatedMixture,SaturatedMixture,4643542486886931090,4643542486886931090,4618363543964967957,4618363543964967957,true,true,4517220661759218575,4517220661759218575,2,true,true
SEAM,1453,263|R4-VAPOR-SIDE,true,true,REGION-4-MIXTURE-TABLE-C2,REGION-4-MIXTURE-TABLE-C2,SaturatedMixture,SaturatedMixture,4643542497451206204,4643542497451206204,4618363605530762316,4618363605530762316,true,true,4607182416651541375,4607182416651541375,2,true,true
SEAM,1454,263|R2-SIDE,true,true,REGION-2-VAPOR-SEAM-C3,REGION-2-VAPOR-SEAM-C3,SuperheatedVapor,SuperheatedVapor,4643542472828015552,4643542472828015552,4618363428311778622,4618363428311778622,false,false,0,0,2,true,true
SEAM,1455,264|R1-SIDE,true,true,REGION-1-NEAR-BOUNDARY-C2,REGION-1-NEAR-BOUNDARY-C2,SubcooledLiquid,SubcooledLiquid,4643545366730231224,4643545366730231224,4618380383077668250,4618380383077668250,false,false,0,0,2,true,true
SEAM,1456,264|R4-LIQUID-SIDE,true,true,REGION-4-MIXTURE-TABLE-C2,REGION-4-MIXTURE-TABLE-C2,SaturatedMixture,SaturatedMixture,4643545367101571072,4643545367101571072,4618380329092229299,4618380329092229299,true,true,4517323715332127449,4517323715332127449,2,true,true
SEAM,1457,264|R4-VAPOR-SIDE,true,true,REGION-4-MIXTURE-TABLE-C2,REGION-4-MIXTURE-TABLE-C2,SaturatedMixture,SaturatedMixture,4643545367632062318,4643545367632062318,4618380332183791633,4618380332183791633,true,true,4607182410136869165,4607182410136869165,2,true,true
SEAM,1458,264|R2-SIDE,true,true,REGION-2-VAPOR-SEAM-C3,REGION-2-VAPOR-SEAM-C3,SuperheatedVapor,SuperheatedVapor,4643545352014584468,4643545352014584468,4618380239274645884,4618380239274645884,false,false,0,0,2,true,true
SEAM,1459,265|R1-SIDE,true,true,REGION-1-NEAR-BOUNDARY-C2,REGION-1-NEAR-BOUNDARY-C2,SubcooledLiquid,SubcooledLiquid,4643548152879786768,4643548152879786768,4618396976822021646,4618396976822021646,false,false,0,0,2,true,true
SEAM,1460,265|R4-LIQUID-SIDE,true,true,REGION-4-MIXTURE-TABLE-C2,REGION-4-MIXTURE-TABLE-C2,SaturatedMixture,SaturatedMixture,4643548153353800718,4643548153353800718,4618396658681295196,4618396658681295196,true,true,4517224992900222368,4517224992900222368,2,true,true
SEAM,1461,265|R4-VAPOR-SIDE,true,true,REGION-4-MIXTURE-TABLE-C2,REGION-4-MIXTURE-TABLE-C2,SaturatedMixture,SaturatedMixture,4643548163370645024,4643548163370645024,4618396717400087438,4618396717400087438,true,true,4607182416364492043,4607182416364492043,2,true,true
SEAM,1462,265|R2-SIDE,true,true,REGION-2-VAPOR-SEAM-C3,REGION-2-VAPOR-SEAM-C3,SuperheatedVapor,SuperheatedVapor,4643548139213609070,4643548139213609070,4618396543917478008,4618396543917478008,false,false,0,0,2,true,true
SEAM,1463,266|R1-SIDE,true,true,REGION-1-NEAR-BOUNDARY-C2,REGION-1-NEAR-BOUNDARY-C2,SubcooledLiquid,SubcooledLiquid,4643548709237233814,4643548709237233814,4618400265266891211,4618400265266891211,false,false,0,0,2,true,true
SEAM,1464,266|R4-LIQUID-SIDE,true,true,REGION-4-MIXTURE-TABLE-C2,REGION-4-MIXTURE-TABLE-C2,SaturatedMixture,SaturatedMixture,4643548709722543438,4643548709722543438,4618399920117693136,4618399920117693136,true,true,4517214769410037464,4517214769410037464,2,true,true
SEAM,1465,266|R4-VAPOR-SIDE,true,true,REGION-4-MIXTURE-TABLE-C2,REGION-4-MIXTURE-TABLE-C2,SaturatedMixture,SaturatedMixture,4643548720709542014,4643548720709542014,4618399984523534632,4618399984523534632,true,true,4607182417002649977,4607182417002649977,2,true,true
SEAM,1466,266|R2-SIDE,true,true,REGION-2-VAPOR-SEAM-C3,REGION-2-VAPOR-SEAM-C3,SuperheatedVapor,SuperheatedVapor,4643548695671506298,4643548695671506298,4618399802705485257,4618399802705485257,false,false,0,0,2,true,true
SEAM,1467,267|R1-SIDE,true,true,REGION-1-NEAR-BOUNDARY-C2,REGION-1-NEAR-BOUNDARY-C2,SubcooledLiquid,SubcooledLiquid,4643548709237600760,4643548709237600760,4618400265269056944,4618400265269056944,false,false,0,0,2,true,true
SEAM,1468,267|R4-LIQUID-SIDE,true,true,REGION-4-MIXTURE-TABLE-C2,REGION-4-MIXTURE-TABLE-C2,SaturatedMixture,SaturatedMixture,4643548709722890826,4643548709722890826,4618399920119729511,4618399920119729511,true,true,4517214769905283894,4517214769905283894,2,true,true
SEAM,1469,267|R4-VAPOR-SIDE,true,true,REGION-4-MIXTURE-TABLE-C2,REGION-4-MIXTURE-TABLE-C2,SaturatedMixture,SaturatedMixture,4643548720709909422,4643548720709909422,4618399984525688369,4618399984525688369,true,true,4607182417002649777,4607182417002649777,2,true,true
SEAM,1470,267|R2-SIDE,true,true,REGION-2-VAPOR-SEAM-C3,REGION-2-VAPOR-SEAM-C3,SuperheatedVapor,SuperheatedVapor,4643548695671873344,4643548695671873344,4618399802707635361,4618399802707635361,false,false,0,0,2,true,true
SEAM,1471,268|R1-SIDE,true,true,REGION-1-NEAR-BOUNDARY-C2,REGION-1-NEAR-BOUNDARY-C2,SubcooledLiquid,SubcooledLiquid,4643548709237967704,4643548709237967704,4618400265271222180,4618400265271222180,false,false,0,0,2,true,true
SEAM,1472,268|R4-LIQUID-SIDE,true,true,REGION-4-MIXTURE-TABLE-C2,REGION-4-MIXTURE-TABLE-C2,SaturatedMixture,SaturatedMixture,4643548709723238212,4643548709723238212,4618399920121765898,4618399920121765898,true,true,4517214770400595666,4517214770400595666,2,true,true
SEAM,1473,268|R4-VAPOR-SIDE,true,true,REGION-4-MIXTURE-TABLE-C2,REGION-4-MIXTURE-TABLE-C2,SaturatedMixture,SaturatedMixture,4643548720710276826,4643548720710276826,4618399984527842094,4618399984527842094,true,true,4607182417002649575,4607182417002649575,2,true,true
SEAM,1474,268|R2-SIDE,true,true,REGION-2-VAPOR-SEAM-C3,REGION-2-VAPOR-SEAM-C3,SuperheatedVapor,SuperheatedVapor,4643548695672240386,4643548695672240386,4618399802709785454,4618399802709785454,false,false,0,0,2,true,true
SEAM,1475,269|R1-SIDE,true,true,REGION-1-NEAR-BOUNDARY-C2,REGION-1-NEAR-BOUNDARY-C2,SubcooledLiquid,SubcooledLiquid,4643550039754534436,4643550039754534436,4618408086720023809,4618408086720023809,false,false,0,0,2,true,true
SEAM,1476,269|R4-LIQUID-SIDE,true,true,REGION-4-MIXTURE-TABLE-C2,REGION-4-MIXTURE-TABLE-C2,SaturatedMixture,SaturatedMixture,4643550040249229382,4643550040249229382,4618407719671889348,4618407719671889348,true,true,4517206272591535059,4517206272591535059,2,true,true
SEAM,1477,269|R4-VAPOR-SIDE,true,true,REGION-4-MIXTURE-TABLE-C2,REGION-4-MIXTURE-TABLE-C2,SaturatedMixture,SaturatedMixture,4643550052024911166,4643550052024911166,4618407788700995856,4618407788700995856,true,true,4607182417527088331,4607182417527088331,2,true,true
SEAM,1478,269|R2-SIDE,true,true,REGION-2-VAPOR-SEAM-C3,REGION-2-VAPOR-SEAM-C3,SuperheatedVapor,SuperheatedVapor,4643550026265484326,4643550026265484326,4618407600001530332,4618407600001530332,false,false,0,0,2,true,true
SEAM,1479,270|R1-SIDE,true,true,REGION-1-NEAR-BOUNDARY-C2,REGION-1-NEAR-BOUNDARY-C2,SubcooledLiquid,SubcooledLiquid,4643550925564177224,4643550925564177224,4618413260560312668,4618413260560312668,false,false,0,0,2,true,true
SEAM,1480,270|R4-LIQUID-SIDE,true,true,REGION-4-MIXTURE-TABLE-C2,REGION-4-MIXTURE-TABLE-C2,SaturatedMixture,SaturatedMixture,4643550926051955550,4643550926051955550,4618412912251972814,4618412912251972814,true,true,4517213117507266551,4517213117507266551,2,true,true
SEAM,1481,270|R4-VAPOR-SIDE,true,true,REGION-4-MIXTURE-TABLE-C2,REGION-4-MIXTURE-TABLE-C2,SaturatedMixture,SaturatedMixture,4643550937155706588,4643550937155706588,4618412977342217826,4618412977342217826,true,true,4607182417088537976,4607182417088537976,2,true,true
SEAM,1482,270|R2-SIDE,true,true,REGION-2-VAPOR-SEAM-C3,REGION-2-VAPOR-SEAM-C3,SuperheatedVapor,SuperheatedVapor,4643550912009286420,4643550912009286420,4618412794369467336,4618412794369467336,false,false,0,0,2,true,true
SEAM,1483,271|R1-SIDE,true,true,REGION-1-NEAR-BOUNDARY-C2,REGION-1-NEAR-BOUNDARY-C2,SubcooledLiquid,SubcooledLiquid,4643553571735763462,4643553571735763462,4618428557919877478,4618428557919877478,false,false,0,0,2,true,true
SEAM,1484,271|R4-LIQUID-SIDE,true,true,REGION-4-MIXTURE-TABLE-C2,REGION-4-MIXTURE-TABLE-C2,SaturatedMixture,SaturatedMixture,4643553572142826360,4643553572142826360,4618428423650107905,4618428423650107905,true,true,4517293372700472373,4517293372700472373,2,true,true
SEAM,1485,271|R4-VAPOR-SIDE,true,true,REGION-4-MIXTURE-TABLE-C2,REGION-4-MIXTURE-TABLE-C2,SaturatedMixture,SaturatedMixture,4643553575553256452,4643553575553256452,4618428443642066456,4618428443642066456,true,true,4607182412037289443,4607182412037289443,2,true,true
SEAM,1486,271|R2-SIDE,true,true,REGION-2-VAPOR-SEAM-C3,REGION-2-VAPOR-SEAM-C3,SuperheatedVapor,SuperheatedVapor,4643553557291117052,4643553557291117052,4618428325433399529,4618428325433399529,false,false,0,0,2,true,true
SEAM,1487,272|R1-SIDE,true,true,REGION-1-NEAR-BOUNDARY-C2,REGION-1-NEAR-BOUNDARY-C2,SubcooledLiquid,SubcooledLiquid,4643556110850813628,4643556110850813628,4618443629614726083,4618443629614726083,false,false,0,0,2,true,true
SEAM,1488,272|R4-LIQUID-SIDE,true,true,REGION-4-MIXTURE-TABLE-C2,REGION-4-MIXTURE-TABLE-C2,SaturatedMixture,SaturatedMixture,4643556111307511662,4643556111307511662,4618443371830580428,4618443371830580428,true,true,4517246270225254253,4517246270225254253,2,true,true
SEAM,1489,272|R4-VAPOR-SIDE,true,true,REGION-4-MIXTURE-TABLE-C2,REGION-4-MIXTURE-TABLE-C2,SaturatedMixture,SaturatedMixture,4643556119145471976,4643556119145471976,4618443418046444902,4618443418046444902,true,true,4607182414994903543,4607182414994903543,2,true,true
SEAM,1490,272|R2-SIDE,true,true,REGION-2-VAPOR-SEAM-C3,REGION-2-VAPOR-SEAM-C3,SuperheatedVapor,SuperheatedVapor,4643556096903509658,4643556096903509658,4618443261928954030,4618443261928954030,false,false,0,0,2,true,true
SEAM,1491,273|R1-SIDE,true,true,REGION-1-NEAR-BOUNDARY-C2,REGION-1-NEAR-BOUNDARY-C2,SubcooledLiquid,SubcooledLiquid,4643558652016148020,4643558652016148020,4618458723736049844,4618458723736049844,false,false,0,0,2,true,true
SEAM,1492,273|R4-LIQUID-SIDE,true,true,REGION-4-MIXTURE-TABLE-C2,REGION-4-MIXTURE-TABLE-C2,SaturatedMixture,SaturatedMixture,4643558652517265652,4643558652517265652,4618458355857133698,4618458355857133698,true,true,4517203880577456434,4517203880577456434,2,true,true
SEAM,1493,273|R4-VAPOR-SIDE,true,true,REGION-4-MIXTURE-TABLE-C2,REGION-4-MIXTURE-TABLE-C2,SaturatedMixture,SaturatedMixture,4643558664311292042,4643558664311292042,4618458425399604301,4618458425399604301,true,true,4607182417634431606,4607182417634431606,2,true,true
SEAM,1494,273|R2-SIDE,true,true,REGION-2-VAPOR-SEAM-C3,REGION-2-VAPOR-SEAM-C3,SuperheatedVapor,SuperheatedVapor,4643558638509564924,4643558638509564924,4618458235412153448,4618458235412153448,false,false,0,0,2,true,true
SEAM,1495,274|R1-SIDE,true,true,REGION-1-NEAR-BOUNDARY-C2,REGION-1-NEAR-BOUNDARY-C2,SubcooledLiquid,SubcooledLiquid,4643559624067089598,4643559624067089598,4618464439386539615,4618464439386539615,false,false,0,0,2,true,true
SEAM,1496,274|R4-LIQUID-SIDE,true,true,REGION-4-MIXTURE-TABLE-C2,REGION-4-MIXTURE-TABLE-C2,SaturatedMixture,SaturatedMixture,4643559624563014310,4643559624563014310,4618464087441976685,4618464087441976685,true,true,4517209734965467477,4517209734965467477,2,true,true
SEAM,1497,274|R4-VAPOR-SIDE,true,true,REGION-4-MIXTURE-TABLE-C2,REGION-4-MIXTURE-TABLE-C2,SaturatedMixture,SaturatedMixture,4643559635785864068,4643559635785864068,4618464153616552998,4618464153616552998,true,true,4607182417258967237,4607182417258967237,2,true,true
SEAM,1498,274|R2-SIDE,true,true,REGION-2-VAPOR-SEAM-C3,REGION-2-VAPOR-SEAM-C3,SuperheatedVapor,SuperheatedVapor,4643559610486818724,4643559610486818724,4618463968330579403,4618463968330579403,false,false,0,0,2,true,true
SEAM,1499,275|R1-SIDE,true,true,REGION-1-NEAR-BOUNDARY-C2,REGION-1-NEAR-BOUNDARY-C2,SubcooledLiquid,SubcooledLiquid,4643560396785788086,4643560396785788086,4618468960070774851,4618468960070774851,false,false,0,0,2,true,true
SEAM,1500,275|R4-LIQUID-SIDE,true,true,REGION-4-MIXTURE-TABLE-C2,REGION-4-MIXTURE-TABLE-C2,SaturatedMixture,SaturatedMixture,4643560397268794906,4643560397268794906,4618468643635701405,4618468643635701405,true,true,4517223148667747956,4517223148667747956,2,true,true
SEAM,1501,275|R4-VAPOR-SIDE,true,true,REGION-4-MIXTURE-TABLE-C2,REGION-4-MIXTURE-TABLE-C2,SaturatedMixture,SaturatedMixture,4643560407216491866,4643560407216491866,4618468702291447985,4618468702291447985,true,true,4607182416413635805,4607182416413635805,2,true,true
SEAM,1502,275|R2-SIDE,true,true,REGION-2-VAPOR-SEAM-C3,REGION-2-VAPOR-SEAM-C3,SuperheatedVapor,SuperheatedVapor,4643560383063413642,4643560383063413642,4618468527822601983,4618468527822601983,false,false,0,0,2,true,true
SEAM,1503,276|R1-SIDE,true,true,REGION-1-NEAR-BOUNDARY-C2,REGION-1-NEAR-BOUNDARY-C2,SubcooledLiquid,SubcooledLiquid,4643562331353988196,4643562331353988196,4618480189303235612,4618480189303235612,false,false,0,0,2,true,true
SEAM,1504,276|R4-LIQUID-SIDE,true,true,REGION-4-MIXTURE-TABLE-C2,REGION-4-MIXTURE-TABLE-C2,SaturatedMixture,SaturatedMixture,4643562331768396314,4643562331768396314,4618480050247591361,4618480050247591361,true,true,4517290970855242984,4517290970855242984,2,true,true
SEAM,1505,276|R4-VAPOR-SIDE,true,true,REGION-4-MIXTURE-TABLE-C2,REGION-4-MIXTURE-TABLE-C2,SaturatedMixture,SaturatedMixture,4643562335342043432,4643562335342043432,4618480071319296746,4618480071319296746,true,true,4607182412173722780,4607182412173722780,2,true,true
SEAM,1506,276|R2-SIDE,true,true,REGION-2-VAPOR-SEAM-C3,REGION-2-VAPOR-SEAM-C3,SuperheatedVapor,SuperheatedVapor,4643562316893821654,4643562316893821654,4618479950836205651,4618479950836205651,false,false,0,0,2,true,true
SEAM,1507,277|R1-SIDE,true,true,REGION-1-NEAR-BOUNDARY-C2,REGION-1-NEAR-BOUNDARY-C2,SubcooledLiquid,SubcooledLiquid,4643565352423316036,4643565352423316036,4618498236581267693,4618498236581267693,false,false,0,0,2,true,true
SEAM,1508,277|R4-LIQUID-SIDE,true,true,REGION-4-MIXTURE-TABLE-C2,REGION-4-MIXTURE-TABLE-C2,SaturatedMixture,SaturatedMixture,4643565352900473780,4643565352900473780,4618497943329535168,4618497943329535168,true,true,4517231067315150051,4517231067315150051,2,true,true
SEAM,1509,277|R4-VAPOR-SIDE,true,true,REGION-4-MIXTURE-TABLE-C2,REGION-4-MIXTURE-TABLE-C2,SaturatedMixture,SaturatedMixture,4643565362001591298,4643565362001591298,4618497997307936922,4618497997307936922,true,true,4607182415913010400,4607182415913010400,2,true,true
SEAM,1510,277|R2-SIDE,true,true,REGION-2-VAPOR-SEAM-C3,REGION-2-VAPOR-SEAM-C3,SuperheatedVapor,SuperheatedVapor,4643565338586363314,4643565338586363314,4618497829274888753,4618497829274888753,false,false,0,0,2,true,true
SEAM,1511,278|R1-SIDE,true,true,REGION-1-NEAR-BOUNDARY-C2,REGION-1-NEAR-BOUNDARY-C2,SubcooledLiquid,SubcooledLiquid,4643568464504381614,4643568464504381614,4618516751843104454,4618516751843104454,false,false,0,0,2,true,true
SEAM,1512,278|R4-LIQUID-SIDE,true,true,REGION-4-MIXTURE-TABLE-C2,REGION-4-MIXTURE-TABLE-C2,SaturatedMixture,SaturatedMixture,4643568465006682618,4643568465006682618,4618516401119894783,4618516401119894783,true,true,4517208123510319320,4517208123510319320,2,true,true
SEAM,1513,278|R4-VAPOR-SIDE,true,true,REGION-4-MIXTURE-TABLE-C2,REGION-4-MIXTURE-TABLE-C2,SaturatedMixture,SaturatedMixture,4643568476174446198,4643568476174446198,4618516467355500210,4618516467355500210,true,true,4607182417315265529,4607182417315265529,2,true,true
SEAM,1514,278|R2-SIDE,true,true,REGION-2-VAPOR-SEAM-C3,REGION-2-VAPOR-SEAM-C3,SuperheatedVapor,SuperheatedVapor,4643568450887867792,4643568450887867792,4618516281306578017,4618516281306578017,false,false,0,0,2,true,true
SEAM,1515,279|R1-SIDE,true,true,REGION-1-NEAR-BOUNDARY-C2,REGION-1-NEAR-BOUNDARY-C2,SubcooledLiquid,SubcooledLiquid,4643571730359747488,4643571730359747488,4618535828322523486,4618535828322523486,false,false,0,0,2,true,true
SEAM,1516,279|R4-LIQUID-SIDE,true,true,REGION-4-MIXTURE-TABLE-C2,REGION-4-MIXTURE-TABLE-C2,SaturatedMixture,SaturatedMixture,4643571730747490304,4643571730747490304,4618535770111552544,4618535770111552544,true,true,4517322019437256819,4517322019437256819,2,true,true
SEAM,1517,279|R4-VAPOR-SIDE,true,true,REGION-4-MIXTURE-TABLE-C2,REGION-4-MIXTURE-TABLE-C2,SaturatedMixture,SaturatedMixture,4643571731406717882,4643571731406717882,4618535774021407682,4618535774021407682,true,true,4607182410238212741,4607182410238212741,2,true,true
SEAM,1518,279|R2-SIDE,true,true,REGION-2-VAPOR-SEAM-C3,REGION-2-VAPOR-SEAM-C3,SuperheatedVapor,SuperheatedVapor,4643571715533345942,4643571715533345942,4618535677547476037,4618535677547476037,false,false,0,0,2,true,true
SEAM,1519,280|R1-SIDE,true,true,REGION-1-NEAR-BOUNDARY-C2,REGION-1-NEAR-BOUNDARY-C2,SubcooledLiquid,SubcooledLiquid,4643575106629772800,4643575106629772800,4618556254461124588,4618556254461124588,false,false,0,0,2,true,true
SEAM,1520,280|R4-LIQUID-SIDE,true,true,REGION-4-MIXTURE-TABLE-C2,REGION-4-MIXTURE-TABLE-C2,SaturatedMixture,SaturatedMixture,4643575107135367410,4643575107135367410,4618555908140727189,4618555908140727189,true,true,4517208255900474043,4517208255900474043,2,true,true
SEAM,1521,280|R4-VAPOR-SIDE,true,true,REGION-4-MIXTURE-TABLE-C2,REGION-4-MIXTURE-TABLE-C2,SaturatedMixture,SaturatedMixture,4643575118130911050,4643575118130911050,4618555973736334718,4618555973736334718,true,true,4607182417281166307,4607182417281166307,2,true,true
SEAM,1522,280|R2-SIDE,true,true,REGION-2-VAPOR-SEAM-C3,REGION-2-VAPOR-SEAM-C3,SuperheatedVapor,SuperheatedVapor,4643575092964787496,4643575092964787496,4618555788092550934,4618555788092550934,false,false,0,0,2,true,true
SEAM,1523,281|R1-SIDE,true,true,REGION-1-NEAR-BOUNDARY-C2,REGION-1-NEAR-BOUNDARY-C2,SubcooledLiquid,SubcooledLiquid,4643578570115265568,4643578570115265568,4618576846884238860,4618576846884238860,false,false,0,0,2,true,true
SEAM,1524,281|R4-LIQUID-SIDE,true,true,REGION-4-MIXTURE-TABLE-C2,REGION-4-MIXTURE-TABLE-C2,SaturatedMixture,SaturatedMixture,4643578570596039434,4643578570596039434,4618576569948297863,4618576569948297863,true,true,4517235023142591817,4517235023142591817,2,true,true
SEAM,1525,281|R4-VAPOR-SIDE,true,true,REGION-4-MIXTURE-TABLE-C2,REGION-4-MIXTURE-TABLE-C2,SaturatedMixture,SaturatedMixture,4643578579104162498,4643578579104162498,4618576620704815152,4618576620704815152,true,true,4607182415598463425,4607182415598463425,2,true,true
SEAM,1526,281|R2-SIDE,true,true,REGION-2-VAPOR-SEAM-C3,REGION-2-VAPOR-SEAM-C3,SuperheatedVapor,SuperheatedVapor,4643578556143943246,4643578556143943246,4618576455988374372,4618576455988374372,false,false,0,0,2,true,true
SEAM,1527,282|R1-SIDE,true,true,REGION-1-NEAR-BOUNDARY-C2,REGION-1-NEAR-BOUNDARY-C2,SubcooledLiquid,SubcooledLiquid,4643582121522978674,4643582121522978674,4618598030898575308,4618598030898575308,false,false,0,0,2,true,true
SEAM,1528,282|R4-LIQUID-SIDE,true,true,REGION-4-MIXTURE-TABLE-C2,REGION-4-MIXTURE-TABLE-C2,SaturatedMixture,SaturatedMixture,4643582121984232806,4643582121984232806,4618597807510767690,4618597807510767690,true,true,4517255774582688993,4517255774582688993,2,true,true
SEAM,1529,282|R4-VAPOR-SIDE,true,true,REGION-4-MIXTURE-TABLE-C2,REGION-4-MIXTURE-TABLE-C2,SaturatedMixture,SaturatedMixture,4643582128558165666,4643582128558165666,4618597846957548668,4618597846957548668,true,true,4607182414319159948,4607182414319159948,2,true,true
SEAM,1530,282|R2-SIDE,true,true,REGION-2-VAPOR-SEAM-C3,REGION-2-VAPOR-SEAM-C3,SuperheatedVapor,SuperheatedVapor,4643582107319586888,4643582107319586888,4618597698356933303,4618597698356933303,false,false,0,0,2,true,true
SEAM,1531,283|R1-SIDE,true,true,REGION-1-NEAR-BOUNDARY-C2,REGION-1-NEAR-BOUNDARY-C2,SubcooledLiquid,SubcooledLiquid,4643585725743854628,4643585725743854628,4618619795726774971,4618619795726774971,false,false,0,0,2,true,true
SEAM,1532,283|R4-LIQUID-SIDE,true,true,REGION-4-MIXTURE-TABLE-C2,REGION-4-MIXTURE-TABLE-C2,SaturatedMixture,SaturatedMixture,4643585726263840156,4643585726263840156,4618619434934001964,4618619434934001964,true,true,4517199879907939554,4517199879907939554,2,true,true
SEAM,1533,283|R4-VAPOR-SIDE,true,true,REGION-4-MIXTURE-TABLE-C2,REGION-4-MIXTURE-TABLE-C2,SaturatedMixture,SaturatedMixture,4643585737770329062,4643585737770329062,4618619503978508109,4618619503978508109,true,true,4607182417735365305,4607182417735365305,2,true,true
SEAM,1534,283|R2-SIDE,true,true,REGION-2-VAPOR-SEAM-C3,REGION-2-VAPOR-SEAM-C3,SuperheatedVapor,SuperheatedVapor,4643585712101349442,4643585712101349442,4618619312502720642,4618619312502720642,false,false,0,0,2,true,true
SEAM,1535,284|R1-SIDE,true,true,REGION-1-NEAR-BOUNDARY-C2,REGION-1-NEAR-BOUNDARY-C2,SubcooledLiquid,SubcooledLiquid,4643589386801095746,4643589386801095746,4618641451577299872,4618641451577299872,false,false,0,0,2,true,true
SEAM,1536,284|R4-LIQUID-SIDE,true,true,REGION-4-MIXTURE-TABLE-C2,REGION-4-MIXTURE-TABLE-C2,SaturatedMixture,SaturatedMixture,4643589387196039168,4643589387196039168,4618641402300223644,4618641402300223644,true,true,4517325549381205036,4517325549381205036,2,true,true
SEAM,1537,284|R4-VAPOR-SIDE,true,true,REGION-4-MIXTURE-TABLE-C2,REGION-4-MIXTURE-TABLE-C2,SaturatedMixture,SaturatedMixture,4643589387518062774,4643589387518062774,4618641404232521230,4618641404232521230,true,true,4607182410015362414,4607182410015362414,2,true,true
SEAM,1538,284|R2-SIDE,true,true,REGION-2-VAPOR-SEAM-C3,REGION-2-VAPOR-SEAM-C3,SuperheatedVapor,SuperheatedVapor,4643589371845993442,4643589371845993442,4618641308918992624,4618641308918992624,false,false,0,0,2,true,true
SEAM,1539,285|R1-SIDE,true,true,REGION-1-NEAR-BOUNDARY-C2,REGION-1-NEAR-BOUNDARY-C2,SubcooledLiquid,SubcooledLiquid,4643593090801559116,4643593090801559116,4618664115760631728,4618664115760631728,false,false,0,0,2,true,true
SEAM,1540,285|R4-LIQUID-SIDE,true,true,REGION-4-MIXTURE-TABLE-C2,REGION-4-MIXTURE-TABLE-C2,SaturatedMixture,SaturatedMixture,4643593091327147630,4643593091327147630,4618663756300149307,4618663756300149307,true,true,4517198509041099740,4517198509041099740,2,true,true
SEAM,1541,285|R4-VAPOR-SIDE,true,true,REGION-4-MIXTURE-TABLE-C2,REGION-4-MIXTURE-TABLE-C2,SaturatedMixture,SaturatedMixture,4643593102772221276,4643593102772221276,4618663825376386713,4618663825376386713,true,true,4607182417782672721,4607182417782672721,2,true,true
SEAM,1542,285|R2-SIDE,true,true,REGION-2-VAPOR-SEAM-C3,REGION-2-VAPOR-SEAM-C3,SuperheatedVapor,SuperheatedVapor,4643593077122781806,4643593077122781806,4618663633275633656,4618663633275633656,false,false,0,0,2,true,true
SEAM,1543,286|R1-SIDE,true,true,REGION-1-NEAR-BOUNDARY-C2,REGION-1-NEAR-BOUNDARY-C2,SubcooledLiquid,SubcooledLiquid,4643596819660641292,4643596819660641292,4618686479730301442,4618686479730301442,false,false,0,0,2,true,true
SEAM,1544,286|R4-LIQUID-SIDE,true,true,REGION-4-MIXTURE-TABLE-C2,REGION-4-MIXTURE-TABLE-C2,SaturatedMixture,SaturatedMixture,4643596820130378646,4643596820130378646,4618686261327662878,4618686261327662878,true,true,4517255780900464148,4517255780900464148,2,true,true
SEAM,1545,286|R4-VAPOR-SIDE,true,true,REGION-4-MIXTURE-TABLE-C2,REGION-4-MIXTURE-TABLE-C2,SaturatedMixture,SaturatedMixture,4643596826517793620,4643596826517793620,4618686299878624372,4618686299878624372,true,true,4607182414261525009,4607182414261525009,2,true,true
SEAM,1546,286|R2-SIDE,true,true,REGION-2-VAPOR-SEAM-C3,REGION-2-VAPOR-SEAM-C3,SuperheatedVapor,SuperheatedVapor,4643596805369854544,4643596805369854544,4618686151168712262,4618686151168712262,false,false,0,0,2,true,true
SEAM,1547,287|R1-SIDE,true,true,REGION-1-NEAR-BOUNDARY-C2,REGION-1-NEAR-BOUNDARY-C2,SubcooledLiquid,SubcooledLiquid,4643600582424873638,4643600582424873638,4618709351210840079,4618709351210840079,false,false,0,0,2,true,true
SEAM,1548,287|R4-LIQUID-SIDE,true,true,REGION-4-MIXTURE-TABLE-C2,REGION-4-MIXTURE-TABLE-C2,SaturatedMixture,SaturatedMixture,4643600582930500616,4643600582930500616,4618709053672394642,4618709053672394642,true,true,4517222294789514621,4517222294789514621,2,true,true
SEAM,1549,287|R4-VAPOR-SIDE,true,true,REGION-4-MIXTURE-TABLE-C2,REGION-4-MIXTURE-TABLE-C2,SaturatedMixture,SaturatedMixture,4643600592143495134,4643600592143495134,4618709109600514834,4618709109600514834,true,true,4607182416300428380,4607182416300428380,2,true,true
SEAM,1550,287|R2-SIDE,true,true,REGION-2-VAPOR-SEAM-C3,REGION-2-VAPOR-SEAM-C3,SuperheatedVapor,SuperheatedVapor,4643600568458037008,4643600568458037008,4618708935798215267,4618708935798215267,false,false,0,0,2,true,true
SEAM,1551,288|R1-SIDE,true,true,REGION-1-NEAR-BOUNDARY-C2,REGION-1-NEAR-BOUNDARY-C2,SubcooledLiquid,SubcooledLiquid,4643604356896449210,4643604356896449210,4618732285893842224,4618732285893842224,false,false,0,0,2,true,true
SEAM,1552,288|R4-LIQUID-SIDE,true,true,REGION-4-MIXTURE-TABLE-C2,REGION-4-MIXTURE-TABLE-C2,SaturatedMixture,SaturatedMixture,4643604357413930370,4643604357413930370,4618731966935015378,4618731966935015378,true,true,4517212563062824321,4517212563062824321,2,true,true
SEAM,1553,288|R4-VAPOR-SIDE,true,true,REGION-4-MIXTURE-TABLE-C2,REGION-4-MIXTURE-TABLE-C2,SaturatedMixture,SaturatedMixture,4643604367399392860,4643604367399392860,4618732027552455822,4618732027552455822,true,true,4607182416860778474,4607182416860778474,2,true,true
SEAM,1554,288|R2-SIDE,true,true,REGION-2-VAPOR-SEAM-C3,REGION-2-VAPOR-SEAM-C3,SuperheatedVapor,SuperheatedVapor,4643604343003473316,4643604343003473316,4618731846603611479,4618731846603611479,false,false,0,0,2,true,true
SEAM,1555,289|R1-SIDE,true,true,REGION-1-NEAR-BOUNDARY-C2,REGION-1-NEAR-BOUNDARY-C2,SubcooledLiquid,SubcooledLiquid,4643608142015693048,4643608142015693048,4618755168484978417,4618755168484978417,false,false,0,0,2,true,true
SEAM,1556,289|R4-LIQUID-SIDE,true,true,REGION-4-MIXTURE-TABLE-C2,REGION-4-MIXTURE-TABLE-C2,SaturatedMixture,SaturatedMixture,4643608142479671850,4643608142479671850,4618754983306370096,4618754983306370096,true,true,4517268135096348796,4517268135096348796,2,true,true
SEAM,1557,289|R4-VAPOR-SIDE,true,true,REGION-4-MIXTURE-TABLE-C2,REGION-4-MIXTURE-TABLE-C2,SaturatedMixture,SaturatedMixture,4643608147656465236,4643608147656465236,4618755014914961668,4618755014914961668,true,true,4607182413493328439,4607182413493328439,2,true,true
SEAM,1558,289|R2-SIDE,true,true,REGION-2-VAPOR-SEAM-C3,REGION-2-VAPOR-SEAM-C3,SuperheatedVapor,SuperheatedVapor,4643608127533911150,4643608127533911150,4618754875244923807,4618754875244923807,false,false,0,0,2,true,true
SEAM,1559,290|R1-SIDE,true,true,REGION-1-NEAR-BOUNDARY-C2,REGION-1-NEAR-BOUNDARY-C2,SubcooledLiquid,SubcooledLiquid,4643611938223166306,4643611938223166306,4618778527943939059,4618778527943939059,false,false,0,0,2,true,true
SEAM,1560,290|R4-LIQUID-SIDE,true,true,REGION-4-MIXTURE-TABLE-C2,REGION-4-MIXTURE-TABLE-C2,SaturatedMixture,SaturatedMixture,4643611938766341086,4643611938766341086,4618778162766299344,4618778162766299344,true,true,4517191119206274545,4517191119206274545,2,true,true
SEAM,1561,290|R4-VAPOR-SIDE,true,true,REGION-4-MIXTURE-TABLE-C2,REGION-4-MIXTURE-TABLE-C2,SaturatedMixture,SaturatedMixture,4643611950397584054,4643611950397584054,4618778233784626916,4618778233784626916,true,true,4607182418123598936,4607182418123598936,2,true,true
SEAM,1562,290|R2-SIDE,true,true,REGION-2-VAPOR-SEAM-C3,REGION-2-VAPOR-SEAM-C3,SuperheatedVapor,SuperheatedVapor,4643611924486853480,4643611924486853480,4618778037234443970,4618778037234443970,false,false,0,0,2,true,true
SEAM,1563,291|R1-SIDE,true,true,REGION-1-NEAR-BOUNDARY-C2,REGION-1-NEAR-BOUNDARY-C2,SubcooledLiquid,SubcooledLiquid,4643615726273006090,4643615726273006090,4618801348198898164,4618801348198898164,false,false,0,0,2,true,true
SEAM,1564,291|R4-LIQUID-SIDE,true,true,REGION-4-MIXTURE-TABLE-C2,REGION-4-MIXTURE-TABLE-C2,SaturatedMixture,SaturatedMixture,4643615726687485952,4643615726687485952,4618801291147805426,4618801291147805426,true,true,4517322280703145781,4517322280703145781,2,true,true
SEAM,1565,291|R4-VAPOR-SIDE,true,true,REGION-4-MIXTURE-TABLE-C2,REGION-4-MIXTURE-TABLE-C2,SaturatedMixture,SaturatedMixture,4643615727265027116,4643615727265027116,4618801294674170386,4618801294674170386,true,true,4607182410206030668,4607182410206030668,2,true,true
SEAM,1566,291|R2-SIDE,true,true,REGION-2-VAPOR-SEAM-C3,REGION-2-VAPOR-SEAM-C3,SuperheatedVapor,SuperheatedVapor,4643615711222262570,4643615711222262570,4618801194601073765,4618801194601073765,false,false,0,0,2,true,true
SEAM,1567,292|R1-SIDE,true,true,REGION-1-NEAR-BOUNDARY-C2,REGION-1-NEAR-BOUNDARY-C2,SubcooledLiquid,SubcooledLiquid,4643619514576813978,4643619514576813978,4618824914094475491,4618824914094475491,false,false,0,0,2,true,true
SEAM,1568,292|R4-LIQUID-SIDE,true,true,REGION-4-MIXTURE-TABLE-C2,REGION-4-MIXTURE-TABLE-C2,SaturatedMixture,SaturatedMixture,4643619515125059690,4643619515125059690,4618824552912166199,4618824552912166199,true,true,4517190718411643393,4517190718411643393,2,true,true
SEAM,1569,292|R4-VAPOR-SIDE,true,true,REGION-4-MIXTURE-TABLE-C2,REGION-4-MIXTURE-TABLE-C2,SaturatedMixture,SaturatedMixture,4643619526599800542,4643619526599800542,4618824623381100451,4618824623381100451,true,true,4607182418104759045,4607182418104759045,2,true,true
SEAM,1570,292|R2-SIDE,true,true,REGION-2-VAPOR-SEAM-C3,REGION-2-VAPOR-SEAM-C3,SuperheatedVapor,SuperheatedVapor,4643619500801642320,4643619500801642320,4618824427099155464,4618824427099155464,false,false,0,0,2,true,true
SEAM,1571,293|R1-SIDE,true,true,REGION-1-NEAR-BOUNDARY-C2,REGION-1-NEAR-BOUNDARY-C2,SubcooledLiquid,SubcooledLiquid,4643623293546623068,4643623293546623068,4618847970398012723,4618847970398012723,false,false,0,0,2,true,true
SEAM,1572,293|R4-LIQUID-SIDE,true,true,REGION-4-MIXTURE-TABLE-C2,REGION-4-MIXTURE-TABLE-C2,SaturatedMixture,SaturatedMixture,4643623294032320618,4643623294032320618,4618847760021654126,4618847760021654126,true,true,4517255433240713066,4517255433240713066,2,true,true
SEAM,1573,293|R4-VAPOR-SIDE,true,true,REGION-4-MIXTURE-TABLE-C2,REGION-4-MIXTURE-TABLE-C2,SaturatedMixture,SaturatedMixture,4643623300104017936,4643623300104017936,4618847797309296998,4618847797309296998,true,true,4607182414200736610,4607182414200736610,2,true,true
SEAM,1574,293|R2-SIDE,true,true,REGION-2-VAPOR-SEAM-C3,REGION-2-VAPOR-SEAM-C3,SuperheatedVapor,SuperheatedVapor,4643623279106355928,4643623279106355928,4618847648076021594,4618847648076021594,false,false,0,0,2,true,true
SEAM,1575,294|R1-SIDE,true,true,REGION-1-NEAR-BOUNDARY-C2,REGION-1-NEAR-BOUNDARY-C2,SubcooledLiquid,SubcooledLiquid,4643627053746648020,4643627053746648020,4618871242636788098,4618871242636788098,false,false,0,0,2,true,true
SEAM,1576,294|R4-LIQUID-SIDE,true,true,REGION-4-MIXTURE-TABLE-C2,REGION-4-MIXTURE-TABLE-C2,SaturatedMixture,SaturatedMixture,4643627054275683618,4643627054275683618,4618870938594959411,4618870938594959411,true,true,4517213719034591007,4517213719034591007,2,true,true
SEAM,1577,294|R4-VAPOR-SIDE,true,true,REGION-4-MIXTURE-TABLE-C2,REGION-4-MIXTURE-TABLE-C2,SaturatedMixture,SaturatedMixture,4643627063691853010,4643627063691853010,4618870996756407488,4618870996756407488,true,true,4607182416692181222,4607182416692181222,2,true,true
SEAM,1578,294|R2-SIDE,true,true,REGION-2-VAPOR-SEAM-C3,REGION-2-VAPOR-SEAM-C3,SuperheatedVapor,SuperheatedVapor,4643627039689760674,4643627039689760674,4618870817408468537,4618870817408468537,false,false,0,0,2,true,true
SEAM,1579,295|R1-SIDE,true,true,REGION-1-NEAR-BOUNDARY-C2,REGION-1-NEAR-BOUNDARY-C2,SubcooledLiquid,SubcooledLiquid,4643630806651498406,4643630806651498406,4618894435563765464,4618894435563765464,false,false,0,0,2,true,true
SEAM,1580,295|R4-LIQUID-SIDE,true,true,REGION-4-MIXTURE-TABLE-C2,REGION-4-MIXTURE-TABLE-C2,SaturatedMixture,SaturatedMixture,4643630807189400892,4643630807189400892,4618894119454085714,4618894119454085714,true,true,4517207538776793075,4517207538776793075,2,true,true
SEAM,1581,295|R4-VAPOR-SIDE,true,true,REGION-4-MIXTURE-TABLE-C2,REGION-4-MIXTURE-TABLE-C2,SaturatedMixture,SaturatedMixture,4643630817042658656,4643630817042658656,4618894180315325088,4618894180315325088,true,true,4607182417031432379,4607182417031432379,2,true,true
SEAM,1582,295|R2-SIDE,true,true,REGION-2-VAPOR-SEAM-C3,REGION-2-VAPOR-SEAM-C3,SuperheatedVapor,SuperheatedVapor,4643630792638477000,4643630792638477000,4618893996761646650,4618893996761646650,false,false,0,0,2,true,true
SEAM,1583,296|R1-SIDE,true,true,REGION-1-TABLE-C2,REGION-1-TABLE-C2,SubcooledLiquid,SubcooledLiquid,4643633428284047360,4643633428284047360,4618910381578604084,4618910381578604084,false,false,0,0,2,true,true
SEAM,1584,296|R4-LIQUID-SIDE,true,true,REGION-4-MIXTURE-TABLE-C2,REGION-4-MIXTURE-TABLE-C2,SaturatedMixture,SaturatedMixture,4643633428284047360,4643633428284047360,4618910309334891324,4618910309334891324,true,true,4517329193108123279,4517329193108123279,2,true,true
SEAM,1585,296|R4-VAPOR-SIDE,true,true,REGION-4-MIXTURE-TABLE-C2,REGION-4-MIXTURE-TABLE-C2,SaturatedMixture,SaturatedMixture,4643633428284047360,4643633428284047360,4618910309334891324,4618910309334891324,true,true,4607182409792818153,4607182409792818153,2,true,true
SEAM,1586,296|R2-SIDE,true,true,REGION-2-VAPOR-SEAM-C3,REGION-2-VAPOR-SEAM-C3,SuperheatedVapor,SuperheatedVapor,4643633412646408198,4643633412646408198,4618910212477423025,4618910212477423025,false,false,0,0,2,true,true
SEAM,1587,297|R1-SIDE,true,true,REGION-1-NEAR-BOUNDARY-C2,REGION-1-NEAR-BOUNDARY-C2,SubcooledLiquid,SubcooledLiquid,4643634531702480274,4643634531702480274,4618917353340912310,4618917353340912310,false,false,0,0,2,true,true
SEAM,1588,297|R4-LIQUID-SIDE,true,true,REGION-4-MIXTURE-TABLE-C2,REGION-4-MIXTURE-TABLE-C2,SaturatedMixture,SaturatedMixture,4643634532185915434,4643634532185915434,4618917167267274192,4618917167267274192,true,true,4517264586750510091,4517264586750510091,2,true,true
SEAM,1589,297|R4-VAPOR-SIDE,true,true,REGION-4-MIXTURE-TABLE-C2,REGION-4-MIXTURE-TABLE-C2,SaturatedMixture,SaturatedMixture,4643634537368068970,4643634537368068970,4618917199461130904,4618917199461130904,true,true,4607182413635892216,4607182413635892216,2,true,true
SEAM,1590,297|R2-SIDE,true,true,REGION-2-VAPOR-SEAM-C3,REGION-2-VAPOR-SEAM-C3,SuperheatedVapor,SuperheatedVapor,4643634517103270318,4643634517103270318,4618917056540819081,4618917056540819081,false,false,0,0,2,true,true
SEAM,1591,298|R1-SIDE,true,true,REGION-1-NEAR-BOUNDARY-C2,REGION-1-NEAR-BOUNDARY-C2,SubcooledLiquid,SubcooledLiquid,4643638237674363024,4643638237674363024,4618940558359169517,4618940558359169517,false,false,0,0,2,true,true
SEAM,1592,298|R4-LIQUID-SIDE,true,true,REGION-4-MIXTURE-TABLE-C2,REGION-4-MIXTURE-TABLE-C2,SaturatedMixture,SaturatedMixture,4643638238241789394,4643638238241789394,4618940190944763830,4618940190944763830,true,true,4517182628582482467,4517182628582482467,2,true,true
SEAM,1593,298|R4-VAPOR-SIDE,true,true,REGION-4-MIXTURE-TABLE-C2,REGION-4-MIXTURE-TABLE-C2,SaturatedMixture,SaturatedMixture,4643638249921154186,4643638249921154186,4618940263502204265,4618940263502204265,true,true,4607182418470469650,4607182418470469650,2,true,true
SEAM,1594,298|R2-SIDE,true,true,REGION-2-VAPOR-SEAM-C3,REGION-2-VAPOR-SEAM-C3,SuperheatedVapor,SuperheatedVapor,4643638223850688144,4643638223850688144,4618940062603897755,4618940062603897755,false,false,0,0,2,true,true
SEAM,1595,299|R1-SIDE,true,true,REGION-1-NEAR-BOUNDARY-C2,REGION-1-NEAR-BOUNDARY-C2,SubcooledLiquid,SubcooledLiquid,4643641922718828020,4643641922718828020,4618963168284533245,4618963168284533245,false,false,0,0,2,true,true
SEAM,1596,299|R4-LIQUID-SIDE,true,true,REGION-4-MIXTURE-TABLE-C2,REGION-4-MIXTURE-TABLE-C2,SaturatedMixture,SaturatedMixture,4643641923162424362,4643641923162424362,4618963083320691202,4618963083320691202,true,true,4517309541595618168,4517309541595618168,2,true,true
SEAM,1597,299|R4-VAPOR-SIDE,true,true,REGION-4-MIXTURE-TABLE-C2,REGION-4-MIXTURE-TABLE-C2,SaturatedMixture,SaturatedMixture,4643641924718300946,4643641924718300946,4618963092986492776,4618963092986492776,true,true,4607182410951273361,4607182410951273361,2,true,true
SEAM,1598,299|R2-SIDE,true,true,REGION-2-VAPOR-SEAM-C3,REGION-2-VAPOR-SEAM-C3,SuperheatedVapor,SuperheatedVapor,4643641907647996052,4643641907647996052,4618962981498744314,4618962981498744314,false,false,0,0,2,true,true
SEAM,1599,300|R1-SIDE,true,true,REGION-1-NEAR-BOUNDARY-C2,REGION-1-NEAR-BOUNDARY-C2,SubcooledLiquid,SubcooledLiquid,4643645570674051158,4643645570674051158,4618986218817650085,4618986218817650085,false,false,0,0,2,true,true
SEAM,1600,300|R4-LIQUID-SIDE,true,true,REGION-4-MIXTURE-TABLE-C2,REGION-4-MIXTURE-TABLE-C2,SaturatedMixture,SaturatedMixture,4643645571241119416,4643645571241119416,4618985866730467569,4618985866730467569,true,true,4517187424893027918,4517187424893027918,2,true,true
SEAM,1601,300|R4-VAPOR-SIDE,true,true,REGION-4-MIXTURE-TABLE-C2,REGION-4-MIXTURE-TABLE-C2,SaturatedMixture,SaturatedMixture,4643645582358568690,4643645582358568690,4618985936195356706,4618985936195356706,true,true,4607182418146180777,4607182418146180777,2,true,true
SEAM,1602,300|R2-SIDE,true,true,REGION-2-VAPOR-SEAM-C3,REGION-2-VAPOR-SEAM-C3,SuperheatedVapor,SuperheatedVapor,4643645556755079406,4643645556755079406,4618985739131222865,4618985739131222865,false,false,0,0,2,true,true
SEAM,1603,301|R1-SIDE,true,true,REGION-1-NEAR-BOUNDARY-C2,REGION-1-NEAR-BOUNDARY-C2,SubcooledLiquid,SubcooledLiquid,4643649195054420044,4643649195054420044,4619008770318572820,4619008770318572820,false,false,0,0,2,true,true
SEAM,1604,301|R4-LIQUID-SIDE,true,true,REGION-4-MIXTURE-TABLE-C2,REGION-4-MIXTURE-TABLE-C2,SaturatedMixture,SaturatedMixture,4643649195581892938,4643649195581892938,4619008512611173703,4619008512611173703,true,true,4517229837375359277,4517229837375359277,2,true,true
SEAM,1605,301|R4-VAPOR-SIDE,true,true,REGION-4-MIXTURE-TABLE-C2,REGION-4-MIXTURE-TABLE-C2,SaturatedMixture,SaturatedMixture,4643649203322931218,4643649203322931218,4619008560979315804,4619008560979315804,true,true,4607182415623955086,4607182415623955086,2,true,true
SEAM,1606,301|R2-SIDE,true,true,REGION-2-VAPOR-SEAM-C3,REGION-2-VAPOR-SEAM-C3,SuperheatedVapor,SuperheatedVapor,4643649180705592422,4643649180705592422,4619008393577461981,4619008393577461981,false,false,0,0,2,true,true
SEAM,1607,302|R1-SIDE,true,true,REGION-1-NEAR-BOUNDARY-C2,REGION-1-NEAR-BOUNDARY-C2,SubcooledLiquid,SubcooledLiquid,4643652790315705902,4643652790315705902,4619031294292117686,4619031294292117686,false,false,0,0,2,true,true
SEAM,1608,302|R4-LIQUID-SIDE,true,true,REGION-4-MIXTURE-TABLE-C2,REGION-4-MIXTURE-TABLE-C2,SaturatedMixture,SaturatedMixture,4643652790843350770,4643652790843350770,4619031040481495020,4619031040481495020,true,true,4517230905758368147,4517230905758368147,2,true,true
SEAM,1609,302|R4-VAPOR-SIDE,true,true,REGION-4-MIXTURE-TABLE-C2,REGION-4-MIXTURE-TABLE-C2,SaturatedMixture,SaturatedMixture,4643652798432309082,4643652798432309082,4619031088172395220,4619031088172395220,true,true,4607182415560541216,4607182415560541216,2,true,true
SEAM,1610,302|R2-SIDE,true,true,REGION-2-VAPOR-SEAM-C3,REGION-2-VAPOR-SEAM-C3,SuperheatedVapor,SuperheatedVapor,4643652775923145756,4643652775923145756,4619030921408338551,4619030921408338551,false,false,0,0,2,true,true
SEAM,1611,303|R1-SIDE,true,true,REGION-1-NEAR-BOUNDARY-C2,REGION-1-NEAR-BOUNDARY-C2,SubcooledLiquid,SubcooledLiquid,4643656354159878254,4643656354159878254,4619053792733229861,4619053792733229861,false,false,0,0,2,true,true
SEAM,1612,303|R4-LIQUID-SIDE,true,true,REGION-4-MIXTURE-TABLE-C2,REGION-4-MIXTURE-TABLE-C2,SaturatedMixture,SaturatedMixture,4643656354737823992,4643656354737823992,4619053436880140768,4619053436880140768,true,true,4517182587937317071,4517182587937317071,2,true,true
SEAM,1613,303|R4-VAPOR-SIDE,true,true,REGION-4-MIXTURE-TABLE-C2,REGION-4-MIXTURE-TABLE-C2,SaturatedMixture,SaturatedMixture,4643656365984278714,4643656365984278714,4619053507555657458,4619053507555657458,true,true,4607182418357886139,4607182418357886139,2,true,true
SEAM,1614,303|R2-SIDE,true,true,REGION-2-VAPOR-SEAM-C3,REGION-2-VAPOR-SEAM-C3,SuperheatedVapor,SuperheatedVapor,4643656340205221150,4643656340205221150,4619053307683596519,4619053307683596519,false,false,0,0,2,true,true
SEAM,1615,304|R1-SIDE,true,true,REGION-1-NEAR-BOUNDARY-C2,REGION-1-NEAR-BOUNDARY-C2,SubcooledLiquid,SubcooledLiquid,4643659887631367756,4643659887631367756,4619075696347603909,4619075696347603909,false,false,0,0,2,true,true
SEAM,1616,304|R4-LIQUID-SIDE,true,true,REGION-4-MIXTURE-TABLE-C2,REGION-4-MIXTURE-TABLE-C2,SaturatedMixture,SaturatedMixture,4643659888071439134,4643659888071439134,4619075643809474207,4619075643809474207,true,true,4517324190853613551,4517324190853613551,2,true,true
SEAM,1617,304|R4-VAPOR-SIDE,true,true,REGION-4-MIXTURE-TABLE-C2,REGION-4-MIXTURE-TABLE-C2,SaturatedMixture,SaturatedMixture,4643659888452795394,4643659888452795394,4619075646219785436,4619075646219785436,true,true,4607182410086039979,4607182410086039979,2,true,true
SEAM,1618,304|R2-SIDE,true,true,REGION-2-VAPOR-SEAM-C3,REGION-2-VAPOR-SEAM-C3,SuperheatedVapor,SuperheatedVapor,4643659872330376604,4643659872330376604,4619075543352038176,4619075543352038176,false,false,0,0,2,true,true
SEAM,1619,305|R1-SIDE,true,true,REGION-1-NEAR-BOUNDARY-C2,REGION-1-NEAR-BOUNDARY-C2,SubcooledLiquid,SubcooledLiquid,4643663385235993478,4643663385235993478,4619098110604253159,4619098110604253159,false,false,0,0,2,true,true
SEAM,1620,305|R4-LIQUID-SIDE,true,true,REGION-4-MIXTURE-TABLE-C2,REGION-4-MIXTURE-TABLE-C2,SaturatedMixture,SaturatedMixture,4643663385821906370,4643663385821906370,4619097750873412562,4619097750873412562,true,true,4517178632371085518,4517178632371085518,2,true,true
SEAM,1621,305|R4-VAPOR-SIDE,true,true,REGION-4-MIXTURE-TABLE-C2,REGION-4-MIXTURE-TABLE-C2,SaturatedMixture,SaturatedMixture,4643663397194687078,4643663397194687078,4619097822753551691,4619097822753551691,true,true,4607182418553623824,4607182418553623824,2,true,true
SEAM,1622,305|R2-SIDE,true,true,REGION-2-VAPOR-SEAM-C3,REGION-2-VAPOR-SEAM-C3,SuperheatedVapor,SuperheatedVapor,4643663371268678014,4643663371268678014,4619097620591586071,4619097620591586071,false,false,0,0,2,true,true
SEAM,1623,306|R1-SIDE,true,true,REGION-1-NEAR-BOUNDARY-C2,REGION-1-NEAR-BOUNDARY-C2,SubcooledLiquid,SubcooledLiquid,4643666850631243398,4643666850631243398,4619119905754152266,4619119905754152266,false,false,0,0,2,true,true
SEAM,1624,306|R4-LIQUID-SIDE,true,true,REGION-4-MIXTURE-TABLE-C2,REGION-4-MIXTURE-TABLE-C2,SaturatedMixture,SaturatedMixture,4643666851170261544,4643666851170261544,4619119653144136018,4619119653144136018,true,true,4517228744059329801,4517228744059329801,2,true,true
SEAM,1625,306|R4-VAPOR-SIDE,true,true,REGION-4-MIXTURE-TABLE-C2,REGION-4-MIXTURE-TABLE-C2,SaturatedMixture,SaturatedMixture,4643666858711081338,4643666858711081338,4619119700804878816,4619119700804878816,true,true,4607182415613000135,4607182415613000135,2,true,true
SEAM,1626,306|R2-SIDE,true,true,REGION-2-VAPOR-SEAM-C3,REGION-2-VAPOR-SEAM-C3,SuperheatedVapor,SuperheatedVapor,4643666836174049580,4643666836174049580,4619119532710749872,4619119532710749872,false,false,0,0,2,true,true
SEAM,1627,307|R1-SIDE,true,true,REGION-1-NEAR-BOUNDARY-C2,REGION-1-NEAR-BOUNDARY-C2,SubcooledLiquid,SubcooledLiquid,4643670280856788984,4643670280856788984,4619141638991245834,4619141638991245834,false,false,0,0,2,true,true
SEAM,1628,307|R4-LIQUID-SIDE,true,true,REGION-4-MIXTURE-TABLE-C2,REGION-4-MIXTURE-TABLE-C2,SaturatedMixture,SaturatedMixture,4643670281395163290,4643670281395163290,4619141393935456446,4619141393935456446,true,true,4517231620711765108,4517231620711765108,2,true,true
SEAM,1629,307|R4-VAPOR-SIDE,true,true,REGION-4-MIXTURE-TABLE-C2,REGION-4-MIXTURE-TABLE-C2,SaturatedMixture,SaturatedMixture,4643670288652555172,4643670288652555172,4619141440068006708,4619141440068006708,true,true,4607182415444621061,4607182415444621061,2,true,true
SEAM,1630,307|R2-SIDE,true,true,REGION-2-VAPOR-SEAM-C3,REGION-2-VAPOR-SEAM-C3,SuperheatedVapor,SuperheatedVapor,4643670266359933642,4643670266359933642,4619141274029886085,4619141274029886085,false,false,0,0,2,true,true
SEAM,1631,308|R1-SIDE,true,true,REGION-1-NEAR-BOUNDARY-C2,REGION-1-NEAR-BOUNDARY-C2,SubcooledLiquid,SubcooledLiquid,4643673675223378802,4643673675223378802,4619163334900606942,4619163334900606942,false,false,0,0,2,true,true
SEAM,1632,308|R4-LIQUID-SIDE,true,true,REGION-4-MIXTURE-TABLE-C2,REGION-4-MIXTURE-TABLE-C2,SaturatedMixture,SaturatedMixture,4643673675821506418,4643673675821506418,4619162971045584510,4619162971045584510,true,true,4517173446488137061,4517173446488137061,2,true,true
SEAM,1633,308|R4-VAPOR-SIDE,true,true,REGION-4-MIXTURE-TABLE-C2,REGION-4-MIXTURE-TABLE-C2,SaturatedMixture,SaturatedMixture,4643673687334569910,4643673687334569910,4619163044229861861,4619163044229861861,true,true,4607182418778493239,4607182418778493239,2,true,true
SEAM,1634,308|R2-SIDE,true,true,REGION-2-VAPOR-SEAM-C3,REGION-2-VAPOR-SEAM-C3,SuperheatedVapor,SuperheatedVapor,4643673661241121086,4643673661241121086,4619162839339973670,4619162839339973670,false,false,0,0,2,true,true
SEAM,1635,309|R1-SIDE,true,true,REGION-1-NEAR-BOUNDARY-C2,REGION-1-NEAR-BOUNDARY-C2,SubcooledLiquid,SubcooledLiquid,4643677035573614324,4643677035573614324,4619184426453339318,4619184426453339318,false,false,0,0,2,true,true
SEAM,1636,309|R4-LIQUID-SIDE,true,true,REGION-4-MIXTURE-TABLE-C2,REGION-4-MIXTURE-TABLE-C2,SaturatedMixture,SaturatedMixture,4643677036046861772,4643677036046861772,4619184330752709826,4619184330752709826,true,true,4517303208192920883,4517303208192920883,2,true,true
SEAM,1637,309|R4-VAPOR-SIDE,true,true,REGION-4-MIXTURE-TABLE-C2,REGION-4-MIXTURE-TABLE-C2,SaturatedMixture,SaturatedMixture,4643677037956142678,4643677037956142678,4619184342889300860,4619184342889300860,true,true,4607182411287602503,4607182411287602503,2,true,true
SEAM,1638,309|R2-SIDE,true,true,REGION-2-VAPOR-SEAM-C3,REGION-2-VAPOR-SEAM-C3,SuperheatedVapor,SuperheatedVapor,4643677020373984810,4643677020373984810,4619184224401302606,4619184224401302606,false,false,0,0,2,true,true
SEAM,1639,310|R1-SIDE,true,true,REGION-1-NEAR-BOUNDARY-C2,REGION-1-NEAR-BOUNDARY-C2,SubcooledLiquid,SubcooledLiquid,4643680357585580666,4643680357585580666,4619205892051784460,4619205892051784460,false,false,0,0,2,true,true
SEAM,1640,310|R4-LIQUID-SIDE,true,true,REGION-4-MIXTURE-TABLE-C2,REGION-4-MIXTURE-TABLE-C2,SaturatedMixture,SaturatedMixture,4643680358176483908,4643680358176483908,4619205555685236490,4619205555685236490,true,true,4517184793213981966,4517184793213981966,2,true,true
SEAM,1641,310|R4-VAPOR-SIDE,true,true,REGION-4-MIXTURE-TABLE-C2,REGION-4-MIXTURE-TABLE-C2,SaturatedMixture,SaturatedMixture,4643680368692899466,4643680368692899466,4619205622917085070,4619205622917085070,true,true,4607182418092042135,4607182418092042135,2,true,true
SEAM,1642,310|R2-SIDE,true,true,REGION-2-VAPOR-SEAM-C3,REGION-2-VAPOR-SEAM-C3,SuperheatedVapor,SuperheatedVapor,4643680343452680356,4643680343452680356,4619205425949120656,4619205425949120656,false,false,0,0,2,true,true
SEAM,1643,311|R1-SIDE,true,true,REGION-1-NEAR-BOUNDARY-C2,REGION-1-NEAR-BOUNDARY-C2,SubcooledLiquid,SubcooledLiquid,4643683644565290242,4643683644565290242,4619226883375007998,4619226883375007998,false,false,0,0,2,true,true
SEAM,1644,311|R4-LIQUID-SIDE,true,true,REGION-4-MIXTURE-TABLE-C2,REGION-4-MIXTURE-TABLE-C2,SaturatedMixture,SaturatedMixture,4643683645148701506,4643683645148701506,4619226569424863576,4619226569424863576,true,true,4517194945551570370,4517194945551570370,2,true,true
SEAM,1645,311|R4-VAPOR-SIDE,true,true,REGION-4-MIXTURE-TABLE-C2,REGION-4-MIXTURE-TABLE-C2,SaturatedMixture,SaturatedMixture,4643683654867638732,4643683654867638732,4619226631558402520,4619226631558402520,true,true,4607182417476905707,4607182417476905707,2,true,true
SEAM,1646,311|R2-SIDE,true,true,REGION-2-VAPOR-SEAM-C3,REGION-2-VAPOR-SEAM-C3,SuperheatedVapor,SuperheatedVapor,4643683630318402862,4643683630318402862,4619226441443830197,4619226441443830197,false,false,0,0,2,true,true
SEAM,1647,312|R1-SIDE,true,true,REGION-1-NEAR-BOUNDARY-C2,REGION-1-NEAR-BOUNDARY-C2,SubcooledLiquid,SubcooledLiquid,4643686896046454034,4643686896046454034,4619247519315388033,4619247519315388033,false,false,0,0,2,true,true
SEAM,1648,312|R4-LIQUID-SIDE,true,true,REGION-4-MIXTURE-TABLE-C2,REGION-4-MIXTURE-TABLE-C2,SaturatedMixture,SaturatedMixture,4643686896547041604,4643686896547041604,4619247381024936798,4619247381024936798,true,true,4517281495263032743,4517281495263032743,2,true,true
SEAM,1649,312|R4-VAPOR-SIDE,true,true,REGION-4-MIXTURE-TABLE-C2,REGION-4-MIXTURE-TABLE-C2,SaturatedMixture,SaturatedMixture,4643686899969973202,4643686899969973202,4619247403032996897,4619247403032996897,true,true,4607182412524029108,4607182412524029108,2,true,true
SEAM,1650,312|R2-SIDE,true,true,REGION-2-VAPOR-SEAM-C3,REGION-2-VAPOR-SEAM-C3,SuperheatedVapor,SuperheatedVapor,4643686880986788824,4643686880986788824,4619247269572536806,4619247269572536806,false,false,0,0,2,true,true
SEAM,1651,313|R1-SIDE,true,true,REGION-1-NEAR-BOUNDARY-C2,REGION-1-NEAR-BOUNDARY-C2,SubcooledLiquid,SubcooledLiquid,4643690109600268846,4643690109600268846,4619268411687285375,4619268411687285375,false,false,0,0,2,true,true
SEAM,1652,313|R4-LIQUID-SIDE,true,true,REGION-4-MIXTURE-TABLE-C2,REGION-4-MIXTURE-TABLE-C2,SaturatedMixture,SaturatedMixture,4643690110215463330,4643690110215463330,4619268043607810662,4619268043607810662,true,true,4517166011499209499,4517166011499209499,2,true,true
SEAM,1653,313|R4-VAPOR-SIDE,true,true,REGION-4-VAPOR-SEAM-C3,REGION-4-VAPOR-SEAM-C3,SaturatedMixture,SaturatedMixture,4643690112542030390,4643690112542030390,4619268018820903084,4619268018820903084,true,true,4607182418800017408,4607182418800017408,2,true,true
SEAM,1654,313|R2-SIDE,true,true,REGION-2-VAPOR-SEAM-C3,REGION-2-VAPOR-SEAM-C3,SuperheatedVapor,SuperheatedVapor,4643690095559589816,4643690095559589816,4619267909655690519,4619267909655690519,false,false,0,0,2,true,true
SEAM,1655,314|R1-SIDE,true,true,REGION-1-NEAR-BOUNDARY-C2,REGION-1-NEAR-BOUNDARY-C2,SubcooledLiquid,SubcooledLiquid,4643693288764390198,4643693288764390198,4619288732849599391,4619288732849599391,false,false,0,0,2,true,true
SEAM,1656,314|R4-LIQUID-SIDE,true,true,REGION-4-MIXTURE-TABLE-C2,REGION-4-MIXTURE-TABLE-C2,SaturatedMixture,SaturatedMixture,4643693289324253962,4643693289324253962,4619288483986291354,4619288483986291354,true,true,4517225171309116155,4517225171309116155,2,true,true
SEAM,1657,314|R4-VAPOR-SIDE,true,true,REGION-4-MIXTURE-TABLE-C2,REGION-4-MIXTURE-TABLE-C2,SaturatedMixture,SaturatedMixture,4643693296704753660,4643693296704753660,4619288531439907184,4619288531439907184,true,true,4607182415701878996,4607182415701878996,2,true,true
SEAM,1658,314|R2-SIDE,true,true,REGION-2-VAPOR-SEAM-C3,REGION-2-VAPOR-SEAM-C3,SuperheatedVapor,SuperheatedVapor,4643693274174342432,4643693274174342432,4619288361173384175,4619288361173384175,false,false,0,0,2,true,true
SEAM,1659,315|R1-SIDE,true,true,REGION-1-NEAR-BOUNDARY-C2,REGION-1-NEAR-BOUNDARY-C2,SubcooledLiquid,SubcooledLiquid,4643696431747177622,4643696431747177622,4619308967333795451,4619308967333795451,false,false,0,0,2,true,true
SEAM,1660,315|R4-LIQUID-SIDE,true,true,REGION-4-MIXTURE-TABLE-C2,REGION-4-MIXTURE-TABLE-C2,SaturatedMixture,SaturatedMixture,4643696432296888046,4643696432296888046,4619308744558428962,4619308744558428962,true,true,4517237697186124544,4517237697186124544,2,true,true
SEAM,1661,315|R4-VAPOR-SIDE,true,true,REGION-4-MIXTURE-TABLE-C2,REGION-4-MIXTURE-TABLE-C2,SaturatedMixture,SaturatedMixture,4643696438731625474,4643696438731625474,4619308786167348060,4619308786167348060,true,true,4607182414989955817,4607182414989955817,2,true,true
SEAM,1662,315|R2-SIDE,true,true,REGION-2-VAPOR-SEAM-C3,REGION-2-VAPOR-SEAM-C3,SuperheatedVapor,SuperheatedVapor,4643696417020366966,4643696417020366966,4619308623945053613,4619308623945053613,false,false,0,0,2,true,true
SEAM,1663,316|R1-SIDE,true,true,REGION-1-NEAR-BOUNDARY-C2,REGION-1-NEAR-BOUNDARY-C2,SubcooledLiquid,SubcooledLiquid,4643699471314518018,4643699471314518018,4619328772082138221,4619328772082138221,false,false,0,0,2,true,true
SEAM,1664,316|R4-LIQUID-SIDE,true,true,REGION-4-MIXTURE-TABLE-C2,REGION-4-MIXTURE-TABLE-C2,SaturatedMixture,SaturatedMixture,4643699471940732874,4643699471940732874,4619328399796295646,4619328399796295646,true,true,4517160704361802849,4517160704361802849,2,true,true
SEAM,1665,316|R4-VAPOR-SIDE,true,true,REGION-4-VAPOR-SEAM-C3,REGION-4-VAPOR-SEAM-C3,SaturatedMixture,SaturatedMixture,4643699474298952552,4643699474298952552,4619328374673753010,4619328374673753010,true,true,4607182418800017408,4607182418800017408,2,true,true
SEAM,1666,316|R2-SIDE,true,true,REGION-2-VAPOR-SEAM-C3,REGION-2-VAPOR-SEAM-C3,SuperheatedVapor,SuperheatedVapor,4643699457265143958,4643699457265143958,4619328264528203355,4619328264528203355,false,false,0,0,2,true,true
SEAM,1667,317|R1-SIDE,true,true,REGION-1-NEAR-BOUNDARY-C2,REGION-1-NEAR-BOUNDARY-C2,SubcooledLiquid,SubcooledLiquid,4643701922850639146,4643701922850639146,4619344515311745843,4619344515311745843,false,false,0,0,2,true,true
SEAM,1668,317|R4-LIQUID-SIDE,true,true,REGION-4-MIXTURE-TABLE-C2,REGION-4-MIXTURE-TABLE-C2,SaturatedMixture,SaturatedMixture,4643701923425601178,4643701923425601178,4619344251823925444,4619344251823925444,true,true,4517215815217057947,4517215815217057947,2,true,true
SEAM,1669,317|R4-VAPOR-SIDE,true,true,REGION-4-MIXTURE-TABLE-C2,REGION-4-MIXTURE-TABLE-C2,SaturatedMixture,SaturatedMixture,4643701931321162276,4643701931321162276,4619344302878963302,4619344302878963302,true,true,4607182416192217872,4607182416192217872,2,true,true
SEAM,1670,317|R2-SIDE,true,true,REGION-2-VAPOR-SEAM-C3,REGION-2-VAPOR-SEAM-C3,SuperheatedVapor,SuperheatedVapor,4643701908297129046,4643701908297129046,4619344126775914489,4619344126775914489,false,false,0,0,2,true,true
SEAM,1671,318|R1-SIDE,true,true,REGION-1-TABLE-C2,REGION-1-TABLE-C2,SubcooledLiquid,SubcooledLiquid,4643985272004935680,4643985272004935680,4621024116404159070,4621024116404159070,false,false,0,0,2,true,true
SEAM,1672,318|R4-LIQUID-SIDE,true,true,REGION-4-MIXTURE-TABLE-C2,REGION-4-MIXTURE-TABLE-C2,SaturatedMixture,SaturatedMixture,4643985272004935680,4643985272004935680,4621024068058878475,4621024068058878475,true,true,4517329193108124376,4517329193108124376,2,true,true
SEAM,1673,318|R4-VAPOR-SIDE,true,true,REGION-4-MIXTURE-TABLE-C2,REGION-4-MIXTURE-TABLE-C2,SaturatedMixture,SaturatedMixture,4643985272004935680,4643985272004935680,4621024068058878475,4621024068058878475,true,true,4607182409792818153,4607182409792818153,2,true,true
SEAM,1674,318|R2-SIDE,true,true,REGION-2-VAPOR-SEAM-C3,REGION-2-VAPOR-SEAM-C3,SuperheatedVapor,SuperheatedVapor,4643985254117938768,4643985254117938768,4621023998819628799,4621023998819628799,false,false,0,0,2,true,true
SEAM,1675,319|R1-SIDE,true,true,REGION-1-TABLE-C2,REGION-1-TABLE-C2,SubcooledLiquid,SubcooledLiquid,4644688959446712320,4644688959446712320,4624408871497102788,4624408871497102788,false,false,0,0,2,true,true
SEAM,1676,319|R4-LIQUID-SIDE,true,true,REGION-4-MIXTURE-TABLE-C2,REGION-4-MIXTURE-TABLE-C2,SaturatedMixture,SaturatedMixture,4644688959446712320,4644688959446712320,4624408789300629642,4624408789300629642,true,true,4517329193108063712,4517329193108063712,2,true,true
SEAM,1677,319|R4-VAPOR-SIDE,true,true,REGION-4-MIXTURE-TABLE-C2,REGION-4-MIXTURE-TABLE-C2,SaturatedMixture,SaturatedMixture,4644688959446712320,4644688959446712320,4624408789300629642,4624408789300629642,true,true,4607182409792818153,4607182409792818153,2,true,true
SEAM,1678,319|R2-SIDE,true,true,REGION-2-VAPOR-SEAM-C3,REGION-2-VAPOR-SEAM-C3,SuperheatedVapor,SuperheatedVapor,4644688933885109420,4644688933885109420,4624408639412295071,4624408639412295071,false,false,0,0,2,true,true
