logical_step,simulated_seconds,presentation_fingerprint,trip,breaker,request_mwe,gross_mwe,rotor_shaft_mwe,canonical_shaft_mwe,total_steam_flow_kg_s,stop_flow_kg_s,control_flow_kg_s,admission_flow_kg_s,rotor_rpm,condenser_kpa,drum_level_fraction,total_fluid_mass_kg,total_fluid_internal_energy_j,exhaust_mass_kg,hotwell_mass_kg,feedwater_mass_kg,drum_inventory_mass_kg,header_mass_kg
0,0,4a9e8e65dfa2ec30cdbe7a54c91e550060647fca6d958877e38d8e5db7de7148,False,True,5,4.9985129335187679,5.4570989888022776,5.4570989888022776,12.691206496227831,12.819387575711477,13.263196330522188,14.007925502739077,2999.9123441712945,7.387485504878204,0.49989257627427752,60009.396410760739,68845361502.151321,51.811905859597083,9921.6536018361603,9921.7104780504742,3916.7025372751427,3266.1181339070558
100,1,d929a8e5f039ea7c48b87b9da1a754b73d6f42287400b81cafde2b80348beec6,False,True,5,4.8673306458855761,5.4736897643279381,5.4736897643279381,12.73762881591354,12.865098095103109,13.917130353637324,13.883971489460777,2998.0892547452286,7.5289031075237967,0.50114837433582204,60009.396410760775,68844759050.567352,54.12015167553789,9918.7895041466509,9920.6408524855833,3930.6329673132013,3265.6545622312269
200,2,f799ed3264a0919f0e346119f136302bf35163174be9c0960ace5413ee5b43c4,False,True,5,4.8206702723507044,5.4496288642367618,5.4496288642367618,12.677826564804459,12.803667221345449,13.448354616404611,13.76450112759953,2998.9940221800775,7.6428259157796248,0.50279769201829339,60009.396410760768,68842634050.688446,56.011112277262562,9916.3474521136959,9918.1414786368514,3946.4245384689571,3264.0643910002464
300,3,096a553d79794b3c616547b67d23848d53af4d7a943337ef67894db560f92159,False,True,5,4.7967038612448443,5.3857614663576605,5.3857614663576605,12.527795701598887,12.651171689699066,13.408756885710149,13.632190424570798,2999.3355965492419,7.7210934760147003,0.50467255812336309,60009.396410760775,68839271883.369934,57.463541598730977,9914.2406222338504,9914.6176850431366,3963.3487993150884,3261.5829573965848
400,4,596e01868a3d75d6051963003802514dbcebcd5ac7f464ae9cc7314fae08fea3,False,True,5,4.7346229967690832,5.3067105465522522,5.3067105465522522,12.346353271113735,12.46695435306429,13.738323984779793,13.520338974875472,2998.7410745555994,7.7632640058072839,0.50674283550881749,60009.396410760761,68834951657.373154,58.503067828689431,9912.3832220607346,9910.4835311328807,3981.0399418688112,3258.3939739730263
500,5,90058f7576c69f2d9cbe5eccc95b6563e9801ad8777b3c42ca6bda6c433f02de,False,True,5,4.6455074658562445,5.2246276166010999,5.2246276166010999,12.157887355278499,12.275600963872488,14.010717209067728,13.435032666197198,2998.1247098219274,7.774234592357665,0.50893130144651011,60009.396410760746,68829911414.400269,59.188994245201705,9910.6995421306274,9906.1430256362455,3998.8631030274819,3254.6399418601472
600,6,ebf27254444867bca46992151add7076702961e5c100d11650cbc3414dd166d4,False,True,5,4.557221304148058,5.140233455287528,5.140233455287528,11.962861570315507,12.077556328956135,14.162274376910855,13.36296957929518,2997.7841693235719,7.7590175454731414,0.51119494105477059,60009.396410760746,68824354590.335373,59.578026384633709,9909.1261137131896,9901.9686531559255,4016.4633309166093,3250.4438160752752
700,7,8f2ee8a360a69e54fcd9b3a3dd565b9e3b060bd2aade4c618e261d664b640d61,False,True,5,4.4789970681859446,5.0553991773690168,5.0553991773690168,11.766735952687377,11.878324169795775,14.338003824000086,13.298052252692338,2997.4498978356742,7.7219135638587746,0.51347947222833623,60009.396410760753,68818456846.499268,59.718364002328478,9907.6097271900435,9898.3285418494852,4033.4282931246066,3245.9189857070423
800,8,a8399ac2cf101ce6be4bc18be1a9084040b27ffc085f2b40bfedab6df7e0e544,False,True,5,4.4142604053003467,4.9762489969292005,4.9762489969292005,11.58484799042014,11.693387875095834,14.659459126472463,13.246506810390217,2996.8428254052887,7.6678633117747728,0.51574268324319894,60009.396410760761,68812364229.085648,59.659817833668953,9906.106462954167,9895.6023205144193,4049.4312742534162,3241.1539446887859
900,9,d5fd8e6928333f2005ab32dec3383aff13303483650c1feded3f6a77bfb46894,False,True,5,4.3795807292471691,4.9123051684521135,4.9123051684521135,11.44052135304158,11.546290773269995,15.289485276851597,13.22480686110781,2995.6502270136598,7.6033854900785034,0.5179291594600669,60009.396410760753,68806186953.96167,59.461231053140466,9904.5826619033578,9894.2203543064115,4064.0431486316711,3236.2069877101767
1000,10,347b4f8745a69cc7d0575f516c774a55a30c92319254dc98b4bbd1cff6805b5b,False,True,5,4.4257546817061444,4.8812024166615693,4.8812024166615693,11.378155665793265,11.481835931357377,16.7219051805627,13.271738571179252,2992.9868981379013,7.5379061952579702,0.51997706222538931,60009.396410760761,68799988756.985367,59.200464493308594,9903.0175233144037,9894.746067625143,4076.7424666358875,3231.0949466319485
1100,11,07301f0480a5023c26fcdec4056a37f88bccc2047baf22496e4ab28ef51890c0,False,True,5,4.6702933460227749,4.9283668391574995,4.9283668391574995,11.514094990152751,11.617392446633646,20.352520627388948,13.492587225401101,2986.1982104221893,7.4886375165607122,0.52167726668838799,60009.396410760761,68793754855.621597,59.009342897441769,9901.4097831593026,9897.9844529044676,4086.7240929358322,3225.8056453815716
1200,12,e5103d182907f29a86c63ba96c8294d3fde04b9af4bce92059a5eaaad729c49d,False,True,5,4.6154460364347445,5.1403681161260639,5.1403681161260639,12.048594766071643,12.15493856618547,24.027430299582189,14.030506214038024,2976.5230382676796,7.4929681270066046,0.52283893687734095,60009.396410760746,68787304955.691086,59.16326941492536,9899.797214452361,9902.9701376415414,4094.953307207405,3220.8706245248827
1300,13,0ae872537a9282f71f057e1b6ccdc8fef2f4dffd632e45da56e2084aed336543,False,True,5,4.1752155569748357,5.3068352427726868,5.3068352427726868,12.38954515675227,12.497097074941721,17.036527071444333,14.368756630717405,2988.4448295195421,7.5614226601138022,0.52385079081077301,60009.396410760753,68780380056.841187,59.757159256667201,9898.2678660477286,9909.000880115922,4102.1324676168397,3216.2753676696748
1400,14,df4939dac07faa25b7ef73a967d90a84afc46c8ee577b8204a5d0e704f19c235,False,True,5,4.491044901742189,5.2639549048379823,5.2639549048379823,12.244311479354989,12.348832414827763,13.116925471166354,14.221141776653642,2999.4013635539031,7.6224408822671093,0.52470001204709138,60009.396410760746,68773086964.094925,60.294670314282776,9896.8623056510478,9916.0746973620135,4108.1454154935154,3212.3175118075969
1500,15,6fbf1c64b6f0229ba10a5253a9c509f7239637b57ea67d74522a6b578e1df27a,False,True,5,4.5660322953346331,5.1639378808024032,5.1639378808024032,12.009155340833935,12.109985041777662,12.549635040898872,13.938360259076054,3001.7163862333728,7.644404013749007,0.52543858678282152,60009.396410760746,68765681084.569229,60.54067546575785,9896.3135439053203,9922.0381298006505,4113.6933708273018,3209.1156349897515
1600,16,f7e97edcea5f3d3c0f42032f025ad9c76782a1ab8fb4937740b00c9dc7b32405,False,True,5,4.5438960689389267,5.0897513106867871,5.0897513106867871,11.836659220934877,11.934475633718133,13.071593682047091,13.685091625814758,3000.8494694768892,7.6362591378572553,0.52674581962193257,60009.396410760753,68758318897.609467,60.55475444118489,9898.3875857726907,9922.0664402575512,4123.4640144028972,3206.3721366420464
1700,17,84e97a13b6b9404bfc413c3f93275b0b84f6ec197ba2f59a14fd2f3130e89281,False,True,5,4.4989935774059733,5.0507787018419599,5.0507787018419599,11.748157078926349,11.843799763612115,13.682919187575644,13.50325014898535,2999.4423418089127,7.6136259145846541,0.52794505494540678,60009.396410760732,68751029881.304703,60.44976382651069,9900.769794946933,9922.09355511797,4132.3985739327618,3203.8412594926472
1800,18,5388f90aaa51b3e7d2693825130c34273eccce883da207d270d7c8dc183ba96b,False,True,5,4.4643376266726182,5.0366148135751576,5.0366148135751576,11.718627432089693,11.812704292275525,14.017144930369403,13.379109966499851,2998.5713439435913,7.588554975469787,0.52901754746155627,60009.396410760746,68743823545.870209,60.313556769585901,9903.4183774471039,9922.1173057433934,4140.4081488074398,3201.4369038641703
1900,19,96ffbf4315a70c11282a870f693e36af8a36cd89ef47c1d3165f11d5fe8e13d5,False,True,5,4.4542953323972965,5.0355149673188606,5.0355149673188606,11.717539928772599,11.810390833452928,14.160865037418606,13.288968549457909,2998.1961912346833,7.5667570525268557,0.52997803016794454,60009.396410760739,68736691853.725983,60.189896638639475,9906.3013025580312,9922.1381235383378,4147.5990677690306,3199.1140210411954
2000,20,0bcb442025e7f50fa0c9b04f414de9deef9d9c8da3eb4919289ab41302bd4997,False,True,5,4.4651986348784201,5.0417560789244895,5.0417560789244895,11.733311206924112,11.825167956912848,14.315800904686773,13.223245484074171,2997.8764777427523,7.5501951287580216,0.53083898464620549,60009.396410760746,68729623277.194458,60.095435396133745,9909.3943764153009,9922.1563522099004,4154.0620719924373,3196.8525281657994
2100,21,f6686dba1a5a6190a21448cf6464a959ab2b39cf5c9892f7cd6ff4e9ec11c7f2,False,True,5,4.4968248662154018,5.0569263204046804,5.0569263204046804,11.771140388730679,11.86226160333397,14.64662410016042,13.187192128569631,2997.2309459556395,7.5402145175516875,0.53161119711674754,60009.396410760739,68722601878.609985,60.041751921728554,9912.6778034920317,9922.1722771823643,4159.8759372701488,3194.6360323837766
2200,22,e18dd8737f8aba7e18472dc714a27de07551af69664bba53ceec946dd4fadb50,False,True,5,4.5668166590339254,5.0885535571087539,5.0885535571087539,11.850484070572287,11.941263357268893,15.393223187317533,13.20027081913299,2995.777207928486,7.5394996691301106,0.53230407839108773,60009.396410760739,68715599991.284233,60.049526521858581,9916.136398360688,9922.1861365960303,4165.109749352986,3192.4373958622659
2300,23,297647e9a89857c056bc42e74a83d543e57569d99c347d73dbb80cdd9fc399e0,False,True,5,4.7249056591226166,5.1547024574767795,5.1547024574767795,12.01806682127455,12.109233608611872,17.132701738593894,13.309965840942883,2992.3897434469659,7.5543108561817052,0.53292584546225297,60009.396410760732,68708563758.213158,60.164559810999961,9919.7624811448422,9922.1981216616732,4169.8244052274958,3190.2014497645628
2400,24,9fdad8cf051fa5a7c6b1abf4fc54ac349bd34e10aaa71ce9721724a5654ad3b0,False,True,5,4.9557842443040601,5.2919202069173314,5.2919202069173314,12.366693142015812,12.459643031750675,20.441759852386078,13.612777021476683,2985.4288229428689,7.5989335924587778,0.53363577770593906,60009.396410760717,68701387815.976997,60.489447631863285,9922.240952608714,9922.4933737261526,4175.3945071991202,3187.804977500115
2500,25,2c7a4c04f42518bd22f94c8c384d79bbec63fa8fdc7700d1591b13d1a18a3f77,False,True,5,4.6202510931050069,5.4820287624686701,5.4820287624686701,12.818220818282937,12.913705246390396,19.792185208806679,14.052366844746123,2983.8186866599126,7.6905692970613977,0.53484668283224379,60009.396410760717,68693893148.179459,61.150238674801379,9922.3835324774645,9922.5941372826946,4184.678302016584,3184.9858654313734
2600,26,c6938cd45ac1db7a3bc5853e8e291eff49bb22e8bb9708a3752ac4082c685830,False,True,5,4.5525086745482426,5.5295146186375979,5.5295146186375979,12.874137925262295,12.969166593322916,13.949317142042378,14.138411765719058,2996.6094712356826,7.7991858480481202,0.53609289530888704,60009.396410760724,68685997169.91964,61.945031718981483,9922.4574113889266,9922.6544197514904,4194.1828907669442,3181.8654099566274
2700,27,871a62e1bb8cf57f5584901a91b654f5125f8518e37703998ccabd0e29dca0aa,False,True,5,4.7407731762436853,5.4095617822669873,5.4095617822669873,12.58033080152363,12.724128515911854,12.67220420343175,13.919764305867856,3001.97473335514,7.854955500727562,0.53734091367971992,60009.39641076071,68677976999.779022,62.372647744821492,9922.5188610889927,9922.7094616841641,4203.7014261820659,3178.8675185194093
2800,28,0b654d1a86fb5436646a242cc81bc526855bb87c1441360ac086ca199bf0d97a,False,True,5,4.8039125647247607,5.3348298295681973,5.3348298295681973,12.40662344534007,12.496328706486874,13.020322181622566,13.70450850255337,3001.4108182826853,7.8786025973317022,0.53858068407981174,60009.39641076071,68669984673.651253,62.568117880492458,9922.5666597709933,9922.7575720434816,4213.153164736329,3176.0848810166522
2900,29,79a31c117e7f1eb4b5f4fe77a0a53b500aef55c0c6a344b90c97aed1ec96c300,False,True,5,4.7414763637508299,5.2783893917680569,5.2783893917680569,12.278824815308372,12.366778078614953,13.993158319654817,13.573991572423189,2999.1356550143091,7.8809929005633457,0.53980682923385037,60009.396410760688,68662063011.522873,62.607461559793656,9922.6079165070096,9922.8024746215233,4222.4966804853348,3173.4372277124521
3000,30,4ef5c2b14807e3d4bf78c44099fda2d6d95d78214d9fad8441b2e6f05b0eb617,False,True,5,4.6527625556550092,5.2492173080024545,5.2492173080024545,12.214308533300846,12.300997562446776,14.192626369981923,13.50060738599606,2998.3236512970161,7.8719398900691528,0.54101596952234687,60009.396410760681,68654248574.899849,62.559322572082024,9922.6444027872421,9922.8447773235403,4231.7057564116349,3170.8341417127899
3100,31,72615d70d4e8e70a85622950045dd490bd375d4a76e1fb0747576905a97c0960,False,True,5,4.609553971985199,5.2225401057983003,5.2225401057983003,12.150414847498558,12.235875334174139,13.954013311396677,13.427504342404797,2998.7751426279315,7.8568691909503849,0.54220638104567476,60009.396410760666,68646550985.508057,62.463752894733759,9922.678473160955,9922.885606092701,4240.7685163263177,3168.2548079375802
3200,32,9553c745d8b49c0cb6d96a863b06f861114e1f2a411d6d2be33ebeffd922ec15,False,True,5,4.5904203945162854,5.1915157709930142,5.1915157709930142,12.076491112977759,12.160684135583091,13.795922160750335,13.343472094211515,2999.2065766313535,7.8357173352249143,0.54337746245119711,60009.396410760688,68638990811.825493,62.321005260673935,9922.7104108579424,9922.9250579487689,4249.6811626258177,3165.7149342869529
3300,33,3844489728f7b4aa5e24859e20e486596963b4c1b2e106e9c09ec9cd13e16854,False,True,5,4.5702163174342747,5.1613984517163845,5.1613984517163845,12.006169856883357,12.089153460084326,13.790292261121326,13.26088480593774,2999.2706835185504,7.8092387532373779,0.54452867659217952,60009.396410760688,68631587417.088356,62.136429172672372,9922.7403466806936,9922.963126899338,4258.4399920999949,3163.2227945895734
3400,34,a683e5dfcfe59e6af46aa289fcd07d168b45c6e8ca52cb53ea37db38cdf4f663,False,True,5,4.546481255692802,5.1359255047148116,5.1359255047148116,11.947274568769007,12.029160966757457,13.829324844987854,13.187751421247683,2999.1804930994304,7.7795471266618517,0.54565962643444621,60009.396410760688,68624350401.39061,61.925238464032915,9922.768837956517,9923.0000328717852,4267.0424076781328,3160.7742109298297
3500,35,05016b789f2808041abed599739ac2416cfe091263699a540b9af5e7c2c1844f,False,True,5,4.524383467302207,5.1150416860461423,5.1150416860461423,11.898964616558974,11.979858940628842,13.850380056236064,13.124076422148889,2999.112611663124,7.7487044613132596,0.54677031515154106,60009.396410760717,68617281110.925278,61.702617349486097,9922.7965323833014,9923.0360689922436,4275.4889923858864,3158.3624069991643
3600,36,be654407c85f9f40c2b7924859283b2c21515590258e350e3c4f8e2f5e29f824,False,True,5,4.5064948703385506,5.0975423632344823,5.0975423632344823,11.858361221730055,11.938347391456045,13.854997974317795,13.067628094646684,2999.0862369572997,7.7180777493631352,0.5478611580051379,60009.396410760703,68610376510.48526,61.47892063554751,9922.8238996424843,9923.0714601651052,4283.7835035388871,3155.9831424916283
3700,37,910d4e216e1499a53c09670f42abed6e61ad2f3ac1b6d36781431784c56b4300,False,True,5,4.4925491264907036,5.0827634756889166,5.0827634756889166,11.82407791571482,11.903228952684765,13.861397214707527,13.017343965224955,2999.0616350631108,7.6885030991423955,0.54893285638066336,60009.396410760703,68603631221.880447,61.260683309175441,9922.8512288370639,9923.106352451854,4291.9318304695053,3153.6341217704594
3800,38,435a4da8d1b461ea5c4fd0f6f754262c7b7379490899a16c17d5e6b5cdebbb2f,False,True,5,4.4819041134610158,5.0706647981792008,5.0706647981792008,11.796139368831208,11.874526963588824,13.880975831758709,12.973440368835432,2999.0088945005277,7.6605894067734912,0.54998629043964753,60009.396410760695,68597037957.335114,61.052751541816249,9922.8787174766894,9923.1408533981885,4299.9411662045331,3151.3131910533293
3900,39,9fa786df58fc69668330371d2be9f0b727752a721efa2139bbd7751eb61ee6a2,False,True,5,4.474631113909,5.0615026409778832,5.0615026409778832,11.775204850603162,11.852903469338248,13.920262950102126,12.936765310685995,2998.911887957016,7.6348813408193736,0.5510542621037644,60009.39641076071,68590587515.876007,60.859459510547715,9922.9069430707623,9923.1759851958159,4308.0583810320404,3149.0174541959777
4000,40,75fb9f4879492a9f9796c3f09e205b4b3dbe93d4af348d30ef37f443d7471e0d,False,True,5,4.4716928778212575,5.0561326756283842,5.0561326756283842,11.763331240119889,11.840427366892689,13.986906679257313,12.908658940268378,2998.7536756333548,7.6119703068788498,0.55256704697920356,60009.396410760695,68584275207.456413,60.685435444032684,9922.9584269675415,9923.2365146510438,4319.337777130123,3146.7542905218688
4100,41,06e8fced93b6f79b05d75b9881f637e2cf288204eb2094421164771cad9d64f6,False,True,5,4.4754068401092519,5.0561500346858184,5.0561500346858184,11.764332782360093,11.840937629838166,14.094021524376846,12.891229030940178,2998.5081136329263,7.5927428895302977,0.55415418043448528,60009.396410760695,68578106064.829018,60.5373987247957,9923.0254582825564,9923.3088562311987,4331.109069949759,3144.5444580078683
4200,42,1b0bd29d48d9c8da7b4d770200a4b3f855f26cc69a7270c85e36a922708ae1c4,False,True,5,4.4897317984153098,5.0631096340687707,5.0631096340687707,11.782125410590318,11.858375948116489,14.279831536285958,12.88839477902436,2998.0999102211258,7.5783852156273621,0.55574026929227816,60009.39641076071,68572071885.355377,60.424202899782991,9923.0958490480116,9923.3834681064072,4342.8489491288774,3142.3902189389337
4300,43,f4941326e134a1c426b5c1990009e9cd030d0da79ce3861b6de7a001a2b41144,False,True,5,4.5230209824747263,5.0800767940215499,5.0800767940215499,11.824588884251718,11.900672591365467,14.637146138951465,12.908677852304809,2997.3417906302925,7.5705747225302549,0.55732598390920951,60009.396410760703,68566154472.314369,60.358180688345392,9923.1694197427169,9923.4601515058912,4354.5657006891115,3140.2834687240656
4400,44,98803f3dcb118947cf157297075d8fdb1396256b5816bdcea879712c730d6ed1,False,True,5,4.5965604124651254,5.1142259212412702,5.1142259212412702,11.910306734437288,11.986528358523612,15.398094715665639,12.971830154933153,2995.7675549981191,7.5722954992845208,0.55891225436561398,60009.396410760717,68560322567.91571,60.360916553987785,9923.2466651419854,9923.5390961686844,4366.269751847597,3138.2021701605922
4500,45,788da02795f310d6eb58770683a09b044e2b183cb1eb8954c3be922527f20290,False,True,5,4.760005020454936,5.1830707949498311,5.1830707949498311,12.08499432725112,12.161944925905336,17.138720649211205,13.125687680758281,2992.1936459483895,7.5899359072076118,0.56050062547272061,60009.396410760717,68554518677.777611,60.478079671288199,9923.3288582904825,9923.6208911741869,4377.9765698143783,3136.0949083498513
4600,46,b52274b78fc4eacfeaa6fab8d28dcb494f807661f13bf2fae1b99528720698b3,False,True,5,4.971372259212802,5.3211385762965229,5.3211385762965229,12.436030055360197,12.514842199947424,20.262802263983694,13.462525396025848,2985.177240877857,7.6375993687021015,0.56209389147625033,60009.396410760717,68548628328.647705,60.810046988288839,9923.4190710189396,9923.7070307995036,4389.7125385773379,3133.8474742296921
4700,47,0eaacaef7c053620e693927e2e3701d48986ec62af8af2cca722c86757fa5ebc,False,True,5,4.6067871504664328,5.504501449907675,5.504501449907675,12.866980696593734,12.948147342003329,19.097982229923705,13.89862625547438,2984.7021913251401,7.7306363276406795,0.56369814266128171,60009.39641076071,68542466603.980606,61.469369598626244,9923.5208396490016,9923.7990006744822,4401.5316901727601,3131.3206674178036
4800,48,87e1d4b0260876a07977738bd6e814de5f8cb7f45b62305b5b7759598259cee3,False,True,5,4.589909187355186,5.5495748500143032,5.5495748500143032,12.916889866323483,12.997983088381615,13.629760993375058,13.973506362248578,2997.5238039417577,7.8379100824302483,0.56531976033510589,60009.396410760717,68535977621.009491,62.245863911673339,9923.6307146350173,9923.8964606433983,4413.4882763303394,3128.7022396110488
4900,49,17dc1bffa8dc75f53076f6c8bcf70bc1cf6d7ab4985d8403f387a81a1785e274,False,True,5,4.7712451647778868,5.4299558178428224,5.4299558178428224,12.627765486081298,12.79832358795181,12.706499954385654,13.776286156825304,3002.0982322952882,7.8900288282241666,0.56695883838992578,60009.39641076071,68529449339.85479,62.639865893732882,9923.7298881882652,9923.9899022789559,4425.5784287437391,3126.3481954250037
5000,50,891d03e15d059aa5c34036b4ae2be94054a5f2cfddcdd289e3bc65165db68fdf,False,True,5,4.8478001507941793,5.3960439187729445,5.3960439187729445,12.548971894760683,12.626786242903641,12.922366240433595,13.590600875134349,3001.683882587582,7.9199777785037515,0.56860780818831536,60009.39641076071,68522980478.841843,62.874451925231433,9923.8181172968343,9924.0780162985975,4437.735498736698,3124.2974651169479
5100,51,1c0113629e92458bad41279fe885df348e94482342d9dded0d2dafb02a553d77,False,True,5,4.8167363841621533,5.3586636218414343,5.3586636218414343,12.463228185877284,12.540192577867126,13.762244611647938,13.477547349139467,2999.6978392402661,7.9364714692229068,0.57026337011056127,60009.39641076071,68516580577.333336,63.011158355427789,9923.9033802639351,9924.1651847734738,4449.9333388598725,3122.4617103481983
5200,52,6fa2a6ecb7e84ad701714ff3ac4486670d15e25ab565159252622e2c89838ae5,False,True,5,4.749346935304148,5.3466119899222138,5.3466119899222138,12.438625673536025,12.515163875512121,13.965081703109636,13.418392979691619,2998.8799762148737,7.9439109903644018,0.57192335756020052,60009.396410760695,68510286133.011971,63.080030371881904,9923.9856112519428,9924.2511746812906,4462.1533202572446,3120.7466294060528
5300,53,93be9b6ba59f9c52d9ee53a7bbb9157e83273c5807615f2b8af7b69ef7e28f73,False,True,5,4.7213720344421146,5.3383556544094679,5.3383556544094679,12.417551775310738,12.493733624215237,13.72777867735531,13.361424459459831,2999.3336699411598,7.9475156022760647,0.57358623378804185,60009.396410760695,68504099290.269363,63.119062085067206,9924.0669172092603,9924.3370064277242,4474.3840784658305,3119.1186159336435
5400,54,a5aabf945197215106737d308f3e0d8b3f1ba07135a869e828d0188fe2324959,False,True,5,4.7203734001050748,5.3259672047681201,5.3259672047681201,12.386709059907707,12.462523348669928,13.551693732062027,13.293682403722777,2999.8224788198709,7.9470067485147675,0.57525117429084927,60009.39641076071,68498032552.389732,63.126877773808957,9924.1475387736482,9924.4227794729904,4486.6197066924406,3117.581903394545
5500,55,aa0414210a15fb6a2337f044f862f8c9f2e6a08981e54645c0b90eab0b0cf31a,False,True,5,4.7191002604604844,5.3140304855148184,5.3140304855148184,12.358555689825552,12.434068193985194,13.536579372920016,13.22728245858093,2999.915984437559,7.9426849470954091,0.57691740014624338,60009.396410760703,68492099296.863602,63.105424688915278,9924.2274677461755,9924.5084353542425,4498.8543639650234,3116.1369964325963
5600,56,7c18c25a986efeb22d58dab2c914b32422f3f477169906eea46553bd9e798d89,False,True,5,4.7119446647900087,5.3062051130292076,5.3062051130292076,12.340638927480333,12.415961663532258,13.563404372080075,13.170543066163637,2999.8472865271733,7.9362402548616791,0.57858421686448935,60009.396410760717,68486304694.397675,63.066681210379009,9924.3071020347143,9924.5941208100867,4511.0830170250983,3114.773588822773
5700,57,4c8336740f90eb89b885fd6a5d0970a9f271de4971c588c146b59b2fa349df75,False,True,5,4.7047875053777437,5.3019809008061243,5.3019809008061243,12.330850362762416,12.406081743902023,13.555955531386155,13.122413250386634,2999.8390738031903,7.9292848766715709,0.58025118784701657,60009.396410760739,68480647194.660744,63.022440453382856,9924.3869278855018,9924.6800462918545,4523.3028794023558,3113.4804281586921
5800,58,fd2836082e8c6150fccd91c867efcc8df83c4f724965c2da7d95afe623b1c3ef,False,True,5,4.7013251629627533,5.299657372555763,5.299657372555763,12.325191164304712,12.400403900772657,13.523413941593576,13.079488238707931,2999.9014053522928,7.9226505708360344,0.58191812613754856,60009.396410760753,68475122925.581566,62.979059079725012,9924.467228281479,9924.7663337645681,4535.5131898041682,3112.250709917445
5900,59,c231eaa6e209e1849fba95f9f2025767fb2ccd5785722356344c5aad59911865,False,True,5,4.7008244498788052,5.2984817081802289,5.2984817081802289,12.322188022186657,12.397444277602418,13.49374753667322,13.040486217370313,2999.9667779681035,7.9166697327062225,0.58358498939308534,60009.396410760753,68469727605.815811,62.939264804867051,9924.5481022839467,9924.8530172022602,4547.7142720965921,3111.0805852267008
6000,60,64e8207f65875de04a7011201faba4e49def3c04dbe36ab2be7697af268d0683,False,True,5,4.7016156806822709,5.2984819676935926,5.2984819676935926,12.322050517667636,12.397412102907191,13.474992847140141,13.00570333781776,3000.0057561747553,7.9115655318133733,0.58525173496929039,60009.396410760768,68464456399.481522,62.904923244743046,9924.6296634423543,9924.940437189447,4559.9062449872554,3109.9665648056198
6100,61,debf48bbd17489375ffac209dea82437a625cf3dcadfc654533699fd15089ba4,False,True,5,4.7030580549502057,5.2997114569735402,5.2997114569735402,12.324909950921858,12.400437525965097,13.461455926584408,12.975352540576983,3000.0282013362516,7.9075555128156374,0.58691772665811892,60009.396410760746,68459303621.289719,62.877812283504099,9924.7125641056391,9925.0284523862974,4572.0856911457613,3108.9045272535682
6200,62,fc83156e7bbee1e28336e1e7f83985f418ae349c60ad49174bba5d7925a8421b,False,True,5,4.7053067942306619,5.3020780498096087,5.3020780498096087,12.330413614432562,12.40616448527124,13.44758691015984,12.94918215271101,3000.0492037011095,7.9047983475851504,0.58858411582118531,60009.396410760746,68454263006.985832,62.85928612131287,9924.795329067887,9925.1163176721948,4584.2610802660211,3107.8912979897646
6300,63,da2e30dd0c852d3853c3e65a2ea5f2b8338210f689d02cb4ac1c12bd77b68442,False,True,5,4.7085065762615983,5.3053464913439106,5.3053464913439106,12.338014643559962,12.414041133801048,13.433180288784319,12.926678234979265,3000.0716451938843,7.9033589409756981,0.59025086599678145,60009.396410760746,68449328137.730881,62.850007252574372,9924.8787277027914,9925.2045699412665,4596.4328045308866,3106.9236680415811
6400,64,206e2f1e3650aa67b7187506838eb01e5d9b33e66d722050d410c2fee0734ab1,False,True,5,4.7125463208787428,5.3093541338064254,5.3093541338064254,12.347334817864549,12.423685304711933,13.419867209257621,12.907448637935472,3000.0919701875418,7.9032308713266435,0.59191814192989578,60009.396410760761,68444492695.784531,62.850094258717682,9924.9627484087068,9925.2932006376141,4608.6026550495271,3105.9988720460492
6500,65,a03c4c5d396a4dd01eedc9b2669d6d88a0c38e9097c7e5f660e6b9a19581d833,False,True,5,4.7172323705492847,5.3140027464877786,5.3140027464877786,12.358145631382349,12.434865519463008,13.408307667021157,12.891231606700327,3000.1080982758481,7.9043721345423412,0.59358612233061914,60009.396410760739,68439750544.587891,62.859378832871144,9925.0473490282093,9925.3821853887075,4620.7724630087541,3105.114360933002
6600,66,81ff11889d1bbf09cde8c0a6d90a71dd1b0acf17ab3494c51d5aff9d1f3ffdc7,False,True,5,4.722428471061936,5.3192102827573962,5.3192102827573962,12.370256242461529,12.447388245637777,13.398175469531539,12.87779473978237,3000.1205866104365,7.9067230959078838,0.5952549856821967,60009.396410760724,68435095772.118813,62.877537760322518,9925.1324824797375,9925.4714981112993,4632.944019245062,3104.2677171275191
6700,67,69a12a45c2c6fc469e089c27d31e28cdb4b269884775f629997ae8b87fd1db50,False,True,5,4.7280587830146565,5.3248909285077195,5.3248909285077195,12.383467088893124,12.461051228955956,13.389043793877008,12.866890543518986,3000.130609611329,7.9102105944515531,0.59692490565030587,60009.396410760732,68430522739.918808,62.904126179108587,9925.2180992121357,9925.5611120835183,4645.1190444969779,3103.456659706942
6800,68,7b97540447fc727e6f2dd2d9c289e6da79255483c8776a476729681f89767c33,False,True,5,4.7340632090795118,5.3309612365941446,5.3309612365941446,12.397584121517442,12.475657815361082,13.380760911351466,12.858270650778376,3000.1387401458337,7.9147500101420194,0.59859604805651168,60009.396410760746,68426026128.504883,62.938595803852024,9925.3041478727791,9925.6510000846702,4657.2991664281435,3102.6790582183048
6900,69,c129d364b192244b03286818d275ca2e1a0d638756e931249cbd4c097bdc45b2,False,True,5,4.7403765376385012,5.3373477354687759,5.3373477354687759,12.4124364806414,12.491034738047533,13.373324486282124,12.85170558282574,3000.1450880143384,7.9202494313028344,0.60026856805088102,60009.396410760761,68421600963.975838,62.980327750162928,9925.3905764179653,9925.7411347625675,4669.4859009683496,3101.9329254617396
7000,70,3dd927f9570016ffea0791a1d91eaffb51af9ce4941587d658a48908ab19130f,False,True,5,4.746933389341601,5.3439874802936185,5.3439874802936185,12.427877780572041,12.507033407807208,13.366708670854281,12.846988066938282,3000.1497487706338,7.9266141918721971,0.60194260846748482,60009.396410760761,68417242625.991661,63.028667964897636,9925.4773334484362,9925.8314891720875,4681.6806401788563,3101.2164011753762
7100,71,5ba2635cc397013793ad9b75b79eeab6d57944e647e73dbe99ec035772fa8bac,False,True,5,4.7536763587464259,5.3508250355608862,5.3508250355608862,12.443779099582216,12.523522861075422,13.360835504774665,12.843927704900949,3000.1529406108129,7.9337500268377719,0.60361829852329274,60009.396410760761,68412946845.133842,63.082952429609456,9925.5643692173635,9925.9220371806459,4693.8846465741444,3100.5277401154681
7200,72,4e8891ed7969c0477671d5328f95ac4f249dd22e32e5a1c557fa32097afeb7a0,False,True,5,4.7605571680457928,5.3578104603993948,5.3578104603993948,12.460024296574828,12.540385039901826,13.355619941819617,12.842347356143019,3000.154914201144,7.9415648462280002,0.60529575357925625,60009.396410760753,68408709695.043907,63.14252234198284,9925.6516361630784,9926.0127536780237,4706.0990520044379,3099.8653057660745
7300,73,1be64896485623c049e08b7bf331434efc60c30227951ba79a3e493d5c562560,False,True,5,4.767533920154241,5.364899176681468,5.364899176681468,12.476509702665592,12.557514498183782,13.350996849595644,12.842082956574158,3000.1558721449178,7.9499698777437162,0.60697507502837533,60009.396410760753,68404527580.75264,63.2067344356999,9925.7390892271524,9926.1036146830247,4718.3248593064109,3099.2275654624755
7400,74,18d45ab949642778a9c9e750fa32d0f978428d30b5f6fcacd6da3a741d410d29,False,True,5,4.7745691534750492,5.3720518746810972,5.3720518746810972,12.493143900592019,12.574818154958038,13.346916469011097,12.842984133815412,3000.1559680307746,7.9588805937152154,0.6086563502994915,60009.396410760768,68400397223.573853,63.274969384032801,9925.8266860412077,9926.1945974042537,4730.5629459637375,3098.6130846112965
7500,75,092534a6c3ddba1b87339b45c232bc3d55fe60fd4e4ffa3dce66fdfbff6ff49d,False,True,5,4.7816295388271319,5.3792341772373327,5.3792341772373327,12.509846943717932,12.592214524957127,13.343334491591678,12.844913798430625,3000.1553333442571,7.9682174087635174,0.61033965386383138,60009.396410760761,68396315643.243301,63.346638382906846,9925.9143870679218,9926.2856802920815,4742.8140693088053,3098.0205204675167
7600,76,5cfe2f5db02d009d6b2ea03044b9667f74bd8f6f60ebb2be3d1ec6af7cf30742,False,True,5,4.7886860041918027,5.386416053276184,5.386416053276184,12.526548992583667,12.609632334783601,13.340208424107983,12.847747198113339,3000.1540897837549,7.9779061156802271,0.61202504714407424,60009.396410760761,68392280138.554825,63.421187594231796,9926.002155672164,9926.376843064585,4755.0788729025899,3097.4486162135477
7700,77,d385ae50e5fa135b4621a93b17bc802233f438cf67d4698cfad6c5f12c3f75e3,False,True,5,4.7957135044930208,5.393571558165231,5.393571558165231,12.543189711094982,12.627009919347731,13.3374991429276,12.85137105120031,3000.1523468082332,7.9878780801678797,0.61371257983192096,60009.396410760768,68388288267.379028,63.49810070232914,9926.0899580905298,9926.4680666818895,4767.3578937395978,3096.8961954999381
7800,78,bf2e806329985ca0d2e5f64bf196670ee3a0e2ece47f72b21a4294ffea77c0a0,False,True,5,4.8026905305530514,5.4006782790023395,5.4006782790023395,12.559716976530405,12.64429391927562,13.335172803798432,12.855682802359311,3000.1501979710247,7.99807029258303,0.61540229034194394,60009.396410760783,68384337826.543068,63.576900108822706,9926.1777633806978,9926.5593333395173,4779.651569807902,3096.3621573638102
7900,79,03298322ae97157568c66e6c89a4f6a8f158500d4615692431f31fb4bb50dcde,False,True,5,4.8095986787915699,5.4077169813852279,5.4077169813852279,12.576086058021092,12.661438459878411,13.333199582335462,12.860589969363781,3000.1477223986517,8.0084252921393837,0.61709420674158155,60009.396410760768,68380426831.984329,63.657147244205824,9926.2655433238324,9926.6506264144027,4791.9602478753823,3095.8454712838757
8000,80,6128ecd477043687495a88309d06632e05e377df295bb1e5945c1338093afd91,False,True,5,4.8164223392402379,5.4146714918200649,5.4146714918200649,12.592259342955034,12.67840485559403,13.331553263862041,12.866009256344013,3000.144987783719,8.0188910288422566,0.61878834772454649,60009.396410760775,68376553499.44928,63.738442159115081,9926.3532723031476,9926.7419304271425,4804.284191257042,3095.3451723656481
8100,81,1921ebc982049932bfafaeeab743717ff52e2b26e69e1b6d5ec178bbe3d4629a,False,True,5,4.8231484368743178,5.4215281132857829,5.4215281132857829,12.608204978028549,12.695160269772678,13.330210301462202,12.871866149731604,3000.1420524115956,8.0294206613459895,0.62048472340739924,60009.396410760761,68372716225.95578,63.820422534111536,9926.4409271743734,9926.8332309887155,4816.6235874521544,3094.860356859806
8200,82,9a2c7c50ed74f5a6013169d6eed7ef12deff4e1694627a5d52c39bc8445a9423,False,True,5,4.8297661683915019,5.4282756460112491,5.4282756460112491,12.623896917380938,12.711677730701833,13.329149069096578,12.87809384366269,3000.1389663039863,8.0399723037700248,0.62218333603397258,60009.396410760783,68368913572.222496,63.902762254821518,9926.5284871227923,9926.9245147395159,4828.9785555459275,3094.3901779474986
8300,83,b70bd08ec6ac1c8ef31949f9cab01cefa82574e2fa28d8582528ab7439522e18,False,True,5,4.8362667287937455,5.4349048463659342,5.4349048463659342,12.639313664367844,12.727934884901767,13.328350709323443,12.884632878927585,3000.1357715319787,8.0505087325360236,0.62388418099176346,60009.396410760797,68365144246.131889,63.985169632189823,9926.6159335056818,9927.0157692927241,4841.3491532933294,3093.9338417523777
8400,84,f8bdfddd53e374cb57d0f77854c670bbfadb0298313ac0847745cc1fc7ac77fd,False,True,5,4.8426431037087898,5.4414083789657433,5.4414083789657433,12.65443816007499,12.743913880176015,13.327798239574271,12.891430443741919,3000.1325040188162,8.0609970985660819,0.6255872474602312,60009.39641076079,68361407087.338799,64.067385522552186,9926.7032497089676,9927.1069831787972,4853.7353838113941,3093.490603571774
8500,85,68064e6c442c454389428fed26715501ad989d7504add29cb520d9fb739f2de6,False,True,5,4.8488898368552409,5.4477805464722628,5.4477805464722628,12.669257154965193,12.759600725342333,13.327476161988645,12.898439529798436,3000.1291937703877,8.0714086158692631,0.62729251915471829,60009.396410760783,68357701052.954041,64.149181221731737,9926.7904209949284,9927.1981457879556,4866.1372018782731,3093.0597644542722
8600,86,089f73d9cc94b75d65b71977ebb6044f197f79d9355cadfb126fbc50e56c2bb4,False,True,5,4.8550028529108618,5.4540169884967815,5.4540169884967815,12.683760508732533,12.774984588712826,13.327370448459655,12.905618734971869,3000.1258661122829,8.0817182485473165,0.62899997506323801,60009.396410760783,68354025204.410233,64.230356366475405,9926.8774343465466,9927.2892472998792,4878.5545198248838,3092.6406678921876
8700,87,118f889833c0fd234be452acf48998bb26fb0641b99a2d31587beb53ef450698,False,True,5,4.8609792766834019,5.4601146714180286,5.4601146714180286,12.697941166510848,12.79005776979921,13.327468475336174,12.912931470088779,3000.1225421275785,8.0919044072090198,0.63070959000752924,60009.396410760775,68350378695.427368,64.310736782369048,9926.9642783348445,9927.3802786481792,4890.9872129423575,3092.2326968440034
8800,88,315b01e53f8ca847e7604ed7389c7f573a2110fb44df2f8e66066b12cc09a115,False,True,5,4.8668172773459881,5.4660716854167291,5.4660716854167291,12.711794686889188,12.804815226121564,13.32775861633607,12.920345701720628,3000.1192392847588,8.1019486545995836,0.632421335307354,60009.396410760761,68346760761.036087,64.390172376487726,9927.0509429727736,9927.4712314488388,4903.435124515112,3091.8352709207379
8900,89,c3a9363d4623fda2ad6c82e134a20d1b45f2249ad1c6bcaad8de1afbee8adb1c,False,True,5,4.8725159353273533,5.4718869179070841,5.4718869179070841,12.725318482572977,12.819253812005845,13.328230241698616,12.927833352773764,3000.1159720359833,8.111835415784908,0.63413517921937035,60009.396410760753,68343170707.625801,64.468535092142687,9927.1374195893404,9927.5620979549112,4915.8980703944662,3091.4478437772632
9000,90,e960cd3cfcc65c7105e3f9c29a4b0b8a7cb4529d3c1767d6118bcad13ff714ad,False,True,5,4.8780751141512928,5.4775601800401406,5.4775601800401406,12.738512114412416,12.833372555705802,13.328873433679897,12.935369796508406,3000.1127522398847,8.1215517144961478,0.63585108747526731,60009.396410760761,68339607903.959251,64.545716937828431,9927.223700711882,9927.6528710161674,4928.3758431611641,3091.069900721453
9100,91,87df6f14e5849edefd31d3cb9292381c580cf57b8c53be6d626f15fa6360d17d,False,True,5,4.8834953325016857,5.4830920040992659,5.4830920040992659,12.751376820275265,12.847172206610285,13.329679289791304,12.942933675788447,3000.1095892138337,8.1310869072327527,0.63756902387769199,60009.396410760746,68336071773.146141,64.621628073298893,9927.309779938947,9927.7435440223308,4940.8682159333957,3090.7009565020103
9200,92,992f120ce391f559cf59fea0f67832bb39682311bfc98d9ebb8bcf1e16c8c018,False,True,5,4.8887776870886412,5.4884833529237689,5.4884833529237689,12.763914839424862,12.860654545969554,13.330639411057623,12.95050667619585,3000.1064906873926,8.1404324539707229,0.63928895046233547,60009.396410760746,68332561785.382484,64.696195066485174,9927.3956518417981,9927.8341108634213,4953.3749457687518,3090.3405532638149
9300,93,87525c20ebb95388807e96c16dae9b66e3defb06c6aa60daeaa75bf6abf154ab,False,True,5,4.8939237438772807,5.4937358186730663,5.4937358186730663,12.776129874562288,12.873822833614396,13.331745872708428,12.958072708815882,3000.1034624473755,8.1495816822832996,0.64101082787718655,60009.396410760768,68329077451.548233,64.769359187295578,9927.4813118655111,9927.9245658919754,4965.8957767297488,3089.9882586478707
9400,94,3450e7f576105e24d422c6af8f08de575216fc4b0697468c6940e9e7fde7ee08,False,True,5,4.898935477271861,5.4988513524685105,5.4988513524685105,12.788026463221069,12.88668120107665,13.332991631096251,12.965618209303086,3000.1005091194879,8.1585295941266001,0.64273461593661463,60009.396410760761,68325618317.463913,64.841074884414738,9927.5667562284925,9928.0149038847921,4978.4304426368417,3089.6436640600041
9500,95,ad6e8a55b641eab7ac1d02cbb450410909efbd35a904ea6ea1a84304bbf0dfe8,False,True,5,4.9038151898936029,5.5038323012714976,5.5038323012714976,12.799610063453352,12.899234725162346,13.334369637337812,12.973131517419814,3000.0976340424259,8.1672726640594835,0.64446027369661751,60009.396410760753,68322183958.854195,64.911308321926768,9927.6519818475281,9928.1051200036345,4990.9786695067787,3089.3063830193487
9600,96,ddf5e44d8acf61290ffa8219b14b3cffaee3efb317349dd7b1e5918e30fc768c,False,True,5,4.9085654462526698,5.5086812484630938,5.5086812484630938,12.810886683144243,12.911489047937687,13.335873554006438,12.980602707654644,3000.094839388737,8.1758086702183554,0.64618775976110476,60009.396410760753,68318773976.892502,64.980036034390025,9927.7369862542564,9928.1952097710127,5003.5401777154757,3088.9760497751163
9700,97,c6b022a29da3adafd59be06b287a23e30a1f0c1862cd06d10370c8ad3d7a72a8,False,True,5,4.9131890332074288,5.5134010094255466,5.5134010094255466,12.821862869713112,12.923450378960403,13.337497476193553,12.988023638991049,3000.0921267524382,8.1841365330723796,0.64791703260879285,60009.396410760775,68315387994.310356,65.047243726195319,9927.8217675263859,9928.2851690347979,5016.1146839106068,3088.6523178317061
9800,98,3f7370773c4c2dcc455d742076927e3776b6fe86915f10c8321ee7bfc57ce29b,False,True,5,4.9176889054181609,5.5179945757560827,5.5179945757560827,12.832545580378227,12.935125344684767,13.339235706792849,12.995387226065386,3000.0894968151079,8.1922561712807163,0.64964805050062757,60009.396410760761,68312025651.958702,65.112925132340862,9927.9063242237153,9928.3749939416393,5028.7019026898315,3088.334858778313
9900,99,1d8cce1020fde46ae992e220587a49b6ea81da19128881450452cea45154db45,False,True,5,4.9220681392967958,5.5224650426140807,5.5224650426140807,12.842942013213451,12.946520837241373,13.341082917415019,13.002687826358365,3000.0869496185392,8.2001683633283484,0.65138077212843282,60009.396410760753,68308686605.880562,65.177080992611067,9927.9906553311394,9928.4646809192418,5041.3015480534295,3088.0233610957171
10000,100,1056c41cb461218702e5c44af422b8c1cbab7f3be888788ac4522deb00c45c3e,False,True,5,4.9263299171212047,5.5268156766735439,5.5268156766735439,12.853059765122561,12.957644164749945,13.343033941516333,13.009920846788111,3000.0844850486842,8.2078746369222131,0.65311515624659733,60009.396410760753,68305370524.716393,65.239718158596006,9928.0747601948715,9928.5542266304674,5053.9133347106372,3087.7175290494347
10100,101,8ef9486f7ccd9898ba81ddf863a07dd8ef4f7eaee2f2e2abda74e914d18cbc34,False,True,5,4.9304774775387719,5.5310497592310348,5.5310497592310348,12.862906467043047,12.96850267972056,13.345084048216785,13.017082575178938,3000.0821022077757,8.2153771575711154,0.65485116215340122,60009.396410760761,68302077087.514114,65.30084871701122,9928.1586384928542,9928.6436279887657,5066.5369791248522,3087.417081764866
10200,102,3e1769215a21ff9c48725fc9adfe251b6f8bc9420a3fd8cd9e3fba2ac65d334f,False,True,5,4.9345140888334234,5.5351706173534483,5.5351706173534483,12.872489856344856,12.979103852305585,13.347228709788443,13.024170123127416,3000.0797998934718,8.2226786325476375,0.65658874966474534,60009.396410760768,68298805981.824356,65.360489240721947,9928.2422901769387,9928.7328821054798,5079.1722004998037,3087.1217523017085
10300,103,edb5ead00295874f606c5e98121f934464e0a3d64b9fe4d36a40325bb12b3f6c,False,True,5,4.9384430438064379,5.5391815934914836,5.5391815934914836,12.881817706180517,12.989455203791415,13.349463653827451,13.031181311016903,3000.0775768477547,8.2297822234497922,0.65832787922487923,60009.396410760753,68295556902.107124,65.418660130537376,9928.3257154396324,9928.8219862881106,5091.8187215588759,3086.8312867778586
10400,104,90f79a60666fac667a7e4bed7f3fd137434e73b2df6be723a9b04c1ef88ead5c,False,True,5,4.9422676287306411,5.5430860400988422,5.5430860400988422,12.890897812954442,12.999564298583532,13.351784553445077,13.03811460966676,3000.0754315106497,8.2366914732309837,0.6600685120601496,60009.396410760739,68292329548.37027,65.475384989504491,9928.4089146792576,9928.9109380225436,5104.4762692213017,3086.5454436231857
10500,105,0f1ef6487aef94f0b04ccd1a652c453ba0675d5e46f2b668872e7b75586991c1,False,True,5,4.94599110927469,5.5468873030277681,5.5468873030277681,12.899737957709309,13.00943867967989,13.354187620527762,13.044968924295427,3000.0733620607134,8.2434102351061203,0.66181060991857943,60009.396410760746,68289123625.023582,65.530690084447301,9928.4918884716844,9928.999734953366,5117.144575167149,3086.2639928337144
10600,106,b2476982e87068df75a752936b236aa4c4e28714b13570cc5d01b3a15b03f877,False,True,5,4.9496167119990284,5.5505886121676573,5.5505886121676573,12.908345651856434,13.019085640996163,13.356669087577526,13.051743752868042,3000.0713665121871,8.2499426103181417,0.66355413564731491,60009.396410760732,68285938839.962311,65.584603854539623,9928.5746375351973,9929.0883748794786,5129.8233762960499,3085.9867153391751
10700,107,6ed0e31bbc63da3a606470642253c59c7de9274bf297b7b10eb9665696c0360d,False,True,5,4.953147622486207,5.5541932804925942,5.5541932804925942,12.916728599945717,13.028512677598323,13.359225258948387,13.058438798391832,3000.0694429699242,8.2562928971570546,0.66529905284922175,60009.396410760739,68282774903.77179,65.637156498614729,9928.6571627131925,9929.1768557316809,5142.5124151028185,3085.7134023436183
10800,108,d403e063e44de8ccfdbea156a9dc6c05e364e3f4b6073c3777f104ddf29baee9,False,True,5,4.9565869723067513,5.5577044848377817,5.5577044848377817,12.924894189977897,13.037726970136562,13.361852833859496,13.065054306947484,3000.0675893059301,8.2624655443663499,0.66704532592333132,60009.396410760732,68279631529.106018,65.688379583471686,9928.739464950595,9929.2651755668194,5155.2114399712436,3085.443854781347
10900,109,68f0ae86f8eb75b4b37b7a036be200cf438d50241df915811d6e1d89424328ed,False,True,5,4.9599378300955133,5.561125319944809,5.561125319944809,12.932849619050085,13.046735529508082,13.364548445912549,13.071590667993279,3000.0658034335297,8.2684651089786207,0.66879292032831428,60009.396410760732,68276508430.209747,65.738305715891499,9928.8215452737313,9929.3533325569006,5167.9202053990839,3085.1778827707985
11000,110,a4f06b8ac6916f3325ce52160da363273ac65563053f415ad28739c78849987d,False,True,5,4.9632031983580376,5.5644588748826429,5.5644588748826429,12.940602071026753,13.055545348928199,13.367308946162533,13.078048536884467,3000.0640832164563,8.274296222100066,0.67054180226069915,60009.396410760739,68273405322.516235,65.786968253183971,9928.9034047730165,9929.4413249780391,5180.6384721683426,3084.9153051112135
11100,111,7020b254c58a5a2d256d02e46dfc676f41591b0d723a6c3f93cb45ffbabc5162,False,True,5,4.966386000440262,5.5677081032747475,5.5677081032747475,12.94815841481862,13.064163112362841,13.370131391623008,13.084428718424437,3000.0624263663708,8.2799635499344806,0.67229193913542873,60009.396410760753,68270321922.363823,65.834401030895037,9928.9850445892043,9929.5291512086842,5193.3660074499994,3084.655948830718
11200,112,15e73773683fea8ff0dab827edf75181a73eb2be73b10e40dcdffdc8f78884b3,False,True,5,4.9694890894732442,5.5708760043413452,5.5708760043413452,12.955525625298511,13.07259563134113,13.373012744683873,13.090732330963352,3000.0608308655628,8.2854717790564809,0.67404329901481463,60009.396410760761,68267257946.805649,65.88063816579033,9929.0664659020404,9929.6168097146474,5206.1025848755598,3084.3996487450863
11300,113,4af7a3cd2e50b4931e7d063dca8e6b408ff856da05b6cce9cfc4738a4d490ba6,False,True,5,4.9725152398844763,5.5739652936479542,5.5739652936479542,12.962710017810522,13.080849045136306,13.375950478985132,13.096960424279645,3000.0592945512317,8.2908255842393466,0.67579585102231854,60009.396410760761,68264213113.449875,65.925713842216609,9929.147669914455,9929.7042990381033,5218.8479845744805,3084.1462470786864
11400,114,d82fee4409ab090c81c306d0988b496363c77e7473595352550c73fbe8d7b882,False,True,5,4.9754671414722109,5.5769787986426547,5.5769787986426547,12.969718167760666,13.088929770596268,13.378941635978361,13.103114364449512,3000.0578152953867,8.2960296101449273,0.67754956522364984,60009.396410760768,68261187140.410706,65.969662153846642,9929.2286578464154,9929.7916178073483,5231.6019931470155,3083.8955930480965
11500,115,7d11c81ab3cc2b365f791402bad63f09d60a277df7e6ad83d99df5491a494b8f,False,True,5,4.9783474114844495,5.5799191536106383,5.5799191536106383,12.976556201417159,13.096843773357925,13.381983903225866,13.109195334766794,3000.0563911007798,8.3010884564777214,0.67930441256628782,60009.396410760753,68258179746.258362,66.012516976303075,9929.3094309269381,9929.8787647137433,5244.3644036471169,3083.6475425288982
11600,116,d5e81344b248e07e346f9b21a6e862a83863281afa5d3be38147740e1afd76f7,False,True,5,4.9811585699396455,5.582788917257183,5.582788917257183,12.983230069265424,13.104596860792503,13.385074750227103,13.115204946114002,3000.0550197530088,8.3060066596396229,0.68106036492949473,60009.396410760753,68255190650.050377,66.054311807800659,9929.3899903818074,9929.9657385179271,5257.1350155128248,3083.4019577542767
11700,117,2fe6ac540ef5f0ff616b2c46822e8335f2a4a2964bd8818eb864d69cf5d0a4d2,False,True,5,4.9839030633424519,5.5855906498121177,5.5855906498121177,12.989745725286069,13.112194829431154,13.388211728447677,13.121144437760773,3000.0536993719256,8.310788687168742,0.68281739511470396,60009.396410760761,68252219571.374443,66.095079704836181,9929.4703374312321,9930.0525380386371,5269.9136344875487,3083.1587069573297
11800,118,92bb21983b5780b5ea66ba55a78bbe6a6ed258b8210a81cb1b5acd6ff6e40973,False,True,5,4.9865832584271841,5.5883267085552095,5.5883267085552095,12.996108651562729,13.119643026741077,13.391392706200078,13.127015418347119,3000.0524280080094,8.3154389217260221,0.68457547665210683,60009.396410760768,68249266230.424316,66.134853181450836,9929.5504732865811,9930.1391621504845,5282.7000725175949,3082.9176641096128
11900,119,7d6590ca0cee10c8f8c1251fca86df3328b45b49fdc356654bb3c10990f94551,False,True,5,4.9892014411462364,5.590999417283534,5.590999417283534,13.002324252280182,13.126946720245602,13.394615432131593,13.132819428910691,3000.0512038426414,8.3199616578895945,0.68633458414532356,60009.396410760761,68246330348.106979,66.173664145897661,9929.6303991398909,9930.225609781819,5295.4941476413815,3082.6787086270365
12000,120,5f555b8cb97d5203fe4ad40db301a85dcad4b5646f2684947f71421ee89c2c2d,False,True,5,4.9917598133065599,5.5936110661537217,5.5936110661537217,13.008397853355172,13.13411109358762,13.397877842779641,13.13855783312723,3000.0500249225888,8.3243610884955324,0.68809469289587977,60009.396410760768,68243411646.144592,66.211543830000352,9929.710116162747,9930.3118799052645,5308.2956838689806,3082.4417251276477
12100,121,97d96f42bac83ec60ce789e994b26f1ca69b91402fdefd74fe2735f8a82878ff,False,True,5,4.9942604990530413,5.5961638395755218,5.5961638395755218,13.014334534798909,13.141141103591243,13.401177923935228,13.144232227371754,3000.0488895403555,8.3286413096360796,0.68985577900129247,60009.396410760768,68240509847.211449,66.248522755854466,9929.7896255090454,9930.3979715441328,5321.1045110287596,3082.2066032010785
12200,122,97f32d7c943bdb3e781985876675de858cd5bb4f76db65e076325d013935d429,False,True,5,4.9967055485444707,5.5986597350662048,5.5986597350662048,13.020138942062408,13.148041265908018,13.404513699412526,13.149844142327606,3000.0477959318905,8.3328063082184265,0.69161781952232348,60009.396410760768,68237624675.074623,66.284630692930435,9929.8689282988144,9930.4838837602074,5333.9204646500657,3081.9732371414493
12300,123,312f387dbc2cb783793d8c7cd4fd2a49bc9e10c27dfd6efb19cb8fbfcf46daea,False,True,5,4.9990969332090884,5.6011008996428302,5.6011008996428302,13.025816068119045,13.154816450814192,13.40788327965797,13.155394985548192,3000.0467424368217,8.3368599635335006,0.69338079203484171,60009.396410760783,68234755854.731529,66.319896633877491,9929.9480256299812,9930.5696156494632,5346.7433858009881,3081.7415257640423
12400,124,aebfd247b60129acb1406145f8ed6005fd740f2eacb7ecf25eab96ec3c7b4c18,False,True,5,5.0013715187992265,5.6032430564375337,5.6032430564375337,13.030797945610164,13.161488749404969,13.412339405131478,13.160892698454759,3000.0441185525297,8.3407857339362703,0.69514467509027411,60009.396410760783,68231903186.653152,66.354203276922433,9930.0269160685475,9930.6551654073701,5359.5731199195634,3081.5113693613221
12500,125,277ba2e9f729dd9caf14e8e584562e7e6d4db963f55d5902311be39785ba9d58,False,True,5,5.003222802839522,5.605150521849632,5.605150521849632,13.035233898026471,13.168201244259242,13.418174297870618,13.166419627072402,3000.0370543037143,8.3444907765738456,0.69690944200653415,60009.39641076079,68229066939.834724,66.386881742762228,9930.1055752181874,9930.7405196175805,5372.4094626871283,3081.2825923468522
12600,126,8eb27e6351b5aa37300dc76b4ad47cb0abbbfe62ef3d79d7e065e1ddc84034ad,False,True,5,5.0049183618088744,5.6070437132717581,5.6070437132717581,13.039636560421947,13.174888184652403,13.422151894189042,13.171914720686956,3000.0339008460824,8.347999764354217,0.69867505561233323,60009.396410760768,68226247157.531311,66.418100697593459,9930.1840022988235,9930.8256749384054,5385.2521280303772,3081.0549800461354
12700,127,bad7741b3799ef89e7bb274c0bb614a6d1095ef3d5b10835646daad45c340c7a,False,True,5,5.0066633464491135,5.6088683524014895,5.6088683524014895,13.043879878179233,13.181419199106694,13.425109347955905,13.17725056223999,3000.0340981902364,8.3513339464697971,0.70044148033000764,60009.396410760783,68223443804.443092,66.448008135871589,9930.2622053160758,9930.9106334626067,5398.1008538764008,3080.8284636064745
12800,128,78381f4752bd5f54d3e395f0865d947a784223a46094732aa9daca5732e55a4e,False,True,5,5.0084176923535901,5.6106207498253911,5.6106207498253911,13.04795524597508,13.187785818089379,13.428381120726538,13.182418348072895,3000.034086142231,8.3545022589281182,0.70220868370767497,60009.396410760761,68220656850.081322,66.476665789390651,9930.3401878378318,9930.9953951548887,5410.9554019453171,3080.6030487693629
12900,129,98d8c22ce6a51c20b7a8af08d32934277ffed96652d5d80f194d73bb7819874a,False,True,5,5.010107283551994,5.6123218842667733,5.6123218842667733,13.051911387517322,13.194034545539456,13.432081592334256,13.187467212359335,3000.0330073558903,8.3575158906636844,0.70397663495625529,60009.396410760753,68217886237.661369,66.504152575816903,9930.4179531960399,9931.07995988533,5423.8155464185065,3080.3787150332691
13000,130,014c974206964cb0141356dcb7a633dec6e0f2b960acc0f0755c257ea388c2a2,False,True,5,5.0117276212586441,5.6139830725334816,5.6139830725334816,13.055774610631586,13.200187672815506,13.43580960456136,13.192423633950963,3000.0317655195427,8.3603891683928175,0.70574530553360371,60009.396410760761,68215131868.817665,66.530571123770656,9930.4955057534607,9931.1643281537617,5436.6810768826972,3080.1554101958018
13100,131,4b4071290d1cf98db5ce552c3f4294a2231dd0ab455714191f65c9860b815925,False,True,5,5.0133051614135908,5.6156045118063318,5.6156045118063318,13.059545391708969,13.206241960058753,13.439411404635431,13.197288016456609,3000.0308955160122,8.3631352585427869,0.70751466900103122,60009.396410760761,68212393613.415489,66.556016839218955,9930.5728498245608,9931.2485005997187,5449.551801357271,3079.9330814063283
13200,132,b535a3f2ef265a5318523cee44f0f6bd10ce8d3ec8da40c283bda6a715c0fbf5,False,True,5,5.0148523753594372,5.6171859617732078,5.6171859617732078,13.06322318043148,13.212194264436921,13.442972889235559,13.202059710106628,3000.0302524428107,8.365764771042242,0.70928470112718878,60009.396410760739,68209671321.073166,66.580567562283235,9930.649988944042,9931.3324775863075,5462.4275447704294,3079.7116859531666
13300,133,2ac63825b8c489d0dbb13b749735bb43a3eecba22ae37d25d1dd9f977b501bf8,False,True,5,5.016367325937261,5.6187304620605616,5.6187304620605616,13.066815042333221,13.218049531948365,13.446569032407554,13.206745781993154,3000.0296145879702,8.3682868874328804,0.71105522684522238,60009.396410760739,68206964825.362625,66.604291313509833,9930.7269236568191,9931.4162551407953,5475.3070136110528,3079.4911841315657
13400,134,e421a2353311d1ca612dc0939fb898c59c4b68465f28a620c698bd2effba7767,False,True,5,5.0178481821458334,5.6202417806747222,5.6202417806747222,13.070329736484549,13.223813596150633,13.450193474205113,13.211354990595371,3000.0289596362227,8.3707102406703218,0.71282450858739732,60009.396410760739,68204273954.781204,66.627252496121599,9930.8035979520319,9931.4997641273749,5488.1776768850405,3079.2715231033685
13500,135,a95d11594a0e61f9034638ccdc7a42d5867691ff813dbe01e867770755000850,False,True,5,5.0192976112745127,5.6217227073644915,5.6217227073644915,13.073773750640971,13.229486776023508,13.453819695438305,13.215893823750084,3000.0283487798242,8.3730429181539012,0.71459019945319602,60009.396410760732,68201598523.288506,66.649511762422961,9930.8798993538421,9931.5828886021591,5501.0226832086364,3079.0526081335611
13600,136,4f7a1b7f11474ab149e68357ae41525be81e90ce266b1ac040ed51638575c948,False,True,5,5.0207193359264783,5.6231751968025048,5.6231751968025048,13.077151631778205,13.235065026423456,13.457441843307613,13.220366794008394,3000.0278028009056,8.3752922493790827,0.71635020992990706,60009.396410760732,68198938318.230637,66.671124440837346,9930.9557235881475,9931.6655236044408,5513.8270079722342,3078.8343029615253
13700,137,5c3cfd8c891dc689e9db1935350c1dbd6be1fc8a1a1f26d0cebdaeb6bc63d016,False,True,5,5.022115726229381,5.6246011268950005,5.6246011268950005,13.080467747474501,13.24054239701778,13.461066542632638,13.224778238741507,3000.0273039528784,8.3774648219268997,0.71810268106338193,60009.396410760717,68196293101.134789,66.692140596618984,9931.0309789415296,9931.7475768900003,5526.5772782529612,3078.6164424311332
13800,138,567b312f390c115a36fa2176f5c5c6cca0ac1a10c82b0040c55d3f8c824ba54d,False,True,5,5.0234882258227733,5.6260024257841872,5.6260024257841872,13.083726581476808,13.245912412701891,13.464697160927116,13.229132623979412,3000.0268366188025,8.379566628881383,0.71984597023714025,60009.396410760724,68193662608.868149,66.712605956504802,9931.1055854111346,9931.8289680240778,5539.2616778817028,3078.3988424708159
13900,139,9ad3b419cd72766bc9e94ffa1064b35b43fcb822abfbfae77a11c6f52dec09cd,False,True,5,5.0248382777711429,5.6273808959194236,5.6273808959194236,13.086932325308716,13.251168301374198,13.468332170985022,13.233434108845563,3000.026398589514,8.3816031520935912,0.72157863865211846,60009.39641076071,68191046555.000404,66.732562538875854,9931.1794739283596,9931.9096275981719,5551.8698546565565,3078.1813080045417
14000,140,bbb30f8bb4d2227fcb0d24e05e00a5f1c7d35b1b39f5cd970d99487771e5b3ed,False,True,5,5.0261674689987128,5.6287380626275434,5.6287380626275434,13.090088526304543,13.256303143166006,13.471969252802099,13.237686207113004,3000.0259912202673,8.3835794010958029,0.72329943818128017,60009.39641076071,68188444631.623207,66.752048878150788,9931.2525855841141,9931.9894964368286,5564.3928270023744,3077.9636393516271
14100,141,102d25d2dee469f735bcbdafe8fb58d29b8fffafe8a17c87607d63cfc678e285,False,True,5,5.027477275189816,5.6300753722682035,5.6300753722682035,13.093198548130433,13.261310670141116,13.475607748590056,13.241892257719954,3000.0256126250456,8.3854999404185921,0.72500729868302582,60009.396410760703,68185856511.398071,66.77110017676722,9931.3248708623578,9932.068524820017,5576.8228940005874,3077.7456371776202
14200,142,3e5f70e7c583d19ae6db228e8820c6dc12a58b05389b052c57c336d4e0359f9a,False,True,5,5.0287689529321282,5.6313940420873925,5.6313940420873925,13.096265221633335,13.266185270996642,13.479247493097622,13.246055046332268,3000.0252590235973,8.3873689193523617,0.72670131566126184,60009.396410760703,68183281849.74102,66.789748557145614,9931.3962889251507,9932.1466717663861,5589.1535450165029,3077.5271061321391
14300,143,c7f02c3775bea519cab01f9e9513a7367cf0a662546f1add6d3469424f6e65f4,False,True,5,5.030043600485766,5.6326952787672946,5.6326952787672946,13.099291352993212,13.270922341556272,13.482887727291439,13.250177349380808,3000.0249273807176,8.3891901182258994,0.72838073803451586,60009.39641076071,68180720287.007782,66.808023337602094,9931.4668069016025,9932.2239043017616,5601.3793736423104,3077.3078575990498
14400,144,6a1577b13d55812c60e1fcd8c6829b4209c6a0abe590ff52ffe697837fafb35a,False,True,5,5.0313022163037573,5.6339801046509184,5.6339801046509184,13.102279319749192,13.275518153392172,13.486527685107635,13.254261500162672,3000.0246155998561,8.3909669736660959,0.73004495658231539,60009.396410760703,68178171450.720215,66.825951246827316,9931.5363992306975,9932.3001968017052,5613.4959930624445,3077.0877116649531
14500,145,0d5f6027c7931f7cf72b116e66c4ff7831250fbdee97c5900067dcd54ec93ecf,False,True,5,5.0325457118081971,5.6352494406143991,5.6352494406143991,13.105231263479373,13.279969988901085,13.490166250476955,13.258309603770176,3000.0243218304449,8.3927026109671097,0.73169349236469494,60009.396410760681,68175634957.770233,66.843556620573267,9931.6050470075497,9932.3755303238377,5625.4999548374381,3076.8664985513583
14600,146,8ade1a6a497b69e8072cda1a9ef6fa356aa9690bd4e4752703248a2a58eca3dd,False,True,5,5.0337748980739452,5.6365041356468542,5.6365041356468542,13.108149158562473,13.284276218513741,13.493802564602477,13.262323596475634,3000.0240441789456,8.3943998624445033,0.73332598604892174,60009.396410760695,68173110416.588661,66.860861571376944,9931.6727373868107,9932.449892010085,5637.3886707291467,3076.6440596002162
14700,147,c90620d207aa01052dc0afc97f147e64566f02487b336e0bd2eb9f0a28f4a06c,False,True,5,5.0349904852017708,5.6377448669999053,5.6377448669999053,13.1110345800333,13.288436154786,13.497435870657945,13.266305000645422,3000.0237806501423,8.396061295228554,0.73494218756327989,60009.396410760695,68170597429.265106,66.877886144130571,9931.7394629854862,9932.523274484809,5649.1603379198914,3076.4202479031869
14800,148,4f5c1d0dd67c1cf5d27747d53e426c808f815ce45f08bf014f80d94d8aa0f6f3,False,True,5,5.0361930960300523,5.6389723052081022,5.6389723052081022,13.113889087250946,13.292449834257189,13.501065076793333,13.270255333018953,3000.0235295587645,8.3976892250216881,0.73654194597854084,60009.396410760688,68168095593.527908,66.894648479990167,9931.8052213539486,9932.5956753191913,5660.813867521385,3076.1949285376268
14900,149,b9ae0b53315c2641804fd509e1ae8212ed1f36faabd9643f12d4bb14d11beeaa,False,True,5,5.037383280500805,5.6401870464991903,5.6401870464991903,13.116714066767971,13.296318379555919,13.504689207129871,13.27417594063936,3000.0232894301762,8.3992857439826363,0.73812520004267923,60009.396410760695,68165604504.657303,66.911164960594064,9931.8700144522882,9932.6670965015091,5672.3488167115529,3075.9679787794644
15000,150,86120aa6c9e2c537ba894dc8becfa9c563737e04b04b268fd276ec45a65999d3,False,True,5,5.0385615105253017,5.6413895482918983,5.6413895482918983,13.119510582364555,13.300043636186457,13.508307444202865,13.278067838883747,3000.0230587328297,8.4008527322126056,0.73969196944715998,60009.396410760695,68163123757.286713,66.927450322354957,9931.9338481654868,9932.7375439514435,5683.765324262743,3075.7392878962755
15100,151,6613e2f0e7516b8ee4e99c06a33120e7c5966b95a07da89439f1eebd0db6f015,False,True,5,5.039728201292677,5.6425802116740122,5.6425802116740122,13.122279566817777,13.303628031372954,13.511918755265228,13.281931905432796,3000.0228362989778,8.402391873966323,0.74124234609994344,60009.396410760703,68160652947.057495,66.943517810480984,9931.9967318540857,9932.807027072995,5695.0640496799469,3075.5087570139913
15200,152,465aeb16af484ef8c5f36bcd28921cae47417d8d70ce2b0faaf6e1b21505b1ad,False,True,5,5.0408836992887904,5.6437594285299255,5.6437594285299255,13.125021931460934,13.30707486048049,13.515522328973834,13.285769011335393,3000.0226208241165,8.4039046774158379,0.74277648656405382,60009.396410760681,68158191672.170296,66.959379262820732,9932.0586779241003,9932.8755583137445,5706.2461161786478,3075.2762987263222
15300,153,e226d11f3db8ae4807d8975e44b34b283c05bf79b6079efbf184309d54a7dd23,False,True,5,5.0420282980972999,5.6449275022756131,5.6449275022756131,13.127738381909802,13.310387779706421,13.519117029297881,13.289579809166881,3000.0224112795086,8.4053924850442208,0.74429460401724179,60009.396410760688,68155739534.81881,66.975045237208803,9932.1197014433765,9932.9431527766828,5717.3130564026151,3075.0418367206998
15400,154,e4b7e1d9c8782f227ad8343e60231174ab72275c34d33994e9d778f11fab5b9e,False,True,5,5.0431622427704959,5.6460846656419452,5.6460846656419452,13.130429459410269,13.313570741791956,13.522702192557752,13.293364784913308,3000.0222066267961,8.4068564899326983,0.7457969615797887,60009.396410760695,68153296142.452393,66.990525104409159,9932.1798197674525,9933.0098278578862,5728.2667624068081,3074.8053052835521
15500,155,dd47babee004d1994fcdad39cf58d821b6d8ff8b5303755440725602ea9ff75b,False,True,5,5.0442857347536245,5.6472311423925134,5.6472311423925134,13.133095684330502,13.316628492030878,13.526276801191234,13.297124418384479,3000.0220060469119,8.4082977426686316,0.74728386582510453,60009.396410760688,68150861108.962219,67.005827155120059,9932.2390522078895,9933.0756028978885,5739.1094385251954,3074.5666488008474
15600,156,482884df237da62cdb92700c004cdf2f4510d4fc85a16b73da9e0ad8a088cc54,False,True,5,5.0453989310814187,5.648367071100723,5.648367071100723,13.135737378948466,13.319565852568395,13.529840120557852,13.300858973375155,3000.02180864705,8.4097171688460737,0.74875566061920995,60009.396410760703,68148434055.711945,67.020958669724877,9932.2974197141593,9933.1404988771465,5749.8435576968805,3074.3258212198261
15700,157,e50f64c1ae0a544cc4579c877558544d35e3320d28d3a9d6996d475db5d2139a,False,True,5,5.0465019594102012,5.6494926313166127,5.6494926313166127,13.138354960789467,13.322387936895451,13.533391269238219,13.304568819965269,3000.0216138324004,8.4111155818840899,0.7502127214649309,60009.396410760695,68146014612.44738,67.035926031027742,9932.3549445976187,9933.2045381251537,5760.4718208815057,3074.0827854941122
15800,158,238cbdeaf18901ddf211e33d6c40e0069631602ead0777f8e6415127f03298a0,False,True,5,5.0475949125929676,5.6506078882411011,5.6506078882411011,13.140948581503064,13.325100079164047,13.536929557945871,13.308254053622337,3000.0214209085398,8.4124936829271846,0.75165545032676406,60009.396410760695,68143602418.129272,67.050734780400433,9932.4116502582383,9933.2677440552725,5770.9971195101416,3073.8375129629198
15900,159,79717f73acaaa347c0b57094a2fe4749d38e649185f29dc4618786fb183d1faa,False,True,5,5.0486778558833425,5.6517128807622692,5.6517128807622692,13.143518331544986,13.327707689453817,13.540454198033881,13.311914712552751,3000.0212293284771,8.4138520819181863,0.75308427055966554,60009.396410760703,68141197121.574615,67.065389703741985,9932.4675609564911,9933.3301409329088,5781.4225012918823,3073.5899828533215
16000,160,94ad201811f99c9a73fd4095e1cf30767eb1d309362b2126ab386248553ad770,False,True,5,5.0497508305694359,5.6528077181166667,5.6528077181166667,13.146064464908941,13.330216397349769,13.543964481671168,13.315551000218589,3000.0210386230096,8.4151912998733742,0.75449962322775721,60009.396410760681,68138798382.08992,67.079894900746581,9932.5227015871587,9933.3917536481076,5791.7511382977882,3073.3401816496712
16100,161,a8adf3fff54dee7d6700d93643df34c4734cf8d649836b4a5178fe2dccbe948c,False,True,5,5.0508138551722075,5.653892389530335,5.653892389530335,13.148586956558859,13.332631767463724,13.547459869127227,13.319162842184774,3000.020848313799,8.4165117829263814,0.7559019622501626,60009.396410760695,68136405869.918716,67.094253843618688,9932.5770974904044,9933.4526075285121,5801.9862979531581,3073.0881025696913
16200,162,7aa2d16bda852235fa4638308292c9d8b3ff03b2966991d4268059112810b57e,False,True,5,5.051866939116171,5.6549668873000165,5.6549668873000165,13.151085788591702,13.334959438008944,13.550939572288621,13.322750165758801,3000.0206581831326,8.4178139022677545,0.7572917513056151,60009.396410760703,68134019266.655769,67.108469463066982,9932.6307742704375,9933.512728159365,5812.1313169670557,3072.8337449947267
16300,163,2d1ff6b8d2a41b5716d90877a9b7a13f93774a89d6887a865f10b21d48211224,False,True,5,5.0529100660410675,5.6560312272633286,5.6560312272633286,13.153560997817356,13.337204981391935,13.554403161846531,13.326312953264461,3000.0204677796019,8.4190979682072999,0.7586694602297277,60009.396410760681,68131638265.526207,67.122544170113741,9932.6837576387807,9933.5721412167641,5822.1895772972302,3072.5771139977073
16400,164,1ec49adbdc1b8574872bb5af6544d06387aa680ca3a3e863f3b0b5c83f4c8787,False,True,5,5.053943212008039,5.6570853727139765,5.6570853727139765,13.156012498880486,13.339373758188234,13.557850120366814,13.329851073004328,3000.0202769090806,8.4203642360118902,0.76003556212017276,60009.396410760673,68129262571.625687,67.13647993796458,9932.7360732689704,9933.6308723366237,5832.1644845926776,3072.3182197534848
16500,165,f5877f4a2045e73ec879b6d0d90df329443ae954a53962673574ede1bac0ca3c,False,True,5,5.0549663461984249,5.6581293163593154,5.6581293163593154,13.158440274805317,13.341471350220123,13.561279775009739,13.333364451996056,3000.0200853947777,8.4216129117485199,0.76139053067643925,60009.396410760659,68126891902.041336,67.150278347764953,9932.7877466765385,9933.6889469810485,5842.0594489578689,3072.057077088687
16600,166,e1830aa301e92c8bb97ea542fec0e3678ca18d8cbbf7343acdfca46a76bcb6d5,False,True,5,5.0559794228240476,5.6591629546024382,5.6591629546024382,13.160844084706667,13.343502911156177,13.564691852797269,13.336852795021491,3000.0198929852272,8.4228441569579999,0.76273483768673267,60009.396410760659,68124525985.951263,67.163940618322172,9932.8388031093782,9933.7463903402077,5851.8778672155613,3071.7937050283149
16700,167,c0256a3ead8cb18f2f743233838b50e038fbf0bda82c49e08289b9d2ca5c3516,False,True,5,5.0569823989467473,5.6601863096770835,5.6601863096770835,13.163223980246887,13.345473528908141,13.568085861631978,13.340316107962632,3000.0196997073108,8.4240580956867053,0.76406895106250405,60009.396410760681,68122164564.620819,67.177467680376708,9932.8892674411891,9933.8032272219043,5861.6231081464312,3071.5281263361917
16800,168,9b8070142b9c96167b7f8d0aab3c9ec1653007115cfd27c47e1dd7235b325011,False,True,5,5.057975225386012,5.6611993104502565,5.6611993104502565,13.165579796014333,13.347388293213145,13.571461462835664,13.343754176319214,3000.0195054038495,8.4252548227026569,0.76539333286300393,60009.396410760673,68119807391.345154,67.190860194099514,9932.9391640964259,9933.8594819746322,5871.298498712641,3071.260367057308
16900,169,55a4eb0ec4b695f18b6d4d2ee6f15221e7b99d8cc1955f7edc1c4b07b9c855df,False,True,5,5.0589578458309052,5.6622018685027262,5.6622018685027262,13.167911326403507,13.349251868738994,13.574818236831314,13.347166734250358,3000.0193099686608,8.4264343975875349,0.76670843749766671,60009.396410760666,68117454231.376083,67.204118587796614,9932.9885169774934,9933.9151784092119,5880.9073120885769,3070.9904561796748
17000,170,2610f3b0036385d97391e98caf6739afb6ed9d9aab6efcadb5344c57c5397776,False,True,5,5.0599302052582953,5.6631939772700965,5.6631939772700965,13.170218556115312,13.351068996690914,13.578155951062786,13.350553728707405,3000.0191134050342,8.427596861202165,0.76801471069321736,60009.396410760652,68115104861.763954,67.217243100584042,9933.0373494006599,9933.9703397525518,5890.4527575110615,3070.7184252084207
17100,171,c4d39c66e3dd57653dc7bde36d87ccd2c049fa759edf2a9a03b695715b2a5afc,False,True,5,5.0607385869649395,5.6637405225704267,5.6637405225704267,13.171489776614148,13.352889081313808,13.583494594952384,13.353933460298377,3000.0154207516139,8.4286952239176891,0.76931258737511621,60009.396410760659,68112759251.843544,67.229895908395193,9933.0856771839972,9934.0249857808922,5899.937966836439,3070.4442985041405
17200,172,13e4a1c3c4ac202f565f55305fb351887d3b22cf2bf55f1349825a3f7e49cb9f,False,True,5,5.0610424070903566,5.6641469453614697,5.6641469453614697,13.172434879775077,13.354891064394046,13.589710149238119,13.357411366993961,3000.0073332876359,8.4296145848728372,0.77060247717647801,60009.396410760666,68110417951.402992,67.241242971676101,9933.1334871676372,9934.0791202771925,5909.3658642048695,3070.1679744303651
17300,173,f560d6dfac305efcb7f34ce7a24f385bced35ba984d481046388b83c29e5f616,False,True,5,5.0612623404629566,5.66457426212411,5.66457426212411,13.173428503799482,13.356939412388957,13.593311278999346,13.360863376561472,3000.005168532618,8.430394215860046,0.77188475442840621,60009.396410760659,68108081137.115829,67.251554443941046,9933.1808036927941,9934.1327636487113,5918.7391206432121,3069.8893455986249
17400,174,92f6b2687af4dfd09c0ca4ffe62d925553161511440cf4f3d672b05f03dc7e8f,False,True,5,5.0616068357175292,5.6649579810218178,5.6649579810218178,13.174320852170014,13.35888227335875,13.595843442464751,13.364139523537538,3000.0066502623476,8.4310535933762054,0.77315978038922539,60009.396410760644,68105748944.451134,67.260963381782915,9933.2276549794187,9934.185938982675,5928.0603286901742,3069.6084970916672
17500,175,5c276d525563a4ef5c761ca5c5407861100c362c20d441e7f592c464d5dc86fc,False,True,5,5.0619957843737238,5.6653011914327598,5.6653011914327598,13.175119051908203,13.360726898266536,13.59884936325385,13.367246375348454,3000.0073908118584,8.4316004645140623,0.7744279047385132,60009.396410760659,68103421516.206207,67.269520937410974,9933.2740634073361,9934.2386660340235,5937.33200104364,3069.3255819657475
17600,176,e1775c22bb90b301a869242ecd0c6de049c19c92913e96a1e423ae0e8bcd3c6c,False,True,5,5.0623409315919448,5.6656285454183584,5.6656285454183584,13.175880356693824,13.362531367060971,13.602298571595052,13.370245775324594,3000.006793264457,8.4320468415685284,0.77568946389746896,60009.396410760666,68101098960.371483,67.277310409706089,9933.3200508626087,9934.2909638868841,5946.5565516848346,3069.0407073705919
17700,177,9410a0cc769d351bacc83c8b92f1ba8531d32cbc74336b9a141526d6e43a7528,False,True,5,5.0626440687345529,5.6659491825140531,5.6659491825140531,13.176626016648536,13.364317252984961,13.605687225229261,13.373164534223797,3000.0060829806625,8.4324078248230183,0.77694478033199088,60009.396410760666,68098781337.695763,67.284438934401379,9933.3656395604066,9934.3428514778061,5955.7362989001913,3068.7539405041143
17800,178,ef3578f22f1dce71dda052ae978bd6be67f05e3ec61ea4938923a2ae98363f5c,False,True,5,5.0629364393171539,5.6662602625126102,5.6662602625126102,13.177349449939435,13.36607790933633,13.608874550363021,13.376000393492683,3000.0058154472104,8.4326963523573912,0.77819416345640768,60009.396410760666,68096468676.616173,67.290999590649477,9933.4108505534496,9934.3943468871003,5964.8734686538237,3068.4653470989374
17900,179,e4691c2b0d49a7791b0addf921524f1a00c0b4d0aa5a1630a191ffe079895ed4,False,True,5,5.0632289566296853,5.6665601635334664,5.6665601635334664,13.178046893217507,13.367809534189501,13.611981474073575,13.378752370122466,3000.0057590496217,8.4329222346893626,0.77943790945881797,60009.396410760666,68094160986.049057,67.297063890482221,9933.4557030616397,9934.4454669582865,5973.9701938354401,3068.1750010733808
18000,180,8f5aaac048812188d22a60efbb671c64e9210ed6611aaa8368b317153f1a4d26,False,True,5,5.0635166791613049,5.6668511486990099,5.6668511486990099,13.178723604625056,13.369517486029864,13.615091131010541,13.381428598490345,3000.0056602023496,8.4330937114414297,0.78067630102216712,60009.396410760652,68091858258.26918,67.302692688714302,9933.5002148480198,9934.4962274708578,5983.0285112168349,3067.8829751932849
18100,181,600c38d4d2df0995e81412716e15674f7119f96668c0fc70c895af00cf88b2d9,False,True,5,5.0637961890533143,5.6671360756735547,5.6671360756735547,13.179386225655112,13.371208513194317,13.618190914416973,13.384038700824258,3000.0055123792258,8.4332184181237366,0.78190960737471538,60009.396410760666,68089560468.943237,67.307942810242466,9933.5444026044843,9934.5466433300189,5992.0503613774072,3067.5893352659118
18200,182,e371463caae85106b289df5aca5cd88c01c731d711be4a9afdd2f9be4378732c,False,True,5,5.0640694333058791,5.6674164175520048,5.6674164175520048,13.180038182469355,13.372886108556115,13.621251587748201,13.386589058347205,3000.0053911987989,8.4333032914113879,0.78313808458060818,60009.396410760659,68087267579.040878,67.312866367155934,9933.588282020266,9934.5967286284649,6001.0375907661391,3067.2941415132673
18300,183,735a92eeaf236bc59707378e8c35afe710a1e9b5cdfeea225459a6640f27cb56,False,True,5,5.0643392979871473,5.6676931089059392,5.6676931089059392,13.180681649837153,13.374552494756649,13.624269496422176,13.389084243128977,3000.0053179521242,8.4333543672815523,0.78436197567942278,60009.396410760673,68084979537.904732,67.317509125835088,9933.631867745713,9934.6464966210642,6009.9919538766799,3066.9974510394181
18400,184,4f14eb19f4ffd7fe5ec29c16463fed88940a7bfc62a34bb7554db4959fce149b,False,True,5,5.0646070627946544,5.6679668129707759,5.6679668129707759,13.181318170590854,13.37620924565374,13.627254134935185,13.391528503269203,3000.0052713307696,8.4333768420215236,0.7855815112896396,60009.396410760681,68082696285.676109,67.321910875408491,9933.6751734244262,9934.6959597644109,6018.9151154558567,3066.6993183067607
18500,185,e0e65fadf03c79046a5ef7ea95c16458d5194bd5d74bab8b8ffd3dffd6c181ed,False,True,5,5.0648730720039934,5.6682385233574797,5.6682385233574797,13.181950055021158,13.377858710104926,13.630210414597812,13.39392603585865,3000.005235193446,8.4333752570510665,0.78679690978687988,60009.396410760666,68080417754.953125,67.32610666154882,9933.7182117691209,9934.7451297419339,6027.8086534820668,3066.3997946430095
18600,186,3897f50705f21edd81d44cb77e93b0a03bad11f5279a8c4799feedcb5cc4f5e6,False,True,5,5.0651377699109261,5.6685089832129965,5.6685089832129965,13.182579031183083,13.37950266208764,13.633137990973351,13.396281062134927,3000.0052087887389,8.4333536036691914,0.78800837795725409,60009.396410760695,68078143872.094864,67.330127532548261,9933.7609946466855,9934.79401754012,6036.6740616941306,3066.0989281154734
18700,187,90a6cafc8d4b74439a5670ba04111846f7ef5cd7cf02ecc16d73d82f1d256a96,False,True,5,5.0654018018948994,5.6687788223224684,5.6687788223224684,13.183206563713,13.381142587780161,13.636035909589143,13.398596935457073,3000.0051945697487,8.4333153771710396,0.78921611130967206,60009.396410760688,68075874558.537262,67.33400082914234,9933.8035331210067,9934.8426334659089,6045.5127535507272,3065.7967638908194
18800,188,1b149bab5399c279341ba36d5ca6c0a6b3ef15ece24d042b01bbc716e004a970,False,True,5,5.0656657499187157,5.6690484582870999,5.6690484582870999,13.183833623893982,13.382779476444068,13.638905069136872,13.400876626466577,3000.0051915506369,8.4332636097818376,0.79042029451450346,60009.39641076071,68073609731.954391,67.337750479458961,9933.8458375074497,9934.8909871944379,6054.3260648617561,3065.4933444561798
18900,189,cef4e5c0ac121483aa18a4fef39ebcc39d6f23611e36a440d3bf3e26a3dba2c2,False,True,5,5.0659300043603084,5.669318332682078,5.669318332682078,13.184461238615519,13.384414381976955,13.64174667383689,13.403122940958031,3000.0051966449391,8.4332009295383159,0.79162110198257007,60009.396410760717,68071349307.290367,67.341397331611759,9933.8879174106351,9934.9390877926162,6063.1152580394701,3065.1887098139609
19000,190,5df1f71e445105c2ed6745bc0a6abe2d0d4228b482bace0eee0912c60bf19fac,False,True,5,5.0661948390071583,5.6695887411790853,5.6695887411790853,13.185090095474786,13.386048000825532,13.644561747334599,13.405338280734723,3000.0052075356975,8.433129602688398,0.79281869841700403,60009.39641076071,68069093197.602982,67.344959521304048,9933.929781789162,9934.9869437745911,6071.8815249533673,3064.8828976082618
19100,191,3ed1030027251b084023277fffab2d5e9344314197b0d63c83cdbb04afbc9b19,False,True,5,5.0664604779023854,5.6698599749979017,5.6698599749979017,13.185720871684998,13.387681025620713,13.647350906784583,13.407524938112266,3000.0052230424449,8.4330515867062736,0.79401323928147538,60009.396410760724,68066841314.7687,67.348452775827056,9933.9714389854107,9935.0345631148957,6080.6259909539831,3064.5759432599912
19200,192,666a09f16a6ff4a264c963472b1e8546094e830520d9d9a3dd9f82f79935f1ae,False,True,5,5.0667271087758801,5.6701321483790226,5.6701321483790226,13.1863538329732,13.389313721644024,13.650114494444782,13.409684772690722,3000.0052423338061,8.4329685538554742,0.79520487110857108,60009.39641076071,68064593570.129959,67.351890672031672,9934.0128967806722,9935.0819532996502,6089.3497176125129,3064.2678800860131
19300,193,8cbb52b97aebca674efdb400c12c928841083807633cfd765f78625f11546473,False,True,5,5.0669948507417484,5.670405432042366,5.670405432042366,13.186989376329334,13.390946492938641,13.652853465647242,13.411819535013679,3000.005264155534,8.4328819300759559,0.7963937321756257,60009.39641076071,68062349875.050369,67.355284827963914,9934.0541624225571,9935.1291213443583,6098.0537071160716,3063.9587395127683
19400,194,672247e54bfc87d5af165a091e1eef6aa2345a7513aba0b1ebbe6943aaceefcb,False,True,5,5.0672637813889922,5.6706799032270592,5.6706799032270592,13.187627681380373,13.39257952741038,13.655568132638075,13.413930921496902,3000.005287640307,8.4327929209114405,0.79757995291127204,60009.396410760717,68060110141.361061,67.358645159612522,9934.0952426752392,9935.1760738323756,6106.7389046813933,3063.6485511311412
19500,195,c7f44fdc1f15567b3008aad1a0bb466caa126b2009d7a1d9ae9c676c8397f08b,False,True,5,5.0675339335307896,5.6709555858391996,5.6709555858391996,13.1882688037281,13.394212870658148,13.658259280466224,13.416020088695776,3000.0053119071631,8.4327025362607451,0.7987636564179007,60009.396410760717,68057874281.768562,67.361980045611801,9934.1361438429558,9935.2228169434129,6115.4062023132228,3063.3373428743025
19600,196,799127a0a131966510c6a245d2c4fd82b35621f94a98b1867570ec40fb17fbc6,False,True,5,5.067805309126765,5.6712324683005439,5.6712324683005439,13.188912716455297,13.395846492990788,13.660927199590951,13.418088301947071,3000.0053362980311,8.4326116163072751,0.79994495861889969,60009.396410760724,68055642210.176514,67.365296516879056,9934.1768718136482,9935.2693564738747,6124.0564415610179,3063.0251410846349
19700,197,02bb04e6f111b29add6cbba59317d7a171a972b32008328e1c6cdf8cfce99a02,False,True,5,5.0680778753165292,5.6715105969081927,5.6715105969081927,13.189559527176163,13.397480506957686,13.663572400283538,13.420136744506754,3000.0053601851296,8.4325208503796389,0.80112396908877348,60009.396410760732,68053413841.969986,67.368600395096607,9934.2174320856084,9935.3156978702427,6132.6904167848097,3062.711970700635
19800,198,cf9971a0cdd62ba7c5d3a527e8c13324bc3dd4458bac7ee6d3c44dad5a23f345,False,True,5,5.0683515810601891,5.6717898432342269,5.6717898432342269,13.190208937272025,13.399114596967447,13.66619544775785,13.422166251104425,3000.0053831043906,8.4324307946324613,0.80230079109996277,60009.396410760717,68051189094.232483,67.371896449522978,9934.2578297906093,9935.3618462477152,6141.3088776989907,3062.3978552484364
19900,199,2b49ac13fda2c8043305d0141b98f9fb666920fa3e37861ebdc50631d784f1bb,False,True,5,5.0686263484883449,5.6720701941548057,5.6720701941548057,13.190860916177893,13.400748726880705,13.668796666817084,13.424177655894388,3000.0054045769202,8.4323418897273701,0.80347552234457242,60009.396410760724,68048967885.959785,67.375188508375956,9934.2980697290513,9935.407806417199,6149.9125323973658,3062.0828170366663
20000,200,869dc27ad082d80a74f4a6a1fb2323895d4ffadf6eca3379273327aba460bcd6,False,True,5,5.0689020879668645,5.6723514873871883,5.6723514873871883,13.191515086539317,13.40238250963113,13.671376391123671,13.426171684780682,3000.0054243381965,8.432254474978091,0.80464825480417124,60009.39641076071,68046750138.177361,67.378479587707616,9934.3381563932107,9935.4535828964399,6158.5020497562828,3061.766877182944
20100,201,f99a5bee0c3491543b7f503d6a00366f2bac37e0e2a8e42833e09318c83b9e81,False,True,5,5.0691786915513202,5.6726336483716784,5.6726336483716784,13.192171274937792,13.404015763991023,13.67393512740553,13.42814898380024,3000.0054420359043,8.4321687989600171,0.80581907559594212,60009.396410760724,68044535774.091934,67.38177197807083,9934.3780939907174,9935.4991799543841,6167.0780616627844,3061.4500557320862
20200,202,876274626a9a42125a6da3403a744038947f2b20cb567605e0d3cea5d6283f2d,False,True,5,5.0694560388179362,5.6729166367271775,5.6729166367271775,13.192829387408588,13.405648382453684,13.6764730958292,13.430110121026818,3000.0054574031983,8.4320850371884717,0.8069880670424231,60009.396410760732,68042324719.163666,67.385067344972597,9934.417886462521,9935.5446015946527,6175.6411657725512,3061.1323717422665
20300,203,390c24f8d44854327cb7df437e74357ae76ecff607918c63e353ac64bc084d2b,False,True,5,5.0697340025822655,5.6732001679738655,5.6732001679738655,13.193488762474093,13.407279686241619,13.67899062894651,13.432055472504464,3000.0054702978005,8.4320032968349921,0.80815530687923176,60009.396410760724,68040116901.180573,67.3883668067824,9934.4575375019958,9935.5898515957961,6184.1919275483669,3060.8138433174636
20400,204,ee6b14dfd26f18e1dc846c7faecd884be95a7bf9eec3048ab615e1e7b6de81f1,False,True,5,5.0700124534543614,5.6734842301447079,5.6734842301447079,13.194149372223739,13.408909635188735,13.681488053137155,13.433985472414172,3000.005480679562,8.4319236296916049,0.80932086886727639,60009.396410760732,68037912250.296509,67.391671021495526,9934.4970505844431,9935.6349335281902,6192.7308819504588,3060.4944877148414
20500,205,82345eebdb0a8e88f460c299cc3912f9edaf610e96aa3397bc9c4bd8ef87ad05,False,True,5,5.0702912493464254,5.6737685964594258,5.6737685964594258,13.194810689316141,13.410537691522961,13.683965608803559,13.435900552761897,3000.0054882824293,8.4318460368859967,0.8104848227170226,60009.396410760724,68035710699.076706,67.394980226333146,9934.5364289727695,9935.6798507623971,6201.2585356267527,3060.1743214005419
20600,206,0c722772397fbd3eeb0e01934425ee988e57525949634c6f9063f9e25b9ba7e5,False,True,5,5.070570249534792,5.6740532255502893,5.6740532255502893,13.195472617478941,13.412163742002006,13.686423513214057,13.437800905398628,3000.0054931140967,8.4317704794873976,0.81164723441971032,60009.396410760739,68033512182.479118,67.398294327515799,9934.575675735392,9935.7246064760639,6209.7753688480561,3059.8533600759824
20700,207,0580229f103ebf33575c054254436c8010cfbabc403de0feb6d295ff0d79896d,False,True,5,5.0708493095390965,5.6743378609304109,5.6743378609304109,13.196134560303898,13.413787174325588,13.688862192187555,13.439686856945968,3000.0054951253901,8.4316968832210577,0.81280816666921962,60009.396410760739,68031316637.88916,67.401612926612913,9934.6147937629012,9935.7692036799508,6218.2818367707951,3059.5316187834014
20800,208,9051b43f5b44ec2050fc2830f3e726c4a395c3be6e3507b326b3b3a7d7a8b5b0,False,True,5,5.071128287466018,5.6746224898855218,5.6746224898855218,13.196796488134657,13.415407945871948,13.691281616862211,13.44155857328739,3000.0054943514388,8.4316251478953426,0.81396767888133914,60009.396410760739,68029124005.073608,67.404935387534636,9934.653785784305,9935.813645223916,6226.7783713691479,3059.2091119227375
20900,209,4c62667d92df42c5c87065d8da1d74d9b6caf8555e975892dd64c5fc7a0a1fd9,False,True,5,5.0714070388132111,5.6749067988675836,5.6749067988675836,13.197457671900766,13.417025301476254,13.693682149992981,13.443416221968802,3000.005490716534,8.4315551450456727,0.81512582759670027,60009.396410760739,68026934226.17498,67.408260857523416,9934.6926543692098,9935.8579338146828,6235.2653825751286,3058.8858533159064
21000,210,c34115f051cee9e393aca2acac5e6c457ac4f2524f0712dc31a24d8a9a24014e,False,True,5,5.0716854260972122,5.6751907995783855,5.6751907995783855,13.198118138714104,13.418639265726851,13.696063984740157,13.445259994924326,3000.0054844136707,8.4314867308959371,0.81628266619709744,60009.396410760761,68024747245.67305,67.411588332973921,9934.7314019470468,9935.9020719989985,6243.7432602680001,3058.5618562181139
21100,211,c140d1a524b2f1f620fcc758ef6c2d37c9ef83adc83358dda86e28f3b213ba18,False,True,5,5.0719633056423135,5.6754742392878894,5.6754742392878894,13.198777300901321,13.42024922601488,13.698427250652585,13.447089925323564,3000.0054752332735,8.4314197428236906,0.81743824576543633,60009.396410760753,68022563010.357132,67.414916651101933,9934.7700308249605,9935.9460622186452,6252.212374214957,3058.2371334098461
21200,212,e99d28734249400e9aa4eeb58571a3dd5443e068558832a700ebe4d6731a5527,False,True,5,5.0722405398528201,5.675757039897638,5.675757039897638,13.199434976796461,13.421854990438272,13.700772254244212,13.44890620846718,3000.0054633710765,8.4313540099645667,0.81859261460106203,60009.396410760753,68020381469.2631,67.418244553794722,9934.8085431721483,9935.9899067759743,6260.6730768353427,3057.9116971808508
21300,213,7f2830ecca79937db313fcb7dfbf11615dadb900f674f2473e93ef720724324d,False,True,5,5.0725169980022242,5.6760390412544899,5.6760390412544899,13.200090793968275,13.423456160581624,13.703099123914345,13.450708826218426,3000.0054488785404,8.4312893473213535,0.81974581890836684,60009.396410760753,68018202573.635498,67.421570696877083,9934.8469410580856,9936.0336078708096,6269.125703041972,3057.5855594140035
21400,214,57e96077ba243e258b8f20f42ca68b59c0bcbeb7404b3cde44c1c8a0111495c9,False,True,5,5.072792552889787,5.6763201329027124,5.6763201329027124,13.200744495530055,13.42505247330104,13.705407857949433,13.452497946222607,3000.0054318758098,8.4312255734364481,0.82089790248511763,60009.396410760746,68016026276.869026,67.424893680097597,9934.8852264377583,9936.0771675853157,6277.5705720291753,3057.2587315677279
21500,215,ea8f76cad35fa147a69ea14f6f52112c06299dee8e158d7fdadc970338709ec1,False,True,5,5.0730670774583126,5.6766001817784,5.6766001817784,13.201395772033147,13.426643593980426,13.707698711700527,13.454273469893158,3000.0054123971004,8.4311624903632634,0.82204890732708247,60009.396410760761,68013852534.465355,67.428212051953736,9934.9234011714598,9936.1205879130102,6286.0079875671099,3056.9312247370722
21600,216,b52b8b999863134e634759b3b8da5f77aab73e06dc29c04f8b42abf7fafeb7c0,False,True,5,5.0733404516783107,5.6768790496868293,5.6768790496868293,13.202044302104989,13.428229193362858,13.709972031159058,13.456035566453895,3000.0053904793517,8.4310999072294734,0.82319887300443673,60009.396410760753,68011681303.95356,67.431524339174317,9934.9614670268784,9936.1638707440543,6294.4382393206415,3056.6030496649073
21700,217,e492cb605c08eca449768c68606738fcb4f62cdfbce664add3b6efb9c19835af,False,True,5,5.0736125581615648,5.6771566330255263,5.6771566330255263,13.202689844798822,13.429809005652828,13.712227513694337,13.45778416629407,3000.0053663147655,8.4310376308111241,0.82434783763740227,60009.396410760732,68009512544.84446,67.434829055832139,9934.9994256858972,9936.2070178875947,6302.8616035308751,3056.2742167896331
21800,218,e4c650e7a50d6f44440c8c5db0995c9f10ae1ccef6e088c437e25c6c900dce74,False,True,5,5.073883291405294,5.6774327929137556,5.6774327929137556,13.203332077157087,13.431382698701647,13.71446565493194,13.459519330861623,3000.0053399722801,8.4309754702458246,0.82549583748862754,60009.396410760746,68007346218.562592,67.438124723636193,9935.0372787495508,9936.2500310646356,6311.2783435148531,3055.9447362220026
21900,219,2234834e173a6ca9d419a54e970e6dc6dd8e00c5ddc03692b4f21a920b0e1390,False,True,5,5.0741525391689111,5.6777074864037216,5.6777074864037216,13.203970899253314,13.432950148772136,13.716686519350816,13.461240964857843,3000.0053114645248,8.4309132323196501,0.82664290700962906,60009.396410760739,68005182288.390938,67.441409862885322,9935.0750277424522,9936.2929119196197,6319.6887106234881,3055.6146178034451
22000,220,7d62276585fab943be5cfc5fd5d0356e1ba042af5270016aae27b51ac7757223,False,True,5,5.0744201971627954,5.6779805126745524,5.6779805126745524,13.204605844125378,13.434510880879573,13.71889008517906,13.462949238864256,3000.005280864038,8.4308507308922813,0.8277890793728695,60009.396410760732,68003020719.411346,67.444683010641867,9935.1126741215485,9936.3356620339237,6328.0929445868396,3055.2838711232298
22100,221,69c94ffa0d868122865725ecb10b0d711d9e2e6172df81f80d947878dca58775,False,True,5,5.0746861753568586,5.6782518557559927,5.6782518557559927,13.205236874582445,13.436064843309277,13.721076508787322,13.464644082846666,3000.005248438817,8.4307877845406693,0.82893438589828783,60009.396410760732,68000861478.427765,67.447942749135521,9935.1502192718217,9936.3782828966632,6336.4912745934926,3054.9525055250897
22200,222,097e0a9b9684a0af9187e6a894a00cbe9badaf596ae98e3e359279aab7177b91,False,True,5,5.074950380285979,5.6785213808447308,5.6785213808447308,13.205863677154806,13.437611699693013,13.72324605298228,13.466325373888532,3000.0052141399919,8.4307242142025096,0.83007885681720717,60009.396410760739,67998704533.924736,67.451187678849791,9935.1876645200791,9936.4207759489709,6344.8839190200842,3054.6205301138766
22300,223,c9414ddedad87bd25b67fd5e629c327c0793fafe34cf09deda8bd25049e94ea0,False,True,5,5.0752127221517123,5.6787890103111209,5.6787890103111209,13.206486071299059,13.439151255406712,13.725398612520134,13.467993233119035,3000.0051781062707,8.430659851423254,0.83122252082231718,60009.396410760732,67996549855.979134,67.454416440432425,9935.2250111269041,9936.4631425618227,6353.2710868163722,3054.2879537790614
22400,224,3ca3a238ac58cdc0e7855b72939e9602326db995542a200b60d970decb01feaf,False,True,5,5.0754731176516454,5.6790546638494339,5.6790546638494339,13.207103870254574,13.440683315975845,13.727534430430431,13.469647615709283,3000.0051404082224,8.4305945253966126,0.83236540525548564,60009.396410760703,67994397416.238976,67.45762771215405,9935.2622603053769,9936.5053840491928,6361.6529771337891,3053.9547852265337
22500,225,aa29e487cefdca57096f7832b3798013f0962eb95bbc093a75166bf304767e77,False,True,5,5.0757314914462182,5.6793182074713258,5.6793182074713258,13.207716762458789,13.442207545659858,13.729653433941188,13.471288536957266,3000.0051011679302,8.4305280794582806,0.83350753641790298,60009.396410760717,67992247187.838348,67.460820224008756,9935.2994132065051,9936.5475016659002,6370.0297803800941,3053.6210329337609
22600,226,08c4ff70ab8975bd8c65cb8bee5095361f803ff5c8478fa06c065181c8b71f2a,False,True,5,5.0759877655425809,5.6795796831788943,5.6795796831788943,13.208324845509644,13.443724031468902,13.731755894515651,13.472915846251786,3000.0050603964442,8.4304603569480854,0.83464893924236172,60009.396410760703,67990099145.341858,67.46399274433594,9935.3364709360449,9936.5894966173528,6378.4016782134313,3053.2867052327401
22700,227,815c919268a0e53c243c407e2ee8d201a2a9bbe068f3a0c9b48f9428b75fa76c,False,True,5,5.0762418727608631,5.6798389194504582,5.6798389194504582,13.208927720588457,13.44523236640455,13.733841804713355,13.474529744414816,3000.0050182683999,8.4303912141698234,0.83578963762872704,60009.396410760703,67987953264.687042,67.467144097338959,9935.3734345478751,9936.6313700516675,6386.7688441870105,3052.951810269069
22800,228,13310c03deb5d8fae30bf089536b166442e52463c80d650617ad7583d2055b5d,False,True,5,5.0764937479667243,5.6800958423401591,5.6800958423401591,13.209525215733125,13.4467323549489,13.735911233673415,13.476130057032396,3000.0049748225638,8.430320507431535,0.83692965427988608,60009.39641076071,67985809523.140411,67.470273152322108,9935.4103050514914,9936.6731230709011,6395.1314437721012,3052.6163560290856
22900,229,126086283c86a18579921b9cdf55bf87bc9969647772a7e9a82ebbbb12b90cd5,False,True,5,5.0767433257395194,5.6803504897520085,5.6803504897520085,13.210117419022477,13.448224082663952,13.737964442040392,13.477716877274675,3000.0049300950818,8.4302481048267559,0.83806901122114508,60009.396410760717,67983667899.237892,67.473378824961571,9935.4470834089298,9936.7147567292141,6403.4896351231191,3052.280350340719
23000,230,a1b2e3c25656f1b57975791f76ee71db44a810edb15db5dcbff7a1dceff4d620,False,True,5,5.0769905512824947,5.6806026978526925,5.6806026978526925,13.210703949521069,13.449707143083574,13.740001318479308,13.479290139841941,3000.0048842220021,8.4301738791657588,0.83920772892519258,60009.39641076071,67981528372.741142,67.476460088440831,9935.4837705460741,9936.7562720361802,6411.8435686936064,3051.9438008939428
23100,231,e8bf2d7b7e7b4926f193178834a0f5f8a9c9a1162f5b6994ca5edcc409f4e262,False,True,5,5.0772353661661773,5.6808524456154368,5.6808524456154368,13.211284758303592,13.451181478958647,13.742021943275894,13.480849830280121,3000.0048372076594,8.4300977079757633,0.84034582727863649,60009.39641076071,67979390924.576469,67.479515953840107,9935.5203673397191,9936.7976699548508,6420.1933882964358,3051.6067152337155
23200,232,8904341132a7e6511ded74b7efd18b358f9317af7af0bce41c8e12c3da520d2b,False,True,5,5.0774777211054074,5.6810997131595666,5.6810997131595666,13.211859799115595,13.4526470364817,13.744026432104175,13.482395988672293,3000.0047892016619,8.4300194770350885,0.84148332520724234,60009.396410760695,67977255536.789871,67.482545490316852,9935.5568746358422,9936.8389514129831,6428.5392307639777,3051.2691007709814
23300,233,5cc2338177c809123eef9eb564792c15cd6e3ebef17d470b156fe2975aeb7b14,False,True,5,5.077717565507851,5.6813443918466753,5.6813443918466753,13.212428819347783,13.454103547514311,13.746014878618546,13.483928602215828,3000.0047401957891,8.429939078016913,0.84262024050184225,60009.396410760681,67975122192.509735,67.485547803262364,9935.5932932374762,9936.8801172930052,6436.8812264620892,3050.9309648077829
23400,234,77af87ce6aeeb7feb59d1c51679209a60f1d9ee89ed5961d46ad135cf6687905,False,True,5,5.0779548591514203,5.6815864964807172,5.6815864964807172,13.212991853390607,13.455551026492246,13.747987403743196,13.485447552490012,3000.004690337596,8.4298564096672326,0.84375659039499185,60009.396410760695,67972990875.884377,67.488522062143275,9935.6296239129206,9936.921168438972,6445.2194993246258,3050.5923144880239
23500,235,d654a01fc239edf15f27a1d72d71db968fa6f47c8348b6fb0a6359216d0a50c9,False,True,5,5.0781895575348797,5.6818259416410744,5.6818259416410744,13.21354870261824,13.456989276944237,13.749943979736981,13.486953039446554,3000.0046395947793,8.4297713754492758,0.84489239107808367,60009.396410760688,67970861572.048523,67.491467469088377,9935.6658673962156,9936.9621056596043,6453.5541675081122,3050.25315686557
23600,236,59d80dfb4603e5998d1fabd15abec4fa3923d9dbd2382b9a0550a1af21f0dcfc,False,True,5,5.0784216180419586,5.6820626840634239,5.6820626840634239,13.21409926641584,13.4584181722566,13.751884707896364,13.488444891707751,3000.0045880028506,8.4296838847207081,0.84602765804785451,60009.396410760673,67968734267.093506,67.494383268337899,9935.702024388429,9937.0029297282545,6461.8853429191913,3049.9134988778774
23700,237,1d5eea666f8ace9dae4ae7f56ca93667cbae6dd93427055ac7aa08310919c91d,False,True,5,5.0786510065617216,5.6822967283673496,5.6822967283673496,13.214643555500263,13.459837725322972,13.753809706457806,13.489923256252816,3000.0045357175554,8.4295938527343441,0.84716240588766412,60009.396410760666,67966608948.003426,67.497268755523791,9935.7380955558037,9937.0436413820134,6470.2131320266835,3049.5733473319647
23800,238,0fadb22f60a3d62836fbf7898defa5573f5c6615230574a8229cff860ef84d5e,False,True,5,5.0788776889944183,5.6825279992286593,5.6825279992286593,13.215181394726111,13.461247739936701,13.755718875037783,13.491388068909124,3000.0044827577854,8.4295011971038374,0.84829664856281251,60009.396410760666,67964485602.633499,67.500123261147465,9935.7740815374855,9937.0842413269038,6478.5376356089437,3049.2327089546611
23900,239,140f9c24dbbe02fed26a06bfb2b7c709661c72e86988c4020ef4f7cf959589d5,False,True,5,5.0791016354636236,5.6827564749437887,5.6827564749437887,13.215712733614101,13.462648157693343,13.75761247153515,13.492839316323968,3000.0044291562212,8.4294058472275939,0.84943039915269725,60009.396410760659,67962364219.671074,67.502946161319514,9935.8099829397306,9937.1247302356096,6486.8589492009942,3048.8915903481839
24000,240,38af223ae7ed550b602ba72a94ed626fbc4b5cd0e3ff39f0568fbde13da3a881,False,True,5,5.0793228121367999,5.6829821371979508,5.6829821371979508,13.216237529560852,13.464038923623411,13.759490487290261,13.494276986906446,3000.0043748874655,8.4293077277970205,0.8505636702907553,60009.396410760659,67960244788.588623,67.505736861906286,9935.8458003370306,9937.1651087475202,6495.1771632802865,3048.5499980271857
24100,241,1d798ce53cf0d64d707d844ccf34fe47ffb5a717a606f5c207f719f7d919037f,False,True,5,5.0795411904443224,5.6832049315120194,5.6832049315120194,13.216755655887686,13.465419908040765,13.761352934555317,13.495701229085565,3000.0043200288678,8.4292067776439126,0.851696473618065,60009.396410760659,67958127299.62561,67.50849480659555,9935.881534281787,9937.2053774784308,6503.4923629314835,3048.2079384098047
24200,242,4513c3029410cd0f7c3042d9b2433d06dccd397e1c1da6bdc397049d01f5040f,False,True,5,5.0797567479463446,5.6834248427794849,5.6834248427794849,13.217267077458011,13.466791054378156,13.763200059955736,13.497111870978557,3000.004264698825,8.4291029344273234,0.85282882016629191,60009.396410760659,67956011743.741165,67.511219479717681,9935.9171852944019,9937.2455370067601,6511.804628835931,3047.8654178249681
24300,243,9d64530920810719df72de9277697e00f7e1708af00c3b9e67ca6bc12e424658,False,True,5,5.079969462444339,5.683641876391742,5.683641876391742,13.217771806791172,13.468152375750053,13.765031559153732,13.498509060815518,3000.0042089289,8.4289961405227629,0.85396072054634242,60009.396410760652,67953898112.587769,67.513910398010694,9935.9527538696693,9937.2855878889404,6520.1140367349353,3047.5224424820958
24400,244,05e9dc595eb210368acc6c0b1cc81649a7de4830c5d0f255bc5eaabbea1d7dd0,False,True,5,5.0801793065728029,5.6838559823303481,5.6838559823303481,13.218269727579983,13.469503744298599,13.76684779646056,13.499892841236415,3000.0041526378832,8.4288863453781921,0.85509218455945724,60009.396410760644,67951786398.49897,67.516567097072141,9935.9882404794334,9937.3255306558367,6528.4206577350578,3047.1790185363921
24500,245,78e3bb20307e5bed74c74311f53a45dd424340d415f298a67e05946782901af2,False,True,5,5.0803862618249669,5.6840671118818618,5.6840671118818618,13.21876072655737,13.470845030553615,13.768648819676201,13.501263092844487,3000.0040958968934,8.4287734960910878,0.85622322142438667,60009.396410760652,67949676594.420349,67.519189154624058,9936.0236455663817,9937.3653658057319,6536.7245586961317,3046.8351520411952
24600,246,97bc5d4b8f441428d8b0ab5324eaa935ed3c1712253bae6fdf29c4b88f4cdb77,False,True,5,5.0805903073226242,5.6842752727301722,5.6842752727301722,13.219244821573454,13.47217624942094,13.77043453071386,13.502619965437853,3000.0040387837612,8.428657548008891,0.85735383966251977,60009.396410760644,67947568693.926926,67.521776169834368,9936.0589695537856,9937.405093818139,6545.0258020203182,3046.4908489753043
24700,247,6ba574e1ad1b203471bec7b47ddabc822bb5b4e67586060abce09d09ea05ec53,False,True,5,5.0807914297691967,5.6844804745528927,5.6844804745528927,13.219722035118743,13.473497410687843,13.77220505787826,13.503963339452353,3000.0039813549815,8.42853845883986,0.85848404740960027,60009.396410760659,67945462691.160507,67.524327777389189,9936.0942128374463,9937.4447151403001,6553.3244460866808,3046.146115205981
24800,248,1c2556ef7548d963034883fd2850d31a609ef7edd6c458f59d4cd8eaea63883b,False,True,5,5.0809896104524546,5.6846826644697046,5.6846826644697046,13.220192244238376,13.474808386678566,13.773960400216973,13.505293364491193,3000.0039235854188,8.4284161910085817,0.85961385215486386,60009.396410760673,67943358580.821289,67.526843628060547,9936.129375796756,9937.4842302076268,6561.6205451663218,3045.8009565450502
24900,249,243bf7de019f062ba1fec976d4eaff9bd260c781eb89fbce7ad58cf6c717e5be,False,True,5,5.0811848305956246,5.684881850314369,5.684881850314369,13.22065546713231,13.476109188916711,13.7757007316642,13.50661008273403,3000.0038653946663,8.4282907045889619,0.86074326081740649,60009.396410760673,67941256358.156029,67.52932339328143,9936.1644587820338,9937.5236394204367,6569.914149397875,3045.4553787246218
25000,250,c20975027678cb05247c6dd0bf1b2504473117bb1841476a7b40fa2e1188ccc2,False,True,5,5.0813770825253126,5.685078013322725,5.685078013322725,13.22111166017034,13.477399761059782,13.777425982661418,13.507913428946965,3000.0038070408054,8.4281619690825149,0.86187227994348581,60009.396410760681,67939156018.895844,67.531766786163189,9936.199462128885,9937.5629431693269,6578.205305573345,3045.1093873805262
25100,251,77f96d933aa47bf643b3977f61651afebb940182e41667d1ec1e7a99c57aaf88,False,True,5,5.0815663507032109,5.6852711019218445,5.6852711019218445,13.221560703439311,13.478679972155554,13.779136281864991,13.509203418771678,3000.0037483615674,8.4280299539955372,0.8630009153503988,60009.396410760681,67937057559.278801,67.534173520875285,9936.2343861480495,9937.6021418115088,6586.4940564386479,3044.7629880971499
25200,252,2c952b18ccc476b5fb7d1cb4a07457082199b21f189af6e6f181c23eb1274447,False,True,5,5.0817526222538909,5.6854611517114515,5.6854611517114515,13.222002679696649,13.479949903306174,13.780831679802089,13.510480120489952,3000.0036894177729,8.4278946288391818,0.8641291724653215,60009.396410760666,67934960975.994156,67.536543340795475,9936.2692311350875,9937.6412356937071,6594.7804412556952,3044.4161863652994
25300,253,d3e801b69ba6fc1d0a3cedeea6f37ee3c9579361029a9269e29d423ee85a8c14,False,True,5,5.0819358852437988,5.6856481100919494,5.6856481100919494,13.222437466644791,13.48120942700357,13.782512183458987,13.511743656870356,3000.0036302298081,8.4277559678407812,0.86525705633193417,60009.396410760673,67932866266.188164,67.538876001649442,9936.3039973631458,9937.68022513715,6603.0644959066958,3044.0689876200131
25400,254,80525768b60132472e13e3c652ba6d2a4ceca79ba1d6f02c79223013340cdfdf,False,True,5,5.0821161339420033,5.6858320187976528,5.6858320187976528,13.222865161308437,13.482458624326469,13.784177837403279,13.512993883255403,3000.0035709363729,8.4276139475877141,0.86638457143884184,60009.396410760688,67930773427.412201,67.541171289028711,9936.3386850895495,9937.7191104476224,6611.3462528111631,3043.7213972113564
25500,255,f6dc1a81fa3bac68a35de05afeed2cbabac9880c04fc95a514172d4eb18cb3b0,False,True,5,5.0822933540059667,5.6860128509833849,5.6860128509833849,13.223285701265077,13.483697437306427,13.785828800816374,13.514230946746238,3000.0035113127997,8.4274685434947951,0.8675117218274051,60009.396410760673,67928682457.650604,67.543428986235199,9936.3732945514148,9937.7578919118187,6619.6257411686938,3043.373420435586
25600,256,1c9902c9cd8e0bc4f5ecc5a3a7c2b322754761314c32ba1665859cddeb288ca9,False,True,5,5.0824675445959926,5.6861905297599309,5.6861905297599309,13.223698907753576,13.484925663926353,13.787464906668996,13.515454839902596,3000.0034516449527,8.4273197404029201,0.86863851103276501,60009.396410760681,67926593355.257286,67.545648920173079,9936.4078259701018,9937.7965697904983,6627.9029871115599,3043.0250624855121
25700,257,ba22a8df7786e66457e9b2ac91690ace62cb76e2481b383c0671f9aeb8cba8fb,False,True,5,5.0826386886945834,5.6863651466270415,5.6863651466270415,13.224104993491073,13.486143527619722,13.78908640637464,13.516665600488928,3000.0033916918528,8.4271675149141902,0.86976494234129209,60009.396410760703,67924506118.964874,67.54783089874563,9936.4422795518803,9937.8351443416705,6636.178013687937,3042.6763285430889
25800,258,4503d9560aae47bf63265b91d7792210a732a66476ac0636fa4ac79b42a8e701,False,True,5,5.0828067847019556,5.6865366522370504,5.6865366522370504,13.224503843747561,13.487350897560653,13.79069316925036,13.517863273618085,3000.0033316498743,8.4270118530566211,0.87089101852974726,60009.396410760681,67922420747.852684,67.549974769524823,9936.4766554874641,9937.8736157997791,6644.4508408968195,3042.3272236874413
25900,259,513e752e5274674646b16e205a76d741569aec8890e392f74bbdfa25461936ec,False,True,5,5.0829718291986445,5.6867050528120258,5.6867050528120258,13.224895472986454,13.488547785295504,13.792285375191728,13.519047846027885,3000.0032715100815,8.4268527408629303,0.87201674208890245,60009.396410760666,67920337241.342979,67.552080389520484,9936.5109539506338,9937.9119843874341,6652.7214859899286,3041.9777529224002
26000,260,59c477ad7d3ceb9b307e7ee443c5925e8a7c4bcffefb9f7d1635bf2054ff17d9,False,True,5,5.083133809557328,5.6868703243563656,5.6868703243563656,13.225279825411457,13.489734131213662,13.793863053654595,13.520219468099107,3000.0032111697496,8.4266901620151646,0.87314211495768501,60009.396410760681,67918255599.185051,67.554147611093327,9936.5451751015444,9937.9502503052336,6660.9899634767162,3041.6279212360009
26100,261,7bc4bef148d42b29d7bf086ed287e6fd12b0e678206c81707807be44a77b6fb4,False,True,5,5.083292727446163,5.6870324764166922,5.6870324764166922,13.225656923218786,13.490909945147266,13.795426193813142,13.521378020973033,3000.0031507976055,8.4265241060878804,0.87426713871830675,60009.396410760673,67916175821.42466,67.556176322603037,9936.5793190843142,9937.9884137427398,6669.2562852702695,3041.2777335047363
26200,262,9a79650a029154da5f3e1ec6436635924477fd323b7cdd13090d8cd8aadda0f9,False,True,5,5.0834485738695268,5.6871914554701517,5.6871914554701517,13.226026641966374,13.492075098088494,13.796974926058201,13.522523600295425,3000.0030902350095,8.4263545603052563,0.87539181483355377,60009.396410760673,67914097908.42292,67.55816640105364,9936.6133860338487,9938.0264748798254,6677.5204605073895,3040.9271945805308
26300,263,26d48bfa5253dc71f78075679652c27a1cad742b000193717e49718d86b3465b,False,True,5,5.0836013473253088,5.6873473271220218,5.6873473271220218,13.226389134179684,13.49322973869749,13.798509200838421,13.523656248913731,3000.0030296536347,8.4261815177835615,0.87651614419167001,60009.396410760666,67912021860.805618,67.560117751258574,9936.6473760666031,9938.0644338712773,6685.782496045711,3040.5763092349948
26400,264,2bdd7654a6330a02b013752db52efdd6f8284396a8e5cbe94432d60a7f3663c3,False,True,5,5.0837510419944474,5.6875000364968518,5.6875000364968518,13.226744272274155,13.494373737968852,13.800029102603297,13.524776034088189,3000.0029689326816,8.426004966933375,0.8776401274837351,60009.396410760652,67909947679.477615,67.562030272026121,9936.681289295595,9938.1022908834457,6694.0423960340868,3040.225082205834
26500,265,4b70f6f3e71fd032cb22ac1fb62c5332171a9fd1c96c90588d372fdf33966909,False,True,5,5.0838976577470287,5.6876496214351553,5.6876496214351553,13.227092144225562,13.49550717679732,13.801534599938252,13.5258829721542,3000.0029081940079,8.4258249008798742,0.87876376489531827,60009.396410760659,67907875365.589577,67.563903885878517,9936.7151258096583,9938.1400460376499,6702.3001628485354,3039.8735181474722
26600,266,e712a00b84b119913b86e0595297fe1b14bd6dc6ace9375958ed50b58572936d,False,True,5,5.0840411924676756,5.6877960596940484,5.6877960596940484,13.227432698319721,13.496629993883555,13.803025786238388,13.526977079366169,3000.0028474372016,8.4256413151074803,0.87988705659193511,60009.396410760644,67905804920.548691,67.565738517394607,9936.7488856946566,9938.177699468155,6710.5557961636277,3039.5216216761705
26700,267,7026d46179a8ee7604c6a994e3feabca1c64b3aa2b4607c71dbf0bfea0ef7c9f,False,True,5,5.0841816392921722,5.6879393844408064,5.6879393844408064,13.227766011662887,13.497742270058334,13.804502880118758,13.528058368184679,3000.0027865299153,8.4254542027499681,0.88101000229356552,60009.396410760659,67903736345.990166,67.567534089810323,9936.7825690265599,9938.2152512921657,6718.8092936844587,3039.1693973607021
26800,268,a6e4833001cc1e7d44ef705379a5a200b4d0bbd1c7e5429704d7646fe5f19bcf,False,True,5,5.0843190024876233,5.6880795443143839,5.6880795443143839,13.228091964848149,13.49884387294002,13.805965618529372,13.529126937499468,3000.0027256682292,8.4252635593001184,0.88213260125886139,60009.396410760688,67901669643.769829,67.569290555528113,9936.8161758655042,9938.2527016103377,6727.0606510307352,3038.8168496957646
26900,269,2205ed9c83c043cd3698fbfdd6e6667a682e3b932a246c64abdd1c7df9fc5192,False,True,5,5.0844532773808089,5.6882165119821808,5.6882165119821808,13.228410494326415,13.499934742962717,13.807414143884186,13.530182825969113,3000.0026647155341,8.4250693790776818,0.88325485283039828,60009.396410760688,67899604815.959976,67.57100785396139,9936.8497062641145,9938.2900505194157,6735.3098618736158,3038.4639831363625
27000,270,4b31de59d69dd17dcba3e88d06b2b8ee17078105d2074b1d3881068e7036fe73,False,True,5,5.0845844642398106,5.6883503577684538,5.6883503577684538,13.228721763595527,13.501015031957401,13.808848620301143,13.531225970489823,3000.0026037410703,8.4248716611161996,0.88437675573171026,60009.396410760681,67897541864.826317,67.572685944161748,9936.8831602677383,9938.3272981025966,6743.5569179451641,3038.1108020860825
27100,271,8922b21f588a37be7026453d19b68dd660b1b15f7fa2ae8de348cb844719707b,False,True,5,5.0847125619473506,5.6884810548028275,5.6884810548028275,13.229025710183498,13.502084676884056,13.810268973977369,13.532256520569883,3000.0025427557011,8.4246704020985099,0.88549830877236102,60009.396410760695,67895480792.843132,67.574324785716385,9936.916537909221,9938.3644444409583,6751.8018090047353,3037.7573109003329
27200,272,3e1650288c5e52a287ef274038e522b953c7c5a512ebb9966a1206b8166e2757,False,True,5,5.0848375667151409,5.6886085789793919,5.6886085789793919,13.229322278043615,13.503143616439811,13.811675251300471,13.533274409236782,3000.002481700948,8.4244656010660997,0.88661951036733233,60009.396410760703,67893421602.660118,67.575924336449347,9936.9498392131354,9938.4014895965975,6760.0445232556831,3037.4035139089724
27300,273,3e612dcf418cf820506c3692c4035078f858d75406cc4c5776ef7730805ef5fe,False,True,5,5.0849594856126554,5.6887329937157034,5.6887329937157034,13.229611614620939,13.504192002323974,13.813067431889337,13.534279840424864,3000.002420750594,8.4242572547099375,0.88774035848898247,60009.396410760703,67891364297.096855,67.57748458150455,9936.9830642025645,9938.4384336326693,6768.2850469342475,3037.0494153406285
27400,274,4099bc20b3972a4f2c0f5b874cd9d7382d8fb96547fb736ad5998ffe8c3e7b43,False,True,5,5.0850783173855199,5.6888541899670422,5.6888541899670422,13.229893466395295,13.505229561919219,13.814445747014789,13.535272641602671,3000.0023597437557,8.4240453656114767,0.88886085120151592,60009.396410760681,67889308879.141319,67.579005494625065,9937.0162128814918,9938.4752765955272,6776.5233650236078,3036.6950194230058
27500,275,808078f7067fc392c4bbfeae0babcf1196dcb67f9bc0a509f8f3d1c0eaa3b1d9,False,True,5,5.0851940593151985,5.6889722870932289,5.6889722870932289,13.23016811086581,13.506256585445637,13.815809980838688,13.536252987417134,3000.0022987396524,8.4238299316469849,0.88998098629083489,60009.396410760666,67887255351.948654,67.580487058868144,9937.0492852551961,9938.512018534082,6784.7594604748356,3036.340330324947
27600,276,bb52b75144e6f74f2d5da0462e8d364eaa3b7341648b029a6b57c49c9fc60578,False,True,5,5.0853067133146945,5.6890872028740418,5.6890872028740418,13.230435356879084,13.507272869583025,13.817160438868925,13.537220894326341,3000.0022377202067,8.4236109554054437,0.89110076121432213,60009.396410760673,67885203718.811981,67.581929260821809,9937.0822813181258,9938.5486594812228,6792.99331511728,3035.9853521747414
27700,277,0f49e700c523584f9cdc8897a1b0d7125e4a7787848b291da7fb8f5ae618bf4a,False,True,5,5.0854162817167907,5.6891990023018382,5.6891990023018382,13.230695355538176,13.508278565892619,13.818496935532082,13.538176349568602,3000.0021767520739,8.423388437125233,0.89222017319827385,60009.396410760681,67883153983.168564,67.583332096842554,9937.1152010605874,9938.585199467705,6801.2249091245276,3035.6300890441976
27800,278,39f655f015dd6ad8a20126bd30338d4dd6c597c754123674726476823271732e,False,True,5,5.0855227650759529,5.6893076598722789,5.6893076598722789,13.230948047548134,13.509273611291194,13.819819576664745,13.539119449459436,3000.0021157751403,8.4231623782258254,0.89333921947542783,60009.396410760666,67881106148.601288,67.584695561193925,9937.1480444631161,9938.6216385164571,6809.4542213899222,3035.2745449926283
27900,279,52978045a9ddd974a81fc11f98b4e1ffe7d6bd680b3cb82739743ea7185ff92a,False,True,5,5.0856261667549019,5.6894131215385144,5.6894131215385144,13.231193307257145,13.510257875184728,13.82112846459764,13.540050153816917,3000.002054831662,8.4229327813074661,0.89445789708816592,60009.396410760673,67879060218.809219,67.586019659142238,9937.1808115052881,9938.6579766510349,6817.6812294147649,3034.9187240056926
28000,280,d622ad34b48bb7f2d4532514625e6d9741edeb401642269e2aa4666058570b10,False,True,5,5.0857264853886743,5.6895154803617904,5.6895154803617904,13.231431351023396,13.511231576553977,13.822423463819533,13.540968640675011,3000.0019939227332,8.4226996489740174,0.89557620253845582,60009.396410760695,67877016197.622131,67.587304391395591,9937.2135021585236,9938.6942138752365,6825.9059093893211,3034.562630047873
28100,281,b73906514af2b5842b4eb6a6a1554e8dd67f1c7497a47fbbf0df1e7d3847e908,False,True,5,5.0858237298724234,5.6896147112132391,5.6896147112132391,13.231662120430613,13.51219465397789,13.823704826091019,13.541874787868844,3000.0019331213089,8.4224629826559934,0.89669413272440668,60009.396410760695,67874974088.974861,67.588549779253441,9937.2461163870867,9938.7303502027844,6834.128236450978,3034.2062670214555
28200,282,4e4606162a2d69942cd3f1cb5aa00e57ef001f92f9cdbc4fac224d4523f17a31,False,True,5,5.0859178970634495,5.6897107590093317,5.6897107590093317,13.231885487412296,13.513146975156728,13.824972400240286,13.542768746016471,3000.0018722675541,8.422222789672956,0.89781168392230837,60009.39641076071,67872933896.920517,67.589755827330691,9937.2786541535752,9938.7663856318959,6842.3481844675789,3033.8496388316307
28300,283,d190d9ab5eb2c80167b7072287887b2ccaf0d01111bf6319586b78a3253ee593,False,True,5,5.086008983831575,5.6898036894152959,5.6898036894152959,13.232101604632129,13.51408868971445,13.826226406898813,13.543650503822469,3000.0018114034137,8.4219790691081204,0.89892885244276644,60009.396410760695,67870895625.61834,67.590922543670715,9937.3111154136259,9938.8023201600226,6850.5657262589139,3033.4927493353093
28400,284,f4519dad4cb3fad3b474f8a407bdd8362ccee8fd27839a7fc6b5729430cf31da,False,True,5,5.0860970072059262,5.689893476337339,5.689893476337339,13.232310411436071,13.515019734528321,13.827466670464533,13.544520102640821,3000.0017507673447,8.4217318294649868,0.90004563461623976,60009.396410760666,67868859279.311401,67.592049969941556,9937.3435001219113,9938.83815378699,6858.7808334573938,3033.1356023076055
28500,285,dc2bd17f5f032ca2d589ba2dd7c9082655cf917b7032c8d3d339aaf7d62bcabc,False,True,5,5.086181963379917,5.6899801510207535,5.6899801510207535,13.232511980463977,13.515940188226693,13.828693393047571,13.545377581896085,3000.0016900930327,8.4214810721880529,0.90116202621253316,60009.396410760666,67866824862.344559,67.593138120494345,9937.3758082237255,9938.8738864885891,6866.993476887289,3032.778201528628
28600,286,fcf8cf7d04feddeb1a677c83afe9ccf540fb01579b36841118c32a6a1f5c87b5,False,True,5,5.0862638506572866,5.6900637219672534,5.6900637219672534,13.232706331480438,13.516850060231794,13.829906575146911,13.546222931965165,3000.0016294318439,8.4212268022562888,0.90227802330112361,60009.396410760637,67864792379.144402,67.594187018210562,9937.4080396664267,9938.9095182640485,6875.2036262893962,3032.4205507458619
28700,287,b458a819c3e097a8de29281cab252a01eefbadd17298103d888ff7a614c329e8,False,True,5,5.0863426816698691,5.6901441285925527,5.6901441285925527,13.232893323641036,13.517749216519073,13.831106138392242,13.54705629944001,3000.0015689235543,8.4209690281827125,0.90339362147552738,60009.396410760637,67862761834.217056,67.595196705729904,9937.4401943907815,9938.9450490876843,6883.4112505332223,3032.0626536480049
28800,288,1662dc4b5937b764ca111c8c1fc2fa6148633e536c224f9c9cdfa8e276ce5b89,False,True,5,5.0864184534992587,5.6902214111988911,5.6902214111988911,13.233073050642876,13.518637737361734,13.832292163879156,13.547877621859429,3000.0015084109823,8.420707752599025,0.90450881654848714,60009.396410760608,67860733232.156868,67.596167207057277,9937.4722723354407,9938.9804789450736,6891.6163174643698,3031.7045139119141
28900,289,4aff4bad0ae07a7f37709dec586a525a5202ac0789c200cb1b0e28915120fee8,False,True,5,5.0864911698757851,5.6902955977437797,5.6902955977437797,13.23324557748724,13.519515699562305,13.833464805005685,13.548686991124667,3000.0014479512083,8.4204429804938936,0.90562360399488639,60009.396410760615,67858706577.6194,67.597098558489805,9937.5042734343151,9939.0158078041859,6899.8187944306346,3031.3461351797355
29000,290,4dce3b1c1b8a02e44d6e6dfeac169bd1bf5f9686932c7d3792e169614f47167f,False,True,5,5.0865608385590448,5.6903666643570681,5.6903666643570681,13.233410848683478,13.520383041618178,13.834623937938812,13.549484395506699,3000.0013876325265,8.4201747215667169,0.90673797915585386,60009.396410760608,67856681875.32769,67.597990804427937,9937.536197619831,9939.0510356424857,6908.0186478075975,3030.9875210423138
29100,291,53ad1d7581f710fc1c06d5a142bc83d9188a31d7fd9c1e125cc792dbf36e2cb6,False,True,5,5.0866274602407326,5.6904346441642844,5.6904346441642844,13.233568941245952,13.521239840264688,13.83576975719579,13.550269904152321,3000.0013273473046,8.4199029772819252,0.90785193743288062,60009.396410760586,67854659130.070168,67.598843979475873,9937.5680448247767,9939.0861624317968,6916.2158430828722,3030.6286750942154
29200,292,3170b47c9f34e367f49313cd3f91d86c73bd73ebbf2b8821ffda6d194750be15,False,True,5,5.0866910417275841,5.6904995120380484,5.6904995120380484,13.233719796760402,13.522086033973649,13.836902061686256,13.55104358615554,3000.001267168806,8.4196277573449816,0.90896547408202688,60009.396410760593,67852638346.699547,67.599658133342743,9937.5998149740335,9939.121188139361,6924.4103453171538,3030.2696008589528
29300,293,cbb988a051262de9cad68130f4d40eb565b783f10c5904251f6c3dcdcfaf7fa2,False,True,5,5.0867515858257351,5.6905612696538599,5.6905612696538599,13.233863419124134,13.522921630327726,13.83802106502965,13.551805399532936,3000.0012070429079,8.419349069110444,0.91007858415477894,60009.396410760564,67850619530.10791,67.600433308873718,9937.6315079956385,9939.156112735338,6932.6021187844053,3029.9103018685705
29400,294,610a0d760b05b8368f90b47eb33d2a8b7b5342778132cb951c53f47d83ca73fa,False,True,5,5.086809097718926,5.6906199505634953,5.6906199505634953,13.233999886345588,13.523746707670789,13.839126844614769,13.552555467844504,3000.0011470122286,8.4190669175825885,0.91119126281294283,60009.396410760579,67848602685.249695,67.601169558066147,9937.6631238123882,9939.1909361804574,6940.7911271755474,3029.5507815900078
29500,295,107cd1d2fd42cb50e66c8ee511f4bf1c168b1fc0ff04be46c60af1b8afa0b468,False,True,5,5.0868635827865782,5.6906755297082654,5.6906755297082654,13.234129140169237,13.524561202726662,13.840219282238207,13.553293779074325,3000.001087099095,8.4187813101218278,0.91230350493678625,60009.396410760593,67846587817.127914,67.601866932587114,9937.6946623454951,9939.2256584406114,6948.9773334851761,3029.191043472521
29600,296,e06544162a55d577da9f0b483881c38764a6961398f0001cab0733cea59ecb99,False,True,5,5.0869150450700635,5.6907280095887396,5.6907280095887396,13.234251186411429,13.52536512300955,13.841298375526481,13.554020319288323,3000.0010272534241,8.4184922564449476,0.9134153054163443,60009.396410760572,67844574930.777779,67.602525484262785,9937.7261235233818,9939.2602794821541,6957.1607001194343,3028.8310909658358
29700,297,25793e6451baf769ad50e1a5e3c63d6dd5ea78edefeabdfb2651e4b4f78e95a8,False,True,5,5.0869634895458553,5.6907774245361438,5.6907774245361438,13.234366104892617,13.526158546763545,13.842364284305214,13.554735185530719,3000.000967499027,8.4181997615649014,0.91452665911725151,60009.396410760564,67842564031.284744,67.603145270082067,9937.7575072580585,9939.2947992582831,6965.3411892613422,3028.4709274591905
29800,298,382d74e19e602dd492d6b671ec3eb5a6234671e7c1e0f6e75d6b008edc19780d,False,True,5,5.0870089205196116,5.6908237746781678,5.6908237746781678,13.234473895912615,13.526941481430686,13.843417111981905,13.55543844377109,3000.0009078412686,8.4179038352036262,0.91563756078425373,60009.396410760572,67840555123.771477,67.603726346371232,9937.7888134682198,9939.3292177306867,6973.5187622420917,3028.1105563299784
29900,299,4a586d14f537562d5565b8bbdafb03ddb92a2df4966752a8fc031fa642caaf03,False,True,5,5.0870513456153343,5.6908670338652341,5.6908670338652341,13.23457449868121,13.527713861970133,13.844456603930142,13.556130109075507,3000.000848298961,8.4176044847330882,0.91674800513302945,60009.396410760557,67838548213.379478,67.604268775831187,9937.8200420766298,9939.3635348639255,6981.6933801574851,3027.7499809094988
30000,300,20bf34031650b8fffab4459cdd76eb0a561bf22babbe5cc7173dc8c00619e0a3,False,True,5,5.0870907665943479,5.6909072666334248,5.6909072666334248,13.234668063240234,13.528475838978792,13.845483113632149,13.556810141857103,3000.0007888150262,8.4173017175274349,0.91785798681090702,60009.396410760557,67836543305.299088,67.604772615108772,9937.8511929963734,9939.397750610251,6989.8650035999472,3027.3892045374209
