boundary_index,boundary_temperature_c,probe_side,reference_region,reference_phase,reference_pressure_mpa,specific_volume_m3_kg,specific_u_j_kg,reference_quality,production_resolved,production_phase,production_temperature_c,production_pressure_mpa,phase_matches,production_minus_reference_temperature_c,production_minus_reference_pressure_mpa
0,47.25379668027165,R1-SIDE,REGION-1,SubcooledLiquid,0.01076344579292377,0.001010893294447206,197846.19105197195,,True,SaturatedMixture,47.11623424930821,0.010688640368034042,False,-0.13756243096344178,-7.480542488972827E-05
0,47.25379668027165,R4-LIQUID-SIDE,REGION-4,SaturatedMixture,0.010763338159542174,0.001024581921197547,197848.4323269899,1E-06,True,SaturatedMixture,47.11623173402859,0.01068863900629474,True,-0.13756494624306015,-7.469915324743309E-05
0,47.25379668027165,R4-VAPOR-SIDE,REGION-4,SaturatedMixture,0.010763338159542174,13.68962390712449,2439103.688936771,0.999999,True,SaturatedMixture,47.01856470938566,0.01063587561259896,True,-0.2352319708859909,-0.000127462546943213
0,47.25379668027165,R2-SIDE,REGION-2,SuperheatedVapor,0.010763230526160579,13.689775005870919,2439105.9585834206,,True,SaturatedMixture,47.01835636754612,0.010635763298185103,False,-0.23544031272552957,-0.0001274672279754762
1,47.25636326000097,R1-SIDE,REGION-1,SubcooledLiquid,0.010764843736668937,0.0010108944309862701,197856.91726078285,,True,SaturatedMixture,47.11878810375458,0.010690023068124256,False,-0.13757515624638472,-7.482066854468117E-05
1,47.25636326000097,R4-LIQUID-SIDE,REGION-4,SaturatedMixture,0.010764736089308044,0.0010245813854874522,197859.15852848976,1E-06,True,SaturatedMixture,47.11878559405102,0.010690021709252786,True,-0.1375776659499479,-7.471438005525813E-05
1,47.25636326000097,R4-VAPOR-SIDE,REGION-4,SaturatedMixture,0.010764736089308044,13.687951660768558,2439107.1013593674,0.999999,True,SaturatedMixture,47.02113514449468,0.01063726138505762,True,-0.2352281155062883,-0.0001274747042504243
1,47.25636326000097,R2-SIDE,REGION-2,SuperheatedVapor,0.01076462844194715,13.68810274109966,2439109.3710007765,,True,SaturatedMixture,47.02092679939415,0.010637149056311098,False,-0.23543646060682022,-0.0001274793856360524
2,47.260731856524956,R1-SIDE,REGION-1,SubcooledLiquid,0.01076722354696915,0.0010108963656097726,197875.17443144624,,True,SaturatedMixture,47.12313505021473,0.010692376932060639,False,-0.13759680631022775,-7.48466149085112E-05
2,47.260731856524956,R4-LIQUID-SIDE,REGION-4,SaturatedMixture,0.010767115875810392,0.0010245804743037206,197877.41568670896,1E-06,True,SaturatedMixture,47.123132542357894,0.010692375573932164,True,-0.13759931416706195,-7.47403018782275E-05
2,47.260731856524956,R4-VAPOR-SIDE,REGION-4,SaturatedMixture,0.010767115875810392,13.68510585830418,2439112.9096470964,0.999999,True,SaturatedMixture,47.025510300369774,0.010639620475002021,True,-0.2352215561551816,-0.0001274954008083709
2,47.260731856524956,R2-SIDE,REGION-2,SuperheatedVapor,0.010767008204651634,13.685256907296376,2439115.1792795854,,True,SaturatedMixture,47.02530194971837,0.010639508121856066,False,-0.23542990680658704,-0.00012750008279556815
3,47.26746165007364,R1-SIDE,REGION-1,SubcooledLiquid,0.010770890513210134,0.0010108993461578628,197903.29948539223,,True,SaturatedMixture,47.12983148987155,0.010696003913915949,False,-0.13763016020209307,-7.488659929418516E-05
3,47.26746165007364,R4-LIQUID-SIDE,REGION-4,SaturatedMixture,0.01077078280538208,0.0010245790722403396,197905.5407214845,1E-06,True,SaturatedMixture,47.12982898209714,0.010696002555436268,True,-0.1376326679765043,-7.47802499458123E-05
3,47.26746165007364,R4-VAPOR-SIDE,REGION-4,SaturatedMixture,0.01077078280538208,13.680723254179956,2439121.857213833,0.999999,True,SaturatedMixture,47.032250203360036,0.010643255519500149,True,-0.23521144671360616,-0.00012752728588193152
3,47.26746165007364,R2-SIDE,REGION-2,SuperheatedVapor,0.010770675097554026,13.680874254909478,2439124.1268325793,,True,SaturatedMixture,47.03204184140691,0.010643143127274416,False,-0.23541980866673384,-0.0001275319702796103
4,47.27766643762595,R1-SIDE,REGION-1,SubcooledLiquid,0.010776452999946404,0.001010903866373805,197945.94719551882,,True,SaturatedMixture,47.13998570608618,0.010701505742552294,False,-0.13768073153977411,-7.494725739411005E-05
4,47.27766643762595,R4-LIQUID-SIDE,REGION-4,SaturatedMixture,0.010776345236494038,0.0010245769499294664,197948.18840254203,1E-06,True,SaturatedMixture,47.139983203427505,0.01070150438624473,True,-0.1376832341984482,-7.484085024930809E-05
4,47.27766643762595,R4-VAPOR-SIDE,REGION-4,SaturatedMixture,0.010776345236494038,13.674080738502049,2439135.424801065,0.999999,True,SaturatedMixture,47.04247032701812,0.01064876959390501,True,-0.23519611060783063,-0.00012757564258902843
4,47.27766643762595,R2-SIDE,REGION-2,SuperheatedVapor,0.010776237473041673,13.674231666081983,2439137.6943989745,,True,SaturatedMixture,47.04226195209685,0.010648657144648292,False,-0.2354044855291022,-0.0001275803283933806
5,47.28584959805005,R1-SIDE,REGION-1,SubcooledLiquid,0.010780915308942913,0.0010109074916600923,197980.14615978306,,True,SaturatedMixture,47.14812831136737,0.010705919382641253,False,-0.1377212866826767,-7.499592630165995E-05
5,47.28584959805005,R4-LIQUID-SIDE,REGION-4,SaturatedMixture,0.010780807500867904,0.0010245752512995218,197982.3873434958,1E-06,True,SaturatedMixture,47.14812581091195,0.010705918027047522,True,-0.13772378713809985,-7.48894738203821E-05
5,47.28584959805005,R4-VAPOR-SIDE,REGION-4,SaturatedMixture,0.010780807500867904,13.66875683119904,2439146.3044474144,0.999999,True,SaturatedMixture,47.0506657932292,0.01065319307597124,True,-0.23518380482084922,-0.00012761442489666458
5,47.28584959805005,R2-SIDE,REGION-2,SuperheatedVapor,0.010780699692792895,13.668907700150324,2439148.574028618,,True,SaturatedMixture,47.05045740515675,0.010653080579478261,False,-0.2353921928933005,-0.0001276191133146344
6,47.30439080595971,R1-SIDE,REGION-1,SubcooledLiquid,0.010791031774868785,0.0010109157075611694,198057.63338572858,,True,SaturatedMixture,47.16657764516208,0.010715925497104524,False,-0.13781316079763428,-7.510627776426138E-05
6,47.30439080595971,R4-LIQUID-SIDE,REGION-4,SaturatedMixture,0.010790923865630127,0.001024571413243564,198059.8745166243,1E-06,True,SaturatedMixture,47.16657515280315,0.01071592414481516,True,-0.13781565315656508,-7.499972081496768E-05
6,47.30439080595971,R4-VAPOR-SIDE,REGION-4,SaturatedMixture,0.010790923865630127,13.656702894388829,2439170.954880494,0.999999,True,SaturatedMixture,47.06923490162717,0.01066322154707458,True,-0.23515590433254374,-0.0001277023185555469
6,47.30439080595971,R2-SIDE,REGION-2,SuperheatedVapor,0.010790815956391472,13.656853630598066,2439173.224423848,,True,SaturatedMixture,47.069026483993866,0.010663108943620488,False,-0.23536432196584656,-0.0001277070127709834
7,47.31016860008242,R1-SIDE,REGION-1,SubcooledLiquid,0.010794185924890157,0.0010109182683072319,198081.7798938765,,True,SaturatedMixture,47.17232681937048,0.010719045240256077,False,-0.13784178071193764,-7.514068463407991E-05
7,47.31016860008242,R4-LIQUID-SIDE,REGION-4,SaturatedMixture,0.010794077984110315,0.0010245702202529342,198084.02100831337,1E-06,True,SaturatedMixture,47.17232431391369,0.010719043880520125,True,-0.137844286168729,-7.503410359019011E-05
7,47.31016860008242,R4-VAPOR-SIDE,REGION-4,SaturatedMixture,0.010794077984110315,13.652949163996652,2439178.6363100894,0.999999,True,SaturatedMixture,47.07502139828057,0.010666348271705652,True,-0.23514720180185122,-0.00012772971240466308
7,47.31016860008242,R2-SIDE,REGION-2,SuperheatedVapor,0.010793970043330475,13.653099858868512,2439180.905841651,,True,SaturatedMixture,47.07481296997082,0.010666235634111176,False,-0.23535563011159866,-0.0001277344092192982
8,47.339061117172264,R1-SIDE,REGION-1,SubcooledLiquid,0.010809970497312584,0.0010109310772769935,198202.52732897463,,True,SaturatedMixture,47.201076205043364,0.01073465757416056,False,-0.13798491212889985,-7.531292315202456E-05
8,47.339061117172264,R4-LIQUID-SIDE,REGION-4,SaturatedMixture,0.010809862398688596,0.0010245642760832489,198204.76836110608,1E-06,True,SaturatedMixture,47.2010737067543,0.010734656216618055,True,-0.13798741041796347,-7.520618207054047E-05
8,47.339061117172264,R4-VAPOR-SIDE,REGION-4,SaturatedMixture,0.010809862398688596,13.634196056041114,2439217.047348297,0.999999,True,SaturatedMixture,47.103957466165525,0.010681995654236635,True,-0.2351036510067388,-0.00012786674445196093
8,47.339061117172264,R2-SIDE,REGION-2,SuperheatedVapor,0.01080975430006461,13.634346544397184,2439219.316820891,,True,SaturatedMixture,47.10374899515017,0.010681882851568254,False,-0.23531212202209417,-0.00012787144849635626
9,47.339702007174424,R1-SIDE,REGION-1,SubcooledLiquid,0.01081032085330431,0.0010109313614731648,198205.20573403002,,True,SaturatedMixture,47.20171392002851,0.010735004106214545,False,-0.1379880871459136,-7.531674708976394E-05
9,47.339702007174424,R4-LIQUID-SIDE,REGION-4,SaturatedMixture,0.010810212751176797,0.001024564144636756,198207.4467643359,1E-06,True,SaturatedMixture,47.20171142173939,0.010735002748634353,True,-0.13799058543503406,-7.521000254244459E-05
9,47.339702007174424,R4-VAPOR-SIDE,REGION-4,SaturatedMixture,0.010810212751176797,13.633780414075172,2439217.8993612924,0.999999,True,SaturatedMixture,47.10459932094392,0.010682342965211287,True,-0.2351026862305048,-0.00012786978596551063
9,47.339702007174424,R2-SIDE,REGION-2,SuperheatedVapor,0.010810104649049286,13.633930897854045,2439220.168832579,,True,SaturatedMixture,47.10439085259753,0.010682230160835747,False,-0.2353111545768911,-0.00012787448821353908
10,47.37124681919806,R1-SIDE,REGION-1,SubcooledLiquid,0.010827577549085489,0.0010109453534164047,198337.03776656638,,True,SaturatedMixture,47.23310248839675,0.010752072425865877,False,-0.1381443308013104,-7.550512321961161E-05
10,47.37124681919806,R4-LIQUID-SIDE,REGION-4,SaturatedMixture,0.010827469274392744,0.0010245576965686664,198339.2787070097,1E-06,True,SaturatedMixture,47.233100000784134,0.010752071072240967,True,-0.1381468184139294,-7.539820215177705E-05
10,47.37124681919806,R4-VAPOR-SIDE,REGION-4,SaturatedMixture,0.010827469274392744,13.613340437099936,2439259.8348785085,0.999999,True,SaturatedMixture,47.136191766785316,0.010699449799284538,True,-0.23505505241274705,-0.0001280194751082063
10,47.37124681919806,R2-SIDE,REGION-2,SuperheatedVapor,0.010827360999700001,13.613490695786394,2439262.1042854334,,True,SaturatedMixture,47.13598324772579,0.0106993368122302,False,-0.23526357147227372,-0.000128024187469801
11,47.38116506189107,R1-SIDE,REGION-1,SubcooledLiquid,0.010833008244981821,0.0010109497542340846,198378.48810216459,,True,SaturatedMixture,47.24297161650486,0.010757443826969146,False,-0.13819344538620726,-7.556441801267501E-05
11,47.38116506189107,R4-LIQUID-SIDE,REGION-4,SaturatedMixture,0.010832899915982661,0.0010245556779944498,198380.72901435313,1E-06,True,SaturatedMixture,47.24296912889224,0.010757442472763253,True,-0.13819593299882627,-7.545744321940835E-05
11,47.38116506189107,R4-VAPOR-SIDE,REGION-4,SaturatedMixture,0.010832899915982661,13.606921055999079,2439273.019802456,0.999999,True,SaturatedMixture,47.14612500697086,0.010704833360996003,True,-0.23504005492020497,-0.00012806655498665866
11,47.38116506189107,R2-SIDE,REGION-2,SuperheatedVapor,0.010832791586983501,13.607071243992959,2439275.2891891473,,True,SaturatedMixture,47.145916469227586,0.010704720314967758,False,-0.2352485926634813,-0.0001280712720157437
12,47.405578786134754,R1-SIDE,REGION-1,SubcooledLiquid,0.010846385856276416,0.001010960589900427,198480.51803893046,,True,SaturatedMixture,47.267264456611656,0.010770675343361671,False,-0.13831432952309797,-7.571051291474507E-05
12,47.405578786134754,R4-LIQUID-SIDE,REGION-4,SaturatedMixture,0.01084627739350248,0.0010245507272187908,198482.75888156955,1E-06,True,SaturatedMixture,47.26726196899892,0.01077067398772481,True,-0.13831681713583066,-7.560340577767062E-05
12,47.405578786134754,R4-VAPOR-SIDE,REGION-4,SaturatedMixture,0.01084627739350248,13.59113464056017,2439305.4737617155,0.999999,True,SaturatedMixture,47.17057567702551,0.01071809491430782,True,-0.23500310910924327,-0.00012818247919466064
12,47.405578786134754,R2-SIDE,REGION-2,SuperheatedVapor,0.010846168930728546,13.591284654708126,2439307.7430986096,,True,SaturatedMixture,47.170367101914565,0.010717981727683281,False,-0.23521168422018945,-0.00012818720304526472
13,47.42490748912098,R1-SIDE,REGION-1,SubcooledLiquid,0.010856987170281312,0.0010109691717494129,198561.29669632175,,True,SaturatedMixture,47.28649746054788,0.01078116084706264,False,-0.13841002857310514,-7.582632321867164E-05
13,47.42490748912098,R4-LIQUID-SIDE,REGION-4,SaturatedMixture,0.010856878601495297,0.0010245468256953583,198563.5374838966,1E-06,True,SaturatedMixture,47.28649498361165,0.010781159496115002,True,-0.13841250550933637,-7.57191053802949E-05
13,47.42490748912098,R4-VAPOR-SIDE,REGION-4,SaturatedMixture,0.010856878601495297,13.578651289159415,2439331.167339272,0.999999,True,SaturatedMixture,47.18993366481391,0.010728604308310215,True,-0.23497382430707603,-0.00012827429318508152
13,47.42490748912098,R2-SIDE,REGION-2,SuperheatedVapor,0.010856770032709281,13.578801165835932,2439333.4366367473,,True,SaturatedMixture,47.18972506034288,0.010728491010390202,False,-0.2351824287781028,-0.00012827902231907912
14,47.44107317328451,R1-SIDE,REGION-1,SubcooledLiquid,0.01086586048125896,0.0010109763513324998,198628.85648469158,,True,SaturatedMixture,47.302583123991894,0.010789937208212546,False,-0.13849004929261355,-7.592327304641391E-05
14,47.44107317328451,R4-LIQUID-SIDE,REGION-4,SaturatedMixture,0.010865751823740721,0.0010245435748872573,198631.09722621262,1E-06,True,SaturatedMixture,47.30258064506938,0.010789935855236106,True,-0.13849252821512437,-7.581596850461496E-05
14,47.44107317328451,R4-VAPOR-SIDE,REGION-4,SaturatedMixture,0.010865751823740721,13.56822091554214,2439352.655853569,0.999999,True,SaturatedMixture,47.20612386472345,0.010737400717523765,True,-0.2349493085610561,-0.00012835110621695588
14,47.44107317328451,R2-SIDE,REGION-2,SuperheatedVapor,0.010865643166222485,13.568370677355327,2439354.9251180813,,True,SaturatedMixture,47.205915236230396,0.010737287326739606,False,-0.2351579370541117,-0.00012835583948287918
15,47.46560525596135,R1-SIDE,REGION-1,SubcooledLiquid,0.010879337991507513,0.0010109872502930427,198731.38128321213,,True,SaturatedMixture,47.326993784767524,0.010803267424534874,False,-0.13861147119382622,-7.607056697263824E-05
15,47.46560525596135,R4-LIQUID-SIDE,REGION-4,SaturatedMixture,0.01087922919921552,0.0010245386629568717,198733.62195484387,1E-06,True,SaturatedMixture,47.32699131580722,0.01080326607556564,True,-0.13861394015412998,-7.596312364988034E-05
15,47.46560525596135,R4-VAPOR-SIDE,REGION-4,SaturatedMixture,0.01087922919921552,13.55241005126198,2439385.264723333,0.999999,True,SaturatedMixture,47.23069319817233,0.01075076148837156,True,-0.23491205778901758,-0.00012846771084396025
15,47.46560525596135,R2-SIDE,REGION-2,SuperheatedVapor,0.010879120406923529,13.552559638959671,2439387.5339378323,,True,SaturatedMixture,47.230484532311664,0.010750647956042084,False,-0.23512072364968617,-0.0001284724508814443
16,47.476804162561905,R1-SIDE,REGION-1,SubcooledLiquid,0.01088549525332102,0.001010992227136587,198778.18392889216,,True,SaturatedMixture,47.33813727269944,0.0108093573819037,False,-0.13866688986246345,-7.613787141732067E-05
16,47.476804162561905,R4-LIQUID-SIDE,REGION-4,SaturatedMixture,0.010885386399457025,0.0010245364291887338,198780.42456861885,1E-06,True,SaturatedMixture,47.33813480090248,0.010809356030730567,True,-0.13866936165942434,-7.603036872645859E-05
16,47.476804162561905,R4-VAPOR-SIDE,REGION-4,SaturatedMixture,0.010885386399457025,13.545199451739562,2439400.1503564734,0.999999,True,SaturatedMixture,47.24190912831341,0.010756865443259213,True,-0.23489503424849545,-0.00012852095619781193
16,47.476804162561905,R2-SIDE,REGION-2,SuperheatedVapor,0.010885277545593031,13.545348960031216,2439402.419548145,,True,SaturatedMixture,47.24170044643802,0.010756751846832488,False,-0.2351037161238878,-0.00012852569876054334
17,47.497136956453346,R1-SIDE,REGION-1,SubcooledLiquid,0.010896682061926422,0.0010110012654640185,198863.15910708203,,True,SaturatedMixture,47.35836945478684,0.010820421882899629,False,-0.1387675016665071,-7.626017902679326E-05
17,47.497136956453346,R4-LIQUID-SIDE,REGION-4,SaturatedMixture,0.01089657309619546,0.0010245323872015157,198865.39968888173,1E-06,True,SaturatedMixture,47.35836699236313,0.01082042053566666,True,-0.13876996409021558,-7.615256052879993E-05
17,47.497136956453346,R4-VAPOR-SIDE,REGION-4,SaturatedMixture,0.01089657309619546,13.53211915915857,2439427.176261054,0.999999,True,SaturatedMixture,47.26227285362785,0.010767955439540164,True,-0.2348641028254974,-0.00012861765665529538
17,47.497136956453346,R2-SIDE,REGION-2,SuperheatedVapor,0.010896464130464498,13.532268523404719,2439429.445411283,,True,SaturatedMixture,47.262064139723066,0.010767841725050773,False,-0.23507281673028046,-0.00012862240541372527
18,47.51263943389063,R1-SIDE,REGION-1,SubcooledLiquid,0.010905217934178663,0.0010110081586514573,198927.94738135702,,True,SaturatedMixture,47.37379523109195,0.010828864410322584,False,-0.13884420279867982,-7.635352385607953E-05
18,47.51263943389063,R4-LIQUID-SIDE,REGION-4,SaturatedMixture,0.010905108883089832,0.0010245293172617184,198930.18791899044,1E-06,True,SaturatedMixture,47.3737927638507,0.010828863059549132,True,-0.1388466700399249,-7.62458235407E-05
18,47.51263943389063,R4-VAPOR-SIDE,REGION-4,SaturatedMixture,0.010905108883089832,13.522156048740442,2439447.7813558136,0.999999,True,SaturatedMixture,47.27779894103185,0.010776417477749822,True,-0.23484049285877973,-0.00012869140534001004
18,47.51263943389063,R2-SIDE,REGION-2,SuperheatedVapor,0.010904999832001001,13.52230530326869,2439450.0504744514,,True,SaturatedMixture,47.27759020043601,0.010776303671937121,False,-0.23504923345461748,-0.00012869616006387988
19,47.514584347605705,R1-SIDE,REGION-1,SubcooledLiquid,0.010906289235178678,0.0010110090235827365,198936.0756075155,,True,SaturatedMixture,47.37573051567864,0.01082992399098924,False,-0.13885383192706513,-7.636524418943788E-05
19,47.514584347605705,R4-LIQUID-SIDE,REGION-4,SaturatedMixture,0.010906180173376944,0.0010245289328340477,198938.3161396078,1E-06,True,SaturatedMixture,47.37572806243793,0.010829922647767888,True,-0.13885628516777615,-7.625752560905599E-05
19,47.514584347605705,R4-VAPOR-SIDE,REGION-4,SaturatedMixture,0.010906180173376944,13.520906691899803,2439450.3664069385,0.999999,True,SaturatedMixture,47.27974681647606,0.010777479513322405,True,-0.23483753112964223,-0.0001287006600545395
19,47.514584347605705,R2-SIDE,REGION-2,SuperheatedVapor,0.01090607111157521,13.521055932669611,2439452.6355216135,,True,SaturatedMixture,47.27953807588034,0.010777365697873983,False,-0.2350462717253663,-0.00012870541370122758
20,47.54827588349582,R1-SIDE,REGION-1,SubcooledLiquid,0.010924861622134425,0.0010110240110843462,199076.88010523267,,True,SaturatedMixture,47.409255393612284,0.010848293216153826,False,-0.139020489883535,-7.656840598059891E-05
20,47.54827588349582,R4-LIQUID-SIDE,REGION-4,SaturatedMixture,0.010924752374610679,0.0010245222989431406,199079.12054133677,1E-06,True,SaturatedMixture,47.409252940239924,0.010848291870903321,True,-0.13902294325589537,-7.646050370735749E-05
20,47.54827588349582,R4-VAPOR-SIDE,REGION-4,SaturatedMixture,0.010924752374610679,13.499285335909022,2439495.145983517,0.999999,True,SaturatedMixture,47.313489740071134,0.010795891364773129,True,-0.23478614342468518,-0.00012886100983755013
20,47.54827588349582,R2-SIDE,REGION-2,SuperheatedVapor,0.010924643127086932,13.499434338575293,2439497.415029549,,True,SaturatedMixture,47.31328094626639,0.010795777353243038,False,-0.23499493722943043,-0.00012886577384389405
21,47.58362434357406,R1-SIDE,REGION-1,SubcooledLiquid,0.01094437658235262,0.0010110397445771177,199224.60944533683,,True,SaturatedMixture,47.44442904363217,0.010867594616342109,False,-0.13919529994188906,-7.678196601051089E-05
21,47.58362434357406,R4-LIQUID-SIDE,REGION-4,SaturatedMixture,0.010944267139681222,0.0010245153905887696,199226.84978072986,1E-06,True,SaturatedMixture,47.44442659276308,0.010867593270410444,True,-0.13919775081097896,-7.667386927077795E-05
21,47.58362434357406,R4-VAPOR-SIDE,REGION-4,SaturatedMixture,0.010944267139681222,13.476643527053664,2439542.1257676715,0.999999,True,SaturatedMixture,47.34889221629851,0.010815237794958545,True,-0.23473212727554937,-0.00012902934472267674
21,47.58362434357406,R2-SIDE,REGION-2,SuperheatedVapor,0.010944157697009826,13.476792280378454,2439544.3947417047,,True,SaturatedMixture,47.34868336913138,0.010815123578742668,False,-0.23494097444267936,-0.0001290341182671583
22,47.61869406104091,R1-SIDE,REGION-1,SubcooledLiquid,0.010963767237899734,0.0010110553630231244,199371.1740430867,,True,SaturatedMixture,47.47932536658976,0.010886772979489945,False,-0.13936869445115008,-7.699425840978873E-05
22,47.61869406104091,R4-LIQUID-SIDE,REGION-4,SaturatedMixture,0.01096365760132372,0.0010245085890189121,199373.41427856078,1E-06,True,SaturatedMixture,47.47932292451907,0.010886771636357224,True,-0.13937113652184507,-7.688596496649609E-05
22,47.61869406104091,R4-VAPOR-SIDE,REGION-4,SaturatedMixture,0.01096365760132372,13.454223549140501,2439588.733046207,0.999999,True,SaturatedMixture,47.38401563230968,0.010834461152152811,True,-0.2346784287312289,-0.00012919644917090863
22,47.61869406104091,R2-SIDE,REGION-2,SuperheatedVapor,0.010963547964747708,13.454372055566436,2439591.00194883,,True,SaturatedMixture,47.38380672657178,0.010834346729473834,False,-0.23488733446913557,-0.00012920123527387396
23,47.65354026705023,R1-SIDE,REGION-1,SubcooledLiquid,0.010983063530149202,0.001011070890823928,199516.80471940245,,True,SaturatedMixture,47.5139993336918,0.010905857928638124,False,-0.13954093335843254,-7.720560151107739E-05
23,47.65354026705023,R4-LIQUID-SIDE,REGION-4,SaturatedMixture,0.010982953700612195,0.0010245018823071429,199519.04485559225,1E-06,True,SaturatedMixture,47.513996897868424,0.01090585658692426,True,-0.13954336918180843,-7.709711368793573E-05
23,47.65354026705023,R4-VAPOR-SIDE,REGION-4,SaturatedMixture,0.010982953700612195,13.431989074243365,2439635.041263145,0.999999,True,SaturatedMixture,47.418915295029535,0.010853591112987584,True,-0.234624972020697,-0.00012936258762461135
23,47.65354026705023,R2-SIDE,REGION-2,SuperheatedVapor,0.01098284387107519,13.43213733581302,2439637.310094836,,True,SaturatedMixture,47.41870633929534,0.010853476489346559,False,-0.23483392775489165,-0.00012936738172863137
24,47.68824782669549,R1-SIDE,REGION-1,SubcooledLiquid,0.01100231203510302,0.0010110863656551618,199661.8561439643,,True,SaturatedMixture,47.548535377689404,0.010924895524156424,False,-0.13971244900608326,-7.741651094659609E-05
24,47.68824782669549,R4-LIQUID-SIDE,REGION-4,SaturatedMixture,0.011002202013082888,0.0010244952532255653,199664.09618126275,1E-06,True,SaturatedMixture,47.548532947509216,0.01092489418354403,True,-0.1397148791862719,-7.730782953885816E-05
24,47.68824782669549,R4-VAPOR-SIDE,REGION-4,SaturatedMixture,0.011002202013082888,13.409885198924252,2439681.1632284275,0.999999,True,SaturatedMixture,47.45367620936332,0.010872673856256008,True,-0.2345716173321648,-0.0001295281568268799
24,47.68824782669549,R2-SIDE,REGION-2,SuperheatedVapor,0.011002091991062758,13.410033217075561,2439683.4319894873,,True,SaturatedMixture,47.45346719824204,0.01087255902908397,False,-0.23478062845344994,-0.0001295329619787882
25,47.72291185855869,R1-SIDE,REGION-1,SubcooledLiquid,0.011021565312344302,0.00101110182985474,199806.7258401796,,True,SaturatedMixture,47.583028157355784,0.010943937756079285,False,-0.13988370120290483,-7.762755626501694E-05
25,47.72291185855869,R4-LIQUID-SIDE,REGION-4,SaturatedMixture,0.011021455097793323,0.001024488683113806,199808.96577870846,1E-06,True,SaturatedMixture,47.58302573617789,0.010943936418433586,True,-0.13988612238080123,-7.751867935973725E-05
25,47.72291185855869,R4-VAPOR-SIDE,REGION-4,SaturatedMixture,0.011021455097793323,13.38785092499888,2439727.2253570654,0.999999,True,SaturatedMixture,47.48839362909672,0.010891761482615874,True,-0.23451822946196899,-0.00012969361517744908
25,47.72291185855869,R2-SIDE,REGION-2,SuperheatedVapor,0.011021344883242346,13.387998700498054,2439729.494047604,,True,SaturatedMixture,47.488184562618585,0.010891646451840441,False,-0.23472729594010389,-0.0001296984314019048
26,47.757624070346424,R1-SIDE,REGION-1,SubcooledLiquid,0.01104087434015728,0.0010111173243340897,199951.7970785473,,True,SaturatedMixture,47.61756891791117,0.01096303503851156,False,-0.14005515243525224,-7.783930164572024E-05
26,47.757624070346424,R4-LIQUID-SIDE,REGION-4,SaturatedMixture,0.011040763932517954,0.001024482154508052,199954.03691816743,1E-06,True,SaturatedMixture,47.61756650480913,0.01096303370332954,True,-0.14005756553729043,-7.773022918841459E-05
26,47.757624070346424,R4-VAPOR-SIDE,REGION-4,SaturatedMixture,0.011040763932517954,13.365827877326062,2439773.349510042,0.999999,True,SaturatedMixture,47.523159406143975,0.010910904533896773,True,-0.2344646642024486,-0.00012985939862118073
26,47.757624070346424,R2-SIDE,REGION-2,SuperheatedVapor,0.01104065352487863,13.365975410296452,2439775.6181299794,,True,SaturatedMixture,47.522950289780226,0.010910789301985252,False,-0.23467378056619737,-0.00012986422289337773
27,47.79246309995665,R1-SIDE,REGION-1,SubcooledLiquid,0.011060283117221672,0.0010111328842586347,200097.3985093529,,True,SaturatedMixture,47.65223592409143,0.010982230895080566,False,-0.1402271758652205,-7.805222214110619E-05
27,47.79246309995665,R4-LIQUID-SIDE,REGION-4,SaturatedMixture,0.011060172515496517,0.0010244756529092286,200099.63824970069,1E-06,True,SaturatedMixture,47.65223351177531,0.010982229558326229,True,-0.14022958818134157,-7.794295717028846E-05
27,47.79246309995665,R4-VAPOR-SIDE,REGION-4,SaturatedMixture,0.011060172515496517,13.343766391491327,2439819.640161691,0.999999,True,SaturatedMixture,47.55805230024316,0.010930146632090045,True,-0.234410799713487,-0.00013002588340647186
27,47.79246309995665,R2-SIDE,REGION-2,SuperheatedVapor,0.011060061913771362,13.34391368150938,2439821.9087107917,,True,SaturatedMixture,47.557843128251875,0.010930031194939314,False,-0.2346199717047739,-0.00013003071883204743
28,47.827488413453125,R1-SIDE,REGION-1,SubcooledLiquid,0.011079825203158315,0.0010111485363040124,200243.77866033817,,True,SaturatedMixture,47.68708832984032,0.011001558505344745,False,-0.14040008361280343,-7.826669781356953E-05
28,47.827488413453125,R4-LIQUID-SIDE,REGION-4,SaturatedMixture,0.011079714406014254,0.0010244691678136166,200246.0183008806,1E-06,True,SaturatedMixture,47.68708592595772,0.011001557171250452,True,-0.1404024874954075,-7.815723476380272E-05
28,47.827488413453125,R4-VAPOR-SIDE,REGION-4,SaturatedMixture,0.011079714406014254,13.321629288203749,2439866.1762961135,0.999999,True,SaturatedMixture,47.59313187232692,0.010949521052067947,True,-0.2343565411262034,-0.00013019335394630696
28,47.827488413453125,R2-SIDE,REGION-2,SuperheatedVapor,0.011079603608870194,13.321776334436429,2439868.4447740195,,True,SaturatedMixture,47.59292265001136,0.010949405411363631,False,-0.23456576344176483,-0.00013019819750656296
29,47.862737081945,R1-SIDE,REGION-1,SubcooledLiquid,0.011099521838287791,0.0010111642971907214,200391.09246589738,,True,SaturatedMixture,47.722163041577744,0.011021038884529991,False,-0.1405740403672553,-7.848295375779968E-05
29,47.862737081945,R4-LIQUID-SIDE,REGION-4,SaturatedMixture,0.011099410844179348,0.0010244626931645193,200393.33200599602,1E-06,True,SaturatedMixture,47.72216064516465,0.01102103755255876,True,-0.14057643678034992,-7.837329162058843E-05
29,47.862737081945,R4-VAPOR-SIDE,REGION-4,SaturatedMixture,0.011099410844179348,13.299393790304858,2439913.0071304413,0.999999,True,SaturatedMixture,47.62843525374751,0.010969048855742281,True,-0.2343018281974878,-0.00013036198843706728
29,47.862737081945,R2-SIDE,REGION-2,SuperheatedVapor,0.011099299850070908,13.29954059166831,2439915.2755367197,,True,SaturatedMixture,47.62822597523353,0.010968933006804927,False,-0.2345111067114658,-0.00013036684326598116
30,47.89822296798229,R1-SIDE,REGION-1,SubcooledLiquid,0.011119381395374751,0.00101118017329192,200539.3978662052,,True,SaturatedMixture,47.75747384020087,0.011040680303721535,False,-0.1407491277814188,-7.870109165321673E-05
30,47.89822296798229,R4-LIQUID-SIDE,REGION-4,SaturatedMixture,0.011119270202672725,0.0010244562273376934,200541.63730518188,1E-06,True,SaturatedMixture,47.75747145269179,0.011040678974668375,True,-0.14075151529050345,-7.859122800434916E-05
30,47.89822296798229,R4-VAPOR-SIDE,REGION-4,SaturatedMixture,0.011119270202672725,13.277051900408896,2439960.1510403645,0.999999,True,SaturatedMixture,47.663976329942216,0.010988738347384014,True,-0.2342466380400765,-0.00013053185528871109
30,47.89822296798229,R2-SIDE,REGION-2,SuperheatedVapor,0.011119159009970698,13.277198455731204,2439962.4193745544,,True,SaturatedMixture,47.66376699490053,0.010988622288517918,False,-0.23445597308176502,-0.00013053672145278
31,47.93393765389919,R1-SIDE,REGION-1,SubcooledLiquid,0.011139399802370956,0.00101119616101951,200688.65968639572,,True,SaturatedMixture,47.79301236277189,0.011060478740491776,False,-0.1409252911273029,-7.892106187917976E-05
31,47.93393765389919,R4-LIQUID-SIDE,REGION-4,SaturatedMixture,0.01113928840948686,0.0010244497728041906,200690.899023596,1E-06,True,SaturatedMixture,47.79300997820337,0.011060477411031455,True,-0.14092767569582065,-7.88109984554055E-05
31,47.93393765389919,R4-VAPOR-SIDE,REGION-4,SaturatedMixture,0.01113928840948686,13.254609677656337,2440007.5968001136,0.999999,True,SaturatedMixture,47.69974666876362,0.011008585491608186,True,-0.23419098513556946,-0.000130702917878674
31,47.93393765389919,R2-SIDE,REGION-2,SuperheatedVapor,0.011139177016602766,13.254755985832286,2440009.86506177,,True,SaturatedMixture,47.699537282453775,0.011008469224256854,False,-0.23440037144541748,-0.00013070779234591184
32,47.96985266357666,R1-SIDE,REGION-1,SubcooledLiquid,0.0111595616944032,0.0010112122477906487,200838.7589213289,,True,SaturatedMixture,47.82875026851525,0.011080418993677463,False,-0.14110239506140942,-7.914270072573691E-05
32,47.96985266357666,R4-LIQUID-SIDE,REGION-4,SaturatedMixture,0.0111594500999022,0.0010244433355683226,200840.9981561797,1E-06,True,SaturatedMixture,47.82874789707955,0.011080417669492184,True,-0.1411047664971079,-7.903243041001637E-05
32,47.96985266357666,R4-VAPOR-SIDE,REGION-4,SaturatedMixture,0.0111594500999022,13.232085709169494,2440055.3065404184,0.999999,True,SaturatedMixture,47.73571775838286,0.01102857506223251,True,-0.2341349051937982,-0.00013087503766969107
32,47.96985266357666,R2-SIDE,REGION-2,SuperheatedVapor,0.011159338505401201,13.23223176929857,2440057.57472916,,True,SaturatedMixture,47.73550831494771,0.01102845858180881,False,-0.2343443486289516,-0.00013087992359239048
33,48.00592249780897,R1-SIDE,REGION-1,SubcooledLiquid,0.011179842033210947,0.0010112284133620278,200989.5054207057,,True,SaturatedMixture,47.86464228304851,0.01110047629858576,False,-0.1412802147604566,-7.936573462518672E-05
33,48.00592249780897,R4-LIQUID-SIDE,REGION-4,SaturatedMixture,0.011179730235908587,0.0010244369244796255,200991.74455276385,1E-06,True,SaturatedMixture,47.86463991982282,0.011100474976933707,True,-0.1412825779861464,-7.925525897488003E-05
33,48.00592249780897,R4-VAPOR-SIDE,REGION-4,SaturatedMixture,0.011179730235908587,13.209509087744145,2440103.2197865024,0.999999,True,SaturatedMixture,47.77184402154819,0.011048682233234727,True,-0.23407847626077682,-0.00013104800267385933
33,48.00592249780897,R2-SIDE,REGION-2,SuperheatedVapor,0.011179618438606228,13.209654899246205,2440105.487902034,,True,SaturatedMixture,47.7716345263496,0.011048565541610544,False,-0.23428797145936642,-0.00013105289699568388
34,48.042088118195466,R1-SIDE,REGION-1,SubcooledLiquid,0.01120020799400999,0.0010112446313698489,201140.65244880453,,True,SaturatedMixture,47.90062966210053,0.011120618191725311,False,-0.1414584560949379,-7.958980228467936E-05
34,48.042088118195466,R4-LIQUID-SIDE,REGION-4,SaturatedMixture,0.011200095993050059,0.0010244305504924693,201142.8914777943,1E-06,True,SaturatedMixture,47.900627304610225,0.011120616871226665,True,-0.14146081358524043,-7.947912182339374E-05
34,48.042088118195466,R4-VAPOR-SIDE,REGION-4,SaturatedMixture,0.011200095993050059,13.18691713148484,2440151.2580908253,0.999999,True,SaturatedMixture,47.80806633921168,0.01106887446831861,True,-0.23402177898378795,-0.00013122152473144834
34,48.042088118195466,R2-SIDE,REGION-2,SuperheatedVapor,0.011199983992090129,13.187062694190727,2440153.5261329757,,True,SaturatedMixture,47.80785678186754,0.011068757558891602,False,-0.23423133632792315,-0.0001312264331985273
35,48.07828054577118,R1-SIDE,REGION-1,SubcooledLiquid,0.0112206209350514,0.0010112608709267723,201291.91172384587,,True,SaturatedMixture,47.936643772045045,0.011140806458721685,False,-0.14163677372613392,-7.981447632971449E-05
35,48.07828054577118,R4-LIQUID-SIDE,REGION-4,SaturatedMixture,0.0112205087299641,0.0010244242259373649,201294.1506496888,1E-06,True,SaturatedMixture,47.936641417887984,0.011140805138034574,True,-0.14163912788319521,-7.970359192952664E-05
35,48.07828054577118,R4-VAPOR-SIDE,REGION-4,SaturatedMixture,0.0112205087299641,13.164353058169569,2440199.329816981,0.999999,True,SaturatedMixture,47.84431561729713,0.011089113452602049,True,-0.2339649284740517,-0.00013139527736205116
35,48.07828054577118,R2-SIDE,REGION-2,SuperheatedVapor,0.0112203965248768,13.164498372386038,2440201.597785721,,True,SaturatedMixture,47.8441060065706,0.011088996329787841,False,-0.2341745392005805,-0.00013140019508895914
36,48.11442436575891,R1-SIDE,REGION-1,SubcooledLiquid,0.011241038333516782,0.00101127709818257,201442.96806515587,,True,SaturatedMixture,47.97260955837572,0.011160999038390204,False,-0.14181480738318442,-8.003929512657819E-05
36,48.11442436575891,R4-LIQUID-SIDE,REGION-4,SaturatedMixture,0.011240925924257539,0.0010244179638422743,201445.20688798805,1E-06,True,SaturatedMixture,47.97260720955683,0.011160997718647182,True,-0.14181715620208024,-7.992820561035681E-05
36,48.11442436575891,R4-VAPOR-SIDE,REGION-4,SaturatedMixture,0.011240925924257539,13.141863745906095,2440247.334797586,0.999999,True,SaturatedMixture,47.88051632287693,0.011109357026296226,True,-0.23390804288197842,-0.00013156889796131326
36,48.11442436575891,R2-SIDE,REGION-2,SuperheatedVapor,0.011240813514998296,13.142008812456176,2440249.6026930325,,True,SaturatedMixture,47.88030665609904,0.011109239688517986,False,-0.2341177096598699,-0.00013157382648031068
37,48.15044099241493,R1-SIDE,REGION-1,SubcooledLiquid,0.01126141560515215,0.001011293277782879,201593.49303778686,,True,SaturatedMixture,48.008448828783685,0.011181151841665972,False,-0.14199216363124378,-8.026376348617761E-05
37,48.15044099241493,R4-LIQUID-SIDE,REGION-4,SaturatedMixture,0.011261302992122227,0.0010244117773286678,201595.7317579686,1E-06,True,SaturatedMixture,48.00844649064129,0.011181150525885078,True,-0.14199450177363815,-8.015246623714958E-05
37,48.15044099241493,R4-VAPOR-SIDE,REGION-4,SaturatedMixture,0.011261302992122227,13.11949767044432,2440295.168672179,0.999999,True,SaturatedMixture,47.91658974916811,0.01112956098599475,True,-0.23385124324681783,-0.00013174200612747766
37,48.15044099241493,R2-SIDE,REGION-2,SuperheatedVapor,0.011261190379092307,13.119642490684877,2440297.436494614,,True,SaturatedMixture,47.9163800263388,0.011129443433565497,False,-0.2340609660761288,-0.00013174694552680992
38,48.1862515375019,R1-SIDE,REGION-1,SubcooledLiquid,0.011281707717804016,0.001011309374155318,201743.15694070756,,True,SaturatedMixture,48.044083090610684,0.011201220337957406,False,-0.142168446891219,-8.048737984660964E-05
38,48.1862515375019,R4-LIQUID-SIDE,REGION-4,SaturatedMixture,0.011281594901854998,0.0010244056791066003,201745.39555882398,1E-06,True,SaturatedMixture,48.04408075187234,0.011201219019813038,True,-0.14217078562955976,-8.037588204195915E-05
38,48.1862515375019,R4-VAPOR-SIDE,REGION-4,SaturatedMixture,0.011281594901854998,13.097303114137361,2440342.726697485,0.999999,True,SaturatedMixture,47.95245687977007,0.01114968067954151,True,-0.23379465773183483,-0.0001319142223134874
38,48.1862515375019,R2-SIDE,REGION-2,SuperheatedVapor,0.01128148208590598,13.097447689956986,2440344.9944473486,,True,SaturatedMixture,47.95224710088962,0.011149562913179329,False,-0.2340044366122811,-0.00013191917272665013
39,48.22177927196026,R1-SIDE,REGION-1,SubcooledLiquid,0.01130187059056323,0.0010113253526175601,201891.6390949414,,True,SaturatedMixture,48.07943597774397,0.011221160926070794,False,-0.142343294216289,-8.070966449243676E-05
39,48.22177927196026,R4-LIQUID-SIDE,REGION-4,SaturatedMixture,0.0113017575729875,0.0010243996810662276,201893.87761179617,1E-06,True,SaturatedMixture,48.079433645962354,0.011221159609838592,True,-0.1423456259979048,-8.059796314890781E-05
39,48.22177927196026,R4-VAPOR-SIDE,REGION-4,SaturatedMixture,0.0113017575729875,13.075326649386412,2440389.9070163066,0.999999,True,SaturatedMixture,47.988040860263936,0.011169672396661431,True,-0.23373841169632215,-0.00013208517632606886
39,48.22177927196026,R2-SIDE,REGION-2,SuperheatedVapor,0.011301644555411772,13.075470983186595,2440392.1746941917,,True,SaturatedMixture,47.98783103067018,0.011169554420481783,False,-0.2339482412900793,-0.0001320901349299887
40,48.256951592117616,R1-SIDE,REGION-1,SubcooledLiquid,0.011321862225389345,0.0010113411802666072,202038.63606109456,,True,SaturatedMixture,48.11443524116493,0.011240932072436541,False,-0.14251635095268966,-8.093015295280309E-05
40,48.256951592117616,R4-LIQUID-SIDE,REGION-4,SaturatedMixture,0.011321749007899265,0.001024393793975683,202040.8744776986,1E-06,True,SaturatedMixture,48.11443292537933,0.011240930763256232,True,-0.14251866673828317,-8.081824464303312E-05
40,48.256951592117616,R4-VAPOR-SIDE,REGION-4,SaturatedMixture,0.011321749007899265,13.053611947247209,2440436.6132675046,0.999999,True,SaturatedMixture,48.02326897409955,0.01118949449472062,True,-0.2336826180180651,-0.00013225451317864546
40,48.256951592117616,R2-SIDE,REGION-2,SuperheatedVapor,0.011321635790409186,13.053756041910368,2440438.8808741546,,True,SaturatedMixture,48.02305908702397,0.01118937630641325,False,-0.23389250509364956,-0.00013225948399593623
41,48.29170162081721,R1-SIDE,REGION-1,SubcooledLiquid,0.011341643642069852,0.0010113568267069654,202183.8683311629,,True,SaturatedMixture,48.149014349238655,0.011260495239702841,False,-0.1426872715785521,-8.114840236701087E-05
41,48.29170162081721,R4-LIQUID-SIDE,REGION-4,SaturatedMixture,0.011341530226767585,0.0010243880272578238,202186.10664871754,1E-06,True,SaturatedMixture,48.14901203313957,0.011260493928388985,True,-0.14268958767763706,-8.103629837859921E-05
41,48.29170162081721,R4-VAPOR-SIDE,REGION-4,SaturatedMixture,0.011341530226767585,13.032198826000522,2440482.7567104762,0.999999,True,SaturatedMixture,48.058074231937326,0.011209108317783163,True,-0.23362738887988144,-0.00013242190898442134
41,48.29170162081721,R2-SIDE,REGION-2,SuperheatedVapor,0.011341416811465317,13.032342684847613,2440485.024246767,,True,SaturatedMixture,48.057864289002964,0.011208989920103296,False,-0.23383733181424304,-0.00013242689136202038
42,48.32596928700798,R1-SIDE,REGION-1,SubcooledLiquid,0.011361179524519564,0.0010113722645463763,202327.08484071546,,True,SaturatedMixture,48.18311351401394,0.01127981549866044,False,-0.1428557729940394,-8.13640258591243E-05
42,48.32596928700798,R4-LIQUID-SIDE,REGION-4,SaturatedMixture,0.011361065913860425,0.0010243823888667028,202329.32306059366,1E-06,True,SaturatedMixture,48.183111202480404,0.011279814188003787,True,-0.14285808452757465,-8.125172585663788E-05
42,48.32596928700798,R4-VAPOR-SIDE,REGION-4,SaturatedMixture,0.011361065913860425,13.011122631894592,2440528.257656501,0.999999,True,SaturatedMixture,48.09239646059939,0.011228478841819427,True,-0.23357282640859012,-0.00013258707204099815
42,48.32596928700798,R2-SIDE,REGION-2,SuperheatedVapor,0.011360952303201288,13.01126625863582,2440530.525123428,,True,SaturatedMixture,48.092186468024465,0.011228360240439463,False,-0.2337828189835136,-0.00013259206276182434
43,48.35970218628648,R1-SIDE,REGION-1,SubcooledLiquid,0.01138043874756184,0.0010113874697944005,202468.06656563305,,True,SaturatedMixture,48.216680583098594,0.01129886206914879,False,-0.14302160318788992,-8.157667841304957E-05
43,48.35970218628648,R4-LIQUID-SIDE,REGION-4,SaturatedMixture,0.011380324944312396,0.0010243768852083875,202470.304689357,1E-06,True,SaturatedMixture,48.21667827894794,0.01129886076078443,True,-0.1430239073385451,-8.146418352796697E-05
43,48.35970218628648,R4-VAPOR-SIDE,REGION-4,SaturatedMixture,0.011380324944312396,12.990413761382788,2440573.046608887,0.999999,True,SaturatedMixture,48.126183175321785,0.011247575202994183,True,-0.23351901096469874,-0.00013274974131821313
43,48.35970218628648,R2-SIDE,REGION-2,SuperheatedVapor,0.011380211141062954,12.990557160063117,2440575.314007555,,True,SaturatedMixture,48.1259731281483,0.011247456397560248,False,-0.2337290581381808,-0.00013275474350270614
44,48.392855721712124,R1-SIDE,REGION-1,SubcooledLiquid,0.011399394495865203,0.0010114024219374307,202606.62711087664,,True,SaturatedMixture,48.24967118006646,0.011317608437724915,False,-0.14318454164566674,-8.178605814028808E-05
44,48.392855721712124,R4-LIQUID-SIDE,REGION-4,SaturatedMixture,0.011399280503060171,0.0010243715211836416,202608.8651400958,1E-06,True,SaturatedMixture,48.24966889121936,0.01131760713619921,True,-0.14318683049276615,-8.167336686096087E-05
44,48.392855721712124,R4-VAPOR-SIDE,REGION-4,SaturatedMixture,0.011399280503060171,12.970097628789578,2440617.064447311,0.999999,True,SaturatedMixture,48.1593896939296,0.011266370800546818,True,-0.23346602778252645,-0.00013290970251335354
44,48.392855721712124,R2-SIDE,REGION-2,SuperheatedVapor,0.01139916651025514,12.97024080373388,2440619.3317789095,,True,SaturatedMixture,48.159179595693956,0.011266251795745369,False,-0.23367612601816745,-0.00013291471450977213
45,48.42539348453289,R1-SIDE,REGION-1,SubcooledLiquid,0.011418024520255126,0.0010114171041218972,202742.61430194246,,True,SaturatedMixture,48.28204907850784,0.01133603260829227,False,-0.14334440602505083,-8.199191196285593E-05
45,48.42539348453289,R4-LIQUID-SIDE,REGION-4,SaturatedMixture,0.011417910341151714,0.0010243663001914555,202744.85223841015,1E-06,True,SaturatedMixture,48.282046792749384,0.011336031306706462,True,-0.14334669178350623,-8.187903444525219E-05
45,48.42539348453289,R4-VAPOR-SIDE,REGION-4,SaturatedMixture,0.011417910341151714,12.950194486638443,2440660.262930642,0.999999,True,SaturatedMixture,48.19197954712604,0.011284843567420998,True,-0.23341393740685135,-0.00013306677373071604
45,48.42539348453289,R2-SIDE,REGION-2,SuperheatedVapor,0.011417796162048303,12.95033744239463,2440662.5301964344,,True,SaturatedMixture,48.191769401418185,0.011284724368177354,False,-0.23362408311470517,-0.00013307179387094838
46,48.45728705078358,R1-SIDE,REGION-1,SubcooledLiquid,0.011436311059579433,0.0010114315030738477,202875.90933502626,,True,SaturatedMixture,48.313785982204365,0.01135411701475846,False,-0.1435010685792122,-8.21940448209723E-05
46,48.45728705078358,R4-LIQUID-SIDE,REGION-4,SaturatedMixture,0.011436196697612457,0.0010243612242256898,202878.14718057704,1E-06,True,SaturatedMixture,48.3137837016244,0.011354115714342989,True,-0.1435033491591753,-8.208098326946758E-05
46,48.45728705078358,R4-VAPOR-SIDE,REGION-4,SaturatedMixture,0.011436196697612457,12.930719602714237,2440702.6044242885,0.999999,True,SaturatedMixture,48.22392426806584,0.01130297588915958,True,-0.2333627827177338,-0.0001332208084528757
46,48.45728705078358,R2-SIDE,REGION-2,SuperheatedVapor,0.01143608233564548,12.930862343998381,2440704.871625596,,True,SaturatedMixture,48.223714070058804,0.011302856495786455,False,-0.23357298072477306,-0.00013322583985902504
47,48.48851566314704,R1-SIDE,REGION-1,SubcooledLiquid,0.011454240694262383,0.0010114456089659267,203006.42544764702,,True,SaturatedMixture,48.34486124154739,0.011371848394853409,False,-0.14365442159964914,-8.239229940897388E-05
47,48.48851566314704,R4-LIQUID-SIDE,REGION-4,SaturatedMixture,0.011454126153000852,0.001024356293985235,203008.66320417472,1E-06,True,SaturatedMixture,48.34485896959211,0.011371847097619193,True,-0.14365669355493083,-8.227905538165867E-05
47,48.48851566314704,R4-VAPOR-SIDE,REGION-4,SaturatedMixture,0.011454126153000852,12.911683503241036,2440744.0614753906,0.999999,True,SaturatedMixture,48.25520304792201,0.01132075444416862,True,-0.23331261522503155,-0.00013337170883223094
47,48.48851566314704,R2-SIDE,REGION-2,SuperheatedVapor,0.011454011611739322,12.911826034885147,2440746.328613577,,True,SaturatedMixture,48.25499280409224,0.011320634863517117,False,-0.2335228590548013,-0.0001333767482222057
48,48.51906575113537,R1-SIDE,REGION-1,SubcooledLiquid,0.011471804103789424,0.001011459415210328,203134.1059135394,,True,SaturatedMixture,48.375261352411655,0.011389217536710456,False,-0.14380439872371653,-8.258656707896793E-05
48,48.51906575113537,R4-LIQUID-SIDE,REGION-4,SaturatedMixture,0.011471689386895554,0.0010243515090038533,203136.3435829765,1E-06,True,SaturatedMixture,48.37525908026737,0.01138921623766733,True,-0.14380667086800258,-8.247314922822484E-05
48,48.51906575113537,R4-VAPOR-SIDE,REGION-4,SaturatedMixture,0.011471689386895554,12.893092309775806,2440784.616173589,0.999999,True,SaturatedMixture,48.285802298163276,0.011338169987691526,True,-0.23326345297209627,-0.00013351939920402782
48,48.51906575113537,R2-SIDE,REGION-2,SuperheatedVapor,0.011471574670001686,12.893234636679304,2440786.8832500386,,True,SaturatedMixture,48.28559200654627,0.011338050221903845,False,-0.23347374458910508,-0.00013352444809784127
49,48.548930336534966,R1-SIDE,REGION-1,SubcooledLiquid,0.01148899575427806,0.0010114729181986944,203258.92155797555,,True,SaturatedMixture,48.40497935744111,0.011406218965706929,False,-0.14395097909385868,-8.277678857113169E-05
49,48.548930336534966,R4-LIQUID-SIDE,REGION-4,SaturatedMixture,0.011488880865469404,0.001024346867791086,203261.1591422747,1E-06,True,SaturatedMixture,48.40497708328189,0.01140621766384587,True,-0.1439532532530734,-8.266320162353402E-05
49,48.548930336534966,R4-VAPOR-SIDE,REGION-4,SaturatedMixture,0.011488880865469404,12.874948140212318,2440824.2593597695,0.999999,True,SaturatedMixture,48.315715019652316,0.011355217022011864,True,-0.2332153168826494,-0.0001336638434575408
49,48.548930336534966,R2-SIDE,REGION-2,SuperheatedVapor,0.01148876597666075,12.875090267297988,2440826.5263758865,,True,SaturatedMixture,48.31550468111226,0.01135509707488865,False,-0.23342565542270677,-0.00013366890177209968
50,48.578108470141956,R1-SIDE,REGION-1,SubcooledLiquid,0.011505813599834694,0.001011486117054894,203380.86840385591,,True,SaturatedMixture,48.43401431243194,0.01142285066439125,False,-0.14409415771001477,-8.296293544344385E-05
50,48.578108470141956,R4-LIQUID-SIDE,REGION-4,SaturatedMixture,0.011505698542849266,0.001024342367961033,203383.10590497244,1E-06,True,SaturatedMixture,48.434012049784656,0.011422849367499106,True,-0.1440964203573003,-8.284917535015916E-05
50,48.578108470141956,R4-VAPOR-SIDE,REGION-4,SaturatedMixture,0.011505698542849266,12.857249484781773,2440862.9898766307,0.999999,True,SaturatedMixture,48.34494025923789,0.01137189351221647,True,-0.23316821090406847,-0.00013380503063279564
50,48.578108470141956,R2-SIDE,REGION-2,SuperheatedVapor,0.011505583485863837,12.85739141695577,2440865.256833815,,True,SaturatedMixture,48.34472987746892,0.011371773389194388,False,-0.2333785926730343,-0.00013381009666944832
51,48.60660451203586,R1-SIDE,REGION-1,SubcooledLiquid,0.011522258689582668,0.0010114990133157826,203499.96466383783,,True,SaturatedMixture,48.46237055718785,0.011439113676396044,False,-0.14423395484800494,-8.314501318662341E-05
51,48.60660451203586,R4-LIQUID-SIDE,REGION-4,SaturatedMixture,0.011522143468147986,0.0010243380063782144,203502.20208371483,1E-06,True,SaturatedMixture,48.46236830373755,0.011439112383196936,True,-0.14423620829830952,-8.303108495105044E-05
51,48.60660451203586,R4-VAPOR-SIDE,REGION-4,SaturatedMixture,0.011522143468147986,12.839991671154152,2440900.813611854,0.999999,True,SaturatedMixture,48.37348237671654,0.011388200489682993,True,-0.23312213531932002,-0.0001339429784649928
51,48.60660451203586,R2-SIDE,REGION-2,SuperheatedVapor,0.011522028246713304,12.840133413271209,2440903.080511498,,True,SaturatedMixture,48.373271946926934,0.011388080191345873,False,-0.23333256510892397,-0.00013394805536743118
52,48.634427432715825,R1-SIDE,REGION-1,SubcooledLiquid,0.011538334782297953,0.0010115116106200928,203616.24781963893,,True,SaturatedMixture,48.49005701847,0.011455011724347585,False,-0.1443704142458273,-8.332305795036819E-05
52,48.634427432715825,R4-LIQUID-SIDE,REGION-4,SaturatedMixture,0.01153821940010395,0.001024333779292819,203618.48516019413,1E-06,True,SaturatedMixture,48.490054765314085,0.011455010429774934,True,-0.14437266740173982,-8.320897032901634E-05
52,48.634427432715825,R4-VAPOR-SIDE,REGION-4,SaturatedMixture,0.01153821940010395,12.82316731079756,2440937.742569257,0.999999,True,SaturatedMixture,48.40135035227206,0.01140414167425122,True,-0.2330770804437634,-0.00013407772585273016
52,48.634427432715825,R2-SIDE,REGION-2,SuperheatedVapor,0.01153810401790995,12.82330886763103,2440940.0094127315,,True,SaturatedMixture,48.401139880969936,0.011404021207606677,False,-0.23328755174588878,-0.00013408281030327304
53,48.661590208113125,R1-SIDE,REGION-1,SubcooledLiquid,0.011554048011264742,0.001011523914438632,203729.7720936579,,True,SaturatedMixture,48.51708659523649,0.011470550871047033,False,-0.14450361287663327,-8.349714021770906E-05
53,48.661590208113125,R4-LIQUID-SIDE,REGION-4,SaturatedMixture,0.011553932471940021,0.0010243296824550107,203732.0093567719,1E-06,True,SaturatedMixture,48.51708435835553,0.01147054958432887,True,-0.14450584975759284,-8.338288761115115E-05
53,48.661590208113125,R4-VAPOR-SIDE,REGION-4,SaturatedMixture,0.011553932471940021,12.806766683084508,2440973.794064837,0.999999,True,SaturatedMixture,48.42855718166692,0.011419723142615374,True,-0.23303302644620771,-0.00013420932932464713
53,48.661590208113125,R2-SIDE,REGION-2,SuperheatedVapor,0.011553816932615302,12.806908059300715,2440976.060853489,,True,SaturatedMixture,48.42834666685917,0.011419602509757713,False,-0.2332435412539553,-0.00013421442285758978
54,48.6881090790032,R1-SIDE,REGION-1,SubcooledLiquid,0.011569406467069384,0.0010115359317420035,203840.60535383763,,True,SaturatedMixture,48.54347546524792,0.011485739131885449,False,-0.14463361375527484,-8.366733518393524E-05
54,48.6881090790032,R4-LIQUID-SIDE,REGION-4,SaturatedMixture,0.011569290774161642,0.0010243257112437399,203842.84254134496,1E-06,True,SaturatedMixture,48.54347322031515,0.011485737839068085,True,-0.14463585868804785,-8.355293509355703E-05
54,48.6881090790032,R4-VAPOR-SIDE,REGION-4,SaturatedMixture,0.011569290774161642,12.7907781963784,2441008.989743077,0.999999,True,SaturatedMixture,48.45511911943788,0.011434952906053827,True,-0.23298995956531598,-0.0001343378681078148
54,48.6881090790032,R2-SIDE,REGION-2,SuperheatedVapor,0.0115691750812539,12.790919396516028,2441011.2564782193,,True,SaturatedMixture,48.45490856477306,0.011434832112237028,False,-0.2332005142301341,-0.0001343429690168728
55,48.71400299817316,R1-SIDE,REGION-1,SubcooledLiquid,0.011584419885542555,0.001011547670752353,203948.8268032152,,True,SaturatedMixture,48.56924247143343,0.01150058612969565,False,-0.14476052673973072,-8.383375584690433E-05
55,48.71400299817316,R4-LIQUID-SIDE,REGION-4,SaturatedMixture,0.011584304042502129,0.0010243218607615717,203951.06391689632,1E-06,True,SaturatedMixture,48.569240232493144,0.011500584838898696,True,-0.14476276568001367,-8.371920360343219E-05
55,48.71400299817316,R4-VAPOR-SIDE,REGION-4,SaturatedMixture,0.011584304042502129,12.775188731122022,2441043.3548426894,0.999999,True,SaturatedMixture,48.481055154228784,0.011449840617671026,True,-0.2329478439443733,-0.00013446342483110219
55,48.71400299817316,R2-SIDE,REGION-2,SuperheatedVapor,0.011584188199461705,12.775329759575282,2441045.621525594,,True,SaturatedMixture,48.48084455766627,0.011449719664801215,False,-0.23315844050688384,-0.00013446853466048993
56,48.739292983710754,R1-SIDE,REGION-1,SubcooledLiquid,0.011599099278397073,0.001011559140651719,204054.52427708654,,True,SaturatedMixture,48.594408527785106,0.011515102757886338,False,-0.14488445592564858,-8.399652051073458E-05
56,48.739292983710754,R4-LIQUID-SIDE,REGION-4,SaturatedMixture,0.011598983288564187,0.0010243181259388429,204056.76131866226,1E-06,True,SaturatedMixture,48.59440629937694,0.011515101471769583,True,-0.14488668433381235,-8.388181679460337E-05
56,48.739292983710754,R4-VAPOR-SIDE,REGION-4,SaturatedMixture,0.011598983288564187,12.759984035635343,2441076.9173379582,0.999999,True,SaturatedMixture,48.50638632674878,0.011464397186496127,True,-0.23290665696197266,-0.00013458610206805964
56,48.739292983710754,R2-SIDE,REGION-2,SuperheatedVapor,0.0115988672987313,12.760124896641498,2441079.1839698534,,True,SaturatedMixture,48.50617569108323,0.011464276079156526,False,-0.23311729262752579,-0.0001345912195747749
57,48.76400166004896,R1-SIDE,REGION-1,SubcooledLiquid,0.011613456670103326,0.0010115703513747388,204157.79232487318,,True,SaturatedMixture,48.618996161642826,0.011529300919690578,False,-0.1450054984061353,-8.415575041274825E-05
57,48.76400166004896,R4-LIQUID-SIDE,REGION-4,SaturatedMixture,0.011613340536697958,0.0010243145016056764,204160.02929599967,1E-06,True,SaturatedMixture,48.61899392692146,0.011529299628565326,True,-0.1450077331274997,-8.40409081326321E-05
57,48.76400166004896,R4-VAPOR-SIDE,REGION-4,SaturatedMixture,0.011613340536697958,12.745149005429605,2441109.7073294423,0.999999,True,SaturatedMixture,48.53113529679314,0.01147863453190271,True,-0.23286636325582322,-0.0001347060047952476
57,48.76400166004896,R2-SIDE,REGION-2,SuperheatedVapor,0.011613224403292592,12.745289703059598,2441111.9739115145,,True,SaturatedMixture,48.53092462376003,0.011478513273963858,False,-0.2330770362889325,-0.00013471112932873439
58,48.78828783631326,R1-SIDE,REGION-1,SubcooledLiquid,0.011627583421833875,0.001011581374705083,204259.2946710546,,True,SaturatedMixture,48.643163379305065,0.011543270952117627,False,-0.14512445700819399,-8.431246971624812E-05
58,48.78828783631326,R4-LIQUID-SIDE,REGION-4,SaturatedMixture,0.011627467147162403,0.0010243109629499082,204261.53157293552,1E-06,True,SaturatedMixture,48.643161158603675,0.011543269667758227,True,-0.14512667770958387,-8.419747940417548E-05
58,48.78828783631326,R4-VAPOR-SIDE,REGION-4,SaturatedMixture,0.011627467147162403,12.730587044839531,2441141.9356295867,0.999999,True,SaturatedMixture,48.55546112712767,0.011492643245100664,True,-0.2328267091855878,-0.00013482390206173873
58,48.78828783631326,R2-SIDE,REGION-2,SuperheatedVapor,0.011627350872490932,12.73072758210051,2441144.202162696,,True,SaturatedMixture,48.555250416727006,0.011492521838614838,False,-0.23303741958625324,-0.00013482903387609414
59,48.81413910388949,R1-SIDE,REGION-1,SubcooledLiquid,0.011642636755446802,0.0010115931131051967,204367.3383203891,,True,SaturatedMixture,48.66888804868563,0.011558157242019135,False,-0.1452510552038575,-8.447951342766685E-05
59,48.81413910388949,R4-LIQUID-SIDE,REGION-4,SaturatedMixture,0.0116425203302435,0.0010243072220368495,204369.57514856092,1E-06,True,SaturatedMixture,48.66888582798413,0.011558155956238119,True,-0.14525327590536108,-8.436437400538045E-05
59,48.81413910388949,R4-VAPOR-SIDE,REGION-4,SaturatedMixture,0.0116425203302435,12.715107758816446,2441176.2397438316,0.999999,True,SaturatedMixture,48.58135466590471,0.011507570889039583,True,-0.2327844379847761,-0.00013494944120391594
59,48.81413910388949,R2-SIDE,REGION-2,SuperheatedVapor,0.011642403905040198,12.715248125605875,2441178.506224834,,True,SaturatedMixture,48.58114391546724,0.011507449324113765,False,-0.23299518842225098,-0.00013495458092643332
60,100,R1-SIDE,REGION-1,SubcooledLiquid,0.10141899210108919,0.0010434554560928668,418993.32955873146,,True,SaturatedMixture,99.77026602203784,0.10058934339130465,False,-0.22973397796215522,-0.000829648709784539
60,100,R4-LIQUID-SIDE,REGION-4,SaturatedMixture,0.10141797792130998,0.0010451262737561644,418995.4168772205,1E-06,True,SaturatedMixture,99.77026960882358,0.1005893562846913,True,-0.22973039117641747,-0.000828621636618676
60,100,R4-VAPOR-SIDE,REGION-4,SaturatedMixture,0.10141797792130998,1.6718589302768934,2506013.2206695937,0.999999,True,SaturatedMixture,99.98077889198305,0.10134843279474968,True,-0.019221108016949984,-6.954512656029421E-05
60,100,R2-SIDE,REGION-2,SuperheatedVapor,0.10141696374153077,1.6718775967162292,2506015.41950938,,True,SaturatedMixture,99.9804789115476,0.10134734772924105,False,-0.019521088452393087,-6.961601228971936E-05
61,125,R1-SIDE,REGION-1,SubcooledLiquid,0.2322265049218953,0.0010649377387273895,524814.5010181207,,True,SaturatedMixture,124.96581149409013,0.23197999348908746,False,-0.03418850590986722,-0.00024651143280784993
61,125,R4-LIQUID-SIDE,REGION-4,SaturatedMixture,0.2322241826800685,0.0010657067876242991,524816.5113414585,1E-06,True,SaturatedMixture,124.96581491614927,0.23198001792045883,True,-0.034185083850729825,-0.0002441647596096719
61,125,R4-VAPOR-SIDE,REGION-4,SaturatedMixture,0.2322241826800685,0.7701117225919246,2534264.7033607457,0.999999,True,SuperheatedVapor,132.19524699795068,0.23675651446916757,False,7.195246997950676,0.004532331789099064
61,125,R2-SIDE,REGION-2,SuperheatedVapor,0.23222186043824172,0.7701204236783987,2534266.9154555374,,True,SuperheatedVapor,132.19636829631418,0.23675461181362215,True,7.196368296314176,0.004532751375380423
62,150,R1-SIDE,REGION-1,SubcooledLiquid,0.4761061420953029,0.0010905047074344376,631732.367058485,,True,SubcooledLiquid,150.42246834725836,1.4226343426928147,True,0.42246834725835924,0.9465282005975119
62,150,R4-LIQUID-SIDE,REGION-4,SaturatedMixture,0.476101381081492,0.0010908961225635542,631734.2966277467,1E-06,True,SubcooledLiquid,150.42292776851116,0.6339715222656745,False,0.4229277685111583,0.15787014118418252
62,150,R4-VAPOR-SIDE,REGION-4,SaturatedMixture,0.476101381081492,0.3925020223490984,2559046.273999986,0.999999,True,SuperheatedVapor,165.7917338476144,0.49588531392375207,False,15.79173384761441,0.019783932842260044
62,150,R2-SIDE,REGION-2,SuperheatedVapor,0.4760966200676812,0.392506538899516,2559048.5519671803,,True,SuperheatedVapor,165.7928286967474,0.49588119802383734,True,15.792828696747392,0.019784577956156124
63,175,R1-SIDE,REGION-1,SubcooledLiquid,0.8924564021491245,0.0011207147504534408,740150.5025733316,,True,SubcooledLiquid,176.23631013650754,4.124513382076688,True,1.2363101365075408,3.2320569799275636
63,175,R4-LIQUID-SIDE,REGION-4,SaturatedMixture,0.8924474776743476,0.001120930240807748,740152.347130802,1E-06,True,SubcooledLiquid,176.23674931685764,3.702114027706439,False,1.2367493168576402,2.809666550032091
63,175,R4-VAPOR-SIDE,REGION-4,SaturatedMixture,0.8924474776743476,0.21660356407412215,2579395.2056627413,0.999999,True,SuperheatedVapor,199.7685181640834,0.9495132744508217,False,24.76851816408339,0.057065796776474054
63,175,R2-SIDE,REGION-2,SuperheatedVapor,0.8924385531995709,0.21660612320301836,2579397.617393656,,True,SuperheatedVapor,199.76960630777762,0.9495051906280583,True,24.76960630777762,0.05706663742848739
64,200,R1-SIDE,REGION-1,SubcooledLiquid,1.5546874149885082,0.0011565138674375331,850595.0567787556,,True,SubcooledLiquid,202.53263256637047,9.21857983288315,True,2.5326325663704665,7.663892417894641
64,200,R4-LIQUID-SIDE,REGION-4,SaturatedMixture,1.5546718682698253,0.0011566399491362452,850596.8121612761,1E-06,True,SubcooledLiquid,202.5330505145896,8.979215863607907,False,2.533050514589604,7.424543995338082
64,200,R4-VAPOR-SIDE,REGION-4,SaturatedMixture,1.5546718682698253,0.12722219533033974,2594270.856244175,0.999999,True,SuperheatedVapor,234.2224160517659,1.6901849763776504,False,34.22241605176589,0.13551310810782513
64,200,R2-SIDE,REGION-2,SuperheatedVapor,1.5546563215511426,0.1272237548207312,2594273.4899490657,,True,SuperheatedVapor,234.22351984148384,1.6901702590888175,True,34.223519841483835,0.13551393753767482
65,225,R1-SIDE,REGION-1,SubcooledLiquid,2.5494504436050214,0.0011993967422250101,963780.6116181568,,True,SubcooledLiquid,229.4815741947993,18.42380216179338,True,4.481574194799293,15.874351718188358
65,225,R4-LIQUID-SIDE,REGION-4,SaturatedMixture,2.5494249493555277,0.001199473987892146,963782.274849037,1E-06,True,SubcooledLiquid,229.48197020215173,18.282551557519437,False,4.481970202151729,15.733126608163909
65,225,R4-VAPOR-SIDE,REGION-4,SaturatedMixture,2.5494249493555277,0.07841098155827876,2602352.9066886874,0.999999,True,SuperheatedVapor,269.4947403018085,2.8344008423033453,False,44.49474030180852,0.28497589294781767
65,225,R2-SIDE,REGION-2,SuperheatedVapor,2.5493994551060344,0.07841199306826979,2602355.8871995774,,True,SuperheatedVapor,269.49588506920736,2.834375541884232,True,44.49588506920736,0.2849760867781974
66,250,R1-SIDE,REGION-1,SubcooledLiquid,3.975978830226036,0.0012517368383086185,1080709.9322931976,,True,SubcooledLiquid,257.3218886412376,35.159527439662796,True,7.321888641237592,31.18354860943676
66,250,R4-LIQUID-SIDE,REGION-4,SaturatedMixture,3.9759390708353273,0.001251785746064254,1080711.5041492505,1E-06,True,SubcooledLiquid,257.32226289267874,35.074037647476715,False,7.3222628926787365,31.098098576641387
66,250,R4-VAPOR-SIDE,REGION-4,SaturatedMixture,3.9759390708353273,0.0500865161567221,2601869.4185668137,0.999999,True,SuperheatedVapor,306.37301824243264,4.525428686241633,False,56.373018242432636,0.5494896154063058
66,250,R2-SIDE,REGION-2,SuperheatedVapor,3.975899311444619,0.05008720984305514,2601872.9304859536,,True,SuperheatedVapor,306.37422447635345,4.525386739731997,True,56.37422447635345,0.5494874282873776
67,267.45358095765107,R1-SIDE,REGION-1,SubcooledLiquid,5.287010126605532,0.0012959013559109204,1165325.0634926348,,True,SubcooledLiquid,277.46834845062733,55.065603796016866,True,10.014767492976262,49.778593669411336
67,267.45358095765107,R4-LIQUID-SIDE,REGION-4,SaturatedMixture,5.286957257032961,0.0012959373647451933,1165326.5770499045,1E-06,True,SubcooledLiquid,277.4687088214058,55.00502153647805,False,10.015127863754742,49.71806427944509
67,267.45358095765107,R4-VAPOR-SIDE,REGION-4,SaturatedMixture,5.286957257032961,0.03717849405785627,2595159.9285174236,0.999999,True,SuperheatedVapor,333.79291948278444,6.113951323045306,False,66.33933852513337,0.8269940660123449
67,267.45358095765107,R2-SIDE,REGION-2,SuperheatedVapor,5.286904387460392,0.03717904419524205,2595163.9758782387,,True,SuperheatedVapor,333.794154773606,6.1138916598876225,True,66.34057381595494,0.8269872724272309
68,267.50258015990255,R1-SIDE,REGION-1,SubcooledLiquid,5.291102216834221,0.0012960362969671236,1165566.8074954594,,True,SubcooledLiquid,277.52590654653807,55.13583620264697,True,10.023326386635517,49.84473398581275
68,267.50258015990255,R4-LIQUID-SIDE,REGION-4,SaturatedMixture,5.291049306341158,0.0012960722752365784,1165568.3209023601,1E-06,True,SubcooledLiquid,277.5262668815143,55.07531252255519,False,10.023686721611739,49.78426321621403
68,267.50258015990255,R4-VAPOR-SIDE,REGION-4,SaturatedMixture,5.291049306341158,0.0371478656099171,2595132.473910407,0.999999,True,SuperheatedVapor,333.8722515282594,6.118924660708095,False,66.36967136835688,0.8278753543669373
68,267.50258015990255,R2-SIDE,REGION-2,SuperheatedVapor,5.290996395848095,0.037148415409663786,2595136.523032553,,True,SuperheatedVapor,333.8734868190812,6.1188649364745595,True,66.37090665917867,0.827868540626465
69,267.5165805220603,R1-SIDE,REGION-1,SubcooledLiquid,5.292271878884386,0.0012960748656104248,1165635.8848244555,,True,SubcooledLiquid,277.54235352963235,55.15592123806402,True,10.02577300757207,49.86364935917963
69,267.5165805220603,R4-LIQUID-SIDE,REGION-4,SaturatedMixture,5.292218956694819,0.0012961108351517909,1165637.39818841,1E-06,True,SubcooledLiquid,277.54271385438335,55.09541428552872,False,10.02613333232307,49.8031953288339
69,267.5165805220603,R4-VAPOR-SIDE,REGION-4,SaturatedMixture,5.292218956694819,0.03713911928993803,2595124.6198950335,0.999999,True,SuperheatedVapor,333.8949211264684,6.1203461947122975,False,66.3783406044081,0.8281272380174789
69,267.5165805220603,R2-SIDE,REGION-2,SuperheatedVapor,5.292166034505252,0.03713966899327182,2595128.669520745,,True,SuperheatedVapor,333.89615641728994,6.120286453013996,True,66.37957589522966,0.8281204185087443
70,267.61186883449557,R1-SIDE,REGION-1,SubcooledLiquid,5.300237999304759,0.0012963375157955567,1166106.08981089,,True,SubcooledLiquid,277.65430709783095,55.29283304678186,True,10.042438263335384,49.992595047477096
70,267.61186883449557,R4-LIQUID-SIDE,REGION-4,SaturatedMixture,5.300184997454784,0.0012963734259923577,1166107.6028827624,1E-06,True,SubcooledLiquid,277.6546673530387,55.23243982470431,False,10.042798518543123,49.93225482724952
70,267.61186883449557,R4-VAPOR-SIDE,REGION-4,SaturatedMixture,5.300184997454784,0.037079650048268964,2595071.052054084,0.999999,True,SuperheatedVapor,334.04923934808005,6.130027465586894,False,66.43737051358448,0.8298424681321093
70,267.61186883449557,R2-SIDE,REGION-2,SuperheatedVapor,5.30013199560481,0.03708019909610543,2595075.105110772,,True,SuperheatedVapor,334.0504746389016,6.129967604858237,True,66.43860580440605,0.8298356092534274
71,267.7532800316808,R1-SIDE,REGION-1,SubcooledLiquid,5.3120768749258245,0.0012967277707812142,1166804.0693400786,,True,SubcooledLiquid,277.8204927000187,55.496693235155384,True,10.067212668337902,50.18461636022956
71,267.7532800316808,R4-LIQUID-SIDE,REGION-4,SaturatedMixture,5.312023754688277,0.0012967635931009722,1166805.5819791844,1E-06,True,SubcooledLiquid,277.8208528521868,55.43646840971623,False,10.06757282050603,50.12444465502795
71,267.7532800316808,R4-VAPOR-SIDE,REGION-4,SaturatedMixture,5.312023754688277,0.03699158606568595,2594991.193918056,0.999999,True,SuperheatedVapor,334.2783366222774,6.144414476173202,False,66.52505659059659,0.8323907214849244
71,267.7532800316808,R2-SIDE,REGION-2,SuperheatedVapor,5.311970634450731,0.03699213414299321,2594995.2520781374,,True,SuperheatedVapor,334.27957191309895,6.144354438273235,True,66.52629188141816,0.8323838038225047
72,267.76519510746004,R1-SIDE,REGION-1,SubcooledLiquid,5.313075320775099,0.0012967606788763552,1166862.88972526,,True,SubcooledLiquid,277.83449755363335,55.513907287741674,True,10.06930244617331,50.200831966966575
72,267.76519510746004,R4-LIQUID-SIDE,REGION-4,SaturatedMixture,5.313022190553194,0.0012967964938022205,1166864.4023279396,1E-06,True,SubcooledLiquid,277.83485769712854,55.45369663024119,False,10.069662589668496,50.140674439688
72,267.76519510746004,R4-VAPOR-SIDE,REGION-4,SaturatedMixture,5.313022190553194,0.03698417631476262,2594984.4454462295,0.999999,True,SuperheatedVapor,334.2976445605419,6.145627774629922,False,66.53244945308188,0.8326055840767284
72,267.76519510746004,R2-SIDE,REGION-2,SuperheatedVapor,5.312969060331288,0.03698472431041735,2594988.5040369565,,True,SuperheatedVapor,334.2988798513637,6.145567721772938,True,66.53368474390368,0.8325986614416498
73,267.7772412359715,R1-SIDE,REGION-1,SubcooledLiquid,5.314084894103051,0.0012967939530125086,1166922.3586155125,,True,SubcooledLiquid,277.8486568132173,55.53131655321312,True,10.07141557724583,50.21723165911006
73,267.7772412359715,R4-LIQUID-SIDE,REGION-4,SaturatedMixture,5.314031753785513,0.001296829760464808,1166923.871181371,1E-06,True,SubcooledLiquid,277.84901694794553,55.471120216190435,False,10.071775711974055,50.15708846240492
73,267.7772412359715,R4-VAPOR-SIDE,REGION-4,SaturatedMixture,5.314031753785513,0.03697668670206206,2594977.619625054,0.999999,True,SuperheatedVapor,334.3171655827481,6.146854587326683,False,66.53992434677662,0.8328228335411696
73,267.7772412359715,R2-SIDE,REGION-2,SuperheatedVapor,5.313978613467976,0.03697723461518559,2594981.678651262,,True,SuperheatedVapor,334.31840087356966,6.146794519343598,True,66.54115963759818,0.8328159058756226
74,267.78551645874984,R1-SIDE,REGION-1,SubcooledLiquid,5.314778516675194,0.0012968168134349296,1166963.2123357116,,True,SubcooledLiquid,277.85838388945524,55.543279468353646,True,10.0728674307054,50.228500951678456
74,267.78551645874984,R4-LIQUID-SIDE,REGION-4,SaturatedMixture,5.314725369421499,0.0012968526157541428,1166964.7248762788,1E-06,True,SubcooledLiquid,277.8587440181617,55.48309296702467,False,10.073227559411862,50.168367597603165
74,267.78551645874984,R4-VAPOR-SIDE,REGION-4,SaturatedMixture,5.314725369421499,0.036971542582503514,2594972.9287307374,0.999999,True,SuperheatedVapor,334.3305764601847,6.147697461716864,False,66.54506000143488,0.832972092295365
74,267.78551645874984,R2-SIDE,REGION-2,SuperheatedVapor,5.314672222167805,0.036972090438942534,2594976.9880561642,,True,SuperheatedVapor,334.33181175100606,6.147637383339997,True,66.54629529225622,0.8329651611721918
75,267.82730354666717,R1-SIDE,REGION-1,SubcooledLiquid,5.3182821331053525,0.0012969322805150075,1167169.5210698897,,True,SubcooledLiquid,277.90750501664036,55.60373080384562,True,10.08020146997319,50.285448670740266
75,267.82730354666717,R4-LIQUID-SIDE,REGION-4,SaturatedMixture,5.318228950815844,0.001296968056925845,1167171.0334827898,1E-06,True,SubcooledLiquid,277.9078651149499,55.54359394558941,False,10.080561568282747,50.225364994773564
75,267.82730354666717,R4-VAPOR-SIDE,REGION-4,SaturatedMixture,5.318228950815844,0.03694557836979883,2594949.2186465585,0.999999,True,SuperheatedVapor,334.39830064618957,6.151954904087058,False,66.5709970995224,0.8337259532712133
75,267.82730354666717,R2-SIDE,REGION-2,SuperheatedVapor,5.318175768526336,0.03694612594014069,2594953.279483672,,True,SuperheatedVapor,334.39953593701136,6.151894773192311,True,66.5722323903442,0.8337190046659746
76,267.90293265581147,R1-SIDE,REGION-1,SubcooledLiquid,5.324627700384163,0.00129714138661693,1167542.9602281866,,True,SubcooledLiquid,277.9964191019493,55.71332101658053,True,10.093486446137831,50.38869331619637
76,267.90293265581147,R4-LIQUID-SIDE,REGION-4,SaturatedMixture,5.324574454639616,0.001297177116187834,1167544.4724102116,1E-06,True,SubcooledLiquid,277.99677914528854,55.653273904523225,False,10.093846489477073,50.32869944988361
76,267.90293265581147,R4-VAPOR-SIDE,REGION-4,SaturatedMixture,5.324574454639616,0.0368986368654912,2594906.2103374256,0.999999,True,SuperheatedVapor,334.5208943196528,6.1596655137264085,False,66.61796166384136,0.8350910590867926
76,267.90293265581147,R2-SIDE,REGION-2,SuperheatedVapor,5.32452120889507,0.036899183918629765,2594910.273913619,,True,SuperheatedVapor,334.5221296104744,6.1596052876400265,True,66.61919695466293,0.8350840787449565
77,267.9171129286291,R1-SIDE,REGION-1,SubcooledLiquid,5.325818122064067,0.0012971806115749226,1167612.9859876302,,True,SubcooledLiquid,278.0130919018168,55.73389495135405,True,10.095978973187698,50.40807682928998
77,267.9171129286291,R4-LIQUID-SIDE,REGION-4,SaturatedMixture,5.325764864415422,0.0012972163323707326,1167614.4981263934,1E-06,True,SubcooledLiquid,278.01345193485565,55.67386465199018,False,10.096339006226572,50.34809978757475
77,267.9171129286291,R4-VAPOR-SIDE,REGION-4,SaturatedMixture,5.325764864415422,0.0368898426536862,2594898.1325821886,0.999999,True,SuperheatedVapor,334.54388354377375,6.161111980599763,False,66.62677061514466,0.8353471161843409
77,267.9171129286291,R2-SIDE,REGION-2,SuperheatedVapor,5.325711606766778,0.036890389609935674,2594902.1966724014,,True,SuperheatedVapor,334.5451188345953,6.16105173664486,True,66.62800590596623,0.835340129878082
78,267.93677989244463,R1-SIDE,REGION-1,SubcooledLiquid,5.327469483105355,0.0012972350230736828,1167710.1099822754,,True,SubcooledLiquid,278.0362166624466,55.76244306745228,True,10.099436770001944,50.43497358434693
78,267.93677989244463,R4-LIQUID-SIDE,REGION-4,SaturatedMixture,5.327416208943265,0.001297270731702904,1167711.6220610514,1E-06,True,SubcooledLiquid,278.03657668120275,55.70243607844778,False,10.099796788758113,50.37501986950452
78,267.93677989244463,R4-VAPOR-SIDE,REGION-4,SaturatedMixture,5.327416208943265,0.03687764951152347,2594886.922129784,0.999999,True,SuperheatedVapor,334.5757693949763,6.163118508997811,False,66.63898950253167,0.835702300054546
78,267.93677989244463,R2-SIDE,REGION-2,SuperheatedVapor,5.327362934781176,0.036878196333439674,2594890.986933137,,True,SuperheatedVapor,334.5770046857979,6.163058240250028,True,66.64022479335324,0.8356953054688523
79,268.0753684282305,R1-SIDE,REGION-1,SubcooledLiquid,5.339117329894413,0.00129761876012313,1168394.6380850635,,True,SubcooledLiquid,278.1991995440628,55.964064934165336,True,10.123831115832331,50.62494760427092
79,268.0753684282305,R4-LIQUID-SIDE,REGION-4,SaturatedMixture,5.33906393925502,0.0012976543831423294,1168396.1497415872,1E-06,True,SubcooledLiquid,278.19955946228276,55.904221958687906,False,10.124191034052274,50.565158019432886
79,268.0753684282305,R4-VAPOR-SIDE,REGION-4,SaturatedMixture,5.33906393925502,0.036791851094621894,2594807.686675636,0.999999,True,SuperheatedVapor,334.80051595701855,6.177270880408114,False,66.72514752878806,0.8382069411530937
79,268.0753684282305,R2-SIDE,REGION-2,SuperheatedVapor,5.339010548615628,0.03679239697138789,2594811.756512073,,True,SuperheatedVapor,334.8017512478401,6.177210436599006,True,66.72638281960963,0.8381998879833787
80,268.08787213563915,R1-SIDE,REGION-1,SubcooledLiquid,5.340169175189013,0.0012976534084591645,1168456.4076019323,,True,SubcooledLiquid,278.21390657188874,55.9822944542078,True,10.126034436249597,50.64212527901879
80,268.08787213563915,R4-LIQUID-SIDE,REGION-4,SaturatedMixture,5.340115774031272,0.0012976890237652368,1168457.9192203989,1E-06,True,SubcooledLiquid,278.2142664810474,55.922466254889834,False,10.126394345408244,50.582350480858565
80,268.08787213563915,R4-VAPOR-SIDE,REGION-4,SaturatedMixture,5.340115774031272,0.036784120859813065,2594800.517394753,0.999999,True,SuperheatedVapor,334.8207976739949,6.178548837284977,False,66.73292553835574,0.8384330632537047
80,268.08787213563915,R2-SIDE,REGION-2,SuperheatedVapor,5.340062372873532,0.03678466665143207,2594804.5876859515,,True,SuperheatedVapor,334.82203296481646,6.178488377651118,True,66.73416082917731,0.8384260047775864
81,268.18782694339745,R1-SIDE,REGION-1,SubcooledLiquid,5.348583330379774,0.0012979305479563713,1168950.2544822346,,True,SubcooledLiquid,278.3314891624369,56.1282532168324,True,10.14366221903947,50.77966988645262
81,268.18782694339745,R4-LIQUID-SIDE,REGION-4,SaturatedMixture,5.348529845081322,0.001297966101667524,1168951.7657967163,1E-06,True,SubcooledLiquid,278.3318489992182,56.06854301106455,False,10.144022055820756,50.720013165983225
81,268.18782694339745,R4-VAPOR-SIDE,REGION-4,SaturatedMixture,5.348529845081322,0.03672238852407342,2594743.0838669743,0.999999,True,SuperheatedVapor,334.9829567886144,6.1887713951785805,False,66.79512984521693,0.8402415500972582
81,268.18782694339745,R2-SIDE,REGION-2,SuperheatedVapor,5.348476359782872,0.03672293363577469,2594747.157797535,,True,SuperheatedVapor,334.9841920794362,6.188710808860178,True,66.79636513603873,0.8402344490773066
82,268.22862460613226,R1-SIDE,REGION-1,SubcooledLiquid,5.352020568828329,0.0012980437474417266,1169151.8545013964,,True,SubcooledLiquid,278.3794891669992,56.18794649693965,True,10.150864560866921,50.83592592811132
82,268.22862460613226,R4-LIQUID-SIDE,REGION-4,SaturatedMixture,5.351967049157837,0.0012980792760448501,1169153.3656919254,1E-06,True,SubcooledLiquid,278.37984897426793,56.12828438659971,False,10.151224368135672,50.776317337441874
82,268.22862460613226,R4-VAPOR-SIDE,REGION-4,SaturatedMixture,5.351967049157837,0.036697224070277965,2594719.579269316,0.999999,True,SuperheatedVapor,335.04915809498164,6.192947197581512,False,66.82053348884938,0.8409801484236752
82,268.22862460613226,R2-SIDE,REGION-2,SuperheatedVapor,5.351913529487346,0.03669776890484553,2594723.6546873595,,True,SuperheatedVapor,335.05039338580343,6.192886559462321,True,66.82176877967117,0.8409730299749745
83,268.258955323696,R1-SIDE,REGION-1,SubcooledLiquid,5.354577051008335,0.0012981279355649986,1169301.7441641728,,True,SubcooledLiquid,278.415177181946,56.23236966446955,True,10.156221858249978,50.87779261346122
83,268.258955323696,R4-LIQUID-SIDE,REGION-4,SaturatedMixture,5.354523505773277,0.001298163445513987,1169303.2552625951,1E-06,True,SubcooledLiquid,278.41553696728454,56.172743285943305,False,10.156581643588538,50.818219780170026
83,268.258955323696,R4-VAPOR-SIDE,REGION-4,SaturatedMixture,5.354523505773277,0.036678527858371536,2594702.081466092,0.999999,True,SuperheatedVapor,335.0983801129414,6.196052922826031,False,66.83942478924541,0.8415294170527536
83,268.258955323696,R2-SIDE,REGION-2,SuperheatedVapor,5.3544699605382196,0.03667907248704959,2594706.157990761,,True,SuperheatedVapor,335.0996150312386,6.195992241997791,True,66.84065970754261,0.8415222814595715
84,268.32134410142896,R1-SIDE,REGION-1,SubcooledLiquid,5.359838539328691,0.0012983011890311976,1169610.090964938,,True,SubcooledLiquid,278.4885930868901,56.32386580583852,True,10.167248985461129,50.96402726650983
84,268.32134410142896,R4-LIQUID-SIDE,REGION-4,SaturatedMixture,5.359784941479276,0.0012983366606423438,1169611.601874027,1E-06,True,SubcooledLiquid,278.4889528271493,56.26431286061202,False,10.167608725720356,50.90452791913275
84,268.32134410142896,R4-VAPOR-SIDE,REGION-4,SaturatedMixture,5.359784941479276,0.03664010312786366,2594666.0263455315,0.999999,True,SuperheatedVapor,335.1996408056467,6.202444607424375,False,66.87829670421775,0.8426596659450984
84,268.32134410142896,R2-SIDE,REGION-2,SuperheatedVapor,5.3597313436298615,0.03664064733342153,2594670.1051485385,,True,SuperheatedVapor,335.2008760964685,6.202383851377922,True,66.87953199503954,0.8426525077480607
85,268.3765215992928,R1-SIDE,REGION-1,SubcooledLiquid,5.364495161255378,0.0012984545095982205,1169882.8321755617,,True,SubcooledLiquid,278.5535314703719,56.404920944887444,True,10.177009871079122,51.04042578363207
85,268.3765215992928,R4-LIQUID-SIDE,REGION-4,SaturatedMixture,5.364441516840209,0.00129848994733958,1169884.3429173403,1E-06,True,SubcooledLiquid,278.5538911707953,56.34543287197116,False,10.177369571502481,50.98099135513095
85,268.3765215992928,R4-VAPOR-SIDE,REGION-4,SaturatedMixture,5.364441516840209,0.036606156112271596,2594634.0679931836,0.999999,True,SuperheatedVapor,335.2892131736179,6.208101280136146,False,66.9126915743251,0.8436597632959373
85,268.3765215992928,R2-SIDE,REGION-2,SuperheatedVapor,5.364387872425041,0.03660669994404675,2594638.1488134935,,True,SuperheatedVapor,335.29044846443935,6.2080404537777065,True,66.91392686514655,0.8436525813526652
86,268.3879977881908,R1-SIDE,REGION-1,SubcooledLiquid,5.365464064907552,0.0012984864091978093,1169939.562869821,,True,SubcooledLiquid,278.56703877852885,56.42179524643308,True,10.17904099033808,51.05633118152553
86,268.3879977881908,R4-LIQUID-SIDE,REGION-4,SaturatedMixture,5.3654104108034435,0.0012985218398990296,1169941.0735768182,1E-06,True,SubcooledLiquid,278.56739847067104,56.36232065748439,False,10.179400682480264,50.99691024668095
86,268.3879977881908,R4-VAPOR-SIDE,REGION-4,SaturatedMixture,5.3654104108034435,0.036599099864447704,2594627.4127370873,0.999999,True,SuperheatedVapor,335.307844980145,6.2092782390373635,False,66.9198471919542,0.84386782823392
86,268.3879977881908,R2-SIDE,REGION-2,SuperheatedVapor,5.365356756699335,0.03659964361853171,2594631.4939772454,,True,SuperheatedVapor,335.3090798984422,6.209217393876907,True,66.9210821102514,0.8438606371775714
87,268.4279694974422,R1-SIDE,REGION-1,SubcooledLiquid,5.368839811720812,0.0012985975453640298,1170137.1677067464,,True,SubcooledLiquid,278.61408754922536,56.48061146514567,True,10.186118051783183,51.11177165342486
87,268.4279694974422,R4-LIQUID-SIDE,REGION-4,SaturatedMixture,5.368786123859572,0.0012986329515559786,1170138.678292642,1E-06,True,SubcooledLiquid,278.61444721253395,56.421183817895276,False,10.186477715091769,51.052397694035704
87,268.4279694974422,R4-VAPOR-SIDE,REGION-4,SaturatedMixture,5.368786123859572,0.03657453436762927,2594604.2099597864,0.999999,True,SuperheatedVapor,335.3727439413034,6.213378787800678,False,66.9447744438612,0.8445926639411052
87,268.4279694974422,R2-SIDE,REGION-2,SuperheatedVapor,5.368732435998334,0.036575077851250394,2594608.292663007,,True,SuperheatedVapor,335.3739792321252,6.213317895792988,True,66.946009734683,0.8445854597946543
88,268.4353395342828,R1-SIDE,REGION-1,SubcooledLiquid,5.369462413441171,0.0012986180417985113,1170173.604236347,,True,SubcooledLiquid,278.62276291341595,56.4914633470535,True,10.187423379133179,51.12200093361233
88,268.4353395342828,R4-LIQUID-SIDE,REGION-4,SaturatedMixture,5.369408719353976,0.0012986534434733803,1170175.1147999205,1E-06,True,SubcooledLiquid,278.6231225714097,56.43204435104947,False,10.187783037126906,51.06263563169549
88,268.4353395342828,R4-VAPOR-SIDE,REGION-4,SaturatedMixture,5.369408719353976,0.03657000689942147,2594599.9279931015,0.999999,True,SuperheatedVapor,335.38471128679373,6.214135059063078,False,66.94937175251096,0.8447263397091014
88,268.4353395342828,R2-SIDE,REGION-2,SuperheatedVapor,5.369355025266783,0.03657055033319743,2594604.010966208,,True,SuperheatedVapor,335.38594620509105,6.214074153477354,True,66.95060667080827,0.8447191282105706
89,268.43746053576467,R1-SIDE,REGION-1,SubcooledLiquid,5.3696416003964496,0.0012986239406964153,1170184.0903082178,,True,SubcooledLiquid,278.6252595971947,56.49458679825968,True,10.187799061430042,51.124945197863234
89,268.43746053576467,R4-LIQUID-SIDE,REGION-4,SaturatedMixture,5.369587904517404,0.0012986593410714402,1170185.6008653685,1E-06,True,SubcooledLiquid,278.62561925365924,56.43517029174763,False,10.188158717894567,51.06558238723023
89,268.43746053576467,R4-VAPOR-SIDE,REGION-4,SaturatedMixture,5.369587904517404,0.03656870406501119,2594598.6954786154,0.999999,True,SuperheatedVapor,335.3881552746242,6.214352714655624,False,66.95069473885951,0.8447648101382201
89,268.43746053576467,R2-SIDE,REGION-2,SuperheatedVapor,5.369534208638359,0.03656924748444369,2594602.778529397,,True,SuperheatedVapor,335.38939056544575,6.214291810527463,True,66.95193002968108,0.8447576018891043
90,268.495750629902,R1-SIDE,REGION-1,SubcooledLiquid,5.374567865433893,0.0012987861067465776,1170472.291210756,,True,SubcooledLiquid,278.6938788597039,56.58050002885371,True,10.19812822980191,51.20593216341982
90,268.495750629902,R4-LIQUID-SIDE,REGION-4,SaturatedMixture,5.37451412029269,0.001298821471418728,1170473.8015914538,1E-06,True,SubcooledLiquid,278.69423847415567,56.52115189983937,False,10.198487844253691,51.14663777954668
90,268.495750629902,R4-VAPOR-SIDE,REGION-4,SaturatedMixture,5.37451412029269,0.036532918790984525,2594564.784640967,0.999999,True,SuperheatedVapor,335.4828129728138,6.220336449756994,False,66.98706234291183,0.8458223294643039
90,268.495750629902,R2-SIDE,REGION-2,SuperheatedVapor,5.374460375151488,0.03653346181645798,2594568.869827756,,True,SuperheatedVapor,335.4840482636356,6.220275471125269,True,66.98829763373362,0.8458150959737809
91,268.5486411511898,R1-SIDE,REGION-1,SubcooledLiquid,5.379040782541731,0.0012989333353016688,1170733.8271119006,,True,SubcooledLiquid,278.75614931235725,56.658577727548256,True,10.207508161167425,51.27953694500653
91,268.5486411511898,R4-LIQUID-SIDE,REGION-4,SaturatedMixture,5.378986992671804,0.0012989686676113733,1170735.3373326177,1E-06,True,SubcooledLiquid,278.7565088887185,56.59929157602242,False,10.207867737528659,51.22030458335061
91,268.5486411511898,R4-VAPOR-SIDE,REGION-4,SaturatedMixture,5.378986992671804,0.03650048122660043,2594533.9508190257,0.999999,True,SuperheatedVapor,335.5687163482329,6.225769307382038,False,67.02007519704307,0.846782314710234
91,268.5486411511898,R2-SIDE,REGION-2,SuperheatedVapor,5.3789332028018775,0.03650102389499737,2594538.0379460617,,True,SuperheatedVapor,335.56995163905447,6.225708261051113,True,67.02131048786464,0.8467750582492357
92,268.59354792833335,R1-SIDE,REGION-1,SubcooledLiquid,5.382840750357621,0.0012990584030193072,1170955.9083683086,,True,SubcooledLiquid,278.80902580197824,56.724961633891915,True,10.215477873644886,51.34212088353429
92,268.59354792833335,R4-LIQUID-SIDE,REGION-4,SaturatedMixture,5.382786922488396,0.0012990937078763728,1170957.4184532892,1E-06,True,SubcooledLiquid,278.80938534602126,56.66572805520998,False,10.215837417687908,51.28294113272159
92,268.59354792833335,R4-VAPOR-SIDE,REGION-4,SaturatedMixture,5.382786922488396,0.03647296454711894,2594507.723306584,0.999999,True,SuperheatedVapor,335.6416633259506,6.230384630965817,False,67.04811539761727,0.8475977084774211
92,268.59354792833335,R2-SIDE,REGION-2,SuperheatedVapor,5.382733094619171,0.0364735069126297,2594511.8120825686,,True,SuperheatedVapor,335.6428986167722,6.2303235270820405,True,67.04935068843884,0.8475904324628694
93,268.64694446921374,R1-SIDE,REGION-1,SubcooledLiquid,5.387361781069,0.001299207190646893,1171220.003239122,,True,SubcooledLiquid,278.8719055331243,56.80400567813639,True,10.224961063910541,51.41664389706739
93,268.64694446921374,R4-LIQUID-SIDE,REGION-4,SaturatedMixture,5.3873079079899195,0.0012992424628908593,1171221.5131628187,1E-06,True,SubcooledLiquid,278.8722650387664,56.744834552569124,False,10.22532056955265,51.3575266445792
93,268.64694446921374,R4-VAPOR-SIDE,REGION-4,SaturatedMixture,5.3873079079899195,0.03644027498535003,2594476.4799840543,0.999999,True,SuperheatedVapor,335.72841344926974,6.235875534413377,False,67.081468980056,0.8485676264234572
93,268.64694446921374,R2-SIDE,REGION-2,SuperheatedVapor,5.38725403491084,0.03644081699105969,2594480.57072261,,True,SuperheatedVapor,335.72964836756694,6.235814357838817,True,67.0827038983532,0.8485603229279768
94,268.6578054487708,R1-SIDE,REGION-1,SubcooledLiquid,5.388281723890629,0.0012992374644350652,1171273.7245327155,,True,SubcooledLiquid,278.88469631731334,56.82009807076385,True,10.226890868542569,51.43181634687322
94,268.6578054487708,R4-LIQUID-SIDE,REGION-4,SaturatedMixture,5.3882278416122125,0.001299272730049377,1171275.2344236216,1E-06,True,SubcooledLiquid,278.8850558151481,56.760939640494804,False,10.227250366377348,51.37271179888259
94,268.6578054487708,R4-VAPOR-SIDE,REGION-4,SaturatedMixture,5.3882278416122125,0.03643362973632523,2594470.117382381,0.999999,True,SuperheatedVapor,335.7460603013541,6.236992801136724,False,67.0882548525833,0.8487649595245115
94,268.6578054487708,R2-SIDE,REGION-2,SuperheatedVapor,5.3881739593337965,0.03643417166889656,2594474.208520378,,True,SuperheatedVapor,335.7472952196515,6.236931610613098,True,67.08948977088073,0.8487576512793016
95,268.70778965353986,R1-SIDE,REGION-1,SubcooledLiquid,5.392517014602325,0.001299376833707984,1171520.976220209,,True,SubcooledLiquid,278.94356576671646,56.89422212601715,True,10.235776113176598,51.50170511141482
95,268.70778965353986,R4-LIQUID-SIDE,REGION-4,SaturatedMixture,5.392463089971425,0.0012994120688285093,1171522.4859602745,1E-06,True,SubcooledLiquid,278.9439252286369,56.83512208782448,False,10.236135575097023,51.44265899785306
95,268.70778965353986,R4-VAPOR-SIDE,REGION-4,SaturatedMixture,5.392463089971425,0.03640306399875005,2594440.802230885,0.999999,True,SuperheatedVapor,335.8272810454015,6.242136420276037,False,67.11949139186163,0.8496733303046122
95,268.70778965353986,R2-SIDE,REGION-2,SuperheatedVapor,5.392409165340526,0.03640360559492596,2594444.8952082833,,True,SuperheatedVapor,335.8285163362233,6.24207516967701,True,67.12072668268343,0.8496660043364841
96,268.75488118529313,R1-SIDE,REGION-1,SubcooledLiquid,5.39650952678625,0.0012995082033025,1171753.9438618883,,True,SubcooledLiquid,278.9990342528306,56.96415271832638,True,10.244153067537468,51.56764319154013
96,268.75488118529313,R4-LIQUID-SIDE,REGION-4,SaturatedMixture,5.396455562230628,0.0012995434097196365,1171755.4534599425,1E-06,True,SubcooledLiquid,278.99939368093874,56.9051076418964,False,10.244512495645608,51.50865207966577
96,268.75488118529313,R4-VAPOR-SIDE,REGION-4,SaturatedMixture,5.396455562230628,0.03637429254810658,2594413.1335200677,0.999999,True,SuperheatedVapor,335.9038124526386,6.2469850154692415,False,67.14893126734546,0.8505294532386136
96,268.75488118529313,R2-SIDE,REGION-2,SuperheatedVapor,5.3964015976750055,0.03637483382765605,2594417.228232069,,True,SuperheatedVapor,335.9050473709359,6.246923700093823,True,67.15016618564277,0.8505221024188172
97,268.8133836925032,R1-SIDE,REGION-1,SubcooledLiquid,5.401472627137364,0.0012996714947834246,1172043.396607252,,True,SubcooledLiquid,279.06795157315526,57.05115879972111,True,10.254567880652075,51.64968617258374
97,268.8133836925032,R4-LIQUID-SIDE,REGION-4,SaturatedMixture,5.401418612951234,0.0012997066655765668,1172044.9060290195,1E-06,True,SubcooledLiquid,279.06831095929044,56.992181934181076,False,10.254927266787263,51.59076332122984
97,268.8133836925032,R4-VAPOR-SIDE,REGION-4,SaturatedMixture,5.401418612951234,0.036338583625619265,2594378.6925531514,0.999999,True,SuperheatedVapor,335.9989026516257,6.253012061068075,False,67.18551895912253,0.8515934481168408
97,268.8133836925032,R2-SIDE,REGION-2,SuperheatedVapor,5.401364598765105,0.036339124512225575,2594382.789422303,,True,SuperheatedVapor,336.0001375699229,6.252950670298542,True,67.18675387741973,0.8515860715334371
98,268.8640391409398,R1-SIDE,REGION-1,SubcooledLiquid,5.405772831662186,0.001299812963468285,1172294.0545692714,,True,SubcooledLiquid,279.12763204030273,57.12661140088684,True,10.263592899362948,51.720838569224654
98,268.8640391409398,R4-LIQUID-SIDE,REGION-4,SaturatedMixture,5.405718774474441,0.0012998481034467296,1172295.563838518,1E-06,True,SubcooledLiquid,279.1279913901234,57.067693535354216,False,10.263952249183603,51.66197476087977
98,268.8640391409398,R4-VAPOR-SIDE,REGION-4,SaturatedMixture,5.405718774474441,0.03630769505792794,2594348.8105674926,0.999999,True,SuperheatedVapor,336.081251026951,6.258233876835292,False,67.21721188601123,0.8525151023608508
98,268.8640391409398,R2-SIDE,REGION-2,SuperheatedVapor,5.4056647172866965,0.036308235604660934,2594352.9093064503,,True,SuperheatedVapor,336.0824863177726,6.258172424865352,True,67.2184471768328,0.8525077075786553
99,268.91260992884634,R1-SIDE,REGION-1,SubcooledLiquid,5.409898521191045,0.0012999486798262651,1172534.423274096,,True,SubcooledLiquid,279.18486268430865,57.199060857558884,True,10.272252755462318,51.78916233636784
99,268.91260992884634,R4-LIQUID-SIDE,REGION-4,SaturatedMixture,5.409844422746818,0.001299983790285123,1172535.9323972054,1E-06,True,SubcooledLiquid,279.18522199933466,57.14019951032723,False,10.272612070488321,51.73035508758041
99,268.91260992884634,R4-VAPOR-SIDE,REGION-4,SaturatedMixture,5.409844422746818,0.03627810434940324,2594320.10543359,0.999999,True,SuperheatedVapor,336.1602217237838,6.263243574664797,False,67.24761179493748,0.8533991519179791
99,268.91260992884634,R2-SIDE,REGION-2,SuperheatedVapor,5.40979032430259,0.036278644570566496,2594324.205967147,,True,SuperheatedVapor,336.1614570146056,6.2631820599303945,True,67.24884708575928,0.8533917356278042
100,268.9904044747353,R1-SIDE,REGION-1,SubcooledLiquid,5.416511537830212,0.0013001661953206036,1172919.4690664383,,True,SubcooledLiquid,279.27654025391394,57.3153097487518,True,10.286135779178608,51.89879821092159
100,268.9904044747353,R4-LIQUID-SIDE,REGION-4,SaturatedMixture,5.416457373256479,0.0013002012585536674,1172920.9779557008,1E-06,True,SubcooledLiquid,279.27689951326215,57.2565388161216,False,10.286495038526823,51.84008144286512
100,268.9904044747353,R4-VAPOR-SIDE,REGION-4,SaturatedMixture,5.416457373256479,0.036230764042477576,2594274.0211877422,0.999999,True,SuperheatedVapor,336.28672988336075,6.271273138081944,False,67.29632540862542,0.8548157648254646
100,268.9904044747353,R2-SIDE,REGION-2,SuperheatedVapor,5.416403208682747,0.03623130374282939,2594278.124599233,,True,SuperheatedVapor,336.28796480165795,6.271211518476896,True,67.29756032692262,0.8548083097941488
101,269.0172909379006,R1-SIDE,REGION-1,SubcooledLiquid,5.418798487829589,0.0013002414112921483,1173052.5595564838,,True,SubcooledLiquid,279.30822846582953,57.35554617014578,True,10.290937527928918,51.93674768231619
101,269.0172909379006,R4-LIQUID-SIDE,REGION-4,SaturatedMixture,5.418744300386585,0.0013002764582192847,1173054.0683649885,1E-06,True,SubcooledLiquid,279.30858770594966,57.296806454334295,False,10.291296768049051,51.87806215394771
101,269.0172909379006,R4-VAPOR-SIDE,REGION-4,SaturatedMixture,5.418744300386585,0.036214418368147684,2594258.0631375285,0.999999,True,SuperheatedVapor,336.33045828438844,6.27404983910214,False,67.31316734648783,0.8553055387155553
101,269.0172909379006,R2-SIDE,REGION-2,SuperheatedVapor,5.418690112943581,0.03621495788868711,2594262.1675446765,,True,SuperheatedVapor,336.33169357521,6.273988188824405,True,67.3144026373094,0.8552980758808237
102,269.0666279315948,R1-SIDE,REGION-1,SubcooledLiquid,5.4229969872154795,0.0013003794880317768,1173296.8027945482,,True,SubcooledLiquid,279.36638161774965,57.42946055983586,True,10.299753686154872,52.00646357262038
102,269.0666279315948,R4-LIQUID-SIDE,REGION-4,SaturatedMixture,5.422942757787902,0.0013004145050583098,1173298.3114549464,1E-06,True,SubcooledLiquid,279.3667408226064,57.370778085573114,False,10.300112891011622,51.947835327785214
102,269.0666279315948,R4-VAPOR-SIDE,REGION-4,SaturatedMixture,5.422942757787902,0.03618444459624209,2594228.7385498625,0.999999,True,SuperheatedVapor,336.4107097200165,6.279147288790116,False,67.3440817884217,0.8562045310022146
102,269.0666279315948,R2-SIDE,REGION-2,SuperheatedVapor,5.422888528360324,0.03618498378706973,2594232.8447854277,,True,SuperheatedVapor,336.4119446383137,6.279085570323223,True,67.3453167067189,0.8561970419628988
103,269.16647517681133,R1-SIDE,REGION-1,SubcooledLiquid,5.431501428089641,0.0013006591411388517,1173791.1789133104,,True,SubcooledLiquid,279.4840902174549,57.57936482264719,True,10.317615040643545,52.147863394557554
103,269.16647517681133,R4-LIQUID-SIDE,REGION-4,SaturatedMixture,5.431447113618504,0.0013006940977360938,1173792.6872743042,1E-06,True,SubcooledLiquid,279.48444935102486,57.52079802777326,False,10.317974174213532,52.08935091415476
103,269.16647517681133,R4-VAPOR-SIDE,REGION-4,SaturatedMixture,5.431447113618504,0.036123866317859896,2594169.2280420503,0.999999,True,SuperheatedVapor,336.57315456083063,6.2894719550709075,False,67.4066793840193,0.8580248414524032
103,269.16647517681133,R2-SIDE,REGION-2,SuperheatedVapor,5.4313927991473685,0.036124404842397595,2594173.3379833526,,True,SuperheatedVapor,336.57438947912783,6.289410106801703,True,67.4079143023165,0.8580173076543343
104,269.1776982307432,R1-SIDE,REGION-1,SubcooledLiquid,5.432457982553435,0.001300690592876031,1173846.7547153416,,True,SubcooledLiquid,279.49732255127185,57.59624104024173,True,10.319624320528646,52.16378305768829
104,269.1776982307432,R4-LIQUID-SIDE,REGION-4,SaturatedMixture,5.43240365851685,0.0013007255426878207,1173848.2630427093,1E-06,True,SubcooledLiquid,279.49768167683567,57.537687234203155,False,10.319983446092465,52.10528357568631
104,269.1776982307432,R4-VAPOR-SIDE,REGION-4,SaturatedMixture,5.43240365851685,0.03611706404250898,2594162.5251954226,0.999999,True,SuperheatedVapor,336.5914164506552,6.290633184426179,False,67.41371821991197,0.8582295259093291
104,269.1776982307432,R2-SIDE,REGION-2,SuperheatedVapor,5.432349334480265,0.03611760249223564,2594166.6355537116,,True,SuperheatedVapor,336.5926513689524,6.290571321545525,True,67.41495313820917,0.8582219870652601
105,269.2148237466812,R1-SIDE,REGION-1,SubcooledLiquid,5.435623151754221,0.0013007946603409049,1174030.6075798688,,True,SubcooledLiquid,279.541097042826,57.652105478862914,True,10.326273296144791,52.21648232710869
105,269.2148237466812,R4-LIQUID-SIDE,REGION-4,SaturatedMixture,5.43556879606626,0.0013008295877166036,1174032.1157960433,1E-06,True,SubcooledLiquid,279.5414561419151,57.593594619664536,False,10.3266323952339,52.15802582359828
105,269.2148237466812,R4-VAPOR-SIDE,REGION-4,SaturatedMixture,5.43556879606626,0.03609457219111915,2594140.33259911,0.999999,True,SuperheatedVapor,336.6518305908844,6.294475527252968,False,67.43700684420321,0.8589067311867078
105,269.2148237466812,R2-SIDE,REGION-2,SuperheatedVapor,5.4355144403783,0.03609511039349043,2594144.444337437,,True,SuperheatedVapor,336.6530655091816,6.294413616007199,True,67.43824176250041,0.8588991756288991
106,269.2245281159875,R1-SIDE,REGION-1,SubcooledLiquid,5.436450738569575,0.0013008218695095945,1174078.668016166,,True,SubcooledLiquid,279.552540003849,57.66671781812384,True,10.328011887861521,52.23026707955427
106,269.2245281159875,R4-LIQUID-SIDE,REGION-4,SaturatedMixture,5.436396374605828,0.001300856791023169,1174080.1762032853,1E-06,True,SubcooledLiquid,279.5528990960204,57.60821817993391,False,10.3283709800329,52.17182180532808
106,269.2245281159875,R4-VAPOR-SIDE,REGION-4,SaturatedMixture,5.436396374605828,0.0360886954636017,2594134.526587332,0.999999,True,SuperheatedVapor,336.66762338916305,6.295480150019817,False,67.44309527317557,0.8590837754139891
106,269.2245281159875,R2-SIDE,REGION-2,SuperheatedVapor,5.436342010642083,0.03608923360134554,2594138.6386865606,,True,SuperheatedVapor,336.66885830746025,6.295418226123894,True,67.44433019147277,0.859076215481811
107,269.286198878288,R1-SIDE,REGION-1,SubcooledLiquid,5.4417122584454365,0.001300994846405009,1174384.1137094805,,True,SubcooledLiquid,279.625265168924,57.75967290648385,True,10.33906629063597,52.317960648038415
107,269.286198878288,R4-LIQUID-SIDE,REGION-4,SaturatedMixture,5.441657841867017,0.0013010297306895238,1174385.6217120553,1E-06,True,SubcooledLiquid,279.6256242171561,57.7012445286511,False,10.339425338868068,52.25958668678408
107,269.286198878288,R4-VAPOR-SIDE,REGION-4,SaturatedMixture,5.441657841867017,0.036051373328961474,2594097.581126838,0.999999,True,SuperheatedVapor,336.7679959837627,6.301866997825812,False,67.4817971054747,0.8602091559587945
107,269.286198878288,R2-SIDE,REGION-2,SuperheatedVapor,5.441603425288599,0.03605191105628825,2594101.695521172,,True,SuperheatedVapor,336.76923090206014,6.301804993462884,True,67.48303202377213,0.8602015681742854
108,269.3115269780159,R1-SIDE,REGION-1,SubcooledLiquid,5.44387428362823,0.0013010659198639592,1174509.5719283638,,True,SubcooledLiquid,279.6551361734199,57.79789676418499,True,10.343609195404042,52.35402248055676
108,269.3115269780159,R4-LIQUID-SIDE,REGION-4,SaturatedMixture,5.4438198454297755,0.0013011007888707737,1174511.0798551964,1E-06,True,SubcooledLiquid,279.6554952036182,57.73949762859152,False,10.343968225602339,52.29567778316175
108,269.3115269780159,R4-VAPOR-SIDE,REGION-4,SaturatedMixture,5.4438198454297755,0.036036057265494546,2594082.3833573936,0.999999,True,SuperheatedVapor,336.8092240011973,6.304491330052183,False,67.49769702318144,0.860671484622408
108,269.3115269780159,R2-SIDE,REGION-2,SuperheatedVapor,5.4437654072313215,0.03603659482440723,2594086.49869513,,True,SuperheatedVapor,336.8104589194945,6.304429292603395,True,67.49893194147865,0.8606638853720732
109,269.34476251006106,R1-SIDE,REGION-1,SubcooledLiquid,5.446712287971356,0.0013011592108122466,1174674.208878705,,True,SubcooledLiquid,279.6943354473108,57.84809597398665,True,10.349572937249718,52.40138368601529
109,269.34476251006106,R4-LIQUID-SIDE,REGION-4,SaturatedMixture,5.446657821393141,0.0013011940597824484,1174675.7167061921,1E-06,True,SubcooledLiquid,279.6946944538553,57.78973518862329,False,10.349931943794218,52.34307736723015
109,269.34476251006106,R4-VAPOR-SIDE,REGION-4,SaturatedMixture,5.446657821393141,0.03601597019472678,2594062.419352757,0.999999,True,SuperheatedVapor,336.8633275785437,6.307936089097792,False,67.51856506848264,0.8612782677046509
109,269.34476251006106,R2-SIDE,REGION-2,SuperheatedVapor,5.446603354814927,0.03601650753277322,2594066.535929143,,True,SuperheatedVapor,336.86456249684113,6.307874008200021,True,67.51979998678007,0.8612706533850938
110,269.35565841197956,R1-SIDE,REGION-1,SubcooledLiquid,5.44764294217726,0.0013011898022271635,1174728.185922422,,True,SubcooledLiquid,279.7071871243862,57.86456358123749,True,10.351528712406662,52.41692063906023
110,269.35565841197956,R4-LIQUID-SIDE,REGION-4,SaturatedMixture,5.447588466292596,0.0013012246446312474,1174729.6937173505,1E-06,True,SubcooledLiquid,279.70754612317876,57.806215363281524,False,10.351887711199197,52.35862689698893
110,269.35565841197956,R4-VAPOR-SIDE,REGION-4,SaturatedMixture,5.447588466292596,0.03600938750456121,2594055.869063332,0.999999,True,SuperheatedVapor,336.8810660716239,6.3090656917547685,False,67.52540765964432,0.8614772254621723
110,269.35565841197956,R2-SIDE,REGION-2,SuperheatedVapor,5.447533990407933,0.03600992477023034,2594059.9860459734,,True,SuperheatedVapor,336.8823009899213,6.309003596604326,True,67.52664257794174,0.8614696061963922
111,269.35622538924224,R1-SIDE,REGION-1,SubcooledLiquid,5.447691372861352,0.0013011913941714762,1174730.9946981836,,True,SubcooledLiquid,279.70785588052,57.86542062677353,True,10.351630491277774,52.41772925391218
111,269.35622538924224,R4-LIQUID-SIDE,REGION-4,SaturatedMixture,5.447636896492387,0.0013012262362339232,1174732.5024914178,1E-06,True,SubcooledLiquid,279.7082148789091,57.807073062699644,False,10.351989489666835,52.35943616620726
111,269.35622538924224,R4-VAPOR-SIDE,REGION-4,SaturatedMixture,5.447636896492387,0.03600904500442682,2594055.5281418073,0.999999,True,SuperheatedVapor,336.88198918702085,6.309124475989812,False,67.52576379777861,0.8614875794974246
111,269.35622538924224,R2-SIDE,REGION-2,SuperheatedVapor,5.447582420123423,0.03600958226633018,2594059.645145589,,True,SuperheatedVapor,336.8832237327939,6.309062375916166,True,67.52699834355167,0.8614799557927428
112,269.3710194945336,R1-SIDE,REGION-1,SubcooledLiquid,5.448955188140975,0.001301232935997058,1174804.2851710864,,True,SubcooledLiquid,279.72530599311585,57.88778836297731,True,10.354286498582269,52.43883317483633
112,269.3710194945336,R4-LIQUID-SIDE,REGION-4,SaturatedMixture,5.448900699133983,0.0013012677691464384,1174805.7929201229,1E-06,True,SubcooledLiquid,279.7256649809816,57.829457858156324,False,10.354645486448021,52.380557159022345
112,269.3710194945336,R4-VAPOR-SIDE,REGION-4,SaturatedMixture,5.448900699133983,0.03600010941220918,2594046.6299851406,0.999999,True,SuperheatedVapor,336.9060743778481,6.31065843570943,False,67.5350548833145,0.8617577365754476
112,269.3710194945336,R2-SIDE,REGION-2,SuperheatedVapor,5.448846210126992,0.03600064657586683,2594050.7475406663,,True,SuperheatedVapor,336.90730929614506,6.310596320458641,True,67.53628980161147,0.8617501103316494
113,269.3758408248424,R1-SIDE,REGION-1,SubcooledLiquid,5.449367108043551,0.0013012464756645332,1174828.1707155772,,True,SubcooledLiquid,279.73099302751837,57.89507994249796,True,10.355152202675981,52.445712834454405
113,269.3758408248424,R4-LIQUID-SIDE,REGION-4,SaturatedMixture,5.449312614917401,0.0013012813059097108,1174829.6784502119,1E-06,True,SubcooledLiquid,279.7313520119552,57.83675499616676,False,10.355511187112825,52.38744238124936
113,269.3758408248424,R4-VAPOR-SIDE,REGION-4,SaturatedMixture,5.449312614917401,0.03599719786184476,2594043.7290721564,0.999999,True,SuperheatedVapor,336.91392383891616,6.311158400040788,False,67.53808301407378,0.8618457851233865
113,269.3758408248424,R2-SIDE,REGION-2,SuperheatedVapor,5.449258121791252,0.035997734993490765,2594047.8468075288,,True,SuperheatedVapor,336.9151587572136,6.311096278479465,True,67.5393179323712,0.8618381566882132
114,269.38479275703435,R1-SIDE,REGION-1,SubcooledLiquid,5.450131997156127,0.0013012716170358863,1174872.5205164182,,True,SubcooledLiquid,279.74155250390913,57.90862113051985,True,10.356759746874786,52.45848913336372
114,269.38479275703435,R4-LIQUID-SIDE,REGION-4,SaturatedMixture,5.450077496381163,0.0013013064418894104,1174874.0282243157,1E-06,True,SubcooledLiquid,279.74191148197997,57.85030650347838,False,10.357118724945622,52.40022900709722
114,269.38479275703435,R4-VAPOR-SIDE,REGION-4,SaturatedMixture,5.450077496381163,0.03599179255950699,2594038.341483253,0.999999,True,SuperheatedVapor,336.92849885501903,6.312086775825073,False,67.54370609798468,0.8620092794439103
114,269.38479275703435,R2-SIDE,REGION-2,SuperheatedVapor,5.4500229956062,0.03599232963172383,2594042.4595525954,,True,SuperheatedVapor,336.9297334007921,6.312024638362698,True,67.54494064375774,0.862001642756498
115,269.40271410346065,R1-SIDE,REGION-1,SubcooledLiquid,5.45166351544765,0.0013013219559025611,1174961.309372977,,True,SubcooledLiquid,279.76269270785167,57.935740336816465,True,10.359978604391017,52.48407682136882
115,269.40271410346065,R4-LIQUID-SIDE,REGION-4,SaturatedMixture,5.4516089993576555,0.0013013567699649143,1174962.8170273579,1E-06,True,SubcooledLiquid,279.7630516731805,57.87744636320746,False,10.360337569719832,52.42583736384981
115,269.40271410346065,R4-VAPOR-SIDE,REGION-4,SaturatedMixture,5.4516089993576555,0.035980974034123064,2594027.5504611703,0.999999,True,SuperheatedVapor,336.95767794412575,6.313945609870244,False,67.5549638406651,0.862336610512588
115,269.40271410346065,R2-SIDE,REGION-2,SuperheatedVapor,5.451554483267662,0.03598151098739684,2594031.6691992846,,True,SuperheatedVapor,336.9589124898986,6.313883448938042,True,67.55619838643793,0.8623289656703799
116,269.4203418850898,R1-SIDE,REGION-1,SubcooledLiquid,5.453170266904046,0.001301371479326102,1175048.6472454534,,True,SubcooledLiquid,279.78348743939375,57.96242883170697,True,10.36314555430397,52.50925856480293
116,269.4203418850898,R4-LIQUID-SIDE,REGION-4,SaturatedMixture,5.453115735746688,0.0013014062827775182,1175050.1548472093,1E-06,True,SubcooledLiquid,279.7838463921927,57.90415516632637,False,10.363504507102903,52.451039430579684
116,269.4203418850898,R4-VAPOR-SIDE,REGION-4,SaturatedMixture,5.453115735746688,0.03597033615183706,2594016.9292764952,0.999999,True,SuperheatedVapor,336.98638020203464,6.315774349556371,False,67.56603831694486,0.8626586138096828
116,269.4203418850898,R2-SIDE,REGION-2,SuperheatedVapor,5.45306120458933,0.03597087298815691,2594021.0486726556,,True,SuperheatedVapor,336.98761512033184,6.315712169710268,True,67.56727323524206,0.8626509651209373
117,269.4265326142312,R1-SIDE,REGION-1,SubcooledLiquid,5.453699500822253,0.0013013888736895852,1175079.3203843604,,True,SubcooledLiquid,279.7907905677049,57.971804790542414,True,10.364257953473725,52.51810528972016
117,269.4265326142312,R4-LIQUID-SIDE,REGION-4,SaturatedMixture,5.453644964372609,0.0013014236734153444,1175080.827967638,1E-06,True,SubcooledLiquid,279.7911495161044,57.91353825562128,False,10.364616901873205,52.459893291248676
117,269.4265326142312,R4-VAPOR-SIDE,REGION-4,SaturatedMixture,5.453644964372609,0.03596660102305918,2594013.1975751156,0.999999,True,SuperheatedVapor,336.9964607115743,6.316416673833411,False,67.56992809734311,0.8627717094608016
117,269.4265326142312,R2-SIDE,REGION-2,SuperheatedVapor,5.453590427922966,0.03596713781831539,2594017.317202428,,True,SuperheatedVapor,336.9976956298715,6.316354485873563,True,67.57116301564031,0.8627640579505975
118,269.43838264346107,R1-SIDE,REGION-1,SubcooledLiquid,5.454712647159444,0.0013014221723581232,1175138.0347712727,,True,SubcooledLiquid,279.8047701836364,57.98975646736005,True,10.36638754017531,52.535043820200606
118,269.43838264346107,R4-LIQUID-SIDE,REGION-4,SaturatedMixture,5.454658100578438,0.0013014569649535722,1175139.5423191849,1E-06,True,SubcooledLiquid,279.80512912361553,57.93150357890905,False,10.366746480154461,52.47684547833062
118,269.43838264346107,R4-VAPOR-SIDE,REGION-4,SaturatedMixture,5.454658100578438,0.035959452567835955,2594006.0521476557,0.999999,True,SuperheatedVapor,337.01575672905904,6.317646303877822,False,67.57737408559797,0.8629882032993841
118,269.43838264346107,R2-SIDE,REGION-2,SuperheatedVapor,5.4546035539974325,0.03595998928450376,2594010.172217513,,True,SuperheatedVapor,337.01699127483187,6.317584096200738,True,67.5786086313708,0.8629805422033057
119,269.45672143101694,R1-SIDE,REGION-1,SubcooledLiquid,5.4562808485603576,0.00130147371256929,1175228.9026255736,,True,SubcooledLiquid,279.8264053870413,58.017549962767056,True,10.369683956024346,52.561269114206695
119,269.45672143101694,R4-LIQUID-SIDE,REGION-4,SaturatedMixture,5.456226286297494,0.0013015084941331212,1175230.4101187675,1E-06,True,SubcooledLiquid,279.8267643139924,57.95931818715004,False,10.37004288297544,52.503091900852546
119,269.45672143101694,R4-VAPOR-SIDE,REGION-4,SaturatedMixture,5.456226286297494,0.0359483928358996,2593994.987952459,0.999999,True,SuperheatedVapor,337.04561977291485,6.319549559920184,False,67.5888983418979,0.8633232736226901
119,269.45672143101694,R2-SIDE,REGION-2,SuperheatedVapor,5.456171724034632,0.035948929430982005,2593999.1087073893,,True,SuperheatedVapor,337.04685469121205,6.319487332374992,True,67.5901332601951,0.8633156083403604
120,269.475270628929,R1-SIDE,REGION-1,SubcooledLiquid,5.4578673929170325,0.001301525854122602,1175320.8168156578,,True,SubcooledLiquid,279.8482897180138,58.04567713954908,True,10.373019089084778,52.58780974663205
120,269.475270628929,R4-LIQUID-SIDE,REGION-4,SaturatedMixture,5.457812814788884,0.0013015606245320253,1175322.3242535214,1E-06,True,SubcooledLiquid,279.84864863179087,57.98746671149026,False,10.373378002861841,52.529653896701376
120,269.475270628929,R4-VAPOR-SIDE,REGION-4,SaturatedMixture,5.457812814788884,0.03593720994819974,2593983.7892425805,0.999999,True,SuperheatedVapor,337.07582702929164,6.321475043644727,False,67.60055640036262,0.8636622288558433
120,269.475270628929,R2-SIDE,REGION-2,SuperheatedVapor,5.4577582366607365,0.0359377464203462,2593987.9106906974,,True,SuperheatedVapor,337.07706194758896,6.321412791760929,True,67.60179131865993,0.8636545551001928
121,269.4799217283727,R1-SIDE,REGION-1,SubcooledLiquid,5.45826526457022,0.0013015389298790547,1175343.8643375968,,True,SubcooledLiquid,279.85377722323744,58.052732193334414,True,10.373855494864756,52.59446692876419
121,269.4799217283727,R4-LIQUID-SIDE,REGION-4,SaturatedMixture,5.4582106824633945,0.001301573697492173,1175345.371761589,1E-06,True,SubcooledLiquid,279.8541361337117,57.9945271168637,False,10.37421440533899,52.536316434400305
121,269.4799217283727,R4-VAPOR-SIDE,REGION-4,SaturatedMixture,5.4582106824633945,0.03593440649593999,2593980.9800397092,0.999999,True,SuperheatedVapor,337.08340156737245,6.321957908682137,False,67.60347983899976,0.8637472262187424
121,269.4799217283727,R2-SIDE,REGION-2,SuperheatedVapor,5.45815610035657,0.03593494293726806,2593985.101661679,,True,SuperheatedVapor,337.0846361131455,6.321895646510549,True,67.60471438477282,0.8637395461539787
122,269.4845352351666,R1-SIDE,REGION-1,SubcooledLiquid,5.4586599422922175,0.00130155190057492,1175366.725812344,,True,SubcooledLiquid,279.8592204315106,58.05973114922577,True,10.37468519634399,52.601071206933554
122,269.4845352351666,R4-LIQUID-SIDE,REGION-4,SaturatedMixture,5.458605356238655,0.0013015866654145713,1175368.2332225782,1E-06,True,SubcooledLiquid,279.85957933870907,58.001531380618694,False,10.37504410354245,52.54292602438004
122,269.4845352351666,R4-VAPOR-SIDE,REGION-4,SaturatedMixture,5.458605356238655,0.03593162593606217,2593978.1930693267,0.999999,True,SuperheatedVapor,337.09091501145633,6.322436895664909,False,67.60637977628971,0.8638315394262541
122,269.4845352351666,R2-SIDE,REGION-2,SuperheatedVapor,5.458550770185092,0.03593216234682362,2593982.3148637554,,True,SuperheatedVapor,337.0921495572294,6.322374627437196,True,67.60761432206277,0.863823857252104
123,269.4921368777751,R1-SIDE,REGION-1,SubcooledLiquid,5.459310297522943,0.0013015732736560797,1175404.3950138243,,True,SubcooledLiquid,279.86818928900584,58.07126528894178,True,10.376052411230717,52.61195499141884
123,269.4921368777751,R4-LIQUID-SIDE,REGION-4,SaturatedMixture,5.4592557049658925,0.0013016080339264215,1175405.902401391,1E-06,True,SubcooledLiquid,279.8685481908075,58.01307426504698,False,10.37641131303235,52.55381856008109
123,269.4921368777751,R4-VAPOR-SIDE,REGION-4,SaturatedMixture,5.4592557049658925,0.03592704493413518,2593973.5999702686,0.999999,True,SuperheatedVapor,337.1032947414275,6.323226168384802,False,67.61115786365235,0.8639704634189096
123,269.4921368777751,R2-SIDE,REGION-2,SuperheatedVapor,5.459201112408843,0.03592758129453837,2593977.7220488996,,True,SuperheatedVapor,337.1045296597249,6.323163894360172,True,67.61239278194978,0.8639627819513285
124,269.49399043321625,R1-SIDE,REGION-1,SubcooledLiquid,5.4594688866249665,0.0013015784854425482,1175413.5802241585,,True,SubcooledLiquid,279.8703762438473,58.07407810876039,True,10.376385810631064,52.61460922213542
124,269.49399043321625,R4-LIQUID-SIDE,REGION-4,SaturatedMixture,5.459414292482041,0.0013016132445988241,1175415.0876061984,1E-06,True,SubcooledLiquid,279.870735144333,58.01588921694916,False,10.376744711116771,52.556474924467125
124,269.49399043321625,R4-VAPOR-SIDE,REGION-4,SaturatedMixture,5.459414292482041,0.03592592801583533,2593972.479812609,0.999999,True,SuperheatedVapor,337.10631367894814,6.323418634668708,False,67.61232324573189,0.864004342186667
124,269.49399043321625,R2-SIDE,REGION-2,SuperheatedVapor,5.459359698339116,0.035926464363960485,2593976.601960546,,True,SuperheatedVapor,337.1075482247212,6.323356354026891,True,67.61355779150495,0.8639966556877745
125,269.5075922548773,R1-SIDE,REGION-1,SubcooledLiquid,5.460632758023951,0.0013016167338189093,1175480.9845941053,,True,SubcooledLiquid,279.8864249033585,58.09472378725107,True,10.378832648481193,52.63409102922712
125,269.5075922548773,R4-LIQUID-SIDE,REGION-4,SaturatedMixture,5.4605781522424275,0.0013016514848010687,1175482.491935594,1E-06,True,SubcooledLiquid,279.8867837941891,58.03655053887051,False,10.379191539311819,52.57597238662808
125,269.5075922548773,R4-VAPOR-SIDE,REGION-4,SaturatedMixture,5.4605781522424275,0.035917732956595935,2593964.257507891,0.999999,True,SuperheatedVapor,337.128466213327,6.3248310988705745,False,67.62087395844969,0.864252946628147
125,269.5075922548773,R2-SIDE,REGION-2,SuperheatedVapor,5.460523546460905,0.035918269214635624,2593968.380164478,,True,SuperheatedVapor,337.1297007590998,6.324768800364891,True,67.62210850422252,0.8642452539039862
126,269.512844836712,R1-SIDE,REGION-1,SubcooledLiquid,5.461082258066538,0.0013016315055476991,1175507.014517883,,True,SubcooledLiquid,279.89262250425793,58.10269862250819,True,10.379777667545909,52.64161636444165
126,269.512844836712,R4-LIQUID-SIDE,REGION-4,SaturatedMixture,5.4610276477900594,0.0013016662533738264,1175508.521843715,1E-06,True,SubcooledLiquid,279.89298139136076,58.04453141402716,False,10.380136554648743,52.5835037662371
126,269.512844836712,R4-VAPOR-SIDE,REGION-4,SaturatedMixture,5.4610276477900594,0.035914568831315635,2593961.081224547,0.999999,True,SuperheatedVapor,337.13702086303385,6.325376601283557,False,67.62417602632183,0.8643489534934972
126,269.512844836712,R2-SIDE,REGION-2,SuperheatedVapor,5.460973037513582,0.0359151050545737,2593965.2040775926,,True,SuperheatedVapor,337.13825578133105,6.325314300061281,True,67.62541094461903,0.8643412625476996
127,269.5298897445201,R1-SIDE,REGION-1,SubcooledLiquid,5.462541104242954,0.0013016794461520277,1175591.485098509,,True,SubcooledLiquid,279.912734547264,58.12858562158313,True,10.382844802743875,52.666044517340175
127,269.5298897445201,R4-LIQUID-SIDE,REGION-4,SaturatedMixture,5.46248647937816,0.0013017141837387617,1175592.9923735398,1E-06,True,SubcooledLiquid,279.91309342227146,58.07043800872726,False,10.38320367775134,52.6079515293491
127,269.5298897445201,R4-VAPOR-SIDE,REGION-4,SaturatedMixture,5.46248647937816,0.03590430314988281,2593950.7698081867,0.999999,True,SuperheatedVapor,337.16478249690044,6.327147007627015,False,67.63489275238032,0.8646605282488551
127,269.5298897445201,R2-SIDE,REGION-2,SuperheatedVapor,5.462431854513366,0.035904839260297194,2593954.8932988993,,True,SuperheatedVapor,337.16601741519764,6.327084684006842,True,67.63612767067752,0.8646528294934761
128,269.53180425763105,R1-SIDE,REGION-1,SubcooledLiquid,5.462704982919726,0.001301684831453327,1175600.9731779562,,True,SubcooledLiquid,279.9149936137991,58.13149408008564,True,10.383189356168032,52.66878909716591
128,269.53180425763105,R4-LIQUID-SIDE,REGION-4,SaturatedMixture,5.4626503564161615,0.0013017195678901553,1175602.4804472823,1E-06,True,SubcooledLiquid,279.9153524874482,58.07334866784527,False,10.383548229817166,52.61069831142911
128,269.53180425763105,R4-VAPOR-SIDE,REGION-4,SaturatedMixture,5.4626503564161615,0.03590315028904809,2593949.6112104105,0.999999,True,SuperheatedVapor,337.1679008984287,6.327345884325808,False,67.63609664079763,0.8646955279096469
128,269.53180425763105,R2-SIDE,REGION-2,SuperheatedVapor,5.462595729912597,0.03590368638679005,2593953.7347727604,,True,SuperheatedVapor,337.1691358167261,6.3272835581892135,True,67.63733155909506,0.8646878282766162
129,269.53814047574997,R1-SIDE,REGION-1,SubcooledLiquid,5.463247377896969,0.001301702655257992,1175632.374943516,,True,SubcooledLiquid,279.92247022464664,58.141120964859695,True,10.384329748896675,52.677873586962725
129,269.53814047574997,R4-LIQUID-SIDE,REGION-4,SaturatedMixture,5.463192745969509,0.001301737387889413,1175633.882193961,1E-06,True,SubcooledLiquid,279.92282909380026,58.0829828351417,False,10.38468861805029,52.61979008917219
129,269.53814047574997,R4-VAPOR-SIDE,REGION-4,SaturatedMixture,5.463192745969509,0.03589933509876041,2593945.776169255,0.999999,True,SuperheatedVapor,337.1782213136647,6.328004107670966,False,67.64008083791475,0.8648113617014577
129,269.53814047574997,R2-SIDE,REGION-2,SuperheatedVapor,5.463138114042049,0.035899871154565395,2593949.899968712,,True,SuperheatedVapor,337.1794562319619,6.327941773205197,True,67.64131575621195,0.8648036591631474
130,269.55084462165814,R1-SIDE,REGION-1,SubcooledLiquid,5.464335006150141,0.0013017383956054872,1175695.3369568135,,True,SubcooledLiquid,279.93746118019374,58.1604281572079,True,10.386616558535593,52.69609315105776
130,269.55084462165814,R4-LIQUID-SIDE,REGION-4,SaturatedMixture,5.464280363346507,0.0013017731206083837,1175696.8441694088,1E-06,True,SubcooledLiquid,279.9378200403354,58.10230462633259,False,10.386975418677252,52.63802426298608
130,269.55084462165814,R4-VAPOR-SIDE,REGION-4,SaturatedMixture,5.464280363346507,0.03589168694411343,2593938.0842155656,0.999999,True,SuperheatedVapor,337.1989142975491,6.329323985750188,False,67.64806967589095,0.8650436224036806
130,269.55084462165814,R2-SIDE,REGION-2,SuperheatedVapor,5.464225720542874,0.03589222291585033,2593942.208490513,,True,SuperheatedVapor,337.2001488433219,6.329261630396097,True,67.64930422166378,0.8650359098532228
131,269.5699443995951,R1-SIDE,REGION-1,SubcooledLiquid,5.46597048883064,0.0013017921375594248,1175789.99920137,,True,SubcooledLiquid,279.95999980985005,58.18946832219687,True,10.390055410254945,52.72349783336623
131,269.5699443995951,R4-LIQUID-SIDE,REGION-4,SaturatedMixture,5.465915829672343,0.0013018268510967275,1175791.5063570742,1E-06,True,SubcooledLiquid,279.9603586564464,58.13136673299008,False,10.390414256851273,52.66545090331774
131,269.5699443995951,R4-VAPOR-SIDE,REGION-4,SaturatedMixture,5.465915829672343,0.0358801918003086,2593926.513182977,0.999999,True,SuperheatedVapor,337.230026043104,6.331308673675674,False,67.66008164350887,0.8653928440033312
131,269.5699443995951,R2-SIDE,REGION-2,SuperheatedVapor,5.465861170514047,0.0358807276456945,2593930.6381730135,,True,SuperheatedVapor,337.2312605888768,6.331246293196973,True,67.6613161892817,0.8653851226829259
132,269.5759793758393,R1-SIDE,REGION-1,SubcooledLiquid,5.466487331653491,0.00130180912067937,1175819.9105624168,,True,SubcooledLiquid,279.9671215624802,58.19864746467626,True,10.391142186640877,52.732160133022774
132,269.5759793758393,R4-LIQUID-SIDE,REGION-4,SaturatedMixture,5.466432667326818,0.0013018438305947135,1175821.4177001491,1E-06,True,SubcooledLiquid,279.96748040479747,58.14055280673947,False,10.391501028958146,52.67412013941265
132,269.5759793758393,R4-VAPOR-SIDE,REGION-4,SaturatedMixture,5.466432667326818,0.03587656049476159,2593922.8553915955,0.999999,True,SuperheatedVapor,337.2398565887893,6.331935861569391,False,67.66387721294996,0.8655031942425726
132,269.5759793758393,R2-SIDE,REGION-2,SuperheatedVapor,5.466378003000145,0.035877096300234064,2593926.980607638,,True,SuperheatedVapor,337.2410915070865,6.331873477333818,True,67.66511213124716,0.8654954743336729
133,269.58908331394184,R1-SIDE,REGION-1,SubcooledLiquid,5.467609697582076,0.0013018460003457362,1175884.859444655,,True,SubcooledLiquid,279.9825855820608,58.21858387751577,True,10.393502268118937,52.75097417993369
133,269.58908331394184,R4-LIQUID-SIDE,REGION-4,SaturatedMixture,5.467555022031855,0.0013018807023979853,1175886.3665433687,1E-06,True,SubcooledLiquid,279.9829444150879,58.16050426692153,False,10.393861101146058,52.692949244889675
133,269.58908331394184,R4-VAPOR-SIDE,REGION-4,SaturatedMixture,5.467555022031855,0.03586867709067311,2593914.9103326043,0.999999,True,SuperheatedVapor,337.2612029804243,6.333297842568129,False,67.67211966648244,0.8657428205362736
133,269.58908331394184,R2-SIDE,REGION-2,SuperheatedVapor,5.467500346481636,0.035869212809496544,2593919.0360394698,,True,SuperheatedVapor,337.2624378987215,6.333235441085055,True,67.67335458477964,0.8657350946034192
134,269.60824417471883,R1-SIDE,REGION-1,SubcooledLiquid,5.469251161973122,0.0013018999356416393,1175979.8325066702,,True,SubcooledLiquid,280.005198215874,58.24774875949013,True,10.39695404115514,52.77849759751701
134,269.60824417471883,R4-LIQUID-SIDE,REGION-4,SaturatedMixture,5.469196470008422,0.001301934626199709,1175981.3395483452,1E-06,True,SubcooledLiquid,280.0055570353203,58.189691144678996,False,10.39731286060146,52.720494674670576
134,269.60824417471883,R4-VAPOR-SIDE,REGION-4,SaturatedMixture,5.469196470008422,0.03585715317477345,2593903.2860448807,0.999999,True,SuperheatedVapor,337.2924175427062,6.335289712474202,False,67.68417336798734,0.8660932424657801
134,269.60824417471883,R2-SIDE,REGION-2,SuperheatedVapor,5.4691417780437215,0.035857688766936804,2593907.412469663,,True,SuperheatedVapor,337.2936520884791,6.33522728157571,True,67.68540791376029,0.8660855035319885
135,269.6106666266918,R1-SIDE,REGION-1,SubcooledLiquid,5.469458714337857,0.001301906755290214,1175991.8399631707,,True,SubcooledLiquid,280.0080571340883,58.251437127024865,True,10.397390507396494,52.78197841268701
135,269.6106666266918,R4-LIQUID-SIDE,REGION-4,SaturatedMixture,5.469404020297653,0.0013019414443953968,1175993.3469976361,1E-06,True,SubcooledLiquid,280.00841595181817,58.193382292506115,False,10.39774932512637,52.72397827220846
135,269.6106666266918,R4-VAPOR-SIDE,REGION-4,SaturatedMixture,5.469404020297653,0.0358556965242844,2593901.8158404375,0.999999,True,SuperheatedVapor,337.29636406591635,6.335541568981329,False,67.68569743922455,0.8661375486836755
135,269.6106666266918,R2-SIDE,REGION-2,SuperheatedVapor,5.469349326257451,0.035856232100437875,2593905.9423560034,,True,SuperheatedVapor,337.2975986116892,6.335479134892073,True,67.68693198499739,0.8661298086346223
136,269.627409541607,R1-SIDE,REGION-1,SubcooledLiquid,5.470893388772006,0.0013019538943809914,1176074.83195202,,True,SubcooledLiquid,280.0278171314334,58.27693646603917,True,10.400407589826386,52.80604307726716
136,269.627409541607,R4-LIQUID-SIDE,REGION-4,SaturatedMixture,5.470838680385202,0.0013019885734462248,1176076.3389366593,1E-06,True,SubcooledLiquid,280.0281759372998,58.21890084414916,False,10.400766395692813,52.74806216376396
136,269.627409541607,R4-VAPOR-SIDE,REGION-4,SaturatedMixture,5.470838680385202,0.035845630548322745,2593891.6508813943,0.999999,True,SuperheatedVapor,337.3236410455729,6.3372824680043545,False,67.69623150396592,0.8664437876191524
136,269.627409541607,R2-SIDE,REGION-2,SuperheatedVapor,5.470783971998398,0.03584616601384381,2593895.778024537,,True,SuperheatedVapor,337.324875591346,6.337220011856157,True,67.69746604973898,0.8664360398577591
137,269.644376009703,R1-SIDE,REGION-1,SubcooledLiquid,5.472347512237635,0.001302001671258396,1176158.9352117726,,True,SubcooledLiquid,280.0478417170888,58.30278871488642,True,10.403465707385749,52.830441202648785
137,269.644376009703,R4-LIQUID-SIDE,REGION-4,SaturatedMixture,5.4722927893097415,0.001302036340152775,1176160.4421459343,1E-06,True,SubcooledLiquid,280.0482005109368,58.24477255590306,False,10.403824501233771,52.77247976659332
137,269.644376009703,R4-VAPOR-SIDE,REGION-4,SaturatedMixture,5.4722927893097415,0.03583543328321415,2593881.3438575226,0.999999,True,SuperheatedVapor,337.3512830991158,6.339046932186288,False,67.70690708941277,0.8667541428765464
137,269.644376009703,R2-SIDE,REGION-2,SuperheatedVapor,5.472238066381848,0.03583596863666268,2593885.4716368318,,True,SuperheatedVapor,337.3525180174132,6.338984457859816,True,67.7081420077102,0.8667463914779674
138,269.6465640187264,R1-SIDE,REGION-1,SubcooledLiquid,5.472535058619946,0.0013020078332161974,1176169.781465162,,True,SubcooledLiquid,280.05042415837204,58.306123553132565,True,10.403860139645644,52.83358849451262
138,269.6465640187264,R4-LIQUID-SIDE,REGION-4,SaturatedMixture,5.472480333816607,0.0013020425007991645,1176171.2883928148,1E-06,True,SubcooledLiquid,280.05078295067017,58.24810990364313,False,10.404218931943774,52.77562956982653
138,269.6465640187264,R4-VAPOR-SIDE,REGION-4,SaturatedMixture,5.472480333816607,0.035834118463957246,2593880.0141908964,0.999999,True,SuperheatedVapor,337.35484815736777,6.339274505200428,False,67.70828413864137,0.8667941713838205
138,269.6465640187264,R2-SIDE,REGION-2,SuperheatedVapor,5.4724256090132695,0.03583465380295549,2593884.142052261,,True,SuperheatedVapor,337.3560827031406,6.339212023803867,True,67.7095186844142,0.8667864147905977
139,269.665693461895,R1-SIDE,REGION-1,SubcooledLiquid,5.474174958265123,0.0013020617122909122,1176264.61092266,,True,SubcooledLiquid,280.07300260063346,58.3352884342747,True,10.40730913873847,52.86111347600958
139,269.665693461895,R4-LIQUID-SIDE,REGION-4,SaturatedMixture,5.474120217062952,0.0013020963684106516,1176266.117793418,1E-06,True,SubcooledLiquid,280.07336137938535,58.27729672046249,False,10.407667917490357,52.803176503399534
139,269.665693461895,R4-VAPOR-SIDE,REGION-4,SaturatedMixture,5.474120217062952,0.03582262540958621,2593868.3845870686,0.999999,True,SuperheatedVapor,337.386016154103,6.341264355421603,False,67.72032269220801,0.8671441383586513
139,269.665693461895,R2-SIDE,REGION-2,SuperheatedVapor,5.474065475860781,0.035823160622274405,2593872.51316599,,True,SuperheatedVapor,337.38725069987584,6.341201848796736,True,67.72155723798085,0.8671363729359545
140,269.67791057229067,R1-SIDE,REGION-1,SubcooledLiquid,5.475222484340766,0.0013020961280350244,1176325.1763218364,,True,SubcooledLiquid,280.08742293377065,58.35392306566061,True,10.409512361479983,52.87870058131984
140,269.67791057229067,R4-LIQUID-SIDE,REGION-4,SaturatedMixture,5.475167732663439,0.001302130776835825,1176326.6831562663,1E-06,True,SubcooledLiquid,280.087781703873,58.29594535698942,False,10.40987113158235,52.820777624325984
140,269.67791057229067,R4-VAPOR-SIDE,REGION-4,SaturatedMixture,5.475167732663439,0.035815287398127865,2593860.953036854,0.999999,True,SuperheatedVapor,337.40592236651116,6.342535397699571,False,67.72801179422049,0.8673676650361317
140,269.67791057229067,R2-SIDE,REGION-2,SuperheatedVapor,5.475112980986113,0.03581582253017232,2593865.0820741854,,True,SuperheatedVapor,337.40715728480836,6.342472879141451,True,67.72924671251769,0.8673598981553381
141,269.6847838103771,R1-SIDE,REGION-1,SubcooledLiquid,5.4758118805031835,0.0013021154919521788,1176359.250602839,,True,SubcooledLiquid,280.09553585781885,58.3644096031668,True,10.410752047441747,52.88859772266362
141,269.6847838103771,R4-LIQUID-SIDE,REGION-4,SaturatedMixture,5.475757122931954,0.0013021501366361303,1176360.757416834,1E-06,True,SubcooledLiquid,280.09589462305576,58.30643977223006,False,10.411110812678658,52.830682649298105
141,269.6847838103771,R4-VAPOR-SIDE,REGION-4,SaturatedMixture,5.475757122931954,0.03581115981126319,2593856.7706567952,0.999999,True,SuperheatedVapor,337.4171219392682,6.343250551823617,False,67.73233812889112,0.8674934288916631
141,269.6847838103771,R2-SIDE,REGION-2,SuperheatedVapor,5.475702365360725,0.03581169489794665,2593860.8999520745,,True,SuperheatedVapor,337.41835648504104,6.343188020009085,True,67.73357267466395,0.8674856546483598
142,269.69983050823214,R1-SIDE,REGION-1,SubcooledLiquid,5.477102338976331,0.0013021578877285788,1176433.846872304,,True,SubcooledLiquid,280.1132968743582,58.387373622980384,True,10.413466366126045,52.910271284004054
142,269.69983050823214,R4-LIQUID-SIDE,REGION-4,SaturatedMixture,5.4770475685006454,0.0013021925234018566,1176435.3536415722,1E-06,True,SubcooledLiquid,280.1136556289458,58.32942103415594,False,10.413825120713682,52.8523734656553
142,269.69983050823214,R4-VAPOR-SIDE,REGION-4,SaturatedMixture,5.4770475685006454,0.03580212560791799,2593847.6110492353,0.999999,True,SuperheatedVapor,337.441640375941,6.344816333235939,False,67.74180986770887,0.8677687647352936
142,269.69983050823214,R2-SIDE,REGION-2,SuperheatedVapor,5.476992798024961,0.0358026605953198,2593851.7409093264,,True,SuperheatedVapor,337.44287492171395,6.344753781558154,True,67.74304441348181,0.8677609835331932
143,269.7038233816626,R1-SIDE,REGION-1,SubcooledLiquid,5.477444821025131,0.0013021691392173375,1176453.6425629153,,True,SubcooledLiquid,280.1180101340275,58.39346913757545,True,10.414186752364913,52.91602431655032
143,269.7038233816626,R4-LIQUID-SIDE,REGION-4,SaturatedMixture,5.4773900471246595,0.0013022037724999115,1176455.149320316,1E-06,True,SubcooledLiquid,280.11836888578966,58.3355211233831,False,10.41454550412709,52.858131076258445
143,269.7038233816626,R4-VAPOR-SIDE,REGION-4,SaturatedMixture,5.4773900471246595,0.0357997286558106,2593845.179562389,0.999999,True,SuperheatedVapor,337.4481465141197,6.345231876412217,False,67.74432313245711,0.8678418292875572
143,269.7038233816626,R2-SIDE,REGION-2,SuperheatedVapor,5.477335273224188,0.035800263616871435,2593849.3095723903,,True,SuperheatedVapor,337.4493814324169,6.345169323648136,True,67.74555805075431,0.8678340504239479
144,269.7115400552751,R1-SIDE,REGION-1,SubcooledLiquid,5.478106752151417,0.0013021908853012413,1176491.90044349,,True,SubcooledLiquid,280.127119153212,58.40525137079657,True,10.41557909793687,52.92714461864515
144,269.7115400552751,R4-LIQUID-SIDE,REGION-4,SaturatedMixture,5.4780519716317,0.0013022255139640102,1176493.407177958,1E-06,True,SubcooledLiquid,280.1274778995138,58.34731219660106,False,10.41593784423867,52.86926022496936
144,269.7115400552751,R4-VAPOR-SIDE,REGION-4,SaturatedMixture,5.4780519716317,0.03579509676925172,2593840.479439775,0.999999,True,SuperheatedVapor,337.4607214468625,6.346035021304017,False,67.7491813915874,0.8679830496723167
144,269.7115400552751,R2-SIDE,REGION-2,SuperheatedVapor,5.477997191111984,0.03579563167941148,2593844.6097395257,,True,SuperheatedVapor,337.46195599263535,6.345972454162833,True,67.75041593736023,0.867975263050849
145,269.7228007018567,R1-SIDE,REGION-1,SubcooledLiquid,5.479072792513621,0.001302222621665751,1176547.7298846566,,True,SubcooledLiquid,280.14041187729924,58.422449395278576,True,10.417611175442516,52.94337660276496
145,269.7228007018567,R4-LIQUID-SIDE,REGION-4,SaturatedMixture,5.479018002333597,0.00130225724358819,1176549.2365856636,1E-06,True,SubcooledLiquid,280.1407706156343,58.36452311862207,False,10.417969913777597,52.88550511628847
145,269.7228007018567,R4-VAPOR-SIDE,REGION-4,SaturatedMixture,5.479018002333597,0.03578833879529275,2593833.6183586502,0.999999,True,SuperheatedVapor,337.4790716249636,6.347207136504752,False,67.75627092310685,0.8681891341711552
145,269.7228007018567,R2-SIDE,REGION-2,SuperheatedVapor,5.478963212153574,0.03578887363118831,2593837.7490813048,,True,SuperheatedVapor,337.4803061707364,6.34714455448838,True,67.75750546887969,0.8681813423348057
146,269.7417052984239,R1-SIDE,REGION-1,SubcooledLiquid,5.480694892698527,0.0013022759096743474,1176641.460605239,,True,SubcooledLiquid,280.16272871553315,58.45133422672278,True,10.421023417109268,52.97063933402425
146,269.7417052984239,R4-LIQUID-SIDE,REGION-4,SaturatedMixture,5.480640086297664,0.001302310520284119,1176642.9672500861,1E-06,True,SubcooledLiquid,280.1630874404967,58.393429596489575,False,10.421382142072844,52.912789510191914
146,269.7417052984239,R4-VAPOR-SIDE,REGION-4,SaturatedMixture,5.480640086297664,0.03577699647176327,2593822.0935088517,0.999999,True,SuperheatedVapor,337.50987939063,6.349175228593759,False,67.7681740922061,0.8685351422960945
146,269.7417052984239,R2-SIDE,REGION-2,SuperheatedVapor,5.480585279896801,0.03577753118301948,2593826.2249416937,,True,SuperheatedVapor,337.51111393640304,6.349112621594483,True,67.76940863797915,0.868527341697682
147,269.74532633423803,R1-SIDE,REGION-1,SubcooledLiquid,5.481005635844626,0.0013022861177963206,1176659.4144827768,,True,SubcooledLiquid,280.1670034482803,58.45686868388131,True,10.421677114042268,52.975863048036686
147,269.74532633423803,R4-LIQUID-SIDE,REGION-4,SaturatedMixture,5.480950826336363,0.001302320726239682,1176660.9211168685,1E-06,True,SubcooledLiquid,280.1673621706831,58.39896819897085,False,10.422035836445048,52.91801737263449
147,269.74532633423803,R4-VAPOR-SIDE,REGION-4,SaturatedMixture,5.480950826336363,0.0357748243763504,2593819.885103355,0.999999,True,SuperheatedVapor,337.5157805492264,6.349552248100187,False,67.77045421498838,0.8686014217638238
147,269.74532633423803,R2-SIDE,REGION-2,SuperheatedVapor,5.480896016828099,0.03577535906373814,2593824.0166722587,,True,SuperheatedVapor,337.51701509499946,6.349489636314168,True,67.77168876076144,0.8685936194860684
148,269.7605286598206,R1-SIDE,REGION-1,SubcooledLiquid,5.48231038682962,0.001302328979126392,1176734.79247662,,True,SubcooledLiquid,280.18495058967153,58.480110446864146,True,10.42442192985095,52.99780006003453
148,269.7605286598206,R4-LIQUID-SIDE,REGION-4,SaturatedMixture,5.482255564273977,0.001302363578476009,1176736.299065564,1E-06,True,SubcooledLiquid,280.18530930132476,58.42222736228983,False,10.424780641504185,52.939971798015854
148,269.7605286598206,R4-VAPOR-SIDE,REGION-4,SaturatedMixture,5.482255564273977,0.035765706742922725,2593810.61029686,0.999999,True,SuperheatedVapor,337.54055640024137,6.351135266865961,False,67.78002774042079,0.8688797025919834
148,269.7605286598206,R2-SIDE,REGION-2,SuperheatedVapor,5.4822007417183345,0.035766241330121046,2593814.7424370996,,True,SuperheatedVapor,337.5417909460142,6.35107263497849,True,67.78126228619362,0.8688718932601551
149,269.77926023006455,R1-SIDE,REGION-1,SubcooledLiquid,5.483918363996075,0.0013023818001211252,1176827.6731062762,,True,SubcooledLiquid,280.2070650253039,58.5087617152497,True,10.427804795239354,53.02484335125362
149,269.77926023006455,R4-LIQUID-SIDE,REGION-4,SaturatedMixture,5.483863525360821,0.0013024163882693588,1176829.179639606,1E-06,True,SubcooledLiquid,280.2074237237158,58.45090006360191,False,10.428163493651255,52.96703653824109
149,269.77926023006455,R4-VAPOR-SIDE,REGION-4,SaturatedMixture,5.483863525360821,0.03575447588532846,2593799.175268895,0.999999,True,SuperheatedVapor,337.57108514515244,6.3530861432839,False,67.79182491508789,0.8692226179230786
149,269.77926023006455,R2-SIDE,REGION-2,SuperheatedVapor,5.483808686725568,0.03575501034911928,2593803.3081133473,,True,SuperheatedVapor,337.57231969092527,6.3530234866170625,True,67.79305946086072,0.8692147998914947
150,269.7792617738247,R1-SIDE,REGION-1,SubcooledLiquid,5.4839184965321355,0.0013023818044747854,1176827.6807611817,,True,SubcooledLiquid,280.2070668479005,58.5087640771738,True,10.427805074075764,53.02484558064167
150,269.7792617738247,R4-LIQUID-SIDE,REGION-4,SaturatedMixture,5.483863657895556,0.001302416392622097,1176829.1872945076,1E-06,True,SubcooledLiquid,280.20742554631136,58.45090242729014,False,10.428163772486641,52.967038769394584
150,269.7792617738247,R4-VAPOR-SIDE,REGION-4,SaturatedMixture,5.483863657895556,0.035754474959895775,2593799.17432616,0.999999,True,SuperheatedVapor,337.571087752823,6.353086305110846,False,67.7918259789983,0.86922264721529
150,269.7792617738247,R2-SIDE,REGION-2,SuperheatedVapor,5.483808819258978,0.03575500942367643,2593803.3071706686,,True,SuperheatedVapor,337.57232229859585,6.353023648441958,True,67.79306052477114,0.8692148291829804
151,269.7978978395462,R1-SIDE,REGION-1,SubcooledLiquid,5.485518632651617,0.0013024343663906959,1176920.0916796543,,True,SubcooledLiquid,280.22906944753674,58.53728449541758,True,10.431171607990564,53.05176586276596
151,269.7978978395462,R4-LIQUID-SIDE,REGION-4,SaturatedMixture,5.485463778013837,0.0013024689433975554,1176921.5981576662,1E-06,True,SubcooledLiquid,280.2294281327777,58.47944416159815,False,10.431530293231503,52.993980383584315
151,269.7978978395462,R4-VAPOR-SIDE,REGION-4,SaturatedMixture,5.485463778013837,0.03574330514159907,2593787.7898634654,0.999999,True,SuperheatedVapor,337.6014622726432,6.3550276281516105,False,67.803564433097,0.8695638501377738
151,269.7978978395462,R2-SIDE,REGION-2,SuperheatedVapor,5.485408923376057,0.035743839482646346,2593791.9234088524,,True,SuperheatedVapor,337.602696818416,6.354964946817272,True,67.80479897886983,0.8695560234412154
152,269.81331082582483,R1-SIDE,REGION-1,SubcooledLiquid,5.486842296970016,0.0013024778455164694,1176996.5231701871,,True,SubcooledLiquid,280.2472674214731,58.56088383463308,True,10.433956595648283,53.074041537663064
152,269.81331082582483,R4-LIQUID-SIDE,REGION-4,SaturatedMixture,5.486787429095725,0.001302512413312482,1176998.0296024624,1E-06,True,SubcooledLiquid,280.24762609582444,58.50306112457584,False,10.434315269999615,53.01627369548011
152,269.81331082582483,R4-VAPOR-SIDE,REGION-4,SaturatedMixture,5.486787429095725,0.03573406997213635,2593778.3684947714,0.999999,True,SuperheatedVapor,337.6265849438497,6.356633501997205,False,67.81327411802488,0.8698460729014803
152,269.81331082582483,R2-SIDE,REGION-2,SuperheatedVapor,5.486732561221434,0.03573460421171073,2593782.502620017,,True,SuperheatedVapor,337.62781948962254,6.356570800253831,True,67.81450866379771,0.8698382390323971
153,269.81642926335314,R1-SIDE,REGION-1,SubcooledLiquid,5.487110137449842,0.0013024866432945462,1177011.9875162044,,True,SubcooledLiquid,280.25094940862016,58.56565984389084,True,10.434520145267015,53.078549706441
153,269.81642926335314,R4-LIQUID-SIDE,REGION-4,SaturatedMixture,5.487055266897173,0.0013025212092272872,1177013.4939392281,1E-06,True,SubcooledLiquid,280.2513080807686,58.50784069893788,False,10.434878817415438,53.02078543204071
153,269.81642926335314,R4-VAPOR-SIDE,REGION-4,SaturatedMixture,5.487055266897173,0.03573220177669565,2593776.461670976,0.999999,True,SuperheatedVapor,337.6316680389225,6.356958443839641,False,67.81523877556936,0.8699031769424685
153,269.81642926335314,R2-SIDE,REGION-2,SuperheatedVapor,5.487000396344504,0.03573273599574316,2593780.5959135657,,True,SuperheatedVapor,337.63290258469556,6.356895737965958,True,67.81647332134241,0.8698953416214543
154,269.8348390221596,R1-SIDE,REGION-1,SubcooledLiquid,5.488691542558491,0.0013025385869829724,1177103.2837862957,,True,SubcooledLiquid,280.27268661578466,58.59386379146075,True,10.437847593625065,53.10517224890226
154,269.8348390221596,R4-LIQUID-SIDE,REGION-4,SaturatedMixture,5.488636656191929,0.0013025731419180294,1177104.790154708,1E-06,True,SubcooledLiquid,280.2730452749305,58.536065688859814,False,10.438206252770897,53.047429032667885
154,269.8348390221596,R4-VAPOR-SIDE,REGION-4,SaturatedMixture,5.488636656191929,0.03572117499509783,2593765.2002927638,0.999999,True,SuperheatedVapor,337.6616767398083,6.358876965224367,False,67.82683771764869,0.8702403090324378
154,269.8348390221596,R2-SIDE,REGION-2,SuperheatedVapor,5.488581769825367,0.0357217090929904,2593769.335228228,,True,SuperheatedVapor,337.6629112855811,6.358814234960353,True,67.82807226342152,0.8702324651349862
155,269.8474434912206,R1-SIDE,REGION-1,SubcooledLiquid,5.4897744718036146,0.0013025741566215533,1177165.7930689072,,True,SubcooledLiquid,280.2875697783113,58.61318253861964,True,10.44012628709072,53.123408066816026
155,269.8474434912206,R4-LIQUID-SIDE,REGION-4,SaturatedMixture,5.489719574607868,0.0013026087040290543,1177167.2993999387,1E-06,True,SubcooledLiquid,280.28792842855694,58.55539883866881,False,10.44048493733635,53.06567926406094
155,269.8474434912206,R4-VAPOR-SIDE,REGION-4,SaturatedMixture,5.489719574607868,0.035713627490681375,2593757.4857048737,0.999999,True,SuperheatedVapor,337.68222332161395,6.360190724636883,False,67.83477983039336,0.8704711500290152
155,269.8474434912206,R2-SIDE,REGION-2,SuperheatedVapor,5.489664677412122,0.035714161505648975,2593761.6211148677,,True,SuperheatedVapor,337.6834578673868,6.3601279776667115,True,67.83601437616619,0.8704633002545892
156,269.85314221978194,R1-SIDE,REGION-1,SubcooledLiquid,5.490264138981578,0.0013025902398898141,1177194.0553229856,,True,SubcooledLiquid,280.2942988864253,58.62191921095953,True,10.441156666643337,53.13165507197795
156,269.85314221978194,R4-LIQUID-SIDE,REGION-4,SaturatedMixture,5.490209236889209,0.0013026247838945292,1177195.561637118,1E-06,True,SubcooledLiquid,280.2946575326472,58.564142021595146,False,10.44151531286525,53.07393278470594
156,269.85314221978194,R4-VAPOR-SIDE,REGION-4,SaturatedMixture,5.490209236889209,0.03571021568034337,2593753.996628046,0.999999,True,SuperheatedVapor,337.6915129619091,6.360784758976878,False,67.83837074212715,0.8705755220876688
156,269.85314221978194,R2-SIDE,REGION-2,SuperheatedVapor,5.4901543347968405,0.03571074965782564,2593758.1322526215,,True,SuperheatedVapor,337.69274750768216,6.360722004451706,True,67.83960528790021,0.8705676696548652
157,269.86491042971613,R1-SIDE,REGION-1,SubcooledLiquid,5.491275436069505,0.0013026234558101747,1177252.4196786133,,True,SubcooledLiquid,280.30819516157464,58.63996546124422,True,10.443284731858512,53.148690025174716
157,269.86491042971613,R4-LIQUID-SIDE,REGION-4,SaturatedMixture,5.491220523864266,0.001302657992789065,1177253.9259578553,1E-06,True,SubcooledLiquid,280.30855379948946,58.582201714391886,False,10.443643369773326,53.09098119052762
157,269.86491042971613,R4-VAPOR-SIDE,REGION-4,SaturatedMixture,5.491220523864266,0.03570317120430062,2593746.789193094,0.999999,True,SuperheatedVapor,337.7106975946065,6.362011597046368,False,67.84578716489034,0.8707910731821018
157,269.86491042971613,R2-SIDE,REGION-2,SuperheatedVapor,5.491165611659028,0.03570370510438679,2593750.925260874,,True,SuperheatedVapor,337.7119321403793,6.361948826915809,True,67.84702171066317,0.8707832152567807
158,269.87132650613796,R1-SIDE,REGION-1,SubcooledLiquid,5.491826859306679,0.001302641566983505,1177284.24081078,,True,SubcooledLiquid,280.3157716216143,58.64980691030049,True,10.444445115476356,53.157980050993814
158,269.87132650613796,R4-LIQUID-SIDE,REGION-4,SaturatedMixture,5.491771941587262,0.001302676100132524,1177285.7470710017,1E-06,True,SubcooledLiquid,280.31613025500053,58.59205049109342,False,10.444803748862569,53.10027854950616
158,269.87132650613796,R4-VAPOR-SIDE,REGION-4,SaturatedMixture,5.491771941587262,0.035699331158712724,2593742.8583723214,0.999999,True,SuperheatedVapor,337.721157333958,6.362680539538087,False,67.84983082782003,0.8709085979508249
158,269.87132650613796,R2-SIDE,REGION-2,SuperheatedVapor,5.491717023867847,0.03569986501660974,2593746.9946817826,,True,SuperheatedVapor,337.7223915072067,6.362617756709347,True,67.85106500106872,0.8709007328415002
159,269.8816254317761,R1-SIDE,REGION-1,SubcooledLiquid,5.4927120785164485,0.00130267064112052,1177335.320250164,,True,SubcooledLiquid,280.32793339289617,58.66560793593302,True,10.446307961120056,53.17289585741657
159,269.8816254317761,R4-LIQUID-SIDE,REGION-4,SaturatedMixture,5.492657151944929,0.001302705168122871,1177336.826479858,1E-06,True,SubcooledLiquid,280.32829201901393,58.60786327700185,False,10.446666587237814,53.115206125056915
159,269.8816254317761,R4-VAPOR-SIDE,REGION-4,SaturatedMixture,5.492657151944929,0.035693168145302226,2593736.5468021524,0.999999,True,SuperheatedVapor,337.7379470074595,6.363754401966871,False,67.85632157568341,0.8710972500219416
159,269.8816254317761,R2-SIDE,REGION-2,SuperheatedVapor,5.4926022253734095,0.03569370193548935,2593740.6834996166,,True,SuperheatedVapor,337.7391815532326,6.363691609662725,True,67.85755612145647,0.8710893842893155
160,269.8893888354303,R1-SIDE,REGION-1,SubcooledLiquid,5.49337943508812,0.0013026925594768577,1177373.8250723076,,True,SubcooledLiquid,280.3371012076924,58.6775219396692,True,10.447712372262117,53.184142504581075
160,269.8893888354303,R4-LIQUID-SIDE,REGION-4,SaturatedMixture,5.493324501843102,0.0013027270818465732,1177375.3312789937,1E-06,True,SubcooledLiquid,280.3374598283318,58.619786144195565,False,10.448070992901535,53.12646164235247
160,269.8893888354303,R4-VAPOR-SIDE,REGION-4,SaturatedMixture,5.493324501843102,0.03568852318073747,2593731.787535579,0.999999,True,SuperheatedVapor,337.7506038955646,6.364563970950599,False,67.86121506013433,0.8712394691074969
160,269.8893888354303,R2-SIDE,REGION-2,SuperheatedVapor,5.493269568598083,0.03568905691989342,2593735.9245255757,,True,SuperheatedVapor,337.7518380688131,6.364501164156121,True,67.86244923338279,0.8712315955580383
161,269.90732603669187,R1-SIDE,REGION-1,SubcooledLiquid,5.494921586934781,0.0013027432082238976,1177462.7923073582,,True,SubcooledLiquid,280.3582838827043,58.70505914893102,True,10.450957846012443,53.21013756199624
161,269.90732603669187,R4-LIQUID-SIDE,REGION-4,SaturatedMixture,5.494866638268398,0.0013027777198925195,1177464.2984608954,1E-06,True,SubcooledLiquid,280.3586424906895,58.6473438273022,False,10.451316453997606,53.1524771890338
161,269.90732603669187,R4-VAPOR-SIDE,REGION-4,SaturatedMixture,5.494866638268398,0.03567779356996038,2593720.7862085784,0.999999,True,SuperheatedVapor,337.77984780391216,6.3664347188733394,False,67.87252176722029,0.8715680806049413
161,269.90732603669187,R2-SIDE,REGION-2,SuperheatedVapor,5.494811689602016,0.035678327191239395,2593724.9238746352,,True,SuperheatedVapor,337.7810823496852,6.366371892455913,True,67.87375631299335,0.8715602028538969
162,269.9158253133297,R1-SIDE,REGION-1,SubcooledLiquid,5.495652428115587,0.001302767210690321,1177504.9493555992,,True,SubcooledLiquid,280.36832127514265,58.71811218284086,True,10.452495961812929,53.22245975472528
162,269.9158253133297,R4-LIQUID-SIDE,REGION-4,SaturatedMixture,5.495597472140865,0.0013028017172896174,1177506.455483958,1E-06,True,SubcooledLiquid,280.3686798771329,58.6604065599981,False,10.452854563803157,53.164809087857236
162,269.9158253133297,R4-VAPOR-SIDE,REGION-4,SaturatedMixture,5.495597472140865,0.035672710718567,2593715.570892689,0.999999,True,SuperheatedVapor,337.7937049655477,6.367321270591162,False,67.87787965221798,0.8717237984502972
162,269.9158253133297,R2-SIDE,REGION-2,SuperheatedVapor,5.495542516166144,0.0356732442840063,2593719.7088791714,,True,SuperheatedVapor,337.79493951132054,6.367258432887138,True,67.87911419799082,0.8717159167209942
163,269.92513548135753,R1-SIDE,REGION-1,SubcooledLiquid,5.496453081915134,0.0013027935056051754,1177551.1294041064,,True,SubcooledLiquid,280.3793165247872,58.73241421294671,True,10.454181043429685,53.23596113103157
163,269.92513548135753,R4-LIQUID-SIDE,REGION-4,SaturatedMixture,5.496398117933954,0.0013028280066524052,1177552.6355048881,1E-06,True,SubcooledLiquid,280.3796751202116,58.67471921242168,False,10.454539638854044,53.17832109448772
163,269.92513548135753,R4-VAPOR-SIDE,REGION-4,SaturatedMixture,5.496398117933954,0.035667143823726405,2593709.8561532027,0.999999,True,SuperheatedVapor,337.8088845887081,6.36829249960532,False,67.88374910735058,0.8718943816713658
163,269.92513548135753,R2-SIDE,REGION-2,SuperheatedVapor,5.496343153952775,0.035667677328009094,2593713.9944907427,,True,SuperheatedVapor,337.81011913448106,6.3682296495349435,True,67.88498365312353,0.8718864955821681
164,269.93746799826624,R1-SIDE,REGION-1,SubcooledLiquid,5.497513788137708,0.0013028283405398897,1177612.3023057927,,True,SubcooledLiquid,280.39388150137927,58.751364962234746,True,10.456413503113026,53.253851174097036
164,269.93746799826624,R4-LIQUID-SIDE,REGION-4,SaturatedMixture,5.497458813549572,0.0013028628342341502,1177613.8083700517,1E-06,True,SubcooledLiquid,280.3942400881076,58.693684029441386,False,10.456772089841365,53.196225215891815
164,269.93746799826624,R4-VAPOR-SIDE,REGION-4,SaturatedMixture,5.497458813549572,0.03565977119749407,2593702.2832735633,0.999999,True,SuperheatedVapor,337.8289927093267,6.3695791702013445,False,67.89152471106047,0.8721203566517728
164,269.93746799826624,R2-SIDE,REGION-2,SuperheatedVapor,5.497403838961437,0.03566030462078419,2593706.4220762257,,True,SuperheatedVapor,337.8302272550993,6.36951630374523,True,67.89275925683307,0.8721124647837932
165,269.9428149163722,R1-SIDE,REGION-1,SubcooledLiquid,5.497973719254468,0.0013028434450578232,1177638.825111835,,True,SubcooledLiquid,280.40019645519885,58.759583377311834,True,10.457381538826667,53.26160965805737
165,269.9428149163722,R4-LIQUID-SIDE,REGION-4,SaturatedMixture,5.4979187400670675,0.0013028779355646288,1177640.331160261,1E-06,True,SubcooledLiquid,280.40055503815745,58.7019085427344,False,10.457740121785264,53.20398980266734
165,269.9428149163722,R4-VAPOR-SIDE,REGION-4,SaturatedMixture,5.4979187400670675,0.035656575213495884,2593698.9989038147,0.999999,True,SuperheatedVapor,337.8377108972335,6.370137074163964,False,67.89489598086129,0.8722183340968961
165,269.9428149163722,R2-SIDE,REGION-2,SuperheatedVapor,5.497863760879667,0.03565710860167677,2593703.137908172,,True,SuperheatedVapor,337.83894544300654,6.370074200601912,True,67.89613052663435,0.8722104397222443
166,269.9500148475171,R1-SIDE,REGION-1,SubcooledLiquid,5.4985930892339265,0.0013028637854868388,1177674.5400881472,,True,SubcooledLiquid,280.40870002098745,58.770651930701185,True,10.458685173470371,53.272058841467256
166,269.9500148475171,R4-LIQUID-SIDE,REGION-4,SaturatedMixture,5.498538103852888,0.0013028982717020478,1177676.0461152557,1E-06,True,SubcooledLiquid,280.4090585988705,58.712985306739775,False,10.45904375135342,53.21444720288689
166,269.9500148475171,R4-VAPOR-SIDE,REGION-4,SaturatedMixture,5.498538103852888,0.03565227212643381,2593694.575306259,0.999999,True,SuperheatedVapor,337.84945100285586,6.370888378920539,False,67.89943615533878,0.8723502750676513
166,269.9500148475171,R2-SIDE,REGION-2,SuperheatedVapor,5.4984831184718495,0.035652805467343805,2593698.7145822416,,True,SuperheatedVapor,337.8506855486287,6.370825495788277,True,67.90067070111161,0.8723423773164276
167,269.9603627145292,R1-SIDE,REGION-1,SubcooledLiquid,5.499483351911103,0.0013028930217839556,1177725.8712831687,,True,SubcooledLiquid,280.42092173408776,58.78656384495342,True,10.46055901955856,53.28708049304232
167,269.9603627145292,R4-LIQUID-SIDE,REGION-4,SaturatedMixture,5.499428357627526,0.0013029275018321992,1177727.3772796434,1E-06,True,SubcooledLiquid,280.421280304677,58.728909019462904,False,10.460917590147801,53.22948066183538
167,269.9603627145292,R4-VAPOR-SIDE,REGION-4,SaturatedMixture,5.499428357627526,0.035646088635659004,2593688.2156125633,0.999999,True,SuperheatedVapor,337.8663241218171,6.371968265672881,False,67.90596140728792,0.8725399080453551
167,269.9603627145292,R2-SIDE,REGION-2,SuperheatedVapor,5.49937336334395,0.035646621908642276,2593692.355279001,,True,SuperheatedVapor,337.86755866758995,6.371905368782897,True,67.90719595306075,0.8725320054389467
168,269.9777773737907,R1-SIDE,REGION-1,SubcooledLiquid,5.5009818435483835,0.0013029422313374384,1177812.2603909317,,True,SubcooledLiquid,280.4414905692695,58.813353008252825,True,10.463713195478817,53.312371164704444
168,269.9777773737907,R4-LIQUID-SIDE,REGION-4,SaturatedMixture,5.50092683428004,0.0013029767010098,1177813.766335862,1E-06,True,SubcooledLiquid,280.44184912758624,58.755718033427,False,10.464071753795565,53.254791199146965
168,269.9777773737907,R4-VAPOR-SIDE,REGION-4,SaturatedMixture,5.50092683428004,0.03563568491122337,2593677.507356084,0.999999,True,SuperheatedVapor,337.8947212822644,6.373785903774015,False,67.91694390847374,0.8728590694939751
168,269.9777773737907,R2-SIDE,REGION-2,SuperheatedVapor,5.500871825011698,0.03563621806992218,2593681.6476798067,,True,SuperheatedVapor,337.89595582803724,6.373722983722143,True,67.91817845424657,0.8728511587104446
169,269.984167456627,R1-SIDE,REGION-1,SubcooledLiquid,5.501531773754014,0.0013029602903866268,1177843.9605942315,,True,SubcooledLiquid,280.4490382367218,58.823186293487126,True,10.46487078009477,53.321654519733116
169,269.984167456627,R4-LIQUID-SIDE,REGION-4,SaturatedMixture,5.501476758986423,0.0013029947562525246,1177845.466520253,1E-06,True,SubcooledLiquid,280.4493967905365,58.76555860095522,False,10.46522933390952,53.264081841968796
169,269.984167456627,R4-VAPOR-SIDE,REGION-4,SaturatedMixture,5.501476758986423,0.03563186822136274,2593673.576406289,0.999999,True,SuperheatedVapor,337.9051415340324,6.37445294771228,False,67.92097407740539,0.8729761887258567
169,269.984167456627,R2-SIDE,REGION-2,SuperheatedVapor,5.501421744218834,0.035632401338136215,2593677.716971249,,True,SuperheatedVapor,337.9063760798052,6.37439001915868,True,67.92220862317822,0.8729682749398462
170,269.99505785107624,R1-SIDE,REGION-1,SubcooledLiquid,5.502469097278969,0.0013029910705677288,1177897.9871842202,,True,SubcooledLiquid,280.46190171052865,58.83994896347908,True,10.46684385945241,53.33747986620011
170,269.99505785107624,R4-LIQUID-SIDE,REGION-4,SaturatedMixture,5.502414073138238,0.0013030255299474323,1177899.4930780183,1E-06,True,SubcooledLiquid,280.46226025667113,58.78233367986372,False,10.46720240559489,53.27991960672548
170,269.99505785107624,R4-VAPOR-SIDE,REGION-4,SaturatedMixture,5.502414073138238,0.035625364586636024,2593666.8749297457,0.999999,True,SuperheatedVapor,337.92290088847756,6.37558987431464,False,67.92784303740132,0.8731758011764024
170,269.99505785107624,R2-SIDE,REGION-2,SuperheatedVapor,5.502359048997507,0.03562589763196954,2593671.015905914,,True,SuperheatedVapor,337.9241354342503,6.375526931268509,True,67.92907758317403,0.8731678822710025
171,270.0122033536435,R1-SIDE,REGION-1,SubcooledLiquid,5.503945037746651,0.0013030395370313254,1177983.0476538579,,True,SubcooledLiquid,280.4821542032995,58.86635019128225,True,10.469950849656016,53.3624051535356
171,270.0122033536435,R4-LIQUID-SIDE,REGION-4,SaturatedMixture,5.503889998846662,0.0013030739862019895,1177984.553496937,1E-06,True,SubcooledLiquid,280.48251273736594,58.80875443867185,False,10.470309383722451,53.30486443982519
171,270.0122033536435,R4-VAPOR-SIDE,REGION-4,SaturatedMixture,5.503889998846662,0.03561512805876641,2593656.3189752363,0.999999,True,SuperheatedVapor,337.9508614503592,6.377380084677016,False,67.9386580967157,0.8734900858303538
171,270.0122033536435,R2-SIDE,REGION-2,SuperheatedVapor,5.5038349599466745,0.035615660991658075,2593660.4605989745,,True,SuperheatedVapor,337.952095996132,6.377317118805545,True,67.93989264248853,0.8734821588588702
172,270.01825814843176,R1-SIDE,REGION-1,SubcooledLiquid,5.504466326335252,0.0013030566546416455,1178013.0868460243,,True,SubcooledLiquid,280.48930639191065,58.87567666762107,True,10.47104824347889,53.37121034128582
172,270.01825814843176,R4-LIQUID-SIDE,REGION-4,SaturatedMixture,5.50441128222243,0.0013030911002078374,1178014.5926711955,1E-06,True,SubcooledLiquid,280.48966492171326,58.818087810703574,False,10.471406773281501,53.313676528481146
172,270.01825814843176,R4-VAPOR-SIDE,REGION-4,SaturatedMixture,5.50441128222243,0.03561151387032896,2593652.589660424,0.999999,True,SuperheatedVapor,337.96073595392045,6.378012363812342,False,67.94247780548869,0.8736010815899125
172,270.01825814843176,R2-SIDE,REGION-2,SuperheatedVapor,5.504356238109608,0.0356120467635217,2593656.731512898,,True,SuperheatedVapor,337.9619704996935,6.377949389877679,True,67.94371235126175,0.8735931517680706
173,270.02492635846113,R1-SIDE,REGION-1,SubcooledLiquid,5.505040470632559,0.0013030755077004812,1178046.1697991188,,True,SubcooledLiquid,280.49718328550455,58.88594988680707,True,10.472256927043418,53.38090941617451
173,270.02492635846113,R4-LIQUID-SIDE,REGION-4,SaturatedMixture,5.50498542077835,0.0013031099492974917,1178047.6756045702,1E-06,True,SubcooledLiquid,280.497541810612,58.828368623272,False,10.472615452150876,53.323383202493645
173,270.02492635846113,R4-VAPOR-SIDE,REGION-4,SaturatedMixture,5.50498542077835,0.035607533983859345,2593648.4815807557,0.999999,True,SuperheatedVapor,337.9716110579483,6.378708747641681,False,67.94668469948715,0.8737233268633302
173,270.02492635846113,R2-SIDE,REGION-2,SuperheatedVapor,5.504930370924143,0.035608066833336706,2593652.623685172,,True,SuperheatedVapor,337.97284523119674,6.3786457606358375,True,67.94791887273561,0.8737153897116947
174,270.02921333909023,R1-SIDE,REGION-1,SubcooledLiquid,5.505409611149891,0.0013030876289924422,1178067.4390326624,,True,SubcooledLiquid,280.5022473887292,58.89255555771571,True,10.473034049638954,53.387145946565816
174,270.02921333909023,R4-LIQUID-SIDE,REGION-4,SaturatedMixture,5.505354557604314,0.0013031220680379308,1178068.9448254374,1E-06,True,SubcooledLiquid,280.5026059108185,58.83497917544346,False,10.473392571728255,53.329624617839144
174,270.02921333909023,R4-VAPOR-SIDE,REGION-4,SaturatedMixture,5.505354557604314,0.03560497557514966,2593645.839980039,0.999999,True,SuperheatedVapor,337.97860259538527,6.379156476371156,False,67.94938925629504,0.8738019187668415
174,270.02921333909023,R2-SIDE,REGION-2,SuperheatedVapor,5.505299504058739,0.0356055083965255,2593649.9822464418,,True,SuperheatedVapor,337.9798371411581,6.379093487844155,True,67.95062380206787,0.8737939837854167
175,270.0460875153541,R1-SIDE,REGION-1,SubcooledLiquid,5.506862785264795,0.001303135345423668,1178151.1597956866,,True,SubcooledLiquid,280.5221809037349,58.91856431520034,True,10.476093388380832,53.41170152993555
175,270.0460875153541,R4-LIQUID-SIDE,REGION-4,SaturatedMixture,5.506807717187623,0.0013031697744279424,1178152.6655385718,1E-06,True,SubcooledLiquid,280.52253941394576,58.86100714241695,False,10.476451898591677,53.354199425229325
175,270.0460875153541,R4-VAPOR-SIDE,REGION-4,SaturatedMixture,5.506807717187623,0.035594907234223934,2593635.438276934,0.999999,True,SuperheatedVapor,338.00612320598214,6.380919004111219,False,67.96003569062805,0.8741112869235961
175,270.0460875153541,R2-SIDE,REGION-2,SuperheatedVapor,5.506752649110451,0.03559543994501101,2593639.5811810903,,True,SuperheatedVapor,338.00735775175497,6.3808559930992175,True,67.96127023640088,0.8741033439887662
176,270.0522645592689,R1-SIDE,REGION-1,SubcooledLiquid,5.507394814546248,0.0013031528148375127,1178181.807819915,,True,SubcooledLiquid,280.5294780523608,58.928088352357356,True,10.477213493091881,53.42069353781111
176,270.0522645592689,R4-LIQUID-SIDE,REGION-4,SaturatedMixture,5.507339741148836,0.0013031872401668269,1178183.3135445407,1E-06,True,SubcooledLiquid,280.529836558224,58.87053820995344,False,10.477571998955113,53.363198468804605
176,270.0522645592689,R4-VAPOR-SIDE,REGION-4,SaturatedMixture,5.507339741148836,0.03559122233573501,2593631.628990977,0.999999,True,SuperheatedVapor,338.0161977551319,6.381564282872438,False,67.96393319586298,0.8742245417236028
176,270.0522645592689,R2-SIDE,REGION-2,SuperheatedVapor,5.507284667751424,0.0355917550060486,2593635.7721286416,,True,SuperheatedVapor,338.0174323009047,6.381501263626929,True,67.96516774163581,0.874216595875505
177,270.06282575726516,R1-SIDE,REGION-1,SubcooledLiquid,5.508304542278801,0.0013031826857705698,1178234.2092464154,,True,SubcooledLiquid,280.5419545824799,58.94437597479294,True,10.47912882521473,53.43607143251414
177,270.06282575726516,R4-LIQUID-SIDE,REGION-4,SaturatedMixture,5.508249459784203,0.0013032171048175882,1178235.7149398257,1E-06,True,SubcooledLiquid,280.54231308091096,58.886837850660356,False,10.479487323645799,53.37858839087615
177,270.06282575726516,R4-VAPOR-SIDE,REGION-4,SaturatedMixture,5.508249459784203,0.03558492303533298,2593625.1140950173,0.999999,True,SuperheatedVapor,338.03342328215024,6.382667649598521,False,67.97059752488508,0.8744181898143184
177,270.06282575726516,R2-SIDE,REGION-2,SuperheatedVapor,5.508194377289605,0.035585455636458395,2593629.2576319943,,True,SuperheatedVapor,338.03465782792307,6.382604616272429,True,67.97183207065791,0.8744102389828239
178,270.0794281482697,R1-SIDE,REGION-1,SubcooledLiquid,5.50973488240041,0.0013032296500701584,1178316.5877239562,,True,SubcooledLiquid,280.5615685057039,58.96999037119244,True,10.482140357434218,53.46025548879203
178,270.0794281482697,R4-LIQUID-SIDE,REGION-4,SaturatedMixture,5.509679785602554,0.0013032640592437568,1178318.0933683065,1E-06,True,SubcooledLiquid,280.561926992454,58.91247113511389,False,10.482498844184306,53.40279134951133
178,270.0794281482697,R4-VAPOR-SIDE,REGION-4,SaturatedMixture,5.509679785602554,0.03557502285400164,2593614.8675336028,0.999999,True,SuperheatedVapor,338.0605031964137,6.384402416753045,False,67.98107504814402,0.8747226311504912
178,270.0794281482697,R2-SIDE,REGION-2,SuperheatedVapor,5.509624688804698,0.035575555346390855,2593619.0116984746,,True,SuperheatedVapor,338.0617373696622,6.384339357093723,True,67.98230922139248,0.874714668289025
179,270.086165201664,R1-SIDE,REGION-1,SubcooledLiquid,5.510315378340787,0.0013032487099492044,1178350.0168063063,,True,SubcooledLiquid,280.5695278110253,58.98038786510475,True,10.48336260936128,53.47007248676397
179,270.086165201664,R4-LIQUID-SIDE,REGION-4,SaturatedMixture,5.5102602757380295,0.0013032831151171427,1178351.5224307524,1E-06,True,SubcooledLiquid,280.56988629303635,58.922876291874616,False,10.483721091372331,53.41261601613659
179,270.086165201664,R4-VAPOR-SIDE,REGION-4,SaturatedMixture,5.5102602757380295,0.03557100632515906,2593610.707846761,0.999999,True,SuperheatedVapor,338.07149192037514,6.385106449542189,False,67.98532671871112,0.8748461738041593
179,270.086165201664,R2-SIDE,REGION-2,SuperheatedVapor,5.510205173135272,0.03557153877343454,2593614.8522664853,,True,SuperheatedVapor,338.0727264661482,6.385043385084818,True,67.98656126448418,0.8748382119495455
180,270.0950280129906,R1-SIDE,REGION-1,SubcooledLiquid,5.5110791106221475,0.0013032737858788255,1178393.9946115704,,True,SubcooledLiquid,280.57999871704067,58.99406916138655,True,10.484970704050056,53.4829900507644
180,270.0950280129906,R4-LIQUID-SIDE,REGION-4,SaturatedMixture,5.511024000382143,0.0013033081857779434,1178395.500209835,1E-06,True,SubcooledLiquid,280.5803571928178,58.936567667381375,False,10.485329179827204,53.42554366699923
180,270.0950280129906,R4-VAPOR-SIDE,REGION-4,SaturatedMixture,5.511024000382143,0.03556572319662727,2593605.2341021234,0.999999,True,SuperheatedVapor,338.08594847372717,6.386032707832695,False,67.99092046073656,0.8750087074505517
180,270.0950280129906,R2-SIDE,REGION-2,SuperheatedVapor,5.51096889014214,0.0355662555868786,2593609.378857165,,True,SuperheatedVapor,338.08718301950023,6.385969631548479,True,67.99215500650962,0.875000741406339
181,270.1072710335253,R1-SIDE,REGION-1,SubcooledLiquid,5.512134257556062,0.0013033084293975754,1178454.7466542937,,True,SubcooledLiquid,280.59446348911763,59.012974116336544,True,10.487192455592321,53.50083985878048
181,270.1072710335253,R4-LIQUID-SIDE,REGION-4,SaturatedMixture,5.512079136764695,0.001303342822019793,1178456.252216397,1E-06,True,SubcooledLiquid,280.59482195628505,58.955486542903486,False,10.487550922759738,53.44340740613879
181,270.1072710335253,R4-VAPOR-SIDE,REGION-4,SaturatedMixture,5.512079136764695,0.035558426514696595,2593597.669829931,0.999999,True,SuperheatedVapor,338.1059195053764,6.387312382768443,False,67.99864847185108,0.8752332460037486
181,270.1072710335253,R2-SIDE,REGION-2,SuperheatedVapor,5.512024015973327,0.035558958824810284,2593601.8150482723,,True,SuperheatedVapor,338.10715367862485,6.3872492859515,True,67.99988264509955,0.8752252699781735
182,270.11994096636784,R1-SIDE,REGION-1,SubcooledLiquid,5.513226359709701,0.0013033442855970006,1178517.6188651312,,True,SubcooledLiquid,280.6094330631265,59.03254526910532,True,10.489492096758681,53.51931890939562
182,270.11994096636784,R4-LIQUID-SIDE,REGION-4,SaturatedMixture,5.51317122799742,0.0013033786706902926,1178519.1243898193,1E-06,True,SubcooledLiquid,280.60979152138555,58.97507209823883,False,10.48985055501771,53.461900870241415
182,270.11994096636784,R4-VAPOR-SIDE,REGION-4,SaturatedMixture,5.51317122799742,0.035550877098349684,2593589.838270761,0.999999,True,SuperheatedVapor,338.12658715760347,6.388636852265967,False,68.00664619123563,0.8754656242685472
182,270.11994096636784,R2-SIDE,REGION-2,SuperheatedVapor,5.51311609628514,0.035551409325551626,2593593.983968679,,True,SuperheatedVapor,338.1278213308517,6.3885737385310835,True,68.00788036448387,0.8754576422459435
183,270.1535745382308,R1-SIDE,REGION-1,SubcooledLiquid,5.516126252742849,0.0013034394924051516,1178684.5279316616,,True,SubcooledLiquid,280.64917331706226,59.084533288534764,True,10.495598778831436,53.568407035791914
183,270.1535745382308,R4-LIQUID-SIDE,REGION-4,SaturatedMixture,5.516071092031928,0.0013034738575206598,1178686.033357066,1E-06,True,SubcooledLiquid,280.6495317516825,59.027098333857964,False,10.495957213451675,53.511027241826035
183,270.1535745382308,R4-VAPOR-SIDE,REGION-4,SaturatedMixture,5.516071092031928,0.03553084481965654,2593569.0312522715,0.999999,True,SuperheatedVapor,338.18145478243935,6.392153660804617,False,68.02788024420852,0.8760825687726888
183,270.1535745382308,R2-SIDE,REGION-2,SuperheatedVapor,5.516015931321008,0.03553137682686108,2593573.1782238483,,True,SuperheatedVapor,338.1826893282122,6.392090506321824,True,68.02911478998135,0.8760745750008159
184,270.18390763401965,R1-SIDE,REGION-1,SubcooledLiquid,5.518742576771705,0.0013035253852388589,1178835.0689297467,,True,SubcooledLiquid,280.68501641184446,59.13146270881732,True,10.501108777824811,53.61272013204561
184,270.18390763401965,R4-LIQUID-SIDE,REGION-4,SaturatedMixture,5.5186873898978055,0.001303559732347576,1178836.5742656556,1E-06,True,SubcooledLiquid,280.68537482515615,59.074062199195666,False,10.501467191136499,53.55537480929786
184,270.18390763401965,R4-VAPOR-SIDE,REGION-4,SaturatedMixture,5.5186873898978055,0.03551278875504714,2593550.244372367,0.999999,True,SuperheatedVapor,338.2309424102772,6.395326453717577,False,68.04703477625753,0.8766390638197716
184,270.18390763401965,R2-SIDE,REGION-2,SuperheatedVapor,5.518632203023906,0.03551332056396706,2593554.392493351,,True,SuperheatedVapor,338.23217658352587,6.395263254479423,True,68.04826894950622,0.8766310514555169
185,270.1870496869085,R1-SIDE,REGION-1,SubcooledLiquid,5.519013642770445,0.0013035342840025381,1178850.6632997738,,True,SubcooledLiquid,280.6887293570891,59.1363262246972,True,10.501679670180579,53.617312581926754
185,270.1870496869085,R4-LIQUID-SIDE,REGION-4,SaturatedMixture,5.518958453185912,0.0013035686292465947,1178852.1686264148,1E-06,True,SubcooledLiquid,280.6890877681941,59.07892928192814,False,10.502038081285605,53.55997082874223
185,270.1870496869085,R4-VAPOR-SIDE,REGION-4,SaturatedMixture,5.518958453185912,0.03551091898366299,2593548.2971592923,0.999999,True,SuperheatedVapor,338.2360687181774,6.395655165403741,False,68.04901903126893,0.8766967122178286
185,270.1870496869085,R2-SIDE,REGION-2,SuperheatedVapor,5.518903263601381,0.03551145077205035,2593552.445399376,,True,SuperheatedVapor,338.23730326395025,6.395591966152986,True,68.05025357704176,0.876688702551605
186,270.2203527688979,R1-SIDE,REGION-1,SubcooledLiquid,5.521887336209744,0.0013036286212842459,1179015.9570795763,,True,SubcooledLiquid,280.7280850189468,59.18790229217262,True,10.507732250048889,53.66601495596288
186,270.2203527688979,R4-LIQUID-SIDE,REGION-4,SaturatedMixture,5.5218321178885645,0.00130366294677109,1179017.4623080138,1E-06,True,SubcooledLiquid,280.72844340666995,59.13054314192283,False,10.508090637772057,53.608711024034264
186,270.2203527688979,R4-VAPOR-SIDE,REGION-4,SaturatedMixture,5.5218321178885645,0.03549110752418179,2593527.6448019315,0.999999,True,SuperheatedVapor,338.29040661335466,6.399139919219572,False,68.07005384445677,0.8773078013310078
186,270.2203527688979,R2-SIDE,REGION-2,SuperheatedVapor,5.521776899567386,0.035491639095019116,2593531.7943048356,,True,SuperheatedVapor,338.2916407866031,6.399076671198622,True,68.07128801770523,0.8772997716312361
187,270.25347097516044,R1-SIDE,REGION-1,SubcooledLiquid,5.524746209731666,0.001303722467458436,1179180.3455038758,,True,SubcooledLiquid,280.7672251199705,59.23924092104664,True,10.513754144810036,53.71449471131497
187,270.25347097516044,R4-LIQUID-SIDE,REGION-4,SaturatedMixture,5.524690962822038,0.0013037567733097052,1179181.8506347074,1E-06,True,SubcooledLiquid,280.7675834844541,59.18191932979298,False,10.514112509293682,53.65722836697095
187,270.25347097516044,R4-VAPOR-SIDE,REGION-4,SaturatedMixture,5.524690962822038,0.03547141786070969,2593507.0825109393,0.999999,True,SuperheatedVapor,338.34444723408205,6.402606558182175,False,68.09097625892161,0.877915595360137
187,270.25347097516044,R2-SIDE,REGION-2,SuperheatedVapor,5.52463571591241,0.03547194921534547,2593511.2332704836,,True,SuperheatedVapor,338.3456814073305,6.402543265789292,True,68.09221043217008,0.8779075498768814
188,270.28639316558827,R1-SIDE,REGION-1,SubcooledLiquid,5.527589282502808,0.001303815790416898,1179343.7730724392,,True,SubcooledLiquid,280.8061364458189,59.29032405927653,True,10.519743280230614,53.76273477677372
188,270.28639316558827,R4-LIQUID-SIDE,REGION-4,SaturatedMixture,5.5275340071627355,0.0013038500767606205,1179345.2781062934,1E-06,True,SubcooledLiquid,280.8064947872127,59.23303978128373,False,10.520101621624462,53.705505774120994
188,270.28639316558827,R4-VAPOR-SIDE,REGION-4,SaturatedMixture,5.5275340071627355,0.03545185640452569,2593486.617615113,0.999999,True,SuperheatedVapor,338.39817232666553,6.406053894200997,False,68.11177916107727,0.8785198870382613
188,270.28639316558827,R2-SIDE,REGION-2,SuperheatedVapor,5.527478731822664,0.03545238754437865,2593490.769624672,,True,SuperheatedVapor,338.39940649991377,6.405990557658772,True,68.1130133343255,0.8785118258361075
189,270.3190940141677,R1-SIDE,REGION-1,SubcooledLiquid,5.530414346505892,0.0013039085177777318,1179506.1138423276,,True,SubcooledLiquid,280.844789010078,59.34111155013391,True,10.525694995910271,53.81069720362802
189,270.3190940141677,R4-LIQUID-SIDE,REGION-4,SaturatedMixture,5.530359042915462,0.0013039427847567084,1179507.618779906,1E-06,True,SubcooledLiquid,280.84514732854916,59.28386431143035,False,10.526053314381443,53.753505268514886
189,270.3190940141677,R4-VAPOR-SIDE,REGION-4,SaturatedMixture,5.530359042915462,0.03543243797405591,2593466.266307693,0.999999,True,SuperheatedVapor,338.45154054089915,6.409479252176189,False,68.13244652673143,0.8791202092607273
189,270.3190940141677,R2-SIDE,REGION-2,SuperheatedVapor,5.530303739325033,0.03543296890070724,2593470.4195596753,,True,SuperheatedVapor,338.4527747141475,6.409415871741813,True,68.13368069997978,0.8791121324167799
190,270.3355482459067,R1-SIDE,REGION-1,SubcooledLiquid,5.5318362633983105,0.001303955187819961,1179587.8040787624,,True,SubcooledLiquid,280.8642390663721,59.36668454974749,True,10.528690820465386,53.83484828634918
190,270.3355482459067,R4-LIQUID-SIDE,REGION-4,SaturatedMixture,5.531780945588854,0.0013039894450594812,1179589.3089679172,1E-06,True,SubcooledLiquid,280.8645973733137,59.30945593956212,False,10.529049127407006,53.777674993973264
190,270.3355482459067,R4-VAPOR-SIDE,REGION-4,SaturatedMixture,5.531780945588854,0.03542267145157007,2593456.017000351,0.999999,True,SuperheatedVapor,338.4783958229657,6.411203257930941,False,68.142847577059,0.8794223123420872
190,270.3355482459067,R2-SIDE,REGION-2,SuperheatedVapor,5.531725627779398,0.03542320227099552,2593460.1708777947,,True,SuperheatedVapor,338.47962999621416,6.411139855396131,True,68.14408175030746,0.8794142276167332
191,270.3515844941138,R1-SIDE,REGION-1,SubcooledLiquid,5.533222328197586,0.0013040006800476736,1179667.4220593604,,True,SubcooledLiquid,280.8831957284192,59.3916195483706,True,10.531611234305387,53.85839722017301
191,270.3515844941138,R4-LIQUID-SIDE,REGION-4,SaturatedMixture,5.53316699652762,0.0013040349277979712,1179668.9269013335,1E-06,True,SubcooledLiquid,280.8835540241271,59.33440908788296,False,10.53196953001327,53.80124209135534
191,270.3515844941138,R4-VAPOR-SIDE,REGION-4,SaturatedMixture,5.53316699652762,0.03541315581776963,2593446.022222977,0.999999,True,SuperheatedVapor,338.5045697579534,6.412883757704778,False,68.15298526383958,0.8797167611771579
191,270.3515844941138,R2-SIDE,REGION-2,SuperheatedVapor,5.533111664857655,0.03541368653272626,2593450.1767101893,,True,SuperheatedVapor,338.50580393120197,6.41282033362137,True,68.15421943708816,0.8797086687637146
192,270.38385555148113,R1-SIDE,REGION-1,SubcooledLiquid,5.536012423790548,0.001304092250941381,1179827.6525451879,,True,SubcooledLiquid,280.92134584409234,59.44183309981121,True,10.53749029261121,53.90582067602067
192,270.38385555148113,R4-LIQUID-SIDE,REGION-4,SaturatedMixture,5.535957064219906,0.001304126479604189,1179829.1572922512,1E-06,True,SubcooledLiquid,280.9217041172027,59.38465914668852,False,10.53784856572156,53.84870208246861
192,270.38385555148113,R4-VAPOR-SIDE,REGION-4,SaturatedMixture,5.535957064219906,0.03539401507635186,2593425.8914608904,0.999999,True,SuperheatedVapor,338.5572447043286,6.416266433243568,False,68.17338915284745,0.8803093690236627
192,270.38385555148113,R2-SIDE,REGION-2,SuperheatedVapor,5.535901704649263,0.03539454558117685,2593430.0471757776,,True,SuperheatedVapor,338.55847887757704,6.4162029657672655,True,68.17462332609591,0.8803012611180021
193,270.41057386994373,R1-SIDE,REGION-1,SubcooledLiquid,5.538323252653933,0.001304168089053181,1179960.3216694596,,True,SubcooledLiquid,280.9529337308237,59.483441850299,True,10.54235986087997,53.94511859764507
193,270.41057386994373,R4-LIQUID-SIDE,REGION-4,SaturatedMixture,5.5382678699752335,0.0013042023019213388,1179961.8263379813,1E-06,True,SubcooledLiquid,280.9532919852337,59.42629810594225,False,10.542718115289972,53.888030235967015
193,270.41057386994373,R4-VAPOR-SIDE,REGION-4,SaturatedMixture,5.5382678699752335,0.03537817623424257,2593409.2068605013,0.999999,True,SuperheatedVapor,338.60085948542235,6.419067947823581,False,68.19028561547862,0.8808000778483471
193,270.41057386994373,R2-SIDE,REGION-2,SuperheatedVapor,5.538212487296534,0.035378706565192944,2593413.3635924216,,True,SuperheatedVapor,338.6020936586709,6.419004444391425,True,68.19151978872719,0.8807919570948908
194,270.4159002184865,R1-SIDE,REGION-1,SubcooledLiquid,5.538784008895023,0.0013041832100648151,1179986.7704689759,,True,SubcooledLiquid,280.959231064042,59.49174045279495,True,10.543330845555488,53.95295644389993
194,270.4159002184865,R4-LIQUID-SIDE,REGION-4,SaturatedMixture,5.538728621608807,0.001304217419785203,1179988.2751218441,1E-06,True,SubcooledLiquid,280.9595893147249,59.434602728781584,False,10.543689096238381,53.89587410717278
194,270.4159002184865,R4-VAPOR-SIDE,REGION-4,SaturatedMixture,5.538728621608807,0.035375019643529765,2593405.878841171,0.999999,True,SuperheatedVapor,338.6095545768179,6.419626530944649,False,68.1936543583314,0.8808979093358422
194,270.4159002184865,R2-SIDE,REGION-2,SuperheatedVapor,5.538673234322591,0.03537554993982879,2593410.035775901,,True,SuperheatedVapor,338.6107887500664,6.419563020341411,True,68.19488853157986,0.8808897860188205
195,270.4477130711076,R1-SIDE,REGION-1,SubcooledLiquid,5.541536591941711,0.0013042735413852948,1180144.7486577348,,True,SubcooledLiquid,280.9968449185084,59.54133222788302,True,10.549131847400758,53.999795635941304
195,270.4477130711076,R4-LIQUID-SIDE,REGION-4,SaturatedMixture,5.54148117712994,0.001304307732311291,1180146.2532171381,1E-06,True,SubcooledLiquid,280.99720314693775,59.484230449081366,False,10.549490075830136,53.94274927195143
195,270.4477130711076,R4-VAPOR-SIDE,REGION-4,SaturatedMixture,5.54148117712994,0.035356172491101234,2593385.9882348375,0.999999,True,SuperheatedVapor,338.66149006231217,6.422963452554143,False,68.21377699120455,0.8814822754242027
195,270.4477130711076,R2-SIDE,REGION-2,SuperheatedVapor,5.541425762318169,0.035356702580512336,2593390.1463813516,,True,SuperheatedVapor,338.66272386303626,6.4228998949047105,True,68.21501079192865,0.8814741325865416
196,270.47928985357294,R1-SIDE,REGION-1,SubcooledLiquid,5.544269781940359,0.0013043632321724176,1180301.5657342852,,True,SubcooledLiquid,281.03418231768694,59.5906008432698,True,10.554892464114005,54.04633106132944
196,270.47928985357294,R4-LIQUID-SIDE,REGION-4,SaturatedMixture,5.5442143397969605,0.001304397404454316,1180303.070200964,1E-06,True,SubcooledLiquid,281.03454052403913,59.53353472147124,False,10.555250670466194,53.98932038167428
196,270.47928985357294,R4-VAPOR-SIDE,REGION-4,SaturatedMixture,5.5442143397969605,0.035337475893996495,2593366.2227935423,0.999999,True,SuperheatedVapor,338.713043710324,6.426276721375702,False,68.23375385675104,0.8820623815787414
196,270.47928985357294,R2-SIDE,REGION-2,SuperheatedVapor,5.5441588976535625,0.03533800577818245,2593370.3821436106,,True,SuperheatedVapor,338.71427788357244,6.4262131253476715,True,68.2349880299995,0.882054227694109
197,270.48048021793363,R1-SIDE,REGION-1,SubcooledLiquid,5.544372836377528,0.001304366613867406,1180307.4775570123,,True,SubcooledLiquid,281.0355898945269,59.592459019183536,True,10.555109676593247,54.04808618280601
197,270.48048021793363,R4-LIQUID-SIDE,REGION-4,SaturatedMixture,5.544317393203595,0.001304400785446681,1180308.9820201967,1E-06,True,SubcooledLiquid,281.0359481000469,59.53539424114308,False,10.555467882113248,53.99107684793948
197,270.48048021793363,R4-VAPOR-SIDE,REGION-4,SaturatedMixture,5.544317393203595,0.035336771288226806,2593365.4772493914,0.999999,True,SuperheatedVapor,338.71498716997905,6.426401644209711,False,68.23450695204542,0.8820842510061153
197,270.48048021793363,R2-SIDE,REGION-2,SuperheatedVapor,5.5442619500296635,0.03533730116467883,2593369.636644843,,True,SuperheatedVapor,338.7162213432275,6.426338046576082,True,68.23574112529388,0.8820760965464185
198,270.50527734756463,R1-SIDE,REGION-1,SubcooledLiquid,5.5465199521956965,0.0013044370693954617,1180430.6335640007,,True,SubcooledLiquid,281.0649127533335,59.63118215308169,True,10.559635405768859,54.084662200885994
198,270.50527734756463,R4-LIQUID-SIDE,REGION-4,SaturatedMixture,5.54646448755082,0.0013044712263414735,1180432.1379544043,1E-06,True,SubcooledLiquid,281.0652709415249,59.57414536073241,False,10.559993593960257,54.02768087318159
198,270.50527734756463,R4-VAPOR-SIDE,REGION-4,SaturatedMixture,5.54646448755082,0.03532209670206062,2593349.9391855597,0.999999,True,SuperheatedVapor,338.75547535400835,6.4290043566383615,False,68.25019800644372,0.882539869087541
198,270.50527734756463,R2-SIDE,REGION-2,SuperheatedVapor,5.546409022905945,0.03532262641744288,2593354.099526712,,True,SuperheatedVapor,338.75670915473245,6.428940721351844,True,68.25143180716782,0.8825316984458986
199,270.5106271028518,R1-SIDE,REGION-1,SubcooledLiquid,5.546983256160386,0.0013044522719367492,1180457.2042543774,,True,SubcooledLiquid,281.07123910818507,59.639539936817236,True,10.560612005333269,54.09255668065685
199,270.5106271028518,R4-LIQUID-SIDE,REGION-4,SaturatedMixture,5.546927786882517,0.0013044864257266396,1180458.7086290824,1E-06,True,SubcooledLiquid,281.0715972926388,59.58250918039565,False,10.560970189786985,54.03558139351313
199,270.5106271028518,R4-VAPOR-SIDE,REGION-4,SaturatedMixture,5.546927786882517,0.03531893165452445,2593346.5851806565,0.999999,True,SuperheatedVapor,338.76421030551194,6.4295659541564865,False,68.25358320266014,0.8826381672739698
199,270.5106271028518,R2-SIDE,REGION-2,SuperheatedVapor,5.546872317604648,0.03531946133516769,2593350.7457258916,,True,SuperheatedVapor,338.7654444787605,6.42950231584243,True,68.25481737590871,0.8826299982377819
200,270.54172206521014,R1-SIDE,REGION-1,SubcooledLiquid,5.549676753038823,0.0013045406521965755,1180611.6502937083,,True,SubcooledLiquid,281.10801197469243,59.68814424152278,True,10.566289909482293,54.138467488483954
200,270.54172206521014,R4-LIQUID-SIDE,REGION-4,SaturatedMixture,5.549621256826255,0.0013045747876479189,1180613.1545771977,1E-06,True,SubcooledLiquid,281.1083701374281,59.63114855625114,False,10.566648072217959,54.081527299424884
200,270.54172206521014,R4-VAPOR-SIDE,REGION-4,SaturatedMixture,5.549621256826255,0.03530054115313928,2593327.077620648,0.999999,True,SuperheatedVapor,338.81498537758364,6.432830837227212,False,68.2732633123735,0.8832095804009574
200,270.54172206521014,R2-SIDE,REGION-2,SuperheatedVapor,5.549565760613687,0.03530107063193698,2593331.2393525504,,True,SuperheatedVapor,338.81621917830773,6.432767152723474,True,68.2744971130976,0.883201392109787
201,270.5621895730495,R1-SIDE,REGION-1,SubcooledLiquid,5.551450227208336,0.0013045988420946405,1180713.3165709793,,True,SubcooledLiquid,281.1322182311857,59.72016057046679,True,10.570028658136152,54.168710343258454
201,270.5621895730495,R4-LIQUID-SIDE,REGION-4,SaturatedMixture,5.551394713261203,0.0013046329654807756,1180714.8207944527,1E-06,True,SubcooledLiquid,281.1325763796316,59.66318795863203,False,10.570386806582064,54.111793245370826
201,270.5621895730495,R4-VAPOR-SIDE,REGION-4,SaturatedMixture,5.551394713261203,0.035288441679202365,2593314.2253975067,0.999999,True,SuperheatedVapor,338.8484086368744,6.434980450363151,False,68.28621906382489,0.8835857371019475
201,270.5621895730495,R2-SIDE,REGION-2,SuperheatedVapor,5.551339199314071,0.03528897102520733,2593318.3879109016,,True,SuperheatedVapor,338.8496424375985,6.434916738196942,True,68.28745286454898,0.8835775388828715
202,270.5725726544857,R1-SIDE,REGION-1,SubcooledLiquid,5.552350068685861,0.0013046283663627628,1180764.8932419717,,True,SubcooledLiquid,281.1444983909456,59.736409525494516,True,10.571925736459889,54.184059456808654
202,270.5725726544857,R4-LIQUID-SIDE,REGION-4,SaturatedMixture,5.552294545740403,0.001304662483629998,1180766.3974350074,1E-06,True,SubcooledLiquid,281.1448565321447,59.67944861528977,False,10.572283877658947,54.12715406954937
202,270.5725726544857,R4-VAPOR-SIDE,REGION-4,SaturatedMixture,5.552294545740403,0.035282305374351584,2593307.7019226626,0.999999,True,SuperheatedVapor,338.8653648287708,6.436071118816855,False,68.29279217428507,0.8837765730764522
202,270.5725726544857,R2-SIDE,REGION-2,SuperheatedVapor,5.552239022794946,0.03528283465301171,2593311.8648326276,,True,SuperheatedVapor,338.8665986294951,6.4360073926115255,True,68.29402597500939,0.8837683698165799
203,270.60145553350435,R1-SIDE,REGION-1,SubcooledLiquid,5.554853766150931,0.0013047105116760305,1180908.3717133724,,True,SubcooledLiquid,281.1786599317553,59.78163517976328,True,10.577204398250956,54.22678141361234
203,270.60145553350435,R4-LIQUID-SIDE,REGION-4,SaturatedMixture,5.554798218168749,0.0013047446119282835,1180909.8758217653,1E-06,True,SubcooledLiquid,281.1790180528013,59.72470680814974,False,10.577562519296976,54.16990858998099
203,270.60145553350435,R4-VAPOR-SIDE,REGION-4,SaturatedMixture,5.554798218168749,0.035265241904712315,2593289.5426747855,0.999999,True,SuperheatedVapor,338.9125342374341,6.439105684507658,False,68.31107870392975,0.8843074663389094
203,270.60145553350435,R2-SIDE,REGION-2,SuperheatedVapor,5.554742670186568,0.03526577099610969,2593293.70668833,,True,SuperheatedVapor,338.9137680381583,6.439041919228101,True,68.31231250465396,0.8842992490415336
204,270.6031772851942,R1-SIDE,REGION-1,SubcooledLiquid,5.555003042527264,0.0013047154092672563,1180916.924974982,,True,SubcooledLiquid,281.1806964226148,59.784332335402055,True,10.577519137420609,54.229329292874795
204,270.6031772851942,R4-LIQUID-SIDE,REGION-4,SaturatedMixture,5.554947493052333,0.0013047495085055055,1180918.4290783296,1E-06,True,SubcooledLiquid,281.1810545424595,59.727405902895775,False,10.5778772572653,54.17245840984344
204,270.6031772851942,R4-VAPOR-SIDE,REGION-4,SaturatedMixture,5.554947493052333,0.035264225006458615,2593288.459583071,0.999999,True,SuperheatedVapor,338.91534642392764,6.439286611476753,False,68.31216913873345,0.8843391184244203
204,270.6031772851942,R2-SIDE,REGION-2,SuperheatedVapor,5.5548919435774025,0.03526475408669634,2593292.6236624224,,True,SuperheatedVapor,338.91658022465174,6.439222843866866,True,68.31340293945755,0.8843309002894637
205,270.61141203641887,R1-SIDE,REGION-1,SubcooledLiquid,5.5557170402299905,0.0013047388345682842,1180957.8337612632,,True,SubcooledLiquid,281.1904366098246,59.797234071625155,True,10.579024573405718,54.24151703139516
205,270.61141203641887,R4-LIQUID-SIDE,REGION-4,SaturatedMixture,5.555661483615154,0.0013047729289572202,1180959.337840487,1E-06,True,SubcooledLiquid,281.1907947239255,59.74031691257454,False,10.579382687506609,54.18465542895939
205,270.61141203641887,R4-VAPOR-SIDE,REGION-4,SaturatedMixture,5.555661483615154,0.03525936184743302,2593283.2784780203,0.999999,True,SuperheatedVapor,338.9287952988501,6.440151974827928,False,68.31738326243124,0.884490491212774
205,270.61141203641887,R2-SIDE,REGION-2,SuperheatedVapor,5.555605927000318,0.035259890874301814,2593287.4428721378,,True,SuperheatedVapor,338.9300290995744,6.440088196071422,True,68.31861706315556,0.8844822690711034
206,270.63353503942506,R1-SIDE,REGION-1,SubcooledLiquid,5.5576355718635835,0.0013048017776404082,1181067.740684746,,True,SubcooledLiquid,281.2166049249396,59.83191026181649,True,10.583069885514533,54.274274689952904
206,270.63353503942506,R4-LIQUID-SIDE,REGION-4,SaturatedMixture,5.557579996063622,0.0013048358590050835,1181069.244699175,1E-06,True,SubcooledLiquid,281.2169630236132,59.77501800910933,False,10.58342798418812,54.21743801304571
206,270.63353503942506,R4-VAPOR-SIDE,REGION-4,SaturatedMixture,5.557579996063622,0.03524630034388898,2593269.351678542,0.999999,True,SuperheatedVapor,338.9649283004319,6.442477189864573,False,68.33139326100684,0.8848971938009509
206,270.63353503942506,R2-SIDE,REGION-2,SuperheatedVapor,5.557524420263662,0.03524682922742251,2593273.5169185493,,True,SuperheatedVapor,338.966162101156,6.442413381149271,True,68.33262706173093,0.8848889608856094
207,270.6571163117886,R1-SIDE,REGION-1,SubcooledLiquid,5.5596811231734575,0.0013048688857846447,1181184.8983173766,,True,SubcooledLiquid,281.24449959937544,59.86889648990985,True,10.587383287586817,54.309215366736396
207,270.6571163117886,R4-LIQUID-SIDE,REGION-4,SaturatedMixture,5.559625526918188,0.0013049029532723553,1181186.402262766,1E-06,True,SubcooledLiquid,281.24485768161105,59.81203077376639,False,10.587741369822425,54.2524052468482
207,270.6571163117886,R4-VAPOR-SIDE,REGION-4,SaturatedMixture,5.559625526918188,0.03523238360940033,2593254.4947642675,0.999999,True,SuperheatedVapor,339.00344471295364,6.44495626654489,False,68.34632840116501,0.8853307396267018
207,270.6571163117886,R2-SIDE,REGION-2,SuperheatedVapor,5.559569930662919,0.03523291234021892,2593258.660906333,,True,SuperheatedVapor,339.00467851367773,6.444892425875726,True,68.3475622018891,0.8853224952128071
208,270.6636452496051,R1-SIDE,REGION-1,SubcooledLiquid,5.560247575777272,0.0013048874689264873,1181217.3368076114,,True,SubcooledLiquid,281.25222304943134,59.8791412891847,True,10.588577799826226,54.318893713407434
208,270.6636452496051,R4-LIQUID-SIDE,REGION-4,SaturatedMixture,5.560191973857533,0.0013049215325731459,1181218.8407338904,1E-06,True,SubcooledLiquid,281.25258112711674,59.822282918111085,False,10.58893587751163,54.26209094425355
208,270.6636452496051,R4-VAPOR-SIDE,REGION-4,SaturatedMixture,5.560191973857533,0.03522853153446531,2593250.379126727,0.999999,True,SuperheatedVapor,339.01410934071066,6.445642758851086,False,68.35046409110555,0.8854507849935533
208,270.6636452496051,R2-SIDE,REGION-2,SuperheatedVapor,5.560136371937794,0.03522906022301428,2593254.545518622,,True,SuperheatedVapor,339.01534314143476,6.445578909331082,True,68.35169789182964,0.8854425373932875
209,270.6935077905654,R1-SIDE,REGION-1,SubcooledLiquid,5.562839020523507,0.0013049724821164704,1181365.712475937,,True,SubcooledLiquid,281.2875505895089,59.92602425636279,True,10.59404279894352,54.36318523583928
209,270.6935077905654,R4-LIQUID-SIDE,REGION-4,SaturatedMixture,5.562783392689579,0.0013050065282004951,1181367.2163148334,1E-06,True,SubcooledLiquid,281.2879086463889,59.869199469111216,False,10.594400855823551,54.306416076421634
209,270.6935077905654,R4-VAPOR-SIDE,REGION-4,SaturatedMixture,5.562783392689579,0.035210918407605304,2593231.542501053,0.999999,True,SuperheatedVapor,339.0628891722391,6.448783278910196,False,68.36938138167375,0.8859998862206169
209,270.6935077905654,R2-SIDE,REGION-2,SuperheatedVapor,5.562727764855652,0.03521144690288717,2593235.7100360403,,True,SuperheatedVapor,339.06412297296345,6.448719388887257,True,68.37061518239807,0.8859916240316048
210,270.7052416622638,R1-SIDE,REGION-1,SubcooledLiquid,5.563857527797508,0.0013050058935959077,1181424.0163816079,,True,SubcooledLiquid,281.3014324718114,59.94445698406559,True,10.59619080954758,54.38059945626808
210,270.7052416622638,R4-LIQUID-SIDE,REGION-4,SaturatedMixture,5.563801889778611,0.001305039932781684,1181425.5201861812,1E-06,True,SubcooledLiquid,281.3017905205194,59.887645387679605,False,10.596548858255574,54.323843497900995
210,270.7052416622638,R4-VAPOR-SIDE,REGION-4,SaturatedMixture,5.563801889778611,0.03520400028633515,2593224.1355480365,0.999999,True,SuperheatedVapor,339.0820574138638,6.450017554575038,False,68.37681575160002,0.8862156647964277
210,270.7052416622638,R2-SIDE,REGION-2,SuperheatedVapor,5.563746251759713,0.035204528705707644,2593228.3035323657,,True,SuperheatedVapor,339.0832908420638,6.44995364443272,True,68.37804917979997,0.8862073926730076
211,270.7231227874755,R1-SIDE,REGION-1,SubcooledLiquid,5.565409894256659,0.0013050568169186538,1181512.8680677023,,True,SubcooledLiquid,281.3225876351672,59.97255840124421,True,10.599464847691706,54.40714850698755
211,270.7231227874755,R4-LIQUID-SIDE,REGION-4,SaturatedMixture,5.565354240714251,0.0013050908455951081,1181514.3718199837,1E-06,True,SubcooledLiquid,281.3229456714247,59.91576690063422,False,10.599822883949173,54.35041265991997
211,270.7231227874755,R4-VAPOR-SIDE,REGION-4,SaturatedMixture,5.565354240714251,0.035193460647309986,2593212.8422133727,0.999999,True,SuperheatedVapor,339.11126816754233,6.451898740849515,False,68.38814538006682,0.8865445001352636
211,270.7231227874755,R2-SIDE,REGION-2,SuperheatedVapor,5.565298587171845,0.03519398895103856,2593217.0108826505,,True,SuperheatedVapor,339.11250196826666,6.451834810625914,True,68.38937918079114,0.886536223454069
212,270.7234599530699,R1-SIDE,REGION-1,SubcooledLiquid,5.565439168776513,0.0013050577772180996,1181514.5434850645,,True,SubcooledLiquid,281.32298654406304,59.973088419102574,True,10.59952659099315,54.40764925032606
212,270.7234599530699,R4-LIQUID-SIDE,REGION-4,SaturatedMixture,5.565383514941363,0.0013050918056964245,1181516.0472363601,1E-06,True,SubcooledLiquid,281.32334458008575,59.91629729735134,False,10.599884627015854,54.350913782409975
212,270.7234599530699,R4-VAPOR-SIDE,REGION-4,SaturatedMixture,5.565383514941363,0.03519326194504424,2593212.629197731,0.999999,True,SuperheatedVapor,339.11181913109044,6.451934217544437,False,68.38835917802055,0.8865507026030741
212,270.7234599530699,R2-SIDE,REGION-2,SuperheatedVapor,5.565327861106214,0.03519379024659266,2593216.7978799245,,True,SuperheatedVapor,339.11305255929017,6.451870282667563,True,68.38959260622028,0.8865424215613489
213,270.7524907827377,R1-SIDE,REGION-1,SubcooledLiquid,5.567960221564447,0.0013051404742352598,1181658.8060363007,,True,SubcooledLiquid,281.3573347705478,60.01874362504967,True,10.604843987810114,54.450783403485225
213,270.7524907827377,R4-LIQUID-SIDE,REGION-4,SaturatedMixture,5.567904542519021,0.0013051744856586484,1181660.3097027312,1E-06,True,SubcooledLiquid,281.3576927863646,59.96198511498691,False,10.605202003626914,54.394080572467885
213,270.7524907827377,R4-VAPOR-SIDE,REGION-4,SaturatedMixture,5.567904542519021,0.0351761576942474,2593194.278407587,0.999999,True,SuperheatedVapor,339.15924707166835,6.454989176148637,False,68.40675628893064,0.8870846336296161
213,270.7524907827377,R2-SIDE,REGION-2,SuperheatedVapor,5.567848863473596,0.03517668580813023,2593198.448202354,,True,SuperheatedVapor,339.1604804998683,6.454925201831105,True,68.40798971713059,0.8870763383575087
214,270.7539018630981,R1-SIDE,REGION-1,SubcooledLiquid,5.56808278275514,0.0013051444944714291,1181665.818341935,,True,SubcooledLiquid,281.35900436712745,60.02096372698611,True,10.605102504029333,54.45288094423097
214,270.7539018630981,R4-LIQUID-SIDE,REGION-4,SaturatedMixture,5.568027102484115,0.001305178505066071,1181667.3220042412,1E-06,True,SubcooledLiquid,281.3593623819622,59.964206801599936,False,10.605460518864106,54.39617969911582
214,270.7539018630981,R4-VAPOR-SIDE,REGION-4,SaturatedMixture,5.568027102484115,0.03517532654850074,2593193.385960756,0.999999,True,SuperheatedVapor,339.16155225248997,6.455137687787647,False,68.40765038939185,0.8871105853035317
214,270.7539018630981,R2-SIDE,REGION-2,SuperheatedVapor,5.56797142221309,0.03517585465326453,2593197.555809614,,True,SuperheatedVapor,339.1627860532143,6.455073715747821,True,68.40888419011617,0.8871022935347304
215,270.78118436336524,R1-SIDE,REGION-1,SubcooledLiquid,5.570452844179281,0.0013052222353483517,1181801.4019955213,,True,SubcooledLiquid,281.3912861894099,60.06390597395001,True,10.610101826044684,54.49345312977073
215,270.78118436336524,R4-LIQUID-SIDE,REGION-4,SaturatedMixture,5.570397140207878,0.0013052562299238316,1181802.905578112,1E-06,True,SubcooledLiquid,281.3916441852648,60.00717967908409,False,10.610459821899553,54.43678253887621
215,270.78118436336524,R4-VAPOR-SIDE,REGION-4,SaturatedMixture,5.570397140207878,0.035159260935523066,2593176.122157255,0.999999,True,SuperheatedVapor,339.2061270288938,6.458009557449174,False,68.42494266552853,0.8876124172412956
215,270.78118436336524,R2-SIDE,REGION-2,SuperheatedVapor,5.570341436236476,0.035159788864025356,2593180.293052298,,True,SuperheatedVapor,339.20736082961787,6.45794554831334,True,68.42617646625263,0.8876041120768638
216,270.8030768454074,R1-SIDE,REGION-1,SubcooledLiquid,5.57235522563344,0.0013052846336035733,1181910.2053522621,,True,SubcooledLiquid,281.4171917505387,60.09838882128167,True,10.61411490513126,54.52603359564823
216,270.8030768454074,R4-LIQUID-SIDE,REGION-4,SaturatedMixture,5.572299502638413,0.0013053186153304717,1181911.7088709131,1E-06,True,SubcooledLiquid,281.41754973116986,60.041687094011316,False,10.614472885762439,54.4693875913729
216,270.8030768454074,R4-VAPOR-SIDE,REGION-4,SaturatedMixture,5.572299502638413,0.03514637500850487,2593162.2569262823,0.999999,True,SuperheatedVapor,339.2418975642603,6.460314645433811,False,68.43882071885287,0.888015142795398
216,270.8030768454074,R2-SIDE,REGION-2,SuperheatedVapor,5.572243779643387,0.03514690279563656,2593166.4286612356,,True,SuperheatedVapor,339.24313099246,6.460250602314358,True,68.44005414705259,0.8880068226709712
217,270.80531049966817,R1-SIDE,REGION-1,SubcooledLiquid,5.572549350396412,0.001305291000802788,1181921.3066840651,,True,SubcooledLiquid,281.41983492477755,60.10190827256073,True,10.61452442510938,54.52935892216431
217,270.80531049966817,R4-LIQUID-SIDE,REGION-4,SaturatedMixture,5.572493625460157,0.0013053249812190555,1181922.8101961939,1E-06,True,SubcooledLiquid,281.42019290385576,60.04520905130824,False,10.614882404187597,54.47271542584809
217,270.80531049966817,R4-VAPOR-SIDE,REGION-4,SaturatedMixture,5.572493625460157,0.03514506056418819,2593160.8416725434,0.999999,True,SuperheatedVapor,339.24554718554486,6.460549858483322,False,68.4402366858767,0.8880562330231649
217,270.80531049966817,R2-SIDE,REGION-2,SuperheatedVapor,5.572437900523902,0.03514558833689949,2593165.0134932115,,True,SuperheatedVapor,339.2467806137448,6.46048581232367,True,68.44147011407665,0.8880479117997675
218,270.85275713801377,R1-SIDE,REGION-1,SubcooledLiquid,5.576674112412128,0.001305426286320193,1182157.1312094072,,True,SubcooledLiquid,281.47598362128747,60.17672096189906,True,10.623226483273697,54.60004684948693
218,270.85275713801377,R4-LIQUID-SIDE,REGION-4,SaturatedMixture,5.576618346228665,0.0013054602389090794,1182158.634583045,1E-06,True,SubcooledLiquid,281.4763415673917,60.1200749476826,False,10.623584429377956,54.54345660145394
218,270.85275713801377,R4-VAPOR-SIDE,REGION-4,SaturatedMixture,5.576618346228665,0.03511715201300265,2593130.7527103527,0.999999,True,SuperheatedVapor,339.3230773306267,6.465547500941069,False,68.47032019261292,0.8889291547124039
218,270.85275713801377,R2-SIDE,REGION-2,SuperheatedVapor,5.576562580045203,0.03511767947954922,2593134.9263526597,,True,SuperheatedVapor,339.3243107588264,6.465483390156432,True,68.47155362081264,0.8889208101112294
219,270.9028086423874,R1-SIDE,REGION-1,SubcooledLiquid,5.5810278540120715,0.0013055690722919195,1182405.930158996,,True,SubcooledLiquid,281.53522146642774,60.25575187832409,True,10.63241282404033,54.67472402431202
219,270.9028086423874,R4-LIQUID-SIDE,REGION-4,SaturatedMixture,5.580972044291628,0.0013056029955518474,1182407.4333866588,1E-06,True,SubcooledLiquid,281.5355793777759,60.19916194039321,False,10.632770735388476,54.61818989610158
219,270.9028086423874,R4-VAPOR-SIDE,REGION-4,SaturatedMixture,5.580972044291628,0.03508773710471043,2593098.9568429957,0.999999,True,SuperheatedVapor,339.40487325230595,6.4708222047663355,False,68.50206460991853,0.8898501604747073
219,270.9028086423874,R2-SIDE,REGION-2,SuperheatedVapor,5.580916234571186,0.03508826424859221,2593103.1324088164,,True,SuperheatedVapor,339.4061066805059,6.4707580257149795,True,68.50329803811849,0.8898417911437937
220,270.9531313061716,R1-SIDE,REGION-1,SubcooledLiquid,5.585407798326034,0.0013057127076068716,1182656.1054193866,,True,SubcooledLiquid,281.5947870046159,60.33532598863372,True,10.64165569844431,54.74991819030769
220,270.9531313061716,R4-LIQUID-SIDE,REGION-4,SaturatedMixture,5.585351944806585,0.0013057466014060122,1182657.608500408,1E-06,True,SubcooledLiquid,281.5951448810496,60.27879237716155,False,10.642013574877978,54.69344043235497
220,270.9531313061716,R4-VAPOR-SIDE,REGION-4,SaturatedMixture,5.585351944806585,0.035058189564729454,2593066.931759529,0.999999,True,SuperheatedVapor,339.4871214185747,6.476128255937756,False,68.5339901124031,0.8907763111311713
220,270.9531313061716,R2-SIDE,REGION-2,SuperheatedVapor,5.585296091287137,0.03505871638451754,2593071.1092612226,,True,SuperheatedVapor,339.48835484677466,6.476064008152557,True,68.53522354060306,0.8907679168654195
221,271.00374035835273,R1-SIDE,REGION-1,SubcooledLiquid,5.589815315528626,0.0013058572370680018,1182907.733196956,,True,SubcooledLiquid,281.6546983802276,60.41546950408424,True,10.650958021874885,54.82565418855562
221,271.00374035835273,R4-LIQUID-SIDE,REGION-4,SaturatedMixture,5.589759417934446,0.0013058911012660307,1182909.2361306252,1E-06,True,SubcooledLiquid,281.6550562215774,60.35899248545907,False,10.651315863224681,54.769233067524624
221,271.00374035835273,R4-VAPOR-SIDE,REGION-4,SaturatedMixture,5.589759417934446,0.03502850086658246,2593034.6667802995,0.999999,True,SuperheatedVapor,339.5698467885654,6.481467301993242,False,68.5661064302127,0.8917078840587962
221,271.00374035835273,R2-SIDE,REGION-2,SuperheatedVapor,5.589703520340267,0.03502902736075492,2593038.846230846,,True,SuperheatedVapor,339.57108021676527,6.481402984984372,True,68.56733985841254,0.8916994646441054
222,271.0544894754886,R1-SIDE,REGION-1,SubcooledLiquid,5.594237697000598,0.0013060022438488618,1183160.0863603454,,True,SubcooledLiquid,281.71478246674894,60.495952401400615,True,10.660292991260349,54.901714704400014
222,271.0544894754886,R4-LIQUID-SIDE,REGION-4,SaturatedMixture,5.594181755183046,0.001306036078391357,1183161.5891463805,1E-06,True,SubcooledLiquid,281.7151402729478,60.43953207776283,False,10.660650797459198,54.84535032257978
222,271.0544894754886,R4-VAPOR-SIDE,REGION-4,SaturatedMixture,5.594181755183046,0.03499875715928147,2593002.2544223033,0.999999,True,SuperheatedVapor,339.65281094667966,6.486823945613891,False,68.59832147119107,0.8926421904308457
222,271.0544894754886,R2-SIDE,REGION-2,SuperheatedVapor,5.594125813365494,0.034999283327261536,2593006.435829073,,True,SuperheatedVapor,339.654044002355,6.486759554892818,True,68.59955452686643,0.892633741527324
223,271.1053811609744,R1-SIDE,REGION-1,SubcooledLiquid,5.598675184310833,0.0013061477358230916,1183413.1776239257,,True,SubcooledLiquid,281.77504229141095,60.57677985270592,True,10.669661130436566,54.97810466839508
223,271.1053811609744,R4-LIQUID-SIDE,REGION-4,SaturatedMixture,5.598619198118851,0.0013061815406543676,1183414.6802620399,1E-06,True,SubcooledLiquid,281.77540006239053,60.52041632860294,False,10.670018901416142,54.92179713048409
223,271.1053811609744,R4-VAPOR-SIDE,REGION-4,SaturatedMixture,5.598619198118851,0.034968957172204926,2592969.6925611245,0.999999,True,SuperheatedVapor,339.7360172456363,6.492198461767391,False,68.63063608466189,0.8935792636485393
223,271.1053811609744,R2-SIDE,REGION-2,SuperheatedVapor,5.59856321192687,0.034969483013402185,2592973.875931607,,True,SuperheatedVapor,339.73725030131186,6.492134001234961,True,68.63186914033747,0.8935707893080904
224,271.15636810064314,R1-SIDE,REGION-1,SubcooledLiquid,5.603123671856725,0.001306293578346867,1183666.771916417,,True,SubcooledLiquid,281.83542188486115,60.657877764087324,True,10.679053784218013,55.054754092230596
224,271.15636810064314,R4-LIQUID-SIDE,REGION-4,SaturatedMixture,5.603067641180313,0.0013063273534390264,1183668.2744064608,1E-06,True,SubcooledLiquid,281.835779620586,60.601571090938705,False,10.679411519942846,54.998503449758395
224,271.15636810064314,R4-VAPOR-SIDE,REGION-4,SaturatedMixture,5.603067641180313,0.03493912877117532,2592937.011019513,0.999999,True,SuperheatedVapor,339.81938857289026,6.49758587193376,False,68.66302047224713,0.8945182307534472
224,271.15636810064314,R2-SIDE,REGION-2,SuperheatedVapor,5.603011610503901,0.034939654285305106,2592941.1963593857,,True,SuperheatedVapor,339.8206216285656,6.497521341357774,True,68.66425352792248,0.8945097308538728
225,271.20735141038915,R1-SIDE,REGION-1,SubcooledLiquid,5.607574540629314,0.0013064394888587115,1183920.3775198099,,True,SubcooledLiquid,281.89580417138336,60.73908939698912,True,10.68845276099421,55.13151485635981
225,271.20735141038915,R4-LIQUID-SIDE,REGION-4,SaturatedMixture,5.6075184654446595,0.0013064732342415765,1183921.8798619222,1E-06,True,SubcooledLiquid,281.8961618718863,60.682839515872296,False,10.688810461497155,55.07532105042763
225,271.20735141038915,R4-VAPOR-SIDE,REGION-4,SaturatedMixture,5.6075184654446595,0.03490932984841237,2592904.2729815957,0.999999,True,SuperheatedVapor,339.9027628803392,6.502975727376257,False,68.69541146995005,0.8954572619315977
225,271.20735141038915,R2-SIDE,REGION-2,SuperheatedVapor,5.607462390260006,0.03490985503582494,2592908.4602927263,,True,SuperheatedVapor,339.90399593601455,6.502911126659768,True,68.6966445256254,0.8954487363997625
226,271.2583651363849,R1-SIDE,REGION-1,SubcooledLiquid,5.612030766131069,0.0013065855649329735,1184174.1638366329,,True,SubcooledLiquid,281.95622948491257,60.82046930031848,True,10.697864348527673,55.20843853418741
226,271.2583651363849,R4-LIQUID-SIDE,REGION-4,SaturatedMixture,5.6119746463846045,0.0013066192806165185,1184175.6660308547,1E-06,True,SubcooledLiquid,281.9565871502035,60.76427619026483,False,10.698222013818622,55.15230154388023
226,271.2583651363849,R4-VAPOR-SIDE,REGION-4,SaturatedMixture,5.6119746463846045,0.03487954049524616,2592871.4564986117,0.999999,True,SuperheatedVapor,339.98619641916366,6.508371632249179,False,68.72783128277877,0.8963969858645742
226,271.2583651363849,R2-SIDE,REGION-2,SuperheatedVapor,5.611918526638141,0.03488006535607355,2592875.6457841885,,True,SuperheatedVapor,339.987429474839,6.508306961247831,True,68.72906433845412,0.8963884346096895
227,271.3093077659606,R1-SIDE,REGION-1,SubcooledLiquid,5.616483478774576,0.001306731515872554,1184427.6258439887,,True,SubcooledLiquid,282.0165775819022,60.90185561465492,True,10.707269815941572,55.285372135880344
227,271.3093077659606,R4-LIQUID-SIDE,REGION-4,SaturatedMixture,5.616427314501431,0.0013067652019257891,1184429.1278906548,1E-06,True,SubcooledLiquid,282.01693521206073,60.84571914184934,False,10.707627446100105,55.22929182734791
227,271.3093077659606,R4-VAPOR-SIDE,REGION-4,SaturatedMixture,5.616427314501431,0.03484981992638795,2592838.626902618,0.999999,True,SuperheatedVapor,340.0695226709686,6.513762836577165,False,68.76021490500796,0.8973355220757337
227,271.3093077659606,R2-SIDE,REGION-2,SuperheatedVapor,5.616371150228286,0.034850344461411255,2592842.8181619057,,True,SuperheatedVapor,340.07075535411957,6.5136980910885125,True,68.76144758815894,0.8973269408602267
228,271.36016235947625,R1-SIDE,REGION-1,SubcooledLiquid,5.62093118641792,0.0013068772928526706,1184680.6791459979,,True,SubcooledLiquid,282.07682836809477,60.98322093815099,True,10.716666008618517,55.36228975173307
228,271.36016235947625,R4-LIQUID-SIDE,REGION-4,SaturatedMixture,5.620874977668143,0.0013069109493543012,1184682.1810454917,1E-06,True,SubcooledLiquid,282.0771859632124,60.92714095026964,False,10.717023603736152,55.306265972601494
228,271.36016235947625,R4-VAPOR-SIDE,REGION-4,SaturatedMixture,5.620874977668143,0.03482017786644854,2592805.7953456733,0.999999,True,SuperheatedVapor,340.15271369642585,6.519147528500591,False,68.7925513369496,0.8982725508324485
228,271.36016235947625,R2-SIDE,REGION-2,SuperheatedVapor,5.620818768918366,0.0348207020765555,2592809.988577265,,True,SuperheatedVapor,340.15394637957684,6.519082712741103,True,68.79378402010059,0.8982639438227364
229,271.4109251201154,R1-SIDE,REGION-1,SubcooledLiquid,5.625373543851794,0.0013070228846491188,1184933.3047180336,,True,SubcooledLiquid,282.1369773138175,61.06455878324189,True,10.726052193702117,55.4391852393901
229,271.4109251201154,R4-LIQUID-SIDE,REGION-4,SaturatedMixture,5.625317290678886,0.00130705651167988,1184934.8064707501,1E-06,True,SubcooledLiquid,282.13733487398815,61.00853512409283,False,10.726409753872758,55.383217833413944
229,271.4109251201154,R4-VAPOR-SIDE,REGION-4,SaturatedMixture,5.625317290678886,0.03479061635428248,2592772.9645501776,0.999999,True,SuperheatedVapor,340.2357631626212,6.524525286441202,False,68.8248380425058,0.8992079957623158
229,271.4109251201154,R2-SIDE,REGION-2,SuperheatedVapor,5.62526103750598,0.034791140240383,2592777.1597525175,,True,SuperheatedVapor,340.2369958457724,6.524460400435083,True,68.82607072565702,0.8991993629291031
230,271.46150371432316,R1-SIDE,REGION-1,SubcooledLiquid,5.629802450040749,0.0013071680258798187,1185185.0428391723,,True,SubcooledLiquid,282.19691496170776,61.14572044998944,True,10.735411247384604,55.51591799994869
230,271.46150371432316,R4-LIQUID-SIDE,REGION-4,SaturatedMixture,5.629746152579223,0.0013072016235737998,1185186.544445772,1E-06,True,SubcooledLiquid,282.1972724870885,61.089752861428686,False,10.735768772765368,55.46000670884946
230,271.46150371432316,R4-VAPOR-SIDE,REGION-4,SaturatedMixture,5.629746152579223,0.03476118890994676,2592740.194669783,0.999999,True,SuperheatedVapor,340.3185201971837,6.529886305022001,False,68.85701648286056,0.9001401524427779
230,271.46150371432316,R2-SIDE,REGION-2,SuperheatedVapor,5.6296898551176975,0.03476171247353713,2592744.3918377166,,True,SuperheatedVapor,340.3197528803347,6.529821348921665,True,68.85824916601155,0.9001314938039675
231,271.51193360686295,R1-SIDE,REGION-1,SubcooledLiquid,5.634220985275663,0.0013073128176231625,1185436.06976036,,True,SubcooledLiquid,282.25668327627625,61.226761894004504,True,10.744749669413295,55.59254090872884
231,271.51193360686295,R4-LIQUID-SIDE,REGION-4,SaturatedMixture,5.6341646436292265,0.001307346386093584,1185437.5712214003,1E-06,True,SubcooledLiquid,282.25704076700015,61.17085015779867,False,10.745107160137195,55.53668551416944
231,271.51193360686295,R4-VAPOR-SIDE,REGION-4,SaturatedMixture,5.6341646436292265,0.034731874605415,2592707.46326111,0.999999,True,SuperheatedVapor,340.40104254139123,6.535234309881102,False,68.88910893452828,0.9010696662518756
231,271.51193360686295,R2-SIDE,REGION-2,SuperheatedVapor,5.63410830198279,0.03473239784776197,2592711.6623908402,,True,SuperheatedVapor,340.4022752245422,6.535169283790378,True,68.89034161767927,0.9010609818075874
232,271.5621550083159,R1-SIDE,REGION-1,SubcooledLiquid,5.638623883945962,0.0013074570874684046,1185686.0875819444,,True,SubcooledLiquid,282.31621132903445,61.307585994138485,True,10.754056320718519,55.668962110192524
232,271.5621550083159,R4-LIQUID-SIDE,REGION-4,SaturatedMixture,5.638567498270978,0.0013074906268628224,1185687.588898154,1E-06,True,SubcooledLiquid,282.31656878527485,61.25172982646038,False,10.754413776958927,55.6131623281894
232,271.5621550083159,R4-VAPOR-SIDE,REGION-4,SaturatedMixture,5.638567498270978,0.03470270788390105,2592674.8097051224,0.999999,True,SuperheatedVapor,340.48323184880906,6.54056292276362,False,68.92107684049313,0.9019954244926414
232,271.5621550083159,R2-SIDE,REGION-2,SuperheatedVapor,5.638511112595996,0.034703230806648507,2592679.010790511,,True,SuperheatedVapor,340.48446453196004,6.540497826870166,True,68.92230952364412,0.9019867142741704
233,271.6121370434762,R1-SIDE,REGION-1,SubcooledLiquid,5.643008405188661,0.001307600745769015,1185934.9422371765,,True,SubcooledLiquid,282.37546243742304,61.38814170468685,True,10.763325393946843,55.74513329949819
233,271.6121370434762,R4-LIQUID-SIDE,REGION-4,SaturatedMixture,5.642951975668904,0.0013076342562524717,1185936.4434093728,1E-06,True,SubcooledLiquid,282.3758198593745,61.33234078831811,False,10.763682815898278,55.68938881264921
233,271.6121370434762,R4-VAPOR-SIDE,REGION-4,SaturatedMixture,5.642951975668904,0.03467370629545008,2592642.25480513,0.999999,True,SuperheatedVapor,340.5650378286465,6.5458688315217595,False,68.9529007851703,0.9029168558528555
233,271.6121370434762,R2-SIDE,REGION-2,SuperheatedVapor,5.6428955461491475,0.03467422890043396,2592646.457838816,,True,SuperheatedVapor,340.5662701392731,6.545803661858959,True,68.95413309579692,0.9029081157098116
234,271.66190503835685,R1-SIDE,REGION-1,SubcooledLiquid,5.647376736302868,0.0013077438643549941,1186182.75945733,,True,SubcooledLiquid,282.43446653745957,61.46846846920468,True,10.772561499102721,55.82109173290181
234,271.66190503835685,R4-LIQUID-SIDE,REGION-4,SaturatedMixture,5.647320263100236,0.0013077773460775006,1186184.260486254,1E-06,True,SubcooledLiquid,282.4348239252987,61.412722515688365,False,10.772918886941852,55.76540225258813
234,271.66190503835685,R4-VAPOR-SIDE,REGION-4,SaturatedMixture,5.647320263100236,0.03464485476177547,2592609.78280106,0.999999,True,SuperheatedVapor,340.64650145858525,6.551154680227824,False,68.9845964202284,0.9038344171275874
234,271.66190503835685,R2-SIDE,REGION-2,SuperheatedVapor,5.647263789897606,0.034645377050666074,2592613.9877766427,,True,SuperheatedVapor,340.64773376921187,6.551089441190953,True,68.98582873085502,0.9038256512933476
235,271.71136682629583,R1-SIDE,REGION-1,SubcooledLiquid,5.6517207480659435,0.0013078861770708361,1186429.0798837598,,True,SubcooledLiquid,282.4931142580382,61.54841592331717,True,10.78174743174236,55.89669517525123
235,271.71136682629583,R4-LIQUID-SIDE,REGION-4,SaturatedMixture,5.651664231423629,0.001307919630235226,1186430.5807704183,1E-06,True,SubcooledLiquid,282.4934716120043,61.49272454328373,False,10.782104785708498,55.8410603118601
235,271.71136682629583,R4-VAPOR-SIDE,REGION-4,SaturatedMixture,5.651664231423629,0.034616206281410565,2592577.454674956,0.999999,True,SuperheatedVapor,340.7274718662537,6.556410635773601,False,69.01610503995789,0.9047464043499724
235,271.71136682629583,R2-SIDE,REGION-2,SuperheatedVapor,5.651607714781315,0.03461672825645844,2592581.6615824085,,True,SuperheatedVapor,340.72870417688034,6.556345327689558,True,69.01733735058451,0.9047376129082423
236,271.76054902672774,R1-SIDE,REGION-1,SubcooledLiquid,5.65604273406477,0.0013080277592523414,1186674.0356085147,,True,SubcooledLiquid,282.5514370496463,61.628025263815786,True,10.79088802291858,55.97198252975102
236,271.76054902672774,R4-LIQUID-SIDE,REGION-4,SaturatedMixture,5.6559861742030275,0.0013080611840455944,1186675.5363538335,1E-06,True,SubcooledLiquid,282.5517943699605,61.57238809822748,False,10.791245343232731,55.91640192402445
236,271.76054902672774,R4-VAPOR-SIDE,REGION-4,SaturatedMixture,5.6559861742030275,0.03458774495637634,2592545.2539819498,0.999999,True,SuperheatedVapor,340.80799226447937,6.561639473967782,False,69.04744323775162,0.9056532997647544
236,271.76054902672774,R2-SIDE,REGION-2,SuperheatedVapor,5.655929614341286,0.03458826661965754,2592549.4628122565,,True,SuperheatedVapor,340.80922420258185,6.561574092929733,True,69.0486751758541,0.9056444785884468
237,271.80945309996594,R1-SIDE,REGION-1,SubcooledLiquid,5.6603427807343385,0.0013081686139175491,1186917.633457425,,True,SubcooledLiquid,282.6094365374822,61.70729712731241,True,10.799983437516289,56.04695434657807
237,271.80945309996594,R4-LIQUID-SIDE,REGION-4,SaturatedMixture,5.6602861778725595,0.0013082020105253437,1186919.1340623267,1E-06,True,SubcooledLiquid,282.6097938243636,61.651713819657495,False,10.800340724397643,55.99142764178494
237,271.80945309996594,R4-VAPOR-SIDE,REGION-4,SaturatedMixture,5.6602861778725595,0.034559469486873724,2592513.1806677207,0.999999,True,SuperheatedVapor,340.888064515884,6.566841297859253,False,69.07861141591809,0.9065551199866935
237,271.80945309996594,R2-SIDE,REGION-2,SuperheatedVapor,5.660229575010781,0.03455999084044962,2592517.3914118935,,True,SuperheatedVapor,340.8892968265109,6.566775852553637,True,69.07984372654494,0.9065462775428559
238,271.85805572271363,R1-SIDE,REGION-1,SubcooledLiquid,5.6646187939489305,0.0013083086726604892,1187159.7567903174,,True,SubcooledLiquid,282.6670849500756,61.786191909653425,True,10.809029227361975,56.12157311570449
238,271.85805572271363,R4-LIQUID-SIDE,REGION-4,SaturatedMixture,5.664562148327447,0.0013083420412814733,1187161.2572557877,1E-06,True,SubcooledLiquid,282.66744220375904,61.73066207867275,False,10.809386481045408,56.0660999303453
238,271.85805572271363,R4-VAPOR-SIDE,REGION-4,SaturatedMixture,5.664562148327447,0.03453139289010333,2592481.250962779,0.999999,True,SuperheatedVapor,340.967650995506,6.572013585377266,False,69.10959527279238,0.9074514370498186
238,271.85805572271363,R2-SIDE,REGION-2,SuperheatedVapor,5.664505502705964,0.034531913936177376,2592485.463610885,,True,SuperheatedVapor,340.96888293360826,6.571948067732623,True,69.11082721089463,0.9074425650266589
239,271.90634704828267,R1-SIDE,REGION-1,SubcooledLiquid,5.6688698617659,0.0013084479058079143,1187400.3560649478,,True,SubcooledLiquid,282.7243704916542,61.86469172067753,True,10.818023443371544,56.19582185891163
239,271.90634704828267,R4-LIQUID-SIDE,REGION-4,SaturatedMixture,5.668813173634164,0.0013084812466459105,1187401.8563920003,1E-06,True,SubcooledLiquid,282.7247277123811,61.80921497526395,False,10.818380664098413,56.140401801629785
239,271.90634704828267,R4-VAPOR-SIDE,REGION-4,SaturatedMixture,5.668813173634164,0.03450352036494655,2592449.472320647,0.999999,True,SuperheatedVapor,341.04673493974826,6.577155231738851,False,69.1403878914656,0.9083420581046866
239,271.90634704828267,R2-SIDE,REGION-2,SuperheatedVapor,5.668756485502428,0.034504041105778746,2592453.686862336,,True,SuperheatedVapor,341.04796687785074,6.577089646292811,True,69.14161982956807,0.9083331607903835
240,271.95431818962084,R1-SIDE,REGION-1,SubcooledLiquid,5.673095155065923,0.00130858628640367,1187639.3865017516,,True,SubcooledLiquid,282.7812825004171,61.942780150015004,True,10.826964310796257,56.26968499494908
240,271.95431818962084,R4-LIQUID-SIDE,REGION-4,SaturatedMixture,5.673038424681676,0.0013086195996671068,1187640.8866914231,1E-06,True,SubcooledLiquid,282.7816396884342,61.88735609029774,False,10.827321498813376,56.214317665616065
240,271.95431818962084,R4-VAPOR-SIDE,REGION-4,SaturatedMixture,5.673038424681676,0.034475856541395226,2592417.8516000174,0.999999,True,SuperheatedVapor,341.12530107511213,6.582265231932257,False,69.1709828854913,0.9092268072505814
240,271.95431818962084,R2-SIDE,REGION-2,SuperheatedVapor,5.672981694297429,0.03447637697929577,2592422.068024558,,True,SuperheatedVapor,341.1265330132144,6.58219957903873,True,69.17221482359355,0.9092178847413006
241,272.00196151137345,R1-SIDE,REGION-1,SubcooledLiquid,5.677293953569519,0.0013087237910596836,1187876.8095423067,,True,SubcooledLiquid,282.8378117957874,62.02044275550609,True,10.835850284413937,56.34314880193657
241,272.00196151137345,R4-LIQUID-SIDE,REGION-4,SaturatedMixture,5.6772371811977065,0.0013087570769608687,1187878.3095956515,1E-06,True,SubcooledLiquid,282.83816895134566,61.96507097424133,False,10.836207439972213,56.287833793043625
241,272.00196151137345,R4-VAPOR-SIDE,REGION-4,SaturatedMixture,5.6772371811977065,0.03444840531506223,2592386.394865873,0.999999,True,SuperheatedVapor,341.2033378533413,6.587342731918627,False,69.20137634196783,0.9101055507209201
241,272.00196151137345,R2-SIDE,REGION-2,SuperheatedVapor,5.677180408825895,0.03444892545238352,2592390.613162198,,True,SuperheatedVapor,341.20456941891916,6.587277007746026,True,69.20260790754571,0.9100965989201315
242,272.04927046298974,R1-SIDE,REGION-1,SubcooledLiquid,5.681465631454847,0.001308860399483803,1188112.5920212,,True,SubcooledLiquid,282.8939504812382,62.09766680574295,True,10.844680018248482,56.416201174288105
242,272.04927046298974,R4-LIQUID-SIDE,REGION-4,SaturatedMixture,5.681408817366673,0.0013088936582382848,1188114.0919392908,1E-06,True,SubcooledLiquid,282.8943076045931,62.042346889533434,False,10.84503714160337,56.36093807216676
242,272.04927046298974,R4-VAPOR-SIDE,REGION-4,SaturatedMixture,5.681408817366673,0.03442116994660219,2592355.1074925596,0.999999,True,SuperheatedVapor,341.280832981132,6.592386963880265,False,69.23156251814225,0.9109781465135915
242,272.04927046298974,R2-SIDE,REGION-2,SuperheatedVapor,5.6813520032785,0.03442168978573189,2592359.3276493098,,True,SuperheatedVapor,341.2820649192345,6.592321177200627,True,69.23279445624473,0.9109691739221271
243,272.09623962044714,R1-SIDE,REGION-1,SubcooledLiquid,5.6856096613319425,0.001308996094608899,1188346.706377209,,True,SubcooledLiquid,282.9496919945735,62.17444136143568,True,10.853452374126391,56.48883170010374
243,272.09623962044714,R4-LIQUID-SIDE,REGION-4,SaturatedMixture,5.6855528058038844,0.001309029326434815,1188348.2061611323,1E-06,True,SubcooledLiquid,282.950049085984,62.1191728919806,False,10.85380946553687,56.43362008617671
243,272.09623962044714,R4-VAPOR-SIDE,REGION-4,SaturatedMixture,5.6855528058038844,0.03439415304063091,2592323.994129734,0.999999,True,SuperheatedVapor,341.3577786354721,6.597397308960121,False,69.26153901502494,0.911844503156237
243,272.09623962044714,R2-SIDE,REGION-2,SuperheatedVapor,5.685495950275826,0.03439467258398467,2592328.216135301,,True,SuperheatedVapor,341.35901020104995,6.597331451764814,True,69.26277058060282,0.9118355014889872
244,272.1428643941882,R1-SIDE,REGION-1,SubcooledLiquid,5.689725588750373,0.0013091308617571545,1188579.1292005496,,True,SubcooledLiquid,283.00503076203563,62.25075681045221,True,10.862166367847408,56.56103122170184
244,272.1428643941882,R4-LIQUID-SIDE,REGION-4,SaturatedMixture,5.689668692063452,0.001309164066874745,1188580.6288514016,1E-06,True,SubcooledLiquid,283.0053878217624,62.19553936546964,False,10.86252342757416,56.50587067340619
244,272.1428643941882,R4-VAPOR-SIDE,REGION-4,SaturatedMixture,5.689668692063452,0.03436735671645584,2592293.058889797,0.999999,True,SuperheatedVapor,341.43416587577667,6.602373208809314,False,69.29130148158845,0.9127045167458618
244,272.1428643941882,R2-SIDE,REGION-2,SuperheatedVapor,5.689611795376532,0.03436787596647198,2592297.28273236,,True,SuperheatedVapor,341.4353974413548,6.602307285690282,True,69.29253304716656,0.9126954903137499
245,272.18914115428936,R1-SIDE,REGION-1,SubcooledLiquid,5.693813043479046,0.0013092646890086,1188809.8418593581,,True,SubcooledLiquid,283.05996234746624,62.32660508311368,True,10.87082119317688,56.63279203963463
245,272.18914115428936,R4-LIQUID-SIDE,REGION-4,SaturatedMixture,5.693756105917986,0.0013092978676396572,1188811.3413782436,1E-06,True,SubcooledLiquid,283.06031937577234,62.271438237395905,False,10.871178221482978,56.57768213147792
245,272.18914115428936,R4-VAPOR-SIDE,REGION-4,SaturatedMixture,5.693756105917986,0.03434078253841394,2592262.305259808,0.999999,True,SuperheatedVapor,341.5099894867046,6.607314231428366,False,69.32084833241527,0.91355812551038
245,272.18914115428936,R2-SIDE,REGION-2,SuperheatedVapor,5.693699168356927,0.03434130149754742,2592266.5309273605,,True,SuperheatedVapor,341.5112210522825,6.607248242786683,True,69.32207989799315,0.9135490744297563
246,272.23506702184693,R1-SIDE,REGION-1,SubcooledLiquid,5.697871721312088,0.001309397566604636,1189038.829462193,,True,SubcooledLiquid,283.11448320528405,62.40197932080793,True,10.879416183437115,56.70410759949584
246,272.23506702184693,R4-LIQUID-SIDE,REGION-4,SaturatedMixture,5.697814743164656,0.0013094307189720742,1189040.3288502223,1E-06,True,SubcooledLiquid,283.1148402024339,62.34686264704471,False,10.879773180586994,56.64904790388005
246,272.23506702184693,R4-VAPOR-SIDE,REGION-4,SaturatedMixture,5.697814743164656,0.03431443163795101,2592231.736235043,0.999999,True,SuperheatedVapor,341.58524425291455,6.61222001099957,False,69.35017723106762,0.9144052678349137
246,272.23506702184693,R2-SIDE,REGION-2,SuperheatedVapor,5.697757765017225,0.03431495030866867,2592235.9637154336,,True,SuperheatedVapor,341.58647581849266,6.612153957242254,True,69.35140879664573,0.9143961922250288
247,272.2806400775909,R1-SIDE,REGION-1,SubcooledLiquid,5.701901402712715,0.001309529487557712,1189266.0819004646,,True,SubcooledLiquid,283.1685909286821,62.476874227840256,True,10.887950851091205,56.77497282512754
247,272.2806400775909,R4-LIQUID-SIDE,REGION-4,SaturatedMixture,5.701844384268872,0.0013095626138850142,1189267.5811587523,1E-06,True,SubcooledLiquid,283.1689478949411,62.421807297672075,False,10.88830781735021,56.7199629134032
247,272.2806400775909,R4-VAPOR-SIDE,REGION-4,SaturatedMixture,5.701844384268872,0.034288304595955346,2592201.3541755714,0.999999,True,SuperheatedVapor,341.659926449163,6.6170902833127405,False,69.3792863715721,0.9152458990438683
247,272.2806400775909,R2-SIDE,REGION-2,SuperheatedVapor,5.701787365825029,0.03428882298072997,2592205.5834565354,,True,SuperheatedVapor,341.66115801474086,6.6170241648513075,True,69.38051793714999,0.9152367990262782
248,272.32585906982433,R1-SIDE,REGION-1,SubcooledLiquid,5.705901927205711,0.0013096604468122873,1189491.5923944463,,True,SubcooledLiquid,283.2222839034397,62.551285601398945,True,10.896424833615356,56.845383674193236
248,272.32585906982433,R4-LIQUID-SIDE,REGION-4,SaturatedMixture,5.705844868757024,0.0013096935473231285,1189493.0915241074,1E-06,True,SubcooledLiquid,283.2226408390733,62.49626798613966,False,10.896781769248946,56.79042311738263
248,272.32585906982433,R4-VAPOR-SIDE,REGION-4,SaturatedMixture,5.705844868757024,0.03426240161231621,2592171.1609962136,0.999999,True,SuperheatedVapor,341.734034585352,6.621924868548368,False,69.40817551552766,0.9160799997913447
248,272.32585906982433,R2-SIDE,REGION-2,SuperheatedVapor,5.705787810308336,0.03426291971362212,2592175.392065395,,True,SuperheatedVapor,341.73526577840573,6.621858681601679,True,69.4094067085814,0.9160708712933427
249,272.3707235813141,R1-SIDE,REGION-1,SubcooledLiquid,5.709873208318444,0.001309790441733358,1189715.3583275164,,True,SubcooledLiquid,283.2755615065515,62.62521061431866,True,10.904837925237416,56.91533740600022
249,272.3707235813141,R4-LIQUID-SIDE,REGION-4,SaturatedMixture,5.709816110157342,0.0013098235166511308,1189716.8573296657,1E-06,True,SubcooledLiquid,283.2759184118253,62.570241885860604,False,10.905194830511164,56.86042577570326
249,272.3707235813141,R4-VAPOR-SIDE,REGION-4,SaturatedMixture,5.709816110157342,0.03423672241203143,2592141.1580512254,0.999999,True,SuperheatedVapor,341.8075667988602,6.6267236568351535,False,69.43684321754608,0.9169075466778116
249,272.3707235813141,R2-SIDE,REGION-2,SuperheatedVapor,5.7097590119962405,0.034237240232339525,2592145.390896226,,True,SuperheatedVapor,341.8087979919137,6.62665740601695,True,69.4380744105996,0.9168983940207092
250,272.41523357033736,R1-SIDE,REGION-1,SubcooledLiquid,5.71381519312334,0.0013099194707815922,1189937.3789589244,,True,SubcooledLiquid,283.3284235616487,62.698647066571645,True,10.913189991311356,56.98483187344831
250,272.41523357033736,R4-LIQUID-SIDE,REGION-4,SaturatedMixture,5.713758055542784,0.0013099525203291973,1189938.8778346728,1E-06,True,SubcooledLiquid,283.32878043682683,62.64372679778002,False,10.913546866489469,56.929968742237236
250,272.41523357033736,R4-VAPOR-SIDE,REGION-4,SaturatedMixture,5.713758055542784,0.034211266509515774,2592111.346437541,0.999999,True,SuperheatedVapor,341.8805234622115,6.63148659716815,False,69.46528989187414,0.9177285416253662
250,272.41523357033736,R2-SIDE,REGION-2,SuperheatedVapor,5.713700917962229,0.0342117840512911,2592115.581045917,,True,SuperheatedVapor,341.88175465526524,6.631420282897535,True,69.46652108492788,0.9177193649353059
251,272.45532531738286,R1-SIDE,REGION-1,SubcooledLiquid,5.717367658929444,0.0013100357442404349,1190137.3804716067,,True,SubcooledLiquid,283.37604296943016,62.76487556066911,True,10.920717652047301,57.047507901739664
251,272.45532531738286,R4-LIQUID-SIDE,REGION-4,SaturatedMixture,5.717310485824585,0.0013100687709538207,1190138.8792335908,1E-06,True,SubcooledLiquid,283.3763998175217,62.70999890646785,False,10.921074500138843,56.99268842064327
251,272.45532531738286,R4-VAPOR-SIDE,REGION-4,SaturatedMixture,5.717310485824585,0.0341883548224178,2592084.455011124,0.999999,True,SuperheatedVapor,341.94624272204,6.635778511682246,False,69.49091740465713,0.9184680258576607
251,272.45532531738286,R2-SIDE,REGION-2,SuperheatedVapor,5.717253312719727,0.03418887211351706,2592088.691209194,,True,SuperheatedVapor,341.9474739150935,6.635712140184524,True,69.49214859771064,0.9184588274647973
252,272.4857955574988,R1-SIDE,REGION-1,SubcooledLiquid,5.720068705998149,0.0013101241467677743,1190289.3965769727,,True,SubcooledLiquid,283.4122372802316,62.815261887743844,True,10.926441722732761,57.09519318174569
252,272.4857955574988,R4-LIQUID-SIDE,REGION-4,SaturatedMixture,5.72001150588309,0.0013101571561380096,1190290.895252551,1E-06,True,SubcooledLiquid,283.41259410775035,62.760418359164,False,10.926798550251533,57.04040685328091
252,272.4857955574988,R4-VAPOR-SIDE,REGION-4,SaturatedMixture,5.72001150588309,0.034170952642002074,2592063.9924270646,0.999999,True,SuperheatedVapor,341.9961930251494,6.6390415367630435,False,69.51039746765059,0.9190300308799539
252,272.4857955574988,R2-SIDE,REGION-2,SuperheatedVapor,5.719954305768031,0.034171469742716266,2592068.229834183,,True,SuperheatedVapor,341.9974242182028,6.638975121725412,True,69.51162866070399,0.9190208159573814
253,273.6084401816131,R1-SIDE,REGION-1,SubcooledLiquid,5.820267174253091,0.0013134013963765798,1195897.7876293191,,True,SubcooledLiquid,284.7475684831712,64.70336343875996,True,11.139128301558117,58.883096264506875
253,273.6084401816131,R4-LIQUID-SIDE,REGION-4,SaturatedMixture,5.820208972163369,0.001313433773413115,1195899.2831561486,1E-06,True,SubcooledLiquid,284.7479245609878,64.64972725032183,False,11.139484379374721,58.82951827815846
253,273.6084401816131,R4-VAPOR-SIDE,REGION-4,SaturatedMixture,5.820208972163369,0.033536349552224724,2591295.0826239036,0.999999,True,SuperheatedVapor,343.83805150032515,6.759923428472892,False,70.22961131871205,0.939714456309523
253,273.6084401816131,R2-SIDE,REGION-2,SuperheatedVapor,5.820150770073648,0.033536859717298376,2591299.3651022394,,True,SuperheatedVapor,343.8392797131837,6.759855346801937,True,70.23083953157061,0.939704576728289
254,273.6215528190136,R1-SIDE,REGION-1,SubcooledLiquid,5.821445366863253,0.0013134399086173803,1195963.3813693912,,True,SubcooledLiquid,284.76318604033133,64.72578635647132,True,11.141633221317761,58.904340989608066
254,273.6215528190136,R4-LIQUID-SIDE,REGION-4,SaturatedMixture,5.821387152991723,0.001313472278344135,1195964.8768598505,1E-06,True,SubcooledLiquid,284.7635421094882,64.6721641201173,False,11.141989290474612,58.850776967125576
254,273.6215528190136,R4-VAPOR-SIDE,REGION-4,SaturatedMixture,5.821387152991723,0.033529012157664885,2591285.928321179,0.999999,True,SuperheatedVapor,343.85957931132987,6.761342780020411,False,70.2380264923163,0.939955627028688
254,273.6215528190136,R2-SIDE,REGION-2,SuperheatedVapor,5.8213289391201934,0.033529522242630595,2591290.211332061,,True,SuperheatedVapor,343.86080752418843,6.761274678930486,True,70.23925470517486,0.9399457398102928
255,273.68795581161976,R1-SIDE,REGION-1,SubcooledLiquid,5.8274145841073945,0.0013136350197909864,1196295.5820981383,,True,SubcooledLiquid,284.84228145193777,64.83947005525236,True,11.154325640318007,59.01205547114497
255,273.68795581161976,R4-LIQUID-SIDE,REGION-4,SaturatedMixture,5.827356310544289,0.0013136673525273837,1196297.0774045666,1E-06,True,SubcooledLiquid,284.8426374772778,64.78591842028207,False,11.154681665658018,58.958562109737784
255,273.68795581161976,R4-VAPOR-SIDE,REGION-4,SaturatedMixture,5.827356310544289,0.033491881563317796,2591239.5087226685,0.999999,True,SuperheatedVapor,343.9686008043028,6.768533013570706,False,70.28064499268305,0.9411767030264171
255,273.68795581161976,R2-SIDE,REGION-2,SuperheatedVapor,5.827298036981183,0.033492391242930374,2591243.794432579,,True,SuperheatedVapor,343.969828644637,6.76846480983572,True,70.28187283301725,0.9411667728545368
256,273.8153027057647,R1-SIDE,REGION-1,SubcooledLiquid,5.838875354157347,0.0013140095921473102,1196932.8180560893,,True,SubcooledLiquid,284.99400429906893,65.05811456064689,True,11.178701593304254,59.21923920648954
256,273.8153027057647,R4-LIQUID-SIDE,REGION-4,SaturatedMixture,5.838816965987687,0.001314041854068642,1196934.3130102758,1E-06,True,SubcooledLiquid,284.99436024054194,65.00469807868737,False,11.179057534777257,59.16588111269968
256,273.8153027057647,R4-VAPOR-SIDE,REGION-4,SaturatedMixture,5.838816965987687,0.03342079567622713,2591150.196722634,0.999999,True,SuperheatedVapor,344.1776994800474,6.782334358014986,False,70.36239677428273,0.9435173920272995
256,273.8153027057647,R2-SIDE,REGION-2,SuperheatedVapor,5.8387585778180275,0.033421304579938534,2591154.4876189725,,True,SuperheatedVapor,344.17892732038183,6.782265964852745,True,70.36362461461715,0.9435073870347175
257,273.84035230278926,R1-SIDE,REGION-1,SubcooledLiquid,5.841131753297155,0.0013140833323781833,1197058.187181957,,True,SubcooledLiquid,285.0238540909422,65.10121941809561,True,11.183501788152967,59.260087664798455
257,273.84035230278926,R4-LIQUID-SIDE,REGION-4,SaturatedMixture,5.841073342563729,0.0013141155803891844,1197059.6820669635,1E-06,True,SubcooledLiquid,285.0242100159438,65.04782948330579,False,11.183857713154566,59.20675614074206
257,273.84035230278926,R4-VAPOR-SIDE,REGION-4,SaturatedMixture,5.841073342563729,0.03340683178362017,2591132.5839640256,0.999999,True,SuperheatedVapor,344.21883287629123,6.78505098301708,False,70.37848057350197,0.9439776404533511
257,273.84035230278926,R2-SIDE,REGION-2,SuperheatedVapor,5.841014931830304,0.03340734053493778,2591136.875882144,,True,SuperheatedVapor,344.22006034410083,6.784982548323854,True,70.37970804131157,0.9439676164935502
258,273.96743665337556,R1-SIDE,REGION-1,SubcooledLiquid,5.852589422274065,0.0013144577462573855,1197694.3376272968,,True,SubcooledLiquid,285.1753184826897,65.32039508919637,True,11.207881829314147,59.4678056669223
258,273.96743665337556,R4-LIQUID-SIDE,REGION-4,SaturatedMixture,5.852530896965095,0.001314489923794289,1197695.832161879,1E-06,True,SubcooledLiquid,285.1756743242569,65.26713964476735,False,11.208237670881317,59.41460874780226
258,273.96743665337556,R4-VAPOR-SIDE,REGION-4,SaturatedMixture,5.852530896965095,0.033336084466411384,2591043.0019941246,0.999999,True,SuperheatedVapor,344.4275269905662,6.798842554587763,False,70.46009033719065,0.946311657622668
258,273.96743665337556,R2-SIDE,REGION-2,SuperheatedVapor,5.852472371656125,0.033336592445744447,2591047.299104127,,True,SuperheatedVapor,344.42875408585166,6.798773925742552,True,70.46131743247611,0.9463015540864266
259,274.1351564466953,R1-SIDE,REGION-1,SubcooledLiquid,5.867736958825487,0.0013149526660813484,1198534.1906164607,,True,SubcooledLiquid,285.3752834801097,65.61091433126094,True,11.24012703341441,59.743177372435454
259,274.1351564466953,R4-LIQUID-SIDE,REGION-4,SaturatedMixture,5.867678282042666,0.001314984750858243,1198535.684689975,1E-06,True,SubcooledLiquid,285.37563921189883,65.55783589183966,False,11.240482765203524,59.69015760979699
259,274.1351564466953,R4-VAPOR-SIDE,REGION-4,SaturatedMixture,5.867678282042666,0.0332429600689319,2590924.1946449736,0.999999,True,SuperheatedVapor,344.7029819428175,6.817067649840666,False,70.56782549612217,0.9493893677980001
259,274.1351564466953,R2-SIDE,REGION-2,SuperheatedVapor,5.867619605259846,0.03324346703238895,2590928.4986277,,True,SuperheatedVapor,344.70420866557856,6.8169987648828325,True,70.56905221888326,0.9493791596229864
260,274.3160987555981,R1-SIDE,REGION-1,SubcooledLiquid,5.88411222739679,0.0013154876104066442,1199440.6290081055,,True,SubcooledLiquid,285.591102144787,65.92595680000676,True,11.275003389188896,60.04184457260997
260,274.3160987555981,R4-LIQUID-SIDE,REGION-4,SaturatedMixture,5.884053386862921,0.001315519595426388,1199442.1225860086,1E-06,True,SubcooledLiquid,285.5914577585735,65.8730686986319,False,11.275359002975392,59.98901531176897
260,274.3160987555981,R4-VAPOR-SIDE,REGION-4,SaturatedMixture,5.884053386862921,0.03314280490922567,2590795.277445156,0.999999,True,SuperheatedVapor,345.0001859855513,6.836759408330878,False,70.6840872299532,0.9527060214679572
260,274.3160987555981,R2-SIDE,REGION-2,SuperheatedVapor,5.883994546329053,0.03314331078047393,2590799.588868994,,True,SuperheatedVapor,345.00141196326365,6.83669024165737,True,70.68531320766556,0.952695695328317
261,274.4903302550314,R1-SIDE,REGION-1,SubcooledLiquid,5.899913120456926,0.0013160037052929016,1200313.8171729227,,True,SubcooledLiquid,285.7990040887911,66.23091406221819,True,11.308673833759713,60.33100094176126
261,274.4903302550314,R4-LIQUID-SIDE,REGION-4,SaturatedMixture,5.899854121915706,0.0013160355945639182,1200315.310275384,1E-06,True,SubcooledLiquid,285.7993595893771,66.17820863244387,False,11.309029334345723,60.27835451052816
261,274.4903302550314,R4-VAPOR-SIDE,REGION-4,SaturatedMixture,5.899854121915706,0.03304666809548233,2590670.410535373,0.999999,True,SuperheatedVapor,345.2863934813113,6.855749770462258,False,70.7960632262799,0.9558956485465515
261,274.4903302550314,R2-SIDE,REGION-2,SuperheatedVapor,5.899795123374488,0.033047172918702114,2590674.7291505365,,True,SuperheatedVapor,345.2876190864994,6.855680334813926,True,70.797288831468,0.9558852114394387
262,274.66211806535716,R1-SIDE,REGION-1,SubcooledLiquid,5.915524095625014,0.0013165135164861618,1201175.1127888495,,True,SubcooledLiquid,286.00407447353564,66.53314043671419,True,11.341956408178476,60.617616341089175
262,274.66211806535716,R4-LIQUID-SIDE,REGION-4,SaturatedMixture,5.915464940975604,0.0013165453116467437,1201176.6054242677,1E-06,True,SubcooledLiquid,286.0044298629209,66.48061453562175,False,11.342311797563752,60.56514959464615
262,274.66211806535716,R4-VAPOR-SIDE,REGION-4,SaturatedMixture,5.915464940975604,0.03295217033086106,2590546.591056194,0.999999,True,SuperheatedVapor,345.56860602569304,6.874501231040371,False,70.90648796033588,0.9590362900647671
262,274.66211806535716,R2-SIDE,REGION-2,SuperheatedVapor,5.915405786326195,0.032952674124267875,2590550.9167871126,,True,SuperheatedVapor,345.5698308858323,6.874431524441676,True,70.90771282047513,0.9590257381154812
263,274.83064057230956,R1-SIDE,REGION-1,SubcooledLiquid,5.930868966071628,0.0013170145615837637,1202020.3799660765,,True,SubcooledLiquid,286.2053285633516,66.83112377437588,True,11.374687991042038,60.900254808304254
263,274.83064057230956,R4-LIQUID-SIDE,REGION-4,SaturatedMixture,5.930809657975048,0.0013170462647066985,1202021.8721450153,1E-06,True,SubcooledLiquid,286.20568384405135,66.77877343133584,False,11.375043271741788,60.84796377336079
263,274.83064057230956,R4-VAPOR-SIDE,REGION-4,SaturatedMixture,5.930809657975048,0.03285974815720084,2590424.444362101,0.999999,True,SuperheatedVapor,345.8454668849288,6.892922412016399,False,71.01482631261922,0.9621127540413514
263,274.83064057230956,R2-SIDE,REGION-2,SuperheatedVapor,5.930750349878468,0.032860250943751335,2590428.7770980364,,True,SuperheatedVapor,345.8466910000194,6.892852437966748,True,71.01605042770984,0.9621020880882796
264,274.9943043649197,R1-SIDE,REGION-1,SubcooledLiquid,5.945800496543902,0.0013175020399930429,1202841.6029714425,,True,SubcooledLiquid,286.4008578503435,67.12194850039609,True,11.406553485423842,61.176148003852184
264,274.9943043649197,R4-LIQUID-SIDE,REGION-4,SaturatedMixture,5.945741039133511,0.0013175336540001423,1202843.0947086723,1E-06,True,SubcooledLiquid,286.4012130258744,67.06976812674826,False,11.406908660954741,61.12402708761475
264,274.9943043649197,R4-VAPOR-SIDE,REGION-4,SaturatedMixture,5.945741039133511,0.03277025452503614,2590305.172455866,0.999999,True,SuperheatedVapor,346.1143516248093,6.910836947168458,False,71.12004725988959,0.9650959080349475
264,274.9943043649197,R2-SIDE,REGION-2,SuperheatedVapor,5.94568158172312,0.03277075633695591,2590309.5120182214,,True,SuperheatedVapor,346.1155753673754,6.910766715849026,True,71.12127100245573,0.9650851341259061
265,275.1527390658854,R1-SIDE,REGION-1,SubcooledLiquid,5.960282286154091,0.0013179747711376507,1203636.8945005422,,True,SubcooledLiquid,286.59021297631955,67.40483444692214,True,11.437473910434164,61.44455216076805
265,275.1527390658854,R4-LIQUID-SIDE,REGION-4,SaturatedMixture,5.960222683927252,0.0013180062991271263,1203638.3858117014,1E-06,True,SubcooledLiquid,286.59056805040507,67.3528181192189,False,11.437828984519683,61.392595435291646
265,275.1527390658854,R4-VAPOR-SIDE,REGION-4,SaturatedMixture,5.960222683927252,0.032683867054212716,2590189.1027494515,0.999999,True,SuperheatedVapor,346.37464595264305,6.928201765292541,False,71.22190688675767,0.9679790813652893
265,275.1527390658854,R2-SIDE,REGION-2,SuperheatedVapor,5.960163081700412,0.03268436792563316,2590193.448942153,,True,SuperheatedVapor,346.3758689501602,6.928131279268499,True,71.22312988427484,0.9679681975680863
266,275.1843705475329,R1-SIDE,REGION-1,SubcooledLiquid,5.963176797082566,0.0013180692496363089,1203795.7106330188,,True,SubcooledLiquid,286.628026341195,67.46147274618284,True,11.44365579366206,61.49829594910027
266,275.1843705475329,R4-LIQUID-SIDE,REGION-4,SaturatedMixture,5.963117165910907,0.0013181007604818602,1203797.2018592928,1E-06,True,SubcooledLiquid,286.6283813950698,67.40948911233654,False,11.444010847536902,61.446371946425636
266,275.1843705475329,R4-VAPOR-SIDE,REGION-4,SaturatedMixture,5.963117165910907,0.03266664880256628,2590165.8576234705,0.999999,True,SuperheatedVapor,346.42661347523335,6.931671295119687,False,71.24224292770043,0.9685541292087798
266,275.1843705475329,R2-SIDE,REGION-2,SuperheatedVapor,5.963057534739248,0.03266714948656778,2590170.2051425227,,True,SuperheatedVapor,346.4278361002263,6.931600755593449,True,71.24346555269335,0.9685432208542011
267,275.18437056839457,R1-SIDE,REGION-1,SubcooledLiquid,5.963176798991923,0.0013180692496986294,1203795.7107377658,,True,SubcooledLiquid,286.6280263661348,67.4614727835559,True,11.443655797740234,61.49829598456398
267,275.18437056839457,R4-LIQUID-SIDE,REGION-4,SaturatedMixture,5.963117167820244,0.0013181007605441702,1203797.2019640396,1E-06,True,SubcooledLiquid,286.62838142000953,67.40948914973065,False,11.444010851614962,61.4463719819104
267,275.18437056839457,R4-VAPOR-SIDE,REGION-4,SaturatedMixture,5.963117167820244,0.03266664879121357,2590165.857608132,0.999999,True,SuperheatedVapor,346.42661347523335,6.931671297027271,False,71.24224290683878,0.9685541292070265
267,275.18437056839457,R2-SIDE,REGION-2,SuperheatedVapor,5.9630575366485665,0.03266714947521494,2590170.205127186,,True,SuperheatedVapor,346.4278361002263,6.931600757501014,True,71.2434655318317,0.9685432208524478
268,275.1843705892562,R1-SIDE,REGION-1,SubcooledLiquid,5.963176800901273,0.0013180692497609513,1203795.7108425123,,True,SubcooledLiquid,286.6280263910744,67.46147282092706,True,11.443655801818181,61.49829602002578
268,275.1843705892562,R4-LIQUID-SIDE,REGION-4,SaturatedMixture,5.963117169729576,0.0013181007606064806,1203797.2020687866,1E-06,True,SubcooledLiquid,286.62838144494924,67.40948918712375,False,11.444010855693023,61.446372017394175
268,275.1843705892562,R4-VAPOR-SIDE,REGION-4,SaturatedMixture,5.963117169729576,0.032666648779860925,2590165.857592795,0.999999,True,SuperheatedVapor,346.42661347523335,6.931671298934849,False,71.24224288597713,0.9685541292052733
268,275.1843705892562,R2-SIDE,REGION-2,SuperheatedVapor,5.963057538557878,0.03266714946386217,2590170.2051118487,,True,SuperheatedVapor,346.42783647275064,6.931600763548997,True,71.24346588349442,0.9685432249911186
269,275.26000683307655,R1-SIDE,REGION-1,SubcooledLiquid,5.97010241956752,0.0013182952960295753,1204175.5161213782,,True,SubcooledLiquid,286.71845621937575,67.59712144221281,True,11.458449386299208,61.62701902264529
269,275.26000683307655,R4-LIQUID-SIDE,REGION-4,SaturatedMixture,5.970042719140328,0.0013183267659207993,1204177.0071449233,1E-06,True,SubcooledLiquid,286.7188112249818,67.54521590698018,False,11.458804391905232,61.575173187839845
269,275.26000683307655,R4-VAPOR-SIDE,REGION-4,SaturatedMixture,5.970042719140328,0.03262551608104458,2590110.177515722,0.999999,True,SuperheatedVapor,346.5508753128398,6.939971069368602,False,71.29086847976328,0.9699283502282743
269,275.26000683307655,R2-SIDE,REGION-2,SuperheatedVapor,5.969983018713137,0.03262601631736917,2590114.5282098376,,True,SuperheatedVapor,346.55209756530826,6.939900407449193,True,71.29209073223171,0.9699173887360564
270,275.3103550732136,R1-SIDE,REGION-1,SubcooledLiquid,5.974715950385823,0.0013184458700515086,1204428.3766920867,,True,SubcooledLiquid,286.77866111716355,67.68758755567664,True,11.468306043949951,61.71287160529082
270,275.3103550732136,R4-LIQUID-SIDE,REGION-4,SaturatedMixture,5.974656203823785,0.0013184773127119954,1204429.867580875,1E-06,True,SubcooledLiquid,286.77901609068465,67.63573394686696,False,11.46866101747105,61.66107774304318
270,275.3103550732136,R4-VAPOR-SIDE,REGION-4,SaturatedMixture,5.974656203823785,0.03259816607629973,2590073.0374370227,0.999999,True,SuperheatedVapor,346.6335906246725,6.945498670644299,False,71.32323555145888,0.970842466820514
270,275.3103550732136,R2-SIDE,REGION-2,SuperheatedVapor,5.974596457261747,0.03259866601499276,2590077.3902474176,,True,SuperheatedVapor,346.63481287714114,6.94542792983095,True,71.32445780392754,0.9708314725692029
271,275.46072360575204,R1-SIDE,REGION-1,SubcooledLiquid,5.988510788771929,0.0013188960628088397,1205183.744917006,,True,SubcooledLiquid,286.9585106945252,67.95858199706508,True,11.49778708877318,61.97007120829315
271,275.46072360575204,R4-LIQUID-SIDE,REGION-4,SaturatedMixture,5.988450904262886,0.0013189274242901706,1205185.23540425,1E-06,True,SubcooledLiquid,286.95886557244046,67.90688318099053,False,11.498141966688422,61.91843227672765
271,275.46072360575204,R4-VAPOR-SIDE,REGION-4,SaturatedMixture,5.988450904262886,0.032516628240135015,2589961.754301645,0.999999,True,SuperheatedVapor,346.88061898705087,6.962020233163885,False,71.41989538129883,0.9735693289009992
271,275.46072360575204,R2-SIDE,REGION-2,SuperheatedVapor,5.988391019753844,0.032517127291688916,2589966.113445625,,True,SuperheatedVapor,346.88184049447057,6.961949247615249,True,71.42111688871853,0.973558227861405
272,275.6050840735436,R1-SIDE,REGION-1,SubcooledLiquid,6.001777314199232,0.0013193289643061614,1205909.189694676,,True,SubcooledLiquid,287.13123564158957,68.21989713430652,True,11.526151568045975,62.21811982010729
272,275.6050840735436,R4-LIQUID-SIDE,REGION-4,SaturatedMixture,6.001717297026261,0.001319360248059113,1205910.6797977206,1E-06,True,SubcooledLiquid,287.13159042802874,68.16834651960123,False,11.52650635448515,62.16662922257497
272,275.6050840735436,R4-VAPOR-SIDE,REGION-4,SaturatedMixture,6.001717297026261,0.032438551998026574,2589854.4068330526,0.999999,True,SuperheatedVapor,347.11776390528314,6.9778997865282175,False,71.51267983173955,0.9761824895019569
272,275.6050840735436,R2-SIDE,REGION-2,SuperheatedVapor,6.001657279853291,0.032439050200361204,2589858.772076178,,True,SuperheatedVapor,347.1189850401785,6.977828568622844,True,71.51390096663488,0.9761712887695531
273,275.7495581537486,R1-SIDE,REGION-1,SubcooledLiquid,6.015076735461899,0.0013197628915313363,1206635.4588014537,,True,SubcooledLiquid,287.30415685748903,68.482550630165,True,11.554598703740453,62.4674738947031
273,275.7495581537486,R4-LIQUID-SIDE,REGION-4,SaturatedMixture,6.0150165852960455,0.0013197940976973504,1206636.9485212802,1E-06,True,SubcooledLiquid,287.30451155268577,68.43114793610229,False,11.554953398937187,62.416131350806246
273,275.7495581537486,R4-VAPOR-SIDE,REGION-4,SaturatedMixture,6.0150165852960455,0.03236061345633823,2589746.4729492646,0.999999,True,SuperheatedVapor,347.3550783221052,6.9938093617467505,False,71.60552016835663,0.978792776450705
273,275.7495581537486,R2-SIDE,REGION-2,SuperheatedVapor,6.014956435130193,0.03236111081120506,2589750.844314683,,True,SuperheatedVapor,347.3562987119518,6.993737905986318,True,71.60674055820323,0.9787814708561253
274,275.8048092722893,R1-SIDE,REGION-1,SubcooledLiquid,6.020168767202633,0.0013199290195691428,1206913.2725113796,,True,SubcooledLiquid,287.3703029789,68.58329787728418,True,11.56549370661071,62.56312911008155
274,275.8048092722893,R4-LIQUID-SIDE,REGION-4,SaturatedMixture,6.0201085661169715,0.0013199601961170948,1206914.7620849928,1E-06,True,SubcooledLiquid,287.3706576392841,68.53195164760136,False,11.565848366994828,62.511843081484386
274,275.8048092722893,R4-VAPOR-SIDE,REGION-4,SaturatedMixture,6.0201085661169715,0.03233086000758938,2589705.062923346,0.999999,True,SuperheatedVapor,347.44582861214417,6.99989822794051,False,71.64101933985489,0.9797896618235384
274,275.8048092722893,R2-SIDE,REGION-2,SuperheatedVapor,6.020048365031311,0.03233135703899832,2589709.4366349783,,True,SuperheatedVapor,347.44704900199076,6.999826684047305,True,71.64223972970149,0.9797783190159937
275,275.8487251222133,R1-SIDE,REGION-1,SubcooledLiquid,6.0242184696131496,0.0013200611366995891,1207134.116748213,,True,SubcooledLiquid,287.4228849400507,68.66349501824469,True,11.574159817837426,62.63927654863154
275,275.8487251222133,R4-LIQUID-SIDE,REGION-4,SaturatedMixture,6.024158228030869,0.0013200922897269544,1207135.606205747,1E-06,True,SubcooledLiquid,287.4232395727969,68.61219362748186,False,11.574514450583592,62.58803539945099
275,275.8487251222133,R4-VAPOR-SIDE,REGION-4,SaturatedMixture,6.024158228030869,0.032307231444025565,2589672.0960115977,0.999999,True,SuperheatedVapor,347.51795864391136,7.004739705428052,False,71.66923352169806,0.980581477397183
275,275.8487251222133,R2-SIDE,REGION-2,SuperheatedVapor,6.024097986448589,0.03230772821858858,2589676.4715900184,,True,SuperheatedVapor,347.5191786612338,7.004668087240186,True,71.67045353902051,0.9805701007915975
276,275.95865174531946,R1-SIDE,REGION-1,SubcooledLiquid,6.034364478821478,0.0013203921207457377,1207687.0194262394,,True,SubcooledLiquid,287.55452843481896,68.8647018088867,True,11.595876689499505,62.83033733006521
276,275.95865174531946,R4-LIQUID-SIDE,REGION-4,SaturatedMixture,6.034304135780119,0.001320423214979925,1207688.508593738,1E-06,True,SubcooledLiquid,287.55488299850913,68.81351249525386,False,11.596231253189671,62.77920835947374
276,275.95865174531946,R4-VAPOR-SIDE,REGION-4,SaturatedMixture,6.034304135780119,0.03224816656539102,2589589.3717089184,0.999999,True,SuperheatedVapor,347.6984973660577,7.0168654020267445,False,71.73984562073827,0.9825612662466252
276,275.95865174531946,R2-SIDE,REGION-2,SuperheatedVapor,6.034243792738762,0.03224866269801405,2589593.751967634,,True,SuperheatedVapor,347.6997170108556,7.016793603558402,True,71.74106526553612,0.9825498108196404
277,276.1304154813289,R1-SIDE,REGION-1,SubcooledLiquid,6.050244046191057,0.0013209100936626918,1208551.2425431253,,True,SubcooledLiquid,287.7602958436013,69.18042601789,True,11.629880362272388,63.130181971698946
277,276.1304154813289,R4-LIQUID-SIDE,REGION-4,SaturatedMixture,6.050183544355614,0.001320941096263853,1208552.7312589528,1E-06,True,SubcooledLiquid,287.76065029975064,69.12941137147176,False,11.63023481842174,63.07922782711615
277,276.1304154813289,R4-VAPOR-SIDE,REGION-4,SaturatedMixture,6.050183544355614,0.03215610490307142,2589459.5273674796,0.999999,True,SuperheatedVapor,347.9805609006902,7.0358317165048945,False,71.8501454193613,0.9856481721492809
277,276.1304154813289,R2-SIDE,REGION-2,SuperheatedVapor,6.050123042520171,0.032156600035430624,2589463.914960811,,True,SuperheatedVapor,347.9817798004393,7.035759633104871,True,71.85136431911042,0.9856365905847007
278,276.3073304116723,R1-SIDE,REGION-1,SubcooledLiquid,6.066633178286155,0.001321444623795625,1209441.7615974955,,True,SubcooledLiquid,287.97232418987994,69.50732757115424,True,11.664993778207645,63.44069439286808
278,276.3073304116723,R4-LIQUID-SIDE,REGION-4,SaturatedMixture,6.066572512561029,0.001321475532311971,1209443.2498500545,1E-06,True,SubcooledLiquid,287.97267853572737,69.45649224995212,False,11.665348124055072,63.38991973739109
278,276.3073304116723,R4-VAPOR-SIDE,REGION-4,SaturatedMixture,6.066572512561029,0.03206157333838337,2589325.041452121,0.999999,True,SuperheatedVapor,348.2710330554752,7.055391318689341,False,71.96370264380289,0.9888188061283119
278,276.3073304116723,R2-SIDE,REGION-2,SuperheatedVapor,6.066511846835904,0.03206206744402474,2589329.4366275836,,True,SuperheatedVapor,348.2722508376512,7.05531893610223,True,71.9649204259789,0.9888070892663263
279,276.49290496110916,R1-SIDE,REGION-1,SubcooledLiquid,6.083860930246919,0.0013220064378055175,1210376.2830224982,,True,SubcooledLiquid,288.1948292910711,69.85210657668684,True,11.701924329961912,63.768245646439915
279,276.49290496110916,R4-LIQUID-SIDE,REGION-4,SaturatedMixture,6.083800092245996,0.001322037247953712,1210377.7707912563,1E-06,True,SubcooledLiquid,288.1951835217277,69.80145872812616,False,11.702278560618538,63.71765863588017
279,276.49290496110916,R4-VAPOR-SIDE,REGION-4,SaturatedMixture,6.083800092245996,0.0319627307840194,2589183.1554721994,0.999999,True,SuperheatedVapor,348.5756577837235,7.075934464143745,False,72.08275282261434,0.9921343718977491
279,276.49290496110916,R2-SIDE,REGION-2,SuperheatedVapor,6.0837392542450734,0.031963223816539675,2589187.558631119,,True,SuperheatedVapor,348.57687482085055,7.075861770352006,True,72.08396985974139,0.9921225161069325
280,276.68489103913305,R1-SIDE,REGION-1,SubcooledLiquid,6.101723182693757,0.0013225888732761996,1211343.538542492,,True,SubcooledLiquid,288.4251282244029,70.2108339398712,True,11.740237185269848,64.10911075717743
280,276.68489103913305,R4-LIQUID-SIDE,REGION-4,SaturatedMixture,6.101662166072096,0.001322619582003233,1211345.0258130662,1E-06,True,SubcooledLiquid,288.42548233644436,70.1603793649258,False,11.740591297311312,64.05871719885371
280,276.68489103913305,R4-VAPOR-SIDE,REGION-4,SaturatedMixture,6.101662166072096,0.031860812544051695,2589035.4844183684,0.999999,True,SuperheatedVapor,348.89072548772674,7.097214895140876,False,72.20583444859369,0.9955527290687805
280,276.68489103913305,R2-SIDE,REGION-2,SuperheatedVapor,6.101601149450436,0.031861304470512754,2589039.8958692886,,True,SuperheatedVapor,348.8919414072809,7.097141873319341,True,72.20705036814786,0.9955407238689054
281,276.88175147771847,R1-SIDE,REGION-1,SubcooledLiquid,6.120080496732066,0.0013231873800128708,1212335.8251351996,,True,SubcooledLiquid,288.66138693695234,70.58083564516406,True,11.779635459233873,64.46075514843199
281,276.88175147771847,R4-LIQUID-SIDE,REGION-4,SaturatedMixture,6.1200192965391,0.0013232179851072595,1212337.3118974254,1E-06,True,SubcooledLiquid,288.6617409279585,70.53057854001796,False,11.77998945024001,64.41055924347886
281,276.88175147771847,R4-VAPOR-SIDE,REGION-4,SaturatedMixture,6.1200192965391,0.031756663497413545,2588883.1291218335,0.999999,True,SuperheatedVapor,349.21369331611334,7.119063960076217,False,72.33194183839487,0.9990446635371173
281,276.88175147771847,R2-SIDE,REGION-2,SuperheatedVapor,6.119958096346135,0.031757154294088555,2588887.549110038,,True,SuperheatedVapor,349.2149081180944,7.118990599762426,True,72.33315664037593,0.9990325034162906
282,277.0836132824419,R1-SIDE,REGION-1,SubcooledLiquid,6.138947952205528,0.0013238024472673002,1213353.8206927916,,True,SubcooledLiquid,288.9037668316171,70.96253306328478,True,11.820153549175188,64.82358511107925
282,277.0836132824419,R4-LIQUID-SIDE,REGION-4,SaturatedMixture,6.138886563339894,0.0013238329464768644,1213355.3069363933,1E-06,True,SubcooledLiquid,288.90412069914134,70.912477700769,False,11.820507416699456,64.77359113742911
282,277.0836132824419,R4-VAPOR-SIDE,REGION-4,SaturatedMixture,6.138886563339894,0.03165024203984768,2588725.917260151,0.999999,True,SuperheatedVapor,349.5447467860207,7.141497090244962,False,72.46113350357882,1.0026105269050678
282,277.0836132824419,R2-SIDE,REGION-2,SuperheatedVapor,6.138825174474261,0.0316507316825971,2588730.346039292,,True,SuperheatedVapor,349.5459604704289,7.141423380518572,True,72.462347187987,1.0025982060443113
283,277.28852211534956,R1-SIDE,REGION-1,SubcooledLiquid,6.158145598019165,0.001324428207652267,1214387.7013123678,,True,SubcooledLiquid,289.14992888389713,71.3523880952446,True,11.861406768547567,65.19424249722545
283,277.28852211534956,R4-LIQUID-SIDE,REGION-4,SaturatedMixture,6.158084017178993,0.0013244585997713202,1214389.187032276,1E-06,True,SubcooledLiquid,289.1502826267325,71.30253675368363,False,11.861760511382954,65.14445273650463
283,277.28852211534956,R4-VAPOR-SIDE,REGION-4,SaturatedMixture,6.158084017178993,0.03154259935682906,2588565.3084301734,0.999999,True,SuperheatedVapor,349.88065871880383,7.164297963289561,False,72.59213660345426,1.0062139461105684
283,277.28852211534956,R2-SIDE,REGION-2,SuperheatedVapor,6.158022436338822,0.03154308783294391,2588569.746171236,,True,SuperheatedVapor,349.88187091311454,7.164223892236451,True,72.59334879776497,1.0062014558976289
284,277.4965558946134,R1-SIDE,REGION-1,SubcooledLiquid,6.177682878388666,0.0013250649692087347,1215437.8855987983,,True,SubcooledLiquid,289.39997276161864,71.75067797379398,True,11.903416867005262,65.57299509540532
284,277.4965558946134,R4-LIQUID-SIDE,REGION-4,SaturatedMixture,6.1776211021776435,0.0013250952530070494,1215439.3707898995,1E-06,True,SubcooledLiquid,289.40032637854756,71.70103297794476,False,11.903770483934181,65.52341187576712
284,277.4965558946134,R4-VAPOR-SIDE,REGION-4,SaturatedMixture,6.1776211021776435,0.03143371028650633,2588401.1918308996,0.999999,True,SuperheatedVapor,350.22153193119004,7.1874755868074205,False,72.72497603657666,1.009854484629777
284,277.4965558946134,R2-SIDE,REGION-2,SuperheatedVapor,6.177559325966622,0.03143419758303123,2588405.6387102674,,True,SuperheatedVapor,350.2227430079274,7.187401150261568,True,72.72618711331404,1.0098418242949458
285,277.70717749595633,R1-SIDE,REGION-1,SubcooledLiquid,6.1975113740116035,0.0013257111545712126,1216501.6862523584,,True,SubcooledLiquid,289.65325863151395,72.15649852836717,True,11.94608113555762,65.95898715435557
285,277.70717749595633,R4-LIQUID-SIDE,REGION-4,SaturatedMixture,6.197449399517608,0.0013257413291131997,1216503.170911053,1E-06,True,SubcooledLiquid,289.6536121216793,72.10706164149441,False,11.946434625722986,65.9096122419768
285,277.70717749595633,R4-VAPOR-SIDE,REGION-4,SaturatedMixture,6.197449399517608,0.0313238705307445,2588233.944046844,0.999999,True,SuperheatedVapor,350.5664615614759,7.210970276236019,False,72.85928406551955,1.0135208767184105
285,277.70717749595633,R2-SIDE,REGION-2,SuperheatedVapor,6.197387425023614,0.03132435663795225,2588238.400219207,,True,SuperheatedVapor,350.5676711481159,7.210895462693425,True,72.86049365215956,1.0135080376698111
286,277.9191054522993,R1-SIDE,REGION-1,SubcooledLiquid,6.217511869087629,0.0013263628805038293,1217572.6482663217,,True,SubcooledLiquid,289.90824958721953,72.56747415318625,True,11.989144134920252,66.34996228409862
286,277.9191054522993,R4-LIQUID-SIDE,REGION-4,SaturatedMixture,6.217449694590683,0.0013263929455283206,1217574.132392365,1E-06,True,SubcooledLiquid,289.90860295056314,72.51824585398491,False,11.989497498263859,66.30079615939422
286,277.9191054522993,R4-VAPOR-SIDE,REGION-4,SaturatedMixture,6.217449694590683,0.03121375775633742,2588064.5489374893,0.999999,True,SuperheatedVapor,350.9133231031618,7.234638754338335,False,72.99421765086254,1.0171890597476523
286,277.9191054522993,R2-SIDE,REGION-2,SuperheatedVapor,6.217387520093737,0.03121424267185645,2588069.0145023996,,True,SuperheatedVapor,350.9145315722286,7.234563562339529,True,72.99542611992933,1.0171760422457918
287,278.13301288485525,R1-SIDE,REGION-1,SubcooledLiquid,6.237749119014367,0.0013270222594561297,1218654.18842074,,True,SubcooledLiquid,290.16575914779526,72.98499436744608,True,12.032746262940009,66.74724524843171
287,278.13301288485525,R4-LIQUID-SIDE,REGION-4,SaturatedMixture,6.237686742146946,0.001327052214362017,1218655.6720122998,1E-06,True,SubcooledLiquid,290.1661123838809,72.93597578222636,False,12.033099499025639,66.69828904007942
287,278.13301288485525,R4-VAPOR-SIDE,REGION-4,SaturatedMixture,6.237686742146946,0.031103029851289477,2587892.439075893,0.999999,True,SuperheatedVapor,351.2631924066368,7.258555658161872,False,73.13017952178154,1.0208689160149262
287,278.13301288485525,R2-SIDE,REGION-2,SuperheatedVapor,6.237624365279524,0.031103513569061384,2587896.9141639867,,True,SuperheatedVapor,351.2643993856061,7.258480076930911,True,73.13138650075086,1.0208557116513868
288,278.3475722014904,R1-SIDE,REGION-1,SubcooledLiquid,6.258098534543138,0.0013276852348377052,1219739.6069989135,,True,SubcooledLiquid,290.4241921425985,73.40654112668062,True,12.076619941108106,67.14844259213749
288,278.3475722014904,R4-LIQUID-SIDE,REGION-4,SaturatedMixture,6.258035954183596,0.0013277150797132813,1219741.0900575647,1E-06,True,SubcooledLiquid,290.4245452518011,73.35773206909954,False,12.076973050310698,67.09969611491594
288,278.3475722014904,R4-VAPOR-SIDE,REGION-4,SaturatedMixture,6.258035954183596,0.03099237975495516,2587718.6581412274,0.999999,True,SuperheatedVapor,351.6138704605264,7.282571784882287,False,73.26629825903603,1.0245358306986914
288,278.3475722014904,R2-SIDE,REGION-2,SuperheatedVapor,6.257973373824054,0.030992862276430305,2587723.142825112,,True,SuperheatedVapor,351.61507594939803,7.282495809804552,True,73.26750374790765,1.024522435980498
289,278.56269953846925,R1-SIDE,REGION-1,SubcooledLiquid,6.278552681062846,0.0013283515679907319,1220828.4868584948,,True,SubcooledLiquid,290.68344925202257,73.83199688321443,True,12.120749713553323,67.55344420215158
289,278.56269953846925,R4-LIQUID-SIDE,REGION-4,SaturatedMixture,6.278489896163884,0.0013283813029690674,1220829.9693860833,1E-06,True,SubcooledLiquid,290.68380223478187,73.78339708213295,False,12.121102696312619,67.50490718596906
289,278.56269953846925,R4-VAPOR-SIDE,REGION-4,SaturatedMixture,6.278489896163884,0.030881852324930282,2587543.2606590465,0.999999,True,SuperheatedVapor,351.96519447167884,7.306676647675321,False,73.4024949332096,1.028186751511437
289,278.56269953846925,R2-SIDE,REGION-2,SuperheatedVapor,6.278427111264922,0.03088233365205132,2587547.7550082277,,True,SuperheatedVapor,351.966398470453,7.306600274153257,True,73.40369893198374,1.0281731628883346
290,278.77853245735173,R1-SIDE,REGION-1,SubcooledLiquid,6.299125179139081,0.001329021706284354,1221921.5316706756,,True,SubcooledLiquid,290.9436980168276,74.26168272488539,True,12.165165559475895,67.96255754574631
290,278.77853245735173,R4-LIQUID-SIDE,REGION-4,SaturatedMixture,6.299062188517196,0.0013290513314301682,1221923.0136687714,1E-06,True,SubcooledLiquid,290.9440508735171,74.21329203978318,False,12.165518416165355,67.91422985126599
290,278.77853245735173,R4-VAPOR-SIDE,REGION-4,SaturatedMixture,6.299062188517196,0.03077137863565818,2587366.120525435,0.999999,True,SuperheatedVapor,352.31736150548807,7.330884490610982,False,73.53882904813634,1.0318223020937864
290,278.77853245735173,R2-SIDE,REGION-2,SuperheatedVapor,6.298999197895311,0.030771858769630577,2587370.6246162844,,True,SuperheatedVapor,352.31856364164037,7.3308077097568,True,73.54003118428864,1.031808511861489
291,278.99378421306585,R1-SIDE,REGION-1,SubcooledLiquid,6.319693513681139,0.0013296916629832573,1223012.2276494452,,True,SubcooledLiquid,291.20338753558224,74.6930638543096,True,12.209603322516386,68.37337034062845
291,278.99378421306585,R4-LIQUID-SIDE,REGION-4,SaturatedMixture,6.319630317377965,0.0013297211790145927,1223013.7091228114,1E-06,True,SubcooledLiquid,291.2037402673361,74.64488090139547,False,12.209956054270265,68.3252505840175
291,278.99378421306585,R4-VAPOR-SIDE,REGION-4,SaturatedMixture,6.319630317377965,0.030661615731711816,2587188.289121405,0.999999,True,SuperheatedVapor,352.6682451928315,7.355049561498324,False,73.67446097976563,1.0354192441203587
291,278.99378421306585,R2-SIDE,REGION-2,SuperheatedVapor,6.319567121074791,0.030662094680839948,2587192.8029725384,,True,SuperheatedVapor,352.66944546636194,7.354972370571713,True,73.67566125329608,1.0354052494969217
292,279.20919802188894,R1-SIDE,REGION-1,SubcooledLiquid,6.340328642096508,0.0013303637536802757,1224104.3411786538,,True,SubcooledLiquid,291.46341456634616,75.12764613180059,True,12.254216544457222,68.78731748970408
292,279.20919802188894,R4-LIQUID-SIDE,REGION-4,SaturatedMixture,6.340265239444113,0.0013303931609353638,1224105.822130271,1E-06,True,SubcooledLiquid,291.4637671738741,75.0796702510566,False,12.254569151985152,68.73940501161249
292,279.20919802188894,R4-VAPOR-SIDE,REGION-4,SaturatedMixture,6.340265239444113,0.030552181495519973,2587009.1521463655,0.999999,True,SuperheatedVapor,353.01903127878916,7.379253732160929,False,73.80983325690022,1.0389884927168156
292,279.20919802188894,R2-SIDE,REGION-2,SuperheatedVapor,6.340201836791719,0.030552659263983768,2587013.6758102714,,True,SuperheatedVapor,353.02022968969777,7.379176126969377,True,73.81103166780883,1.0389742901776584
293,279.42397137880334,R1-SIDE,REGION-1,SubcooledLiquid,6.360953608021738,0.0013310354762648715,1225193.8038905712,,True,SubcooledLiquid,291.7228104501361,75.56382585605527,True,12.298839071332736,69.20287224803354
293,279.42397137880334,R4-LIQUID-SIDE,REGION-4,SaturatedMixture,6.3608899991217465,0.0013310647754839712,1225195.2843253845,1E-06,True,SubcooledLiquid,291.7231629346154,75.51605562283503,False,12.299191555812058,69.15516562371327
293,279.42397137880334,R4-VAPOR-SIDE,REGION-4,SaturatedMixture,6.3608899991217465,0.030443480342592283,2586829.377159196,0.999999,True,SuperheatedVapor,353.3683853810563,7.403405202117148,False,73.94441400225298,1.0425152029954017
293,279.42397137880334,R2-SIDE,REGION-2,SuperheatedVapor,6.360826390221756,0.030443956938934785,2586833.9106519413,,True,SuperheatedVapor,353.36958192934287,7.403327179832527,True,73.94561055053953,1.042500789610771
294,279.63773699402816,R1-SIDE,REGION-1,SubcooledLiquid,6.381532640032515,0.0013317056703784497,1226278.7479946932,,True,SubcooledLiquid,291.981130474927,76.00084879823338,True,12.34339348089884,69.61931615820086
294,279.63773699402816,R4-LIQUID-SIDE,REGION-4,SaturatedMixture,6.381468825344261,0.0013317348624800102,1226280.227918532,1E-06,True,SubcooledLiquid,291.98148283774583,75.95328244952005,False,12.34374584371767,69.57181362417579
294,279.63773699402816,R4-VAPOR-SIDE,REGION-4,SaturatedMixture,6.381468825344261,0.030335691609156137,2586649.281364319,0.999999,True,SuperheatedVapor,353.7156861289776,7.427460856671931,False,74.07794913494945,1.0459920313276694
294,279.63773699402816,R2-SIDE,REGION-2,SuperheatedVapor,6.3814050106560085,0.030336167043848936,2586653.8246849347,,True,SuperheatedVapor,353.71688081464276,7.427382415067961,True,74.0791438206146,1.0459774044119525
295,279.8510682284831,R1-SIDE,REGION-1,SubcooledLiquid,6.402120508646861,0.0013323761242931599,1227362.0796984173,,True,SubcooledLiquid,292.23906659486136,76.43988289776343,True,12.38799836637827,70.03776238911657
295,279.8510682284831,R4-LIQUID-SIDE,REGION-4,SaturatedMixture,6.402056488081979,0.0013324052099024095,1227363.5591157384,1E-06,True,SubcooledLiquid,292.2394188370806,76.39251922943212,False,12.388350608597534,69.99046274135014
295,279.8510682284831,R4-VAPOR-SIDE,REGION-4,SaturatedMixture,6.402056488081979,0.030228520271661116,2586468.3898046133,0.999999,True,SuperheatedVapor,354.06183912930555,7.451483393427432,False,74.21077090082247,1.0494269053454524
295,279.8510682284831,R2-SIDE,REGION-2,SuperheatedVapor,6.401992467517099,0.030228994551991996,2586472.942978327,,True,SuperheatedVapor,354.06303195234864,7.4514045291154405,True,74.21196372386555,1.0494120615983418
296,280,R1-SIDE,REGION-1,SubcooledLiquid,6.416523446273189,0.0013328451486827285,1228118.7320147166,,True,SubcooledLiquid,292.41922190826597,76.74811354636087,True,12.419221908265968,70.33159010008768
296,280,R4-LIQUID-SIDE,REGION-4,SaturatedMixture,6.416459281680371,0.0013328741601874923,1228120.21108047,1E-06,True,SubcooledLiquid,292.41957406677864,76.70089090859084,False,12.419574066778637,70.28443162691046
296,280,R4-VAPOR-SIDE,REGION-4,SaturatedMixture,6.416459281680371,0.030153936244103213,2586341.415090722,0.999999,True,SuperheatedVapor,354.30321890461244,7.468262546125541,False,74.30321890461244,1.0518032644451702
296,280,R2-SIDE,REGION-2,SuperheatedVapor,6.416395117087554,0.030154409721453935,2586345.9751700433,,True,SuperheatedVapor,354.3044102375583,7.468183382233279,True,74.30441023755827,1.0517882651457242
297,280.0627813100815,R1-SIDE,REGION-1,SubcooledLiquid,6.422602329034578,0.0013330431013429387,1228437.7812324103,,True,SubcooledLiquid,292.4951860077168,76.87847505737838,True,12.43240469763532,70.4558727283438
297,280.0627813100815,R4-LIQUID-SIDE,REGION-4,SaturatedMixture,6.422538103653541,0.0013330720816684526,1228439.2601504687,1E-06,True,SubcooledLiquid,292.495538131064,76.83131175588721,False,12.43275682098249,70.40877365223368
297,280.0627813100815,R4-VAPOR-SIDE,REGION-4,SaturatedMixture,6.422538103653541,0.030122553483078976,2586287.7193344235,0.999999,True,SuperheatedVapor,354.4048994322866,7.4753376055800835,False,74.34211812220508,1.0527995019265424
297,280.0627813100815,R2-SIDE,REGION-2,SuperheatedVapor,6.422473878272505,0.0301230266226529,2586292.2823314248,,True,SuperheatedVapor,354.40609002018357,7.475258313585216,True,74.34330871010206,1.0527844353127112
298,280.2734861910343,R1-SIDE,REGION-1,SubcooledLiquid,6.4430362648107895,0.0013337085002089039,1229508.9429588183,,True,SubcooledLiquid,292.75022451400434,77.31785999813981,True,12.47673832297005,70.87482373332902
298,280.2734861910343,R4-LIQUID-SIDE,REGION-4,SaturatedMixture,6.442971835092438,0.0013337373761468183,1229510.4213834037,1E-06,True,SubcooledLiquid,292.7505765198581,77.27089534542704,False,12.477090328823806,70.8279235103346
298,280.2734861910343,R4-VAPOR-SIDE,REGION-4,SaturatedMixture,6.442971835092438,0.03001747691359796,2586106.7672008174,0.999999,True,SuperheatedVapor,354.74583299362087,7.499090245192337,False,74.47234680258657,1.0561184100998995
298,280.2734861910343,R2-SIDE,REGION-2,SuperheatedVapor,6.442907405374087,0.0300179489226264,2586111.3400190487,,True,SuperheatedVapor,354.74702134637175,7.499010523124939,True,74.47353515533746,1.056103117750852
299,280.48288751244525,R1-SIDE,REGION-1,SubcooledLiquid,6.46339294088022,0.0013343713688024215,1230574.0558943448,,True,SubcooledLiquid,293.0038228319869,77.75739907591912,True,12.52093531954165,71.2940061350389
299,280.48288751244525,R4-LIQUID-SIDE,REGION-4,SaturatedMixture,6.463328307597143,0.0013344001413870866,1230575.5338319158,1E-06,True,SubcooledLiquid,293.00417472188485,77.71063109171982,False,12.521287209439606,71.24730278412268
299,280.48288751244525,R4-VAPOR-SIDE,REGION-4,SaturatedMixture,6.463328307597143,0.02991342979898391,2585925.8022489757,0.999999,True,SuperheatedVapor,355.0841376504536,7.522706064330532,False,74.60125013800837,1.0593777567333893
299,280.48288751244525,R2-SIDE,REGION-2,SuperheatedVapor,6.463263674314067,0.029913900689167994,2585930.3848721664,,True,SuperheatedVapor,355.0853241405822,7.522625913994151,True,74.60243662813696,1.059362239680084
300,280.6903158664703,R1-SIDE,REGION-1,SubcooledLiquid,6.483606214101304,0.0013350295577580656,1231629.7036655506,,True,SubcooledLiquid,293.2551675394169,78.1956442946748,True,12.564851672946588,71.7120380805735
300,280.6903158664703,R4-LIQUID-SIDE,REGION-4,SaturatedMixture,6.483541378687517,0.0013350582283435583,1231631.1811240783,1E-06,True,SubcooledLiquid,293.2555193152567,78.14907039120602,False,12.565203448786406,71.6655290125185
300,280.6903158664703,R4-VAPOR-SIDE,REGION-4,SaturatedMixture,6.483541378687517,0.02981073420700286,2585745.4259637967,0.999999,True,SuperheatedVapor,355.4187122207368,7.546107563478233,False,74.72839635426647,1.0625661847907164
300,280.6903158664703,R2-SIDE,REGION-2,SuperheatedVapor,6.4834765432737305,0.0298112039934943,2585750.018343567,,True,SuperheatedVapor,355.419896103195,7.5460269768730495,True,74.7295802367247,1.062550433599319
301,280.8963150322435,R1-SIDE,REGION-1,SubcooledLiquid,6.5037279677790245,0.0013356847608033489,1232678.6417313206,,True,SubcooledLiquid,293.5049146979335,78.6336987193671,True,12.608599665690008,72.12997075158808
301,280.8963150322435,R4-LIQUID-SIDE,REGION-4,SaturatedMixture,6.503662931149712,0.001335713330465492,1232680.118717473,1E-06,True,SubcooledLiquid,293.50526636130314,78.58731683917468,False,12.608951329059664,72.08365390802496
301,280.8963150322435,R4-VAPOR-SIDE,REGION-4,SaturatedMixture,6.503662931149712,0.029709110187333118,2585565.18941826,0.999999,True,SuperheatedVapor,355.7504135105295,7.5693540835931,False,74.854098478286,1.0656911524433879
301,280.8963150322435,R2-SIDE,REGION-2,SuperheatedVapor,6.503597894520401,0.029709578882261646,2585569.7915310073,,True,SuperheatedVapor,355.7515951578413,7.569273062678157,True,74.8552801255978,1.0656751681577559
302,281.1006812334059,R1-SIDE,REGION-1,SubcooledLiquid,6.523737314582474,0.0013363363019272055,1233719.8219384935,,True,SubcooledLiquid,293.75281474726046,79.07108987519473,True,12.652133513854551,72.54735256061225
302,281.1006812334059,R4-LIQUID-SIDE,REGION-4,SaturatedMixture,6.523672077861695,0.0013363647718318708,1233721.2984593632,1E-06,True,SubcooledLiquid,293.75316629984843,79.02489779030216,False,12.652485066442523,72.50122571244047
302,281.1006812334059,R4-VAPOR-SIDE,REGION-4,SaturatedMixture,6.523672077861695,0.029608648593831596,2585385.2920420626,0.999999,True,SuperheatedVapor,356.0788932095421,7.592420672651838,False,74.97821197613621,1.0687485947901427
302,281.1006812334059,R2-SIDE,REGION-2,SuperheatedVapor,6.523606841140917,0.02960911621029094,2585389.903853851,,True,SuperheatedVapor,356.08007224918344,7.5923392124622895,True,74.97939101577754,1.0687323713213726
303,281.3032880485058,R1-SIDE,REGION-1,SubcooledLiquid,6.543620785039116,0.0013369837465136182,1234752.5883473966,,True,SubcooledLiquid,293.998711511285,79.50750090716855,True,12.695423462779218,72.96388012212944
303,281.3032880485058,R4-LIQUID-SIDE,REGION-4,SaturatedMixture,6.5435553494856205,0.001337012117877862,1234754.064410315,1E-06,True,SubcooledLiquid,293.99906295483686,79.46149629303318,False,12.695774906331053,72.91794094354756
303,281.3032880485058,R4-VAPOR-SIDE,REGION-4,SaturatedMixture,6.5435553494856205,0.02950940118250096,2585205.868835873,0.999999,True,SuperheatedVapor,356.40392854820004,7.61529110563776,False,75.10064049969424,1.0717357561521395
303,281.3032880485058,R2-SIDE,REGION-2,SuperheatedVapor,6.543489913932126,0.029509867734127202,2585210.4903059616,,True,SuperheatedVapor,356.40510535269505,7.615209208637809,True,75.10181730418924,1.0717192947056837
304,281.5040671765804,R1-SIDE,REGION-1,SubcooledLiquid,6.56337052415617,0.00133762684259611,1235776.5801775553,,True,SubcooledLiquid,294.24251908989424,79.94273407103178,True,12.738451913313838,73.37936354687561
304,281.5040671765804,R4-LIQUID-SIDE,REGION-4,SaturatedMixture,6.563304891107259,0.0013376551166593314,1235778.0557899529,1E-06,True,SubcooledLiquid,294.24287042617937,79.89691456140497,False,12.73880324959896,73.3336096702977
304,281.5040671765804,R4-VAPOR-SIDE,REGION-4,SaturatedMixture,6.563304891107259,0.029411390680975365,2585027.005464012,0.999999,True,SuperheatedVapor,356.72539249569184,7.637955751243544,False,75.22132531911143,1.074650860136285
304,281.5040671765804,R2-SIDE,REGION-2,SuperheatedVapor,6.563239258058348,0.029411856181634246,2585031.6365475366,,True,SuperheatedVapor,356.72656669251614,7.637873412862011,True,75.22249951593574,1.0746341548036629
305,281.7029600799086,R1-SIDE,REGION-1,SubcooledLiquid,6.582979585869305,0.0013382653676249272,1236791.4857842166,,True,SubcooledLiquid,294.4841632819563,80.37660891732607,True,12.781203202047664,73.79362933145676
305,281.7029600799086,R4-LIQUID-SIDE,REGION-4,SaturatedMixture,6.582913756731737,0.001338293545643851,1236792.9609535953,1E-06,True,SubcooledLiquid,294.4845145127608,80.33097211377984,False,12.781554432852204,73.7480583570481
305,281.7029600799086,R4-VAPOR-SIDE,REGION-4,SaturatedMixture,6.582913756731737,0.029314634783356986,2584848.7801534683,0.999999,True,SuperheatedVapor,357.0431744122785,7.660406110324728,False,75.3402143323699,1.0774923535929908
305,281.7029600799086,R2-SIDE,REGION-2,SuperheatedVapor,6.5828479275941705,0.029315099247089235,2584853.4208018472,,True,SuperheatedVapor,357.04434600143236,7.660323329672138,True,75.34138592152374,1.077475402077967
306,281.8999184429648,R1-SIDE,REGION-1,SubcooledLiquid,6.602441990593039,0.0013388991303338387,1237797.0451440646,,True,SubcooledLiquid,294.7235821771583,80.80896398919279,True,12.823663734193474,74.20652199859975
306,281.8999184429648,R4-LIQUID-SIDE,REGION-4,SaturatedMixture,6.602375966833371,0.0013389272135773834,1237798.5198779728,1E-06,True,SubcooledLiquid,294.7239333042793,80.76350747085785,False,12.824014861314481,74.16113150402447
306,281.8999184429648,R4-VAPOR-SIDE,REGION-4,SaturatedMixture,6.602375966833371,0.029219146021433856,2584671.263000789,0.999999,True,SuperheatedVapor,357.3571811668668,7.682634878871347,False,75.45726272390198,1.0802589120379764
306,281.8999184429648,R2-SIDE,REGION-2,SuperheatedVapor,6.602309943073703,0.02921960946239922,2584675.913162169,,True,SuperheatedVapor,357.35835014835004,7.682551655134009,True,75.45843170538524,1.0802417120603067
307,282.0949025034904,R1-SIDE,REGION-1,SubcooledLiquid,6.621752572190351,0.001339527965752859,1238793.0414742744,,True,SubcooledLiquid,294.96072416054164,81.23965384513998,True,12.865821657051242,74.61790127294964
307,282.0949025034904,R4-LIQUID-SIDE,REGION-4,SaturatedMixture,6.621686355326797,0.0013395559554978931,1238794.5157802834,1E-06,True,SubcooledLiquid,294.96107518578185,81.19437517676369,False,12.866172682291449,74.57268882143688
307,282.0949025034904,R4-VAPOR-SIDE,REGION-4,SaturatedMixture,6.621686355326797,0.02912493266346388,2584494.517202834,0.999999,True,SuperheatedVapor,357.6673349018629,7.704635769782728,False,75.57243239837248,1.082949414455931
307,282.0949025034904,R2-SIDE,REGION-2,SuperheatedVapor,6.621620138463244,0.02912539509589512,2584499.1768224644,,True,SuperheatedVapor,357.66850090315097,7.704552098816973,True,75.57359839966057,1.0829319603537293
308,282.28788021802904,R1-SIDE,REGION-1,SubcooledLiquid,6.640906905415551,0.0013401517328437455,1239779.297088997,,True,SubcooledLiquid,295.1955469259517,81.6685478057132,True,12.907666707922658,75.02764090029765
308,282.28788021802904,R4-LIQUID-SIDE,REGION-4,SaturatedMixture,6.64084049701058,0.00134017963037132,1239780.7709746808,1E-06,True,SubcooledLiquid,295.1958978511145,81.62344454479106,False,12.908017633085478,74.98260404778047
308,282.28788021802904,R4-VAPOR-SIDE,REGION-4,SaturatedMixture,6.64084049701058,0.029031999192222192,2584318.599580491,0.999999,True,SuperheatedVapor,357.97357079802555,7.726403415357631,False,75.6856905799965,1.0855629183470512
308,282.28788021802904,R2-SIDE,REGION-2,SuperheatedVapor,6.64077408860561,0.02903246063038413,2584323.2686010688,,True,SuperheatedVapor,357.97473419164305,7.726319299894898,True,75.686853973614,1.085545211289288
309,282.4788263857366,R1-SIDE,REGION-1,SubcooledLiquid,6.659901227894608,0.0013407703119595684,1240755.6690274791,,True,SubcooledLiquid,295.42801643511405,82.09552853786157,True,12.949190049377421,75.43562730996696
309,282.4788263857366,R4-LIQUID-SIDE,REGION-4,SaturatedMixture,6.659834629548312,0.0013407981185516392,1240757.142500396,1E-06,True,SubcooledLiquid,295.42836726199914,82.05059824084651,False,12.949540876262517,75.3907636112982
309,282.4788263857366,R4-VAPOR-SIDE,REGION-4,SaturatedMixture,6.659834629548312,0.028940346792165374,2584143.5611702376,0.999999,True,SuperheatedVapor,358.2758363294183,7.747933278498312,False,75.7970099436817,1.08809864895
309,282.4788263857366,R2-SIDE,REGION-2,SuperheatedVapor,6.659768031202017,0.02894080725031934,2584148.239532217,,True,SuperheatedVapor,358.2769967428409,7.747848714570582,True,75.79817035710425,1.088080683368565
310,282.6677221894266,R1-SIDE,REGION-1,SubcooledLiquid,6.678732402405449,0.0013413836036183606,1241722.046801817,,True,SubcooledLiquid,295.658106381385,82.52049150807392,True,12.990384191958356,75.84175910566847
310,282.6677221894266,R4-LIQUID-SIDE,REGION-4,SaturatedMixture,6.67866561574929,0.0013414113205547857,1241723.519869496,1E-06,True,SubcooledLiquid,295.65845711178486,82.47573173606366,False,12.990734922358229,75.79706612031437
310,282.6677221894266,R4-VAPOR-SIDE,REGION-4,SaturatedMixture,6.67866561574929,0.02884997362643446,2583969.447460439,0.999999,True,SuperheatedVapor,358.57409051836,7.7692216038280275,False,75.90636832893335,1.0905559880787372
310,282.6677221894266,R2-SIDE,REGION-2,SuperheatedVapor,6.678598829093133,0.028850433118805915,2583974.1351023153,,True,SuperheatedVapor,358.5752479515876,7.769136590887756,True,75.90752576216096,1.0905377617946233
311,282.8545599937439,R1-SIDE,REGION-1,SubcooledLiquid,6.697398404150968,0.001341991544377448,1242678.3770512843,,True,SubcooledLiquid,295.88580405982964,82.94335633037878,True,13.03124406608572,76.2459579262278
311,282.8545599937439,R4-LIQUID-SIDE,REGION-4,SaturatedMixture,6.69733143083666,0.0013420191729307711,1242679.8497211996,1E-06,True,SubcooledLiquid,295.8861546955237,82.8987646590056,False,13.031594701779795,76.20143322816894
311,282.8545599937439,R4-VAPOR-SIDE,REGION-4,SaturatedMixture,6.69733143083666,0.02876087260419804,2583796.29375988,0.999999,True,SuperheatedVapor,358.8683102683399,7.790265949685184,False,76.01375027459596,1.0929345188485238
311,282.8545599937439,R2-SIDE,REGION-2,SuperheatedVapor,6.697264457522352,0.02876133114492026,2583800.990618739,,True,SuperheatedVapor,358.8694647213723,7.790180487191251,True,76.01490472762839,1.0929160296688991
312,283.03934067487717,R1-SIDE,REGION-1,SubcooledLiquid,6.715898065413205,0.00134259409852604,1243624.6500122407,,True,SubcooledLiquid,296.1111071457716,83.36406144571454,True,13.071766470894431,76.64816338030134
312,283.03934067487717,R4-LIQUID-SIDE,REGION-4,SaturatedMixture,6.7158309071041336,0.0013426216399576216,1243626.1222917894,1E-06,True,SubcooledLiquid,296.11145768852134,83.31963547247565,False,13.072117013644174,76.60380456537152
312,283.03934067487717,R4-VAPOR-SIDE,REGION-4,SaturatedMixture,6.7158309071041336,0.028673032733783875,2583624.127404426,0.999999,True,SuperheatedVapor,359.158487383821,7.811064898976366,False,76.11914670894384,1.0952339918722327
312,283.03934067487717,R2-SIDE,REGION-2,SuperheatedVapor,6.715763748795063,0.028673490336856435,2583628.833416354,,True,SuperheatedVapor,359.1596388566585,7.810978986375429,True,76.12029818178132,1.0952152375803657
313,283.2220691144465,R1-SIDE,REGION-1,SubcooledLiquid,6.734230632146775,0.0013431912436516872,1244560.876535962,,True,SubcooledLiquid,296.33401822284816,83.78255436271651,True,13.111949108401632,77.04832373056973
313,283.2220691144465,R4-LIQUID-SIDE,REGION-4,SaturatedMixture,6.7341632905138695,0.0013432186992100123,1244562.34843246,1E-06,True,SubcooledLiquid,296.33436867439525,83.7382917101621,False,13.112299559948724,77.00412841964823
313,283.2220691144465,R4-VAPOR-SIDE,REGION-4,SaturatedMixture,6.7341632905138695,0.028586441316849613,2583452.9717731755,0.999999,True,SuperheatedVapor,359.4446211197553,7.8316175485514865,False,76.22255200530878,1.097454258037617
313,283.2220691144465,R2-SIDE,REGION-2,SuperheatedVapor,6.734095948880965,0.028586897996120252,2583457.68687347,,True,SuperheatedVapor,359.4457692398737,7.831531182163286,True,76.22370012542717,1.0974352332823214
314,283.4027534067633,R1-SIDE,REGION-1,SubcooledLiquid,6.7523956884243885,0.0013437829681863555,1245487.0840760237,,True,SubcooledLiquid,296.5545438276248,84.19879011023619,True,13.151790420861516,77.4463944218118
314,283.4027534067633,R4-LIQUID-SIDE,REGION-4,SaturatedMixture,6.752328165142736,0.0013438103391057393,1245488.5555966953,1E-06,True,SubcooledLiquid,296.55489418968943,84.15468842840737,False,13.152140782926153,77.40236026326463
314,283.4027534067633,R4-VAPOR-SIDE,REGION-4,SaturatedMixture,6.752328165142736,0.02850108434873079,2583282.846936166,0.999999,True,SuperheatedVapor,359.726715946435,7.851923411698005,False,76.3239625396717,1.0995952465552685
314,283.4027534067633,R2-SIDE,REGION-2,SuperheatedVapor,6.752260641861085,0.028501540117881637,2583287.5710594873,,True,SuperheatedVapor,359.7278607138338,7.851836591025075,True,76.32510730707054,1.0995759491639898
315,283.581404775381,R1-SIDE,REGION-1,SubcooledLiquid,6.770393151311303,0.0013443692712468188,1246403.3163011807,,True,SubcooledLiquid,296.77269435742403,84.61273127186492,True,13.191289582043055,77.84233812055362
315,283.581404775381,R4-LIQUID-SIDE,REGION-4,SaturatedMixture,6.7703254480568225,0.0013443965587461712,1246404.7874531543,1E-06,True,SubcooledLiquid,296.77304463170344,84.5687882406054,False,13.191639856322467,77.79846279254858
315,283.581404775381,R4-VAPOR-SIDE,REGION-4,SaturatedMixture,6.7703254480568225,0.028416946577142742,2583113.769654547,0.999999,True,SuperheatedVapor,360.00478192201797,7.8719824129394,False,76.423377146637,1.1016569648825776
315,283.581404775381,R2-SIDE,REGION-2,SuperheatedVapor,6.770257744802342,0.028417401449677325,2583118.5027350904,,True,SuperheatedVapor,360.0059237092221,7.871895140449898,True,76.42451893384111,1.1016373956475558
316,283.75422302484503,R1-SIDE,REGION-1,SubcooledLiquid,6.787837837366972,0.0013449376050812584,1247290.055785211,,True,SubcooledLiquid,296.98382280600265,85.01543411843491,True,13.229599781157617,78.22759628106795
316,283.75422302484503,R4-LIQUID-SIDE,REGION-4,SaturatedMixture,6.787769959667375,0.0013449648121357173,1247291.5265832928,1E-06,True,SubcooledLiquid,296.98417299602215,84.97164407807873,False,13.22994997117712,78.18387411841135
316,283.75422302484503,R4-VAPOR-SIDE,REGION-4,SaturatedMixture,6.787769959667375,0.02833579993811697,2582949.390713329,0.999999,True,SuperheatedVapor,360.272926455969,7.891367247093155,False,76.51870343112398,1.1035972874257798
316,283.75422302484503,R2-SIDE,REGION-2,SuperheatedVapor,6.787702081967779,0.02833625394638968,2582954.132492613,,True,SuperheatedVapor,360.2740648904536,7.891279528485375,True,76.51984186560856,1.1035774465175967
317,283.8935488522053,R1-SIDE,REGION-1,SubcooledLiquid,6.801926707692328,0.0013453966385856915,1248005.2476634232,,True,SubcooledLiquid,297.15410658652934,85.34173452267356,True,13.260557734324038,78.53980781498123
317,283.8935488522053,R4-LIQUID-SIDE,REGION-4,SaturatedMixture,6.801858689105436,0.0013454237809650245,1248006.718178195,1E-06,True,SubcooledLiquid,297.154456709094,85.29806748132836,False,13.260907856888707,78.49620879222293
317,283.8935488522053,R4-VAPOR-SIDE,REGION-4,SaturatedMixture,6.801858689105436,0.028270553697222936,2582816.27847182,0.999999,True,SuperheatedVapor,360.48847799890666,7.906980270305801,False,76.59492914670136,1.1051215812003647
317,283.8935488522053,R2-SIDE,REGION-2,SuperheatedVapor,6.801790670518545,0.028271007010927874,2582821.027288468,,True,SuperheatedVapor,360.4896134531965,7.906892186021774,True,76.59606460099121,1.1051015155032289
318,300,R1-SIDE,REGION-1,SubcooledLiquid,8.587794206640561,0.001404222576926523,1332712.058778053,,True,SubcooledLiquid,317.32239494715543,135.98074681605095,True,17.32239494715543,127.39295260941039
318,300,R4-LIQUID-SIDE,REGION-4,SaturatedMixture,8.587708329557264,0.00140424322133035,1332713.5126135908,1E-06,True,SubcooledLiquid,317.322741098474,135.94949949380572,False,17.322741098474012,127.36179116424846
318,300,R4-VAPOR-SIDE,REGION-4,SaturatedMixture,8.587708329557264,0.021663044487612887,2563536.430151729,0.999999,True,SuperheatedVapor,388.5282236614547,9.980847705159821,False,88.52822366145472,1.3931393756025567
318,300,R2-SIDE,REGION-2,SuperheatedVapor,8.587622452473969,0.021663429725325745,2563542.1683367556,,True,SuperheatedVapor,388.52956363162525,9.980742251962587,True,88.52956363162525,1.393119799488618
319,340,R1-SIDE,REGION-1,SubcooledLiquid,14.600327058615827,0.0016375112672405443,1570537.555540949,,False,,,,False,,
319,340,R4-LIQUID-SIDE,REGION-4,SaturatedMixture,14.600181056805258,0.0016375228288877156,1570539.4677045424,1E-06,False,,,,False,,
319,340,R4-VAPOR-SIDE,REGION-4,SaturatedMixture,14.600181056805258,0.010783823373837995,2464619.946284431,0.999999,False,,,,False,,
319,340,R2-SIDE,REGION-2,SuperheatedVapor,14.600035054994692,0.010784134669181824,2464631.7668406083,,False,,,,False,,
