path	sha256
src/NuclearReactorSimulator.App/App.axaml	7D42E08B8FF6961AD0CB3D2F4B9F11D560919E469310B13CAD469ED8E94276C6
src/NuclearReactorSimulator.App/App.axaml.cs	4AFBBF37D6B6EA763DE090BDDB3A2E3A73DD66C22EA8FD02F23D826DD6593798
src/NuclearReactorSimulator.App/Commands/DelegateCommand.cs	4DBCE786FA544FB4BAAC3774FB916FBDCDE1CD17AF48D8FD96F66BC868FE7968
src/NuclearReactorSimulator.App/Composition/CompositionRoot.cs	576A11423C16A2FDDC3B905D72C31C51D78C1F320D2F406F987C925E9EA86A87
src/NuclearReactorSimulator.App/Composition/MissionChallengeStartupSelection.cs	953D91EE0AAC45A9D3C7D72D341210074EFC0653CF1FE25CF1DD1DCEDB0DD327
src/NuclearReactorSimulator.App/ControlRoom/ShellControlRoomCommandDispatcher.cs	DBA53E9C5F646A89028913929717AA54809CC1476C5FE9CA40409C72119E6679
src/NuclearReactorSimulator.App/Controls/ControlRoomAlarmBanner.cs	6FDAC761DF172E9D8F7FFEF07A14EF05C71A320E7F2CDDD384BC14C4EC75FBAC
src/NuclearReactorSimulator.App/Controls/ControlRoomCircularGauge.cs	2C142DDE4C3BBE957E284BA11C422E6AAB4E72EE1B04029A89C58AB69FFAB690
src/NuclearReactorSimulator.App/Controls/ControlRoomComputerControl.axaml	18E581F21AEA013465DFA76F364058EE841D57C0254C6C7570962A53ABE765B3
src/NuclearReactorSimulator.App/Controls/ControlRoomComputerControl.axaml.cs	3304DA17756522A557F7E844E39CE4A05EDCB341BF74293A9AFA574307C4F583
src/NuclearReactorSimulator.App/Controls/ControlRoomIndicatorLamp.cs	F420844F6B3F8F7D6270D5830556653228640DE99C8E16D8151B3D257B78BF26
src/NuclearReactorSimulator.App/Controls/ControlRoomLinearGauge.cs	111B921638074CD1E82C8CB59B62ADA5DB0040E56574DBDC5C03D5BD97DAACC8
src/NuclearReactorSimulator.App/Controls/ControlRoomLinearMeter.cs	BEB0736134A22F28B02827B01DE1D98F999B4BA1F69DB9A7F5F7B360D2B56C0B
src/NuclearReactorSimulator.App/Controls/ControlRoomNumericIndicator.cs	BE42AEA08B761C89DEE4EF3AB5E7B840D3CCB9E742EAFF293B2C3CD6E05299EF
src/NuclearReactorSimulator.App/Controls/ControlRoomPalette.cs	440D7A8ACA2E9102AAA10A741926CCAAA7D0EA62022DA8AF341FAD759F18F3B6
src/NuclearReactorSimulator.App/Controls/ControlRoomPlantMimicControl.cs	400A6DE0067E35B0CB330CBF2D0902AE84F5D88BE3E6F65B570B22DF78C95009
src/NuclearReactorSimulator.App/Controls/ControlRoomPushButton.cs	2AEBCA90600D94B0B74FFD1FD0F065F5288783D4BE655B9B05CBB7B1F0483E61
src/NuclearReactorSimulator.App/Controls/ControlRoomSelector.cs	4C569D87C9848C1A09FD4AD2CE3D04A0DF8A4034FF7B5BF0FF12082D48A9CF74
src/NuclearReactorSimulator.App/Controls/ControlRoomSubsystemSchematicControl.cs	2D4B5B044D317FFA1809588F5D7933927B022FC7520E67DD0C1698DC41D8CA07
src/NuclearReactorSimulator.App/Controls/ControlRoomToggleSwitch.cs	D59FB05B69C26F9E5AC0480E13D48D54F8A1BC1BB9F8CEF685F7C8205A5171DD
src/NuclearReactorSimulator.App/Controls/ControlRoomTrendScope.cs	78DA2D52BBFA1CAE4C86A9136DF1ADC0E3FB043EBE6B89804FB9B9B7477438DF
src/NuclearReactorSimulator.App/Controls/ControlRoomTypography.cs	E8B5AF90832150F27A3479A1336131988E5F27B5270E02552D93D47045D6B846
src/NuclearReactorSimulator.App/NuclearReactorSimulator.App.csproj	21DF99C0BFEE2938A5B53C40B380CEEA4823CACF6EFF09F28EE9FAF2F844074E
src/NuclearReactorSimulator.App/Persistence/DesktopSessionArchiveFileWriter.cs	330D1AB4BD6FC1C14C5D4B306095407F7F3E8FD4238A54EE19706B83045350B3
src/NuclearReactorSimulator.App/Persistence/DesktopSessionArchiveSaveCoordinator.cs	218A41D01B23657D4B84921A4DF693E2C14EE7F23267D5D7001F825ADFD632AB
src/NuclearReactorSimulator.App/Presentation/EngineeringNumberFormatter.cs	CD04852DDCF2C71BE3608A99CE25770B9B72B971B8154D1CBC095B3848BBA123
src/NuclearReactorSimulator.App/Program.cs	B19937DDE75D4A775289CEB3676FE89360EF55967B1612921DFB7A6749AF8554
src/NuclearReactorSimulator.App/Properties/AssemblyInfo.cs	BF9D37645D72CC5717FA4A8DD3BD1839A3905C0C3402282E4CF9E8ABD5C8B5AD
src/NuclearReactorSimulator.App/Runtime/DesktopControlRoomRuntimePump.cs	D025F07C04E22F9DD8088070B940447C902B9B1CA6DE4DBF027ABDE78148F0B3
src/NuclearReactorSimulator.App/Runtime/DesktopHostFailurePolicy.cs	A208DC2AB5F734D6C3B9E6EDF15667BA9C6B9478B1ABFCC5D1AF5C2023F0F890
src/NuclearReactorSimulator.App/ViewModels/MainWindowViewModel.cs	F7CE97DD25FED730C69D02E7E65ADD1ADDF8E2C525D248DA6758ECF0B2A8289E
src/NuclearReactorSimulator.App/ViewModels/MissionPerformanceViewModel.cs	2F077957D56E0D831133EFB29E31DE636735F5BB77CE317634D22D7B21308047
src/NuclearReactorSimulator.App/ViewModels/OperatorComputerViewModel.cs	59D312D7618C46A99DB782EF03A52CA309DA8729082C9765A93D1DDF8D37ACD7
src/NuclearReactorSimulator.App/Views/MainWindow.axaml	C5495112AA0A1AF329F8D94CD27C27144E5FBEF6033444BAE0FDC7A8190512C6
src/NuclearReactorSimulator.App/Views/MainWindow.axaml.cs	3706EBCCC38AC000EEBBC7B764699B8CD4AFDAF5954A147C64D9BE19B1094C68
src/NuclearReactorSimulator.Application/ApplicationDescriptor.cs	08988CAC89B4E85FC1ED4F9813843BB2357B9AB3ACEE9D09950384436F39BCD9
src/NuclearReactorSimulator.Application/ControlRoom/AlarmEventsPanelSnapshot.cs	864B40B4D3BA1E9707BEB630F89B6FAAEAA8828B8AF23844B0E4231D2A505D14
src/NuclearReactorSimulator.Application/ControlRoom/Automation/IPlantControlAuthorityDispatcher.cs	21CC95E4F4A6FAF49EAB07175747F4BE6B112C5600A96E3F9BDEDB1192D1DF86
src/NuclearReactorSimulator.Application/ControlRoom/Automation/IPlantControlAuthorityRuntimeEngine.cs	27D1ECEAAFC69A89775CBF94CC6C4192642A990956C461D382FCAC1FE3EA7927
src/NuclearReactorSimulator.Application/ControlRoom/Automation/PlantControlAuthorityChangedEventArgs.cs	0821E76B68DDB53A44806E2C6896C7ACC762727AD477CA427A176DA876EEC445
src/NuclearReactorSimulator.Application/ControlRoom/Automation/PlantControlAuthorityPresentationSnapshot.cs	0BA88EA58AC668095071A8055DC87B6372FEF95181A254D7CCE8468AB76EF59A
src/NuclearReactorSimulator.Application/ControlRoom/Automation/PlantControllerModePresentationSnapshot.cs	4E30C1CA85BD582A498BAF3E550531F8E40D1BF2EAC48E3EE5CFAF80F41E83DC
src/NuclearReactorSimulator.Application/ControlRoom/Automation/SupervisoryObjectiveRequest.cs	8B6E89FB789F28A68B32C558D4CDF39A598548999CF8C4691B2F4A3440B1C22A
src/NuclearReactorSimulator.Application/ControlRoom/CondenserPresentationSnapshot.cs	80876827540E44B892E2A54F465925505D14A731713CA98E850FCF3744ADE79F
src/NuclearReactorSimulator.Application/ControlRoom/ControlRoomAlarmAnnunciatorState.cs	23A6C91E516A6582F30A566E47257F0C1A928C7C91BA214486B722D0847A088A
src/NuclearReactorSimulator.Application/ControlRoom/ControlRoomAlarmEventKind.cs	C09A0069D4DF63CF5266D579FD5179C96A995E4837EA29CB7D7AC68D6A838489
src/NuclearReactorSimulator.Application/ControlRoom/ControlRoomAlarmEventPresentationSnapshot.cs	77BE70DFB8177BC19BADF44174E18EFDDA81CF824F848AC6E45DDA4D04823C9B
src/NuclearReactorSimulator.Application/ControlRoom/ControlRoomAlarmPresentationSnapshot.cs	327323CCEB6C8B7BF7FD3FF867EF40FB52856595FCFE76187F2DC59F68A659B5
src/NuclearReactorSimulator.Application/ControlRoom/ControlRoomAlarmSeverity.cs	139063DC9E78B9616C9FEA58C559B345255FCC2D74E71DBD10CB03750DBB95B3
src/NuclearReactorSimulator.Application/ControlRoom/ControlRoomCommand.cs	1CECA43FD58977537F1C0B0C8388EDFB86B21294FAFD8A24F0436106FF5D1E60
src/NuclearReactorSimulator.Application/ControlRoom/ControlRoomCommandKind.cs	A30AAD1F04BFA301577397C40B249BE9F3AFDADE2801D3A2BB783569429C17B4
src/NuclearReactorSimulator.Application/ControlRoom/ControlRoomCommandTargetKind.cs	8730AEE481B6C4CAF324A4501F06BF88AB562BAB7C799B48744CBA39768FF65E
src/NuclearReactorSimulator.Application/ControlRoom/ControlRoomComponentCatalog.cs	E164DCD322D37422A35D905442CFF51C9048FC9F5535A5C147372F410DDECEF5
src/NuclearReactorSimulator.Application/ControlRoom/ControlRoomComponentDescriptor.cs	00D0CEAF2DF84798D5748D6D51DBAC46B920F5D9FDB83D5F2F10565497459D7D
src/NuclearReactorSimulator.Application/ControlRoom/ControlRoomComponentKind.cs	114523F069DB15DA78C329A28772DC757295E3B916BFD8D0190A78535EFD9BF7
src/NuclearReactorSimulator.Application/ControlRoom/ControlRoomElectricalEvidence.cs	E956E0B914FE204DC03BE68EDAED642E3808B285A2C8C71688453745AA041FBE
src/NuclearReactorSimulator.Application/ControlRoom/ControlRoomFaultStateSnapshot.cs	E9F02ECBBB5850AB3B54E49B92B8E25629564DA60BE633DAA4B9D6370B70B8BF
src/NuclearReactorSimulator.Application/ControlRoom/ControlRoomFaultStatusSnapshot.cs	03BE7482504DA0B87A14B814AE72AF16C56B2FE730EDA61B8D7DFBB84EF8CCAD
src/NuclearReactorSimulator.Application/ControlRoom/ControlRoomFirstOutGroupPresentationSnapshot.cs	92476B07F453AF9675A10B236ADC5D86E3968F27A1CB81857030B3255B9E582E
src/NuclearReactorSimulator.Application/ControlRoom/ControlRoomInteractionMode.cs	0E871914F87DAD39C969ECEFBC46151A1CCF903CC135506A07B945AD8FFDB444
src/NuclearReactorSimulator.Application/ControlRoom/ControlRoomOperationalHistoryAccumulator.cs	47C30A4769AB5F86725377A7C01A723D1AD4460D95D82565DEA329686B8F2A50
src/NuclearReactorSimulator.Application/ControlRoom/ControlRoomOperationalHistorySnapshot.cs	5D047C5D37A266FBC1F507F276B90640E0A85C43B83B1A3951316919761422D0
src/NuclearReactorSimulator.Application/ControlRoom/ControlRoomPerformanceBudget.cs	92B172963F1330197A6488032642C5E08D05F01AF262E2854D2C5DA533222664
src/NuclearReactorSimulator.Application/ControlRoom/ControlRoomRunState.cs	76CBB3C6F062697BE8E65BD9FC9224561131336581290DDF23DCEDA31EAEB76F
src/NuclearReactorSimulator.Application/ControlRoom/ControlRoomRuntimeBatchResult.cs	FE44D6213E7AA5E1E2945604031690872A2AA79BDCD32F8F5B60BB7CB125E989
src/NuclearReactorSimulator.Application/ControlRoom/ControlRoomRuntimeCommandPolicy.cs	45C7DE4819843417DE2C3769F844DC9494AAB9F3FE64ECDBCAFFCDAACE287648
src/NuclearReactorSimulator.Application/ControlRoom/ControlRoomRuntimeCoordinator.cs	9E073F29AE93954D88DD882CD3B72C631D65C9AA9B9A0945795E31C29B0DC454
src/NuclearReactorSimulator.Application/ControlRoom/ControlRoomRuntimeExecutionBudget.cs	591B1FE9AF177A21D6B332F5728C1157064492B885D941C3CFDFBD116DF28B36
src/NuclearReactorSimulator.Application/ControlRoom/ControlRoomSnapshot.cs	6B0C859B77DD26A8947954F5492C9B7BACBFF1B96A14FF291A60E9EDE3A91FC2
src/NuclearReactorSimulator.Application/ControlRoom/ControlRoomSnapshotChangedEventArgs.cs	FADE695967E269D2FDC7B79057A980942028C4DE778CBFB361D55BEE6B3A3074
src/NuclearReactorSimulator.Application/ControlRoom/ControlRoomSnapshotProjector.cs	777C9C834C583B807C14A0AC109434576216CC68AD7DB43915FB8AB5DDE14075
src/NuclearReactorSimulator.Application/ControlRoom/ControlRoomTrendPointSnapshot.cs	0FEE3DD9C6436E12234DA92D8CBD7B6BB6411CDAE59C12A1EAA8D59318BE161F
src/NuclearReactorSimulator.Application/ControlRoom/ControlRoomTrendSeriesSnapshot.cs	A3F47EE01E181D5C6D850DBF8D378EDE92946962E8B861FE681DA8ADF82E8487
src/NuclearReactorSimulator.Application/ControlRoom/ControlRoomTrendSourceCatalog.cs	35987463C4CDF758D524B12713F841ED91C2A18CEFB121E387771941795866D6
src/NuclearReactorSimulator.Application/ControlRoom/ControlRoomTrendSourceDescriptor.cs	79E7969319CE461717174E2055F42644140509B6654A92D21E228C0B98978AB3
src/NuclearReactorSimulator.Application/ControlRoom/ControlRoomValueSnapshot.cs	31B67AE6A1FC05089AAFE0FC44934824B8664CBBC04DF6DEDCE1427B94409034
src/NuclearReactorSimulator.Application/ControlRoom/ControlRoomVisualState.cs	CF22EAD3791D8F0697A8262DB18481CFB90928D97F6CCCC05BFD066ED14B6CAF
src/NuclearReactorSimulator.Application/ControlRoom/ControlRoomWorkspaceCatalog.cs	261E2D2A2749091E844BF8478E2D05E80BB5E1A0407C91E37D602BBC24B0119D
src/NuclearReactorSimulator.Application/ControlRoom/ControlRoomWorkspaceDescriptor.cs	51D9EF0164F6188D7AB4B5F68261B3EEA7D7E5CEFDE8DFA8C423A522DF04CCFB
src/NuclearReactorSimulator.Application/ControlRoom/ControlRoomWorkspaceId.cs	16F428D15FC5A618B88969D15E0DFB1399D4A6B1EE6223CFA12E3140F373CA6C
src/NuclearReactorSimulator.Application/ControlRoom/ElectricalGridPresentationSnapshot.cs	E2C7BB3500BD0A5BF718AFAB0EB359AC6EF8692EBCC6E294D4BA49C48BBE4F97
src/NuclearReactorSimulator.Application/ControlRoom/ElectricalPanelSnapshot.cs	396CF191AC9F89E16774A554784F4BAAF09199D685BAAF28C345AD69C3A95B52
src/NuclearReactorSimulator.Application/ControlRoom/FeedwaterTrainPresentationSnapshot.cs	3E9A5BC4F6112D6A28F9879E828E29325DAF17902484BD90E70967374F203E0D
src/NuclearReactorSimulator.Application/ControlRoom/GeneratorPresentationSnapshot.cs	EC0CC112FD6FABF2E9F67E9B3F6AAA2262C0CAA76FE87C2199A6735F52B7D6C0
src/NuclearReactorSimulator.Application/ControlRoom/Hmi/ControlRoomInstrumentBandKind.cs	9228008F72860898594460AD724DA461FC44DB63C9F247DAA323E0E0C9CC87E1
src/NuclearReactorSimulator.Application/ControlRoom/Hmi/ControlRoomInstrumentBandSnapshot.cs	D67AFFC00B2BE9B33A4F34E714A6E884A5C9A226E1F9311FD049E047496DB7C5
src/NuclearReactorSimulator.Application/ControlRoom/Hmi/ControlRoomInstrumentProvenance.cs	3E1E3596D67052AE0864AD670C9684DA91A8C2731D326DE0C7E61F9882AD59A1
src/NuclearReactorSimulator.Application/ControlRoom/Hmi/ControlRoomInstrumentQuality.cs	C123815DA2D9603A654F7EB1D0A9C7D2260318A7A1BFD857D9039E46ADC34520
src/NuclearReactorSimulator.Application/ControlRoom/Hmi/ControlRoomInstrumentScaleSnapshot.cs	46D5CA93A714D3C6278076AA8911273D22A755EDF503D0478927E2F78350A37A
src/NuclearReactorSimulator.Application/ControlRoom/Hmi/ControlRoomInstrumentTrendDirection.cs	34A42B96B11AB0418A301D9D45C008D1DBA836061B8987E8B0147DF196FA3493
src/NuclearReactorSimulator.Application/ControlRoom/Hmi/ControlRoomInstrumentTrendSnapshot.cs	A00BB40D556177AB13FAF7F94896770AC3B054443B10CC49A13CFFA2B11AE32F
src/NuclearReactorSimulator.Application/ControlRoom/Hmi/ControlRoomLimitDirection.cs	662277234EA833DCBBAC80B949EA5DA4E98C21B81F32BAC250E04489D0C4DB68
src/NuclearReactorSimulator.Application/ControlRoom/Hmi/ControlRoomPlantMimicConnectionSnapshot.cs	016DAF9503C06EE2DC035D73B8336DD51407EED68BAA19B2930815DB5BED3265
src/NuclearReactorSimulator.Application/ControlRoom/Hmi/ControlRoomPlantMimicElementKind.cs	829CCA745FD727098B53C9958DA8CA6357DC77AB3B7549D28E2F3A2240EA7E49
src/NuclearReactorSimulator.Application/ControlRoom/Hmi/ControlRoomPlantMimicElementSnapshot.cs	002D287F44BD141AD27361D2A8755AE444343C21363B8B1B9C5EE7F69FC82D8F
src/NuclearReactorSimulator.Application/ControlRoom/Hmi/ControlRoomPlantMimicMedium.cs	5850D2ED4F0E5A29B1E9F1297B9E4EEF995B0A39A0923B224C974D72B7D84CE5
src/NuclearReactorSimulator.Application/ControlRoom/Hmi/ControlRoomPlantMimicPointSnapshot.cs	5CC0A05F3A3361776FBF3316040023F8A17ED0DEE383BA01D8747240D3A7587B
src/NuclearReactorSimulator.Application/ControlRoom/Hmi/ControlRoomPlantMimicProjector.cs	871D8B94E68B7EA17A72D783DDE78B29C700EDF6B0D2A2B273D1C630E6443132
src/NuclearReactorSimulator.Application/ControlRoom/Hmi/ControlRoomPlantMimicSnapshot.cs	31FC0B3D8F8A708A1F7833CD055148F9A57FA0A78AABD986983493ABCE86ACCA
src/NuclearReactorSimulator.Application/ControlRoom/Hmi/ControlRoomProtectionLimitSnapshot.cs	5DE8416A458F01A3DEEBC5215584FA254F81ACFEB3C2EC59AFF8748129A21932
src/NuclearReactorSimulator.Application/ControlRoom/Hmi/ControlRoomSubsystemSchematicConnectionKind.cs	FE2C1B8F9BA4CF5E03D94043B0B4472F43F0F92150BF214E4607F93F31E0F723
src/NuclearReactorSimulator.Application/ControlRoom/Hmi/ControlRoomSubsystemSchematicConnectionSnapshot.cs	13BC78B941BF6D7700FFE619ADC9D8818CD700299232E38DAB9BC6D266E6415B
src/NuclearReactorSimulator.Application/ControlRoom/Hmi/ControlRoomSubsystemSchematicKind.cs	63BD2EF1FEAF548DDD2551D1348EAF221CB284D384F24BD7A59D1FE7947A39F9
src/NuclearReactorSimulator.Application/ControlRoom/Hmi/ControlRoomSubsystemSchematicNodeKind.cs	D1F25C969CEC2960C6BAE5D389802236F390BDF36383E4905237707AE2F4D665
src/NuclearReactorSimulator.Application/ControlRoom/Hmi/ControlRoomSubsystemSchematicNodeSnapshot.cs	9D51EE1E6C8284AD30CDB7F1B15D6E8F5504581B40E7D195DFD2A4CD4A5EA003
src/NuclearReactorSimulator.Application/ControlRoom/Hmi/ControlRoomSubsystemSchematicPointSnapshot.cs	EBA1A79278BDB5E4F376FBBC94E4325BD10F9AED81DF20B5AEBD3579EFA08619
src/NuclearReactorSimulator.Application/ControlRoom/Hmi/ControlRoomSubsystemSchematicProjector.cs	5154E95920381DA648586FED5D94DB1C743119C70A0C70054F4DFD0E75E302C6
src/NuclearReactorSimulator.Application/ControlRoom/Hmi/ControlRoomSubsystemSchematicSnapshot.cs	25F87E339F290A3B35C37D281CF28FA083DB1A964481D8DC2761ECEC5C19E3E9
src/NuclearReactorSimulator.Application/ControlRoom/Hmi/ControlRoomSubsystemSchematicsSnapshot.cs	F71592B1694385FC1C5CFEDD330FC544A1282F22C7F1BB8A84AC5727DB447492
src/NuclearReactorSimulator.Application/ControlRoom/Hmi/ControlRoomTargetBandSnapshot.cs	A6BEF58DB058C9BC8C389D4796BEA757F468F11E69F5E10165972B15F8F2849F
src/NuclearReactorSimulator.Application/ControlRoom/IControlRoomCommandDispatcher.cs	45B3F9B382EB4559CA3DA9FFD0FD30BCC1C948AF5E2913E3F94B05430A951921
src/NuclearReactorSimulator.Application/ControlRoom/IControlRoomRuntimeEngine.cs	8DA5A5E4E0A728298A1AF5C787932033A624E29051D97794AA274B5BC8C8EF05
src/NuclearReactorSimulator.Application/ControlRoom/IControlRoomSnapshotSource.cs	E61EEE62E20EF9A6F4F2907C10F861E004445C605DA9191F13F6EBEBD416C751
src/NuclearReactorSimulator.Application/ControlRoom/InMemoryControlRoomSnapshotSource.cs	5A943764EA4DCD9AA7C63EE480D697E44AF9028A6006DE1B734381DAF13C3F6C
src/NuclearReactorSimulator.Application/ControlRoom/IntegratedAutomaticOperationRuntimeEngine.cs	CF28B2E4FA84805D90DE2E6C3C77C759540B31B19195DC5F62B43BF62E9B4E95
src/NuclearReactorSimulator.Application/ControlRoom/MainSteamLinePresentationSnapshot.cs	C7B01581260B7FF3538A25E3BD3EA0418FA12B89ED1314DA5948ADF1E01292E9
src/NuclearReactorSimulator.Application/ControlRoom/MissionPerformance/IMissionPerformanceSnapshotSource.cs	B1F8FDB5368CB3D0B50B7EDF8D4F9F67355747280335F72BA76BC926607F7F17
src/NuclearReactorSimulator.Application/ControlRoom/MissionPerformance/InMemoryMissionPerformanceSnapshotSource.cs	61FFC510B71126BAB21524EA24EC224D131344CF1E36DCA4D1DAB5DBE98F939A
src/NuclearReactorSimulator.Application/ControlRoom/MissionPerformance/MissionPerformanceDemandSnapshot.cs	AE9E374A266E036FD247CC2FC937969B3667E2082B52E429157BE2BEB7A0CF08
src/NuclearReactorSimulator.Application/ControlRoom/MissionPerformance/MissionPerformanceDrillDownTarget.cs	51AC9AC0DF3454E490786E1734176EB8875D3AC5D9A4B746197BB80EA6C296F6
src/NuclearReactorSimulator.Application/ControlRoom/MissionPerformance/MissionPerformanceEventKind.cs	7BC149075EC822B479E75F747E977BD5E0CE39B1EE4A10D93DDA3ACFF533AED2
src/NuclearReactorSimulator.Application/ControlRoom/MissionPerformance/MissionPerformanceEventSnapshot.cs	F0100297588852D4467A340FEF6DEF074DB3B8DB5359D3186D471729B5613C08
src/NuclearReactorSimulator.Application/ControlRoom/MissionPerformance/MissionPerformanceLiveDemandEvidenceAccumulator.cs	CD9E1E6B3635ABCB670F2140AC4C015C87902AC530DF3439784534593D40B769
src/NuclearReactorSimulator.Application/ControlRoom/MissionPerformance/MissionPerformanceLiveSnapshotSource.cs	25A05740182E4D27D57760EBE559255AAF94E0F022051DB5245A6FB1707D2ADD
src/NuclearReactorSimulator.Application/ControlRoom/MissionPerformance/MissionPerformanceNavigationDecision.cs	5C14EB8B087EA8ED28927C5C8B69926E3203069E34A2E9BE380DED331B0A7FE7
src/NuclearReactorSimulator.Application/ControlRoom/MissionPerformance/MissionPerformancePresentationComparer.cs	FC2C299386F14D406450B069E3F6E66623BD063D7EF95518EE1EE94C053B5ADB
src/NuclearReactorSimulator.Application/ControlRoom/MissionPerformance/MissionPerformanceScoreDimensionSnapshot.cs	2560813020C6BC0DA1B721869C0AC682C2BBE1F0053A2F4ED4C668E7F1612FEE
src/NuclearReactorSimulator.Application/ControlRoom/MissionPerformance/MissionPerformanceScoreSnapshot.cs	82AA218E8C74EEE9EF613201F6D7C52A93F760F67EE86620BA79EE4EB53863D7
src/NuclearReactorSimulator.Application/ControlRoom/MissionPerformance/MissionPerformanceSnapshot.cs	551606C8DAFAC92035DDBE95E50AB9E9FAB66478DBC4F321CF4F73158F8B2A69
src/NuclearReactorSimulator.Application/ControlRoom/MissionPerformance/MissionPerformanceSnapshotChangedEventArgs.cs	73A8ECF0B5F1A63F6F9AEC34551DFD23085D5117CC49D579BC695A28068B46EB
src/NuclearReactorSimulator.Application/ControlRoom/MissionPerformance/MissionPerformanceSnapshotProjector.cs	620A6EB4E2AFB72E206C96973B4577280443AB354F5E5DFD8283FAA44A04D857
src/NuclearReactorSimulator.Application/ControlRoom/MissionPerformance/MissionPerformanceTimelineEntryKind.cs	8515ECFE7172407FCF05E150601E5E24447AB09EDFD0753726EF7AB855B3771C
src/NuclearReactorSimulator.Application/ControlRoom/MissionPerformance/MissionPerformanceTimelineEntrySnapshot.cs	751310BFFECD6C0E50D119DF2147208D45CAB7BEB74EAAFC5FD16492B562AD44
src/NuclearReactorSimulator.Application/ControlRoom/MissionPerformance/MissionPerformanceTimelineProjection.cs	5F9C12140A54F3C336C8835BE0271C46D6A99E1A33FE88751A132229512D4E5F
src/NuclearReactorSimulator.Application/ControlRoom/MissionPerformance/MissionPerformanceTimelineProjector.cs	E6AF5EA42D9F58F9DD10E87ACDBF7E32D0681EB0CC12CA058B7FFD7A591CDC5D
src/NuclearReactorSimulator.Application/ControlRoom/MissionPerformance/MissionPerformanceWorkspaceActivation.cs	023A31D26FF753E3E298C5BF68DE9A635D53C275B2A8EB896AA499D95F42BA9A
src/NuclearReactorSimulator.Application/ControlRoom/OperatorComputer/OperatorComputerAlarmLogProjector.cs	8309ED5D68A4B9E08D090C19D2677D810241B153D8B92419388D4788BD4985C8
src/NuclearReactorSimulator.Application/ControlRoom/OperatorComputer/OperatorComputerAlarmSnapshot.cs	B6EABA5EC050E4A5F7671E14FF7E0C53DD85F3441DD115FA2D555B8636BAC4A7
src/NuclearReactorSimulator.Application/ControlRoom/OperatorComputer/OperatorComputerCommandAvailability.cs	9206FFE4458D5E30391F2500430D41B9960323077A4AA20ADBB1862995400896
src/NuclearReactorSimulator.Application/ControlRoom/OperatorComputer/OperatorComputerCommandConsequenceCatalog.cs	E2661C42E1CBDCAB530656135D49AE66F1CAD2626FC6FF9129B0EFD447C36CA4
src/NuclearReactorSimulator.Application/ControlRoom/OperatorComputer/OperatorComputerCommandConsoleProjector.cs	96EE49C4CBD482B714ED76FBA288339B2D25F56B91CF6D89D88043DDC66CBA9E
src/NuclearReactorSimulator.Application/ControlRoom/OperatorComputer/OperatorComputerCommandConsoleSnapshot.cs	BBDA1B2EFCD8BF58D1B428A9FF23CBAF14E1CF2C5D961DDC2F990035A2F3F9E9
src/NuclearReactorSimulator.Application/ControlRoom/OperatorComputer/OperatorComputerCommandDependencyChainCatalog.cs	84AC3A6C498FAF966D1435092017FBDEA21108ED637BEA2AB62AA252A37ABE27
src/NuclearReactorSimulator.Application/ControlRoom/OperatorComputer/OperatorComputerCommandGroup.cs	EFC2798FF6D623010914B4ECA372D9F864320CA467D091DEED83D3F4335BDC5E
src/NuclearReactorSimulator.Application/ControlRoom/OperatorComputer/OperatorComputerCommandObservationProjector.cs	6812EDFB57C896FA933A7C0BF00F4C0EBAFAAC06231CD4F5398D98166290D1C9
src/NuclearReactorSimulator.Application/ControlRoom/OperatorComputer/OperatorComputerCommandObservedResponse.cs	4EDF8E73ED2DC6F765048E19F6DB78B1B8DBF0AD47AAD4E73611147546518054
src/NuclearReactorSimulator.Application/ControlRoom/OperatorComputer/OperatorComputerCommandSnapshot.cs	3D690DEB148B4C8BE11B4036B2C73FC3E6C32EF5EF0A830D0B3D4FD4D6671200
src/NuclearReactorSimulator.Application/ControlRoom/OperatorComputer/OperatorComputerDiagnosticItemSnapshot.cs	4145D7F543FAAFAAE79081F5C676F742477D247EE74917966F3ADA29AA2C5A75
src/NuclearReactorSimulator.Application/ControlRoom/OperatorComputer/OperatorComputerDiagnosticsSnapshot.cs	7C20B644DB944B28299C515C346791993657337D035C5A5C1150FD8598386ED8
src/NuclearReactorSimulator.Application/ControlRoom/OperatorComputer/OperatorComputerGuidanceSnapshot.cs	1FBD14E6E1D1625E657E3D78D3A4D1B1DEBA3DF1B9D36B1CB59C9A51ABB85075
src/NuclearReactorSimulator.Application/ControlRoom/OperatorComputer/OperatorComputerGuidanceStepSnapshot.cs	DCF9DFDA641F90FD088BDC2CFCD2AB098D4A6016E75C167052D256D1E6840FF2
src/NuclearReactorSimulator.Application/ControlRoom/OperatorComputer/OperatorComputerGuidanceStepState.cs	AC6DF27B2AD6F325A251DC43201E229197FDF150E59A8FC4914A69FE296813F7
src/NuclearReactorSimulator.Application/ControlRoom/OperatorComputer/OperatorComputerInformationItemSnapshot.cs	6886CFEAE67D57E238198415EEBDB4BCA7ABA2363F306921C978A86779B00EA4
src/NuclearReactorSimulator.Application/ControlRoom/OperatorComputer/OperatorComputerInformationProjector.cs	66E5FF2095FFA4AB0789633FBE3DC4EA7756FB3FBC15D6902DE28E14BBE6A7FA
src/NuclearReactorSimulator.Application/ControlRoom/OperatorComputer/OperatorComputerInformationProvenance.cs	4F577949E47B5D775CD9EAEC6C21EE7CD0EA0430D71A052451698EDA47A40E32
src/NuclearReactorSimulator.Application/ControlRoom/OperatorComputer/OperatorComputerInformationSectionSnapshot.cs	4962CA09169E0B6632D940BD9CDEBBEC6365E5C80453792567A89AA7F589C82E
src/NuclearReactorSimulator.Application/ControlRoom/OperatorComputer/OperatorComputerInformationSnapshot.cs	26C9804A8CD7F5930092B78FC4DEBC7C207F0506417764EAB4BB5F304BA8F29F
src/NuclearReactorSimulator.Application/ControlRoom/OperatorComputer/OperatorComputerLogSnapshot.cs	C06F136481339216AEF7EEB2D5A99506B15F093F1443B8904A653F088314B282
src/NuclearReactorSimulator.Application/ControlRoom/OperatorComputer/OperatorComputerModesSnapshot.cs	61D6619ACF635DD160CB7C68A4649A5581CC2B45FFBD5F19335DA76DD3CC6F08
src/NuclearReactorSimulator.Application/ControlRoom/OperatorComputer/OperatorComputerPageCatalog.cs	961601BF1A18F44A9E8CB1B5F5DFCACC47005ACD35F40B6C9BA4BD681BF5329D
src/NuclearReactorSimulator.Application/ControlRoom/OperatorComputer/OperatorComputerPageContentState.cs	AB2B2B5D9BFEEA000BEC60668A2B9B5D08D7170376067D2492629FDE36D33C9F
src/NuclearReactorSimulator.Application/ControlRoom/OperatorComputer/OperatorComputerPageDescriptor.cs	EAE582E336A2B3C0FE4C2F361AF4645427650DE82AF1D33BAFFEBE8521F0F3A7
src/NuclearReactorSimulator.Application/ControlRoom/OperatorComputer/OperatorComputerPageId.cs	3456ACF658BA1A2704BEDD878021DDD738146879E2C13435A0726698043D1EE5
src/NuclearReactorSimulator.Application/ControlRoom/OperatorComputer/OperatorComputerPageSnapshot.cs	F3262E8B942BE9DFF79712FB54FC70FDEFEE45F7E581220B868A549D71B19977
src/NuclearReactorSimulator.Application/ControlRoom/OperatorComputer/OperatorComputerRuntimeStatusSnapshot.cs	8E41B4E7B7D3C4E3902678E786BAA5A7010053EBE83A86119F64E6F63DF7F5B5
src/NuclearReactorSimulator.Application/ControlRoom/OperatorComputer/OperatorComputerScenarioContentProjector.cs	8614384073FD39B38F3FECB21282743503A9B45F1F87CB1372F201A73A431C0D
src/NuclearReactorSimulator.Application/ControlRoom/OperatorComputer/OperatorComputerScenarioContentSnapshot.cs	052613BD256C9C4C351104977FB27444AD4BD1015664360D2AF71F6C90F9E07D
src/NuclearReactorSimulator.Application/ControlRoom/OperatorComputer/OperatorComputerSessionCheckpointSnapshot.cs	DD789C3677D1E6C69CA8AF2CA9F97F16B4D3601AD575902FEE071AB1E3404815
src/NuclearReactorSimulator.Application/ControlRoom/OperatorComputer/OperatorComputerSessionSnapshot.cs	FCA9DC76B63CBEE4F7A37A854A97109F56592D83582625E4FC2AD936343755E8
src/NuclearReactorSimulator.Application/ControlRoom/OperatorComputer/OperatorComputerSessionWorkspaceController.cs	7B054FFD53D7964779EB6DD97F1051996972B1524948C5EF13191F72ABAD2839
src/NuclearReactorSimulator.Application/ControlRoom/OperatorComputer/OperatorComputerSnapshot.cs	D94C9C0B39B5678355BA81DF59A297774662E8B0702DED33F182D607FD4500B2
src/NuclearReactorSimulator.Application/ControlRoom/OperatorComputer/OperatorComputerSnapshotProjector.cs	C037BC43C6B1FA08C376A0E42274E94DBF728F07C25C63C2634E88F5136F7722
src/NuclearReactorSimulator.Application/ControlRoom/OperatorComputer/OperatorComputerTrainingCheckpointSnapshot.cs	915406B66ECC75724DB110B734D24B17D06B19C9C0D5944E6459D4999CCD810A
src/NuclearReactorSimulator.Application/ControlRoom/PrimaryCircuitBranchPresentationSnapshot.cs	60582912BA3A1EFCD3D596F7CD9EB3B914E9127B2E3AA9BF656879882E051F29
src/NuclearReactorSimulator.Application/ControlRoom/PrimaryCircuitLoopPresentationSnapshot.cs	8994F8342E3C70329AF311F997CCE044D0EA735FC94A850F292156530A1245DE
src/NuclearReactorSimulator.Application/ControlRoom/PrimaryCircuitPanelSnapshot.cs	C60BB292B9CE72538BC0AF19A25EE12076683E98897BF386F92CB4B92B10C8B6
src/NuclearReactorSimulator.Application/ControlRoom/PrimaryCircuitPumpPresentationSnapshot.cs	4B77AD05D1E58A10B8BA2CA29B474D9E8DD5986D81CF0CF543FE3E80B7DEE2F1
src/NuclearReactorSimulator.Application/ControlRoom/PrimaryCircuitSteamDrumPresentationSnapshot.cs	99D78380634048AB6185AA6EF77022F5155C429565A27FE218B3E44781AFDE5F
src/NuclearReactorSimulator.Application/ControlRoom/PrimaryCircuitValvePresentationSnapshot.cs	7427684EBE12244FFB4C4BF2E3298A425FB9C653B585BB29BEAC2CBC31BF3A60
src/NuclearReactorSimulator.Application/ControlRoom/ProtectionResetPresentationSnapshot.cs	2CE8020BBB67144F18D3F9D4F5D8A89A287A6CFB3B41E015D34565788CFEA56A
src/NuclearReactorSimulator.Application/ControlRoom/ReactorCorePanelSnapshot.cs	62DAAE167168DEAB9E736FF169C1EE2FF5E31142B3B2D4E615B896193D3A5321
src/NuclearReactorSimulator.Application/ControlRoom/ReactorCoreZonePresentationSnapshot.cs	3C71A3E45C9C739446D16564758C7433056695BE60A83A329290D21F5924806A
src/NuclearReactorSimulator.Application/ControlRoom/ReactorRodPresentationSnapshot.cs	10D1A141A56DCF14A2FE0BDD8288B6CE7FFEC4053EF8810B05B77C545FE0B385
src/NuclearReactorSimulator.Application/ControlRoom/ReactorRodTargetPresentationSnapshot.cs	2DA4197B47DA680B461D73A4BD16A6E52B3FA14B88B61004785E23FE95F259DC
src/NuclearReactorSimulator.Application/ControlRoom/SecondaryPumpPresentationSnapshot.cs	EBB85BE004FE48BC92C7A2C77604D1525598CA953F90DE58D707AF35CBC04CCA
src/NuclearReactorSimulator.Application/ControlRoom/TurbineAdmissionTrainPresentationSnapshot.cs	237D7CC008E0A1C71884E6AF07DF20D78A72B3F6F69BCE04238BEB73D9FAA563
src/NuclearReactorSimulator.Application/ControlRoom/TurbineRotorPresentationSnapshot.cs	04685C0D19121E05B236E17E5768909BDE4202AABA36940FB78D3F2D15BF3B72
src/NuclearReactorSimulator.Application/ControlRoom/TurbineSecondaryPanelSnapshot.cs	F9E6C1BBE2A3BE6EF7AF8D95D9CBCFDC8511DFF0AB9A82E4916BA8EA1425D04A
src/NuclearReactorSimulator.Application/ControlRoom/TurbineStageGroupPresentationSnapshot.cs	6BE77D4CF2245C0627405CDCEC1E1C98B75F5EE3C3DEC5E05346C97933DE9FE3
src/NuclearReactorSimulator.Application/NuclearReactorSimulator.Application.csproj	AE82B0C45E195658D08794F03697105CFA771AA84F1865A999B1BCCE74467281
src/NuclearReactorSimulator.Application/Properties/AssemblyInfo.cs	A94412D7F609828C17F0B29685ADD922446B66034201586FB923BACCC6E83998
src/NuclearReactorSimulator.Application/Scenarios/Analysis/IPostIncidentAnalysisSerializer.cs	3FF5E88B31C82B4492C71D162C59CBF7176957B1850F5D6FDEBD218E636F57B8
src/NuclearReactorSimulator.Application/Scenarios/Analysis/PostIncidentAnalysisAnchorKind.cs	9F59679DF8441A744B95B6D19D540F364123439F74C85ED85DFCDF87739A16BE
src/NuclearReactorSimulator.Application/Scenarios/Analysis/PostIncidentAnalysisOptions.cs	3B8B27FA589884EBDC8ED7F8CC1E4AD354BD23760918D70EFFC2AC4E5DA856EF
src/NuclearReactorSimulator.Application/Scenarios/Analysis/PostIncidentAnalysisReport.cs	61407C51AC6B26FEA7D71CE4C07D72C176C8A9C2E6398BF121375B7C5C551280
src/NuclearReactorSimulator.Application/Scenarios/Analysis/PostIncidentAnalysisTimelineEntry.cs	2527809020A9867BEAFDF1AE2054740F7438B18CC864D62E3D5518E7B613B1F1
src/NuclearReactorSimulator.Application/Scenarios/Analysis/PostIncidentResponseMetrics.cs	8A03413A2EA5EFE959B12C3FC7C0EE8A5B3E9570FF5DFF966193E6B0A274D99C
src/NuclearReactorSimulator.Application/Scenarios/Analysis/PostIncidentStateSummary.cs	BB3FAEC297BEB1D26DC3713D5240EDC5DE3E68A75D0D60659CC338E68239D559
src/NuclearReactorSimulator.Application/Scenarios/Analysis/PostIncidentTemporalRelation.cs	5799E545FFE87D149934293379DBB69131504D051259743035DC5678C7C4B780
src/NuclearReactorSimulator.Application/Scenarios/Analysis/PostIncidentTrendSample.cs	3038329CA07FDBCB50382F9FEDB0C8B74E2804D140C0280635D0A0EBAAB5EE69
src/NuclearReactorSimulator.Application/Scenarios/Analysis/ScenarioPostIncidentAnalyzer.cs	DD08B28ADFCD24AAA8F8AB289CAF5079E7C714D6C656C581EED2558C00EEE9CD
src/NuclearReactorSimulator.Application/Scenarios/Challenges/ChallengeAssistancePolicy.cs	37075FF8C4EC1091204EE7262DF9396BBCF274510814BB48E2CF1C3F0D35DB96
src/NuclearReactorSimulator.Application/Scenarios/Challenges/ChallengeConditionDefinition.cs	D0556B2E24AD02E7FBB20C3228D2D733D71D67B68C6FBF63ADE7822608C2C001
src/NuclearReactorSimulator.Application/Scenarios/Challenges/ChallengeConditionObservation.cs	BB08D06E89B2287385E9C664C404E005F7EF4A9AED0993FE2FFA1084869A448B
src/NuclearReactorSimulator.Application/Scenarios/Challenges/ChallengeDefinition.cs	8AC7DAE00BB35D408720870BC6F9770676AA511935E51D0155317C683B076011
src/NuclearReactorSimulator.Application/Scenarios/Challenges/ChallengeLifecycleChangedEventArgs.cs	C4D8556C9B625C9FBCA94448473E0BDC9942291140A729D0426523E068A04880
src/NuclearReactorSimulator.Application/Scenarios/Challenges/ChallengeLifecycleLogicalStepAlignment.cs	D8A44C32A88E1A7E022308088BE9FC62588DEB642FC7F60193C4B5C3E4564342
src/NuclearReactorSimulator.Application/Scenarios/Challenges/ChallengeLifecycleSnapshot.cs	CEE864D69333CCF27FFD933F26DE08FEA83F2A8396B08B68855334B1D2810E1C
src/NuclearReactorSimulator.Application/Scenarios/Challenges/ChallengeLifecycleState.cs	15DCF512A74340FDBB37BE99B9E52D2120C2F875976455FC905091394A007546
src/NuclearReactorSimulator.Application/Scenarios/Challenges/ChallengeLifecycleTransition.cs	54B58C6D25E46598BD9447EC877DC38BE4788323143AFA1936B30F728D1EA0E7
src/NuclearReactorSimulator.Application/Scenarios/Challenges/ChallengeLogicalTimeContract.cs	999E2400567DCF1FD97C1A04E01ACF0985532BC5BECF0E814615355533C0CAC9
src/NuclearReactorSimulator.Application/Scenarios/Challenges/Demand/ExternalEnergyDemandControlPoint.cs	0A1D30CF9FC7E8C7FCFE17D7E3185A6498CEC3FF500EC131D9397BCDBD3D0663
src/NuclearReactorSimulator.Application/Scenarios/Challenges/Demand/ExternalEnergyDemandEvidenceSnapshot.cs	BCA93DC1F79A71FC5E7E3840BD1D4965D31C98A2CD87DC7C65C9386293F2F9D9
src/NuclearReactorSimulator.Application/Scenarios/Challenges/Demand/ExternalEnergyDemandInterpolationMode.cs	D26FB0F2386782F745780FFA88285EEAE0226EF552296ED1D2225D2B42C738F1
src/NuclearReactorSimulator.Application/Scenarios/Challenges/Demand/ExternalEnergyDemandProfileDefinition.cs	34EA2F663F01D17B6E06280C6192664F3C56E0A153DFF3DB019593DDA2992775
src/NuclearReactorSimulator.Application/Scenarios/Challenges/Demand/ExternalEnergyDemandProfileEvaluation.cs	8E0663BC4B9022FEA83A566E03802E08B6229E23D19B2F667C1605342388E33D
src/NuclearReactorSimulator.Application/Scenarios/Challenges/Demand/ScenarioChallengeExternalDemandProjector.cs	E85623D56658907F3F771169E96CE17932755FCDECDD66394DEB37707EBDB378
src/NuclearReactorSimulator.Application/Scenarios/Challenges/IChallengeConditionEvaluator.cs	BD2D28FD7CDB5EF41C50AD9B42FEA3D3B482390AD433973D9FB76EB43A40C57C
src/NuclearReactorSimulator.Application/Scenarios/Challenges/IChallengeEvidenceSource.cs	479C3D0DAB50718B0D8155EF611CF91327BEF38574F75756FBFBB3FBFECF9815
src/NuclearReactorSimulator.Application/Scenarios/Challenges/Packs/InitialOperationalChallengePack.cs	A2DD59992CC4B55FD2A6EEEBD51E483CD5CA1D0D0255EF8C39623D9F9376E18C
src/NuclearReactorSimulator.Application/Scenarios/Challenges/Packs/OperationalChallengePackDefinition.cs	6D33C573C50C2150E878F6D8010B8403FB9F71DE1E15C5D79D28AEFE25096F8A
src/NuclearReactorSimulator.Application/Scenarios/Challenges/Packs/OperationalChallengeScoreEvidenceBinding.cs	E6A851ABE88FDC77A597AF9BAE6CE14A2CF22BD35830F4DA69B9ED67C80B2F0E
src/NuclearReactorSimulator.Application/Scenarios/Challenges/Packs/ProductionOperationalChallengePack.cs	5716154E48A05E7259C98CE663F53DAA324C11012410DA1267FE27C6EAEB8EA3
src/NuclearReactorSimulator.Application/Scenarios/Challenges/Packs/StandardOperationalChallengeConditionEvaluator.cs	5D90EEAC312174E0FBAC2136570AB2A720A0C64845A7B5A6933C7057B69F1AB7
src/NuclearReactorSimulator.Application/Scenarios/Challenges/Replay/OperationalChallengeRecordingProjector.cs	F3F77A82D01DFAA291CFF448BF3387F5766E0AD5AC8A8B4210653E90AC6DBCE3
src/NuclearReactorSimulator.Application/Scenarios/Challenges/Replay/OperationalChallengeReplayFingerprint.cs	2F845914043E816C5DAF2EEAF5B9556293FD72323CEC2D469E9E53DD372C3076
src/NuclearReactorSimulator.Application/Scenarios/Challenges/Replay/OperationalChallengeReplayFrameEvidence.cs	5260CC68D911F00FF9B3DB127993538D9CAC2CEB1B0B55624F541B6420E8B52B
src/NuclearReactorSimulator.Application/Scenarios/Challenges/Replay/OperationalChallengeReplayProjection.cs	82C131F268199519EAAEEEC64973D01CF13703305696EF3E47E5FEB7A7ED5367
src/NuclearReactorSimulator.Application/Scenarios/Challenges/Replay/OperationalChallengeScoreEvidenceProjector.cs	5AD9F35656FB122F6A4597727C60C0F7DC01106C70E6981E9B753B7997CEACAD
src/NuclearReactorSimulator.Application/Scenarios/Challenges/Replay/RecordedChallengeEvidenceSource.cs	28130AE048BE3D7479C964480F5EEDD0867417816EB5A0FEE0E69DCDCD1F2BBF
src/NuclearReactorSimulator.Application/Scenarios/Challenges/Replay/ReplayedChallengeContinuationEvidenceSource.cs	6A137A61857C14DB58F37E0B5634F6DBEFED362604D1471B762AF26A16A3A0FD
src/NuclearReactorSimulator.Application/Scenarios/Challenges/ScenarioChallengeEvidenceSource.cs	55BC01DA45982BF7CCB8F03A4805F5EE921D55E7630EB33768DDD890BC5ADF14
src/NuclearReactorSimulator.Application/Scenarios/Challenges/ScenarioChallengeTracker.cs	763E63B238780FE910B51AA44E2C084E504501AD59248CDE98D2B57223A6DFC8
src/NuclearReactorSimulator.Application/Scenarios/Challenges/Scoring/ChallengeAuthorityScoreModifier.cs	8D727E1FAC3B23B559DA07025DDB19F05C239FC82DFC179628DA15856324E0BC
src/NuclearReactorSimulator.Application/Scenarios/Challenges/Scoring/ChallengeGuidanceScoreModifier.cs	1A9CFCCCC2755732ED89ED6E9EF82317F2B5A471AC50141C7E1AD6D536A8131C
src/NuclearReactorSimulator.Application/Scenarios/Challenges/Scoring/ChallengeScoreCalculator.cs	9DCE7B8ECE0E5BC5B0DF4F5C4D34EB69D79532147A43F2A1B93059CC92F0C975
src/NuclearReactorSimulator.Application/Scenarios/Challenges/Scoring/ChallengeScoreDimensionEvidence.cs	6C1A0B571B3A55DEF3FF5CEBD955EF2A5FCC0FA21DED80B3F91460440D16462A
src/NuclearReactorSimulator.Application/Scenarios/Challenges/Scoring/ChallengeScoreDimensionKind.cs	1FAC935B03A40E213BEDBF5EE9B5798BE3828EC88175CF76685F99FF39534704
src/NuclearReactorSimulator.Application/Scenarios/Challenges/Scoring/ChallengeScoreDimensionPolicy.cs	DF5551B57A15B208C572EFF0EEA74D77CD51C179973DE922B378FF654181F8D2
src/NuclearReactorSimulator.Application/Scenarios/Challenges/Scoring/ChallengeScoreDimensionResult.cs	9D7E36D6ACFD8AE2714EADB2B0A388555386836B03181E368C03A24FD74B5BA9
src/NuclearReactorSimulator.Application/Scenarios/Challenges/Scoring/ChallengeScoreDominanceOutcome.cs	BC1971DF22C8329AF327FBDFF8F13A58DB06FC2E78058B36FDD47EF05B8F9C31
src/NuclearReactorSimulator.Application/Scenarios/Challenges/Scoring/ChallengeScoreEvaluationResult.cs	B3CB4112E6F4FBF442AD467FCB76C1FEAFE478F1FF4DE92ABE400303BF2B6470
src/NuclearReactorSimulator.Application/Scenarios/Challenges/Scoring/ChallengeScoreGrade.cs	A27823A7214BAA8C95FE562C05F029C6A6FBE37838D8626811D264E10A383915
src/NuclearReactorSimulator.Application/Scenarios/Challenges/Scoring/ChallengeScoringPolicyDefinition.cs	8CAE0CE19AB0A982482D7092628DE11595502F9A3B77618681AB45DEA29D7E48
src/NuclearReactorSimulator.Application/Scenarios/Challenges/Scoring/StandardChallengeScoringPolicies.cs	6A4BBB2B618A0D65ADADF007C29BF34831E61E71710C7F0D36769B2112C3847C
src/NuclearReactorSimulator.Application/Scenarios/Criticality/FirstCriticalityCheckCondition.cs	DF48EC12D3AFD53B15534078CC92C262B9D1D2B96298F15638B66A518B66813B
src/NuclearReactorSimulator.Application/Scenarios/Criticality/FirstCriticalityCheckDefinition.cs	D58FA4774897B117CC3B0E4AEFDA5F5EAB2DE49A4324A3612ACCA8A4107197B6
src/NuclearReactorSimulator.Application/Scenarios/Criticality/FirstCriticalityCheckResult.cs	AA2A2E4F01F99387DB3B2682EBD24ADBC967976E538C8C9471421826523BDEC0
src/NuclearReactorSimulator.Application/Scenarios/Criticality/FirstCriticalityChecklistEvaluator.cs	75CAC0A3A5168D1E99A591C7536BEEB3B38B66210F325276D6FCF99D3DBCDA3B
src/NuclearReactorSimulator.Application/Scenarios/Criticality/FirstCriticalityGuidancePlan.cs	C089493931CDA1944C939ABF7DF4B8D8B084F8E6969164BC61B8DB503B2A78D1
src/NuclearReactorSimulator.Application/Scenarios/Criticality/FirstCriticalityInitialConditionFactory.cs	FA3C56857DE566D7E8B1CF2951197400421B2744031BD189DEF0969D87107C53
src/NuclearReactorSimulator.Application/Scenarios/Criticality/FirstCriticalityLowPowerProgram.cs	ED8CFE31CF978A1677F17BB0A169B015A0B88D7A34B1FE910ACBDFCE47574720
src/NuclearReactorSimulator.Application/Scenarios/Criticality/FirstCriticalityStepDefinition.cs	56770DF45703EFD707E097EB8A3897FD58A1710F9179B68A990038487E3EDC0B
src/NuclearReactorSimulator.Application/Scenarios/Faults/ElectricalLoss/ElectricalLossFaultApplicatorFactory.cs	70D14B3CC57DDE0159BAFCAC397545297E556F944471F25A0298BE251E7CB313
src/NuclearReactorSimulator.Application/Scenarios/Faults/ElectricalLoss/ElectricalLossFaultTypeIds.cs	CE07A5BE1D0655C288DA9312C2B41EFFDA79BC034575A14EBB14B912EA0BE1AC
src/NuclearReactorSimulator.Application/Scenarios/Faults/ElectricalLoss/ElectricalLossScenarioPack.cs	4B6D3CA5DC3ED0D758BF80D7B02454AC87F78ADCECA65D9DCEB514E4CFE4BD78
src/NuclearReactorSimulator.Application/Scenarios/Faults/ElectricalLoss/IElectricalLossFaultTarget.cs	BB1E3D4FD9C55E9DE818E5723CF49712B7A120ECD0740BAD03C457F4F0193A3C
src/NuclearReactorSimulator.Application/Scenarios/Faults/Hydraulics/HydraulicComponentFaultScenarioPack.cs	93BA805C03542D535DC4E348E161A01BBF7222EF845F313080A32012636C31E8
src/NuclearReactorSimulator.Application/Scenarios/Faults/Hydraulics/HydraulicFaultApplicatorFactory.cs	206DD1EC9ECCE73DB38DA3ABB338C0878AF64E2FCD2F0CBEDED57E295F9636CE
src/NuclearReactorSimulator.Application/Scenarios/Faults/Hydraulics/HydraulicFaultTypeIds.cs	90D979C1E15028EDC8C3D9B00F50B0D308CBAB96049EEA71EEA9087A7DF3E7FF
src/NuclearReactorSimulator.Application/Scenarios/Faults/Hydraulics/IHydraulicComponentFaultTarget.cs	A3C65F6162F2351248793854AA24C125129533C3CE88E70C4B3553B03F2117A1
src/NuclearReactorSimulator.Application/Scenarios/Faults/IScenarioFaultApplicator.cs	BFF605463B15794344C6BE7C8C7FF3869B328580887D97F879E51DBD7D8A81D8
src/NuclearReactorSimulator.Application/Scenarios/Faults/IScenarioFaultApplicatorFactory.cs	46CF9AE78F71113ABFBCC716F6C7523CCC5E334A65734F48BD89E441CEA6B38B
src/NuclearReactorSimulator.Application/Scenarios/Faults/IScenarioFaultConditionEvaluator.cs	417D648553CAA7EBC8BB377ACE7B6AA5449DD114470105B57C03DB41AB28925D
src/NuclearReactorSimulator.Application/Scenarios/Faults/InstrumentationControl/IInstrumentationControlFaultTarget.cs	9F44212AEEAAD7CC01819957E2855E2F8DA7CC3BA82658B007E9F599ECEC6EC8
src/NuclearReactorSimulator.Application/Scenarios/Faults/InstrumentationControl/InstrumentationControlFaultApplicatorFactory.cs	70698308AD9C89221EB90542B6089158876224646B8DFC174680D48346526F20
src/NuclearReactorSimulator.Application/Scenarios/Faults/InstrumentationControl/InstrumentationControlFaultScenarioPack.cs	17F5687FC1A2DDCAEEE618126A8E2FC7623462C0E56ED9617E8CC3D2ECDBFA7E
src/NuclearReactorSimulator.Application/Scenarios/Faults/InstrumentationControl/InstrumentationControlFaultTypeIds.cs	070AF1A3460B01EF47FCBBA324158FFD771E946AB355FE9FDFCF5DF470B26E22
src/NuclearReactorSimulator.Application/Scenarios/Faults/LossOfCoolant/ILossOfCoolantFaultTarget.cs	D03F26635A0D2D4E17EFA1DC020D9804791B80FA4198E28A003CC94CC300D2EE
src/NuclearReactorSimulator.Application/Scenarios/Faults/LossOfCoolant/LossOfCoolantFaultApplicatorFactory.cs	B171940D908A5BF89A133E8BA86A1290AA89EFF21C7C7BB5F11BD3B8837F8A2A
src/NuclearReactorSimulator.Application/Scenarios/Faults/LossOfCoolant/LossOfCoolantFaultTypeIds.cs	976FECABBC3A5ECBC76ED8913F9FA1CC0CC7CCF873F195B295CE8B0973C130A1
src/NuclearReactorSimulator.Application/Scenarios/Faults/LossOfCoolant/LossOfCoolantScenarioPack.cs	84D7751D2A81C315A547105A67D6221BBA919A1625E869E1648690BF20E45594
src/NuclearReactorSimulator.Application/Scenarios/Faults/ScenarioFaultApplicatorRegistry.cs	FAC491CD908FE5EB647506461B72C426BF64F7577961FE2E174F7FCB83B80F4F
src/NuclearReactorSimulator.Application/Scenarios/Faults/ScenarioFaultConditionRegistry.cs	84A6A23CCA7808847E407228594F58C3CB1360BBADEB757DFFBC12B74DFECBFE
src/NuclearReactorSimulator.Application/Scenarios/Faults/ScenarioFaultDefinition.cs	B290C59A442A806CAE0E6DC9503280728557F00FBD27E71DB7D0D7AAC436B724
src/NuclearReactorSimulator.Application/Scenarios/Faults/ScenarioFaultLifecycleState.cs	5DEFEC49B5E7D0FD894CFB7E2F345164040AE02C5E7E5B4E8507FF0BEF567EE3
src/NuclearReactorSimulator.Application/Scenarios/Faults/ScenarioFaultRuntimeEngine.cs	D653041279E82F2D6F55D297DF97D3098A591C93A2045CA3CB748B561B107090
src/NuclearReactorSimulator.Application/Scenarios/Faults/ScenarioFaultTriggerDefinition.cs	1A288EB1E75BF97A6726F7B9BD6BE764CF6729DD14C0BDCD3A53D2E13FD3D1BF
src/NuclearReactorSimulator.Application/Scenarios/Faults/ScenarioFaultTriggerKind.cs	70F65C05F6E35834EAC6710D0C57E8A37E622963A8AE7D80C9CA265F768C3975
src/NuclearReactorSimulator.Application/Scenarios/Faults/SecondaryTransients/ISecondaryTransientFaultTarget.cs	F6410CE394DCD80B4210CD64AF23C30EDB9F4ADE9FA9D6D1D22B33BA41071446
src/NuclearReactorSimulator.Application/Scenarios/Faults/SecondaryTransients/SecondaryTransientFaultApplicatorFactory.cs	8DF59E3A443BC043389C8D8D0DF4C37CE9EB2B2D5EB5575677235F18EF53D359
src/NuclearReactorSimulator.Application/Scenarios/Faults/SecondaryTransients/SecondaryTransientFaultTypeIds.cs	FE83B6F803399792352362DF8CE5D86AD4FC6FB218F14465BA80C02DEB3D97F1
src/NuclearReactorSimulator.Application/Scenarios/Faults/SecondaryTransients/SecondaryTransientInitialConditionFactory.cs	7DCA3DF3DB40BB7A0FAF0F32DFA5B6C49A24B8F1BED36A259446FFAC7C3003CF
src/NuclearReactorSimulator.Application/Scenarios/Faults/SecondaryTransients/SecondaryTransientScenarioPack.cs	56B08C8A75731F68B59BF56F1DA7FD999D56B5949FF3A0AFB91341006DA41ACF
src/NuclearReactorSimulator.Application/Scenarios/Historical/HistoricalModelCapabilityIds.cs	7DEE9FF67F760E90390682258FCD160F2C16F0336FF6132CBC71C2A8D2811A44
src/NuclearReactorSimulator.Application/Scenarios/Historical/HistoricalScenarioClaimDefinition.cs	2CE4567FED45C495FBD1A393373E4473C2A45D049595A3FC02E5D1792830D7BE
src/NuclearReactorSimulator.Application/Scenarios/Historical/HistoricalScenarioClaimKind.cs	9019323312003CC057DC7D490CC81E18A3AEED6C48E540DBA8C154AF765B4B92
src/NuclearReactorSimulator.Application/Scenarios/Historical/HistoricalScenarioContextDefinition.cs	DFDA41A72D526E689364E48CAC799B23FF5543FD6C720A39944869D3F9F6B599
src/NuclearReactorSimulator.Application/Scenarios/Historical/HistoricalScenarioFidelityException.cs	A7DB46D45801EE6D788A56F66E63D1C1CB439BAF548BC6946EE68C78553CDB02
src/NuclearReactorSimulator.Application/Scenarios/Historical/HistoricalScenarioFidelityReviewResult.cs	9E269DFCF08077BCC6C37BFD28135A28061B5A76EB755EBA566547EDC940B907
src/NuclearReactorSimulator.Application/Scenarios/Historical/HistoricalScenarioFidelityReviewer.cs	52897AA2B53232DE88DE6EA770DD8D34DF24C5A54FB2BAC8F5196A77B9159F1F
src/NuclearReactorSimulator.Application/Scenarios/Historical/HistoricalSourceReference.cs	8D8672DAA44F5A2DF53851346535A435CEFBB3F10C88CB5DAC40118D79A19B30
src/NuclearReactorSimulator.Application/Scenarios/IScenarioDefinitionSerializer.cs	5A0F562919F7CA57EE0DDB759E62833E40276EC97BA957C1C7B8D0809A7D663A
src/NuclearReactorSimulator.Application/Scenarios/IVersionedInitialConditionFactory.cs	00DFA7FBAF94723520D2DC8B515809D4B8BF70FD3D76559BBF3B177B050649FE
src/NuclearReactorSimulator.Application/Scenarios/InitialConditionDescriptor.cs	4B037E3A641C581F10B6BB9B0B8EFA037EC767EB01A7E184124438FE3784FA0A
src/NuclearReactorSimulator.Application/Scenarios/InitialConditionReference.cs	CD7E56E15687386A77AA34049F251AA32F25A35F62AB6865553FB6F83BA628E6
src/NuclearReactorSimulator.Application/Scenarios/Operations/PowerManoeuvringCheckCondition.cs	3ABDCEA59C17474DD7B3C01DE5115DA3E7898E4F056FA5EC5F3C77E5B7523F77
src/NuclearReactorSimulator.Application/Scenarios/Operations/PowerManoeuvringCheckDefinition.cs	B6E5C3B0A3E59F362AE86E59BB3D0C7B69A4DF4D57A232D5160C99840F8666A9
src/NuclearReactorSimulator.Application/Scenarios/Operations/PowerManoeuvringCheckResult.cs	6F4A0C0CF324EBAD70BB31B1F3FF044D6B9C1652B8047822178CE7EB495D73A3
src/NuclearReactorSimulator.Application/Scenarios/Operations/PowerManoeuvringChecklistEvaluator.cs	7297E583632D94836396619EE8C0213D0623509C715A2BC65B86A2930C3EF5F1
src/NuclearReactorSimulator.Application/Scenarios/Operations/PowerManoeuvringGuidancePlan.cs	59BA1CBE02A6A946D2EA781C1643006DA2091B59EE9B1457CEB88D0A445EC355
src/NuclearReactorSimulator.Application/Scenarios/Operations/PowerManoeuvringInitialConditionFactory.cs	5DF9FC190EA06DE47A4EADAD1DAE856355F9B9A8D7D8E3477047BD7DF3615B8E
src/NuclearReactorSimulator.Application/Scenarios/Operations/PowerManoeuvringNormalShutdownProgram.cs	7C1DB67F451898E1930FD29B36158BC47DFC4F726F20543AAC7C9B9D9267F2C5
src/NuclearReactorSimulator.Application/Scenarios/Operations/PowerManoeuvringStepDefinition.cs	DE1E5085E43A34E5572EB9A370ECCC025A184255F1D553D9E632C99E51269569
src/NuclearReactorSimulator.Application/Scenarios/PreStartup/ColdShutdownInitialConditionFactory.cs	2EF50596DBB4AB5215A484511623D569F2CAE9260962BABAE14BC789F21459F7
src/NuclearReactorSimulator.Application/Scenarios/PreStartup/ColdShutdownPreStartupProgram.cs	715988DF47426ED441F8B1CF75CDEDA34770AF07509F384C34CD748AF51C260F
src/NuclearReactorSimulator.Application/Scenarios/PreStartup/OperationalFluidNodeSeed.cs	076F5FF63DECAF7E410CD39571B0F322AA2301E4F8B83CA16CA4DC262C423E89
src/NuclearReactorSimulator.Application/Scenarios/PreStartup/PreStartupCheckCondition.cs	D1268686117F41D4D22D35523C84EA371C61B129E929781B535C721E09F4B76A
src/NuclearReactorSimulator.Application/Scenarios/PreStartup/PreStartupCheckDefinition.cs	B1C5524E587F67D96187E06BEAEB9B88B63AF6B9B80F9B1B05905EB64BBFA676
src/NuclearReactorSimulator.Application/Scenarios/PreStartup/PreStartupCheckResult.cs	708C1AB436A1A9208DB84EF36BBB78131F93E08BE6F3FC790DD4EC6BA6F7EA53
src/NuclearReactorSimulator.Application/Scenarios/PreStartup/PreStartupChecklistEvaluator.cs	122FAB766A230D0F13C20D1076071DC3C78DDA5CA3875CBBB810AAFE4575F6BE
src/NuclearReactorSimulator.Application/Scenarios/PreStartup/PreStartupGuidancePlan.cs	5B4A9C223C032D46F6C5DCEB5D2937288C27C204B0D1EF7EF625099A06912816
src/NuclearReactorSimulator.Application/Scenarios/PreStartup/PreStartupPreparationStepDefinition.cs	685ABD877B2FA2E5DEDA77D9B9824CBECDDDA562E2077472CD254E7A9EFA6314
src/NuclearReactorSimulator.Application/Scenarios/Recording/ControlRoomSnapshotFingerprint.cs	060DD9B6ECBFC2AE68A128FFF09A2C6B9DE53DEB755F4225ADB661E14B46F92E
src/NuclearReactorSimulator.Application/Scenarios/Recording/IScenarioCheckpointSerializer.cs	16AB8011131665954CF23E8DEF4B72FBE5CE3257644F5BA731F59B28143C29E5
src/NuclearReactorSimulator.Application/Scenarios/Recording/IScenarioSessionArchiveSerializer.cs	F55F46E520B0B1147B831BC89FE3D3A9E710FB141F56C2DBDE2D9585730320F8
src/NuclearReactorSimulator.Application/Scenarios/Recording/ScenarioCheckpoint.cs	3264801AA9176932083E477DEC113FE62DC8D88A11650E1C11107F735C391F17
src/NuclearReactorSimulator.Application/Scenarios/Recording/ScenarioFullReplayResult.cs	1E7355EF52E905387193EE04EB15590664088064BEFA1D4A18A70F1C8F3DD801
src/NuclearReactorSimulator.Application/Scenarios/Recording/ScenarioFullReplayRunner.cs	2564F9B973E38952FC27AA1BE33B49DB76FCC6E62B2E3F6AC636DA0C93B447C0
src/NuclearReactorSimulator.Application/Scenarios/Recording/ScenarioRecorder.cs	8EB25A061AD5A3F743BBE0B5A6738B48963C34DFBBDBCEC0488560C1F7A9987D
src/NuclearReactorSimulator.Application/Scenarios/Recording/ScenarioRecording.cs	0D3E3565F210ADD23A72DF37509822B3EE0051D46D1F9DA10312011FDBED198B
src/NuclearReactorSimulator.Application/Scenarios/Recording/ScenarioRecordingEvent.cs	C52437FB24744DB5A6EC4FEF3428483AD452B82575522EF57E1C7CE073D4814B
src/NuclearReactorSimulator.Application/Scenarios/Recording/ScenarioRecordingEventKind.cs	6790BAC441F051FF2AB8E9A048366D16CFDBCFD17EE51C3BAEB4932FCF9BB247
src/NuclearReactorSimulator.Application/Scenarios/Recording/ScenarioRecordingFrame.cs	AE0631E45CFF24F261682BF7B3656A18AD7805A59C95F32DC46087132F8C6053
src/NuclearReactorSimulator.Application/Scenarios/Recording/ScenarioReplayDivergenceException.cs	F14083903024F3E516C937C33D8517C2A90AD600B73CE076CAC2CC031917F9E6
src/NuclearReactorSimulator.Application/Scenarios/Recording/ScenarioSessionArchive.cs	7BF5E388B5F5094573B6C95D4AE5484CA3781B8E17D1CADADCB4B8463D4E745D
src/NuclearReactorSimulator.Application/Scenarios/Recording/ScenarioSessionArchiveFrame.cs	86CC48C095D2CF88743F2928D87DE2F59F099C3E4B2E7F340384B7677A175043
src/NuclearReactorSimulator.Application/Scenarios/SafetyResponse/SafetyResponseCheckpointEvaluator.cs	32D43C258BEB9AF590991A71E2432E08ACD836A487087AD47CD84B9F5DB582C3
src/NuclearReactorSimulator.Application/Scenarios/SafetyResponse/SafetyResponseEvaluationSession.cs	EB126F2846B2787A4CA8F2326A80C6423F86B7D7FC4B7DE291A1C0E5AB4A8BE2
src/NuclearReactorSimulator.Application/Scenarios/SafetyResponse/SafetyResponseExercise.cs	85F6904738B0237C5602F42CB486B2898DC766E947A22F60B01C538FA19CE50C
src/NuclearReactorSimulator.Application/Scenarios/SafetyResponse/SafetyResponseScenarioPack.cs	A73F31B5E907A1D3F4C85969D9F5E8E0671A1366357808CE7D7CC8ABC50FC784
src/NuclearReactorSimulator.Application/Scenarios/ScenarioAutomationIntentJournal.cs	6F2AD2628DDCC760EEA669BA447B44908B58F27312F298576799005503666DC4
src/NuclearReactorSimulator.Application/Scenarios/ScenarioAutomationIntentKind.cs	04E6B81032048F7B198724D5E096AE6EEB2B34A1637FE7DB120D147FD4C1BFD2
src/NuclearReactorSimulator.Application/Scenarios/ScenarioAutomationIntentRecord.cs	DA6E963EC84ACDA8E29C207FF62B7612A2A916021D3C16F97DB4EBC9A10CB9C4
src/NuclearReactorSimulator.Application/Scenarios/ScenarioCommandDispatcher.cs	5115412B613382DB38D0C0E97A64CB2BB061A71E311E31309759E5C3FAF53966
src/NuclearReactorSimulator.Application/Scenarios/ScenarioDefinition.cs	003A4AD03DFA75F0BCA94790C394831D7873FCD3138FBFBBC976447133C984B7
src/NuclearReactorSimulator.Application/Scenarios/ScenarioObjectiveDefinition.cs	FA7A62D019936DF8FD85F3263B89ECA4C8B14D2281A2CD6FE671A07F967ED06E
src/NuclearReactorSimulator.Application/Scenarios/ScenarioOperatorActionAcceptedEventArgs.cs	834927C52D6E7110D92F98E72C0F2B4CF1F8D55C0FA0573939B2065C475F7027
src/NuclearReactorSimulator.Application/Scenarios/ScenarioOperatorActionJournal.cs	AAA17E6A4A312461E07202D80AC36F00CB1185878B1534D410AC89170A635A92
src/NuclearReactorSimulator.Application/Scenarios/ScenarioOperatorActionRecord.cs	4EFD1D4DEFCEEA9780BE014590EF7BF5D6AB7616FEF47DECE3470D1A233654DB
src/NuclearReactorSimulator.Application/Scenarios/ScenarioPlantControlAuthorityDispatcher.cs	058317A0545BF4B78077BDDDDD7282E7748E01F839557531FA1BC9E10879F492
src/NuclearReactorSimulator.Application/Scenarios/ScenarioReplayRunner.cs	83504421CBB8591C2F29BCE2D81EC6594E9154346D4B61167646A8B15DCAC1CF
src/NuclearReactorSimulator.Application/Scenarios/ScenarioSession.cs	6CAFBC82E3A72FD1D0B6342190E29693B265B89A4577758B07D195A73C556CF2
src/NuclearReactorSimulator.Application/Scenarios/ScenarioSessionFactory.cs	2080FFECA8149A534F0302B5D89DACB683F0F0BE61FCF1A049ADB08C5EA6A4C9
src/NuclearReactorSimulator.Application/Scenarios/Startup/HeatUpTurbineStartupCheckCondition.cs	9324B527E2928071B26F7CD0305FAA1DBDEB6039393414FBAA894E86F9F46CB7
src/NuclearReactorSimulator.Application/Scenarios/Startup/HeatUpTurbineStartupCheckDefinition.cs	0CE882B60DFF272FEBAD35B77E47B6AF9FF06E0965B3B7D3123199B0874B303D
src/NuclearReactorSimulator.Application/Scenarios/Startup/HeatUpTurbineStartupCheckResult.cs	EB7A1E5EE52EC65BA66B719615C149912A35BAEF7720E89741B84783C6F2AD6C
src/NuclearReactorSimulator.Application/Scenarios/Startup/HeatUpTurbineStartupChecklistEvaluator.cs	811493A3777BAE884BEE43FE1FE79F2FE584ACC3196C4C891719D66EC8A3B378
src/NuclearReactorSimulator.Application/Scenarios/Startup/HeatUpTurbineStartupGuidancePlan.cs	557255B6FAF1289F5F618A641080E54319EDB97EF574923A1CF6F84A2A1A4ACB
src/NuclearReactorSimulator.Application/Scenarios/Startup/HeatUpTurbineStartupInitialConditionFactory.cs	732D24BDDC79E7BE15B42E2DFFCA791D3A1E1009EE67F489EC418E61EDACF4D8
src/NuclearReactorSimulator.Application/Scenarios/Startup/HeatUpTurbineStartupProgram.cs	9E4C243AB7CBC130B1D865F64FA029F26BC4A4A7AF21349AC02ECE396A32DFD4
src/NuclearReactorSimulator.Application/Scenarios/Startup/HeatUpTurbineStartupStepDefinition.cs	81290CEBC6025B964DC0E8706A7CC281228C8E018D15CF3B9AFE610A0E35E838
src/NuclearReactorSimulator.Application/Scenarios/Synchronization/GridSynchronizationCheckCondition.cs	3098C80FB3066F5C3F75DAE62CBD613BB631CCDE491CEB592D35A8CD2D8E2B50
src/NuclearReactorSimulator.Application/Scenarios/Synchronization/GridSynchronizationCheckDefinition.cs	EC98D2796F02B6B301C2ADC62D55E405AE64796019F80C5C0F05B247B5CB71C7
src/NuclearReactorSimulator.Application/Scenarios/Synchronization/GridSynchronizationCheckResult.cs	49E5FFFCEA11EDC27091B2CEB70FE2091BCF7DAAC8C43DA3EB0AA5C382F959B2
src/NuclearReactorSimulator.Application/Scenarios/Synchronization/GridSynchronizationChecklistEvaluator.cs	26BFB062921E1BF75AA8CBB44F99E7B17BD5F909E000C255F3808942812477E5
src/NuclearReactorSimulator.Application/Scenarios/Synchronization/GridSynchronizationCorrectedInitialConditionFactory.cs	E61D932E01B13A3C30F34B674B3D3CD29F446B6C912EEC791850B475C76FA6F7
src/NuclearReactorSimulator.Application/Scenarios/Synchronization/GridSynchronizationGuidancePlan.cs	A33B5066495B0CCB29CA80A25FC8FC8CCCD8DFA5248951AF70B081A2F43DCC76
src/NuclearReactorSimulator.Application/Scenarios/Synchronization/GridSynchronizationInitialConditionFactory.cs	CD159EB7D741A9BAE2778E80A06A8B1B759BFD2275C86F29C0545F9EB24D7366
src/NuclearReactorSimulator.Application/Scenarios/Synchronization/GridSynchronizationLoadProgram.cs	14E315945C7F8794D435C136756BA7E57B828E243990BFF9EF43487E27DACD62
src/NuclearReactorSimulator.Application/Scenarios/Synchronization/GridSynchronizationStepDefinition.cs	A4FE152EAF25E1828F4254A1E988D69121F589F88131116E9B64A5AF09F63C16
src/NuclearReactorSimulator.Application/Scenarios/Synchronization/GridSynchronizationSustainedInitialConditionFactory.cs	5929EB69A4E90D2DD74BA8B7BBA623802EFD74C94D46EA4EAF8B098E41F5328C
src/NuclearReactorSimulator.Application/Scenarios/Training/DesktopHydraulicProductionPolicy.cs	C7E48B9FC2B0F31A7E547778DE2F184F327683C26C1C2173A58AB6D9DBB0A93C
src/NuclearReactorSimulator.Application/Scenarios/Training/DesktopHydraulicProductionTelemetryProbe.cs	B35411D1BCD8DC2BBE01A73952CEB6F24F86070FD4D2406375284681060DE0C2
src/NuclearReactorSimulator.Application/Scenarios/Training/DesktopIntegratedOperationsH29ActivationCandidateProgram.cs	0B663D4D86A1D98213093D9012E6A221D1914DE46DE6AD39AACFFA91E20E6B2B
src/NuclearReactorSimulator.Application/Scenarios/Training/DesktopIntegratedOperationsI5RepairedActivationCandidateProgram.cs	31300CAC482458D0C82602F9476833942F4377E3D421AB0E69AC4617EC5B1900
src/NuclearReactorSimulator.Application/Scenarios/Training/DesktopIntegratedOperationsInitialConditionFactory.cs	53CD39AAF8200E2B61C61443A09E1156A06B56D2321A7271E5A4A0F588E2D940
src/NuclearReactorSimulator.Application/Scenarios/Training/DesktopIntegratedOperationsM10FinalV9ActivationCandidateProgram.cs	668EFF4EA697FAE50B6740D012746E0B15E661760C9556EC2EF6C5292B29DAB9
src/NuclearReactorSimulator.Application/Scenarios/Training/DesktopIntegratedOperationsProductionProgram.cs	D88657738F4060AFAFCC6648BA69B27AB31023007E1B7192B0435A29FB975E26
src/NuclearReactorSimulator.Application/Scenarios/Training/DesktopIntegratedOperationsProgram.cs	0DA80BC8E2CBCD9807F6FB83F3E458EA2964D0020C18CD20895D8C9B93D53517
src/NuclearReactorSimulator.Application/Scenarios/Training/DesktopSustainedGenerationGridDroopIntegralReferenceCandidateInitialConditionFactory.cs	0B79BB2107D96F5A3F0EB204B0299AFDC382704A4C9B541A6370B454A08215E6
src/NuclearReactorSimulator.Application/Scenarios/Training/DesktopSustainedGenerationH29ActivationCandidateInitialConditionFactory.cs	EE6D8B866AFCC581D4D0AE3A84EE906DD9BE03FF447D6B772DEAE2092CEA858C
src/NuclearReactorSimulator.Application/Scenarios/Training/DesktopSustainedGenerationI5RepairedActivationCandidateInitialConditionFactory.cs	2A7F073442C500968706843AE62D689A72E8833BF7B1C1467596CCD5AF769972
src/NuclearReactorSimulator.Application/Scenarios/Training/DesktopSustainedGenerationInitialConditionFactory.cs	24643F49F98F905C4CE4716B6ECBEC3B35B3C0A372F3CF57E8150F618248520F
src/NuclearReactorSimulator.Application/Scenarios/Training/DesktopSustainedGenerationMoistureDrainCandidateInitialConditionFactory.cs	72B188DDF8D7EAEA7E583D0AE7CB3D504D453CDD436BEB4DF9F6F8C1CADA81AD
src/NuclearReactorSimulator.Application/Scenarios/Training/DesktopSustainedGenerationPostMoistureEquilibriumCandidateInitialConditionFactory.cs	D9E2D5980658F56F55FBA3BCFDA5E082E8889A7C295AA057B71C7DB00D89D0F9
src/NuclearReactorSimulator.Application/Scenarios/Training/DesktopSustainedGenerationReferenceOperatingPointCandidateInitialConditionFactory.cs	073CD79CC9F09067315BB5C1AE34CA8FC45E8B7C5305BE3A85DDC88A1EFD98C1
src/NuclearReactorSimulator.Application/Scenarios/Training/DesktopSustainedGenerationWholeCycleEquilibriumCandidateInitialConditionFactory.cs	9526CE1BEAF328C0C4A2B86063D0BE9F2A5F79BB9E623DAA5951D99D159421B0
src/NuclearReactorSimulator.Application/Scenarios/Training/ITrainingAssistanceDispatcher.cs	AFE986F9E4C1966EEB5DAF6D710FBE0A02B3E8C71419771C6938FC8F6E639EB9
src/NuclearReactorSimulator.Application/Scenarios/Training/ITrainingCheckpointEvaluator.cs	A1E718CF2439312DE7ADDD4F311C9FAC35140DB4C71FE4DAAC14D16E6E107AA2
src/NuclearReactorSimulator.Application/Scenarios/Training/IntegratedOperationsTrainingProgram.cs	41BF97BF12641DB4FBF70135FACAA2604AD879A980F9E817CC039DA6C2732B0F
src/NuclearReactorSimulator.Application/Scenarios/Training/PowerManoeuvringTrainingCheckpointEvaluator.cs	9BC843BA1D2E6765E2947DCCA718FABA9B7FC956561064B9803B5207F1907C5C
src/NuclearReactorSimulator.Application/Scenarios/Training/ScenarioTrainingAssessment.cs	6675C5DEF9E770533A1171B7783FE37B1FB677E552A043EEB34221E2B51FCBA6
src/NuclearReactorSimulator.Application/Scenarios/Training/ScenarioTrainingAssessmentChangedEventArgs.cs	62B3D1EF0D680D3884FF26CD7EBD00BDCCDC8AB645E8D863DB63E2FAC2FFD9F2
src/NuclearReactorSimulator.Application/Scenarios/Training/ScenarioTrainingPlan.cs	1E123ABF85B424E2A83EF32B21029236132497D769899650DFD54B6FF6B9AF28
src/NuclearReactorSimulator.Application/Scenarios/Training/ScenarioTrainingTracker.cs	1621BF845F2B8EAC861DC2E7E499C99CAC4175B8E8EF0C5AFE39A40D175F25BA
src/NuclearReactorSimulator.Application/Scenarios/Training/TrainingCheckpointDefinition.cs	C8877B63945652746D3CAFC819CFF76648345AE342B77C750AD03AE5D79348E6
src/NuclearReactorSimulator.Application/Scenarios/Training/TrainingCheckpointObservation.cs	BE7270DD06F3F25B311713F5F3AF304F973B466C53AAEF60DA728F4BD9DF91D8
src/NuclearReactorSimulator.Application/Scenarios/Training/TrainingCheckpointProgress.cs	BB535F35C966B861B7729E7CE59FC736C278C67B91B719AD789214A85276AACC
src/NuclearReactorSimulator.Application/Scenarios/Training/TrainingCriterionAssessment.cs	DA276D9BDBAD2B7EE8F50C84D5DF476D5BD91CF79A06F01E7C386ED3ABC0FA8D
src/NuclearReactorSimulator.Application/Scenarios/Training/TrainingEvaluationCriterionDefinition.cs	733975AF8D0E45B37CB403CEF5E313551D83D12D6AC1438EFD1EC0EF368A1888
src/NuclearReactorSimulator.Application/Scenarios/Training/TrainingEvaluationCriterionKind.cs	6DDBB91789ACEE36683458B80A123AD38E88074A2CCBF8AFEF7DC9DDD9DEE376
src/NuclearReactorSimulator.Application/Scenarios/Training/TrainingGuidanceMode.cs	FB43E1DA199E59B424134F1F5C3F394541F786E5AF37020971C016EAE9FBA953
src/NuclearReactorSimulator.Application/Scenarios/Training/TrainingObjectiveAssessment.cs	6C28E8CE31FAD7AF47612F86A6429A9B0D84425F14473029B09B68DF263EBF9E
src/NuclearReactorSimulator.Application/Scenarios/Training/TrainingObjectiveEvaluationDefinition.cs	704925E7593282CA3B23F29B751354F0A20588136B776B89A47F1F93EE7AF6E7
src/NuclearReactorSimulator.Application/Scenarios/Training/TrainingPenaltyAssessment.cs	567CC90F864F0297DCEF063600AA94DDC28F96AE6979095BA0BDD273736CF1E7
src/NuclearReactorSimulator.Application/Scenarios/Training/TrainingPenaltyDefinition.cs	C867A5218E2D5AE6ADA7C96ADD90D22CD5A57E2545FAAC7BECFEFCB76D15B4B3
src/NuclearReactorSimulator.Application/Scenarios/VersionedInitialConditionRegistry.cs	BCBBD3829EA678B4DF962EC930F50633DA85B4BB89DBED4315A38B9603C9BBA2
src/NuclearReactorSimulator.Application/Scenarios/Xenon/AdvancedXenonModelConfiguration.cs	073F574902C431073F6ABCD3B421C951E08AE8ABF82F20C10FB0BDCB9CEC38DD
src/NuclearReactorSimulator.Application/Scenarios/Xenon/AdvancedXenonScenarioPack.cs	504698236C6A2353707998C061BB70830DC386D6964CFA333A48C95144901214
src/NuclearReactorSimulator.Application/Scenarios/Xenon/LowPowerXenonInitialConditionFactory.cs	7D0CCE31091EAED9E40680B9A49D42CDC242E3B6B4B0380AE6B2082DC8C26396
src/NuclearReactorSimulator.Application/Scenarios/Xenon/XenonRestartInitialConditionFactory.cs	0DD84F8438C54F84DF5C3F56A9E9FA202E20E2B890E2C10B988C7E7A3160D18F
src/NuclearReactorSimulator.Application/Validation/BuiltInReferenceValidationCatalog.cs	C1738ADA94980B3D0A8371CF618F4EBEB9054B45866E069C32CF969C03F7BA3A
src/NuclearReactorSimulator.Application/Validation/ControlRoomReferenceMetricExtractor.cs	23D6B299E0D39CA457710CAAC91D72746E411B287C591EE60645C2BCEF0DDCFD
src/NuclearReactorSimulator.Application/Validation/ReferenceSensitivityAnalyzer.cs	DA6CB593A6228FEB776D27C9E8AC183AD7F9D47BDCD29A5742328E5670D90DCB
src/NuclearReactorSimulator.Application/Validation/ReferenceSensitivityDirection.cs	F209C72CB2941145737C72438F1446709D5A181DD3CD817BA128DA315DECC984
src/NuclearReactorSimulator.Application/Validation/ReferenceSensitivityProbeDefinition.cs	15E5317CC8BBF6C0E0E2A008A36DF6215FAEE2BF93C2937A380AF0D400AC1525
src/NuclearReactorSimulator.Application/Validation/ReferenceSensitivityReport.cs	97E52F3D16A2F6BC67C9F0494D716F5A597A5AE76420C0BE7398E0983F3FF737
src/NuclearReactorSimulator.Application/Validation/ReferenceValidationCaseDefinition.cs	A82B97C1C977D5DBDFC9776F66D08650128B51138A7111734C1EFBB2A7F7A71C
src/NuclearReactorSimulator.Application/Validation/ReferenceValidationCaseKind.cs	9DA4B233A9BA611FD19B1C34CEEF6307BF988B1DA089A757D62798FCE3CCF6AE
src/NuclearReactorSimulator.Application/Validation/ReferenceValidationCaseReport.cs	CA05123855AB847C3E37F99EE7F62C3F64E63644D945E0E3500162EA5E662457
src/NuclearReactorSimulator.Application/Validation/ReferenceValidationMetricIds.cs	52A3FF730E27586F9C9CF5DA4A7A7D804888D971F6BF29C3F28A034C0F1BE1C7
src/NuclearReactorSimulator.Application/Validation/ReferenceValidationMetricResult.cs	0DA6D65490A8F928A16A96DC4F78493A17101EE42A234D355348F963CB67A3D5
src/NuclearReactorSimulator.Application/Validation/ReferenceValidationMetricStatus.cs	883AD2A65205EF6787BD60440A591D9C124BA2A2280CDAE07B05C1DCEF0CB10B
src/NuclearReactorSimulator.Application/Validation/ReferenceValidationRunner.cs	AC0AB5D03EC9044718BCEDA2525A1870760F30D20274517008A1DE183E4770E7
src/NuclearReactorSimulator.Application/Validation/ReferenceValidationSample.cs	3776CB8C45AE062F8A8C9A0B27FCAE1BFF500D57ADACF0CCDFE0EDE5A1659083
src/NuclearReactorSimulator.Application/Validation/ReferenceValidationSuiteDefinition.cs	DEB7AB7EAF32146ABF8E0B64682DF3C7B4C1C13683BA0CD5F15F3A424D224CB0
src/NuclearReactorSimulator.Application/Validation/ReferenceValidationSuiteReport.cs	6736BD065E056F1CA0ECB9919B4D14DFF6CE55A47D3E18607473FE8BA354043B
src/NuclearReactorSimulator.Application/Validation/ReferenceValidationSuiteRunner.cs	8CA3859E20E23AD9E736AE58A99C10218288F60CD7E52BC75CD802EE8D64CAF7
src/NuclearReactorSimulator.Application/Validation/ReferenceValidationTarget.cs	6933308113F94E19ABF7F59700F5D20BB6E4F4CEE0643AC1BE93BCF500AC150F
src/NuclearReactorSimulator.Application/Validation/ReferenceValidationToleranceBudget.cs	FF0E18E48439397DDCA10D0F2326AE301275AF86CF6A4B42847408EA43BABEED
src/NuclearReactorSimulator.Domain/AssemblyMarker.cs	1D797DD3621F267627FA33F9A934C51FEE0F269765FFB40503BF0182652109FB
src/NuclearReactorSimulator.Domain/NuclearReactorSimulator.Domain.csproj	353559A641B11632080128AFA6ED15467269675A3C87FC18DF162FBFC296073E
src/NuclearReactorSimulator.Domain/Physics/Control/ActuatorDefinition.cs	D362B5B5B4283278EFAEC27C6D88D08A8A7E90FD92A39997374CB50F05D59DA0
src/NuclearReactorSimulator.Domain/Physics/Control/ActuatorSystemDefinition.cs	2D589B5EA71D054DA0A7E9167D0F2228E64B0AFC4C40D81194D7FA2262E784A4
src/NuclearReactorSimulator.Domain/Physics/Control/ActuatorTargetKind.cs	761304BA4F977B9DCE11475FCF148C76A81B2DF4CBEAD62A6255AEFF61C639B4
src/NuclearReactorSimulator.Domain/Physics/Control/ActuatorTravelRate.cs	B40202412D9E6DD29CF9B59CCDB2A307BB069620920FEC967132403A55E754A7
src/NuclearReactorSimulator.Domain/Physics/Control/Alarms/AlarmComparison.cs	AA3B9FB6BB0CCE136A7EC16C7BC1B2909B936BEB1D4600CA7A020D048FCDED3B
src/NuclearReactorSimulator.Domain/Physics/Control/Alarms/AlarmConditionDefinition.cs	72F04EAC2FE323AFB515D9A5514C8287929A87A435BD603B1CD496CF32CCB1A2
src/NuclearReactorSimulator.Domain/Physics/Control/Alarms/AlarmDefinition.cs	EFF0DB16D176A02FD7053BE2EB1EADC3D8301363AE11F2AEBD0B049FC5D29C62
src/NuclearReactorSimulator.Domain/Physics/Control/Alarms/AlarmLatchingMode.cs	0B6570CA1E3767F89D81CA2684EA15A4D38F0E1D22C19DEA45252BFDBB582AE8
src/NuclearReactorSimulator.Domain/Physics/Control/Alarms/AlarmSeverity.cs	B56B19A2C131C4D160078A83E16F27B9E1DD33308AFFEED4717CAC4196EAD03A
src/NuclearReactorSimulator.Domain/Physics/Control/Alarms/AlarmSystemDefinition.cs	BF71B7E7732CC3FA1CF0DB02FDB381F667EAC9841BE670C0353487EFB017E1AD
src/NuclearReactorSimulator.Domain/Physics/Control/ControlSystemDefinition.cs	572B651AD984E4F558F025C102374D81ACDA5D7D7D71F336F8ECF1C6F1439F1F
src/NuclearReactorSimulator.Domain/Physics/Control/ControllerAlgorithmKind.cs	B8C87D44C8CECB6361F732D5E249949EC9E65213E812A55B9CC2F1DC582441FE
src/NuclearReactorSimulator.Domain/Physics/Control/ControllerMode.cs	3257A3049D93DA4CF9FE339677E82860A7ADE777ECE79BE87758196319142C93
src/NuclearReactorSimulator.Domain/Physics/Control/ControllerOutputRange.cs	AFDDB5C7AD90531ABD926FED32EF702C3235E33FEBDF8FCDBE605526CD80BB33
src/NuclearReactorSimulator.Domain/Physics/Control/PidControllerDefinition.cs	3C96D70C743583071499E608C70DAD0E5806A24787627D431239E41D55DBBDDB
src/NuclearReactorSimulator.Domain/Physics/Control/Protection/ProtectionAction.cs	513F9E05A24A61354FC4E32A4F05C25A0F1F53D87CD00CE53A08484734EDA4B9
src/NuclearReactorSimulator.Domain/Physics/Control/Protection/ProtectionComparison.cs	C21C99647BAF6D4E2CD1B11A6965795D9791FA434F89422DEF0D6A2567FF1D07
src/NuclearReactorSimulator.Domain/Physics/Control/Protection/ProtectionFunctionDefinition.cs	240E8D50644EC1D3B2903EB45CE73030B3798880727EC9F5D01A986A40A56446
src/NuclearReactorSimulator.Domain/Physics/Control/Protection/ProtectionFunctionSupervisionDefinition.cs	39FC754230442896AA9A506DA80403236523BE99D5AECFD6971DE9E6DCD69442
src/NuclearReactorSimulator.Domain/Physics/Control/Protection/ProtectionInterlockAction.cs	EA8C2CD47D7199CD707C0CE1389D1FFBB237784C11F47287D0AA56D635BCD448
src/NuclearReactorSimulator.Domain/Physics/Control/Protection/ProtectionInterlockDefinition.cs	EF63DFE7570A19227C72BC939D1F329AAC12B5D794C966D44AA9188E64D6DA7A
src/NuclearReactorSimulator.Domain/Physics/Control/Protection/ProtectionPermissiveDefinition.cs	FE2116949DFD36B2204FA598604A12451E3E2C2E6DC86AC2F15C63B538CE2D75
src/NuclearReactorSimulator.Domain/Physics/Control/Protection/ProtectionSystemDefinition.cs	288A88FDE7572015A6EBD63A58BEDC54A7D2BB9D7BD24CCE7F21D7968972842B
src/NuclearReactorSimulator.Domain/Physics/Control/ReactorPrimary/ReactorPrimaryControlLoopDefinition.cs	C72B2AF43A54BB7D3F0CC9A0867E5418FA9A665F089DEF297ADFDA5B07F4D259
src/NuclearReactorSimulator.Domain/Physics/Control/ReactorPrimary/ReactorPrimaryControlLoopKind.cs	6F1E8BBDB375FB1805373A598AB3335A5C90D748FFAB1BDD5A21A40E8A13E92F
src/NuclearReactorSimulator.Domain/Physics/Control/ReactorPrimary/ReactorPrimaryControlSystemDefinition.cs	58019C9D63033EDC8AC087EE6AD50545D58701C49DB4B1B9C5D632B3E4C34053
src/NuclearReactorSimulator.Domain/Physics/Control/Supervisory/PlantControlAuthorityHealth.cs	1EAF156220A34F83718E501F7812A10E872C4897C74F1D53E8506CEE533E514D
src/NuclearReactorSimulator.Domain/Physics/Control/Supervisory/PlantControlAuthorityMode.cs	35E65C10420048AB1CC86D1C8C068574972DD98E1E825576DAEE38418191499D
src/NuclearReactorSimulator.Domain/Physics/Control/Supervisory/SupervisoryOperatingObjectiveKind.cs	F3DFD085C1492EAC4C80CAE96C734B0B08C4514E4683F3E7107CE161820F0717
src/NuclearReactorSimulator.Domain/Physics/Control/TurbineSecondary/TurbineGovernorDroopDefinition.cs	7AD897A061336F31B4962C324B09F7870009FE5622307E47D87B2BA08A95F7F1
src/NuclearReactorSimulator.Domain/Physics/Control/TurbineSecondary/TurbineGovernorIntegralReferenceMode.cs	7CF2A70D93F0DE6DA9D11E442FB7C9CEBD23130DD1D7694410111F7C93933F01
src/NuclearReactorSimulator.Domain/Physics/Control/TurbineSecondary/TurbineSecondaryControlLoopDefinition.cs	B8ABAD225536A4AF7B72BB315870D29B1B0D47825838D8F7EC0FD34C09DEC363
src/NuclearReactorSimulator.Domain/Physics/Control/TurbineSecondary/TurbineSecondaryControlLoopKind.cs	EA6E48CB3FD5A4B733CD5E614FE689EA7C5524F6029D90362B6476B2A057EC91
src/NuclearReactorSimulator.Domain/Physics/Control/TurbineSecondary/TurbineSecondaryControlSystemDefinition.cs	297D5E37DAC0A04CA45D6AEC4EE82CC64A8FFA33C1564916119337FD58E60648
src/NuclearReactorSimulator.Domain/Physics/Electrical/ElectricalGridDefinition.cs	71231D8B7A37B1CDFD6AEEFB42C0F24722AC2321D5207F8C723C83B8B019C5C5
src/NuclearReactorSimulator.Domain/Physics/Electrical/GeneratorEfficiency.cs	08792661C3674517DEA404E16E99C460563D332F2537798104EF8D2A6960B5F7
src/NuclearReactorSimulator.Domain/Physics/Electrical/GeneratorGridSystemDefinition.cs	48192E1143365C5F2AC958E59028E3C1A111813D81C50D8A5DA88E90EAE5677E
src/NuclearReactorSimulator.Domain/Physics/Electrical/SynchronousGeneratorDefinition.cs	1149DE5CFAFD881583EF391796495EEB60D24FF4774B2E9C146D2DF84E2C6C2A
src/NuclearReactorSimulator.Domain/Physics/Electrical/SynchronousGridCouplingDefinition.cs	4DC560A9361FE21ACBF0CF808AE8E363C34E63BD2C870F2C893271BE6A3642E1
src/NuclearReactorSimulator.Domain/Physics/Electrical/SynchronousGridPowerFlowMode.cs	44C5A29672A19749570EA407FE64F7B219E0952410D82085C057C3ABD6C05E51
src/NuclearReactorSimulator.Domain/Physics/Fluids/FluidEnergyTransportMode.cs	2886418937588FE105B9438CFBB8DA1D018CBAA1878A0C5AEA2405A9893E0712
src/NuclearReactorSimulator.Domain/Physics/Fluids/FluidNodeDefinition.cs	77F2ECB742F977CC24064540AE22771707597794C70815566D1089FBB4A02C24
src/NuclearReactorSimulator.Domain/Physics/Fluids/FluidNodeInventory.cs	B11330570B635B27CAC25CBCB4D79B39923CFF2E659CC800DEC0FD98FFEFF91B
src/NuclearReactorSimulator.Domain/Physics/Fluids/FluidNodeState.cs	586D562E29780EFA498882C3BF056E73D681E0934EB8064D729DE7533451DE4F
src/NuclearReactorSimulator.Domain/Physics/Fluids/FluidPhase.cs	8D2B236BBF9C2587BCA8C5660705855CD09C81C08873AB8C77B50FFCC33F8883
src/NuclearReactorSimulator.Domain/Physics/Fluids/FluidThermodynamicState.cs	80A74AA6F1C09355F8F50E55DCDE4D1F68AB90E8480E5288091BF1A762AD9A38
src/NuclearReactorSimulator.Domain/Physics/Fluids/PipeDefinition.cs	03210C5311310DFA7E065A295ACDC767B8F59A311CE7F7EC7D4456487CEDAA16
src/NuclearReactorSimulator.Domain/Physics/Fluids/PumpDefinition.cs	ED3D7413089EF5CAA2C155854EB1A42E2CD86623C9F62F9D36053C03FE175403
src/NuclearReactorSimulator.Domain/Physics/Fluids/PumpEfficiency.cs	6051E27CF7C1241E0507F4707760462FA42919D697248BCA380D88B0C588D199
src/NuclearReactorSimulator.Domain/Physics/Fluids/PumpSpeed.cs	AD85368F963C2F0609F50E57A1BCA7C84313EF929FFF4DECA71BE721BA17EFF3
src/NuclearReactorSimulator.Domain/Physics/Fluids/PumpState.cs	5D371DBDA22DAB924921B67336790B8FF444C7C6171B27B33F1CE1B61DB3AB53
src/NuclearReactorSimulator.Domain/Physics/Fluids/ValveCharacteristic.cs	332BE799F6CB9CE8C2F0EBD2B5C45547A0DAF155FF8DA3B850D98629B2C9C240
src/NuclearReactorSimulator.Domain/Physics/Fluids/ValveCharacteristicKind.cs	58E5DCA28B8684816CD1924E264AE12BD17BC74A6517C4860B8DF0D14915DA11
src/NuclearReactorSimulator.Domain/Physics/Fluids/ValveDefinition.cs	DFC0CAF6777F9FDCFFF3EEA153CAB9FD755643F614669AFF25D27424269086BE
src/NuclearReactorSimulator.Domain/Physics/Fluids/ValveFailSafeAction.cs	9A2209F05B60B5BC0089A06E46C024E0C71EEC74886C1C76F38A8FEC8A3025A2
src/NuclearReactorSimulator.Domain/Physics/Fluids/ValveFlowCoefficient.cs	9D3DFED0FB168DD77C6993C7B12AA82859E7005AE288819FA67C68650BDE6923
src/NuclearReactorSimulator.Domain/Physics/Fluids/ValvePosition.cs	4C3D57755361CBE7BF7A933C34A6CC584D4A937621C4C4F4AF8A371EC3FCE339
src/NuclearReactorSimulator.Domain/Physics/Fluids/ValveState.cs	7AF478999164AC38D8F91F98B652A0A9FD18E8E049965D18DC0636094A8A8482
src/NuclearReactorSimulator.Domain/Physics/Fluids/VaporQuality.cs	4095A90C3B76D0C4D729CC126049C98B3B7298029EC5025FA3A9EDE1A4B83C4A
src/NuclearReactorSimulator.Domain/Physics/Fluids/VoidFraction.cs	2087492B5061540990D2700B90522E39EE229102451AC2A32B23CBDBEDF4DC34
src/NuclearReactorSimulator.Domain/Physics/Fluids/VoidFractionDifference.cs	89E6FFC993CBF88ABD3ABE6935D78951DDF7A3EDA79F8FC1DAE3D4E652D9C989
src/NuclearReactorSimulator.Domain/Physics/Instrumentation/InstrumentChannelDefinition.cs	D15B336701EAD969BAD98EA6BEA6072F9D2A4D323B9ABC10E7D9CD4581C2A2BF
src/NuclearReactorSimulator.Domain/Physics/Instrumentation/InstrumentationSystemDefinition.cs	4C57AD79D8C5372ADD0B309AE88C87041FE6BD45CB719F9C34EBCBBDAA8E84DB
src/NuclearReactorSimulator.Domain/Physics/Instrumentation/LinearSignalScale.cs	0FDFFA084D1E5C6A195D6DBAB0C55C25A53E9A07A1C52E1DE8CBDE7B460CEECC
src/NuclearReactorSimulator.Domain/Physics/Instrumentation/SensorFaultMode.cs	B2E35D532A085641EABFC01FE237CE43F5191A36883652EB611B25BDA3792CAE
src/NuclearReactorSimulator.Domain/Physics/Instrumentation/SignalQuality.cs	887C3D051795A4CDD0E3B01E83F93C3CDDB5567446799B2E0CFAB95E484B8116
src/NuclearReactorSimulator.Domain/Physics/Instrumentation/SignalRange.cs	07F1C5DCE0057C6F3B6A1AC2ACE1A03FF8630B713192BD19833A88332B0997CA
src/NuclearReactorSimulator.Domain/Physics/Instrumentation/SignalValidity.cs	B30E58E579BA606B82728703E94B1C476ACB74AACE1AA1CAE7229D73784E67A1
src/NuclearReactorSimulator.Domain/Physics/Quantities/AngularSpeed.cs	123A7BC487927E7F15311700D7629E6FB70F886057702F5DA94E30C8F212C7B1
src/NuclearReactorSimulator.Domain/Physics/Quantities/Area.cs	E9F4707B53EE140BFD61184FC89FA7318A036025C136967DD46B8332434F6DE6
src/NuclearReactorSimulator.Domain/Physics/Quantities/DecayConstant.cs	B56B388A5ACE0A87E4E6A6FEE645A74AA95927C397164201E0EF1EDEF3E139BA
src/NuclearReactorSimulator.Domain/Physics/Quantities/DelayedNeutronFraction.cs	21D591BC9A82566692B7785DFA8690B7915C798CEA8653E3186CB110636DE364
src/NuclearReactorSimulator.Domain/Physics/Quantities/DelayedNeutronPrecursorPopulation.cs	322E000B6A2578B0799BB81C6498AF40119837DC07828A14D64429F6D26A9582
src/NuclearReactorSimulator.Domain/Physics/Quantities/Density.cs	FD96401C1176C8EA7A6C777422786EDE68DDA949509909E94BDEF8B2AD451CF6
src/NuclearReactorSimulator.Domain/Physics/Quantities/ElectricPotential.cs	C0DABD3BF22B79F08490075BDF9CCB2FBC24D2ACB42A83153EF97451F6CA557A
src/NuclearReactorSimulator.Domain/Physics/Quantities/Energy.cs	3BF7613E248681B48531E2684B54A9A4AF65A83EDC7C90515662084F8E41675C
src/NuclearReactorSimulator.Domain/Physics/Quantities/Frequency.cs	EFD3EBAB8E1F15C0D1FDBEF39F22FDCA64C126C460CB67A687DF0277DE33D436
src/NuclearReactorSimulator.Domain/Physics/Quantities/HeatCapacity.cs	5A867BB688D8EC0C802044CB70F68838345626162652EB8298AE9314E2C58E6C
src/NuclearReactorSimulator.Domain/Physics/Quantities/Length.cs	ADC5421537B26872CB32E9DC5974895524C8E6AEA03A47D7A78751A7BC68AD18
src/NuclearReactorSimulator.Domain/Physics/Quantities/Mass.cs	B4B999533EE2F6DE587C80FC31313FABC0B76B79C4C13A8D558672FF7D281179
src/NuclearReactorSimulator.Domain/Physics/Quantities/MassFlowRate.cs	ADE14C4EE70E3055ADB049E992625A0161605FF2A22F6AFACF81A0DF3B7F4D7D
src/NuclearReactorSimulator.Domain/Physics/Quantities/MomentOfInertia.cs	5E61044801E5588DD5F1A86269C38E06996F757A5BFE446187B5C42B8D52BD87
src/NuclearReactorSimulator.Domain/Physics/Quantities/NeutronPopulation.cs	5B15E652726755FA171D0F93DFF61D96EE2DEDA5A2FC9FFC10E6354053672567
src/NuclearReactorSimulator.Domain/Physics/Quantities/PhaseAngle.cs	195FF340C4073B1DD69EF038A21D37756A462DE02A5A2A5C1671280A617DC317
src/NuclearReactorSimulator.Domain/Physics/Quantities/PhaseAngleDifference.cs	98C518C2A6730621AAD06062E8E855AECE359A82F271109343881C05EED01185
src/NuclearReactorSimulator.Domain/Physics/Quantities/Power.cs	4615BEED215E27E1621E0BD822D8D2A189B743BB2A6980B789E3AB1DE1E1AA83
src/NuclearReactorSimulator.Domain/Physics/Quantities/Pressure.cs	464460332FB39B86933315EFE9C16B0F4A0B38D088D0CEDDF4A1708EC68110E5
src/NuclearReactorSimulator.Domain/Physics/Quantities/PressureDifference.cs	0B45B889C21CCFD47984A93EC4C86407CB24052CC5056A2764FB4DF7519BA608
src/NuclearReactorSimulator.Domain/Physics/Quantities/QuadraticHydraulicResistance.cs	EF8BDD0CBEB80E0A71CCAB842C3B4B484EB8EC0F7985730B4F1B702297F343A0
src/NuclearReactorSimulator.Domain/Physics/Quantities/QuantityGuard.cs	F41AC42574F98676A7F84902D9C79641015C080A9148425EFE16314F7C094A8E
src/NuclearReactorSimulator.Domain/Physics/Quantities/Reactivity.cs	1478343328C6CBDA90B4537973A8D4E69419AF3417CD7327464C10B42C27D83D
src/NuclearReactorSimulator.Domain/Physics/Quantities/SpecificEnergy.cs	301B27298C3686D19C8985AB94499D62EB322083057BAD92C56F6E2A15AAFC79
src/NuclearReactorSimulator.Domain/Physics/Quantities/SpecificGasConstant.cs	5D974D19EACE52F96FAC0E69E74B92653180A0A3C863A9EA9C46B57A6735B241
src/NuclearReactorSimulator.Domain/Physics/Quantities/SpecificHeatCapacity.cs	F7EC15E8EB5E0062F38004757499AEA24112F568521F6C9A6C01EFCAAA916116
src/NuclearReactorSimulator.Domain/Physics/Quantities/Temperature.cs	99533F26254FC3D5CEC539D692D3B00592C5FCE6BCFE5098AE1E135868F9456D
src/NuclearReactorSimulator.Domain/Physics/Quantities/TemperatureDifference.cs	6D59C8CC3957DCD619299D254809717FD68887A6A04F3B53C2BB8485975DC6A5
src/NuclearReactorSimulator.Domain/Physics/Quantities/TemperatureReactivityCoefficient.cs	C07C1AD2C27748F59E94EFA450D776276C24297E314C2C8184C7C68A12D1E335
src/NuclearReactorSimulator.Domain/Physics/Quantities/ThermalConductance.cs	494524BC5DC2F160D5E4AE35E0A7C5103315A0D3469E24206CFFC00E415B5C50
src/NuclearReactorSimulator.Domain/Physics/Quantities/Torque.cs	DF57483DCD8A490E33ED2AF170006CAC945BF1E59840B3157F1C7D7529F641E3
src/NuclearReactorSimulator.Domain/Physics/Quantities/VoidReactivityCoefficient.cs	8FDEEB6C4E4803EA3B55FC779845C7229D6D3EFCBFC22800F21E9561016179BD
src/NuclearReactorSimulator.Domain/Physics/Quantities/Volume.cs	60AD45794594D9824D79996B82266480C460531AF83286774E126BF1092EB317
src/NuclearReactorSimulator.Domain/Physics/Quantities/VolumetricFlowRate.cs	96B2609EE29B622A3AF200A65C25723D70AC93249B2C32D31B22F5A510BAC5BB
src/NuclearReactorSimulator.Domain/Physics/Reactor/ControlRods/ControlRodCommand.cs	821399BCFF9681B6D73B6AA2FFEDCA4A256E90122C4A56571CC30CC39BA35C42
src/NuclearReactorSimulator.Domain/Physics/Reactor/ControlRods/ControlRodCommandTargetKind.cs	DB8564E56F7429B7ACDE427E49DCA8EBBB2EFD67F2EE68A744389AE3455CB8BF
src/NuclearReactorSimulator.Domain/Physics/Reactor/ControlRods/ControlRodDefinition.cs	CD597C1055379E4B2AC87F3FF43F33D8CFCD60FF8F847B90DE1754C418142A47
src/NuclearReactorSimulator.Domain/Physics/Reactor/ControlRods/ControlRodGroupDefinition.cs	827A65BCF22322CAD58672C4C126D7A6C58B4C4051A0BFDBEFDFFE2B6EA9028D
src/NuclearReactorSimulator.Domain/Physics/Reactor/ControlRods/ControlRodMotion.cs	97CFEE20118AC46D837E829C696AA916EBE1675A9EF87EBD1CA53FF9A4A52352
src/NuclearReactorSimulator.Domain/Physics/Reactor/ControlRods/ControlRodPosition.cs	805E01C42496AD2A2AFC7723411A3B19B512F82FE9648A355513EDC014D2CF20
src/NuclearReactorSimulator.Domain/Physics/Reactor/ControlRods/ControlRodState.cs	E36B11ED2126BF5FEDEFD8DA1CE15E32BD64E8EFA1D4C2E946D9569C3714E4B2
src/NuclearReactorSimulator.Domain/Physics/Reactor/ControlRods/ControlRodSystemDefinition.cs	EA85EDFB141CFCC771A432B2C900B7B5BD6418B863D764663C90ED992FDB4973
src/NuclearReactorSimulator.Domain/Physics/Reactor/ControlRods/ControlRodSystemState.cs	09A138673D4E122D159CF181EA1E1348CCFC78DD738321CCC77C2F19729B1C30
src/NuclearReactorSimulator.Domain/Physics/Reactor/ControlRods/ControlRodTravelRate.cs	29AFE8BA809BB87C39A4CAEFFFD689E99BE4FAFAD854403C55E9EF069E19AC37
src/NuclearReactorSimulator.Domain/Physics/Reactor/ControlRods/ControlRodWorthCurveKind.cs	02F681AEC9F180B5F8F6184DC3BD499278A63D7DBA08024D667E6326B3CAEEAC
src/NuclearReactorSimulator.Domain/Physics/Reactor/Core/AggregatedCoreDefinition.cs	A58FB8E0D2FC3E3C25BD5B4B9FE7B4B6B31DF657CCB494272AC35B848840A963
src/NuclearReactorSimulator.Domain/Physics/Reactor/Core/AggregatedCoreState.cs	550DE419B45165936FAD0DE5404A252C3EC02AFFAC7ACFC00F2C93763F3359A9
src/NuclearReactorSimulator.Domain/Physics/Reactor/Core/Channels/FuelChannelGroupDefinition.cs	739A381117DE9FCE72C94209E628CE4410AAAA74DCB919540C4873D14163BFFB
src/NuclearReactorSimulator.Domain/Physics/Reactor/Core/Channels/FuelChannelGroupSetDefinition.cs	66A63824212370EE1B482ACCE90C0FF3C2D0C932AB7917A599BB7A8A837929D6
src/NuclearReactorSimulator.Domain/Physics/Reactor/Core/CoreZoneCoordinate.cs	3C6CBBE902A7B87AB329A7284E66F1F797D3717EB98E947E6F2B7BD7A676683A
src/NuclearReactorSimulator.Domain/Physics/Reactor/Core/CoreZoneDefinition.cs	99562C052F61D84EFF861AE63CE04E9714F670195D5E77920AFFAFDB8F363E38
src/NuclearReactorSimulator.Domain/Physics/Reactor/Core/CoreZonePowerFraction.cs	1F6CC0B2DEFF328F1073CEEA682FA6019EC5A83371CDE2CEE871B26AF9FD023D
src/NuclearReactorSimulator.Domain/Physics/Reactor/Core/CoreZoneState.cs	5A8BF2173070B7564686B1B42F25289EB48580B92FA1A19F36E9355D6112644F
src/NuclearReactorSimulator.Domain/Physics/Reactor/Core/Spatial/CorePowerShapeSensitivity.cs	461D20C2ECAF951E36E677234E999110AF75B1F2EDA30ACCCF81355A0303311A
src/NuclearReactorSimulator.Domain/Physics/Reactor/Core/Spatial/CoreZoneCouplingDefinition.cs	DC5627C755BEC6341368B7F16ADFDC99698CA3F3B365D7E65A028A7BF7534FF9
src/NuclearReactorSimulator.Domain/Physics/Reactor/Core/Spatial/CoreZoneCouplingFraction.cs	E0C0890B9DFB94D93DACDA167FE40F2C93F68A080982918A56B744F34E740DC6
src/NuclearReactorSimulator.Domain/Physics/Reactor/Core/Spatial/QuasiSpatialCoreFeedbackDefinition.cs	0470DD8166BC172B710DC6EB09FE332927B81D741FF0BC1AC59DE7EF1EEEB4F9
src/NuclearReactorSimulator.Domain/Physics/Reactor/DecayHeat/DecayHeatDefinition.cs	3CD76BE3C2870E8589F920BFEC8F0765D93AED845D115817CC808BBA9AC1A8E5
src/NuclearReactorSimulator.Domain/Physics/Reactor/DecayHeat/DecayHeatDestinationDefinition.cs	43234DC65D8DFE637691DF07063C7647C9102F299B9A018B65AB4425DB3D3142
src/NuclearReactorSimulator.Domain/Physics/Reactor/DecayHeat/DecayHeatGenerationFraction.cs	141A10693897577A436A4DB277BA58AF19CD3F622C0ADAD3F431F77C1739D9A8
src/NuclearReactorSimulator.Domain/Physics/Reactor/DecayHeat/DecayHeatGroupDefinition.cs	9C87792C3634004632A12CDD403A06DAE137567EAA34502AB040872704C33CDC
src/NuclearReactorSimulator.Domain/Physics/Reactor/DecayHeat/DecayHeatGroupState.cs	F382F3B2301D2B3485E757E19E326446CD0B6E8818216F73F9A2F65C315260E0
src/NuclearReactorSimulator.Domain/Physics/Reactor/DecayHeat/DecayHeatState.cs	AFDBF1459FB111424B37717CC279E510A3D06FC86FBC91E365C7BE9AF3D4884B
src/NuclearReactorSimulator.Domain/Physics/Reactor/Feedback/TemperatureReactivityFeedbackDefinition.cs	79BDCC0239AD52ED176855227B4D0D2E9C6DCB933828F342E168F39A9DA73BF7
src/NuclearReactorSimulator.Domain/Physics/Reactor/Feedback/VoidReactivityFeedbackDefinition.cs	652BE958CA2B5E33D7426DE15B71E75EE945E5EDB1F2A34871483A2759A3FF4B
src/NuclearReactorSimulator.Domain/Physics/Reactor/IodineXenon/IodineInventory.cs	54A994337CFDB89B65B6D951587BFC95FF40D84905F83D82E3EA1A1692C73ED1
src/NuclearReactorSimulator.Domain/Physics/Reactor/IodineXenon/IodineXenonDefinition.cs	B3C43D58C51A189E1549C6D53C0B7E3533C7B447DD027B47E1BBB3B908F0E075
src/NuclearReactorSimulator.Domain/Physics/Reactor/IodineXenon/IodineXenonState.cs	55FA5A1FE93936BEF962E4AF7D5B85B151AA49253FAD0A8B03DA84E2A5CD84CF
src/NuclearReactorSimulator.Domain/Physics/Reactor/IodineXenon/PoisonProductionRate.cs	BB291FF2D6BD4A76EF28F6CC2B4E963B1A78AB2A5CD15D879978672691279A5B
src/NuclearReactorSimulator.Domain/Physics/Reactor/IodineXenon/XenonBurnupCoefficient.cs	5168901D5C1C6390ED37A06FA6872C3271A8022F561B19F4A0E152BA17A74DD5
src/NuclearReactorSimulator.Domain/Physics/Reactor/IodineXenon/XenonInventory.cs	03AB7EE26F6246A2DAF284F43E22C2DB8141F9B57EB666358DEF21CFD766A73E
src/NuclearReactorSimulator.Domain/Physics/Reactor/IodineXenon/XenonReactivityCoefficient.cs	96113C8D999F2D773B9E4795951EB95485136002F7CA328141045445D24EFA40
src/NuclearReactorSimulator.Domain/Physics/Reactor/Neutronics/DelayedNeutronGroupDefinition.cs	28F37C54676DE9A1542C31F6FB6174059C59B5AD26BFC4E488B663B2FD09389D
src/NuclearReactorSimulator.Domain/Physics/Reactor/Neutronics/DelayedNeutronGroupState.cs	813E84319AF255EF23C68D6526BBD0B5724B0F0D3E568284D17FD9EEFBD5B91A
src/NuclearReactorSimulator.Domain/Physics/Reactor/Neutronics/PointKineticsParameters.cs	8BBF70E5C7EDD47D9AD0B1562534A34ECC919897624843FCEA704D91A4EF59C9
src/NuclearReactorSimulator.Domain/Physics/Reactor/Neutronics/PointKineticsState.cs	84BE702CA10BF4E2E53D7E01088CCD049FA12B23395A7DDCC9AF75694C87E560
src/NuclearReactorSimulator.Domain/Physics/Reactor/PrimaryCircuit/Boundaries/FeedwaterBoundaryDefinition.cs	45D93B691D87CBAB59C88BBFA6FFFA09870BDDB181BDD78AA46A7A3CF1638CFE
src/NuclearReactorSimulator.Domain/Physics/Reactor/PrimaryCircuit/Boundaries/PrimaryCircuitBoundarySystemDefinition.cs	264E391CE62DE25DFBAB1FFF75FFAF8A4BA53FAA423F6CE4EDC5968FC46FFB1F
src/NuclearReactorSimulator.Domain/Physics/Reactor/PrimaryCircuit/Boundaries/SteamExportBoundaryDefinition.cs	D75713C99DE1D9B3D2003582914F4D7538506DA73D8F7E04ADDD99393CBAA9B5
src/NuclearReactorSimulator.Domain/Physics/Reactor/PrimaryCircuit/Circulation/MainCirculationBranchDefinition.cs	FE5635DE45EC7B92F48D307A2CABA3D1101CB7293B7A27DC1C73525EDEDB5735
src/NuclearReactorSimulator.Domain/Physics/Reactor/PrimaryCircuit/Circulation/MainCirculationLoopDefinition.cs	6A6C2061040954EE8499D69C52941F90609EF0B6D672CFEF38CAE2902793E952
src/NuclearReactorSimulator.Domain/Physics/Reactor/PrimaryCircuit/Circulation/MainCirculationSystemDefinition.cs	ED5602732FAB22F755AECC8FEBE192A60C930CB158BE4B86B4AE93743228A45C
src/NuclearReactorSimulator.Domain/Physics/Reactor/PrimaryCircuit/Integration/IntegratedPrimaryCircuitDefinition.cs	2E4789CA83C5A2293D15CB6A52799A54170BBF398DAF4A8EB7FF000BEA43AA25
src/NuclearReactorSimulator.Domain/Physics/Reactor/PrimaryCircuit/SteamDrums/SteamDrumDefinition.cs	18D8CF3B569F2ECB1451D2D2E3FADEFA511405B7F49D26BD00A404A6B911C1FA
src/NuclearReactorSimulator.Domain/Physics/Reactor/PrimaryCircuit/SteamDrums/SteamDrumLevelFraction.cs	7C6CF2EC093DCF4C00438090223D0ECFABA57FCD6E685B6B85620CD6A1E02EAD
src/NuclearReactorSimulator.Domain/Physics/Reactor/PrimaryCircuit/SteamDrums/SteamDrumLiquidRecirculationMode.cs	11CD3072C70F6988ABF70D194F4F36D01718EB9908B03FC3E41C8D06C8F6D207
src/NuclearReactorSimulator.Domain/Physics/Reactor/PrimaryCircuit/SteamDrums/SteamDrumSteamSourceDefinition.cs	7A367E1ED324E08BBEBCCFA3F45272D606F0A7AE6699A418FBBD8F5DA0AD559B
src/NuclearReactorSimulator.Domain/Physics/Reactor/PrimaryCircuit/SteamDrums/SteamDrumSystemDefinition.cs	A09030C8673B0B01FBCA36FDA793E7C8408F67455952C2DDFDA8072FD5654D17
src/NuclearReactorSimulator.Domain/Physics/Reactor/ReactivityContribution.cs	874FE26D47D763E260E4812E1ED74D2173B49299C04377C2E35E17AC638649CF
src/NuclearReactorSimulator.Domain/Physics/Reactor/ReactivityContributionKind.cs	A37602398A4416E1A504CCEA41514366C5DD041E1B62D302290A0A50C7C09611
src/NuclearReactorSimulator.Domain/Physics/Reactor/ThermalPower/FissionHeatDestinationDefinition.cs	4E07BD2CC7AF9AC326DA13F4FBF2FD287AECEAFB253D4AC98CD935EF983F25FF
src/NuclearReactorSimulator.Domain/Physics/Reactor/ThermalPower/FissionPowerCalibration.cs	8B93260CA14E6949A374FB22DCAA77C5130207933988A10722C2351CA9767A11
src/NuclearReactorSimulator.Domain/Physics/Reactor/ThermalPower/FissionPowerDefinition.cs	3BB625358657F108DFCB9F1178C37D44A4CCF5FFBDA864029FF0B21913F29D38
src/NuclearReactorSimulator.Domain/Physics/Reactor/ThermalPower/HeatDepositionFraction.cs	50A9349B10A23D65F059C6B8904EE75704E88BB7D4F92A57BCD2E0CB2F23C646
src/NuclearReactorSimulator.Domain/Physics/Thermal/HeatSourceDefinition.cs	F47AE0AD576BD31232C71BC4CFC1BED11CD6C9D807FBEC67334169E8957E0071
src/NuclearReactorSimulator.Domain/Physics/Thermal/HeatSourceState.cs	D2EC47026199681505686FD38F07B0A1A085754E125A0D681021E132DE2B2DB1
src/NuclearReactorSimulator.Domain/Physics/Thermal/HeatTransferDefinition.cs	7A7BCF6B7AFD29F90103F58F1E083A0EDEC3039DA8EC0E4DA86911CDBC4C1200
src/NuclearReactorSimulator.Domain/Physics/Thermal/ThermalBodyDefinition.cs	189B8F655CAC59EC976CC7988EADCFD3FB245E58939FE09D4ACA12230DE5A694
src/NuclearReactorSimulator.Domain/Physics/Thermal/ThermalBodyState.cs	F53F4CC1A792DA9A4B0B516B7DA65AC7115DA1968274FD5962B829A3537C2563
src/NuclearReactorSimulator.Domain/Physics/TurbineIsland/Condenser/CondenserCondensateEnergyMode.cs	9EB00AC19558F68C703FF56DAF826DD11522746A0AFE2D1AB71B89AFFB9DDD1E
src/NuclearReactorSimulator.Domain/Physics/TurbineIsland/Condenser/CondenserCoolingBoundaryDefinition.cs	357B3A0FF8C17676941204A49678A73061AC7689B8E1F0373E93DE35997D7F75
src/NuclearReactorSimulator.Domain/Physics/TurbineIsland/Condenser/CondenserDefinition.cs	19C2D3A6748948F348E54D87F8B98AA2DF877BEE9D50E3E4ABFE9505EF1E77E1
src/NuclearReactorSimulator.Domain/Physics/TurbineIsland/Condenser/CondenserSystemDefinition.cs	B981DF372AB13EC9D7419F9B459324FE7E7F9BFB03EA5403C6A3028D01AD573D
src/NuclearReactorSimulator.Domain/Physics/TurbineIsland/Condenser/TurbineBypassDefinition.cs	C19AB54FA7E4AA20BD27CC7914432218E76535D27B7D012BBA75D859F8367C51
src/NuclearReactorSimulator.Domain/Physics/TurbineIsland/Feedwater/CondensateFeedwaterSystemDefinition.cs	05404A0074AC6801DD3C277F221D4755C3D1A9E7FF505470B8ACE5C6B94E2414
src/NuclearReactorSimulator.Domain/Physics/TurbineIsland/Feedwater/CondensateFeedwaterTrainDefinition.cs	EB8EF47F813AB988257EA1660D6C1DB93EEE6DF17FC3C78FD63EE8D74925F690
src/NuclearReactorSimulator.Domain/Physics/TurbineIsland/Integration/IntegratedSecondaryCycleDefinition.cs	8FE009ABC9A69C24A520543B16FFC91D7D04AFA4DF23E8B9C141004A6AEEEE60
src/NuclearReactorSimulator.Domain/Physics/TurbineIsland/MainSteam/CompressibleSteamFlowDefinition.cs	F493A86949D0B13477ADE4D24A8F541862312383983E366AAD8748C09B630165
src/NuclearReactorSimulator.Domain/Physics/TurbineIsland/MainSteam/MainSteamLineDefinition.cs	DF0EF503275454CF727B1FB9F0C24AB0833897262EF911B26650BDB73002DD63
src/NuclearReactorSimulator.Domain/Physics/TurbineIsland/MainSteam/MainSteamNetworkDefinition.cs	8D945DF6C5EB1D43D69D693E07BD3ECA9A4E6DEE72392D4F90191FB21F624E37
src/NuclearReactorSimulator.Domain/Physics/TurbineIsland/MainSteam/MainSteamReliefBoundaryDefinition.cs	99FB0898E30C23632B97F25D9A226F1A7AEC10336CDE77E2ADBBC4B76DD82037
src/NuclearReactorSimulator.Domain/Physics/TurbineIsland/MainSteam/TurbineAdmissionBoundaryDefinition.cs	15C29E29DEF0C94C1C583AE929D7395C39F48AF039B28C3FB2CD9C23EB833216
src/NuclearReactorSimulator.Domain/Physics/TurbineIsland/MainSteam/TurbineAdmissionTrainDefinition.cs	0E5DB7DF21F8F5AC8A13AF496B08F13D94C88F72E36C4A70A1744391D71EF793
src/NuclearReactorSimulator.Domain/Physics/TurbineIsland/Turbine/TurbineAdmissionPhasePolicy.cs	5669AA95EB4652A76F2C6C3D68631D2936600574B66790E4128902B411C81762
src/NuclearReactorSimulator.Domain/Physics/TurbineIsland/Turbine/TurbineEfficiency.cs	2876E543D63A49D9E83BAD6B7DF0914805505DC0235EE59D38409E2A4FE710D6
src/NuclearReactorSimulator.Domain/Physics/TurbineIsland/Turbine/TurbineExpansionSystemDefinition.cs	807F7A97C0023D679AF97CE48C7C4BD29B542847F7EFC17FA31CA9C45F5A4B5A
src/NuclearReactorSimulator.Domain/Physics/TurbineIsland/Turbine/TurbineRotorDefinition.cs	10F282903D3EFC6837C64B29F31F1540E7650144F229D2E811FDFAF7D8D50B47
src/NuclearReactorSimulator.Domain/Physics/TurbineIsland/Turbine/TurbineRotorMechanicalLossDefinition.cs	17299F322C7E5B62E2D2080A37FA511D7E987B5EE050C6D010E7C78C2427F48D
src/NuclearReactorSimulator.Domain/Physics/TurbineIsland/Turbine/TurbineStageGroupDefinition.cs	F7C92310D81688C196A0BA966D8EDFFC5F953B7F0B6B05E931EA34832334BCF6
src/NuclearReactorSimulator.Domain/Physics/TurbineIsland/Turbine/TurbineThermodynamicWorkDefinition.cs	DA202FFACC99C6F35C11ACE0F954701287009906E57A346D0E42E7772ED0A405
src/NuclearReactorSimulator.Domain/Plant/HydraulicNumericalCouplingDefinition.cs	2D4A63E90BE5CFEB750F359039FF445B6C532774C701DB508A41A6EA131E36F5
src/NuclearReactorSimulator.Domain/Plant/HydraulicNumericalCouplingMode.cs	9B95918AE0CF1C9B6F80B93E7357E86FC6F57ABE88B9304E751EA77DA68647B9
src/NuclearReactorSimulator.Domain/Plant/PlantDefinition.cs	64E95E7301B2B04A0E90A69C3B64B50E643F849CFAED882FA302E76DCE27FAEC
src/NuclearReactorSimulator.Domain/Plant/PlantState.cs	AB5B9C478BA18B87866B7AAEDA496EA23885A6AC2B2A317CD5EBC515C1245497
src/NuclearReactorSimulator.Infrastructure/AssemblyMarker.cs	1C1FBED4A241463A344F3C9762234E6C7288C35CC1D8EBCBED25A5D6D61119EA
src/NuclearReactorSimulator.Infrastructure/NuclearReactorSimulator.Infrastructure.csproj	D8BB9B9AC0DA09E52DE69D293C98CB04ED226799CD72EBF81ED5FC0B81268A26
src/NuclearReactorSimulator.Infrastructure/Scenarios/Analysis/JsonPostIncidentAnalysisSerializer.cs	CE04A4DC13BE7B0B5962A2E28CCFE1168BA0AEC2D171AE1BCD64F9CDCEE413E4
src/NuclearReactorSimulator.Infrastructure/Scenarios/JsonScenarioDefinitionSerializer.cs	244464F72D2A5C6D4589BFABB868C44AC3F038D847097D3CDBB2A0D98C9078C3
src/NuclearReactorSimulator.Infrastructure/Scenarios/Recording/JsonScenarioCheckpointSerializer.cs	DD66F097DD58E23BD4210801396D02A93E08749B648E36995E275BE88C15C2EB
src/NuclearReactorSimulator.Infrastructure/Scenarios/Recording/JsonScenarioSessionArchiveSerializer.cs	B9FBB5C30070691D75EE2A6F98D9B8FD6345A71BFD48A0865BB61F0F00024FAC
src/NuclearReactorSimulator.Simulation/AssemblyMarker.cs	C1E68B5807B0F4DBD0275073BCF43AFCD0F2B049CC0462AA4347A2B25ACBCAD6
src/NuclearReactorSimulator.Simulation/NuclearReactorSimulator.Simulation.csproj	D4A7D87B83E7BF9A9D03A7BC5824E961EABD8FD820A3BDC0260EE7D7116E2978
src/NuclearReactorSimulator.Simulation/Physics/Control/ActuatorCommandFrame.cs	8210A4C4E676635031B6978350A2F55DFF509E1AF865B3DD99A7927F0094AB36
src/NuclearReactorSimulator.Simulation/Physics/Control/ActuatorCommandState.cs	F71736AB3E9DD1A475133975BFA05DACE88AF9DA4B23C922E7E719A7867CB5D6
src/NuclearReactorSimulator.Simulation/Physics/Control/ActuatorSystemSolver.cs	3922E7050A6F2B24E196CC03CF5081D93FD9BD077235BDB48657A44F6B4C7FAB
src/NuclearReactorSimulator.Simulation/Physics/Control/ActuatorSystemState.cs	074EED28E03BB730464CE6AC27896687E5A9E84D7141D35A94ECF9FA76FBEA6A
src/NuclearReactorSimulator.Simulation/Physics/Control/ActuatorSystemStepResult.cs	44FCAA99D2CDA48929315BAA637310BD47781C0E3E4CC4CF3BD7D8E665CA3FD4
src/NuclearReactorSimulator.Simulation/Physics/Control/Alarms/AlarmAnnunciatorState.cs	DDBB19D59EB9A6A5CE29DE029F67C10B529B8C005C554B02E5C98DD72892E078
src/NuclearReactorSimulator.Simulation/Physics/Control/Alarms/AlarmChannelState.cs	EC42232B14732C277A14192965AF582FA122CF11E2EB9C223E6BAC1FEBE9EA73
src/NuclearReactorSimulator.Simulation/Physics/Control/Alarms/AlarmEventKind.cs	1D124D308113EBABA75AC9B9394E64438D271F42ECC4EA08320A9845884A0E41
src/NuclearReactorSimulator.Simulation/Physics/Control/Alarms/AlarmEventSnapshot.cs	C21AC0016E2C561BF39BE70110EE301AAD018C3E0A777E85AD8EBB0440CFE34D
src/NuclearReactorSimulator.Simulation/Physics/Control/Alarms/AlarmFirstOutGroupSnapshot.cs	0F509C6302EED4FA4BB2CEC26AF310CA7210B1D30BFC8B79D87CB3E5D15AA9E3
src/NuclearReactorSimulator.Simulation/Physics/Control/Alarms/AlarmSnapshot.cs	C23C0B8AD994C37C89A3D26ACBE0C69EFC44235E9B3DEC91C411F7D95DD40F58
src/NuclearReactorSimulator.Simulation/Physics/Control/Alarms/AlarmSystemInputs.cs	0EDC51E2AF78EC31DC4D7323087CDC0D08F73F4381955BEB54DDE66DBE86C851
src/NuclearReactorSimulator.Simulation/Physics/Control/Alarms/AlarmSystemSnapshot.cs	2671FE6087010C78798FAEF68C1548FFAADBD95A18D569FC68571A3B07A3E83B
src/NuclearReactorSimulator.Simulation/Physics/Control/Alarms/AlarmSystemSolver.cs	D8665F050166CA7E4389E4C78C022B82CE81E260376554DC4DBD9D3DC248427E
src/NuclearReactorSimulator.Simulation/Physics/Control/Alarms/AlarmSystemState.cs	E0F06A08B4F4AB78BB3E36389A22A776D42F0D5352C3D1F3BEE2703417D70CF8
src/NuclearReactorSimulator.Simulation/Physics/Control/Alarms/AlarmSystemStepResult.cs	19CC89CF061AA940DA390D3FA3DDD5BA9B6732DCC9D52FC5476B07FF3B3B8286
src/NuclearReactorSimulator.Simulation/Physics/Control/Alarms/AlarmedProtectedAutomaticControlSnapshot.cs	AD7C18B9D8D87A6A57B32C59CF8C7BFDB5CD604A4A723BF196B492A67B76ACBC
src/NuclearReactorSimulator.Simulation/Physics/Control/Alarms/AlarmedProtectedAutomaticFullPlantSolver.cs	4B69530D8B0A85D00888EF79E9207DB64C8965DEA7B7B4B1F74002B86A03F819
src/NuclearReactorSimulator.Simulation/Physics/Control/Alarms/AlarmedProtectedAutomaticFullPlantStepResult.cs	BF95A7392752603B147429854ADCF600C0580FD428D00BDA0C22A6E1D2C06BFF
src/NuclearReactorSimulator.Simulation/Physics/Control/ControlAndActuatorSnapshot.cs	31CD898DF6E18A9A587401752566243A8E8E0D7749598F205946234B2037801A
src/NuclearReactorSimulator.Simulation/Physics/Control/ControlAndActuatorSolver.cs	47A4B2D204A208DD325CBE1107A6B3D1689F31CE7CBB09A9EBC2DE41B09BAEC8
src/NuclearReactorSimulator.Simulation/Physics/Control/ControlAndActuatorState.cs	49599E968DD4A97692CDE3BE8BDEA7A798A0FB3EDA70267898A03A3AF88FF313
src/NuclearReactorSimulator.Simulation/Physics/Control/ControlAndActuatorStepResult.cs	2B57C5BF43DA3C2EDFB86F912FDAD61E1C587CB9B0F2ADEC7A46A6CCB44C28F1
src/NuclearReactorSimulator.Simulation/Physics/Control/ControllerChannelState.cs	62F9D580C4326979EA79C9ADBCFF2E85A0660078CF78A919419A5186EE677C9C
src/NuclearReactorSimulator.Simulation/Physics/Control/ControllerDiagnosticSnapshot.cs	99B92D02DF0ADD97E2A8B4759AC2E63CDAB9321EF4AD3DF4B6B40474B88FCCAA
src/NuclearReactorSimulator.Simulation/Physics/Control/ControllerExecutionStatus.cs	84D7A283F16B31DA90F9959522DC349FA54955F1F2A080BAB586E6EB191477E7
src/NuclearReactorSimulator.Simulation/Physics/Control/ControllerInput.cs	8D8CFD07F1BA67D10FD30DB2DE3CFAFE788A7C5BFE441EE24CB1635E1B978DD2
src/NuclearReactorSimulator.Simulation/Physics/Control/ControllerInputs.cs	40FEC16CA6E890809EEA5DB1B0620A849243253DD0F9BC583CCEBB8D84657A3E
src/NuclearReactorSimulator.Simulation/Physics/Control/ControllerOutput.cs	F789AF4946DF80FDA3366858A1DB6C07EC1724DAA7EBB5FE198F06D341A595C7
src/NuclearReactorSimulator.Simulation/Physics/Control/ControllerOutputFrame.cs	18082758D90280A63EC3C0F3E6492EE313CB5FC7477BB67A8784D1458196DB4F
src/NuclearReactorSimulator.Simulation/Physics/Control/ControllerSystemSnapshot.cs	9411DF6BA2EF3347AE05C2F5FE6B98672569ADD6C3B8731E1979ED29757ABC38
src/NuclearReactorSimulator.Simulation/Physics/Control/ControllerSystemSolver.cs	D6CD03B50673BDC782A9DD1AAF5C5AD7F1162BC1D5FF02FB1F7FAAF679CF2F16
src/NuclearReactorSimulator.Simulation/Physics/Control/ControllerSystemState.cs	683E0369937F3604C342D4DD515069D9B28BF7F468767BFC0BFEA26E97A0A88B
src/NuclearReactorSimulator.Simulation/Physics/Control/ControllerSystemStepResult.cs	577589589CE5B3DB784590EBEE58D9E12DD2964CF44B3CBE354AB9B362F0FE4F
src/NuclearReactorSimulator.Simulation/Physics/Control/Integration/AutomaticOperationAcceptanceCriteria.cs	A8BACF0E76B3FFA8D9AA4CA4E5211CA406C3FB6A8D12532F2B273136FB4D7C70
src/NuclearReactorSimulator.Simulation/Physics/Control/Integration/AutomaticOperationTrackingResult.cs	6130461472B72372C96FCE2C169A6A4DED5D73864C2DFB9DD52D2905D2735CBF
src/NuclearReactorSimulator.Simulation/Physics/Control/Integration/AutomaticOperationTrackingTarget.cs	C8A2B527D221E37857375CE469577CF575CAC6BA2B046A812A66BF3A033C51E9
src/NuclearReactorSimulator.Simulation/Physics/Control/Integration/AutomaticOperationVerificationPhase.cs	B9FAF1ECC7466483C0FB147727870B8CF94B0957DA2DA615C39B3E20B4152A58
src/NuclearReactorSimulator.Simulation/Physics/Control/Integration/AutomaticOperationVerificationPhaseResult.cs	AAEAB32777725493D60DCD04E0209B6E113DA0B8201CCB5E6E2C7F5E4253268A
src/NuclearReactorSimulator.Simulation/Physics/Control/Integration/AutomaticOperationVerificationPlan.cs	9406EA29FC1FDF0340D61B2DA7C178BF9DA0D8AD549A86A0D785E5740990D212
src/NuclearReactorSimulator.Simulation/Physics/Control/Integration/AutomaticOperationVerificationResult.cs	82496D5766F8D27D79AD79BC18EDE0333F31ED4F77A3EFEAE3C31D6AC2D93207
src/NuclearReactorSimulator.Simulation/Physics/Control/Integration/AutomaticOperationVerificationRunner.cs	B797328E594BD7CAFE96AE8A3AF97FFDA707AE393398998AD766BA7CFAAF7DCE
src/NuclearReactorSimulator.Simulation/Physics/Control/Integration/HydraulicComponentFaultInputs.cs	B785909E103FE9FA59E95B5CFECA0048382C4DD3642C00DD0D696A8DC25999E5
src/NuclearReactorSimulator.Simulation/Physics/Control/Integration/IntegratedAutomaticOperationInputs.cs	3219240F2E805B81B9EE0A33C185E39A40D1AA16C929C91BA8A9C1AD3B19187E
src/NuclearReactorSimulator.Simulation/Physics/Control/Integration/IntegratedAutomaticOperationSnapshot.cs	F289C48C2B19C7246A33CF44FF8712ED9842DF98ACA678FD33A4FBB210A05395
src/NuclearReactorSimulator.Simulation/Physics/Control/Integration/IntegratedAutomaticOperationSolver.cs	8CE73797E3CF2CD6BB669492CA07B91AAD0F6142984E562996B57F30B68FEBF2
src/NuclearReactorSimulator.Simulation/Physics/Control/Integration/IntegratedAutomaticOperationState.cs	F0BB2131C5C76EEBC934E0DAE310695CD849416F7F7A0EA5015712DFA0AC8A83
src/NuclearReactorSimulator.Simulation/Physics/Control/Integration/IntegratedAutomaticOperationStepResult.cs	AA76713094C64F9B5B43ACC895021A4D7BE32B81859A6A45A96239E8256B9577
src/NuclearReactorSimulator.Simulation/Physics/Control/Protection/ProtectedAutomaticControlSnapshot.cs	088D99A25AE62EB24F668941500A941FF3D9F106658AB85927459B6BFC02A64B
src/NuclearReactorSimulator.Simulation/Physics/Control/Protection/ProtectedAutomaticFullPlantSolver.cs	316DE6004C6A0A7332B1A3A12C804049AFB767EC8C367B919BFBAECA86429FF8
src/NuclearReactorSimulator.Simulation/Physics/Control/Protection/ProtectedAutomaticFullPlantStepResult.cs	210EA5063097E21E86EC47228E9BD80450073D806D47DDBFAB6E3F85EC5FB1E4
src/NuclearReactorSimulator.Simulation/Physics/Control/Protection/ProtectionArbitrationSnapshot.cs	49179A9E051526182640FD6A7D8627DFD05F0F579D2D338D3C345EE348847A86
src/NuclearReactorSimulator.Simulation/Physics/Control/Protection/ProtectionFunctionLatchState.cs	F90CC02102EDDB30C8177AD9D5CE9F8886B023A52C0A91804C70105BCC5565F2
src/NuclearReactorSimulator.Simulation/Physics/Control/Protection/ProtectionFunctionSnapshot.cs	B8F77A55477A879F4D79D899F5A461B2AD8EBE9C8BF607277AF93BBE06FD577E
src/NuclearReactorSimulator.Simulation/Physics/Control/Protection/ProtectionInterlockSnapshot.cs	B55CD95BC45AE8CA41F4E90025DC36CAA4E934986C8ECDF30CA1D0CDBD7C4234
src/NuclearReactorSimulator.Simulation/Physics/Control/Protection/ProtectionPermissiveSnapshot.cs	749001CD65F9ACC0F6C9726E21AF66E0C8A9300305CDB6FFBF52DE7CFBDDB4F8
src/NuclearReactorSimulator.Simulation/Physics/Control/Protection/ProtectionSystemInputs.cs	0AB40381E299B1EADF22880244727486EF2F35BECD1160816797E17859BBD766
src/NuclearReactorSimulator.Simulation/Physics/Control/Protection/ProtectionSystemSnapshot.cs	CD6350A9A351E3882AD88451E9DC613E71AA410605BC1AFD2CA851E15BE2ED5D
src/NuclearReactorSimulator.Simulation/Physics/Control/Protection/ProtectionSystemSolver.cs	D72284413F9D2EEACC594C659313E19C409CD12065FF486E17059968D43E3BE1
src/NuclearReactorSimulator.Simulation/Physics/Control/Protection/ProtectionSystemState.cs	253DBC7437C773000C6C2F3104F7C833B35C35D668B36F3F05FDEFBB54AB22A8
src/NuclearReactorSimulator.Simulation/Physics/Control/Protection/ProtectionSystemStepResult.cs	79DFC993D9BEBEC49656B4424578FDEA33CC2BF07549FD8E1834D0C8D92E105F
src/NuclearReactorSimulator.Simulation/Physics/Control/PumpActuatorCommand.cs	E5C2C929693997433ED37FC172CD46D786469FC4ABC47507FE1A98FF86E9800B
src/NuclearReactorSimulator.Simulation/Physics/Control/ReactorPrimary/ReactorPrimaryControlInputs.cs	2EF8AA89D8F1135C096131E38BFF3F4EE7B9EA7109BA3FC8F216222ED3083B35
src/NuclearReactorSimulator.Simulation/Physics/Control/ReactorPrimary/ReactorPrimaryControlSnapshot.cs	ED1F7DD65104E3F3DD783B98EF3A108822F355F6C9AD577BC8BCFC5274E6B256
src/NuclearReactorSimulator.Simulation/Physics/Control/ReactorPrimary/ReactorPrimaryControlSolver.cs	25DE2CEF2412CA9C95A08BC49BAC93C3222B9644CD830BAA8405257E1B34F5A0
src/NuclearReactorSimulator.Simulation/Physics/Control/ReactorPrimary/ReactorPrimaryControlState.cs	B70D107487C1536133E007D1F5E236B8E5C178F22A72C4684B652C603C24AE50
src/NuclearReactorSimulator.Simulation/Physics/Control/ReactorPrimary/ReactorPrimaryControlStepResult.cs	E13FAA448A339AB2699D0E2BA00A20884AF6F379171BBD70A9E4C0C7E2FAE98B
src/NuclearReactorSimulator.Simulation/Physics/Control/ReactorPrimary/ReactorPrimaryControlledFullPlantSnapshot.cs	48DE15519E094806EC9D3520F11439420B15199CE7C6C7B2696D8D30627E780D
src/NuclearReactorSimulator.Simulation/Physics/Control/ReactorPrimary/ReactorPrimaryControlledFullPlantSolver.cs	588F75EF776E226A03EF120FB356FB29A2AC35AB1771629A6DC8D82ECA06C7F3
src/NuclearReactorSimulator.Simulation/Physics/Control/ReactorPrimary/ReactorPrimaryControlledFullPlantStepResult.cs	5ADFFEC01754ADBA2E99EF29CDDED62296A78DA61C94916AB58A43E4254B647E
src/NuclearReactorSimulator.Simulation/Physics/Control/ReactorPrimary/ReactorPrimaryLoopDiagnosticSnapshot.cs	0F26BF97E0C85A0E6FAA5ECFC7713F197E4422F5565AD3ED99A61408BD3244B2
src/NuclearReactorSimulator.Simulation/Physics/Control/RodActuatorCommand.cs	4515829B67EFED06C78C8D76EA0B215956A182C9AA2BE0F239C4062792D76AC9
src/NuclearReactorSimulator.Simulation/Physics/Control/Supervisory/SupervisoryOperatingObjective.cs	598AF9E554E93CD1542C40DA060ECBA1E48CF345DC0E0FFCFA4ACEADAC1B4638
src/NuclearReactorSimulator.Simulation/Physics/Control/Supervisory/SupervisoryOperationCoordinator.cs	36A77B978B4FB879F1D31ABAD2A683A2ADA48262C6657371F5E38682850AE64C
src/NuclearReactorSimulator.Simulation/Physics/Control/Supervisory/SupervisoryOperationState.cs	7247814CB60EC1CB6E882DA9210CF881B9A0FD4599C2C8BB332F4CF21E09CFC5
src/NuclearReactorSimulator.Simulation/Physics/Control/Supervisory/SupervisoryOperationStepResult.cs	2EB20B7ABB69A65755677F44A0B71CCCB7782C82D82E5210E1E566C74FCED4E2
src/NuclearReactorSimulator.Simulation/Physics/Control/TurbineSecondary/IntegratedAutomaticControlSnapshot.cs	CDEB55694D0A1B53A5D80DF4773D9A902C1D4A7A2217737B1831EAF4B1B54164
src/NuclearReactorSimulator.Simulation/Physics/Control/TurbineSecondary/TurbineIsolationValveCommand.cs	2AB15B4B4226D98C9E8ABC9276B4D2A250F2CCC6DDB7C804B799C1ADEC874204
src/NuclearReactorSimulator.Simulation/Physics/Control/TurbineSecondary/TurbineSecondaryControlInputs.cs	7D1EF44DF77010D69FE03E072DCFBA39F5D6BB36540A3DFBC5DAF11885F22691
src/NuclearReactorSimulator.Simulation/Physics/Control/TurbineSecondary/TurbineSecondaryControlSnapshot.cs	E03CEFA82DBFF6504F641E76FA46E4725AB580D61EFE40231DE1F342CE8C65FA
src/NuclearReactorSimulator.Simulation/Physics/Control/TurbineSecondary/TurbineSecondaryControlSolver.cs	877C2FE3731CE0B7307E67C48C58701CA10170BD1094E8F23D89626C4CA93B4E
src/NuclearReactorSimulator.Simulation/Physics/Control/TurbineSecondary/TurbineSecondaryControlState.cs	4FF8C9E9F859C8A2138B5BB5021B1B44036DB6B2F3B86FC2C5DB0753832AC63E
src/NuclearReactorSimulator.Simulation/Physics/Control/TurbineSecondary/TurbineSecondaryControlStepResult.cs	B02CEBC09EF8EE16973B105C2756E20EFDBCC663E1EAE4038DD59A28E82ECEE3
src/NuclearReactorSimulator.Simulation/Physics/Control/TurbineSecondary/TurbineSecondaryControlledFullPlantSolver.cs	CD935AF612CFA746D96FF4C2D0894DC579B5A2882E11C4B6470832093C4E77BB
src/NuclearReactorSimulator.Simulation/Physics/Control/TurbineSecondary/TurbineSecondaryControlledFullPlantStepResult.cs	0ECD062E1593C857D1E72C752709E11A140D9B8450ADE80E237C71CE4C079811
src/NuclearReactorSimulator.Simulation/Physics/Control/TurbineSecondary/TurbineSecondaryLoopDiagnosticSnapshot.cs	0A1CB6E83F653323EFBDB5172E6AB485528D5B1439C89319CE5ECF8A5A137D32
src/NuclearReactorSimulator.Simulation/Physics/Control/ValveActuatorCommand.cs	613C2846933E694244D8E373964C568460479D901D8094E3AD297CE603FFBD29
src/NuclearReactorSimulator.Simulation/Physics/Electrical/ElectricalGridSnapshot.cs	40AEE79415587C543BA345FA7D721844E4039EED8FEB059822E0ABEBB64F300C
src/NuclearReactorSimulator.Simulation/Physics/Electrical/GeneratorElectricalAudit.cs	DE657C7917DE09F31F256D281D13F4592A17C415A292959382DCE679C1169A62
src/NuclearReactorSimulator.Simulation/Physics/Electrical/GeneratorGridInputs.cs	4F458C50DE210B1AA69D053D08B9D24287A7C5FBFEB1251922807E6C9577720B
src/NuclearReactorSimulator.Simulation/Physics/Electrical/GeneratorGridSnapshot.cs	4975D79D289520855B25D0106E5CAF74599835933C99AD8C78787E46CF8F2387
src/NuclearReactorSimulator.Simulation/Physics/Electrical/GeneratorGridSolver.cs	DA62454E11F994B800CEEE03C4B12CAF1AFB041009DAA6215C146CE333A38AA9
src/NuclearReactorSimulator.Simulation/Physics/Electrical/GeneratorGridState.cs	A40A7697ED7F1FD1B84250994ABB368B9692CEDA81083A987FFDA9354B72477E
src/NuclearReactorSimulator.Simulation/Physics/Electrical/GeneratorGridStepResult.cs	DD79CCD19D033FE4A7FF6F97DD3D1F18A4779F5DCB1DDB45B4A94F8CA2C9FDF7
src/NuclearReactorSimulator.Simulation/Physics/Electrical/SynchronousGeneratorInput.cs	BFCE895E7DCB2DA14AEF8E47C1BA88FAE88091FD32417F26CDAF756DDEB06CD9
src/NuclearReactorSimulator.Simulation/Physics/Electrical/SynchronousGeneratorSnapshot.cs	DD9C7EE9AE36D18A611E613CDEF076C7EF2B928A62F5ADCB8C109C3CE841E15E
src/NuclearReactorSimulator.Simulation/Physics/Electrical/SynchronousGeneratorState.cs	4ED976ABB4BDC9806562837712C1336D81E9745EA190914B8AB33A361BF98208
src/NuclearReactorSimulator.Simulation/Physics/Fluids/FluidEnergyTransport.cs	CC760CD24D1ED77B3BBDECD7D7C92C9D534506C424D59825D3482F277D6AFCCD
src/NuclearReactorSimulator.Simulation/Physics/Fluids/FluidNodeBalance.cs	8247E0FA8AF239375D3AD275EC65CCD9C79F89C75C7899E33D6D0195659295BD
src/NuclearReactorSimulator.Simulation/Physics/Fluids/FluidNodeDepletionException.cs	08D94857FB8926619DFD0F5E51F2283727CEE44F4F764AF80EC83AF6CF328307
src/NuclearReactorSimulator.Simulation/Physics/Fluids/FluidNodeIntegrator.cs	765A9ED51C9E0839A6A8F1E58B5251DC78F13F02C62FDCD61ACDC0DDBB1EA9E4
src/NuclearReactorSimulator.Simulation/Physics/Fluids/IFluidThermodynamicModel.cs	978CA95C1FA105226683091AFBBEB74F5E832FDF37EBE2EF8821D699C1D67E6C
src/NuclearReactorSimulator.Simulation/Physics/Fluids/IWaterSteamInverseBranchDiagnosticProvider.cs	6FB679AF51B239A5DEB78D7826BD4E1C334E4FA0919853467E67E361CBBD1724
src/NuclearReactorSimulator.Simulation/Physics/Fluids/IWaterSteamSaturationPropertyProvider.cs	79B1EC157E8EE06BE537EC7BB9F7157B75A254073D9154C3C29836DC5B6D9A91
src/NuclearReactorSimulator.Simulation/Physics/Fluids/OpenControlVolumeEnergyTransportResult.cs	BA3639DC0268DD14D0FBEAB3B06F9D64CC46A568D96D020D35702494832478F2
src/NuclearReactorSimulator.Simulation/Physics/Fluids/OpenControlVolumeEnergyTransportSolver.cs	9403E5133DCC668A7EC71B0800DB3294BB4EE3D09B596C30D5BCB0E843BCF727
src/NuclearReactorSimulator.Simulation/Physics/Fluids/PipeFlowResult.cs	88760ADFC6D9BBE70E5E3184BAC731C3239950409FA65734E7F4DCF79A2055D2
src/NuclearReactorSimulator.Simulation/Physics/Fluids/PipeFlowSolver.cs	A9C57F3A71561D32A0278D345D2FE24627B11E32518BBF9D46F3446C82463E64
src/NuclearReactorSimulator.Simulation/Physics/Fluids/PumpFlowResult.cs	10CECB05F3D268528DEAE11B632F225A92C042828CEF70440804DCC68F6677CE
src/NuclearReactorSimulator.Simulation/Physics/Fluids/PumpFlowSolver.cs	EC734B9A8075C9E3A5517DEA12537383A5E2EF474FFDFE4ABE6A24AFCD5B6580
src/NuclearReactorSimulator.Simulation/Physics/Fluids/ReferenceConsistentTabulatedInverseResolver.cs	59772C4044FA19C67BAAF463B3314D143E2C1CFCFFA8A64D4D611DBF63663922
src/NuclearReactorSimulator.Simulation/Physics/Fluids/ReferenceData/NRSVR2C4.v1.bin	EF49B1D097FC63F1F1254E425F46C6ACA837B82C58EFBA9C7774727C51C82267
src/NuclearReactorSimulator.Simulation/Physics/Fluids/SimplifiedWaterSteamThermodynamicModel.cs	44EA256839872EAB330132BA8AB536ABC7B38BB5522671BA7AB33E27BF6C4B1A
src/NuclearReactorSimulator.Simulation/Physics/Fluids/ThermodynamicBranchContinuityModel.cs	8A1D929CF5EAF9FAD4E7483333EA6CE29EB03893870676D89922E6E9AF0AB7B3
src/NuclearReactorSimulator.Simulation/Physics/Fluids/ValveCharacteristicSolver.cs	360F45027F6D7D4017D56AF5884D35694F48B1213AA2329B684584ED7EC2866F
src/NuclearReactorSimulator.Simulation/Physics/Fluids/ValveFlowResult.cs	7A62A8FBCAE7C1FE889FC88413C84ECDF63F1C40FD4727F6AB07B20AC818D8E7
src/NuclearReactorSimulator.Simulation/Physics/Fluids/ValveFlowSolver.cs	429334D65487A9FE4C516EA09DDAD7003D072BC2B6124029E223C1C080775FE7
src/NuclearReactorSimulator.Simulation/Physics/Fluids/WaterSteamSaturationProperties.cs	9405FC5B1783CC45B1AB61AB63941FB4AFF0D4C6D9EB3B9036CB570B41857F5F
src/NuclearReactorSimulator.Simulation/Physics/Fluids/WaterSteamStateOutOfRangeException.cs	5CF2F660543443EE9A3C609D69082F98828A9C5DA9392E985B3AA9AC0F7CC3EF
src/NuclearReactorSimulator.Simulation/Physics/Fluids/WaterSteamThermodynamicClosureMode.cs	0228EEFFB1FEC97229AF9F60F024768A019503CC918F099C2BAC8AF6B5F079B8
src/NuclearReactorSimulator.Simulation/Physics/Fluids/WaterSteamVoidFractionSolver.cs	ED90C7A3316B0D37BF63686FD318D7552CD743271BDE5C1E57D9ECF4237B2DDE
src/NuclearReactorSimulator.Simulation/Physics/Instrumentation/InstrumentChannelDiagnosticSnapshot.cs	545A039393553687150BB46A943694F101245D285D27B4D3A63CAC9A2E959459
src/NuclearReactorSimulator.Simulation/Physics/Instrumentation/InstrumentSignalSource.cs	87784A3C6959DE224CD6A88A4A59C8A7BC870B64E3A0A7239CFCDDBBC0758123
src/NuclearReactorSimulator.Simulation/Physics/Instrumentation/InstrumentSignalSourceCatalog.cs	B11FA919B4A63F7FC2727741F792681E7E1812474D1284E6663488339447BBEE
src/NuclearReactorSimulator.Simulation/Physics/Instrumentation/InstrumentationChannelState.cs	3FC1D729D30A6293AD0411DD35B9E4664BE4462403C5969D21AEB3507788D792
src/NuclearReactorSimulator.Simulation/Physics/Instrumentation/InstrumentationInputs.cs	0C5CF6DE0E4B7F15325F59ACD3AF44F3F5B30963FB98709C56ED781401155C33
src/NuclearReactorSimulator.Simulation/Physics/Instrumentation/InstrumentationSnapshot.cs	37E78C07246FDA5CDCF0602156C28BFBA98CF745F2FC6EA9F4F44857EE1735BF
src/NuclearReactorSimulator.Simulation/Physics/Instrumentation/InstrumentationSolver.cs	77CFEBCDCE63D0975D6596A81DB9AAD72FDEB5A96B941095476715C7F67688F5
src/NuclearReactorSimulator.Simulation/Physics/Instrumentation/InstrumentationState.cs	1C4EC588249D3FA4C2D4A2E163AAE023FA909621910CBDF322C49655D4AAD577
src/NuclearReactorSimulator.Simulation/Physics/Instrumentation/InstrumentationStepResult.cs	9E8D55749DB8692C1B196232393FA462BA7DB0D0B4521D89C21430964A2D876B
src/NuclearReactorSimulator.Simulation/Physics/Instrumentation/InstrumentedFullPlantSnapshot.cs	67A6539D5D18F1753FB0FB7915EAA55412EF0D7028D9F1E660B6DC44EEC4BEC1
src/NuclearReactorSimulator.Simulation/Physics/Instrumentation/InstrumentedFullPlantSolver.cs	FADDD84A80C5AD55B00732CCA4041B38071A72357643D633383048E058A943D4
src/NuclearReactorSimulator.Simulation/Physics/Instrumentation/InstrumentedFullPlantState.cs	714DB3B343119160F931095E5F101F39B984314D599BC777AC129F579E7A6E04
src/NuclearReactorSimulator.Simulation/Physics/Instrumentation/InstrumentedFullPlantStepResult.cs	602359D97CB2058710ED570B68BF49528E414492B1E57DBDB2E1D6B5B4E8F08B
src/NuclearReactorSimulator.Simulation/Physics/Instrumentation/MeasuredSignal.cs	B177682ABD4616D57E8EA8BEC3333558B20FC052C92B6AAE47BCE2D9A6FDEEC6
src/NuclearReactorSimulator.Simulation/Physics/Instrumentation/MeasuredSignalFrame.cs	59C5BA2E189437A8342D8CEB28356C9888530BA95F177A791446B914384863FA
src/NuclearReactorSimulator.Simulation/Physics/Instrumentation/SensorFaultInput.cs	C1FA97E28CF5BBAAAB54E3F876E67068A5BC78020E29ED826353E4CD654CF1D6
src/NuclearReactorSimulator.Simulation/Physics/Reactor/ControlRods/ControlRodMotionSolver.cs	D399FCBE1B33EA5B5125F740D6897997CCB82A5DA3ED05F175D7FD47D3DC86E2
src/NuclearReactorSimulator.Simulation/Physics/Reactor/ControlRods/ControlRodReactivitySolver.cs	183E834AFCD0A3F957CD3A82B87BB05EEA27201B5323AE910F6AB200DC864518
src/NuclearReactorSimulator.Simulation/Physics/Reactor/ControlRods/ControlRodSystemSolver.cs	832A97960A227B670A3C89AEDCD7A22062C37DDF8F56031B2ED2FFF6A3CCC7D4
src/NuclearReactorSimulator.Simulation/Physics/Reactor/ControlRods/ControlRodWorthSolver.cs	47E1482BCA400DA054B35ECAB32CF6DFE416C965F386AEC35E2381B42D34CF5C
src/NuclearReactorSimulator.Simulation/Physics/Reactor/Core/AggregatedCorePowerSolver.cs	DB3FCFD3A5419DFB85B1029CBE224A2E2FE56BA82A1E88A4D838C91C7A599F27
src/NuclearReactorSimulator.Simulation/Physics/Reactor/Core/AggregatedCoreSnapshot.cs	9B711B55C575342D23CA340A98905196EA456154EE55DEBD52160200EB1D2FED
src/NuclearReactorSimulator.Simulation/Physics/Reactor/Core/Channels/FuelChannelGroupSetSnapshot.cs	82D2D3E22C1AD77DF18F0C68620BFC6D423C12B51F4639EF1B9281A13DD74A50
src/NuclearReactorSimulator.Simulation/Physics/Reactor/Core/Channels/FuelChannelGroupSnapshot.cs	7C0F40C469C15CAD0BF2AC3CBE0E7548558855E59FD046E7DFD30BE364218D5F
src/NuclearReactorSimulator.Simulation/Physics/Reactor/Core/Channels/FuelChannelGroupSolver.cs	32E544E9EEC6D2D30EBF97B239BEE8DE3E96A13D4C3835DACAE38B20CD1BB296
src/NuclearReactorSimulator.Simulation/Physics/Reactor/Core/Channels/FuelChannelGroupStepResult.cs	58A7744EDA24A37994DBFB33C5B5DD6CF4B0BF2C3F2B341BA5111E217CC5E9A1
src/NuclearReactorSimulator.Simulation/Physics/Reactor/Core/CoreZoneSnapshot.cs	078297913A171C4A8679E6174DBD70A3E9FCAE9094F17A52706089C7AC4BAC34
src/NuclearReactorSimulator.Simulation/Physics/Reactor/Core/Spatial/QuasiSpatialCoreFeedbackSnapshot.cs	69BF9DBA7DC9F476CB0DE64602FD02DCD884AD97BF0E628ABD592FAA7ED48EB0
src/NuclearReactorSimulator.Simulation/Physics/Reactor/Core/Spatial/QuasiSpatialCoreFeedbackSolver.cs	1E64603A5B3E9A947FA9BB447DB7A43F79F91623D5AB2FA986CC9819E9CA788B
src/NuclearReactorSimulator.Simulation/Physics/Reactor/Core/Spatial/QuasiSpatialCoreFeedbackStepResult.cs	D7856F73022DDA16454757D283F593431393A546FE5054E9B8BD34B3FC0751F2
src/NuclearReactorSimulator.Simulation/Physics/Reactor/Core/Spatial/QuasiSpatialCoreZoneSnapshot.cs	132A40DDFE7EC16505197AFA0C7C50CF0CC078EB2BDB1DCC640A6CEB5515DE7B
src/NuclearReactorSimulator.Simulation/Physics/Reactor/DecayHeat/DecayHeatDeposition.cs	2311D8DD6710400FCFA63694BAFBF8FD5B3357D27A8E0CED5253534DBBF0DFC9
src/NuclearReactorSimulator.Simulation/Physics/Reactor/DecayHeat/DecayHeatGroupSnapshot.cs	698642B525EA6CADD717AB8794AC9A4F7174B7071A7167FF7A266CE1352D06E8
src/NuclearReactorSimulator.Simulation/Physics/Reactor/DecayHeat/DecayHeatNumericalException.cs	EEEEE23E612286EC388A8C0CCEE532EAE1A7DDE776CF045E5C57E69F8C16418E
src/NuclearReactorSimulator.Simulation/Physics/Reactor/DecayHeat/DecayHeatSnapshot.cs	C5021E2D25DCEB828D8097C1F0925B82D15D82F9998E91EB6FF1DE9FBD713CA3
src/NuclearReactorSimulator.Simulation/Physics/Reactor/DecayHeat/DecayHeatSolver.cs	47D8A24AB9A21E0D79403D8763A521ABAC9A015BE4D3A48CD8D0AD8178AF9247
src/NuclearReactorSimulator.Simulation/Physics/Reactor/DecayHeat/DecayHeatStepResult.cs	BE71C975C1A62772578B8921C2F4B05F1951610A166C055D08F4BA5431E42426
src/NuclearReactorSimulator.Simulation/Physics/Reactor/Feedback/TemperatureFeedbackInput.cs	7A0C2B91CCB063566BA704ECC412ECB68EC07E3A35F8133A0FE81EE1A9EFEC08
src/NuclearReactorSimulator.Simulation/Physics/Reactor/Feedback/TemperatureFeedbackSetSnapshot.cs	522DD84DA63F7935F1FC92455CFF8C76405ED8D7BD6C585D9214A088463EACD5
src/NuclearReactorSimulator.Simulation/Physics/Reactor/Feedback/TemperatureFeedbackSnapshot.cs	8DE15F2E55A7A7969B89EC16110858EC635DF83E43FC5BA59812084C84802D5C
src/NuclearReactorSimulator.Simulation/Physics/Reactor/Feedback/TemperatureFeedbackSolver.cs	E529C8536998FD1EB5E48B093B7B4C34B83359642269DBE89F5AE3340726D0BC
src/NuclearReactorSimulator.Simulation/Physics/Reactor/Feedback/VoidFeedbackInput.cs	5186CB61EDE9299BB887DAE0BB9431A067B3120A068823AAB6CF291200219E2A
src/NuclearReactorSimulator.Simulation/Physics/Reactor/Feedback/VoidFeedbackSetSnapshot.cs	488CA8391783CEB6BAB7F1B14515FDF0AE06C9D41186B4746F8C67A1B04182E4
src/NuclearReactorSimulator.Simulation/Physics/Reactor/Feedback/VoidFeedbackSnapshot.cs	D01799338987061EA1D10A36467537FDF4B727D7E689411E3CE9D8A6117C23E4
src/NuclearReactorSimulator.Simulation/Physics/Reactor/Feedback/VoidFeedbackSolver.cs	7C8ECF848C4A5F43A521194670DE84DFB9E5BBDEABA7B8932C99361BA6917050
src/NuclearReactorSimulator.Simulation/Physics/Reactor/IodineXenon/IodineXenonNumericalException.cs	E8E494F3C5FBF6D0085A548A196EF20137710E04F4D58A04E45BB27736ED0498
src/NuclearReactorSimulator.Simulation/Physics/Reactor/IodineXenon/IodineXenonSnapshot.cs	9B37F172BB531C48B679E5EFC9A80DB823C22BFA9405FE1D78A8BD0AF5FFC79B
src/NuclearReactorSimulator.Simulation/Physics/Reactor/IodineXenon/IodineXenonSolver.cs	AD5D2CCF663B407670225905B3CC8B736B8CA3552BF778C9B4C5680E93AEF573
src/NuclearReactorSimulator.Simulation/Physics/Reactor/IodineXenon/IodineXenonStepResult.cs	7CE883DF018B31B64CC9B119E03EAEFA8D4524B25E33925F8CC3EBE37254AE07
src/NuclearReactorSimulator.Simulation/Physics/Reactor/Neutronics/NeutronKineticsNumericalException.cs	681B2D0F5BD0EAF3190D4119075AEA5EC7B563FE648DF0F4EC3CE0843B826CCC
src/NuclearReactorSimulator.Simulation/Physics/Reactor/Neutronics/PointKineticsSnapshot.cs	06DFE5FDA2551895DADDAD85FB7E6314B0225CCEF5D1055DF4755945BC83A499
src/NuclearReactorSimulator.Simulation/Physics/Reactor/Neutronics/PointKineticsSolver.cs	B3AF2D7F5098C729B69263D77734465D543FA53DE18758F3709C4F2498FBF79E
src/NuclearReactorSimulator.Simulation/Physics/Reactor/PrimaryCircuit/Boundaries/FeedwaterBoundaryInput.cs	F50AFA57B5605D0B7AB4DF69F3C1DAEC9C6BC6D1F2033D83AC4446BCB8A1AFB3
src/NuclearReactorSimulator.Simulation/Physics/Reactor/PrimaryCircuit/Boundaries/FeedwaterBoundarySnapshot.cs	14400A9E4F8C66FF5F0E87D59BECE7184D6D2F99C41A5205D270CEA1F347A039
src/NuclearReactorSimulator.Simulation/Physics/Reactor/PrimaryCircuit/Boundaries/PrimaryCircuitBoundaryInputs.cs	CCC7987FA61B02AD5AC188861860BC67AF80FAE827E89206AF1422028F4CA141
src/NuclearReactorSimulator.Simulation/Physics/Reactor/PrimaryCircuit/Boundaries/PrimaryCircuitBoundarySolver.cs	DD40C73E45D7447EBEB0D1373F37B7CEA68B5A9A912B6D784D6C22F839A607F1
src/NuclearReactorSimulator.Simulation/Physics/Reactor/PrimaryCircuit/Boundaries/PrimaryCircuitBoundaryStepResult.cs	3A5831CFB4311D6BF02D8A7049D9B0D832FA5C911E435DA96AD37BB7AE4921EC
src/NuclearReactorSimulator.Simulation/Physics/Reactor/PrimaryCircuit/Boundaries/PrimaryCircuitBoundarySystemSnapshot.cs	E19B23493C7DE511C967BF184669781AD371C9BD6D4E926349DCD7E81DE6C931
src/NuclearReactorSimulator.Simulation/Physics/Reactor/PrimaryCircuit/Boundaries/SteamExportBoundaryInput.cs	A99BF46BDD78C91FA8839E0B0A043F16B828F203B8DA4F49652DB3E543B6478D
src/NuclearReactorSimulator.Simulation/Physics/Reactor/PrimaryCircuit/Boundaries/SteamExportBoundarySnapshot.cs	197FC9D8DF31A41220A4F13A02688A9B63F76F91F5A36137C4410ACC9794A692
src/NuclearReactorSimulator.Simulation/Physics/Reactor/PrimaryCircuit/Circulation/MainCirculationBranchSnapshot.cs	A100BC4F1439E7C6307E416642C55B4FBE2459730F3C9726C07C5D248EB389AA
src/NuclearReactorSimulator.Simulation/Physics/Reactor/PrimaryCircuit/Circulation/MainCirculationLoopSnapshot.cs	4BF8E30C04C9D826FC1A3D84AC92B0B9EED736B487D52B2FAB26F749D8C56FAB
src/NuclearReactorSimulator.Simulation/Physics/Reactor/PrimaryCircuit/Circulation/MainCirculationPumpSnapshot.cs	12E0CBA070162510C5807D18521AD74A7B2013BCA372CB44AC7CECE882F6F1D0
src/NuclearReactorSimulator.Simulation/Physics/Reactor/PrimaryCircuit/Circulation/MainCirculationSystemSnapshot.cs	3DD3E9BBB17E1ED0EC76209F1B9508CB42C2BD7E4618EC6BF7AE989ABA8622C8
src/NuclearReactorSimulator.Simulation/Physics/Reactor/PrimaryCircuit/Circulation/MainCirculationSystemSolver.cs	0822B5233D57A5C8E96702B8FA97935BB14ECAFB8A1FAF030F7FE41914B06AE4
src/NuclearReactorSimulator.Simulation/Physics/Reactor/PrimaryCircuit/Integration/IntegratedPrimaryCircuitInputs.cs	5BEAAD08A2BBE5D54D281C61FE66D9CAA9B374FA25718B45AA87884CF6966722
src/NuclearReactorSimulator.Simulation/Physics/Reactor/PrimaryCircuit/Integration/IntegratedPrimaryCircuitSnapshot.cs	9061D5766998E1536DDEF209111AED22E618DB2E785306B65AD0FF9B674CE1C9
src/NuclearReactorSimulator.Simulation/Physics/Reactor/PrimaryCircuit/Integration/IntegratedPrimaryCircuitSolver.cs	FBAB13A83696D706E8615D9077B29A09238FB178C2DE560C51F9425828E05BD1
src/NuclearReactorSimulator.Simulation/Physics/Reactor/PrimaryCircuit/Integration/IntegratedPrimaryCircuitStepResult.cs	AD3B8AE788357042FD594E4AAAEEC311E818C8A8357DCC009DF893911BBE533B
src/NuclearReactorSimulator.Simulation/Physics/Reactor/PrimaryCircuit/Integration/PrimaryCircuitLongRunResult.cs	70174C6039F43C8B2172D9A196A373B5E9B985FEE3A4CC0163FB63D523A4E3B7
src/NuclearReactorSimulator.Simulation/Physics/Reactor/PrimaryCircuit/Integration/PrimaryCircuitLongRunRunner.cs	EE32BEE2F7B538FB1BA1A9EFD3C5E3D7353803A985F4E8CCA4E83B4112AE85B2
src/NuclearReactorSimulator.Simulation/Physics/Reactor/PrimaryCircuit/Integration/PrimaryCircuitReferenceOperatingPoint.cs	BF89E3F3E018E4B3D9AC97EC3116B72D0DC4889F877BED956756C868FE682408
src/NuclearReactorSimulator.Simulation/Physics/Reactor/PrimaryCircuit/SteamDrums/SteamDrumSeparationSolver.cs	B688CFBAE00986F263277F78A12EE4C00CC326BC3DC9AE4A618F478526A5F23B
src/NuclearReactorSimulator.Simulation/Physics/Reactor/PrimaryCircuit/SteamDrums/SteamDrumSnapshot.cs	5604A981EE05DC3105B38EAD9BC9A9F0C2E95BAFA8A1B66912076E8ED91FFE16
src/NuclearReactorSimulator.Simulation/Physics/Reactor/PrimaryCircuit/SteamDrums/SteamDrumStepResult.cs	81C739A2B3A102F402C6EC8C8331C35770E4FB267B65E069AB8459A0EF80A43F
src/NuclearReactorSimulator.Simulation/Physics/Reactor/PrimaryCircuit/SteamDrums/SteamDrumSystemSnapshot.cs	CCC56743BE25B0C4078A8F97778EA7074B74F931A20A9A1EDD552A542B4EF2AD
src/NuclearReactorSimulator.Simulation/Physics/Reactor/ReactivityBreakdownSnapshot.cs	178461B8C8B9A90DBA2EB8846E86CE92A7F8F3DCD1427C0358900EB4F30C3DA4
src/NuclearReactorSimulator.Simulation/Physics/Reactor/ReactivityModel.cs	9D293B6C867F746A93F0D578A1373E271B21514867EED8E29A73458C48DC4E4E
src/NuclearReactorSimulator.Simulation/Physics/Reactor/ThermalPower/FissionHeatDeposition.cs	8AD9A7DC012E642ACFB23A842EEDC3867C9B00F8D90C594B91130EA954ABE8C0
src/NuclearReactorSimulator.Simulation/Physics/Reactor/ThermalPower/FissionPowerNumericalException.cs	BE76DF500EBCEB09DB0B9A8DA5700F5A658B41D863C3F8F52925D7E23742BE8B
src/NuclearReactorSimulator.Simulation/Physics/Reactor/ThermalPower/FissionPowerSnapshot.cs	A4C07A6C49FB24D3AB2462DD3CE04638CE0D9FDA76BD9E9D9D9494F8106E4F55
src/NuclearReactorSimulator.Simulation/Physics/Reactor/ThermalPower/FissionPowerSolver.cs	84927CEEA1B25F2069F390A6779E4F773297F544095E4EF95F26CE695A59C123
src/NuclearReactorSimulator.Simulation/Physics/Thermal/HeatSourceSolver.cs	497C779EA3A6CC359C962534D0892DE46AEE404E69D170FD49A699E4472075A6
src/NuclearReactorSimulator.Simulation/Physics/Thermal/HeatTransferResult.cs	BF79E90B795D34FC9089FB828242A775CAA6F32EAA1064CBDFBA64BB3CC39790
src/NuclearReactorSimulator.Simulation/Physics/Thermal/HeatTransferSolver.cs	E943283354126BF870A770503A84F83E7995F9B11BA73A78A6C0373B66A25437
src/NuclearReactorSimulator.Simulation/Physics/Thermal/ThermalBodyEnergyDepletionException.cs	333DB7287619276CB8444DF81A41C66F4FB9F93A23C95B5099DC403CDC48FBC2
src/NuclearReactorSimulator.Simulation/Physics/Thermal/ThermalBodyIntegrator.cs	71CC90D4D6281179D9827A4AE6E74646895277176B5715A26DFE36E0644F9EAD
src/NuclearReactorSimulator.Simulation/Physics/Thermal/ThermalEnergyBalance.cs	EB0A3186DE8212E12D890CD55C4DC30C1BF0A2F2D133A395F1A65891E7FD3478
src/NuclearReactorSimulator.Simulation/Physics/TurbineIsland/Condenser/CondenserCoolingBoundaryInput.cs	FE88244D6F8E0636C64A901143699C8833CAAD44EDB96BC7DEDE5DF409502F67
src/NuclearReactorSimulator.Simulation/Physics/TurbineIsland/Condenser/CondenserCoolingBoundarySnapshot.cs	93D6D6C783198D78B7DF99F56A97D7093E2022BB517DC5BA3B9BF2DF3E5029FF
src/NuclearReactorSimulator.Simulation/Physics/TurbineIsland/Condenser/CondenserSnapshot.cs	FABD0531B5F0DF37689F822B7CDAD06AC3B7DBFDE14CEAC572BC9870B998617B
src/NuclearReactorSimulator.Simulation/Physics/TurbineIsland/Condenser/CondenserSystemInputs.cs	78D8B9324574562AB6B780D35CEECB1BE3755E3DEF27C8558E0D33C3030F9B1D
src/NuclearReactorSimulator.Simulation/Physics/TurbineIsland/Condenser/CondenserSystemSnapshot.cs	CCB153076AC0407CCFCF2117B01D5C6FFEAE2779F31757F45E5824F19ECE2FC8
src/NuclearReactorSimulator.Simulation/Physics/TurbineIsland/Condenser/CondenserSystemSolver.cs	3D3D8058203ACAAD89B5C36C8210738FA8CEB6D61201005589A040958152FEB6
src/NuclearReactorSimulator.Simulation/Physics/TurbineIsland/Condenser/CondenserSystemStepResult.cs	EDADDEBD10039EC86F8F04E6416EA3A0ACCC9713C2E7D964F41D3BED12A99469
src/NuclearReactorSimulator.Simulation/Physics/TurbineIsland/Condenser/TurbineBypassSnapshot.cs	DF81E86DBE7B226B8EFA9089C737E4012759DB7695EFF823C13B7606C1A0812B
src/NuclearReactorSimulator.Simulation/Physics/TurbineIsland/Condenser/TurbineBypassSolver.cs	19CF98A317350BF83AB36A39F479DFF53D819252B8DF1AC7E5DDB2C019510479
src/NuclearReactorSimulator.Simulation/Physics/TurbineIsland/Condenser/TurbineBypassStepResult.cs	C870E46C7382132A44229F78428453EEC7C10B019A9926C2998762649990D679
src/NuclearReactorSimulator.Simulation/Physics/TurbineIsland/Feedwater/CondensateFeedwaterSystemInputs.cs	643F1A5F4FAEF3D4C73A771466E908632855E933D136E3D26365986DCE5A5252
src/NuclearReactorSimulator.Simulation/Physics/TurbineIsland/Feedwater/CondensateFeedwaterSystemSnapshot.cs	487B9D20E94FC74D039476B6BBEC79F6F04F33A4502699C3C378CB9DEA7C754B
src/NuclearReactorSimulator.Simulation/Physics/TurbineIsland/Feedwater/CondensateFeedwaterSystemSolver.cs	F6B37FC039A7CC1307C4A886879E139DF3B0B3690E1CFD0C0880F4488C4E05A3
src/NuclearReactorSimulator.Simulation/Physics/TurbineIsland/Feedwater/CondensateFeedwaterSystemStepResult.cs	D7C92C326B36E0B581A26FB48636AE99AE3CE5D41AD1477ED1075EB59DC770A5
src/NuclearReactorSimulator.Simulation/Physics/TurbineIsland/Feedwater/CondensateFeedwaterTrainInput.cs	86F1D8E55ED0C60E341381C7809896A98E08FDFAA153EDDB1AF0556BC7C7BF6C
src/NuclearReactorSimulator.Simulation/Physics/TurbineIsland/Feedwater/CondensateFeedwaterTrainSnapshot.cs	757347EA38CA908416DD4EFEC1B70444D92A7540C7DA9E4BF4D36ED712A11F59
src/NuclearReactorSimulator.Simulation/Physics/TurbineIsland/Feedwater/FeedwaterPumpSnapshot.cs	C24CE296FD9445E0C63717470570F2D0D27F8F00A9D10C40EAAB4D884849B144
src/NuclearReactorSimulator.Simulation/Physics/TurbineIsland/Integration/FullPlantLongRunResult.cs	8B8DD9DFBB4A7EEF1E8C895BAB05984E057E46F9BFF27D4C2595B62F20A4198E
src/NuclearReactorSimulator.Simulation/Physics/TurbineIsland/Integration/FullPlantLongRunRunner.cs	6697760AC692B1C7C3797B1BD30CB4FD13BD1BBA78F150303B9FE00170AFB62A
src/NuclearReactorSimulator.Simulation/Physics/TurbineIsland/Integration/FullPlantPerformanceDiagnostics.cs	81A9337133C0C283FD9422DC98BF7652267D8EC12C368A13ADD1882D5095C998
src/NuclearReactorSimulator.Simulation/Physics/TurbineIsland/Integration/FullPlantReferenceOperatingPoint.cs	99F6D73DCF70FAA0BD248F9D480CBCF43E309E9BD39D4F467BA13F9EAAC83F91
src/NuclearReactorSimulator.Simulation/Physics/TurbineIsland/Integration/FullPlantSnapshot.cs	9B1FCBB59DED68C63DD45EA6A2E70C46615EA05D0DD6D38AB39E4F7978E361DB
src/NuclearReactorSimulator.Simulation/Physics/TurbineIsland/Integration/FullPlantSolver.cs	34C31C0CFE5386F9E0D46BB9AD1F4801B42131BA29A34C49B5E7DD06F9A627B9
src/NuclearReactorSimulator.Simulation/Physics/TurbineIsland/Integration/FullPlantState.cs	0BCA3A2183E0557915191967CD893FC0651E648894658C31B26D04CA213C2854
src/NuclearReactorSimulator.Simulation/Physics/TurbineIsland/Integration/FullPlantSteadyStateCriteria.cs	0722851A890EE2FEB4BCC745216CCB2CA2DD141BC91C6356E2FAAF3C1C4FA139
src/NuclearReactorSimulator.Simulation/Physics/TurbineIsland/Integration/FullPlantStepResult.cs	F9DF7349CA077D8F4C072893C23A24FC835FFF0001174071116F002FC3382740
src/NuclearReactorSimulator.Simulation/Physics/TurbineIsland/Integration/IntegratedSecondaryCycleInputs.cs	9AD5F3F7D7ABA2112A51FEE7BCD71C90D3D1525B5113F10D043AF1D9726C6648
src/NuclearReactorSimulator.Simulation/Physics/TurbineIsland/Integration/IntegratedSecondaryCycleSnapshot.cs	F281782BFEDDA5905A5DFB5839AEF9AF61D6825B231FB53D140E15F505831186
src/NuclearReactorSimulator.Simulation/Physics/TurbineIsland/Integration/IntegratedSecondaryCycleSolver.cs	0C26085E2D9F80CD45737EBF8F5E21B3F5ED7193A824038889C5BAECADAC202B
src/NuclearReactorSimulator.Simulation/Physics/TurbineIsland/Integration/IntegratedSecondaryCycleStepResult.cs	003651CBFE398F2D1E6002B2585589ADBE874485E8998789777B404928D51425
src/NuclearReactorSimulator.Simulation/Physics/TurbineIsland/Integration/SecondaryCycleHeatBalanceAudit.cs	8384CEB9145D273BA252A2B75A8CF744B026DAC19E5B6C280F860AC42C5185BF
src/NuclearReactorSimulator.Simulation/Physics/TurbineIsland/MainSteam/CompressibleSteamFlowResult.cs	6299708B6886D6CE2A705EB7656F006435802171665537414969F4A38F75BC19
src/NuclearReactorSimulator.Simulation/Physics/TurbineIsland/MainSteam/CompressibleSteamFlowSolver.cs	FC78A6AB6AF002AC3F0F6085F9953822BEE6275C6E4B4C4F439D46DA00B99605
src/NuclearReactorSimulator.Simulation/Physics/TurbineIsland/MainSteam/MainSteamLineSnapshot.cs	118B6DB6DEA25345B5B7E1EBAB3807E400E43B25D863F3CB3E3466665990CFC2
src/NuclearReactorSimulator.Simulation/Physics/TurbineIsland/MainSteam/MainSteamNetworkInputs.cs	9198C89D48C7A6ED4F3DDD52166CDFA75E25B614718D5D60D63A8555578D6C86
src/NuclearReactorSimulator.Simulation/Physics/TurbineIsland/MainSteam/MainSteamNetworkSnapshot.cs	F82B5E25A2AC34875B8F5FFCED5F91A48BE11BB7327C23DF120AD173A0EB8D0E
src/NuclearReactorSimulator.Simulation/Physics/TurbineIsland/MainSteam/MainSteamNetworkSolver.cs	0A443A85B2140D0B7F33F2DD504EEB52457BBC0DAB45DF890F222DE6D5BC1C99
src/NuclearReactorSimulator.Simulation/Physics/TurbineIsland/MainSteam/MainSteamNetworkStepResult.cs	C4E7B74B3A988784356BC1A615EECA271884C42706507A4CBD0CFF2411765641
src/NuclearReactorSimulator.Simulation/Physics/TurbineIsland/MainSteam/MainSteamReliefBoundarySnapshot.cs	24E9404664E4F8179BA53782DEF8E4644C8CDB7B980A2DB291D4C213861865F1
src/NuclearReactorSimulator.Simulation/Physics/TurbineIsland/MainSteam/MainSteamReliefBoundarySolver.cs	CAC22E6AAB338043B3C326F84B2DE0F192D4E4F13A8799D1338B101A9BF320F4
src/NuclearReactorSimulator.Simulation/Physics/TurbineIsland/MainSteam/MainSteamReliefBoundaryStepResult.cs	64E1CCF3E77C5C85FA7CAEB0BF5C0D15D600D214D8E36859CDE67EC969DF2735
src/NuclearReactorSimulator.Simulation/Physics/TurbineIsland/MainSteam/MainSteamValveSnapshot.cs	0B41FDD762940D47A808FDC8A1050A92708B2C8D3960CA660E71870285466C31
src/NuclearReactorSimulator.Simulation/Physics/TurbineIsland/MainSteam/TurbineAdmissionBoundaryInput.cs	73698B57B1A0641D4566DD2916B052169390016575FFB4452C9A2592324B111A
src/NuclearReactorSimulator.Simulation/Physics/TurbineIsland/MainSteam/TurbineAdmissionBoundarySnapshot.cs	6536B26A8B068EC03D537F5B3D9FDE53B6FCD7C76EC9BE98B72FCDDD33E9FCA4
src/NuclearReactorSimulator.Simulation/Physics/TurbineIsland/MainSteam/TurbineAdmissionBoundarySolver.cs	46337D0A76749EC490108CFFC44EE8EC6A23B013FFCE4E30410A2C5B64A68956
src/NuclearReactorSimulator.Simulation/Physics/TurbineIsland/MainSteam/TurbineAdmissionBoundaryStepResult.cs	F1AB4E719BADB964D8925DAF205E4BA21BE611C17405013E1E9680D102CFC164
src/NuclearReactorSimulator.Simulation/Physics/TurbineIsland/MainSteam/TurbineAdmissionTrainSnapshot.cs	8D5F832286FA27F30A2DE766125388F877E1153B98D5DF798D622E331C58CB96
src/NuclearReactorSimulator.Simulation/Physics/TurbineIsland/Turbine/TurbineExpansionInputs.cs	6A632344604641D6034EC300BCF0253E24F1DFDFC9CB07542745F32098FB355B
src/NuclearReactorSimulator.Simulation/Physics/TurbineIsland/Turbine/TurbineExpansionSnapshot.cs	08D32E9A39CAC122990CED8D80E7A898FB3ECC621E8D5B04EF4F906FC60022B2
src/NuclearReactorSimulator.Simulation/Physics/TurbineIsland/Turbine/TurbineExpansionSolver.cs	FB0C6B20C6695F780797A4EDEB75F15D28484362BCD97F759FB7752372FD0284
src/NuclearReactorSimulator.Simulation/Physics/TurbineIsland/Turbine/TurbineExpansionState.cs	C39C11D680EBBD422F02C944752FF7635CD8F73E637342DF8FA2C46057D374DD
src/NuclearReactorSimulator.Simulation/Physics/TurbineIsland/Turbine/TurbineExpansionStepResult.cs	38B7A1C22F3F748726008C071D8F1B2F20613F549D475BC80E213885CCC408EB
src/NuclearReactorSimulator.Simulation/Physics/TurbineIsland/Turbine/TurbineMechanicalAudit.cs	5F78656A657D817423C15A78EE1F1D4CDAEA281DE140BFE364A7DE9A808EE5F1
src/NuclearReactorSimulator.Simulation/Physics/TurbineIsland/Turbine/TurbineRotorInput.cs	AB2CA3B32374609B1A835B2FFD96422EE7FAF7953FC33BEADB0487FB36EF7EB1
src/NuclearReactorSimulator.Simulation/Physics/TurbineIsland/Turbine/TurbineRotorSnapshot.cs	757D335777542BDB0E86666C144AA00C696183EBE9EF4652B9359CE5EA0CA255
src/NuclearReactorSimulator.Simulation/Physics/TurbineIsland/Turbine/TurbineRotorState.cs	62BB9810E8BEA0AEED2F74F9775F5A5687449B65409A68177DC6C4E7BEBBA68B
src/NuclearReactorSimulator.Simulation/Physics/TurbineIsland/Turbine/TurbineStageGroupInput.cs	C59ECE08135696B0E4FEC97E0DAF2EBAC73ED33D3B286DDC17DFD9BBEB83041E
src/NuclearReactorSimulator.Simulation/Physics/TurbineIsland/Turbine/TurbineStageGroupSnapshot.cs	C7F39A717985A6776D01BFFB4C75CB8C4EFAA0D9DD6CF8AC6A023DC083C58A2A
src/NuclearReactorSimulator.Simulation/Physics/TurbineIsland/Turbine/TurbineStageMassFlowResolver.cs	EE14A79779EDAF5C824DCC08095815748EDBB46A0C46EB50AB283BD6C1F8CE1A
src/NuclearReactorSimulator.Simulation/Plant/AndersonHydraulicCorrectorOptions.cs	7B386EE2209243DF073814E1CDA0AF2B0A1142405D094548A95274BA3D6339EC
src/NuclearReactorSimulator.Simulation/Plant/AndersonHydraulicCorrectorSolver.cs	DD8D7922C040A01C03DA4580C100528783204F12B40DC22E06CCBA3633814F5E
src/NuclearReactorSimulator.Simulation/Plant/AndersonHydraulicCorrectorStepResult.cs	EEBA8AB352E2436C9C690D96DDBA22C1919F02B6F64BC85894A49EB6F4D8E0E1
src/NuclearReactorSimulator.Simulation/Plant/AndersonHydraulicIteration.cs	DE2B559ABAD2DE1799BE39220FAB6D8B82EAD08C0EF2F5CD44E42E6E451E19DD
src/NuclearReactorSimulator.Simulation/Plant/FourNodeBranchContinuityActivationDecision.cs	99C084E4E8AF56FBA8278A644B4E353B75193ECDF647ADCC3714D11CCD810D10
src/NuclearReactorSimulator.Simulation/Plant/FourNodeBranchContinuityActivationObservation.cs	AB9A2061BEC16DDA96045D422E7FE60DF50A758517AC78B42945E2D778CBAEB6
src/NuclearReactorSimulator.Simulation/Plant/FourNodeBranchContinuityActivationOptions.cs	5AB1E4122A9C1AE869ABA1263E1F407A90609FE16BDA1A9ADA54257ED024BA4F
src/NuclearReactorSimulator.Simulation/Plant/FourNodeBranchContinuityActivationReason.cs	47663F0DA292632C81BC2454BA2242A859F03982993CF5475CDAF5F2D11E436C
src/NuclearReactorSimulator.Simulation/Plant/FourNodeBranchContinuityCorrectedCommitDecision.cs	05C5D560AE9690FFA3EFCB425ED1857D669E04A25F2E216D99B491FD4CF52ADD
src/NuclearReactorSimulator.Simulation/Plant/FourNodeBranchContinuityCorrectedCommitReason.cs	BAFACFF28051664AA23E939C69687F8038EF7F719D9DE03D47ACBD695A2FA3C2
src/NuclearReactorSimulator.Simulation/Plant/FourNodeBranchContinuityCorrectedCommitSeam.cs	B421EC1A61D70822F0716380CE846D197A32DA35EFEB432ECA9E2BAB1C0E9913
src/NuclearReactorSimulator.Simulation/Plant/FourNodeBranchContinuityIntegrationTelemetry.cs	61A357C15F51D36EAF0D74A5BDC8FA9A0F14E951559A2F62319F1EB16925B1F6
src/NuclearReactorSimulator.Simulation/Plant/FourNodeBranchContinuityPerformanceAttribution.cs	1302F7F9D85B10BB36BD12B984D9EB8050AAB4FB408A8A370C161F7CC6DA0C42
src/NuclearReactorSimulator.Simulation/Plant/FourNodeBranchContinuityProposedAuthority.cs	109A17B67433E2C43A940B97244F271E5CF83EDD1CCD9F6E365231EF2982A6B7
src/NuclearReactorSimulator.Simulation/Plant/FourNodeBranchContinuityShadowActivationSupervisor.cs	AE44353EA7CBBBF903037C36631A3836BFA98705144481210BCF73E49CFD92BE
src/NuclearReactorSimulator.Simulation/Plant/FourNodeBranchContinuityShadowIntegrationSolver.cs	467EDF94BA05E66335109251A4B884E57B598FC690AE947A9962AD654D2AE117
src/NuclearReactorSimulator.Simulation/Plant/FourNodeBranchContinuityShadowIntegrationStepResult.cs	A898CB5C3F29383096C1180DDBD7C0A5E09EB556EF19E817257C0717498094F2
src/NuclearReactorSimulator.Simulation/Plant/FourNodeProductionActivationTelemetryCounter.cs	7807AFF5AD82EC094DAF4241644816A0E6DF86FA796F59CD330116B0EB74A8C8
src/NuclearReactorSimulator.Simulation/Plant/FourNodeProductionActivationTelemetrySnapshot.cs	A1168F2CE30DCAB9554EC0E6A79D493AADBC4FD57FBC4DDAB0F1E1A16C2E912B
src/NuclearReactorSimulator.Simulation/Plant/HybridSemiImplicitHydraulicGateOptions.cs	218C9971B0CA97C799292D97F8BD12C4071ECA38BFA9D8F5474CE0E9BE0C2558
src/NuclearReactorSimulator.Simulation/Plant/HybridSemiImplicitHydraulicGateSolver.cs	B01EDEAF67266F70E519E366ED409FC8A9526F143DD85D065B75086765AF755E
src/NuclearReactorSimulator.Simulation/Plant/HybridSemiImplicitHydraulicGateStepResult.cs	E085772DE7E757158C2FCB085216E8AD766F1CBA168BA314F56B1FD648DE896F
src/NuclearReactorSimulator.Simulation/Plant/HydraulicMapSmoothnessAnalyzer.cs	B2828511EA9F9E147CF435E188038CEA38F3EDE84ACA970E85BAD8E95C8B9D2A
src/NuclearReactorSimulator.Simulation/Plant/HydraulicMapSmoothnessProbeOptions.cs	60B7CCEA77082FAEE227D32F3B1C9E29D4E2FE97077597DD50589DEAA56677EC
src/NuclearReactorSimulator.Simulation/Plant/HydraulicMapSmoothnessReport.cs	11F75FC49511C671B5AEB0587F2BE4198FFF44716F053027B25A0BBBA813612F
src/NuclearReactorSimulator.Simulation/Plant/JacobianHydraulicCorrectorOptions.cs	F0114CF51590724720277EB093C316A1FC7635602EB077F08CE1834F74D39A2D
src/NuclearReactorSimulator.Simulation/Plant/JacobianHydraulicCorrectorPerformanceAttribution.cs	F2126466C897BC8D630F303B75EEE90F560C6BDACEADA9EDC4EFD33D5DA30D4E
src/NuclearReactorSimulator.Simulation/Plant/JacobianHydraulicCorrectorSolver.cs	9717E66AA13CC666B4E2FCEA139D9114D9801FEAFB097B16B9BF8EC57F2BD09B
src/NuclearReactorSimulator.Simulation/Plant/JacobianHydraulicCorrectorStepResult.cs	EE4711D5CC58EF382B4FE6F9273757FA07B013AD16B817C47203BDEE5B776646
src/NuclearReactorSimulator.Simulation/Plant/JacobianHydraulicIteration.cs	71BB9A4D355828A5EEB9A1685B16B4BCDF60A7D422F166C4E12EF4AD541F228B
src/NuclearReactorSimulator.Simulation/Plant/PerformanceAttributionRegistries.cs	92ACFF90DF7CF42C36FA8923AA5C4A5FAC41AED575AD8F2B9483A7B403F5E24F
src/NuclearReactorSimulator.Simulation/Plant/PlantNetworkAudit.cs	9B6BB09BECD49E8A895ACD8D0FBAB67CA8B591C99EA35761EE937E55926D38D4
src/NuclearReactorSimulator.Simulation/Plant/PlantNetworkHydraulicNumericalSnapshot.cs	7E75A4D72503A73D2D9CDE01B35385DBB7CC26878F76F930C13FE2C5EDE7A2F6
src/NuclearReactorSimulator.Simulation/Plant/PlantNetworkOrchestrator.cs	AD960236D345AD0F75CCCE26E19C008CD35C855B091E774A3049139EDBD10FAF
src/NuclearReactorSimulator.Simulation/Plant/PlantNetworkSourceTerms.cs	DE60F10239C1701852416CAE4FDAD623F3A1A27D81693D5DCD1C2DF77D9BAD69
src/NuclearReactorSimulator.Simulation/Plant/PlantNetworkStepResult.cs	FA6EFFE0D581F6DEFABE15A3C4956449036C5F4B6BC9B855DB102B1E214EFAD4
src/NuclearReactorSimulator.Simulation/Plant/PlantSnapshot.cs	DAF3A8E91A1DA5E2C3D99F9562671A06F35C9F8E1491BDBA98AD4B80853E12F4
src/NuclearReactorSimulator.Simulation/Plant/ResidualBacktrackingHydraulicCorrectorOptions.cs	306619448423C8CD9A9434EA5F177711D0E75D899FCE55242BB9DF2755643E00
src/NuclearReactorSimulator.Simulation/Plant/ResidualBacktrackingHydraulicCorrectorSolver.cs	F6D0F1DB5E7155BE7E8D49FB0740504AA2F70B9CE3F6D7764998E524F6A1E812
src/NuclearReactorSimulator.Simulation/Plant/ResidualBacktrackingHydraulicCorrectorStepResult.cs	08EF42D9347CCCFE7D4A67311F6C01384996909F18A7C2FB92DA39C0B61761F8
src/NuclearReactorSimulator.Simulation/Plant/ResidualBacktrackingHydraulicIteration.cs	D941CB72DD13170233D69A0EBAF0773EE636349E60163B164686CA61A8767688
src/NuclearReactorSimulator.Simulation/Plant/SemiImplicitHydraulicEvaluation.cs	CCF512179D2F4BD0EAA045D8A0F265D811330263F8319DEF0560EC7F7FA109C0
src/NuclearReactorSimulator.Simulation/Plant/SemiImplicitHydraulicPrototypeOptions.cs	B939AF6090EC47B926B133E2E29FA771B7E03B7487EA09FA55065922456FFD19
src/NuclearReactorSimulator.Simulation/Plant/SemiImplicitHydraulicPrototypeSolver.cs	F1A760BC1D773C9EAEF9A3A8BB1C8D5F0DDD23870E75C3A501D49AB04F737E2F
src/NuclearReactorSimulator.Simulation/Plant/SemiImplicitHydraulicPrototypeStepResult.cs	CF76D10C75BFFC21A1023E10B4DEAC2D36ECC8F6FE7973A958FBECEDCED5F6B7
src/NuclearReactorSimulator.Simulation/Plant/ThermodynamicInverseBranchSelectionAnalyzer.cs	013822963114FB03691672EDC05BD7A2CB772154791F004525BB4AA4798CB01F
src/NuclearReactorSimulator.Simulation/Plant/ThermodynamicInverseBranchSelectionReport.cs	D7D21B3EFE0E1EC0CC9482F090A1760FAB47C27212AA3D9B70758E572DC2C2FC
src/NuclearReactorSimulator.Simulation/Plant/ThermodynamicSwitchingLocalizationAnalyzer.cs	2D04E3E20C68B9495B13BFADC23523497407F8A5486B8446D73CEBD9D05E6A63
src/NuclearReactorSimulator.Simulation/Plant/ThermodynamicSwitchingLocalizationOptions.cs	A270065271A9B0E4F6A23DEEC9BEA65B3DE81D26D5DEAFF7B0396818A72BBA37
src/NuclearReactorSimulator.Simulation/Plant/ThermodynamicSwitchingLocalizationReport.cs	80CA02C21162DD10FA27D293E7E3B3A1C0A199AB96DD3133DCF0025859C469E9
src/NuclearReactorSimulator.Simulation/Properties/AssemblyInfo.cs	84E1202D752D3F3DC7C90B5175990117ED1B5BB1C0BEBD387F322A77EF66F921
src/NuclearReactorSimulator.Simulation/Runtime/ISimulationKernel.cs	A7AF693FED71866316950597418576F060B6AEBFFB9AD53F5EC2215395A2B4B0
src/NuclearReactorSimulator.Simulation/Runtime/Invariants/ISimulationInvariant.cs	1860017B5B6F2285956B9C3F44A57204306714021816C827F2E9BB8F61B59702
src/NuclearReactorSimulator.Simulation/Runtime/Invariants/SimulationInvariantResult.cs	10D6BD6DF5BCCCE9E4FCC38DB377EEB081351716505931309B11A5B410A08ED5
src/NuclearReactorSimulator.Simulation/Runtime/Invariants/SimulationInvariantViolationException.cs	5F30D4D28AD823E0C335A9A4437C36B31D635F58B9E70254420BE348E108258A
src/NuclearReactorSimulator.Simulation/Runtime/QueuedSimulationCommand.cs	22FF38A80CF615256C590160BCDA63CB0B0EA93CFDF67837E4A13FD582BDDBFE
src/NuclearReactorSimulator.Simulation/Runtime/Replay/SimulationCommandTrace.cs	7C3842BEB770E3BE8824C3820116B49B26BDA3B7A21B05357C5BE1CFF8569E55
src/NuclearReactorSimulator.Simulation/Runtime/Replay/SimulationCommandTraceEntry.cs	B77340B63107C14DEB92DF7FFD31FA30E5DB8BF9C0698A3A0BF74F86CAC1A884
src/NuclearReactorSimulator.Simulation/Runtime/Replay/SimulationReplayRunner.cs	0E0BDEC968DB4BDF3CBC0FC0D499908FF677968094594D6F3A83A29E53CF7A58
src/NuclearReactorSimulator.Simulation/Runtime/SimulationAdvanceResult.cs	00C77853BA15873CBA86C5EC622FED66916527200D18996DAD53A922FF43FE76
src/NuclearReactorSimulator.Simulation/Runtime/SimulationClock.cs	9CBC0E6D9656E61A1CDE23B6F1E27613AD1AE4B783FC5717DBF01841CA99F7F2
src/NuclearReactorSimulator.Simulation/Runtime/SimulationCommandQueue.cs	05421341FEE3A90D7808C0ACF7B79E321E36081EBC55BF45A70B2D90AC1D0255
src/NuclearReactorSimulator.Simulation/Runtime/SimulationFaultSnapshot.cs	B133940391168AC12ED67EEBB9B4A6E27868BF5020E386D1EF1B73E314A61CC2
src/NuclearReactorSimulator.Simulation/Runtime/SimulationRunState.cs	AA3B40A1C0940254899BAFFE34E9FF27FA8420D5657440EA3F0F319B9B5DE755
src/NuclearReactorSimulator.Simulation/Runtime/SimulationRuntime.cs	FC509281A980590E5CCA83A30C61046C6C5334DB212EB731575370A6AD141443
src/NuclearReactorSimulator.Simulation/Runtime/SimulationRuntimeFaultException.cs	E323C1CEC2B2CD5F040E677678C8898151E8CF2F1F3F56CD9352B99925FAA3E8
src/NuclearReactorSimulator.Simulation/Runtime/SimulationRuntimeSnapshot.cs	59D50E1CC671CFB3E5783B769C081B1E1FFD1A57598F56A3655C63EFCE532FE8
src/NuclearReactorSimulator.Simulation/Runtime/SimulationSnapshot.cs	E4AEEDA8216840F850967396A7ED604E2F86BF832EAB6E3C54ECD085C25965EF
src/NuclearReactorSimulator.Simulation/Runtime/SimulationSpeed.cs	BBF80747546BAF725CAE9576C5DCDB374D981DEE6CA4A21FE475AF612782542E
src/NuclearReactorSimulator.Simulation/Runtime/SimulationStepContext.cs	8700AA51FA233B2B0B5BD13A5CF630E9BEF93442B23360429B51D1C69D744223
