candidate_id,probe_id,logical_step,elapsed_s,node_id,reference_region,reference_phase,reference_temperature_c,reference_pressure_mpa,reference_quality,candidate_resolved,candidate_region,candidate_phase,candidate_temperature_c,candidate_pressure_mpa,candidate_quality,phase_matches,pressure_relative_error,temperature_relative_kelvin_error
C3-VAPOR-SEAM-COMPLETE-SURROGATE,background-reference,0,0,suction,REGION-4-MIXTURE,SaturatedMixture,269.34476251006106,5.446657821393141,0.0009044047982072967,true,REGION-4-MIXTURE-TABLE-C2,SaturatedMixture,269.3447110056877,5.446680777700812,0.000904378069141673,true,4.214751215071632E-06,9.493985362637218E-08
C3-VAPOR-SEAM-COMPLETE-SURROGATE,background-reference,0,0,pressure,REGION-4-MIXTURE,SaturatedMixture,269.4799217283727,5.4582106824633945,0.0009015025208173814,true,REGION-4-MIXTURE-TABLE-C2,SaturatedMixture,269.4799124598503,5.458214817836955,0.0009014976995838854,true,7.576427150764118E-07,1.70807432563582E-08
C3-VAPOR-SEAM-COMPLETE-SURROGATE,background-reference,0,0,outlet,REGION-4-MIXTURE,SaturatedMixture,275.1843705475329,5.963117165910907,0.18990745729760766,true,REGION-4-MIXTURE-TABLE-C2,SaturatedMixture,275.1846368908882,5.96317277968873,0.18990659294329845,true,9.32629298999053E-06,4.857316440451576E-07
C3-VAPOR-SEAM-COMPLETE-SURROGATE,background-reference,0,0,drum,REGION-4-MIXTURE,SaturatedMixture,270.41057386994373,5.5382678699752335,0.036630469875386214,true,REGION-4-MIXTURE-TABLE-C2,SaturatedMixture,270.4105988740921,5.538288949758085,0.0366302568118606,true,3.806204998856723E-06,4.6000665926834137E-08
C3-VAPOR-SEAM-COMPLETE-SURROGATE,background-reference,0,0,feedwater-inventory,REGION-1,SubcooledLiquid,47.52114057847865,0.12181746458054063,,true,REGION-1-NEAR-BOUNDARY-C2,SubcooledLiquid,47.517354272175226,0.11811413405720952,,true,0.030400653437361747,1.1807443278477701E-05
C3-VAPOR-SEAM-COMPLETE-SURROGATE,background-reference,6000,60,suction,REGION-4-MIXTURE,SaturatedMixture,269.34476251006106,5.446657821393141,0.0009044047982072967,true,REGION-4-MIXTURE-TABLE-C2,SaturatedMixture,269.3447110056877,5.446680777700812,0.000904378069141673,true,4.214751215071632E-06,9.493985362637218E-08
C3-VAPOR-SEAM-COMPLETE-SURROGATE,background-reference,6000,60,pressure,REGION-4-MIXTURE,SaturatedMixture,269.4799217283727,5.4582106824633945,0.0009015025208333786,true,REGION-4-MIXTURE-TABLE-C2,SaturatedMixture,269.4799124598503,5.458214817836955,0.0009014976995998763,true,7.576427150764118E-07,1.70807432563582E-08
C3-VAPOR-SEAM-COMPLETE-SURROGATE,background-reference,6000,60,outlet,REGION-4-MIXTURE,SaturatedMixture,275.1843705475329,5.963117165910907,0.18990745735097625,true,REGION-4-MIXTURE-TABLE-C2,SaturatedMixture,275.1846368610859,5.963172776959021,0.18990659290083595,true,9.325835224558892E-06,4.856772934080493E-07
C3-VAPOR-SEAM-COMPLETE-SURROGATE,background-reference,6000,60,drum,REGION-4-MIXTURE,SaturatedMixture,270.41057386994373,5.5382678699752335,0.03663046987747153,true,REGION-4-MIXTURE-TABLE-C2,SaturatedMixture,270.4105988740921,5.538288949758085,0.03663025681394589,true,3.806204998856723E-06,4.6000665926834137E-08
C3-VAPOR-SEAM-COMPLETE-SURROGATE,background-reference,6000,60,feedwater-inventory,REGION-1,SubcooledLiquid,47.52114057842988,0.12181746458051382,,true,REGION-1-NEAR-BOUNDARY-C2,SubcooledLiquid,47.517354272070406,0.11811413400971317,,true,0.030400653827046077,1.1807443453261708E-05
C3-VAPOR-SEAM-COMPLETE-SURROGATE,background-reference,12000,120,suction,REGION-4-MIXTURE,SaturatedMixture,269.34476251006106,5.446657821393141,0.0009044047982072967,true,REGION-4-MIXTURE-TABLE-C2,SaturatedMixture,269.3447110056877,5.446680777700812,0.000904378069141673,true,4.214751215071632E-06,9.493985362637218E-08
C3-VAPOR-SEAM-COMPLETE-SURROGATE,background-reference,12000,120,pressure,REGION-4-MIXTURE,SaturatedMixture,269.4799217283727,5.4582106824633945,0.0009015025208192097,true,REGION-4-MIXTURE-TABLE-C2,SaturatedMixture,269.4799124598503,5.458214817836955,0.0009014976995857074,true,7.576427150764118E-07,1.70807432563582E-08
C3-VAPOR-SEAM-COMPLETE-SURROGATE,background-reference,12000,120,outlet,REGION-4-MIXTURE,SaturatedMixture,275.1843705475329,5.963117165910907,0.18990745725188007,true,REGION-4-MIXTURE-TABLE-C2,SaturatedMixture,275.1846368610859,5.963172776959021,0.18990659280174027,true,9.325835224558892E-06,4.856772934080493E-07
C3-VAPOR-SEAM-COMPLETE-SURROGATE,background-reference,12000,120,drum,REGION-4-MIXTURE,SaturatedMixture,270.41057386994373,5.5382678699752335,0.03663046988360346,true,REGION-4-MIXTURE-TABLE-C2,SaturatedMixture,270.4105988740921,5.538288949758085,0.0366302568200778,true,3.806204998856723E-06,4.6000665926834137E-08
C3-VAPOR-SEAM-COMPLETE-SURROGATE,background-reference,12000,120,feedwater-inventory,REGION-1,SubcooledLiquid,47.52114057823661,0.12181746458040743,,true,REGION-1-NEAR-BOUNDARY-C2,SubcooledLiquid,47.517354271735144,0.11811413389951167,,true,0.030400654730843808,1.180744389607406E-05
C3-VAPOR-SEAM-COMPLETE-SURROGATE,background-reference,18000,180,suction,REGION-4-MIXTURE,SaturatedMixture,269.34476251006106,5.446657821393141,0.0009044047982072967,true,REGION-4-MIXTURE-TABLE-C2,SaturatedMixture,269.3447110056877,5.446680777700812,0.000904378069141673,true,4.214751215071632E-06,9.493985362637218E-08
C3-VAPOR-SEAM-COMPLETE-SURROGATE,background-reference,18000,180,pressure,REGION-4-MIXTURE,SaturatedMixture,269.4799217283727,5.4582106824633945,0.0009015025208440037,true,REGION-4-MIXTURE-TABLE-C2,SaturatedMixture,269.4799124598503,5.458214817836955,0.0009014976996105014,true,7.576427150764118E-07,1.70807432563582E-08
C3-VAPOR-SEAM-COMPLETE-SURROGATE,background-reference,18000,180,outlet,REGION-4-MIXTURE,SaturatedMixture,275.1843705475329,5.963117165910907,0.18990745708466342,true,REGION-4-MIXTURE-TABLE-C2,SaturatedMixture,275.1846368908882,5.96317277968873,0.18990659273035512,true,9.32629298999053E-06,4.857316440451576E-07
C3-VAPOR-SEAM-COMPLETE-SURROGATE,background-reference,18000,180,drum,REGION-4-MIXTURE,SaturatedMixture,270.41057386994373,5.5382678699752335,0.036630469885910386,true,REGION-4-MIXTURE-TABLE-C2,SaturatedMixture,270.4105988740921,5.538288949758085,0.036630256822384716,true,3.806204998856723E-06,4.6000665926834137E-08
C3-VAPOR-SEAM-COMPLETE-SURROGATE,background-reference,18000,180,feedwater-inventory,REGION-1,SubcooledLiquid,47.52114057808484,0.12181746458032389,,true,REGION-1-NEAR-BOUNDARY-C2,SubcooledLiquid,47.51735427114096,0.11811413348384309,,true,0.030400658142403718,1.1807445275724628E-05
C3-VAPOR-SEAM-COMPLETE-SURROGATE,background-reference,24000,240,suction,REGION-4-MIXTURE,SaturatedMixture,269.34476251006106,5.446657821393141,0.0009044047982072967,true,REGION-4-MIXTURE-TABLE-C2,SaturatedMixture,269.3447110056877,5.446680777700812,0.000904378069141673,true,4.214751215071632E-06,9.493985362637218E-08
C3-VAPOR-SEAM-COMPLETE-SURROGATE,background-reference,24000,240,pressure,REGION-4-MIXTURE,SaturatedMixture,269.4799217283727,5.4582106824633945,0.0009015025208314689,true,REGION-4-MIXTURE-TABLE-C2,SaturatedMixture,269.4799124598503,5.458214817836955,0.0009014976995979667,true,7.576427150764118E-07,1.70807432563582E-08
C3-VAPOR-SEAM-COMPLETE-SURROGATE,background-reference,24000,240,outlet,REGION-4-MIXTURE,SaturatedMixture,275.1843705892562,5.963117169729576,0.18990745707138953,true,REGION-4-MIXTURE-TABLE-C2,SaturatedMixture,275.1846368908882,5.96317277968873,0.1899065925827554,true,9.325652602682693E-06,4.856555530333194E-07
C3-VAPOR-SEAM-COMPLETE-SURROGATE,background-reference,24000,240,drum,REGION-4-MIXTURE,SaturatedMixture,270.41057386994373,5.5382678699752335,0.03663046988806629,true,REGION-4-MIXTURE-TABLE-C2,SaturatedMixture,270.4105988740921,5.538288949758085,0.03663025682454061,true,3.806204998856723E-06,4.6000665926834137E-08
C3-VAPOR-SEAM-COMPLETE-SURROGATE,background-reference,24000,240,feedwater-inventory,REGION-1,SubcooledLiquid,47.52114057735906,0.12181746457992443,,true,REGION-1-NEAR-BOUNDARY-C2,SubcooledLiquid,47.51735427027813,0.11811413347428704,,true,0.030400658217669903,1.180744570313463E-05
C3-VAPOR-SEAM-COMPLETE-SURROGATE,background-reference,30000,300,suction,REGION-4-MIXTURE,SaturatedMixture,269.34476251006106,5.446657821393141,0.0009044047982072967,true,REGION-4-MIXTURE-TABLE-C2,SaturatedMixture,269.3447110056877,5.446680777700812,0.000904378069141673,true,4.214751215071632E-06,9.493985362637218E-08
C3-VAPOR-SEAM-COMPLETE-SURROGATE,background-reference,30000,300,pressure,REGION-4-MIXTURE,SaturatedMixture,269.4799217283727,5.4582106824633945,0.0009015025208659237,true,REGION-4-MIXTURE-TABLE-C2,SaturatedMixture,269.4799124598503,5.458214817836955,0.0009014976996324215,true,7.576427150764118E-07,1.70807432563582E-08
C3-VAPOR-SEAM-COMPLETE-SURROGATE,background-reference,30000,300,outlet,REGION-4-MIXTURE,SaturatedMixture,275.18437056839457,5.963117167820244,0.18990745678322932,true,REGION-4-MIXTURE-TABLE-C2,SaturatedMixture,275.1846368908882,5.96317277968873,0.18990659236175916,true,9.325972795815196E-06,4.856935985392371E-07
C3-VAPOR-SEAM-COMPLETE-SURROGATE,background-reference,30000,300,drum,REGION-4-MIXTURE,SaturatedMixture,270.41057386994373,5.5382678699752335,0.0366304698911451,true,REGION-4-MIXTURE-TABLE-C2,SaturatedMixture,270.4105988740921,5.538288949758085,0.0366302568276194,true,3.806204998856723E-06,4.6000665926834137E-08
C3-VAPOR-SEAM-COMPLETE-SURROGATE,background-reference,30000,300,feedwater-inventory,REGION-1,SubcooledLiquid,47.521140576642495,0.12181746457953008,,true,REGION-1-NEAR-BOUNDARY-C2,SubcooledLiquid,47.51735426922403,0.11811413326275827,,true,0.030400659950971486,1.1807446755754087E-05
C3-VAPOR-SEAM-COMPLETE-SURROGATE,background-reference,36000,360,suction,REGION-4-MIXTURE,SaturatedMixture,269.34476251006106,5.446657821393141,0.0009044047982072967,true,REGION-4-MIXTURE-TABLE-C2,SaturatedMixture,269.3447110056877,5.446680777700812,0.000904378069141673,true,4.214751215071632E-06,9.493985362637218E-08
C3-VAPOR-SEAM-COMPLETE-SURROGATE,background-reference,36000,360,pressure,REGION-4-MIXTURE,SaturatedMixture,269.4799217283727,5.4582106824633945,0.0009015025209116863,true,REGION-4-MIXTURE-TABLE-C2,SaturatedMixture,269.4799124598503,5.458214817836955,0.0009014976996781839,true,7.576427150764118E-07,1.70807432563582E-08
C3-VAPOR-SEAM-COMPLETE-SURROGATE,background-reference,36000,360,outlet,REGION-4-MIXTURE,SaturatedMixture,275.18437056839457,5.963117167820244,0.18990745654153707,true,REGION-4-MIXTURE-TABLE-C2,SaturatedMixture,275.1846368908882,5.96317277968873,0.1899065921200679,true,9.325972795815196E-06,4.856935985392371E-07
C3-VAPOR-SEAM-COMPLETE-SURROGATE,background-reference,36000,360,drum,REGION-4-MIXTURE,SaturatedMixture,270.41057386994373,5.5382678699752335,0.036630469895552936,true,REGION-4-MIXTURE-TABLE-C2,SaturatedMixture,270.4105988740921,5.538288949758085,0.03663025683202721,true,3.806204998856723E-06,4.6000665926834137E-08
C3-VAPOR-SEAM-COMPLETE-SURROGATE,background-reference,36000,360,feedwater-inventory,REGION-1,SubcooledLiquid,47.521140575730726,0.12181746457902826,,true,REGION-1-NEAR-BOUNDARY-C2,SubcooledLiquid,47.51735426794221,0.1181141330521143,,true,0.030400661676154406,1.1807447909775686E-05
C3-VAPOR-SEAM-COMPLETE-SURROGATE,background-reference,42000,420,suction,REGION-4-MIXTURE,SaturatedMixture,269.34476251006106,5.446657821393141,0.0009044047982072967,true,REGION-4-MIXTURE-TABLE-C2,SaturatedMixture,269.3447110056877,5.446680777700812,0.000904378069141673,true,4.214751215071632E-06,9.493985362637218E-08
C3-VAPOR-SEAM-COMPLETE-SURROGATE,background-reference,42000,420,pressure,REGION-4-MIXTURE,SaturatedMixture,269.4799217283727,5.4582106824633945,0.0009015025209459658,true,REGION-4-MIXTURE-TABLE-C2,SaturatedMixture,269.4799124598503,5.458214817836955,0.0009014976997124634,true,7.576427150764118E-07,1.70807432563582E-08
C3-VAPOR-SEAM-COMPLETE-SURROGATE,background-reference,42000,420,outlet,REGION-4-MIXTURE,SaturatedMixture,275.18437056839457,5.963117167820244,0.18990745628161176,true,REGION-4-MIXTURE-TABLE-C2,SaturatedMixture,275.1846368908882,5.96317277968873,0.1899065918601437,true,9.325972795815196E-06,4.856935985392371E-07
C3-VAPOR-SEAM-COMPLETE-SURROGATE,background-reference,42000,420,drum,REGION-4-MIXTURE,SaturatedMixture,270.41057386994373,5.5382678699752335,0.03663046990010211,true,REGION-4-MIXTURE-TABLE-C2,SaturatedMixture,270.4105988740921,5.538288949758085,0.036630256836576364,true,3.806204998856723E-06,4.6000665926834137E-08
C3-VAPOR-SEAM-COMPLETE-SURROGATE,background-reference,42000,420,feedwater-inventory,REGION-1,SubcooledLiquid,47.52114057481543,0.12181746457852446,,true,REGION-1-NEAR-BOUNDARY-C2,SubcooledLiquid,47.517354266414145,0.11811413260111259,,true,0.03040066537441913,1.1807449820714292E-05
C3-VAPOR-SEAM-COMPLETE-SURROGATE,background-reference,48000,480,suction,REGION-4-MIXTURE,SaturatedMixture,269.34476251006106,5.446657821393141,0.0009044047982072967,true,REGION-4-MIXTURE-TABLE-C2,SaturatedMixture,269.3447110056877,5.446680777700812,0.000904378069141673,true,4.214751215071632E-06,9.493985362637218E-08
C3-VAPOR-SEAM-COMPLETE-SURROGATE,background-reference,48000,480,pressure,REGION-4-MIXTURE,SaturatedMixture,269.4799217283727,5.4582106824633945,0.0009015025210119517,true,REGION-4-MIXTURE-TABLE-C2,SaturatedMixture,269.4799124598503,5.458214817836955,0.0009014976997784492,true,7.576427150764118E-07,1.70807432563582E-08
C3-VAPOR-SEAM-COMPLETE-SURROGATE,background-reference,48000,480,outlet,REGION-4-MIXTURE,SaturatedMixture,275.18437056839457,5.963117167820244,0.18990745596832528,true,REGION-4-MIXTURE-TABLE-C2,SaturatedMixture,275.1846368908882,5.96317277968873,0.18990659154685863,true,9.325972795815196E-06,4.856935985392371E-07
C3-VAPOR-SEAM-COMPLETE-SURROGATE,background-reference,48000,480,drum,REGION-4-MIXTURE,SaturatedMixture,270.41057386994373,5.5382678699752335,0.03663046990652133,true,REGION-4-MIXTURE-TABLE-C2,SaturatedMixture,270.4105988740921,5.538288949758085,0.036630256842995555,true,3.806204998856723E-06,4.6000665926834137E-08
C3-VAPOR-SEAM-COMPLETE-SURROGATE,background-reference,48000,480,feedwater-inventory,REGION-1,SubcooledLiquid,47.5211405735958,0.1218174645778532,,true,REGION-1-NEAR-BOUNDARY-C2,SubcooledLiquid,47.51735426463284,0.11811413225292505,,true,0.030400668227348916,1.1807451572303855E-05
C3-VAPOR-SEAM-COMPLETE-SURROGATE,background-reference,54000,540,suction,REGION-4-MIXTURE,SaturatedMixture,269.34476251006106,5.446657821393141,0.0009044047982072967,true,REGION-4-MIXTURE-TABLE-C2,SaturatedMixture,269.3447110056877,5.446680777700812,0.000904378069141673,true,4.214751215071632E-06,9.493985362637218E-08
C3-VAPOR-SEAM-COMPLETE-SURROGATE,background-reference,54000,540,pressure,REGION-4-MIXTURE,SaturatedMixture,269.4799217283727,5.4582106824633945,0.000901502521094229,true,REGION-4-MIXTURE-TABLE-C2,SaturatedMixture,269.4799124598503,5.458214817836955,0.0009014976998607262,true,7.576427150764118E-07,1.70807432563582E-08
C3-VAPOR-SEAM-COMPLETE-SURROGATE,background-reference,54000,540,outlet,REGION-4-MIXTURE,SaturatedMixture,275.1843705892562,5.963117169729576,0.1899074556347955,true,REGION-4-MIXTURE-TABLE-C2,SaturatedMixture,275.1846368908882,5.96317277968873,0.18990659114616754,true,9.325652602682693E-06,4.856555530333194E-07
C3-VAPOR-SEAM-COMPLETE-SURROGATE,background-reference,54000,540,drum,REGION-4-MIXTURE,SaturatedMixture,270.41057386994373,5.5382678699752335,0.036630469913993186,true,REGION-4-MIXTURE-TABLE-C2,SaturatedMixture,270.4105988740921,5.538288949758085,0.03663025685046736,true,3.806204998856723E-06,4.6000665926834137E-08
C3-VAPOR-SEAM-COMPLETE-SURROGATE,background-reference,54000,540,feedwater-inventory,REGION-1,SubcooledLiquid,47.52114057219461,0.12181746457708201,,true,REGION-1-NEAR-BOUNDARY-C2,SubcooledLiquid,47.51735426258972,0.11811413185614597,,true,0.030400671478371576,1.1807453574196736E-05
C3-VAPOR-SEAM-COMPLETE-SURROGATE,background-reference,60000,600,suction,REGION-4-MIXTURE,SaturatedMixture,269.34476251006106,5.446657821393141,0.0009044047982072967,true,REGION-4-MIXTURE-TABLE-C2,SaturatedMixture,269.3447110056877,5.446680777700812,0.000904378069141673,true,4.214751215071632E-06,9.493985362637218E-08
C3-VAPOR-SEAM-COMPLETE-SURROGATE,background-reference,60000,600,pressure,REGION-4-MIXTURE,SaturatedMixture,269.4799217283727,5.4582106824633945,0.0009015025211569903,true,REGION-4-MIXTURE-TABLE-C2,SaturatedMixture,269.4799124598503,5.458214817836955,0.0009014976999234876,true,7.576427150764118E-07,1.70807432563582E-08
C3-VAPOR-SEAM-COMPLETE-SURROGATE,background-reference,60000,600,outlet,REGION-4-MIXTURE,SaturatedMixture,275.1843705892562,5.963117169729576,0.18990745521779132,true,REGION-4-MIXTURE-TABLE-C2,SaturatedMixture,275.18463692069054,5.963172782418439,0.18990659082499595,true,9.326110368114038E-06,4.857099036704237E-07
C3-VAPOR-SEAM-COMPLETE-SURROGATE,background-reference,60000,600,drum,REGION-4-MIXTURE,SaturatedMixture,270.41057386994373,5.5382678699752335,0.036630469924585435,true,REGION-4-MIXTURE-TABLE-C2,SaturatedMixture,270.4105988740921,5.538288949758085,0.03663025686105956,true,3.806204998856723E-06,4.6000665926834137E-08
C3-VAPOR-SEAM-COMPLETE-SURROGATE,background-reference,60000,600,feedwater-inventory,REGION-1,SubcooledLiquid,47.521140570721,0.12181746457627096,,true,REGION-1-NEAR-BOUNDARY-C2,SubcooledLiquid,47.51735426026562,0.11811413126441053,,true,0.03040067632947442,1.1807456226473555E-05
C3-VAPOR-SEAM-COMPLETE-SURROGATE,exact-v9-5-to-6mwe,2784,0,suction,REGION-4-MIXTURE,SaturatedMixture,269.3758408248424,5.449312614917401,0.000902381271361201,true,REGION-4-MIXTURE-TABLE-C2,SaturatedMixture,269.3757959008217,5.449332631043098,0.0009023579690404059,true,3.673146892265094E-06,8.280531049119887E-08
C3-VAPOR-SEAM-COMPLETE-SURROGATE,exact-v9-5-to-6mwe,2784,0,pressure,REGION-4-MIXTURE,SaturatedMixture,269.4845352351666,5.458605356238655,0.0008997551380735252,true,REGION-4-MIXTURE-TABLE-C2,SaturatedMixture,269.48452800512314,5.458608570143517,0.0008997513923496228,true,5.887776551879538E-07,1.3323964860315487E-08
C3-VAPOR-SEAM-COMPLETE-SURROGATE,exact-v9-5-to-6mwe,2784,0,outlet,REGION-4-MIXTURE,SaturatedMixture,275.8487251222133,6.024158228030869,0.1958812351730021,true,REGION-4-MIXTURE-TABLE-C2,SaturatedMixture,275.84897097945213,6.024209307224837,0.19588044548331046,true,8.479059153887395E-06,4.4782843308609284E-07
C3-VAPOR-SEAM-COMPLETE-SURROGATE,exact-v9-5-to-6mwe,2784,0,drum,REGION-4-MIXTURE,SaturatedMixture,270.7234599530699,5.565383514941363,0.036759643123033474,true,REGION-4-MIXTURE-TABLE-C2,SaturatedMixture,270.7235015928745,5.56541909133316,0.0367592841321975,true,6.392442084441004E-06,7.656156753639832E-08
C3-VAPOR-SEAM-COMPLETE-SURROGATE,exact-v9-5-to-6mwe,2784,0,feedwater-inventory,REGION-1,SubcooledLiquid,47.522770723017004,0.16968907902364633,,true,REGION-1-NEAR-BOUNDARY-C2,SubcooledLiquid,47.51735051173938,0.1643500084853755,,true,0.031463842982651896,1.6902624021998925E-05
C3-VAPOR-SEAM-COMPLETE-SURROGATE,exact-v9-5-to-6mwe,8784,60,suction,REGION-4-MIXTURE,SaturatedMixture,269.286198878288,5.441657841867017,0.0009082089892899667,true,REGION-4-MIXTURE-TABLE-C2,SaturatedMixture,269.28614005446434,5.441684088083777,0.0009081784220419047,true,4.823202325956214E-06,1.0844376500013207E-07
C3-VAPOR-SEAM-COMPLETE-SURROGATE,exact-v9-5-to-6mwe,8784,60,pressure,REGION-4-MIXTURE,SaturatedMixture,269.5075922548773,5.4605781522424275,0.0009032234349990809,true,REGION-4-MIXTURE-TABLE-C2,SaturatedMixture,269.5075886249542,5.460579757276082,0.0009032215608383065,true,2.9393108379358924E-07,6.689159284355285E-09
C3-VAPOR-SEAM-COMPLETE-SURROGATE,exact-v9-5-to-6mwe,8784,60,outlet,REGION-4-MIXTURE,SaturatedMixture,275.26000683307655,5.970042719140328,0.22868431485697216,true,REGION-4-MIXTURE-TABLE-C2,SaturatedMixture,275.2603311240673,5.970105904370903,0.22868336145780505,true,1.0583714982847082E-05,5.913294555545235E-07
C3-VAPOR-SEAM-COMPLETE-SURROGATE,exact-v9-5-to-6mwe,8784,60,drum,REGION-4-MIXTURE,SaturatedMixture,269.93746799826624,5.497458813549572,0.03627074384046728,true,REGION-4-MIXTURE-TABLE-C2,SaturatedMixture,269.9374865889549,5.49747444967658,0.03627058631992313,true,2.8442463215440565E-06,3.423148162712957E-08
C3-VAPOR-SEAM-COMPLETE-SURROGATE,exact-v9-5-to-6mwe,8784,60,feedwater-inventory,REGION-4-MIXTURE,SaturatedMixture,47.514584347605705,0.010906180173376944,2.1513591917951847E-07,true,REGION-4-MIXTURE-TABLE-C2,SaturatedMixture,47.514584213495255,0.010906265166517739,2.1513204701664135E-07,true,7.793117245754619E-06,4.1822657471662344E-10
C3-VAPOR-SEAM-COMPLETE-SURROGATE,exact-v9-5-to-6mwe,14784,120,suction,REGION-4-MIXTURE,SaturatedMixture,268.43746053576467,5.369587904517404,0.0009620480858722721,true,REGION-4-MIXTURE-TABLE-C2,SaturatedMixture,268.437434643507,5.3695995917979475,0.0009620344191991945,true,2.1765693664343095E-06,4.7808081897018886E-08
C3-VAPOR-SEAM-COMPLETE-SURROGATE,exact-v9-5-to-6mwe,14784,120,pressure,REGION-4-MIXTURE,SaturatedMixture,269.2245281159875,5.436396374605828,0.0008928844818294307,true,REGION-4-MIXTURE-TABLE-C2,SaturatedMixture,269.22446858882904,5.436422893488659,0.0008928537925999026,true,4.8780259943662915E-06,1.0975286514352473E-07
C3-VAPOR-SEAM-COMPLETE-SURROGATE,exact-v9-5-to-6mwe,14784,120,outlet,REGION-4-MIXTURE,SaturatedMixture,273.84035230278926,5.841073342563729,0.2245357760629698,true,REGION-4-MIXTURE-TABLE-C2,SaturatedMixture,273.84063413739204,5.8411275143995915,0.22453494780265568,true,9.274294754643468E-06,5.152460214361442E-07
C3-VAPOR-SEAM-COMPLETE-SURROGATE,exact-v9-5-to-6mwe,14784,120,drum,REGION-4-MIXTURE,SaturatedMixture,268.4353395342828,5.369408719353976,0.03444423683968542,true,REGION-4-MIXTURE-TABLE-C2,SaturatedMixture,268.43535754084587,5.36942450775127,0.034444081237296205,true,2.9404349936407085E-06,3.324787763121533E-08
C3-VAPOR-SEAM-COMPLETE-SURROGATE,exact-v9-5-to-6mwe,14784,120,feedwater-inventory,REGION-4-MIXTURE,SaturatedMixture,47.497136956453346,0.01089657309619546,1.6027856383916987E-06,true,REGION-4-MIXTURE-TABLE-C2,SaturatedMixture,47.4971369355917,0.010896589982594166,1.6027822510179033E-06,true,1.5496981075929838E-06,6.506107806472464E-11
C3-VAPOR-SEAM-COMPLETE-SURROGATE,exact-v9-5-to-6mwe,20784,180,suction,REGION-4-MIXTURE,SaturatedMixture,267.78551645874984,5.314725369421499,0.001001791617465924,true,REGION-4-MIXTURE-TABLE-C2,SaturatedMixture,267.78545901179314,5.314751461161778,0.001001761014212717,true,4.90932992127395E-06,1.061992695151758E-07
C3-VAPOR-SEAM-COMPLETE-SURROGATE,exact-v9-5-to-6mwe,20784,180,pressure,REGION-4-MIXTURE,SaturatedMixture,268.6578054487708,5.3882278416122125,0.0008686230330322349,true,REGION-4-MIXTURE-TABLE-C2,SaturatedMixture,268.65775376558304,5.388250926935312,0.0008685968095296115,true,4.284399950773329E-06,9.539026055935812E-08
C3-VAPOR-SEAM-COMPLETE-SURROGATE,exact-v9-5-to-6mwe,20784,180,outlet,REGION-4-MIXTURE,SaturatedMixture,273.6215528190136,5.821387152991723,0.22761378261997248,true,REGION-4-MIXTURE-TABLE-C2,SaturatedMixture,273.62179362773895,5.8214331990935815,0.2276130811104817,true,7.909816105407013E-06,4.404192649347706E-07
C3-VAPOR-SEAM-COMPLETE-SURROGATE,exact-v9-5-to-6mwe,20784,180,drum,REGION-4-MIXTURE,SaturatedMixture,268.32134410142896,5.359784941479276,0.03395045495361322,true,REGION-4-MIXTURE-TABLE-C2,SaturatedMixture,268.3213795721531,5.359817026925074,0.033950141511536566,true,5.986330822663418E-06,6.550803567903663E-08
C3-VAPOR-SEAM-COMPLETE-SURROGATE,exact-v9-5-to-6mwe,20784,180,feedwater-inventory,REGION-4-MIXTURE,SaturatedMixture,47.46560525596135,0.01087922919921552,2.5205747065400563E-06,true,REGION-4-MIXTURE-TABLE-C2,SaturatedMixture,47.46560500562191,0.010879419114817192,2.5205172975019104E-06,true,1.745671482734247E-05,7.808086560374414E-10
C3-VAPOR-SEAM-COMPLETE-SURROGATE,exact-v9-5-to-6mwe,26784,240,suction,REGION-4-MIXTURE,SaturatedMixture,267.5165805220603,5.292218956694819,0.0010177871326755921,true,REGION-4-MIXTURE-TABLE-C2,SaturatedMixture,267.5165730416775,5.292222372018777,0.0010177831237759528,true,6.453481964185995E-07,1.3835482116171728E-08
C3-VAPOR-SEAM-COMPLETE-SURROGATE,exact-v9-5-to-6mwe,26784,240,pressure,REGION-4-MIXTURE,SaturatedMixture,268.18782694339745,5.348529845081322,0.000848616322960396,true,REGION-4-MIXTURE-TABLE-C2,SaturatedMixture,268.1877711415291,5.3485548466093515,0.0008485883608303203,true,4.674467330904512E-06,1.0308141347813714E-07
C3-VAPOR-SEAM-COMPLETE-SURROGATE,exact-v9-5-to-6mwe,26784,240,outlet,REGION-4-MIXTURE,SaturatedMixture,273.6084401816131,5.820208972163369,0.22974826723444455,true,REGION-4-MIXTURE-TABLE-C2,SaturatedMixture,273.60866379737854,5.820251594191263,0.22974761927962525,true,7.323109547713103E-06,4.089845697871497E-07
C3-VAPOR-SEAM-COMPLETE-SURROGATE,exact-v9-5-to-6mwe,26784,240,drum,REGION-4-MIXTURE,SaturatedMixture,268.3765215992928,5.364441516840209,0.03398037809656801,true,REGION-4-MIXTURE-TABLE-C2,SaturatedMixture,268.37655037641525,5.3644675085066815,0.033980123934603555,true,4.8451765930977145E-06,5.314074436667709E-08
C3-VAPOR-SEAM-COMPLETE-SURROGATE,exact-v9-5-to-6mwe,26784,240,feedwater-inventory,REGION-4-MIXTURE,SaturatedMixture,47.42490748912098,0.010856878601495297,3.1764548628204034E-06,true,REGION-4-MIXTURE-TABLE-C2,SaturatedMixture,47.42490700632334,0.010857256818839346,3.1763131222191934E-06,true,3.48366559056346E-05,1.506036917235688E-09
C3-VAPOR-SEAM-COMPLETE-SURROGATE,exact-v9-5-to-6mwe,32784,300,suction,REGION-4-MIXTURE,SaturatedMixture,267.45358095765107,5.286957257032961,0.001021500856893961,true,REGION-4-MIXTURE-TABLE-C2,SaturatedMixture,267.4535613656044,5.286966212084349,0.0010214903357516766,true,1.6938006025347783E-06,3.6241059733182874E-08
C3-VAPOR-SEAM-COMPLETE-SURROGATE,exact-v9-5-to-6mwe,32784,300,pressure,REGION-4-MIXTURE,SaturatedMixture,267.90293265581147,5.324574454639616,0.0008365347013581999,true,REGION-4-MIXTURE-TABLE-C2,SaturatedMixture,267.902895629406,5.324591096995935,0.0008365162639756751,true,3.12557490943102E-06,6.843397985458924E-08
C3-VAPOR-SEAM-COMPLETE-SURROGATE,exact-v9-5-to-6mwe,32784,300,outlet,REGION-4-MIXTURE,SaturatedMixture,273.68795581161976,5.827356310544289,0.23069780958403946,true,REGION-4-MIXTURE-TABLE-C2,SaturatedMixture,273.6882654726505,5.827415260983021,0.23069691414872726,true,1.0116154837761874E-05,5.662756717568143E-07
C3-VAPOR-SEAM-COMPLETE-SURROGATE,exact-v9-5-to-6mwe,32784,300,drum,REGION-4-MIXTURE,SaturatedMixture,268.495750629902,5.37451412029269,0.034132733862728346,true,REGION-4-MIXTURE-TABLE-C2,SaturatedMixture,268.49575197696686,5.374515301995947,0.03413272230671234,true,2.1987164431537136E-07,2.4869850440214868E-09
C3-VAPOR-SEAM-COMPLETE-SURROGATE,exact-v9-5-to-6mwe,32784,300,feedwater-inventory,REGION-4-MIXTURE,SaturatedMixture,47.38116506189107,0.010832899915982661,3.713817922534957E-06,true,REGION-4-MIXTURE-TABLE-C2,SaturatedMixture,47.38116440176964,0.010833436568073479,3.713585023308517E-06,true,4.953909802360254E-05,2.0594609868631813E-09
C3-VAPOR-SEAM-COMPLETE-SURROGATE,exact-v9-5-to-6mwe,38784,360,suction,REGION-4-MIXTURE,SaturatedMixture,267.50258015990255,5.291049306341158,0.0010186135204932804,true,REGION-4-MIXTURE-TABLE-C2,SaturatedMixture,267.50257897377014,5.291049854154711,0.0010186128778886356,true,1.0353590016370562E-07,2.1938902204852096E-09
C3-VAPOR-SEAM-COMPLETE-SURROGATE,exact-v9-5-to-6mwe,38784,360,pressure,REGION-4-MIXTURE,SaturatedMixture,267.7772412359715,5.314031753785513,0.000831091383927257,true,REGION-4-MIXTURE-TABLE-C2,SaturatedMixture,267.77718275785446,5.314058020508574,0.0008310624056529181,true,4.942899154092745E-06,1.0810717699899107E-07
C3-VAPOR-SEAM-COMPLETE-SURROGATE,exact-v9-5-to-6mwe,38784,360,outlet,REGION-4-MIXTURE,SaturatedMixture,273.8153027057647,5.838816965987687,0.23110873263167547,true,REGION-4-MIXTURE-TABLE-C2,SaturatedMixture,273.8156104683876,5.838875536334527,0.23110784314223046,true,1.003120104316963E-05,5.626730277071336E-07
C3-VAPOR-SEAM-COMPLETE-SURROGATE,exact-v9-5-to-6mwe,38784,360,drum,REGION-4-MIXTURE,SaturatedMixture,268.64694446921374,5.3873079079899195,0.03435419882027748,true,REGION-4-MIXTURE-TABLE-C2,SaturatedMixture,268.64697673916817,5.387337033086785,0.03435391338881608,true,5.4062432226337825E-06,5.9560975307639635E-08
C3-VAPOR-SEAM-COMPLETE-SURROGATE,exact-v9-5-to-6mwe,38784,360,feedwater-inventory,REGION-4-MIXTURE,SaturatedMixture,47.339702007174424,0.010810212751176797,4.164322187595139E-06,true,REGION-4-MIXTURE-TABLE-C2,SaturatedMixture,47.33970123529434,0.01081085759654068,4.164010380082086E-06,true,5.9651496110672016E-05,2.4084395747977166E-09
C3-VAPOR-SEAM-COMPLETE-SURROGATE,exact-v9-5-to-6mwe,44784,420,suction,REGION-4-MIXTURE,SaturatedMixture,267.61186883449557,5.300184997454784,0.0010121460685883431,true,REGION-4-MIXTURE-TABLE-C2,SaturatedMixture,267.61182817816734,5.300203493013621,0.0010121243618634978,true,3.489606277019793E-06,7.518342280985515E-08
C3-VAPOR-SEAM-COMPLETE-SURROGATE,exact-v9-5-to-6mwe,44784,420,pressure,REGION-4-MIXTURE,SaturatedMixture,267.76519510746004,5.313022190553194,0.0008303266200798215,true,REGION-4-MIXTURE-TABLE-C2,SaturatedMixture,267.76513612270355,5.3130486717609555,0.0008302974189204779,true,4.98420801042469E-06,1.0904621838317155E-07
C3-VAPOR-SEAM-COMPLETE-SURROGATE,exact-v9-5-to-6mwe,44784,420,outlet,REGION-4-MIXTURE,SaturatedMixture,273.96743665337556,5.852530896965095,0.23127986056507,true,REGION-4-MIXTURE-TABLE-C2,SaturatedMixture,273.96751713752747,5.852546212955912,0.2312796280647459,true,2.61698589662919E-06,1.471058067546338E-07
C3-VAPOR-SEAM-COMPLETE-SURROGATE,exact-v9-5-to-6mwe,44784,420,drum,REGION-4-MIXTURE,SaturatedMixture,268.8133836925032,5.401418612951234,0.03461393489815718,true,REGION-4-MIXTURE-TABLE-C2,SaturatedMixture,268.8134207725525,5.401451518138427,0.034613610706507605,true,6.091952790678078E-06,6.841799727778753E-08
C3-VAPOR-SEAM-COMPLETE-SURROGATE,exact-v9-5-to-6mwe,44784,420,feedwater-inventory,REGION-4-MIXTURE,SaturatedMixture,47.30439080595971,0.010790923865630127,4.5546867515225665E-06,true,REGION-4-MIXTURE-TABLE-C2,SaturatedMixture,47.30438996851444,0.010791628672288467,4.554315714049788E-06,true,6.531476517822725E-05,2.6133056512557154E-09
C3-VAPOR-SEAM-COMPLETE-SURROGATE,exact-v9-5-to-6mwe,50784,480,suction,REGION-4-MIXTURE,SaturatedMixture,267.7532800316808,5.312023754688277,0.0010037211418976318,true,REGION-4-MIXTURE-TABLE-C2,SaturatedMixture,267.7532214522362,5.312050379909012,0.0010036899101544465,true,5.012255585514431E-06,1.0829929633441027E-07
C3-VAPOR-SEAM-COMPLETE-SURROGATE,exact-v9-5-to-6mwe,50784,480,pressure,REGION-4-MIXTURE,SaturatedMixture,267.82730354666717,5.318228950815844,0.000832610772089108,true,REGION-4-MIXTURE-TABLE-C2,SaturatedMixture,267.8272500038147,5.318252993741641,0.0008325842085903662,true,4.5208519639329735E-06,9.897430468693712E-08
C3-VAPOR-SEAM-COMPLETE-SURROGATE,exact-v9-5-to-6mwe,50784,480,outlet,REGION-4-MIXTURE,SaturatedMixture,274.1351564466953,5.867678282042666,0.2313532627344529,true,REGION-4-MIXTURE-TABLE-C2,SaturatedMixture,274.1354164481163,5.86772805466391,0.23135250967460042,true,8.482506853926003E-06,4.750748635054431E-07
C3-VAPOR-SEAM-COMPLETE-SURROGATE,exact-v9-5-to-6mwe,50784,480,drum,REGION-4-MIXTURE,SaturatedMixture,268.9904044747353,5.416457373256479,0.03489787790235481,true,REGION-4-MIXTURE-TABLE-C2,SaturatedMixture,268.99040749669075,5.416460025330872,0.03489785159158555,true,4.896326528993196E-07,5.57411953980462E-09
C3-VAPOR-SEAM-COMPLETE-SURROGATE,exact-v9-5-to-6mwe,50784,480,feedwater-inventory,REGION-4-MIXTURE,SaturatedMixture,47.27766643762595,0.010776345236494038,4.903501824272255E-06,true,REGION-4-MIXTURE-TABLE-C2,SaturatedMixture,47.277665585279465,0.010777075777765717,4.90308923599089E-06,true,6.779119039406925E-05,2.6600277621973237E-09
C3-VAPOR-SEAM-COMPLETE-SURROGATE,exact-v9-5-to-6mwe,56784,540,suction,REGION-4-MIXTURE,SaturatedMixture,267.9171129286291,5.325764864415422,0.000993880223736067,true,REGION-4-MIXTURE-TABLE-C2,SaturatedMixture,267.91708049178123,5.325779600913773,0.000993862948922555,true,2.7670200854999106E-06,5.994976791392573E-08
C3-VAPOR-SEAM-COMPLETE-SURROGATE,exact-v9-5-to-6mwe,56784,540,pressure,REGION-4-MIXTURE,SaturatedMixture,267.93677989244463,5.327416208943265,0.0008368562369661239,true,REGION-4-MIXTURE-TABLE-C2,SaturatedMixture,267.9367537498474,5.327427959824114,0.000836843209425426,true,2.2057373383158756E-06,4.8314980503534445E-08
C3-VAPOR-SEAM-COMPLETE-SURROGATE,exact-v9-5-to-6mwe,56784,540,outlet,REGION-4-MIXTURE,SaturatedMixture,274.3160987555981,5.884053386862921,0.23144688595782345,true,REGION-4-MIXTURE-TABLE-C2,SaturatedMixture,274.3164052069187,5.884112072235415,0.23144599755756678,true,9.973630189183402E-06,5.597631000751029E-07
C3-VAPOR-SEAM-COMPLETE-SURROGATE,exact-v9-5-to-6mwe,56784,540,drum,REGION-4-MIXTURE,SaturatedMixture,269.1776982307432,5.43240365851685,0.0352112038679234,true,REGION-4-MIXTURE-TABLE-C2,SaturatedMixture,269.17773523926735,5.432436070026741,0.03521088249143523,true,5.966329442450293E-06,6.8240151234043E-08
C3-VAPOR-SEAM-COMPLETE-SURROGATE,exact-v9-5-to-6mwe,56784,540,feedwater-inventory,REGION-4-MIXTURE,SaturatedMixture,47.260731856524956,0.010767115875810392,5.216695574315027E-06,true,REGION-4-MIXTURE-TABLE-C2,SaturatedMixture,47.260731011629105,0.010767853972272416,5.216253287293953E-06,true,6.855099086306681E-05,2.6369149565133087E-09
C3-VAPOR-SEAM-COMPLETE-SURROGATE,exact-v9-5-to-6mwe,62784,600,suction,REGION-4-MIXTURE,SaturatedMixture,268.08787213563915,5.340115774031272,0.0009835311402743585,true,REGION-4-MIXTURE-TABLE-C2,SaturatedMixture,268.087837934494,5.340131232980323,0.000983513036435451,true,2.894871516962968E-06,6.31905986025924E-08
C3-VAPOR-SEAM-COMPLETE-SURROGATE,exact-v9-5-to-6mwe,62784,600,pressure,REGION-4-MIXTURE,SaturatedMixture,268.0753684282305,5.33906393925502,0.0008423568271336936,true,REGION-4-MIXTURE-TABLE-C2,SaturatedMixture,268.0753380060196,5.339077583538032,0.0008423416326778935,true,2.555557147677628E-06,5.620987609347406E-08
C3-VAPOR-SEAM-COMPLETE-SURROGATE,exact-v9-5-to-6mwe,62784,600,outlet,REGION-4-MIXTURE,SaturatedMixture,274.4903302550314,5.899854121915706,0.2314382016979415,true,REGION-4-MIXTURE-TABLE-C2,SaturatedMixture,274.4903552532196,5.899858909961777,0.23143812924371704,true,8.115532980638225E-07,4.564709142548668E-08
C3-VAPOR-SEAM-COMPLETE-SURROGATE,exact-v9-5-to-6mwe,62784,600,drum,REGION-4-MIXTURE,SaturatedMixture,269.35565841197956,5.447588466292596,0.035515781309136615,true,REGION-4-MIXTURE-TABLE-C2,SaturatedMixture,269.3556922674179,5.447617589470523,0.03551549078055449,true,5.346067917433246E-06,6.240568705810409E-08
C3-VAPOR-SEAM-COMPLETE-SURROGATE,exact-v9-5-to-6mwe,62784,600,feedwater-inventory,REGION-4-MIXTURE,SaturatedMixture,47.25379668027165,0.010763338159542174,5.515474764911145E-06,true,REGION-4-MIXTURE-TABLE-C2,SaturatedMixture,47.253795854747295,0.010764077398433006,5.515007442278447E-06,true,6.86811916409684E-05,2.576512392892497E-09
C3-VAPOR-SEAM-COMPLETE-SURROGATE,exact-v9-5-to-6mwe,68784,660,suction,REGION-4-MIXTURE,SaturatedMixture,268.258955323696,5.354523505773277,0.0009730675325700006,true,REGION-4-MIXTURE-TABLE-C2,SaturatedMixture,268.25889629125595,5.354550158862219,0.0009730363407161802,true,4.9776770824484255E-06,1.0903484227339484E-07
C3-VAPOR-SEAM-COMPLETE-SURROGATE,exact-v9-5-to-6mwe,68784,660,pressure,REGION-4-MIXTURE,SaturatedMixture,268.22862460613226,5.351967049157837,0.0008485225363890691,true,REGION-4-MIXTURE-TABLE-C2,SaturatedMixture,268.2285655736923,5.35199350874133,0.0008484929241541758,true,4.943898803951896E-06,1.0904095073643431E-07
C3-VAPOR-SEAM-COMPLETE-SURROGATE,exact-v9-5-to-6mwe,68784,660,outlet,REGION-4-MIXTURE,SaturatedMixture,274.66211806535716,5.915464940975604,0.23142992277315888,true,REGION-4-MIXTURE-TABLE-C2,SaturatedMixture,274.6624059677124,5.915520421823626,0.2314290858145863,true,9.37894968106909E-06,5.255494461428072E-07
C3-VAPOR-SEAM-COMPLETE-SURROGATE,exact-v9-5-to-6mwe,68784,660,drum,REGION-4-MIXTURE,SaturatedMixture,269.5298897445201,5.46248647937816,0.03581717962476893,true,REGION-4-MIXTURE-TABLE-C2,SaturatedMixture,269.5298990011215,5.462494477825981,0.035817099825826336,true,1.464250365029858E-06,1.7057203660500556E-08
C3-VAPOR-SEAM-COMPLETE-SURROGATE,exact-v9-5-to-6mwe,68784,660,feedwater-inventory,REGION-4-MIXTURE,SaturatedMixture,47.25636326000097,0.010764736089308044,5.8023453262868475E-06,true,REGION-4-MIXTURE-TABLE-C2,SaturatedMixture,47.256362445652485,0.01076547504815228,5.8018547382475685E-06,true,6.864625738207725E-05,2.541611451456476E-09
C3-VAPOR-SEAM-COMPLETE-SURROGATE,exact-v9-5-to-6mwe,74784,720,suction,REGION-4-MIXTURE,SaturatedMixture,268.4279694974422,5.368786123859572,0.0009626366151255175,true,REGION-4-MIXTURE-TABLE-C2,SaturatedMixture,268.4279403090477,5.368799291201951,0.0009626212165189935,true,2.4525734634315434E-06,5.389509197610473E-08
C3-VAPOR-SEAM-COMPLETE-SURROGATE,exact-v9-5-to-6mwe,74784,720,pressure,REGION-4-MIXTURE,SaturatedMixture,268.3879977881908,5.3654104108034435,0.0008550035030612451,true,REGION-4-MIXTURE-TABLE-C2,SaturatedMixture,268.38795644044876,5.365428953448722,0.0008549826445247644,true,3.4559602824508745E-06,7.635242989661553E-08
C3-VAPOR-SEAM-COMPLETE-SURROGATE,exact-v9-5-to-6mwe,74784,720,outlet,REGION-4-MIXTURE,SaturatedMixture,274.83064057230956,5.930809657975048,0.231426994562788,true,REGION-4-MIXTURE-TABLE-C2,SaturatedMixture,274.83093479275703,5.930866379770595,0.23142613849900218,true,9.563921086446749E-06,5.369175946887248E-07
C3-VAPOR-SEAM-COMPLETE-SURROGATE,exact-v9-5-to-6mwe,74784,720,drum,REGION-4-MIXTURE,SaturatedMixture,269.69983050823214,5.4770475685006454,0.03611495197770573,true,REGION-4-MIXTURE-TABLE-C2,SaturatedMixture,269.6998707652092,5.477081790346434,0.03611460852894283,true,6.2482286962576095E-06,7.415858824321946E-08
C3-VAPOR-SEAM-COMPLETE-SURROGATE,exact-v9-5-to-6mwe,74784,720,feedwater-inventory,REGION-4-MIXTURE,SaturatedMixture,47.26746165007364,0.01077078280538208,6.080759374465404E-06,true,REGION-4-MIXTURE-TABLE-C2,SaturatedMixture,47.267460852861404,0.010771518740463597,6.0802480670960965E-06,true,6.83269818744888E-05,2.4880424226951745E-09
C3-VAPOR-SEAM-COMPLETE-SURROGATE,exact-v9-5-to-6mwe,80784,780,suction,REGION-4-MIXTURE,SaturatedMixture,268.59354792833335,5.382786922488396,0.0009523267159962462,true,REGION-4-MIXTURE-TABLE-C2,SaturatedMixture,268.5935117006302,5.382803187854332,0.0009523077108911486,true,3.0217369125190477E-06,6.687242201818904E-08
C3-VAPOR-SEAM-COMPLETE-SURROGATE,exact-v9-5-to-6mwe,80784,780,pressure,REGION-4-MIXTURE,SaturatedMixture,268.5486411511898,5.378986992671804,0.000861599623052612,true,REGION-4-MIXTURE-TABLE-C2,SaturatedMixture,268.5486201643944,5.378996377214973,0.0008615890104743427,true,1.7446673847730527E-06,3.8742566168437047E-08
C3-VAPOR-SEAM-COMPLETE-SURROGATE,exact-v9-5-to-6mwe,80784,780,outlet,REGION-4-MIXTURE,SaturatedMixture,274.9943043649197,5.945741039133511,0.23142232118333478,true,REGION-4-MIXTURE-TABLE-C2,SaturatedMixture,274.9943191707134,5.9457438928170845,0.231422278191484,true,4.799542319631395E-07,2.7010759067584705E-08
C3-VAPOR-SEAM-COMPLETE-SURROGATE,exact-v9-5-to-6mwe,80784,780,drum,REGION-4-MIXTURE,SaturatedMixture,269.86491042971613,5.491220523864266,0.036407564205610275,true,REGION-4-MIXTURE-TABLE-C2,SaturatedMixture,269.8649441599846,5.4912487151372975,0.03640727971684581,true,5.133881057778731E-06,6.21166524303424E-08
C3-VAPOR-SEAM-COMPLETE-SURROGATE,exact-v9-5-to-6mwe,80784,780,feedwater-inventory,REGION-4-MIXTURE,SaturatedMixture,47.28584959805005,0.010780807500867904,6.353411934413006E-06,true,REGION-4-MIXTURE-TABLE-C2,SaturatedMixture,47.28584882616997,0.01078153200189956,6.352886591063359E-06,true,6.720285392329214E-05,2.4088443368538223E-09
C3-VAPOR-SEAM-COMPLETE-SURROGATE,exact-v9-5-to-6mwe,86784,840,suction,REGION-4-MIXTURE,SaturatedMixture,268.75488118529313,5.396455562230628,0.0009421939615095652,true,REGION-4-MIXTURE-TABLE-C2,SaturatedMixture,268.75482165813446,5.396482302314494,0.000942162742183082,true,4.9551198111264215E-06,1.0984798390959028E-07
C3-VAPOR-SEAM-COMPLETE-SURROGATE,exact-v9-5-to-6mwe,86784,840,pressure,REGION-4-MIXTURE,SaturatedMixture,268.70778965353986,5.392463089971425,0.0008681932656547052,true,REGION-4-MIXTURE-TABLE-C2,SaturatedMixture,268.70773154497147,5.392489051941952,0.0008681637537289638,true,4.8144920222930974E-06,1.0723951838603049E-07
C3-VAPOR-SEAM-COMPLETE-SURROGATE,exact-v9-5-to-6mwe,86784,840,outlet,REGION-4-MIXTURE,SaturatedMixture,275.1527390658854,5.960222683927252,0.23141690010609517,true,REGION-4-MIXTURE-TABLE-C2,SaturatedMixture,275.1530169248581,5.96027658591378,0.23141608944646042,true,9.043619573777535E-06,5.067619636224576E-07
C3-VAPOR-SEAM-COMPLETE-SURROGATE,exact-v9-5-to-6mwe,86784,840,drum,REGION-4-MIXTURE,SaturatedMixture,270.02492635846113,5.50498542077835,0.03669383447269851,true,REGION-4-MIXTURE-TABLE-C2,SaturatedMixture,270.02493447065353,5.504992217231415,0.036693765952443023,true,1.2345996482908853E-06,1.4934769648568373E-08
C3-VAPOR-SEAM-COMPLETE-SURROGATE,exact-v9-5-to-6mwe,86784,840,feedwater-inventory,REGION-4-MIXTURE,SaturatedMixture,47.31016860008242,0.010794077984110315,6.6220392982588265E-06,true,REGION-4-MIXTURE-TABLE-C2,SaturatedMixture,47.310167863965034,0.010794775053715368,6.621512943096198E-06,true,6.457889280396658E-05,2.2970635911762186E-09
C3-VAPOR-SEAM-COMPLETE-SURROGATE,exact-v9-5-to-6mwe,92784,900,suction,REGION-4-MIXTURE,SaturatedMixture,268.91260992884634,5.409844422746818,0.0009322039036155855,true,REGION-4-MIXTURE-TABLE-C2,SaturatedMixture,268.91257551312447,5.409859858618685,0.0009321858943416112,true,2.8532931191175745E-06,6.349030765115998E-08
C3-VAPOR-SEAM-COMPLETE-SURROGATE,exact-v9-5-to-6mwe,92784,900,pressure,REGION-4-MIXTURE,SaturatedMixture,268.8640391409398,5.405718774474441,0.0008747158221898253,true,REGION-4-MIXTURE-TABLE-C2,SaturatedMixture,268.8639917373657,5.405739945379644,0.0008746916337800401,true,3.9163904165931664E-06,8.745820335800182E-08
C3-VAPOR-SEAM-COMPLETE-SURROGATE,exact-v9-5-to-6mwe,92784,900,outlet,REGION-4-MIXTURE,SaturatedMixture,275.3103550732136,5.974656203823785,0.23143107905029692,true,REGION-4-MIXTURE-TABLE-C2,SaturatedMixture,275.31066328287125,5.974716019538921,0.23143017885281184,true,1.0011574406140624E-05,5.619543049837893E-07
C3-VAPOR-SEAM-COMPLETE-SURROGATE,exact-v9-5-to-6mwe,92784,900,drum,REGION-4-MIXTURE,SaturatedMixture,270.18390763401965,5.5186873898978055,0.0369787179253488,true,REGION-4-MIXTURE-TABLE-C2,SaturatedMixture,270.1839480102062,5.518720814549182,0.03697837891085176,true,6.056630683166101E-06,7.431192128484391E-08
C3-VAPOR-SEAM-COMPLETE-SURROGATE,exact-v9-5-to-6mwe,92784,900,feedwater-inventory,REGION-4-MIXTURE,SaturatedMixture,47.339061117172264,0.010809862398688596,6.885840623009597E-06,true,REGION-4-MIXTURE-TABLE-C2,SaturatedMixture,47.33906044065952,0.010810508648666029,6.8853335562177825E-06,true,5.978336759506123E-05,2.110876229534446E-09
C3-VAPOR-SEAM-COMPLETE-SURROGATE,exact-v9-5-to-6mwe,98784,960,suction,REGION-4-MIXTURE,SaturatedMixture,269.0666279315948,5.422942757787902,0.0009223685577617101,true,REGION-4-MIXTURE-TABLE-C2,SaturatedMixture,269.0666002035141,5.422955136771629,0.0009223541250302686,true,2.2827059550261414E-06,5.113838132754156E-08
C3-VAPOR-SEAM-COMPLETE-SURROGATE,exact-v9-5-to-6mwe,98784,960,pressure,REGION-4-MIXTURE,SaturatedMixture,269.0172909379006,5.418744300386585,0.0008811686258817958,true,REGION-4-MIXTURE-TABLE-C2,SaturatedMixture,269.0172829031944,5.41874787639254,0.0008811645191890157,true,6.599325888488886E-07,1.4819607007341665E-08
C3-VAPOR-SEAM-COMPLETE-SURROGATE,exact-v9-5-to-6mwe,98784,960,outlet,REGION-4-MIXTURE,SaturatedMixture,275.46072360575204,5.988450904262886,0.23142747359107105,true,REGION-4-MIXTURE-TABLE-C2,SaturatedMixture,275.4608183503151,5.988469297173495,0.23142719674617543,true,3.071397077948116E-06,1.7269907236690053E-07
C3-VAPOR-SEAM-COMPLETE-SURROGATE,exact-v9-5-to-6mwe,98784,960,drum,REGION-4-MIXTURE,SaturatedMixture,270.3355482459067,5.531780945588854,0.037255479598444954,true,REGION-4-MIXTURE-TABLE-C2,SaturatedMixture,270.33558720350266,5.53181274010605,0.037255155422524826,true,5.747609586977622E-06,7.168101541495392E-08
C3-VAPOR-SEAM-COMPLETE-SURROGATE,exact-v9-5-to-6mwe,98784,960,feedwater-inventory,REGION-4-MIXTURE,SaturatedMixture,47.37124681919806,0.010827469274392744,7.147105814978754E-06,true,REGION-4-MIXTURE-TABLE-C2,SaturatedMixture,47.3712462335825,0.010828035580734788,7.1466448706890145E-06,true,5.23027429302922E-05,1.8270725342474677E-09
C3-VAPOR-SEAM-COMPLETE-SURROGATE,exact-v9-5-to-6mwe,104784,1020,suction,REGION-4-MIXTURE,SaturatedMixture,269.2148237466812,5.43556879606626,0.0009128296651076298,true,REGION-4-MIXTURE-TABLE-C2,SaturatedMixture,269.21476489305496,5.4355950709092316,0.0009127990542020495,true,4.833871846234276E-06,1.0851298545123147E-07
C3-VAPOR-SEAM-COMPLETE-SURROGATE,exact-v9-5-to-6mwe,104784,1020,pressure,REGION-4-MIXTURE,SaturatedMixture,269.16647517681133,5.431447113618504,0.0008875015129017395,true,REGION-4-MIXTURE-TABLE-C2,SaturatedMixture,269.1664217710495,5.431470917711538,0.0008874740460514096,true,4.3826428823935236E-06,9.847711488946554E-08
C3-VAPOR-SEAM-COMPLETE-SURROGATE,exact-v9-5-to-6mwe,104784,1020,outlet,REGION-4-MIXTURE,SaturatedMixture,275.6050840735436,6.001717297026261,0.23141215946755217,true,REGION-4-MIXTURE-TABLE-C2,SaturatedMixture,275.6053007543087,6.001759608820555,0.23141152498628625,true,7.049947906576879E-06,3.9485878380939695E-07
C3-VAPOR-SEAM-COMPLETE-SURROGATE,exact-v9-5-to-6mwe,104784,1020,drum,REGION-4-MIXTURE,SaturatedMixture,270.48048021793363,5.544317393203595,0.0375213485017539,true,REGION-4-MIXTURE-TABLE-C2,SaturatedMixture,270.48048692941666,5.5443228068219,0.03752129300980828,true,9.764264779261358E-07,1.2345670945006276E-08
C3-VAPOR-SEAM-COMPLETE-SURROGATE,exact-v9-5-to-6mwe,104784,1020,feedwater-inventory,REGION-4-MIXTURE,SaturatedMixture,47.405578786134754,0.01084627739350248,7.4075547949395155E-06,true,REGION-4-MIXTURE-TABLE-C2,SaturatedMixture,47.40557833015919,0.010846731293029897,7.40717205604847E-06,true,4.184841590802012E-05,1.4224540042773772E-09
C3-VAPOR-SEAM-COMPLETE-SURROGATE,exact-v9-5-to-6mwe,110784,1080,suction,REGION-4-MIXTURE,SaturatedMixture,269.35622538924224,5.447636896492387,0.000903658825987358,true,REGION-4-MIXTURE-TABLE-C2,SaturatedMixture,269.3561761081219,5.447658865935583,0.0009036332477818873,true,4.032839121557122E-06,9.083973245310948E-08
C3-VAPOR-SEAM-COMPLETE-SURROGATE,exact-v9-5-to-6mwe,110784,1080,pressure,REGION-4-MIXTURE,SaturatedMixture,269.3115269780159,5.4438198454297755,0.0008932603238042413,true,REGION-4-MIXTURE-TABLE-C2,SaturatedMixture,269.3114704787731,5.443845027346246,0.0008932311344070608,true,4.6257806439745885E-06,1.0415345595955072E-07
C3-VAPOR-SEAM-COMPLETE-SURROGATE,exact-v9-5-to-6mwe,110784,1080,outlet,REGION-4-MIXTURE,SaturatedMixture,275.7495581537486,6.0150165852960455,0.2291393979467038,true,REGION-4-MIXTURE-TABLE-C2,SaturatedMixture,275.7498823106289,6.015080121543434,0.22913844255437352,true,1.056293802147732E-05,5.905577359195353E-07
C3-VAPOR-SEAM-COMPLETE-SURROGATE,exact-v9-5-to-6mwe,110784,1080,drum,REGION-4-MIXTURE,SaturatedMixture,270.60145553350435,5.554798218168749,0.0379295933577601,true,REGION-4-MIXTURE-TABLE-C2,SaturatedMixture,270.6014846563339,5.554821652793262,0.037929353019893794,true,4.218807523247156E-06,5.355908343290054E-08
C3-VAPOR-SEAM-COMPLETE-SURROGATE,exact-v9-5-to-6mwe,110784,1080,feedwater-inventory,REGION-4-MIXTURE,SaturatedMixture,47.44107317328451,0.010865751823740721,7.67700764817132E-06,true,REGION-4-MIXTURE-TABLE-C2,SaturatedMixture,47.44107286632061,0.010866060017526522,7.67673842174762E-06,true,2.836377922119265E-05,9.574935908772962E-10
C3-VAPOR-SEAM-COMPLETE-SURROGATE,exact-v9-5-to-6mwe,116784,1140,suction,REGION-4-MIXTURE,SaturatedMixture,269.3710194945336,5.448900699133983,0.0009026954062697059,true,REGION-4-MIXTURE-TABLE-C2,SaturatedMixture,269.37097346782684,5.448921229138726,0.0009026715065513376,true,3.7677333240076044E-06,8.48385686215705E-08
C3-VAPOR-SEAM-COMPLETE-SURROGATE,exact-v9-5-to-6mwe,116784,1140,pressure,REGION-4-MIXTURE,SaturatedMixture,269.4265326142312,5.453644964372609,0.0008976179247981005,true,REGION-4-MIXTURE-TABLE-C2,SaturatedMixture,269.4265024662018,5.453658409666429,0.0008976022850889641,true,2.4653775424456628E-06,5.5564565703470556E-08
C3-VAPOR-SEAM-COMPLETE-SURROGATE,exact-v9-5-to-6mwe,116784,1140,outlet,REGION-4-MIXTURE,SaturatedMixture,275.8048092722893,6.0201085661169715,0.2136080753250367,true,REGION-4-MIXTURE-TABLE-C2,SaturatedMixture,275.8051037490368,6.020167754375793,0.21360717202948235,true,9.831759372972077E-06,5.364316744090182E-07
C3-VAPOR-SEAM-COMPLETE-SURROGATE,exact-v9-5-to-6mwe,116784,1140,drum,REGION-4-MIXTURE,SaturatedMixture,270.50527734756463,5.54646448755082,0.03790683792601092,true,REGION-4-MIXTURE-TABLE-C2,SaturatedMixture,270.50527918338776,5.5464659964749305,0.037906822406093756,true,2.7205152281998525E-07,3.3768146908293003E-09
C3-VAPOR-SEAM-COMPLETE-SURROGATE,exact-v9-5-to-6mwe,116784,1140,feedwater-inventory,REGION-4-MIXTURE,SaturatedMixture,47.476804162561905,0.010885386399457025,8.422460058228179E-06,true,REGION-4-MIXTURE-TABLE-C2,SaturatedMixture,47.47680403292179,0.010885517600294652,8.422334535223689E-06,true,1.205293342944854E-05,4.043333622519881E-10
C3-VAPOR-SEAM-COMPLETE-SURROGATE,exact-v9-5-to-6mwe,122784,1200,suction,REGION-4-MIXTURE,SaturatedMixture,269.38479275703435,5.450077496381163,0.0009017977962849385,true,REGION-4-MIXTURE-TABLE-C2,SaturatedMixture,269.38475009799004,5.450096513873843,0.0009017756582806232,true,3.4893985806279E-06,7.862914025188793E-08
C3-VAPOR-SEAM-COMPLETE-SURROGATE,exact-v9-5-to-6mwe,122784,1200,pressure,REGION-4-MIXTURE,SaturatedMixture,269.4921368777751,5.4592557049658925,0.0008997531618703611,true,REGION-4-MIXTURE-TABLE-C2,SaturatedMixture,269.49213314056396,5.45925736447756,0.0008997512273819767,true,3.039813039221357E-07,6.887064061607623E-09
C3-VAPOR-SEAM-COMPLETE-SURROGATE,exact-v9-5-to-6mwe,122784,1200,outlet,REGION-4-MIXTURE,SaturatedMixture,275.95865174531946,6.034304135780119,0.20526297604318353,true,REGION-4-MIXTURE-TABLE-C2,SaturatedMixture,275.9587430655956,6.03432277195234,0.20526268962666533,true,3.088371384867666E-06,1.6630638741380006E-07
C3-VAPOR-SEAM-COMPLETE-SURROGATE,exact-v9-5-to-6mwe,122784,1200,drum,REGION-4-MIXTURE,SaturatedMixture,270.5621895730495,5.551394713261203,0.03785637800639095,true,REGION-4-MIXTURE-TABLE-C2,SaturatedMixture,270.5622090995312,5.551410484547787,0.03785621647554158,true,2.8409593262355396E-06,3.591326813270183E-08
C3-VAPOR-SEAM-COMPLETE-SURROGATE,exact-v9-5-to-6mwe,122784,1200,feedwater-inventory,REGION-4-MIXTURE,SaturatedMixture,47.51263943389063,0.010905108883089832,9.042224188550537E-06,true,REGION-4-MIXTURE-TABLE-C2,SaturatedMixture,47.51263935863972,0.010905182858352803,9.042150673793989E-06,true,6.78354189434335E-06,2.346731432028266E-10
C3-VAPOR-SEAM-COMPLETE-SURROGATE,exact-v9-5-to-6mwe,128784,1260,suction,REGION-4-MIXTURE,SaturatedMixture,269.40271410346065,5.4516089993576555,0.0009006288867409062,true,REGION-4-MIXTURE-TABLE-C2,SaturatedMixture,269.4026764035225,5.451625807539985,0.0009006093225205917,true,3.0831599132476467E-06,6.948622167302621E-08
C3-VAPOR-SEAM-COMPLETE-SURROGATE,exact-v9-5-to-6mwe,128784,1260,pressure,REGION-4-MIXTURE,SaturatedMixture,269.53814047574997,5.463192745969509,0.0009008113784521002,true,REGION-4-MIXTURE-TABLE-C2,SaturatedMixture,269.53812342882156,5.463200314456001,0.0009008025455978487,true,1.3853595954894662E-06,3.141201573120329E-08
C3-VAPOR-SEAM-COMPLETE-SURROGATE,exact-v9-5-to-6mwe,128784,1260,outlet,REGION-4-MIXTURE,SaturatedMixture,276.1304154813289,6.050183544355614,0.19624190616993337,true,REGION-4-MIXTURE-TABLE-C2,SaturatedMixture,276.1306396126747,6.050230379047266,0.19624118465840626,true,7.741036500570704E-06,4.0804539812457985E-07
C3-VAPOR-SEAM-COMPLETE-SURROGATE,exact-v9-5-to-6mwe,128784,1260,drum,REGION-4-MIXTURE,SaturatedMixture,270.61141203641887,5.555661483615154,0.037969842517482685,true,REGION-4-MIXTURE-TABLE-C2,SaturatedMixture,270.6114432811737,5.555686581201346,0.03796958494635098,true,4.517479379623845E-06,5.746041213134458E-08
C3-VAPOR-SEAM-COMPLETE-SURROGATE,exact-v9-5-to-6mwe,128784,1260,feedwater-inventory,REGION-4-MIXTURE,SaturatedMixture,47.54827588349582,0.010924752374610679,9.664133970348962E-06,true,REGION-4-MIXTURE-TABLE-C2,SaturatedMixture,47.548275627195835,0.010925014376533423,9.663855958207903E-06,true,2.398241294264797E-05,7.991935198179015E-10
C3-VAPOR-SEAM-COMPLETE-SURROGATE,exact-v9-5-to-6mwe,134784,1320,suction,REGION-4-MIXTURE,SaturatedMixture,269.4203418850898,5.453115735746688,0.0008994780573275343,true,REGION-4-MIXTURE-TABLE-C2,SaturatedMixture,269.4203096628189,5.453130101422884,0.0008994613376583893,true,2.6343978181133767E-06,5.93881905941903E-08
C3-VAPOR-SEAM-COMPLETE-SURROGATE,exact-v9-5-to-6mwe,134784,1320,pressure,REGION-4-MIXTURE,SaturatedMixture,269.5759793758393,5.466432667326818,0.0009015073195845932,true,REGION-4-MIXTURE-TABLE-C2,SaturatedMixture,269.5759482085705,5.466446511765163,0.0009014911482270325,true,2.532627617974067E-06,5.742726537588097E-08
C3-VAPOR-SEAM-COMPLETE-SURROGATE,exact-v9-5-to-6mwe,134784,1320,outlet,REGION-4-MIXTURE,SaturatedMixture,276.3073304116723,6.066572512561029,0.1878979666225404,true,REGION-4-MIXTURE-TABLE-C2,SaturatedMixture,276.307597219944,6.0666292731880604,0.18789708776807942,true,9.35629252166543E-06,4.855850617258394E-07
C3-VAPOR-SEAM-COMPLETE-SURROGATE,exact-v9-5-to-6mwe,134784,1320,drum,REGION-4-MIXTURE,SaturatedMixture,270.6571163117886,5.559625526918188,0.03805547981985691,true,REGION-4-MIXTURE-TABLE-C2,SaturatedMixture,270.65715539455414,5.559656778501921,0.03805515860941306,true,5.621167033999361E-06,7.18688011589088E-08
C3-VAPOR-SEAM-COMPLETE-SURROGATE,exact-v9-5-to-6mwe,134784,1320,feedwater-inventory,REGION-4-MIXTURE,SaturatedMixture,47.58362434357406,0.010944267139681222,1.0304324491348649E-05,true,REGION-4-MIXTURE-TABLE-C2,SaturatedMixture,47.583623960614204,0.010944685659337263,1.0303851379030578E-05,true,3.82409941843675E-05,1.1940121801521407E-09
C3-VAPOR-SEAM-COMPLETE-SURROGATE,exact-v9-5-to-6mwe,140784,1380,suction,REGION-4-MIXTURE,SaturatedMixture,269.43838264346107,5.454658100578438,0.0008982991698660478,true,REGION-4-MIXTURE-TABLE-C2,SaturatedMixture,269.4383566379547,5.454669689416532,0.0008982856830182117,true,2.124576440890475E-06,4.792860884644073E-08
C3-VAPOR-SEAM-COMPLETE-SURROGATE,exact-v9-5-to-6mwe,140784,1380,pressure,REGION-4-MIXTURE,SaturatedMixture,269.6106666266918,5.469404020297653,0.0009020375812201814,true,REGION-4-MIXTURE-TABLE-C2,SaturatedMixture,269.6106249690056,5.469422539838877,0.0009020159329189231,true,3.386025452752682E-06,7.675148324525716E-08
C3-VAPOR-SEAM-COMPLETE-SURROGATE,exact-v9-5-to-6mwe,140784,1380,outlet,REGION-4-MIXTURE,SaturatedMixture,276.49290496110916,6.083800092245996,0.18024202744427067,true,REGION-4-MIXTURE-TABLE-C2,SaturatedMixture,276.49292024970055,6.083803402030139,0.18024197604286518,true,5.440323634197071E-07,2.7815498475268163E-08
C3-VAPOR-SEAM-COMPLETE-SURROGATE,exact-v9-5-to-6mwe,140784,1380,drum,REGION-4-MIXTURE,SaturatedMixture,270.7052416622638,5.563801889778611,0.03814188261006413,true,REGION-4-MIXTURE-TABLE-C2,SaturatedMixture,270.7052857875824,5.563837008693559,0.03814152110884396,true,6.31203548298148E-06,8.113430783634108E-08
C3-VAPOR-SEAM-COMPLETE-SURROGATE,exact-v9-5-to-6mwe,140784,1380,feedwater-inventory,REGION-4-MIXTURE,SaturatedMixture,47.61869406104091,0.01096365760132372,1.0950977071224791E-05,true,REGION-4-MIXTURE-TABLE-C2,SaturatedMixture,47.61869357526302,0.010964201835656344,1.0950323673874714E-05,true,4.963985126265415E-05,1.5144180152850063E-09
C3-VAPOR-SEAM-COMPLETE-SURROGATE,exact-v9-5-to-6mwe,146784,1440,suction,REGION-4-MIXTURE,SaturatedMixture,269.45672143101694,5.456226286297494,0.0008970996694808129,true,REGION-4-MIXTURE-TABLE-C2,SaturatedMixture,269.4567024111748,5.4562347678837675,0.0008970898001275361,true,1.554478467033626E-06,3.505272127924158E-08
C3-VAPOR-SEAM-COMPLETE-SURROGATE,exact-v9-5-to-6mwe,146784,1440,pressure,REGION-4-MIXTURE,SaturatedMixture,269.644376009703,5.4722927893097415,0.0009025070189356952,true,REGION-4-MIXTURE-TABLE-C2,SaturatedMixture,269.64432632923126,5.472314857140018,0.0009024812023190122,true,4.032647946035952E-06,9.152724117476948E-08
C3-VAPOR-SEAM-COMPLETE-SURROGATE,exact-v9-5-to-6mwe,146784,1440,outlet,REGION-4-MIXTURE,SaturatedMixture,276.68489103913305,6.101662166072096,0.1731689637831605,true,REGION-4-MIXTURE-TABLE-C2,SaturatedMixture,276.6851370036602,6.101716730593772,0.1731681168661963,true,8.942566827031648E-06,4.473425225671218E-07
C3-VAPOR-SEAM-COMPLETE-SURROGATE,exact-v9-5-to-6mwe,146784,1440,drum,REGION-4-MIXTURE,SaturatedMixture,270.7539018630981,5.568027102484115,0.03823020734751475,true,REGION-4-MIXTURE-TABLE-C2,SaturatedMixture,270.7539476752281,5.568063400358369,0.03822983312071842,true,6.518983041167407E-06,8.422835328111623E-08
C3-VAPOR-SEAM-COMPLETE-SURROGATE,exact-v9-5-to-6mwe,146784,1440,feedwater-inventory,REGION-4-MIXTURE,SaturatedMixture,47.65354026705023,0.010982953700612195,1.160427986274331E-05,true,REGION-4-MIXTURE-TABLE-C2,SaturatedMixture,47.65353971719742,0.01098359364981916,1.1603466173304125E-05,true,5.826749564912477E-05,1.7139861158926327E-09
C3-VAPOR-SEAM-COMPLETE-SURROGATE,exact-v9-5-to-6mwe,152784,1500,suction,REGION-4-MIXTURE,SaturatedMixture,269.475270628929,5.457812814788884,0.0008958852387003936,true,REGION-4-MIXTURE-TABLE-C2,SaturatedMixture,269.47525930404663,5.45781785697487,0.000895879371580859,true,9.23847364718677E-07,2.0870539959392775E-08
C3-VAPOR-SEAM-COMPLETE-SURROGATE,exact-v9-5-to-6mwe,152784,1500,pressure,REGION-4-MIXTURE,SaturatedMixture,269.67791057229067,5.475167732663439,0.0009029574412277423,true,REGION-4-MIXTURE-TABLE-C2,SaturatedMixture,269.677855104208,5.475192362834205,0.00090292860506707,true,4.498523509901013E-06,1.0218354951500351E-07
C3-VAPOR-SEAM-COMPLETE-SURROGATE,exact-v9-5-to-6mwe,152784,1500,outlet,REGION-4-MIXTURE,SaturatedMixture,276.88175147771847,6.1200192965391,0.16663045216128056,true,REGION-4-MIXTURE-TABLE-C2,SaturatedMixture,276.8819364309311,6.120061062866012,0.16662980268026162,true,6.824541702880267E-06,3.362591561804458E-07
C3-VAPOR-SEAM-COMPLETE-SURROGATE,exact-v9-5-to-6mwe,152784,1500,drum,REGION-4-MIXTURE,SaturatedMixture,270.8030768454074,5.572299502638413,0.03831945471321713,true,REGION-4-MIXTURE-TABLE-C2,SaturatedMixture,270.8031208217144,5.572334195974749,0.03831909644518388,true,6.226035825925067E-06,8.084577301875151E-08
C3-VAPOR-SEAM-COMPLETE-SURROGATE,exact-v9-5-to-6mwe,152784,1500,feedwater-inventory,REGION-4-MIXTURE,SaturatedMixture,47.68824782669549,0.011002202013082888,1.2263708083947949E-05,true,REGION-4-MIXTURE-TABLE-C2,SaturatedMixture,47.68824724853039,0.011002908327436165,1.2262759418920568E-05,true,6.419754449495815E-05,1.8020454347710027E-09
C3-VAPOR-SEAM-COMPLETE-SURROGATE,exact-v9-5-to-6mwe,158784,1560,suction,REGION-4-MIXTURE,SaturatedMixture,269.49399043321625,5.459414292482041,0.0008946584465405691,true,REGION-4-MIXTURE-TABLE-C2,SaturatedMixture,269.4939875602722,5.459415565078853,0.0008946569654705145,true,2.331013445310905E-07,5.2943441519398475E-09
C3-VAPOR-SEAM-COMPLETE-SURROGATE,exact-v9-5-to-6mwe,158784,1560,pressure,REGION-4-MIXTURE,SaturatedMixture,269.7115400552751,5.4780519716317,0.0009034021284856428,true,REGION-4-MIXTURE-TABLE-C2,SaturatedMixture,269.71148097515106,5.478078201496009,0.0009033713964060726,true,4.788173687441143E-06,1.0883092593833985E-07
C3-VAPOR-SEAM-COMPLETE-SURROGATE,exact-v9-5-to-6mwe,158784,1560,outlet,REGION-4-MIXTURE,SaturatedMixture,277.0836132824419,6.138886563339894,0.1605726439266025,true,REGION-4-MIXTURE-TABLE-C2,SaturatedMixture,277.08375120162964,6.138918471606415,0.16057214931192232,true,5.1977286420475776E-06,2.506556931839368E-07
C3-VAPOR-SEAM-COMPLETE-SURROGATE,exact-v9-5-to-6mwe,158784,1560,drum,REGION-4-MIXTURE,SaturatedMixture,270.85275713801377,5.576618346228665,0.038409793331354934,true,REGION-4-MIXTURE-TABLE-C2,SaturatedMixture,270.8527956008911,5.576648559490447,0.03840948081176477,true,5.417846427062862E-06,7.070346029884849E-08
C3-VAPOR-SEAM-COMPLETE-SURROGATE,exact-v9-5-to-6mwe,158784,1560,feedwater-inventory,REGION-4-MIXTURE,SaturatedMixture,47.72291185855869,0.011021455097793323,1.2929149381491053E-05,true,REGION-4-MIXTURE-TABLE-C2,SaturatedMixture,47.72291127592325,0.011022198795190175,1.2928096695428507E-05,true,6.747724236523032E-05,1.8157825583055804E-09
C3-VAPOR-SEAM-COMPLETE-SURROGATE,exact-v9-5-to-6mwe,164784,1620,suction,REGION-4-MIXTURE,SaturatedMixture,269.512844836712,5.4610276477900594,0.0008934216226146621,true,REGION-4-MIXTURE-TABLE-C2,SaturatedMixture,269.51283878088,5.461030336027682,0.0008934184946662241,true,4.922585630592079E-07,1.1159474254085151E-08
C3-VAPOR-SEAM-COMPLETE-SURROGATE,exact-v9-5-to-6mwe,164784,1620,pressure,REGION-4-MIXTURE,SaturatedMixture,269.74532633423803,5.480950826336363,0.0009038475922783309,true,REGION-4-MIXTURE-TABLE-C2,SaturatedMixture,269.74526584148407,5.480977685456223,0.0009038160996230675,true,4.900448975152076E-06,1.1142618295918745E-07
C3-VAPOR-SEAM-COMPLETE-SURROGATE,exact-v9-5-to-6mwe,164784,1620,outlet,REGION-4-MIXTURE,SaturatedMixture,277.28852211534956,6.158084017178993,0.15494042075489814,true,REGION-4-MIXTURE-TABLE-C2,SaturatedMixture,277.28875690698624,6.158139307833583,0.15493956334332762,true,8.978548268524027E-06,4.265537880039826E-07
C3-VAPOR-SEAM-COMPLETE-SURROGATE,exact-v9-5-to-6mwe,164784,1620,drum,REGION-4-MIXTURE,SaturatedMixture,270.9028086423874,5.580972044291628,0.038501088665817675,true,REGION-4-MIXTURE-TABLE-C2,SaturatedMixture,270.90283781290054,5.580994835353506,0.03850085257839769,true,4.083708303297896E-06,5.3617061922959286E-08
C3-VAPOR-SEAM-COMPLETE-SURROGATE,exact-v9-5-to-6mwe,164784,1620,feedwater-inventory,REGION-4-MIXTURE,SaturatedMixture,47.757624070346424,0.011040763932517954,1.360074401414986E-05,true,REGION-4-MIXTURE-TABLE-C2,SaturatedMixture,47.75762350857258,0.011041516089081119,1.359962437705219E-05,true,6.812540941570253E-05,1.7505780576188878E-09
C3-VAPOR-SEAM-COMPLETE-SURROGATE,exact-v9-5-to-6mwe,170784,1680,suction,REGION-4-MIXTURE,SaturatedMixture,269.53180425763105,5.4626503564161615,0.0008921766834385507,true,REGION-4-MIXTURE-TABLE-C2,SaturatedMixture,269.53178983926773,5.462656753290452,0.0008921692407651408,true,1.1710202691632184E-06,2.6568724449458455E-08
C3-VAPOR-SEAM-COMPLETE-SURROGATE,exact-v9-5-to-6mwe,170784,1680,pressure,REGION-4-MIXTURE,SaturatedMixture,269.77926023006455,5.483863525360821,0.000904294163918309,true,REGION-4-MIXTURE-TABLE-C2,SaturatedMixture,269.77920055389404,5.483890029502735,0.0009042630647165717,true,4.83311479060385E-06,1.0991518578865152E-07
C3-VAPOR-SEAM-COMPLETE-SURROGATE,exact-v9-5-to-6mwe,170784,1680,outlet,REGION-4-MIXTURE,SaturatedMixture,277.4965558946134,6.1776211021776435,0.14968873376737082,true,REGION-4-MIXTURE-TABLE-C2,SaturatedMixture,277.49656227231026,6.177622633368706,0.1496887099553424,true,2.4786095448481457E-07,1.1582196980998765E-08
C3-VAPOR-SEAM-COMPLETE-SURROGATE,exact-v9-5-to-6mwe,170784,1680,drum,REGION-4-MIXTURE,SaturatedMixture,270.9531313061716,5.585351944806585,0.03859334277462345,true,REGION-4-MIXTURE-TABLE-C2,SaturatedMixture,270.9531472325325,5.5853643187846025,0.03859321441381012,true,2.215433895593529E-06,2.9270849560914458E-08
C3-VAPOR-SEAM-COMPLETE-SURROGATE,exact-v9-5-to-6mwe,170784,1680,feedwater-inventory,REGION-4-MIXTURE,SaturatedMixture,47.79246309995665,0.011060172515496517,1.4278729463527637E-05,true,REGION-4-MIXTURE-TABLE-C2,SaturatedMixture,47.79246258735657,0.01106090397261367,1.4277586623583688E-05,true,6.613433164163111E-05,1.5971712703311459E-09
C3-VAPOR-SEAM-COMPLETE-SURROGATE,exact-v9-5-to-6mwe,176784,1740,suction,REGION-4-MIXTURE,SaturatedMixture,269.55084462165814,5.464280363346507,0.0008909251908592374,true,REGION-4-MIXTURE-TABLE-C2,SaturatedMixture,269.5508224964142,5.464290173519866,0.000890913777647898,true,1.7953276015626578E-06,4.0768766398641946E-08
C3-VAPOR-SEAM-COMPLETE-SURROGATE,exact-v9-5-to-6mwe,176784,1740,pressure,REGION-4-MIXTURE,SaturatedMixture,269.81331082582483,5.486787429095725,0.000904741772626453,true,REGION-4-MIXTURE-TABLE-C2,SaturatedMixture,269.81325420737267,5.48681258130669,0.0009047122379706204,true,4.584141684106836E-06,1.0427675504810573E-07
C3-VAPOR-SEAM-COMPLETE-SURROGATE,exact-v9-5-to-6mwe,176784,1740,outlet,REGION-4-MIXTURE,SaturatedMixture,277.70717749595633,6.197449399517608,0.14477843414318856,true,REGION-4-MIXTURE-TABLE-C2,SaturatedMixture,277.707397043705,6.197503316885673,0.14477760245865068,true,8.699928726917722E-06,3.9855657260313166E-07
C3-VAPOR-SEAM-COMPLETE-SURROGATE,exact-v9-5-to-6mwe,176784,1740,drum,REGION-4-MIXTURE,SaturatedMixture,271.00374035835273,5.589759417934446,0.03868630785629731,true,REGION-4-MIXTURE-TABLE-C2,SaturatedMixture,271.0037417411804,5.589760502111417,0.03868629667006157,true,1.939577162896313E-07,2.541244482976995E-09
C3-VAPOR-SEAM-COMPLETE-SURROGATE,exact-v9-5-to-6mwe,176784,1740,feedwater-inventory,REGION-4-MIXTURE,SaturatedMixture,47.827488413453125,0.011079714406014254,1.4963381640703339E-05,true,REGION-4-MIXTURE-TABLE-C2,SaturatedMixture,47.8274879604578,0.011080395528592557,1.4962266589746652E-05,true,6.14747414367098E-05,1.411299357065285E-09
C3-VAPOR-SEAM-COMPLETE-SURROGATE,exact-v9-5-to-6mwe,182784,1800,suction,REGION-4-MIXTURE,SaturatedMixture,269.5699443995951,5.465915829672343,0.0008896685453588766,true,REGION-4-MIXTURE-TABLE-C2,SaturatedMixture,269.5699152946472,5.465928755176121,0.0008896535106181471,true,2.3647462164252706E-06,5.36279312838966E-08
C3-VAPOR-SEAM-COMPLETE-SURROGATE,exact-v9-5-to-6mwe,182784,1800,pressure,REGION-4-MIXTURE,SaturatedMixture,269.8474434912206,5.489719574607868,0.0009051911966636977,true,REGION-4-MIXTURE-TABLE-C2,SaturatedMixture,269.847392141819,5.489742366269765,0.000905164412380978,true,4.1516987502890325E-06,9.456656233505103E-08
C3-VAPOR-SEAM-COMPLETE-SURROGATE,exact-v9-5-to-6mwe,182784,1800,outlet,REGION-4-MIXTURE,SaturatedMixture,277.9191054522993,6.217449694590683,0.14017168440248198,true,REGION-4-MIXTURE-TABLE-C2,SaturatedMixture,277.91922476887703,6.217479518396366,0.1401712248609397,true,4.796790830295823E-06,2.16518357809742E-07
C3-VAPOR-SEAM-COMPLETE-SURROGATE,exact-v9-5-to-6mwe,182784,1800,drum,REGION-4-MIXTURE,SaturatedMixture,271.0544894754886,5.594181755183046,0.03877997402388445,true,REGION-4-MIXTURE-TABLE-C2,SaturatedMixture,271.0545074939728,5.59419593022151,0.03877982728649463,true,2.533889509537409E-06,3.310976761911527E-08
C3-VAPOR-SEAM-COMPLETE-SURROGATE,exact-v9-5-to-6mwe,182784,1800,feedwater-inventory,REGION-4-MIXTURE,SaturatedMixture,47.862737081945,0.011099410844179348,1.5654985176226882E-05,true,REGION-4-MIXTURE-TABLE-C2,SaturatedMixture,47.86273670941591,0.01110001139282666,1.565395669960905E-05,true,5.410635354816607E-05,1.1604807026535982E-09
C3-VAPOR-SEAM-COMPLETE-SURROGATE,exact-v9-5-to-6mwe,188784,1860,suction,REGION-4-MIXTURE,SaturatedMixture,269.58908331394184,5.467555022031855,0.0008884080705134151,true,REGION-4-MIXTURE-TABLE-C2,SaturatedMixture,269.58904790878296,5.467570753911787,0.0008883897738710963,true,2.877315338905542E-06,6.52342165349744E-08
C3-VAPOR-SEAM-COMPLETE-SURROGATE,exact-v9-5-to-6mwe,188784,1860,pressure,REGION-4-MIXTURE,SaturatedMixture,269.8816254317761,5.492657151944929,0.0009056405510384544,true,REGION-4-MIXTURE-TABLE-C2,SaturatedMixture,269.8815816938877,5.492676581159149,0.0009056177020456655,true,3.5373069321890892E-06,8.054390638780349E-08
C3-VAPOR-SEAM-COMPLETE-SURROGATE,exact-v9-5-to-6mwe,188784,1860,outlet,REGION-4-MIXTURE,SaturatedMixture,278.13301288485525,6.237686742146946,0.1358409741585088,true,REGION-4-MIXTURE-TABLE-C2,SaturatedMixture,278.13317912817,6.237729337954244,0.13584032160531778,true,6.828782697670607E-06,3.015571147310176E-07
C3-VAPOR-SEAM-COMPLETE-SURROGATE,exact-v9-5-to-6mwe,188784,1860,drum,REGION-4-MIXTURE,SaturatedMixture,271.1053811609744,5.598619198118851,0.038874213549072896,true,REGION-4-MIXTURE-TABLE-C2,SaturatedMixture,271.1054121553898,5.5986434948446,0.038873961562397814,true,4.339771091562425E-06,5.6948293888752105E-08
C3-VAPOR-SEAM-COMPLETE-SURROGATE,exact-v9-5-to-6mwe,188784,1860,feedwater-inventory,REGION-4-MIXTURE,SaturatedMixture,47.89822296798229,0.011119270202672725,1.6353822798472466E-05,true,REGION-4-MIXTURE-TABLE-C2,SaturatedMixture,47.89822268486023,0.01111975927316584,1.6352947890933773E-05,true,4.398404609309217E-05,8.818677146558785E-10
C3-VAPOR-SEAM-COMPLETE-SURROGATE,exact-v9-5-to-6mwe,194784,1920,suction,REGION-4-MIXTURE,SaturatedMixture,269.60824417471883,5.469196470008422,0.0008871448915401767,true,REGION-4-MIXTURE-TABLE-C2,SaturatedMixture,269.60820311307907,5.469214691379639,0.0008871237002267705,true,3.331635884197905E-06,7.56536454374171E-08
C3-VAPOR-SEAM-COMPLETE-SURROGATE,exact-v9-5-to-6mwe,194784,1920,pressure,REGION-4-MIXTURE,SaturatedMixture,269.9158253133297,5.495597472140865,0.0009060906814126842,true,REGION-4-MIXTURE-TABLE-C2,SaturatedMixture,269.915791451931,5.49561253016518,0.000906072960668729,true,2.7400158746882526E-06,6.235229163996824E-08
C3-VAPOR-SEAM-COMPLETE-SURROGATE,exact-v9-5-to-6mwe,194784,1920,outlet,REGION-4-MIXTURE,SaturatedMixture,278.3475722014904,6.258035954183596,0.13175815882505487,true,REGION-4-MIXTURE-TABLE-C2,SaturatedMixture,278.3477478325367,6.2580817466217304,0.13175745885053736,true,7.3173817584296055E-06,3.184620480137605E-07
C3-VAPOR-SEAM-COMPLETE-SURROGATE,exact-v9-5-to-6mwe,194784,1920,drum,REGION-4-MIXTURE,SaturatedMixture,271.15636810064314,5.603067641180313,0.03896885733947543,true,REGION-4-MIXTURE-TABLE-C2,SaturatedMixture,271.1564083993435,5.603099061077737,0.038968530992191296,true,5.607624150983796E-06,7.403679750431961E-08
C3-VAPOR-SEAM-COMPLETE-SURROGATE,exact-v9-5-to-6mwe,194784,1920,feedwater-inventory,REGION-4-MIXTURE,SaturatedMixture,47.93393765389919,0.01113928840948686,1.7060153775035382E-05,true,REGION-4-MIXTURE-TABLE-C2,SaturatedMixture,47.93393746763468,0.011139634484365155,1.7059507938019272E-05,true,3.106795206054873E-05,5.801115941335963E-10
C3-VAPOR-SEAM-COMPLETE-SURROGATE,exact-v9-5-to-6mwe,200784,1980,suction,REGION-4-MIXTURE,SaturatedMixture,269.627409541607,5.470838680385202,0.0008858801546890522,true,REGION-4-MIXTURE-TABLE-C2,SaturatedMixture,269.62736359238625,5.470859081559357,0.0008858564314480487,true,3.7290761704425867E-06,8.465573537244983E-08
C3-VAPOR-SEAM-COMPLETE-SURROGATE,exact-v9-5-to-6mwe,200784,1980,pressure,REGION-4-MIXTURE,SaturatedMixture,269.9500148475171,5.498538103852888,0.0009065409412907675,true,REGION-4-MIXTURE-TABLE-C2,SaturatedMixture,269.9499930739403,5.498547780920702,0.0009065295440454213,true,1.759934664626495E-06,4.009128375880368E-08
C3-VAPOR-SEAM-COMPLETE-SURROGATE,exact-v9-5-to-6mwe,200784,1980,outlet,REGION-4-MIXTURE,SaturatedMixture,278.56269953846925,6.278489896163884,0.1279000697380893,true,REGION-4-MIXTURE-TABLE-C2,SaturatedMixture,278.5627875030041,6.278513415050197,0.12789971254827634,true,3.7459463504917054E-06,1.5943902487892632E-07
C3-VAPOR-SEAM-COMPLETE-SURROGATE,exact-v9-5-to-6mwe,200784,1980,drum,REGION-4-MIXTURE,SaturatedMixture,271.20735141038915,5.6075184654446595,0.0390639271321025,true,REGION-4-MIXTURE-TABLE-C2,SaturatedMixture,271.2073971629143,5.60755397374624,0.03906355770964228,true,6.3322665452903845E-06,8.404869523009502E-08
C3-VAPOR-SEAM-COMPLETE-SURROGATE,exact-v9-5-to-6mwe,200784,1980,feedwater-inventory,REGION-4-MIXTURE,SaturatedMixture,47.96985266357666,0.0111594500999022,1.7774222638992802E-05,true,REGION-4-MIXTURE-TABLE-C2,SaturatedMixture,47.969852574169636,0.011159621175370282,1.777388999801306E-05,true,1.5330098396437557E-05,2.7842259911651326E-10
C3-VAPOR-SEAM-COMPLETE-SURROGATE,exact-v9-5-to-6mwe,206784,2040,suction,REGION-4-MIXTURE,SaturatedMixture,269.6465640187264,5.472480333816607,0.000884614875680247,true,REGION-4-MIXTURE-TABLE-C2,SaturatedMixture,269.6465138196945,5.472502591892283,0.0008845889939684968,true,4.067273762203549E-06,9.248222115417972E-08
C3-VAPOR-SEAM-COMPLETE-SURROGATE,exact-v9-5-to-6mwe,206784,2040,pressure,REGION-4-MIXTURE,SaturatedMixture,269.984167456627,5.501476758986423,0.00090699031178017,true,REGION-4-MIXTURE-TABLE-C2,SaturatedMixture,269.98416006565094,5.501480059635593,0.0009069864225179023,true,5.999569414862912E-07,1.3608011627118811E-08
C3-VAPOR-SEAM-COMPLETE-SURROGATE,exact-v9-5-to-6mwe,206784,2040,outlet,REGION-4-MIXTURE,SaturatedMixture,278.77853245735173,6.299062188517196,0.12424827650769203,true,REGION-4-MIXTURE-TABLE-C2,SaturatedMixture,278.7787251472473,6.299114623579976,0.12424748226870631,true,8.32426497966908E-06,3.491210985713943E-07
C3-VAPOR-SEAM-COMPLETE-SURROGATE,exact-v9-5-to-6mwe,206784,2040,drum,REGION-4-MIXTURE,SaturatedMixture,271.2583651363849,5.6119746463846045,0.039159222023086,true,REGION-4-MIXTURE-TABLE-C2,SaturatedMixture,271.25841242074966,5.61201120123132,0.039158841027342725,true,6.513722712446718E-06,8.685458893836768E-08
C3-VAPOR-SEAM-COMPLETE-SURROGATE,exact-v9-5-to-6mwe,206784,2040,feedwater-inventory,REGION-4-MIXTURE,SaturatedMixture,48.00592249780897,0.011179730235908587,1.8496250241919607E-05,true,REGION-4-MIXTURE-TABLE-C2,SaturatedMixture,48.005922473967075,0.011179766008502831,1.8496180125149084E-05,true,3.199772578550184E-06,7.42377466707631E-11
C3-VAPOR-SEAM-COMPLETE-SURROGATE,exact-v9-5-to-6mwe,212784,2100,suction,REGION-4-MIXTURE,SaturatedMixture,269.665693461895,5.474120217062952,0.0008833499914814083,true,REGION-4-MIXTURE-TABLE-C2,SaturatedMixture,269.6656398177147,5.474144022819847,0.0008833223142988683,true,4.3487822611807176E-06,9.882577262224517E-08
C3-VAPOR-SEAM-COMPLETE-SURROGATE,exact-v9-5-to-6mwe,212784,2100,pressure,REGION-4-MIXTURE,SaturatedMixture,270.01825814843176,5.50441128222243,0.000907439891396265,true,REGION-4-MIXTURE-TABLE-C2,SaturatedMixture,270.0182495713234,5.504415069579262,0.0009074354222019428,true,6.880584749959278E-07,1.579088658398274E-08
C3-VAPOR-SEAM-COMPLETE-SURROGATE,exact-v9-5-to-6mwe,212784,2100,outlet,REGION-4-MIXTURE,SaturatedMixture,278.99378421306585,6.319630317377965,0.1207826244768461,true,REGION-4-MIXTURE-TABLE-C2,SaturatedMixture,278.9937935471535,6.319632903151656,0.12078258541183222,true,4.091653405826004E-07,1.6905175587986516E-08
C3-VAPOR-SEAM-COMPLETE-SURROGATE,exact-v9-5-to-6mwe,212784,2100,drum,REGION-4-MIXTURE,SaturatedMixture,271.3093077659606,5.616427314501431,0.039254709204179374,true,REGION-4-MIXTURE-TABLE-C2,SaturatedMixture,271.30935275554657,5.616461882654678,0.03925434843994472,true,6.1548296295357565E-06,8.263167752477108E-08
C3-VAPOR-SEAM-COMPLETE-SURROGATE,exact-v9-5-to-6mwe,212784,2100,feedwater-inventory,REGION-4-MIXTURE,SaturatedMixture,48.042088118195466,0.011200095993050059,1.9226431775534558E-05,true,REGION-4-MIXTURE-TABLE-C2,SaturatedMixture,48.042087994515896,0.01120033172139472,1.922595151289093E-05,true,2.1046993240626866E-05,3.850641851779365E-10
C3-VAPOR-SEAM-COMPLETE-SURROGATE,exact-v9-5-to-6mwe,218784,2160,suction,REGION-4-MIXTURE,SaturatedMixture,269.6847838103771,5.475757122931954,0.0008820864372566563,true,REGION-4-MIXTURE-TABLE-C2,SaturatedMixture,269.684727370739,5.4757821543219265,0.000882057337228875,true,4.57131121968719E-06,1.0397203679341871E-07
C3-VAPOR-SEAM-COMPLETE-SURROGATE,exact-v9-5-to-6mwe,218784,2160,pressure,REGION-4-MIXTURE,SaturatedMixture,270.0522645592689,5.507339741148836,0.0009078880252199767,true,REGION-4-MIXTURE-TABLE-C2,SaturatedMixture,270.0522418022156,5.507349823759089,0.0009078761207956572,true,1.830758719683955E-06,4.1894253420010143E-08
C3-VAPOR-SEAM-COMPLETE-SURROGATE,exact-v9-5-to-6mwe,218784,2160,outlet,REGION-4-MIXTURE,SaturatedMixture,279.20919802188894,6.340265239444113,0.11748938693648206,true,REGION-4-MIXTURE-TABLE-C2,SaturatedMixture,279.20937713980675,6.3403161385994915,0.1174886237789927,true,8.02792209099183E-06,3.242779670391077E-07
C3-VAPOR-SEAM-COMPLETE-SURROGATE,exact-v9-5-to-6mwe,218784,2160,drum,REGION-4-MIXTURE,SaturatedMixture,271.36016235947625,5.620874977668143,0.03935034107829655,true,REGION-4-MIXTURE-TABLE-C2,SaturatedMixture,271.36020094156265,5.62090451299497,0.03935003227505903,true,5.254578147558255E-06,7.085650382862377E-08
C3-VAPOR-SEAM-COMPLETE-SURROGATE,exact-v9-5-to-6mwe,218784,2160,feedwater-inventory,REGION-4-MIXTURE,SaturatedMixture,48.07828054577118,0.0112205087299641,1.9964947844077434E-05,true,REGION-4-MIXTURE-TABLE-C2,SaturatedMixture,48.07828035205603,0.011220912695282432,1.99640931397889E-05,true,3.6002406669222445E-05,6.030451367305324E-10
C3-VAPOR-SEAM-COMPLETE-SURROGATE,exact-v9-5-to-6mwe,224784,2220,suction,REGION-4-MIXTURE,SaturatedMixture,269.7038233816626,5.4773900471246595,0.0008808249942171053,true,REGION-4-MIXTURE-TABLE-C2,SaturatedMixture,269.7037649154663,5.4774159940131835,0.0008807948341027452,true,4.737089800204438E-06,1.0770154643216233E-07
C3-VAPOR-SEAM-COMPLETE-SURROGATE,exact-v9-5-to-6mwe,224784,2220,pressure,REGION-4-MIXTURE,SaturatedMixture,270.086165201664,5.5102602757380295,0.0009083351710392996,true,REGION-4-MIXTURE-TABLE-C2,SaturatedMixture,270.0861304998398,5.510275639287848,0.0009083170171945349,true,2.7881713475082953E-06,6.38798122375098E-08
C3-VAPOR-SEAM-COMPLETE-SURROGATE,exact-v9-5-to-6mwe,224784,2220,outlet,REGION-4-MIXTURE,SaturatedMixture,279.42397137880334,6.3608899991217465,0.11435404180450633,true,REGION-4-MIXTURE-TABLE-C2,SaturatedMixture,279.42406383156776,6.360916743224043,0.1143536421453354,true,4.204459171593615E-06,1.673129195525937E-07
C3-VAPOR-SEAM-COMPLETE-SURROGATE,exact-v9-5-to-6mwe,224784,2220,drum,REGION-4-MIXTURE,SaturatedMixture,271.4109251201154,5.625317290678886,0.03944595210764702,true,REGION-4-MIXTURE-TABLE-C2,SaturatedMixture,271.41095328330994,5.625338769375638,0.03944572713392834,true,3.818219602907052E-06,5.1717251906153924E-08
C3-VAPOR-SEAM-COMPLETE-SURROGATE,exact-v9-5-to-6mwe,224784,2220,feedwater-inventory,REGION-4-MIXTURE,SaturatedMixture,48.11442436575891,0.011240925924257539,2.0711953301300457E-05,true,REGION-4-MIXTURE-TABLE-C2,SaturatedMixture,48.114424131810665,0.01124146604515771,2.0710767636222582E-05,true,4.8049502666393644E-05,7.282108579994602E-10
C3-VAPOR-SEAM-COMPLETE-SURROGATE,exact-v9-5-to-6mwe,230784,2280,suction,REGION-4-MIXTURE,SaturatedMixture,269.7228007018567,5.479018002333597,0.0008795664327853848,true,REGION-4-MIXTURE-TABLE-C2,SaturatedMixture,269.72274082899094,5.4790445443928935,0.0008795355822572222,true,4.844309561474827E-06,1.1028894008533802E-07
C3-VAPOR-SEAM-COMPLETE-SURROGATE,exact-v9-5-to-6mwe,230784,2280,pressure,REGION-4-MIXTURE,SaturatedMixture,270.11994096636784,5.51317122799742,0.0009087813796254093,true,REGION-4-MIXTURE-TABLE-C2,SaturatedMixture,270.1198965907097,5.5131908694364995,0.0009087581533572337,true,3.5626390451789307E-06,8.168252060850229E-08
C3-VAPOR-SEAM-COMPLETE-SURROGATE,exact-v9-5-to-6mwe,230784,2280,outlet,REGION-4-MIXTURE,SaturatedMixture,279.63773699402816,6.381468825344261,0.11136333814034974,true,REGION-4-MIXTURE-TABLE-C2,SaturatedMixture,279.63787549734116,6.381509949163787,0.11136272840040638,true,6.444256118963774E-06,2.5055424302558173E-07
C3-VAPOR-SEAM-COMPLETE-SURROGATE,exact-v9-5-to-6mwe,230784,2280,drum,REGION-4-MIXTURE,SaturatedMixture,271.46150371432316,5.629746152579223,0.03954158656193777,true,REGION-4-MIXTURE-TABLE-C2,SaturatedMixture,271.46151745319366,5.62975658509056,0.03954147710669467,true,1.8531051054046997E-06,2.5226919397294715E-08
C3-VAPOR-SEAM-COMPLETE-SURROGATE,exact-v9-5-to-6mwe,230784,2280,feedwater-inventory,REGION-4-MIXTURE,SaturatedMixture,48.15044099241493,0.011261302992122227,2.1467589256691103E-05,true,REGION-4-MIXTURE-TABLE-C2,SaturatedMixture,48.150440737605095,0.011261947076893689,2.1466123585151774E-05,true,5.719451576005747E-05,7.930578398535182E-10
C3-VAPOR-SEAM-COMPLETE-SURROGATE,exact-v9-5-to-6mwe,236784,2340,suction,REGION-4-MIXTURE,SaturatedMixture,269.7417052984239,5.480640086297664,0.00087831145985838,true,REGION-4-MIXTURE-TABLE-C2,SaturatedMixture,269.7416447997093,5.48066692049887,0.0008782802739602786,true,4.8961801511215834E-06,1.1143790551644658E-07
C3-VAPOR-SEAM-COMPLETE-SURROGATE,exact-v9-5-to-6mwe,236784,2340,pressure,REGION-4-MIXTURE,SaturatedMixture,270.1535745382308,5.516071092031928,0.0009092252942583847,true,REGION-4-MIXTURE-TABLE-C2,SaturatedMixture,270.153522759676,5.516094019283843,0.0009091981629981685,true,4.1564460523164036E-06,9.530317353825216E-08
C3-VAPOR-SEAM-COMPLETE-SURROGATE,exact-v9-5-to-6mwe,236784,2340,outlet,REGION-4-MIXTURE,SaturatedMixture,279.8510682284831,6.402056488081979,0.10850801803531035,true,REGION-4-MIXTURE-TABLE-C2,SaturatedMixture,279.8512095808983,6.402099232044716,0.10850738644924468,true,6.676598811018646E-06,2.5560966030561667E-07
C3-VAPOR-SEAM-COMPLETE-SURROGATE,exact-v9-5-to-6mwe,236784,2340,drum,REGION-4-MIXTURE,SaturatedMixture,271.51193360686295,5.6341646436292265,0.03963711015713397,true,REGION-4-MIXTURE-TABLE-C2,SaturatedMixture,271.51193803548813,5.634168068175978,0.0396370743490158,true,6.078180116612732E-07,8.130961430875778E-09
C3-VAPOR-SEAM-COMPLETE-SURROGATE,exact-v9-5-to-6mwe,236784,2340,feedwater-inventory,REGION-4-MIXTURE,SaturatedMixture,48.1862515375019,0.011281594901854998,2.223198383115482E-05,true,REGION-4-MIXTURE-TABLE-C2,SaturatedMixture,48.186251282691956,0.011282310931127838,2.2230296161068748E-05,true,6.34687984340694E-05,7.929698132254687E-10
C3-VAPOR-SEAM-COMPLETE-SURROGATE,exact-v9-5-to-6mwe,242784,2400,suction,REGION-4-MIXTURE,SaturatedMixture,269.7605286598206,5.482255564273977,0.0008770606546617512,true,REGION-4-MIXTURE-TABLE-C2,SaturatedMixture,269.76046818494797,5.482282380599804,0.0008770294923396325,true,4.8914767858189644E-06,1.1139012676938032E-07
C3-VAPOR-SEAM-COMPLETE-SURROGATE,exact-v9-5-to-6mwe,242784,2400,pressure,REGION-4-MIXTURE,SaturatedMixture,270.1870496869085,5.518958453185912,0.000909668152802956,true,REGION-4-MIXTURE-TABLE-C2,SaturatedMixture,270.1869927048683,5.518983681391144,0.0009096382764394176,true,4.5711895542498285E-06,1.048742032422324E-07
C3-VAPOR-SEAM-COMPLETE-SURROGATE,exact-v9-5-to-6mwe,242784,2400,outlet,REGION-4-MIXTURE,SaturatedMixture,280.0627813100815,6.422538103653541,0.10577623997933351,true,REGION-4-MIXTURE-TABLE-C2,SaturatedMixture,280.06285309791565,6.422560399961717,0.10577591319672733,true,3.471572735871567E-06,1.2976532099410277E-07
C3-VAPOR-SEAM-COMPLETE-SURROGATE,exact-v9-5-to-6mwe,242784,2400,drum,REGION-4-MIXTURE,SaturatedMixture,271.5621550083159,5.638567498270978,0.03973247198372388,true,REGION-4-MIXTURE-TABLE-C2,SaturatedMixture,271.5621758699417,5.638583516137842,0.03973230431732158,true,2.8407688422486836E-06,3.8298439998562305E-08
C3-VAPOR-SEAM-COMPLETE-SURROGATE,exact-v9-5-to-6mwe,242784,2400,feedwater-inventory,REGION-4-MIXTURE,SaturatedMixture,48.22177927196026,0.0113017575729875,2.300524806770802E-05,true,REGION-4-MIXTURE-TABLE-C2,SaturatedMixture,48.22177903354168,0.011302513972936225,2.300340291486522E-05,true,6.69276388065861E-05,7.418777704802799E-10
C3-VAPOR-SEAM-COMPLETE-SURROGATE,exact-v9-5-to-6mwe,248784,2460,suction,REGION-4-MIXTURE,SaturatedMixture,269.7792617738247,5.483863657895556,0.0008758146319084572,true,REGION-4-MIXTURE-TABLE-C2,SaturatedMixture,269.77920204401016,5.483890157387443,0.000875783841834432,true,4.832266726560721E-06,1.1001399032538932E-07
C3-VAPOR-SEAM-COMPLETE-SURROGATE,exact-v9-5-to-6mwe,248784,2460,pressure,REGION-4-MIXTURE,SaturatedMixture,270.2203527688979,5.5218321178885645,0.0009101087419261354,true,REGION-4-MIXTURE-TABLE-C2,SaturatedMixture,270.2202927470207,5.521858674744923,0.0009100772678639054,true,4.8094284272797334E-06,1.1046218636933908E-07
C3-VAPOR-SEAM-COMPLETE-SURROGATE,exact-v9-5-to-6mwe,248784,2460,outlet,REGION-4-MIXTURE,SaturatedMixture,280.2734861910343,6.442971835092438,0.10316011024773743,true,REGION-4-MIXTURE-TABLE-C2,SaturatedMixture,280.2736440896988,6.443021774439025,0.10315938138486684,true,7.750980116803226E-06,2.8531254714896613E-07
C3-VAPOR-SEAM-COMPLETE-SURROGATE,exact-v9-5-to-6mwe,248784,2460,drum,REGION-4-MIXTURE,SaturatedMixture,271.6121370434762,5.642951975668904,0.03982768743716165,true,REGION-4-MIXTURE-TABLE-C2,SaturatedMixture,271.61217057704926,5.6429775954209695,0.03982741886138224,true,4.540132926183874E-06,6.15563578659819E-08
C3-VAPOR-SEAM-COMPLETE-SURROGATE,exact-v9-5-to-6mwe,248784,2460,feedwater-inventory,REGION-4-MIXTURE,SaturatedMixture,48.256951592117616,0.011321749007899265,2.378749059772209E-05,true,REGION-4-MIXTURE-TABLE-C2,SaturatedMixture,48.25695138424635,0.011322514914588609,2.3785558367578177E-05,true,6.764914933274107E-05,6.467541098180012E-10
C3-VAPOR-SEAM-COMPLETE-SURROGATE,exact-v9-5-to-6mwe,254784,2520,suction,REGION-4-MIXTURE,SaturatedMixture,269.7978978395462,5.485463778013837,0.0008745738612883097,true,REGION-4-MIXTURE-TABLE-C2,SaturatedMixture,269.7978394627571,5.485489657476741,0.0008745437935290438,true,4.717825866966486E-06,1.0751821547254967E-07
C3-VAPOR-SEAM-COMPLETE-SURROGATE,exact-v9-5-to-6mwe,254784,2520,pressure,REGION-4-MIXTURE,SaturatedMixture,270.25347097516044,5.524690962822038,0.0009105470487279202,true,REGION-4-MIXTURE-TABLE-C2,SaturatedMixture,270.2534101307392,5.524717898095137,0.0009105151038173733,true,4.8754352560727524E-06,1.11969143513878E-07
C3-VAPOR-SEAM-COMPLETE-SURROGATE,exact-v9-5-to-6mwe,254784,2520,outlet,REGION-4-MIXTURE,SaturatedMixture,280.48288751244525,6.463328307597143,0.10065168323196329,true,REGION-4-MIXTURE-TABLE-C2,SaturatedMixture,280.48290807008743,6.463334922696086,0.10065158718742098,true,1.0234818082055439E-06,3.7132263366862244E-08
C3-VAPOR-SEAM-COMPLETE-SURROGATE,exact-v9-5-to-6mwe,254784,2520,drum,REGION-4-MIXTURE,SaturatedMixture,271.66190503835685,5.647320263100236,0.03992261055880085,true,REGION-4-MIXTURE-TABLE-C2,SaturatedMixture,271.6619474887848,5.647352532475105,0.039922271777913826,true,5.714103922717172E-06,7.791758503851422E-08
C3-VAPOR-SEAM-COMPLETE-SURROGATE,exact-v9-5-to-6mwe,254784,2520,feedwater-inventory,REGION-4-MIXTURE,SaturatedMixture,48.29170162081721,0.011341530226767585,2.4578808955240703E-05,true,REGION-4-MIXTURE-TABLE-C2,SaturatedMixture,48.29170145094395,0.011342275722226146,2.4576865269350015E-05,true,6.57314704149684E-05,5.284729998960083E-10
C3-VAPOR-SEAM-COMPLETE-SURROGATE,exact-v9-5-to-6mwe,260784,2580,suction,REGION-4-MIXTURE,SaturatedMixture,269.81642926335314,5.487055266897173,0.000873338867030893,true,REGION-4-MIXTURE-TABLE-C2,SaturatedMixture,269.81637293100357,5.487080236328764,0.000873309859365681,true,4.550606906099631E-06,1.0374923114309649E-07
C3-VAPOR-SEAM-COMPLETE-SURROGATE,exact-v9-5-to-6mwe,260784,2580,pressure,REGION-4-MIXTURE,SaturatedMixture,270.28639316558827,5.5275340071627355,0.0009109838422333178,true,REGION-4-MIXTURE-TABLE-C2,SaturatedMixture,270.2863335609436,5.527560376269429,0.000910952544883913,true,4.770501033474539E-06,1.0968099562581541E-07
C3-VAPOR-SEAM-COMPLETE-SURROGATE,exact-v9-5-to-6mwe,260784,2580,outlet,REGION-4-MIXTURE,SaturatedMixture,280.6903158664703,6.483541378687517,0.09824218240227715,true,REGION-4-MIXTURE-TABLE-C2,SaturatedMixture,280.6904573738575,6.483588249491168,0.09824150690271077,true,7.229197889550616E-06,2.5550214227833383E-07
C3-VAPOR-SEAM-COMPLETE-SURROGATE,exact-v9-5-to-6mwe,260784,2580,drum,REGION-4-MIXTURE,SaturatedMixture,271.71136682629583,5.651664231423629,0.04001730164747268,true,REGION-4-MIXTURE-TABLE-C2,SaturatedMixture,271.7114143371582,5.651700217784507,0.040016923178431855,true,6.367391869776062E-06,8.719807508090017E-08
C3-VAPOR-SEAM-COMPLETE-SURROGATE,exact-v9-5-to-6mwe,260784,2580,feedwater-inventory,REGION-4-MIXTURE,SaturatedMixture,48.32596928700798,0.011361065913860425,2.537930359507157E-05,true,REGION-4-MIXTURE-TABLE-C2,SaturatedMixture,48.32596915960312,0.01136176223443592,2.537742860550999E-05,true,6.129007443264155E-05,3.963122353370994E-10
C3-VAPOR-SEAM-COMPLETE-SURROGATE,exact-v9-5-to-6mwe,266784,2640,suction,REGION-4-MIXTURE,SaturatedMixture,269.8348390221596,5.488636656191929,0.000872110804543449,true,REGION-4-MIXTURE-TABLE-C2,SaturatedMixture,269.8347853720188,5.488660428384755,0.0008720831900823143,true,4.331165335743273E-06,9.88059646042474E-08
C3-VAPOR-SEAM-COMPLETE-SURROGATE,exact-v9-5-to-6mwe,266784,2640,pressure,REGION-4-MIXTURE,SaturatedMixture,270.3190940141677,5.530359042915462,0.0009114177536872014,true,REGION-4-MIXTURE-TABLE-C2,SaturatedMixture,270.31903779506683,5.530383929924842,0.0009113881951310391,true,4.500071186410053E-06,1.0344489043285092E-07
C3-VAPOR-SEAM-COMPLETE-SURROGATE,exact-v9-5-to-6mwe,266784,2640,outlet,REGION-4-MIXTURE,SaturatedMixture,280.8963150322435,6.503662931149712,0.09592737193640359,true,REGION-4-MIXTURE-TABLE-C2,SaturatedMixture,280.8964111804962,6.503695377360952,0.09592690643504764,true,4.9889134143379335E-06,1.7353829477540732E-07
C3-VAPOR-SEAM-COMPLETE-SURROGATE,exact-v9-5-to-6mwe,266784,2640,drum,REGION-4-MIXTURE,SaturatedMixture,271.76054902672774,5.6559861742030275,0.04011145274484312,true,REGION-4-MIXTURE-TABLE-C2,SaturatedMixture,271.760597884655,5.6560230035278405,0.04011106483955508,true,6.511565565868774E-06,8.966228923525414E-08
C3-VAPOR-SEAM-COMPLETE-SURROGATE,exact-v9-5-to-6mwe,266784,2640,feedwater-inventory,REGION-4-MIXTURE,SaturatedMixture,48.35970218628648,0.011380324944312396,2.6188901710217643E-05,true,REGION-4-MIXTURE-TABLE-C2,SaturatedMixture,48.359702095389366,0.011380944645247453,2.6187179420007994E-05,true,5.445371183065818E-05,2.8271967150731634E-10
C3-VAPOR-SEAM-COMPLETE-SURROGATE,exact-v9-5-to-6mwe,272784,2700,suction,REGION-4-MIXTURE,SaturatedMixture,269.85314221978194,5.490209236889209,0.0008708886873087519,true,REGION-4-MIXTURE-TABLE-C2,SaturatedMixture,269.8530918955803,5.490231530395654,0.0008708627928971832,true,4.060593227584953E-06,9.267755145274197E-08
C3-VAPOR-SEAM-COMPLETE-SURROGATE,exact-v9-5-to-6mwe,272784,2700,pressure,REGION-4-MIXTURE,SaturatedMixture,270.3515844941138,5.53316699652762,0.0009118489458522835,true,REGION-4-MIXTURE-TABLE-C2,SaturatedMixture,270.35153368115425,5.53318949563851,0.0009118222045818395,true,4.066226611999421E-06,9.349183333960268E-08
C3-VAPOR-SEAM-COMPLETE-SURROGATE,exact-v9-5-to-6mwe,272784,2700,outlet,REGION-4-MIXTURE,SaturatedMixture,281.1006812334059,6.523672077861695,0.09369971225579947,true,REGION-4-MIXTURE-TABLE-C2,SaturatedMixture,281.10077211260796,6.523703635401628,0.09369926342150785,true,4.837389058752362E-06,1.639676866900027E-07
C3-VAPOR-SEAM-COMPLETE-SURROGATE,exact-v9-5-to-6mwe,272784,2700,drum,REGION-4-MIXTURE,SaturatedMixture,271.80945309996594,5.6602861778725595,0.04020544349334972,true,REGION-4-MIXTURE-TABLE-C2,SaturatedMixture,271.809499502182,5.660321010195319,0.040205076036390355,true,6.153809483279928E-06,8.514801570533825E-08
C3-VAPOR-SEAM-COMPLETE-SURROGATE,exact-v9-5-to-6mwe,272784,2700,feedwater-inventory,REGION-4-MIXTURE,SaturatedMixture,48.392855721712124,0.011399280503060171,2.700777724802077E-05,true,REGION-4-MIXTURE-TABLE-C2,SaturatedMixture,48.3928556740284,0.011399797601579399,2.700629486364209E-05,true,4.536238222130837E-05,1.482966464360366E-10
C3-VAPOR-SEAM-COMPLETE-SURROGATE,exact-v9-5-to-6mwe,278784,2760,suction,REGION-4-MIXTURE,SaturatedMixture,269.87132650613796,5.491771941587262,0.0008696733605962244,true,REGION-4-MIXTURE-TABLE-C2,SaturatedMixture,269.8712801337242,5.491792480918382,0.000869649505934254,true,3.740018947967254E-06,8.539703964723858E-08
C3-VAPOR-SEAM-COMPLETE-SURROGATE,exact-v9-5-to-6mwe,278784,2760,pressure,REGION-4-MIXTURE,SaturatedMixture,270.38385555148113,5.535957064219906,0.0009122776238107948,true,REGION-4-MIXTURE-TABLE-C2,SaturatedMixture,270.3838121294975,5.5359762886411295,0.0009122547582079745,true,3.472646373663114E-06,7.98882777249052E-08
C3-VAPOR-SEAM-COMPLETE-SURROGATE,exact-v9-5-to-6mwe,278784,2760,outlet,REGION-4-MIXTURE,SaturatedMixture,281.3032880485058,6.5435553494856205,0.09155373242258863,true,REGION-4-MIXTURE-TABLE-C2,SaturatedMixture,281.30341947078705,6.543601859856251,0.09155307411205889,true,7.1078134357144194E-06,2.370303938589396E-07
C3-VAPOR-SEAM-COMPLETE-SURROGATE,exact-v9-5-to-6mwe,278784,2760,drum,REGION-4-MIXTURE,SaturatedMixture,271.85805572271363,5.664562148327447,0.04029904069717619,true,REGION-4-MIXTURE-TABLE-C2,SaturatedMixture,271.85809594392776,5.6645921946919024,0.04029872327722298,true,5.304269538998738E-06,7.379930207074878E-08
C3-VAPOR-SEAM-COMPLETE-SURROGATE,exact-v9-5-to-6mwe,278784,2760,feedwater-inventory,REGION-4-MIXTURE,SaturatedMixture,48.42539348453289,0.011417910341151714,2.7836101094889847E-05,true,REGION-4-MIXTURE-TABLE-C2,SaturatedMixture,48.42539346218109,0.011418300385422426,2.7834948376073065E-05,true,3.416074036820396E-05,6.950717961343464E-11
C3-VAPOR-SEAM-COMPLETE-SURROGATE,exact-v9-5-to-6mwe,284784,2820,suction,REGION-4-MIXTURE,SaturatedMixture,269.8893888354303,5.493324501843102,0.0008684650499623678,true,REGION-4-MIXTURE-TABLE-C2,SaturatedMixture,269.889347076416,5.4933430216258285,0.0008684435445199219,true,3.3713250911574125E-06,7.689868382405327E-08
C3-VAPOR-SEAM-COMPLETE-SURROGATE,exact-v9-5-to-6mwe,284784,2820,pressure,REGION-4-MIXTURE,SaturatedMixture,270.4159002184865,5.538728621608807,0.0009127036546252036,true,REGION-4-MIXTURE-TABLE-C2,SaturatedMixture,270.4158661365509,5.53874370427438,0.0009126857020701021,true,2.7231277435276835E-06,6.27006506405584E-08
C3-VAPOR-SEAM-COMPLETE-SURROGATE,exact-v9-5-to-6mwe,284784,2820,outlet,REGION-4-MIXTURE,SaturatedMixture,281.5040671765804,6.563304891107259,0.08948431974989707,true,REGION-4-MIXTURE-TABLE-C2,SaturatedMixture,281.5040714740753,6.563306455344847,0.0894842978287567,true,2.3833078217450376E-07,7.74806346038183E-09
C3-VAPOR-SEAM-COMPLETE-SURROGATE,exact-v9-5-to-6mwe,284784,2820,drum,REGION-4-MIXTURE,SaturatedMixture,271.90634704828267,5.668813173634164,0.04039223727257891,true,REGION-4-MIXTURE-TABLE-C2,SaturatedMixture,271.9063772857189,5.66883568477316,0.0403919990476217,true,3.971049725229997E-06,5.5475798810214405E-08
C3-VAPOR-SEAM-COMPLETE-SURROGATE,exact-v9-5-to-6mwe,284784,2820,feedwater-inventory,REGION-4-MIXTURE,SaturatedMixture,48.45728705078358,0.011436196697612457,2.8673972888121814E-05,true,REGION-4-MIXTURE-TABLE-C2,SaturatedMixture,48.457287050783634,0.011436436841813433,2.867324165627537E-05,true,2.099860708291747E-05,1.7674791943328113E-16
C3-VAPOR-SEAM-COMPLETE-SURROGATE,exact-v9-5-to-6mwe,290784,2880,suction,REGION-4-MIXTURE,SaturatedMixture,269.90732603669187,5.494866638268398,0.0008672639899900221,true,REGION-4-MIXTURE-TABLE-C2,SaturatedMixture,269.9072893857956,5.494882866056246,0.0008672451463190971,true,2.953263275708027E-06,6.74899214499275E-08
C3-VAPOR-SEAM-COMPLETE-SURROGATE,exact-v9-5-to-6mwe,290784,2880,pressure,REGION-4-MIXTURE,SaturatedMixture,270.4477130711076,5.54148117712994,0.0009131269735124795,true,REGION-4-MIXTURE-TABLE-C2,SaturatedMixture,270.4476902484894,5.541491271676677,0.0009131149493682025,true,1.8216333168887131E-06,4.19843897161514E-08
C3-VAPOR-SEAM-COMPLETE-SURROGATE,exact-v9-5-to-6mwe,290784,2880,outlet,REGION-4-MIXTURE,SaturatedMixture,281.7029600799086,6.582913756731737,0.08748683051640017,true,REGION-4-MIXTURE-TABLE-C2,SaturatedMixture,281.70308500528336,6.582960180379279,0.08748618259534212,true,7.052142752846412E-06,2.2515041591674794E-07
C3-VAPOR-SEAM-COMPLETE-SURROGATE,exact-v9-5-to-6mwe,290784,2880,drum,REGION-4-MIXTURE,SaturatedMixture,271.95431818962084,5.673038424681676,0.04048500592771187,true,REGION-4-MIXTURE-TABLE-C2,SaturatedMixture,271.954334795475,5.673050712968774,0.04048487574167649,true,2.166085645503803E-06,3.0463626166086426E-08
C3-VAPOR-SEAM-COMPLETE-SURROGATE,exact-v9-5-to-6mwe,290784,2880,feedwater-inventory,REGION-4-MIXTURE,SaturatedMixture,48.48851566314704,0.011454126153000852,2.9521499235631006E-05,true,REGION-4-MIXTURE-TABLE-C2,SaturatedMixture,48.48851566761732,0.011454195158521342,2.9521282859641963E-05,true,6.024512002807552E-06,1.3898460316031931E-11
C3-VAPOR-SEAM-COMPLETE-SURROGATE,exact-v9-5-to-6mwe,296784,2940,suction,REGION-4-MIXTURE,SaturatedMixture,269.92513548135753,5.496398117933954,0.0008660703795524911,true,REGION-4-MIXTURE-TABLE-C2,SaturatedMixture,269.92510455846786,5.4964117993633215,0.0008660544936912777,true,2.4891627341468484E-06,5.6940352528917116E-08
C3-VAPOR-SEAM-COMPLETE-SURROGATE,exact-v9-5-to-6mwe,296784,2940,pressure,REGION-4-MIXTURE,SaturatedMixture,270.47928985357294,5.5442143397969605,0.0009135475255151004,true,REGION-4-MIXTURE-TABLE-C2,SaturatedMixture,270.47928017377853,5.544218620333988,0.0009135424231135206,true,7.720727888045304E-07,1.7805873567040823E-08
C3-VAPOR-SEAM-COMPLETE-SURROGATE,exact-v9-5-to-6mwe,296784,2940,outlet,REGION-4-MIXTURE,SaturatedMixture,281.8999184429648,6.602375966833371,0.08555699672178615,true,REGION-4-MIXTURE-TABLE-C2,SaturatedMixture,281.89999920129776,6.602406584050181,0.08555657148300677,true,4.6373028381997795E-06,1.4549742333556292E-07
C3-VAPOR-SEAM-COMPLETE-SURROGATE,exact-v9-5-to-6mwe,296784,2940,drum,REGION-4-MIXTURE,SaturatedMixture,272.00196151137345,5.6772371811977065,0.04057732658586686,true,REGION-4-MIXTURE-TABLE-C2,SaturatedMixture,272.001962274313,5.6772377598267525,0.040577320467802734,true,1.0192088643524527E-07,1.3994988098766761E-09
C3-VAPOR-SEAM-COMPLETE-SURROGATE,exact-v9-5-to-6mwe,296784,2940,feedwater-inventory,REGION-4-MIXTURE,SaturatedMixture,48.51906575113537,0.011471689386895554,3.03787918349558E-05,true,REGION-4-MIXTURE-TABLE-C2,SaturatedMixture,48.519065745174885,0.01147180353511092,3.0378434985917037E-05,true,9.95042765858303E-06,1.8529873865825932E-11
C3-VAPOR-SEAM-COMPLETE-SURROGATE,exact-v9-5-to-6mwe,302784,3000,suction,REGION-4-MIXTURE,SaturatedMixture,269.9428149163722,5.4979187400670675,0.0008648843928346774,true,REGION-4-MIXTURE-TABLE-C2,SaturatedMixture,269.94279032945633,5.497929627162302,0.0008648717533816735,true,1.9802211980476754E-06,4.5272033031679486E-08
C3-VAPOR-SEAM-COMPLETE-SURROGATE,exact-v9-5-to-6mwe,302784,3000,pressure,REGION-4-MIXTURE,SaturatedMixture,270.5106271028518,5.546927786882517,0.0009139652713696375,true,REGION-4-MIXTURE-TABLE-C2,SaturatedMixture,270.51062202453613,5.546930033946316,0.0009139625907633122,true,4.0510060440056385E-07,9.340966429210338E-09
C3-VAPOR-SEAM-COMPLETE-SURROGATE,exact-v9-5-to-6mwe,302784,3000,outlet,REGION-4-MIXTURE,SaturatedMixture,282.0949025034904,6.621686355326797,0.08369089475203428,true,REGION-4-MIXTURE-TABLE-C2,SaturatedMixture,282.09497731924057,6.621715604152237,0.0836904922908393,true,4.417126373908621E-06,1.3474369567413498E-07
C3-VAPOR-SEAM-COMPLETE-SURROGATE,exact-v9-5-to-6mwe,302784,3000,drum,REGION-4-MIXTURE,SaturatedMixture,272.04927046298974,5.681408817366673,0.040669181416813076,true,REGION-4-MIXTURE-TABLE-C2,SaturatedMixture,272.0492880344391,5.681421992745676,0.040669042121641,true,2.3190337865922693E-06,3.222940730106879E-08
C3-VAPOR-SEAM-COMPLETE-SURROGATE,exact-v9-5-to-6mwe,302784,3000,feedwater-inventory,REGION-4-MIXTURE,SaturatedMixture,48.548930336534966,0.011488880865469404,3.124596940294339E-05,true,REGION-4-MIXTURE-TABLE-C2,SaturatedMixture,48.54893034696579,0.011489155734683166,3.1245085453668985E-05,true,2.3924803205822193E-05,3.242418056368811E-11
C3-VAPOR-SEAM-COMPLETE-SURROGATE,exact-v9-5-to-6mwe,308784,3060,suction,REGION-4-MIXTURE,SaturatedMixture,269.9603627145292,5.499428357627526,0.0008637061623908476,true,REGION-4-MIXTURE-TABLE-C2,SaturatedMixture,269.9603449702263,5.499436201106922,0.0008636970565161306,true,1.4262353987687149E-06,3.267163384640142E-08
C3-VAPOR-SEAM-COMPLETE-SURROGATE,exact-v9-5-to-6mwe,308784,3060,pressure,REGION-4-MIXTURE,SaturatedMixture,270.54172206521014,5.549621256826255,0.000914380182831246,true,REGION-4-MIXTURE-TABLE-C2,SaturatedMixture,270.5417033433914,5.549629514654866,0.000914370323235546,true,1.4879985910710947E-06,3.4434621605418525E-08
C3-VAPOR-SEAM-COMPLETE-SURROGATE,exact-v9-5-to-6mwe,308784,3060,outlet,REGION-4-MIXTURE,SaturatedMixture,282.28788021802904,6.64084049701058,0.08188491044554737,true,REGION-4-MIXTURE-TABLE-C2,SaturatedMixture,282.2879959344864,6.640886663453413,0.08188427855038569,true,6.9518975578233345E-06,2.083337515597301E-07
C3-VAPOR-SEAM-COMPLETE-SURROGATE,exact-v9-5-to-6mwe,308784,3060,drum,REGION-4-MIXTURE,SaturatedMixture,272.09623962044714,5.6855528058038844,0.04076055509031608,true,REGION-4-MIXTURE-TABLE-C2,SaturatedMixture,272.0962705016136,5.685575873956247,0.040760310822463945,true,4.057327959205339E-06,5.6637101252388325E-08
C3-VAPOR-SEAM-COMPLETE-SURROGATE,exact-v9-5-to-6mwe,308784,3060,feedwater-inventory,REGION-4-MIXTURE,SaturatedMixture,48.578108470141956,0.011505698542849266,3.2123158629364795E-05,true,REGION-4-MIXTURE-TABLE-C2,SaturatedMixture,48.57810850441456,0.011506109090189,3.2121801031734324E-05,true,3.568208728973587E-05,1.0652660315170334E-10
C3-VAPOR-SEAM-COMPLETE-SURROGATE,exact-v9-5-to-6mwe,314784,3120,suction,REGION-4-MIXTURE,SaturatedMixture,269.9777773737907,5.50092683428004,0.000862535812608351,true,REGION-4-MIXTURE-TABLE-C2,SaturatedMixture,269.97776705026627,5.500931398427864,0.0008625305144536711,true,8.297052407234359E-07,1.900754267587517E-08
C3-VAPOR-SEAM-COMPLETE-SURROGATE,exact-v9-5-to-6mwe,314784,3120,pressure,REGION-4-MIXTURE,SaturatedMixture,270.5725726544857,5.552294545740403,0.0009147922379160597,true,REGION-4-MIXTURE-TABLE-C2,SaturatedMixture,270.5725422501564,5.552307941341729,0.0009147762320673156,true,2.412624405208732E-06,5.5918828556681757E-08
C3-VAPOR-SEAM-COMPLETE-SURROGATE,exact-v9-5-to-6mwe,314784,3120,outlet,REGION-4-MIXTURE,SaturatedMixture,282.4788263857366,6.659834629548312,0.08013570937283208,true,REGION-4-MIXTURE-TABLE-C2,SaturatedMixture,282.478845089674,6.659842246918879,0.08013560566509438,true,1.1437777348714712E-06,3.366264758619829E-08
C3-VAPOR-SEAM-COMPLETE-SURROGATE,exact-v9-5-to-6mwe,314784,3120,drum,REGION-4-MIXTURE,SaturatedMixture,272.1428643941882,5.689668692063452,0.04085143439040568,true,REGION-4-MIXTURE-TABLE-C2,SaturatedMixture,272.1429051756859,5.689699005584698,0.04085111299002124,true,5.327818347021654E-06,7.478824742195021E-08
C3-VAPOR-SEAM-COMPLETE-SURROGATE,exact-v9-5-to-6mwe,314784,3120,feedwater-inventory,REGION-4-MIXTURE,SaturatedMixture,48.60660451203586,0.011522143468147986,3.301049466223114E-05,true,REGION-4-MIXTURE-TABLE-C2,SaturatedMixture,48.60660457611084,0.011522666134095392,3.300871822050461E-05,true,4.5361867681199244E-05,1.9914115473102687E-10
C3-VAPOR-SEAM-COMPLETE-SURROGATE,exact-v9-5-to-6mwe,320784,3180,suction,REGION-4-MIXTURE,SaturatedMixture,269.99505785107624,5.502414073138238,0.0008613734372003052,true,REGION-4-MIXTURE-TABLE-C2,SaturatedMixture,269.99505546689034,5.50241512449044,0.0008613722167232754,true,1.9107108055763938E-07,4.389593296007082E-09
C3-VAPOR-SEAM-COMPLETE-SURROGATE,exact-v9-5-to-6mwe,320784,3180,pressure,REGION-4-MIXTURE,SaturatedMixture,270.6031772851942,5.554947493052333,0.0009152014258355897,true,REGION-4-MIXTURE-TABLE-C2,SaturatedMixture,270.6031371951103,5.554965179410255,0.0009151802804609299,true,3.1838929070579437E-06,7.372845906197712E-08
C3-VAPOR-SEAM-COMPLETE-SURROGATE,exact-v9-5-to-6mwe,320784,3180,outlet,REGION-4-MIXTURE,SaturatedMixture,282.6677221894266,6.67866561574929,0.07844021084224058,true,REGION-4-MIXTURE-TABLE-C2,SaturatedMixture,282.6678212285042,6.6787072700927235,0.07843964919736071,true,6.236926031293693E-06,1.7818625351495995E-07
C3-VAPOR-SEAM-COMPLETE-SURROGATE,exact-v9-5-to-6mwe,320784,3180,drum,REGION-4-MIXTURE,SaturatedMixture,272.18914115428936,5.693756105917986,0.04094180813960483,true,REGION-4-MIXTURE-TABLE-C2,SaturatedMixture,272.1891883611679,5.693791060900249,0.0409414369699512,true,6.139178007120137E-06,8.656425879958357E-08
C3-VAPOR-SEAM-COMPLETE-SURROGATE,exact-v9-5-to-6mwe,320784,3180,feedwater-inventory,REGION-4-MIXTURE,SaturatedMixture,48.634427432715825,0.01153821940010395,3.390812144640319E-05,true,REGION-4-MIXTURE-TABLE-C2,SaturatedMixture,48.634427547454834,0.011538832087180387,3.390598205295495E-05,true,5.310066095906318E-05,3.5657104453484216E-10
C3-VAPOR-SEAM-COMPLETE-SURROGATE,exact-v9-5-to-6mwe,326784,3240,suction,REGION-4-MIXTURE,SaturatedMixture,270.0122033536435,5.503889998846662,0.000860219113112955,true,REGION-4-MIXTURE-TABLE-C2,SaturatedMixture,270.0121975541115,5.503892562455049,0.0008602161371804827,true,4.657811815724139E-07,1.0677348256284387E-08
C3-VAPOR-SEAM-COMPLETE-SURROGATE,exact-v9-5-to-6mwe,326784,3240,pressure,REGION-4-MIXTURE,SaturatedMixture,270.63353503942506,5.557579996063622,0.0009156077236940463,true,REGION-4-MIXTURE-TABLE-C2,SaturatedMixture,270.63348710536957,5.557601135678151,0.0009155824322585873,true,3.8037445334247288E-06,8.814914832619092E-08
C3-VAPOR-SEAM-COMPLETE-SURROGATE,exact-v9-5-to-6mwe,326784,3240,outlet,REGION-4-MIXTURE,SaturatedMixture,282.8545599937439,6.69733143083666,0.07679557124877807,true,REGION-4-MIXTURE-TABLE-C2,SaturatedMixture,282.854649156332,6.69736974068563,0.07679505752170854,true,5.720166213377587E-06,1.6036305187456146E-07
C3-VAPOR-SEAM-COMPLETE-SURROGATE,exact-v9-5-to-6mwe,326784,3240,drum,REGION-4-MIXTURE,SaturatedMixture,272.23506702184693,5.697814743164656,0.04103166677675099,true,REGION-4-MIXTURE-TABLE-C2,SaturatedMixture,272.2351172864437,5.697851794854817,0.04103127281923966,true,6.502789548376905E-06,9.216350028504145E-08
C3-VAPOR-SEAM-COMPLETE-SURROGATE,exact-v9-5-to-6mwe,326784,3240,feedwater-inventory,REGION-4-MIXTURE,SaturatedMixture,48.661590208113125,0.011553932471940021,3.4816192105850345E-05,true,REGION-4-MIXTURE-TABLE-C2,SaturatedMixture,48.66159036010504,0.011554614468922824,3.481374643539775E-05,true,5.9027260584983844E-05,4.723009270457187E-10
C3-VAPOR-SEAM-COMPLETE-SURROGATE,exact-v9-5-to-6mwe,332784,3300,suction,REGION-4-MIXTURE,SaturatedMixture,270.02921333909023,5.505354557604314,0.0008590729004464013,true,REGION-4-MIXTURE-TABLE-C2,SaturatedMixture,270.02919989824295,5.505360477304915,0.000859066027971574,true,1.0752623720926101E-06,2.4744774750378817E-08
C3-VAPOR-SEAM-COMPLETE-SURROGATE,exact-v9-5-to-6mwe,332784,3300,pressure,REGION-4-MIXTURE,SaturatedMixture,270.6636452496051,5.560191973857533,0.0009160111196289211,true,REGION-4-MIXTURE-TABLE-C2,SaturatedMixture,270.66359132528305,5.560215753200682,0.0009159826509557599,true,4.276712613627826E-06,9.915956050593961E-08
C3-VAPOR-SEAM-COMPLETE-SURROGATE,exact-v9-5-to-6mwe,332784,3300,outlet,REGION-4-MIXTURE,SaturatedMixture,283.03934067487717,6.7158309071041336,0.07519916030673499,true,REGION-4-MIXTURE-TABLE-C2,SaturatedMixture,283.0393708348274,6.715844303268355,0.07519898245617716,true,1.9947143409012715E-06,5.422604866851949E-08
C3-VAPOR-SEAM-COMPLETE-SURROGATE,exact-v9-5-to-6mwe,332784,3300,drum,REGION-4-MIXTURE,SaturatedMixture,272.2806400775909,5.701844384268872,0.04112100214620031,true,REGION-4-MIXTURE-TABLE-C2,SaturatedMixture,272.2806899547577,5.701881030908384,0.04112061187417059,true,6.427155327585533E-06,9.144548023404708E-08
C3-VAPOR-SEAM-COMPLETE-SURROGATE,exact-v9-5-to-6mwe,332784,3300,feedwater-inventory,REGION-4-MIXTURE,SaturatedMixture,48.6881090790032,0.011569290774161642,3.573486890483215E-05,true,REGION-4-MIXTURE-TABLE-C2,SaturatedMixture,48.688109286129475,0.01157002273386603,3.5732174343425895E-05,true,6.326746545451261E-05,6.435728746089649E-10
C3-VAPOR-SEAM-COMPLETE-SURROGATE,exact-v9-5-to-6mwe,338784,3360,suction,REGION-4-MIXTURE,SaturatedMixture,270.0460875153541,5.506807717187623,0.0008579348423767799,true,REGION-4-MIXTURE-TABLE-C2,SaturatedMixture,270.04606705904007,5.506816720962714,0.0008579243901081435,true,1.6350262353868037E-06,3.765917039695861E-08
C3-VAPOR-SEAM-COMPLETE-SURROGATE,exact-v9-5-to-6mwe,338784,3360,pressure,REGION-4-MIXTURE,SaturatedMixture,270.6935077905654,5.562783392689579,0.000916411596609241,true,REGION-4-MIXTURE-TABLE-C2,SaturatedMixture,270.69344967603683,5.562809016447467,0.0009163808993173494,true,4.606283595658805E-06,1.0685891751915329E-07
C3-VAPOR-SEAM-COMPLETE-SURROGATE,exact-v9-5-to-6mwe,338784,3360,outlet,REGION-4-MIXTURE,SaturatedMixture,283.2220691144465,6.7341632905138695,0.07364853708977144,true,REGION-4-MIXTURE-TABLE-C2,SaturatedMixture,283.22216895222664,6.734208641708343,0.07364793830576524,true,6.73449581144839E-06,1.7944427057845235E-07
C3-VAPOR-SEAM-COMPLETE-SURROGATE,exact-v9-5-to-6mwe,338784,3360,drum,REGION-4-MIXTURE,SaturatedMixture,272.32585906982433,5.705844868757024,0.041209807109108106,true,REGION-4-MIXTURE-TABLE-C2,SaturatedMixture,272.3259052634239,5.705878671568699,0.041209446622773996,true,5.924243026686316E-06,8.468495684852633E-08
C3-VAPOR-SEAM-COMPLETE-SURROGATE,exact-v9-5-to-6mwe,338784,3360,feedwater-inventory,REGION-4-MIXTURE,SaturatedMixture,48.71400299817316,0.011584304042502129,3.6664323410854114E-05,true,REGION-4-MIXTURE-TABLE-C2,SaturatedMixture,48.71400324255228,0.011585067873349533,3.6661437826584944E-05,true,6.593670578754027E-05,7.592620513120103E-10
C3-VAPOR-SEAM-COMPLETE-SURROGATE,exact-v9-5-to-6mwe,344784,3420,suction,REGION-4-MIXTURE,SaturatedMixture,270.06282575726516,5.508249459784203,0.0008568049707157653,true,REGION-4-MIXTURE-TABLE-C2,SaturatedMixture,270.06279891729355,5.508261283136387,0.000856791247199274,true,2.146480886665918E-06,4.9409679480881685E-08
C3-VAPOR-SEAM-COMPLETE-SURROGATE,exact-v9-5-to-6mwe,344784,3420,pressure,REGION-4-MIXTURE,SaturatedMixture,270.7231227874755,5.565354240714251,0.0009168091489883651,true,REGION-4-MIXTURE-TABLE-C2,SaturatedMixture,270.7230622768402,5.565380935772092,0.0009167771483384643,true,4.796650255504973E-06,1.1125873438575796E-07
C3-VAPOR-SEAM-COMPLETE-SURROGATE,exact-v9-5-to-6mwe,344784,3420,outlet,REGION-4-MIXTURE,SaturatedMixture,283.4027534067633,6.752328165142736,0.07214143270317529,true,REGION-4-MIXTURE-TABLE-C2,SaturatedMixture,283.4028150141239,6.752356779477661,0.07214105710884806,true,4.237699090565613E-06,1.1069455726900512E-07
C3-VAPOR-SEAM-COMPLETE-SURROGATE,exact-v9-5-to-6mwe,344784,3420,drum,REGION-4-MIXTURE,SaturatedMixture,272.3707235813141,5.709816110157342,0.041298075654385466,true,REGION-4-MIXTURE-TABLE-C2,SaturatedMixture,272.37076276540756,5.709844677311881,0.04129777056325705,true,5.0031654238367985E-06,7.182878992270537E-08
C3-VAPOR-SEAM-COMPLETE-SURROGATE,exact-v9-5-to-6mwe,344784,3420,feedwater-inventory,REGION-4-MIXTURE,SaturatedMixture,48.739292983710754,0.011598983288564187,3.76047363253798E-05,true,REGION-4-MIXTURE-TABLE-C2,SaturatedMixture,48.73929327726364,0.011599762116807827,3.760171810010177E-05,true,6.714625103461441E-05,9.119684726585108E-10
C3-VAPOR-SEAM-COMPLETE-SURROGATE,exact-v9-5-to-6mwe,350784,3480,suction,REGION-4-MIXTURE,SaturatedMixture,270.0794281482697,5.509679785602554,0.0008556833030399346,true,REGION-4-MIXTURE-TABLE-C2,SaturatedMixture,270.07939553260803,5.509694168971966,0.0008556666106505126,true,2.6105635847545303E-06,6.004030705359049E-08
C3-VAPOR-SEAM-COMPLETE-SURROGATE,exact-v9-5-to-6mwe,350784,3480,pressure,REGION-4-MIXTURE,SaturatedMixture,270.7524907827377,5.567904542519021,0.0009172037679597825,true,REGION-4-MIXTURE-TABLE-C2,SaturatedMixture,270.7524295449257,5.567931547412117,0.0009171713741017326,true,4.850099869655844E-06,1.1258968851451805E-07
C3-VAPOR-SEAM-COMPLETE-SURROGATE,exact-v9-5-to-6mwe,350784,3480,outlet,REGION-4-MIXTURE,SaturatedMixture,283.581404775381,6.7703254480568225,0.0706757354364547,true,REGION-4-MIXTURE-TABLE-C2,SaturatedMixture,283.58145621418953,6.770350217161658,0.070675413501398,true,3.6584806780195925E-06,9.239430022023361E-08
C3-VAPOR-SEAM-COMPLETE-SURROGATE,exact-v9-5-to-6mwe,350784,3480,drum,REGION-4-MIXTURE,SaturatedMixture,272.41523357033736,5.713758055542784,0.04138580257893774,true,REGION-4-MIXTURE-TABLE-C2,SaturatedMixture,272.41526249051094,5.713779050772857,0.04138557806249892,true,3.6745045675043546E-06,5.3009561088681205E-08
C3-VAPOR-SEAM-COMPLETE-SURROGATE,exact-v9-5-to-6mwe,350784,3480,feedwater-inventory,REGION-4-MIXTURE,SaturatedMixture,48.76400166004896,0.011613340536697958,3.8556297528652304E-05,true,REGION-4-MIXTURE-TABLE-C2,SaturatedMixture,48.76400199532509,0.011614118598437098,3.8553205440411226E-05,true,6.699723793348437E-05,1.04150836910671E-09
C3-VAPOR-SEAM-COMPLETE-SURROGATE,exact-v9-5-to-6mwe,356784,3540,suction,REGION-4-MIXTURE,SaturatedMixture,270.0950280129906,5.511024000382143,0.0008546284891913405,true,REGION-4-MIXTURE-TABLE-C2,SaturatedMixture,270.0949904322624,5.511040570656807,0.0008546092603976331,true,3.0067505897921477E-06,6.917822759884442E-08
C3-VAPOR-SEAM-COMPLETE-SURROGATE,exact-v9-5-to-6mwe,356784,3540,pressure,REGION-4-MIXTURE,SaturatedMixture,270.78118436336524,5.570397140207878,0.0009176168266594888,true,REGION-4-MIXTURE-TABLE-C2,SaturatedMixture,270.7811240553856,5.570423728576902,0.0009175849114415374,true,4.773155011136842E-06,1.1087428223579194E-07
C3-VAPOR-SEAM-COMPLETE-SURROGATE,exact-v9-5-to-6mwe,356784,3540,outlet,REGION-4-MIXTURE,SaturatedMixture,283.75422302484503,6.787769959667375,0.06929664510709205,true,REGION-4-MIXTURE-TABLE-C2,SaturatedMixture,283.75431475043297,6.787815131538721,0.06929606137902912,true,6.654891314079619E-06,1.6470621723352594E-07
C3-VAPOR-SEAM-COMPLETE-SURROGATE,exact-v9-5-to-6mwe,356784,3540,drum,REGION-4-MIXTURE,SaturatedMixture,272.45532531738286,5.717310485824585,0.041453280580963016,true,REGION-4-MIXTURE-TABLE-C2,SaturatedMixture,272.45534205436707,5.717322622603843,0.041453150595067295,true,2.1228126910607105E-06,3.067599129044226E-08
C3-VAPOR-SEAM-COMPLETE-SURROGATE,exact-v9-5-to-6mwe,356784,3540,feedwater-inventory,REGION-4-MIXTURE,SaturatedMixture,48.78828783631326,0.011627467147162403,3.9494772359180835E-05,true,REGION-4-MIXTURE-TABLE-C2,SaturatedMixture,48.788288205862045,0.011628229590943923,3.9491668037418594E-05,true,6.557264551858305E-05,1.1478870336374282E-09
C3-VAPOR-SEAM-COMPLETE-SURROGATE,exact-v9-5-to-6mwe,362784,3600,suction,REGION-4-MIXTURE,SaturatedMixture,270.1072710335253,5.512079136764695,0.0008538000588545077,true,REGION-4-MIXTURE-TABLE-C2,SaturatedMixture,270.1072298884392,5.512097276681413,0.0008537790099619534,true,3.2909390935758794E-06,7.57377550621894E-08
C3-VAPOR-SEAM-COMPLETE-SURROGATE,exact-v9-5-to-6mwe,362784,3600,pressure,REGION-4-MIXTURE,SaturatedMixture,270.80531049966817,5.572493625460157,0.0009180126690343663,true,REGION-4-MIXTURE-TABLE-C2,SaturatedMixture,270.80525225400925,5.572519315544106,0.0009179818155986602,true,4.610159414388858E-06,1.0707802239577912E-07
C3-VAPOR-SEAM-COMPLETE-SURROGATE,exact-v9-5-to-6mwe,362784,3600,outlet,REGION-4-MIXTURE,SaturatedMixture,283.8935488522053,6.801858689105436,0.06827265782886191,true,REGION-4-MIXTURE-TABLE-C2,SaturatedMixture,283.89360904693604,6.801888853406954,0.06827226971910215,true,4.434714523874954E-06,1.0806108581629132E-07
C3-VAPOR-SEAM-COMPLETE-SURROGATE,exact-v9-5-to-6mwe,362784,3600,drum,REGION-4-MIXTURE,SaturatedMixture,272.4857955574988,5.72001150588309,0.04148723189994979,true,REGION-4-MIXTURE-TABLE-C2,SaturatedMixture,272.48580127954483,5.720015627266297,0.04148718778592683,true,7.205200903734873E-07,1.048693296648158E-08
C3-VAPOR-SEAM-COMPLETE-SURROGATE,exact-v9-5-to-6mwe,362784,3600,feedwater-inventory,REGION-4-MIXTURE,SaturatedMixture,48.81413910388949,0.0116425203302435,4.023817744488553E-05,true,REGION-4-MIXTURE-TABLE-C2,SaturatedMixture,48.81413948535919,0.011643249933896191,4.023515015835642E-05,true,6.266715728178333E-05,1.1848204737548181E-09
D3-VAPOR-SEAM-COMPLETE-IF97-COMPARATOR,background-reference,0,0,suction,REGION-4-MIXTURE,SaturatedMixture,269.34476251006106,5.446657821393141,0.0009044047982072967,true,REGION-4-MIXTURE,SaturatedMixture,269.3447625042039,5.446657820892899,0.0009044047985883669,true,9.184393998718504E-11,1.079668650129877E-11
D3-VAPOR-SEAM-COMPLETE-IF97-COMPARATOR,background-reference,0,0,pressure,REGION-4-MIXTURE,SaturatedMixture,269.4799217283727,5.4582106824633945,0.0009015025208173814,true,REGION-4-MIXTURE,SaturatedMixture,269.4799217320567,5.458210682778541,0.0009015025205764059,true,5.773799322656891E-11,6.789197994527657E-12
D3-VAPOR-SEAM-COMPLETE-IF97-COMPARATOR,background-reference,0,0,outlet,REGION-4-MIXTURE,SaturatedMixture,275.1843705475329,5.963117165910907,0.18990745729760766,true,REGION-4-MIXTURE,SaturatedMixture,275.1843705555583,5.963117166645455,0.18990745732344674,true,1.2318195360757227E-10,1.4635925959612323E-11
D3-VAPOR-SEAM-COMPLETE-IF97-COMPARATOR,background-reference,0,0,drum,REGION-4-MIXTURE,SaturatedMixture,270.41057386994373,5.5382678699752335,0.036630469875386214,true,REGION-4-MIXTURE,SaturatedMixture,270.4105738537884,5.538267868577778,0.03663046986638991,true,2.523271747544287E-10,2.9721350598650984E-11
D3-VAPOR-SEAM-COMPLETE-IF97-COMPARATOR,background-reference,0,0,feedwater-inventory,REGION-1,SubcooledLiquid,47.52114057847865,0.12181746458054063,,true,REGION-1,SubcooledLiquid,47.52114057962234,0.12181748475967778,,true,1.6565060865773968E-07,3.566549784979978E-12
D3-VAPOR-SEAM-COMPLETE-IF97-COMPARATOR,background-reference,6000,60,suction,REGION-4-MIXTURE,SaturatedMixture,269.34476251006106,5.446657821393141,0.0009044047982072967,true,REGION-4-MIXTURE,SaturatedMixture,269.3447625042892,5.446657820900167,0.0009044047985827977,true,9.050955030332067E-11,1.0639514240507347E-11
D3-VAPOR-SEAM-COMPLETE-IF97-COMPARATOR,background-reference,6000,60,pressure,REGION-4-MIXTURE,SaturatedMixture,269.4799217283727,5.4582106824633945,0.0009015025208333786,true,REGION-4-MIXTURE,SaturatedMixture,269.4799217320252,5.45821068277587,0.0009015025205944608,true,5.724868406219035E-11,6.731163498478154E-12
D3-VAPOR-SEAM-COMPLETE-IF97-COMPARATOR,background-reference,6000,60,outlet,REGION-4-MIXTURE,SaturatedMixture,275.1843705475329,5.963117165910907,0.18990745735097625,true,REGION-4-MIXTURE,SaturatedMixture,275.184370543152,5.963117165509967,0.18990745733687284,true,6.723660037341307E-11,7.98950882328962E-12
D3-VAPOR-SEAM-COMPLETE-IF97-COMPARATOR,background-reference,6000,60,drum,REGION-4-MIXTURE,SaturatedMixture,270.41057386994373,5.5382678699752335,0.03663046987747153,true,REGION-4-MIXTURE,SaturatedMixture,270.41057385891554,5.538267869021278,0.03663046987133028,true,1.722479229070845E-10,2.028879985659896E-11
D3-VAPOR-SEAM-COMPLETE-IF97-COMPARATOR,background-reference,6000,60,feedwater-inventory,REGION-1,SubcooledLiquid,47.52114057842988,0.12181746458051382,,true,REGION-1,SubcooledLiquid,47.521140579515645,0.12181748471107184,,true,1.652518224328321E-07,3.3859178649559107E-12
D3-VAPOR-SEAM-COMPLETE-IF97-COMPARATOR,background-reference,12000,120,suction,REGION-4-MIXTURE,SaturatedMixture,269.34476251006106,5.446657821393141,0.0009044047982072967,true,REGION-4-MIXTURE,SaturatedMixture,269.34476250452576,5.446657820920385,0.0009044047985674033,true,8.679745855659109E-11,1.0203413607564748E-11
D3-VAPOR-SEAM-COMPLETE-IF97-COMPARATOR,background-reference,12000,120,pressure,REGION-4-MIXTURE,SaturatedMixture,269.4799217283727,5.4582106824633945,0.0009015025208192097,true,REGION-4-MIXTURE,SaturatedMixture,269.4799217321805,5.4582106827891534,0.0009015025205701104,true,5.968237473809514E-11,7.017355273220471E-12
D3-VAPOR-SEAM-COMPLETE-IF97-COMPARATOR,background-reference,12000,120,outlet,REGION-4-MIXTURE,SaturatedMixture,275.1843705475329,5.963117165910907,0.18990745725188007,true,REGION-4-MIXTURE,SaturatedMixture,275.18437054226945,5.963117165429228,0.18990745723493718,true,8.077632612724818E-11,9.599021136646238E-12
D3-VAPOR-SEAM-COMPLETE-IF97-COMPARATOR,background-reference,12000,120,drum,REGION-4-MIXTURE,SaturatedMixture,270.41057386994373,5.5382678699752335,0.03663046988360346,true,REGION-4-MIXTURE,SaturatedMixture,270.4105738585272,5.538267868987668,0.036630469877245796,true,1.7831668818665962E-10,2.1003263444147458E-11
D3-VAPOR-SEAM-COMPLETE-IF97-COMPARATOR,background-reference,12000,120,feedwater-inventory,REGION-1,SubcooledLiquid,47.52114057823661,0.12181746458040743,,true,REGION-1,SubcooledLiquid,47.52114057917652,0.12181748459864952,,true,1.643298205285888E-07,2.9310586826385908E-12
D3-VAPOR-SEAM-COMPLETE-IF97-COMPARATOR,background-reference,18000,180,suction,REGION-4-MIXTURE,SaturatedMixture,269.34476251006106,5.446657821393141,0.0009044047982072967,true,REGION-4-MIXTURE,SaturatedMixture,269.3447625045151,5.4466578209194765,0.000904404798568116,true,8.69642776506389E-11,1.0223112530917273E-11
D3-VAPOR-SEAM-COMPLETE-IF97-COMPARATOR,background-reference,18000,180,pressure,REGION-4-MIXTURE,SaturatedMixture,269.4799217283727,5.4582106824633945,0.0009015025208440037,true,REGION-4-MIXTURE,SaturatedMixture,269.47992173240095,5.458210682807996,0.0009015025205805064,true,6.313455096765653E-11,7.423596745566996E-12
D3-VAPOR-SEAM-COMPLETE-IF97-COMPARATOR,background-reference,18000,180,outlet,REGION-4-MIXTURE,SaturatedMixture,275.1843705475329,5.963117165910907,0.18990745708466342,true,REGION-4-MIXTURE,SaturatedMixture,275.1843705575675,5.963117166829322,0.18990745711696994,true,1.54016018848441E-10,1.8300090730184462E-11
D3-VAPOR-SEAM-COMPLETE-IF97-COMPARATOR,background-reference,18000,180,drum,REGION-4-MIXTURE,SaturatedMixture,270.41057386994373,5.5382678699752335,0.036630469885910386,true,REGION-4-MIXTURE,SaturatedMixture,270.4105738587558,5.538267869007455,0.03663046987968015,true,1.7474393957669253E-10,2.0582658562835975E-11
D3-VAPOR-SEAM-COMPLETE-IF97-COMPARATOR,background-reference,18000,180,feedwater-inventory,REGION-1,SubcooledLiquid,47.52114057808484,0.12181746458032389,,true,REGION-1,SubcooledLiquid,47.52114057856767,0.12181748417013762,,true,1.608128505793816E-07,1.5056796159869353E-12
D3-VAPOR-SEAM-COMPLETE-IF97-COMPARATOR,background-reference,24000,240,suction,REGION-4-MIXTURE,SaturatedMixture,269.34476251006106,5.446657821393141,0.0009044047982072967,true,REGION-4-MIXTURE,SaturatedMixture,269.3447625047319,5.446657820937973,0.0009044047985540062,true,8.356837576056493E-11,9.823475862478283E-12
D3-VAPOR-SEAM-COMPLETE-IF97-COMPARATOR,background-reference,24000,240,pressure,REGION-4-MIXTURE,SaturatedMixture,269.4799217283727,5.4582106824633945,0.0009015025208314689,true,REGION-4-MIXTURE,SaturatedMixture,269.4799217325649,5.458210682822015,0.0009015025205572377,true,6.570297659138487E-11,7.725711342330115E-12
D3-VAPOR-SEAM-COMPLETE-IF97-COMPARATOR,background-reference,24000,240,outlet,REGION-4-MIXTURE,SaturatedMixture,275.1843705892562,5.963117169729576,0.18990745707138953,true,REGION-4-MIXTURE,SaturatedMixture,275.1843705730802,5.963117168249095,0.18990745701931208,true,2.482729392768155E-10,2.9500330928872114E-11
D3-VAPOR-SEAM-COMPLETE-IF97-COMPARATOR,background-reference,24000,240,drum,REGION-4-MIXTURE,SaturatedMixture,270.41057386994373,5.5382678699752335,0.03663046988806629,true,REGION-4-MIXTURE,SaturatedMixture,270.4105738588505,5.538267869015645,0.03663046988188872,true,1.732651571486242E-10,2.04084348601346E-11
D3-VAPOR-SEAM-COMPLETE-IF97-COMPARATOR,background-reference,24000,240,feedwater-inventory,REGION-1,SubcooledLiquid,47.52114057735906,0.12181746457992443,,true,REGION-1,SubcooledLiquid,47.521140577704784,0.12181748416280054,,true,1.6075589965607095E-07,1.0781190751652068E-12
D3-VAPOR-SEAM-COMPLETE-IF97-COMPARATOR,background-reference,30000,300,suction,REGION-4-MIXTURE,SaturatedMixture,269.34476251006106,5.446657821393141,0.0009044047982072967,true,REGION-4-MIXTURE,SaturatedMixture,269.34476250509283,5.446657820968813,0.0009044047985305339,true,7.790614760550908E-11,9.158113291794595E-12
D3-VAPOR-SEAM-COMPLETE-IF97-COMPARATOR,background-reference,30000,300,pressure,REGION-4-MIXTURE,SaturatedMixture,269.4799217283727,5.4582106824633945,0.0009015025208659237,true,REGION-4-MIXTURE,SaturatedMixture,269.4799217329962,5.458210682858943,0.0009015025205634919,true,7.246852601851067E-11,8.520595378473855E-12
D3-VAPOR-SEAM-COMPLETE-IF97-COMPARATOR,background-reference,30000,300,outlet,REGION-4-MIXTURE,SaturatedMixture,275.18437056839457,5.963117167820244,0.18990745678322932,true,REGION-4-MIXTURE,SaturatedMixture,275.1843705708268,5.963117168042855,0.18990745679105986,true,3.7331209217167405E-11,4.435644265186327E-12
D3-VAPOR-SEAM-COMPLETE-IF97-COMPARATOR,background-reference,30000,300,drum,REGION-4-MIXTURE,SaturatedMixture,270.41057386994373,5.5382678699752335,0.0366304698911451,true,REGION-4-MIXTURE,SaturatedMixture,270.4105738589369,5.538267869023112,0.03663046988501562,true,1.7191675647025975E-10,2.0249479261031303E-11
D3-VAPOR-SEAM-COMPLETE-IF97-COMPARATOR,background-reference,30000,300,feedwater-inventory,REGION-1,SubcooledLiquid,47.521140576642495,0.12181746457953008,,true,REGION-1,SubcooledLiquid,47.52114057664329,0.12181748394877495,,true,1.590022000664933E-07,2.4816946814118092E-15
D3-VAPOR-SEAM-COMPLETE-IF97-COMPARATOR,background-reference,36000,360,suction,REGION-4-MIXTURE,SaturatedMixture,269.34476251006106,5.446657821393141,0.0009044047982072967,true,REGION-4-MIXTURE,SaturatedMixture,269.34476250551074,5.446657821004485,0.0009044047985033264,true,7.135682671182165E-11,8.387759650902236E-12
D3-VAPOR-SEAM-COMPLETE-IF97-COMPARATOR,background-reference,36000,360,pressure,REGION-4-MIXTURE,SaturatedMixture,269.4799217283727,5.4582106824633945,0.0009015025209116863,true,REGION-4-MIXTURE,SaturatedMixture,269.4799217335732,5.458210682908275,0.0009015025205715223,true,8.150666998827395E-11,9.583862769994543E-12
D3-VAPOR-SEAM-COMPLETE-IF97-COMPARATOR,background-reference,36000,360,outlet,REGION-4-MIXTURE,SaturatedMixture,275.18437056839457,5.963117167820244,0.18990745654153707,true,REGION-4-MIXTURE,SaturatedMixture,275.1843705682479,5.963117167806823,0.18990745654106486,true,2.2507127937240577E-12,2.674572825133384E-13
D3-VAPOR-SEAM-COMPLETE-IF97-COMPARATOR,background-reference,36000,360,drum,REGION-4-MIXTURE,SaturatedMixture,270.41057386994373,5.5382678699752335,0.036630469895552936,true,REGION-4-MIXTURE,SaturatedMixture,270.41057385885324,5.5382678690159075,0.03663046988937718,true,1.7321768728649337E-10,2.04034152096366E-11
D3-VAPOR-SEAM-COMPLETE-IF97-COMPARATOR,background-reference,36000,360,feedwater-inventory,REGION-1,SubcooledLiquid,47.521140575730726,0.12181746457902826,,true,REGION-1,SubcooledLiquid,47.521140575353854,0.12181748373490894,,true,1.5725069269366572E-07,1.1752596955576483E-12
D3-VAPOR-SEAM-COMPLETE-IF97-COMPARATOR,background-reference,42000,420,suction,REGION-4-MIXTURE,SaturatedMixture,269.34476251006106,5.446657821393141,0.0009044047982072967,true,REGION-4-MIXTURE,SaturatedMixture,269.3447625059482,5.446657821041874,0.0009044047984748717,true,6.449229437258738E-11,7.581361171535046E-12
D3-VAPOR-SEAM-COMPLETE-IF97-COMPARATOR,background-reference,42000,420,pressure,REGION-4-MIXTURE,SaturatedMixture,269.4799217283727,5.4582106824633945,0.0009015025209459658,true,REGION-4-MIXTURE,SaturatedMixture,269.47992173423484,5.458210682964876,0.0009015025205625045,true,9.187654199304692E-11,1.0803215719482306E-11
D3-VAPOR-SEAM-COMPLETE-IF97-COMPARATOR,background-reference,42000,420,outlet,REGION-4-MIXTURE,SaturatedMixture,275.18437056839457,5.963117167820244,0.18990745628161176,true,REGION-4-MIXTURE,SaturatedMixture,275.18437056913615,5.963117167888159,0.1899074562840013,true,1.1389104213626502E-11,1.3524215921197723E-12
D3-VAPOR-SEAM-COMPLETE-IF97-COMPARATOR,background-reference,42000,420,drum,REGION-4-MIXTURE,SaturatedMixture,270.41057386994373,5.5382678699752335,0.03663046990010211,true,REGION-4-MIXTURE,SaturatedMixture,270.4105738596045,5.538267869080874,0.036630469894344535,true,1.614871787208837E-10,1.902133810585426E-11
D3-VAPOR-SEAM-COMPLETE-IF97-COMPARATOR,background-reference,42000,420,feedwater-inventory,REGION-1,SubcooledLiquid,47.52114057481543,0.12181746457852446,,true,REGION-1,SubcooledLiquid,47.5211405738101,0.12181748327313245,,true,1.534641034545265E-07,3.135089438264238E-12
D3-VAPOR-SEAM-COMPLETE-IF97-COMPARATOR,background-reference,48000,480,suction,REGION-4-MIXTURE,SaturatedMixture,269.34476251006106,5.446657821393141,0.0009044047982072967,true,REGION-4-MIXTURE,SaturatedMixture,269.34476250652267,5.44665782109093,0.0009044047984375009,true,5.5485530910668765E-11,6.5224392598296374E-12
D3-VAPOR-SEAM-COMPLETE-IF97-COMPARATOR,background-reference,48000,480,pressure,REGION-4-MIXTURE,SaturatedMixture,269.4799217283727,5.4582106824633945,0.0009015025210119517,true,REGION-4-MIXTURE,SaturatedMixture,269.4799217350251,5.45821068303249,0.0009015025205767792,true,1.0426418374783454E-10,1.2259525401937537E-11
D3-VAPOR-SEAM-COMPLETE-IF97-COMPARATOR,background-reference,48000,480,outlet,REGION-4-MIXTURE,SaturatedMixture,275.18437056839457,5.963117167820244,0.18990745596832528,true,REGION-4-MIXTURE,SaturatedMixture,275.1843705658712,5.963117167589307,0.1899074559602018,true,3.872757163137977E-11,4.601923909043456E-12
D3-VAPOR-SEAM-COMPLETE-IF97-COMPARATOR,background-reference,48000,480,drum,REGION-4-MIXTURE,SaturatedMixture,270.41057386994373,5.5382678699752335,0.03663046990652133,true,REGION-4-MIXTURE,SaturatedMixture,270.41057385970896,5.538267869089926,0.036630469900822096,true,1.5985283627164343E-10,1.8829127322201723E-11
D3-VAPOR-SEAM-COMPLETE-IF97-COMPARATOR,background-reference,48000,480,feedwater-inventory,REGION-1,SubcooledLiquid,47.5211405735958,0.1218174645778532,,true,REGION-1,SubcooledLiquid,47.52114057201646,0.12181748292042195,,true,1.5057421215514217E-07,4.9251003592143436E-12
D3-VAPOR-SEAM-COMPLETE-IF97-COMPARATOR,background-reference,54000,540,suction,REGION-4-MIXTURE,SaturatedMixture,269.34476251006106,5.446657821393141,0.0009044047982072967,true,REGION-4-MIXTURE,SaturatedMixture,269.3447625070145,5.446657821132933,0.0009044047984054956,true,4.7773857619744973E-11,5.615869659584713E-12
D3-VAPOR-SEAM-COMPLETE-IF97-COMPARATOR,background-reference,54000,540,pressure,REGION-4-MIXTURE,SaturatedMixture,269.4799217283727,5.4582106824633945,0.000901502521094229,true,REGION-4-MIXTURE,SaturatedMixture,269.47992173595435,5.458210683111963,0.0009015025205982959,true,1.188243451745936E-10,1.3972066812438049E-11
D3-VAPOR-SEAM-COMPLETE-IF97-COMPARATOR,background-reference,54000,540,outlet,REGION-4-MIXTURE,SaturatedMixture,275.1843705892562,5.963117169729576,0.1899074556347955,true,REGION-4-MIXTURE,SaturatedMixture,275.1843705746327,5.9631171683911965,0.18990745558771657,true,2.2444287897781475E-10,2.6669015696420027E-11
D3-VAPOR-SEAM-COMPLETE-IF97-COMPARATOR,background-reference,54000,540,drum,REGION-4-MIXTURE,SaturatedMixture,270.41057386994373,5.5382678699752335,0.036630469913993186,true,REGION-4-MIXTURE,SaturatedMixture,270.41057385931106,5.538267869055472,0.036630469908072,true,1.6607379377811767E-10,1.9561159686493215E-11
D3-VAPOR-SEAM-COMPLETE-IF97-COMPARATOR,background-reference,54000,540,feedwater-inventory,REGION-1,SubcooledLiquid,47.52114057219461,0.12181746457708201,,true,REGION-1,SubcooledLiquid,47.52114056995953,0.12181748251779206,,true,1.472753526658722E-07,6.970016776747559E-12
D3-VAPOR-SEAM-COMPLETE-IF97-COMPARATOR,background-reference,60000,600,suction,REGION-4-MIXTURE,SaturatedMixture,269.34476251006106,5.446657821393141,0.0009044047982072967,true,REGION-4-MIXTURE,SaturatedMixture,269.34476250767807,5.446657821189612,0.0009044047983623283,true,3.736764013522781E-11,4.392650344598671E-12
D3-VAPOR-SEAM-COMPLETE-IF97-COMPARATOR,background-reference,60000,600,pressure,REGION-4-MIXTURE,SaturatedMixture,269.4799217283727,5.4582106824633945,0.0009015025211569903,true,REGION-4-MIXTURE,SaturatedMixture,269.4799217367662,5.458210683181422,0.0009015025206079452,true,1.315499633625087E-10,1.5468183549945286E-11
D3-VAPOR-SEAM-COMPLETE-IF97-COMPARATOR,background-reference,60000,600,outlet,REGION-4-MIXTURE,SaturatedMixture,275.1843705892562,5.963117169729576,0.18990745521779132,true,REGION-4-MIXTURE,SaturatedMixture,275.18437059165547,5.963117169949156,0.1899074552255154,true,3.6823007759265827E-11,4.375518209261045E-12
D3-VAPOR-SEAM-COMPLETE-IF97-COMPARATOR,background-reference,60000,600,drum,REGION-4-MIXTURE,SaturatedMixture,270.41057386994373,5.5382678699752335,0.036630469924585435,true,REGION-4-MIXTURE,SaturatedMixture,270.41057385995293,5.538267869111006,0.03663046991902184,true,1.5604658725876261E-10,1.8380286906838996E-11
D3-VAPOR-SEAM-COMPLETE-IF97-COMPARATOR,background-reference,60000,600,feedwater-inventory,REGION-1,SubcooledLiquid,47.521140570721,0.12181746457627096,,true,REGION-1,SubcooledLiquid,47.52114056761474,0.12181748191416027,,true,1.4232679497238445E-07,9.686763397352426E-12
D3-VAPOR-SEAM-COMPLETE-IF97-COMPARATOR,exact-v9-5-to-6mwe,2784,0,suction,REGION-4-MIXTURE,SaturatedMixture,269.3758408248424,5.449312614917401,0.000902381271361201,true,REGION-4-MIXTURE,SaturatedMixture,269.3758408202232,5.44931261452272,0.000902381271662195,true,7.24277810082963E-11,8.51426707425411E-12
D3-VAPOR-SEAM-COMPLETE-IF97-COMPARATOR,exact-v9-5-to-6mwe,2784,0,pressure,REGION-4-MIXTURE,SaturatedMixture,269.4845352351666,5.458605356238655,0.0008997551380735252,true,REGION-4-MIXTURE,SaturatedMixture,269.48453522904106,5.458605355714657,0.0008997551384744987,true,9.599480085021805E-11,1.1288556303597046E-11
D3-VAPOR-SEAM-COMPLETE-IF97-COMPARATOR,exact-v9-5-to-6mwe,2784,0,outlet,REGION-4-MIXTURE,SaturatedMixture,275.8487251222133,6.024158228030869,0.1958812351730021,true,REGION-4-MIXTURE,SaturatedMixture,275.84872512486334,6.024158228275295,0.1958812351818043,true,4.057426841574691E-11,4.827042515810835E-12
D3-VAPOR-SEAM-COMPLETE-IF97-COMPARATOR,exact-v9-5-to-6mwe,2784,0,drum,REGION-4-MIXTURE,SaturatedMixture,270.7234599530699,5.565383514941363,0.036759643123033474,true,REGION-4-MIXTURE,SaturatedMixture,270.72345995032265,5.565383514702864,0.036759643121499964,true,4.285400955533406E-11,5.051252976712464E-12
D3-VAPOR-SEAM-COMPLETE-IF97-COMPARATOR,exact-v9-5-to-6mwe,2784,0,feedwater-inventory,REGION-1,SubcooledLiquid,47.522770723017004,0.16968907902364633,,true,REGION-1,SubcooledLiquid,47.52277072795374,0.16968914705971128,,true,4.009454547104896E-07,1.539493743136548E-11
D3-VAPOR-SEAM-COMPLETE-IF97-COMPARATOR,exact-v9-5-to-6mwe,8784,60,suction,REGION-4-MIXTURE,SaturatedMixture,269.286198878288,5.441657841867017,0.0009082089892899667,true,REGION-4-MIXTURE,SaturatedMixture,269.2861988865069,5.441657842568482,0.0009082089887568829,true,1.2890642604086894E-10,1.5151784234242566E-11
D3-VAPOR-SEAM-COMPLETE-IF97-COMPARATOR,exact-v9-5-to-6mwe,8784,60,pressure,REGION-4-MIXTURE,SaturatedMixture,269.5075922548773,5.4605781522424275,0.0009032234349990809,true,REGION-4-MIXTURE,SaturatedMixture,269.5075922645302,5.460578153068507,0.000903223434367318,true,1.5128062012823966E-10,1.778823728818882E-11
D3-VAPOR-SEAM-COMPLETE-IF97-COMPARATOR,exact-v9-5-to-6mwe,8784,60,outlet,REGION-4-MIXTURE,SaturatedMixture,275.26000683307655,5.970042719140328,0.22868431485697216,true,REGION-4-MIXTURE,SaturatedMixture,275.26000682661277,5.97004271854822,0.22868431483178903,true,9.917980893309745E-11,1.178639843358589E-11
D3-VAPOR-SEAM-COMPLETE-IF97-COMPARATOR,exact-v9-5-to-6mwe,8784,60,drum,REGION-4-MIXTURE,SaturatedMixture,269.93746799826624,5.497458813549572,0.03627074384046728,true,REGION-4-MIXTURE,SaturatedMixture,269.9374679984297,5.497458813563638,0.036270743840557534,true,2.5586515715447017E-12,3.01022730732954E-13
D3-VAPOR-SEAM-COMPLETE-IF97-COMPARATOR,exact-v9-5-to-6mwe,8784,60,feedwater-inventory,REGION-4-MIXTURE,SaturatedMixture,47.514584347605705,0.010906180173376944,2.1513591917951847E-07,true,REGION-4-MIXTURE,SaturatedMixture,47.51458434345801,0.010906180171092242,2.1513591927358058E-07,true,2.0948690606644768E-10,1.2934679869481347E-11
D3-VAPOR-SEAM-COMPLETE-IF97-COMPARATOR,exact-v9-5-to-6mwe,14784,120,suction,REGION-4-MIXTURE,SaturatedMixture,268.43746053576467,5.369587904517404,0.0009620480858722721,true,REGION-4-MIXTURE,SaturatedMixture,268.43746053856205,5.369587904753752,0.000962048085698774,true,4.4016009123725124E-11,5.165146043467811E-12
D3-VAPOR-SEAM-COMPLETE-IF97-COMPARATOR,exact-v9-5-to-6mwe,14784,120,pressure,REGION-4-MIXTURE,SaturatedMixture,269.2245281159875,5.436396374605828,0.0008928844818294307,true,REGION-4-MIXTURE,SaturatedMixture,269.22452811665414,5.436396374662681,0.0008928844817860778,true,1.045771807783739E-11,1.229149935774621E-12
D3-VAPOR-SEAM-COMPLETE-IF97-COMPARATOR,exact-v9-5-to-6mwe,14784,120,outlet,REGION-4-MIXTURE,SaturatedMixture,273.84035230278926,5.841073342563729,0.2245357760629698,true,REGION-4-MIXTURE,SaturatedMixture,273.84035228943264,5.841073341360462,0.2245357760118398,true,2.0600097772235326E-10,2.4418368185711915E-11
D3-VAPOR-SEAM-COMPLETE-IF97-COMPARATOR,exact-v9-5-to-6mwe,14784,120,drum,REGION-4-MIXTURE,SaturatedMixture,268.4353395342828,5.369408719353976,0.03444423683968542,true,REGION-4-MIXTURE,SaturatedMixture,268.4353395512395,5.369408720786487,0.034444236848566095,true,2.6679120059304707E-10,3.130943854808467E-11
D3-VAPOR-SEAM-COMPLETE-IF97-COMPARATOR,exact-v9-5-to-6mwe,14784,120,feedwater-inventory,REGION-4-MIXTURE,SaturatedMixture,47.497136956453346,0.01089657309619546,1.6027856383916987E-06,true,REGION-4-MIXTURE,SaturatedMixture,47.49713695898356,0.010896573097588137,1.6027856385012884E-06,true,1.2780877323383972E-10,7.89096164821179E-12
D3-VAPOR-SEAM-COMPLETE-IF97-COMPARATOR,exact-v9-5-to-6mwe,20784,180,suction,REGION-4-MIXTURE,SaturatedMixture,267.78551645874984,5.314725369421499,0.001001791617465924,true,REGION-4-MIXTURE,SaturatedMixture,267.7855164427573,5.314725368080966,0.0010017916184239944,true,2.5222996951765965E-10,2.956462341513624E-11
D3-VAPOR-SEAM-COMPLETE-IF97-COMPARATOR,exact-v9-5-to-6mwe,20784,180,pressure,REGION-4-MIXTURE,SaturatedMixture,268.6578054487708,5.3882278416122125,0.0008686230330322349,true,REGION-4-MIXTURE,SaturatedMixture,268.65780543895835,5.3882278407810436,0.0008686230336616619,true,1.5425645238233636E-10,1.8110526559252734E-11
D3-VAPOR-SEAM-COMPLETE-IF97-COMPARATOR,exact-v9-5-to-6mwe,20784,180,outlet,REGION-4-MIXTURE,SaturatedMixture,273.6215528190136,5.821387152991723,0.22761378261997248,true,REGION-4-MIXTURE,SaturatedMixture,273.6215528169878,5.821387152809675,0.22761378261210627,true,3.12722980871556E-11,3.70499480252227E-12
D3-VAPOR-SEAM-COMPLETE-IF97-COMPARATOR,exact-v9-5-to-6mwe,20784,180,drum,REGION-4-MIXTURE,SaturatedMixture,268.32134410142896,5.359784941479276,0.03395045495361322,true,REGION-4-MIXTURE,SaturatedMixture,268.32134411146,5.359784942325521,0.03395045495878277,true,1.5788783714468653E-10,1.8525531496363073E-11
D3-VAPOR-SEAM-COMPLETE-IF97-COMPARATOR,exact-v9-5-to-6mwe,20784,180,feedwater-inventory,REGION-4-MIXTURE,SaturatedMixture,47.46560525596135,0.01087922919921552,2.5205747065400563E-06,true,REGION-4-MIXTURE,SaturatedMixture,47.46560525185362,0.010879229196957605,2.5205747061826906E-06,true,2.0754359525496072E-10,1.281201773468902E-11
D3-VAPOR-SEAM-COMPLETE-IF97-COMPARATOR,exact-v9-5-to-6mwe,26784,240,suction,REGION-4-MIXTURE,SaturatedMixture,267.5165805220603,5.292218956694819,0.0010177871326755921,true,REGION-4-MIXTURE,SaturatedMixture,267.5165805448439,5.292218958598413,0.0010177871313302455,true,3.5969687400464147E-10,4.213990453280159E-11
D3-VAPOR-SEAM-COMPLETE-IF97-COMPARATOR,exact-v9-5-to-6mwe,26784,240,pressure,REGION-4-MIXTURE,SaturatedMixture,268.18782694339745,5.348529845081322,0.000848616322960396,true,REGION-4-MIXTURE,SaturatedMixture,268.1878269628129,5.348529846716685,0.0008486163217282595,true,3.0575934014257874E-10,3.5865659445460615E-11
D3-VAPOR-SEAM-COMPLETE-IF97-COMPARATOR,exact-v9-5-to-6mwe,26784,240,outlet,REGION-4-MIXTURE,SaturatedMixture,273.6084401816131,5.820208972163369,0.22974826723444455,true,REGION-4-MIXTURE,SaturatedMixture,273.60844018213584,5.82020897221032,0.22974826723649297,true,8.066873173582356E-12,9.56056717972855E-13
D3-VAPOR-SEAM-COMPLETE-IF97-COMPARATOR,exact-v9-5-to-6mwe,26784,240,drum,REGION-4-MIXTURE,SaturatedMixture,268.3765215992928,5.364441516840209,0.03398037809656801,true,REGION-4-MIXTURE,SaturatedMixture,268.37652159748814,5.364441516687853,0.033980378095637156,true,2.840115774964433E-11,3.332551204811184E-12
D3-VAPOR-SEAM-COMPLETE-IF97-COMPARATOR,exact-v9-5-to-6mwe,26784,240,feedwater-inventory,REGION-4-MIXTURE,SaturatedMixture,47.42490748912098,0.010856878601495297,3.1764548628204034E-06,true,REGION-4-MIXTURE,SaturatedMixture,47.424907484497055,0.010856878598958146,3.176454862273333E-06,true,2.336906525290805E-10,1.4423861004746125E-11
D3-VAPOR-SEAM-COMPLETE-IF97-COMPARATOR,exact-v9-5-to-6mwe,32784,300,suction,REGION-4-MIXTURE,SaturatedMixture,267.45358095765107,5.286957257032961,0.001021500856893961,true,REGION-4-MIXTURE,SaturatedMixture,267.4535809516593,5.286957256532736,0.0010215008572465633,true,9.461503363269401E-11,1.1083446921801695E-11
D3-VAPOR-SEAM-COMPLETE-IF97-COMPARATOR,exact-v9-5-to-6mwe,32784,300,pressure,REGION-4-MIXTURE,SaturatedMixture,267.90293265581147,5.324574454639616,0.0008365347013581999,true,REGION-4-MIXTURE,SaturatedMixture,267.9029326691218,5.324574455756899,0.0008365347005189321,true,2.0983520174270418E-10,2.4600811621654032E-11
D3-VAPOR-SEAM-COMPLETE-IF97-COMPARATOR,exact-v9-5-to-6mwe,32784,300,outlet,REGION-4-MIXTURE,SaturatedMixture,273.68795581161976,5.827356310544289,0.23069780958403946,true,REGION-4-MIXTURE,SaturatedMixture,273.6879558140489,5.827356310762744,0.23069780959360167,true,3.7487921501511695E-11,4.4421690846101154E-12
D3-VAPOR-SEAM-COMPLETE-IF97-COMPARATOR,exact-v9-5-to-6mwe,32784,300,drum,REGION-4-MIXTURE,SaturatedMixture,268.495750629902,5.37451412029269,0.034132733862728346,true,REGION-4-MIXTURE,SaturatedMixture,268.4957506380158,5.374514120978629,0.03413273386693215,true,1.2762815205305135E-10,1.4979956177549317E-11
D3-VAPOR-SEAM-COMPLETE-IF97-COMPARATOR,exact-v9-5-to-6mwe,32784,300,feedwater-inventory,REGION-4-MIXTURE,SaturatedMixture,47.38116506189107,0.010832899915982661,3.713817922534957E-06,true,REGION-4-MIXTURE,SaturatedMixture,47.381165065829464,0.010832899918139557,3.71381792310209E-06,true,1.9910607558084552E-10,1.2287093128715338E-11
D3-VAPOR-SEAM-COMPLETE-IF97-COMPARATOR,exact-v9-5-to-6mwe,38784,360,suction,REGION-4-MIXTURE,SaturatedMixture,267.50258015990255,5.291049306341158,0.0010186135204932804,true,REGION-4-MIXTURE,SaturatedMixture,267.50258015776774,5.2910493061628125,0.0010186135206192287,true,3.370698857098612E-11,3.94858272590712E-12
D3-VAPOR-SEAM-COMPLETE-IF97-COMPARATOR,exact-v9-5-to-6mwe,38784,360,pressure,REGION-4-MIXTURE,SaturatedMixture,267.7772412359715,5.314031753785513,0.000831091383927257,true,REGION-4-MIXTURE,SaturatedMixture,267.7772412192868,5.314031752387117,0.0008310913849763464,true,2.631516201638007E-10,3.0844592455542324E-11
D3-VAPOR-SEAM-COMPLETE-IF97-COMPARATOR,exact-v9-5-to-6mwe,38784,360,outlet,REGION-4-MIXTURE,SaturatedMixture,273.8153027057647,5.838816965987687,0.23110873263167547,true,REGION-4-MIXTURE,SaturatedMixture,273.81530271935753,5.838816967211949,0.23110873268527504,true,2.0967645951414044E-10,2.4851399162077123E-11
D3-VAPOR-SEAM-COMPLETE-IF97-COMPARATOR,exact-v9-5-to-6mwe,38784,360,drum,REGION-4-MIXTURE,SaturatedMixture,268.64694446921374,5.3873079079899195,0.03435419882027748,true,REGION-4-MIXTURE,SaturatedMixture,268.6469444669077,5.387307907794605,0.03435419881907453,true,3.6254633802252966E-11,4.256251054727559E-12
D3-VAPOR-SEAM-COMPLETE-IF97-COMPARATOR,exact-v9-5-to-6mwe,38784,360,feedwater-inventory,REGION-4-MIXTURE,SaturatedMixture,47.339702007174424,0.010810212751176797,4.164322187595139E-06,true,REGION-4-MIXTURE,SaturatedMixture,47.33970200834261,0.010810212751815379,4.164322187788547E-06,true,5.90720290622068E-11,3.645012908971143E-12
D3-VAPOR-SEAM-COMPLETE-IF97-COMPARATOR,exact-v9-5-to-6mwe,44784,420,suction,REGION-4-MIXTURE,SaturatedMixture,267.61186883449557,5.300184997454784,0.0010121460685883431,true,REGION-4-MIXTURE,SaturatedMixture,267.61186885149687,5.3001849988768965,0.0010121460675792768,true,2.683136921553285E-10,3.1439528426295997E-11
D3-VAPOR-SEAM-COMPLETE-IF97-COMPARATOR,exact-v9-5-to-6mwe,44784,420,pressure,REGION-4-MIXTURE,SaturatedMixture,267.76519510746004,5.313022190553194,0.0008303266200798215,true,REGION-4-MIXTURE,SaturatedMixture,267.76519509289926,5.313022189332977,0.0008303266209951876,true,2.296652964573088E-10,2.691879047475537E-11
D3-VAPOR-SEAM-COMPLETE-IF97-COMPARATOR,exact-v9-5-to-6mwe,44784,420,outlet,REGION-4-MIXTURE,SaturatedMixture,273.96743665337556,5.852530896965095,0.23127986056507,true,REGION-4-MIXTURE,SaturatedMixture,273.9674366685564,5.852530898334772,0.23127986062496514,true,2.3403153960619E-10,2.7746932920839437E-11
D3-VAPOR-SEAM-COMPLETE-IF97-COMPARATOR,exact-v9-5-to-6mwe,44784,420,drum,REGION-4-MIXTURE,SaturatedMixture,268.8133836925032,5.401418612951234,0.03461393489815718,true,REGION-4-MIXTURE,SaturatedMixture,268.8133836994127,5.401418613537609,0.03461393490178974,true,1.0855935200090312E-10,1.2749099190300585E-11
D3-VAPOR-SEAM-COMPLETE-IF97-COMPARATOR,exact-v9-5-to-6mwe,44784,420,feedwater-inventory,REGION-4-MIXTURE,SaturatedMixture,47.30439080595971,0.010790923865630127,4.5546867515225665E-06,true,REGION-4-MIXTURE,SaturatedMixture,47.30439080234419,0.010790923863656616,4.554686750856282E-06,true,1.8288625297206885E-10,1.1282496855631955E-11
D3-VAPOR-SEAM-COMPLETE-IF97-COMPARATOR,exact-v9-5-to-6mwe,50784,480,suction,REGION-4-MIXTURE,SaturatedMixture,267.7532800316808,5.312023754688277,0.0010037211418976318,true,REGION-4-MIXTURE,SaturatedMixture,267.7532800413186,5.3120237554958365,0.0010037211413212687,true,1.5202480071924193E-10,1.781797601095248E-11
D3-VAPOR-SEAM-COMPLETE-IF97-COMPARATOR,exact-v9-5-to-6mwe,50784,480,pressure,REGION-4-MIXTURE,SaturatedMixture,267.82730354666717,5.318228950815844,0.000832610772089108,true,REGION-4-MIXTURE,SaturatedMixture,267.82730354682997,5.318228950829484,0.0008326107720788676,true,2.564717712884928E-12,3.009360107162247E-13
D3-VAPOR-SEAM-COMPLETE-IF97-COMPARATOR,exact-v9-5-to-6mwe,50784,480,outlet,REGION-4-MIXTURE,SaturatedMixture,274.1351564466953,5.867678282042666,0.2313532627344529,true,REGION-4-MIXTURE,SaturatedMixture,274.135156453488,5.8676782826567235,0.2313532627612569,true,1.0465080394268818E-10,1.24115824940895E-11
D3-VAPOR-SEAM-COMPLETE-IF97-COMPARATOR,exact-v9-5-to-6mwe,50784,480,drum,REGION-4-MIXTURE,SaturatedMixture,268.9904044747353,5.416457373256479,0.03489787790235481,true,REGION-4-MIXTURE,SaturatedMixture,268.99040446218146,5.416457372188855,0.03489787789569836,true,1.9710747037922737E-10,2.31561214618795E-11
D3-VAPOR-SEAM-COMPLETE-IF97-COMPARATOR,exact-v9-5-to-6mwe,50784,480,feedwater-inventory,REGION-4-MIXTURE,SaturatedMixture,47.27766643762595,0.010776345236494038,4.903501824272255E-06,true,REGION-4-MIXTURE,SaturatedMixture,47.277666433988884,0.010776345234511141,4.903501823541285E-06,true,1.8400454350533725E-10,1.1350671909280742E-11
D3-VAPOR-SEAM-COMPLETE-IF97-COMPARATOR,exact-v9-5-to-6mwe,56784,540,suction,REGION-4-MIXTURE,SaturatedMixture,267.9171129286291,5.325764864415422,0.000993880223736067,true,REGION-4-MIXTURE,SaturatedMixture,267.91711294586764,5.325764865862694,0.000993880222696052,true,2.7174906754488825E-10,3.18603037691518E-11
D3-VAPOR-SEAM-COMPLETE-IF97-COMPARATOR,exact-v9-5-to-6mwe,56784,540,pressure,REGION-4-MIXTURE,SaturatedMixture,267.93677989244463,5.327416208943265,0.0008368562369661239,true,REGION-4-MIXTURE,SaturatedMixture,267.93677989397474,5.32741620907175,0.0008368562368695255,true,2.411765353653977E-11,2.827847964053715E-12
D3-VAPOR-SEAM-COMPLETE-IF97-COMPARATOR,exact-v9-5-to-6mwe,56784,540,outlet,REGION-4-MIXTURE,SaturatedMixture,274.3160987555981,5.884053386862921,0.23144688595782345,true,REGION-4-MIXTURE,SaturatedMixture,274.31609875190964,5.8840533865287865,0.2314468859432654,true,5.678644904786802E-11,6.737322678836274E-12
D3-VAPOR-SEAM-COMPLETE-IF97-COMPARATOR,exact-v9-5-to-6mwe,56784,540,drum,REGION-4-MIXTURE,SaturatedMixture,269.1776982307432,5.43240365851685,0.0352112038679234,true,REGION-4-MIXTURE,SaturatedMixture,269.17769824850404,5.432403660030676,0.0352112038774295,true,2.786660367545905E-10,3.274927680780286E-11
D3-VAPOR-SEAM-COMPLETE-IF97-COMPARATOR,exact-v9-5-to-6mwe,56784,540,feedwater-inventory,REGION-4-MIXTURE,SaturatedMixture,47.260731856524956,0.010767115875810392,5.216695574315027E-06,true,REGION-4-MIXTURE,SaturatedMixture,47.26073185218047,0.01076711587344349,5.216695573376864E-06,true,2.1982691007818146E-10,1.3559114062565452E-11
D3-VAPOR-SEAM-COMPLETE-IF97-COMPARATOR,exact-v9-5-to-6mwe,62784,600,suction,REGION-4-MIXTURE,SaturatedMixture,268.08787213563915,5.340115774031272,0.0009835311402743585,true,REGION-4-MIXTURE,SaturatedMixture,268.08787213066375,5.340115773612681,0.0009835311405772833,true,7.838603380744614E-11,9.192613862028351E-12
D3-VAPOR-SEAM-COMPLETE-IF97-COMPARATOR,exact-v9-5-to-6mwe,62784,600,pressure,REGION-4-MIXTURE,SaturatedMixture,268.0753684282305,5.33906393925502,0.0008423568271336936,true,REGION-4-MIXTURE,SaturatedMixture,268.0753684451547,5.3390639406785905,0.0008423568260619329,true,2.666329924000044E-10,3.1270186983757504E-11
D3-VAPOR-SEAM-COMPLETE-IF97-COMPARATOR,exact-v9-5-to-6mwe,62784,600,outlet,REGION-4-MIXTURE,SaturatedMixture,274.4903302550314,5.899854121915706,0.2314382016979415,true,REGION-4-MIXTURE,SaturatedMixture,274.49033025663016,5.899854122060842,0.23143820170425075,true,2.4599838607404754E-11,2.9193941909547624E-12
D3-VAPOR-SEAM-COMPLETE-IF97-COMPARATOR,exact-v9-5-to-6mwe,62784,600,drum,REGION-4-MIXTURE,SaturatedMixture,269.35565841197956,5.447588466292596,0.035515781309136615,true,REGION-4-MIXTURE,SaturatedMixture,269.3556584194994,5.447588466934922,0.0355157813131982,true,1.1791019020792015E-10,1.3861267185872804E-11
D3-VAPOR-SEAM-COMPLETE-IF97-COMPARATOR,exact-v9-5-to-6mwe,62784,600,feedwater-inventory,REGION-4-MIXTURE,SaturatedMixture,47.25379668027165,0.010763338159542174,5.515474764911145E-06,true,REGION-4-MIXTURE,SaturatedMixture,47.25379668278549,0.0107633381609113,5.515474765489856E-06,true,1.2720282626760655E-10,7.845860073277839E-12
D3-VAPOR-SEAM-COMPLETE-IF97-COMPARATOR,exact-v9-5-to-6mwe,68784,660,suction,REGION-4-MIXTURE,SaturatedMixture,268.258955323696,5.354523505773277,0.0009730675325700006,true,REGION-4-MIXTURE,SaturatedMixture,268.2589553041813,5.354523504128132,0.0009730675337689838,true,3.0724402488955857E-10,3.604426296155588E-11
D3-VAPOR-SEAM-COMPLETE-IF97-COMPARATOR,exact-v9-5-to-6mwe,68784,660,pressure,REGION-4-MIXTURE,SaturatedMixture,268.22862460613226,5.351967049157837,0.0008485225363890691,true,REGION-4-MIXTURE,SaturatedMixture,268.22862461789646,5.351967050149224,0.0008485225356414203,true,1.85237786279368E-10,2.1730078998139024E-11
D3-VAPOR-SEAM-COMPLETE-IF97-COMPARATOR,exact-v9-5-to-6mwe,68784,660,outlet,REGION-4-MIXTURE,SaturatedMixture,274.66211806535716,5.915464940975604,0.23142992277315888,true,REGION-4-MIXTURE,SaturatedMixture,274.6621180762289,5.915464941964581,0.23142992281605906,true,1.6718498211746081E-10,1.984577968606265E-11
D3-VAPOR-SEAM-COMPLETE-IF97-COMPARATOR,exact-v9-5-to-6mwe,68784,660,drum,REGION-4-MIXTURE,SaturatedMixture,269.5298897445201,5.46248647937816,0.03581717962476893,true,REGION-4-MIXTURE,SaturatedMixture,269.5298897484074,5.462486479710879,0.03581717962688713,true,6.090992277628859E-11,7.163143716354141E-12
D3-VAPOR-SEAM-COMPLETE-IF97-COMPARATOR,exact-v9-5-to-6mwe,68784,660,feedwater-inventory,REGION-4-MIXTURE,SaturatedMixture,47.25636326000097,0.010764736089308044,5.8023453262868475E-06,true,REGION-4-MIXTURE,SaturatedMixture,47.25636326045907,0.010764736089557579,5.802345326398531E-06,true,2.318076038080334E-11,1.4297503580711204E-12
D3-VAPOR-SEAM-COMPLETE-IF97-COMPARATOR,exact-v9-5-to-6mwe,74784,720,suction,REGION-4-MIXTURE,SaturatedMixture,268.4279694974422,5.368786123859572,0.0009626366151255175,true,REGION-4-MIXTURE,SaturatedMixture,268.4279694959332,5.368786123732125,0.0009626366152190665,true,2.3738585042834466E-11,2.786238514242475E-12
D3-VAPOR-SEAM-COMPLETE-IF97-COMPARATOR,exact-v9-5-to-6mwe,74784,720,pressure,REGION-4-MIXTURE,SaturatedMixture,268.3879977881908,5.3654104108034435,0.0008550035030612451,true,REGION-4-MIXTURE,SaturatedMixture,268.3879978043219,5.365410412165427,0.0008550035020322537,true,2.5384515081934707E-10,2.978764030786833E-11
D3-VAPOR-SEAM-COMPLETE-IF97-COMPARATOR,exact-v9-5-to-6mwe,74784,720,outlet,REGION-4-MIXTURE,SaturatedMixture,274.83064057230956,5.930809657975048,0.231426994562788,true,REGION-4-MIXTURE,SaturatedMixture,274.830640564771,5.930809657287932,0.2314269945330455,true,1.1585536906215454E-10,1.3757008279429528E-11
D3-VAPOR-SEAM-COMPLETE-IF97-COMPARATOR,exact-v9-5-to-6mwe,74784,720,drum,REGION-4-MIXTURE,SaturatedMixture,269.69983050823214,5.4770475685006454,0.03611495197770573,true,REGION-4-MIXTURE,SaturatedMixture,269.6998305020288,5.477047567968569,0.036114951974295546,true,9.714661016597903E-11,1.1427326585829904E-11
D3-VAPOR-SEAM-COMPLETE-IF97-COMPARATOR,exact-v9-5-to-6mwe,74784,720,feedwater-inventory,REGION-4-MIXTURE,SaturatedMixture,47.26746165007364,0.01077078280538208,6.080759374465404E-06,true,REGION-4-MIXTURE,SaturatedMixture,47.26746165092618,0.010770782805846675,6.0807593746845E-06,true,4.31347827223319E-11,2.660708912941364E-12
D3-VAPOR-SEAM-COMPLETE-IF97-COMPARATOR,exact-v9-5-to-6mwe,80784,780,suction,REGION-4-MIXTURE,SaturatedMixture,268.59354792833335,5.382786922488396,0.0009523267159962462,true,REGION-4-MIXTURE,SaturatedMixture,268.59354790758096,5.382786920731906,0.0009523267172940824,true,3.263161053561441E-10,3.830667746217275E-11
D3-VAPOR-SEAM-COMPLETE-IF97-COMPARATOR,exact-v9-5-to-6mwe,80784,780,pressure,REGION-4-MIXTURE,SaturatedMixture,268.5486411511898,5.378986992671804,0.000861599623052612,true,REGION-4-MIXTURE,SaturatedMixture,268.548641160863,5.378986993490083,0.0008615996224332714,true,1.5212523610169512E-10,1.785708425227822E-11
D3-VAPOR-SEAM-COMPLETE-IF97-COMPARATOR,exact-v9-5-to-6mwe,80784,780,outlet,REGION-4-MIXTURE,SaturatedMixture,274.9943043649197,5.945741039133511,0.23142232118333478,true,REGION-4-MIXTURE,SaturatedMixture,274.99430438133925,5.94574104063294,0.2314223212481043,true,2.52185390436245E-10,2.995481749551567E-11
D3-VAPOR-SEAM-COMPLETE-IF97-COMPARATOR,exact-v9-5-to-6mwe,80784,780,drum,REGION-4-MIXTURE,SaturatedMixture,269.86491042971613,5.491220523864266,0.036407564205610275,true,REGION-4-MIXTURE,SaturatedMixture,269.86491042074897,5.491220523093612,0.03640756420063878,true,1.4034289092521506E-10,1.651365890677661E-11
D3-VAPOR-SEAM-COMPLETE-IF97-COMPARATOR,exact-v9-5-to-6mwe,80784,780,feedwater-inventory,REGION-4-MIXTURE,SaturatedMixture,47.28584959805005,0.010780807500867904,6.353411934413006E-06,true,REGION-4-MIXTURE,SaturatedMixture,47.285849602504754,0.010780807503297483,6.353411935615536E-06,true,2.2536151463126086E-10,1.3902018313093614E-11
D3-VAPOR-SEAM-COMPLETE-IF97-COMPARATOR,exact-v9-5-to-6mwe,86784,840,suction,REGION-4-MIXTURE,SaturatedMixture,268.75488118529313,5.396455562230628,0.0009421939615095652,true,REGION-4-MIXTURE,SaturatedMixture,268.75488119494787,5.396455563049396,0.0009421939609006078,true,1.5172332189844658E-10,1.781630197822352E-11
D3-VAPOR-SEAM-COMPLETE-IF97-COMPARATOR,exact-v9-5-to-6mwe,86784,840,pressure,REGION-4-MIXTURE,SaturatedMixture,268.70778965353986,5.392463089971425,0.0008681932656547052,true,REGION-4-MIXTURE,SaturatedMixture,268.70778967099966,5.392463091451304,0.0008681932645326786,true,2.744345983126779E-10,3.222210236153294E-11
D3-VAPOR-SEAM-COMPLETE-IF97-COMPARATOR,exact-v9-5-to-6mwe,86784,840,outlet,REGION-4-MIXTURE,SaturatedMixture,275.1527390658854,5.960222683927252,0.23141690010609517,true,REGION-4-MIXTURE,SaturatedMixture,275.1527390749768,5.960222684759013,0.2314169001419521,true,1.3955205544983385E-10,1.6581027374126367E-11
D3-VAPOR-SEAM-COMPLETE-IF97-COMPARATOR,exact-v9-5-to-6mwe,86784,840,drum,REGION-4-MIXTURE,SaturatedMixture,270.02492635846113,5.50498542077835,0.03669383447269851,true,REGION-4-MIXTURE,SaturatedMixture,270.0249263752413,5.504985422223164,0.03669383448207799,true,2.624554013438617E-10,3.0892768486586344E-11
D3-VAPOR-SEAM-COMPLETE-IF97-COMPARATOR,exact-v9-5-to-6mwe,86784,840,feedwater-inventory,REGION-4-MIXTURE,SaturatedMixture,47.31016860008242,0.010794077984110315,6.6220392982588265E-06,true,REGION-4-MIXTURE,SaturatedMixture,47.31016859976535,0.010794077983937188,6.622039298169219E-06,true,1.603908530963157E-11,9.894290194962643E-13
D3-VAPOR-SEAM-COMPLETE-IF97-COMPARATOR,exact-v9-5-to-6mwe,92784,900,suction,REGION-4-MIXTURE,SaturatedMixture,268.91260992884634,5.409844422746818,0.0009322039036155855,true,REGION-4-MIXTURE,SaturatedMixture,268.91260992865807,5.409844422730803,0.0009322039036275447,true,2.9602967912118926E-12,3.473130221833761E-13
D3-VAPOR-SEAM-COMPLETE-IF97-COMPARATOR,exact-v9-5-to-6mwe,92784,900,pressure,REGION-4-MIXTURE,SaturatedMixture,268.8640391409398,5.405718774474441,0.0008747158221898253,true,REGION-4-MIXTURE,SaturatedMixture,268.86403912895537,5.405718773456764,0.0008747158229627985,true,1.882594230822901E-10,2.2110887947213434E-11
D3-VAPOR-SEAM-COMPLETE-IF97-COMPARATOR,exact-v9-5-to-6mwe,92784,900,outlet,REGION-4-MIXTURE,SaturatedMixture,275.3103550732136,5.974656203823785,0.23143107905029692,true,REGION-4-MIXTURE,SaturatedMixture,275.3103550635958,5.974656202942231,0.23143107901236576,true,1.475488240316467E-10,1.7535985409787955E-11
D3-VAPOR-SEAM-COMPLETE-IF97-COMPARATOR,exact-v9-5-to-6mwe,92784,900,drum,REGION-4-MIXTURE,SaturatedMixture,270.18390763401965,5.5186873898978055,0.0369787179253488,true,REGION-4-MIXTURE,SaturatedMixture,270.1839076450743,5.518687390851472,0.036978717931578656,true,1.7280675851754207E-10,2.0346016641061065E-11
D3-VAPOR-SEAM-COMPLETE-IF97-COMPARATOR,exact-v9-5-to-6mwe,92784,900,feedwater-inventory,REGION-4-MIXTURE,SaturatedMixture,47.339061117172264,0.010809862398688596,6.885840623009597E-06,true,REGION-4-MIXTURE,SaturatedMixture,47.33906111866776,0.01080986239950614,6.885840623450802E-06,true,7.562945013106572E-11,4.666285649800194E-12
D3-VAPOR-SEAM-COMPLETE-IF97-COMPARATOR,exact-v9-5-to-6mwe,98784,960,suction,REGION-4-MIXTURE,SaturatedMixture,269.0666279315948,5.422942757787902,0.0009223685577617101,true,REGION-4-MIXTURE,SaturatedMixture,269.06662794442514,5.422942758880059,0.0009223685569390491,true,2.013957226452383E-10,2.3662784916229236E-11
D3-VAPOR-SEAM-COMPLETE-IF97-COMPARATOR,exact-v9-5-to-6mwe,98784,960,pressure,REGION-4-MIXTURE,SaturatedMixture,269.0172909379006,5.418744300386585,0.0008811686258817958,true,REGION-4-MIXTURE,SaturatedMixture,269.017290945083,5.418744300997597,0.0008811686254168848,true,1.1275890719701866E-10,1.3247559317556103E-11
D3-VAPOR-SEAM-COMPLETE-IF97-COMPARATOR,exact-v9-5-to-6mwe,98784,960,outlet,REGION-4-MIXTURE,SaturatedMixture,275.46072360575204,5.988450904262886,0.23142747359107105,true,REGION-4-MIXTURE,SaturatedMixture,275.4607236098109,5.988450904635579,0.2314274736070771,true,6.223529148701313E-11,7.39841075956427E-12
D3-VAPOR-SEAM-COMPLETE-IF97-COMPARATOR,exact-v9-5-to-6mwe,98784,960,drum,REGION-4-MIXTURE,SaturatedMixture,270.3355482459067,5.531780945588854,0.037255479598444954,true,REGION-4-MIXTURE,SaturatedMixture,270.3355482239459,5.531780943690936,0.037255479585971696,true,3.4309337218530734E-10,4.040728005873383E-11
D3-VAPOR-SEAM-COMPLETE-IF97-COMPARATOR,exact-v9-5-to-6mwe,98784,960,feedwater-inventory,REGION-4-MIXTURE,SaturatedMixture,47.37124681919806,0.010827469274392744,7.147105814978754E-06,true,REGION-4-MIXTURE,SaturatedMixture,47.371246817151984,0.010827469273272695,7.147105814349982E-06,true,1.034450867519E-10,6.383598223829922E-12
D3-VAPOR-SEAM-COMPLETE-IF97-COMPARATOR,exact-v9-5-to-6mwe,104784,1020,suction,REGION-4-MIXTURE,SaturatedMixture,269.2148237466812,5.43556879606626,0.0009128296651076298,true,REGION-4-MIXTURE,SaturatedMixture,269.21482374211564,5.4355687956769545,0.0009128296654026406,true,7.162184701374416E-11,8.417857346505901E-12
D3-VAPOR-SEAM-COMPLETE-IF97-COMPARATOR,exact-v9-5-to-6mwe,104784,1020,pressure,REGION-4-MIXTURE,SaturatedMixture,269.16647517681133,5.431447113618504,0.0008875015129017395,true,REGION-4-MIXTURE,SaturatedMixture,269.16647520009917,5.431447115603211,0.0008875015113891739,true,3.654102819662156E-10,4.294141940825003E-11
D3-VAPOR-SEAM-COMPLETE-IF97-COMPARATOR,exact-v9-5-to-6mwe,104784,1020,outlet,REGION-4-MIXTURE,SaturatedMixture,275.6050840735436,6.001717297026261,0.23141215946755217,true,REGION-4-MIXTURE,SaturatedMixture,275.60508408232715,6.001717297834108,0.23141215950218094,true,1.3460266162996725E-10,1.600633693269366E-11
D3-VAPOR-SEAM-COMPLETE-IF97-COMPARATOR,exact-v9-5-to-6mwe,104784,1020,drum,REGION-4-MIXTURE,SaturatedMixture,270.48048021793363,5.544317393203595,0.0375213485017539,true,REGION-4-MIXTURE,SaturatedMixture,270.4804802055355,5.544317392130257,0.0375213484946591,true,1.93592587705672E-10,2.2806149652905057E-11
D3-VAPOR-SEAM-COMPLETE-IF97-COMPARATOR,exact-v9-5-to-6mwe,104784,1020,feedwater-inventory,REGION-4-MIXTURE,SaturatedMixture,47.405578786134754,0.01084627739350248,7.4075547949395155E-06,true,REGION-4-MIXTURE,SaturatedMixture,47.40557878688281,0.01084627739391262,7.407554795178518E-06,true,3.7813797473722774E-11,2.333633983351501E-12
D3-VAPOR-SEAM-COMPLETE-IF97-COMPARATOR,exact-v9-5-to-6mwe,110784,1080,suction,REGION-4-MIXTURE,SaturatedMixture,269.35622538924224,5.447636896492387,0.000903658825987358,true,REGION-4-MIXTURE,SaturatedMixture,269.35622537853885,5.447636895578114,0.000903658826684123,true,1.6782930269445731E-10,1.9729521795137268E-11
D3-VAPOR-SEAM-COMPLETE-IF97-COMPARATOR,exact-v9-5-to-6mwe,110784,1080,pressure,REGION-4-MIXTURE,SaturatedMixture,269.3115269780159,5.4438198454297755,0.0008932603238042413,true,REGION-4-MIXTURE,SaturatedMixture,269.3115269846312,5.443819845994539,0.0008932603233730742,true,1.0374394510383966E-10,1.2195009362297526E-11
D3-VAPOR-SEAM-COMPLETE-IF97-COMPARATOR,exact-v9-5-to-6mwe,110784,1080,outlet,REGION-4-MIXTURE,SaturatedMixture,275.7495581537486,6.0150165852960455,0.2291393979467038,true,REGION-4-MIXTURE,SaturatedMixture,275.7495581519531,6.0150165851306285,0.22913939793969684,true,2.750067453256556E-11,3.2710105181658185E-12
D3-VAPOR-SEAM-COMPLETE-IF97-COMPARATOR,exact-v9-5-to-6mwe,110784,1080,drum,REGION-4-MIXTURE,SaturatedMixture,270.60145553350435,5.554798218168749,0.0379295933577601,true,REGION-4-MIXTURE,SaturatedMixture,270.6014555229149,5.554798217250657,0.03792959335162799,true,1.65278979476571E-10,1.9474842924379364E-11
D3-VAPOR-SEAM-COMPLETE-IF97-COMPARATOR,exact-v9-5-to-6mwe,110784,1080,feedwater-inventory,REGION-4-MIXTURE,SaturatedMixture,47.44107317328451,0.010865751823740721,7.67700764817132E-06,true,REGION-4-MIXTURE,SaturatedMixture,47.44107317557831,0.010865751825000207,7.677007648933285E-06,true,1.1591333870153731E-10,7.154916880827651E-12
D3-VAPOR-SEAM-COMPLETE-IF97-COMPARATOR,exact-v9-5-to-6mwe,116784,1140,suction,REGION-4-MIXTURE,SaturatedMixture,269.3710194945336,5.448900699133983,0.0009026954062697059,true,REGION-4-MIXTURE,SaturatedMixture,269.3710195173536,5.448900701083584,0.0009026954047830346,true,3.5779719192591205E-10,4.206291932542672E-11
D3-VAPOR-SEAM-COMPLETE-IF97-COMPARATOR,exact-v9-5-to-6mwe,116784,1140,pressure,REGION-4-MIXTURE,SaturatedMixture,269.4265326142312,5.453644964372609,0.0008976179247981005,true,REGION-4-MIXTURE,SaturatedMixture,269.42653261116607,5.453644964110537,0.0008976179249984269,true,4.805449263340629E-11,5.649176931859244E-12
D3-VAPOR-SEAM-COMPLETE-IF97-COMPARATOR,exact-v9-5-to-6mwe,116784,1140,outlet,REGION-4-MIXTURE,SaturatedMixture,275.8048092722893,6.0201085661169715,0.2136080753250367,true,REGION-4-MIXTURE,SaturatedMixture,275.8048092599571,6.020108564980103,0.21360807528025738,true,1.8884516196515231E-10,2.2464835927387542E-11
D3-VAPOR-SEAM-COMPLETE-IF97-COMPARATOR,exact-v9-5-to-6mwe,116784,1140,drum,REGION-4-MIXTURE,SaturatedMixture,270.50527734756463,5.54646448755082,0.03790683792601092,true,REGION-4-MIXTURE,SaturatedMixture,270.50527732605974,5.54646448568852,0.037906837913561156,true,3.3576353732798503E-10,3.9556111073736277E-11
D3-VAPOR-SEAM-COMPLETE-IF97-COMPARATOR,exact-v9-5-to-6mwe,116784,1140,feedwater-inventory,REGION-4-MIXTURE,SaturatedMixture,47.476804162561905,0.010885386399457025,8.422460058228179E-06,true,REGION-4-MIXTURE,SaturatedMixture,47.476804158202754,0.010885386397059764,8.422460056626409E-06,true,2.2022747939437218E-10,1.359571690696402E-11
D3-VAPOR-SEAM-COMPLETE-IF97-COMPARATOR,exact-v9-5-to-6mwe,122784,1200,suction,REGION-4-MIXTURE,SaturatedMixture,269.38479275703435,5.450077496381163,0.0009017977962849385,true,REGION-4-MIXTURE,SaturatedMixture,269.3847927480034,5.450077495609513,0.0009017977968736992,true,1.4158519759145853E-10,1.6645828891818885E-11
D3-VAPOR-SEAM-COMPLETE-IF97-COMPARATOR,exact-v9-5-to-6mwe,122784,1200,pressure,REGION-4-MIXTURE,SaturatedMixture,269.4921368777751,5.4592557049658925,0.0008997531618703611,true,REGION-4-MIXTURE,SaturatedMixture,269.4921368629431,5.45925570369688,0.0008997531628414497,true,2.3245155003881484E-10,2.7333003813254716E-11
D3-VAPOR-SEAM-COMPLETE-IF97-COMPARATOR,exact-v9-5-to-6mwe,122784,1200,outlet,REGION-4-MIXTURE,SaturatedMixture,275.95865174531946,6.034304135780119,0.20526297604318353,true,REGION-4-MIXTURE,SaturatedMixture,275.95865173099264,6.03430413445695,0.20526297599325222,true,2.192745178309975E-10,2.6091039076038693E-11
D3-VAPOR-SEAM-COMPLETE-IF97-COMPARATOR,exact-v9-5-to-6mwe,122784,1200,drum,REGION-4-MIXTURE,SaturatedMixture,270.5621895730495,5.551394713261203,0.03785637800639095,true,REGION-4-MIXTURE,SaturatedMixture,270.5621895779709,5.551394713687686,0.03785637800923509,true,7.682445062275294E-11,9.051460703861656E-12
D3-VAPOR-SEAM-COMPLETE-IF97-COMPARATOR,exact-v9-5-to-6mwe,122784,1200,feedwater-inventory,REGION-4-MIXTURE,SaturatedMixture,47.51263943389063,0.010905108883089832,9.042224188550537E-06,true,REGION-4-MIXTURE,SaturatedMixture,47.51263943370816,0.010905108882989328,9.042224188478126E-06,true,9.216292574897379E-12,5.690322229784182E-13
D3-VAPOR-SEAM-COMPLETE-IF97-COMPARATOR,exact-v9-5-to-6mwe,128784,1260,suction,REGION-4-MIXTURE,SaturatedMixture,269.40271410346065,5.4516089993576555,0.0009006288867409062,true,REGION-4-MIXTURE,SaturatedMixture,269.40271409155196,5.4516089983398714,0.0009006288875180477,true,1.8669425473432681E-10,2.1949381031146003E-11
D3-VAPOR-SEAM-COMPLETE-IF97-COMPARATOR,exact-v9-5-to-6mwe,128784,1260,pressure,REGION-4-MIXTURE,SaturatedMixture,269.53814047574997,5.463192745969509,0.0009008113784521002,true,REGION-4-MIXTURE,SaturatedMixture,269.5381404712398,5.463192745583426,0.000900811378747792,true,7.066971553296946E-11,8.310821427087164E-12
D3-VAPOR-SEAM-COMPLETE-IF97-COMPARATOR,exact-v9-5-to-6mwe,128784,1260,outlet,REGION-4-MIXTURE,SaturatedMixture,276.1304154813289,6.050183544355614,0.19624190616993337,true,REGION-4-MIXTURE,SaturatedMixture,276.13041548991737,6.050183545150411,0.19624190619850954,true,1.3136743888558258E-10,1.5635860871088023E-11
D3-VAPOR-SEAM-COMPLETE-IF97-COMPARATOR,exact-v9-5-to-6mwe,128784,1260,drum,REGION-4-MIXTURE,SaturatedMixture,270.61141203641887,5.555661483615154,0.037969842517482685,true,REGION-4-MIXTURE,SaturatedMixture,270.6114120254708,5.55566148266586,0.03796984251113552,true,1.7086965783631057E-10,2.013390842058938E-11
D3-VAPOR-SEAM-COMPLETE-IF97-COMPARATOR,exact-v9-5-to-6mwe,128784,1260,feedwater-inventory,REGION-4-MIXTURE,SaturatedMixture,47.54827588349582,0.010924752374610679,9.664133970348962E-06,true,REGION-4-MIXTURE,SaturatedMixture,47.54827588023022,0.010924752372809248,9.664133968957538E-06,true,1.6489440407899554E-10,1.0182772455318392E-11
D3-VAPOR-SEAM-COMPLETE-IF97-COMPARATOR,exact-v9-5-to-6mwe,134784,1320,suction,REGION-4-MIXTURE,SaturatedMixture,269.4203418850898,5.453115735746688,0.0008994780573275343,true,REGION-4-MIXTURE,SaturatedMixture,269.4203419072164,5.4531157376381705,0.000899478055882331,true,3.468627144226167E-10,4.078114880958395E-11
D3-VAPOR-SEAM-COMPLETE-IF97-COMPARATOR,exact-v9-5-to-6mwe,134784,1320,pressure,REGION-4-MIXTURE,SaturatedMixture,269.5759793758393,5.466432667326818,0.0009015073195845932,true,REGION-4-MIXTURE,SaturatedMixture,269.5759793807939,5.466432667751133,0.0009015073192594041,true,7.762188457017188E-11,9.129074824175099E-12
D3-VAPOR-SEAM-COMPLETE-IF97-COMPARATOR,exact-v9-5-to-6mwe,134784,1320,outlet,REGION-4-MIXTURE,SaturatedMixture,276.3073304116723,6.066572512561029,0.1878979666225404,true,REGION-4-MIXTURE,SaturatedMixture,276.3073304050363,6.066572511945632,0.1878979666014296,true,1.0144057806537814E-10,1.207739716508381E-11
D3-VAPOR-SEAM-COMPLETE-IF97-COMPARATOR,exact-v9-5-to-6mwe,134784,1320,drum,REGION-4-MIXTURE,SaturatedMixture,270.6571163117886,5.559625526918188,0.03805547981985691,true,REGION-4-MIXTURE,SaturatedMixture,270.6571163001415,5.559625525907711,0.03805547981308825,true,1.8175271526592933E-10,2.141770949364341E-11
D3-VAPOR-SEAM-COMPLETE-IF97-COMPARATOR,exact-v9-5-to-6mwe,134784,1320,feedwater-inventory,REGION-4-MIXTURE,SaturatedMixture,47.58362434357406,0.010944267139681222,1.0304324491348649E-05,true,REGION-4-MIXTURE,SaturatedMixture,47.583624347168666,0.010944267141667203,1.0304324492988776E-05,true,1.8146311661532909E-10,1.1207453804875557E-11
D3-VAPOR-SEAM-COMPLETE-IF97-COMPARATOR,exact-v9-5-to-6mwe,140784,1380,suction,REGION-4-MIXTURE,SaturatedMixture,269.43838264346107,5.454658100578438,0.0008982991698660478,true,REGION-4-MIXTURE,SaturatedMixture,269.4383826368489,5.454658100013095,0.0008982991702983466,true,1.0364413631123314E-10,1.218629145082857E-11
D3-VAPOR-SEAM-COMPLETE-IF97-COMPARATOR,exact-v9-5-to-6mwe,140784,1380,pressure,REGION-4-MIXTURE,SaturatedMixture,269.6106666266918,5.469404020297653,0.0009020375812201814,true,REGION-4-MIXTURE,SaturatedMixture,269.61066664230736,5.4694040216356115,0.0009020375801942168,true,2.446259562687038E-10,2.8770635461008095E-11
D3-VAPOR-SEAM-COMPLETE-IF97-COMPARATOR,exact-v9-5-to-6mwe,140784,1380,outlet,REGION-4-MIXTURE,SaturatedMixture,276.49290496110916,6.083800092245996,0.18024202744427067,true,REGION-4-MIXTURE,SaturatedMixture,276.4929049769569,6.083800093718804,0.18024202749255855,true,2.420869389953461E-10,2.8832752431943358E-11
D3-VAPOR-SEAM-COMPLETE-IF97-COMPARATOR,exact-v9-5-to-6mwe,140784,1380,drum,REGION-4-MIXTURE,SaturatedMixture,270.7052416622638,5.563801889778611,0.03814188261006413,true,REGION-4-MIXTURE,SaturatedMixture,270.70524164330175,5.563801888132573,0.03814188259901831,true,2.958476964493118E-10,3.4865996656219215E-11
D3-VAPOR-SEAM-COMPLETE-IF97-COMPARATOR,exact-v9-5-to-6mwe,140784,1380,feedwater-inventory,REGION-4-MIXTURE,SaturatedMixture,47.61869406104091,0.01096365760132372,1.0950977071224791E-05,true,REGION-4-MIXTURE,SaturatedMixture,47.61869405980991,0.01096365760064257,1.0950977070625598E-05,true,6.212795090398565E-11,3.837659664553812E-12
D3-VAPOR-SEAM-COMPLETE-IF97-COMPARATOR,exact-v9-5-to-6mwe,146784,1440,suction,REGION-4-MIXTURE,SaturatedMixture,269.45672143101694,5.456226286297494,0.0008970996694808129,true,REGION-4-MIXTURE,SaturatedMixture,269.4567214478433,5.456226287736494,0.0008970996683797002,true,2.6373540149157445E-10,3.101018369151308E-11
D3-VAPOR-SEAM-COMPLETE-IF97-COMPARATOR,exact-v9-5-to-6mwe,146784,1440,pressure,REGION-4-MIXTURE,SaturatedMixture,269.644376009703,5.4722927893097415,0.0009025070189356952,true,REGION-4-MIXTURE,SaturatedMixture,269.6443760089104,5.472292789241799,0.000902507018987819,true,1.2415654463172609E-11,1.460266848050279E-12
D3-VAPOR-SEAM-COMPLETE-IF97-COMPARATOR,exact-v9-5-to-6mwe,146784,1440,outlet,REGION-4-MIXTURE,SaturatedMixture,276.68489103913305,6.101662166072096,0.1731689637831605,true,REGION-4-MIXTURE,SaturatedMixture,276.6848910565634,6.1016621676956335,0.17316896383411037,true,2.660812258195226E-10,3.170106618679441E-11
D3-VAPOR-SEAM-COMPLETE-IF97-COMPARATOR,exact-v9-5-to-6mwe,146784,1440,drum,REGION-4-MIXTURE,SaturatedMixture,270.7539018630981,5.568027102484115,0.03823020734751475,true,REGION-4-MIXTURE,SaturatedMixture,270.7539018828453,5.568027104199269,0.03823020735904555,true,3.080360998803216E-10,3.63063700608268E-11
D3-VAPOR-SEAM-COMPLETE-IF97-COMPARATOR,exact-v9-5-to-6mwe,146784,1440,feedwater-inventory,REGION-4-MIXTURE,SaturatedMixture,47.65354026705023,0.010982953700612195,1.160427986274331E-05,true,REGION-4-MIXTURE,SaturatedMixture,47.65354026808069,0.010982953701183296,1.1604279863276696E-05,true,5.1998804161290696E-11,3.2121138571317884E-12
D3-VAPOR-SEAM-COMPLETE-IF97-COMPARATOR,exact-v9-5-to-6mwe,152784,1500,suction,REGION-4-MIXTURE,SaturatedMixture,269.475270628929,5.457812814788884,0.0008958852387003936,true,REGION-4-MIXTURE,SaturatedMixture,269.4752706222188,5.457812814214898,0.0008958852391399521,true,1.0516780464773565E-10,1.236627240361135E-11
D3-VAPOR-SEAM-COMPLETE-IF97-COMPARATOR,exact-v9-5-to-6mwe,152784,1500,pressure,REGION-4-MIXTURE,SaturatedMixture,269.67791057229067,5.475167732663439,0.0009029574412277423,true,REGION-4-MIXTURE,SaturatedMixture,269.67791055515045,5.4751677311936975,0.000902957442356253,true,2.6843774172252527E-10,3.1575796175816295E-11
D3-VAPOR-SEAM-COMPLETE-IF97-COMPARATOR,exact-v9-5-to-6mwe,152784,1500,outlet,REGION-4-MIXTURE,SaturatedMixture,276.88175147771847,6.1200192965391,0.16663045216128056,true,REGION-4-MIXTURE,SaturatedMixture,276.88175148246887,6.120019296982578,0.1666304521746213,true,7.246352039250888E-11,8.63660052612465E-12
D3-VAPOR-SEAM-COMPLETE-IF97-COMPARATOR,exact-v9-5-to-6mwe,152784,1500,drum,REGION-4-MIXTURE,SaturatedMixture,270.8030768454074,5.572299502638413,0.03831945471321713,true,REGION-4-MIXTURE,SaturatedMixture,270.8030768360503,5.572299501825215,0.03831945470773992,true,1.4593571450091337E-10,1.7202051544189792E-11
D3-VAPOR-SEAM-COMPLETE-IF97-COMPARATOR,exact-v9-5-to-6mwe,152784,1500,feedwater-inventory,REGION-4-MIXTURE,SaturatedMixture,47.68824782669549,0.011002202013082888,1.2263708083947949E-05,true,REGION-4-MIXTURE,SaturatedMixture,47.68824782270303,0.011002202010867056,1.2263708081757464E-05,true,2.0139892743010308E-10,1.244382299851071E-11
D3-VAPOR-SEAM-COMPLETE-IF97-COMPARATOR,exact-v9-5-to-6mwe,158784,1560,suction,REGION-4-MIXTURE,SaturatedMixture,269.49399043321625,5.459414292482041,0.0008946584465405691,true,REGION-4-MIXTURE,SaturatedMixture,269.49399041607535,5.459414291015473,0.000894658447664429,true,2.686310511796442E-10,3.1587755298122595E-11
D3-VAPOR-SEAM-COMPLETE-IF97-COMPARATOR,exact-v9-5-to-6mwe,158784,1560,pressure,REGION-4-MIXTURE,SaturatedMixture,269.7115400552751,5.4780519716317,0.0009034021284856428,true,REGION-4-MIXTURE,SaturatedMixture,269.7115400545737,5.47805197157152,0.0009034021285318698,true,1.0985712712341427E-11,1.292130197086624E-12
D3-VAPOR-SEAM-COMPLETE-IF97-COMPARATOR,exact-v9-5-to-6mwe,158784,1560,outlet,REGION-4-MIXTURE,SaturatedMixture,277.0836132824419,6.138886563339894,0.1605726439266025,true,REGION-4-MIXTURE,SaturatedMixture,277.0836132696985,6.138886562147441,0.16057264389217024,true,1.9424585141828923E-10,2.3159953711061347E-11
D3-VAPOR-SEAM-COMPLETE-IF97-COMPARATOR,exact-v9-5-to-6mwe,158784,1560,drum,REGION-4-MIXTURE,SaturatedMixture,270.85275713801377,5.576618346228665,0.038409793331354934,true,REGION-4-MIXTURE,SaturatedMixture,270.8527571255446,5.576618345144371,0.03840979332403806,true,1.9443583273941158E-10,2.2921156552416906E-11
D3-VAPOR-SEAM-COMPLETE-IF97-COMPARATOR,exact-v9-5-to-6mwe,158784,1560,feedwater-inventory,REGION-4-MIXTURE,SaturatedMixture,47.72291185855869,0.011021455097793323,1.2929149381491053E-05,true,REGION-4-MIXTURE,SaturatedMixture,47.72291185606673,0.011021455096408202,1.29291493800457E-05,true,1.2567498321465495E-10,7.766185761848985E-12
D3-VAPOR-SEAM-COMPLETE-IF97-COMPARATOR,exact-v9-5-to-6mwe,164784,1620,suction,REGION-4-MIXTURE,SaturatedMixture,269.512844836712,5.4610276477900594,0.0008934216226146621,true,REGION-4-MIXTURE,SaturatedMixture,269.51284481350217,5.4610276458037905,0.0008934216241379506,true,3.637170611864547E-10,4.277029515237609E-11
D3-VAPOR-SEAM-COMPLETE-IF97-COMPARATOR,exact-v9-5-to-6mwe,164784,1620,pressure,REGION-4-MIXTURE,SaturatedMixture,269.74532633423803,5.480950826336363,0.0009038475922783309,true,REGION-4-MIXTURE,SaturatedMixture,269.74532633272725,5.480950826206726,0.000903847592377996,true,2.3652236608231732E-11,2.78282813131537E-12
D3-VAPOR-SEAM-COMPLETE-IF97-COMPARATOR,exact-v9-5-to-6mwe,164784,1620,outlet,REGION-4-MIXTURE,SaturatedMixture,277.28852211534956,6.158084017178993,0.15494042075489814,true,REGION-4-MIXTURE,SaturatedMixture,277.28852211674973,6.1580840173103155,0.15494042075854259,true,2.1325221945143308E-11,2.5437302026001823E-12
D3-VAPOR-SEAM-COMPLETE-IF97-COMPARATOR,exact-v9-5-to-6mwe,164784,1620,drum,REGION-4-MIXTURE,SaturatedMixture,270.9028086423874,5.580972044291628,0.038501088665817675,true,REGION-4-MIXTURE,SaturatedMixture,270.90280864989336,5.580972044944714,0.03850108867023311,true,1.1702004246361944E-10,1.3796355735437451E-11
D3-VAPOR-SEAM-COMPLETE-IF97-COMPARATOR,exact-v9-5-to-6mwe,164784,1620,feedwater-inventory,REGION-4-MIXTURE,SaturatedMixture,47.757624070346424,0.011040763932517954,1.360074401414986E-05,true,REGION-4-MIXTURE,SaturatedMixture,47.75762406691206,0.01104076393060613,1.36007440120493E-05,true,1.731604028532784E-10,1.0702038291179548E-11
D3-VAPOR-SEAM-COMPLETE-IF97-COMPARATOR,exact-v9-5-to-6mwe,170784,1680,suction,REGION-4-MIXTURE,SaturatedMixture,269.53180425763105,5.4626503564161615,0.0008921766834385507,true,REGION-4-MIXTURE,SaturatedMixture,269.531804263343,5.462650356905135,0.0008921766830632961,true,8.951210024183304E-11,1.0525445560978258E-11
D3-VAPOR-SEAM-COMPLETE-IF97-COMPARATOR,exact-v9-5-to-6mwe,170784,1680,pressure,REGION-4-MIXTURE,SaturatedMixture,269.77926023006455,5.483863525360821,0.000904294163918309,true,REGION-4-MIXTURE,SaturatedMixture,269.77926022138047,5.483863524615265,0.0009042941644919001,true,1.3595444412414395E-10,1.599486972303447E-11
D3-VAPOR-SEAM-COMPLETE-IF97-COMPARATOR,exact-v9-5-to-6mwe,170784,1680,outlet,REGION-4-MIXTURE,SaturatedMixture,277.4965558946134,6.1776211021776435,0.14968873376737082,true,REGION-4-MIXTURE,SaturatedMixture,277.4965558857266,6.177621101342059,0.14968873374505692,true,1.3525984073458552E-10,1.6138821395918836E-11
D3-VAPOR-SEAM-COMPLETE-IF97-COMPARATOR,exact-v9-5-to-6mwe,170784,1680,drum,REGION-4-MIXTURE,SaturatedMixture,270.9531313061716,5.585351944806585,0.03859334277462345,true,REGION-4-MIXTURE,SaturatedMixture,270.9531313125002,5.585351945357588,0.038593342778355945,true,9.865140180743367E-11,1.1631260383039476E-11
D3-VAPOR-SEAM-COMPLETE-IF97-COMPARATOR,exact-v9-5-to-6mwe,170784,1680,feedwater-inventory,REGION-4-MIXTURE,SaturatedMixture,47.79246309995665,0.011060172515496517,1.4278729463527637E-05,true,REGION-4-MIXTURE,SaturatedMixture,47.792463099423685,0.01106017251519941,1.4278729463184706E-05,true,2.686285625633262E-11,1.660621315394298E-12
D3-VAPOR-SEAM-COMPLETE-IF97-COMPARATOR,exact-v9-5-to-6mwe,176784,1740,suction,REGION-4-MIXTURE,SaturatedMixture,269.55084462165814,5.464280363346507,0.0008909251908592374,true,REGION-4-MIXTURE,SaturatedMixture,269.55084462279285,5.464280363443635,0.0008909251907846353,true,1.7775010212917166E-11,2.090854176006502E-12
D3-VAPOR-SEAM-COMPLETE-IF97-COMPARATOR,exact-v9-5-to-6mwe,176784,1740,pressure,REGION-4-MIXTURE,SaturatedMixture,269.81331082582483,5.486787429095725,0.000904741772626453,true,REGION-4-MIXTURE,SaturatedMixture,269.8133108361104,5.4867874299791355,0.0009047417719463823,true,1.6100690784165653E-10,1.894343331144016E-11
D3-VAPOR-SEAM-COMPLETE-IF97-COMPARATOR,exact-v9-5-to-6mwe,176784,1740,outlet,REGION-4-MIXTURE,SaturatedMixture,277.70717749595633,6.197449399517608,0.14477843414318856,true,REGION-4-MIXTURE,SaturatedMixture,277.70717750853953,6.197449400703673,0.14477843417369937,true,1.9137946975019596E-10,2.2842945092848493E-11
D3-VAPOR-SEAM-COMPLETE-IF97-COMPARATOR,exact-v9-5-to-6mwe,176784,1740,drum,REGION-4-MIXTURE,SaturatedMixture,271.00374035835273,5.589759417934446,0.03868630785629731,true,REGION-4-MIXTURE,SaturatedMixture,271.00374036988865,5.589759418939397,0.03868630786311775,true,1.7978426513803943E-10,2.1199738704089613E-11
D3-VAPOR-SEAM-COMPLETE-IF97-COMPARATOR,exact-v9-5-to-6mwe,176784,1740,feedwater-inventory,REGION-4-MIXTURE,SaturatedMixture,47.827488413453125,0.011079714406014254,1.4963381640703339E-05,true,REGION-4-MIXTURE,SaturatedMixture,47.82748841254829,0.011079714405509013,1.496338164009191E-05,true,4.560060515196523E-11,2.818993773983365E-12
D3-VAPOR-SEAM-COMPLETE-IF97-COMPARATOR,exact-v9-5-to-6mwe,182784,1800,suction,REGION-4-MIXTURE,SaturatedMixture,269.5699443995951,5.465915829672343,0.0008896685453588766,true,REGION-4-MIXTURE,SaturatedMixture,269.5699443915514,5.4659158289834835,0.0008896685458883572,true,1.2602821877724653E-10,1.4821059945044283E-11
D3-VAPOR-SEAM-COMPLETE-IF97-COMPARATOR,exact-v9-5-to-6mwe,182784,1800,pressure,REGION-4-MIXTURE,SaturatedMixture,269.8474434912206,5.489719574607868,0.0009051911966636977,true,REGION-4-MIXTURE,SaturatedMixture,269.84744347641197,5.489719573335466,0.0009051911976438955,true,2.3177900478059087E-10,2.7271988635397127E-11
D3-VAPOR-SEAM-COMPLETE-IF97-COMPARATOR,exact-v9-5-to-6mwe,182784,1800,outlet,REGION-4-MIXTURE,SaturatedMixture,277.9191054522993,6.217449694590683,0.14017168440248198,true,REGION-4-MIXTURE,SaturatedMixture,277.9191054475717,6.217449694143979,0.14017168439140182,true,7.18468229033364E-11,8.57887588514958E-12
D3-VAPOR-SEAM-COMPLETE-IF97-COMPARATOR,exact-v9-5-to-6mwe,182784,1800,drum,REGION-4-MIXTURE,SaturatedMixture,271.0544894754886,5.594181755183046,0.03877997402388445,true,REGION-4-MIXTURE,SaturatedMixture,271.0544894867202,5.5941817561621034,0.038779974030542196,true,1.7501357063973805E-10,2.0638524053144943E-11
D3-VAPOR-SEAM-COMPLETE-IF97-COMPARATOR,exact-v9-5-to-6mwe,182784,1800,feedwater-inventory,REGION-4-MIXTURE,SaturatedMixture,47.862737081945,0.011099410844179348,1.5654985176226882E-05,true,REGION-4-MIXTURE,SaturatedMixture,47.862737085250615,0.01109941084602791,1.5654985178568132E-05,true,1.6654588793874936E-10,1.0297458496697418E-11
D3-VAPOR-SEAM-COMPLETE-IF97-COMPARATOR,exact-v9-5-to-6mwe,188784,1860,suction,REGION-4-MIXTURE,SaturatedMixture,269.58908331394184,5.467555022031855,0.0008884080705134151,true,REGION-4-MIXTURE,SaturatedMixture,269.5890833297111,5.467555023382606,0.000888408069474329,true,2.4704838214178243E-10,2.90549812451379E-11
D3-VAPOR-SEAM-COMPLETE-IF97-COMPARATOR,exact-v9-5-to-6mwe,188784,1860,pressure,REGION-4-MIXTURE,SaturatedMixture,269.8816254317761,5.492657151944929,0.0009056405510384544,true,REGION-4-MIXTURE,SaturatedMixture,269.88162544001716,5.492657152653278,0.0009056405504923958,true,1.2896288908413248E-10,1.5175994902782307E-11
D3-VAPOR-SEAM-COMPLETE-IF97-COMPARATOR,exact-v9-5-to-6mwe,188784,1860,outlet,REGION-4-MIXTURE,SaturatedMixture,278.13301288485525,6.237686742146946,0.1358409741585088,true,REGION-4-MIXTURE,SaturatedMixture,278.13301287413856,6.237686741131809,0.1358409741342079,true,1.627424494580344E-10,1.9439542861565548E-11
D3-VAPOR-SEAM-COMPLETE-IF97-COMPARATOR,exact-v9-5-to-6mwe,188784,1860,drum,REGION-4-MIXTURE,SaturatedMixture,271.1053811609744,5.598619198118851,0.038874213549072896,true,REGION-4-MIXTURE,SaturatedMixture,271.10538114418864,5.598619196654793,0.038874213539097945,true,2.615034450802581E-10,3.084167558794272E-11
D3-VAPOR-SEAM-COMPLETE-IF97-COMPARATOR,exact-v9-5-to-6mwe,188784,1860,feedwater-inventory,REGION-4-MIXTURE,SaturatedMixture,47.89822296798229,0.011119270202672725,1.6353822798472466E-05,true,REGION-4-MIXTURE,SaturatedMixture,47.89822297170423,0.01111927020475726,1.635382280123076E-05,true,1.8747054717466088E-10,1.1593076274776049E-11
D3-VAPOR-SEAM-COMPLETE-IF97-COMPARATOR,exact-v9-5-to-6mwe,194784,1920,suction,REGION-4-MIXTURE,SaturatedMixture,269.60824417471883,5.469196470008422,0.0008871448915401767,true,REGION-4-MIXTURE,SaturatedMixture,269.60824416383196,5.469196469075655,0.0008871448922582354,true,1.70549139684586E-10,2.0058431301124205E-11
D3-VAPOR-SEAM-COMPLETE-IF97-COMPARATOR,exact-v9-5-to-6mwe,194784,1920,pressure,REGION-4-MIXTURE,SaturatedMixture,269.9158253133297,5.495597472140865,0.0009060906814126842,true,REGION-4-MIXTURE,SaturatedMixture,269.9158253227141,5.495597472947866,0.0009060906807902481,true,1.468449413530278E-10,1.728039819326516E-11
D3-VAPOR-SEAM-COMPLETE-IF97-COMPARATOR,exact-v9-5-to-6mwe,194784,1920,outlet,REGION-4-MIXTURE,SaturatedMixture,278.3475722014904,6.258035954183596,0.13175815882505487,true,REGION-4-MIXTURE,SaturatedMixture,278.347572219864,6.258035955928366,0.13175815886539854,true,2.788048140078275E-10,3.3315852854749965E-11
D3-VAPOR-SEAM-COMPLETE-IF97-COMPARATOR,exact-v9-5-to-6mwe,194784,1920,drum,REGION-4-MIXTURE,SaturatedMixture,271.15636810064314,5.603067641180313,0.03896885733947543,true,REGION-4-MIXTURE,SaturatedMixture,271.15636811098375,5.603067642082764,0.03896885734563604,true,1.6106381444907928E-10,1.8997781956379818E-11
D3-VAPOR-SEAM-COMPLETE-IF97-COMPARATOR,exact-v9-5-to-6mwe,194784,1920,feedwater-inventory,REGION-4-MIXTURE,SaturatedMixture,47.93393765389919,0.01113928840948686,1.7060153775035382E-05,true,REGION-4-MIXTURE,SaturatedMixture,47.93393765585188,0.011139288410582234,1.7060153776547403E-05,true,9.83342697849453E-11,6.081540979515778E-12
D3-VAPOR-SEAM-COMPLETE-IF97-COMPARATOR,exact-v9-5-to-6mwe,200784,1980,suction,REGION-4-MIXTURE,SaturatedMixture,269.627409541607,5.470838680385202,0.0008858801546890522,true,REGION-4-MIXTURE,SaturatedMixture,269.62740956429,5.470838682329046,0.0008858801531914314,true,3.5531009234217005E-10,4.17906582645892E-11
D3-VAPOR-SEAM-COMPLETE-IF97-COMPARATOR,exact-v9-5-to-6mwe,200784,1980,pressure,REGION-4-MIXTURE,SaturatedMixture,269.9500148475171,5.498538103852888,0.0009065409412907675,true,REGION-4-MIXTURE,SaturatedMixture,269.9500148418675,5.498538103366859,0.0009065409416659095,true,8.839240278934077E-11,1.0402418632457925E-11
D3-VAPOR-SEAM-COMPLETE-IF97-COMPARATOR,exact-v9-5-to-6mwe,200784,1980,outlet,REGION-4-MIXTURE,SaturatedMixture,278.56269953846925,6.278489896163884,0.1279000697380893,true,REGION-4-MIXTURE,SaturatedMixture,278.56269954029517,6.278489896337693,0.12790006974197415,true,2.7683314647707453E-11,3.3095564089322887E-12
D3-VAPOR-SEAM-COMPLETE-IF97-COMPARATOR,exact-v9-5-to-6mwe,200784,1980,drum,REGION-4-MIXTURE,SaturatedMixture,271.20735141038915,5.6075184654446595,0.0390639271321025,true,REGION-4-MIXTURE,SaturatedMixture,271.2073514180031,5.607518466109564,0.03906392713665038,true,1.1857376483726016E-10,1.3987040981448345E-11
D3-VAPOR-SEAM-COMPLETE-IF97-COMPARATOR,exact-v9-5-to-6mwe,200784,1980,feedwater-inventory,REGION-4-MIXTURE,SaturatedMixture,47.96985266357666,0.0111594500999022,1.7774222638992802E-05,true,REGION-4-MIXTURE,SaturatedMixture,47.969852662269545,0.011159450099167852,1.7774222637936878E-05,true,6.580506561227113E-11,4.07048771934287E-12
D3-VAPOR-SEAM-COMPLETE-IF97-COMPARATOR,exact-v9-5-to-6mwe,206784,2040,suction,REGION-4-MIXTURE,SaturatedMixture,269.6465640187264,5.472480333816607,0.000884614875680247,true,REGION-4-MIXTURE,SaturatedMixture,269.64656401229547,5.472480333265387,0.0008846148761052573,true,1.0072588095925434E-10,1.18477598711859E-11
D3-VAPOR-SEAM-COMPLETE-IF97-COMPARATOR,exact-v9-5-to-6mwe,206784,2040,pressure,REGION-4-MIXTURE,SaturatedMixture,269.984167456627,5.501476758986423,0.00090699031178017,true,REGION-4-MIXTURE,SaturatedMixture,269.98416746805776,5.5014767599702,0.0009069903110203304,true,1.7882046200034783E-10,2.104591732662525E-11
D3-VAPOR-SEAM-COMPLETE-IF97-COMPARATOR,exact-v9-5-to-6mwe,206784,2040,outlet,REGION-4-MIXTURE,SaturatedMixture,278.77853245735173,6.299062188517196,0.12424827650769203,true,REGION-4-MIXTURE,SaturatedMixture,278.77853246392624,6.299062189144624,0.12424827652125817,true,9.960655549118799E-11,1.1911886120779734E-11
D3-VAPOR-SEAM-COMPLETE-IF97-COMPARATOR,exact-v9-5-to-6mwe,206784,2040,drum,REGION-4-MIXTURE,SaturatedMixture,271.2583651363849,5.6119746463846045,0.039159222023086,true,REGION-4-MIXTURE,SaturatedMixture,271.25836511896625,5.611974644862567,0.0391592220126551,true,2.7121248811070383E-10,3.199554533661769E-11
D3-VAPOR-SEAM-COMPLETE-IF97-COMPARATOR,exact-v9-5-to-6mwe,206784,2040,feedwater-inventory,REGION-4-MIXTURE,SaturatedMixture,48.00592249780897,0.011179730235908587,1.8496250241919607E-05,true,REGION-4-MIXTURE,SaturatedMixture,48.005922496108326,0.011179730234951661,1.8496250240488233E-05,true,8.559468706852173E-11,5.295376128364118E-12
D3-VAPOR-SEAM-COMPLETE-IF97-COMPARATOR,exact-v9-5-to-6mwe,212784,2100,suction,REGION-4-MIXTURE,SaturatedMixture,269.665693461895,5.474120217062952,0.0008833499914814083,true,REGION-4-MIXTURE,SaturatedMixture,269.66569346234894,5.474120217101892,0.0008833499914513883,true,7.1135460879237724E-12,8.362903808606994E-13
D3-VAPOR-SEAM-COMPLETE-IF97-COMPARATOR,exact-v9-5-to-6mwe,212784,2100,pressure,REGION-4-MIXTURE,SaturatedMixture,270.01825814843176,5.50441128222243,0.000907439891396265,true,REGION-4-MIXTURE,SaturatedMixture,270.0182581447839,5.504411281908352,0.0009074398916390017,true,5.705926332008172E-11,6.715910783167744E-12
D3-VAPOR-SEAM-COMPLETE-IF97-COMPARATOR,exact-v9-5-to-6mwe,212784,2100,outlet,REGION-4-MIXTURE,SaturatedMixture,278.99378421306585,6.319630317377965,0.1207826244768461,true,REGION-4-MIXTURE,SaturatedMixture,278.9937842042568,6.319630316535195,0.12078262445920701,true,1.333575313219626E-10,1.5954222202128638E-11
D3-VAPOR-SEAM-COMPLETE-IF97-COMPARATOR,exact-v9-5-to-6mwe,212784,2100,drum,REGION-4-MIXTURE,SaturatedMixture,271.3093077659606,5.616427314501431,0.039254709204179374,true,REGION-4-MIXTURE,SaturatedMixture,271.3093077850324,5.616427316168883,0.03925470921562901,true,2.968883706524597E-10,3.5028812187858236E-11
D3-VAPOR-SEAM-COMPLETE-IF97-COMPARATOR,exact-v9-5-to-6mwe,212784,2100,feedwater-inventory,REGION-4-MIXTURE,SaturatedMixture,48.042088118195466,0.011200095993050059,1.9226431775534558E-05,true,REGION-4-MIXTURE,SaturatedMixture,48.04208811758161,0.011200095992704086,1.9226431774996804E-05,true,3.08902040003496E-11,1.9111681233317754E-12
D3-VAPOR-SEAM-COMPLETE-IF97-COMPARATOR,exact-v9-5-to-6mwe,218784,2160,suction,REGION-4-MIXTURE,SaturatedMixture,269.6847838103771,5.475757122931954,0.0008820864372566563,true,REGION-4-MIXTURE,SaturatedMixture,269.6847838022992,5.47575712223923,0.0008820864377915578,true,1.2650745545360532E-10,1.488096343194816E-11
D3-VAPOR-SEAM-COMPLETE-IF97-COMPARATOR,exact-v9-5-to-6mwe,218784,2160,pressure,REGION-4-MIXTURE,SaturatedMixture,270.0522645592689,5.507339741148836,0.0009078880252199767,true,REGION-4-MIXTURE,SaturatedMixture,270.05226456030357,5.507339741237982,0.0009078880251510469,true,1.6186847402790798E-11,1.904748889336663E-12
D3-VAPOR-SEAM-COMPLETE-IF97-COMPARATOR,exact-v9-5-to-6mwe,218784,2160,outlet,REGION-4-MIXTURE,SaturatedMixture,279.20919802188894,6.340265239444113,0.11748938693648206,true,REGION-4-MIXTURE,SaturatedMixture,279.2091980323779,6.340265240450139,0.11748938695687698,true,1.5867260048670147E-10,1.8989409535380055E-11
D3-VAPOR-SEAM-COMPLETE-IF97-COMPARATOR,exact-v9-5-to-6mwe,218784,2160,drum,REGION-4-MIXTURE,SaturatedMixture,271.36016235947625,5.620874977668143,0.03935034107829655,true,REGION-4-MIXTURE,SaturatedMixture,271.3601623610275,5.620874977803859,0.039350341079230244,true,2.4145053502282498E-11,2.84890348784223E-12
D3-VAPOR-SEAM-COMPLETE-IF97-COMPARATOR,exact-v9-5-to-6mwe,218784,2160,feedwater-inventory,REGION-4-MIXTURE,SaturatedMixture,48.07828054577118,0.0112205087299641,1.9964947844077434E-05,true,REGION-4-MIXTURE,SaturatedMixture,48.078280543653136,0.011220508728768562,1.9964947842148797E-05,true,1.065493988436117E-10,6.593574596153192E-12
D3-VAPOR-SEAM-COMPLETE-IF97-COMPARATOR,exact-v9-5-to-6mwe,224784,2220,suction,REGION-4-MIXTURE,SaturatedMixture,269.7038233816626,5.4773900471246595,0.0008808249942171053,true,REGION-4-MIXTURE,SaturatedMixture,269.7038233897716,5.4773900478201725,0.0008808249936795718,true,1.2697890319259668E-10,1.4937823796639672E-11
D3-VAPOR-SEAM-COMPLETE-IF97-COMPARATOR,exact-v9-5-to-6mwe,224784,2220,pressure,REGION-4-MIXTURE,SaturatedMixture,270.086165201664,5.5102602757380295,0.0009083351710392996,true,REGION-4-MIXTURE,SaturatedMixture,270.0861652147412,5.510260276864848,0.0009083351701672669,true,2.0449463038228812E-10,2.407271534395625E-11
D3-VAPOR-SEAM-COMPLETE-IF97-COMPARATOR,exact-v9-5-to-6mwe,224784,2220,outlet,REGION-4-MIXTURE,SaturatedMixture,279.42397137880334,6.3608899991217465,0.11435404180450633,true,REGION-4-MIXTURE,SaturatedMixture,279.4239713715649,6.360889998425796,0.11435404179083289,true,1.094109240371925E-10,1.3099496778094095E-11
D3-VAPOR-SEAM-COMPLETE-IF97-COMPARATOR,exact-v9-5-to-6mwe,224784,2220,drum,REGION-4-MIXTURE,SaturatedMixture,271.4109251201154,5.625317290678886,0.03944595210764702,true,REGION-4-MIXTURE,SaturatedMixture,271.410925104022,5.625317289270099,0.03944595209793569,true,2.5043687176134285E-10,2.9552974366430124E-11
D3-VAPOR-SEAM-COMPLETE-IF97-COMPARATOR,exact-v9-5-to-6mwe,224784,2220,feedwater-inventory,REGION-4-MIXTURE,SaturatedMixture,48.11442436575891,0.011240925924257539,2.0711953301300457E-05,true,REGION-4-MIXTURE,SaturatedMixture,48.11442436610645,0.011240925924454014,2.071195330162906E-05,true,1.7478522873738293E-11,1.0817900662393477E-12
D3-VAPOR-SEAM-COMPLETE-IF97-COMPARATOR,exact-v9-5-to-6mwe,230784,2280,suction,REGION-4-MIXTURE,SaturatedMixture,269.7228007018567,5.479018002333597,0.0008795664327853848,true,REGION-4-MIXTURE,SaturatedMixture,269.7228006995713,5.479018002137527,0.000879566432937028,true,3.5785578174299124E-11,4.209911595797197E-12
D3-VAPOR-SEAM-COMPLETE-IF97-COMPARATOR,exact-v9-5-to-6mwe,230784,2280,pressure,REGION-4-MIXTURE,SaturatedMixture,270.11994096636784,5.51317122799742,0.0009087813796254093,true,REGION-4-MIXTURE,SaturatedMixture,270.11994097290903,5.513171228561285,0.000908781379188745,true,1.0227605410723996E-10,1.2040422428587058E-11
D3-VAPOR-SEAM-COMPLETE-IF97-COMPARATOR,exact-v9-5-to-6mwe,230784,2280,outlet,REGION-4-MIXTURE,SaturatedMixture,279.63773699402816,6.381468825344261,0.11136333814034974,true,REGION-4-MIXTURE,SaturatedMixture,279.6377370079417,6.381468826685352,0.11136333816589931,true,2.1015393644881452E-10,2.5169812395296115E-11
D3-VAPOR-SEAM-COMPLETE-IF97-COMPARATOR,exact-v9-5-to-6mwe,230784,2280,drum,REGION-4-MIXTURE,SaturatedMixture,271.46150371432316,5.629746152579223,0.03954158656193777,true,REGION-4-MIXTURE,SaturatedMixture,271.46150369848885,5.629746151192315,0.039541586552358766,true,2.4635362382986643E-10,2.9074491908221957E-11
D3-VAPOR-SEAM-COMPLETE-IF97-COMPARATOR,exact-v9-5-to-6mwe,230784,2280,feedwater-inventory,REGION-4-MIXTURE,SaturatedMixture,48.15044099241493,0.011261302992122227,2.1467589256691103E-05,true,REGION-4-MIXTURE,SaturatedMixture,48.15044099532912,0.011261302993772277,2.146758925954988E-05,true,1.4652388711547723E-10,9.069989277748427E-12
D3-VAPOR-SEAM-COMPLETE-IF97-COMPARATOR,exact-v9-5-to-6mwe,236784,2340,suction,REGION-4-MIXTURE,SaturatedMixture,269.7417052984239,5.480640086297664,0.00087831145985838,true,REGION-4-MIXTURE,SaturatedMixture,269.74170531453467,5.480640087680153,0.0008783114587883439,true,2.5224951252867694E-10,2.967588008799961E-11
D3-VAPOR-SEAM-COMPLETE-IF97-COMPARATOR,exact-v9-5-to-6mwe,236784,2340,pressure,REGION-4-MIXTURE,SaturatedMixture,270.1535745382308,5.516071092031928,0.0009092252942583847,true,REGION-4-MIXTURE,SaturatedMixture,270.1535745582863,5.516071093761454,0.000909225292918168,true,3.135430684283703E-10,3.691397587346268E-11
D3-VAPOR-SEAM-COMPLETE-IF97-COMPARATOR,exact-v9-5-to-6mwe,236784,2340,outlet,REGION-4-MIXTURE,SaturatedMixture,279.8510682284831,6.402056488081979,0.10850801803531035,true,REGION-4-MIXTURE,SaturatedMixture,279.85106821163413,6.40205648645397,0.10850801800522034,true,2.5429466951447965E-10,3.0468219236008114E-11
D3-VAPOR-SEAM-COMPLETE-IF97-COMPARATOR,exact-v9-5-to-6mwe,236784,2340,drum,REGION-4-MIXTURE,SaturatedMixture,271.51193360686295,5.6341646436292265,0.03963711015713397,true,REGION-4-MIXTURE,SaturatedMixture,271.5119335918032,5.634164642309346,0.03963711014800016,true,2.3426369100219163E-10,2.7649728029900182E-11
D3-VAPOR-SEAM-COMPLETE-IF97-COMPARATOR,exact-v9-5-to-6mwe,236784,2340,feedwater-inventory,REGION-4-MIXTURE,SaturatedMixture,48.1862515375019,0.011281594901854998,2.223198383115482E-05,true,REGION-4-MIXTURE,SaturatedMixture,48.1862515417252,0.011281594904249969,2.223198383544894E-05,true,2.122901411398945E-10,1.3142916402659813E-11
D3-VAPOR-SEAM-COMPLETE-IF97-COMPARATOR,exact-v9-5-to-6mwe,242784,2400,suction,REGION-4-MIXTURE,SaturatedMixture,269.7605286598206,5.482255564273977,0.0008770606546617512,true,REGION-4-MIXTURE,SaturatedMixture,269.76052865437293,5.482255563806383,0.0008770606550239145,true,8.529225937516666E-11,1.0034150384579867E-11
D3-VAPOR-SEAM-COMPLETE-IF97-COMPARATOR,exact-v9-5-to-6mwe,242784,2400,pressure,REGION-4-MIXTURE,SaturatedMixture,270.1870496869085,5.518958453185912,0.000909668152802956,true,REGION-4-MIXTURE,SaturatedMixture,270.1870496952745,5.518958453907645,0.0009096681522433145,true,1.3077338809341273E-10,1.539741679511655E-11
D3-VAPOR-SEAM-COMPLETE-IF97-COMPARATOR,exact-v9-5-to-6mwe,242784,2400,outlet,REGION-4-MIXTURE,SaturatedMixture,280.0627813100815,6.422538103653541,0.10577623997933351,true,REGION-4-MIXTURE,SaturatedMixture,280.06278130599844,6.422538103258077,0.1057762399722393,true,6.157442735633989E-11,7.380637097904E-12
D3-VAPOR-SEAM-COMPLETE-IF97-COMPARATOR,exact-v9-5-to-6mwe,242784,2400,drum,REGION-4-MIXTURE,SaturatedMixture,271.5621550083159,5.638567498270978,0.03973247198372388,true,REGION-4-MIXTURE,SaturatedMixture,271.5621549994904,5.638567497497041,0.03973247197835784,true,1.3725779799247559E-10,1.620215214803554E-11
D3-VAPOR-SEAM-COMPLETE-IF97-COMPARATOR,exact-v9-5-to-6mwe,242784,2400,feedwater-inventory,REGION-4-MIXTURE,SaturatedMixture,48.22177927196026,0.0113017575729875,2.300524806770802E-05,true,REGION-4-MIXTURE,SaturatedMixture,48.221779270336754,0.011301757572065477,2.3005248065998682E-05,true,8.158225557060022E-11,5.05179667536909E-12
D3-VAPOR-SEAM-COMPLETE-IF97-COMPARATOR,exact-v9-5-to-6mwe,248784,2460,suction,REGION-4-MIXTURE,SaturatedMixture,269.7792617738247,5.483863657895556,0.0008758146319084572,true,REGION-4-MIXTURE,SaturatedMixture,269.77926178949406,5.483863659240811,0.0008758146308657304,true,2.45311455266794E-10,2.8860745330135115E-11
D3-VAPOR-SEAM-COMPLETE-IF97-COMPARATOR,exact-v9-5-to-6mwe,248784,2460,pressure,REGION-4-MIXTURE,SaturatedMixture,270.2203527688979,5.5218321178885645,0.0009101087419261354,true,REGION-4-MIXTURE,SaturatedMixture,270.2203527795109,5.521832118804524,0.0009101087412154314,true,1.6587968140548426E-10,1.953181160463472E-11
D3-VAPOR-SEAM-COMPLETE-IF97-COMPARATOR,exact-v9-5-to-6mwe,248784,2460,outlet,REGION-4-MIXTURE,SaturatedMixture,280.2734861910343,6.442971835092438,0.10316011024773743,true,REGION-4-MIXTURE,SaturatedMixture,280.27348619668567,6.44297183564115,0.10316011025729589,true,8.51644552922008E-11,1.0211660408627392E-11
D3-VAPOR-SEAM-COMPLETE-IF97-COMPARATOR,exact-v9-5-to-6mwe,248784,2460,drum,REGION-4-MIXTURE,SaturatedMixture,271.6121370434762,5.642951975668904,0.03982768743716165,true,REGION-4-MIXTURE,SaturatedMixture,271.61213703112287,5.64295197458493,0.039827687429631387,true,1.9209339442957902E-10,2.2676549329790572E-11
D3-VAPOR-SEAM-COMPLETE-IF97-COMPARATOR,exact-v9-5-to-6mwe,248784,2460,feedwater-inventory,REGION-4-MIXTURE,SaturatedMixture,48.256951592117616,0.011321749007899265,2.378749059772209E-05,true,REGION-4-MIXTURE,SaturatedMixture,48.25695159189053,0.011321749007770106,2.3787490597474688E-05,true,1.1408028592908933E-11,7.065480607187257E-13
D3-VAPOR-SEAM-COMPLETE-IF97-COMPARATOR,exact-v9-5-to-6mwe,254784,2520,suction,REGION-4-MIXTURE,SaturatedMixture,269.7978978395462,5.485463778013837,0.0008745738612883097,true,REGION-4-MIXTURE,SaturatedMixture,269.7978978632773,5.485463780051649,0.000874573859707549,true,3.7149321694737024E-10,4.3707884839920587E-11
D3-VAPOR-SEAM-COMPLETE-IF97-COMPARATOR,exact-v9-5-to-6mwe,254784,2520,pressure,REGION-4-MIXTURE,SaturatedMixture,270.25347097516044,5.524690962822038,0.0009105470487279202,true,REGION-4-MIXTURE,SaturatedMixture,270.25347098806276,5.524690963936042,0.0009105470478630242,true,2.0164096193876184E-10,2.374353478065285E-11
D3-VAPOR-SEAM-COMPLETE-IF97-COMPARATOR,exact-v9-5-to-6mwe,254784,2520,outlet,REGION-4-MIXTURE,SaturatedMixture,280.48288751244525,6.463328307597143,0.10065168323196329,true,REGION-4-MIXTURE,SaturatedMixture,280.4828875297003,6.463328309276568,0.10065168326038289,true,2.5983897451315043E-10,3.116694755328428E-11
D3-VAPOR-SEAM-COMPLETE-IF97-COMPARATOR,exact-v9-5-to-6mwe,254784,2520,drum,REGION-4-MIXTURE,SaturatedMixture,271.66190503835685,5.647320263100236,0.03992261055880085,true,REGION-4-MIXTURE,SaturatedMixture,271.6619050533544,5.647320264417022,0.039922610567965866,true,2.331700222706181E-10,2.7527973404288405E-11
D3-VAPOR-SEAM-COMPLETE-IF97-COMPARATOR,exact-v9-5-to-6mwe,254784,2520,feedwater-inventory,REGION-4-MIXTURE,SaturatedMixture,48.29170162081721,0.011341530226767585,2.4578808955240703E-05,true,REGION-4-MIXTURE,SaturatedMixture,48.291701619098205,0.011341530225788309,2.4578808953304074E-05,true,8.63442294591205E-11,5.347787238251632E-12
D3-VAPOR-SEAM-COMPLETE-IF97-COMPARATOR,exact-v9-5-to-6mwe,260784,2580,suction,REGION-4-MIXTURE,SaturatedMixture,269.81642926335314,5.487055266897173,0.000873338867030893,true,REGION-4-MIXTURE,SaturatedMixture,269.81642925944413,5.487055266561412,0.0008733388672915286,true,6.119142895463561E-11,7.199355277863915E-12
D3-VAPOR-SEAM-COMPLETE-IF97-COMPARATOR,exact-v9-5-to-6mwe,260784,2580,pressure,REGION-4-MIXTURE,SaturatedMixture,270.28639316558827,5.5275340071627355,0.0009109838422333178,true,REGION-4-MIXTURE,SaturatedMixture,270.28639317059447,5.527534007595118,0.000910983841897388,true,7.82233324190683E-11,9.212117484273717E-12
D3-VAPOR-SEAM-COMPLETE-IF97-COMPARATOR,exact-v9-5-to-6mwe,260784,2580,outlet,REGION-4-MIXTURE,SaturatedMixture,280.6903158664703,6.483541378687517,0.09824218240227715,true,REGION-4-MIXTURE,SaturatedMixture,280.69031584761194,6.4835413768476595,0.09824218237202073,true,2.837734886006325E-10,3.4050198407384234E-11
D3-VAPOR-SEAM-COMPLETE-IF97-COMPARATOR,exact-v9-5-to-6mwe,260784,2580,drum,REGION-4-MIXTURE,SaturatedMixture,271.71136682629583,5.651664231423629,0.04001730164747268,true,REGION-4-MIXTURE,SaturatedMixture,271.71136680740085,5.651664229763703,0.04001730163589747,true,2.937056170344418E-10,3.467850898122463E-11
D3-VAPOR-SEAM-COMPLETE-IF97-COMPARATOR,exact-v9-5-to-6mwe,260784,2580,feedwater-inventory,REGION-4-MIXTURE,SaturatedMixture,48.32596928700798,0.011361065913860425,2.537930359507157E-05,true,REGION-4-MIXTURE,SaturatedMixture,48.325969286879,0.011361065913786866,2.5379303594921506E-05,true,6.474675425091828E-12,4.0120484800537115E-13
D3-VAPOR-SEAM-COMPLETE-IF97-COMPARATOR,exact-v9-5-to-6mwe,266784,2640,suction,REGION-4-MIXTURE,SaturatedMixture,269.8348390221596,5.488636656191929,0.000872110804543449,true,REGION-4-MIXTURE,SaturatedMixture,269.8348390062474,5.488636654824939,0.0008721108056053853,true,2.490582201588793E-10,2.930501387545482E-11
D3-VAPOR-SEAM-COMPLETE-IF97-COMPARATOR,exact-v9-5-to-6mwe,266784,2640,pressure,REGION-4-MIXTURE,SaturatedMixture,270.3190940141677,5.530359042915462,0.0009114177536872014,true,REGION-4-MIXTURE,SaturatedMixture,270.31909403164093,5.530359044425276,0.0009114177525134984,true,2.730046269606916E-10,3.215125276287742E-11
D3-VAPOR-SEAM-COMPLETE-IF97-COMPARATOR,exact-v9-5-to-6mwe,266784,2640,outlet,REGION-4-MIXTURE,SaturatedMixture,280.8963150322435,6.503662931149712,0.09592737193640359,true,REGION-4-MIXTURE,SaturatedMixture,280.8963150191688,6.50366292987109,0.09592737191596191,true,1.9660037039353238E-10,2.359851172054321E-11
D3-VAPOR-SEAM-COMPLETE-IF97-COMPARATOR,exact-v9-5-to-6mwe,266784,2640,drum,REGION-4-MIXTURE,SaturatedMixture,271.76054902672774,5.6559861742030275,0.04011145274484312,true,REGION-4-MIXTURE,SaturatedMixture,271.76054902849194,5.6559861743580795,0.04011145274592636,true,2.7413781874061598E-11,3.2375815643780176E-12
D3-VAPOR-SEAM-COMPLETE-IF97-COMPARATOR,exact-v9-5-to-6mwe,266784,2640,feedwater-inventory,REGION-4-MIXTURE,SaturatedMixture,48.35970218628648,0.011380324944312396,2.6188901710217643E-05,true,REGION-4-MIXTURE,SaturatedMixture,48.359702183264574,0.011380324942585857,2.618890170658559E-05,true,1.5171263202638425E-10,9.399124856665588E-12
D3-VAPOR-SEAM-COMPLETE-IF97-COMPARATOR,exact-v9-5-to-6mwe,272784,2700,suction,REGION-4-MIXTURE,SaturatedMixture,269.85314221978194,5.490209236889209,0.0008708886873087519,true,REGION-4-MIXTURE,SaturatedMixture,269.85314221214344,5.490209236232894,0.000870888687819033,true,1.1954280320237517E-10,1.4067146846428293E-11
D3-VAPOR-SEAM-COMPLETE-IF97-COMPARATOR,exact-v9-5-to-6mwe,272784,2700,pressure,REGION-4-MIXTURE,SaturatedMixture,270.3515844941138,5.53316699652762,0.0009118489458522835,true,REGION-4-MIXTURE,SaturatedMixture,270.3515845168997,5.5331669984972685,0.0009118489443201649,true,3.559712630362317E-10,4.192427855613199E-11
D3-VAPOR-SEAM-COMPLETE-IF97-COMPARATOR,exact-v9-5-to-6mwe,272784,2700,outlet,REGION-4-MIXTURE,SaturatedMixture,281.1006812334059,6.523672077861695,0.09369971225579947,true,REGION-4-MIXTURE,SaturatedMixture,281.10068121663767,6.523672076218007,0.09369971223024459,true,2.519574609016162E-10,3.0253891781304493E-11
D3-VAPOR-SEAM-COMPLETE-IF97-COMPARATOR,exact-v9-5-to-6mwe,272784,2700,drum,REGION-4-MIXTURE,SaturatedMixture,271.80945309996594,5.6602861778725595,0.04020544349334972,true,REGION-4-MIXTURE,SaturatedMixture,271.8094530905739,5.660286177046514,0.04020544348756773,true,1.4593712621443383E-10,1.7234329400600413E-11
D3-VAPOR-SEAM-COMPLETE-IF97-COMPARATOR,exact-v9-5-to-6mwe,272784,2700,feedwater-inventory,REGION-4-MIXTURE,SaturatedMixture,48.392855721712124,0.011399280503060171,2.700777724802077E-05,true,REGION-4-MIXTURE,SaturatedMixture,48.39285572110856,0.01139928050271486,2.7007777247272285E-05,true,3.029231411476291E-11,1.8770854669102946E-12
D3-VAPOR-SEAM-COMPLETE-IF97-COMPARATOR,exact-v9-5-to-6mwe,278784,2760,suction,REGION-4-MIXTURE,SaturatedMixture,269.87132650613796,5.491771941587262,0.0008696733605962244,true,REGION-4-MIXTURE,SaturatedMixture,269.8713264878818,5.491771940018234,0.0008696733618169109,true,2.8570532050494095E-10,3.361962517994017E-11
D3-VAPOR-SEAM-COMPLETE-IF97-COMPARATOR,exact-v9-5-to-6mwe,278784,2760,pressure,REGION-4-MIXTURE,SaturatedMixture,270.38385555148113,5.535957064219906,0.0009122776238107948,true,REGION-4-MIXTURE,SaturatedMixture,270.383855543374,5.535957063518877,0.0009122776243564582,true,1.2663186516730278E-10,1.491557885854323E-11
D3-VAPOR-SEAM-COMPLETE-IF97-COMPARATOR,exact-v9-5-to-6mwe,278784,2760,outlet,REGION-4-MIXTURE,SaturatedMixture,281.3032880485058,6.5435553494856205,0.09155373242258863,true,REGION-4-MIXTURE,SaturatedMixture,281.30328806595344,6.543555351199918,0.09155373244851615,true,2.619825243497485E-10,3.146817423228581E-11
D3-VAPOR-SEAM-COMPLETE-IF97-COMPARATOR,exact-v9-5-to-6mwe,278784,2760,drum,REGION-4-MIXTURE,SaturatedMixture,271.85805572271363,5.664562148327447,0.04029904069717619,true,REGION-4-MIXTURE,SaturatedMixture,271.8580557134443,5.664562147511711,0.04029904069145572,true,1.4400688030141625E-10,1.7007716729072075E-11
D3-VAPOR-SEAM-COMPLETE-IF97-COMPARATOR,exact-v9-5-to-6mwe,278784,2760,feedwater-inventory,REGION-4-MIXTURE,SaturatedMixture,48.42539348453289,0.011417910341151714,2.7836101094889847E-05,true,REGION-4-MIXTURE,SaturatedMixture,48.425393480210346,0.011417910338675057,2.7836101089361693E-05,true,2.1690989802503261E-10,1.3441775048750207E-11
D3-VAPOR-SEAM-COMPLETE-IF97-COMPARATOR,exact-v9-5-to-6mwe,284784,2820,suction,REGION-4-MIXTURE,SaturatedMixture,269.8893888354303,5.493324501843102,0.0008684650499623678,true,REGION-4-MIXTURE,SaturatedMixture,269.8893888450234,5.493324502667801,0.000868465049320319,true,1.501275629337093E-10,1.7665611257404808E-11
D3-VAPOR-SEAM-COMPLETE-IF97-COMPARATOR,exact-v9-5-to-6mwe,284784,2820,pressure,REGION-4-MIXTURE,SaturatedMixture,270.4159002184865,5.538728621608807,0.0009127036546252036,true,REGION-4-MIXTURE,SaturatedMixture,270.41590019776186,5.538728619815959,0.0009127036560215328,true,3.2369299357332717E-10,3.812721835746031E-11
D3-VAPOR-SEAM-COMPLETE-IF97-COMPARATOR,exact-v9-5-to-6mwe,284784,2820,outlet,REGION-4-MIXTURE,SaturatedMixture,281.5040671765804,6.563304891107259,0.08948431974989707,true,REGION-4-MIXTURE,SaturatedMixture,281.50406719673026,6.563304893091575,0.08948431977909987,true,3.023349888307435E-10,3.632868901575059E-11
D3-VAPOR-SEAM-COMPLETE-IF97-COMPARATOR,exact-v9-5-to-6mwe,284784,2820,drum,REGION-4-MIXTURE,SaturatedMixture,271.90634704828267,5.668813173634164,0.04039223727257891,true,REGION-4-MIXTURE,SaturatedMixture,271.9063470303769,5.668813172057494,0.04039223726150168,true,2.781305895151874E-10,3.285126524066713E-11
D3-VAPOR-SEAM-COMPLETE-IF97-COMPARATOR,exact-v9-5-to-6mwe,284784,2820,feedwater-inventory,REGION-4-MIXTURE,SaturatedMixture,48.45728705078358,0.011436196697612457,2.8673972888121814E-05,true,REGION-4-MIXTURE,SaturatedMixture,48.457287050783634,0.011436196697612503,2.8673972888121896E-05,true,4.0955516147384995E-15,1.7674791943328113E-16
D3-VAPOR-SEAM-COMPLETE-IF97-COMPARATOR,exact-v9-5-to-6mwe,290784,2880,suction,REGION-4-MIXTURE,SaturatedMixture,269.90732603669187,5.494866638268398,0.0008672639899900221,true,REGION-4-MIXTURE,SaturatedMixture,269.90732603948334,5.494866638508424,0.0008672639898030197,true,4.368182029391342E-11,5.140279818687049E-12
D3-VAPOR-SEAM-COMPLETE-IF97-COMPARATOR,exact-v9-5-to-6mwe,290784,2880,pressure,REGION-4-MIXTURE,SaturatedMixture,270.4477130711076,5.54148117712994,0.0009131269735124795,true,REGION-4-MIXTURE,SaturatedMixture,270.44771307641406,5.541481177589153,0.0009131269731545948,true,8.286829771720948E-11,9.76171663327071E-12
D3-VAPOR-SEAM-COMPLETE-IF97-COMPARATOR,exact-v9-5-to-6mwe,290784,2880,outlet,REGION-4-MIXTURE,SaturatedMixture,281.7029600799086,6.582913756731737,0.08748683051640017,true,REGION-4-MIXTURE,SaturatedMixture,281.70296010073446,6.582913758787316,0.08748683054584501,true,3.122597217941442E-10,3.7533974860425485E-11
D3-VAPOR-SEAM-COMPLETE-IF97-COMPARATOR,exact-v9-5-to-6mwe,290784,2880,drum,REGION-4-MIXTURE,SaturatedMixture,271.95431818962084,5.673038424681676,0.04048500592771187,true,REGION-4-MIXTURE,SaturatedMixture,271.9543181992119,5.673038425526711,0.040485005933659855,true,1.489563598382657E-10,1.759493744133219E-11
D3-VAPOR-SEAM-COMPLETE-IF97-COMPARATOR,exact-v9-5-to-6mwe,290784,2880,feedwater-inventory,REGION-4-MIXTURE,SaturatedMixture,48.48851566314704,0.011454126153000852,2.9521499235631006E-05,true,REGION-4-MIXTURE,SaturatedMixture,48.48851566761732,0.011454126155569086,2.952149924170008E-05,true,2.2421909674725826E-10,1.3898460316031931E-11
D3-VAPOR-SEAM-COMPLETE-IF97-COMPARATOR,exact-v9-5-to-6mwe,296784,2940,suction,REGION-4-MIXTURE,SaturatedMixture,269.92513548135753,5.496398117933954,0.0008660703795524911,true,REGION-4-MIXTURE,SaturatedMixture,269.9251354576819,5.496398115897815,0.0008660703811399957,true,3.704497406321954E-10,4.359548701314541E-11
D3-VAPOR-SEAM-COMPLETE-IF97-COMPARATOR,exact-v9-5-to-6mwe,296784,2940,pressure,REGION-4-MIXTURE,SaturatedMixture,270.47928985357294,5.5442143397969605,0.0009135475255151004,true,REGION-4-MIXTURE,SaturatedMixture,270.47928986994486,5.544214341214298,0.000913547524409823,true,2.5564259816134227E-10,3.011597814728121E-11
D3-VAPOR-SEAM-COMPLETE-IF97-COMPARATOR,exact-v9-5-to-6mwe,296784,2940,outlet,REGION-4-MIXTURE,SaturatedMixture,281.8999184429648,6.602375966833371,0.08555699672178615,true,REGION-4-MIXTURE,SaturatedMixture,281.89991843716973,6.60237596626012,0.08555699671379192,true,8.682492227916192E-11,1.0440633668189862E-11
D3-VAPOR-SEAM-COMPLETE-IF97-COMPARATOR,exact-v9-5-to-6mwe,296784,2940,drum,REGION-4-MIXTURE,SaturatedMixture,272.00196151137345,5.6772371811977065,0.04057732658586686,true,REGION-4-MIXTURE,SaturatedMixture,272.001961509873,5.677237181065443,0.04057732658493426,true,2.3297087147897013E-11,2.7523314418425418E-12
D3-VAPOR-SEAM-COMPLETE-IF97-COMPARATOR,exact-v9-5-to-6mwe,296784,2940,feedwater-inventory,REGION-4-MIXTURE,SaturatedMixture,48.51906575113537,0.011471689386895554,3.03787918349558E-05,true,REGION-4-MIXTURE,SaturatedMixture,48.519065745174885,0.011471689383466621,3.03787918266247E-05,true,2.9890388150581777E-10,1.8529873865825932E-11
D3-VAPOR-SEAM-COMPLETE-IF97-COMPARATOR,exact-v9-5-to-6mwe,302784,3000,suction,REGION-4-MIXTURE,SaturatedMixture,269.9428149163722,5.4979187400670675,0.0008648843928346774,true,REGION-4-MIXTURE,SaturatedMixture,269.94281493269955,5.497918741471562,0.0008648843917389055,true,2.554592683236109E-10,3.006366890635349E-11
D3-VAPOR-SEAM-COMPLETE-IF97-COMPARATOR,exact-v9-5-to-6mwe,302784,3000,pressure,REGION-4-MIXTURE,SaturatedMixture,270.5106271028518,5.546927786882517,0.0009139652713696375,true,REGION-4-MIXTURE,SaturatedMixture,270.5106271134732,5.546927787802361,0.0009139652706518973,true,1.6582956913067454E-10,1.953685747746456E-11
D3-VAPOR-SEAM-COMPLETE-IF97-COMPARATOR,exact-v9-5-to-6mwe,302784,3000,outlet,REGION-4-MIXTURE,SaturatedMixture,282.0949025034904,6.621686355326797,0.08369089475203428,true,REGION-4-MIXTURE,SaturatedMixture,282.09490249484054,6.621686354469182,0.08369089474038734,true,1.2951601418443793E-10,1.557846458211254E-11
D3-VAPOR-SEAM-COMPLETE-IF97-COMPARATOR,exact-v9-5-to-6mwe,302784,3000,drum,REGION-4-MIXTURE,SaturatedMixture,272.04927046298974,5.681408817366673,0.040669181416813076,true,REGION-4-MIXTURE,SaturatedMixture,272.049270467784,5.681408817789553,0.04066918141980042,true,7.443215631569844E-11,8.793642789519698E-12
D3-VAPOR-SEAM-COMPLETE-IF97-COMPARATOR,exact-v9-5-to-6mwe,302784,3000,feedwater-inventory,REGION-4-MIXTURE,SaturatedMixture,48.548930336534966,0.011488880865469404,3.124596940294339E-05,true,REGION-4-MIXTURE,SaturatedMixture,48.54893033935997,0.01148888086709666,3.124596940700642E-05,true,1.4163743544485633E-10,8.781515771871389E-12
D3-VAPOR-SEAM-COMPLETE-IF97-COMPARATOR,exact-v9-5-to-6mwe,308784,3060,suction,REGION-4-MIXTURE,SaturatedMixture,269.9603627145292,5.499428357627526,0.0008637061623908476,true,REGION-4-MIXTURE,SaturatedMixture,269.96036270190757,5.499428356541573,0.0008637061632387091,true,1.97466462059143E-10,2.3239524187325698E-11
D3-VAPOR-SEAM-COMPLETE-IF97-COMPARATOR,exact-v9-5-to-6mwe,308784,3060,pressure,REGION-4-MIXTURE,SaturatedMixture,270.54172206521014,5.549621256826255,0.000914380182831246,true,REGION-4-MIXTURE,SaturatedMixture,270.5417220706388,5.549621257296551,0.0009143801824640494,true,8.474392552494831E-11,9.984813024969647E-12
D3-VAPOR-SEAM-COMPLETE-IF97-COMPARATOR,exact-v9-5-to-6mwe,308784,3060,outlet,REGION-4-MIXTURE,SaturatedMixture,282.28788021802904,6.64084049701058,0.08188491044554737,true,REGION-4-MIXTURE,SaturatedMixture,282.28788022676883,6.640840497878994,0.08188491045703436,true,1.3076865582262679E-10,1.5734953714817358E-11
D3-VAPOR-SEAM-COMPLETE-IF97-COMPARATOR,exact-v9-5-to-6mwe,308784,3060,drum,REGION-4-MIXTURE,SaturatedMixture,272.09623962044714,5.6855528058038844,0.04076055509031608,true,REGION-4-MIXTURE,SaturatedMixture,272.09623960441775,5.685552804389241,0.04076055508030458,true,2.4881371464847347E-10,2.9398440936622024E-11
D3-VAPOR-SEAM-COMPLETE-IF97-COMPARATOR,exact-v9-5-to-6mwe,308784,3060,feedwater-inventory,REGION-4-MIXTURE,SaturatedMixture,48.578108470141956,0.011505698542849266,3.2123158629364795E-05,true,REGION-4-MIXTURE,SaturatedMixture,48.578108474004694,0.01150569854507703,3.212315863507847E-05,true,1.9362273740258945E-10,1.2006217621566101E-11
D3-VAPOR-SEAM-COMPLETE-IF97-COMPARATOR,exact-v9-5-to-6mwe,314784,3120,suction,REGION-4-MIXTURE,SaturatedMixture,269.9777773737907,5.50092683428004,0.000862535812608351,true,REGION-4-MIXTURE,SaturatedMixture,269.97777736385626,5.500926833425141,0.0008625358132763008,true,1.5541004057078505E-10,1.829111130257779E-11
D3-VAPOR-SEAM-COMPLETE-IF97-COMPARATOR,exact-v9-5-to-6mwe,314784,3120,pressure,REGION-4-MIXTURE,SaturatedMixture,270.5725726544857,5.552294545740403,0.0009147922379160597,true,REGION-4-MIXTURE,SaturatedMixture,270.57257264511554,5.552294544928316,0.0009147922385504739,true,1.4626156440655893E-10,1.7233389458354707E-11
D3-VAPOR-SEAM-COMPLETE-IF97-COMPARATOR,exact-v9-5-to-6mwe,314784,3120,outlet,REGION-4-MIXTURE,SaturatedMixture,282.4788263857366,6.659834629548312,0.08013570937283208,true,REGION-4-MIXTURE,SaturatedMixture,282.47882638940087,6.659834629913195,0.08013570937753414,true,5.478863290675916E-11,6.594763073112345E-12
D3-VAPOR-SEAM-COMPLETE-IF97-COMPARATOR,exact-v9-5-to-6mwe,314784,3120,drum,REGION-4-MIXTURE,SaturatedMixture,272.1428643941882,5.689668692063452,0.04085143439040568,true,REGION-4-MIXTURE,SaturatedMixture,272.1428643924363,5.689668691908767,0.04085143438930906,true,2.718702299674231E-11,3.2127949652091124E-12
D3-VAPOR-SEAM-COMPLETE-IF97-COMPARATOR,exact-v9-5-to-6mwe,314784,3120,feedwater-inventory,REGION-4-MIXTURE,SaturatedMixture,48.60660451203586,0.011522143468147986,3.301049466223114E-05,true,REGION-4-MIXTURE,SaturatedMixture,48.60660450806421,0.011522143465854597,3.301049465619171E-05,true,1.9904190943564863E-10,1.2343646160202098E-11
D3-VAPOR-SEAM-COMPLETE-IF97-COMPARATOR,exact-v9-5-to-6mwe,320784,3180,suction,REGION-4-MIXTURE,SaturatedMixture,269.99505785107624,5.502414073138238,0.0008613734372003052,true,REGION-4-MIXTURE,SaturatedMixture,269.9950578404105,5.502414072220231,0.0008613734379180642,true,1.668371357635322E-10,1.963703415939628E-11
D3-VAPOR-SEAM-COMPLETE-IF97-COMPARATOR,exact-v9-5-to-6mwe,320784,3180,pressure,REGION-4-MIXTURE,SaturatedMixture,270.6031772851942,5.554947493052333,0.0009152014258355897,true,REGION-4-MIXTURE,SaturatedMixture,270.6031773073381,5.554947494972228,0.0009152014243348837,true,3.456189921163492E-10,4.072421675212035E-11
D3-VAPOR-SEAM-COMPLETE-IF97-COMPARATOR,exact-v9-5-to-6mwe,320784,3180,outlet,REGION-4-MIXTURE,SaturatedMixture,282.6677221894266,6.67866561574929,0.07844021084224058,true,REGION-4-MIXTURE,SaturatedMixture,282.6677222001466,6.678665616819122,0.07844021085567422,true,1.6018638994436734E-10,1.9286874542061857E-11
D3-VAPOR-SEAM-COMPLETE-IF97-COMPARATOR,exact-v9-5-to-6mwe,320784,3180,drum,REGION-4-MIXTURE,SaturatedMixture,272.18914115428936,5.693756105917986,0.04094180813960483,true,REGION-4-MIXTURE,SaturatedMixture,272.1891411580666,5.693756106251692,0.04094180814197484,true,5.860918340054691E-11,6.926414955848586E-12
D3-VAPOR-SEAM-COMPLETE-IF97-COMPARATOR,exact-v9-5-to-6mwe,320784,3180,feedwater-inventory,REGION-4-MIXTURE,SaturatedMixture,48.634427432715825,0.01153821940010395,3.390812144640319E-05,true,REGION-4-MIXTURE,SaturatedMixture,48.63442743485507,0.011538219401340713,3.3908121449745864E-05,true,1.0718832652542059E-10,6.648069462140019E-12
D3-VAPOR-SEAM-COMPLETE-IF97-COMPARATOR,exact-v9-5-to-6mwe,326784,3240,suction,REGION-4-MIXTURE,SaturatedMixture,270.0122033536435,5.503889998846662,0.000860219113112955,true,REGION-4-MIXTURE,SaturatedMixture,270.0122033384928,5.503889997542312,0.0008602191141334327,true,2.3698700477943774E-10,2.7893516354970385E-11
D3-VAPOR-SEAM-COMPLETE-IF97-COMPARATOR,exact-v9-5-to-6mwe,326784,3240,pressure,REGION-4-MIXTURE,SaturatedMixture,270.63353503942506,5.557579996063622,0.0009156077236940463,true,REGION-4-MIXTURE,SaturatedMixture,270.63353503381995,5.557579995577484,0.00091560772407426,true,8.747300823708385E-11,1.0307598150765006E-11
D3-VAPOR-SEAM-COMPLETE-IF97-COMPARATOR,exact-v9-5-to-6mwe,326784,3240,outlet,REGION-4-MIXTURE,SaturatedMixture,282.8545599937439,6.69733143083666,0.07679557124877807,true,REGION-4-MIXTURE,SaturatedMixture,282.8545599864576,6.697331430107944,0.0767955712398604,true,1.0880688255180916E-10,1.3104754242479734E-11
D3-VAPOR-SEAM-COMPLETE-IF97-COMPARATOR,exact-v9-5-to-6mwe,326784,3240,drum,REGION-4-MIXTURE,SaturatedMixture,272.23506702184693,5.697814743164656,0.04103166677675099,true,REGION-4-MIXTURE,SaturatedMixture,272.2350670395019,5.697814744725325,0.0410316667878548,true,2.7390657607765476E-10,3.2371618754407773E-11
D3-VAPOR-SEAM-COMPLETE-IF97-COMPARATOR,exact-v9-5-to-6mwe,326784,3240,feedwater-inventory,REGION-4-MIXTURE,SaturatedMixture,48.661590208113125,0.011553932471940021,3.4816192105850345E-05,true,REGION-4-MIXTURE,SaturatedMixture,48.66159020721801,0.011553932471421963,3.481619210441382E-05,true,4.4838224571925903E-11,2.7814825321309304E-12
D3-VAPOR-SEAM-COMPLETE-IF97-COMPARATOR,exact-v9-5-to-6mwe,332784,3300,suction,REGION-4-MIXTURE,SaturatedMixture,270.02921333909023,5.505354557604314,0.0008590729004464013,true,REGION-4-MIXTURE,SaturatedMixture,270.0292133241104,5.505354556314448,0.0008590729014562534,true,2.342929920856898E-10,2.7578066534367844E-11
D3-VAPOR-SEAM-COMPLETE-IF97-COMPARATOR,exact-v9-5-to-6mwe,332784,3300,pressure,REGION-4-MIXTURE,SaturatedMixture,270.6636452496051,5.560191973857533,0.0009160111196289211,true,REGION-4-MIXTURE,SaturatedMixture,270.6636452500419,5.560191973895408,0.0009160111195992553,true,6.8119015868106805E-12,8.03188434755014E-13
D3-VAPOR-SEAM-COMPLETE-IF97-COMPARATOR,exact-v9-5-to-6mwe,332784,3300,outlet,REGION-4-MIXTURE,SaturatedMixture,283.03934067487717,6.7158309071041336,0.07519916030673499,true,REGION-4-MIXTURE,SaturatedMixture,283.03934068063734,6.715830907681422,0.07519916031362087,true,8.595934699061646E-11,1.035649298825425E-11
D3-VAPOR-SEAM-COMPLETE-IF97-COMPARATOR,exact-v9-5-to-6mwe,332784,3300,drum,REGION-4-MIXTURE,SaturatedMixture,272.2806400775909,5.701844384268872,0.04112100214620031,true,REGION-4-MIXTURE,SaturatedMixture,272.2806400677076,5.701844383394739,0.04112100213997016,true,1.5330701914325822E-10,1.8120088649741082E-11
D3-VAPOR-SEAM-COMPLETE-IF97-COMPARATOR,exact-v9-5-to-6mwe,332784,3300,feedwater-inventory,REGION-4-MIXTURE,SaturatedMixture,48.6881090790032,0.011569290774161642,3.573486890483215E-05,true,REGION-4-MIXTURE,SaturatedMixture,48.68810908143149,0.011569290775568791,3.573486890883381E-05,true,1.2162791398214905E-10,7.545079161892455E-12
D3-VAPOR-SEAM-COMPLETE-IF97-COMPARATOR,exact-v9-5-to-6mwe,338784,3360,suction,REGION-4-MIXTURE,SaturatedMixture,270.0460875153541,5.506807717187623,0.0008579348423767799,true,REGION-4-MIXTURE,SaturatedMixture,270.04608749181887,5.506807715160636,0.0008579348439648091,true,3.6808756921669517E-10,4.332730355092673E-11
D3-VAPOR-SEAM-COMPLETE-IF97-COMPARATOR,exact-v9-5-to-6mwe,338784,3360,pressure,REGION-4-MIXTURE,SaturatedMixture,270.6935077905654,5.562783392689579,0.000916411596609241,true,REGION-4-MIXTURE,SaturatedMixture,270.69350777758325,5.562783391562797,0.0009164115974915107,true,2.0255727098107478E-10,2.3871071709301726E-11
D3-VAPOR-SEAM-COMPLETE-IF97-COMPARATOR,exact-v9-5-to-6mwe,338784,3360,outlet,REGION-4-MIXTURE,SaturatedMixture,283.2220691144465,6.7341632905138695,0.07364853708977144,true,REGION-4-MIXTURE,SaturatedMixture,283.2220691045294,6.734163289517878,0.07364853707818969,true,1.4790133392447963E-10,1.7824637106454104E-11
D3-VAPOR-SEAM-COMPLETE-IF97-COMPARATOR,exact-v9-5-to-6mwe,338784,3360,drum,REGION-4-MIXTURE,SaturatedMixture,272.32585906982433,5.705844868757024,0.041209807109108106,true,REGION-4-MIXTURE,SaturatedMixture,272.32585907309715,5.705844869046635,0.04120980711117573,true,5.0756900776022776E-11,5.999929474259174E-12
D3-VAPOR-SEAM-COMPLETE-IF97-COMPARATOR,exact-v9-5-to-6mwe,338784,3360,feedwater-inventory,REGION-4-MIXTURE,SaturatedMixture,48.71400299817316,0.011584304042502129,3.6664323410854114E-05,true,REGION-4-MIXTURE,SaturatedMixture,48.71400299485828,0.011584304040579087,3.6664323405247644E-05,true,1.6600406722979395E-10,1.0299010710761883E-11
D3-VAPOR-SEAM-COMPLETE-IF97-COMPARATOR,exact-v9-5-to-6mwe,344784,3420,suction,REGION-4-MIXTURE,SaturatedMixture,270.06282575726516,5.508249459784203,0.0008568049707157653,true,REGION-4-MIXTURE,SaturatedMixture,270.0628257431141,5.508249458565185,0.0008568049716714011,true,2.2130765581899078E-10,2.6050665167622234E-11
D3-VAPOR-SEAM-COMPLETE-IF97-COMPARATOR,exact-v9-5-to-6mwe,344784,3420,pressure,REGION-4-MIXTURE,SaturatedMixture,270.7231227874755,5.565354240714251,0.0009168091489883651,true,REGION-4-MIXTURE,SaturatedMixture,270.72312278958213,5.565354240897148,0.0009168091488450553,true,3.286338242081715E-11,3.873361294606075E-12
D3-VAPOR-SEAM-COMPLETE-IF97-COMPARATOR,exact-v9-5-to-6mwe,344784,3420,outlet,REGION-4-MIXTURE,SaturatedMixture,283.4027534067633,6.752328165142736,0.07214143270317529,true,REGION-4-MIXTURE,SaturatedMixture,283.4027534259052,6.752328167069118,0.0721414327250156,true,2.852914837213538E-10,3.439369852609333E-11
D3-VAPOR-SEAM-COMPLETE-IF97-COMPARATOR,exact-v9-5-to-6mwe,344784,3420,drum,REGION-4-MIXTURE,SaturatedMixture,272.3707235813141,5.709816110157342,0.041298075654385466,true,REGION-4-MIXTURE,SaturatedMixture,272.370723560785,5.709816108339708,0.04129807564138622,true,3.1833495303709645E-10,3.763214396997791E-11
D3-VAPOR-SEAM-COMPLETE-IF97-COMPARATOR,exact-v9-5-to-6mwe,344784,3420,feedwater-inventory,REGION-4-MIXTURE,SaturatedMixture,48.739292983710754,0.011598983288564187,3.76047363253798E-05,true,REGION-4-MIXTURE,SaturatedMixture,48.73929298592725,0.011598983289851412,3.7604736329225844E-05,true,1.1097744539088762E-10,6.885893628501813E-12
D3-VAPOR-SEAM-COMPLETE-IF97-COMPARATOR,exact-v9-5-to-6mwe,350784,3480,suction,REGION-4-MIXTURE,SaturatedMixture,270.0794281482697,5.509679785602554,0.0008556833030399346,true,REGION-4-MIXTURE,SaturatedMixture,270.07942816416266,5.5096797869718825,0.0008556833019657141,true,2.4853143989369997E-10,2.925645103636247E-11
D3-VAPOR-SEAM-COMPLETE-IF97-COMPARATOR,exact-v9-5-to-6mwe,350784,3480,pressure,REGION-4-MIXTURE,SaturatedMixture,270.7524907827377,5.567904542519021,0.0009172037679597825,true,REGION-4-MIXTURE,SaturatedMixture,270.7524907718837,5.567904541576314,0.0009172037686988172,true,1.6931095682410835E-10,1.995582598302808E-11
D3-VAPOR-SEAM-COMPLETE-IF97-COMPARATOR,exact-v9-5-to-6mwe,350784,3480,outlet,REGION-4-MIXTURE,SaturatedMixture,283.581404775381,6.7703254480568225,0.0706757354364547,true,REGION-4-MIXTURE,SaturatedMixture,283.58140476195206,6.7703254467026355,0.07067573542148388,true,2.0001800432778865E-10,2.4120997181344144E-11
D3-VAPOR-SEAM-COMPLETE-IF97-COMPARATOR,exact-v9-5-to-6mwe,350784,3480,drum,REGION-4-MIXTURE,SaturatedMixture,272.41523357033736,5.713758055542784,0.04138580257893774,true,REGION-4-MIXTURE,SaturatedMixture,272.41523357683764,5.713758056118635,0.04138580258306314,true,1.0078329551115239E-10,1.1914748082221386E-11
D3-VAPOR-SEAM-COMPLETE-IF97-COMPARATOR,exact-v9-5-to-6mwe,350784,3480,feedwater-inventory,REGION-4-MIXTURE,SaturatedMixture,48.76400166004896,0.011613340536697958,3.8556297528652304E-05,true,REGION-4-MIXTURE,SaturatedMixture,48.7640016621412,0.011613340537914362,3.8556297532375854E-05,true,1.0474193105957807E-10,6.4993622744599524E-12
D3-VAPOR-SEAM-COMPLETE-IF97-COMPARATOR,exact-v9-5-to-6mwe,356784,3540,suction,REGION-4-MIXTURE,SaturatedMixture,270.0950280129906,5.511024000382143,0.0008546284891913405,true,REGION-4-MIXTURE,SaturatedMixture,270.09502802292343,5.51102400123812,0.0008546284885194698,true,1.5532079389531287E-10,1.8284233632231366E-11
D3-VAPOR-SEAM-COMPLETE-IF97-COMPARATOR,exact-v9-5-to-6mwe,356784,3540,pressure,REGION-4-MIXTURE,SaturatedMixture,270.78118436336524,5.570397140207878,0.0009176168266594888,true,REGION-4-MIXTURE,SaturatedMixture,270.7811843625715,5.570397140138883,0.0009176168267135659,true,1.2385936959990371E-11,1.459305007307804E-12
D3-VAPOR-SEAM-COMPLETE-IF97-COMPARATOR,exact-v9-5-to-6mwe,356784,3540,outlet,REGION-4-MIXTURE,SaturatedMixture,283.75422302484503,6.787769959667375,0.06929664510709205,true,REGION-4-MIXTURE,SaturatedMixture,283.7542230093278,6.7877699580995055,0.06929664509017466,true,2.309844616405287E-10,2.7863373136548882E-11
D3-VAPOR-SEAM-COMPLETE-IF97-COMPARATOR,exact-v9-5-to-6mwe,356784,3540,drum,REGION-4-MIXTURE,SaturatedMixture,272.45532531738286,5.717310485824585,0.041453280580963016,true,REGION-4-MIXTURE,SaturatedMixture,272.4553253047834,5.717310484707901,0.041453280572953395,true,1.9531640364768819E-10,2.30926218874543E-11
D3-VAPOR-SEAM-COMPLETE-IF97-COMPARATOR,exact-v9-5-to-6mwe,356784,3540,feedwater-inventory,REGION-4-MIXTURE,SaturatedMixture,48.78828783631326,0.011627467147162403,3.9494772359180835E-05,true,REGION-4-MIXTURE,SaturatedMixture,48.78828783567826,0.01162746714679284,3.9494772358022914E-05,true,3.1783535932443886E-11,1.9724209765846353E-12
D3-VAPOR-SEAM-COMPLETE-IF97-COMPARATOR,exact-v9-5-to-6mwe,362784,3600,suction,REGION-4-MIXTURE,SaturatedMixture,270.1072710335253,5.512079136764695,0.0008538000588545077,true,REGION-4-MIXTURE,SaturatedMixture,270.1072710331945,5.512079136736178,0.0008538000588769223,true,5.17350056371828E-12,6.089724250547337E-13
D3-VAPOR-SEAM-COMPLETE-IF97-COMPARATOR,exact-v9-5-to-6mwe,362784,3600,pressure,REGION-4-MIXTURE,SaturatedMixture,270.80531049966817,5.572493625460157,0.0009180126690343663,true,REGION-4-MIXTURE,SaturatedMixture,270.80531049728813,5.572493625253314,0.0009180126691966897,true,3.711864834206665E-11,4.375421843966874E-12
D3-VAPOR-SEAM-COMPLETE-IF97-COMPARATOR,exact-v9-5-to-6mwe,362784,3600,outlet,REGION-4-MIXTURE,SaturatedMixture,283.8935488522053,6.801858689105436,0.06827265782886191,true,REGION-4-MIXTURE,SaturatedMixture,283.8935488542229,6.801858689309597,0.0682726578310243,true,3.0015491614281104E-11,3.621979490118517E-12
D3-VAPOR-SEAM-COMPLETE-IF97-COMPARATOR,exact-v9-5-to-6mwe,362784,3600,drum,REGION-4-MIXTURE,SaturatedMixture,272.4857955574988,5.72001150588309,0.04148723189994979,true,REGION-4-MIXTURE,SaturatedMixture,272.4857955748413,5.720011507420685,0.041487231910983254,true,2.6880991880114406E-10,3.1783971081593196E-11
D3-VAPOR-SEAM-COMPLETE-IF97-COMPARATOR,exact-v9-5-to-6mwe,362784,3600,feedwater-inventory,REGION-4-MIXTURE,SaturatedMixture,48.81413910388949,0.0116425203302435,4.023817744488553E-05,true,REGION-4-MIXTURE,SaturatedMixture,48.81413910430871,0.01164252033048773,4.0238177445664394E-05,true,2.097741524443537E-11,1.3020711414173603E-12
