mode_id,row_index,probe_id,logical_step,node_id,resolution_path,calls_over_100us,calls_over_max_ceiling,max_us,run_indices,run_pass_pairs
TIERING-OFF-QJ-OFF-QJFL-OFF,0,background-reference,0,suction,C2-MIXTURE-PREFIX,320,0,214,1|2|3|4|5,1:0|1:1|1:10|1:11|1:12|1:13|1:14|1:15|1:16|1:17|1:18|1:19|1:2|1:20|1:21|1:22|1:23|1:24|1:25|1:26|1:27|1:28|1:29|1:3|1:30|1:31|1:32|1:33|1:34|1:35|1:36|1:37|1:38|1:39|1:4|1:40|1:41|1:42|1:43|1:44|1:45|1:46|1:47|1:48|1:49|1:5|1:50|1:51|1:52|1:53|1:54|1:55|1:56|1:57|1:58|1:59|1:6|1:60|1:61|1:62|1:63|1:7|1:8|1:9|2:0|2:1|2:10|2:11|2:12|2:13|2:14|2:15|2:16|2:17|2:18|2:19|2:2|2:20|2:21|2:22|2:23|2:24|2:25|2:26|2:27|2:28|2:29|2:3|2:30|2:31|2:32|2:33|2:34|2:35|2:36|2:37|2:38|2:39|2:4|2:40|2:41|2:42|2:43|2:44|2:45|2:46|2:47|2:48|2:49|2:5|2:50|2:51|2:52|2:53|2:54|2:55|2:56|2:57|2:58|2:59|2:6|2:60|2:61|2:62|2:63|2:7|2:8|2:9|3:0|3:1|3:10|3:11|3:12|3:13|3:14|3:15|3:16|3:17|3:18|3:19|3:2|3:20|3:21|3:22|3:23|3:24|3:25|3:26|3:27|3:28|3:29|3:3|3:30|3:31|3:32|3:33|3:34|3:35|3:36|3:37|3:38|3:39|3:4|3:40|3:41|3:42|3:43|3:44|3:45|3:46|3:47|3:48|3:49|3:5|3:50|3:51|3:52|3:53|3:54|3:55|3:56|3:57|3:58|3:59|3:6|3:60|3:61|3:62|3:63|3:7|3:8|3:9|4:0|4:1|4:10|4:11|4:12|4:13|4:14|4:15|4:16|4:17|4:18|4:19|4:2|4:20|4:21|4:22|4:23|4:24|4:25|4:26|4:27|4:28|4:29|4:3|4:30|4:31|4:32|4:33|4:34|4:35|4:36|4:37|4:38|4:39|4:4|4:40|4:41|4:42|4:43|4:44|4:45|4:46|4:47|4:48|4:49|4:5|4:50|4:51|4:52|4:53|4:54|4:55|4:56|4:57|4:58|4:59|4:6|4:60|4:61|4:62|4:63|4:7|4:8|4:9|5:0|5:1|5:10|5:11|5:12|5:13|5:14|5:15|5:16|5:17|5:18|5:19|5:2|5:20|5:21|5:22|5:23|5:24|5:25|5:26|5:27|5:28|5:29|5:3|5:30|5:31|5:32|5:33|5:34|5:35|5:36|5:37|5:38|5:39|5:4|5:40|5:41|5:42|5:43|5:44|5:45|5:46|5:47|5:48|5:49|5:5|5:50|5:51|5:52|5:53|5:54|5:55|5:56|5:57|5:58|5:59|5:6|5:60|5:61|5:62|5:63|5:7|5:8|5:9
TIERING-OFF-QJ-OFF-QJFL-OFF,1,background-reference,0,pressure,C2-MIXTURE-PREFIX,320,0,242.5,1|2|3|4|5,1:0|1:1|1:10|1:11|1:12|1:13|1:14|1:15|1:16|1:17|1:18|1:19|1:2|1:20|1:21|1:22|1:23|1:24|1:25|1:26|1:27|1:28|1:29|1:3|1:30|1:31|1:32|1:33|1:34|1:35|1:36|1:37|1:38|1:39|1:4|1:40|1:41|1:42|1:43|1:44|1:45|1:46|1:47|1:48|1:49|1:5|1:50|1:51|1:52|1:53|1:54|1:55|1:56|1:57|1:58|1:59|1:6|1:60|1:61|1:62|1:63|1:7|1:8|1:9|2:0|2:1|2:10|2:11|2:12|2:13|2:14|2:15|2:16|2:17|2:18|2:19|2:2|2:20|2:21|2:22|2:23|2:24|2:25|2:26|2:27|2:28|2:29|2:3|2:30|2:31|2:32|2:33|2:34|2:35|2:36|2:37|2:38|2:39|2:4|2:40|2:41|2:42|2:43|2:44|2:45|2:46|2:47|2:48|2:49|2:5|2:50|2:51|2:52|2:53|2:54|2:55|2:56|2:57|2:58|2:59|2:6|2:60|2:61|2:62|2:63|2:7|2:8|2:9|3:0|3:1|3:10|3:11|3:12|3:13|3:14|3:15|3:16|3:17|3:18|3:19|3:2|3:20|3:21|3:22|3:23|3:24|3:25|3:26|3:27|3:28|3:29|3:3|3:30|3:31|3:32|3:33|3:34|3:35|3:36|3:37|3:38|3:39|3:4|3:40|3:41|3:42|3:43|3:44|3:45|3:46|3:47|3:48|3:49|3:5|3:50|3:51|3:52|3:53|3:54|3:55|3:56|3:57|3:58|3:59|3:6|3:60|3:61|3:62|3:63|3:7|3:8|3:9|4:0|4:1|4:10|4:11|4:12|4:13|4:14|4:15|4:16|4:17|4:18|4:19|4:2|4:20|4:21|4:22|4:23|4:24|4:25|4:26|4:27|4:28|4:29|4:3|4:30|4:31|4:32|4:33|4:34|4:35|4:36|4:37|4:38|4:39|4:4|4:40|4:41|4:42|4:43|4:44|4:45|4:46|4:47|4:48|4:49|4:5|4:50|4:51|4:52|4:53|4:54|4:55|4:56|4:57|4:58|4:59|4:6|4:60|4:61|4:62|4:63|4:7|4:8|4:9|5:0|5:1|5:10|5:11|5:12|5:13|5:14|5:15|5:16|5:17|5:18|5:19|5:2|5:20|5:21|5:22|5:23|5:24|5:25|5:26|5:27|5:28|5:29|5:3|5:30|5:31|5:32|5:33|5:34|5:35|5:36|5:37|5:38|5:39|5:4|5:40|5:41|5:42|5:43|5:44|5:45|5:46|5:47|5:48|5:49|5:5|5:50|5:51|5:52|5:53|5:54|5:55|5:56|5:57|5:58|5:59|5:6|5:60|5:61|5:62|5:63|5:7|5:8|5:9
TIERING-OFF-QJ-OFF-QJFL-OFF,10,background-reference,12000,suction,C2-MIXTURE-PREFIX,320,0,228.4,1|2|3|4|5,1:0|1:1|1:10|1:11|1:12|1:13|1:14|1:15|1:16|1:17|1:18|1:19|1:2|1:20|1:21|1:22|1:23|1:24|1:25|1:26|1:27|1:28|1:29|1:3|1:30|1:31|1:32|1:33|1:34|1:35|1:36|1:37|1:38|1:39|1:4|1:40|1:41|1:42|1:43|1:44|1:45|1:46|1:47|1:48|1:49|1:5|1:50|1:51|1:52|1:53|1:54|1:55|1:56|1:57|1:58|1:59|1:6|1:60|1:61|1:62|1:63|1:7|1:8|1:9|2:0|2:1|2:10|2:11|2:12|2:13|2:14|2:15|2:16|2:17|2:18|2:19|2:2|2:20|2:21|2:22|2:23|2:24|2:25|2:26|2:27|2:28|2:29|2:3|2:30|2:31|2:32|2:33|2:34|2:35|2:36|2:37|2:38|2:39|2:4|2:40|2:41|2:42|2:43|2:44|2:45|2:46|2:47|2:48|2:49|2:5|2:50|2:51|2:52|2:53|2:54|2:55|2:56|2:57|2:58|2:59|2:6|2:60|2:61|2:62|2:63|2:7|2:8|2:9|3:0|3:1|3:10|3:11|3:12|3:13|3:14|3:15|3:16|3:17|3:18|3:19|3:2|3:20|3:21|3:22|3:23|3:24|3:25|3:26|3:27|3:28|3:29|3:3|3:30|3:31|3:32|3:33|3:34|3:35|3:36|3:37|3:38|3:39|3:4|3:40|3:41|3:42|3:43|3:44|3:45|3:46|3:47|3:48|3:49|3:5|3:50|3:51|3:52|3:53|3:54|3:55|3:56|3:57|3:58|3:59|3:6|3:60|3:61|3:62|3:63|3:7|3:8|3:9|4:0|4:1|4:10|4:11|4:12|4:13|4:14|4:15|4:16|4:17|4:18|4:19|4:2|4:20|4:21|4:22|4:23|4:24|4:25|4:26|4:27|4:28|4:29|4:3|4:30|4:31|4:32|4:33|4:34|4:35|4:36|4:37|4:38|4:39|4:4|4:40|4:41|4:42|4:43|4:44|4:45|4:46|4:47|4:48|4:49|4:5|4:50|4:51|4:52|4:53|4:54|4:55|4:56|4:57|4:58|4:59|4:6|4:60|4:61|4:62|4:63|4:7|4:8|4:9|5:0|5:1|5:10|5:11|5:12|5:13|5:14|5:15|5:16|5:17|5:18|5:19|5:2|5:20|5:21|5:22|5:23|5:24|5:25|5:26|5:27|5:28|5:29|5:3|5:30|5:31|5:32|5:33|5:34|5:35|5:36|5:37|5:38|5:39|5:4|5:40|5:41|5:42|5:43|5:44|5:45|5:46|5:47|5:48|5:49|5:5|5:50|5:51|5:52|5:53|5:54|5:55|5:56|5:57|5:58|5:59|5:6|5:60|5:61|5:62|5:63|5:7|5:8|5:9
TIERING-OFF-QJ-OFF-QJFL-OFF,100,exact-v9-5-to-6mwe,56784,suction,C2-MIXTURE-PREFIX,320,0,216.1,1|2|3|4|5,1:0|1:1|1:10|1:11|1:12|1:13|1:14|1:15|1:16|1:17|1:18|1:19|1:2|1:20|1:21|1:22|1:23|1:24|1:25|1:26|1:27|1:28|1:29|1:3|1:30|1:31|1:32|1:33|1:34|1:35|1:36|1:37|1:38|1:39|1:4|1:40|1:41|1:42|1:43|1:44|1:45|1:46|1:47|1:48|1:49|1:5|1:50|1:51|1:52|1:53|1:54|1:55|1:56|1:57|1:58|1:59|1:6|1:60|1:61|1:62|1:63|1:7|1:8|1:9|2:0|2:1|2:10|2:11|2:12|2:13|2:14|2:15|2:16|2:17|2:18|2:19|2:2|2:20|2:21|2:22|2:23|2:24|2:25|2:26|2:27|2:28|2:29|2:3|2:30|2:31|2:32|2:33|2:34|2:35|2:36|2:37|2:38|2:39|2:4|2:40|2:41|2:42|2:43|2:44|2:45|2:46|2:47|2:48|2:49|2:5|2:50|2:51|2:52|2:53|2:54|2:55|2:56|2:57|2:58|2:59|2:6|2:60|2:61|2:62|2:63|2:7|2:8|2:9|3:0|3:1|3:10|3:11|3:12|3:13|3:14|3:15|3:16|3:17|3:18|3:19|3:2|3:20|3:21|3:22|3:23|3:24|3:25|3:26|3:27|3:28|3:29|3:3|3:30|3:31|3:32|3:33|3:34|3:35|3:36|3:37|3:38|3:39|3:4|3:40|3:41|3:42|3:43|3:44|3:45|3:46|3:47|3:48|3:49|3:5|3:50|3:51|3:52|3:53|3:54|3:55|3:56|3:57|3:58|3:59|3:6|3:60|3:61|3:62|3:63|3:7|3:8|3:9|4:0|4:1|4:10|4:11|4:12|4:13|4:14|4:15|4:16|4:17|4:18|4:19|4:2|4:20|4:21|4:22|4:23|4:24|4:25|4:26|4:27|4:28|4:29|4:3|4:30|4:31|4:32|4:33|4:34|4:35|4:36|4:37|4:38|4:39|4:4|4:40|4:41|4:42|4:43|4:44|4:45|4:46|4:47|4:48|4:49|4:5|4:50|4:51|4:52|4:53|4:54|4:55|4:56|4:57|4:58|4:59|4:6|4:60|4:61|4:62|4:63|4:7|4:8|4:9|5:0|5:1|5:10|5:11|5:12|5:13|5:14|5:15|5:16|5:17|5:18|5:19|5:2|5:20|5:21|5:22|5:23|5:24|5:25|5:26|5:27|5:28|5:29|5:3|5:30|5:31|5:32|5:33|5:34|5:35|5:36|5:37|5:38|5:39|5:4|5:40|5:41|5:42|5:43|5:44|5:45|5:46|5:47|5:48|5:49|5:5|5:50|5:51|5:52|5:53|5:54|5:55|5:56|5:57|5:58|5:59|5:6|5:60|5:61|5:62|5:63|5:7|5:8|5:9
TIERING-OFF-QJ-OFF-QJFL-OFF,101,exact-v9-5-to-6mwe,56784,pressure,C2-MIXTURE-PREFIX,320,0,395.1,1|2|3|4|5,1:0|1:1|1:10|1:11|1:12|1:13|1:14|1:15|1:16|1:17|1:18|1:19|1:2|1:20|1:21|1:22|1:23|1:24|1:25|1:26|1:27|1:28|1:29|1:3|1:30|1:31|1:32|1:33|1:34|1:35|1:36|1:37|1:38|1:39|1:4|1:40|1:41|1:42|1:43|1:44|1:45|1:46|1:47|1:48|1:49|1:5|1:50|1:51|1:52|1:53|1:54|1:55|1:56|1:57|1:58|1:59|1:6|1:60|1:61|1:62|1:63|1:7|1:8|1:9|2:0|2:1|2:10|2:11|2:12|2:13|2:14|2:15|2:16|2:17|2:18|2:19|2:2|2:20|2:21|2:22|2:23|2:24|2:25|2:26|2:27|2:28|2:29|2:3|2:30|2:31|2:32|2:33|2:34|2:35|2:36|2:37|2:38|2:39|2:4|2:40|2:41|2:42|2:43|2:44|2:45|2:46|2:47|2:48|2:49|2:5|2:50|2:51|2:52|2:53|2:54|2:55|2:56|2:57|2:58|2:59|2:6|2:60|2:61|2:62|2:63|2:7|2:8|2:9|3:0|3:1|3:10|3:11|3:12|3:13|3:14|3:15|3:16|3:17|3:18|3:19|3:2|3:20|3:21|3:22|3:23|3:24|3:25|3:26|3:27|3:28|3:29|3:3|3:30|3:31|3:32|3:33|3:34|3:35|3:36|3:37|3:38|3:39|3:4|3:40|3:41|3:42|3:43|3:44|3:45|3:46|3:47|3:48|3:49|3:5|3:50|3:51|3:52|3:53|3:54|3:55|3:56|3:57|3:58|3:59|3:6|3:60|3:61|3:62|3:63|3:7|3:8|3:9|4:0|4:1|4:10|4:11|4:12|4:13|4:14|4:15|4:16|4:17|4:18|4:19|4:2|4:20|4:21|4:22|4:23|4:24|4:25|4:26|4:27|4:28|4:29|4:3|4:30|4:31|4:32|4:33|4:34|4:35|4:36|4:37|4:38|4:39|4:4|4:40|4:41|4:42|4:43|4:44|4:45|4:46|4:47|4:48|4:49|4:5|4:50|4:51|4:52|4:53|4:54|4:55|4:56|4:57|4:58|4:59|4:6|4:60|4:61|4:62|4:63|4:7|4:8|4:9|5:0|5:1|5:10|5:11|5:12|5:13|5:14|5:15|5:16|5:17|5:18|5:19|5:2|5:20|5:21|5:22|5:23|5:24|5:25|5:26|5:27|5:28|5:29|5:3|5:30|5:31|5:32|5:33|5:34|5:35|5:36|5:37|5:38|5:39|5:4|5:40|5:41|5:42|5:43|5:44|5:45|5:46|5:47|5:48|5:49|5:5|5:50|5:51|5:52|5:53|5:54|5:55|5:56|5:57|5:58|5:59|5:6|5:60|5:61|5:62|5:63|5:7|5:8|5:9
TIERING-OFF-QJ-OFF-QJFL-OFF,102,exact-v9-5-to-6mwe,56784,outlet,C2-MIXTURE-PREFIX,320,0,210.8,1|2|3|4|5,1:0|1:1|1:10|1:11|1:12|1:13|1:14|1:15|1:16|1:17|1:18|1:19|1:2|1:20|1:21|1:22|1:23|1:24|1:25|1:26|1:27|1:28|1:29|1:3|1:30|1:31|1:32|1:33|1:34|1:35|1:36|1:37|1:38|1:39|1:4|1:40|1:41|1:42|1:43|1:44|1:45|1:46|1:47|1:48|1:49|1:5|1:50|1:51|1:52|1:53|1:54|1:55|1:56|1:57|1:58|1:59|1:6|1:60|1:61|1:62|1:63|1:7|1:8|1:9|2:0|2:1|2:10|2:11|2:12|2:13|2:14|2:15|2:16|2:17|2:18|2:19|2:2|2:20|2:21|2:22|2:23|2:24|2:25|2:26|2:27|2:28|2:29|2:3|2:30|2:31|2:32|2:33|2:34|2:35|2:36|2:37|2:38|2:39|2:4|2:40|2:41|2:42|2:43|2:44|2:45|2:46|2:47|2:48|2:49|2:5|2:50|2:51|2:52|2:53|2:54|2:55|2:56|2:57|2:58|2:59|2:6|2:60|2:61|2:62|2:63|2:7|2:8|2:9|3:0|3:1|3:10|3:11|3:12|3:13|3:14|3:15|3:16|3:17|3:18|3:19|3:2|3:20|3:21|3:22|3:23|3:24|3:25|3:26|3:27|3:28|3:29|3:3|3:30|3:31|3:32|3:33|3:34|3:35|3:36|3:37|3:38|3:39|3:4|3:40|3:41|3:42|3:43|3:44|3:45|3:46|3:47|3:48|3:49|3:5|3:50|3:51|3:52|3:53|3:54|3:55|3:56|3:57|3:58|3:59|3:6|3:60|3:61|3:62|3:63|3:7|3:8|3:9|4:0|4:1|4:10|4:11|4:12|4:13|4:14|4:15|4:16|4:17|4:18|4:19|4:2|4:20|4:21|4:22|4:23|4:24|4:25|4:26|4:27|4:28|4:29|4:3|4:30|4:31|4:32|4:33|4:34|4:35|4:36|4:37|4:38|4:39|4:4|4:40|4:41|4:42|4:43|4:44|4:45|4:46|4:47|4:48|4:49|4:5|4:50|4:51|4:52|4:53|4:54|4:55|4:56|4:57|4:58|4:59|4:6|4:60|4:61|4:62|4:63|4:7|4:8|4:9|5:0|5:1|5:10|5:11|5:12|5:13|5:14|5:15|5:16|5:17|5:18|5:19|5:2|5:20|5:21|5:22|5:23|5:24|5:25|5:26|5:27|5:28|5:29|5:3|5:30|5:31|5:32|5:33|5:34|5:35|5:36|5:37|5:38|5:39|5:4|5:40|5:41|5:42|5:43|5:44|5:45|5:46|5:47|5:48|5:49|5:5|5:50|5:51|5:52|5:53|5:54|5:55|5:56|5:57|5:58|5:59|5:6|5:60|5:61|5:62|5:63|5:7|5:8|5:9
TIERING-OFF-QJ-OFF-QJFL-OFF,103,exact-v9-5-to-6mwe,56784,drum,C2-MIXTURE-PREFIX,320,0,359.3,1|2|3|4|5,1:0|1:1|1:10|1:11|1:12|1:13|1:14|1:15|1:16|1:17|1:18|1:19|1:2|1:20|1:21|1:22|1:23|1:24|1:25|1:26|1:27|1:28|1:29|1:3|1:30|1:31|1:32|1:33|1:34|1:35|1:36|1:37|1:38|1:39|1:4|1:40|1:41|1:42|1:43|1:44|1:45|1:46|1:47|1:48|1:49|1:5|1:50|1:51|1:52|1:53|1:54|1:55|1:56|1:57|1:58|1:59|1:6|1:60|1:61|1:62|1:63|1:7|1:8|1:9|2:0|2:1|2:10|2:11|2:12|2:13|2:14|2:15|2:16|2:17|2:18|2:19|2:2|2:20|2:21|2:22|2:23|2:24|2:25|2:26|2:27|2:28|2:29|2:3|2:30|2:31|2:32|2:33|2:34|2:35|2:36|2:37|2:38|2:39|2:4|2:40|2:41|2:42|2:43|2:44|2:45|2:46|2:47|2:48|2:49|2:5|2:50|2:51|2:52|2:53|2:54|2:55|2:56|2:57|2:58|2:59|2:6|2:60|2:61|2:62|2:63|2:7|2:8|2:9|3:0|3:1|3:10|3:11|3:12|3:13|3:14|3:15|3:16|3:17|3:18|3:19|3:2|3:20|3:21|3:22|3:23|3:24|3:25|3:26|3:27|3:28|3:29|3:3|3:30|3:31|3:32|3:33|3:34|3:35|3:36|3:37|3:38|3:39|3:4|3:40|3:41|3:42|3:43|3:44|3:45|3:46|3:47|3:48|3:49|3:5|3:50|3:51|3:52|3:53|3:54|3:55|3:56|3:57|3:58|3:59|3:6|3:60|3:61|3:62|3:63|3:7|3:8|3:9|4:0|4:1|4:10|4:11|4:12|4:13|4:14|4:15|4:16|4:17|4:18|4:19|4:2|4:20|4:21|4:22|4:23|4:24|4:25|4:26|4:27|4:28|4:29|4:3|4:30|4:31|4:32|4:33|4:34|4:35|4:36|4:37|4:38|4:39|4:4|4:40|4:41|4:42|4:43|4:44|4:45|4:46|4:47|4:48|4:49|4:5|4:50|4:51|4:52|4:53|4:54|4:55|4:56|4:57|4:58|4:59|4:6|4:60|4:61|4:62|4:63|4:7|4:8|4:9|5:0|5:1|5:10|5:11|5:12|5:13|5:14|5:15|5:16|5:17|5:18|5:19|5:2|5:20|5:21|5:22|5:23|5:24|5:25|5:26|5:27|5:28|5:29|5:3|5:30|5:31|5:32|5:33|5:34|5:35|5:36|5:37|5:38|5:39|5:4|5:40|5:41|5:42|5:43|5:44|5:45|5:46|5:47|5:48|5:49|5:5|5:50|5:51|5:52|5:53|5:54|5:55|5:56|5:57|5:58|5:59|5:6|5:60|5:61|5:62|5:63|5:7|5:8|5:9
TIERING-OFF-QJ-OFF-QJFL-OFF,104,exact-v9-5-to-6mwe,56784,feedwater-inventory,C2-MIXTURE-PREFIX,1,1,729.5,3,3:41
TIERING-OFF-QJ-OFF-QJFL-OFF,105,exact-v9-5-to-6mwe,62784,suction,C2-MIXTURE-PREFIX,320,0,338.1,1|2|3|4|5,1:0|1:1|1:10|1:11|1:12|1:13|1:14|1:15|1:16|1:17|1:18|1:19|1:2|1:20|1:21|1:22|1:23|1:24|1:25|1:26|1:27|1:28|1:29|1:3|1:30|1:31|1:32|1:33|1:34|1:35|1:36|1:37|1:38|1:39|1:4|1:40|1:41|1:42|1:43|1:44|1:45|1:46|1:47|1:48|1:49|1:5|1:50|1:51|1:52|1:53|1:54|1:55|1:56|1:57|1:58|1:59|1:6|1:60|1:61|1:62|1:63|1:7|1:8|1:9|2:0|2:1|2:10|2:11|2:12|2:13|2:14|2:15|2:16|2:17|2:18|2:19|2:2|2:20|2:21|2:22|2:23|2:24|2:25|2:26|2:27|2:28|2:29|2:3|2:30|2:31|2:32|2:33|2:34|2:35|2:36|2:37|2:38|2:39|2:4|2:40|2:41|2:42|2:43|2:44|2:45|2:46|2:47|2:48|2:49|2:5|2:50|2:51|2:52|2:53|2:54|2:55|2:56|2:57|2:58|2:59|2:6|2:60|2:61|2:62|2:63|2:7|2:8|2:9|3:0|3:1|3:10|3:11|3:12|3:13|3:14|3:15|3:16|3:17|3:18|3:19|3:2|3:20|3:21|3:22|3:23|3:24|3:25|3:26|3:27|3:28|3:29|3:3|3:30|3:31|3:32|3:33|3:34|3:35|3:36|3:37|3:38|3:39|3:4|3:40|3:41|3:42|3:43|3:44|3:45|3:46|3:47|3:48|3:49|3:5|3:50|3:51|3:52|3:53|3:54|3:55|3:56|3:57|3:58|3:59|3:6|3:60|3:61|3:62|3:63|3:7|3:8|3:9|4:0|4:1|4:10|4:11|4:12|4:13|4:14|4:15|4:16|4:17|4:18|4:19|4:2|4:20|4:21|4:22|4:23|4:24|4:25|4:26|4:27|4:28|4:29|4:3|4:30|4:31|4:32|4:33|4:34|4:35|4:36|4:37|4:38|4:39|4:4|4:40|4:41|4:42|4:43|4:44|4:45|4:46|4:47|4:48|4:49|4:5|4:50|4:51|4:52|4:53|4:54|4:55|4:56|4:57|4:58|4:59|4:6|4:60|4:61|4:62|4:63|4:7|4:8|4:9|5:0|5:1|5:10|5:11|5:12|5:13|5:14|5:15|5:16|5:17|5:18|5:19|5:2|5:20|5:21|5:22|5:23|5:24|5:25|5:26|5:27|5:28|5:29|5:3|5:30|5:31|5:32|5:33|5:34|5:35|5:36|5:37|5:38|5:39|5:4|5:40|5:41|5:42|5:43|5:44|5:45|5:46|5:47|5:48|5:49|5:5|5:50|5:51|5:52|5:53|5:54|5:55|5:56|5:57|5:58|5:59|5:6|5:60|5:61|5:62|5:63|5:7|5:8|5:9
TIERING-OFF-QJ-OFF-QJFL-OFF,106,exact-v9-5-to-6mwe,62784,pressure,C2-MIXTURE-PREFIX,320,0,297.8,1|2|3|4|5,1:0|1:1|1:10|1:11|1:12|1:13|1:14|1:15|1:16|1:17|1:18|1:19|1:2|1:20|1:21|1:22|1:23|1:24|1:25|1:26|1:27|1:28|1:29|1:3|1:30|1:31|1:32|1:33|1:34|1:35|1:36|1:37|1:38|1:39|1:4|1:40|1:41|1:42|1:43|1:44|1:45|1:46|1:47|1:48|1:49|1:5|1:50|1:51|1:52|1:53|1:54|1:55|1:56|1:57|1:58|1:59|1:6|1:60|1:61|1:62|1:63|1:7|1:8|1:9|2:0|2:1|2:10|2:11|2:12|2:13|2:14|2:15|2:16|2:17|2:18|2:19|2:2|2:20|2:21|2:22|2:23|2:24|2:25|2:26|2:27|2:28|2:29|2:3|2:30|2:31|2:32|2:33|2:34|2:35|2:36|2:37|2:38|2:39|2:4|2:40|2:41|2:42|2:43|2:44|2:45|2:46|2:47|2:48|2:49|2:5|2:50|2:51|2:52|2:53|2:54|2:55|2:56|2:57|2:58|2:59|2:6|2:60|2:61|2:62|2:63|2:7|2:8|2:9|3:0|3:1|3:10|3:11|3:12|3:13|3:14|3:15|3:16|3:17|3:18|3:19|3:2|3:20|3:21|3:22|3:23|3:24|3:25|3:26|3:27|3:28|3:29|3:3|3:30|3:31|3:32|3:33|3:34|3:35|3:36|3:37|3:38|3:39|3:4|3:40|3:41|3:42|3:43|3:44|3:45|3:46|3:47|3:48|3:49|3:5|3:50|3:51|3:52|3:53|3:54|3:55|3:56|3:57|3:58|3:59|3:6|3:60|3:61|3:62|3:63|3:7|3:8|3:9|4:0|4:1|4:10|4:11|4:12|4:13|4:14|4:15|4:16|4:17|4:18|4:19|4:2|4:20|4:21|4:22|4:23|4:24|4:25|4:26|4:27|4:28|4:29|4:3|4:30|4:31|4:32|4:33|4:34|4:35|4:36|4:37|4:38|4:39|4:4|4:40|4:41|4:42|4:43|4:44|4:45|4:46|4:47|4:48|4:49|4:5|4:50|4:51|4:52|4:53|4:54|4:55|4:56|4:57|4:58|4:59|4:6|4:60|4:61|4:62|4:63|4:7|4:8|4:9|5:0|5:1|5:10|5:11|5:12|5:13|5:14|5:15|5:16|5:17|5:18|5:19|5:2|5:20|5:21|5:22|5:23|5:24|5:25|5:26|5:27|5:28|5:29|5:3|5:30|5:31|5:32|5:33|5:34|5:35|5:36|5:37|5:38|5:39|5:4|5:40|5:41|5:42|5:43|5:44|5:45|5:46|5:47|5:48|5:49|5:5|5:50|5:51|5:52|5:53|5:54|5:55|5:56|5:57|5:58|5:59|5:6|5:60|5:61|5:62|5:63|5:7|5:8|5:9
TIERING-OFF-QJ-OFF-QJFL-OFF,107,exact-v9-5-to-6mwe,62784,outlet,C2-MIXTURE-PREFIX,320,0,210.7,1|2|3|4|5,1:0|1:1|1:10|1:11|1:12|1:13|1:14|1:15|1:16|1:17|1:18|1:19|1:2|1:20|1:21|1:22|1:23|1:24|1:25|1:26|1:27|1:28|1:29|1:3|1:30|1:31|1:32|1:33|1:34|1:35|1:36|1:37|1:38|1:39|1:4|1:40|1:41|1:42|1:43|1:44|1:45|1:46|1:47|1:48|1:49|1:5|1:50|1:51|1:52|1:53|1:54|1:55|1:56|1:57|1:58|1:59|1:6|1:60|1:61|1:62|1:63|1:7|1:8|1:9|2:0|2:1|2:10|2:11|2:12|2:13|2:14|2:15|2:16|2:17|2:18|2:19|2:2|2:20|2:21|2:22|2:23|2:24|2:25|2:26|2:27|2:28|2:29|2:3|2:30|2:31|2:32|2:33|2:34|2:35|2:36|2:37|2:38|2:39|2:4|2:40|2:41|2:42|2:43|2:44|2:45|2:46|2:47|2:48|2:49|2:5|2:50|2:51|2:52|2:53|2:54|2:55|2:56|2:57|2:58|2:59|2:6|2:60|2:61|2:62|2:63|2:7|2:8|2:9|3:0|3:1|3:10|3:11|3:12|3:13|3:14|3:15|3:16|3:17|3:18|3:19|3:2|3:20|3:21|3:22|3:23|3:24|3:25|3:26|3:27|3:28|3:29|3:3|3:30|3:31|3:32|3:33|3:34|3:35|3:36|3:37|3:38|3:39|3:4|3:40|3:41|3:42|3:43|3:44|3:45|3:46|3:47|3:48|3:49|3:5|3:50|3:51|3:52|3:53|3:54|3:55|3:56|3:57|3:58|3:59|3:6|3:60|3:61|3:62|3:63|3:7|3:8|3:9|4:0|4:1|4:10|4:11|4:12|4:13|4:14|4:15|4:16|4:17|4:18|4:19|4:2|4:20|4:21|4:22|4:23|4:24|4:25|4:26|4:27|4:28|4:29|4:3|4:30|4:31|4:32|4:33|4:34|4:35|4:36|4:37|4:38|4:39|4:4|4:40|4:41|4:42|4:43|4:44|4:45|4:46|4:47|4:48|4:49|4:5|4:50|4:51|4:52|4:53|4:54|4:55|4:56|4:57|4:58|4:59|4:6|4:60|4:61|4:62|4:63|4:7|4:8|4:9|5:0|5:1|5:10|5:11|5:12|5:13|5:14|5:15|5:16|5:17|5:18|5:19|5:2|5:20|5:21|5:22|5:23|5:24|5:25|5:26|5:27|5:28|5:29|5:3|5:30|5:31|5:32|5:33|5:34|5:35|5:36|5:37|5:38|5:39|5:4|5:40|5:41|5:42|5:43|5:44|5:45|5:46|5:47|5:48|5:49|5:5|5:50|5:51|5:52|5:53|5:54|5:55|5:56|5:57|5:58|5:59|5:6|5:60|5:61|5:62|5:63|5:7|5:8|5:9
TIERING-OFF-QJ-OFF-QJFL-OFF,108,exact-v9-5-to-6mwe,62784,drum,C2-MIXTURE-PREFIX,320,0,200.7,1|2|3|4|5,1:0|1:1|1:10|1:11|1:12|1:13|1:14|1:15|1:16|1:17|1:18|1:19|1:2|1:20|1:21|1:22|1:23|1:24|1:25|1:26|1:27|1:28|1:29|1:3|1:30|1:31|1:32|1:33|1:34|1:35|1:36|1:37|1:38|1:39|1:4|1:40|1:41|1:42|1:43|1:44|1:45|1:46|1:47|1:48|1:49|1:5|1:50|1:51|1:52|1:53|1:54|1:55|1:56|1:57|1:58|1:59|1:6|1:60|1:61|1:62|1:63|1:7|1:8|1:9|2:0|2:1|2:10|2:11|2:12|2:13|2:14|2:15|2:16|2:17|2:18|2:19|2:2|2:20|2:21|2:22|2:23|2:24|2:25|2:26|2:27|2:28|2:29|2:3|2:30|2:31|2:32|2:33|2:34|2:35|2:36|2:37|2:38|2:39|2:4|2:40|2:41|2:42|2:43|2:44|2:45|2:46|2:47|2:48|2:49|2:5|2:50|2:51|2:52|2:53|2:54|2:55|2:56|2:57|2:58|2:59|2:6|2:60|2:61|2:62|2:63|2:7|2:8|2:9|3:0|3:1|3:10|3:11|3:12|3:13|3:14|3:15|3:16|3:17|3:18|3:19|3:2|3:20|3:21|3:22|3:23|3:24|3:25|3:26|3:27|3:28|3:29|3:3|3:30|3:31|3:32|3:33|3:34|3:35|3:36|3:37|3:38|3:39|3:4|3:40|3:41|3:42|3:43|3:44|3:45|3:46|3:47|3:48|3:49|3:5|3:50|3:51|3:52|3:53|3:54|3:55|3:56|3:57|3:58|3:59|3:6|3:60|3:61|3:62|3:63|3:7|3:8|3:9|4:0|4:1|4:10|4:11|4:12|4:13|4:14|4:15|4:16|4:17|4:18|4:19|4:2|4:20|4:21|4:22|4:23|4:24|4:25|4:26|4:27|4:28|4:29|4:3|4:30|4:31|4:32|4:33|4:34|4:35|4:36|4:37|4:38|4:39|4:4|4:40|4:41|4:42|4:43|4:44|4:45|4:46|4:47|4:48|4:49|4:5|4:50|4:51|4:52|4:53|4:54|4:55|4:56|4:57|4:58|4:59|4:6|4:60|4:61|4:62|4:63|4:7|4:8|4:9|5:0|5:1|5:10|5:11|5:12|5:13|5:14|5:15|5:16|5:17|5:18|5:19|5:2|5:20|5:21|5:22|5:23|5:24|5:25|5:26|5:27|5:28|5:29|5:3|5:30|5:31|5:32|5:33|5:34|5:35|5:36|5:37|5:38|5:39|5:4|5:40|5:41|5:42|5:43|5:44|5:45|5:46|5:47|5:48|5:49|5:5|5:50|5:51|5:52|5:53|5:54|5:55|5:56|5:57|5:58|5:59|5:6|5:60|5:61|5:62|5:63|5:7|5:8|5:9
TIERING-OFF-QJ-OFF-QJFL-OFF,11,background-reference,12000,pressure,C2-MIXTURE-PREFIX,320,0,354.6,1|2|3|4|5,1:0|1:1|1:10|1:11|1:12|1:13|1:14|1:15|1:16|1:17|1:18|1:19|1:2|1:20|1:21|1:22|1:23|1:24|1:25|1:26|1:27|1:28|1:29|1:3|1:30|1:31|1:32|1:33|1:34|1:35|1:36|1:37|1:38|1:39|1:4|1:40|1:41|1:42|1:43|1:44|1:45|1:46|1:47|1:48|1:49|1:5|1:50|1:51|1:52|1:53|1:54|1:55|1:56|1:57|1:58|1:59|1:6|1:60|1:61|1:62|1:63|1:7|1:8|1:9|2:0|2:1|2:10|2:11|2:12|2:13|2:14|2:15|2:16|2:17|2:18|2:19|2:2|2:20|2:21|2:22|2:23|2:24|2:25|2:26|2:27|2:28|2:29|2:3|2:30|2:31|2:32|2:33|2:34|2:35|2:36|2:37|2:38|2:39|2:4|2:40|2:41|2:42|2:43|2:44|2:45|2:46|2:47|2:48|2:49|2:5|2:50|2:51|2:52|2:53|2:54|2:55|2:56|2:57|2:58|2:59|2:6|2:60|2:61|2:62|2:63|2:7|2:8|2:9|3:0|3:1|3:10|3:11|3:12|3:13|3:14|3:15|3:16|3:17|3:18|3:19|3:2|3:20|3:21|3:22|3:23|3:24|3:25|3:26|3:27|3:28|3:29|3:3|3:30|3:31|3:32|3:33|3:34|3:35|3:36|3:37|3:38|3:39|3:4|3:40|3:41|3:42|3:43|3:44|3:45|3:46|3:47|3:48|3:49|3:5|3:50|3:51|3:52|3:53|3:54|3:55|3:56|3:57|3:58|3:59|3:6|3:60|3:61|3:62|3:63|3:7|3:8|3:9|4:0|4:1|4:10|4:11|4:12|4:13|4:14|4:15|4:16|4:17|4:18|4:19|4:2|4:20|4:21|4:22|4:23|4:24|4:25|4:26|4:27|4:28|4:29|4:3|4:30|4:31|4:32|4:33|4:34|4:35|4:36|4:37|4:38|4:39|4:4|4:40|4:41|4:42|4:43|4:44|4:45|4:46|4:47|4:48|4:49|4:5|4:50|4:51|4:52|4:53|4:54|4:55|4:56|4:57|4:58|4:59|4:6|4:60|4:61|4:62|4:63|4:7|4:8|4:9|5:0|5:1|5:10|5:11|5:12|5:13|5:14|5:15|5:16|5:17|5:18|5:19|5:2|5:20|5:21|5:22|5:23|5:24|5:25|5:26|5:27|5:28|5:29|5:3|5:30|5:31|5:32|5:33|5:34|5:35|5:36|5:37|5:38|5:39|5:4|5:40|5:41|5:42|5:43|5:44|5:45|5:46|5:47|5:48|5:49|5:5|5:50|5:51|5:52|5:53|5:54|5:55|5:56|5:57|5:58|5:59|5:6|5:60|5:61|5:62|5:63|5:7|5:8|5:9
TIERING-OFF-QJ-OFF-QJFL-OFF,110,exact-v9-5-to-6mwe,68784,suction,C2-MIXTURE-PREFIX,320,0,215.1,1|2|3|4|5,1:0|1:1|1:10|1:11|1:12|1:13|1:14|1:15|1:16|1:17|1:18|1:19|1:2|1:20|1:21|1:22|1:23|1:24|1:25|1:26|1:27|1:28|1:29|1:3|1:30|1:31|1:32|1:33|1:34|1:35|1:36|1:37|1:38|1:39|1:4|1:40|1:41|1:42|1:43|1:44|1:45|1:46|1:47|1:48|1:49|1:5|1:50|1:51|1:52|1:53|1:54|1:55|1:56|1:57|1:58|1:59|1:6|1:60|1:61|1:62|1:63|1:7|1:8|1:9|2:0|2:1|2:10|2:11|2:12|2:13|2:14|2:15|2:16|2:17|2:18|2:19|2:2|2:20|2:21|2:22|2:23|2:24|2:25|2:26|2:27|2:28|2:29|2:3|2:30|2:31|2:32|2:33|2:34|2:35|2:36|2:37|2:38|2:39|2:4|2:40|2:41|2:42|2:43|2:44|2:45|2:46|2:47|2:48|2:49|2:5|2:50|2:51|2:52|2:53|2:54|2:55|2:56|2:57|2:58|2:59|2:6|2:60|2:61|2:62|2:63|2:7|2:8|2:9|3:0|3:1|3:10|3:11|3:12|3:13|3:14|3:15|3:16|3:17|3:18|3:19|3:2|3:20|3:21|3:22|3:23|3:24|3:25|3:26|3:27|3:28|3:29|3:3|3:30|3:31|3:32|3:33|3:34|3:35|3:36|3:37|3:38|3:39|3:4|3:40|3:41|3:42|3:43|3:44|3:45|3:46|3:47|3:48|3:49|3:5|3:50|3:51|3:52|3:53|3:54|3:55|3:56|3:57|3:58|3:59|3:6|3:60|3:61|3:62|3:63|3:7|3:8|3:9|4:0|4:1|4:10|4:11|4:12|4:13|4:14|4:15|4:16|4:17|4:18|4:19|4:2|4:20|4:21|4:22|4:23|4:24|4:25|4:26|4:27|4:28|4:29|4:3|4:30|4:31|4:32|4:33|4:34|4:35|4:36|4:37|4:38|4:39|4:4|4:40|4:41|4:42|4:43|4:44|4:45|4:46|4:47|4:48|4:49|4:5|4:50|4:51|4:52|4:53|4:54|4:55|4:56|4:57|4:58|4:59|4:6|4:60|4:61|4:62|4:63|4:7|4:8|4:9|5:0|5:1|5:10|5:11|5:12|5:13|5:14|5:15|5:16|5:17|5:18|5:19|5:2|5:20|5:21|5:22|5:23|5:24|5:25|5:26|5:27|5:28|5:29|5:3|5:30|5:31|5:32|5:33|5:34|5:35|5:36|5:37|5:38|5:39|5:4|5:40|5:41|5:42|5:43|5:44|5:45|5:46|5:47|5:48|5:49|5:5|5:50|5:51|5:52|5:53|5:54|5:55|5:56|5:57|5:58|5:59|5:6|5:60|5:61|5:62|5:63|5:7|5:8|5:9
TIERING-OFF-QJ-OFF-QJFL-OFF,111,exact-v9-5-to-6mwe,68784,pressure,C2-MIXTURE-PREFIX,320,0,311.3,1|2|3|4|5,1:0|1:1|1:10|1:11|1:12|1:13|1:14|1:15|1:16|1:17|1:18|1:19|1:2|1:20|1:21|1:22|1:23|1:24|1:25|1:26|1:27|1:28|1:29|1:3|1:30|1:31|1:32|1:33|1:34|1:35|1:36|1:37|1:38|1:39|1:4|1:40|1:41|1:42|1:43|1:44|1:45|1:46|1:47|1:48|1:49|1:5|1:50|1:51|1:52|1:53|1:54|1:55|1:56|1:57|1:58|1:59|1:6|1:60|1:61|1:62|1:63|1:7|1:8|1:9|2:0|2:1|2:10|2:11|2:12|2:13|2:14|2:15|2:16|2:17|2:18|2:19|2:2|2:20|2:21|2:22|2:23|2:24|2:25|2:26|2:27|2:28|2:29|2:3|2:30|2:31|2:32|2:33|2:34|2:35|2:36|2:37|2:38|2:39|2:4|2:40|2:41|2:42|2:43|2:44|2:45|2:46|2:47|2:48|2:49|2:5|2:50|2:51|2:52|2:53|2:54|2:55|2:56|2:57|2:58|2:59|2:6|2:60|2:61|2:62|2:63|2:7|2:8|2:9|3:0|3:1|3:10|3:11|3:12|3:13|3:14|3:15|3:16|3:17|3:18|3:19|3:2|3:20|3:21|3:22|3:23|3:24|3:25|3:26|3:27|3:28|3:29|3:3|3:30|3:31|3:32|3:33|3:34|3:35|3:36|3:37|3:38|3:39|3:4|3:40|3:41|3:42|3:43|3:44|3:45|3:46|3:47|3:48|3:49|3:5|3:50|3:51|3:52|3:53|3:54|3:55|3:56|3:57|3:58|3:59|3:6|3:60|3:61|3:62|3:63|3:7|3:8|3:9|4:0|4:1|4:10|4:11|4:12|4:13|4:14|4:15|4:16|4:17|4:18|4:19|4:2|4:20|4:21|4:22|4:23|4:24|4:25|4:26|4:27|4:28|4:29|4:3|4:30|4:31|4:32|4:33|4:34|4:35|4:36|4:37|4:38|4:39|4:4|4:40|4:41|4:42|4:43|4:44|4:45|4:46|4:47|4:48|4:49|4:5|4:50|4:51|4:52|4:53|4:54|4:55|4:56|4:57|4:58|4:59|4:6|4:60|4:61|4:62|4:63|4:7|4:8|4:9|5:0|5:1|5:10|5:11|5:12|5:13|5:14|5:15|5:16|5:17|5:18|5:19|5:2|5:20|5:21|5:22|5:23|5:24|5:25|5:26|5:27|5:28|5:29|5:3|5:30|5:31|5:32|5:33|5:34|5:35|5:36|5:37|5:38|5:39|5:4|5:40|5:41|5:42|5:43|5:44|5:45|5:46|5:47|5:48|5:49|5:5|5:50|5:51|5:52|5:53|5:54|5:55|5:56|5:57|5:58|5:59|5:6|5:60|5:61|5:62|5:63|5:7|5:8|5:9
TIERING-OFF-QJ-OFF-QJFL-OFF,112,exact-v9-5-to-6mwe,68784,outlet,C2-MIXTURE-PREFIX,320,0,250.9,1|2|3|4|5,1:0|1:1|1:10|1:11|1:12|1:13|1:14|1:15|1:16|1:17|1:18|1:19|1:2|1:20|1:21|1:22|1:23|1:24|1:25|1:26|1:27|1:28|1:29|1:3|1:30|1:31|1:32|1:33|1:34|1:35|1:36|1:37|1:38|1:39|1:4|1:40|1:41|1:42|1:43|1:44|1:45|1:46|1:47|1:48|1:49|1:5|1:50|1:51|1:52|1:53|1:54|1:55|1:56|1:57|1:58|1:59|1:6|1:60|1:61|1:62|1:63|1:7|1:8|1:9|2:0|2:1|2:10|2:11|2:12|2:13|2:14|2:15|2:16|2:17|2:18|2:19|2:2|2:20|2:21|2:22|2:23|2:24|2:25|2:26|2:27|2:28|2:29|2:3|2:30|2:31|2:32|2:33|2:34|2:35|2:36|2:37|2:38|2:39|2:4|2:40|2:41|2:42|2:43|2:44|2:45|2:46|2:47|2:48|2:49|2:5|2:50|2:51|2:52|2:53|2:54|2:55|2:56|2:57|2:58|2:59|2:6|2:60|2:61|2:62|2:63|2:7|2:8|2:9|3:0|3:1|3:10|3:11|3:12|3:13|3:14|3:15|3:16|3:17|3:18|3:19|3:2|3:20|3:21|3:22|3:23|3:24|3:25|3:26|3:27|3:28|3:29|3:3|3:30|3:31|3:32|3:33|3:34|3:35|3:36|3:37|3:38|3:39|3:4|3:40|3:41|3:42|3:43|3:44|3:45|3:46|3:47|3:48|3:49|3:5|3:50|3:51|3:52|3:53|3:54|3:55|3:56|3:57|3:58|3:59|3:6|3:60|3:61|3:62|3:63|3:7|3:8|3:9|4:0|4:1|4:10|4:11|4:12|4:13|4:14|4:15|4:16|4:17|4:18|4:19|4:2|4:20|4:21|4:22|4:23|4:24|4:25|4:26|4:27|4:28|4:29|4:3|4:30|4:31|4:32|4:33|4:34|4:35|4:36|4:37|4:38|4:39|4:4|4:40|4:41|4:42|4:43|4:44|4:45|4:46|4:47|4:48|4:49|4:5|4:50|4:51|4:52|4:53|4:54|4:55|4:56|4:57|4:58|4:59|4:6|4:60|4:61|4:62|4:63|4:7|4:8|4:9|5:0|5:1|5:10|5:11|5:12|5:13|5:14|5:15|5:16|5:17|5:18|5:19|5:2|5:20|5:21|5:22|5:23|5:24|5:25|5:26|5:27|5:28|5:29|5:3|5:30|5:31|5:32|5:33|5:34|5:35|5:36|5:37|5:38|5:39|5:4|5:40|5:41|5:42|5:43|5:44|5:45|5:46|5:47|5:48|5:49|5:5|5:50|5:51|5:52|5:53|5:54|5:55|5:56|5:57|5:58|5:59|5:6|5:60|5:61|5:62|5:63|5:7|5:8|5:9
TIERING-OFF-QJ-OFF-QJFL-OFF,113,exact-v9-5-to-6mwe,68784,drum,C2-MIXTURE-PREFIX,320,0,229.4,1|2|3|4|5,1:0|1:1|1:10|1:11|1:12|1:13|1:14|1:15|1:16|1:17|1:18|1:19|1:2|1:20|1:21|1:22|1:23|1:24|1:25|1:26|1:27|1:28|1:29|1:3|1:30|1:31|1:32|1:33|1:34|1:35|1:36|1:37|1:38|1:39|1:4|1:40|1:41|1:42|1:43|1:44|1:45|1:46|1:47|1:48|1:49|1:5|1:50|1:51|1:52|1:53|1:54|1:55|1:56|1:57|1:58|1:59|1:6|1:60|1:61|1:62|1:63|1:7|1:8|1:9|2:0|2:1|2:10|2:11|2:12|2:13|2:14|2:15|2:16|2:17|2:18|2:19|2:2|2:20|2:21|2:22|2:23|2:24|2:25|2:26|2:27|2:28|2:29|2:3|2:30|2:31|2:32|2:33|2:34|2:35|2:36|2:37|2:38|2:39|2:4|2:40|2:41|2:42|2:43|2:44|2:45|2:46|2:47|2:48|2:49|2:5|2:50|2:51|2:52|2:53|2:54|2:55|2:56|2:57|2:58|2:59|2:6|2:60|2:61|2:62|2:63|2:7|2:8|2:9|3:0|3:1|3:10|3:11|3:12|3:13|3:14|3:15|3:16|3:17|3:18|3:19|3:2|3:20|3:21|3:22|3:23|3:24|3:25|3:26|3:27|3:28|3:29|3:3|3:30|3:31|3:32|3:33|3:34|3:35|3:36|3:37|3:38|3:39|3:4|3:40|3:41|3:42|3:43|3:44|3:45|3:46|3:47|3:48|3:49|3:5|3:50|3:51|3:52|3:53|3:54|3:55|3:56|3:57|3:58|3:59|3:6|3:60|3:61|3:62|3:63|3:7|3:8|3:9|4:0|4:1|4:10|4:11|4:12|4:13|4:14|4:15|4:16|4:17|4:18|4:19|4:2|4:20|4:21|4:22|4:23|4:24|4:25|4:26|4:27|4:28|4:29|4:3|4:30|4:31|4:32|4:33|4:34|4:35|4:36|4:37|4:38|4:39|4:4|4:40|4:41|4:42|4:43|4:44|4:45|4:46|4:47|4:48|4:49|4:5|4:50|4:51|4:52|4:53|4:54|4:55|4:56|4:57|4:58|4:59|4:6|4:60|4:61|4:62|4:63|4:7|4:8|4:9|5:0|5:1|5:10|5:11|5:12|5:13|5:14|5:15|5:16|5:17|5:18|5:19|5:2|5:20|5:21|5:22|5:23|5:24|5:25|5:26|5:27|5:28|5:29|5:3|5:30|5:31|5:32|5:33|5:34|5:35|5:36|5:37|5:38|5:39|5:4|5:40|5:41|5:42|5:43|5:44|5:45|5:46|5:47|5:48|5:49|5:5|5:50|5:51|5:52|5:53|5:54|5:55|5:56|5:57|5:58|5:59|5:6|5:60|5:61|5:62|5:63|5:7|5:8|5:9
TIERING-OFF-QJ-OFF-QJFL-OFF,115,exact-v9-5-to-6mwe,74784,suction,C2-MIXTURE-PREFIX,320,1,458.8,1|2|3|4|5,1:0|1:1|1:10|1:11|1:12|1:13|1:14|1:15|1:16|1:17|1:18|1:19|1:2|1:20|1:21|1:22|1:23|1:24|1:25|1:26|1:27|1:28|1:29|1:3|1:30|1:31|1:32|1:33|1:34|1:35|1:36|1:37|1:38|1:39|1:4|1:40|1:41|1:42|1:43|1:44|1:45|1:46|1:47|1:48|1:49|1:5|1:50|1:51|1:52|1:53|1:54|1:55|1:56|1:57|1:58|1:59|1:6|1:60|1:61|1:62|1:63|1:7|1:8|1:9|2:0|2:1|2:10|2:11|2:12|2:13|2:14|2:15|2:16|2:17|2:18|2:19|2:2|2:20|2:21|2:22|2:23|2:24|2:25|2:26|2:27|2:28|2:29|2:3|2:30|2:31|2:32|2:33|2:34|2:35|2:36|2:37|2:38|2:39|2:4|2:40|2:41|2:42|2:43|2:44|2:45|2:46|2:47|2:48|2:49|2:5|2:50|2:51|2:52|2:53|2:54|2:55|2:56|2:57|2:58|2:59|2:6|2:60|2:61|2:62|2:63|2:7|2:8|2:9|3:0|3:1|3:10|3:11|3:12|3:13|3:14|3:15|3:16|3:17|3:18|3:19|3:2|3:20|3:21|3:22|3:23|3:24|3:25|3:26|3:27|3:28|3:29|3:3|3:30|3:31|3:32|3:33|3:34|3:35|3:36|3:37|3:38|3:39|3:4|3:40|3:41|3:42|3:43|3:44|3:45|3:46|3:47|3:48|3:49|3:5|3:50|3:51|3:52|3:53|3:54|3:55|3:56|3:57|3:58|3:59|3:6|3:60|3:61|3:62|3:63|3:7|3:8|3:9|4:0|4:1|4:10|4:11|4:12|4:13|4:14|4:15|4:16|4:17|4:18|4:19|4:2|4:20|4:21|4:22|4:23|4:24|4:25|4:26|4:27|4:28|4:29|4:3|4:30|4:31|4:32|4:33|4:34|4:35|4:36|4:37|4:38|4:39|4:4|4:40|4:41|4:42|4:43|4:44|4:45|4:46|4:47|4:48|4:49|4:5|4:50|4:51|4:52|4:53|4:54|4:55|4:56|4:57|4:58|4:59|4:6|4:60|4:61|4:62|4:63|4:7|4:8|4:9|5:0|5:1|5:10|5:11|5:12|5:13|5:14|5:15|5:16|5:17|5:18|5:19|5:2|5:20|5:21|5:22|5:23|5:24|5:25|5:26|5:27|5:28|5:29|5:3|5:30|5:31|5:32|5:33|5:34|5:35|5:36|5:37|5:38|5:39|5:4|5:40|5:41|5:42|5:43|5:44|5:45|5:46|5:47|5:48|5:49|5:5|5:50|5:51|5:52|5:53|5:54|5:55|5:56|5:57|5:58|5:59|5:6|5:60|5:61|5:62|5:63|5:7|5:8|5:9
TIERING-OFF-QJ-OFF-QJFL-OFF,116,exact-v9-5-to-6mwe,74784,pressure,C2-MIXTURE-PREFIX,320,0,237.6,1|2|3|4|5,1:0|1:1|1:10|1:11|1:12|1:13|1:14|1:15|1:16|1:17|1:18|1:19|1:2|1:20|1:21|1:22|1:23|1:24|1:25|1:26|1:27|1:28|1:29|1:3|1:30|1:31|1:32|1:33|1:34|1:35|1:36|1:37|1:38|1:39|1:4|1:40|1:41|1:42|1:43|1:44|1:45|1:46|1:47|1:48|1:49|1:5|1:50|1:51|1:52|1:53|1:54|1:55|1:56|1:57|1:58|1:59|1:6|1:60|1:61|1:62|1:63|1:7|1:8|1:9|2:0|2:1|2:10|2:11|2:12|2:13|2:14|2:15|2:16|2:17|2:18|2:19|2:2|2:20|2:21|2:22|2:23|2:24|2:25|2:26|2:27|2:28|2:29|2:3|2:30|2:31|2:32|2:33|2:34|2:35|2:36|2:37|2:38|2:39|2:4|2:40|2:41|2:42|2:43|2:44|2:45|2:46|2:47|2:48|2:49|2:5|2:50|2:51|2:52|2:53|2:54|2:55|2:56|2:57|2:58|2:59|2:6|2:60|2:61|2:62|2:63|2:7|2:8|2:9|3:0|3:1|3:10|3:11|3:12|3:13|3:14|3:15|3:16|3:17|3:18|3:19|3:2|3:20|3:21|3:22|3:23|3:24|3:25|3:26|3:27|3:28|3:29|3:3|3:30|3:31|3:32|3:33|3:34|3:35|3:36|3:37|3:38|3:39|3:4|3:40|3:41|3:42|3:43|3:44|3:45|3:46|3:47|3:48|3:49|3:5|3:50|3:51|3:52|3:53|3:54|3:55|3:56|3:57|3:58|3:59|3:6|3:60|3:61|3:62|3:63|3:7|3:8|3:9|4:0|4:1|4:10|4:11|4:12|4:13|4:14|4:15|4:16|4:17|4:18|4:19|4:2|4:20|4:21|4:22|4:23|4:24|4:25|4:26|4:27|4:28|4:29|4:3|4:30|4:31|4:32|4:33|4:34|4:35|4:36|4:37|4:38|4:39|4:4|4:40|4:41|4:42|4:43|4:44|4:45|4:46|4:47|4:48|4:49|4:5|4:50|4:51|4:52|4:53|4:54|4:55|4:56|4:57|4:58|4:59|4:6|4:60|4:61|4:62|4:63|4:7|4:8|4:9|5:0|5:1|5:10|5:11|5:12|5:13|5:14|5:15|5:16|5:17|5:18|5:19|5:2|5:20|5:21|5:22|5:23|5:24|5:25|5:26|5:27|5:28|5:29|5:3|5:30|5:31|5:32|5:33|5:34|5:35|5:36|5:37|5:38|5:39|5:4|5:40|5:41|5:42|5:43|5:44|5:45|5:46|5:47|5:48|5:49|5:5|5:50|5:51|5:52|5:53|5:54|5:55|5:56|5:57|5:58|5:59|5:6|5:60|5:61|5:62|5:63|5:7|5:8|5:9
TIERING-OFF-QJ-OFF-QJFL-OFF,117,exact-v9-5-to-6mwe,74784,outlet,C2-MIXTURE-PREFIX,320,0,286.5,1|2|3|4|5,1:0|1:1|1:10|1:11|1:12|1:13|1:14|1:15|1:16|1:17|1:18|1:19|1:2|1:20|1:21|1:22|1:23|1:24|1:25|1:26|1:27|1:28|1:29|1:3|1:30|1:31|1:32|1:33|1:34|1:35|1:36|1:37|1:38|1:39|1:4|1:40|1:41|1:42|1:43|1:44|1:45|1:46|1:47|1:48|1:49|1:5|1:50|1:51|1:52|1:53|1:54|1:55|1:56|1:57|1:58|1:59|1:6|1:60|1:61|1:62|1:63|1:7|1:8|1:9|2:0|2:1|2:10|2:11|2:12|2:13|2:14|2:15|2:16|2:17|2:18|2:19|2:2|2:20|2:21|2:22|2:23|2:24|2:25|2:26|2:27|2:28|2:29|2:3|2:30|2:31|2:32|2:33|2:34|2:35|2:36|2:37|2:38|2:39|2:4|2:40|2:41|2:42|2:43|2:44|2:45|2:46|2:47|2:48|2:49|2:5|2:50|2:51|2:52|2:53|2:54|2:55|2:56|2:57|2:58|2:59|2:6|2:60|2:61|2:62|2:63|2:7|2:8|2:9|3:0|3:1|3:10|3:11|3:12|3:13|3:14|3:15|3:16|3:17|3:18|3:19|3:2|3:20|3:21|3:22|3:23|3:24|3:25|3:26|3:27|3:28|3:29|3:3|3:30|3:31|3:32|3:33|3:34|3:35|3:36|3:37|3:38|3:39|3:4|3:40|3:41|3:42|3:43|3:44|3:45|3:46|3:47|3:48|3:49|3:5|3:50|3:51|3:52|3:53|3:54|3:55|3:56|3:57|3:58|3:59|3:6|3:60|3:61|3:62|3:63|3:7|3:8|3:9|4:0|4:1|4:10|4:11|4:12|4:13|4:14|4:15|4:16|4:17|4:18|4:19|4:2|4:20|4:21|4:22|4:23|4:24|4:25|4:26|4:27|4:28|4:29|4:3|4:30|4:31|4:32|4:33|4:34|4:35|4:36|4:37|4:38|4:39|4:4|4:40|4:41|4:42|4:43|4:44|4:45|4:46|4:47|4:48|4:49|4:5|4:50|4:51|4:52|4:53|4:54|4:55|4:56|4:57|4:58|4:59|4:6|4:60|4:61|4:62|4:63|4:7|4:8|4:9|5:0|5:1|5:10|5:11|5:12|5:13|5:14|5:15|5:16|5:17|5:18|5:19|5:2|5:20|5:21|5:22|5:23|5:24|5:25|5:26|5:27|5:28|5:29|5:3|5:30|5:31|5:32|5:33|5:34|5:35|5:36|5:37|5:38|5:39|5:4|5:40|5:41|5:42|5:43|5:44|5:45|5:46|5:47|5:48|5:49|5:5|5:50|5:51|5:52|5:53|5:54|5:55|5:56|5:57|5:58|5:59|5:6|5:60|5:61|5:62|5:63|5:7|5:8|5:9
TIERING-OFF-QJ-OFF-QJFL-OFF,118,exact-v9-5-to-6mwe,74784,drum,C2-MIXTURE-PREFIX,320,0,357.1,1|2|3|4|5,1:0|1:1|1:10|1:11|1:12|1:13|1:14|1:15|1:16|1:17|1:18|1:19|1:2|1:20|1:21|1:22|1:23|1:24|1:25|1:26|1:27|1:28|1:29|1:3|1:30|1:31|1:32|1:33|1:34|1:35|1:36|1:37|1:38|1:39|1:4|1:40|1:41|1:42|1:43|1:44|1:45|1:46|1:47|1:48|1:49|1:5|1:50|1:51|1:52|1:53|1:54|1:55|1:56|1:57|1:58|1:59|1:6|1:60|1:61|1:62|1:63|1:7|1:8|1:9|2:0|2:1|2:10|2:11|2:12|2:13|2:14|2:15|2:16|2:17|2:18|2:19|2:2|2:20|2:21|2:22|2:23|2:24|2:25|2:26|2:27|2:28|2:29|2:3|2:30|2:31|2:32|2:33|2:34|2:35|2:36|2:37|2:38|2:39|2:4|2:40|2:41|2:42|2:43|2:44|2:45|2:46|2:47|2:48|2:49|2:5|2:50|2:51|2:52|2:53|2:54|2:55|2:56|2:57|2:58|2:59|2:6|2:60|2:61|2:62|2:63|2:7|2:8|2:9|3:0|3:1|3:10|3:11|3:12|3:13|3:14|3:15|3:16|3:17|3:18|3:19|3:2|3:20|3:21|3:22|3:23|3:24|3:25|3:26|3:27|3:28|3:29|3:3|3:30|3:31|3:32|3:33|3:34|3:35|3:36|3:37|3:38|3:39|3:4|3:40|3:41|3:42|3:43|3:44|3:45|3:46|3:47|3:48|3:49|3:5|3:50|3:51|3:52|3:53|3:54|3:55|3:56|3:57|3:58|3:59|3:6|3:60|3:61|3:62|3:63|3:7|3:8|3:9|4:0|4:1|4:10|4:11|4:12|4:13|4:14|4:15|4:16|4:17|4:18|4:19|4:2|4:20|4:21|4:22|4:23|4:24|4:25|4:26|4:27|4:28|4:29|4:3|4:30|4:31|4:32|4:33|4:34|4:35|4:36|4:37|4:38|4:39|4:4|4:40|4:41|4:42|4:43|4:44|4:45|4:46|4:47|4:48|4:49|4:5|4:50|4:51|4:52|4:53|4:54|4:55|4:56|4:57|4:58|4:59|4:6|4:60|4:61|4:62|4:63|4:7|4:8|4:9|5:0|5:1|5:10|5:11|5:12|5:13|5:14|5:15|5:16|5:17|5:18|5:19|5:2|5:20|5:21|5:22|5:23|5:24|5:25|5:26|5:27|5:28|5:29|5:3|5:30|5:31|5:32|5:33|5:34|5:35|5:36|5:37|5:38|5:39|5:4|5:40|5:41|5:42|5:43|5:44|5:45|5:46|5:47|5:48|5:49|5:5|5:50|5:51|5:52|5:53|5:54|5:55|5:56|5:57|5:58|5:59|5:6|5:60|5:61|5:62|5:63|5:7|5:8|5:9
TIERING-OFF-QJ-OFF-QJFL-OFF,12,background-reference,12000,outlet,C2-MIXTURE-PREFIX,320,0,284.9,1|2|3|4|5,1:0|1:1|1:10|1:11|1:12|1:13|1:14|1:15|1:16|1:17|1:18|1:19|1:2|1:20|1:21|1:22|1:23|1:24|1:25|1:26|1:27|1:28|1:29|1:3|1:30|1:31|1:32|1:33|1:34|1:35|1:36|1:37|1:38|1:39|1:4|1:40|1:41|1:42|1:43|1:44|1:45|1:46|1:47|1:48|1:49|1:5|1:50|1:51|1:52|1:53|1:54|1:55|1:56|1:57|1:58|1:59|1:6|1:60|1:61|1:62|1:63|1:7|1:8|1:9|2:0|2:1|2:10|2:11|2:12|2:13|2:14|2:15|2:16|2:17|2:18|2:19|2:2|2:20|2:21|2:22|2:23|2:24|2:25|2:26|2:27|2:28|2:29|2:3|2:30|2:31|2:32|2:33|2:34|2:35|2:36|2:37|2:38|2:39|2:4|2:40|2:41|2:42|2:43|2:44|2:45|2:46|2:47|2:48|2:49|2:5|2:50|2:51|2:52|2:53|2:54|2:55|2:56|2:57|2:58|2:59|2:6|2:60|2:61|2:62|2:63|2:7|2:8|2:9|3:0|3:1|3:10|3:11|3:12|3:13|3:14|3:15|3:16|3:17|3:18|3:19|3:2|3:20|3:21|3:22|3:23|3:24|3:25|3:26|3:27|3:28|3:29|3:3|3:30|3:31|3:32|3:33|3:34|3:35|3:36|3:37|3:38|3:39|3:4|3:40|3:41|3:42|3:43|3:44|3:45|3:46|3:47|3:48|3:49|3:5|3:50|3:51|3:52|3:53|3:54|3:55|3:56|3:57|3:58|3:59|3:6|3:60|3:61|3:62|3:63|3:7|3:8|3:9|4:0|4:1|4:10|4:11|4:12|4:13|4:14|4:15|4:16|4:17|4:18|4:19|4:2|4:20|4:21|4:22|4:23|4:24|4:25|4:26|4:27|4:28|4:29|4:3|4:30|4:31|4:32|4:33|4:34|4:35|4:36|4:37|4:38|4:39|4:4|4:40|4:41|4:42|4:43|4:44|4:45|4:46|4:47|4:48|4:49|4:5|4:50|4:51|4:52|4:53|4:54|4:55|4:56|4:57|4:58|4:59|4:6|4:60|4:61|4:62|4:63|4:7|4:8|4:9|5:0|5:1|5:10|5:11|5:12|5:13|5:14|5:15|5:16|5:17|5:18|5:19|5:2|5:20|5:21|5:22|5:23|5:24|5:25|5:26|5:27|5:28|5:29|5:3|5:30|5:31|5:32|5:33|5:34|5:35|5:36|5:37|5:38|5:39|5:4|5:40|5:41|5:42|5:43|5:44|5:45|5:46|5:47|5:48|5:49|5:5|5:50|5:51|5:52|5:53|5:54|5:55|5:56|5:57|5:58|5:59|5:6|5:60|5:61|5:62|5:63|5:7|5:8|5:9
TIERING-OFF-QJ-OFF-QJFL-OFF,120,exact-v9-5-to-6mwe,80784,suction,C2-MIXTURE-PREFIX,320,0,306.3,1|2|3|4|5,1:0|1:1|1:10|1:11|1:12|1:13|1:14|1:15|1:16|1:17|1:18|1:19|1:2|1:20|1:21|1:22|1:23|1:24|1:25|1:26|1:27|1:28|1:29|1:3|1:30|1:31|1:32|1:33|1:34|1:35|1:36|1:37|1:38|1:39|1:4|1:40|1:41|1:42|1:43|1:44|1:45|1:46|1:47|1:48|1:49|1:5|1:50|1:51|1:52|1:53|1:54|1:55|1:56|1:57|1:58|1:59|1:6|1:60|1:61|1:62|1:63|1:7|1:8|1:9|2:0|2:1|2:10|2:11|2:12|2:13|2:14|2:15|2:16|2:17|2:18|2:19|2:2|2:20|2:21|2:22|2:23|2:24|2:25|2:26|2:27|2:28|2:29|2:3|2:30|2:31|2:32|2:33|2:34|2:35|2:36|2:37|2:38|2:39|2:4|2:40|2:41|2:42|2:43|2:44|2:45|2:46|2:47|2:48|2:49|2:5|2:50|2:51|2:52|2:53|2:54|2:55|2:56|2:57|2:58|2:59|2:6|2:60|2:61|2:62|2:63|2:7|2:8|2:9|3:0|3:1|3:10|3:11|3:12|3:13|3:14|3:15|3:16|3:17|3:18|3:19|3:2|3:20|3:21|3:22|3:23|3:24|3:25|3:26|3:27|3:28|3:29|3:3|3:30|3:31|3:32|3:33|3:34|3:35|3:36|3:37|3:38|3:39|3:4|3:40|3:41|3:42|3:43|3:44|3:45|3:46|3:47|3:48|3:49|3:5|3:50|3:51|3:52|3:53|3:54|3:55|3:56|3:57|3:58|3:59|3:6|3:60|3:61|3:62|3:63|3:7|3:8|3:9|4:0|4:1|4:10|4:11|4:12|4:13|4:14|4:15|4:16|4:17|4:18|4:19|4:2|4:20|4:21|4:22|4:23|4:24|4:25|4:26|4:27|4:28|4:29|4:3|4:30|4:31|4:32|4:33|4:34|4:35|4:36|4:37|4:38|4:39|4:4|4:40|4:41|4:42|4:43|4:44|4:45|4:46|4:47|4:48|4:49|4:5|4:50|4:51|4:52|4:53|4:54|4:55|4:56|4:57|4:58|4:59|4:6|4:60|4:61|4:62|4:63|4:7|4:8|4:9|5:0|5:1|5:10|5:11|5:12|5:13|5:14|5:15|5:16|5:17|5:18|5:19|5:2|5:20|5:21|5:22|5:23|5:24|5:25|5:26|5:27|5:28|5:29|5:3|5:30|5:31|5:32|5:33|5:34|5:35|5:36|5:37|5:38|5:39|5:4|5:40|5:41|5:42|5:43|5:44|5:45|5:46|5:47|5:48|5:49|5:5|5:50|5:51|5:52|5:53|5:54|5:55|5:56|5:57|5:58|5:59|5:6|5:60|5:61|5:62|5:63|5:7|5:8|5:9
TIERING-OFF-QJ-OFF-QJFL-OFF,121,exact-v9-5-to-6mwe,80784,pressure,C2-MIXTURE-PREFIX,320,0,335.5,1|2|3|4|5,1:0|1:1|1:10|1:11|1:12|1:13|1:14|1:15|1:16|1:17|1:18|1:19|1:2|1:20|1:21|1:22|1:23|1:24|1:25|1:26|1:27|1:28|1:29|1:3|1:30|1:31|1:32|1:33|1:34|1:35|1:36|1:37|1:38|1:39|1:4|1:40|1:41|1:42|1:43|1:44|1:45|1:46|1:47|1:48|1:49|1:5|1:50|1:51|1:52|1:53|1:54|1:55|1:56|1:57|1:58|1:59|1:6|1:60|1:61|1:62|1:63|1:7|1:8|1:9|2:0|2:1|2:10|2:11|2:12|2:13|2:14|2:15|2:16|2:17|2:18|2:19|2:2|2:20|2:21|2:22|2:23|2:24|2:25|2:26|2:27|2:28|2:29|2:3|2:30|2:31|2:32|2:33|2:34|2:35|2:36|2:37|2:38|2:39|2:4|2:40|2:41|2:42|2:43|2:44|2:45|2:46|2:47|2:48|2:49|2:5|2:50|2:51|2:52|2:53|2:54|2:55|2:56|2:57|2:58|2:59|2:6|2:60|2:61|2:62|2:63|2:7|2:8|2:9|3:0|3:1|3:10|3:11|3:12|3:13|3:14|3:15|3:16|3:17|3:18|3:19|3:2|3:20|3:21|3:22|3:23|3:24|3:25|3:26|3:27|3:28|3:29|3:3|3:30|3:31|3:32|3:33|3:34|3:35|3:36|3:37|3:38|3:39|3:4|3:40|3:41|3:42|3:43|3:44|3:45|3:46|3:47|3:48|3:49|3:5|3:50|3:51|3:52|3:53|3:54|3:55|3:56|3:57|3:58|3:59|3:6|3:60|3:61|3:62|3:63|3:7|3:8|3:9|4:0|4:1|4:10|4:11|4:12|4:13|4:14|4:15|4:16|4:17|4:18|4:19|4:2|4:20|4:21|4:22|4:23|4:24|4:25|4:26|4:27|4:28|4:29|4:3|4:30|4:31|4:32|4:33|4:34|4:35|4:36|4:37|4:38|4:39|4:4|4:40|4:41|4:42|4:43|4:44|4:45|4:46|4:47|4:48|4:49|4:5|4:50|4:51|4:52|4:53|4:54|4:55|4:56|4:57|4:58|4:59|4:6|4:60|4:61|4:62|4:63|4:7|4:8|4:9|5:0|5:1|5:10|5:11|5:12|5:13|5:14|5:15|5:16|5:17|5:18|5:19|5:2|5:20|5:21|5:22|5:23|5:24|5:25|5:26|5:27|5:28|5:29|5:3|5:30|5:31|5:32|5:33|5:34|5:35|5:36|5:37|5:38|5:39|5:4|5:40|5:41|5:42|5:43|5:44|5:45|5:46|5:47|5:48|5:49|5:5|5:50|5:51|5:52|5:53|5:54|5:55|5:56|5:57|5:58|5:59|5:6|5:60|5:61|5:62|5:63|5:7|5:8|5:9
TIERING-OFF-QJ-OFF-QJFL-OFF,122,exact-v9-5-to-6mwe,80784,outlet,C2-MIXTURE-PREFIX,320,0,230.5,1|2|3|4|5,1:0|1:1|1:10|1:11|1:12|1:13|1:14|1:15|1:16|1:17|1:18|1:19|1:2|1:20|1:21|1:22|1:23|1:24|1:25|1:26|1:27|1:28|1:29|1:3|1:30|1:31|1:32|1:33|1:34|1:35|1:36|1:37|1:38|1:39|1:4|1:40|1:41|1:42|1:43|1:44|1:45|1:46|1:47|1:48|1:49|1:5|1:50|1:51|1:52|1:53|1:54|1:55|1:56|1:57|1:58|1:59|1:6|1:60|1:61|1:62|1:63|1:7|1:8|1:9|2:0|2:1|2:10|2:11|2:12|2:13|2:14|2:15|2:16|2:17|2:18|2:19|2:2|2:20|2:21|2:22|2:23|2:24|2:25|2:26|2:27|2:28|2:29|2:3|2:30|2:31|2:32|2:33|2:34|2:35|2:36|2:37|2:38|2:39|2:4|2:40|2:41|2:42|2:43|2:44|2:45|2:46|2:47|2:48|2:49|2:5|2:50|2:51|2:52|2:53|2:54|2:55|2:56|2:57|2:58|2:59|2:6|2:60|2:61|2:62|2:63|2:7|2:8|2:9|3:0|3:1|3:10|3:11|3:12|3:13|3:14|3:15|3:16|3:17|3:18|3:19|3:2|3:20|3:21|3:22|3:23|3:24|3:25|3:26|3:27|3:28|3:29|3:3|3:30|3:31|3:32|3:33|3:34|3:35|3:36|3:37|3:38|3:39|3:4|3:40|3:41|3:42|3:43|3:44|3:45|3:46|3:47|3:48|3:49|3:5|3:50|3:51|3:52|3:53|3:54|3:55|3:56|3:57|3:58|3:59|3:6|3:60|3:61|3:62|3:63|3:7|3:8|3:9|4:0|4:1|4:10|4:11|4:12|4:13|4:14|4:15|4:16|4:17|4:18|4:19|4:2|4:20|4:21|4:22|4:23|4:24|4:25|4:26|4:27|4:28|4:29|4:3|4:30|4:31|4:32|4:33|4:34|4:35|4:36|4:37|4:38|4:39|4:4|4:40|4:41|4:42|4:43|4:44|4:45|4:46|4:47|4:48|4:49|4:5|4:50|4:51|4:52|4:53|4:54|4:55|4:56|4:57|4:58|4:59|4:6|4:60|4:61|4:62|4:63|4:7|4:8|4:9|5:0|5:1|5:10|5:11|5:12|5:13|5:14|5:15|5:16|5:17|5:18|5:19|5:2|5:20|5:21|5:22|5:23|5:24|5:25|5:26|5:27|5:28|5:29|5:3|5:30|5:31|5:32|5:33|5:34|5:35|5:36|5:37|5:38|5:39|5:4|5:40|5:41|5:42|5:43|5:44|5:45|5:46|5:47|5:48|5:49|5:5|5:50|5:51|5:52|5:53|5:54|5:55|5:56|5:57|5:58|5:59|5:6|5:60|5:61|5:62|5:63|5:7|5:8|5:9
TIERING-OFF-QJ-OFF-QJFL-OFF,123,exact-v9-5-to-6mwe,80784,drum,C2-MIXTURE-PREFIX,320,1,460.2,1|2|3|4|5,1:0|1:1|1:10|1:11|1:12|1:13|1:14|1:15|1:16|1:17|1:18|1:19|1:2|1:20|1:21|1:22|1:23|1:24|1:25|1:26|1:27|1:28|1:29|1:3|1:30|1:31|1:32|1:33|1:34|1:35|1:36|1:37|1:38|1:39|1:4|1:40|1:41|1:42|1:43|1:44|1:45|1:46|1:47|1:48|1:49|1:5|1:50|1:51|1:52|1:53|1:54|1:55|1:56|1:57|1:58|1:59|1:6|1:60|1:61|1:62|1:63|1:7|1:8|1:9|2:0|2:1|2:10|2:11|2:12|2:13|2:14|2:15|2:16|2:17|2:18|2:19|2:2|2:20|2:21|2:22|2:23|2:24|2:25|2:26|2:27|2:28|2:29|2:3|2:30|2:31|2:32|2:33|2:34|2:35|2:36|2:37|2:38|2:39|2:4|2:40|2:41|2:42|2:43|2:44|2:45|2:46|2:47|2:48|2:49|2:5|2:50|2:51|2:52|2:53|2:54|2:55|2:56|2:57|2:58|2:59|2:6|2:60|2:61|2:62|2:63|2:7|2:8|2:9|3:0|3:1|3:10|3:11|3:12|3:13|3:14|3:15|3:16|3:17|3:18|3:19|3:2|3:20|3:21|3:22|3:23|3:24|3:25|3:26|3:27|3:28|3:29|3:3|3:30|3:31|3:32|3:33|3:34|3:35|3:36|3:37|3:38|3:39|3:4|3:40|3:41|3:42|3:43|3:44|3:45|3:46|3:47|3:48|3:49|3:5|3:50|3:51|3:52|3:53|3:54|3:55|3:56|3:57|3:58|3:59|3:6|3:60|3:61|3:62|3:63|3:7|3:8|3:9|4:0|4:1|4:10|4:11|4:12|4:13|4:14|4:15|4:16|4:17|4:18|4:19|4:2|4:20|4:21|4:22|4:23|4:24|4:25|4:26|4:27|4:28|4:29|4:3|4:30|4:31|4:32|4:33|4:34|4:35|4:36|4:37|4:38|4:39|4:4|4:40|4:41|4:42|4:43|4:44|4:45|4:46|4:47|4:48|4:49|4:5|4:50|4:51|4:52|4:53|4:54|4:55|4:56|4:57|4:58|4:59|4:6|4:60|4:61|4:62|4:63|4:7|4:8|4:9|5:0|5:1|5:10|5:11|5:12|5:13|5:14|5:15|5:16|5:17|5:18|5:19|5:2|5:20|5:21|5:22|5:23|5:24|5:25|5:26|5:27|5:28|5:29|5:3|5:30|5:31|5:32|5:33|5:34|5:35|5:36|5:37|5:38|5:39|5:4|5:40|5:41|5:42|5:43|5:44|5:45|5:46|5:47|5:48|5:49|5:5|5:50|5:51|5:52|5:53|5:54|5:55|5:56|5:57|5:58|5:59|5:6|5:60|5:61|5:62|5:63|5:7|5:8|5:9
TIERING-OFF-QJ-OFF-QJFL-OFF,125,exact-v9-5-to-6mwe,86784,suction,C2-MIXTURE-PREFIX,320,0,334.6,1|2|3|4|5,1:0|1:1|1:10|1:11|1:12|1:13|1:14|1:15|1:16|1:17|1:18|1:19|1:2|1:20|1:21|1:22|1:23|1:24|1:25|1:26|1:27|1:28|1:29|1:3|1:30|1:31|1:32|1:33|1:34|1:35|1:36|1:37|1:38|1:39|1:4|1:40|1:41|1:42|1:43|1:44|1:45|1:46|1:47|1:48|1:49|1:5|1:50|1:51|1:52|1:53|1:54|1:55|1:56|1:57|1:58|1:59|1:6|1:60|1:61|1:62|1:63|1:7|1:8|1:9|2:0|2:1|2:10|2:11|2:12|2:13|2:14|2:15|2:16|2:17|2:18|2:19|2:2|2:20|2:21|2:22|2:23|2:24|2:25|2:26|2:27|2:28|2:29|2:3|2:30|2:31|2:32|2:33|2:34|2:35|2:36|2:37|2:38|2:39|2:4|2:40|2:41|2:42|2:43|2:44|2:45|2:46|2:47|2:48|2:49|2:5|2:50|2:51|2:52|2:53|2:54|2:55|2:56|2:57|2:58|2:59|2:6|2:60|2:61|2:62|2:63|2:7|2:8|2:9|3:0|3:1|3:10|3:11|3:12|3:13|3:14|3:15|3:16|3:17|3:18|3:19|3:2|3:20|3:21|3:22|3:23|3:24|3:25|3:26|3:27|3:28|3:29|3:3|3:30|3:31|3:32|3:33|3:34|3:35|3:36|3:37|3:38|3:39|3:4|3:40|3:41|3:42|3:43|3:44|3:45|3:46|3:47|3:48|3:49|3:5|3:50|3:51|3:52|3:53|3:54|3:55|3:56|3:57|3:58|3:59|3:6|3:60|3:61|3:62|3:63|3:7|3:8|3:9|4:0|4:1|4:10|4:11|4:12|4:13|4:14|4:15|4:16|4:17|4:18|4:19|4:2|4:20|4:21|4:22|4:23|4:24|4:25|4:26|4:27|4:28|4:29|4:3|4:30|4:31|4:32|4:33|4:34|4:35|4:36|4:37|4:38|4:39|4:4|4:40|4:41|4:42|4:43|4:44|4:45|4:46|4:47|4:48|4:49|4:5|4:50|4:51|4:52|4:53|4:54|4:55|4:56|4:57|4:58|4:59|4:6|4:60|4:61|4:62|4:63|4:7|4:8|4:9|5:0|5:1|5:10|5:11|5:12|5:13|5:14|5:15|5:16|5:17|5:18|5:19|5:2|5:20|5:21|5:22|5:23|5:24|5:25|5:26|5:27|5:28|5:29|5:3|5:30|5:31|5:32|5:33|5:34|5:35|5:36|5:37|5:38|5:39|5:4|5:40|5:41|5:42|5:43|5:44|5:45|5:46|5:47|5:48|5:49|5:5|5:50|5:51|5:52|5:53|5:54|5:55|5:56|5:57|5:58|5:59|5:6|5:60|5:61|5:62|5:63|5:7|5:8|5:9
TIERING-OFF-QJ-OFF-QJFL-OFF,126,exact-v9-5-to-6mwe,86784,pressure,C2-MIXTURE-PREFIX,320,0,377.7,1|2|3|4|5,1:0|1:1|1:10|1:11|1:12|1:13|1:14|1:15|1:16|1:17|1:18|1:19|1:2|1:20|1:21|1:22|1:23|1:24|1:25|1:26|1:27|1:28|1:29|1:3|1:30|1:31|1:32|1:33|1:34|1:35|1:36|1:37|1:38|1:39|1:4|1:40|1:41|1:42|1:43|1:44|1:45|1:46|1:47|1:48|1:49|1:5|1:50|1:51|1:52|1:53|1:54|1:55|1:56|1:57|1:58|1:59|1:6|1:60|1:61|1:62|1:63|1:7|1:8|1:9|2:0|2:1|2:10|2:11|2:12|2:13|2:14|2:15|2:16|2:17|2:18|2:19|2:2|2:20|2:21|2:22|2:23|2:24|2:25|2:26|2:27|2:28|2:29|2:3|2:30|2:31|2:32|2:33|2:34|2:35|2:36|2:37|2:38|2:39|2:4|2:40|2:41|2:42|2:43|2:44|2:45|2:46|2:47|2:48|2:49|2:5|2:50|2:51|2:52|2:53|2:54|2:55|2:56|2:57|2:58|2:59|2:6|2:60|2:61|2:62|2:63|2:7|2:8|2:9|3:0|3:1|3:10|3:11|3:12|3:13|3:14|3:15|3:16|3:17|3:18|3:19|3:2|3:20|3:21|3:22|3:23|3:24|3:25|3:26|3:27|3:28|3:29|3:3|3:30|3:31|3:32|3:33|3:34|3:35|3:36|3:37|3:38|3:39|3:4|3:40|3:41|3:42|3:43|3:44|3:45|3:46|3:47|3:48|3:49|3:5|3:50|3:51|3:52|3:53|3:54|3:55|3:56|3:57|3:58|3:59|3:6|3:60|3:61|3:62|3:63|3:7|3:8|3:9|4:0|4:1|4:10|4:11|4:12|4:13|4:14|4:15|4:16|4:17|4:18|4:19|4:2|4:20|4:21|4:22|4:23|4:24|4:25|4:26|4:27|4:28|4:29|4:3|4:30|4:31|4:32|4:33|4:34|4:35|4:36|4:37|4:38|4:39|4:4|4:40|4:41|4:42|4:43|4:44|4:45|4:46|4:47|4:48|4:49|4:5|4:50|4:51|4:52|4:53|4:54|4:55|4:56|4:57|4:58|4:59|4:6|4:60|4:61|4:62|4:63|4:7|4:8|4:9|5:0|5:1|5:10|5:11|5:12|5:13|5:14|5:15|5:16|5:17|5:18|5:19|5:2|5:20|5:21|5:22|5:23|5:24|5:25|5:26|5:27|5:28|5:29|5:3|5:30|5:31|5:32|5:33|5:34|5:35|5:36|5:37|5:38|5:39|5:4|5:40|5:41|5:42|5:43|5:44|5:45|5:46|5:47|5:48|5:49|5:5|5:50|5:51|5:52|5:53|5:54|5:55|5:56|5:57|5:58|5:59|5:6|5:60|5:61|5:62|5:63|5:7|5:8|5:9
TIERING-OFF-QJ-OFF-QJFL-OFF,127,exact-v9-5-to-6mwe,86784,outlet,C2-MIXTURE-PREFIX,320,0,383.1,1|2|3|4|5,1:0|1:1|1:10|1:11|1:12|1:13|1:14|1:15|1:16|1:17|1:18|1:19|1:2|1:20|1:21|1:22|1:23|1:24|1:25|1:26|1:27|1:28|1:29|1:3|1:30|1:31|1:32|1:33|1:34|1:35|1:36|1:37|1:38|1:39|1:4|1:40|1:41|1:42|1:43|1:44|1:45|1:46|1:47|1:48|1:49|1:5|1:50|1:51|1:52|1:53|1:54|1:55|1:56|1:57|1:58|1:59|1:6|1:60|1:61|1:62|1:63|1:7|1:8|1:9|2:0|2:1|2:10|2:11|2:12|2:13|2:14|2:15|2:16|2:17|2:18|2:19|2:2|2:20|2:21|2:22|2:23|2:24|2:25|2:26|2:27|2:28|2:29|2:3|2:30|2:31|2:32|2:33|2:34|2:35|2:36|2:37|2:38|2:39|2:4|2:40|2:41|2:42|2:43|2:44|2:45|2:46|2:47|2:48|2:49|2:5|2:50|2:51|2:52|2:53|2:54|2:55|2:56|2:57|2:58|2:59|2:6|2:60|2:61|2:62|2:63|2:7|2:8|2:9|3:0|3:1|3:10|3:11|3:12|3:13|3:14|3:15|3:16|3:17|3:18|3:19|3:2|3:20|3:21|3:22|3:23|3:24|3:25|3:26|3:27|3:28|3:29|3:3|3:30|3:31|3:32|3:33|3:34|3:35|3:36|3:37|3:38|3:39|3:4|3:40|3:41|3:42|3:43|3:44|3:45|3:46|3:47|3:48|3:49|3:5|3:50|3:51|3:52|3:53|3:54|3:55|3:56|3:57|3:58|3:59|3:6|3:60|3:61|3:62|3:63|3:7|3:8|3:9|4:0|4:1|4:10|4:11|4:12|4:13|4:14|4:15|4:16|4:17|4:18|4:19|4:2|4:20|4:21|4:22|4:23|4:24|4:25|4:26|4:27|4:28|4:29|4:3|4:30|4:31|4:32|4:33|4:34|4:35|4:36|4:37|4:38|4:39|4:4|4:40|4:41|4:42|4:43|4:44|4:45|4:46|4:47|4:48|4:49|4:5|4:50|4:51|4:52|4:53|4:54|4:55|4:56|4:57|4:58|4:59|4:6|4:60|4:61|4:62|4:63|4:7|4:8|4:9|5:0|5:1|5:10|5:11|5:12|5:13|5:14|5:15|5:16|5:17|5:18|5:19|5:2|5:20|5:21|5:22|5:23|5:24|5:25|5:26|5:27|5:28|5:29|5:3|5:30|5:31|5:32|5:33|5:34|5:35|5:36|5:37|5:38|5:39|5:4|5:40|5:41|5:42|5:43|5:44|5:45|5:46|5:47|5:48|5:49|5:5|5:50|5:51|5:52|5:53|5:54|5:55|5:56|5:57|5:58|5:59|5:6|5:60|5:61|5:62|5:63|5:7|5:8|5:9
TIERING-OFF-QJ-OFF-QJFL-OFF,128,exact-v9-5-to-6mwe,86784,drum,C2-MIXTURE-PREFIX,320,0,386.2,1|2|3|4|5,1:0|1:1|1:10|1:11|1:12|1:13|1:14|1:15|1:16|1:17|1:18|1:19|1:2|1:20|1:21|1:22|1:23|1:24|1:25|1:26|1:27|1:28|1:29|1:3|1:30|1:31|1:32|1:33|1:34|1:35|1:36|1:37|1:38|1:39|1:4|1:40|1:41|1:42|1:43|1:44|1:45|1:46|1:47|1:48|1:49|1:5|1:50|1:51|1:52|1:53|1:54|1:55|1:56|1:57|1:58|1:59|1:6|1:60|1:61|1:62|1:63|1:7|1:8|1:9|2:0|2:1|2:10|2:11|2:12|2:13|2:14|2:15|2:16|2:17|2:18|2:19|2:2|2:20|2:21|2:22|2:23|2:24|2:25|2:26|2:27|2:28|2:29|2:3|2:30|2:31|2:32|2:33|2:34|2:35|2:36|2:37|2:38|2:39|2:4|2:40|2:41|2:42|2:43|2:44|2:45|2:46|2:47|2:48|2:49|2:5|2:50|2:51|2:52|2:53|2:54|2:55|2:56|2:57|2:58|2:59|2:6|2:60|2:61|2:62|2:63|2:7|2:8|2:9|3:0|3:1|3:10|3:11|3:12|3:13|3:14|3:15|3:16|3:17|3:18|3:19|3:2|3:20|3:21|3:22|3:23|3:24|3:25|3:26|3:27|3:28|3:29|3:3|3:30|3:31|3:32|3:33|3:34|3:35|3:36|3:37|3:38|3:39|3:4|3:40|3:41|3:42|3:43|3:44|3:45|3:46|3:47|3:48|3:49|3:5|3:50|3:51|3:52|3:53|3:54|3:55|3:56|3:57|3:58|3:59|3:6|3:60|3:61|3:62|3:63|3:7|3:8|3:9|4:0|4:1|4:10|4:11|4:12|4:13|4:14|4:15|4:16|4:17|4:18|4:19|4:2|4:20|4:21|4:22|4:23|4:24|4:25|4:26|4:27|4:28|4:29|4:3|4:30|4:31|4:32|4:33|4:34|4:35|4:36|4:37|4:38|4:39|4:4|4:40|4:41|4:42|4:43|4:44|4:45|4:46|4:47|4:48|4:49|4:5|4:50|4:51|4:52|4:53|4:54|4:55|4:56|4:57|4:58|4:59|4:6|4:60|4:61|4:62|4:63|4:7|4:8|4:9|5:0|5:1|5:10|5:11|5:12|5:13|5:14|5:15|5:16|5:17|5:18|5:19|5:2|5:20|5:21|5:22|5:23|5:24|5:25|5:26|5:27|5:28|5:29|5:3|5:30|5:31|5:32|5:33|5:34|5:35|5:36|5:37|5:38|5:39|5:4|5:40|5:41|5:42|5:43|5:44|5:45|5:46|5:47|5:48|5:49|5:5|5:50|5:51|5:52|5:53|5:54|5:55|5:56|5:57|5:58|5:59|5:6|5:60|5:61|5:62|5:63|5:7|5:8|5:9
TIERING-OFF-QJ-OFF-QJFL-OFF,129,exact-v9-5-to-6mwe,86784,feedwater-inventory,C2-MIXTURE-PREFIX,1,0,123.1,5,5:4
TIERING-OFF-QJ-OFF-QJFL-OFF,13,background-reference,12000,drum,C2-MIXTURE-PREFIX,320,0,370.1,1|2|3|4|5,1:0|1:1|1:10|1:11|1:12|1:13|1:14|1:15|1:16|1:17|1:18|1:19|1:2|1:20|1:21|1:22|1:23|1:24|1:25|1:26|1:27|1:28|1:29|1:3|1:30|1:31|1:32|1:33|1:34|1:35|1:36|1:37|1:38|1:39|1:4|1:40|1:41|1:42|1:43|1:44|1:45|1:46|1:47|1:48|1:49|1:5|1:50|1:51|1:52|1:53|1:54|1:55|1:56|1:57|1:58|1:59|1:6|1:60|1:61|1:62|1:63|1:7|1:8|1:9|2:0|2:1|2:10|2:11|2:12|2:13|2:14|2:15|2:16|2:17|2:18|2:19|2:2|2:20|2:21|2:22|2:23|2:24|2:25|2:26|2:27|2:28|2:29|2:3|2:30|2:31|2:32|2:33|2:34|2:35|2:36|2:37|2:38|2:39|2:4|2:40|2:41|2:42|2:43|2:44|2:45|2:46|2:47|2:48|2:49|2:5|2:50|2:51|2:52|2:53|2:54|2:55|2:56|2:57|2:58|2:59|2:6|2:60|2:61|2:62|2:63|2:7|2:8|2:9|3:0|3:1|3:10|3:11|3:12|3:13|3:14|3:15|3:16|3:17|3:18|3:19|3:2|3:20|3:21|3:22|3:23|3:24|3:25|3:26|3:27|3:28|3:29|3:3|3:30|3:31|3:32|3:33|3:34|3:35|3:36|3:37|3:38|3:39|3:4|3:40|3:41|3:42|3:43|3:44|3:45|3:46|3:47|3:48|3:49|3:5|3:50|3:51|3:52|3:53|3:54|3:55|3:56|3:57|3:58|3:59|3:6|3:60|3:61|3:62|3:63|3:7|3:8|3:9|4:0|4:1|4:10|4:11|4:12|4:13|4:14|4:15|4:16|4:17|4:18|4:19|4:2|4:20|4:21|4:22|4:23|4:24|4:25|4:26|4:27|4:28|4:29|4:3|4:30|4:31|4:32|4:33|4:34|4:35|4:36|4:37|4:38|4:39|4:4|4:40|4:41|4:42|4:43|4:44|4:45|4:46|4:47|4:48|4:49|4:5|4:50|4:51|4:52|4:53|4:54|4:55|4:56|4:57|4:58|4:59|4:6|4:60|4:61|4:62|4:63|4:7|4:8|4:9|5:0|5:1|5:10|5:11|5:12|5:13|5:14|5:15|5:16|5:17|5:18|5:19|5:2|5:20|5:21|5:22|5:23|5:24|5:25|5:26|5:27|5:28|5:29|5:3|5:30|5:31|5:32|5:33|5:34|5:35|5:36|5:37|5:38|5:39|5:4|5:40|5:41|5:42|5:43|5:44|5:45|5:46|5:47|5:48|5:49|5:5|5:50|5:51|5:52|5:53|5:54|5:55|5:56|5:57|5:58|5:59|5:6|5:60|5:61|5:62|5:63|5:7|5:8|5:9
TIERING-OFF-QJ-OFF-QJFL-OFF,130,exact-v9-5-to-6mwe,92784,suction,C2-MIXTURE-PREFIX,320,0,304.7,1|2|3|4|5,1:0|1:1|1:10|1:11|1:12|1:13|1:14|1:15|1:16|1:17|1:18|1:19|1:2|1:20|1:21|1:22|1:23|1:24|1:25|1:26|1:27|1:28|1:29|1:3|1:30|1:31|1:32|1:33|1:34|1:35|1:36|1:37|1:38|1:39|1:4|1:40|1:41|1:42|1:43|1:44|1:45|1:46|1:47|1:48|1:49|1:5|1:50|1:51|1:52|1:53|1:54|1:55|1:56|1:57|1:58|1:59|1:6|1:60|1:61|1:62|1:63|1:7|1:8|1:9|2:0|2:1|2:10|2:11|2:12|2:13|2:14|2:15|2:16|2:17|2:18|2:19|2:2|2:20|2:21|2:22|2:23|2:24|2:25|2:26|2:27|2:28|2:29|2:3|2:30|2:31|2:32|2:33|2:34|2:35|2:36|2:37|2:38|2:39|2:4|2:40|2:41|2:42|2:43|2:44|2:45|2:46|2:47|2:48|2:49|2:5|2:50|2:51|2:52|2:53|2:54|2:55|2:56|2:57|2:58|2:59|2:6|2:60|2:61|2:62|2:63|2:7|2:8|2:9|3:0|3:1|3:10|3:11|3:12|3:13|3:14|3:15|3:16|3:17|3:18|3:19|3:2|3:20|3:21|3:22|3:23|3:24|3:25|3:26|3:27|3:28|3:29|3:3|3:30|3:31|3:32|3:33|3:34|3:35|3:36|3:37|3:38|3:39|3:4|3:40|3:41|3:42|3:43|3:44|3:45|3:46|3:47|3:48|3:49|3:5|3:50|3:51|3:52|3:53|3:54|3:55|3:56|3:57|3:58|3:59|3:6|3:60|3:61|3:62|3:63|3:7|3:8|3:9|4:0|4:1|4:10|4:11|4:12|4:13|4:14|4:15|4:16|4:17|4:18|4:19|4:2|4:20|4:21|4:22|4:23|4:24|4:25|4:26|4:27|4:28|4:29|4:3|4:30|4:31|4:32|4:33|4:34|4:35|4:36|4:37|4:38|4:39|4:4|4:40|4:41|4:42|4:43|4:44|4:45|4:46|4:47|4:48|4:49|4:5|4:50|4:51|4:52|4:53|4:54|4:55|4:56|4:57|4:58|4:59|4:6|4:60|4:61|4:62|4:63|4:7|4:8|4:9|5:0|5:1|5:10|5:11|5:12|5:13|5:14|5:15|5:16|5:17|5:18|5:19|5:2|5:20|5:21|5:22|5:23|5:24|5:25|5:26|5:27|5:28|5:29|5:3|5:30|5:31|5:32|5:33|5:34|5:35|5:36|5:37|5:38|5:39|5:4|5:40|5:41|5:42|5:43|5:44|5:45|5:46|5:47|5:48|5:49|5:5|5:50|5:51|5:52|5:53|5:54|5:55|5:56|5:57|5:58|5:59|5:6|5:60|5:61|5:62|5:63|5:7|5:8|5:9
TIERING-OFF-QJ-OFF-QJFL-OFF,131,exact-v9-5-to-6mwe,92784,pressure,C2-MIXTURE-PREFIX,320,0,232.4,1|2|3|4|5,1:0|1:1|1:10|1:11|1:12|1:13|1:14|1:15|1:16|1:17|1:18|1:19|1:2|1:20|1:21|1:22|1:23|1:24|1:25|1:26|1:27|1:28|1:29|1:3|1:30|1:31|1:32|1:33|1:34|1:35|1:36|1:37|1:38|1:39|1:4|1:40|1:41|1:42|1:43|1:44|1:45|1:46|1:47|1:48|1:49|1:5|1:50|1:51|1:52|1:53|1:54|1:55|1:56|1:57|1:58|1:59|1:6|1:60|1:61|1:62|1:63|1:7|1:8|1:9|2:0|2:1|2:10|2:11|2:12|2:13|2:14|2:15|2:16|2:17|2:18|2:19|2:2|2:20|2:21|2:22|2:23|2:24|2:25|2:26|2:27|2:28|2:29|2:3|2:30|2:31|2:32|2:33|2:34|2:35|2:36|2:37|2:38|2:39|2:4|2:40|2:41|2:42|2:43|2:44|2:45|2:46|2:47|2:48|2:49|2:5|2:50|2:51|2:52|2:53|2:54|2:55|2:56|2:57|2:58|2:59|2:6|2:60|2:61|2:62|2:63|2:7|2:8|2:9|3:0|3:1|3:10|3:11|3:12|3:13|3:14|3:15|3:16|3:17|3:18|3:19|3:2|3:20|3:21|3:22|3:23|3:24|3:25|3:26|3:27|3:28|3:29|3:3|3:30|3:31|3:32|3:33|3:34|3:35|3:36|3:37|3:38|3:39|3:4|3:40|3:41|3:42|3:43|3:44|3:45|3:46|3:47|3:48|3:49|3:5|3:50|3:51|3:52|3:53|3:54|3:55|3:56|3:57|3:58|3:59|3:6|3:60|3:61|3:62|3:63|3:7|3:8|3:9|4:0|4:1|4:10|4:11|4:12|4:13|4:14|4:15|4:16|4:17|4:18|4:19|4:2|4:20|4:21|4:22|4:23|4:24|4:25|4:26|4:27|4:28|4:29|4:3|4:30|4:31|4:32|4:33|4:34|4:35|4:36|4:37|4:38|4:39|4:4|4:40|4:41|4:42|4:43|4:44|4:45|4:46|4:47|4:48|4:49|4:5|4:50|4:51|4:52|4:53|4:54|4:55|4:56|4:57|4:58|4:59|4:6|4:60|4:61|4:62|4:63|4:7|4:8|4:9|5:0|5:1|5:10|5:11|5:12|5:13|5:14|5:15|5:16|5:17|5:18|5:19|5:2|5:20|5:21|5:22|5:23|5:24|5:25|5:26|5:27|5:28|5:29|5:3|5:30|5:31|5:32|5:33|5:34|5:35|5:36|5:37|5:38|5:39|5:4|5:40|5:41|5:42|5:43|5:44|5:45|5:46|5:47|5:48|5:49|5:5|5:50|5:51|5:52|5:53|5:54|5:55|5:56|5:57|5:58|5:59|5:6|5:60|5:61|5:62|5:63|5:7|5:8|5:9
TIERING-OFF-QJ-OFF-QJFL-OFF,132,exact-v9-5-to-6mwe,92784,outlet,C2-MIXTURE-PREFIX,320,0,375.4,1|2|3|4|5,1:0|1:1|1:10|1:11|1:12|1:13|1:14|1:15|1:16|1:17|1:18|1:19|1:2|1:20|1:21|1:22|1:23|1:24|1:25|1:26|1:27|1:28|1:29|1:3|1:30|1:31|1:32|1:33|1:34|1:35|1:36|1:37|1:38|1:39|1:4|1:40|1:41|1:42|1:43|1:44|1:45|1:46|1:47|1:48|1:49|1:5|1:50|1:51|1:52|1:53|1:54|1:55|1:56|1:57|1:58|1:59|1:6|1:60|1:61|1:62|1:63|1:7|1:8|1:9|2:0|2:1|2:10|2:11|2:12|2:13|2:14|2:15|2:16|2:17|2:18|2:19|2:2|2:20|2:21|2:22|2:23|2:24|2:25|2:26|2:27|2:28|2:29|2:3|2:30|2:31|2:32|2:33|2:34|2:35|2:36|2:37|2:38|2:39|2:4|2:40|2:41|2:42|2:43|2:44|2:45|2:46|2:47|2:48|2:49|2:5|2:50|2:51|2:52|2:53|2:54|2:55|2:56|2:57|2:58|2:59|2:6|2:60|2:61|2:62|2:63|2:7|2:8|2:9|3:0|3:1|3:10|3:11|3:12|3:13|3:14|3:15|3:16|3:17|3:18|3:19|3:2|3:20|3:21|3:22|3:23|3:24|3:25|3:26|3:27|3:28|3:29|3:3|3:30|3:31|3:32|3:33|3:34|3:35|3:36|3:37|3:38|3:39|3:4|3:40|3:41|3:42|3:43|3:44|3:45|3:46|3:47|3:48|3:49|3:5|3:50|3:51|3:52|3:53|3:54|3:55|3:56|3:57|3:58|3:59|3:6|3:60|3:61|3:62|3:63|3:7|3:8|3:9|4:0|4:1|4:10|4:11|4:12|4:13|4:14|4:15|4:16|4:17|4:18|4:19|4:2|4:20|4:21|4:22|4:23|4:24|4:25|4:26|4:27|4:28|4:29|4:3|4:30|4:31|4:32|4:33|4:34|4:35|4:36|4:37|4:38|4:39|4:4|4:40|4:41|4:42|4:43|4:44|4:45|4:46|4:47|4:48|4:49|4:5|4:50|4:51|4:52|4:53|4:54|4:55|4:56|4:57|4:58|4:59|4:6|4:60|4:61|4:62|4:63|4:7|4:8|4:9|5:0|5:1|5:10|5:11|5:12|5:13|5:14|5:15|5:16|5:17|5:18|5:19|5:2|5:20|5:21|5:22|5:23|5:24|5:25|5:26|5:27|5:28|5:29|5:3|5:30|5:31|5:32|5:33|5:34|5:35|5:36|5:37|5:38|5:39|5:4|5:40|5:41|5:42|5:43|5:44|5:45|5:46|5:47|5:48|5:49|5:5|5:50|5:51|5:52|5:53|5:54|5:55|5:56|5:57|5:58|5:59|5:6|5:60|5:61|5:62|5:63|5:7|5:8|5:9
TIERING-OFF-QJ-OFF-QJFL-OFF,133,exact-v9-5-to-6mwe,92784,drum,C2-MIXTURE-PREFIX,320,0,319.8,1|2|3|4|5,1:0|1:1|1:10|1:11|1:12|1:13|1:14|1:15|1:16|1:17|1:18|1:19|1:2|1:20|1:21|1:22|1:23|1:24|1:25|1:26|1:27|1:28|1:29|1:3|1:30|1:31|1:32|1:33|1:34|1:35|1:36|1:37|1:38|1:39|1:4|1:40|1:41|1:42|1:43|1:44|1:45|1:46|1:47|1:48|1:49|1:5|1:50|1:51|1:52|1:53|1:54|1:55|1:56|1:57|1:58|1:59|1:6|1:60|1:61|1:62|1:63|1:7|1:8|1:9|2:0|2:1|2:10|2:11|2:12|2:13|2:14|2:15|2:16|2:17|2:18|2:19|2:2|2:20|2:21|2:22|2:23|2:24|2:25|2:26|2:27|2:28|2:29|2:3|2:30|2:31|2:32|2:33|2:34|2:35|2:36|2:37|2:38|2:39|2:4|2:40|2:41|2:42|2:43|2:44|2:45|2:46|2:47|2:48|2:49|2:5|2:50|2:51|2:52|2:53|2:54|2:55|2:56|2:57|2:58|2:59|2:6|2:60|2:61|2:62|2:63|2:7|2:8|2:9|3:0|3:1|3:10|3:11|3:12|3:13|3:14|3:15|3:16|3:17|3:18|3:19|3:2|3:20|3:21|3:22|3:23|3:24|3:25|3:26|3:27|3:28|3:29|3:3|3:30|3:31|3:32|3:33|3:34|3:35|3:36|3:37|3:38|3:39|3:4|3:40|3:41|3:42|3:43|3:44|3:45|3:46|3:47|3:48|3:49|3:5|3:50|3:51|3:52|3:53|3:54|3:55|3:56|3:57|3:58|3:59|3:6|3:60|3:61|3:62|3:63|3:7|3:8|3:9|4:0|4:1|4:10|4:11|4:12|4:13|4:14|4:15|4:16|4:17|4:18|4:19|4:2|4:20|4:21|4:22|4:23|4:24|4:25|4:26|4:27|4:28|4:29|4:3|4:30|4:31|4:32|4:33|4:34|4:35|4:36|4:37|4:38|4:39|4:4|4:40|4:41|4:42|4:43|4:44|4:45|4:46|4:47|4:48|4:49|4:5|4:50|4:51|4:52|4:53|4:54|4:55|4:56|4:57|4:58|4:59|4:6|4:60|4:61|4:62|4:63|4:7|4:8|4:9|5:0|5:1|5:10|5:11|5:12|5:13|5:14|5:15|5:16|5:17|5:18|5:19|5:2|5:20|5:21|5:22|5:23|5:24|5:25|5:26|5:27|5:28|5:29|5:3|5:30|5:31|5:32|5:33|5:34|5:35|5:36|5:37|5:38|5:39|5:4|5:40|5:41|5:42|5:43|5:44|5:45|5:46|5:47|5:48|5:49|5:5|5:50|5:51|5:52|5:53|5:54|5:55|5:56|5:57|5:58|5:59|5:6|5:60|5:61|5:62|5:63|5:7|5:8|5:9
TIERING-OFF-QJ-OFF-QJFL-OFF,134,exact-v9-5-to-6mwe,92784,feedwater-inventory,C2-MIXTURE-PREFIX,1,0,138.2,4,4:5
TIERING-OFF-QJ-OFF-QJFL-OFF,135,exact-v9-5-to-6mwe,98784,suction,C2-MIXTURE-PREFIX,320,0,354.4,1|2|3|4|5,1:0|1:1|1:10|1:11|1:12|1:13|1:14|1:15|1:16|1:17|1:18|1:19|1:2|1:20|1:21|1:22|1:23|1:24|1:25|1:26|1:27|1:28|1:29|1:3|1:30|1:31|1:32|1:33|1:34|1:35|1:36|1:37|1:38|1:39|1:4|1:40|1:41|1:42|1:43|1:44|1:45|1:46|1:47|1:48|1:49|1:5|1:50|1:51|1:52|1:53|1:54|1:55|1:56|1:57|1:58|1:59|1:6|1:60|1:61|1:62|1:63|1:7|1:8|1:9|2:0|2:1|2:10|2:11|2:12|2:13|2:14|2:15|2:16|2:17|2:18|2:19|2:2|2:20|2:21|2:22|2:23|2:24|2:25|2:26|2:27|2:28|2:29|2:3|2:30|2:31|2:32|2:33|2:34|2:35|2:36|2:37|2:38|2:39|2:4|2:40|2:41|2:42|2:43|2:44|2:45|2:46|2:47|2:48|2:49|2:5|2:50|2:51|2:52|2:53|2:54|2:55|2:56|2:57|2:58|2:59|2:6|2:60|2:61|2:62|2:63|2:7|2:8|2:9|3:0|3:1|3:10|3:11|3:12|3:13|3:14|3:15|3:16|3:17|3:18|3:19|3:2|3:20|3:21|3:22|3:23|3:24|3:25|3:26|3:27|3:28|3:29|3:3|3:30|3:31|3:32|3:33|3:34|3:35|3:36|3:37|3:38|3:39|3:4|3:40|3:41|3:42|3:43|3:44|3:45|3:46|3:47|3:48|3:49|3:5|3:50|3:51|3:52|3:53|3:54|3:55|3:56|3:57|3:58|3:59|3:6|3:60|3:61|3:62|3:63|3:7|3:8|3:9|4:0|4:1|4:10|4:11|4:12|4:13|4:14|4:15|4:16|4:17|4:18|4:19|4:2|4:20|4:21|4:22|4:23|4:24|4:25|4:26|4:27|4:28|4:29|4:3|4:30|4:31|4:32|4:33|4:34|4:35|4:36|4:37|4:38|4:39|4:4|4:40|4:41|4:42|4:43|4:44|4:45|4:46|4:47|4:48|4:49|4:5|4:50|4:51|4:52|4:53|4:54|4:55|4:56|4:57|4:58|4:59|4:6|4:60|4:61|4:62|4:63|4:7|4:8|4:9|5:0|5:1|5:10|5:11|5:12|5:13|5:14|5:15|5:16|5:17|5:18|5:19|5:2|5:20|5:21|5:22|5:23|5:24|5:25|5:26|5:27|5:28|5:29|5:3|5:30|5:31|5:32|5:33|5:34|5:35|5:36|5:37|5:38|5:39|5:4|5:40|5:41|5:42|5:43|5:44|5:45|5:46|5:47|5:48|5:49|5:5|5:50|5:51|5:52|5:53|5:54|5:55|5:56|5:57|5:58|5:59|5:6|5:60|5:61|5:62|5:63|5:7|5:8|5:9
TIERING-OFF-QJ-OFF-QJFL-OFF,136,exact-v9-5-to-6mwe,98784,pressure,C2-MIXTURE-PREFIX,320,0,291.8,1|2|3|4|5,1:0|1:1|1:10|1:11|1:12|1:13|1:14|1:15|1:16|1:17|1:18|1:19|1:2|1:20|1:21|1:22|1:23|1:24|1:25|1:26|1:27|1:28|1:29|1:3|1:30|1:31|1:32|1:33|1:34|1:35|1:36|1:37|1:38|1:39|1:4|1:40|1:41|1:42|1:43|1:44|1:45|1:46|1:47|1:48|1:49|1:5|1:50|1:51|1:52|1:53|1:54|1:55|1:56|1:57|1:58|1:59|1:6|1:60|1:61|1:62|1:63|1:7|1:8|1:9|2:0|2:1|2:10|2:11|2:12|2:13|2:14|2:15|2:16|2:17|2:18|2:19|2:2|2:20|2:21|2:22|2:23|2:24|2:25|2:26|2:27|2:28|2:29|2:3|2:30|2:31|2:32|2:33|2:34|2:35|2:36|2:37|2:38|2:39|2:4|2:40|2:41|2:42|2:43|2:44|2:45|2:46|2:47|2:48|2:49|2:5|2:50|2:51|2:52|2:53|2:54|2:55|2:56|2:57|2:58|2:59|2:6|2:60|2:61|2:62|2:63|2:7|2:8|2:9|3:0|3:1|3:10|3:11|3:12|3:13|3:14|3:15|3:16|3:17|3:18|3:19|3:2|3:20|3:21|3:22|3:23|3:24|3:25|3:26|3:27|3:28|3:29|3:3|3:30|3:31|3:32|3:33|3:34|3:35|3:36|3:37|3:38|3:39|3:4|3:40|3:41|3:42|3:43|3:44|3:45|3:46|3:47|3:48|3:49|3:5|3:50|3:51|3:52|3:53|3:54|3:55|3:56|3:57|3:58|3:59|3:6|3:60|3:61|3:62|3:63|3:7|3:8|3:9|4:0|4:1|4:10|4:11|4:12|4:13|4:14|4:15|4:16|4:17|4:18|4:19|4:2|4:20|4:21|4:22|4:23|4:24|4:25|4:26|4:27|4:28|4:29|4:3|4:30|4:31|4:32|4:33|4:34|4:35|4:36|4:37|4:38|4:39|4:4|4:40|4:41|4:42|4:43|4:44|4:45|4:46|4:47|4:48|4:49|4:5|4:50|4:51|4:52|4:53|4:54|4:55|4:56|4:57|4:58|4:59|4:6|4:60|4:61|4:62|4:63|4:7|4:8|4:9|5:0|5:1|5:10|5:11|5:12|5:13|5:14|5:15|5:16|5:17|5:18|5:19|5:2|5:20|5:21|5:22|5:23|5:24|5:25|5:26|5:27|5:28|5:29|5:3|5:30|5:31|5:32|5:33|5:34|5:35|5:36|5:37|5:38|5:39|5:4|5:40|5:41|5:42|5:43|5:44|5:45|5:46|5:47|5:48|5:49|5:5|5:50|5:51|5:52|5:53|5:54|5:55|5:56|5:57|5:58|5:59|5:6|5:60|5:61|5:62|5:63|5:7|5:8|5:9
TIERING-OFF-QJ-OFF-QJFL-OFF,137,exact-v9-5-to-6mwe,98784,outlet,C2-MIXTURE-PREFIX,320,0,378.7,1|2|3|4|5,1:0|1:1|1:10|1:11|1:12|1:13|1:14|1:15|1:16|1:17|1:18|1:19|1:2|1:20|1:21|1:22|1:23|1:24|1:25|1:26|1:27|1:28|1:29|1:3|1:30|1:31|1:32|1:33|1:34|1:35|1:36|1:37|1:38|1:39|1:4|1:40|1:41|1:42|1:43|1:44|1:45|1:46|1:47|1:48|1:49|1:5|1:50|1:51|1:52|1:53|1:54|1:55|1:56|1:57|1:58|1:59|1:6|1:60|1:61|1:62|1:63|1:7|1:8|1:9|2:0|2:1|2:10|2:11|2:12|2:13|2:14|2:15|2:16|2:17|2:18|2:19|2:2|2:20|2:21|2:22|2:23|2:24|2:25|2:26|2:27|2:28|2:29|2:3|2:30|2:31|2:32|2:33|2:34|2:35|2:36|2:37|2:38|2:39|2:4|2:40|2:41|2:42|2:43|2:44|2:45|2:46|2:47|2:48|2:49|2:5|2:50|2:51|2:52|2:53|2:54|2:55|2:56|2:57|2:58|2:59|2:6|2:60|2:61|2:62|2:63|2:7|2:8|2:9|3:0|3:1|3:10|3:11|3:12|3:13|3:14|3:15|3:16|3:17|3:18|3:19|3:2|3:20|3:21|3:22|3:23|3:24|3:25|3:26|3:27|3:28|3:29|3:3|3:30|3:31|3:32|3:33|3:34|3:35|3:36|3:37|3:38|3:39|3:4|3:40|3:41|3:42|3:43|3:44|3:45|3:46|3:47|3:48|3:49|3:5|3:50|3:51|3:52|3:53|3:54|3:55|3:56|3:57|3:58|3:59|3:6|3:60|3:61|3:62|3:63|3:7|3:8|3:9|4:0|4:1|4:10|4:11|4:12|4:13|4:14|4:15|4:16|4:17|4:18|4:19|4:2|4:20|4:21|4:22|4:23|4:24|4:25|4:26|4:27|4:28|4:29|4:3|4:30|4:31|4:32|4:33|4:34|4:35|4:36|4:37|4:38|4:39|4:4|4:40|4:41|4:42|4:43|4:44|4:45|4:46|4:47|4:48|4:49|4:5|4:50|4:51|4:52|4:53|4:54|4:55|4:56|4:57|4:58|4:59|4:6|4:60|4:61|4:62|4:63|4:7|4:8|4:9|5:0|5:1|5:10|5:11|5:12|5:13|5:14|5:15|5:16|5:17|5:18|5:19|5:2|5:20|5:21|5:22|5:23|5:24|5:25|5:26|5:27|5:28|5:29|5:3|5:30|5:31|5:32|5:33|5:34|5:35|5:36|5:37|5:38|5:39|5:4|5:40|5:41|5:42|5:43|5:44|5:45|5:46|5:47|5:48|5:49|5:5|5:50|5:51|5:52|5:53|5:54|5:55|5:56|5:57|5:58|5:59|5:6|5:60|5:61|5:62|5:63|5:7|5:8|5:9
TIERING-OFF-QJ-OFF-QJFL-OFF,138,exact-v9-5-to-6mwe,98784,drum,C2-MIXTURE-PREFIX,320,0,329,1|2|3|4|5,1:0|1:1|1:10|1:11|1:12|1:13|1:14|1:15|1:16|1:17|1:18|1:19|1:2|1:20|1:21|1:22|1:23|1:24|1:25|1:26|1:27|1:28|1:29|1:3|1:30|1:31|1:32|1:33|1:34|1:35|1:36|1:37|1:38|1:39|1:4|1:40|1:41|1:42|1:43|1:44|1:45|1:46|1:47|1:48|1:49|1:5|1:50|1:51|1:52|1:53|1:54|1:55|1:56|1:57|1:58|1:59|1:6|1:60|1:61|1:62|1:63|1:7|1:8|1:9|2:0|2:1|2:10|2:11|2:12|2:13|2:14|2:15|2:16|2:17|2:18|2:19|2:2|2:20|2:21|2:22|2:23|2:24|2:25|2:26|2:27|2:28|2:29|2:3|2:30|2:31|2:32|2:33|2:34|2:35|2:36|2:37|2:38|2:39|2:4|2:40|2:41|2:42|2:43|2:44|2:45|2:46|2:47|2:48|2:49|2:5|2:50|2:51|2:52|2:53|2:54|2:55|2:56|2:57|2:58|2:59|2:6|2:60|2:61|2:62|2:63|2:7|2:8|2:9|3:0|3:1|3:10|3:11|3:12|3:13|3:14|3:15|3:16|3:17|3:18|3:19|3:2|3:20|3:21|3:22|3:23|3:24|3:25|3:26|3:27|3:28|3:29|3:3|3:30|3:31|3:32|3:33|3:34|3:35|3:36|3:37|3:38|3:39|3:4|3:40|3:41|3:42|3:43|3:44|3:45|3:46|3:47|3:48|3:49|3:5|3:50|3:51|3:52|3:53|3:54|3:55|3:56|3:57|3:58|3:59|3:6|3:60|3:61|3:62|3:63|3:7|3:8|3:9|4:0|4:1|4:10|4:11|4:12|4:13|4:14|4:15|4:16|4:17|4:18|4:19|4:2|4:20|4:21|4:22|4:23|4:24|4:25|4:26|4:27|4:28|4:29|4:3|4:30|4:31|4:32|4:33|4:34|4:35|4:36|4:37|4:38|4:39|4:4|4:40|4:41|4:42|4:43|4:44|4:45|4:46|4:47|4:48|4:49|4:5|4:50|4:51|4:52|4:53|4:54|4:55|4:56|4:57|4:58|4:59|4:6|4:60|4:61|4:62|4:63|4:7|4:8|4:9|5:0|5:1|5:10|5:11|5:12|5:13|5:14|5:15|5:16|5:17|5:18|5:19|5:2|5:20|5:21|5:22|5:23|5:24|5:25|5:26|5:27|5:28|5:29|5:3|5:30|5:31|5:32|5:33|5:34|5:35|5:36|5:37|5:38|5:39|5:4|5:40|5:41|5:42|5:43|5:44|5:45|5:46|5:47|5:48|5:49|5:5|5:50|5:51|5:52|5:53|5:54|5:55|5:56|5:57|5:58|5:59|5:6|5:60|5:61|5:62|5:63|5:7|5:8|5:9
TIERING-OFF-QJ-OFF-QJFL-OFF,140,exact-v9-5-to-6mwe,104784,suction,C2-MIXTURE-PREFIX,320,0,233.2,1|2|3|4|5,1:0|1:1|1:10|1:11|1:12|1:13|1:14|1:15|1:16|1:17|1:18|1:19|1:2|1:20|1:21|1:22|1:23|1:24|1:25|1:26|1:27|1:28|1:29|1:3|1:30|1:31|1:32|1:33|1:34|1:35|1:36|1:37|1:38|1:39|1:4|1:40|1:41|1:42|1:43|1:44|1:45|1:46|1:47|1:48|1:49|1:5|1:50|1:51|1:52|1:53|1:54|1:55|1:56|1:57|1:58|1:59|1:6|1:60|1:61|1:62|1:63|1:7|1:8|1:9|2:0|2:1|2:10|2:11|2:12|2:13|2:14|2:15|2:16|2:17|2:18|2:19|2:2|2:20|2:21|2:22|2:23|2:24|2:25|2:26|2:27|2:28|2:29|2:3|2:30|2:31|2:32|2:33|2:34|2:35|2:36|2:37|2:38|2:39|2:4|2:40|2:41|2:42|2:43|2:44|2:45|2:46|2:47|2:48|2:49|2:5|2:50|2:51|2:52|2:53|2:54|2:55|2:56|2:57|2:58|2:59|2:6|2:60|2:61|2:62|2:63|2:7|2:8|2:9|3:0|3:1|3:10|3:11|3:12|3:13|3:14|3:15|3:16|3:17|3:18|3:19|3:2|3:20|3:21|3:22|3:23|3:24|3:25|3:26|3:27|3:28|3:29|3:3|3:30|3:31|3:32|3:33|3:34|3:35|3:36|3:37|3:38|3:39|3:4|3:40|3:41|3:42|3:43|3:44|3:45|3:46|3:47|3:48|3:49|3:5|3:50|3:51|3:52|3:53|3:54|3:55|3:56|3:57|3:58|3:59|3:6|3:60|3:61|3:62|3:63|3:7|3:8|3:9|4:0|4:1|4:10|4:11|4:12|4:13|4:14|4:15|4:16|4:17|4:18|4:19|4:2|4:20|4:21|4:22|4:23|4:24|4:25|4:26|4:27|4:28|4:29|4:3|4:30|4:31|4:32|4:33|4:34|4:35|4:36|4:37|4:38|4:39|4:4|4:40|4:41|4:42|4:43|4:44|4:45|4:46|4:47|4:48|4:49|4:5|4:50|4:51|4:52|4:53|4:54|4:55|4:56|4:57|4:58|4:59|4:6|4:60|4:61|4:62|4:63|4:7|4:8|4:9|5:0|5:1|5:10|5:11|5:12|5:13|5:14|5:15|5:16|5:17|5:18|5:19|5:2|5:20|5:21|5:22|5:23|5:24|5:25|5:26|5:27|5:28|5:29|5:3|5:30|5:31|5:32|5:33|5:34|5:35|5:36|5:37|5:38|5:39|5:4|5:40|5:41|5:42|5:43|5:44|5:45|5:46|5:47|5:48|5:49|5:5|5:50|5:51|5:52|5:53|5:54|5:55|5:56|5:57|5:58|5:59|5:6|5:60|5:61|5:62|5:63|5:7|5:8|5:9
TIERING-OFF-QJ-OFF-QJFL-OFF,141,exact-v9-5-to-6mwe,104784,pressure,C2-MIXTURE-PREFIX,320,0,283.1,1|2|3|4|5,1:0|1:1|1:10|1:11|1:12|1:13|1:14|1:15|1:16|1:17|1:18|1:19|1:2|1:20|1:21|1:22|1:23|1:24|1:25|1:26|1:27|1:28|1:29|1:3|1:30|1:31|1:32|1:33|1:34|1:35|1:36|1:37|1:38|1:39|1:4|1:40|1:41|1:42|1:43|1:44|1:45|1:46|1:47|1:48|1:49|1:5|1:50|1:51|1:52|1:53|1:54|1:55|1:56|1:57|1:58|1:59|1:6|1:60|1:61|1:62|1:63|1:7|1:8|1:9|2:0|2:1|2:10|2:11|2:12|2:13|2:14|2:15|2:16|2:17|2:18|2:19|2:2|2:20|2:21|2:22|2:23|2:24|2:25|2:26|2:27|2:28|2:29|2:3|2:30|2:31|2:32|2:33|2:34|2:35|2:36|2:37|2:38|2:39|2:4|2:40|2:41|2:42|2:43|2:44|2:45|2:46|2:47|2:48|2:49|2:5|2:50|2:51|2:52|2:53|2:54|2:55|2:56|2:57|2:58|2:59|2:6|2:60|2:61|2:62|2:63|2:7|2:8|2:9|3:0|3:1|3:10|3:11|3:12|3:13|3:14|3:15|3:16|3:17|3:18|3:19|3:2|3:20|3:21|3:22|3:23|3:24|3:25|3:26|3:27|3:28|3:29|3:3|3:30|3:31|3:32|3:33|3:34|3:35|3:36|3:37|3:38|3:39|3:4|3:40|3:41|3:42|3:43|3:44|3:45|3:46|3:47|3:48|3:49|3:5|3:50|3:51|3:52|3:53|3:54|3:55|3:56|3:57|3:58|3:59|3:6|3:60|3:61|3:62|3:63|3:7|3:8|3:9|4:0|4:1|4:10|4:11|4:12|4:13|4:14|4:15|4:16|4:17|4:18|4:19|4:2|4:20|4:21|4:22|4:23|4:24|4:25|4:26|4:27|4:28|4:29|4:3|4:30|4:31|4:32|4:33|4:34|4:35|4:36|4:37|4:38|4:39|4:4|4:40|4:41|4:42|4:43|4:44|4:45|4:46|4:47|4:48|4:49|4:5|4:50|4:51|4:52|4:53|4:54|4:55|4:56|4:57|4:58|4:59|4:6|4:60|4:61|4:62|4:63|4:7|4:8|4:9|5:0|5:1|5:10|5:11|5:12|5:13|5:14|5:15|5:16|5:17|5:18|5:19|5:2|5:20|5:21|5:22|5:23|5:24|5:25|5:26|5:27|5:28|5:29|5:3|5:30|5:31|5:32|5:33|5:34|5:35|5:36|5:37|5:38|5:39|5:4|5:40|5:41|5:42|5:43|5:44|5:45|5:46|5:47|5:48|5:49|5:5|5:50|5:51|5:52|5:53|5:54|5:55|5:56|5:57|5:58|5:59|5:6|5:60|5:61|5:62|5:63|5:7|5:8|5:9
TIERING-OFF-QJ-OFF-QJFL-OFF,142,exact-v9-5-to-6mwe,104784,outlet,C2-MIXTURE-PREFIX,320,0,267.8,1|2|3|4|5,1:0|1:1|1:10|1:11|1:12|1:13|1:14|1:15|1:16|1:17|1:18|1:19|1:2|1:20|1:21|1:22|1:23|1:24|1:25|1:26|1:27|1:28|1:29|1:3|1:30|1:31|1:32|1:33|1:34|1:35|1:36|1:37|1:38|1:39|1:4|1:40|1:41|1:42|1:43|1:44|1:45|1:46|1:47|1:48|1:49|1:5|1:50|1:51|1:52|1:53|1:54|1:55|1:56|1:57|1:58|1:59|1:6|1:60|1:61|1:62|1:63|1:7|1:8|1:9|2:0|2:1|2:10|2:11|2:12|2:13|2:14|2:15|2:16|2:17|2:18|2:19|2:2|2:20|2:21|2:22|2:23|2:24|2:25|2:26|2:27|2:28|2:29|2:3|2:30|2:31|2:32|2:33|2:34|2:35|2:36|2:37|2:38|2:39|2:4|2:40|2:41|2:42|2:43|2:44|2:45|2:46|2:47|2:48|2:49|2:5|2:50|2:51|2:52|2:53|2:54|2:55|2:56|2:57|2:58|2:59|2:6|2:60|2:61|2:62|2:63|2:7|2:8|2:9|3:0|3:1|3:10|3:11|3:12|3:13|3:14|3:15|3:16|3:17|3:18|3:19|3:2|3:20|3:21|3:22|3:23|3:24|3:25|3:26|3:27|3:28|3:29|3:3|3:30|3:31|3:32|3:33|3:34|3:35|3:36|3:37|3:38|3:39|3:4|3:40|3:41|3:42|3:43|3:44|3:45|3:46|3:47|3:48|3:49|3:5|3:50|3:51|3:52|3:53|3:54|3:55|3:56|3:57|3:58|3:59|3:6|3:60|3:61|3:62|3:63|3:7|3:8|3:9|4:0|4:1|4:10|4:11|4:12|4:13|4:14|4:15|4:16|4:17|4:18|4:19|4:2|4:20|4:21|4:22|4:23|4:24|4:25|4:26|4:27|4:28|4:29|4:3|4:30|4:31|4:32|4:33|4:34|4:35|4:36|4:37|4:38|4:39|4:4|4:40|4:41|4:42|4:43|4:44|4:45|4:46|4:47|4:48|4:49|4:5|4:50|4:51|4:52|4:53|4:54|4:55|4:56|4:57|4:58|4:59|4:6|4:60|4:61|4:62|4:63|4:7|4:8|4:9|5:0|5:1|5:10|5:11|5:12|5:13|5:14|5:15|5:16|5:17|5:18|5:19|5:2|5:20|5:21|5:22|5:23|5:24|5:25|5:26|5:27|5:28|5:29|5:3|5:30|5:31|5:32|5:33|5:34|5:35|5:36|5:37|5:38|5:39|5:4|5:40|5:41|5:42|5:43|5:44|5:45|5:46|5:47|5:48|5:49|5:5|5:50|5:51|5:52|5:53|5:54|5:55|5:56|5:57|5:58|5:59|5:6|5:60|5:61|5:62|5:63|5:7|5:8|5:9
TIERING-OFF-QJ-OFF-QJFL-OFF,143,exact-v9-5-to-6mwe,104784,drum,C2-MIXTURE-PREFIX,320,0,192.5,1|2|3|4|5,1:0|1:1|1:10|1:11|1:12|1:13|1:14|1:15|1:16|1:17|1:18|1:19|1:2|1:20|1:21|1:22|1:23|1:24|1:25|1:26|1:27|1:28|1:29|1:3|1:30|1:31|1:32|1:33|1:34|1:35|1:36|1:37|1:38|1:39|1:4|1:40|1:41|1:42|1:43|1:44|1:45|1:46|1:47|1:48|1:49|1:5|1:50|1:51|1:52|1:53|1:54|1:55|1:56|1:57|1:58|1:59|1:6|1:60|1:61|1:62|1:63|1:7|1:8|1:9|2:0|2:1|2:10|2:11|2:12|2:13|2:14|2:15|2:16|2:17|2:18|2:19|2:2|2:20|2:21|2:22|2:23|2:24|2:25|2:26|2:27|2:28|2:29|2:3|2:30|2:31|2:32|2:33|2:34|2:35|2:36|2:37|2:38|2:39|2:4|2:40|2:41|2:42|2:43|2:44|2:45|2:46|2:47|2:48|2:49|2:5|2:50|2:51|2:52|2:53|2:54|2:55|2:56|2:57|2:58|2:59|2:6|2:60|2:61|2:62|2:63|2:7|2:8|2:9|3:0|3:1|3:10|3:11|3:12|3:13|3:14|3:15|3:16|3:17|3:18|3:19|3:2|3:20|3:21|3:22|3:23|3:24|3:25|3:26|3:27|3:28|3:29|3:3|3:30|3:31|3:32|3:33|3:34|3:35|3:36|3:37|3:38|3:39|3:4|3:40|3:41|3:42|3:43|3:44|3:45|3:46|3:47|3:48|3:49|3:5|3:50|3:51|3:52|3:53|3:54|3:55|3:56|3:57|3:58|3:59|3:6|3:60|3:61|3:62|3:63|3:7|3:8|3:9|4:0|4:1|4:10|4:11|4:12|4:13|4:14|4:15|4:16|4:17|4:18|4:19|4:2|4:20|4:21|4:22|4:23|4:24|4:25|4:26|4:27|4:28|4:29|4:3|4:30|4:31|4:32|4:33|4:34|4:35|4:36|4:37|4:38|4:39|4:4|4:40|4:41|4:42|4:43|4:44|4:45|4:46|4:47|4:48|4:49|4:5|4:50|4:51|4:52|4:53|4:54|4:55|4:56|4:57|4:58|4:59|4:6|4:60|4:61|4:62|4:63|4:7|4:8|4:9|5:0|5:1|5:10|5:11|5:12|5:13|5:14|5:15|5:16|5:17|5:18|5:19|5:2|5:20|5:21|5:22|5:23|5:24|5:25|5:26|5:27|5:28|5:29|5:3|5:30|5:31|5:32|5:33|5:34|5:35|5:36|5:37|5:38|5:39|5:4|5:40|5:41|5:42|5:43|5:44|5:45|5:46|5:47|5:48|5:49|5:5|5:50|5:51|5:52|5:53|5:54|5:55|5:56|5:57|5:58|5:59|5:6|5:60|5:61|5:62|5:63|5:7|5:8|5:9
TIERING-OFF-QJ-OFF-QJFL-OFF,145,exact-v9-5-to-6mwe,110784,suction,C2-MIXTURE-PREFIX,320,0,272.7,1|2|3|4|5,1:0|1:1|1:10|1:11|1:12|1:13|1:14|1:15|1:16|1:17|1:18|1:19|1:2|1:20|1:21|1:22|1:23|1:24|1:25|1:26|1:27|1:28|1:29|1:3|1:30|1:31|1:32|1:33|1:34|1:35|1:36|1:37|1:38|1:39|1:4|1:40|1:41|1:42|1:43|1:44|1:45|1:46|1:47|1:48|1:49|1:5|1:50|1:51|1:52|1:53|1:54|1:55|1:56|1:57|1:58|1:59|1:6|1:60|1:61|1:62|1:63|1:7|1:8|1:9|2:0|2:1|2:10|2:11|2:12|2:13|2:14|2:15|2:16|2:17|2:18|2:19|2:2|2:20|2:21|2:22|2:23|2:24|2:25|2:26|2:27|2:28|2:29|2:3|2:30|2:31|2:32|2:33|2:34|2:35|2:36|2:37|2:38|2:39|2:4|2:40|2:41|2:42|2:43|2:44|2:45|2:46|2:47|2:48|2:49|2:5|2:50|2:51|2:52|2:53|2:54|2:55|2:56|2:57|2:58|2:59|2:6|2:60|2:61|2:62|2:63|2:7|2:8|2:9|3:0|3:1|3:10|3:11|3:12|3:13|3:14|3:15|3:16|3:17|3:18|3:19|3:2|3:20|3:21|3:22|3:23|3:24|3:25|3:26|3:27|3:28|3:29|3:3|3:30|3:31|3:32|3:33|3:34|3:35|3:36|3:37|3:38|3:39|3:4|3:40|3:41|3:42|3:43|3:44|3:45|3:46|3:47|3:48|3:49|3:5|3:50|3:51|3:52|3:53|3:54|3:55|3:56|3:57|3:58|3:59|3:6|3:60|3:61|3:62|3:63|3:7|3:8|3:9|4:0|4:1|4:10|4:11|4:12|4:13|4:14|4:15|4:16|4:17|4:18|4:19|4:2|4:20|4:21|4:22|4:23|4:24|4:25|4:26|4:27|4:28|4:29|4:3|4:30|4:31|4:32|4:33|4:34|4:35|4:36|4:37|4:38|4:39|4:4|4:40|4:41|4:42|4:43|4:44|4:45|4:46|4:47|4:48|4:49|4:5|4:50|4:51|4:52|4:53|4:54|4:55|4:56|4:57|4:58|4:59|4:6|4:60|4:61|4:62|4:63|4:7|4:8|4:9|5:0|5:1|5:10|5:11|5:12|5:13|5:14|5:15|5:16|5:17|5:18|5:19|5:2|5:20|5:21|5:22|5:23|5:24|5:25|5:26|5:27|5:28|5:29|5:3|5:30|5:31|5:32|5:33|5:34|5:35|5:36|5:37|5:38|5:39|5:4|5:40|5:41|5:42|5:43|5:44|5:45|5:46|5:47|5:48|5:49|5:5|5:50|5:51|5:52|5:53|5:54|5:55|5:56|5:57|5:58|5:59|5:6|5:60|5:61|5:62|5:63|5:7|5:8|5:9
TIERING-OFF-QJ-OFF-QJFL-OFF,146,exact-v9-5-to-6mwe,110784,pressure,C2-MIXTURE-PREFIX,320,0,274,1|2|3|4|5,1:0|1:1|1:10|1:11|1:12|1:13|1:14|1:15|1:16|1:17|1:18|1:19|1:2|1:20|1:21|1:22|1:23|1:24|1:25|1:26|1:27|1:28|1:29|1:3|1:30|1:31|1:32|1:33|1:34|1:35|1:36|1:37|1:38|1:39|1:4|1:40|1:41|1:42|1:43|1:44|1:45|1:46|1:47|1:48|1:49|1:5|1:50|1:51|1:52|1:53|1:54|1:55|1:56|1:57|1:58|1:59|1:6|1:60|1:61|1:62|1:63|1:7|1:8|1:9|2:0|2:1|2:10|2:11|2:12|2:13|2:14|2:15|2:16|2:17|2:18|2:19|2:2|2:20|2:21|2:22|2:23|2:24|2:25|2:26|2:27|2:28|2:29|2:3|2:30|2:31|2:32|2:33|2:34|2:35|2:36|2:37|2:38|2:39|2:4|2:40|2:41|2:42|2:43|2:44|2:45|2:46|2:47|2:48|2:49|2:5|2:50|2:51|2:52|2:53|2:54|2:55|2:56|2:57|2:58|2:59|2:6|2:60|2:61|2:62|2:63|2:7|2:8|2:9|3:0|3:1|3:10|3:11|3:12|3:13|3:14|3:15|3:16|3:17|3:18|3:19|3:2|3:20|3:21|3:22|3:23|3:24|3:25|3:26|3:27|3:28|3:29|3:3|3:30|3:31|3:32|3:33|3:34|3:35|3:36|3:37|3:38|3:39|3:4|3:40|3:41|3:42|3:43|3:44|3:45|3:46|3:47|3:48|3:49|3:5|3:50|3:51|3:52|3:53|3:54|3:55|3:56|3:57|3:58|3:59|3:6|3:60|3:61|3:62|3:63|3:7|3:8|3:9|4:0|4:1|4:10|4:11|4:12|4:13|4:14|4:15|4:16|4:17|4:18|4:19|4:2|4:20|4:21|4:22|4:23|4:24|4:25|4:26|4:27|4:28|4:29|4:3|4:30|4:31|4:32|4:33|4:34|4:35|4:36|4:37|4:38|4:39|4:4|4:40|4:41|4:42|4:43|4:44|4:45|4:46|4:47|4:48|4:49|4:5|4:50|4:51|4:52|4:53|4:54|4:55|4:56|4:57|4:58|4:59|4:6|4:60|4:61|4:62|4:63|4:7|4:8|4:9|5:0|5:1|5:10|5:11|5:12|5:13|5:14|5:15|5:16|5:17|5:18|5:19|5:2|5:20|5:21|5:22|5:23|5:24|5:25|5:26|5:27|5:28|5:29|5:3|5:30|5:31|5:32|5:33|5:34|5:35|5:36|5:37|5:38|5:39|5:4|5:40|5:41|5:42|5:43|5:44|5:45|5:46|5:47|5:48|5:49|5:5|5:50|5:51|5:52|5:53|5:54|5:55|5:56|5:57|5:58|5:59|5:6|5:60|5:61|5:62|5:63|5:7|5:8|5:9
TIERING-OFF-QJ-OFF-QJFL-OFF,147,exact-v9-5-to-6mwe,110784,outlet,C2-MIXTURE-PREFIX,320,0,256.3,1|2|3|4|5,1:0|1:1|1:10|1:11|1:12|1:13|1:14|1:15|1:16|1:17|1:18|1:19|1:2|1:20|1:21|1:22|1:23|1:24|1:25|1:26|1:27|1:28|1:29|1:3|1:30|1:31|1:32|1:33|1:34|1:35|1:36|1:37|1:38|1:39|1:4|1:40|1:41|1:42|1:43|1:44|1:45|1:46|1:47|1:48|1:49|1:5|1:50|1:51|1:52|1:53|1:54|1:55|1:56|1:57|1:58|1:59|1:6|1:60|1:61|1:62|1:63|1:7|1:8|1:9|2:0|2:1|2:10|2:11|2:12|2:13|2:14|2:15|2:16|2:17|2:18|2:19|2:2|2:20|2:21|2:22|2:23|2:24|2:25|2:26|2:27|2:28|2:29|2:3|2:30|2:31|2:32|2:33|2:34|2:35|2:36|2:37|2:38|2:39|2:4|2:40|2:41|2:42|2:43|2:44|2:45|2:46|2:47|2:48|2:49|2:5|2:50|2:51|2:52|2:53|2:54|2:55|2:56|2:57|2:58|2:59|2:6|2:60|2:61|2:62|2:63|2:7|2:8|2:9|3:0|3:1|3:10|3:11|3:12|3:13|3:14|3:15|3:16|3:17|3:18|3:19|3:2|3:20|3:21|3:22|3:23|3:24|3:25|3:26|3:27|3:28|3:29|3:3|3:30|3:31|3:32|3:33|3:34|3:35|3:36|3:37|3:38|3:39|3:4|3:40|3:41|3:42|3:43|3:44|3:45|3:46|3:47|3:48|3:49|3:5|3:50|3:51|3:52|3:53|3:54|3:55|3:56|3:57|3:58|3:59|3:6|3:60|3:61|3:62|3:63|3:7|3:8|3:9|4:0|4:1|4:10|4:11|4:12|4:13|4:14|4:15|4:16|4:17|4:18|4:19|4:2|4:20|4:21|4:22|4:23|4:24|4:25|4:26|4:27|4:28|4:29|4:3|4:30|4:31|4:32|4:33|4:34|4:35|4:36|4:37|4:38|4:39|4:4|4:40|4:41|4:42|4:43|4:44|4:45|4:46|4:47|4:48|4:49|4:5|4:50|4:51|4:52|4:53|4:54|4:55|4:56|4:57|4:58|4:59|4:6|4:60|4:61|4:62|4:63|4:7|4:8|4:9|5:0|5:1|5:10|5:11|5:12|5:13|5:14|5:15|5:16|5:17|5:18|5:19|5:2|5:20|5:21|5:22|5:23|5:24|5:25|5:26|5:27|5:28|5:29|5:3|5:30|5:31|5:32|5:33|5:34|5:35|5:36|5:37|5:38|5:39|5:4|5:40|5:41|5:42|5:43|5:44|5:45|5:46|5:47|5:48|5:49|5:5|5:50|5:51|5:52|5:53|5:54|5:55|5:56|5:57|5:58|5:59|5:6|5:60|5:61|5:62|5:63|5:7|5:8|5:9
TIERING-OFF-QJ-OFF-QJFL-OFF,148,exact-v9-5-to-6mwe,110784,drum,C2-MIXTURE-PREFIX,320,0,200.8,1|2|3|4|5,1:0|1:1|1:10|1:11|1:12|1:13|1:14|1:15|1:16|1:17|1:18|1:19|1:2|1:20|1:21|1:22|1:23|1:24|1:25|1:26|1:27|1:28|1:29|1:3|1:30|1:31|1:32|1:33|1:34|1:35|1:36|1:37|1:38|1:39|1:4|1:40|1:41|1:42|1:43|1:44|1:45|1:46|1:47|1:48|1:49|1:5|1:50|1:51|1:52|1:53|1:54|1:55|1:56|1:57|1:58|1:59|1:6|1:60|1:61|1:62|1:63|1:7|1:8|1:9|2:0|2:1|2:10|2:11|2:12|2:13|2:14|2:15|2:16|2:17|2:18|2:19|2:2|2:20|2:21|2:22|2:23|2:24|2:25|2:26|2:27|2:28|2:29|2:3|2:30|2:31|2:32|2:33|2:34|2:35|2:36|2:37|2:38|2:39|2:4|2:40|2:41|2:42|2:43|2:44|2:45|2:46|2:47|2:48|2:49|2:5|2:50|2:51|2:52|2:53|2:54|2:55|2:56|2:57|2:58|2:59|2:6|2:60|2:61|2:62|2:63|2:7|2:8|2:9|3:0|3:1|3:10|3:11|3:12|3:13|3:14|3:15|3:16|3:17|3:18|3:19|3:2|3:20|3:21|3:22|3:23|3:24|3:25|3:26|3:27|3:28|3:29|3:3|3:30|3:31|3:32|3:33|3:34|3:35|3:36|3:37|3:38|3:39|3:4|3:40|3:41|3:42|3:43|3:44|3:45|3:46|3:47|3:48|3:49|3:5|3:50|3:51|3:52|3:53|3:54|3:55|3:56|3:57|3:58|3:59|3:6|3:60|3:61|3:62|3:63|3:7|3:8|3:9|4:0|4:1|4:10|4:11|4:12|4:13|4:14|4:15|4:16|4:17|4:18|4:19|4:2|4:20|4:21|4:22|4:23|4:24|4:25|4:26|4:27|4:28|4:29|4:3|4:30|4:31|4:32|4:33|4:34|4:35|4:36|4:37|4:38|4:39|4:4|4:40|4:41|4:42|4:43|4:44|4:45|4:46|4:47|4:48|4:49|4:5|4:50|4:51|4:52|4:53|4:54|4:55|4:56|4:57|4:58|4:59|4:6|4:60|4:61|4:62|4:63|4:7|4:8|4:9|5:0|5:1|5:10|5:11|5:12|5:13|5:14|5:15|5:16|5:17|5:18|5:19|5:2|5:20|5:21|5:22|5:23|5:24|5:25|5:26|5:27|5:28|5:29|5:3|5:30|5:31|5:32|5:33|5:34|5:35|5:36|5:37|5:38|5:39|5:4|5:40|5:41|5:42|5:43|5:44|5:45|5:46|5:47|5:48|5:49|5:5|5:50|5:51|5:52|5:53|5:54|5:55|5:56|5:57|5:58|5:59|5:6|5:60|5:61|5:62|5:63|5:7|5:8|5:9
TIERING-OFF-QJ-OFF-QJFL-OFF,15,background-reference,18000,suction,C2-MIXTURE-PREFIX,320,0,209.3,1|2|3|4|5,1:0|1:1|1:10|1:11|1:12|1:13|1:14|1:15|1:16|1:17|1:18|1:19|1:2|1:20|1:21|1:22|1:23|1:24|1:25|1:26|1:27|1:28|1:29|1:3|1:30|1:31|1:32|1:33|1:34|1:35|1:36|1:37|1:38|1:39|1:4|1:40|1:41|1:42|1:43|1:44|1:45|1:46|1:47|1:48|1:49|1:5|1:50|1:51|1:52|1:53|1:54|1:55|1:56|1:57|1:58|1:59|1:6|1:60|1:61|1:62|1:63|1:7|1:8|1:9|2:0|2:1|2:10|2:11|2:12|2:13|2:14|2:15|2:16|2:17|2:18|2:19|2:2|2:20|2:21|2:22|2:23|2:24|2:25|2:26|2:27|2:28|2:29|2:3|2:30|2:31|2:32|2:33|2:34|2:35|2:36|2:37|2:38|2:39|2:4|2:40|2:41|2:42|2:43|2:44|2:45|2:46|2:47|2:48|2:49|2:5|2:50|2:51|2:52|2:53|2:54|2:55|2:56|2:57|2:58|2:59|2:6|2:60|2:61|2:62|2:63|2:7|2:8|2:9|3:0|3:1|3:10|3:11|3:12|3:13|3:14|3:15|3:16|3:17|3:18|3:19|3:2|3:20|3:21|3:22|3:23|3:24|3:25|3:26|3:27|3:28|3:29|3:3|3:30|3:31|3:32|3:33|3:34|3:35|3:36|3:37|3:38|3:39|3:4|3:40|3:41|3:42|3:43|3:44|3:45|3:46|3:47|3:48|3:49|3:5|3:50|3:51|3:52|3:53|3:54|3:55|3:56|3:57|3:58|3:59|3:6|3:60|3:61|3:62|3:63|3:7|3:8|3:9|4:0|4:1|4:10|4:11|4:12|4:13|4:14|4:15|4:16|4:17|4:18|4:19|4:2|4:20|4:21|4:22|4:23|4:24|4:25|4:26|4:27|4:28|4:29|4:3|4:30|4:31|4:32|4:33|4:34|4:35|4:36|4:37|4:38|4:39|4:4|4:40|4:41|4:42|4:43|4:44|4:45|4:46|4:47|4:48|4:49|4:5|4:50|4:51|4:52|4:53|4:54|4:55|4:56|4:57|4:58|4:59|4:6|4:60|4:61|4:62|4:63|4:7|4:8|4:9|5:0|5:1|5:10|5:11|5:12|5:13|5:14|5:15|5:16|5:17|5:18|5:19|5:2|5:20|5:21|5:22|5:23|5:24|5:25|5:26|5:27|5:28|5:29|5:3|5:30|5:31|5:32|5:33|5:34|5:35|5:36|5:37|5:38|5:39|5:4|5:40|5:41|5:42|5:43|5:44|5:45|5:46|5:47|5:48|5:49|5:5|5:50|5:51|5:52|5:53|5:54|5:55|5:56|5:57|5:58|5:59|5:6|5:60|5:61|5:62|5:63|5:7|5:8|5:9
TIERING-OFF-QJ-OFF-QJFL-OFF,150,exact-v9-5-to-6mwe,116784,suction,C2-MIXTURE-PREFIX,320,0,238.9,1|2|3|4|5,1:0|1:1|1:10|1:11|1:12|1:13|1:14|1:15|1:16|1:17|1:18|1:19|1:2|1:20|1:21|1:22|1:23|1:24|1:25|1:26|1:27|1:28|1:29|1:3|1:30|1:31|1:32|1:33|1:34|1:35|1:36|1:37|1:38|1:39|1:4|1:40|1:41|1:42|1:43|1:44|1:45|1:46|1:47|1:48|1:49|1:5|1:50|1:51|1:52|1:53|1:54|1:55|1:56|1:57|1:58|1:59|1:6|1:60|1:61|1:62|1:63|1:7|1:8|1:9|2:0|2:1|2:10|2:11|2:12|2:13|2:14|2:15|2:16|2:17|2:18|2:19|2:2|2:20|2:21|2:22|2:23|2:24|2:25|2:26|2:27|2:28|2:29|2:3|2:30|2:31|2:32|2:33|2:34|2:35|2:36|2:37|2:38|2:39|2:4|2:40|2:41|2:42|2:43|2:44|2:45|2:46|2:47|2:48|2:49|2:5|2:50|2:51|2:52|2:53|2:54|2:55|2:56|2:57|2:58|2:59|2:6|2:60|2:61|2:62|2:63|2:7|2:8|2:9|3:0|3:1|3:10|3:11|3:12|3:13|3:14|3:15|3:16|3:17|3:18|3:19|3:2|3:20|3:21|3:22|3:23|3:24|3:25|3:26|3:27|3:28|3:29|3:3|3:30|3:31|3:32|3:33|3:34|3:35|3:36|3:37|3:38|3:39|3:4|3:40|3:41|3:42|3:43|3:44|3:45|3:46|3:47|3:48|3:49|3:5|3:50|3:51|3:52|3:53|3:54|3:55|3:56|3:57|3:58|3:59|3:6|3:60|3:61|3:62|3:63|3:7|3:8|3:9|4:0|4:1|4:10|4:11|4:12|4:13|4:14|4:15|4:16|4:17|4:18|4:19|4:2|4:20|4:21|4:22|4:23|4:24|4:25|4:26|4:27|4:28|4:29|4:3|4:30|4:31|4:32|4:33|4:34|4:35|4:36|4:37|4:38|4:39|4:4|4:40|4:41|4:42|4:43|4:44|4:45|4:46|4:47|4:48|4:49|4:5|4:50|4:51|4:52|4:53|4:54|4:55|4:56|4:57|4:58|4:59|4:6|4:60|4:61|4:62|4:63|4:7|4:8|4:9|5:0|5:1|5:10|5:11|5:12|5:13|5:14|5:15|5:16|5:17|5:18|5:19|5:2|5:20|5:21|5:22|5:23|5:24|5:25|5:26|5:27|5:28|5:29|5:3|5:30|5:31|5:32|5:33|5:34|5:35|5:36|5:37|5:38|5:39|5:4|5:40|5:41|5:42|5:43|5:44|5:45|5:46|5:47|5:48|5:49|5:5|5:50|5:51|5:52|5:53|5:54|5:55|5:56|5:57|5:58|5:59|5:6|5:60|5:61|5:62|5:63|5:7|5:8|5:9
TIERING-OFF-QJ-OFF-QJFL-OFF,151,exact-v9-5-to-6mwe,116784,pressure,C2-MIXTURE-PREFIX,320,0,379.9,1|2|3|4|5,1:0|1:1|1:10|1:11|1:12|1:13|1:14|1:15|1:16|1:17|1:18|1:19|1:2|1:20|1:21|1:22|1:23|1:24|1:25|1:26|1:27|1:28|1:29|1:3|1:30|1:31|1:32|1:33|1:34|1:35|1:36|1:37|1:38|1:39|1:4|1:40|1:41|1:42|1:43|1:44|1:45|1:46|1:47|1:48|1:49|1:5|1:50|1:51|1:52|1:53|1:54|1:55|1:56|1:57|1:58|1:59|1:6|1:60|1:61|1:62|1:63|1:7|1:8|1:9|2:0|2:1|2:10|2:11|2:12|2:13|2:14|2:15|2:16|2:17|2:18|2:19|2:2|2:20|2:21|2:22|2:23|2:24|2:25|2:26|2:27|2:28|2:29|2:3|2:30|2:31|2:32|2:33|2:34|2:35|2:36|2:37|2:38|2:39|2:4|2:40|2:41|2:42|2:43|2:44|2:45|2:46|2:47|2:48|2:49|2:5|2:50|2:51|2:52|2:53|2:54|2:55|2:56|2:57|2:58|2:59|2:6|2:60|2:61|2:62|2:63|2:7|2:8|2:9|3:0|3:1|3:10|3:11|3:12|3:13|3:14|3:15|3:16|3:17|3:18|3:19|3:2|3:20|3:21|3:22|3:23|3:24|3:25|3:26|3:27|3:28|3:29|3:3|3:30|3:31|3:32|3:33|3:34|3:35|3:36|3:37|3:38|3:39|3:4|3:40|3:41|3:42|3:43|3:44|3:45|3:46|3:47|3:48|3:49|3:5|3:50|3:51|3:52|3:53|3:54|3:55|3:56|3:57|3:58|3:59|3:6|3:60|3:61|3:62|3:63|3:7|3:8|3:9|4:0|4:1|4:10|4:11|4:12|4:13|4:14|4:15|4:16|4:17|4:18|4:19|4:2|4:20|4:21|4:22|4:23|4:24|4:25|4:26|4:27|4:28|4:29|4:3|4:30|4:31|4:32|4:33|4:34|4:35|4:36|4:37|4:38|4:39|4:4|4:40|4:41|4:42|4:43|4:44|4:45|4:46|4:47|4:48|4:49|4:5|4:50|4:51|4:52|4:53|4:54|4:55|4:56|4:57|4:58|4:59|4:6|4:60|4:61|4:62|4:63|4:7|4:8|4:9|5:0|5:1|5:10|5:11|5:12|5:13|5:14|5:15|5:16|5:17|5:18|5:19|5:2|5:20|5:21|5:22|5:23|5:24|5:25|5:26|5:27|5:28|5:29|5:3|5:30|5:31|5:32|5:33|5:34|5:35|5:36|5:37|5:38|5:39|5:4|5:40|5:41|5:42|5:43|5:44|5:45|5:46|5:47|5:48|5:49|5:5|5:50|5:51|5:52|5:53|5:54|5:55|5:56|5:57|5:58|5:59|5:6|5:60|5:61|5:62|5:63|5:7|5:8|5:9
TIERING-OFF-QJ-OFF-QJFL-OFF,152,exact-v9-5-to-6mwe,116784,outlet,C2-MIXTURE-PREFIX,320,0,269.3,1|2|3|4|5,1:0|1:1|1:10|1:11|1:12|1:13|1:14|1:15|1:16|1:17|1:18|1:19|1:2|1:20|1:21|1:22|1:23|1:24|1:25|1:26|1:27|1:28|1:29|1:3|1:30|1:31|1:32|1:33|1:34|1:35|1:36|1:37|1:38|1:39|1:4|1:40|1:41|1:42|1:43|1:44|1:45|1:46|1:47|1:48|1:49|1:5|1:50|1:51|1:52|1:53|1:54|1:55|1:56|1:57|1:58|1:59|1:6|1:60|1:61|1:62|1:63|1:7|1:8|1:9|2:0|2:1|2:10|2:11|2:12|2:13|2:14|2:15|2:16|2:17|2:18|2:19|2:2|2:20|2:21|2:22|2:23|2:24|2:25|2:26|2:27|2:28|2:29|2:3|2:30|2:31|2:32|2:33|2:34|2:35|2:36|2:37|2:38|2:39|2:4|2:40|2:41|2:42|2:43|2:44|2:45|2:46|2:47|2:48|2:49|2:5|2:50|2:51|2:52|2:53|2:54|2:55|2:56|2:57|2:58|2:59|2:6|2:60|2:61|2:62|2:63|2:7|2:8|2:9|3:0|3:1|3:10|3:11|3:12|3:13|3:14|3:15|3:16|3:17|3:18|3:19|3:2|3:20|3:21|3:22|3:23|3:24|3:25|3:26|3:27|3:28|3:29|3:3|3:30|3:31|3:32|3:33|3:34|3:35|3:36|3:37|3:38|3:39|3:4|3:40|3:41|3:42|3:43|3:44|3:45|3:46|3:47|3:48|3:49|3:5|3:50|3:51|3:52|3:53|3:54|3:55|3:56|3:57|3:58|3:59|3:6|3:60|3:61|3:62|3:63|3:7|3:8|3:9|4:0|4:1|4:10|4:11|4:12|4:13|4:14|4:15|4:16|4:17|4:18|4:19|4:2|4:20|4:21|4:22|4:23|4:24|4:25|4:26|4:27|4:28|4:29|4:3|4:30|4:31|4:32|4:33|4:34|4:35|4:36|4:37|4:38|4:39|4:4|4:40|4:41|4:42|4:43|4:44|4:45|4:46|4:47|4:48|4:49|4:5|4:50|4:51|4:52|4:53|4:54|4:55|4:56|4:57|4:58|4:59|4:6|4:60|4:61|4:62|4:63|4:7|4:8|4:9|5:0|5:1|5:10|5:11|5:12|5:13|5:14|5:15|5:16|5:17|5:18|5:19|5:2|5:20|5:21|5:22|5:23|5:24|5:25|5:26|5:27|5:28|5:29|5:3|5:30|5:31|5:32|5:33|5:34|5:35|5:36|5:37|5:38|5:39|5:4|5:40|5:41|5:42|5:43|5:44|5:45|5:46|5:47|5:48|5:49|5:5|5:50|5:51|5:52|5:53|5:54|5:55|5:56|5:57|5:58|5:59|5:6|5:60|5:61|5:62|5:63|5:7|5:8|5:9
TIERING-OFF-QJ-OFF-QJFL-OFF,153,exact-v9-5-to-6mwe,116784,drum,C2-MIXTURE-PREFIX,320,0,262,1|2|3|4|5,1:0|1:1|1:10|1:11|1:12|1:13|1:14|1:15|1:16|1:17|1:18|1:19|1:2|1:20|1:21|1:22|1:23|1:24|1:25|1:26|1:27|1:28|1:29|1:3|1:30|1:31|1:32|1:33|1:34|1:35|1:36|1:37|1:38|1:39|1:4|1:40|1:41|1:42|1:43|1:44|1:45|1:46|1:47|1:48|1:49|1:5|1:50|1:51|1:52|1:53|1:54|1:55|1:56|1:57|1:58|1:59|1:6|1:60|1:61|1:62|1:63|1:7|1:8|1:9|2:0|2:1|2:10|2:11|2:12|2:13|2:14|2:15|2:16|2:17|2:18|2:19|2:2|2:20|2:21|2:22|2:23|2:24|2:25|2:26|2:27|2:28|2:29|2:3|2:30|2:31|2:32|2:33|2:34|2:35|2:36|2:37|2:38|2:39|2:4|2:40|2:41|2:42|2:43|2:44|2:45|2:46|2:47|2:48|2:49|2:5|2:50|2:51|2:52|2:53|2:54|2:55|2:56|2:57|2:58|2:59|2:6|2:60|2:61|2:62|2:63|2:7|2:8|2:9|3:0|3:1|3:10|3:11|3:12|3:13|3:14|3:15|3:16|3:17|3:18|3:19|3:2|3:20|3:21|3:22|3:23|3:24|3:25|3:26|3:27|3:28|3:29|3:3|3:30|3:31|3:32|3:33|3:34|3:35|3:36|3:37|3:38|3:39|3:4|3:40|3:41|3:42|3:43|3:44|3:45|3:46|3:47|3:48|3:49|3:5|3:50|3:51|3:52|3:53|3:54|3:55|3:56|3:57|3:58|3:59|3:6|3:60|3:61|3:62|3:63|3:7|3:8|3:9|4:0|4:1|4:10|4:11|4:12|4:13|4:14|4:15|4:16|4:17|4:18|4:19|4:2|4:20|4:21|4:22|4:23|4:24|4:25|4:26|4:27|4:28|4:29|4:3|4:30|4:31|4:32|4:33|4:34|4:35|4:36|4:37|4:38|4:39|4:4|4:40|4:41|4:42|4:43|4:44|4:45|4:46|4:47|4:48|4:49|4:5|4:50|4:51|4:52|4:53|4:54|4:55|4:56|4:57|4:58|4:59|4:6|4:60|4:61|4:62|4:63|4:7|4:8|4:9|5:0|5:1|5:10|5:11|5:12|5:13|5:14|5:15|5:16|5:17|5:18|5:19|5:2|5:20|5:21|5:22|5:23|5:24|5:25|5:26|5:27|5:28|5:29|5:3|5:30|5:31|5:32|5:33|5:34|5:35|5:36|5:37|5:38|5:39|5:4|5:40|5:41|5:42|5:43|5:44|5:45|5:46|5:47|5:48|5:49|5:5|5:50|5:51|5:52|5:53|5:54|5:55|5:56|5:57|5:58|5:59|5:6|5:60|5:61|5:62|5:63|5:7|5:8|5:9
TIERING-OFF-QJ-OFF-QJFL-OFF,154,exact-v9-5-to-6mwe,116784,feedwater-inventory,C2-MIXTURE-PREFIX,1,0,110.4,1,1:0
TIERING-OFF-QJ-OFF-QJFL-OFF,155,exact-v9-5-to-6mwe,122784,suction,C2-MIXTURE-PREFIX,320,0,297.5,1|2|3|4|5,1:0|1:1|1:10|1:11|1:12|1:13|1:14|1:15|1:16|1:17|1:18|1:19|1:2|1:20|1:21|1:22|1:23|1:24|1:25|1:26|1:27|1:28|1:29|1:3|1:30|1:31|1:32|1:33|1:34|1:35|1:36|1:37|1:38|1:39|1:4|1:40|1:41|1:42|1:43|1:44|1:45|1:46|1:47|1:48|1:49|1:5|1:50|1:51|1:52|1:53|1:54|1:55|1:56|1:57|1:58|1:59|1:6|1:60|1:61|1:62|1:63|1:7|1:8|1:9|2:0|2:1|2:10|2:11|2:12|2:13|2:14|2:15|2:16|2:17|2:18|2:19|2:2|2:20|2:21|2:22|2:23|2:24|2:25|2:26|2:27|2:28|2:29|2:3|2:30|2:31|2:32|2:33|2:34|2:35|2:36|2:37|2:38|2:39|2:4|2:40|2:41|2:42|2:43|2:44|2:45|2:46|2:47|2:48|2:49|2:5|2:50|2:51|2:52|2:53|2:54|2:55|2:56|2:57|2:58|2:59|2:6|2:60|2:61|2:62|2:63|2:7|2:8|2:9|3:0|3:1|3:10|3:11|3:12|3:13|3:14|3:15|3:16|3:17|3:18|3:19|3:2|3:20|3:21|3:22|3:23|3:24|3:25|3:26|3:27|3:28|3:29|3:3|3:30|3:31|3:32|3:33|3:34|3:35|3:36|3:37|3:38|3:39|3:4|3:40|3:41|3:42|3:43|3:44|3:45|3:46|3:47|3:48|3:49|3:5|3:50|3:51|3:52|3:53|3:54|3:55|3:56|3:57|3:58|3:59|3:6|3:60|3:61|3:62|3:63|3:7|3:8|3:9|4:0|4:1|4:10|4:11|4:12|4:13|4:14|4:15|4:16|4:17|4:18|4:19|4:2|4:20|4:21|4:22|4:23|4:24|4:25|4:26|4:27|4:28|4:29|4:3|4:30|4:31|4:32|4:33|4:34|4:35|4:36|4:37|4:38|4:39|4:4|4:40|4:41|4:42|4:43|4:44|4:45|4:46|4:47|4:48|4:49|4:5|4:50|4:51|4:52|4:53|4:54|4:55|4:56|4:57|4:58|4:59|4:6|4:60|4:61|4:62|4:63|4:7|4:8|4:9|5:0|5:1|5:10|5:11|5:12|5:13|5:14|5:15|5:16|5:17|5:18|5:19|5:2|5:20|5:21|5:22|5:23|5:24|5:25|5:26|5:27|5:28|5:29|5:3|5:30|5:31|5:32|5:33|5:34|5:35|5:36|5:37|5:38|5:39|5:4|5:40|5:41|5:42|5:43|5:44|5:45|5:46|5:47|5:48|5:49|5:5|5:50|5:51|5:52|5:53|5:54|5:55|5:56|5:57|5:58|5:59|5:6|5:60|5:61|5:62|5:63|5:7|5:8|5:9
TIERING-OFF-QJ-OFF-QJFL-OFF,156,exact-v9-5-to-6mwe,122784,pressure,C2-MIXTURE-PREFIX,320,0,242.9,1|2|3|4|5,1:0|1:1|1:10|1:11|1:12|1:13|1:14|1:15|1:16|1:17|1:18|1:19|1:2|1:20|1:21|1:22|1:23|1:24|1:25|1:26|1:27|1:28|1:29|1:3|1:30|1:31|1:32|1:33|1:34|1:35|1:36|1:37|1:38|1:39|1:4|1:40|1:41|1:42|1:43|1:44|1:45|1:46|1:47|1:48|1:49|1:5|1:50|1:51|1:52|1:53|1:54|1:55|1:56|1:57|1:58|1:59|1:6|1:60|1:61|1:62|1:63|1:7|1:8|1:9|2:0|2:1|2:10|2:11|2:12|2:13|2:14|2:15|2:16|2:17|2:18|2:19|2:2|2:20|2:21|2:22|2:23|2:24|2:25|2:26|2:27|2:28|2:29|2:3|2:30|2:31|2:32|2:33|2:34|2:35|2:36|2:37|2:38|2:39|2:4|2:40|2:41|2:42|2:43|2:44|2:45|2:46|2:47|2:48|2:49|2:5|2:50|2:51|2:52|2:53|2:54|2:55|2:56|2:57|2:58|2:59|2:6|2:60|2:61|2:62|2:63|2:7|2:8|2:9|3:0|3:1|3:10|3:11|3:12|3:13|3:14|3:15|3:16|3:17|3:18|3:19|3:2|3:20|3:21|3:22|3:23|3:24|3:25|3:26|3:27|3:28|3:29|3:3|3:30|3:31|3:32|3:33|3:34|3:35|3:36|3:37|3:38|3:39|3:4|3:40|3:41|3:42|3:43|3:44|3:45|3:46|3:47|3:48|3:49|3:5|3:50|3:51|3:52|3:53|3:54|3:55|3:56|3:57|3:58|3:59|3:6|3:60|3:61|3:62|3:63|3:7|3:8|3:9|4:0|4:1|4:10|4:11|4:12|4:13|4:14|4:15|4:16|4:17|4:18|4:19|4:2|4:20|4:21|4:22|4:23|4:24|4:25|4:26|4:27|4:28|4:29|4:3|4:30|4:31|4:32|4:33|4:34|4:35|4:36|4:37|4:38|4:39|4:4|4:40|4:41|4:42|4:43|4:44|4:45|4:46|4:47|4:48|4:49|4:5|4:50|4:51|4:52|4:53|4:54|4:55|4:56|4:57|4:58|4:59|4:6|4:60|4:61|4:62|4:63|4:7|4:8|4:9|5:0|5:1|5:10|5:11|5:12|5:13|5:14|5:15|5:16|5:17|5:18|5:19|5:2|5:20|5:21|5:22|5:23|5:24|5:25|5:26|5:27|5:28|5:29|5:3|5:30|5:31|5:32|5:33|5:34|5:35|5:36|5:37|5:38|5:39|5:4|5:40|5:41|5:42|5:43|5:44|5:45|5:46|5:47|5:48|5:49|5:5|5:50|5:51|5:52|5:53|5:54|5:55|5:56|5:57|5:58|5:59|5:6|5:60|5:61|5:62|5:63|5:7|5:8|5:9
TIERING-OFF-QJ-OFF-QJFL-OFF,157,exact-v9-5-to-6mwe,122784,outlet,C2-MIXTURE-PREFIX,320,0,338.2,1|2|3|4|5,1:0|1:1|1:10|1:11|1:12|1:13|1:14|1:15|1:16|1:17|1:18|1:19|1:2|1:20|1:21|1:22|1:23|1:24|1:25|1:26|1:27|1:28|1:29|1:3|1:30|1:31|1:32|1:33|1:34|1:35|1:36|1:37|1:38|1:39|1:4|1:40|1:41|1:42|1:43|1:44|1:45|1:46|1:47|1:48|1:49|1:5|1:50|1:51|1:52|1:53|1:54|1:55|1:56|1:57|1:58|1:59|1:6|1:60|1:61|1:62|1:63|1:7|1:8|1:9|2:0|2:1|2:10|2:11|2:12|2:13|2:14|2:15|2:16|2:17|2:18|2:19|2:2|2:20|2:21|2:22|2:23|2:24|2:25|2:26|2:27|2:28|2:29|2:3|2:30|2:31|2:32|2:33|2:34|2:35|2:36|2:37|2:38|2:39|2:4|2:40|2:41|2:42|2:43|2:44|2:45|2:46|2:47|2:48|2:49|2:5|2:50|2:51|2:52|2:53|2:54|2:55|2:56|2:57|2:58|2:59|2:6|2:60|2:61|2:62|2:63|2:7|2:8|2:9|3:0|3:1|3:10|3:11|3:12|3:13|3:14|3:15|3:16|3:17|3:18|3:19|3:2|3:20|3:21|3:22|3:23|3:24|3:25|3:26|3:27|3:28|3:29|3:3|3:30|3:31|3:32|3:33|3:34|3:35|3:36|3:37|3:38|3:39|3:4|3:40|3:41|3:42|3:43|3:44|3:45|3:46|3:47|3:48|3:49|3:5|3:50|3:51|3:52|3:53|3:54|3:55|3:56|3:57|3:58|3:59|3:6|3:60|3:61|3:62|3:63|3:7|3:8|3:9|4:0|4:1|4:10|4:11|4:12|4:13|4:14|4:15|4:16|4:17|4:18|4:19|4:2|4:20|4:21|4:22|4:23|4:24|4:25|4:26|4:27|4:28|4:29|4:3|4:30|4:31|4:32|4:33|4:34|4:35|4:36|4:37|4:38|4:39|4:4|4:40|4:41|4:42|4:43|4:44|4:45|4:46|4:47|4:48|4:49|4:5|4:50|4:51|4:52|4:53|4:54|4:55|4:56|4:57|4:58|4:59|4:6|4:60|4:61|4:62|4:63|4:7|4:8|4:9|5:0|5:1|5:10|5:11|5:12|5:13|5:14|5:15|5:16|5:17|5:18|5:19|5:2|5:20|5:21|5:22|5:23|5:24|5:25|5:26|5:27|5:28|5:29|5:3|5:30|5:31|5:32|5:33|5:34|5:35|5:36|5:37|5:38|5:39|5:4|5:40|5:41|5:42|5:43|5:44|5:45|5:46|5:47|5:48|5:49|5:5|5:50|5:51|5:52|5:53|5:54|5:55|5:56|5:57|5:58|5:59|5:6|5:60|5:61|5:62|5:63|5:7|5:8|5:9
TIERING-OFF-QJ-OFF-QJFL-OFF,158,exact-v9-5-to-6mwe,122784,drum,C2-MIXTURE-PREFIX,320,0,352.2,1|2|3|4|5,1:0|1:1|1:10|1:11|1:12|1:13|1:14|1:15|1:16|1:17|1:18|1:19|1:2|1:20|1:21|1:22|1:23|1:24|1:25|1:26|1:27|1:28|1:29|1:3|1:30|1:31|1:32|1:33|1:34|1:35|1:36|1:37|1:38|1:39|1:4|1:40|1:41|1:42|1:43|1:44|1:45|1:46|1:47|1:48|1:49|1:5|1:50|1:51|1:52|1:53|1:54|1:55|1:56|1:57|1:58|1:59|1:6|1:60|1:61|1:62|1:63|1:7|1:8|1:9|2:0|2:1|2:10|2:11|2:12|2:13|2:14|2:15|2:16|2:17|2:18|2:19|2:2|2:20|2:21|2:22|2:23|2:24|2:25|2:26|2:27|2:28|2:29|2:3|2:30|2:31|2:32|2:33|2:34|2:35|2:36|2:37|2:38|2:39|2:4|2:40|2:41|2:42|2:43|2:44|2:45|2:46|2:47|2:48|2:49|2:5|2:50|2:51|2:52|2:53|2:54|2:55|2:56|2:57|2:58|2:59|2:6|2:60|2:61|2:62|2:63|2:7|2:8|2:9|3:0|3:1|3:10|3:11|3:12|3:13|3:14|3:15|3:16|3:17|3:18|3:19|3:2|3:20|3:21|3:22|3:23|3:24|3:25|3:26|3:27|3:28|3:29|3:3|3:30|3:31|3:32|3:33|3:34|3:35|3:36|3:37|3:38|3:39|3:4|3:40|3:41|3:42|3:43|3:44|3:45|3:46|3:47|3:48|3:49|3:5|3:50|3:51|3:52|3:53|3:54|3:55|3:56|3:57|3:58|3:59|3:6|3:60|3:61|3:62|3:63|3:7|3:8|3:9|4:0|4:1|4:10|4:11|4:12|4:13|4:14|4:15|4:16|4:17|4:18|4:19|4:2|4:20|4:21|4:22|4:23|4:24|4:25|4:26|4:27|4:28|4:29|4:3|4:30|4:31|4:32|4:33|4:34|4:35|4:36|4:37|4:38|4:39|4:4|4:40|4:41|4:42|4:43|4:44|4:45|4:46|4:47|4:48|4:49|4:5|4:50|4:51|4:52|4:53|4:54|4:55|4:56|4:57|4:58|4:59|4:6|4:60|4:61|4:62|4:63|4:7|4:8|4:9|5:0|5:1|5:10|5:11|5:12|5:13|5:14|5:15|5:16|5:17|5:18|5:19|5:2|5:20|5:21|5:22|5:23|5:24|5:25|5:26|5:27|5:28|5:29|5:3|5:30|5:31|5:32|5:33|5:34|5:35|5:36|5:37|5:38|5:39|5:4|5:40|5:41|5:42|5:43|5:44|5:45|5:46|5:47|5:48|5:49|5:5|5:50|5:51|5:52|5:53|5:54|5:55|5:56|5:57|5:58|5:59|5:6|5:60|5:61|5:62|5:63|5:7|5:8|5:9
TIERING-OFF-QJ-OFF-QJFL-OFF,159,exact-v9-5-to-6mwe,122784,feedwater-inventory,C2-MIXTURE-PREFIX,2,0,146.3,5,5:50|5:63
TIERING-OFF-QJ-OFF-QJFL-OFF,16,background-reference,18000,pressure,C2-MIXTURE-PREFIX,320,1,573.7,1|2|3|4|5,1:0|1:1|1:10|1:11|1:12|1:13|1:14|1:15|1:16|1:17|1:18|1:19|1:2|1:20|1:21|1:22|1:23|1:24|1:25|1:26|1:27|1:28|1:29|1:3|1:30|1:31|1:32|1:33|1:34|1:35|1:36|1:37|1:38|1:39|1:4|1:40|1:41|1:42|1:43|1:44|1:45|1:46|1:47|1:48|1:49|1:5|1:50|1:51|1:52|1:53|1:54|1:55|1:56|1:57|1:58|1:59|1:6|1:60|1:61|1:62|1:63|1:7|1:8|1:9|2:0|2:1|2:10|2:11|2:12|2:13|2:14|2:15|2:16|2:17|2:18|2:19|2:2|2:20|2:21|2:22|2:23|2:24|2:25|2:26|2:27|2:28|2:29|2:3|2:30|2:31|2:32|2:33|2:34|2:35|2:36|2:37|2:38|2:39|2:4|2:40|2:41|2:42|2:43|2:44|2:45|2:46|2:47|2:48|2:49|2:5|2:50|2:51|2:52|2:53|2:54|2:55|2:56|2:57|2:58|2:59|2:6|2:60|2:61|2:62|2:63|2:7|2:8|2:9|3:0|3:1|3:10|3:11|3:12|3:13|3:14|3:15|3:16|3:17|3:18|3:19|3:2|3:20|3:21|3:22|3:23|3:24|3:25|3:26|3:27|3:28|3:29|3:3|3:30|3:31|3:32|3:33|3:34|3:35|3:36|3:37|3:38|3:39|3:4|3:40|3:41|3:42|3:43|3:44|3:45|3:46|3:47|3:48|3:49|3:5|3:50|3:51|3:52|3:53|3:54|3:55|3:56|3:57|3:58|3:59|3:6|3:60|3:61|3:62|3:63|3:7|3:8|3:9|4:0|4:1|4:10|4:11|4:12|4:13|4:14|4:15|4:16|4:17|4:18|4:19|4:2|4:20|4:21|4:22|4:23|4:24|4:25|4:26|4:27|4:28|4:29|4:3|4:30|4:31|4:32|4:33|4:34|4:35|4:36|4:37|4:38|4:39|4:4|4:40|4:41|4:42|4:43|4:44|4:45|4:46|4:47|4:48|4:49|4:5|4:50|4:51|4:52|4:53|4:54|4:55|4:56|4:57|4:58|4:59|4:6|4:60|4:61|4:62|4:63|4:7|4:8|4:9|5:0|5:1|5:10|5:11|5:12|5:13|5:14|5:15|5:16|5:17|5:18|5:19|5:2|5:20|5:21|5:22|5:23|5:24|5:25|5:26|5:27|5:28|5:29|5:3|5:30|5:31|5:32|5:33|5:34|5:35|5:36|5:37|5:38|5:39|5:4|5:40|5:41|5:42|5:43|5:44|5:45|5:46|5:47|5:48|5:49|5:5|5:50|5:51|5:52|5:53|5:54|5:55|5:56|5:57|5:58|5:59|5:6|5:60|5:61|5:62|5:63|5:7|5:8|5:9
TIERING-OFF-QJ-OFF-QJFL-OFF,160,exact-v9-5-to-6mwe,128784,suction,C2-MIXTURE-PREFIX,320,0,265.1,1|2|3|4|5,1:0|1:1|1:10|1:11|1:12|1:13|1:14|1:15|1:16|1:17|1:18|1:19|1:2|1:20|1:21|1:22|1:23|1:24|1:25|1:26|1:27|1:28|1:29|1:3|1:30|1:31|1:32|1:33|1:34|1:35|1:36|1:37|1:38|1:39|1:4|1:40|1:41|1:42|1:43|1:44|1:45|1:46|1:47|1:48|1:49|1:5|1:50|1:51|1:52|1:53|1:54|1:55|1:56|1:57|1:58|1:59|1:6|1:60|1:61|1:62|1:63|1:7|1:8|1:9|2:0|2:1|2:10|2:11|2:12|2:13|2:14|2:15|2:16|2:17|2:18|2:19|2:2|2:20|2:21|2:22|2:23|2:24|2:25|2:26|2:27|2:28|2:29|2:3|2:30|2:31|2:32|2:33|2:34|2:35|2:36|2:37|2:38|2:39|2:4|2:40|2:41|2:42|2:43|2:44|2:45|2:46|2:47|2:48|2:49|2:5|2:50|2:51|2:52|2:53|2:54|2:55|2:56|2:57|2:58|2:59|2:6|2:60|2:61|2:62|2:63|2:7|2:8|2:9|3:0|3:1|3:10|3:11|3:12|3:13|3:14|3:15|3:16|3:17|3:18|3:19|3:2|3:20|3:21|3:22|3:23|3:24|3:25|3:26|3:27|3:28|3:29|3:3|3:30|3:31|3:32|3:33|3:34|3:35|3:36|3:37|3:38|3:39|3:4|3:40|3:41|3:42|3:43|3:44|3:45|3:46|3:47|3:48|3:49|3:5|3:50|3:51|3:52|3:53|3:54|3:55|3:56|3:57|3:58|3:59|3:6|3:60|3:61|3:62|3:63|3:7|3:8|3:9|4:0|4:1|4:10|4:11|4:12|4:13|4:14|4:15|4:16|4:17|4:18|4:19|4:2|4:20|4:21|4:22|4:23|4:24|4:25|4:26|4:27|4:28|4:29|4:3|4:30|4:31|4:32|4:33|4:34|4:35|4:36|4:37|4:38|4:39|4:4|4:40|4:41|4:42|4:43|4:44|4:45|4:46|4:47|4:48|4:49|4:5|4:50|4:51|4:52|4:53|4:54|4:55|4:56|4:57|4:58|4:59|4:6|4:60|4:61|4:62|4:63|4:7|4:8|4:9|5:0|5:1|5:10|5:11|5:12|5:13|5:14|5:15|5:16|5:17|5:18|5:19|5:2|5:20|5:21|5:22|5:23|5:24|5:25|5:26|5:27|5:28|5:29|5:3|5:30|5:31|5:32|5:33|5:34|5:35|5:36|5:37|5:38|5:39|5:4|5:40|5:41|5:42|5:43|5:44|5:45|5:46|5:47|5:48|5:49|5:5|5:50|5:51|5:52|5:53|5:54|5:55|5:56|5:57|5:58|5:59|5:6|5:60|5:61|5:62|5:63|5:7|5:8|5:9
TIERING-OFF-QJ-OFF-QJFL-OFF,161,exact-v9-5-to-6mwe,128784,pressure,C2-MIXTURE-PREFIX,320,0,236.7,1|2|3|4|5,1:0|1:1|1:10|1:11|1:12|1:13|1:14|1:15|1:16|1:17|1:18|1:19|1:2|1:20|1:21|1:22|1:23|1:24|1:25|1:26|1:27|1:28|1:29|1:3|1:30|1:31|1:32|1:33|1:34|1:35|1:36|1:37|1:38|1:39|1:4|1:40|1:41|1:42|1:43|1:44|1:45|1:46|1:47|1:48|1:49|1:5|1:50|1:51|1:52|1:53|1:54|1:55|1:56|1:57|1:58|1:59|1:6|1:60|1:61|1:62|1:63|1:7|1:8|1:9|2:0|2:1|2:10|2:11|2:12|2:13|2:14|2:15|2:16|2:17|2:18|2:19|2:2|2:20|2:21|2:22|2:23|2:24|2:25|2:26|2:27|2:28|2:29|2:3|2:30|2:31|2:32|2:33|2:34|2:35|2:36|2:37|2:38|2:39|2:4|2:40|2:41|2:42|2:43|2:44|2:45|2:46|2:47|2:48|2:49|2:5|2:50|2:51|2:52|2:53|2:54|2:55|2:56|2:57|2:58|2:59|2:6|2:60|2:61|2:62|2:63|2:7|2:8|2:9|3:0|3:1|3:10|3:11|3:12|3:13|3:14|3:15|3:16|3:17|3:18|3:19|3:2|3:20|3:21|3:22|3:23|3:24|3:25|3:26|3:27|3:28|3:29|3:3|3:30|3:31|3:32|3:33|3:34|3:35|3:36|3:37|3:38|3:39|3:4|3:40|3:41|3:42|3:43|3:44|3:45|3:46|3:47|3:48|3:49|3:5|3:50|3:51|3:52|3:53|3:54|3:55|3:56|3:57|3:58|3:59|3:6|3:60|3:61|3:62|3:63|3:7|3:8|3:9|4:0|4:1|4:10|4:11|4:12|4:13|4:14|4:15|4:16|4:17|4:18|4:19|4:2|4:20|4:21|4:22|4:23|4:24|4:25|4:26|4:27|4:28|4:29|4:3|4:30|4:31|4:32|4:33|4:34|4:35|4:36|4:37|4:38|4:39|4:4|4:40|4:41|4:42|4:43|4:44|4:45|4:46|4:47|4:48|4:49|4:5|4:50|4:51|4:52|4:53|4:54|4:55|4:56|4:57|4:58|4:59|4:6|4:60|4:61|4:62|4:63|4:7|4:8|4:9|5:0|5:1|5:10|5:11|5:12|5:13|5:14|5:15|5:16|5:17|5:18|5:19|5:2|5:20|5:21|5:22|5:23|5:24|5:25|5:26|5:27|5:28|5:29|5:3|5:30|5:31|5:32|5:33|5:34|5:35|5:36|5:37|5:38|5:39|5:4|5:40|5:41|5:42|5:43|5:44|5:45|5:46|5:47|5:48|5:49|5:5|5:50|5:51|5:52|5:53|5:54|5:55|5:56|5:57|5:58|5:59|5:6|5:60|5:61|5:62|5:63|5:7|5:8|5:9
TIERING-OFF-QJ-OFF-QJFL-OFF,162,exact-v9-5-to-6mwe,128784,outlet,C2-MIXTURE-PREFIX,320,0,244.5,1|2|3|4|5,1:0|1:1|1:10|1:11|1:12|1:13|1:14|1:15|1:16|1:17|1:18|1:19|1:2|1:20|1:21|1:22|1:23|1:24|1:25|1:26|1:27|1:28|1:29|1:3|1:30|1:31|1:32|1:33|1:34|1:35|1:36|1:37|1:38|1:39|1:4|1:40|1:41|1:42|1:43|1:44|1:45|1:46|1:47|1:48|1:49|1:5|1:50|1:51|1:52|1:53|1:54|1:55|1:56|1:57|1:58|1:59|1:6|1:60|1:61|1:62|1:63|1:7|1:8|1:9|2:0|2:1|2:10|2:11|2:12|2:13|2:14|2:15|2:16|2:17|2:18|2:19|2:2|2:20|2:21|2:22|2:23|2:24|2:25|2:26|2:27|2:28|2:29|2:3|2:30|2:31|2:32|2:33|2:34|2:35|2:36|2:37|2:38|2:39|2:4|2:40|2:41|2:42|2:43|2:44|2:45|2:46|2:47|2:48|2:49|2:5|2:50|2:51|2:52|2:53|2:54|2:55|2:56|2:57|2:58|2:59|2:6|2:60|2:61|2:62|2:63|2:7|2:8|2:9|3:0|3:1|3:10|3:11|3:12|3:13|3:14|3:15|3:16|3:17|3:18|3:19|3:2|3:20|3:21|3:22|3:23|3:24|3:25|3:26|3:27|3:28|3:29|3:3|3:30|3:31|3:32|3:33|3:34|3:35|3:36|3:37|3:38|3:39|3:4|3:40|3:41|3:42|3:43|3:44|3:45|3:46|3:47|3:48|3:49|3:5|3:50|3:51|3:52|3:53|3:54|3:55|3:56|3:57|3:58|3:59|3:6|3:60|3:61|3:62|3:63|3:7|3:8|3:9|4:0|4:1|4:10|4:11|4:12|4:13|4:14|4:15|4:16|4:17|4:18|4:19|4:2|4:20|4:21|4:22|4:23|4:24|4:25|4:26|4:27|4:28|4:29|4:3|4:30|4:31|4:32|4:33|4:34|4:35|4:36|4:37|4:38|4:39|4:4|4:40|4:41|4:42|4:43|4:44|4:45|4:46|4:47|4:48|4:49|4:5|4:50|4:51|4:52|4:53|4:54|4:55|4:56|4:57|4:58|4:59|4:6|4:60|4:61|4:62|4:63|4:7|4:8|4:9|5:0|5:1|5:10|5:11|5:12|5:13|5:14|5:15|5:16|5:17|5:18|5:19|5:2|5:20|5:21|5:22|5:23|5:24|5:25|5:26|5:27|5:28|5:29|5:3|5:30|5:31|5:32|5:33|5:34|5:35|5:36|5:37|5:38|5:39|5:4|5:40|5:41|5:42|5:43|5:44|5:45|5:46|5:47|5:48|5:49|5:5|5:50|5:51|5:52|5:53|5:54|5:55|5:56|5:57|5:58|5:59|5:6|5:60|5:61|5:62|5:63|5:7|5:8|5:9
TIERING-OFF-QJ-OFF-QJFL-OFF,163,exact-v9-5-to-6mwe,128784,drum,C2-MIXTURE-PREFIX,320,0,347.2,1|2|3|4|5,1:0|1:1|1:10|1:11|1:12|1:13|1:14|1:15|1:16|1:17|1:18|1:19|1:2|1:20|1:21|1:22|1:23|1:24|1:25|1:26|1:27|1:28|1:29|1:3|1:30|1:31|1:32|1:33|1:34|1:35|1:36|1:37|1:38|1:39|1:4|1:40|1:41|1:42|1:43|1:44|1:45|1:46|1:47|1:48|1:49|1:5|1:50|1:51|1:52|1:53|1:54|1:55|1:56|1:57|1:58|1:59|1:6|1:60|1:61|1:62|1:63|1:7|1:8|1:9|2:0|2:1|2:10|2:11|2:12|2:13|2:14|2:15|2:16|2:17|2:18|2:19|2:2|2:20|2:21|2:22|2:23|2:24|2:25|2:26|2:27|2:28|2:29|2:3|2:30|2:31|2:32|2:33|2:34|2:35|2:36|2:37|2:38|2:39|2:4|2:40|2:41|2:42|2:43|2:44|2:45|2:46|2:47|2:48|2:49|2:5|2:50|2:51|2:52|2:53|2:54|2:55|2:56|2:57|2:58|2:59|2:6|2:60|2:61|2:62|2:63|2:7|2:8|2:9|3:0|3:1|3:10|3:11|3:12|3:13|3:14|3:15|3:16|3:17|3:18|3:19|3:2|3:20|3:21|3:22|3:23|3:24|3:25|3:26|3:27|3:28|3:29|3:3|3:30|3:31|3:32|3:33|3:34|3:35|3:36|3:37|3:38|3:39|3:4|3:40|3:41|3:42|3:43|3:44|3:45|3:46|3:47|3:48|3:49|3:5|3:50|3:51|3:52|3:53|3:54|3:55|3:56|3:57|3:58|3:59|3:6|3:60|3:61|3:62|3:63|3:7|3:8|3:9|4:0|4:1|4:10|4:11|4:12|4:13|4:14|4:15|4:16|4:17|4:18|4:19|4:2|4:20|4:21|4:22|4:23|4:24|4:25|4:26|4:27|4:28|4:29|4:3|4:30|4:31|4:32|4:33|4:34|4:35|4:36|4:37|4:38|4:39|4:4|4:40|4:41|4:42|4:43|4:44|4:45|4:46|4:47|4:48|4:49|4:5|4:50|4:51|4:52|4:53|4:54|4:55|4:56|4:57|4:58|4:59|4:6|4:60|4:61|4:62|4:63|4:7|4:8|4:9|5:0|5:1|5:10|5:11|5:12|5:13|5:14|5:15|5:16|5:17|5:18|5:19|5:2|5:20|5:21|5:22|5:23|5:24|5:25|5:26|5:27|5:28|5:29|5:3|5:30|5:31|5:32|5:33|5:34|5:35|5:36|5:37|5:38|5:39|5:4|5:40|5:41|5:42|5:43|5:44|5:45|5:46|5:47|5:48|5:49|5:5|5:50|5:51|5:52|5:53|5:54|5:55|5:56|5:57|5:58|5:59|5:6|5:60|5:61|5:62|5:63|5:7|5:8|5:9
TIERING-OFF-QJ-OFF-QJFL-OFF,165,exact-v9-5-to-6mwe,134784,suction,C2-MIXTURE-PREFIX,320,0,195.6,1|2|3|4|5,1:0|1:1|1:10|1:11|1:12|1:13|1:14|1:15|1:16|1:17|1:18|1:19|1:2|1:20|1:21|1:22|1:23|1:24|1:25|1:26|1:27|1:28|1:29|1:3|1:30|1:31|1:32|1:33|1:34|1:35|1:36|1:37|1:38|1:39|1:4|1:40|1:41|1:42|1:43|1:44|1:45|1:46|1:47|1:48|1:49|1:5|1:50|1:51|1:52|1:53|1:54|1:55|1:56|1:57|1:58|1:59|1:6|1:60|1:61|1:62|1:63|1:7|1:8|1:9|2:0|2:1|2:10|2:11|2:12|2:13|2:14|2:15|2:16|2:17|2:18|2:19|2:2|2:20|2:21|2:22|2:23|2:24|2:25|2:26|2:27|2:28|2:29|2:3|2:30|2:31|2:32|2:33|2:34|2:35|2:36|2:37|2:38|2:39|2:4|2:40|2:41|2:42|2:43|2:44|2:45|2:46|2:47|2:48|2:49|2:5|2:50|2:51|2:52|2:53|2:54|2:55|2:56|2:57|2:58|2:59|2:6|2:60|2:61|2:62|2:63|2:7|2:8|2:9|3:0|3:1|3:10|3:11|3:12|3:13|3:14|3:15|3:16|3:17|3:18|3:19|3:2|3:20|3:21|3:22|3:23|3:24|3:25|3:26|3:27|3:28|3:29|3:3|3:30|3:31|3:32|3:33|3:34|3:35|3:36|3:37|3:38|3:39|3:4|3:40|3:41|3:42|3:43|3:44|3:45|3:46|3:47|3:48|3:49|3:5|3:50|3:51|3:52|3:53|3:54|3:55|3:56|3:57|3:58|3:59|3:6|3:60|3:61|3:62|3:63|3:7|3:8|3:9|4:0|4:1|4:10|4:11|4:12|4:13|4:14|4:15|4:16|4:17|4:18|4:19|4:2|4:20|4:21|4:22|4:23|4:24|4:25|4:26|4:27|4:28|4:29|4:3|4:30|4:31|4:32|4:33|4:34|4:35|4:36|4:37|4:38|4:39|4:4|4:40|4:41|4:42|4:43|4:44|4:45|4:46|4:47|4:48|4:49|4:5|4:50|4:51|4:52|4:53|4:54|4:55|4:56|4:57|4:58|4:59|4:6|4:60|4:61|4:62|4:63|4:7|4:8|4:9|5:0|5:1|5:10|5:11|5:12|5:13|5:14|5:15|5:16|5:17|5:18|5:19|5:2|5:20|5:21|5:22|5:23|5:24|5:25|5:26|5:27|5:28|5:29|5:3|5:30|5:31|5:32|5:33|5:34|5:35|5:36|5:37|5:38|5:39|5:4|5:40|5:41|5:42|5:43|5:44|5:45|5:46|5:47|5:48|5:49|5:5|5:50|5:51|5:52|5:53|5:54|5:55|5:56|5:57|5:58|5:59|5:6|5:60|5:61|5:62|5:63|5:7|5:8|5:9
TIERING-OFF-QJ-OFF-QJFL-OFF,166,exact-v9-5-to-6mwe,134784,pressure,C2-MIXTURE-PREFIX,320,0,370.4,1|2|3|4|5,1:0|1:1|1:10|1:11|1:12|1:13|1:14|1:15|1:16|1:17|1:18|1:19|1:2|1:20|1:21|1:22|1:23|1:24|1:25|1:26|1:27|1:28|1:29|1:3|1:30|1:31|1:32|1:33|1:34|1:35|1:36|1:37|1:38|1:39|1:4|1:40|1:41|1:42|1:43|1:44|1:45|1:46|1:47|1:48|1:49|1:5|1:50|1:51|1:52|1:53|1:54|1:55|1:56|1:57|1:58|1:59|1:6|1:60|1:61|1:62|1:63|1:7|1:8|1:9|2:0|2:1|2:10|2:11|2:12|2:13|2:14|2:15|2:16|2:17|2:18|2:19|2:2|2:20|2:21|2:22|2:23|2:24|2:25|2:26|2:27|2:28|2:29|2:3|2:30|2:31|2:32|2:33|2:34|2:35|2:36|2:37|2:38|2:39|2:4|2:40|2:41|2:42|2:43|2:44|2:45|2:46|2:47|2:48|2:49|2:5|2:50|2:51|2:52|2:53|2:54|2:55|2:56|2:57|2:58|2:59|2:6|2:60|2:61|2:62|2:63|2:7|2:8|2:9|3:0|3:1|3:10|3:11|3:12|3:13|3:14|3:15|3:16|3:17|3:18|3:19|3:2|3:20|3:21|3:22|3:23|3:24|3:25|3:26|3:27|3:28|3:29|3:3|3:30|3:31|3:32|3:33|3:34|3:35|3:36|3:37|3:38|3:39|3:4|3:40|3:41|3:42|3:43|3:44|3:45|3:46|3:47|3:48|3:49|3:5|3:50|3:51|3:52|3:53|3:54|3:55|3:56|3:57|3:58|3:59|3:6|3:60|3:61|3:62|3:63|3:7|3:8|3:9|4:0|4:1|4:10|4:11|4:12|4:13|4:14|4:15|4:16|4:17|4:18|4:19|4:2|4:20|4:21|4:22|4:23|4:24|4:25|4:26|4:27|4:28|4:29|4:3|4:30|4:31|4:32|4:33|4:34|4:35|4:36|4:37|4:38|4:39|4:4|4:40|4:41|4:42|4:43|4:44|4:45|4:46|4:47|4:48|4:49|4:5|4:50|4:51|4:52|4:53|4:54|4:55|4:56|4:57|4:58|4:59|4:6|4:60|4:61|4:62|4:63|4:7|4:8|4:9|5:0|5:1|5:10|5:11|5:12|5:13|5:14|5:15|5:16|5:17|5:18|5:19|5:2|5:20|5:21|5:22|5:23|5:24|5:25|5:26|5:27|5:28|5:29|5:3|5:30|5:31|5:32|5:33|5:34|5:35|5:36|5:37|5:38|5:39|5:4|5:40|5:41|5:42|5:43|5:44|5:45|5:46|5:47|5:48|5:49|5:5|5:50|5:51|5:52|5:53|5:54|5:55|5:56|5:57|5:58|5:59|5:6|5:60|5:61|5:62|5:63|5:7|5:8|5:9
TIERING-OFF-QJ-OFF-QJFL-OFF,167,exact-v9-5-to-6mwe,134784,outlet,C2-MIXTURE-PREFIX,320,0,372.6,1|2|3|4|5,1:0|1:1|1:10|1:11|1:12|1:13|1:14|1:15|1:16|1:17|1:18|1:19|1:2|1:20|1:21|1:22|1:23|1:24|1:25|1:26|1:27|1:28|1:29|1:3|1:30|1:31|1:32|1:33|1:34|1:35|1:36|1:37|1:38|1:39|1:4|1:40|1:41|1:42|1:43|1:44|1:45|1:46|1:47|1:48|1:49|1:5|1:50|1:51|1:52|1:53|1:54|1:55|1:56|1:57|1:58|1:59|1:6|1:60|1:61|1:62|1:63|1:7|1:8|1:9|2:0|2:1|2:10|2:11|2:12|2:13|2:14|2:15|2:16|2:17|2:18|2:19|2:2|2:20|2:21|2:22|2:23|2:24|2:25|2:26|2:27|2:28|2:29|2:3|2:30|2:31|2:32|2:33|2:34|2:35|2:36|2:37|2:38|2:39|2:4|2:40|2:41|2:42|2:43|2:44|2:45|2:46|2:47|2:48|2:49|2:5|2:50|2:51|2:52|2:53|2:54|2:55|2:56|2:57|2:58|2:59|2:6|2:60|2:61|2:62|2:63|2:7|2:8|2:9|3:0|3:1|3:10|3:11|3:12|3:13|3:14|3:15|3:16|3:17|3:18|3:19|3:2|3:20|3:21|3:22|3:23|3:24|3:25|3:26|3:27|3:28|3:29|3:3|3:30|3:31|3:32|3:33|3:34|3:35|3:36|3:37|3:38|3:39|3:4|3:40|3:41|3:42|3:43|3:44|3:45|3:46|3:47|3:48|3:49|3:5|3:50|3:51|3:52|3:53|3:54|3:55|3:56|3:57|3:58|3:59|3:6|3:60|3:61|3:62|3:63|3:7|3:8|3:9|4:0|4:1|4:10|4:11|4:12|4:13|4:14|4:15|4:16|4:17|4:18|4:19|4:2|4:20|4:21|4:22|4:23|4:24|4:25|4:26|4:27|4:28|4:29|4:3|4:30|4:31|4:32|4:33|4:34|4:35|4:36|4:37|4:38|4:39|4:4|4:40|4:41|4:42|4:43|4:44|4:45|4:46|4:47|4:48|4:49|4:5|4:50|4:51|4:52|4:53|4:54|4:55|4:56|4:57|4:58|4:59|4:6|4:60|4:61|4:62|4:63|4:7|4:8|4:9|5:0|5:1|5:10|5:11|5:12|5:13|5:14|5:15|5:16|5:17|5:18|5:19|5:2|5:20|5:21|5:22|5:23|5:24|5:25|5:26|5:27|5:28|5:29|5:3|5:30|5:31|5:32|5:33|5:34|5:35|5:36|5:37|5:38|5:39|5:4|5:40|5:41|5:42|5:43|5:44|5:45|5:46|5:47|5:48|5:49|5:5|5:50|5:51|5:52|5:53|5:54|5:55|5:56|5:57|5:58|5:59|5:6|5:60|5:61|5:62|5:63|5:7|5:8|5:9
TIERING-OFF-QJ-OFF-QJFL-OFF,168,exact-v9-5-to-6mwe,134784,drum,C2-MIXTURE-PREFIX,320,0,291.3,1|2|3|4|5,1:0|1:1|1:10|1:11|1:12|1:13|1:14|1:15|1:16|1:17|1:18|1:19|1:2|1:20|1:21|1:22|1:23|1:24|1:25|1:26|1:27|1:28|1:29|1:3|1:30|1:31|1:32|1:33|1:34|1:35|1:36|1:37|1:38|1:39|1:4|1:40|1:41|1:42|1:43|1:44|1:45|1:46|1:47|1:48|1:49|1:5|1:50|1:51|1:52|1:53|1:54|1:55|1:56|1:57|1:58|1:59|1:6|1:60|1:61|1:62|1:63|1:7|1:8|1:9|2:0|2:1|2:10|2:11|2:12|2:13|2:14|2:15|2:16|2:17|2:18|2:19|2:2|2:20|2:21|2:22|2:23|2:24|2:25|2:26|2:27|2:28|2:29|2:3|2:30|2:31|2:32|2:33|2:34|2:35|2:36|2:37|2:38|2:39|2:4|2:40|2:41|2:42|2:43|2:44|2:45|2:46|2:47|2:48|2:49|2:5|2:50|2:51|2:52|2:53|2:54|2:55|2:56|2:57|2:58|2:59|2:6|2:60|2:61|2:62|2:63|2:7|2:8|2:9|3:0|3:1|3:10|3:11|3:12|3:13|3:14|3:15|3:16|3:17|3:18|3:19|3:2|3:20|3:21|3:22|3:23|3:24|3:25|3:26|3:27|3:28|3:29|3:3|3:30|3:31|3:32|3:33|3:34|3:35|3:36|3:37|3:38|3:39|3:4|3:40|3:41|3:42|3:43|3:44|3:45|3:46|3:47|3:48|3:49|3:5|3:50|3:51|3:52|3:53|3:54|3:55|3:56|3:57|3:58|3:59|3:6|3:60|3:61|3:62|3:63|3:7|3:8|3:9|4:0|4:1|4:10|4:11|4:12|4:13|4:14|4:15|4:16|4:17|4:18|4:19|4:2|4:20|4:21|4:22|4:23|4:24|4:25|4:26|4:27|4:28|4:29|4:3|4:30|4:31|4:32|4:33|4:34|4:35|4:36|4:37|4:38|4:39|4:4|4:40|4:41|4:42|4:43|4:44|4:45|4:46|4:47|4:48|4:49|4:5|4:50|4:51|4:52|4:53|4:54|4:55|4:56|4:57|4:58|4:59|4:6|4:60|4:61|4:62|4:63|4:7|4:8|4:9|5:0|5:1|5:10|5:11|5:12|5:13|5:14|5:15|5:16|5:17|5:18|5:19|5:2|5:20|5:21|5:22|5:23|5:24|5:25|5:26|5:27|5:28|5:29|5:3|5:30|5:31|5:32|5:33|5:34|5:35|5:36|5:37|5:38|5:39|5:4|5:40|5:41|5:42|5:43|5:44|5:45|5:46|5:47|5:48|5:49|5:5|5:50|5:51|5:52|5:53|5:54|5:55|5:56|5:57|5:58|5:59|5:6|5:60|5:61|5:62|5:63|5:7|5:8|5:9
TIERING-OFF-QJ-OFF-QJFL-OFF,169,exact-v9-5-to-6mwe,134784,feedwater-inventory,C2-MIXTURE-PREFIX,1,0,133.3,3,3:62
TIERING-OFF-QJ-OFF-QJFL-OFF,17,background-reference,18000,outlet,C2-MIXTURE-PREFIX,320,0,261.6,1|2|3|4|5,1:0|1:1|1:10|1:11|1:12|1:13|1:14|1:15|1:16|1:17|1:18|1:19|1:2|1:20|1:21|1:22|1:23|1:24|1:25|1:26|1:27|1:28|1:29|1:3|1:30|1:31|1:32|1:33|1:34|1:35|1:36|1:37|1:38|1:39|1:4|1:40|1:41|1:42|1:43|1:44|1:45|1:46|1:47|1:48|1:49|1:5|1:50|1:51|1:52|1:53|1:54|1:55|1:56|1:57|1:58|1:59|1:6|1:60|1:61|1:62|1:63|1:7|1:8|1:9|2:0|2:1|2:10|2:11|2:12|2:13|2:14|2:15|2:16|2:17|2:18|2:19|2:2|2:20|2:21|2:22|2:23|2:24|2:25|2:26|2:27|2:28|2:29|2:3|2:30|2:31|2:32|2:33|2:34|2:35|2:36|2:37|2:38|2:39|2:4|2:40|2:41|2:42|2:43|2:44|2:45|2:46|2:47|2:48|2:49|2:5|2:50|2:51|2:52|2:53|2:54|2:55|2:56|2:57|2:58|2:59|2:6|2:60|2:61|2:62|2:63|2:7|2:8|2:9|3:0|3:1|3:10|3:11|3:12|3:13|3:14|3:15|3:16|3:17|3:18|3:19|3:2|3:20|3:21|3:22|3:23|3:24|3:25|3:26|3:27|3:28|3:29|3:3|3:30|3:31|3:32|3:33|3:34|3:35|3:36|3:37|3:38|3:39|3:4|3:40|3:41|3:42|3:43|3:44|3:45|3:46|3:47|3:48|3:49|3:5|3:50|3:51|3:52|3:53|3:54|3:55|3:56|3:57|3:58|3:59|3:6|3:60|3:61|3:62|3:63|3:7|3:8|3:9|4:0|4:1|4:10|4:11|4:12|4:13|4:14|4:15|4:16|4:17|4:18|4:19|4:2|4:20|4:21|4:22|4:23|4:24|4:25|4:26|4:27|4:28|4:29|4:3|4:30|4:31|4:32|4:33|4:34|4:35|4:36|4:37|4:38|4:39|4:4|4:40|4:41|4:42|4:43|4:44|4:45|4:46|4:47|4:48|4:49|4:5|4:50|4:51|4:52|4:53|4:54|4:55|4:56|4:57|4:58|4:59|4:6|4:60|4:61|4:62|4:63|4:7|4:8|4:9|5:0|5:1|5:10|5:11|5:12|5:13|5:14|5:15|5:16|5:17|5:18|5:19|5:2|5:20|5:21|5:22|5:23|5:24|5:25|5:26|5:27|5:28|5:29|5:3|5:30|5:31|5:32|5:33|5:34|5:35|5:36|5:37|5:38|5:39|5:4|5:40|5:41|5:42|5:43|5:44|5:45|5:46|5:47|5:48|5:49|5:5|5:50|5:51|5:52|5:53|5:54|5:55|5:56|5:57|5:58|5:59|5:6|5:60|5:61|5:62|5:63|5:7|5:8|5:9
TIERING-OFF-QJ-OFF-QJFL-OFF,170,exact-v9-5-to-6mwe,140784,suction,C2-MIXTURE-PREFIX,320,1,409.7,1|2|3|4|5,1:0|1:1|1:10|1:11|1:12|1:13|1:14|1:15|1:16|1:17|1:18|1:19|1:2|1:20|1:21|1:22|1:23|1:24|1:25|1:26|1:27|1:28|1:29|1:3|1:30|1:31|1:32|1:33|1:34|1:35|1:36|1:37|1:38|1:39|1:4|1:40|1:41|1:42|1:43|1:44|1:45|1:46|1:47|1:48|1:49|1:5|1:50|1:51|1:52|1:53|1:54|1:55|1:56|1:57|1:58|1:59|1:6|1:60|1:61|1:62|1:63|1:7|1:8|1:9|2:0|2:1|2:10|2:11|2:12|2:13|2:14|2:15|2:16|2:17|2:18|2:19|2:2|2:20|2:21|2:22|2:23|2:24|2:25|2:26|2:27|2:28|2:29|2:3|2:30|2:31|2:32|2:33|2:34|2:35|2:36|2:37|2:38|2:39|2:4|2:40|2:41|2:42|2:43|2:44|2:45|2:46|2:47|2:48|2:49|2:5|2:50|2:51|2:52|2:53|2:54|2:55|2:56|2:57|2:58|2:59|2:6|2:60|2:61|2:62|2:63|2:7|2:8|2:9|3:0|3:1|3:10|3:11|3:12|3:13|3:14|3:15|3:16|3:17|3:18|3:19|3:2|3:20|3:21|3:22|3:23|3:24|3:25|3:26|3:27|3:28|3:29|3:3|3:30|3:31|3:32|3:33|3:34|3:35|3:36|3:37|3:38|3:39|3:4|3:40|3:41|3:42|3:43|3:44|3:45|3:46|3:47|3:48|3:49|3:5|3:50|3:51|3:52|3:53|3:54|3:55|3:56|3:57|3:58|3:59|3:6|3:60|3:61|3:62|3:63|3:7|3:8|3:9|4:0|4:1|4:10|4:11|4:12|4:13|4:14|4:15|4:16|4:17|4:18|4:19|4:2|4:20|4:21|4:22|4:23|4:24|4:25|4:26|4:27|4:28|4:29|4:3|4:30|4:31|4:32|4:33|4:34|4:35|4:36|4:37|4:38|4:39|4:4|4:40|4:41|4:42|4:43|4:44|4:45|4:46|4:47|4:48|4:49|4:5|4:50|4:51|4:52|4:53|4:54|4:55|4:56|4:57|4:58|4:59|4:6|4:60|4:61|4:62|4:63|4:7|4:8|4:9|5:0|5:1|5:10|5:11|5:12|5:13|5:14|5:15|5:16|5:17|5:18|5:19|5:2|5:20|5:21|5:22|5:23|5:24|5:25|5:26|5:27|5:28|5:29|5:3|5:30|5:31|5:32|5:33|5:34|5:35|5:36|5:37|5:38|5:39|5:4|5:40|5:41|5:42|5:43|5:44|5:45|5:46|5:47|5:48|5:49|5:5|5:50|5:51|5:52|5:53|5:54|5:55|5:56|5:57|5:58|5:59|5:6|5:60|5:61|5:62|5:63|5:7|5:8|5:9
TIERING-OFF-QJ-OFF-QJFL-OFF,171,exact-v9-5-to-6mwe,140784,pressure,C2-MIXTURE-PREFIX,320,0,225,1|2|3|4|5,1:0|1:1|1:10|1:11|1:12|1:13|1:14|1:15|1:16|1:17|1:18|1:19|1:2|1:20|1:21|1:22|1:23|1:24|1:25|1:26|1:27|1:28|1:29|1:3|1:30|1:31|1:32|1:33|1:34|1:35|1:36|1:37|1:38|1:39|1:4|1:40|1:41|1:42|1:43|1:44|1:45|1:46|1:47|1:48|1:49|1:5|1:50|1:51|1:52|1:53|1:54|1:55|1:56|1:57|1:58|1:59|1:6|1:60|1:61|1:62|1:63|1:7|1:8|1:9|2:0|2:1|2:10|2:11|2:12|2:13|2:14|2:15|2:16|2:17|2:18|2:19|2:2|2:20|2:21|2:22|2:23|2:24|2:25|2:26|2:27|2:28|2:29|2:3|2:30|2:31|2:32|2:33|2:34|2:35|2:36|2:37|2:38|2:39|2:4|2:40|2:41|2:42|2:43|2:44|2:45|2:46|2:47|2:48|2:49|2:5|2:50|2:51|2:52|2:53|2:54|2:55|2:56|2:57|2:58|2:59|2:6|2:60|2:61|2:62|2:63|2:7|2:8|2:9|3:0|3:1|3:10|3:11|3:12|3:13|3:14|3:15|3:16|3:17|3:18|3:19|3:2|3:20|3:21|3:22|3:23|3:24|3:25|3:26|3:27|3:28|3:29|3:3|3:30|3:31|3:32|3:33|3:34|3:35|3:36|3:37|3:38|3:39|3:4|3:40|3:41|3:42|3:43|3:44|3:45|3:46|3:47|3:48|3:49|3:5|3:50|3:51|3:52|3:53|3:54|3:55|3:56|3:57|3:58|3:59|3:6|3:60|3:61|3:62|3:63|3:7|3:8|3:9|4:0|4:1|4:10|4:11|4:12|4:13|4:14|4:15|4:16|4:17|4:18|4:19|4:2|4:20|4:21|4:22|4:23|4:24|4:25|4:26|4:27|4:28|4:29|4:3|4:30|4:31|4:32|4:33|4:34|4:35|4:36|4:37|4:38|4:39|4:4|4:40|4:41|4:42|4:43|4:44|4:45|4:46|4:47|4:48|4:49|4:5|4:50|4:51|4:52|4:53|4:54|4:55|4:56|4:57|4:58|4:59|4:6|4:60|4:61|4:62|4:63|4:7|4:8|4:9|5:0|5:1|5:10|5:11|5:12|5:13|5:14|5:15|5:16|5:17|5:18|5:19|5:2|5:20|5:21|5:22|5:23|5:24|5:25|5:26|5:27|5:28|5:29|5:3|5:30|5:31|5:32|5:33|5:34|5:35|5:36|5:37|5:38|5:39|5:4|5:40|5:41|5:42|5:43|5:44|5:45|5:46|5:47|5:48|5:49|5:5|5:50|5:51|5:52|5:53|5:54|5:55|5:56|5:57|5:58|5:59|5:6|5:60|5:61|5:62|5:63|5:7|5:8|5:9
TIERING-OFF-QJ-OFF-QJFL-OFF,172,exact-v9-5-to-6mwe,140784,outlet,C2-MIXTURE-PREFIX,320,0,239.3,1|2|3|4|5,1:0|1:1|1:10|1:11|1:12|1:13|1:14|1:15|1:16|1:17|1:18|1:19|1:2|1:20|1:21|1:22|1:23|1:24|1:25|1:26|1:27|1:28|1:29|1:3|1:30|1:31|1:32|1:33|1:34|1:35|1:36|1:37|1:38|1:39|1:4|1:40|1:41|1:42|1:43|1:44|1:45|1:46|1:47|1:48|1:49|1:5|1:50|1:51|1:52|1:53|1:54|1:55|1:56|1:57|1:58|1:59|1:6|1:60|1:61|1:62|1:63|1:7|1:8|1:9|2:0|2:1|2:10|2:11|2:12|2:13|2:14|2:15|2:16|2:17|2:18|2:19|2:2|2:20|2:21|2:22|2:23|2:24|2:25|2:26|2:27|2:28|2:29|2:3|2:30|2:31|2:32|2:33|2:34|2:35|2:36|2:37|2:38|2:39|2:4|2:40|2:41|2:42|2:43|2:44|2:45|2:46|2:47|2:48|2:49|2:5|2:50|2:51|2:52|2:53|2:54|2:55|2:56|2:57|2:58|2:59|2:6|2:60|2:61|2:62|2:63|2:7|2:8|2:9|3:0|3:1|3:10|3:11|3:12|3:13|3:14|3:15|3:16|3:17|3:18|3:19|3:2|3:20|3:21|3:22|3:23|3:24|3:25|3:26|3:27|3:28|3:29|3:3|3:30|3:31|3:32|3:33|3:34|3:35|3:36|3:37|3:38|3:39|3:4|3:40|3:41|3:42|3:43|3:44|3:45|3:46|3:47|3:48|3:49|3:5|3:50|3:51|3:52|3:53|3:54|3:55|3:56|3:57|3:58|3:59|3:6|3:60|3:61|3:62|3:63|3:7|3:8|3:9|4:0|4:1|4:10|4:11|4:12|4:13|4:14|4:15|4:16|4:17|4:18|4:19|4:2|4:20|4:21|4:22|4:23|4:24|4:25|4:26|4:27|4:28|4:29|4:3|4:30|4:31|4:32|4:33|4:34|4:35|4:36|4:37|4:38|4:39|4:4|4:40|4:41|4:42|4:43|4:44|4:45|4:46|4:47|4:48|4:49|4:5|4:50|4:51|4:52|4:53|4:54|4:55|4:56|4:57|4:58|4:59|4:6|4:60|4:61|4:62|4:63|4:7|4:8|4:9|5:0|5:1|5:10|5:11|5:12|5:13|5:14|5:15|5:16|5:17|5:18|5:19|5:2|5:20|5:21|5:22|5:23|5:24|5:25|5:26|5:27|5:28|5:29|5:3|5:30|5:31|5:32|5:33|5:34|5:35|5:36|5:37|5:38|5:39|5:4|5:40|5:41|5:42|5:43|5:44|5:45|5:46|5:47|5:48|5:49|5:5|5:50|5:51|5:52|5:53|5:54|5:55|5:56|5:57|5:58|5:59|5:6|5:60|5:61|5:62|5:63|5:7|5:8|5:9
TIERING-OFF-QJ-OFF-QJFL-OFF,173,exact-v9-5-to-6mwe,140784,drum,C2-MIXTURE-PREFIX,320,0,227.3,1|2|3|4|5,1:0|1:1|1:10|1:11|1:12|1:13|1:14|1:15|1:16|1:17|1:18|1:19|1:2|1:20|1:21|1:22|1:23|1:24|1:25|1:26|1:27|1:28|1:29|1:3|1:30|1:31|1:32|1:33|1:34|1:35|1:36|1:37|1:38|1:39|1:4|1:40|1:41|1:42|1:43|1:44|1:45|1:46|1:47|1:48|1:49|1:5|1:50|1:51|1:52|1:53|1:54|1:55|1:56|1:57|1:58|1:59|1:6|1:60|1:61|1:62|1:63|1:7|1:8|1:9|2:0|2:1|2:10|2:11|2:12|2:13|2:14|2:15|2:16|2:17|2:18|2:19|2:2|2:20|2:21|2:22|2:23|2:24|2:25|2:26|2:27|2:28|2:29|2:3|2:30|2:31|2:32|2:33|2:34|2:35|2:36|2:37|2:38|2:39|2:4|2:40|2:41|2:42|2:43|2:44|2:45|2:46|2:47|2:48|2:49|2:5|2:50|2:51|2:52|2:53|2:54|2:55|2:56|2:57|2:58|2:59|2:6|2:60|2:61|2:62|2:63|2:7|2:8|2:9|3:0|3:1|3:10|3:11|3:12|3:13|3:14|3:15|3:16|3:17|3:18|3:19|3:2|3:20|3:21|3:22|3:23|3:24|3:25|3:26|3:27|3:28|3:29|3:3|3:30|3:31|3:32|3:33|3:34|3:35|3:36|3:37|3:38|3:39|3:4|3:40|3:41|3:42|3:43|3:44|3:45|3:46|3:47|3:48|3:49|3:5|3:50|3:51|3:52|3:53|3:54|3:55|3:56|3:57|3:58|3:59|3:6|3:60|3:61|3:62|3:63|3:7|3:8|3:9|4:0|4:1|4:10|4:11|4:12|4:13|4:14|4:15|4:16|4:17|4:18|4:19|4:2|4:20|4:21|4:22|4:23|4:24|4:25|4:26|4:27|4:28|4:29|4:3|4:30|4:31|4:32|4:33|4:34|4:35|4:36|4:37|4:38|4:39|4:4|4:40|4:41|4:42|4:43|4:44|4:45|4:46|4:47|4:48|4:49|4:5|4:50|4:51|4:52|4:53|4:54|4:55|4:56|4:57|4:58|4:59|4:6|4:60|4:61|4:62|4:63|4:7|4:8|4:9|5:0|5:1|5:10|5:11|5:12|5:13|5:14|5:15|5:16|5:17|5:18|5:19|5:2|5:20|5:21|5:22|5:23|5:24|5:25|5:26|5:27|5:28|5:29|5:3|5:30|5:31|5:32|5:33|5:34|5:35|5:36|5:37|5:38|5:39|5:4|5:40|5:41|5:42|5:43|5:44|5:45|5:46|5:47|5:48|5:49|5:5|5:50|5:51|5:52|5:53|5:54|5:55|5:56|5:57|5:58|5:59|5:6|5:60|5:61|5:62|5:63|5:7|5:8|5:9
TIERING-OFF-QJ-OFF-QJFL-OFF,175,exact-v9-5-to-6mwe,146784,suction,C2-MIXTURE-PREFIX,320,0,268.7,1|2|3|4|5,1:0|1:1|1:10|1:11|1:12|1:13|1:14|1:15|1:16|1:17|1:18|1:19|1:2|1:20|1:21|1:22|1:23|1:24|1:25|1:26|1:27|1:28|1:29|1:3|1:30|1:31|1:32|1:33|1:34|1:35|1:36|1:37|1:38|1:39|1:4|1:40|1:41|1:42|1:43|1:44|1:45|1:46|1:47|1:48|1:49|1:5|1:50|1:51|1:52|1:53|1:54|1:55|1:56|1:57|1:58|1:59|1:6|1:60|1:61|1:62|1:63|1:7|1:8|1:9|2:0|2:1|2:10|2:11|2:12|2:13|2:14|2:15|2:16|2:17|2:18|2:19|2:2|2:20|2:21|2:22|2:23|2:24|2:25|2:26|2:27|2:28|2:29|2:3|2:30|2:31|2:32|2:33|2:34|2:35|2:36|2:37|2:38|2:39|2:4|2:40|2:41|2:42|2:43|2:44|2:45|2:46|2:47|2:48|2:49|2:5|2:50|2:51|2:52|2:53|2:54|2:55|2:56|2:57|2:58|2:59|2:6|2:60|2:61|2:62|2:63|2:7|2:8|2:9|3:0|3:1|3:10|3:11|3:12|3:13|3:14|3:15|3:16|3:17|3:18|3:19|3:2|3:20|3:21|3:22|3:23|3:24|3:25|3:26|3:27|3:28|3:29|3:3|3:30|3:31|3:32|3:33|3:34|3:35|3:36|3:37|3:38|3:39|3:4|3:40|3:41|3:42|3:43|3:44|3:45|3:46|3:47|3:48|3:49|3:5|3:50|3:51|3:52|3:53|3:54|3:55|3:56|3:57|3:58|3:59|3:6|3:60|3:61|3:62|3:63|3:7|3:8|3:9|4:0|4:1|4:10|4:11|4:12|4:13|4:14|4:15|4:16|4:17|4:18|4:19|4:2|4:20|4:21|4:22|4:23|4:24|4:25|4:26|4:27|4:28|4:29|4:3|4:30|4:31|4:32|4:33|4:34|4:35|4:36|4:37|4:38|4:39|4:4|4:40|4:41|4:42|4:43|4:44|4:45|4:46|4:47|4:48|4:49|4:5|4:50|4:51|4:52|4:53|4:54|4:55|4:56|4:57|4:58|4:59|4:6|4:60|4:61|4:62|4:63|4:7|4:8|4:9|5:0|5:1|5:10|5:11|5:12|5:13|5:14|5:15|5:16|5:17|5:18|5:19|5:2|5:20|5:21|5:22|5:23|5:24|5:25|5:26|5:27|5:28|5:29|5:3|5:30|5:31|5:32|5:33|5:34|5:35|5:36|5:37|5:38|5:39|5:4|5:40|5:41|5:42|5:43|5:44|5:45|5:46|5:47|5:48|5:49|5:5|5:50|5:51|5:52|5:53|5:54|5:55|5:56|5:57|5:58|5:59|5:6|5:60|5:61|5:62|5:63|5:7|5:8|5:9
TIERING-OFF-QJ-OFF-QJFL-OFF,176,exact-v9-5-to-6mwe,146784,pressure,C2-MIXTURE-PREFIX,320,0,255.8,1|2|3|4|5,1:0|1:1|1:10|1:11|1:12|1:13|1:14|1:15|1:16|1:17|1:18|1:19|1:2|1:20|1:21|1:22|1:23|1:24|1:25|1:26|1:27|1:28|1:29|1:3|1:30|1:31|1:32|1:33|1:34|1:35|1:36|1:37|1:38|1:39|1:4|1:40|1:41|1:42|1:43|1:44|1:45|1:46|1:47|1:48|1:49|1:5|1:50|1:51|1:52|1:53|1:54|1:55|1:56|1:57|1:58|1:59|1:6|1:60|1:61|1:62|1:63|1:7|1:8|1:9|2:0|2:1|2:10|2:11|2:12|2:13|2:14|2:15|2:16|2:17|2:18|2:19|2:2|2:20|2:21|2:22|2:23|2:24|2:25|2:26|2:27|2:28|2:29|2:3|2:30|2:31|2:32|2:33|2:34|2:35|2:36|2:37|2:38|2:39|2:4|2:40|2:41|2:42|2:43|2:44|2:45|2:46|2:47|2:48|2:49|2:5|2:50|2:51|2:52|2:53|2:54|2:55|2:56|2:57|2:58|2:59|2:6|2:60|2:61|2:62|2:63|2:7|2:8|2:9|3:0|3:1|3:10|3:11|3:12|3:13|3:14|3:15|3:16|3:17|3:18|3:19|3:2|3:20|3:21|3:22|3:23|3:24|3:25|3:26|3:27|3:28|3:29|3:3|3:30|3:31|3:32|3:33|3:34|3:35|3:36|3:37|3:38|3:39|3:4|3:40|3:41|3:42|3:43|3:44|3:45|3:46|3:47|3:48|3:49|3:5|3:50|3:51|3:52|3:53|3:54|3:55|3:56|3:57|3:58|3:59|3:6|3:60|3:61|3:62|3:63|3:7|3:8|3:9|4:0|4:1|4:10|4:11|4:12|4:13|4:14|4:15|4:16|4:17|4:18|4:19|4:2|4:20|4:21|4:22|4:23|4:24|4:25|4:26|4:27|4:28|4:29|4:3|4:30|4:31|4:32|4:33|4:34|4:35|4:36|4:37|4:38|4:39|4:4|4:40|4:41|4:42|4:43|4:44|4:45|4:46|4:47|4:48|4:49|4:5|4:50|4:51|4:52|4:53|4:54|4:55|4:56|4:57|4:58|4:59|4:6|4:60|4:61|4:62|4:63|4:7|4:8|4:9|5:0|5:1|5:10|5:11|5:12|5:13|5:14|5:15|5:16|5:17|5:18|5:19|5:2|5:20|5:21|5:22|5:23|5:24|5:25|5:26|5:27|5:28|5:29|5:3|5:30|5:31|5:32|5:33|5:34|5:35|5:36|5:37|5:38|5:39|5:4|5:40|5:41|5:42|5:43|5:44|5:45|5:46|5:47|5:48|5:49|5:5|5:50|5:51|5:52|5:53|5:54|5:55|5:56|5:57|5:58|5:59|5:6|5:60|5:61|5:62|5:63|5:7|5:8|5:9
TIERING-OFF-QJ-OFF-QJFL-OFF,177,exact-v9-5-to-6mwe,146784,outlet,C2-MIXTURE-PREFIX,320,0,375.8,1|2|3|4|5,1:0|1:1|1:10|1:11|1:12|1:13|1:14|1:15|1:16|1:17|1:18|1:19|1:2|1:20|1:21|1:22|1:23|1:24|1:25|1:26|1:27|1:28|1:29|1:3|1:30|1:31|1:32|1:33|1:34|1:35|1:36|1:37|1:38|1:39|1:4|1:40|1:41|1:42|1:43|1:44|1:45|1:46|1:47|1:48|1:49|1:5|1:50|1:51|1:52|1:53|1:54|1:55|1:56|1:57|1:58|1:59|1:6|1:60|1:61|1:62|1:63|1:7|1:8|1:9|2:0|2:1|2:10|2:11|2:12|2:13|2:14|2:15|2:16|2:17|2:18|2:19|2:2|2:20|2:21|2:22|2:23|2:24|2:25|2:26|2:27|2:28|2:29|2:3|2:30|2:31|2:32|2:33|2:34|2:35|2:36|2:37|2:38|2:39|2:4|2:40|2:41|2:42|2:43|2:44|2:45|2:46|2:47|2:48|2:49|2:5|2:50|2:51|2:52|2:53|2:54|2:55|2:56|2:57|2:58|2:59|2:6|2:60|2:61|2:62|2:63|2:7|2:8|2:9|3:0|3:1|3:10|3:11|3:12|3:13|3:14|3:15|3:16|3:17|3:18|3:19|3:2|3:20|3:21|3:22|3:23|3:24|3:25|3:26|3:27|3:28|3:29|3:3|3:30|3:31|3:32|3:33|3:34|3:35|3:36|3:37|3:38|3:39|3:4|3:40|3:41|3:42|3:43|3:44|3:45|3:46|3:47|3:48|3:49|3:5|3:50|3:51|3:52|3:53|3:54|3:55|3:56|3:57|3:58|3:59|3:6|3:60|3:61|3:62|3:63|3:7|3:8|3:9|4:0|4:1|4:10|4:11|4:12|4:13|4:14|4:15|4:16|4:17|4:18|4:19|4:2|4:20|4:21|4:22|4:23|4:24|4:25|4:26|4:27|4:28|4:29|4:3|4:30|4:31|4:32|4:33|4:34|4:35|4:36|4:37|4:38|4:39|4:4|4:40|4:41|4:42|4:43|4:44|4:45|4:46|4:47|4:48|4:49|4:5|4:50|4:51|4:52|4:53|4:54|4:55|4:56|4:57|4:58|4:59|4:6|4:60|4:61|4:62|4:63|4:7|4:8|4:9|5:0|5:1|5:10|5:11|5:12|5:13|5:14|5:15|5:16|5:17|5:18|5:19|5:2|5:20|5:21|5:22|5:23|5:24|5:25|5:26|5:27|5:28|5:29|5:3|5:30|5:31|5:32|5:33|5:34|5:35|5:36|5:37|5:38|5:39|5:4|5:40|5:41|5:42|5:43|5:44|5:45|5:46|5:47|5:48|5:49|5:5|5:50|5:51|5:52|5:53|5:54|5:55|5:56|5:57|5:58|5:59|5:6|5:60|5:61|5:62|5:63|5:7|5:8|5:9
TIERING-OFF-QJ-OFF-QJFL-OFF,178,exact-v9-5-to-6mwe,146784,drum,C2-MIXTURE-PREFIX,320,0,219.7,1|2|3|4|5,1:0|1:1|1:10|1:11|1:12|1:13|1:14|1:15|1:16|1:17|1:18|1:19|1:2|1:20|1:21|1:22|1:23|1:24|1:25|1:26|1:27|1:28|1:29|1:3|1:30|1:31|1:32|1:33|1:34|1:35|1:36|1:37|1:38|1:39|1:4|1:40|1:41|1:42|1:43|1:44|1:45|1:46|1:47|1:48|1:49|1:5|1:50|1:51|1:52|1:53|1:54|1:55|1:56|1:57|1:58|1:59|1:6|1:60|1:61|1:62|1:63|1:7|1:8|1:9|2:0|2:1|2:10|2:11|2:12|2:13|2:14|2:15|2:16|2:17|2:18|2:19|2:2|2:20|2:21|2:22|2:23|2:24|2:25|2:26|2:27|2:28|2:29|2:3|2:30|2:31|2:32|2:33|2:34|2:35|2:36|2:37|2:38|2:39|2:4|2:40|2:41|2:42|2:43|2:44|2:45|2:46|2:47|2:48|2:49|2:5|2:50|2:51|2:52|2:53|2:54|2:55|2:56|2:57|2:58|2:59|2:6|2:60|2:61|2:62|2:63|2:7|2:8|2:9|3:0|3:1|3:10|3:11|3:12|3:13|3:14|3:15|3:16|3:17|3:18|3:19|3:2|3:20|3:21|3:22|3:23|3:24|3:25|3:26|3:27|3:28|3:29|3:3|3:30|3:31|3:32|3:33|3:34|3:35|3:36|3:37|3:38|3:39|3:4|3:40|3:41|3:42|3:43|3:44|3:45|3:46|3:47|3:48|3:49|3:5|3:50|3:51|3:52|3:53|3:54|3:55|3:56|3:57|3:58|3:59|3:6|3:60|3:61|3:62|3:63|3:7|3:8|3:9|4:0|4:1|4:10|4:11|4:12|4:13|4:14|4:15|4:16|4:17|4:18|4:19|4:2|4:20|4:21|4:22|4:23|4:24|4:25|4:26|4:27|4:28|4:29|4:3|4:30|4:31|4:32|4:33|4:34|4:35|4:36|4:37|4:38|4:39|4:4|4:40|4:41|4:42|4:43|4:44|4:45|4:46|4:47|4:48|4:49|4:5|4:50|4:51|4:52|4:53|4:54|4:55|4:56|4:57|4:58|4:59|4:6|4:60|4:61|4:62|4:63|4:7|4:8|4:9|5:0|5:1|5:10|5:11|5:12|5:13|5:14|5:15|5:16|5:17|5:18|5:19|5:2|5:20|5:21|5:22|5:23|5:24|5:25|5:26|5:27|5:28|5:29|5:3|5:30|5:31|5:32|5:33|5:34|5:35|5:36|5:37|5:38|5:39|5:4|5:40|5:41|5:42|5:43|5:44|5:45|5:46|5:47|5:48|5:49|5:5|5:50|5:51|5:52|5:53|5:54|5:55|5:56|5:57|5:58|5:59|5:6|5:60|5:61|5:62|5:63|5:7|5:8|5:9
TIERING-OFF-QJ-OFF-QJFL-OFF,18,background-reference,18000,drum,C2-MIXTURE-PREFIX,320,0,317.2,1|2|3|4|5,1:0|1:1|1:10|1:11|1:12|1:13|1:14|1:15|1:16|1:17|1:18|1:19|1:2|1:20|1:21|1:22|1:23|1:24|1:25|1:26|1:27|1:28|1:29|1:3|1:30|1:31|1:32|1:33|1:34|1:35|1:36|1:37|1:38|1:39|1:4|1:40|1:41|1:42|1:43|1:44|1:45|1:46|1:47|1:48|1:49|1:5|1:50|1:51|1:52|1:53|1:54|1:55|1:56|1:57|1:58|1:59|1:6|1:60|1:61|1:62|1:63|1:7|1:8|1:9|2:0|2:1|2:10|2:11|2:12|2:13|2:14|2:15|2:16|2:17|2:18|2:19|2:2|2:20|2:21|2:22|2:23|2:24|2:25|2:26|2:27|2:28|2:29|2:3|2:30|2:31|2:32|2:33|2:34|2:35|2:36|2:37|2:38|2:39|2:4|2:40|2:41|2:42|2:43|2:44|2:45|2:46|2:47|2:48|2:49|2:5|2:50|2:51|2:52|2:53|2:54|2:55|2:56|2:57|2:58|2:59|2:6|2:60|2:61|2:62|2:63|2:7|2:8|2:9|3:0|3:1|3:10|3:11|3:12|3:13|3:14|3:15|3:16|3:17|3:18|3:19|3:2|3:20|3:21|3:22|3:23|3:24|3:25|3:26|3:27|3:28|3:29|3:3|3:30|3:31|3:32|3:33|3:34|3:35|3:36|3:37|3:38|3:39|3:4|3:40|3:41|3:42|3:43|3:44|3:45|3:46|3:47|3:48|3:49|3:5|3:50|3:51|3:52|3:53|3:54|3:55|3:56|3:57|3:58|3:59|3:6|3:60|3:61|3:62|3:63|3:7|3:8|3:9|4:0|4:1|4:10|4:11|4:12|4:13|4:14|4:15|4:16|4:17|4:18|4:19|4:2|4:20|4:21|4:22|4:23|4:24|4:25|4:26|4:27|4:28|4:29|4:3|4:30|4:31|4:32|4:33|4:34|4:35|4:36|4:37|4:38|4:39|4:4|4:40|4:41|4:42|4:43|4:44|4:45|4:46|4:47|4:48|4:49|4:5|4:50|4:51|4:52|4:53|4:54|4:55|4:56|4:57|4:58|4:59|4:6|4:60|4:61|4:62|4:63|4:7|4:8|4:9|5:0|5:1|5:10|5:11|5:12|5:13|5:14|5:15|5:16|5:17|5:18|5:19|5:2|5:20|5:21|5:22|5:23|5:24|5:25|5:26|5:27|5:28|5:29|5:3|5:30|5:31|5:32|5:33|5:34|5:35|5:36|5:37|5:38|5:39|5:4|5:40|5:41|5:42|5:43|5:44|5:45|5:46|5:47|5:48|5:49|5:5|5:50|5:51|5:52|5:53|5:54|5:55|5:56|5:57|5:58|5:59|5:6|5:60|5:61|5:62|5:63|5:7|5:8|5:9
TIERING-OFF-QJ-OFF-QJFL-OFF,180,exact-v9-5-to-6mwe,152784,suction,C2-MIXTURE-PREFIX,320,0,211.9,1|2|3|4|5,1:0|1:1|1:10|1:11|1:12|1:13|1:14|1:15|1:16|1:17|1:18|1:19|1:2|1:20|1:21|1:22|1:23|1:24|1:25|1:26|1:27|1:28|1:29|1:3|1:30|1:31|1:32|1:33|1:34|1:35|1:36|1:37|1:38|1:39|1:4|1:40|1:41|1:42|1:43|1:44|1:45|1:46|1:47|1:48|1:49|1:5|1:50|1:51|1:52|1:53|1:54|1:55|1:56|1:57|1:58|1:59|1:6|1:60|1:61|1:62|1:63|1:7|1:8|1:9|2:0|2:1|2:10|2:11|2:12|2:13|2:14|2:15|2:16|2:17|2:18|2:19|2:2|2:20|2:21|2:22|2:23|2:24|2:25|2:26|2:27|2:28|2:29|2:3|2:30|2:31|2:32|2:33|2:34|2:35|2:36|2:37|2:38|2:39|2:4|2:40|2:41|2:42|2:43|2:44|2:45|2:46|2:47|2:48|2:49|2:5|2:50|2:51|2:52|2:53|2:54|2:55|2:56|2:57|2:58|2:59|2:6|2:60|2:61|2:62|2:63|2:7|2:8|2:9|3:0|3:1|3:10|3:11|3:12|3:13|3:14|3:15|3:16|3:17|3:18|3:19|3:2|3:20|3:21|3:22|3:23|3:24|3:25|3:26|3:27|3:28|3:29|3:3|3:30|3:31|3:32|3:33|3:34|3:35|3:36|3:37|3:38|3:39|3:4|3:40|3:41|3:42|3:43|3:44|3:45|3:46|3:47|3:48|3:49|3:5|3:50|3:51|3:52|3:53|3:54|3:55|3:56|3:57|3:58|3:59|3:6|3:60|3:61|3:62|3:63|3:7|3:8|3:9|4:0|4:1|4:10|4:11|4:12|4:13|4:14|4:15|4:16|4:17|4:18|4:19|4:2|4:20|4:21|4:22|4:23|4:24|4:25|4:26|4:27|4:28|4:29|4:3|4:30|4:31|4:32|4:33|4:34|4:35|4:36|4:37|4:38|4:39|4:4|4:40|4:41|4:42|4:43|4:44|4:45|4:46|4:47|4:48|4:49|4:5|4:50|4:51|4:52|4:53|4:54|4:55|4:56|4:57|4:58|4:59|4:6|4:60|4:61|4:62|4:63|4:7|4:8|4:9|5:0|5:1|5:10|5:11|5:12|5:13|5:14|5:15|5:16|5:17|5:18|5:19|5:2|5:20|5:21|5:22|5:23|5:24|5:25|5:26|5:27|5:28|5:29|5:3|5:30|5:31|5:32|5:33|5:34|5:35|5:36|5:37|5:38|5:39|5:4|5:40|5:41|5:42|5:43|5:44|5:45|5:46|5:47|5:48|5:49|5:5|5:50|5:51|5:52|5:53|5:54|5:55|5:56|5:57|5:58|5:59|5:6|5:60|5:61|5:62|5:63|5:7|5:8|5:9
TIERING-OFF-QJ-OFF-QJFL-OFF,181,exact-v9-5-to-6mwe,152784,pressure,C2-MIXTURE-PREFIX,320,0,307,1|2|3|4|5,1:0|1:1|1:10|1:11|1:12|1:13|1:14|1:15|1:16|1:17|1:18|1:19|1:2|1:20|1:21|1:22|1:23|1:24|1:25|1:26|1:27|1:28|1:29|1:3|1:30|1:31|1:32|1:33|1:34|1:35|1:36|1:37|1:38|1:39|1:4|1:40|1:41|1:42|1:43|1:44|1:45|1:46|1:47|1:48|1:49|1:5|1:50|1:51|1:52|1:53|1:54|1:55|1:56|1:57|1:58|1:59|1:6|1:60|1:61|1:62|1:63|1:7|1:8|1:9|2:0|2:1|2:10|2:11|2:12|2:13|2:14|2:15|2:16|2:17|2:18|2:19|2:2|2:20|2:21|2:22|2:23|2:24|2:25|2:26|2:27|2:28|2:29|2:3|2:30|2:31|2:32|2:33|2:34|2:35|2:36|2:37|2:38|2:39|2:4|2:40|2:41|2:42|2:43|2:44|2:45|2:46|2:47|2:48|2:49|2:5|2:50|2:51|2:52|2:53|2:54|2:55|2:56|2:57|2:58|2:59|2:6|2:60|2:61|2:62|2:63|2:7|2:8|2:9|3:0|3:1|3:10|3:11|3:12|3:13|3:14|3:15|3:16|3:17|3:18|3:19|3:2|3:20|3:21|3:22|3:23|3:24|3:25|3:26|3:27|3:28|3:29|3:3|3:30|3:31|3:32|3:33|3:34|3:35|3:36|3:37|3:38|3:39|3:4|3:40|3:41|3:42|3:43|3:44|3:45|3:46|3:47|3:48|3:49|3:5|3:50|3:51|3:52|3:53|3:54|3:55|3:56|3:57|3:58|3:59|3:6|3:60|3:61|3:62|3:63|3:7|3:8|3:9|4:0|4:1|4:10|4:11|4:12|4:13|4:14|4:15|4:16|4:17|4:18|4:19|4:2|4:20|4:21|4:22|4:23|4:24|4:25|4:26|4:27|4:28|4:29|4:3|4:30|4:31|4:32|4:33|4:34|4:35|4:36|4:37|4:38|4:39|4:4|4:40|4:41|4:42|4:43|4:44|4:45|4:46|4:47|4:48|4:49|4:5|4:50|4:51|4:52|4:53|4:54|4:55|4:56|4:57|4:58|4:59|4:6|4:60|4:61|4:62|4:63|4:7|4:8|4:9|5:0|5:1|5:10|5:11|5:12|5:13|5:14|5:15|5:16|5:17|5:18|5:19|5:2|5:20|5:21|5:22|5:23|5:24|5:25|5:26|5:27|5:28|5:29|5:3|5:30|5:31|5:32|5:33|5:34|5:35|5:36|5:37|5:38|5:39|5:4|5:40|5:41|5:42|5:43|5:44|5:45|5:46|5:47|5:48|5:49|5:5|5:50|5:51|5:52|5:53|5:54|5:55|5:56|5:57|5:58|5:59|5:6|5:60|5:61|5:62|5:63|5:7|5:8|5:9
TIERING-OFF-QJ-OFF-QJFL-OFF,182,exact-v9-5-to-6mwe,152784,outlet,C2-MIXTURE-PREFIX,320,0,314.3,1|2|3|4|5,1:0|1:1|1:10|1:11|1:12|1:13|1:14|1:15|1:16|1:17|1:18|1:19|1:2|1:20|1:21|1:22|1:23|1:24|1:25|1:26|1:27|1:28|1:29|1:3|1:30|1:31|1:32|1:33|1:34|1:35|1:36|1:37|1:38|1:39|1:4|1:40|1:41|1:42|1:43|1:44|1:45|1:46|1:47|1:48|1:49|1:5|1:50|1:51|1:52|1:53|1:54|1:55|1:56|1:57|1:58|1:59|1:6|1:60|1:61|1:62|1:63|1:7|1:8|1:9|2:0|2:1|2:10|2:11|2:12|2:13|2:14|2:15|2:16|2:17|2:18|2:19|2:2|2:20|2:21|2:22|2:23|2:24|2:25|2:26|2:27|2:28|2:29|2:3|2:30|2:31|2:32|2:33|2:34|2:35|2:36|2:37|2:38|2:39|2:4|2:40|2:41|2:42|2:43|2:44|2:45|2:46|2:47|2:48|2:49|2:5|2:50|2:51|2:52|2:53|2:54|2:55|2:56|2:57|2:58|2:59|2:6|2:60|2:61|2:62|2:63|2:7|2:8|2:9|3:0|3:1|3:10|3:11|3:12|3:13|3:14|3:15|3:16|3:17|3:18|3:19|3:2|3:20|3:21|3:22|3:23|3:24|3:25|3:26|3:27|3:28|3:29|3:3|3:30|3:31|3:32|3:33|3:34|3:35|3:36|3:37|3:38|3:39|3:4|3:40|3:41|3:42|3:43|3:44|3:45|3:46|3:47|3:48|3:49|3:5|3:50|3:51|3:52|3:53|3:54|3:55|3:56|3:57|3:58|3:59|3:6|3:60|3:61|3:62|3:63|3:7|3:8|3:9|4:0|4:1|4:10|4:11|4:12|4:13|4:14|4:15|4:16|4:17|4:18|4:19|4:2|4:20|4:21|4:22|4:23|4:24|4:25|4:26|4:27|4:28|4:29|4:3|4:30|4:31|4:32|4:33|4:34|4:35|4:36|4:37|4:38|4:39|4:4|4:40|4:41|4:42|4:43|4:44|4:45|4:46|4:47|4:48|4:49|4:5|4:50|4:51|4:52|4:53|4:54|4:55|4:56|4:57|4:58|4:59|4:6|4:60|4:61|4:62|4:63|4:7|4:8|4:9|5:0|5:1|5:10|5:11|5:12|5:13|5:14|5:15|5:16|5:17|5:18|5:19|5:2|5:20|5:21|5:22|5:23|5:24|5:25|5:26|5:27|5:28|5:29|5:3|5:30|5:31|5:32|5:33|5:34|5:35|5:36|5:37|5:38|5:39|5:4|5:40|5:41|5:42|5:43|5:44|5:45|5:46|5:47|5:48|5:49|5:5|5:50|5:51|5:52|5:53|5:54|5:55|5:56|5:57|5:58|5:59|5:6|5:60|5:61|5:62|5:63|5:7|5:8|5:9
TIERING-OFF-QJ-OFF-QJFL-OFF,183,exact-v9-5-to-6mwe,152784,drum,C2-MIXTURE-PREFIX,320,1,425.7,1|2|3|4|5,1:0|1:1|1:10|1:11|1:12|1:13|1:14|1:15|1:16|1:17|1:18|1:19|1:2|1:20|1:21|1:22|1:23|1:24|1:25|1:26|1:27|1:28|1:29|1:3|1:30|1:31|1:32|1:33|1:34|1:35|1:36|1:37|1:38|1:39|1:4|1:40|1:41|1:42|1:43|1:44|1:45|1:46|1:47|1:48|1:49|1:5|1:50|1:51|1:52|1:53|1:54|1:55|1:56|1:57|1:58|1:59|1:6|1:60|1:61|1:62|1:63|1:7|1:8|1:9|2:0|2:1|2:10|2:11|2:12|2:13|2:14|2:15|2:16|2:17|2:18|2:19|2:2|2:20|2:21|2:22|2:23|2:24|2:25|2:26|2:27|2:28|2:29|2:3|2:30|2:31|2:32|2:33|2:34|2:35|2:36|2:37|2:38|2:39|2:4|2:40|2:41|2:42|2:43|2:44|2:45|2:46|2:47|2:48|2:49|2:5|2:50|2:51|2:52|2:53|2:54|2:55|2:56|2:57|2:58|2:59|2:6|2:60|2:61|2:62|2:63|2:7|2:8|2:9|3:0|3:1|3:10|3:11|3:12|3:13|3:14|3:15|3:16|3:17|3:18|3:19|3:2|3:20|3:21|3:22|3:23|3:24|3:25|3:26|3:27|3:28|3:29|3:3|3:30|3:31|3:32|3:33|3:34|3:35|3:36|3:37|3:38|3:39|3:4|3:40|3:41|3:42|3:43|3:44|3:45|3:46|3:47|3:48|3:49|3:5|3:50|3:51|3:52|3:53|3:54|3:55|3:56|3:57|3:58|3:59|3:6|3:60|3:61|3:62|3:63|3:7|3:8|3:9|4:0|4:1|4:10|4:11|4:12|4:13|4:14|4:15|4:16|4:17|4:18|4:19|4:2|4:20|4:21|4:22|4:23|4:24|4:25|4:26|4:27|4:28|4:29|4:3|4:30|4:31|4:32|4:33|4:34|4:35|4:36|4:37|4:38|4:39|4:4|4:40|4:41|4:42|4:43|4:44|4:45|4:46|4:47|4:48|4:49|4:5|4:50|4:51|4:52|4:53|4:54|4:55|4:56|4:57|4:58|4:59|4:6|4:60|4:61|4:62|4:63|4:7|4:8|4:9|5:0|5:1|5:10|5:11|5:12|5:13|5:14|5:15|5:16|5:17|5:18|5:19|5:2|5:20|5:21|5:22|5:23|5:24|5:25|5:26|5:27|5:28|5:29|5:3|5:30|5:31|5:32|5:33|5:34|5:35|5:36|5:37|5:38|5:39|5:4|5:40|5:41|5:42|5:43|5:44|5:45|5:46|5:47|5:48|5:49|5:5|5:50|5:51|5:52|5:53|5:54|5:55|5:56|5:57|5:58|5:59|5:6|5:60|5:61|5:62|5:63|5:7|5:8|5:9
TIERING-OFF-QJ-OFF-QJFL-OFF,184,exact-v9-5-to-6mwe,152784,feedwater-inventory,C2-MIXTURE-PREFIX,2,0,169,1|5,1:38|5:44
TIERING-OFF-QJ-OFF-QJFL-OFF,185,exact-v9-5-to-6mwe,158784,suction,C2-MIXTURE-PREFIX,320,1,582.5,1|2|3|4|5,1:0|1:1|1:10|1:11|1:12|1:13|1:14|1:15|1:16|1:17|1:18|1:19|1:2|1:20|1:21|1:22|1:23|1:24|1:25|1:26|1:27|1:28|1:29|1:3|1:30|1:31|1:32|1:33|1:34|1:35|1:36|1:37|1:38|1:39|1:4|1:40|1:41|1:42|1:43|1:44|1:45|1:46|1:47|1:48|1:49|1:5|1:50|1:51|1:52|1:53|1:54|1:55|1:56|1:57|1:58|1:59|1:6|1:60|1:61|1:62|1:63|1:7|1:8|1:9|2:0|2:1|2:10|2:11|2:12|2:13|2:14|2:15|2:16|2:17|2:18|2:19|2:2|2:20|2:21|2:22|2:23|2:24|2:25|2:26|2:27|2:28|2:29|2:3|2:30|2:31|2:32|2:33|2:34|2:35|2:36|2:37|2:38|2:39|2:4|2:40|2:41|2:42|2:43|2:44|2:45|2:46|2:47|2:48|2:49|2:5|2:50|2:51|2:52|2:53|2:54|2:55|2:56|2:57|2:58|2:59|2:6|2:60|2:61|2:62|2:63|2:7|2:8|2:9|3:0|3:1|3:10|3:11|3:12|3:13|3:14|3:15|3:16|3:17|3:18|3:19|3:2|3:20|3:21|3:22|3:23|3:24|3:25|3:26|3:27|3:28|3:29|3:3|3:30|3:31|3:32|3:33|3:34|3:35|3:36|3:37|3:38|3:39|3:4|3:40|3:41|3:42|3:43|3:44|3:45|3:46|3:47|3:48|3:49|3:5|3:50|3:51|3:52|3:53|3:54|3:55|3:56|3:57|3:58|3:59|3:6|3:60|3:61|3:62|3:63|3:7|3:8|3:9|4:0|4:1|4:10|4:11|4:12|4:13|4:14|4:15|4:16|4:17|4:18|4:19|4:2|4:20|4:21|4:22|4:23|4:24|4:25|4:26|4:27|4:28|4:29|4:3|4:30|4:31|4:32|4:33|4:34|4:35|4:36|4:37|4:38|4:39|4:4|4:40|4:41|4:42|4:43|4:44|4:45|4:46|4:47|4:48|4:49|4:5|4:50|4:51|4:52|4:53|4:54|4:55|4:56|4:57|4:58|4:59|4:6|4:60|4:61|4:62|4:63|4:7|4:8|4:9|5:0|5:1|5:10|5:11|5:12|5:13|5:14|5:15|5:16|5:17|5:18|5:19|5:2|5:20|5:21|5:22|5:23|5:24|5:25|5:26|5:27|5:28|5:29|5:3|5:30|5:31|5:32|5:33|5:34|5:35|5:36|5:37|5:38|5:39|5:4|5:40|5:41|5:42|5:43|5:44|5:45|5:46|5:47|5:48|5:49|5:5|5:50|5:51|5:52|5:53|5:54|5:55|5:56|5:57|5:58|5:59|5:6|5:60|5:61|5:62|5:63|5:7|5:8|5:9
TIERING-OFF-QJ-OFF-QJFL-OFF,186,exact-v9-5-to-6mwe,158784,pressure,C2-MIXTURE-PREFIX,320,0,229.7,1|2|3|4|5,1:0|1:1|1:10|1:11|1:12|1:13|1:14|1:15|1:16|1:17|1:18|1:19|1:2|1:20|1:21|1:22|1:23|1:24|1:25|1:26|1:27|1:28|1:29|1:3|1:30|1:31|1:32|1:33|1:34|1:35|1:36|1:37|1:38|1:39|1:4|1:40|1:41|1:42|1:43|1:44|1:45|1:46|1:47|1:48|1:49|1:5|1:50|1:51|1:52|1:53|1:54|1:55|1:56|1:57|1:58|1:59|1:6|1:60|1:61|1:62|1:63|1:7|1:8|1:9|2:0|2:1|2:10|2:11|2:12|2:13|2:14|2:15|2:16|2:17|2:18|2:19|2:2|2:20|2:21|2:22|2:23|2:24|2:25|2:26|2:27|2:28|2:29|2:3|2:30|2:31|2:32|2:33|2:34|2:35|2:36|2:37|2:38|2:39|2:4|2:40|2:41|2:42|2:43|2:44|2:45|2:46|2:47|2:48|2:49|2:5|2:50|2:51|2:52|2:53|2:54|2:55|2:56|2:57|2:58|2:59|2:6|2:60|2:61|2:62|2:63|2:7|2:8|2:9|3:0|3:1|3:10|3:11|3:12|3:13|3:14|3:15|3:16|3:17|3:18|3:19|3:2|3:20|3:21|3:22|3:23|3:24|3:25|3:26|3:27|3:28|3:29|3:3|3:30|3:31|3:32|3:33|3:34|3:35|3:36|3:37|3:38|3:39|3:4|3:40|3:41|3:42|3:43|3:44|3:45|3:46|3:47|3:48|3:49|3:5|3:50|3:51|3:52|3:53|3:54|3:55|3:56|3:57|3:58|3:59|3:6|3:60|3:61|3:62|3:63|3:7|3:8|3:9|4:0|4:1|4:10|4:11|4:12|4:13|4:14|4:15|4:16|4:17|4:18|4:19|4:2|4:20|4:21|4:22|4:23|4:24|4:25|4:26|4:27|4:28|4:29|4:3|4:30|4:31|4:32|4:33|4:34|4:35|4:36|4:37|4:38|4:39|4:4|4:40|4:41|4:42|4:43|4:44|4:45|4:46|4:47|4:48|4:49|4:5|4:50|4:51|4:52|4:53|4:54|4:55|4:56|4:57|4:58|4:59|4:6|4:60|4:61|4:62|4:63|4:7|4:8|4:9|5:0|5:1|5:10|5:11|5:12|5:13|5:14|5:15|5:16|5:17|5:18|5:19|5:2|5:20|5:21|5:22|5:23|5:24|5:25|5:26|5:27|5:28|5:29|5:3|5:30|5:31|5:32|5:33|5:34|5:35|5:36|5:37|5:38|5:39|5:4|5:40|5:41|5:42|5:43|5:44|5:45|5:46|5:47|5:48|5:49|5:5|5:50|5:51|5:52|5:53|5:54|5:55|5:56|5:57|5:58|5:59|5:6|5:60|5:61|5:62|5:63|5:7|5:8|5:9
TIERING-OFF-QJ-OFF-QJFL-OFF,187,exact-v9-5-to-6mwe,158784,outlet,C2-MIXTURE-PREFIX,320,0,251.7,1|2|3|4|5,1:0|1:1|1:10|1:11|1:12|1:13|1:14|1:15|1:16|1:17|1:18|1:19|1:2|1:20|1:21|1:22|1:23|1:24|1:25|1:26|1:27|1:28|1:29|1:3|1:30|1:31|1:32|1:33|1:34|1:35|1:36|1:37|1:38|1:39|1:4|1:40|1:41|1:42|1:43|1:44|1:45|1:46|1:47|1:48|1:49|1:5|1:50|1:51|1:52|1:53|1:54|1:55|1:56|1:57|1:58|1:59|1:6|1:60|1:61|1:62|1:63|1:7|1:8|1:9|2:0|2:1|2:10|2:11|2:12|2:13|2:14|2:15|2:16|2:17|2:18|2:19|2:2|2:20|2:21|2:22|2:23|2:24|2:25|2:26|2:27|2:28|2:29|2:3|2:30|2:31|2:32|2:33|2:34|2:35|2:36|2:37|2:38|2:39|2:4|2:40|2:41|2:42|2:43|2:44|2:45|2:46|2:47|2:48|2:49|2:5|2:50|2:51|2:52|2:53|2:54|2:55|2:56|2:57|2:58|2:59|2:6|2:60|2:61|2:62|2:63|2:7|2:8|2:9|3:0|3:1|3:10|3:11|3:12|3:13|3:14|3:15|3:16|3:17|3:18|3:19|3:2|3:20|3:21|3:22|3:23|3:24|3:25|3:26|3:27|3:28|3:29|3:3|3:30|3:31|3:32|3:33|3:34|3:35|3:36|3:37|3:38|3:39|3:4|3:40|3:41|3:42|3:43|3:44|3:45|3:46|3:47|3:48|3:49|3:5|3:50|3:51|3:52|3:53|3:54|3:55|3:56|3:57|3:58|3:59|3:6|3:60|3:61|3:62|3:63|3:7|3:8|3:9|4:0|4:1|4:10|4:11|4:12|4:13|4:14|4:15|4:16|4:17|4:18|4:19|4:2|4:20|4:21|4:22|4:23|4:24|4:25|4:26|4:27|4:28|4:29|4:3|4:30|4:31|4:32|4:33|4:34|4:35|4:36|4:37|4:38|4:39|4:4|4:40|4:41|4:42|4:43|4:44|4:45|4:46|4:47|4:48|4:49|4:5|4:50|4:51|4:52|4:53|4:54|4:55|4:56|4:57|4:58|4:59|4:6|4:60|4:61|4:62|4:63|4:7|4:8|4:9|5:0|5:1|5:10|5:11|5:12|5:13|5:14|5:15|5:16|5:17|5:18|5:19|5:2|5:20|5:21|5:22|5:23|5:24|5:25|5:26|5:27|5:28|5:29|5:3|5:30|5:31|5:32|5:33|5:34|5:35|5:36|5:37|5:38|5:39|5:4|5:40|5:41|5:42|5:43|5:44|5:45|5:46|5:47|5:48|5:49|5:5|5:50|5:51|5:52|5:53|5:54|5:55|5:56|5:57|5:58|5:59|5:6|5:60|5:61|5:62|5:63|5:7|5:8|5:9
TIERING-OFF-QJ-OFF-QJFL-OFF,188,exact-v9-5-to-6mwe,158784,drum,C2-MIXTURE-PREFIX,320,0,277.3,1|2|3|4|5,1:0|1:1|1:10|1:11|1:12|1:13|1:14|1:15|1:16|1:17|1:18|1:19|1:2|1:20|1:21|1:22|1:23|1:24|1:25|1:26|1:27|1:28|1:29|1:3|1:30|1:31|1:32|1:33|1:34|1:35|1:36|1:37|1:38|1:39|1:4|1:40|1:41|1:42|1:43|1:44|1:45|1:46|1:47|1:48|1:49|1:5|1:50|1:51|1:52|1:53|1:54|1:55|1:56|1:57|1:58|1:59|1:6|1:60|1:61|1:62|1:63|1:7|1:8|1:9|2:0|2:1|2:10|2:11|2:12|2:13|2:14|2:15|2:16|2:17|2:18|2:19|2:2|2:20|2:21|2:22|2:23|2:24|2:25|2:26|2:27|2:28|2:29|2:3|2:30|2:31|2:32|2:33|2:34|2:35|2:36|2:37|2:38|2:39|2:4|2:40|2:41|2:42|2:43|2:44|2:45|2:46|2:47|2:48|2:49|2:5|2:50|2:51|2:52|2:53|2:54|2:55|2:56|2:57|2:58|2:59|2:6|2:60|2:61|2:62|2:63|2:7|2:8|2:9|3:0|3:1|3:10|3:11|3:12|3:13|3:14|3:15|3:16|3:17|3:18|3:19|3:2|3:20|3:21|3:22|3:23|3:24|3:25|3:26|3:27|3:28|3:29|3:3|3:30|3:31|3:32|3:33|3:34|3:35|3:36|3:37|3:38|3:39|3:4|3:40|3:41|3:42|3:43|3:44|3:45|3:46|3:47|3:48|3:49|3:5|3:50|3:51|3:52|3:53|3:54|3:55|3:56|3:57|3:58|3:59|3:6|3:60|3:61|3:62|3:63|3:7|3:8|3:9|4:0|4:1|4:10|4:11|4:12|4:13|4:14|4:15|4:16|4:17|4:18|4:19|4:2|4:20|4:21|4:22|4:23|4:24|4:25|4:26|4:27|4:28|4:29|4:3|4:30|4:31|4:32|4:33|4:34|4:35|4:36|4:37|4:38|4:39|4:4|4:40|4:41|4:42|4:43|4:44|4:45|4:46|4:47|4:48|4:49|4:5|4:50|4:51|4:52|4:53|4:54|4:55|4:56|4:57|4:58|4:59|4:6|4:60|4:61|4:62|4:63|4:7|4:8|4:9|5:0|5:1|5:10|5:11|5:12|5:13|5:14|5:15|5:16|5:17|5:18|5:19|5:2|5:20|5:21|5:22|5:23|5:24|5:25|5:26|5:27|5:28|5:29|5:3|5:30|5:31|5:32|5:33|5:34|5:35|5:36|5:37|5:38|5:39|5:4|5:40|5:41|5:42|5:43|5:44|5:45|5:46|5:47|5:48|5:49|5:5|5:50|5:51|5:52|5:53|5:54|5:55|5:56|5:57|5:58|5:59|5:6|5:60|5:61|5:62|5:63|5:7|5:8|5:9
TIERING-OFF-QJ-OFF-QJFL-OFF,190,exact-v9-5-to-6mwe,164784,suction,C2-MIXTURE-PREFIX,320,0,207.1,1|2|3|4|5,1:0|1:1|1:10|1:11|1:12|1:13|1:14|1:15|1:16|1:17|1:18|1:19|1:2|1:20|1:21|1:22|1:23|1:24|1:25|1:26|1:27|1:28|1:29|1:3|1:30|1:31|1:32|1:33|1:34|1:35|1:36|1:37|1:38|1:39|1:4|1:40|1:41|1:42|1:43|1:44|1:45|1:46|1:47|1:48|1:49|1:5|1:50|1:51|1:52|1:53|1:54|1:55|1:56|1:57|1:58|1:59|1:6|1:60|1:61|1:62|1:63|1:7|1:8|1:9|2:0|2:1|2:10|2:11|2:12|2:13|2:14|2:15|2:16|2:17|2:18|2:19|2:2|2:20|2:21|2:22|2:23|2:24|2:25|2:26|2:27|2:28|2:29|2:3|2:30|2:31|2:32|2:33|2:34|2:35|2:36|2:37|2:38|2:39|2:4|2:40|2:41|2:42|2:43|2:44|2:45|2:46|2:47|2:48|2:49|2:5|2:50|2:51|2:52|2:53|2:54|2:55|2:56|2:57|2:58|2:59|2:6|2:60|2:61|2:62|2:63|2:7|2:8|2:9|3:0|3:1|3:10|3:11|3:12|3:13|3:14|3:15|3:16|3:17|3:18|3:19|3:2|3:20|3:21|3:22|3:23|3:24|3:25|3:26|3:27|3:28|3:29|3:3|3:30|3:31|3:32|3:33|3:34|3:35|3:36|3:37|3:38|3:39|3:4|3:40|3:41|3:42|3:43|3:44|3:45|3:46|3:47|3:48|3:49|3:5|3:50|3:51|3:52|3:53|3:54|3:55|3:56|3:57|3:58|3:59|3:6|3:60|3:61|3:62|3:63|3:7|3:8|3:9|4:0|4:1|4:10|4:11|4:12|4:13|4:14|4:15|4:16|4:17|4:18|4:19|4:2|4:20|4:21|4:22|4:23|4:24|4:25|4:26|4:27|4:28|4:29|4:3|4:30|4:31|4:32|4:33|4:34|4:35|4:36|4:37|4:38|4:39|4:4|4:40|4:41|4:42|4:43|4:44|4:45|4:46|4:47|4:48|4:49|4:5|4:50|4:51|4:52|4:53|4:54|4:55|4:56|4:57|4:58|4:59|4:6|4:60|4:61|4:62|4:63|4:7|4:8|4:9|5:0|5:1|5:10|5:11|5:12|5:13|5:14|5:15|5:16|5:17|5:18|5:19|5:2|5:20|5:21|5:22|5:23|5:24|5:25|5:26|5:27|5:28|5:29|5:3|5:30|5:31|5:32|5:33|5:34|5:35|5:36|5:37|5:38|5:39|5:4|5:40|5:41|5:42|5:43|5:44|5:45|5:46|5:47|5:48|5:49|5:5|5:50|5:51|5:52|5:53|5:54|5:55|5:56|5:57|5:58|5:59|5:6|5:60|5:61|5:62|5:63|5:7|5:8|5:9
TIERING-OFF-QJ-OFF-QJFL-OFF,191,exact-v9-5-to-6mwe,164784,pressure,C2-MIXTURE-PREFIX,320,0,340.4,1|2|3|4|5,1:0|1:1|1:10|1:11|1:12|1:13|1:14|1:15|1:16|1:17|1:18|1:19|1:2|1:20|1:21|1:22|1:23|1:24|1:25|1:26|1:27|1:28|1:29|1:3|1:30|1:31|1:32|1:33|1:34|1:35|1:36|1:37|1:38|1:39|1:4|1:40|1:41|1:42|1:43|1:44|1:45|1:46|1:47|1:48|1:49|1:5|1:50|1:51|1:52|1:53|1:54|1:55|1:56|1:57|1:58|1:59|1:6|1:60|1:61|1:62|1:63|1:7|1:8|1:9|2:0|2:1|2:10|2:11|2:12|2:13|2:14|2:15|2:16|2:17|2:18|2:19|2:2|2:20|2:21|2:22|2:23|2:24|2:25|2:26|2:27|2:28|2:29|2:3|2:30|2:31|2:32|2:33|2:34|2:35|2:36|2:37|2:38|2:39|2:4|2:40|2:41|2:42|2:43|2:44|2:45|2:46|2:47|2:48|2:49|2:5|2:50|2:51|2:52|2:53|2:54|2:55|2:56|2:57|2:58|2:59|2:6|2:60|2:61|2:62|2:63|2:7|2:8|2:9|3:0|3:1|3:10|3:11|3:12|3:13|3:14|3:15|3:16|3:17|3:18|3:19|3:2|3:20|3:21|3:22|3:23|3:24|3:25|3:26|3:27|3:28|3:29|3:3|3:30|3:31|3:32|3:33|3:34|3:35|3:36|3:37|3:38|3:39|3:4|3:40|3:41|3:42|3:43|3:44|3:45|3:46|3:47|3:48|3:49|3:5|3:50|3:51|3:52|3:53|3:54|3:55|3:56|3:57|3:58|3:59|3:6|3:60|3:61|3:62|3:63|3:7|3:8|3:9|4:0|4:1|4:10|4:11|4:12|4:13|4:14|4:15|4:16|4:17|4:18|4:19|4:2|4:20|4:21|4:22|4:23|4:24|4:25|4:26|4:27|4:28|4:29|4:3|4:30|4:31|4:32|4:33|4:34|4:35|4:36|4:37|4:38|4:39|4:4|4:40|4:41|4:42|4:43|4:44|4:45|4:46|4:47|4:48|4:49|4:5|4:50|4:51|4:52|4:53|4:54|4:55|4:56|4:57|4:58|4:59|4:6|4:60|4:61|4:62|4:63|4:7|4:8|4:9|5:0|5:1|5:10|5:11|5:12|5:13|5:14|5:15|5:16|5:17|5:18|5:19|5:2|5:20|5:21|5:22|5:23|5:24|5:25|5:26|5:27|5:28|5:29|5:3|5:30|5:31|5:32|5:33|5:34|5:35|5:36|5:37|5:38|5:39|5:4|5:40|5:41|5:42|5:43|5:44|5:45|5:46|5:47|5:48|5:49|5:5|5:50|5:51|5:52|5:53|5:54|5:55|5:56|5:57|5:58|5:59|5:6|5:60|5:61|5:62|5:63|5:7|5:8|5:9
TIERING-OFF-QJ-OFF-QJFL-OFF,192,exact-v9-5-to-6mwe,164784,outlet,C2-MIXTURE-PREFIX,320,0,269,1|2|3|4|5,1:0|1:1|1:10|1:11|1:12|1:13|1:14|1:15|1:16|1:17|1:18|1:19|1:2|1:20|1:21|1:22|1:23|1:24|1:25|1:26|1:27|1:28|1:29|1:3|1:30|1:31|1:32|1:33|1:34|1:35|1:36|1:37|1:38|1:39|1:4|1:40|1:41|1:42|1:43|1:44|1:45|1:46|1:47|1:48|1:49|1:5|1:50|1:51|1:52|1:53|1:54|1:55|1:56|1:57|1:58|1:59|1:6|1:60|1:61|1:62|1:63|1:7|1:8|1:9|2:0|2:1|2:10|2:11|2:12|2:13|2:14|2:15|2:16|2:17|2:18|2:19|2:2|2:20|2:21|2:22|2:23|2:24|2:25|2:26|2:27|2:28|2:29|2:3|2:30|2:31|2:32|2:33|2:34|2:35|2:36|2:37|2:38|2:39|2:4|2:40|2:41|2:42|2:43|2:44|2:45|2:46|2:47|2:48|2:49|2:5|2:50|2:51|2:52|2:53|2:54|2:55|2:56|2:57|2:58|2:59|2:6|2:60|2:61|2:62|2:63|2:7|2:8|2:9|3:0|3:1|3:10|3:11|3:12|3:13|3:14|3:15|3:16|3:17|3:18|3:19|3:2|3:20|3:21|3:22|3:23|3:24|3:25|3:26|3:27|3:28|3:29|3:3|3:30|3:31|3:32|3:33|3:34|3:35|3:36|3:37|3:38|3:39|3:4|3:40|3:41|3:42|3:43|3:44|3:45|3:46|3:47|3:48|3:49|3:5|3:50|3:51|3:52|3:53|3:54|3:55|3:56|3:57|3:58|3:59|3:6|3:60|3:61|3:62|3:63|3:7|3:8|3:9|4:0|4:1|4:10|4:11|4:12|4:13|4:14|4:15|4:16|4:17|4:18|4:19|4:2|4:20|4:21|4:22|4:23|4:24|4:25|4:26|4:27|4:28|4:29|4:3|4:30|4:31|4:32|4:33|4:34|4:35|4:36|4:37|4:38|4:39|4:4|4:40|4:41|4:42|4:43|4:44|4:45|4:46|4:47|4:48|4:49|4:5|4:50|4:51|4:52|4:53|4:54|4:55|4:56|4:57|4:58|4:59|4:6|4:60|4:61|4:62|4:63|4:7|4:8|4:9|5:0|5:1|5:10|5:11|5:12|5:13|5:14|5:15|5:16|5:17|5:18|5:19|5:2|5:20|5:21|5:22|5:23|5:24|5:25|5:26|5:27|5:28|5:29|5:3|5:30|5:31|5:32|5:33|5:34|5:35|5:36|5:37|5:38|5:39|5:4|5:40|5:41|5:42|5:43|5:44|5:45|5:46|5:47|5:48|5:49|5:5|5:50|5:51|5:52|5:53|5:54|5:55|5:56|5:57|5:58|5:59|5:6|5:60|5:61|5:62|5:63|5:7|5:8|5:9
TIERING-OFF-QJ-OFF-QJFL-OFF,193,exact-v9-5-to-6mwe,164784,drum,C2-MIXTURE-PREFIX,320,0,207.8,1|2|3|4|5,1:0|1:1|1:10|1:11|1:12|1:13|1:14|1:15|1:16|1:17|1:18|1:19|1:2|1:20|1:21|1:22|1:23|1:24|1:25|1:26|1:27|1:28|1:29|1:3|1:30|1:31|1:32|1:33|1:34|1:35|1:36|1:37|1:38|1:39|1:4|1:40|1:41|1:42|1:43|1:44|1:45|1:46|1:47|1:48|1:49|1:5|1:50|1:51|1:52|1:53|1:54|1:55|1:56|1:57|1:58|1:59|1:6|1:60|1:61|1:62|1:63|1:7|1:8|1:9|2:0|2:1|2:10|2:11|2:12|2:13|2:14|2:15|2:16|2:17|2:18|2:19|2:2|2:20|2:21|2:22|2:23|2:24|2:25|2:26|2:27|2:28|2:29|2:3|2:30|2:31|2:32|2:33|2:34|2:35|2:36|2:37|2:38|2:39|2:4|2:40|2:41|2:42|2:43|2:44|2:45|2:46|2:47|2:48|2:49|2:5|2:50|2:51|2:52|2:53|2:54|2:55|2:56|2:57|2:58|2:59|2:6|2:60|2:61|2:62|2:63|2:7|2:8|2:9|3:0|3:1|3:10|3:11|3:12|3:13|3:14|3:15|3:16|3:17|3:18|3:19|3:2|3:20|3:21|3:22|3:23|3:24|3:25|3:26|3:27|3:28|3:29|3:3|3:30|3:31|3:32|3:33|3:34|3:35|3:36|3:37|3:38|3:39|3:4|3:40|3:41|3:42|3:43|3:44|3:45|3:46|3:47|3:48|3:49|3:5|3:50|3:51|3:52|3:53|3:54|3:55|3:56|3:57|3:58|3:59|3:6|3:60|3:61|3:62|3:63|3:7|3:8|3:9|4:0|4:1|4:10|4:11|4:12|4:13|4:14|4:15|4:16|4:17|4:18|4:19|4:2|4:20|4:21|4:22|4:23|4:24|4:25|4:26|4:27|4:28|4:29|4:3|4:30|4:31|4:32|4:33|4:34|4:35|4:36|4:37|4:38|4:39|4:4|4:40|4:41|4:42|4:43|4:44|4:45|4:46|4:47|4:48|4:49|4:5|4:50|4:51|4:52|4:53|4:54|4:55|4:56|4:57|4:58|4:59|4:6|4:60|4:61|4:62|4:63|4:7|4:8|4:9|5:0|5:1|5:10|5:11|5:12|5:13|5:14|5:15|5:16|5:17|5:18|5:19|5:2|5:20|5:21|5:22|5:23|5:24|5:25|5:26|5:27|5:28|5:29|5:3|5:30|5:31|5:32|5:33|5:34|5:35|5:36|5:37|5:38|5:39|5:4|5:40|5:41|5:42|5:43|5:44|5:45|5:46|5:47|5:48|5:49|5:5|5:50|5:51|5:52|5:53|5:54|5:55|5:56|5:57|5:58|5:59|5:6|5:60|5:61|5:62|5:63|5:7|5:8|5:9
TIERING-OFF-QJ-OFF-QJFL-OFF,194,exact-v9-5-to-6mwe,164784,feedwater-inventory,C2-MIXTURE-PREFIX,2,0,251.2,1|2,1:62|2:25
TIERING-OFF-QJ-OFF-QJFL-OFF,195,exact-v9-5-to-6mwe,170784,suction,C2-MIXTURE-PREFIX,320,0,238.3,1|2|3|4|5,1:0|1:1|1:10|1:11|1:12|1:13|1:14|1:15|1:16|1:17|1:18|1:19|1:2|1:20|1:21|1:22|1:23|1:24|1:25|1:26|1:27|1:28|1:29|1:3|1:30|1:31|1:32|1:33|1:34|1:35|1:36|1:37|1:38|1:39|1:4|1:40|1:41|1:42|1:43|1:44|1:45|1:46|1:47|1:48|1:49|1:5|1:50|1:51|1:52|1:53|1:54|1:55|1:56|1:57|1:58|1:59|1:6|1:60|1:61|1:62|1:63|1:7|1:8|1:9|2:0|2:1|2:10|2:11|2:12|2:13|2:14|2:15|2:16|2:17|2:18|2:19|2:2|2:20|2:21|2:22|2:23|2:24|2:25|2:26|2:27|2:28|2:29|2:3|2:30|2:31|2:32|2:33|2:34|2:35|2:36|2:37|2:38|2:39|2:4|2:40|2:41|2:42|2:43|2:44|2:45|2:46|2:47|2:48|2:49|2:5|2:50|2:51|2:52|2:53|2:54|2:55|2:56|2:57|2:58|2:59|2:6|2:60|2:61|2:62|2:63|2:7|2:8|2:9|3:0|3:1|3:10|3:11|3:12|3:13|3:14|3:15|3:16|3:17|3:18|3:19|3:2|3:20|3:21|3:22|3:23|3:24|3:25|3:26|3:27|3:28|3:29|3:3|3:30|3:31|3:32|3:33|3:34|3:35|3:36|3:37|3:38|3:39|3:4|3:40|3:41|3:42|3:43|3:44|3:45|3:46|3:47|3:48|3:49|3:5|3:50|3:51|3:52|3:53|3:54|3:55|3:56|3:57|3:58|3:59|3:6|3:60|3:61|3:62|3:63|3:7|3:8|3:9|4:0|4:1|4:10|4:11|4:12|4:13|4:14|4:15|4:16|4:17|4:18|4:19|4:2|4:20|4:21|4:22|4:23|4:24|4:25|4:26|4:27|4:28|4:29|4:3|4:30|4:31|4:32|4:33|4:34|4:35|4:36|4:37|4:38|4:39|4:4|4:40|4:41|4:42|4:43|4:44|4:45|4:46|4:47|4:48|4:49|4:5|4:50|4:51|4:52|4:53|4:54|4:55|4:56|4:57|4:58|4:59|4:6|4:60|4:61|4:62|4:63|4:7|4:8|4:9|5:0|5:1|5:10|5:11|5:12|5:13|5:14|5:15|5:16|5:17|5:18|5:19|5:2|5:20|5:21|5:22|5:23|5:24|5:25|5:26|5:27|5:28|5:29|5:3|5:30|5:31|5:32|5:33|5:34|5:35|5:36|5:37|5:38|5:39|5:4|5:40|5:41|5:42|5:43|5:44|5:45|5:46|5:47|5:48|5:49|5:5|5:50|5:51|5:52|5:53|5:54|5:55|5:56|5:57|5:58|5:59|5:6|5:60|5:61|5:62|5:63|5:7|5:8|5:9
TIERING-OFF-QJ-OFF-QJFL-OFF,196,exact-v9-5-to-6mwe,170784,pressure,C2-MIXTURE-PREFIX,320,0,347.5,1|2|3|4|5,1:0|1:1|1:10|1:11|1:12|1:13|1:14|1:15|1:16|1:17|1:18|1:19|1:2|1:20|1:21|1:22|1:23|1:24|1:25|1:26|1:27|1:28|1:29|1:3|1:30|1:31|1:32|1:33|1:34|1:35|1:36|1:37|1:38|1:39|1:4|1:40|1:41|1:42|1:43|1:44|1:45|1:46|1:47|1:48|1:49|1:5|1:50|1:51|1:52|1:53|1:54|1:55|1:56|1:57|1:58|1:59|1:6|1:60|1:61|1:62|1:63|1:7|1:8|1:9|2:0|2:1|2:10|2:11|2:12|2:13|2:14|2:15|2:16|2:17|2:18|2:19|2:2|2:20|2:21|2:22|2:23|2:24|2:25|2:26|2:27|2:28|2:29|2:3|2:30|2:31|2:32|2:33|2:34|2:35|2:36|2:37|2:38|2:39|2:4|2:40|2:41|2:42|2:43|2:44|2:45|2:46|2:47|2:48|2:49|2:5|2:50|2:51|2:52|2:53|2:54|2:55|2:56|2:57|2:58|2:59|2:6|2:60|2:61|2:62|2:63|2:7|2:8|2:9|3:0|3:1|3:10|3:11|3:12|3:13|3:14|3:15|3:16|3:17|3:18|3:19|3:2|3:20|3:21|3:22|3:23|3:24|3:25|3:26|3:27|3:28|3:29|3:3|3:30|3:31|3:32|3:33|3:34|3:35|3:36|3:37|3:38|3:39|3:4|3:40|3:41|3:42|3:43|3:44|3:45|3:46|3:47|3:48|3:49|3:5|3:50|3:51|3:52|3:53|3:54|3:55|3:56|3:57|3:58|3:59|3:6|3:60|3:61|3:62|3:63|3:7|3:8|3:9|4:0|4:1|4:10|4:11|4:12|4:13|4:14|4:15|4:16|4:17|4:18|4:19|4:2|4:20|4:21|4:22|4:23|4:24|4:25|4:26|4:27|4:28|4:29|4:3|4:30|4:31|4:32|4:33|4:34|4:35|4:36|4:37|4:38|4:39|4:4|4:40|4:41|4:42|4:43|4:44|4:45|4:46|4:47|4:48|4:49|4:5|4:50|4:51|4:52|4:53|4:54|4:55|4:56|4:57|4:58|4:59|4:6|4:60|4:61|4:62|4:63|4:7|4:8|4:9|5:0|5:1|5:10|5:11|5:12|5:13|5:14|5:15|5:16|5:17|5:18|5:19|5:2|5:20|5:21|5:22|5:23|5:24|5:25|5:26|5:27|5:28|5:29|5:3|5:30|5:31|5:32|5:33|5:34|5:35|5:36|5:37|5:38|5:39|5:4|5:40|5:41|5:42|5:43|5:44|5:45|5:46|5:47|5:48|5:49|5:5|5:50|5:51|5:52|5:53|5:54|5:55|5:56|5:57|5:58|5:59|5:6|5:60|5:61|5:62|5:63|5:7|5:8|5:9
TIERING-OFF-QJ-OFF-QJFL-OFF,197,exact-v9-5-to-6mwe,170784,outlet,C2-MIXTURE-PREFIX,320,0,230.9,1|2|3|4|5,1:0|1:1|1:10|1:11|1:12|1:13|1:14|1:15|1:16|1:17|1:18|1:19|1:2|1:20|1:21|1:22|1:23|1:24|1:25|1:26|1:27|1:28|1:29|1:3|1:30|1:31|1:32|1:33|1:34|1:35|1:36|1:37|1:38|1:39|1:4|1:40|1:41|1:42|1:43|1:44|1:45|1:46|1:47|1:48|1:49|1:5|1:50|1:51|1:52|1:53|1:54|1:55|1:56|1:57|1:58|1:59|1:6|1:60|1:61|1:62|1:63|1:7|1:8|1:9|2:0|2:1|2:10|2:11|2:12|2:13|2:14|2:15|2:16|2:17|2:18|2:19|2:2|2:20|2:21|2:22|2:23|2:24|2:25|2:26|2:27|2:28|2:29|2:3|2:30|2:31|2:32|2:33|2:34|2:35|2:36|2:37|2:38|2:39|2:4|2:40|2:41|2:42|2:43|2:44|2:45|2:46|2:47|2:48|2:49|2:5|2:50|2:51|2:52|2:53|2:54|2:55|2:56|2:57|2:58|2:59|2:6|2:60|2:61|2:62|2:63|2:7|2:8|2:9|3:0|3:1|3:10|3:11|3:12|3:13|3:14|3:15|3:16|3:17|3:18|3:19|3:2|3:20|3:21|3:22|3:23|3:24|3:25|3:26|3:27|3:28|3:29|3:3|3:30|3:31|3:32|3:33|3:34|3:35|3:36|3:37|3:38|3:39|3:4|3:40|3:41|3:42|3:43|3:44|3:45|3:46|3:47|3:48|3:49|3:5|3:50|3:51|3:52|3:53|3:54|3:55|3:56|3:57|3:58|3:59|3:6|3:60|3:61|3:62|3:63|3:7|3:8|3:9|4:0|4:1|4:10|4:11|4:12|4:13|4:14|4:15|4:16|4:17|4:18|4:19|4:2|4:20|4:21|4:22|4:23|4:24|4:25|4:26|4:27|4:28|4:29|4:3|4:30|4:31|4:32|4:33|4:34|4:35|4:36|4:37|4:38|4:39|4:4|4:40|4:41|4:42|4:43|4:44|4:45|4:46|4:47|4:48|4:49|4:5|4:50|4:51|4:52|4:53|4:54|4:55|4:56|4:57|4:58|4:59|4:6|4:60|4:61|4:62|4:63|4:7|4:8|4:9|5:0|5:1|5:10|5:11|5:12|5:13|5:14|5:15|5:16|5:17|5:18|5:19|5:2|5:20|5:21|5:22|5:23|5:24|5:25|5:26|5:27|5:28|5:29|5:3|5:30|5:31|5:32|5:33|5:34|5:35|5:36|5:37|5:38|5:39|5:4|5:40|5:41|5:42|5:43|5:44|5:45|5:46|5:47|5:48|5:49|5:5|5:50|5:51|5:52|5:53|5:54|5:55|5:56|5:57|5:58|5:59|5:6|5:60|5:61|5:62|5:63|5:7|5:8|5:9
TIERING-OFF-QJ-OFF-QJFL-OFF,198,exact-v9-5-to-6mwe,170784,drum,C2-MIXTURE-PREFIX,320,1,490.5,1|2|3|4|5,1:0|1:1|1:10|1:11|1:12|1:13|1:14|1:15|1:16|1:17|1:18|1:19|1:2|1:20|1:21|1:22|1:23|1:24|1:25|1:26|1:27|1:28|1:29|1:3|1:30|1:31|1:32|1:33|1:34|1:35|1:36|1:37|1:38|1:39|1:4|1:40|1:41|1:42|1:43|1:44|1:45|1:46|1:47|1:48|1:49|1:5|1:50|1:51|1:52|1:53|1:54|1:55|1:56|1:57|1:58|1:59|1:6|1:60|1:61|1:62|1:63|1:7|1:8|1:9|2:0|2:1|2:10|2:11|2:12|2:13|2:14|2:15|2:16|2:17|2:18|2:19|2:2|2:20|2:21|2:22|2:23|2:24|2:25|2:26|2:27|2:28|2:29|2:3|2:30|2:31|2:32|2:33|2:34|2:35|2:36|2:37|2:38|2:39|2:4|2:40|2:41|2:42|2:43|2:44|2:45|2:46|2:47|2:48|2:49|2:5|2:50|2:51|2:52|2:53|2:54|2:55|2:56|2:57|2:58|2:59|2:6|2:60|2:61|2:62|2:63|2:7|2:8|2:9|3:0|3:1|3:10|3:11|3:12|3:13|3:14|3:15|3:16|3:17|3:18|3:19|3:2|3:20|3:21|3:22|3:23|3:24|3:25|3:26|3:27|3:28|3:29|3:3|3:30|3:31|3:32|3:33|3:34|3:35|3:36|3:37|3:38|3:39|3:4|3:40|3:41|3:42|3:43|3:44|3:45|3:46|3:47|3:48|3:49|3:5|3:50|3:51|3:52|3:53|3:54|3:55|3:56|3:57|3:58|3:59|3:6|3:60|3:61|3:62|3:63|3:7|3:8|3:9|4:0|4:1|4:10|4:11|4:12|4:13|4:14|4:15|4:16|4:17|4:18|4:19|4:2|4:20|4:21|4:22|4:23|4:24|4:25|4:26|4:27|4:28|4:29|4:3|4:30|4:31|4:32|4:33|4:34|4:35|4:36|4:37|4:38|4:39|4:4|4:40|4:41|4:42|4:43|4:44|4:45|4:46|4:47|4:48|4:49|4:5|4:50|4:51|4:52|4:53|4:54|4:55|4:56|4:57|4:58|4:59|4:6|4:60|4:61|4:62|4:63|4:7|4:8|4:9|5:0|5:1|5:10|5:11|5:12|5:13|5:14|5:15|5:16|5:17|5:18|5:19|5:2|5:20|5:21|5:22|5:23|5:24|5:25|5:26|5:27|5:28|5:29|5:3|5:30|5:31|5:32|5:33|5:34|5:35|5:36|5:37|5:38|5:39|5:4|5:40|5:41|5:42|5:43|5:44|5:45|5:46|5:47|5:48|5:49|5:5|5:50|5:51|5:52|5:53|5:54|5:55|5:56|5:57|5:58|5:59|5:6|5:60|5:61|5:62|5:63|5:7|5:8|5:9
TIERING-OFF-QJ-OFF-QJFL-OFF,199,exact-v9-5-to-6mwe,170784,feedwater-inventory,C2-MIXTURE-PREFIX,1,0,101.9,1,1:50
TIERING-OFF-QJ-OFF-QJFL-OFF,2,background-reference,0,outlet,C2-MIXTURE-PREFIX,320,0,254.5,1|2|3|4|5,1:0|1:1|1:10|1:11|1:12|1:13|1:14|1:15|1:16|1:17|1:18|1:19|1:2|1:20|1:21|1:22|1:23|1:24|1:25|1:26|1:27|1:28|1:29|1:3|1:30|1:31|1:32|1:33|1:34|1:35|1:36|1:37|1:38|1:39|1:4|1:40|1:41|1:42|1:43|1:44|1:45|1:46|1:47|1:48|1:49|1:5|1:50|1:51|1:52|1:53|1:54|1:55|1:56|1:57|1:58|1:59|1:6|1:60|1:61|1:62|1:63|1:7|1:8|1:9|2:0|2:1|2:10|2:11|2:12|2:13|2:14|2:15|2:16|2:17|2:18|2:19|2:2|2:20|2:21|2:22|2:23|2:24|2:25|2:26|2:27|2:28|2:29|2:3|2:30|2:31|2:32|2:33|2:34|2:35|2:36|2:37|2:38|2:39|2:4|2:40|2:41|2:42|2:43|2:44|2:45|2:46|2:47|2:48|2:49|2:5|2:50|2:51|2:52|2:53|2:54|2:55|2:56|2:57|2:58|2:59|2:6|2:60|2:61|2:62|2:63|2:7|2:8|2:9|3:0|3:1|3:10|3:11|3:12|3:13|3:14|3:15|3:16|3:17|3:18|3:19|3:2|3:20|3:21|3:22|3:23|3:24|3:25|3:26|3:27|3:28|3:29|3:3|3:30|3:31|3:32|3:33|3:34|3:35|3:36|3:37|3:38|3:39|3:4|3:40|3:41|3:42|3:43|3:44|3:45|3:46|3:47|3:48|3:49|3:5|3:50|3:51|3:52|3:53|3:54|3:55|3:56|3:57|3:58|3:59|3:6|3:60|3:61|3:62|3:63|3:7|3:8|3:9|4:0|4:1|4:10|4:11|4:12|4:13|4:14|4:15|4:16|4:17|4:18|4:19|4:2|4:20|4:21|4:22|4:23|4:24|4:25|4:26|4:27|4:28|4:29|4:3|4:30|4:31|4:32|4:33|4:34|4:35|4:36|4:37|4:38|4:39|4:4|4:40|4:41|4:42|4:43|4:44|4:45|4:46|4:47|4:48|4:49|4:5|4:50|4:51|4:52|4:53|4:54|4:55|4:56|4:57|4:58|4:59|4:6|4:60|4:61|4:62|4:63|4:7|4:8|4:9|5:0|5:1|5:10|5:11|5:12|5:13|5:14|5:15|5:16|5:17|5:18|5:19|5:2|5:20|5:21|5:22|5:23|5:24|5:25|5:26|5:27|5:28|5:29|5:3|5:30|5:31|5:32|5:33|5:34|5:35|5:36|5:37|5:38|5:39|5:4|5:40|5:41|5:42|5:43|5:44|5:45|5:46|5:47|5:48|5:49|5:5|5:50|5:51|5:52|5:53|5:54|5:55|5:56|5:57|5:58|5:59|5:6|5:60|5:61|5:62|5:63|5:7|5:8|5:9
TIERING-OFF-QJ-OFF-QJFL-OFF,20,background-reference,24000,suction,C2-MIXTURE-PREFIX,320,0,375.5,1|2|3|4|5,1:0|1:1|1:10|1:11|1:12|1:13|1:14|1:15|1:16|1:17|1:18|1:19|1:2|1:20|1:21|1:22|1:23|1:24|1:25|1:26|1:27|1:28|1:29|1:3|1:30|1:31|1:32|1:33|1:34|1:35|1:36|1:37|1:38|1:39|1:4|1:40|1:41|1:42|1:43|1:44|1:45|1:46|1:47|1:48|1:49|1:5|1:50|1:51|1:52|1:53|1:54|1:55|1:56|1:57|1:58|1:59|1:6|1:60|1:61|1:62|1:63|1:7|1:8|1:9|2:0|2:1|2:10|2:11|2:12|2:13|2:14|2:15|2:16|2:17|2:18|2:19|2:2|2:20|2:21|2:22|2:23|2:24|2:25|2:26|2:27|2:28|2:29|2:3|2:30|2:31|2:32|2:33|2:34|2:35|2:36|2:37|2:38|2:39|2:4|2:40|2:41|2:42|2:43|2:44|2:45|2:46|2:47|2:48|2:49|2:5|2:50|2:51|2:52|2:53|2:54|2:55|2:56|2:57|2:58|2:59|2:6|2:60|2:61|2:62|2:63|2:7|2:8|2:9|3:0|3:1|3:10|3:11|3:12|3:13|3:14|3:15|3:16|3:17|3:18|3:19|3:2|3:20|3:21|3:22|3:23|3:24|3:25|3:26|3:27|3:28|3:29|3:3|3:30|3:31|3:32|3:33|3:34|3:35|3:36|3:37|3:38|3:39|3:4|3:40|3:41|3:42|3:43|3:44|3:45|3:46|3:47|3:48|3:49|3:5|3:50|3:51|3:52|3:53|3:54|3:55|3:56|3:57|3:58|3:59|3:6|3:60|3:61|3:62|3:63|3:7|3:8|3:9|4:0|4:1|4:10|4:11|4:12|4:13|4:14|4:15|4:16|4:17|4:18|4:19|4:2|4:20|4:21|4:22|4:23|4:24|4:25|4:26|4:27|4:28|4:29|4:3|4:30|4:31|4:32|4:33|4:34|4:35|4:36|4:37|4:38|4:39|4:4|4:40|4:41|4:42|4:43|4:44|4:45|4:46|4:47|4:48|4:49|4:5|4:50|4:51|4:52|4:53|4:54|4:55|4:56|4:57|4:58|4:59|4:6|4:60|4:61|4:62|4:63|4:7|4:8|4:9|5:0|5:1|5:10|5:11|5:12|5:13|5:14|5:15|5:16|5:17|5:18|5:19|5:2|5:20|5:21|5:22|5:23|5:24|5:25|5:26|5:27|5:28|5:29|5:3|5:30|5:31|5:32|5:33|5:34|5:35|5:36|5:37|5:38|5:39|5:4|5:40|5:41|5:42|5:43|5:44|5:45|5:46|5:47|5:48|5:49|5:5|5:50|5:51|5:52|5:53|5:54|5:55|5:56|5:57|5:58|5:59|5:6|5:60|5:61|5:62|5:63|5:7|5:8|5:9
TIERING-OFF-QJ-OFF-QJFL-OFF,200,exact-v9-5-to-6mwe,176784,suction,C2-MIXTURE-PREFIX,320,0,245.3,1|2|3|4|5,1:0|1:1|1:10|1:11|1:12|1:13|1:14|1:15|1:16|1:17|1:18|1:19|1:2|1:20|1:21|1:22|1:23|1:24|1:25|1:26|1:27|1:28|1:29|1:3|1:30|1:31|1:32|1:33|1:34|1:35|1:36|1:37|1:38|1:39|1:4|1:40|1:41|1:42|1:43|1:44|1:45|1:46|1:47|1:48|1:49|1:5|1:50|1:51|1:52|1:53|1:54|1:55|1:56|1:57|1:58|1:59|1:6|1:60|1:61|1:62|1:63|1:7|1:8|1:9|2:0|2:1|2:10|2:11|2:12|2:13|2:14|2:15|2:16|2:17|2:18|2:19|2:2|2:20|2:21|2:22|2:23|2:24|2:25|2:26|2:27|2:28|2:29|2:3|2:30|2:31|2:32|2:33|2:34|2:35|2:36|2:37|2:38|2:39|2:4|2:40|2:41|2:42|2:43|2:44|2:45|2:46|2:47|2:48|2:49|2:5|2:50|2:51|2:52|2:53|2:54|2:55|2:56|2:57|2:58|2:59|2:6|2:60|2:61|2:62|2:63|2:7|2:8|2:9|3:0|3:1|3:10|3:11|3:12|3:13|3:14|3:15|3:16|3:17|3:18|3:19|3:2|3:20|3:21|3:22|3:23|3:24|3:25|3:26|3:27|3:28|3:29|3:3|3:30|3:31|3:32|3:33|3:34|3:35|3:36|3:37|3:38|3:39|3:4|3:40|3:41|3:42|3:43|3:44|3:45|3:46|3:47|3:48|3:49|3:5|3:50|3:51|3:52|3:53|3:54|3:55|3:56|3:57|3:58|3:59|3:6|3:60|3:61|3:62|3:63|3:7|3:8|3:9|4:0|4:1|4:10|4:11|4:12|4:13|4:14|4:15|4:16|4:17|4:18|4:19|4:2|4:20|4:21|4:22|4:23|4:24|4:25|4:26|4:27|4:28|4:29|4:3|4:30|4:31|4:32|4:33|4:34|4:35|4:36|4:37|4:38|4:39|4:4|4:40|4:41|4:42|4:43|4:44|4:45|4:46|4:47|4:48|4:49|4:5|4:50|4:51|4:52|4:53|4:54|4:55|4:56|4:57|4:58|4:59|4:6|4:60|4:61|4:62|4:63|4:7|4:8|4:9|5:0|5:1|5:10|5:11|5:12|5:13|5:14|5:15|5:16|5:17|5:18|5:19|5:2|5:20|5:21|5:22|5:23|5:24|5:25|5:26|5:27|5:28|5:29|5:3|5:30|5:31|5:32|5:33|5:34|5:35|5:36|5:37|5:38|5:39|5:4|5:40|5:41|5:42|5:43|5:44|5:45|5:46|5:47|5:48|5:49|5:5|5:50|5:51|5:52|5:53|5:54|5:55|5:56|5:57|5:58|5:59|5:6|5:60|5:61|5:62|5:63|5:7|5:8|5:9
TIERING-OFF-QJ-OFF-QJFL-OFF,201,exact-v9-5-to-6mwe,176784,pressure,C2-MIXTURE-PREFIX,320,0,339.9,1|2|3|4|5,1:0|1:1|1:10|1:11|1:12|1:13|1:14|1:15|1:16|1:17|1:18|1:19|1:2|1:20|1:21|1:22|1:23|1:24|1:25|1:26|1:27|1:28|1:29|1:3|1:30|1:31|1:32|1:33|1:34|1:35|1:36|1:37|1:38|1:39|1:4|1:40|1:41|1:42|1:43|1:44|1:45|1:46|1:47|1:48|1:49|1:5|1:50|1:51|1:52|1:53|1:54|1:55|1:56|1:57|1:58|1:59|1:6|1:60|1:61|1:62|1:63|1:7|1:8|1:9|2:0|2:1|2:10|2:11|2:12|2:13|2:14|2:15|2:16|2:17|2:18|2:19|2:2|2:20|2:21|2:22|2:23|2:24|2:25|2:26|2:27|2:28|2:29|2:3|2:30|2:31|2:32|2:33|2:34|2:35|2:36|2:37|2:38|2:39|2:4|2:40|2:41|2:42|2:43|2:44|2:45|2:46|2:47|2:48|2:49|2:5|2:50|2:51|2:52|2:53|2:54|2:55|2:56|2:57|2:58|2:59|2:6|2:60|2:61|2:62|2:63|2:7|2:8|2:9|3:0|3:1|3:10|3:11|3:12|3:13|3:14|3:15|3:16|3:17|3:18|3:19|3:2|3:20|3:21|3:22|3:23|3:24|3:25|3:26|3:27|3:28|3:29|3:3|3:30|3:31|3:32|3:33|3:34|3:35|3:36|3:37|3:38|3:39|3:4|3:40|3:41|3:42|3:43|3:44|3:45|3:46|3:47|3:48|3:49|3:5|3:50|3:51|3:52|3:53|3:54|3:55|3:56|3:57|3:58|3:59|3:6|3:60|3:61|3:62|3:63|3:7|3:8|3:9|4:0|4:1|4:10|4:11|4:12|4:13|4:14|4:15|4:16|4:17|4:18|4:19|4:2|4:20|4:21|4:22|4:23|4:24|4:25|4:26|4:27|4:28|4:29|4:3|4:30|4:31|4:32|4:33|4:34|4:35|4:36|4:37|4:38|4:39|4:4|4:40|4:41|4:42|4:43|4:44|4:45|4:46|4:47|4:48|4:49|4:5|4:50|4:51|4:52|4:53|4:54|4:55|4:56|4:57|4:58|4:59|4:6|4:60|4:61|4:62|4:63|4:7|4:8|4:9|5:0|5:1|5:10|5:11|5:12|5:13|5:14|5:15|5:16|5:17|5:18|5:19|5:2|5:20|5:21|5:22|5:23|5:24|5:25|5:26|5:27|5:28|5:29|5:3|5:30|5:31|5:32|5:33|5:34|5:35|5:36|5:37|5:38|5:39|5:4|5:40|5:41|5:42|5:43|5:44|5:45|5:46|5:47|5:48|5:49|5:5|5:50|5:51|5:52|5:53|5:54|5:55|5:56|5:57|5:58|5:59|5:6|5:60|5:61|5:62|5:63|5:7|5:8|5:9
TIERING-OFF-QJ-OFF-QJFL-OFF,202,exact-v9-5-to-6mwe,176784,outlet,C2-MIXTURE-PREFIX,320,0,217.4,1|2|3|4|5,1:0|1:1|1:10|1:11|1:12|1:13|1:14|1:15|1:16|1:17|1:18|1:19|1:2|1:20|1:21|1:22|1:23|1:24|1:25|1:26|1:27|1:28|1:29|1:3|1:30|1:31|1:32|1:33|1:34|1:35|1:36|1:37|1:38|1:39|1:4|1:40|1:41|1:42|1:43|1:44|1:45|1:46|1:47|1:48|1:49|1:5|1:50|1:51|1:52|1:53|1:54|1:55|1:56|1:57|1:58|1:59|1:6|1:60|1:61|1:62|1:63|1:7|1:8|1:9|2:0|2:1|2:10|2:11|2:12|2:13|2:14|2:15|2:16|2:17|2:18|2:19|2:2|2:20|2:21|2:22|2:23|2:24|2:25|2:26|2:27|2:28|2:29|2:3|2:30|2:31|2:32|2:33|2:34|2:35|2:36|2:37|2:38|2:39|2:4|2:40|2:41|2:42|2:43|2:44|2:45|2:46|2:47|2:48|2:49|2:5|2:50|2:51|2:52|2:53|2:54|2:55|2:56|2:57|2:58|2:59|2:6|2:60|2:61|2:62|2:63|2:7|2:8|2:9|3:0|3:1|3:10|3:11|3:12|3:13|3:14|3:15|3:16|3:17|3:18|3:19|3:2|3:20|3:21|3:22|3:23|3:24|3:25|3:26|3:27|3:28|3:29|3:3|3:30|3:31|3:32|3:33|3:34|3:35|3:36|3:37|3:38|3:39|3:4|3:40|3:41|3:42|3:43|3:44|3:45|3:46|3:47|3:48|3:49|3:5|3:50|3:51|3:52|3:53|3:54|3:55|3:56|3:57|3:58|3:59|3:6|3:60|3:61|3:62|3:63|3:7|3:8|3:9|4:0|4:1|4:10|4:11|4:12|4:13|4:14|4:15|4:16|4:17|4:18|4:19|4:2|4:20|4:21|4:22|4:23|4:24|4:25|4:26|4:27|4:28|4:29|4:3|4:30|4:31|4:32|4:33|4:34|4:35|4:36|4:37|4:38|4:39|4:4|4:40|4:41|4:42|4:43|4:44|4:45|4:46|4:47|4:48|4:49|4:5|4:50|4:51|4:52|4:53|4:54|4:55|4:56|4:57|4:58|4:59|4:6|4:60|4:61|4:62|4:63|4:7|4:8|4:9|5:0|5:1|5:10|5:11|5:12|5:13|5:14|5:15|5:16|5:17|5:18|5:19|5:2|5:20|5:21|5:22|5:23|5:24|5:25|5:26|5:27|5:28|5:29|5:3|5:30|5:31|5:32|5:33|5:34|5:35|5:36|5:37|5:38|5:39|5:4|5:40|5:41|5:42|5:43|5:44|5:45|5:46|5:47|5:48|5:49|5:5|5:50|5:51|5:52|5:53|5:54|5:55|5:56|5:57|5:58|5:59|5:6|5:60|5:61|5:62|5:63|5:7|5:8|5:9
TIERING-OFF-QJ-OFF-QJFL-OFF,203,exact-v9-5-to-6mwe,176784,drum,C2-MIXTURE-PREFIX,320,0,245.8,1|2|3|4|5,1:0|1:1|1:10|1:11|1:12|1:13|1:14|1:15|1:16|1:17|1:18|1:19|1:2|1:20|1:21|1:22|1:23|1:24|1:25|1:26|1:27|1:28|1:29|1:3|1:30|1:31|1:32|1:33|1:34|1:35|1:36|1:37|1:38|1:39|1:4|1:40|1:41|1:42|1:43|1:44|1:45|1:46|1:47|1:48|1:49|1:5|1:50|1:51|1:52|1:53|1:54|1:55|1:56|1:57|1:58|1:59|1:6|1:60|1:61|1:62|1:63|1:7|1:8|1:9|2:0|2:1|2:10|2:11|2:12|2:13|2:14|2:15|2:16|2:17|2:18|2:19|2:2|2:20|2:21|2:22|2:23|2:24|2:25|2:26|2:27|2:28|2:29|2:3|2:30|2:31|2:32|2:33|2:34|2:35|2:36|2:37|2:38|2:39|2:4|2:40|2:41|2:42|2:43|2:44|2:45|2:46|2:47|2:48|2:49|2:5|2:50|2:51|2:52|2:53|2:54|2:55|2:56|2:57|2:58|2:59|2:6|2:60|2:61|2:62|2:63|2:7|2:8|2:9|3:0|3:1|3:10|3:11|3:12|3:13|3:14|3:15|3:16|3:17|3:18|3:19|3:2|3:20|3:21|3:22|3:23|3:24|3:25|3:26|3:27|3:28|3:29|3:3|3:30|3:31|3:32|3:33|3:34|3:35|3:36|3:37|3:38|3:39|3:4|3:40|3:41|3:42|3:43|3:44|3:45|3:46|3:47|3:48|3:49|3:5|3:50|3:51|3:52|3:53|3:54|3:55|3:56|3:57|3:58|3:59|3:6|3:60|3:61|3:62|3:63|3:7|3:8|3:9|4:0|4:1|4:10|4:11|4:12|4:13|4:14|4:15|4:16|4:17|4:18|4:19|4:2|4:20|4:21|4:22|4:23|4:24|4:25|4:26|4:27|4:28|4:29|4:3|4:30|4:31|4:32|4:33|4:34|4:35|4:36|4:37|4:38|4:39|4:4|4:40|4:41|4:42|4:43|4:44|4:45|4:46|4:47|4:48|4:49|4:5|4:50|4:51|4:52|4:53|4:54|4:55|4:56|4:57|4:58|4:59|4:6|4:60|4:61|4:62|4:63|4:7|4:8|4:9|5:0|5:1|5:10|5:11|5:12|5:13|5:14|5:15|5:16|5:17|5:18|5:19|5:2|5:20|5:21|5:22|5:23|5:24|5:25|5:26|5:27|5:28|5:29|5:3|5:30|5:31|5:32|5:33|5:34|5:35|5:36|5:37|5:38|5:39|5:4|5:40|5:41|5:42|5:43|5:44|5:45|5:46|5:47|5:48|5:49|5:5|5:50|5:51|5:52|5:53|5:54|5:55|5:56|5:57|5:58|5:59|5:6|5:60|5:61|5:62|5:63|5:7|5:8|5:9
TIERING-OFF-QJ-OFF-QJFL-OFF,204,exact-v9-5-to-6mwe,176784,feedwater-inventory,C2-MIXTURE-PREFIX,1,0,367.5,5,5:5
TIERING-OFF-QJ-OFF-QJFL-OFF,205,exact-v9-5-to-6mwe,182784,suction,C2-MIXTURE-PREFIX,320,0,225.6,1|2|3|4|5,1:0|1:1|1:10|1:11|1:12|1:13|1:14|1:15|1:16|1:17|1:18|1:19|1:2|1:20|1:21|1:22|1:23|1:24|1:25|1:26|1:27|1:28|1:29|1:3|1:30|1:31|1:32|1:33|1:34|1:35|1:36|1:37|1:38|1:39|1:4|1:40|1:41|1:42|1:43|1:44|1:45|1:46|1:47|1:48|1:49|1:5|1:50|1:51|1:52|1:53|1:54|1:55|1:56|1:57|1:58|1:59|1:6|1:60|1:61|1:62|1:63|1:7|1:8|1:9|2:0|2:1|2:10|2:11|2:12|2:13|2:14|2:15|2:16|2:17|2:18|2:19|2:2|2:20|2:21|2:22|2:23|2:24|2:25|2:26|2:27|2:28|2:29|2:3|2:30|2:31|2:32|2:33|2:34|2:35|2:36|2:37|2:38|2:39|2:4|2:40|2:41|2:42|2:43|2:44|2:45|2:46|2:47|2:48|2:49|2:5|2:50|2:51|2:52|2:53|2:54|2:55|2:56|2:57|2:58|2:59|2:6|2:60|2:61|2:62|2:63|2:7|2:8|2:9|3:0|3:1|3:10|3:11|3:12|3:13|3:14|3:15|3:16|3:17|3:18|3:19|3:2|3:20|3:21|3:22|3:23|3:24|3:25|3:26|3:27|3:28|3:29|3:3|3:30|3:31|3:32|3:33|3:34|3:35|3:36|3:37|3:38|3:39|3:4|3:40|3:41|3:42|3:43|3:44|3:45|3:46|3:47|3:48|3:49|3:5|3:50|3:51|3:52|3:53|3:54|3:55|3:56|3:57|3:58|3:59|3:6|3:60|3:61|3:62|3:63|3:7|3:8|3:9|4:0|4:1|4:10|4:11|4:12|4:13|4:14|4:15|4:16|4:17|4:18|4:19|4:2|4:20|4:21|4:22|4:23|4:24|4:25|4:26|4:27|4:28|4:29|4:3|4:30|4:31|4:32|4:33|4:34|4:35|4:36|4:37|4:38|4:39|4:4|4:40|4:41|4:42|4:43|4:44|4:45|4:46|4:47|4:48|4:49|4:5|4:50|4:51|4:52|4:53|4:54|4:55|4:56|4:57|4:58|4:59|4:6|4:60|4:61|4:62|4:63|4:7|4:8|4:9|5:0|5:1|5:10|5:11|5:12|5:13|5:14|5:15|5:16|5:17|5:18|5:19|5:2|5:20|5:21|5:22|5:23|5:24|5:25|5:26|5:27|5:28|5:29|5:3|5:30|5:31|5:32|5:33|5:34|5:35|5:36|5:37|5:38|5:39|5:4|5:40|5:41|5:42|5:43|5:44|5:45|5:46|5:47|5:48|5:49|5:5|5:50|5:51|5:52|5:53|5:54|5:55|5:56|5:57|5:58|5:59|5:6|5:60|5:61|5:62|5:63|5:7|5:8|5:9
TIERING-OFF-QJ-OFF-QJFL-OFF,206,exact-v9-5-to-6mwe,182784,pressure,C2-MIXTURE-PREFIX,320,0,242.7,1|2|3|4|5,1:0|1:1|1:10|1:11|1:12|1:13|1:14|1:15|1:16|1:17|1:18|1:19|1:2|1:20|1:21|1:22|1:23|1:24|1:25|1:26|1:27|1:28|1:29|1:3|1:30|1:31|1:32|1:33|1:34|1:35|1:36|1:37|1:38|1:39|1:4|1:40|1:41|1:42|1:43|1:44|1:45|1:46|1:47|1:48|1:49|1:5|1:50|1:51|1:52|1:53|1:54|1:55|1:56|1:57|1:58|1:59|1:6|1:60|1:61|1:62|1:63|1:7|1:8|1:9|2:0|2:1|2:10|2:11|2:12|2:13|2:14|2:15|2:16|2:17|2:18|2:19|2:2|2:20|2:21|2:22|2:23|2:24|2:25|2:26|2:27|2:28|2:29|2:3|2:30|2:31|2:32|2:33|2:34|2:35|2:36|2:37|2:38|2:39|2:4|2:40|2:41|2:42|2:43|2:44|2:45|2:46|2:47|2:48|2:49|2:5|2:50|2:51|2:52|2:53|2:54|2:55|2:56|2:57|2:58|2:59|2:6|2:60|2:61|2:62|2:63|2:7|2:8|2:9|3:0|3:1|3:10|3:11|3:12|3:13|3:14|3:15|3:16|3:17|3:18|3:19|3:2|3:20|3:21|3:22|3:23|3:24|3:25|3:26|3:27|3:28|3:29|3:3|3:30|3:31|3:32|3:33|3:34|3:35|3:36|3:37|3:38|3:39|3:4|3:40|3:41|3:42|3:43|3:44|3:45|3:46|3:47|3:48|3:49|3:5|3:50|3:51|3:52|3:53|3:54|3:55|3:56|3:57|3:58|3:59|3:6|3:60|3:61|3:62|3:63|3:7|3:8|3:9|4:0|4:1|4:10|4:11|4:12|4:13|4:14|4:15|4:16|4:17|4:18|4:19|4:2|4:20|4:21|4:22|4:23|4:24|4:25|4:26|4:27|4:28|4:29|4:3|4:30|4:31|4:32|4:33|4:34|4:35|4:36|4:37|4:38|4:39|4:4|4:40|4:41|4:42|4:43|4:44|4:45|4:46|4:47|4:48|4:49|4:5|4:50|4:51|4:52|4:53|4:54|4:55|4:56|4:57|4:58|4:59|4:6|4:60|4:61|4:62|4:63|4:7|4:8|4:9|5:0|5:1|5:10|5:11|5:12|5:13|5:14|5:15|5:16|5:17|5:18|5:19|5:2|5:20|5:21|5:22|5:23|5:24|5:25|5:26|5:27|5:28|5:29|5:3|5:30|5:31|5:32|5:33|5:34|5:35|5:36|5:37|5:38|5:39|5:4|5:40|5:41|5:42|5:43|5:44|5:45|5:46|5:47|5:48|5:49|5:5|5:50|5:51|5:52|5:53|5:54|5:55|5:56|5:57|5:58|5:59|5:6|5:60|5:61|5:62|5:63|5:7|5:8|5:9
TIERING-OFF-QJ-OFF-QJFL-OFF,207,exact-v9-5-to-6mwe,182784,outlet,C2-MIXTURE-PREFIX,319,0,332,1|2|3|4|5,1:0|1:1|1:10|1:11|1:12|1:13|1:14|1:15|1:16|1:17|1:18|1:19|1:2|1:20|1:21|1:22|1:23|1:24|1:25|1:26|1:27|1:28|1:29|1:3|1:30|1:31|1:32|1:33|1:34|1:35|1:36|1:37|1:38|1:39|1:4|1:40|1:41|1:42|1:43|1:44|1:45|1:46|1:47|1:48|1:49|1:5|1:50|1:51|1:52|1:53|1:54|1:55|1:56|1:57|1:58|1:59|1:6|1:60|1:61|1:62|1:63|1:7|1:8|1:9|2:0|2:1|2:10|2:11|2:12|2:13|2:14|2:15|2:16|2:17|2:18|2:19|2:2|2:20|2:21|2:22|2:23|2:24|2:25|2:26|2:27|2:28|2:29|2:3|2:30|2:31|2:32|2:33|2:34|2:35|2:36|2:37|2:38|2:39|2:4|2:40|2:41|2:42|2:43|2:44|2:45|2:46|2:47|2:48|2:49|2:5|2:50|2:51|2:52|2:53|2:54|2:55|2:56|2:57|2:58|2:59|2:6|2:60|2:61|2:62|2:63|2:7|2:8|2:9|3:0|3:10|3:11|3:12|3:13|3:14|3:15|3:16|3:17|3:18|3:19|3:2|3:20|3:21|3:22|3:23|3:24|3:25|3:26|3:27|3:28|3:29|3:3|3:30|3:31|3:32|3:33|3:34|3:35|3:36|3:37|3:38|3:39|3:4|3:40|3:41|3:42|3:43|3:44|3:45|3:46|3:47|3:48|3:49|3:5|3:50|3:51|3:52|3:53|3:54|3:55|3:56|3:57|3:58|3:59|3:6|3:60|3:61|3:62|3:63|3:7|3:8|3:9|4:0|4:1|4:10|4:11|4:12|4:13|4:14|4:15|4:16|4:17|4:18|4:19|4:2|4:20|4:21|4:22|4:23|4:24|4:25|4:26|4:27|4:28|4:29|4:3|4:30|4:31|4:32|4:33|4:34|4:35|4:36|4:37|4:38|4:39|4:4|4:40|4:41|4:42|4:43|4:44|4:45|4:46|4:47|4:48|4:49|4:5|4:50|4:51|4:52|4:53|4:54|4:55|4:56|4:57|4:58|4:59|4:6|4:60|4:61|4:62|4:63|4:7|4:8|4:9|5:0|5:1|5:10|5:11|5:12|5:13|5:14|5:15|5:16|5:17|5:18|5:19|5:2|5:20|5:21|5:22|5:23|5:24|5:25|5:26|5:27|5:28|5:29|5:3|5:30|5:31|5:32|5:33|5:34|5:35|5:36|5:37|5:38|5:39|5:4|5:40|5:41|5:42|5:43|5:44|5:45|5:46|5:47|5:48|5:49|5:5|5:50|5:51|5:52|5:53|5:54|5:55|5:56|5:57|5:58|5:59|5:6|5:60|5:61|5:62|5:63|5:7|5:8|5:9
TIERING-OFF-QJ-OFF-QJFL-OFF,208,exact-v9-5-to-6mwe,182784,drum,C2-MIXTURE-PREFIX,319,0,385.1,1|2|3|4|5,1:0|1:1|1:10|1:11|1:12|1:13|1:14|1:15|1:16|1:17|1:18|1:19|1:2|1:20|1:21|1:22|1:23|1:24|1:25|1:26|1:27|1:28|1:29|1:3|1:30|1:31|1:32|1:33|1:34|1:35|1:36|1:37|1:38|1:39|1:4|1:40|1:41|1:42|1:43|1:44|1:45|1:46|1:47|1:48|1:49|1:5|1:50|1:51|1:52|1:53|1:54|1:55|1:56|1:57|1:58|1:59|1:6|1:60|1:61|1:62|1:63|1:7|1:8|1:9|2:0|2:1|2:10|2:11|2:12|2:13|2:14|2:15|2:16|2:17|2:18|2:19|2:2|2:20|2:21|2:22|2:23|2:24|2:25|2:26|2:27|2:28|2:29|2:3|2:30|2:31|2:32|2:33|2:34|2:35|2:36|2:37|2:38|2:39|2:4|2:40|2:41|2:42|2:43|2:44|2:45|2:46|2:47|2:48|2:49|2:5|2:50|2:51|2:52|2:53|2:54|2:55|2:56|2:57|2:58|2:59|2:6|2:60|2:61|2:62|2:63|2:7|2:8|2:9|3:0|3:10|3:11|3:12|3:13|3:14|3:15|3:16|3:17|3:18|3:19|3:2|3:20|3:21|3:22|3:23|3:24|3:25|3:26|3:27|3:28|3:29|3:3|3:30|3:31|3:32|3:33|3:34|3:35|3:36|3:37|3:38|3:39|3:4|3:40|3:41|3:42|3:43|3:44|3:45|3:46|3:47|3:48|3:49|3:5|3:50|3:51|3:52|3:53|3:54|3:55|3:56|3:57|3:58|3:59|3:6|3:60|3:61|3:62|3:63|3:7|3:8|3:9|4:0|4:1|4:10|4:11|4:12|4:13|4:14|4:15|4:16|4:17|4:18|4:19|4:2|4:20|4:21|4:22|4:23|4:24|4:25|4:26|4:27|4:28|4:29|4:3|4:30|4:31|4:32|4:33|4:34|4:35|4:36|4:37|4:38|4:39|4:4|4:40|4:41|4:42|4:43|4:44|4:45|4:46|4:47|4:48|4:49|4:5|4:50|4:51|4:52|4:53|4:54|4:55|4:56|4:57|4:58|4:59|4:6|4:60|4:61|4:62|4:63|4:7|4:8|4:9|5:0|5:1|5:10|5:11|5:12|5:13|5:14|5:15|5:16|5:17|5:18|5:19|5:2|5:20|5:21|5:22|5:23|5:24|5:25|5:26|5:27|5:28|5:29|5:3|5:30|5:31|5:32|5:33|5:34|5:35|5:36|5:37|5:38|5:39|5:4|5:40|5:41|5:42|5:43|5:44|5:45|5:46|5:47|5:48|5:49|5:5|5:50|5:51|5:52|5:53|5:54|5:55|5:56|5:57|5:58|5:59|5:6|5:60|5:61|5:62|5:63|5:7|5:8|5:9
TIERING-OFF-QJ-OFF-QJFL-OFF,21,background-reference,24000,pressure,C2-MIXTURE-PREFIX,320,0,293.5,1|2|3|4|5,1:0|1:1|1:10|1:11|1:12|1:13|1:14|1:15|1:16|1:17|1:18|1:19|1:2|1:20|1:21|1:22|1:23|1:24|1:25|1:26|1:27|1:28|1:29|1:3|1:30|1:31|1:32|1:33|1:34|1:35|1:36|1:37|1:38|1:39|1:4|1:40|1:41|1:42|1:43|1:44|1:45|1:46|1:47|1:48|1:49|1:5|1:50|1:51|1:52|1:53|1:54|1:55|1:56|1:57|1:58|1:59|1:6|1:60|1:61|1:62|1:63|1:7|1:8|1:9|2:0|2:1|2:10|2:11|2:12|2:13|2:14|2:15|2:16|2:17|2:18|2:19|2:2|2:20|2:21|2:22|2:23|2:24|2:25|2:26|2:27|2:28|2:29|2:3|2:30|2:31|2:32|2:33|2:34|2:35|2:36|2:37|2:38|2:39|2:4|2:40|2:41|2:42|2:43|2:44|2:45|2:46|2:47|2:48|2:49|2:5|2:50|2:51|2:52|2:53|2:54|2:55|2:56|2:57|2:58|2:59|2:6|2:60|2:61|2:62|2:63|2:7|2:8|2:9|3:0|3:1|3:10|3:11|3:12|3:13|3:14|3:15|3:16|3:17|3:18|3:19|3:2|3:20|3:21|3:22|3:23|3:24|3:25|3:26|3:27|3:28|3:29|3:3|3:30|3:31|3:32|3:33|3:34|3:35|3:36|3:37|3:38|3:39|3:4|3:40|3:41|3:42|3:43|3:44|3:45|3:46|3:47|3:48|3:49|3:5|3:50|3:51|3:52|3:53|3:54|3:55|3:56|3:57|3:58|3:59|3:6|3:60|3:61|3:62|3:63|3:7|3:8|3:9|4:0|4:1|4:10|4:11|4:12|4:13|4:14|4:15|4:16|4:17|4:18|4:19|4:2|4:20|4:21|4:22|4:23|4:24|4:25|4:26|4:27|4:28|4:29|4:3|4:30|4:31|4:32|4:33|4:34|4:35|4:36|4:37|4:38|4:39|4:4|4:40|4:41|4:42|4:43|4:44|4:45|4:46|4:47|4:48|4:49|4:5|4:50|4:51|4:52|4:53|4:54|4:55|4:56|4:57|4:58|4:59|4:6|4:60|4:61|4:62|4:63|4:7|4:8|4:9|5:0|5:1|5:10|5:11|5:12|5:13|5:14|5:15|5:16|5:17|5:18|5:19|5:2|5:20|5:21|5:22|5:23|5:24|5:25|5:26|5:27|5:28|5:29|5:3|5:30|5:31|5:32|5:33|5:34|5:35|5:36|5:37|5:38|5:39|5:4|5:40|5:41|5:42|5:43|5:44|5:45|5:46|5:47|5:48|5:49|5:5|5:50|5:51|5:52|5:53|5:54|5:55|5:56|5:57|5:58|5:59|5:6|5:60|5:61|5:62|5:63|5:7|5:8|5:9
TIERING-OFF-QJ-OFF-QJFL-OFF,210,exact-v9-5-to-6mwe,188784,suction,C2-MIXTURE-PREFIX,319,0,384.1,1|2|3|4|5,1:0|1:1|1:10|1:11|1:12|1:13|1:14|1:15|1:16|1:17|1:18|1:19|1:2|1:20|1:21|1:22|1:23|1:24|1:25|1:26|1:27|1:28|1:29|1:3|1:30|1:31|1:32|1:33|1:34|1:35|1:36|1:37|1:38|1:39|1:4|1:40|1:41|1:42|1:43|1:44|1:45|1:46|1:47|1:48|1:49|1:5|1:50|1:51|1:52|1:53|1:54|1:55|1:56|1:57|1:58|1:59|1:6|1:60|1:61|1:62|1:63|1:7|1:8|1:9|2:0|2:1|2:10|2:11|2:12|2:13|2:14|2:15|2:16|2:17|2:18|2:19|2:2|2:20|2:21|2:22|2:23|2:24|2:25|2:26|2:27|2:28|2:29|2:3|2:30|2:31|2:32|2:33|2:34|2:35|2:36|2:37|2:38|2:39|2:4|2:40|2:41|2:42|2:43|2:44|2:45|2:46|2:47|2:48|2:49|2:5|2:50|2:51|2:52|2:53|2:54|2:55|2:56|2:57|2:58|2:59|2:6|2:60|2:61|2:62|2:63|2:7|2:8|2:9|3:0|3:10|3:11|3:12|3:13|3:14|3:15|3:16|3:17|3:18|3:19|3:2|3:20|3:21|3:22|3:23|3:24|3:25|3:26|3:27|3:28|3:29|3:3|3:30|3:31|3:32|3:33|3:34|3:35|3:36|3:37|3:38|3:39|3:4|3:40|3:41|3:42|3:43|3:44|3:45|3:46|3:47|3:48|3:49|3:5|3:50|3:51|3:52|3:53|3:54|3:55|3:56|3:57|3:58|3:59|3:6|3:60|3:61|3:62|3:63|3:7|3:8|3:9|4:0|4:1|4:10|4:11|4:12|4:13|4:14|4:15|4:16|4:17|4:18|4:19|4:2|4:20|4:21|4:22|4:23|4:24|4:25|4:26|4:27|4:28|4:29|4:3|4:30|4:31|4:32|4:33|4:34|4:35|4:36|4:37|4:38|4:39|4:4|4:40|4:41|4:42|4:43|4:44|4:45|4:46|4:47|4:48|4:49|4:5|4:50|4:51|4:52|4:53|4:54|4:55|4:56|4:57|4:58|4:59|4:6|4:60|4:61|4:62|4:63|4:7|4:8|4:9|5:0|5:1|5:10|5:11|5:12|5:13|5:14|5:15|5:16|5:17|5:18|5:19|5:2|5:20|5:21|5:22|5:23|5:24|5:25|5:26|5:27|5:28|5:29|5:3|5:30|5:31|5:32|5:33|5:34|5:35|5:36|5:37|5:38|5:39|5:4|5:40|5:41|5:42|5:43|5:44|5:45|5:46|5:47|5:48|5:49|5:5|5:50|5:51|5:52|5:53|5:54|5:55|5:56|5:57|5:58|5:59|5:6|5:60|5:61|5:62|5:63|5:7|5:8|5:9
TIERING-OFF-QJ-OFF-QJFL-OFF,211,exact-v9-5-to-6mwe,188784,pressure,C2-MIXTURE-PREFIX,320,0,204,1|2|3|4|5,1:0|1:1|1:10|1:11|1:12|1:13|1:14|1:15|1:16|1:17|1:18|1:19|1:2|1:20|1:21|1:22|1:23|1:24|1:25|1:26|1:27|1:28|1:29|1:3|1:30|1:31|1:32|1:33|1:34|1:35|1:36|1:37|1:38|1:39|1:4|1:40|1:41|1:42|1:43|1:44|1:45|1:46|1:47|1:48|1:49|1:5|1:50|1:51|1:52|1:53|1:54|1:55|1:56|1:57|1:58|1:59|1:6|1:60|1:61|1:62|1:63|1:7|1:8|1:9|2:0|2:1|2:10|2:11|2:12|2:13|2:14|2:15|2:16|2:17|2:18|2:19|2:2|2:20|2:21|2:22|2:23|2:24|2:25|2:26|2:27|2:28|2:29|2:3|2:30|2:31|2:32|2:33|2:34|2:35|2:36|2:37|2:38|2:39|2:4|2:40|2:41|2:42|2:43|2:44|2:45|2:46|2:47|2:48|2:49|2:5|2:50|2:51|2:52|2:53|2:54|2:55|2:56|2:57|2:58|2:59|2:6|2:60|2:61|2:62|2:63|2:7|2:8|2:9|3:0|3:1|3:10|3:11|3:12|3:13|3:14|3:15|3:16|3:17|3:18|3:19|3:2|3:20|3:21|3:22|3:23|3:24|3:25|3:26|3:27|3:28|3:29|3:3|3:30|3:31|3:32|3:33|3:34|3:35|3:36|3:37|3:38|3:39|3:4|3:40|3:41|3:42|3:43|3:44|3:45|3:46|3:47|3:48|3:49|3:5|3:50|3:51|3:52|3:53|3:54|3:55|3:56|3:57|3:58|3:59|3:6|3:60|3:61|3:62|3:63|3:7|3:8|3:9|4:0|4:1|4:10|4:11|4:12|4:13|4:14|4:15|4:16|4:17|4:18|4:19|4:2|4:20|4:21|4:22|4:23|4:24|4:25|4:26|4:27|4:28|4:29|4:3|4:30|4:31|4:32|4:33|4:34|4:35|4:36|4:37|4:38|4:39|4:4|4:40|4:41|4:42|4:43|4:44|4:45|4:46|4:47|4:48|4:49|4:5|4:50|4:51|4:52|4:53|4:54|4:55|4:56|4:57|4:58|4:59|4:6|4:60|4:61|4:62|4:63|4:7|4:8|4:9|5:0|5:1|5:10|5:11|5:12|5:13|5:14|5:15|5:16|5:17|5:18|5:19|5:2|5:20|5:21|5:22|5:23|5:24|5:25|5:26|5:27|5:28|5:29|5:3|5:30|5:31|5:32|5:33|5:34|5:35|5:36|5:37|5:38|5:39|5:4|5:40|5:41|5:42|5:43|5:44|5:45|5:46|5:47|5:48|5:49|5:5|5:50|5:51|5:52|5:53|5:54|5:55|5:56|5:57|5:58|5:59|5:6|5:60|5:61|5:62|5:63|5:7|5:8|5:9
TIERING-OFF-QJ-OFF-QJFL-OFF,212,exact-v9-5-to-6mwe,188784,outlet,C2-MIXTURE-PREFIX,320,0,375.8,1|2|3|4|5,1:0|1:1|1:10|1:11|1:12|1:13|1:14|1:15|1:16|1:17|1:18|1:19|1:2|1:20|1:21|1:22|1:23|1:24|1:25|1:26|1:27|1:28|1:29|1:3|1:30|1:31|1:32|1:33|1:34|1:35|1:36|1:37|1:38|1:39|1:4|1:40|1:41|1:42|1:43|1:44|1:45|1:46|1:47|1:48|1:49|1:5|1:50|1:51|1:52|1:53|1:54|1:55|1:56|1:57|1:58|1:59|1:6|1:60|1:61|1:62|1:63|1:7|1:8|1:9|2:0|2:1|2:10|2:11|2:12|2:13|2:14|2:15|2:16|2:17|2:18|2:19|2:2|2:20|2:21|2:22|2:23|2:24|2:25|2:26|2:27|2:28|2:29|2:3|2:30|2:31|2:32|2:33|2:34|2:35|2:36|2:37|2:38|2:39|2:4|2:40|2:41|2:42|2:43|2:44|2:45|2:46|2:47|2:48|2:49|2:5|2:50|2:51|2:52|2:53|2:54|2:55|2:56|2:57|2:58|2:59|2:6|2:60|2:61|2:62|2:63|2:7|2:8|2:9|3:0|3:1|3:10|3:11|3:12|3:13|3:14|3:15|3:16|3:17|3:18|3:19|3:2|3:20|3:21|3:22|3:23|3:24|3:25|3:26|3:27|3:28|3:29|3:3|3:30|3:31|3:32|3:33|3:34|3:35|3:36|3:37|3:38|3:39|3:4|3:40|3:41|3:42|3:43|3:44|3:45|3:46|3:47|3:48|3:49|3:5|3:50|3:51|3:52|3:53|3:54|3:55|3:56|3:57|3:58|3:59|3:6|3:60|3:61|3:62|3:63|3:7|3:8|3:9|4:0|4:1|4:10|4:11|4:12|4:13|4:14|4:15|4:16|4:17|4:18|4:19|4:2|4:20|4:21|4:22|4:23|4:24|4:25|4:26|4:27|4:28|4:29|4:3|4:30|4:31|4:32|4:33|4:34|4:35|4:36|4:37|4:38|4:39|4:4|4:40|4:41|4:42|4:43|4:44|4:45|4:46|4:47|4:48|4:49|4:5|4:50|4:51|4:52|4:53|4:54|4:55|4:56|4:57|4:58|4:59|4:6|4:60|4:61|4:62|4:63|4:7|4:8|4:9|5:0|5:1|5:10|5:11|5:12|5:13|5:14|5:15|5:16|5:17|5:18|5:19|5:2|5:20|5:21|5:22|5:23|5:24|5:25|5:26|5:27|5:28|5:29|5:3|5:30|5:31|5:32|5:33|5:34|5:35|5:36|5:37|5:38|5:39|5:4|5:40|5:41|5:42|5:43|5:44|5:45|5:46|5:47|5:48|5:49|5:5|5:50|5:51|5:52|5:53|5:54|5:55|5:56|5:57|5:58|5:59|5:6|5:60|5:61|5:62|5:63|5:7|5:8|5:9
TIERING-OFF-QJ-OFF-QJFL-OFF,213,exact-v9-5-to-6mwe,188784,drum,C2-MIXTURE-PREFIX,320,0,226.7,1|2|3|4|5,1:0|1:1|1:10|1:11|1:12|1:13|1:14|1:15|1:16|1:17|1:18|1:19|1:2|1:20|1:21|1:22|1:23|1:24|1:25|1:26|1:27|1:28|1:29|1:3|1:30|1:31|1:32|1:33|1:34|1:35|1:36|1:37|1:38|1:39|1:4|1:40|1:41|1:42|1:43|1:44|1:45|1:46|1:47|1:48|1:49|1:5|1:50|1:51|1:52|1:53|1:54|1:55|1:56|1:57|1:58|1:59|1:6|1:60|1:61|1:62|1:63|1:7|1:8|1:9|2:0|2:1|2:10|2:11|2:12|2:13|2:14|2:15|2:16|2:17|2:18|2:19|2:2|2:20|2:21|2:22|2:23|2:24|2:25|2:26|2:27|2:28|2:29|2:3|2:30|2:31|2:32|2:33|2:34|2:35|2:36|2:37|2:38|2:39|2:4|2:40|2:41|2:42|2:43|2:44|2:45|2:46|2:47|2:48|2:49|2:5|2:50|2:51|2:52|2:53|2:54|2:55|2:56|2:57|2:58|2:59|2:6|2:60|2:61|2:62|2:63|2:7|2:8|2:9|3:0|3:1|3:10|3:11|3:12|3:13|3:14|3:15|3:16|3:17|3:18|3:19|3:2|3:20|3:21|3:22|3:23|3:24|3:25|3:26|3:27|3:28|3:29|3:3|3:30|3:31|3:32|3:33|3:34|3:35|3:36|3:37|3:38|3:39|3:4|3:40|3:41|3:42|3:43|3:44|3:45|3:46|3:47|3:48|3:49|3:5|3:50|3:51|3:52|3:53|3:54|3:55|3:56|3:57|3:58|3:59|3:6|3:60|3:61|3:62|3:63|3:7|3:8|3:9|4:0|4:1|4:10|4:11|4:12|4:13|4:14|4:15|4:16|4:17|4:18|4:19|4:2|4:20|4:21|4:22|4:23|4:24|4:25|4:26|4:27|4:28|4:29|4:3|4:30|4:31|4:32|4:33|4:34|4:35|4:36|4:37|4:38|4:39|4:4|4:40|4:41|4:42|4:43|4:44|4:45|4:46|4:47|4:48|4:49|4:5|4:50|4:51|4:52|4:53|4:54|4:55|4:56|4:57|4:58|4:59|4:6|4:60|4:61|4:62|4:63|4:7|4:8|4:9|5:0|5:1|5:10|5:11|5:12|5:13|5:14|5:15|5:16|5:17|5:18|5:19|5:2|5:20|5:21|5:22|5:23|5:24|5:25|5:26|5:27|5:28|5:29|5:3|5:30|5:31|5:32|5:33|5:34|5:35|5:36|5:37|5:38|5:39|5:4|5:40|5:41|5:42|5:43|5:44|5:45|5:46|5:47|5:48|5:49|5:5|5:50|5:51|5:52|5:53|5:54|5:55|5:56|5:57|5:58|5:59|5:6|5:60|5:61|5:62|5:63|5:7|5:8|5:9
TIERING-OFF-QJ-OFF-QJFL-OFF,215,exact-v9-5-to-6mwe,194784,suction,C2-MIXTURE-PREFIX,320,0,333.8,1|2|3|4|5,1:0|1:1|1:10|1:11|1:12|1:13|1:14|1:15|1:16|1:17|1:18|1:19|1:2|1:20|1:21|1:22|1:23|1:24|1:25|1:26|1:27|1:28|1:29|1:3|1:30|1:31|1:32|1:33|1:34|1:35|1:36|1:37|1:38|1:39|1:4|1:40|1:41|1:42|1:43|1:44|1:45|1:46|1:47|1:48|1:49|1:5|1:50|1:51|1:52|1:53|1:54|1:55|1:56|1:57|1:58|1:59|1:6|1:60|1:61|1:62|1:63|1:7|1:8|1:9|2:0|2:1|2:10|2:11|2:12|2:13|2:14|2:15|2:16|2:17|2:18|2:19|2:2|2:20|2:21|2:22|2:23|2:24|2:25|2:26|2:27|2:28|2:29|2:3|2:30|2:31|2:32|2:33|2:34|2:35|2:36|2:37|2:38|2:39|2:4|2:40|2:41|2:42|2:43|2:44|2:45|2:46|2:47|2:48|2:49|2:5|2:50|2:51|2:52|2:53|2:54|2:55|2:56|2:57|2:58|2:59|2:6|2:60|2:61|2:62|2:63|2:7|2:8|2:9|3:0|3:1|3:10|3:11|3:12|3:13|3:14|3:15|3:16|3:17|3:18|3:19|3:2|3:20|3:21|3:22|3:23|3:24|3:25|3:26|3:27|3:28|3:29|3:3|3:30|3:31|3:32|3:33|3:34|3:35|3:36|3:37|3:38|3:39|3:4|3:40|3:41|3:42|3:43|3:44|3:45|3:46|3:47|3:48|3:49|3:5|3:50|3:51|3:52|3:53|3:54|3:55|3:56|3:57|3:58|3:59|3:6|3:60|3:61|3:62|3:63|3:7|3:8|3:9|4:0|4:1|4:10|4:11|4:12|4:13|4:14|4:15|4:16|4:17|4:18|4:19|4:2|4:20|4:21|4:22|4:23|4:24|4:25|4:26|4:27|4:28|4:29|4:3|4:30|4:31|4:32|4:33|4:34|4:35|4:36|4:37|4:38|4:39|4:4|4:40|4:41|4:42|4:43|4:44|4:45|4:46|4:47|4:48|4:49|4:5|4:50|4:51|4:52|4:53|4:54|4:55|4:56|4:57|4:58|4:59|4:6|4:60|4:61|4:62|4:63|4:7|4:8|4:9|5:0|5:1|5:10|5:11|5:12|5:13|5:14|5:15|5:16|5:17|5:18|5:19|5:2|5:20|5:21|5:22|5:23|5:24|5:25|5:26|5:27|5:28|5:29|5:3|5:30|5:31|5:32|5:33|5:34|5:35|5:36|5:37|5:38|5:39|5:4|5:40|5:41|5:42|5:43|5:44|5:45|5:46|5:47|5:48|5:49|5:5|5:50|5:51|5:52|5:53|5:54|5:55|5:56|5:57|5:58|5:59|5:6|5:60|5:61|5:62|5:63|5:7|5:8|5:9
TIERING-OFF-QJ-OFF-QJFL-OFF,216,exact-v9-5-to-6mwe,194784,pressure,C2-MIXTURE-PREFIX,320,0,205.8,1|2|3|4|5,1:0|1:1|1:10|1:11|1:12|1:13|1:14|1:15|1:16|1:17|1:18|1:19|1:2|1:20|1:21|1:22|1:23|1:24|1:25|1:26|1:27|1:28|1:29|1:3|1:30|1:31|1:32|1:33|1:34|1:35|1:36|1:37|1:38|1:39|1:4|1:40|1:41|1:42|1:43|1:44|1:45|1:46|1:47|1:48|1:49|1:5|1:50|1:51|1:52|1:53|1:54|1:55|1:56|1:57|1:58|1:59|1:6|1:60|1:61|1:62|1:63|1:7|1:8|1:9|2:0|2:1|2:10|2:11|2:12|2:13|2:14|2:15|2:16|2:17|2:18|2:19|2:2|2:20|2:21|2:22|2:23|2:24|2:25|2:26|2:27|2:28|2:29|2:3|2:30|2:31|2:32|2:33|2:34|2:35|2:36|2:37|2:38|2:39|2:4|2:40|2:41|2:42|2:43|2:44|2:45|2:46|2:47|2:48|2:49|2:5|2:50|2:51|2:52|2:53|2:54|2:55|2:56|2:57|2:58|2:59|2:6|2:60|2:61|2:62|2:63|2:7|2:8|2:9|3:0|3:1|3:10|3:11|3:12|3:13|3:14|3:15|3:16|3:17|3:18|3:19|3:2|3:20|3:21|3:22|3:23|3:24|3:25|3:26|3:27|3:28|3:29|3:3|3:30|3:31|3:32|3:33|3:34|3:35|3:36|3:37|3:38|3:39|3:4|3:40|3:41|3:42|3:43|3:44|3:45|3:46|3:47|3:48|3:49|3:5|3:50|3:51|3:52|3:53|3:54|3:55|3:56|3:57|3:58|3:59|3:6|3:60|3:61|3:62|3:63|3:7|3:8|3:9|4:0|4:1|4:10|4:11|4:12|4:13|4:14|4:15|4:16|4:17|4:18|4:19|4:2|4:20|4:21|4:22|4:23|4:24|4:25|4:26|4:27|4:28|4:29|4:3|4:30|4:31|4:32|4:33|4:34|4:35|4:36|4:37|4:38|4:39|4:4|4:40|4:41|4:42|4:43|4:44|4:45|4:46|4:47|4:48|4:49|4:5|4:50|4:51|4:52|4:53|4:54|4:55|4:56|4:57|4:58|4:59|4:6|4:60|4:61|4:62|4:63|4:7|4:8|4:9|5:0|5:1|5:10|5:11|5:12|5:13|5:14|5:15|5:16|5:17|5:18|5:19|5:2|5:20|5:21|5:22|5:23|5:24|5:25|5:26|5:27|5:28|5:29|5:3|5:30|5:31|5:32|5:33|5:34|5:35|5:36|5:37|5:38|5:39|5:4|5:40|5:41|5:42|5:43|5:44|5:45|5:46|5:47|5:48|5:49|5:5|5:50|5:51|5:52|5:53|5:54|5:55|5:56|5:57|5:58|5:59|5:6|5:60|5:61|5:62|5:63|5:7|5:8|5:9
TIERING-OFF-QJ-OFF-QJFL-OFF,217,exact-v9-5-to-6mwe,194784,outlet,C2-MIXTURE-PREFIX,320,0,261.7,1|2|3|4|5,1:0|1:1|1:10|1:11|1:12|1:13|1:14|1:15|1:16|1:17|1:18|1:19|1:2|1:20|1:21|1:22|1:23|1:24|1:25|1:26|1:27|1:28|1:29|1:3|1:30|1:31|1:32|1:33|1:34|1:35|1:36|1:37|1:38|1:39|1:4|1:40|1:41|1:42|1:43|1:44|1:45|1:46|1:47|1:48|1:49|1:5|1:50|1:51|1:52|1:53|1:54|1:55|1:56|1:57|1:58|1:59|1:6|1:60|1:61|1:62|1:63|1:7|1:8|1:9|2:0|2:1|2:10|2:11|2:12|2:13|2:14|2:15|2:16|2:17|2:18|2:19|2:2|2:20|2:21|2:22|2:23|2:24|2:25|2:26|2:27|2:28|2:29|2:3|2:30|2:31|2:32|2:33|2:34|2:35|2:36|2:37|2:38|2:39|2:4|2:40|2:41|2:42|2:43|2:44|2:45|2:46|2:47|2:48|2:49|2:5|2:50|2:51|2:52|2:53|2:54|2:55|2:56|2:57|2:58|2:59|2:6|2:60|2:61|2:62|2:63|2:7|2:8|2:9|3:0|3:1|3:10|3:11|3:12|3:13|3:14|3:15|3:16|3:17|3:18|3:19|3:2|3:20|3:21|3:22|3:23|3:24|3:25|3:26|3:27|3:28|3:29|3:3|3:30|3:31|3:32|3:33|3:34|3:35|3:36|3:37|3:38|3:39|3:4|3:40|3:41|3:42|3:43|3:44|3:45|3:46|3:47|3:48|3:49|3:5|3:50|3:51|3:52|3:53|3:54|3:55|3:56|3:57|3:58|3:59|3:6|3:60|3:61|3:62|3:63|3:7|3:8|3:9|4:0|4:1|4:10|4:11|4:12|4:13|4:14|4:15|4:16|4:17|4:18|4:19|4:2|4:20|4:21|4:22|4:23|4:24|4:25|4:26|4:27|4:28|4:29|4:3|4:30|4:31|4:32|4:33|4:34|4:35|4:36|4:37|4:38|4:39|4:4|4:40|4:41|4:42|4:43|4:44|4:45|4:46|4:47|4:48|4:49|4:5|4:50|4:51|4:52|4:53|4:54|4:55|4:56|4:57|4:58|4:59|4:6|4:60|4:61|4:62|4:63|4:7|4:8|4:9|5:0|5:1|5:10|5:11|5:12|5:13|5:14|5:15|5:16|5:17|5:18|5:19|5:2|5:20|5:21|5:22|5:23|5:24|5:25|5:26|5:27|5:28|5:29|5:3|5:30|5:31|5:32|5:33|5:34|5:35|5:36|5:37|5:38|5:39|5:4|5:40|5:41|5:42|5:43|5:44|5:45|5:46|5:47|5:48|5:49|5:5|5:50|5:51|5:52|5:53|5:54|5:55|5:56|5:57|5:58|5:59|5:6|5:60|5:61|5:62|5:63|5:7|5:8|5:9
TIERING-OFF-QJ-OFF-QJFL-OFF,218,exact-v9-5-to-6mwe,194784,drum,C2-MIXTURE-PREFIX,320,0,226.2,1|2|3|4|5,1:0|1:1|1:10|1:11|1:12|1:13|1:14|1:15|1:16|1:17|1:18|1:19|1:2|1:20|1:21|1:22|1:23|1:24|1:25|1:26|1:27|1:28|1:29|1:3|1:30|1:31|1:32|1:33|1:34|1:35|1:36|1:37|1:38|1:39|1:4|1:40|1:41|1:42|1:43|1:44|1:45|1:46|1:47|1:48|1:49|1:5|1:50|1:51|1:52|1:53|1:54|1:55|1:56|1:57|1:58|1:59|1:6|1:60|1:61|1:62|1:63|1:7|1:8|1:9|2:0|2:1|2:10|2:11|2:12|2:13|2:14|2:15|2:16|2:17|2:18|2:19|2:2|2:20|2:21|2:22|2:23|2:24|2:25|2:26|2:27|2:28|2:29|2:3|2:30|2:31|2:32|2:33|2:34|2:35|2:36|2:37|2:38|2:39|2:4|2:40|2:41|2:42|2:43|2:44|2:45|2:46|2:47|2:48|2:49|2:5|2:50|2:51|2:52|2:53|2:54|2:55|2:56|2:57|2:58|2:59|2:6|2:60|2:61|2:62|2:63|2:7|2:8|2:9|3:0|3:1|3:10|3:11|3:12|3:13|3:14|3:15|3:16|3:17|3:18|3:19|3:2|3:20|3:21|3:22|3:23|3:24|3:25|3:26|3:27|3:28|3:29|3:3|3:30|3:31|3:32|3:33|3:34|3:35|3:36|3:37|3:38|3:39|3:4|3:40|3:41|3:42|3:43|3:44|3:45|3:46|3:47|3:48|3:49|3:5|3:50|3:51|3:52|3:53|3:54|3:55|3:56|3:57|3:58|3:59|3:6|3:60|3:61|3:62|3:63|3:7|3:8|3:9|4:0|4:1|4:10|4:11|4:12|4:13|4:14|4:15|4:16|4:17|4:18|4:19|4:2|4:20|4:21|4:22|4:23|4:24|4:25|4:26|4:27|4:28|4:29|4:3|4:30|4:31|4:32|4:33|4:34|4:35|4:36|4:37|4:38|4:39|4:4|4:40|4:41|4:42|4:43|4:44|4:45|4:46|4:47|4:48|4:49|4:5|4:50|4:51|4:52|4:53|4:54|4:55|4:56|4:57|4:58|4:59|4:6|4:60|4:61|4:62|4:63|4:7|4:8|4:9|5:0|5:1|5:10|5:11|5:12|5:13|5:14|5:15|5:16|5:17|5:18|5:19|5:2|5:20|5:21|5:22|5:23|5:24|5:25|5:26|5:27|5:28|5:29|5:3|5:30|5:31|5:32|5:33|5:34|5:35|5:36|5:37|5:38|5:39|5:4|5:40|5:41|5:42|5:43|5:44|5:45|5:46|5:47|5:48|5:49|5:5|5:50|5:51|5:52|5:53|5:54|5:55|5:56|5:57|5:58|5:59|5:6|5:60|5:61|5:62|5:63|5:7|5:8|5:9
TIERING-OFF-QJ-OFF-QJFL-OFF,219,exact-v9-5-to-6mwe,194784,feedwater-inventory,C2-MIXTURE-PREFIX,2,0,137.2,5,5:3|5:60
TIERING-OFF-QJ-OFF-QJFL-OFF,22,background-reference,24000,outlet,C2-MIXTURE-PREFIX,320,0,330.8,1|2|3|4|5,1:0|1:1|1:10|1:11|1:12|1:13|1:14|1:15|1:16|1:17|1:18|1:19|1:2|1:20|1:21|1:22|1:23|1:24|1:25|1:26|1:27|1:28|1:29|1:3|1:30|1:31|1:32|1:33|1:34|1:35|1:36|1:37|1:38|1:39|1:4|1:40|1:41|1:42|1:43|1:44|1:45|1:46|1:47|1:48|1:49|1:5|1:50|1:51|1:52|1:53|1:54|1:55|1:56|1:57|1:58|1:59|1:6|1:60|1:61|1:62|1:63|1:7|1:8|1:9|2:0|2:1|2:10|2:11|2:12|2:13|2:14|2:15|2:16|2:17|2:18|2:19|2:2|2:20|2:21|2:22|2:23|2:24|2:25|2:26|2:27|2:28|2:29|2:3|2:30|2:31|2:32|2:33|2:34|2:35|2:36|2:37|2:38|2:39|2:4|2:40|2:41|2:42|2:43|2:44|2:45|2:46|2:47|2:48|2:49|2:5|2:50|2:51|2:52|2:53|2:54|2:55|2:56|2:57|2:58|2:59|2:6|2:60|2:61|2:62|2:63|2:7|2:8|2:9|3:0|3:1|3:10|3:11|3:12|3:13|3:14|3:15|3:16|3:17|3:18|3:19|3:2|3:20|3:21|3:22|3:23|3:24|3:25|3:26|3:27|3:28|3:29|3:3|3:30|3:31|3:32|3:33|3:34|3:35|3:36|3:37|3:38|3:39|3:4|3:40|3:41|3:42|3:43|3:44|3:45|3:46|3:47|3:48|3:49|3:5|3:50|3:51|3:52|3:53|3:54|3:55|3:56|3:57|3:58|3:59|3:6|3:60|3:61|3:62|3:63|3:7|3:8|3:9|4:0|4:1|4:10|4:11|4:12|4:13|4:14|4:15|4:16|4:17|4:18|4:19|4:2|4:20|4:21|4:22|4:23|4:24|4:25|4:26|4:27|4:28|4:29|4:3|4:30|4:31|4:32|4:33|4:34|4:35|4:36|4:37|4:38|4:39|4:4|4:40|4:41|4:42|4:43|4:44|4:45|4:46|4:47|4:48|4:49|4:5|4:50|4:51|4:52|4:53|4:54|4:55|4:56|4:57|4:58|4:59|4:6|4:60|4:61|4:62|4:63|4:7|4:8|4:9|5:0|5:1|5:10|5:11|5:12|5:13|5:14|5:15|5:16|5:17|5:18|5:19|5:2|5:20|5:21|5:22|5:23|5:24|5:25|5:26|5:27|5:28|5:29|5:3|5:30|5:31|5:32|5:33|5:34|5:35|5:36|5:37|5:38|5:39|5:4|5:40|5:41|5:42|5:43|5:44|5:45|5:46|5:47|5:48|5:49|5:5|5:50|5:51|5:52|5:53|5:54|5:55|5:56|5:57|5:58|5:59|5:6|5:60|5:61|5:62|5:63|5:7|5:8|5:9
TIERING-OFF-QJ-OFF-QJFL-OFF,220,exact-v9-5-to-6mwe,200784,suction,C2-MIXTURE-PREFIX,320,0,342.6,1|2|3|4|5,1:0|1:1|1:10|1:11|1:12|1:13|1:14|1:15|1:16|1:17|1:18|1:19|1:2|1:20|1:21|1:22|1:23|1:24|1:25|1:26|1:27|1:28|1:29|1:3|1:30|1:31|1:32|1:33|1:34|1:35|1:36|1:37|1:38|1:39|1:4|1:40|1:41|1:42|1:43|1:44|1:45|1:46|1:47|1:48|1:49|1:5|1:50|1:51|1:52|1:53|1:54|1:55|1:56|1:57|1:58|1:59|1:6|1:60|1:61|1:62|1:63|1:7|1:8|1:9|2:0|2:1|2:10|2:11|2:12|2:13|2:14|2:15|2:16|2:17|2:18|2:19|2:2|2:20|2:21|2:22|2:23|2:24|2:25|2:26|2:27|2:28|2:29|2:3|2:30|2:31|2:32|2:33|2:34|2:35|2:36|2:37|2:38|2:39|2:4|2:40|2:41|2:42|2:43|2:44|2:45|2:46|2:47|2:48|2:49|2:5|2:50|2:51|2:52|2:53|2:54|2:55|2:56|2:57|2:58|2:59|2:6|2:60|2:61|2:62|2:63|2:7|2:8|2:9|3:0|3:1|3:10|3:11|3:12|3:13|3:14|3:15|3:16|3:17|3:18|3:19|3:2|3:20|3:21|3:22|3:23|3:24|3:25|3:26|3:27|3:28|3:29|3:3|3:30|3:31|3:32|3:33|3:34|3:35|3:36|3:37|3:38|3:39|3:4|3:40|3:41|3:42|3:43|3:44|3:45|3:46|3:47|3:48|3:49|3:5|3:50|3:51|3:52|3:53|3:54|3:55|3:56|3:57|3:58|3:59|3:6|3:60|3:61|3:62|3:63|3:7|3:8|3:9|4:0|4:1|4:10|4:11|4:12|4:13|4:14|4:15|4:16|4:17|4:18|4:19|4:2|4:20|4:21|4:22|4:23|4:24|4:25|4:26|4:27|4:28|4:29|4:3|4:30|4:31|4:32|4:33|4:34|4:35|4:36|4:37|4:38|4:39|4:4|4:40|4:41|4:42|4:43|4:44|4:45|4:46|4:47|4:48|4:49|4:5|4:50|4:51|4:52|4:53|4:54|4:55|4:56|4:57|4:58|4:59|4:6|4:60|4:61|4:62|4:63|4:7|4:8|4:9|5:0|5:1|5:10|5:11|5:12|5:13|5:14|5:15|5:16|5:17|5:18|5:19|5:2|5:20|5:21|5:22|5:23|5:24|5:25|5:26|5:27|5:28|5:29|5:3|5:30|5:31|5:32|5:33|5:34|5:35|5:36|5:37|5:38|5:39|5:4|5:40|5:41|5:42|5:43|5:44|5:45|5:46|5:47|5:48|5:49|5:5|5:50|5:51|5:52|5:53|5:54|5:55|5:56|5:57|5:58|5:59|5:6|5:60|5:61|5:62|5:63|5:7|5:8|5:9
TIERING-OFF-QJ-OFF-QJFL-OFF,221,exact-v9-5-to-6mwe,200784,pressure,C2-MIXTURE-PREFIX,320,0,215.8,1|2|3|4|5,1:0|1:1|1:10|1:11|1:12|1:13|1:14|1:15|1:16|1:17|1:18|1:19|1:2|1:20|1:21|1:22|1:23|1:24|1:25|1:26|1:27|1:28|1:29|1:3|1:30|1:31|1:32|1:33|1:34|1:35|1:36|1:37|1:38|1:39|1:4|1:40|1:41|1:42|1:43|1:44|1:45|1:46|1:47|1:48|1:49|1:5|1:50|1:51|1:52|1:53|1:54|1:55|1:56|1:57|1:58|1:59|1:6|1:60|1:61|1:62|1:63|1:7|1:8|1:9|2:0|2:1|2:10|2:11|2:12|2:13|2:14|2:15|2:16|2:17|2:18|2:19|2:2|2:20|2:21|2:22|2:23|2:24|2:25|2:26|2:27|2:28|2:29|2:3|2:30|2:31|2:32|2:33|2:34|2:35|2:36|2:37|2:38|2:39|2:4|2:40|2:41|2:42|2:43|2:44|2:45|2:46|2:47|2:48|2:49|2:5|2:50|2:51|2:52|2:53|2:54|2:55|2:56|2:57|2:58|2:59|2:6|2:60|2:61|2:62|2:63|2:7|2:8|2:9|3:0|3:1|3:10|3:11|3:12|3:13|3:14|3:15|3:16|3:17|3:18|3:19|3:2|3:20|3:21|3:22|3:23|3:24|3:25|3:26|3:27|3:28|3:29|3:3|3:30|3:31|3:32|3:33|3:34|3:35|3:36|3:37|3:38|3:39|3:4|3:40|3:41|3:42|3:43|3:44|3:45|3:46|3:47|3:48|3:49|3:5|3:50|3:51|3:52|3:53|3:54|3:55|3:56|3:57|3:58|3:59|3:6|3:60|3:61|3:62|3:63|3:7|3:8|3:9|4:0|4:1|4:10|4:11|4:12|4:13|4:14|4:15|4:16|4:17|4:18|4:19|4:2|4:20|4:21|4:22|4:23|4:24|4:25|4:26|4:27|4:28|4:29|4:3|4:30|4:31|4:32|4:33|4:34|4:35|4:36|4:37|4:38|4:39|4:4|4:40|4:41|4:42|4:43|4:44|4:45|4:46|4:47|4:48|4:49|4:5|4:50|4:51|4:52|4:53|4:54|4:55|4:56|4:57|4:58|4:59|4:6|4:60|4:61|4:62|4:63|4:7|4:8|4:9|5:0|5:1|5:10|5:11|5:12|5:13|5:14|5:15|5:16|5:17|5:18|5:19|5:2|5:20|5:21|5:22|5:23|5:24|5:25|5:26|5:27|5:28|5:29|5:3|5:30|5:31|5:32|5:33|5:34|5:35|5:36|5:37|5:38|5:39|5:4|5:40|5:41|5:42|5:43|5:44|5:45|5:46|5:47|5:48|5:49|5:5|5:50|5:51|5:52|5:53|5:54|5:55|5:56|5:57|5:58|5:59|5:6|5:60|5:61|5:62|5:63|5:7|5:8|5:9
TIERING-OFF-QJ-OFF-QJFL-OFF,222,exact-v9-5-to-6mwe,200784,outlet,C2-MIXTURE-PREFIX,320,0,343.6,1|2|3|4|5,1:0|1:1|1:10|1:11|1:12|1:13|1:14|1:15|1:16|1:17|1:18|1:19|1:2|1:20|1:21|1:22|1:23|1:24|1:25|1:26|1:27|1:28|1:29|1:3|1:30|1:31|1:32|1:33|1:34|1:35|1:36|1:37|1:38|1:39|1:4|1:40|1:41|1:42|1:43|1:44|1:45|1:46|1:47|1:48|1:49|1:5|1:50|1:51|1:52|1:53|1:54|1:55|1:56|1:57|1:58|1:59|1:6|1:60|1:61|1:62|1:63|1:7|1:8|1:9|2:0|2:1|2:10|2:11|2:12|2:13|2:14|2:15|2:16|2:17|2:18|2:19|2:2|2:20|2:21|2:22|2:23|2:24|2:25|2:26|2:27|2:28|2:29|2:3|2:30|2:31|2:32|2:33|2:34|2:35|2:36|2:37|2:38|2:39|2:4|2:40|2:41|2:42|2:43|2:44|2:45|2:46|2:47|2:48|2:49|2:5|2:50|2:51|2:52|2:53|2:54|2:55|2:56|2:57|2:58|2:59|2:6|2:60|2:61|2:62|2:63|2:7|2:8|2:9|3:0|3:1|3:10|3:11|3:12|3:13|3:14|3:15|3:16|3:17|3:18|3:19|3:2|3:20|3:21|3:22|3:23|3:24|3:25|3:26|3:27|3:28|3:29|3:3|3:30|3:31|3:32|3:33|3:34|3:35|3:36|3:37|3:38|3:39|3:4|3:40|3:41|3:42|3:43|3:44|3:45|3:46|3:47|3:48|3:49|3:5|3:50|3:51|3:52|3:53|3:54|3:55|3:56|3:57|3:58|3:59|3:6|3:60|3:61|3:62|3:63|3:7|3:8|3:9|4:0|4:1|4:10|4:11|4:12|4:13|4:14|4:15|4:16|4:17|4:18|4:19|4:2|4:20|4:21|4:22|4:23|4:24|4:25|4:26|4:27|4:28|4:29|4:3|4:30|4:31|4:32|4:33|4:34|4:35|4:36|4:37|4:38|4:39|4:4|4:40|4:41|4:42|4:43|4:44|4:45|4:46|4:47|4:48|4:49|4:5|4:50|4:51|4:52|4:53|4:54|4:55|4:56|4:57|4:58|4:59|4:6|4:60|4:61|4:62|4:63|4:7|4:8|4:9|5:0|5:1|5:10|5:11|5:12|5:13|5:14|5:15|5:16|5:17|5:18|5:19|5:2|5:20|5:21|5:22|5:23|5:24|5:25|5:26|5:27|5:28|5:29|5:3|5:30|5:31|5:32|5:33|5:34|5:35|5:36|5:37|5:38|5:39|5:4|5:40|5:41|5:42|5:43|5:44|5:45|5:46|5:47|5:48|5:49|5:5|5:50|5:51|5:52|5:53|5:54|5:55|5:56|5:57|5:58|5:59|5:6|5:60|5:61|5:62|5:63|5:7|5:8|5:9
TIERING-OFF-QJ-OFF-QJFL-OFF,223,exact-v9-5-to-6mwe,200784,drum,C2-MIXTURE-PREFIX,320,0,221.8,1|2|3|4|5,1:0|1:1|1:10|1:11|1:12|1:13|1:14|1:15|1:16|1:17|1:18|1:19|1:2|1:20|1:21|1:22|1:23|1:24|1:25|1:26|1:27|1:28|1:29|1:3|1:30|1:31|1:32|1:33|1:34|1:35|1:36|1:37|1:38|1:39|1:4|1:40|1:41|1:42|1:43|1:44|1:45|1:46|1:47|1:48|1:49|1:5|1:50|1:51|1:52|1:53|1:54|1:55|1:56|1:57|1:58|1:59|1:6|1:60|1:61|1:62|1:63|1:7|1:8|1:9|2:0|2:1|2:10|2:11|2:12|2:13|2:14|2:15|2:16|2:17|2:18|2:19|2:2|2:20|2:21|2:22|2:23|2:24|2:25|2:26|2:27|2:28|2:29|2:3|2:30|2:31|2:32|2:33|2:34|2:35|2:36|2:37|2:38|2:39|2:4|2:40|2:41|2:42|2:43|2:44|2:45|2:46|2:47|2:48|2:49|2:5|2:50|2:51|2:52|2:53|2:54|2:55|2:56|2:57|2:58|2:59|2:6|2:60|2:61|2:62|2:63|2:7|2:8|2:9|3:0|3:1|3:10|3:11|3:12|3:13|3:14|3:15|3:16|3:17|3:18|3:19|3:2|3:20|3:21|3:22|3:23|3:24|3:25|3:26|3:27|3:28|3:29|3:3|3:30|3:31|3:32|3:33|3:34|3:35|3:36|3:37|3:38|3:39|3:4|3:40|3:41|3:42|3:43|3:44|3:45|3:46|3:47|3:48|3:49|3:5|3:50|3:51|3:52|3:53|3:54|3:55|3:56|3:57|3:58|3:59|3:6|3:60|3:61|3:62|3:63|3:7|3:8|3:9|4:0|4:1|4:10|4:11|4:12|4:13|4:14|4:15|4:16|4:17|4:18|4:19|4:2|4:20|4:21|4:22|4:23|4:24|4:25|4:26|4:27|4:28|4:29|4:3|4:30|4:31|4:32|4:33|4:34|4:35|4:36|4:37|4:38|4:39|4:4|4:40|4:41|4:42|4:43|4:44|4:45|4:46|4:47|4:48|4:49|4:5|4:50|4:51|4:52|4:53|4:54|4:55|4:56|4:57|4:58|4:59|4:6|4:60|4:61|4:62|4:63|4:7|4:8|4:9|5:0|5:1|5:10|5:11|5:12|5:13|5:14|5:15|5:16|5:17|5:18|5:19|5:2|5:20|5:21|5:22|5:23|5:24|5:25|5:26|5:27|5:28|5:29|5:3|5:30|5:31|5:32|5:33|5:34|5:35|5:36|5:37|5:38|5:39|5:4|5:40|5:41|5:42|5:43|5:44|5:45|5:46|5:47|5:48|5:49|5:5|5:50|5:51|5:52|5:53|5:54|5:55|5:56|5:57|5:58|5:59|5:6|5:60|5:61|5:62|5:63|5:7|5:8|5:9
TIERING-OFF-QJ-OFF-QJFL-OFF,225,exact-v9-5-to-6mwe,206784,suction,C2-MIXTURE-PREFIX,320,0,267.2,1|2|3|4|5,1:0|1:1|1:10|1:11|1:12|1:13|1:14|1:15|1:16|1:17|1:18|1:19|1:2|1:20|1:21|1:22|1:23|1:24|1:25|1:26|1:27|1:28|1:29|1:3|1:30|1:31|1:32|1:33|1:34|1:35|1:36|1:37|1:38|1:39|1:4|1:40|1:41|1:42|1:43|1:44|1:45|1:46|1:47|1:48|1:49|1:5|1:50|1:51|1:52|1:53|1:54|1:55|1:56|1:57|1:58|1:59|1:6|1:60|1:61|1:62|1:63|1:7|1:8|1:9|2:0|2:1|2:10|2:11|2:12|2:13|2:14|2:15|2:16|2:17|2:18|2:19|2:2|2:20|2:21|2:22|2:23|2:24|2:25|2:26|2:27|2:28|2:29|2:3|2:30|2:31|2:32|2:33|2:34|2:35|2:36|2:37|2:38|2:39|2:4|2:40|2:41|2:42|2:43|2:44|2:45|2:46|2:47|2:48|2:49|2:5|2:50|2:51|2:52|2:53|2:54|2:55|2:56|2:57|2:58|2:59|2:6|2:60|2:61|2:62|2:63|2:7|2:8|2:9|3:0|3:1|3:10|3:11|3:12|3:13|3:14|3:15|3:16|3:17|3:18|3:19|3:2|3:20|3:21|3:22|3:23|3:24|3:25|3:26|3:27|3:28|3:29|3:3|3:30|3:31|3:32|3:33|3:34|3:35|3:36|3:37|3:38|3:39|3:4|3:40|3:41|3:42|3:43|3:44|3:45|3:46|3:47|3:48|3:49|3:5|3:50|3:51|3:52|3:53|3:54|3:55|3:56|3:57|3:58|3:59|3:6|3:60|3:61|3:62|3:63|3:7|3:8|3:9|4:0|4:1|4:10|4:11|4:12|4:13|4:14|4:15|4:16|4:17|4:18|4:19|4:2|4:20|4:21|4:22|4:23|4:24|4:25|4:26|4:27|4:28|4:29|4:3|4:30|4:31|4:32|4:33|4:34|4:35|4:36|4:37|4:38|4:39|4:4|4:40|4:41|4:42|4:43|4:44|4:45|4:46|4:47|4:48|4:49|4:5|4:50|4:51|4:52|4:53|4:54|4:55|4:56|4:57|4:58|4:59|4:6|4:60|4:61|4:62|4:63|4:7|4:8|4:9|5:0|5:1|5:10|5:11|5:12|5:13|5:14|5:15|5:16|5:17|5:18|5:19|5:2|5:20|5:21|5:22|5:23|5:24|5:25|5:26|5:27|5:28|5:29|5:3|5:30|5:31|5:32|5:33|5:34|5:35|5:36|5:37|5:38|5:39|5:4|5:40|5:41|5:42|5:43|5:44|5:45|5:46|5:47|5:48|5:49|5:5|5:50|5:51|5:52|5:53|5:54|5:55|5:56|5:57|5:58|5:59|5:6|5:60|5:61|5:62|5:63|5:7|5:8|5:9
TIERING-OFF-QJ-OFF-QJFL-OFF,226,exact-v9-5-to-6mwe,206784,pressure,C2-MIXTURE-PREFIX,320,0,336,1|2|3|4|5,1:0|1:1|1:10|1:11|1:12|1:13|1:14|1:15|1:16|1:17|1:18|1:19|1:2|1:20|1:21|1:22|1:23|1:24|1:25|1:26|1:27|1:28|1:29|1:3|1:30|1:31|1:32|1:33|1:34|1:35|1:36|1:37|1:38|1:39|1:4|1:40|1:41|1:42|1:43|1:44|1:45|1:46|1:47|1:48|1:49|1:5|1:50|1:51|1:52|1:53|1:54|1:55|1:56|1:57|1:58|1:59|1:6|1:60|1:61|1:62|1:63|1:7|1:8|1:9|2:0|2:1|2:10|2:11|2:12|2:13|2:14|2:15|2:16|2:17|2:18|2:19|2:2|2:20|2:21|2:22|2:23|2:24|2:25|2:26|2:27|2:28|2:29|2:3|2:30|2:31|2:32|2:33|2:34|2:35|2:36|2:37|2:38|2:39|2:4|2:40|2:41|2:42|2:43|2:44|2:45|2:46|2:47|2:48|2:49|2:5|2:50|2:51|2:52|2:53|2:54|2:55|2:56|2:57|2:58|2:59|2:6|2:60|2:61|2:62|2:63|2:7|2:8|2:9|3:0|3:1|3:10|3:11|3:12|3:13|3:14|3:15|3:16|3:17|3:18|3:19|3:2|3:20|3:21|3:22|3:23|3:24|3:25|3:26|3:27|3:28|3:29|3:3|3:30|3:31|3:32|3:33|3:34|3:35|3:36|3:37|3:38|3:39|3:4|3:40|3:41|3:42|3:43|3:44|3:45|3:46|3:47|3:48|3:49|3:5|3:50|3:51|3:52|3:53|3:54|3:55|3:56|3:57|3:58|3:59|3:6|3:60|3:61|3:62|3:63|3:7|3:8|3:9|4:0|4:1|4:10|4:11|4:12|4:13|4:14|4:15|4:16|4:17|4:18|4:19|4:2|4:20|4:21|4:22|4:23|4:24|4:25|4:26|4:27|4:28|4:29|4:3|4:30|4:31|4:32|4:33|4:34|4:35|4:36|4:37|4:38|4:39|4:4|4:40|4:41|4:42|4:43|4:44|4:45|4:46|4:47|4:48|4:49|4:5|4:50|4:51|4:52|4:53|4:54|4:55|4:56|4:57|4:58|4:59|4:6|4:60|4:61|4:62|4:63|4:7|4:8|4:9|5:0|5:1|5:10|5:11|5:12|5:13|5:14|5:15|5:16|5:17|5:18|5:19|5:2|5:20|5:21|5:22|5:23|5:24|5:25|5:26|5:27|5:28|5:29|5:3|5:30|5:31|5:32|5:33|5:34|5:35|5:36|5:37|5:38|5:39|5:4|5:40|5:41|5:42|5:43|5:44|5:45|5:46|5:47|5:48|5:49|5:5|5:50|5:51|5:52|5:53|5:54|5:55|5:56|5:57|5:58|5:59|5:6|5:60|5:61|5:62|5:63|5:7|5:8|5:9
TIERING-OFF-QJ-OFF-QJFL-OFF,227,exact-v9-5-to-6mwe,206784,outlet,C2-MIXTURE-PREFIX,320,0,319.7,1|2|3|4|5,1:0|1:1|1:10|1:11|1:12|1:13|1:14|1:15|1:16|1:17|1:18|1:19|1:2|1:20|1:21|1:22|1:23|1:24|1:25|1:26|1:27|1:28|1:29|1:3|1:30|1:31|1:32|1:33|1:34|1:35|1:36|1:37|1:38|1:39|1:4|1:40|1:41|1:42|1:43|1:44|1:45|1:46|1:47|1:48|1:49|1:5|1:50|1:51|1:52|1:53|1:54|1:55|1:56|1:57|1:58|1:59|1:6|1:60|1:61|1:62|1:63|1:7|1:8|1:9|2:0|2:1|2:10|2:11|2:12|2:13|2:14|2:15|2:16|2:17|2:18|2:19|2:2|2:20|2:21|2:22|2:23|2:24|2:25|2:26|2:27|2:28|2:29|2:3|2:30|2:31|2:32|2:33|2:34|2:35|2:36|2:37|2:38|2:39|2:4|2:40|2:41|2:42|2:43|2:44|2:45|2:46|2:47|2:48|2:49|2:5|2:50|2:51|2:52|2:53|2:54|2:55|2:56|2:57|2:58|2:59|2:6|2:60|2:61|2:62|2:63|2:7|2:8|2:9|3:0|3:1|3:10|3:11|3:12|3:13|3:14|3:15|3:16|3:17|3:18|3:19|3:2|3:20|3:21|3:22|3:23|3:24|3:25|3:26|3:27|3:28|3:29|3:3|3:30|3:31|3:32|3:33|3:34|3:35|3:36|3:37|3:38|3:39|3:4|3:40|3:41|3:42|3:43|3:44|3:45|3:46|3:47|3:48|3:49|3:5|3:50|3:51|3:52|3:53|3:54|3:55|3:56|3:57|3:58|3:59|3:6|3:60|3:61|3:62|3:63|3:7|3:8|3:9|4:0|4:1|4:10|4:11|4:12|4:13|4:14|4:15|4:16|4:17|4:18|4:19|4:2|4:20|4:21|4:22|4:23|4:24|4:25|4:26|4:27|4:28|4:29|4:3|4:30|4:31|4:32|4:33|4:34|4:35|4:36|4:37|4:38|4:39|4:4|4:40|4:41|4:42|4:43|4:44|4:45|4:46|4:47|4:48|4:49|4:5|4:50|4:51|4:52|4:53|4:54|4:55|4:56|4:57|4:58|4:59|4:6|4:60|4:61|4:62|4:63|4:7|4:8|4:9|5:0|5:1|5:10|5:11|5:12|5:13|5:14|5:15|5:16|5:17|5:18|5:19|5:2|5:20|5:21|5:22|5:23|5:24|5:25|5:26|5:27|5:28|5:29|5:3|5:30|5:31|5:32|5:33|5:34|5:35|5:36|5:37|5:38|5:39|5:4|5:40|5:41|5:42|5:43|5:44|5:45|5:46|5:47|5:48|5:49|5:5|5:50|5:51|5:52|5:53|5:54|5:55|5:56|5:57|5:58|5:59|5:6|5:60|5:61|5:62|5:63|5:7|5:8|5:9
TIERING-OFF-QJ-OFF-QJFL-OFF,228,exact-v9-5-to-6mwe,206784,drum,C2-MIXTURE-PREFIX,320,0,342.5,1|2|3|4|5,1:0|1:1|1:10|1:11|1:12|1:13|1:14|1:15|1:16|1:17|1:18|1:19|1:2|1:20|1:21|1:22|1:23|1:24|1:25|1:26|1:27|1:28|1:29|1:3|1:30|1:31|1:32|1:33|1:34|1:35|1:36|1:37|1:38|1:39|1:4|1:40|1:41|1:42|1:43|1:44|1:45|1:46|1:47|1:48|1:49|1:5|1:50|1:51|1:52|1:53|1:54|1:55|1:56|1:57|1:58|1:59|1:6|1:60|1:61|1:62|1:63|1:7|1:8|1:9|2:0|2:1|2:10|2:11|2:12|2:13|2:14|2:15|2:16|2:17|2:18|2:19|2:2|2:20|2:21|2:22|2:23|2:24|2:25|2:26|2:27|2:28|2:29|2:3|2:30|2:31|2:32|2:33|2:34|2:35|2:36|2:37|2:38|2:39|2:4|2:40|2:41|2:42|2:43|2:44|2:45|2:46|2:47|2:48|2:49|2:5|2:50|2:51|2:52|2:53|2:54|2:55|2:56|2:57|2:58|2:59|2:6|2:60|2:61|2:62|2:63|2:7|2:8|2:9|3:0|3:1|3:10|3:11|3:12|3:13|3:14|3:15|3:16|3:17|3:18|3:19|3:2|3:20|3:21|3:22|3:23|3:24|3:25|3:26|3:27|3:28|3:29|3:3|3:30|3:31|3:32|3:33|3:34|3:35|3:36|3:37|3:38|3:39|3:4|3:40|3:41|3:42|3:43|3:44|3:45|3:46|3:47|3:48|3:49|3:5|3:50|3:51|3:52|3:53|3:54|3:55|3:56|3:57|3:58|3:59|3:6|3:60|3:61|3:62|3:63|3:7|3:8|3:9|4:0|4:1|4:10|4:11|4:12|4:13|4:14|4:15|4:16|4:17|4:18|4:19|4:2|4:20|4:21|4:22|4:23|4:24|4:25|4:26|4:27|4:28|4:29|4:3|4:30|4:31|4:32|4:33|4:34|4:35|4:36|4:37|4:38|4:39|4:4|4:40|4:41|4:42|4:43|4:44|4:45|4:46|4:47|4:48|4:49|4:5|4:50|4:51|4:52|4:53|4:54|4:55|4:56|4:57|4:58|4:59|4:6|4:60|4:61|4:62|4:63|4:7|4:8|4:9|5:0|5:1|5:10|5:11|5:12|5:13|5:14|5:15|5:16|5:17|5:18|5:19|5:2|5:20|5:21|5:22|5:23|5:24|5:25|5:26|5:27|5:28|5:29|5:3|5:30|5:31|5:32|5:33|5:34|5:35|5:36|5:37|5:38|5:39|5:4|5:40|5:41|5:42|5:43|5:44|5:45|5:46|5:47|5:48|5:49|5:5|5:50|5:51|5:52|5:53|5:54|5:55|5:56|5:57|5:58|5:59|5:6|5:60|5:61|5:62|5:63|5:7|5:8|5:9
TIERING-OFF-QJ-OFF-QJFL-OFF,229,exact-v9-5-to-6mwe,206784,feedwater-inventory,C2-MIXTURE-PREFIX,1,0,104.2,2,2:29
TIERING-OFF-QJ-OFF-QJFL-OFF,23,background-reference,24000,drum,C2-MIXTURE-PREFIX,320,1,504.8,1|2|3|4|5,1:0|1:1|1:10|1:11|1:12|1:13|1:14|1:15|1:16|1:17|1:18|1:19|1:2|1:20|1:21|1:22|1:23|1:24|1:25|1:26|1:27|1:28|1:29|1:3|1:30|1:31|1:32|1:33|1:34|1:35|1:36|1:37|1:38|1:39|1:4|1:40|1:41|1:42|1:43|1:44|1:45|1:46|1:47|1:48|1:49|1:5|1:50|1:51|1:52|1:53|1:54|1:55|1:56|1:57|1:58|1:59|1:6|1:60|1:61|1:62|1:63|1:7|1:8|1:9|2:0|2:1|2:10|2:11|2:12|2:13|2:14|2:15|2:16|2:17|2:18|2:19|2:2|2:20|2:21|2:22|2:23|2:24|2:25|2:26|2:27|2:28|2:29|2:3|2:30|2:31|2:32|2:33|2:34|2:35|2:36|2:37|2:38|2:39|2:4|2:40|2:41|2:42|2:43|2:44|2:45|2:46|2:47|2:48|2:49|2:5|2:50|2:51|2:52|2:53|2:54|2:55|2:56|2:57|2:58|2:59|2:6|2:60|2:61|2:62|2:63|2:7|2:8|2:9|3:0|3:1|3:10|3:11|3:12|3:13|3:14|3:15|3:16|3:17|3:18|3:19|3:2|3:20|3:21|3:22|3:23|3:24|3:25|3:26|3:27|3:28|3:29|3:3|3:30|3:31|3:32|3:33|3:34|3:35|3:36|3:37|3:38|3:39|3:4|3:40|3:41|3:42|3:43|3:44|3:45|3:46|3:47|3:48|3:49|3:5|3:50|3:51|3:52|3:53|3:54|3:55|3:56|3:57|3:58|3:59|3:6|3:60|3:61|3:62|3:63|3:7|3:8|3:9|4:0|4:1|4:10|4:11|4:12|4:13|4:14|4:15|4:16|4:17|4:18|4:19|4:2|4:20|4:21|4:22|4:23|4:24|4:25|4:26|4:27|4:28|4:29|4:3|4:30|4:31|4:32|4:33|4:34|4:35|4:36|4:37|4:38|4:39|4:4|4:40|4:41|4:42|4:43|4:44|4:45|4:46|4:47|4:48|4:49|4:5|4:50|4:51|4:52|4:53|4:54|4:55|4:56|4:57|4:58|4:59|4:6|4:60|4:61|4:62|4:63|4:7|4:8|4:9|5:0|5:1|5:10|5:11|5:12|5:13|5:14|5:15|5:16|5:17|5:18|5:19|5:2|5:20|5:21|5:22|5:23|5:24|5:25|5:26|5:27|5:28|5:29|5:3|5:30|5:31|5:32|5:33|5:34|5:35|5:36|5:37|5:38|5:39|5:4|5:40|5:41|5:42|5:43|5:44|5:45|5:46|5:47|5:48|5:49|5:5|5:50|5:51|5:52|5:53|5:54|5:55|5:56|5:57|5:58|5:59|5:6|5:60|5:61|5:62|5:63|5:7|5:8|5:9
TIERING-OFF-QJ-OFF-QJFL-OFF,230,exact-v9-5-to-6mwe,212784,suction,C2-MIXTURE-PREFIX,320,0,337.7,1|2|3|4|5,1:0|1:1|1:10|1:11|1:12|1:13|1:14|1:15|1:16|1:17|1:18|1:19|1:2|1:20|1:21|1:22|1:23|1:24|1:25|1:26|1:27|1:28|1:29|1:3|1:30|1:31|1:32|1:33|1:34|1:35|1:36|1:37|1:38|1:39|1:4|1:40|1:41|1:42|1:43|1:44|1:45|1:46|1:47|1:48|1:49|1:5|1:50|1:51|1:52|1:53|1:54|1:55|1:56|1:57|1:58|1:59|1:6|1:60|1:61|1:62|1:63|1:7|1:8|1:9|2:0|2:1|2:10|2:11|2:12|2:13|2:14|2:15|2:16|2:17|2:18|2:19|2:2|2:20|2:21|2:22|2:23|2:24|2:25|2:26|2:27|2:28|2:29|2:3|2:30|2:31|2:32|2:33|2:34|2:35|2:36|2:37|2:38|2:39|2:4|2:40|2:41|2:42|2:43|2:44|2:45|2:46|2:47|2:48|2:49|2:5|2:50|2:51|2:52|2:53|2:54|2:55|2:56|2:57|2:58|2:59|2:6|2:60|2:61|2:62|2:63|2:7|2:8|2:9|3:0|3:1|3:10|3:11|3:12|3:13|3:14|3:15|3:16|3:17|3:18|3:19|3:2|3:20|3:21|3:22|3:23|3:24|3:25|3:26|3:27|3:28|3:29|3:3|3:30|3:31|3:32|3:33|3:34|3:35|3:36|3:37|3:38|3:39|3:4|3:40|3:41|3:42|3:43|3:44|3:45|3:46|3:47|3:48|3:49|3:5|3:50|3:51|3:52|3:53|3:54|3:55|3:56|3:57|3:58|3:59|3:6|3:60|3:61|3:62|3:63|3:7|3:8|3:9|4:0|4:1|4:10|4:11|4:12|4:13|4:14|4:15|4:16|4:17|4:18|4:19|4:2|4:20|4:21|4:22|4:23|4:24|4:25|4:26|4:27|4:28|4:29|4:3|4:30|4:31|4:32|4:33|4:34|4:35|4:36|4:37|4:38|4:39|4:4|4:40|4:41|4:42|4:43|4:44|4:45|4:46|4:47|4:48|4:49|4:5|4:50|4:51|4:52|4:53|4:54|4:55|4:56|4:57|4:58|4:59|4:6|4:60|4:61|4:62|4:63|4:7|4:8|4:9|5:0|5:1|5:10|5:11|5:12|5:13|5:14|5:15|5:16|5:17|5:18|5:19|5:2|5:20|5:21|5:22|5:23|5:24|5:25|5:26|5:27|5:28|5:29|5:3|5:30|5:31|5:32|5:33|5:34|5:35|5:36|5:37|5:38|5:39|5:4|5:40|5:41|5:42|5:43|5:44|5:45|5:46|5:47|5:48|5:49|5:5|5:50|5:51|5:52|5:53|5:54|5:55|5:56|5:57|5:58|5:59|5:6|5:60|5:61|5:62|5:63|5:7|5:8|5:9
TIERING-OFF-QJ-OFF-QJFL-OFF,231,exact-v9-5-to-6mwe,212784,pressure,C2-MIXTURE-PREFIX,320,0,285,1|2|3|4|5,1:0|1:1|1:10|1:11|1:12|1:13|1:14|1:15|1:16|1:17|1:18|1:19|1:2|1:20|1:21|1:22|1:23|1:24|1:25|1:26|1:27|1:28|1:29|1:3|1:30|1:31|1:32|1:33|1:34|1:35|1:36|1:37|1:38|1:39|1:4|1:40|1:41|1:42|1:43|1:44|1:45|1:46|1:47|1:48|1:49|1:5|1:50|1:51|1:52|1:53|1:54|1:55|1:56|1:57|1:58|1:59|1:6|1:60|1:61|1:62|1:63|1:7|1:8|1:9|2:0|2:1|2:10|2:11|2:12|2:13|2:14|2:15|2:16|2:17|2:18|2:19|2:2|2:20|2:21|2:22|2:23|2:24|2:25|2:26|2:27|2:28|2:29|2:3|2:30|2:31|2:32|2:33|2:34|2:35|2:36|2:37|2:38|2:39|2:4|2:40|2:41|2:42|2:43|2:44|2:45|2:46|2:47|2:48|2:49|2:5|2:50|2:51|2:52|2:53|2:54|2:55|2:56|2:57|2:58|2:59|2:6|2:60|2:61|2:62|2:63|2:7|2:8|2:9|3:0|3:1|3:10|3:11|3:12|3:13|3:14|3:15|3:16|3:17|3:18|3:19|3:2|3:20|3:21|3:22|3:23|3:24|3:25|3:26|3:27|3:28|3:29|3:3|3:30|3:31|3:32|3:33|3:34|3:35|3:36|3:37|3:38|3:39|3:4|3:40|3:41|3:42|3:43|3:44|3:45|3:46|3:47|3:48|3:49|3:5|3:50|3:51|3:52|3:53|3:54|3:55|3:56|3:57|3:58|3:59|3:6|3:60|3:61|3:62|3:63|3:7|3:8|3:9|4:0|4:1|4:10|4:11|4:12|4:13|4:14|4:15|4:16|4:17|4:18|4:19|4:2|4:20|4:21|4:22|4:23|4:24|4:25|4:26|4:27|4:28|4:29|4:3|4:30|4:31|4:32|4:33|4:34|4:35|4:36|4:37|4:38|4:39|4:4|4:40|4:41|4:42|4:43|4:44|4:45|4:46|4:47|4:48|4:49|4:5|4:50|4:51|4:52|4:53|4:54|4:55|4:56|4:57|4:58|4:59|4:6|4:60|4:61|4:62|4:63|4:7|4:8|4:9|5:0|5:1|5:10|5:11|5:12|5:13|5:14|5:15|5:16|5:17|5:18|5:19|5:2|5:20|5:21|5:22|5:23|5:24|5:25|5:26|5:27|5:28|5:29|5:3|5:30|5:31|5:32|5:33|5:34|5:35|5:36|5:37|5:38|5:39|5:4|5:40|5:41|5:42|5:43|5:44|5:45|5:46|5:47|5:48|5:49|5:5|5:50|5:51|5:52|5:53|5:54|5:55|5:56|5:57|5:58|5:59|5:6|5:60|5:61|5:62|5:63|5:7|5:8|5:9
TIERING-OFF-QJ-OFF-QJFL-OFF,232,exact-v9-5-to-6mwe,212784,outlet,C2-MIXTURE-PREFIX,320,0,235.6,1|2|3|4|5,1:0|1:1|1:10|1:11|1:12|1:13|1:14|1:15|1:16|1:17|1:18|1:19|1:2|1:20|1:21|1:22|1:23|1:24|1:25|1:26|1:27|1:28|1:29|1:3|1:30|1:31|1:32|1:33|1:34|1:35|1:36|1:37|1:38|1:39|1:4|1:40|1:41|1:42|1:43|1:44|1:45|1:46|1:47|1:48|1:49|1:5|1:50|1:51|1:52|1:53|1:54|1:55|1:56|1:57|1:58|1:59|1:6|1:60|1:61|1:62|1:63|1:7|1:8|1:9|2:0|2:1|2:10|2:11|2:12|2:13|2:14|2:15|2:16|2:17|2:18|2:19|2:2|2:20|2:21|2:22|2:23|2:24|2:25|2:26|2:27|2:28|2:29|2:3|2:30|2:31|2:32|2:33|2:34|2:35|2:36|2:37|2:38|2:39|2:4|2:40|2:41|2:42|2:43|2:44|2:45|2:46|2:47|2:48|2:49|2:5|2:50|2:51|2:52|2:53|2:54|2:55|2:56|2:57|2:58|2:59|2:6|2:60|2:61|2:62|2:63|2:7|2:8|2:9|3:0|3:1|3:10|3:11|3:12|3:13|3:14|3:15|3:16|3:17|3:18|3:19|3:2|3:20|3:21|3:22|3:23|3:24|3:25|3:26|3:27|3:28|3:29|3:3|3:30|3:31|3:32|3:33|3:34|3:35|3:36|3:37|3:38|3:39|3:4|3:40|3:41|3:42|3:43|3:44|3:45|3:46|3:47|3:48|3:49|3:5|3:50|3:51|3:52|3:53|3:54|3:55|3:56|3:57|3:58|3:59|3:6|3:60|3:61|3:62|3:63|3:7|3:8|3:9|4:0|4:1|4:10|4:11|4:12|4:13|4:14|4:15|4:16|4:17|4:18|4:19|4:2|4:20|4:21|4:22|4:23|4:24|4:25|4:26|4:27|4:28|4:29|4:3|4:30|4:31|4:32|4:33|4:34|4:35|4:36|4:37|4:38|4:39|4:4|4:40|4:41|4:42|4:43|4:44|4:45|4:46|4:47|4:48|4:49|4:5|4:50|4:51|4:52|4:53|4:54|4:55|4:56|4:57|4:58|4:59|4:6|4:60|4:61|4:62|4:63|4:7|4:8|4:9|5:0|5:1|5:10|5:11|5:12|5:13|5:14|5:15|5:16|5:17|5:18|5:19|5:2|5:20|5:21|5:22|5:23|5:24|5:25|5:26|5:27|5:28|5:29|5:3|5:30|5:31|5:32|5:33|5:34|5:35|5:36|5:37|5:38|5:39|5:4|5:40|5:41|5:42|5:43|5:44|5:45|5:46|5:47|5:48|5:49|5:5|5:50|5:51|5:52|5:53|5:54|5:55|5:56|5:57|5:58|5:59|5:6|5:60|5:61|5:62|5:63|5:7|5:8|5:9
TIERING-OFF-QJ-OFF-QJFL-OFF,233,exact-v9-5-to-6mwe,212784,drum,C2-MIXTURE-PREFIX,320,1,465.9,1|2|3|4|5,1:0|1:1|1:10|1:11|1:12|1:13|1:14|1:15|1:16|1:17|1:18|1:19|1:2|1:20|1:21|1:22|1:23|1:24|1:25|1:26|1:27|1:28|1:29|1:3|1:30|1:31|1:32|1:33|1:34|1:35|1:36|1:37|1:38|1:39|1:4|1:40|1:41|1:42|1:43|1:44|1:45|1:46|1:47|1:48|1:49|1:5|1:50|1:51|1:52|1:53|1:54|1:55|1:56|1:57|1:58|1:59|1:6|1:60|1:61|1:62|1:63|1:7|1:8|1:9|2:0|2:1|2:10|2:11|2:12|2:13|2:14|2:15|2:16|2:17|2:18|2:19|2:2|2:20|2:21|2:22|2:23|2:24|2:25|2:26|2:27|2:28|2:29|2:3|2:30|2:31|2:32|2:33|2:34|2:35|2:36|2:37|2:38|2:39|2:4|2:40|2:41|2:42|2:43|2:44|2:45|2:46|2:47|2:48|2:49|2:5|2:50|2:51|2:52|2:53|2:54|2:55|2:56|2:57|2:58|2:59|2:6|2:60|2:61|2:62|2:63|2:7|2:8|2:9|3:0|3:1|3:10|3:11|3:12|3:13|3:14|3:15|3:16|3:17|3:18|3:19|3:2|3:20|3:21|3:22|3:23|3:24|3:25|3:26|3:27|3:28|3:29|3:3|3:30|3:31|3:32|3:33|3:34|3:35|3:36|3:37|3:38|3:39|3:4|3:40|3:41|3:42|3:43|3:44|3:45|3:46|3:47|3:48|3:49|3:5|3:50|3:51|3:52|3:53|3:54|3:55|3:56|3:57|3:58|3:59|3:6|3:60|3:61|3:62|3:63|3:7|3:8|3:9|4:0|4:1|4:10|4:11|4:12|4:13|4:14|4:15|4:16|4:17|4:18|4:19|4:2|4:20|4:21|4:22|4:23|4:24|4:25|4:26|4:27|4:28|4:29|4:3|4:30|4:31|4:32|4:33|4:34|4:35|4:36|4:37|4:38|4:39|4:4|4:40|4:41|4:42|4:43|4:44|4:45|4:46|4:47|4:48|4:49|4:5|4:50|4:51|4:52|4:53|4:54|4:55|4:56|4:57|4:58|4:59|4:6|4:60|4:61|4:62|4:63|4:7|4:8|4:9|5:0|5:1|5:10|5:11|5:12|5:13|5:14|5:15|5:16|5:17|5:18|5:19|5:2|5:20|5:21|5:22|5:23|5:24|5:25|5:26|5:27|5:28|5:29|5:3|5:30|5:31|5:32|5:33|5:34|5:35|5:36|5:37|5:38|5:39|5:4|5:40|5:41|5:42|5:43|5:44|5:45|5:46|5:47|5:48|5:49|5:5|5:50|5:51|5:52|5:53|5:54|5:55|5:56|5:57|5:58|5:59|5:6|5:60|5:61|5:62|5:63|5:7|5:8|5:9
TIERING-OFF-QJ-OFF-QJFL-OFF,234,exact-v9-5-to-6mwe,212784,feedwater-inventory,C2-MIXTURE-PREFIX,1,0,157.4,4,4:24
TIERING-OFF-QJ-OFF-QJFL-OFF,235,exact-v9-5-to-6mwe,218784,suction,C2-MIXTURE-PREFIX,320,1,470.2,1|2|3|4|5,1:0|1:1|1:10|1:11|1:12|1:13|1:14|1:15|1:16|1:17|1:18|1:19|1:2|1:20|1:21|1:22|1:23|1:24|1:25|1:26|1:27|1:28|1:29|1:3|1:30|1:31|1:32|1:33|1:34|1:35|1:36|1:37|1:38|1:39|1:4|1:40|1:41|1:42|1:43|1:44|1:45|1:46|1:47|1:48|1:49|1:5|1:50|1:51|1:52|1:53|1:54|1:55|1:56|1:57|1:58|1:59|1:6|1:60|1:61|1:62|1:63|1:7|1:8|1:9|2:0|2:1|2:10|2:11|2:12|2:13|2:14|2:15|2:16|2:17|2:18|2:19|2:2|2:20|2:21|2:22|2:23|2:24|2:25|2:26|2:27|2:28|2:29|2:3|2:30|2:31|2:32|2:33|2:34|2:35|2:36|2:37|2:38|2:39|2:4|2:40|2:41|2:42|2:43|2:44|2:45|2:46|2:47|2:48|2:49|2:5|2:50|2:51|2:52|2:53|2:54|2:55|2:56|2:57|2:58|2:59|2:6|2:60|2:61|2:62|2:63|2:7|2:8|2:9|3:0|3:1|3:10|3:11|3:12|3:13|3:14|3:15|3:16|3:17|3:18|3:19|3:2|3:20|3:21|3:22|3:23|3:24|3:25|3:26|3:27|3:28|3:29|3:3|3:30|3:31|3:32|3:33|3:34|3:35|3:36|3:37|3:38|3:39|3:4|3:40|3:41|3:42|3:43|3:44|3:45|3:46|3:47|3:48|3:49|3:5|3:50|3:51|3:52|3:53|3:54|3:55|3:56|3:57|3:58|3:59|3:6|3:60|3:61|3:62|3:63|3:7|3:8|3:9|4:0|4:1|4:10|4:11|4:12|4:13|4:14|4:15|4:16|4:17|4:18|4:19|4:2|4:20|4:21|4:22|4:23|4:24|4:25|4:26|4:27|4:28|4:29|4:3|4:30|4:31|4:32|4:33|4:34|4:35|4:36|4:37|4:38|4:39|4:4|4:40|4:41|4:42|4:43|4:44|4:45|4:46|4:47|4:48|4:49|4:5|4:50|4:51|4:52|4:53|4:54|4:55|4:56|4:57|4:58|4:59|4:6|4:60|4:61|4:62|4:63|4:7|4:8|4:9|5:0|5:1|5:10|5:11|5:12|5:13|5:14|5:15|5:16|5:17|5:18|5:19|5:2|5:20|5:21|5:22|5:23|5:24|5:25|5:26|5:27|5:28|5:29|5:3|5:30|5:31|5:32|5:33|5:34|5:35|5:36|5:37|5:38|5:39|5:4|5:40|5:41|5:42|5:43|5:44|5:45|5:46|5:47|5:48|5:49|5:5|5:50|5:51|5:52|5:53|5:54|5:55|5:56|5:57|5:58|5:59|5:6|5:60|5:61|5:62|5:63|5:7|5:8|5:9
TIERING-OFF-QJ-OFF-QJFL-OFF,236,exact-v9-5-to-6mwe,218784,pressure,C2-MIXTURE-PREFIX,320,0,377.7,1|2|3|4|5,1:0|1:1|1:10|1:11|1:12|1:13|1:14|1:15|1:16|1:17|1:18|1:19|1:2|1:20|1:21|1:22|1:23|1:24|1:25|1:26|1:27|1:28|1:29|1:3|1:30|1:31|1:32|1:33|1:34|1:35|1:36|1:37|1:38|1:39|1:4|1:40|1:41|1:42|1:43|1:44|1:45|1:46|1:47|1:48|1:49|1:5|1:50|1:51|1:52|1:53|1:54|1:55|1:56|1:57|1:58|1:59|1:6|1:60|1:61|1:62|1:63|1:7|1:8|1:9|2:0|2:1|2:10|2:11|2:12|2:13|2:14|2:15|2:16|2:17|2:18|2:19|2:2|2:20|2:21|2:22|2:23|2:24|2:25|2:26|2:27|2:28|2:29|2:3|2:30|2:31|2:32|2:33|2:34|2:35|2:36|2:37|2:38|2:39|2:4|2:40|2:41|2:42|2:43|2:44|2:45|2:46|2:47|2:48|2:49|2:5|2:50|2:51|2:52|2:53|2:54|2:55|2:56|2:57|2:58|2:59|2:6|2:60|2:61|2:62|2:63|2:7|2:8|2:9|3:0|3:1|3:10|3:11|3:12|3:13|3:14|3:15|3:16|3:17|3:18|3:19|3:2|3:20|3:21|3:22|3:23|3:24|3:25|3:26|3:27|3:28|3:29|3:3|3:30|3:31|3:32|3:33|3:34|3:35|3:36|3:37|3:38|3:39|3:4|3:40|3:41|3:42|3:43|3:44|3:45|3:46|3:47|3:48|3:49|3:5|3:50|3:51|3:52|3:53|3:54|3:55|3:56|3:57|3:58|3:59|3:6|3:60|3:61|3:62|3:63|3:7|3:8|3:9|4:0|4:1|4:10|4:11|4:12|4:13|4:14|4:15|4:16|4:17|4:18|4:19|4:2|4:20|4:21|4:22|4:23|4:24|4:25|4:26|4:27|4:28|4:29|4:3|4:30|4:31|4:32|4:33|4:34|4:35|4:36|4:37|4:38|4:39|4:4|4:40|4:41|4:42|4:43|4:44|4:45|4:46|4:47|4:48|4:49|4:5|4:50|4:51|4:52|4:53|4:54|4:55|4:56|4:57|4:58|4:59|4:6|4:60|4:61|4:62|4:63|4:7|4:8|4:9|5:0|5:1|5:10|5:11|5:12|5:13|5:14|5:15|5:16|5:17|5:18|5:19|5:2|5:20|5:21|5:22|5:23|5:24|5:25|5:26|5:27|5:28|5:29|5:3|5:30|5:31|5:32|5:33|5:34|5:35|5:36|5:37|5:38|5:39|5:4|5:40|5:41|5:42|5:43|5:44|5:45|5:46|5:47|5:48|5:49|5:5|5:50|5:51|5:52|5:53|5:54|5:55|5:56|5:57|5:58|5:59|5:6|5:60|5:61|5:62|5:63|5:7|5:8|5:9
TIERING-OFF-QJ-OFF-QJFL-OFF,237,exact-v9-5-to-6mwe,218784,outlet,C2-MIXTURE-PREFIX,320,0,328.4,1|2|3|4|5,1:0|1:1|1:10|1:11|1:12|1:13|1:14|1:15|1:16|1:17|1:18|1:19|1:2|1:20|1:21|1:22|1:23|1:24|1:25|1:26|1:27|1:28|1:29|1:3|1:30|1:31|1:32|1:33|1:34|1:35|1:36|1:37|1:38|1:39|1:4|1:40|1:41|1:42|1:43|1:44|1:45|1:46|1:47|1:48|1:49|1:5|1:50|1:51|1:52|1:53|1:54|1:55|1:56|1:57|1:58|1:59|1:6|1:60|1:61|1:62|1:63|1:7|1:8|1:9|2:0|2:1|2:10|2:11|2:12|2:13|2:14|2:15|2:16|2:17|2:18|2:19|2:2|2:20|2:21|2:22|2:23|2:24|2:25|2:26|2:27|2:28|2:29|2:3|2:30|2:31|2:32|2:33|2:34|2:35|2:36|2:37|2:38|2:39|2:4|2:40|2:41|2:42|2:43|2:44|2:45|2:46|2:47|2:48|2:49|2:5|2:50|2:51|2:52|2:53|2:54|2:55|2:56|2:57|2:58|2:59|2:6|2:60|2:61|2:62|2:63|2:7|2:8|2:9|3:0|3:1|3:10|3:11|3:12|3:13|3:14|3:15|3:16|3:17|3:18|3:19|3:2|3:20|3:21|3:22|3:23|3:24|3:25|3:26|3:27|3:28|3:29|3:3|3:30|3:31|3:32|3:33|3:34|3:35|3:36|3:37|3:38|3:39|3:4|3:40|3:41|3:42|3:43|3:44|3:45|3:46|3:47|3:48|3:49|3:5|3:50|3:51|3:52|3:53|3:54|3:55|3:56|3:57|3:58|3:59|3:6|3:60|3:61|3:62|3:63|3:7|3:8|3:9|4:0|4:1|4:10|4:11|4:12|4:13|4:14|4:15|4:16|4:17|4:18|4:19|4:2|4:20|4:21|4:22|4:23|4:24|4:25|4:26|4:27|4:28|4:29|4:3|4:30|4:31|4:32|4:33|4:34|4:35|4:36|4:37|4:38|4:39|4:4|4:40|4:41|4:42|4:43|4:44|4:45|4:46|4:47|4:48|4:49|4:5|4:50|4:51|4:52|4:53|4:54|4:55|4:56|4:57|4:58|4:59|4:6|4:60|4:61|4:62|4:63|4:7|4:8|4:9|5:0|5:1|5:10|5:11|5:12|5:13|5:14|5:15|5:16|5:17|5:18|5:19|5:2|5:20|5:21|5:22|5:23|5:24|5:25|5:26|5:27|5:28|5:29|5:3|5:30|5:31|5:32|5:33|5:34|5:35|5:36|5:37|5:38|5:39|5:4|5:40|5:41|5:42|5:43|5:44|5:45|5:46|5:47|5:48|5:49|5:5|5:50|5:51|5:52|5:53|5:54|5:55|5:56|5:57|5:58|5:59|5:6|5:60|5:61|5:62|5:63|5:7|5:8|5:9
TIERING-OFF-QJ-OFF-QJFL-OFF,238,exact-v9-5-to-6mwe,218784,drum,C2-MIXTURE-PREFIX,320,0,278.1,1|2|3|4|5,1:0|1:1|1:10|1:11|1:12|1:13|1:14|1:15|1:16|1:17|1:18|1:19|1:2|1:20|1:21|1:22|1:23|1:24|1:25|1:26|1:27|1:28|1:29|1:3|1:30|1:31|1:32|1:33|1:34|1:35|1:36|1:37|1:38|1:39|1:4|1:40|1:41|1:42|1:43|1:44|1:45|1:46|1:47|1:48|1:49|1:5|1:50|1:51|1:52|1:53|1:54|1:55|1:56|1:57|1:58|1:59|1:6|1:60|1:61|1:62|1:63|1:7|1:8|1:9|2:0|2:1|2:10|2:11|2:12|2:13|2:14|2:15|2:16|2:17|2:18|2:19|2:2|2:20|2:21|2:22|2:23|2:24|2:25|2:26|2:27|2:28|2:29|2:3|2:30|2:31|2:32|2:33|2:34|2:35|2:36|2:37|2:38|2:39|2:4|2:40|2:41|2:42|2:43|2:44|2:45|2:46|2:47|2:48|2:49|2:5|2:50|2:51|2:52|2:53|2:54|2:55|2:56|2:57|2:58|2:59|2:6|2:60|2:61|2:62|2:63|2:7|2:8|2:9|3:0|3:1|3:10|3:11|3:12|3:13|3:14|3:15|3:16|3:17|3:18|3:19|3:2|3:20|3:21|3:22|3:23|3:24|3:25|3:26|3:27|3:28|3:29|3:3|3:30|3:31|3:32|3:33|3:34|3:35|3:36|3:37|3:38|3:39|3:4|3:40|3:41|3:42|3:43|3:44|3:45|3:46|3:47|3:48|3:49|3:5|3:50|3:51|3:52|3:53|3:54|3:55|3:56|3:57|3:58|3:59|3:6|3:60|3:61|3:62|3:63|3:7|3:8|3:9|4:0|4:1|4:10|4:11|4:12|4:13|4:14|4:15|4:16|4:17|4:18|4:19|4:2|4:20|4:21|4:22|4:23|4:24|4:25|4:26|4:27|4:28|4:29|4:3|4:30|4:31|4:32|4:33|4:34|4:35|4:36|4:37|4:38|4:39|4:4|4:40|4:41|4:42|4:43|4:44|4:45|4:46|4:47|4:48|4:49|4:5|4:50|4:51|4:52|4:53|4:54|4:55|4:56|4:57|4:58|4:59|4:6|4:60|4:61|4:62|4:63|4:7|4:8|4:9|5:0|5:1|5:10|5:11|5:12|5:13|5:14|5:15|5:16|5:17|5:18|5:19|5:2|5:20|5:21|5:22|5:23|5:24|5:25|5:26|5:27|5:28|5:29|5:3|5:30|5:31|5:32|5:33|5:34|5:35|5:36|5:37|5:38|5:39|5:4|5:40|5:41|5:42|5:43|5:44|5:45|5:46|5:47|5:48|5:49|5:5|5:50|5:51|5:52|5:53|5:54|5:55|5:56|5:57|5:58|5:59|5:6|5:60|5:61|5:62|5:63|5:7|5:8|5:9
TIERING-OFF-QJ-OFF-QJFL-OFF,239,exact-v9-5-to-6mwe,218784,feedwater-inventory,C2-MIXTURE-PREFIX,1,0,150.8,5,5:62
TIERING-OFF-QJ-OFF-QJFL-OFF,24,background-reference,24000,feedwater-inventory,C2-NEAR-BOUNDARY-LIQUID-PREFIX,1,0,108.8,3,3:32
TIERING-OFF-QJ-OFF-QJFL-OFF,240,exact-v9-5-to-6mwe,224784,suction,C2-MIXTURE-PREFIX,320,0,181.9,1|2|3|4|5,1:0|1:1|1:10|1:11|1:12|1:13|1:14|1:15|1:16|1:17|1:18|1:19|1:2|1:20|1:21|1:22|1:23|1:24|1:25|1:26|1:27|1:28|1:29|1:3|1:30|1:31|1:32|1:33|1:34|1:35|1:36|1:37|1:38|1:39|1:4|1:40|1:41|1:42|1:43|1:44|1:45|1:46|1:47|1:48|1:49|1:5|1:50|1:51|1:52|1:53|1:54|1:55|1:56|1:57|1:58|1:59|1:6|1:60|1:61|1:62|1:63|1:7|1:8|1:9|2:0|2:1|2:10|2:11|2:12|2:13|2:14|2:15|2:16|2:17|2:18|2:19|2:2|2:20|2:21|2:22|2:23|2:24|2:25|2:26|2:27|2:28|2:29|2:3|2:30|2:31|2:32|2:33|2:34|2:35|2:36|2:37|2:38|2:39|2:4|2:40|2:41|2:42|2:43|2:44|2:45|2:46|2:47|2:48|2:49|2:5|2:50|2:51|2:52|2:53|2:54|2:55|2:56|2:57|2:58|2:59|2:6|2:60|2:61|2:62|2:63|2:7|2:8|2:9|3:0|3:1|3:10|3:11|3:12|3:13|3:14|3:15|3:16|3:17|3:18|3:19|3:2|3:20|3:21|3:22|3:23|3:24|3:25|3:26|3:27|3:28|3:29|3:3|3:30|3:31|3:32|3:33|3:34|3:35|3:36|3:37|3:38|3:39|3:4|3:40|3:41|3:42|3:43|3:44|3:45|3:46|3:47|3:48|3:49|3:5|3:50|3:51|3:52|3:53|3:54|3:55|3:56|3:57|3:58|3:59|3:6|3:60|3:61|3:62|3:63|3:7|3:8|3:9|4:0|4:1|4:10|4:11|4:12|4:13|4:14|4:15|4:16|4:17|4:18|4:19|4:2|4:20|4:21|4:22|4:23|4:24|4:25|4:26|4:27|4:28|4:29|4:3|4:30|4:31|4:32|4:33|4:34|4:35|4:36|4:37|4:38|4:39|4:4|4:40|4:41|4:42|4:43|4:44|4:45|4:46|4:47|4:48|4:49|4:5|4:50|4:51|4:52|4:53|4:54|4:55|4:56|4:57|4:58|4:59|4:6|4:60|4:61|4:62|4:63|4:7|4:8|4:9|5:0|5:1|5:10|5:11|5:12|5:13|5:14|5:15|5:16|5:17|5:18|5:19|5:2|5:20|5:21|5:22|5:23|5:24|5:25|5:26|5:27|5:28|5:29|5:3|5:30|5:31|5:32|5:33|5:34|5:35|5:36|5:37|5:38|5:39|5:4|5:40|5:41|5:42|5:43|5:44|5:45|5:46|5:47|5:48|5:49|5:5|5:50|5:51|5:52|5:53|5:54|5:55|5:56|5:57|5:58|5:59|5:6|5:60|5:61|5:62|5:63|5:7|5:8|5:9
TIERING-OFF-QJ-OFF-QJFL-OFF,241,exact-v9-5-to-6mwe,224784,pressure,C2-MIXTURE-PREFIX,320,0,246,1|2|3|4|5,1:0|1:1|1:10|1:11|1:12|1:13|1:14|1:15|1:16|1:17|1:18|1:19|1:2|1:20|1:21|1:22|1:23|1:24|1:25|1:26|1:27|1:28|1:29|1:3|1:30|1:31|1:32|1:33|1:34|1:35|1:36|1:37|1:38|1:39|1:4|1:40|1:41|1:42|1:43|1:44|1:45|1:46|1:47|1:48|1:49|1:5|1:50|1:51|1:52|1:53|1:54|1:55|1:56|1:57|1:58|1:59|1:6|1:60|1:61|1:62|1:63|1:7|1:8|1:9|2:0|2:1|2:10|2:11|2:12|2:13|2:14|2:15|2:16|2:17|2:18|2:19|2:2|2:20|2:21|2:22|2:23|2:24|2:25|2:26|2:27|2:28|2:29|2:3|2:30|2:31|2:32|2:33|2:34|2:35|2:36|2:37|2:38|2:39|2:4|2:40|2:41|2:42|2:43|2:44|2:45|2:46|2:47|2:48|2:49|2:5|2:50|2:51|2:52|2:53|2:54|2:55|2:56|2:57|2:58|2:59|2:6|2:60|2:61|2:62|2:63|2:7|2:8|2:9|3:0|3:1|3:10|3:11|3:12|3:13|3:14|3:15|3:16|3:17|3:18|3:19|3:2|3:20|3:21|3:22|3:23|3:24|3:25|3:26|3:27|3:28|3:29|3:3|3:30|3:31|3:32|3:33|3:34|3:35|3:36|3:37|3:38|3:39|3:4|3:40|3:41|3:42|3:43|3:44|3:45|3:46|3:47|3:48|3:49|3:5|3:50|3:51|3:52|3:53|3:54|3:55|3:56|3:57|3:58|3:59|3:6|3:60|3:61|3:62|3:63|3:7|3:8|3:9|4:0|4:1|4:10|4:11|4:12|4:13|4:14|4:15|4:16|4:17|4:18|4:19|4:2|4:20|4:21|4:22|4:23|4:24|4:25|4:26|4:27|4:28|4:29|4:3|4:30|4:31|4:32|4:33|4:34|4:35|4:36|4:37|4:38|4:39|4:4|4:40|4:41|4:42|4:43|4:44|4:45|4:46|4:47|4:48|4:49|4:5|4:50|4:51|4:52|4:53|4:54|4:55|4:56|4:57|4:58|4:59|4:6|4:60|4:61|4:62|4:63|4:7|4:8|4:9|5:0|5:1|5:10|5:11|5:12|5:13|5:14|5:15|5:16|5:17|5:18|5:19|5:2|5:20|5:21|5:22|5:23|5:24|5:25|5:26|5:27|5:28|5:29|5:3|5:30|5:31|5:32|5:33|5:34|5:35|5:36|5:37|5:38|5:39|5:4|5:40|5:41|5:42|5:43|5:44|5:45|5:46|5:47|5:48|5:49|5:5|5:50|5:51|5:52|5:53|5:54|5:55|5:56|5:57|5:58|5:59|5:6|5:60|5:61|5:62|5:63|5:7|5:8|5:9
TIERING-OFF-QJ-OFF-QJFL-OFF,242,exact-v9-5-to-6mwe,224784,outlet,C2-MIXTURE-PREFIX,320,0,260.1,1|2|3|4|5,1:0|1:1|1:10|1:11|1:12|1:13|1:14|1:15|1:16|1:17|1:18|1:19|1:2|1:20|1:21|1:22|1:23|1:24|1:25|1:26|1:27|1:28|1:29|1:3|1:30|1:31|1:32|1:33|1:34|1:35|1:36|1:37|1:38|1:39|1:4|1:40|1:41|1:42|1:43|1:44|1:45|1:46|1:47|1:48|1:49|1:5|1:50|1:51|1:52|1:53|1:54|1:55|1:56|1:57|1:58|1:59|1:6|1:60|1:61|1:62|1:63|1:7|1:8|1:9|2:0|2:1|2:10|2:11|2:12|2:13|2:14|2:15|2:16|2:17|2:18|2:19|2:2|2:20|2:21|2:22|2:23|2:24|2:25|2:26|2:27|2:28|2:29|2:3|2:30|2:31|2:32|2:33|2:34|2:35|2:36|2:37|2:38|2:39|2:4|2:40|2:41|2:42|2:43|2:44|2:45|2:46|2:47|2:48|2:49|2:5|2:50|2:51|2:52|2:53|2:54|2:55|2:56|2:57|2:58|2:59|2:6|2:60|2:61|2:62|2:63|2:7|2:8|2:9|3:0|3:1|3:10|3:11|3:12|3:13|3:14|3:15|3:16|3:17|3:18|3:19|3:2|3:20|3:21|3:22|3:23|3:24|3:25|3:26|3:27|3:28|3:29|3:3|3:30|3:31|3:32|3:33|3:34|3:35|3:36|3:37|3:38|3:39|3:4|3:40|3:41|3:42|3:43|3:44|3:45|3:46|3:47|3:48|3:49|3:5|3:50|3:51|3:52|3:53|3:54|3:55|3:56|3:57|3:58|3:59|3:6|3:60|3:61|3:62|3:63|3:7|3:8|3:9|4:0|4:1|4:10|4:11|4:12|4:13|4:14|4:15|4:16|4:17|4:18|4:19|4:2|4:20|4:21|4:22|4:23|4:24|4:25|4:26|4:27|4:28|4:29|4:3|4:30|4:31|4:32|4:33|4:34|4:35|4:36|4:37|4:38|4:39|4:4|4:40|4:41|4:42|4:43|4:44|4:45|4:46|4:47|4:48|4:49|4:5|4:50|4:51|4:52|4:53|4:54|4:55|4:56|4:57|4:58|4:59|4:6|4:60|4:61|4:62|4:63|4:7|4:8|4:9|5:0|5:1|5:10|5:11|5:12|5:13|5:14|5:15|5:16|5:17|5:18|5:19|5:2|5:20|5:21|5:22|5:23|5:24|5:25|5:26|5:27|5:28|5:29|5:3|5:30|5:31|5:32|5:33|5:34|5:35|5:36|5:37|5:38|5:39|5:4|5:40|5:41|5:42|5:43|5:44|5:45|5:46|5:47|5:48|5:49|5:5|5:50|5:51|5:52|5:53|5:54|5:55|5:56|5:57|5:58|5:59|5:6|5:60|5:61|5:62|5:63|5:7|5:8|5:9
TIERING-OFF-QJ-OFF-QJFL-OFF,243,exact-v9-5-to-6mwe,224784,drum,C2-MIXTURE-PREFIX,320,1,461.7,1|2|3|4|5,1:0|1:1|1:10|1:11|1:12|1:13|1:14|1:15|1:16|1:17|1:18|1:19|1:2|1:20|1:21|1:22|1:23|1:24|1:25|1:26|1:27|1:28|1:29|1:3|1:30|1:31|1:32|1:33|1:34|1:35|1:36|1:37|1:38|1:39|1:4|1:40|1:41|1:42|1:43|1:44|1:45|1:46|1:47|1:48|1:49|1:5|1:50|1:51|1:52|1:53|1:54|1:55|1:56|1:57|1:58|1:59|1:6|1:60|1:61|1:62|1:63|1:7|1:8|1:9|2:0|2:1|2:10|2:11|2:12|2:13|2:14|2:15|2:16|2:17|2:18|2:19|2:2|2:20|2:21|2:22|2:23|2:24|2:25|2:26|2:27|2:28|2:29|2:3|2:30|2:31|2:32|2:33|2:34|2:35|2:36|2:37|2:38|2:39|2:4|2:40|2:41|2:42|2:43|2:44|2:45|2:46|2:47|2:48|2:49|2:5|2:50|2:51|2:52|2:53|2:54|2:55|2:56|2:57|2:58|2:59|2:6|2:60|2:61|2:62|2:63|2:7|2:8|2:9|3:0|3:1|3:10|3:11|3:12|3:13|3:14|3:15|3:16|3:17|3:18|3:19|3:2|3:20|3:21|3:22|3:23|3:24|3:25|3:26|3:27|3:28|3:29|3:3|3:30|3:31|3:32|3:33|3:34|3:35|3:36|3:37|3:38|3:39|3:4|3:40|3:41|3:42|3:43|3:44|3:45|3:46|3:47|3:48|3:49|3:5|3:50|3:51|3:52|3:53|3:54|3:55|3:56|3:57|3:58|3:59|3:6|3:60|3:61|3:62|3:63|3:7|3:8|3:9|4:0|4:1|4:10|4:11|4:12|4:13|4:14|4:15|4:16|4:17|4:18|4:19|4:2|4:20|4:21|4:22|4:23|4:24|4:25|4:26|4:27|4:28|4:29|4:3|4:30|4:31|4:32|4:33|4:34|4:35|4:36|4:37|4:38|4:39|4:4|4:40|4:41|4:42|4:43|4:44|4:45|4:46|4:47|4:48|4:49|4:5|4:50|4:51|4:52|4:53|4:54|4:55|4:56|4:57|4:58|4:59|4:6|4:60|4:61|4:62|4:63|4:7|4:8|4:9|5:0|5:1|5:10|5:11|5:12|5:13|5:14|5:15|5:16|5:17|5:18|5:19|5:2|5:20|5:21|5:22|5:23|5:24|5:25|5:26|5:27|5:28|5:29|5:3|5:30|5:31|5:32|5:33|5:34|5:35|5:36|5:37|5:38|5:39|5:4|5:40|5:41|5:42|5:43|5:44|5:45|5:46|5:47|5:48|5:49|5:5|5:50|5:51|5:52|5:53|5:54|5:55|5:56|5:57|5:58|5:59|5:6|5:60|5:61|5:62|5:63|5:7|5:8|5:9
TIERING-OFF-QJ-OFF-QJFL-OFF,244,exact-v9-5-to-6mwe,224784,feedwater-inventory,C2-MIXTURE-PREFIX,1,0,118.2,1,1:62
TIERING-OFF-QJ-OFF-QJFL-OFF,245,exact-v9-5-to-6mwe,230784,suction,C2-MIXTURE-PREFIX,320,0,196.2,1|2|3|4|5,1:0|1:1|1:10|1:11|1:12|1:13|1:14|1:15|1:16|1:17|1:18|1:19|1:2|1:20|1:21|1:22|1:23|1:24|1:25|1:26|1:27|1:28|1:29|1:3|1:30|1:31|1:32|1:33|1:34|1:35|1:36|1:37|1:38|1:39|1:4|1:40|1:41|1:42|1:43|1:44|1:45|1:46|1:47|1:48|1:49|1:5|1:50|1:51|1:52|1:53|1:54|1:55|1:56|1:57|1:58|1:59|1:6|1:60|1:61|1:62|1:63|1:7|1:8|1:9|2:0|2:1|2:10|2:11|2:12|2:13|2:14|2:15|2:16|2:17|2:18|2:19|2:2|2:20|2:21|2:22|2:23|2:24|2:25|2:26|2:27|2:28|2:29|2:3|2:30|2:31|2:32|2:33|2:34|2:35|2:36|2:37|2:38|2:39|2:4|2:40|2:41|2:42|2:43|2:44|2:45|2:46|2:47|2:48|2:49|2:5|2:50|2:51|2:52|2:53|2:54|2:55|2:56|2:57|2:58|2:59|2:6|2:60|2:61|2:62|2:63|2:7|2:8|2:9|3:0|3:1|3:10|3:11|3:12|3:13|3:14|3:15|3:16|3:17|3:18|3:19|3:2|3:20|3:21|3:22|3:23|3:24|3:25|3:26|3:27|3:28|3:29|3:3|3:30|3:31|3:32|3:33|3:34|3:35|3:36|3:37|3:38|3:39|3:4|3:40|3:41|3:42|3:43|3:44|3:45|3:46|3:47|3:48|3:49|3:5|3:50|3:51|3:52|3:53|3:54|3:55|3:56|3:57|3:58|3:59|3:6|3:60|3:61|3:62|3:63|3:7|3:8|3:9|4:0|4:1|4:10|4:11|4:12|4:13|4:14|4:15|4:16|4:17|4:18|4:19|4:2|4:20|4:21|4:22|4:23|4:24|4:25|4:26|4:27|4:28|4:29|4:3|4:30|4:31|4:32|4:33|4:34|4:35|4:36|4:37|4:38|4:39|4:4|4:40|4:41|4:42|4:43|4:44|4:45|4:46|4:47|4:48|4:49|4:5|4:50|4:51|4:52|4:53|4:54|4:55|4:56|4:57|4:58|4:59|4:6|4:60|4:61|4:62|4:63|4:7|4:8|4:9|5:0|5:1|5:10|5:11|5:12|5:13|5:14|5:15|5:16|5:17|5:18|5:19|5:2|5:20|5:21|5:22|5:23|5:24|5:25|5:26|5:27|5:28|5:29|5:3|5:30|5:31|5:32|5:33|5:34|5:35|5:36|5:37|5:38|5:39|5:4|5:40|5:41|5:42|5:43|5:44|5:45|5:46|5:47|5:48|5:49|5:5|5:50|5:51|5:52|5:53|5:54|5:55|5:56|5:57|5:58|5:59|5:6|5:60|5:61|5:62|5:63|5:7|5:8|5:9
TIERING-OFF-QJ-OFF-QJFL-OFF,246,exact-v9-5-to-6mwe,230784,pressure,C2-MIXTURE-PREFIX,320,0,189.2,1|2|3|4|5,1:0|1:1|1:10|1:11|1:12|1:13|1:14|1:15|1:16|1:17|1:18|1:19|1:2|1:20|1:21|1:22|1:23|1:24|1:25|1:26|1:27|1:28|1:29|1:3|1:30|1:31|1:32|1:33|1:34|1:35|1:36|1:37|1:38|1:39|1:4|1:40|1:41|1:42|1:43|1:44|1:45|1:46|1:47|1:48|1:49|1:5|1:50|1:51|1:52|1:53|1:54|1:55|1:56|1:57|1:58|1:59|1:6|1:60|1:61|1:62|1:63|1:7|1:8|1:9|2:0|2:1|2:10|2:11|2:12|2:13|2:14|2:15|2:16|2:17|2:18|2:19|2:2|2:20|2:21|2:22|2:23|2:24|2:25|2:26|2:27|2:28|2:29|2:3|2:30|2:31|2:32|2:33|2:34|2:35|2:36|2:37|2:38|2:39|2:4|2:40|2:41|2:42|2:43|2:44|2:45|2:46|2:47|2:48|2:49|2:5|2:50|2:51|2:52|2:53|2:54|2:55|2:56|2:57|2:58|2:59|2:6|2:60|2:61|2:62|2:63|2:7|2:8|2:9|3:0|3:1|3:10|3:11|3:12|3:13|3:14|3:15|3:16|3:17|3:18|3:19|3:2|3:20|3:21|3:22|3:23|3:24|3:25|3:26|3:27|3:28|3:29|3:3|3:30|3:31|3:32|3:33|3:34|3:35|3:36|3:37|3:38|3:39|3:4|3:40|3:41|3:42|3:43|3:44|3:45|3:46|3:47|3:48|3:49|3:5|3:50|3:51|3:52|3:53|3:54|3:55|3:56|3:57|3:58|3:59|3:6|3:60|3:61|3:62|3:63|3:7|3:8|3:9|4:0|4:1|4:10|4:11|4:12|4:13|4:14|4:15|4:16|4:17|4:18|4:19|4:2|4:20|4:21|4:22|4:23|4:24|4:25|4:26|4:27|4:28|4:29|4:3|4:30|4:31|4:32|4:33|4:34|4:35|4:36|4:37|4:38|4:39|4:4|4:40|4:41|4:42|4:43|4:44|4:45|4:46|4:47|4:48|4:49|4:5|4:50|4:51|4:52|4:53|4:54|4:55|4:56|4:57|4:58|4:59|4:6|4:60|4:61|4:62|4:63|4:7|4:8|4:9|5:0|5:1|5:10|5:11|5:12|5:13|5:14|5:15|5:16|5:17|5:18|5:19|5:2|5:20|5:21|5:22|5:23|5:24|5:25|5:26|5:27|5:28|5:29|5:3|5:30|5:31|5:32|5:33|5:34|5:35|5:36|5:37|5:38|5:39|5:4|5:40|5:41|5:42|5:43|5:44|5:45|5:46|5:47|5:48|5:49|5:5|5:50|5:51|5:52|5:53|5:54|5:55|5:56|5:57|5:58|5:59|5:6|5:60|5:61|5:62|5:63|5:7|5:8|5:9
TIERING-OFF-QJ-OFF-QJFL-OFF,247,exact-v9-5-to-6mwe,230784,outlet,C2-MIXTURE-PREFIX,320,0,212,1|2|3|4|5,1:0|1:1|1:10|1:11|1:12|1:13|1:14|1:15|1:16|1:17|1:18|1:19|1:2|1:20|1:21|1:22|1:23|1:24|1:25|1:26|1:27|1:28|1:29|1:3|1:30|1:31|1:32|1:33|1:34|1:35|1:36|1:37|1:38|1:39|1:4|1:40|1:41|1:42|1:43|1:44|1:45|1:46|1:47|1:48|1:49|1:5|1:50|1:51|1:52|1:53|1:54|1:55|1:56|1:57|1:58|1:59|1:6|1:60|1:61|1:62|1:63|1:7|1:8|1:9|2:0|2:1|2:10|2:11|2:12|2:13|2:14|2:15|2:16|2:17|2:18|2:19|2:2|2:20|2:21|2:22|2:23|2:24|2:25|2:26|2:27|2:28|2:29|2:3|2:30|2:31|2:32|2:33|2:34|2:35|2:36|2:37|2:38|2:39|2:4|2:40|2:41|2:42|2:43|2:44|2:45|2:46|2:47|2:48|2:49|2:5|2:50|2:51|2:52|2:53|2:54|2:55|2:56|2:57|2:58|2:59|2:6|2:60|2:61|2:62|2:63|2:7|2:8|2:9|3:0|3:1|3:10|3:11|3:12|3:13|3:14|3:15|3:16|3:17|3:18|3:19|3:2|3:20|3:21|3:22|3:23|3:24|3:25|3:26|3:27|3:28|3:29|3:3|3:30|3:31|3:32|3:33|3:34|3:35|3:36|3:37|3:38|3:39|3:4|3:40|3:41|3:42|3:43|3:44|3:45|3:46|3:47|3:48|3:49|3:5|3:50|3:51|3:52|3:53|3:54|3:55|3:56|3:57|3:58|3:59|3:6|3:60|3:61|3:62|3:63|3:7|3:8|3:9|4:0|4:1|4:10|4:11|4:12|4:13|4:14|4:15|4:16|4:17|4:18|4:19|4:2|4:20|4:21|4:22|4:23|4:24|4:25|4:26|4:27|4:28|4:29|4:3|4:30|4:31|4:32|4:33|4:34|4:35|4:36|4:37|4:38|4:39|4:4|4:40|4:41|4:42|4:43|4:44|4:45|4:46|4:47|4:48|4:49|4:5|4:50|4:51|4:52|4:53|4:54|4:55|4:56|4:57|4:58|4:59|4:6|4:60|4:61|4:62|4:63|4:7|4:8|4:9|5:0|5:1|5:10|5:11|5:12|5:13|5:14|5:15|5:16|5:17|5:18|5:19|5:2|5:20|5:21|5:22|5:23|5:24|5:25|5:26|5:27|5:28|5:29|5:3|5:30|5:31|5:32|5:33|5:34|5:35|5:36|5:37|5:38|5:39|5:4|5:40|5:41|5:42|5:43|5:44|5:45|5:46|5:47|5:48|5:49|5:5|5:50|5:51|5:52|5:53|5:54|5:55|5:56|5:57|5:58|5:59|5:6|5:60|5:61|5:62|5:63|5:7|5:8|5:9
TIERING-OFF-QJ-OFF-QJFL-OFF,248,exact-v9-5-to-6mwe,230784,drum,C2-MIXTURE-PREFIX,320,0,210.9,1|2|3|4|5,1:0|1:1|1:10|1:11|1:12|1:13|1:14|1:15|1:16|1:17|1:18|1:19|1:2|1:20|1:21|1:22|1:23|1:24|1:25|1:26|1:27|1:28|1:29|1:3|1:30|1:31|1:32|1:33|1:34|1:35|1:36|1:37|1:38|1:39|1:4|1:40|1:41|1:42|1:43|1:44|1:45|1:46|1:47|1:48|1:49|1:5|1:50|1:51|1:52|1:53|1:54|1:55|1:56|1:57|1:58|1:59|1:6|1:60|1:61|1:62|1:63|1:7|1:8|1:9|2:0|2:1|2:10|2:11|2:12|2:13|2:14|2:15|2:16|2:17|2:18|2:19|2:2|2:20|2:21|2:22|2:23|2:24|2:25|2:26|2:27|2:28|2:29|2:3|2:30|2:31|2:32|2:33|2:34|2:35|2:36|2:37|2:38|2:39|2:4|2:40|2:41|2:42|2:43|2:44|2:45|2:46|2:47|2:48|2:49|2:5|2:50|2:51|2:52|2:53|2:54|2:55|2:56|2:57|2:58|2:59|2:6|2:60|2:61|2:62|2:63|2:7|2:8|2:9|3:0|3:1|3:10|3:11|3:12|3:13|3:14|3:15|3:16|3:17|3:18|3:19|3:2|3:20|3:21|3:22|3:23|3:24|3:25|3:26|3:27|3:28|3:29|3:3|3:30|3:31|3:32|3:33|3:34|3:35|3:36|3:37|3:38|3:39|3:4|3:40|3:41|3:42|3:43|3:44|3:45|3:46|3:47|3:48|3:49|3:5|3:50|3:51|3:52|3:53|3:54|3:55|3:56|3:57|3:58|3:59|3:6|3:60|3:61|3:62|3:63|3:7|3:8|3:9|4:0|4:1|4:10|4:11|4:12|4:13|4:14|4:15|4:16|4:17|4:18|4:19|4:2|4:20|4:21|4:22|4:23|4:24|4:25|4:26|4:27|4:28|4:29|4:3|4:30|4:31|4:32|4:33|4:34|4:35|4:36|4:37|4:38|4:39|4:4|4:40|4:41|4:42|4:43|4:44|4:45|4:46|4:47|4:48|4:49|4:5|4:50|4:51|4:52|4:53|4:54|4:55|4:56|4:57|4:58|4:59|4:6|4:60|4:61|4:62|4:63|4:7|4:8|4:9|5:0|5:1|5:10|5:11|5:12|5:13|5:14|5:15|5:16|5:17|5:18|5:19|5:2|5:20|5:21|5:22|5:23|5:24|5:25|5:26|5:27|5:28|5:29|5:3|5:30|5:31|5:32|5:33|5:34|5:35|5:36|5:37|5:38|5:39|5:4|5:40|5:41|5:42|5:43|5:44|5:45|5:46|5:47|5:48|5:49|5:5|5:50|5:51|5:52|5:53|5:54|5:55|5:56|5:57|5:58|5:59|5:6|5:60|5:61|5:62|5:63|5:7|5:8|5:9
TIERING-OFF-QJ-OFF-QJFL-OFF,249,exact-v9-5-to-6mwe,230784,feedwater-inventory,C2-MIXTURE-PREFIX,2,0,178.2,2|4,2:18|4:20
TIERING-OFF-QJ-OFF-QJFL-OFF,25,background-reference,30000,suction,C2-MIXTURE-PREFIX,320,0,313.4,1|2|3|4|5,1:0|1:1|1:10|1:11|1:12|1:13|1:14|1:15|1:16|1:17|1:18|1:19|1:2|1:20|1:21|1:22|1:23|1:24|1:25|1:26|1:27|1:28|1:29|1:3|1:30|1:31|1:32|1:33|1:34|1:35|1:36|1:37|1:38|1:39|1:4|1:40|1:41|1:42|1:43|1:44|1:45|1:46|1:47|1:48|1:49|1:5|1:50|1:51|1:52|1:53|1:54|1:55|1:56|1:57|1:58|1:59|1:6|1:60|1:61|1:62|1:63|1:7|1:8|1:9|2:0|2:1|2:10|2:11|2:12|2:13|2:14|2:15|2:16|2:17|2:18|2:19|2:2|2:20|2:21|2:22|2:23|2:24|2:25|2:26|2:27|2:28|2:29|2:3|2:30|2:31|2:32|2:33|2:34|2:35|2:36|2:37|2:38|2:39|2:4|2:40|2:41|2:42|2:43|2:44|2:45|2:46|2:47|2:48|2:49|2:5|2:50|2:51|2:52|2:53|2:54|2:55|2:56|2:57|2:58|2:59|2:6|2:60|2:61|2:62|2:63|2:7|2:8|2:9|3:0|3:1|3:10|3:11|3:12|3:13|3:14|3:15|3:16|3:17|3:18|3:19|3:2|3:20|3:21|3:22|3:23|3:24|3:25|3:26|3:27|3:28|3:29|3:3|3:30|3:31|3:32|3:33|3:34|3:35|3:36|3:37|3:38|3:39|3:4|3:40|3:41|3:42|3:43|3:44|3:45|3:46|3:47|3:48|3:49|3:5|3:50|3:51|3:52|3:53|3:54|3:55|3:56|3:57|3:58|3:59|3:6|3:60|3:61|3:62|3:63|3:7|3:8|3:9|4:0|4:1|4:10|4:11|4:12|4:13|4:14|4:15|4:16|4:17|4:18|4:19|4:2|4:20|4:21|4:22|4:23|4:24|4:25|4:26|4:27|4:28|4:29|4:3|4:30|4:31|4:32|4:33|4:34|4:35|4:36|4:37|4:38|4:39|4:4|4:40|4:41|4:42|4:43|4:44|4:45|4:46|4:47|4:48|4:49|4:5|4:50|4:51|4:52|4:53|4:54|4:55|4:56|4:57|4:58|4:59|4:6|4:60|4:61|4:62|4:63|4:7|4:8|4:9|5:0|5:1|5:10|5:11|5:12|5:13|5:14|5:15|5:16|5:17|5:18|5:19|5:2|5:20|5:21|5:22|5:23|5:24|5:25|5:26|5:27|5:28|5:29|5:3|5:30|5:31|5:32|5:33|5:34|5:35|5:36|5:37|5:38|5:39|5:4|5:40|5:41|5:42|5:43|5:44|5:45|5:46|5:47|5:48|5:49|5:5|5:50|5:51|5:52|5:53|5:54|5:55|5:56|5:57|5:58|5:59|5:6|5:60|5:61|5:62|5:63|5:7|5:8|5:9
TIERING-OFF-QJ-OFF-QJFL-OFF,250,exact-v9-5-to-6mwe,236784,suction,C2-MIXTURE-PREFIX,320,0,347.3,1|2|3|4|5,1:0|1:1|1:10|1:11|1:12|1:13|1:14|1:15|1:16|1:17|1:18|1:19|1:2|1:20|1:21|1:22|1:23|1:24|1:25|1:26|1:27|1:28|1:29|1:3|1:30|1:31|1:32|1:33|1:34|1:35|1:36|1:37|1:38|1:39|1:4|1:40|1:41|1:42|1:43|1:44|1:45|1:46|1:47|1:48|1:49|1:5|1:50|1:51|1:52|1:53|1:54|1:55|1:56|1:57|1:58|1:59|1:6|1:60|1:61|1:62|1:63|1:7|1:8|1:9|2:0|2:1|2:10|2:11|2:12|2:13|2:14|2:15|2:16|2:17|2:18|2:19|2:2|2:20|2:21|2:22|2:23|2:24|2:25|2:26|2:27|2:28|2:29|2:3|2:30|2:31|2:32|2:33|2:34|2:35|2:36|2:37|2:38|2:39|2:4|2:40|2:41|2:42|2:43|2:44|2:45|2:46|2:47|2:48|2:49|2:5|2:50|2:51|2:52|2:53|2:54|2:55|2:56|2:57|2:58|2:59|2:6|2:60|2:61|2:62|2:63|2:7|2:8|2:9|3:0|3:1|3:10|3:11|3:12|3:13|3:14|3:15|3:16|3:17|3:18|3:19|3:2|3:20|3:21|3:22|3:23|3:24|3:25|3:26|3:27|3:28|3:29|3:3|3:30|3:31|3:32|3:33|3:34|3:35|3:36|3:37|3:38|3:39|3:4|3:40|3:41|3:42|3:43|3:44|3:45|3:46|3:47|3:48|3:49|3:5|3:50|3:51|3:52|3:53|3:54|3:55|3:56|3:57|3:58|3:59|3:6|3:60|3:61|3:62|3:63|3:7|3:8|3:9|4:0|4:1|4:10|4:11|4:12|4:13|4:14|4:15|4:16|4:17|4:18|4:19|4:2|4:20|4:21|4:22|4:23|4:24|4:25|4:26|4:27|4:28|4:29|4:3|4:30|4:31|4:32|4:33|4:34|4:35|4:36|4:37|4:38|4:39|4:4|4:40|4:41|4:42|4:43|4:44|4:45|4:46|4:47|4:48|4:49|4:5|4:50|4:51|4:52|4:53|4:54|4:55|4:56|4:57|4:58|4:59|4:6|4:60|4:61|4:62|4:63|4:7|4:8|4:9|5:0|5:1|5:10|5:11|5:12|5:13|5:14|5:15|5:16|5:17|5:18|5:19|5:2|5:20|5:21|5:22|5:23|5:24|5:25|5:26|5:27|5:28|5:29|5:3|5:30|5:31|5:32|5:33|5:34|5:35|5:36|5:37|5:38|5:39|5:4|5:40|5:41|5:42|5:43|5:44|5:45|5:46|5:47|5:48|5:49|5:5|5:50|5:51|5:52|5:53|5:54|5:55|5:56|5:57|5:58|5:59|5:6|5:60|5:61|5:62|5:63|5:7|5:8|5:9
TIERING-OFF-QJ-OFF-QJFL-OFF,251,exact-v9-5-to-6mwe,236784,pressure,C2-MIXTURE-PREFIX,320,0,331.4,1|2|3|4|5,1:0|1:1|1:10|1:11|1:12|1:13|1:14|1:15|1:16|1:17|1:18|1:19|1:2|1:20|1:21|1:22|1:23|1:24|1:25|1:26|1:27|1:28|1:29|1:3|1:30|1:31|1:32|1:33|1:34|1:35|1:36|1:37|1:38|1:39|1:4|1:40|1:41|1:42|1:43|1:44|1:45|1:46|1:47|1:48|1:49|1:5|1:50|1:51|1:52|1:53|1:54|1:55|1:56|1:57|1:58|1:59|1:6|1:60|1:61|1:62|1:63|1:7|1:8|1:9|2:0|2:1|2:10|2:11|2:12|2:13|2:14|2:15|2:16|2:17|2:18|2:19|2:2|2:20|2:21|2:22|2:23|2:24|2:25|2:26|2:27|2:28|2:29|2:3|2:30|2:31|2:32|2:33|2:34|2:35|2:36|2:37|2:38|2:39|2:4|2:40|2:41|2:42|2:43|2:44|2:45|2:46|2:47|2:48|2:49|2:5|2:50|2:51|2:52|2:53|2:54|2:55|2:56|2:57|2:58|2:59|2:6|2:60|2:61|2:62|2:63|2:7|2:8|2:9|3:0|3:1|3:10|3:11|3:12|3:13|3:14|3:15|3:16|3:17|3:18|3:19|3:2|3:20|3:21|3:22|3:23|3:24|3:25|3:26|3:27|3:28|3:29|3:3|3:30|3:31|3:32|3:33|3:34|3:35|3:36|3:37|3:38|3:39|3:4|3:40|3:41|3:42|3:43|3:44|3:45|3:46|3:47|3:48|3:49|3:5|3:50|3:51|3:52|3:53|3:54|3:55|3:56|3:57|3:58|3:59|3:6|3:60|3:61|3:62|3:63|3:7|3:8|3:9|4:0|4:1|4:10|4:11|4:12|4:13|4:14|4:15|4:16|4:17|4:18|4:19|4:2|4:20|4:21|4:22|4:23|4:24|4:25|4:26|4:27|4:28|4:29|4:3|4:30|4:31|4:32|4:33|4:34|4:35|4:36|4:37|4:38|4:39|4:4|4:40|4:41|4:42|4:43|4:44|4:45|4:46|4:47|4:48|4:49|4:5|4:50|4:51|4:52|4:53|4:54|4:55|4:56|4:57|4:58|4:59|4:6|4:60|4:61|4:62|4:63|4:7|4:8|4:9|5:0|5:1|5:10|5:11|5:12|5:13|5:14|5:15|5:16|5:17|5:18|5:19|5:2|5:20|5:21|5:22|5:23|5:24|5:25|5:26|5:27|5:28|5:29|5:3|5:30|5:31|5:32|5:33|5:34|5:35|5:36|5:37|5:38|5:39|5:4|5:40|5:41|5:42|5:43|5:44|5:45|5:46|5:47|5:48|5:49|5:5|5:50|5:51|5:52|5:53|5:54|5:55|5:56|5:57|5:58|5:59|5:6|5:60|5:61|5:62|5:63|5:7|5:8|5:9
TIERING-OFF-QJ-OFF-QJFL-OFF,252,exact-v9-5-to-6mwe,236784,outlet,C2-MIXTURE-PREFIX,320,0,381.9,1|2|3|4|5,1:0|1:1|1:10|1:11|1:12|1:13|1:14|1:15|1:16|1:17|1:18|1:19|1:2|1:20|1:21|1:22|1:23|1:24|1:25|1:26|1:27|1:28|1:29|1:3|1:30|1:31|1:32|1:33|1:34|1:35|1:36|1:37|1:38|1:39|1:4|1:40|1:41|1:42|1:43|1:44|1:45|1:46|1:47|1:48|1:49|1:5|1:50|1:51|1:52|1:53|1:54|1:55|1:56|1:57|1:58|1:59|1:6|1:60|1:61|1:62|1:63|1:7|1:8|1:9|2:0|2:1|2:10|2:11|2:12|2:13|2:14|2:15|2:16|2:17|2:18|2:19|2:2|2:20|2:21|2:22|2:23|2:24|2:25|2:26|2:27|2:28|2:29|2:3|2:30|2:31|2:32|2:33|2:34|2:35|2:36|2:37|2:38|2:39|2:4|2:40|2:41|2:42|2:43|2:44|2:45|2:46|2:47|2:48|2:49|2:5|2:50|2:51|2:52|2:53|2:54|2:55|2:56|2:57|2:58|2:59|2:6|2:60|2:61|2:62|2:63|2:7|2:8|2:9|3:0|3:1|3:10|3:11|3:12|3:13|3:14|3:15|3:16|3:17|3:18|3:19|3:2|3:20|3:21|3:22|3:23|3:24|3:25|3:26|3:27|3:28|3:29|3:3|3:30|3:31|3:32|3:33|3:34|3:35|3:36|3:37|3:38|3:39|3:4|3:40|3:41|3:42|3:43|3:44|3:45|3:46|3:47|3:48|3:49|3:5|3:50|3:51|3:52|3:53|3:54|3:55|3:56|3:57|3:58|3:59|3:6|3:60|3:61|3:62|3:63|3:7|3:8|3:9|4:0|4:1|4:10|4:11|4:12|4:13|4:14|4:15|4:16|4:17|4:18|4:19|4:2|4:20|4:21|4:22|4:23|4:24|4:25|4:26|4:27|4:28|4:29|4:3|4:30|4:31|4:32|4:33|4:34|4:35|4:36|4:37|4:38|4:39|4:4|4:40|4:41|4:42|4:43|4:44|4:45|4:46|4:47|4:48|4:49|4:5|4:50|4:51|4:52|4:53|4:54|4:55|4:56|4:57|4:58|4:59|4:6|4:60|4:61|4:62|4:63|4:7|4:8|4:9|5:0|5:1|5:10|5:11|5:12|5:13|5:14|5:15|5:16|5:17|5:18|5:19|5:2|5:20|5:21|5:22|5:23|5:24|5:25|5:26|5:27|5:28|5:29|5:3|5:30|5:31|5:32|5:33|5:34|5:35|5:36|5:37|5:38|5:39|5:4|5:40|5:41|5:42|5:43|5:44|5:45|5:46|5:47|5:48|5:49|5:5|5:50|5:51|5:52|5:53|5:54|5:55|5:56|5:57|5:58|5:59|5:6|5:60|5:61|5:62|5:63|5:7|5:8|5:9
TIERING-OFF-QJ-OFF-QJFL-OFF,253,exact-v9-5-to-6mwe,236784,drum,C2-MIXTURE-PREFIX,320,0,275.3,1|2|3|4|5,1:0|1:1|1:10|1:11|1:12|1:13|1:14|1:15|1:16|1:17|1:18|1:19|1:2|1:20|1:21|1:22|1:23|1:24|1:25|1:26|1:27|1:28|1:29|1:3|1:30|1:31|1:32|1:33|1:34|1:35|1:36|1:37|1:38|1:39|1:4|1:40|1:41|1:42|1:43|1:44|1:45|1:46|1:47|1:48|1:49|1:5|1:50|1:51|1:52|1:53|1:54|1:55|1:56|1:57|1:58|1:59|1:6|1:60|1:61|1:62|1:63|1:7|1:8|1:9|2:0|2:1|2:10|2:11|2:12|2:13|2:14|2:15|2:16|2:17|2:18|2:19|2:2|2:20|2:21|2:22|2:23|2:24|2:25|2:26|2:27|2:28|2:29|2:3|2:30|2:31|2:32|2:33|2:34|2:35|2:36|2:37|2:38|2:39|2:4|2:40|2:41|2:42|2:43|2:44|2:45|2:46|2:47|2:48|2:49|2:5|2:50|2:51|2:52|2:53|2:54|2:55|2:56|2:57|2:58|2:59|2:6|2:60|2:61|2:62|2:63|2:7|2:8|2:9|3:0|3:1|3:10|3:11|3:12|3:13|3:14|3:15|3:16|3:17|3:18|3:19|3:2|3:20|3:21|3:22|3:23|3:24|3:25|3:26|3:27|3:28|3:29|3:3|3:30|3:31|3:32|3:33|3:34|3:35|3:36|3:37|3:38|3:39|3:4|3:40|3:41|3:42|3:43|3:44|3:45|3:46|3:47|3:48|3:49|3:5|3:50|3:51|3:52|3:53|3:54|3:55|3:56|3:57|3:58|3:59|3:6|3:60|3:61|3:62|3:63|3:7|3:8|3:9|4:0|4:1|4:10|4:11|4:12|4:13|4:14|4:15|4:16|4:17|4:18|4:19|4:2|4:20|4:21|4:22|4:23|4:24|4:25|4:26|4:27|4:28|4:29|4:3|4:30|4:31|4:32|4:33|4:34|4:35|4:36|4:37|4:38|4:39|4:4|4:40|4:41|4:42|4:43|4:44|4:45|4:46|4:47|4:48|4:49|4:5|4:50|4:51|4:52|4:53|4:54|4:55|4:56|4:57|4:58|4:59|4:6|4:60|4:61|4:62|4:63|4:7|4:8|4:9|5:0|5:1|5:10|5:11|5:12|5:13|5:14|5:15|5:16|5:17|5:18|5:19|5:2|5:20|5:21|5:22|5:23|5:24|5:25|5:26|5:27|5:28|5:29|5:3|5:30|5:31|5:32|5:33|5:34|5:35|5:36|5:37|5:38|5:39|5:4|5:40|5:41|5:42|5:43|5:44|5:45|5:46|5:47|5:48|5:49|5:5|5:50|5:51|5:52|5:53|5:54|5:55|5:56|5:57|5:58|5:59|5:6|5:60|5:61|5:62|5:63|5:7|5:8|5:9
TIERING-OFF-QJ-OFF-QJFL-OFF,254,exact-v9-5-to-6mwe,236784,feedwater-inventory,C2-MIXTURE-PREFIX,1,0,152.2,1,1:56
TIERING-OFF-QJ-OFF-QJFL-OFF,255,exact-v9-5-to-6mwe,242784,suction,C2-MIXTURE-PREFIX,320,0,344.5,1|2|3|4|5,1:0|1:1|1:10|1:11|1:12|1:13|1:14|1:15|1:16|1:17|1:18|1:19|1:2|1:20|1:21|1:22|1:23|1:24|1:25|1:26|1:27|1:28|1:29|1:3|1:30|1:31|1:32|1:33|1:34|1:35|1:36|1:37|1:38|1:39|1:4|1:40|1:41|1:42|1:43|1:44|1:45|1:46|1:47|1:48|1:49|1:5|1:50|1:51|1:52|1:53|1:54|1:55|1:56|1:57|1:58|1:59|1:6|1:60|1:61|1:62|1:63|1:7|1:8|1:9|2:0|2:1|2:10|2:11|2:12|2:13|2:14|2:15|2:16|2:17|2:18|2:19|2:2|2:20|2:21|2:22|2:23|2:24|2:25|2:26|2:27|2:28|2:29|2:3|2:30|2:31|2:32|2:33|2:34|2:35|2:36|2:37|2:38|2:39|2:4|2:40|2:41|2:42|2:43|2:44|2:45|2:46|2:47|2:48|2:49|2:5|2:50|2:51|2:52|2:53|2:54|2:55|2:56|2:57|2:58|2:59|2:6|2:60|2:61|2:62|2:63|2:7|2:8|2:9|3:0|3:1|3:10|3:11|3:12|3:13|3:14|3:15|3:16|3:17|3:18|3:19|3:2|3:20|3:21|3:22|3:23|3:24|3:25|3:26|3:27|3:28|3:29|3:3|3:30|3:31|3:32|3:33|3:34|3:35|3:36|3:37|3:38|3:39|3:4|3:40|3:41|3:42|3:43|3:44|3:45|3:46|3:47|3:48|3:49|3:5|3:50|3:51|3:52|3:53|3:54|3:55|3:56|3:57|3:58|3:59|3:6|3:60|3:61|3:62|3:63|3:7|3:8|3:9|4:0|4:1|4:10|4:11|4:12|4:13|4:14|4:15|4:16|4:17|4:18|4:19|4:2|4:20|4:21|4:22|4:23|4:24|4:25|4:26|4:27|4:28|4:29|4:3|4:30|4:31|4:32|4:33|4:34|4:35|4:36|4:37|4:38|4:39|4:4|4:40|4:41|4:42|4:43|4:44|4:45|4:46|4:47|4:48|4:49|4:5|4:50|4:51|4:52|4:53|4:54|4:55|4:56|4:57|4:58|4:59|4:6|4:60|4:61|4:62|4:63|4:7|4:8|4:9|5:0|5:1|5:10|5:11|5:12|5:13|5:14|5:15|5:16|5:17|5:18|5:19|5:2|5:20|5:21|5:22|5:23|5:24|5:25|5:26|5:27|5:28|5:29|5:3|5:30|5:31|5:32|5:33|5:34|5:35|5:36|5:37|5:38|5:39|5:4|5:40|5:41|5:42|5:43|5:44|5:45|5:46|5:47|5:48|5:49|5:5|5:50|5:51|5:52|5:53|5:54|5:55|5:56|5:57|5:58|5:59|5:6|5:60|5:61|5:62|5:63|5:7|5:8|5:9
TIERING-OFF-QJ-OFF-QJFL-OFF,256,exact-v9-5-to-6mwe,242784,pressure,C2-MIXTURE-PREFIX,320,0,278.6,1|2|3|4|5,1:0|1:1|1:10|1:11|1:12|1:13|1:14|1:15|1:16|1:17|1:18|1:19|1:2|1:20|1:21|1:22|1:23|1:24|1:25|1:26|1:27|1:28|1:29|1:3|1:30|1:31|1:32|1:33|1:34|1:35|1:36|1:37|1:38|1:39|1:4|1:40|1:41|1:42|1:43|1:44|1:45|1:46|1:47|1:48|1:49|1:5|1:50|1:51|1:52|1:53|1:54|1:55|1:56|1:57|1:58|1:59|1:6|1:60|1:61|1:62|1:63|1:7|1:8|1:9|2:0|2:1|2:10|2:11|2:12|2:13|2:14|2:15|2:16|2:17|2:18|2:19|2:2|2:20|2:21|2:22|2:23|2:24|2:25|2:26|2:27|2:28|2:29|2:3|2:30|2:31|2:32|2:33|2:34|2:35|2:36|2:37|2:38|2:39|2:4|2:40|2:41|2:42|2:43|2:44|2:45|2:46|2:47|2:48|2:49|2:5|2:50|2:51|2:52|2:53|2:54|2:55|2:56|2:57|2:58|2:59|2:6|2:60|2:61|2:62|2:63|2:7|2:8|2:9|3:0|3:1|3:10|3:11|3:12|3:13|3:14|3:15|3:16|3:17|3:18|3:19|3:2|3:20|3:21|3:22|3:23|3:24|3:25|3:26|3:27|3:28|3:29|3:3|3:30|3:31|3:32|3:33|3:34|3:35|3:36|3:37|3:38|3:39|3:4|3:40|3:41|3:42|3:43|3:44|3:45|3:46|3:47|3:48|3:49|3:5|3:50|3:51|3:52|3:53|3:54|3:55|3:56|3:57|3:58|3:59|3:6|3:60|3:61|3:62|3:63|3:7|3:8|3:9|4:0|4:1|4:10|4:11|4:12|4:13|4:14|4:15|4:16|4:17|4:18|4:19|4:2|4:20|4:21|4:22|4:23|4:24|4:25|4:26|4:27|4:28|4:29|4:3|4:30|4:31|4:32|4:33|4:34|4:35|4:36|4:37|4:38|4:39|4:4|4:40|4:41|4:42|4:43|4:44|4:45|4:46|4:47|4:48|4:49|4:5|4:50|4:51|4:52|4:53|4:54|4:55|4:56|4:57|4:58|4:59|4:6|4:60|4:61|4:62|4:63|4:7|4:8|4:9|5:0|5:1|5:10|5:11|5:12|5:13|5:14|5:15|5:16|5:17|5:18|5:19|5:2|5:20|5:21|5:22|5:23|5:24|5:25|5:26|5:27|5:28|5:29|5:3|5:30|5:31|5:32|5:33|5:34|5:35|5:36|5:37|5:38|5:39|5:4|5:40|5:41|5:42|5:43|5:44|5:45|5:46|5:47|5:48|5:49|5:5|5:50|5:51|5:52|5:53|5:54|5:55|5:56|5:57|5:58|5:59|5:6|5:60|5:61|5:62|5:63|5:7|5:8|5:9
TIERING-OFF-QJ-OFF-QJFL-OFF,257,exact-v9-5-to-6mwe,242784,outlet,C2-MIXTURE-PREFIX,320,0,349,1|2|3|4|5,1:0|1:1|1:10|1:11|1:12|1:13|1:14|1:15|1:16|1:17|1:18|1:19|1:2|1:20|1:21|1:22|1:23|1:24|1:25|1:26|1:27|1:28|1:29|1:3|1:30|1:31|1:32|1:33|1:34|1:35|1:36|1:37|1:38|1:39|1:4|1:40|1:41|1:42|1:43|1:44|1:45|1:46|1:47|1:48|1:49|1:5|1:50|1:51|1:52|1:53|1:54|1:55|1:56|1:57|1:58|1:59|1:6|1:60|1:61|1:62|1:63|1:7|1:8|1:9|2:0|2:1|2:10|2:11|2:12|2:13|2:14|2:15|2:16|2:17|2:18|2:19|2:2|2:20|2:21|2:22|2:23|2:24|2:25|2:26|2:27|2:28|2:29|2:3|2:30|2:31|2:32|2:33|2:34|2:35|2:36|2:37|2:38|2:39|2:4|2:40|2:41|2:42|2:43|2:44|2:45|2:46|2:47|2:48|2:49|2:5|2:50|2:51|2:52|2:53|2:54|2:55|2:56|2:57|2:58|2:59|2:6|2:60|2:61|2:62|2:63|2:7|2:8|2:9|3:0|3:1|3:10|3:11|3:12|3:13|3:14|3:15|3:16|3:17|3:18|3:19|3:2|3:20|3:21|3:22|3:23|3:24|3:25|3:26|3:27|3:28|3:29|3:3|3:30|3:31|3:32|3:33|3:34|3:35|3:36|3:37|3:38|3:39|3:4|3:40|3:41|3:42|3:43|3:44|3:45|3:46|3:47|3:48|3:49|3:5|3:50|3:51|3:52|3:53|3:54|3:55|3:56|3:57|3:58|3:59|3:6|3:60|3:61|3:62|3:63|3:7|3:8|3:9|4:0|4:1|4:10|4:11|4:12|4:13|4:14|4:15|4:16|4:17|4:18|4:19|4:2|4:20|4:21|4:22|4:23|4:24|4:25|4:26|4:27|4:28|4:29|4:3|4:30|4:31|4:32|4:33|4:34|4:35|4:36|4:37|4:38|4:39|4:4|4:40|4:41|4:42|4:43|4:44|4:45|4:46|4:47|4:48|4:49|4:5|4:50|4:51|4:52|4:53|4:54|4:55|4:56|4:57|4:58|4:59|4:6|4:60|4:61|4:62|4:63|4:7|4:8|4:9|5:0|5:1|5:10|5:11|5:12|5:13|5:14|5:15|5:16|5:17|5:18|5:19|5:2|5:20|5:21|5:22|5:23|5:24|5:25|5:26|5:27|5:28|5:29|5:3|5:30|5:31|5:32|5:33|5:34|5:35|5:36|5:37|5:38|5:39|5:4|5:40|5:41|5:42|5:43|5:44|5:45|5:46|5:47|5:48|5:49|5:5|5:50|5:51|5:52|5:53|5:54|5:55|5:56|5:57|5:58|5:59|5:6|5:60|5:61|5:62|5:63|5:7|5:8|5:9
TIERING-OFF-QJ-OFF-QJFL-OFF,258,exact-v9-5-to-6mwe,242784,drum,C2-MIXTURE-PREFIX,320,0,334.8,1|2|3|4|5,1:0|1:1|1:10|1:11|1:12|1:13|1:14|1:15|1:16|1:17|1:18|1:19|1:2|1:20|1:21|1:22|1:23|1:24|1:25|1:26|1:27|1:28|1:29|1:3|1:30|1:31|1:32|1:33|1:34|1:35|1:36|1:37|1:38|1:39|1:4|1:40|1:41|1:42|1:43|1:44|1:45|1:46|1:47|1:48|1:49|1:5|1:50|1:51|1:52|1:53|1:54|1:55|1:56|1:57|1:58|1:59|1:6|1:60|1:61|1:62|1:63|1:7|1:8|1:9|2:0|2:1|2:10|2:11|2:12|2:13|2:14|2:15|2:16|2:17|2:18|2:19|2:2|2:20|2:21|2:22|2:23|2:24|2:25|2:26|2:27|2:28|2:29|2:3|2:30|2:31|2:32|2:33|2:34|2:35|2:36|2:37|2:38|2:39|2:4|2:40|2:41|2:42|2:43|2:44|2:45|2:46|2:47|2:48|2:49|2:5|2:50|2:51|2:52|2:53|2:54|2:55|2:56|2:57|2:58|2:59|2:6|2:60|2:61|2:62|2:63|2:7|2:8|2:9|3:0|3:1|3:10|3:11|3:12|3:13|3:14|3:15|3:16|3:17|3:18|3:19|3:2|3:20|3:21|3:22|3:23|3:24|3:25|3:26|3:27|3:28|3:29|3:3|3:30|3:31|3:32|3:33|3:34|3:35|3:36|3:37|3:38|3:39|3:4|3:40|3:41|3:42|3:43|3:44|3:45|3:46|3:47|3:48|3:49|3:5|3:50|3:51|3:52|3:53|3:54|3:55|3:56|3:57|3:58|3:59|3:6|3:60|3:61|3:62|3:63|3:7|3:8|3:9|4:0|4:1|4:10|4:11|4:12|4:13|4:14|4:15|4:16|4:17|4:18|4:19|4:2|4:20|4:21|4:22|4:23|4:24|4:25|4:26|4:27|4:28|4:29|4:3|4:30|4:31|4:32|4:33|4:34|4:35|4:36|4:37|4:38|4:39|4:4|4:40|4:41|4:42|4:43|4:44|4:45|4:46|4:47|4:48|4:49|4:5|4:50|4:51|4:52|4:53|4:54|4:55|4:56|4:57|4:58|4:59|4:6|4:60|4:61|4:62|4:63|4:7|4:8|4:9|5:0|5:1|5:10|5:11|5:12|5:13|5:14|5:15|5:16|5:17|5:18|5:19|5:2|5:20|5:21|5:22|5:23|5:24|5:25|5:26|5:27|5:28|5:29|5:3|5:30|5:31|5:32|5:33|5:34|5:35|5:36|5:37|5:38|5:39|5:4|5:40|5:41|5:42|5:43|5:44|5:45|5:46|5:47|5:48|5:49|5:5|5:50|5:51|5:52|5:53|5:54|5:55|5:56|5:57|5:58|5:59|5:6|5:60|5:61|5:62|5:63|5:7|5:8|5:9
TIERING-OFF-QJ-OFF-QJFL-OFF,259,exact-v9-5-to-6mwe,242784,feedwater-inventory,C2-MIXTURE-PREFIX,1,0,217.5,5,5:59
TIERING-OFF-QJ-OFF-QJFL-OFF,26,background-reference,30000,pressure,C2-MIXTURE-PREFIX,320,0,332.2,1|2|3|4|5,1:0|1:1|1:10|1:11|1:12|1:13|1:14|1:15|1:16|1:17|1:18|1:19|1:2|1:20|1:21|1:22|1:23|1:24|1:25|1:26|1:27|1:28|1:29|1:3|1:30|1:31|1:32|1:33|1:34|1:35|1:36|1:37|1:38|1:39|1:4|1:40|1:41|1:42|1:43|1:44|1:45|1:46|1:47|1:48|1:49|1:5|1:50|1:51|1:52|1:53|1:54|1:55|1:56|1:57|1:58|1:59|1:6|1:60|1:61|1:62|1:63|1:7|1:8|1:9|2:0|2:1|2:10|2:11|2:12|2:13|2:14|2:15|2:16|2:17|2:18|2:19|2:2|2:20|2:21|2:22|2:23|2:24|2:25|2:26|2:27|2:28|2:29|2:3|2:30|2:31|2:32|2:33|2:34|2:35|2:36|2:37|2:38|2:39|2:4|2:40|2:41|2:42|2:43|2:44|2:45|2:46|2:47|2:48|2:49|2:5|2:50|2:51|2:52|2:53|2:54|2:55|2:56|2:57|2:58|2:59|2:6|2:60|2:61|2:62|2:63|2:7|2:8|2:9|3:0|3:1|3:10|3:11|3:12|3:13|3:14|3:15|3:16|3:17|3:18|3:19|3:2|3:20|3:21|3:22|3:23|3:24|3:25|3:26|3:27|3:28|3:29|3:3|3:30|3:31|3:32|3:33|3:34|3:35|3:36|3:37|3:38|3:39|3:4|3:40|3:41|3:42|3:43|3:44|3:45|3:46|3:47|3:48|3:49|3:5|3:50|3:51|3:52|3:53|3:54|3:55|3:56|3:57|3:58|3:59|3:6|3:60|3:61|3:62|3:63|3:7|3:8|3:9|4:0|4:1|4:10|4:11|4:12|4:13|4:14|4:15|4:16|4:17|4:18|4:19|4:2|4:20|4:21|4:22|4:23|4:24|4:25|4:26|4:27|4:28|4:29|4:3|4:30|4:31|4:32|4:33|4:34|4:35|4:36|4:37|4:38|4:39|4:4|4:40|4:41|4:42|4:43|4:44|4:45|4:46|4:47|4:48|4:49|4:5|4:50|4:51|4:52|4:53|4:54|4:55|4:56|4:57|4:58|4:59|4:6|4:60|4:61|4:62|4:63|4:7|4:8|4:9|5:0|5:1|5:10|5:11|5:12|5:13|5:14|5:15|5:16|5:17|5:18|5:19|5:2|5:20|5:21|5:22|5:23|5:24|5:25|5:26|5:27|5:28|5:29|5:3|5:30|5:31|5:32|5:33|5:34|5:35|5:36|5:37|5:38|5:39|5:4|5:40|5:41|5:42|5:43|5:44|5:45|5:46|5:47|5:48|5:49|5:5|5:50|5:51|5:52|5:53|5:54|5:55|5:56|5:57|5:58|5:59|5:6|5:60|5:61|5:62|5:63|5:7|5:8|5:9
TIERING-OFF-QJ-OFF-QJFL-OFF,260,exact-v9-5-to-6mwe,248784,suction,C2-MIXTURE-PREFIX,320,0,334.1,1|2|3|4|5,1:0|1:1|1:10|1:11|1:12|1:13|1:14|1:15|1:16|1:17|1:18|1:19|1:2|1:20|1:21|1:22|1:23|1:24|1:25|1:26|1:27|1:28|1:29|1:3|1:30|1:31|1:32|1:33|1:34|1:35|1:36|1:37|1:38|1:39|1:4|1:40|1:41|1:42|1:43|1:44|1:45|1:46|1:47|1:48|1:49|1:5|1:50|1:51|1:52|1:53|1:54|1:55|1:56|1:57|1:58|1:59|1:6|1:60|1:61|1:62|1:63|1:7|1:8|1:9|2:0|2:1|2:10|2:11|2:12|2:13|2:14|2:15|2:16|2:17|2:18|2:19|2:2|2:20|2:21|2:22|2:23|2:24|2:25|2:26|2:27|2:28|2:29|2:3|2:30|2:31|2:32|2:33|2:34|2:35|2:36|2:37|2:38|2:39|2:4|2:40|2:41|2:42|2:43|2:44|2:45|2:46|2:47|2:48|2:49|2:5|2:50|2:51|2:52|2:53|2:54|2:55|2:56|2:57|2:58|2:59|2:6|2:60|2:61|2:62|2:63|2:7|2:8|2:9|3:0|3:1|3:10|3:11|3:12|3:13|3:14|3:15|3:16|3:17|3:18|3:19|3:2|3:20|3:21|3:22|3:23|3:24|3:25|3:26|3:27|3:28|3:29|3:3|3:30|3:31|3:32|3:33|3:34|3:35|3:36|3:37|3:38|3:39|3:4|3:40|3:41|3:42|3:43|3:44|3:45|3:46|3:47|3:48|3:49|3:5|3:50|3:51|3:52|3:53|3:54|3:55|3:56|3:57|3:58|3:59|3:6|3:60|3:61|3:62|3:63|3:7|3:8|3:9|4:0|4:1|4:10|4:11|4:12|4:13|4:14|4:15|4:16|4:17|4:18|4:19|4:2|4:20|4:21|4:22|4:23|4:24|4:25|4:26|4:27|4:28|4:29|4:3|4:30|4:31|4:32|4:33|4:34|4:35|4:36|4:37|4:38|4:39|4:4|4:40|4:41|4:42|4:43|4:44|4:45|4:46|4:47|4:48|4:49|4:5|4:50|4:51|4:52|4:53|4:54|4:55|4:56|4:57|4:58|4:59|4:6|4:60|4:61|4:62|4:63|4:7|4:8|4:9|5:0|5:1|5:10|5:11|5:12|5:13|5:14|5:15|5:16|5:17|5:18|5:19|5:2|5:20|5:21|5:22|5:23|5:24|5:25|5:26|5:27|5:28|5:29|5:3|5:30|5:31|5:32|5:33|5:34|5:35|5:36|5:37|5:38|5:39|5:4|5:40|5:41|5:42|5:43|5:44|5:45|5:46|5:47|5:48|5:49|5:5|5:50|5:51|5:52|5:53|5:54|5:55|5:56|5:57|5:58|5:59|5:6|5:60|5:61|5:62|5:63|5:7|5:8|5:9
TIERING-OFF-QJ-OFF-QJFL-OFF,261,exact-v9-5-to-6mwe,248784,pressure,C2-MIXTURE-PREFIX,320,0,242.3,1|2|3|4|5,1:0|1:1|1:10|1:11|1:12|1:13|1:14|1:15|1:16|1:17|1:18|1:19|1:2|1:20|1:21|1:22|1:23|1:24|1:25|1:26|1:27|1:28|1:29|1:3|1:30|1:31|1:32|1:33|1:34|1:35|1:36|1:37|1:38|1:39|1:4|1:40|1:41|1:42|1:43|1:44|1:45|1:46|1:47|1:48|1:49|1:5|1:50|1:51|1:52|1:53|1:54|1:55|1:56|1:57|1:58|1:59|1:6|1:60|1:61|1:62|1:63|1:7|1:8|1:9|2:0|2:1|2:10|2:11|2:12|2:13|2:14|2:15|2:16|2:17|2:18|2:19|2:2|2:20|2:21|2:22|2:23|2:24|2:25|2:26|2:27|2:28|2:29|2:3|2:30|2:31|2:32|2:33|2:34|2:35|2:36|2:37|2:38|2:39|2:4|2:40|2:41|2:42|2:43|2:44|2:45|2:46|2:47|2:48|2:49|2:5|2:50|2:51|2:52|2:53|2:54|2:55|2:56|2:57|2:58|2:59|2:6|2:60|2:61|2:62|2:63|2:7|2:8|2:9|3:0|3:1|3:10|3:11|3:12|3:13|3:14|3:15|3:16|3:17|3:18|3:19|3:2|3:20|3:21|3:22|3:23|3:24|3:25|3:26|3:27|3:28|3:29|3:3|3:30|3:31|3:32|3:33|3:34|3:35|3:36|3:37|3:38|3:39|3:4|3:40|3:41|3:42|3:43|3:44|3:45|3:46|3:47|3:48|3:49|3:5|3:50|3:51|3:52|3:53|3:54|3:55|3:56|3:57|3:58|3:59|3:6|3:60|3:61|3:62|3:63|3:7|3:8|3:9|4:0|4:1|4:10|4:11|4:12|4:13|4:14|4:15|4:16|4:17|4:18|4:19|4:2|4:20|4:21|4:22|4:23|4:24|4:25|4:26|4:27|4:28|4:29|4:3|4:30|4:31|4:32|4:33|4:34|4:35|4:36|4:37|4:38|4:39|4:4|4:40|4:41|4:42|4:43|4:44|4:45|4:46|4:47|4:48|4:49|4:5|4:50|4:51|4:52|4:53|4:54|4:55|4:56|4:57|4:58|4:59|4:6|4:60|4:61|4:62|4:63|4:7|4:8|4:9|5:0|5:1|5:10|5:11|5:12|5:13|5:14|5:15|5:16|5:17|5:18|5:19|5:2|5:20|5:21|5:22|5:23|5:24|5:25|5:26|5:27|5:28|5:29|5:3|5:30|5:31|5:32|5:33|5:34|5:35|5:36|5:37|5:38|5:39|5:4|5:40|5:41|5:42|5:43|5:44|5:45|5:46|5:47|5:48|5:49|5:5|5:50|5:51|5:52|5:53|5:54|5:55|5:56|5:57|5:58|5:59|5:6|5:60|5:61|5:62|5:63|5:7|5:8|5:9
TIERING-OFF-QJ-OFF-QJFL-OFF,262,exact-v9-5-to-6mwe,248784,outlet,C2-MIXTURE-PREFIX,320,0,290.7,1|2|3|4|5,1:0|1:1|1:10|1:11|1:12|1:13|1:14|1:15|1:16|1:17|1:18|1:19|1:2|1:20|1:21|1:22|1:23|1:24|1:25|1:26|1:27|1:28|1:29|1:3|1:30|1:31|1:32|1:33|1:34|1:35|1:36|1:37|1:38|1:39|1:4|1:40|1:41|1:42|1:43|1:44|1:45|1:46|1:47|1:48|1:49|1:5|1:50|1:51|1:52|1:53|1:54|1:55|1:56|1:57|1:58|1:59|1:6|1:60|1:61|1:62|1:63|1:7|1:8|1:9|2:0|2:1|2:10|2:11|2:12|2:13|2:14|2:15|2:16|2:17|2:18|2:19|2:2|2:20|2:21|2:22|2:23|2:24|2:25|2:26|2:27|2:28|2:29|2:3|2:30|2:31|2:32|2:33|2:34|2:35|2:36|2:37|2:38|2:39|2:4|2:40|2:41|2:42|2:43|2:44|2:45|2:46|2:47|2:48|2:49|2:5|2:50|2:51|2:52|2:53|2:54|2:55|2:56|2:57|2:58|2:59|2:6|2:60|2:61|2:62|2:63|2:7|2:8|2:9|3:0|3:1|3:10|3:11|3:12|3:13|3:14|3:15|3:16|3:17|3:18|3:19|3:2|3:20|3:21|3:22|3:23|3:24|3:25|3:26|3:27|3:28|3:29|3:3|3:30|3:31|3:32|3:33|3:34|3:35|3:36|3:37|3:38|3:39|3:4|3:40|3:41|3:42|3:43|3:44|3:45|3:46|3:47|3:48|3:49|3:5|3:50|3:51|3:52|3:53|3:54|3:55|3:56|3:57|3:58|3:59|3:6|3:60|3:61|3:62|3:63|3:7|3:8|3:9|4:0|4:1|4:10|4:11|4:12|4:13|4:14|4:15|4:16|4:17|4:18|4:19|4:2|4:20|4:21|4:22|4:23|4:24|4:25|4:26|4:27|4:28|4:29|4:3|4:30|4:31|4:32|4:33|4:34|4:35|4:36|4:37|4:38|4:39|4:4|4:40|4:41|4:42|4:43|4:44|4:45|4:46|4:47|4:48|4:49|4:5|4:50|4:51|4:52|4:53|4:54|4:55|4:56|4:57|4:58|4:59|4:6|4:60|4:61|4:62|4:63|4:7|4:8|4:9|5:0|5:1|5:10|5:11|5:12|5:13|5:14|5:15|5:16|5:17|5:18|5:19|5:2|5:20|5:21|5:22|5:23|5:24|5:25|5:26|5:27|5:28|5:29|5:3|5:30|5:31|5:32|5:33|5:34|5:35|5:36|5:37|5:38|5:39|5:4|5:40|5:41|5:42|5:43|5:44|5:45|5:46|5:47|5:48|5:49|5:5|5:50|5:51|5:52|5:53|5:54|5:55|5:56|5:57|5:58|5:59|5:6|5:60|5:61|5:62|5:63|5:7|5:8|5:9
TIERING-OFF-QJ-OFF-QJFL-OFF,263,exact-v9-5-to-6mwe,248784,drum,C2-MIXTURE-PREFIX,320,0,403.8,1|2|3|4|5,1:0|1:1|1:10|1:11|1:12|1:13|1:14|1:15|1:16|1:17|1:18|1:19|1:2|1:20|1:21|1:22|1:23|1:24|1:25|1:26|1:27|1:28|1:29|1:3|1:30|1:31|1:32|1:33|1:34|1:35|1:36|1:37|1:38|1:39|1:4|1:40|1:41|1:42|1:43|1:44|1:45|1:46|1:47|1:48|1:49|1:5|1:50|1:51|1:52|1:53|1:54|1:55|1:56|1:57|1:58|1:59|1:6|1:60|1:61|1:62|1:63|1:7|1:8|1:9|2:0|2:1|2:10|2:11|2:12|2:13|2:14|2:15|2:16|2:17|2:18|2:19|2:2|2:20|2:21|2:22|2:23|2:24|2:25|2:26|2:27|2:28|2:29|2:3|2:30|2:31|2:32|2:33|2:34|2:35|2:36|2:37|2:38|2:39|2:4|2:40|2:41|2:42|2:43|2:44|2:45|2:46|2:47|2:48|2:49|2:5|2:50|2:51|2:52|2:53|2:54|2:55|2:56|2:57|2:58|2:59|2:6|2:60|2:61|2:62|2:63|2:7|2:8|2:9|3:0|3:1|3:10|3:11|3:12|3:13|3:14|3:15|3:16|3:17|3:18|3:19|3:2|3:20|3:21|3:22|3:23|3:24|3:25|3:26|3:27|3:28|3:29|3:3|3:30|3:31|3:32|3:33|3:34|3:35|3:36|3:37|3:38|3:39|3:4|3:40|3:41|3:42|3:43|3:44|3:45|3:46|3:47|3:48|3:49|3:5|3:50|3:51|3:52|3:53|3:54|3:55|3:56|3:57|3:58|3:59|3:6|3:60|3:61|3:62|3:63|3:7|3:8|3:9|4:0|4:1|4:10|4:11|4:12|4:13|4:14|4:15|4:16|4:17|4:18|4:19|4:2|4:20|4:21|4:22|4:23|4:24|4:25|4:26|4:27|4:28|4:29|4:3|4:30|4:31|4:32|4:33|4:34|4:35|4:36|4:37|4:38|4:39|4:4|4:40|4:41|4:42|4:43|4:44|4:45|4:46|4:47|4:48|4:49|4:5|4:50|4:51|4:52|4:53|4:54|4:55|4:56|4:57|4:58|4:59|4:6|4:60|4:61|4:62|4:63|4:7|4:8|4:9|5:0|5:1|5:10|5:11|5:12|5:13|5:14|5:15|5:16|5:17|5:18|5:19|5:2|5:20|5:21|5:22|5:23|5:24|5:25|5:26|5:27|5:28|5:29|5:3|5:30|5:31|5:32|5:33|5:34|5:35|5:36|5:37|5:38|5:39|5:4|5:40|5:41|5:42|5:43|5:44|5:45|5:46|5:47|5:48|5:49|5:5|5:50|5:51|5:52|5:53|5:54|5:55|5:56|5:57|5:58|5:59|5:6|5:60|5:61|5:62|5:63|5:7|5:8|5:9
TIERING-OFF-QJ-OFF-QJFL-OFF,265,exact-v9-5-to-6mwe,254784,suction,C2-MIXTURE-PREFIX,320,0,377.9,1|2|3|4|5,1:0|1:1|1:10|1:11|1:12|1:13|1:14|1:15|1:16|1:17|1:18|1:19|1:2|1:20|1:21|1:22|1:23|1:24|1:25|1:26|1:27|1:28|1:29|1:3|1:30|1:31|1:32|1:33|1:34|1:35|1:36|1:37|1:38|1:39|1:4|1:40|1:41|1:42|1:43|1:44|1:45|1:46|1:47|1:48|1:49|1:5|1:50|1:51|1:52|1:53|1:54|1:55|1:56|1:57|1:58|1:59|1:6|1:60|1:61|1:62|1:63|1:7|1:8|1:9|2:0|2:1|2:10|2:11|2:12|2:13|2:14|2:15|2:16|2:17|2:18|2:19|2:2|2:20|2:21|2:22|2:23|2:24|2:25|2:26|2:27|2:28|2:29|2:3|2:30|2:31|2:32|2:33|2:34|2:35|2:36|2:37|2:38|2:39|2:4|2:40|2:41|2:42|2:43|2:44|2:45|2:46|2:47|2:48|2:49|2:5|2:50|2:51|2:52|2:53|2:54|2:55|2:56|2:57|2:58|2:59|2:6|2:60|2:61|2:62|2:63|2:7|2:8|2:9|3:0|3:1|3:10|3:11|3:12|3:13|3:14|3:15|3:16|3:17|3:18|3:19|3:2|3:20|3:21|3:22|3:23|3:24|3:25|3:26|3:27|3:28|3:29|3:3|3:30|3:31|3:32|3:33|3:34|3:35|3:36|3:37|3:38|3:39|3:4|3:40|3:41|3:42|3:43|3:44|3:45|3:46|3:47|3:48|3:49|3:5|3:50|3:51|3:52|3:53|3:54|3:55|3:56|3:57|3:58|3:59|3:6|3:60|3:61|3:62|3:63|3:7|3:8|3:9|4:0|4:1|4:10|4:11|4:12|4:13|4:14|4:15|4:16|4:17|4:18|4:19|4:2|4:20|4:21|4:22|4:23|4:24|4:25|4:26|4:27|4:28|4:29|4:3|4:30|4:31|4:32|4:33|4:34|4:35|4:36|4:37|4:38|4:39|4:4|4:40|4:41|4:42|4:43|4:44|4:45|4:46|4:47|4:48|4:49|4:5|4:50|4:51|4:52|4:53|4:54|4:55|4:56|4:57|4:58|4:59|4:6|4:60|4:61|4:62|4:63|4:7|4:8|4:9|5:0|5:1|5:10|5:11|5:12|5:13|5:14|5:15|5:16|5:17|5:18|5:19|5:2|5:20|5:21|5:22|5:23|5:24|5:25|5:26|5:27|5:28|5:29|5:3|5:30|5:31|5:32|5:33|5:34|5:35|5:36|5:37|5:38|5:39|5:4|5:40|5:41|5:42|5:43|5:44|5:45|5:46|5:47|5:48|5:49|5:5|5:50|5:51|5:52|5:53|5:54|5:55|5:56|5:57|5:58|5:59|5:6|5:60|5:61|5:62|5:63|5:7|5:8|5:9
TIERING-OFF-QJ-OFF-QJFL-OFF,266,exact-v9-5-to-6mwe,254784,pressure,C2-MIXTURE-PREFIX,320,0,271.9,1|2|3|4|5,1:0|1:1|1:10|1:11|1:12|1:13|1:14|1:15|1:16|1:17|1:18|1:19|1:2|1:20|1:21|1:22|1:23|1:24|1:25|1:26|1:27|1:28|1:29|1:3|1:30|1:31|1:32|1:33|1:34|1:35|1:36|1:37|1:38|1:39|1:4|1:40|1:41|1:42|1:43|1:44|1:45|1:46|1:47|1:48|1:49|1:5|1:50|1:51|1:52|1:53|1:54|1:55|1:56|1:57|1:58|1:59|1:6|1:60|1:61|1:62|1:63|1:7|1:8|1:9|2:0|2:1|2:10|2:11|2:12|2:13|2:14|2:15|2:16|2:17|2:18|2:19|2:2|2:20|2:21|2:22|2:23|2:24|2:25|2:26|2:27|2:28|2:29|2:3|2:30|2:31|2:32|2:33|2:34|2:35|2:36|2:37|2:38|2:39|2:4|2:40|2:41|2:42|2:43|2:44|2:45|2:46|2:47|2:48|2:49|2:5|2:50|2:51|2:52|2:53|2:54|2:55|2:56|2:57|2:58|2:59|2:6|2:60|2:61|2:62|2:63|2:7|2:8|2:9|3:0|3:1|3:10|3:11|3:12|3:13|3:14|3:15|3:16|3:17|3:18|3:19|3:2|3:20|3:21|3:22|3:23|3:24|3:25|3:26|3:27|3:28|3:29|3:3|3:30|3:31|3:32|3:33|3:34|3:35|3:36|3:37|3:38|3:39|3:4|3:40|3:41|3:42|3:43|3:44|3:45|3:46|3:47|3:48|3:49|3:5|3:50|3:51|3:52|3:53|3:54|3:55|3:56|3:57|3:58|3:59|3:6|3:60|3:61|3:62|3:63|3:7|3:8|3:9|4:0|4:1|4:10|4:11|4:12|4:13|4:14|4:15|4:16|4:17|4:18|4:19|4:2|4:20|4:21|4:22|4:23|4:24|4:25|4:26|4:27|4:28|4:29|4:3|4:30|4:31|4:32|4:33|4:34|4:35|4:36|4:37|4:38|4:39|4:4|4:40|4:41|4:42|4:43|4:44|4:45|4:46|4:47|4:48|4:49|4:5|4:50|4:51|4:52|4:53|4:54|4:55|4:56|4:57|4:58|4:59|4:6|4:60|4:61|4:62|4:63|4:7|4:8|4:9|5:0|5:1|5:10|5:11|5:12|5:13|5:14|5:15|5:16|5:17|5:18|5:19|5:2|5:20|5:21|5:22|5:23|5:24|5:25|5:26|5:27|5:28|5:29|5:3|5:30|5:31|5:32|5:33|5:34|5:35|5:36|5:37|5:38|5:39|5:4|5:40|5:41|5:42|5:43|5:44|5:45|5:46|5:47|5:48|5:49|5:5|5:50|5:51|5:52|5:53|5:54|5:55|5:56|5:57|5:58|5:59|5:6|5:60|5:61|5:62|5:63|5:7|5:8|5:9
TIERING-OFF-QJ-OFF-QJFL-OFF,267,exact-v9-5-to-6mwe,254784,outlet,C2-MIXTURE-PREFIX,320,0,356.5,1|2|3|4|5,1:0|1:1|1:10|1:11|1:12|1:13|1:14|1:15|1:16|1:17|1:18|1:19|1:2|1:20|1:21|1:22|1:23|1:24|1:25|1:26|1:27|1:28|1:29|1:3|1:30|1:31|1:32|1:33|1:34|1:35|1:36|1:37|1:38|1:39|1:4|1:40|1:41|1:42|1:43|1:44|1:45|1:46|1:47|1:48|1:49|1:5|1:50|1:51|1:52|1:53|1:54|1:55|1:56|1:57|1:58|1:59|1:6|1:60|1:61|1:62|1:63|1:7|1:8|1:9|2:0|2:1|2:10|2:11|2:12|2:13|2:14|2:15|2:16|2:17|2:18|2:19|2:2|2:20|2:21|2:22|2:23|2:24|2:25|2:26|2:27|2:28|2:29|2:3|2:30|2:31|2:32|2:33|2:34|2:35|2:36|2:37|2:38|2:39|2:4|2:40|2:41|2:42|2:43|2:44|2:45|2:46|2:47|2:48|2:49|2:5|2:50|2:51|2:52|2:53|2:54|2:55|2:56|2:57|2:58|2:59|2:6|2:60|2:61|2:62|2:63|2:7|2:8|2:9|3:0|3:1|3:10|3:11|3:12|3:13|3:14|3:15|3:16|3:17|3:18|3:19|3:2|3:20|3:21|3:22|3:23|3:24|3:25|3:26|3:27|3:28|3:29|3:3|3:30|3:31|3:32|3:33|3:34|3:35|3:36|3:37|3:38|3:39|3:4|3:40|3:41|3:42|3:43|3:44|3:45|3:46|3:47|3:48|3:49|3:5|3:50|3:51|3:52|3:53|3:54|3:55|3:56|3:57|3:58|3:59|3:6|3:60|3:61|3:62|3:63|3:7|3:8|3:9|4:0|4:1|4:10|4:11|4:12|4:13|4:14|4:15|4:16|4:17|4:18|4:19|4:2|4:20|4:21|4:22|4:23|4:24|4:25|4:26|4:27|4:28|4:29|4:3|4:30|4:31|4:32|4:33|4:34|4:35|4:36|4:37|4:38|4:39|4:4|4:40|4:41|4:42|4:43|4:44|4:45|4:46|4:47|4:48|4:49|4:5|4:50|4:51|4:52|4:53|4:54|4:55|4:56|4:57|4:58|4:59|4:6|4:60|4:61|4:62|4:63|4:7|4:8|4:9|5:0|5:1|5:10|5:11|5:12|5:13|5:14|5:15|5:16|5:17|5:18|5:19|5:2|5:20|5:21|5:22|5:23|5:24|5:25|5:26|5:27|5:28|5:29|5:3|5:30|5:31|5:32|5:33|5:34|5:35|5:36|5:37|5:38|5:39|5:4|5:40|5:41|5:42|5:43|5:44|5:45|5:46|5:47|5:48|5:49|5:5|5:50|5:51|5:52|5:53|5:54|5:55|5:56|5:57|5:58|5:59|5:6|5:60|5:61|5:62|5:63|5:7|5:8|5:9
TIERING-OFF-QJ-OFF-QJFL-OFF,268,exact-v9-5-to-6mwe,254784,drum,C2-MIXTURE-PREFIX,320,0,222.4,1|2|3|4|5,1:0|1:1|1:10|1:11|1:12|1:13|1:14|1:15|1:16|1:17|1:18|1:19|1:2|1:20|1:21|1:22|1:23|1:24|1:25|1:26|1:27|1:28|1:29|1:3|1:30|1:31|1:32|1:33|1:34|1:35|1:36|1:37|1:38|1:39|1:4|1:40|1:41|1:42|1:43|1:44|1:45|1:46|1:47|1:48|1:49|1:5|1:50|1:51|1:52|1:53|1:54|1:55|1:56|1:57|1:58|1:59|1:6|1:60|1:61|1:62|1:63|1:7|1:8|1:9|2:0|2:1|2:10|2:11|2:12|2:13|2:14|2:15|2:16|2:17|2:18|2:19|2:2|2:20|2:21|2:22|2:23|2:24|2:25|2:26|2:27|2:28|2:29|2:3|2:30|2:31|2:32|2:33|2:34|2:35|2:36|2:37|2:38|2:39|2:4|2:40|2:41|2:42|2:43|2:44|2:45|2:46|2:47|2:48|2:49|2:5|2:50|2:51|2:52|2:53|2:54|2:55|2:56|2:57|2:58|2:59|2:6|2:60|2:61|2:62|2:63|2:7|2:8|2:9|3:0|3:1|3:10|3:11|3:12|3:13|3:14|3:15|3:16|3:17|3:18|3:19|3:2|3:20|3:21|3:22|3:23|3:24|3:25|3:26|3:27|3:28|3:29|3:3|3:30|3:31|3:32|3:33|3:34|3:35|3:36|3:37|3:38|3:39|3:4|3:40|3:41|3:42|3:43|3:44|3:45|3:46|3:47|3:48|3:49|3:5|3:50|3:51|3:52|3:53|3:54|3:55|3:56|3:57|3:58|3:59|3:6|3:60|3:61|3:62|3:63|3:7|3:8|3:9|4:0|4:1|4:10|4:11|4:12|4:13|4:14|4:15|4:16|4:17|4:18|4:19|4:2|4:20|4:21|4:22|4:23|4:24|4:25|4:26|4:27|4:28|4:29|4:3|4:30|4:31|4:32|4:33|4:34|4:35|4:36|4:37|4:38|4:39|4:4|4:40|4:41|4:42|4:43|4:44|4:45|4:46|4:47|4:48|4:49|4:5|4:50|4:51|4:52|4:53|4:54|4:55|4:56|4:57|4:58|4:59|4:6|4:60|4:61|4:62|4:63|4:7|4:8|4:9|5:0|5:1|5:10|5:11|5:12|5:13|5:14|5:15|5:16|5:17|5:18|5:19|5:2|5:20|5:21|5:22|5:23|5:24|5:25|5:26|5:27|5:28|5:29|5:3|5:30|5:31|5:32|5:33|5:34|5:35|5:36|5:37|5:38|5:39|5:4|5:40|5:41|5:42|5:43|5:44|5:45|5:46|5:47|5:48|5:49|5:5|5:50|5:51|5:52|5:53|5:54|5:55|5:56|5:57|5:58|5:59|5:6|5:60|5:61|5:62|5:63|5:7|5:8|5:9
TIERING-OFF-QJ-OFF-QJFL-OFF,27,background-reference,30000,outlet,C2-MIXTURE-PREFIX,320,0,183.1,1|2|3|4|5,1:0|1:1|1:10|1:11|1:12|1:13|1:14|1:15|1:16|1:17|1:18|1:19|1:2|1:20|1:21|1:22|1:23|1:24|1:25|1:26|1:27|1:28|1:29|1:3|1:30|1:31|1:32|1:33|1:34|1:35|1:36|1:37|1:38|1:39|1:4|1:40|1:41|1:42|1:43|1:44|1:45|1:46|1:47|1:48|1:49|1:5|1:50|1:51|1:52|1:53|1:54|1:55|1:56|1:57|1:58|1:59|1:6|1:60|1:61|1:62|1:63|1:7|1:8|1:9|2:0|2:1|2:10|2:11|2:12|2:13|2:14|2:15|2:16|2:17|2:18|2:19|2:2|2:20|2:21|2:22|2:23|2:24|2:25|2:26|2:27|2:28|2:29|2:3|2:30|2:31|2:32|2:33|2:34|2:35|2:36|2:37|2:38|2:39|2:4|2:40|2:41|2:42|2:43|2:44|2:45|2:46|2:47|2:48|2:49|2:5|2:50|2:51|2:52|2:53|2:54|2:55|2:56|2:57|2:58|2:59|2:6|2:60|2:61|2:62|2:63|2:7|2:8|2:9|3:0|3:1|3:10|3:11|3:12|3:13|3:14|3:15|3:16|3:17|3:18|3:19|3:2|3:20|3:21|3:22|3:23|3:24|3:25|3:26|3:27|3:28|3:29|3:3|3:30|3:31|3:32|3:33|3:34|3:35|3:36|3:37|3:38|3:39|3:4|3:40|3:41|3:42|3:43|3:44|3:45|3:46|3:47|3:48|3:49|3:5|3:50|3:51|3:52|3:53|3:54|3:55|3:56|3:57|3:58|3:59|3:6|3:60|3:61|3:62|3:63|3:7|3:8|3:9|4:0|4:1|4:10|4:11|4:12|4:13|4:14|4:15|4:16|4:17|4:18|4:19|4:2|4:20|4:21|4:22|4:23|4:24|4:25|4:26|4:27|4:28|4:29|4:3|4:30|4:31|4:32|4:33|4:34|4:35|4:36|4:37|4:38|4:39|4:4|4:40|4:41|4:42|4:43|4:44|4:45|4:46|4:47|4:48|4:49|4:5|4:50|4:51|4:52|4:53|4:54|4:55|4:56|4:57|4:58|4:59|4:6|4:60|4:61|4:62|4:63|4:7|4:8|4:9|5:0|5:1|5:10|5:11|5:12|5:13|5:14|5:15|5:16|5:17|5:18|5:19|5:2|5:20|5:21|5:22|5:23|5:24|5:25|5:26|5:27|5:28|5:29|5:3|5:30|5:31|5:32|5:33|5:34|5:35|5:36|5:37|5:38|5:39|5:4|5:40|5:41|5:42|5:43|5:44|5:45|5:46|5:47|5:48|5:49|5:5|5:50|5:51|5:52|5:53|5:54|5:55|5:56|5:57|5:58|5:59|5:6|5:60|5:61|5:62|5:63|5:7|5:8|5:9
TIERING-OFF-QJ-OFF-QJFL-OFF,270,exact-v9-5-to-6mwe,260784,suction,C2-MIXTURE-PREFIX,320,0,346.2,1|2|3|4|5,1:0|1:1|1:10|1:11|1:12|1:13|1:14|1:15|1:16|1:17|1:18|1:19|1:2|1:20|1:21|1:22|1:23|1:24|1:25|1:26|1:27|1:28|1:29|1:3|1:30|1:31|1:32|1:33|1:34|1:35|1:36|1:37|1:38|1:39|1:4|1:40|1:41|1:42|1:43|1:44|1:45|1:46|1:47|1:48|1:49|1:5|1:50|1:51|1:52|1:53|1:54|1:55|1:56|1:57|1:58|1:59|1:6|1:60|1:61|1:62|1:63|1:7|1:8|1:9|2:0|2:1|2:10|2:11|2:12|2:13|2:14|2:15|2:16|2:17|2:18|2:19|2:2|2:20|2:21|2:22|2:23|2:24|2:25|2:26|2:27|2:28|2:29|2:3|2:30|2:31|2:32|2:33|2:34|2:35|2:36|2:37|2:38|2:39|2:4|2:40|2:41|2:42|2:43|2:44|2:45|2:46|2:47|2:48|2:49|2:5|2:50|2:51|2:52|2:53|2:54|2:55|2:56|2:57|2:58|2:59|2:6|2:60|2:61|2:62|2:63|2:7|2:8|2:9|3:0|3:1|3:10|3:11|3:12|3:13|3:14|3:15|3:16|3:17|3:18|3:19|3:2|3:20|3:21|3:22|3:23|3:24|3:25|3:26|3:27|3:28|3:29|3:3|3:30|3:31|3:32|3:33|3:34|3:35|3:36|3:37|3:38|3:39|3:4|3:40|3:41|3:42|3:43|3:44|3:45|3:46|3:47|3:48|3:49|3:5|3:50|3:51|3:52|3:53|3:54|3:55|3:56|3:57|3:58|3:59|3:6|3:60|3:61|3:62|3:63|3:7|3:8|3:9|4:0|4:1|4:10|4:11|4:12|4:13|4:14|4:15|4:16|4:17|4:18|4:19|4:2|4:20|4:21|4:22|4:23|4:24|4:25|4:26|4:27|4:28|4:29|4:3|4:30|4:31|4:32|4:33|4:34|4:35|4:36|4:37|4:38|4:39|4:4|4:40|4:41|4:42|4:43|4:44|4:45|4:46|4:47|4:48|4:49|4:5|4:50|4:51|4:52|4:53|4:54|4:55|4:56|4:57|4:58|4:59|4:6|4:60|4:61|4:62|4:63|4:7|4:8|4:9|5:0|5:1|5:10|5:11|5:12|5:13|5:14|5:15|5:16|5:17|5:18|5:19|5:2|5:20|5:21|5:22|5:23|5:24|5:25|5:26|5:27|5:28|5:29|5:3|5:30|5:31|5:32|5:33|5:34|5:35|5:36|5:37|5:38|5:39|5:4|5:40|5:41|5:42|5:43|5:44|5:45|5:46|5:47|5:48|5:49|5:5|5:50|5:51|5:52|5:53|5:54|5:55|5:56|5:57|5:58|5:59|5:6|5:60|5:61|5:62|5:63|5:7|5:8|5:9
TIERING-OFF-QJ-OFF-QJFL-OFF,271,exact-v9-5-to-6mwe,260784,pressure,C2-MIXTURE-PREFIX,320,0,261.9,1|2|3|4|5,1:0|1:1|1:10|1:11|1:12|1:13|1:14|1:15|1:16|1:17|1:18|1:19|1:2|1:20|1:21|1:22|1:23|1:24|1:25|1:26|1:27|1:28|1:29|1:3|1:30|1:31|1:32|1:33|1:34|1:35|1:36|1:37|1:38|1:39|1:4|1:40|1:41|1:42|1:43|1:44|1:45|1:46|1:47|1:48|1:49|1:5|1:50|1:51|1:52|1:53|1:54|1:55|1:56|1:57|1:58|1:59|1:6|1:60|1:61|1:62|1:63|1:7|1:8|1:9|2:0|2:1|2:10|2:11|2:12|2:13|2:14|2:15|2:16|2:17|2:18|2:19|2:2|2:20|2:21|2:22|2:23|2:24|2:25|2:26|2:27|2:28|2:29|2:3|2:30|2:31|2:32|2:33|2:34|2:35|2:36|2:37|2:38|2:39|2:4|2:40|2:41|2:42|2:43|2:44|2:45|2:46|2:47|2:48|2:49|2:5|2:50|2:51|2:52|2:53|2:54|2:55|2:56|2:57|2:58|2:59|2:6|2:60|2:61|2:62|2:63|2:7|2:8|2:9|3:0|3:1|3:10|3:11|3:12|3:13|3:14|3:15|3:16|3:17|3:18|3:19|3:2|3:20|3:21|3:22|3:23|3:24|3:25|3:26|3:27|3:28|3:29|3:3|3:30|3:31|3:32|3:33|3:34|3:35|3:36|3:37|3:38|3:39|3:4|3:40|3:41|3:42|3:43|3:44|3:45|3:46|3:47|3:48|3:49|3:5|3:50|3:51|3:52|3:53|3:54|3:55|3:56|3:57|3:58|3:59|3:6|3:60|3:61|3:62|3:63|3:7|3:8|3:9|4:0|4:1|4:10|4:11|4:12|4:13|4:14|4:15|4:16|4:17|4:18|4:19|4:2|4:20|4:21|4:22|4:23|4:24|4:25|4:26|4:27|4:28|4:29|4:3|4:30|4:31|4:32|4:33|4:34|4:35|4:36|4:37|4:38|4:39|4:4|4:40|4:41|4:42|4:43|4:44|4:45|4:46|4:47|4:48|4:49|4:5|4:50|4:51|4:52|4:53|4:54|4:55|4:56|4:57|4:58|4:59|4:6|4:60|4:61|4:62|4:63|4:7|4:8|4:9|5:0|5:1|5:10|5:11|5:12|5:13|5:14|5:15|5:16|5:17|5:18|5:19|5:2|5:20|5:21|5:22|5:23|5:24|5:25|5:26|5:27|5:28|5:29|5:3|5:30|5:31|5:32|5:33|5:34|5:35|5:36|5:37|5:38|5:39|5:4|5:40|5:41|5:42|5:43|5:44|5:45|5:46|5:47|5:48|5:49|5:5|5:50|5:51|5:52|5:53|5:54|5:55|5:56|5:57|5:58|5:59|5:6|5:60|5:61|5:62|5:63|5:7|5:8|5:9
TIERING-OFF-QJ-OFF-QJFL-OFF,272,exact-v9-5-to-6mwe,260784,outlet,C2-MIXTURE-PREFIX,320,1,479.5,1|2|3|4|5,1:0|1:1|1:10|1:11|1:12|1:13|1:14|1:15|1:16|1:17|1:18|1:19|1:2|1:20|1:21|1:22|1:23|1:24|1:25|1:26|1:27|1:28|1:29|1:3|1:30|1:31|1:32|1:33|1:34|1:35|1:36|1:37|1:38|1:39|1:4|1:40|1:41|1:42|1:43|1:44|1:45|1:46|1:47|1:48|1:49|1:5|1:50|1:51|1:52|1:53|1:54|1:55|1:56|1:57|1:58|1:59|1:6|1:60|1:61|1:62|1:63|1:7|1:8|1:9|2:0|2:1|2:10|2:11|2:12|2:13|2:14|2:15|2:16|2:17|2:18|2:19|2:2|2:20|2:21|2:22|2:23|2:24|2:25|2:26|2:27|2:28|2:29|2:3|2:30|2:31|2:32|2:33|2:34|2:35|2:36|2:37|2:38|2:39|2:4|2:40|2:41|2:42|2:43|2:44|2:45|2:46|2:47|2:48|2:49|2:5|2:50|2:51|2:52|2:53|2:54|2:55|2:56|2:57|2:58|2:59|2:6|2:60|2:61|2:62|2:63|2:7|2:8|2:9|3:0|3:1|3:10|3:11|3:12|3:13|3:14|3:15|3:16|3:17|3:18|3:19|3:2|3:20|3:21|3:22|3:23|3:24|3:25|3:26|3:27|3:28|3:29|3:3|3:30|3:31|3:32|3:33|3:34|3:35|3:36|3:37|3:38|3:39|3:4|3:40|3:41|3:42|3:43|3:44|3:45|3:46|3:47|3:48|3:49|3:5|3:50|3:51|3:52|3:53|3:54|3:55|3:56|3:57|3:58|3:59|3:6|3:60|3:61|3:62|3:63|3:7|3:8|3:9|4:0|4:1|4:10|4:11|4:12|4:13|4:14|4:15|4:16|4:17|4:18|4:19|4:2|4:20|4:21|4:22|4:23|4:24|4:25|4:26|4:27|4:28|4:29|4:3|4:30|4:31|4:32|4:33|4:34|4:35|4:36|4:37|4:38|4:39|4:4|4:40|4:41|4:42|4:43|4:44|4:45|4:46|4:47|4:48|4:49|4:5|4:50|4:51|4:52|4:53|4:54|4:55|4:56|4:57|4:58|4:59|4:6|4:60|4:61|4:62|4:63|4:7|4:8|4:9|5:0|5:1|5:10|5:11|5:12|5:13|5:14|5:15|5:16|5:17|5:18|5:19|5:2|5:20|5:21|5:22|5:23|5:24|5:25|5:26|5:27|5:28|5:29|5:3|5:30|5:31|5:32|5:33|5:34|5:35|5:36|5:37|5:38|5:39|5:4|5:40|5:41|5:42|5:43|5:44|5:45|5:46|5:47|5:48|5:49|5:5|5:50|5:51|5:52|5:53|5:54|5:55|5:56|5:57|5:58|5:59|5:6|5:60|5:61|5:62|5:63|5:7|5:8|5:9
TIERING-OFF-QJ-OFF-QJFL-OFF,273,exact-v9-5-to-6mwe,260784,drum,C2-MIXTURE-PREFIX,320,0,208.9,1|2|3|4|5,1:0|1:1|1:10|1:11|1:12|1:13|1:14|1:15|1:16|1:17|1:18|1:19|1:2|1:20|1:21|1:22|1:23|1:24|1:25|1:26|1:27|1:28|1:29|1:3|1:30|1:31|1:32|1:33|1:34|1:35|1:36|1:37|1:38|1:39|1:4|1:40|1:41|1:42|1:43|1:44|1:45|1:46|1:47|1:48|1:49|1:5|1:50|1:51|1:52|1:53|1:54|1:55|1:56|1:57|1:58|1:59|1:6|1:60|1:61|1:62|1:63|1:7|1:8|1:9|2:0|2:1|2:10|2:11|2:12|2:13|2:14|2:15|2:16|2:17|2:18|2:19|2:2|2:20|2:21|2:22|2:23|2:24|2:25|2:26|2:27|2:28|2:29|2:3|2:30|2:31|2:32|2:33|2:34|2:35|2:36|2:37|2:38|2:39|2:4|2:40|2:41|2:42|2:43|2:44|2:45|2:46|2:47|2:48|2:49|2:5|2:50|2:51|2:52|2:53|2:54|2:55|2:56|2:57|2:58|2:59|2:6|2:60|2:61|2:62|2:63|2:7|2:8|2:9|3:0|3:1|3:10|3:11|3:12|3:13|3:14|3:15|3:16|3:17|3:18|3:19|3:2|3:20|3:21|3:22|3:23|3:24|3:25|3:26|3:27|3:28|3:29|3:3|3:30|3:31|3:32|3:33|3:34|3:35|3:36|3:37|3:38|3:39|3:4|3:40|3:41|3:42|3:43|3:44|3:45|3:46|3:47|3:48|3:49|3:5|3:50|3:51|3:52|3:53|3:54|3:55|3:56|3:57|3:58|3:59|3:6|3:60|3:61|3:62|3:63|3:7|3:8|3:9|4:0|4:1|4:10|4:11|4:12|4:13|4:14|4:15|4:16|4:17|4:18|4:19|4:2|4:20|4:21|4:22|4:23|4:24|4:25|4:26|4:27|4:28|4:29|4:3|4:30|4:31|4:32|4:33|4:34|4:35|4:36|4:37|4:38|4:39|4:4|4:40|4:41|4:42|4:43|4:44|4:45|4:46|4:47|4:48|4:49|4:5|4:50|4:51|4:52|4:53|4:54|4:55|4:56|4:57|4:58|4:59|4:6|4:60|4:61|4:62|4:63|4:7|4:8|4:9|5:0|5:1|5:10|5:11|5:12|5:13|5:14|5:15|5:16|5:17|5:18|5:19|5:2|5:20|5:21|5:22|5:23|5:24|5:25|5:26|5:27|5:28|5:29|5:3|5:30|5:31|5:32|5:33|5:34|5:35|5:36|5:37|5:38|5:39|5:4|5:40|5:41|5:42|5:43|5:44|5:45|5:46|5:47|5:48|5:49|5:5|5:50|5:51|5:52|5:53|5:54|5:55|5:56|5:57|5:58|5:59|5:6|5:60|5:61|5:62|5:63|5:7|5:8|5:9
TIERING-OFF-QJ-OFF-QJFL-OFF,274,exact-v9-5-to-6mwe,260784,feedwater-inventory,C2-MIXTURE-PREFIX,1,0,125.1,5,5:51
TIERING-OFF-QJ-OFF-QJFL-OFF,275,exact-v9-5-to-6mwe,266784,suction,C2-MIXTURE-PREFIX,320,0,218.3,1|2|3|4|5,1:0|1:1|1:10|1:11|1:12|1:13|1:14|1:15|1:16|1:17|1:18|1:19|1:2|1:20|1:21|1:22|1:23|1:24|1:25|1:26|1:27|1:28|1:29|1:3|1:30|1:31|1:32|1:33|1:34|1:35|1:36|1:37|1:38|1:39|1:4|1:40|1:41|1:42|1:43|1:44|1:45|1:46|1:47|1:48|1:49|1:5|1:50|1:51|1:52|1:53|1:54|1:55|1:56|1:57|1:58|1:59|1:6|1:60|1:61|1:62|1:63|1:7|1:8|1:9|2:0|2:1|2:10|2:11|2:12|2:13|2:14|2:15|2:16|2:17|2:18|2:19|2:2|2:20|2:21|2:22|2:23|2:24|2:25|2:26|2:27|2:28|2:29|2:3|2:30|2:31|2:32|2:33|2:34|2:35|2:36|2:37|2:38|2:39|2:4|2:40|2:41|2:42|2:43|2:44|2:45|2:46|2:47|2:48|2:49|2:5|2:50|2:51|2:52|2:53|2:54|2:55|2:56|2:57|2:58|2:59|2:6|2:60|2:61|2:62|2:63|2:7|2:8|2:9|3:0|3:1|3:10|3:11|3:12|3:13|3:14|3:15|3:16|3:17|3:18|3:19|3:2|3:20|3:21|3:22|3:23|3:24|3:25|3:26|3:27|3:28|3:29|3:3|3:30|3:31|3:32|3:33|3:34|3:35|3:36|3:37|3:38|3:39|3:4|3:40|3:41|3:42|3:43|3:44|3:45|3:46|3:47|3:48|3:49|3:5|3:50|3:51|3:52|3:53|3:54|3:55|3:56|3:57|3:58|3:59|3:6|3:60|3:61|3:62|3:63|3:7|3:8|3:9|4:0|4:1|4:10|4:11|4:12|4:13|4:14|4:15|4:16|4:17|4:18|4:19|4:2|4:20|4:21|4:22|4:23|4:24|4:25|4:26|4:27|4:28|4:29|4:3|4:30|4:31|4:32|4:33|4:34|4:35|4:36|4:37|4:38|4:39|4:4|4:40|4:41|4:42|4:43|4:44|4:45|4:46|4:47|4:48|4:49|4:5|4:50|4:51|4:52|4:53|4:54|4:55|4:56|4:57|4:58|4:59|4:6|4:60|4:61|4:62|4:63|4:7|4:8|4:9|5:0|5:1|5:10|5:11|5:12|5:13|5:14|5:15|5:16|5:17|5:18|5:19|5:2|5:20|5:21|5:22|5:23|5:24|5:25|5:26|5:27|5:28|5:29|5:3|5:30|5:31|5:32|5:33|5:34|5:35|5:36|5:37|5:38|5:39|5:4|5:40|5:41|5:42|5:43|5:44|5:45|5:46|5:47|5:48|5:49|5:5|5:50|5:51|5:52|5:53|5:54|5:55|5:56|5:57|5:58|5:59|5:6|5:60|5:61|5:62|5:63|5:7|5:8|5:9
TIERING-OFF-QJ-OFF-QJFL-OFF,276,exact-v9-5-to-6mwe,266784,pressure,C2-MIXTURE-PREFIX,320,0,404.8,1|2|3|4|5,1:0|1:1|1:10|1:11|1:12|1:13|1:14|1:15|1:16|1:17|1:18|1:19|1:2|1:20|1:21|1:22|1:23|1:24|1:25|1:26|1:27|1:28|1:29|1:3|1:30|1:31|1:32|1:33|1:34|1:35|1:36|1:37|1:38|1:39|1:4|1:40|1:41|1:42|1:43|1:44|1:45|1:46|1:47|1:48|1:49|1:5|1:50|1:51|1:52|1:53|1:54|1:55|1:56|1:57|1:58|1:59|1:6|1:60|1:61|1:62|1:63|1:7|1:8|1:9|2:0|2:1|2:10|2:11|2:12|2:13|2:14|2:15|2:16|2:17|2:18|2:19|2:2|2:20|2:21|2:22|2:23|2:24|2:25|2:26|2:27|2:28|2:29|2:3|2:30|2:31|2:32|2:33|2:34|2:35|2:36|2:37|2:38|2:39|2:4|2:40|2:41|2:42|2:43|2:44|2:45|2:46|2:47|2:48|2:49|2:5|2:50|2:51|2:52|2:53|2:54|2:55|2:56|2:57|2:58|2:59|2:6|2:60|2:61|2:62|2:63|2:7|2:8|2:9|3:0|3:1|3:10|3:11|3:12|3:13|3:14|3:15|3:16|3:17|3:18|3:19|3:2|3:20|3:21|3:22|3:23|3:24|3:25|3:26|3:27|3:28|3:29|3:3|3:30|3:31|3:32|3:33|3:34|3:35|3:36|3:37|3:38|3:39|3:4|3:40|3:41|3:42|3:43|3:44|3:45|3:46|3:47|3:48|3:49|3:5|3:50|3:51|3:52|3:53|3:54|3:55|3:56|3:57|3:58|3:59|3:6|3:60|3:61|3:62|3:63|3:7|3:8|3:9|4:0|4:1|4:10|4:11|4:12|4:13|4:14|4:15|4:16|4:17|4:18|4:19|4:2|4:20|4:21|4:22|4:23|4:24|4:25|4:26|4:27|4:28|4:29|4:3|4:30|4:31|4:32|4:33|4:34|4:35|4:36|4:37|4:38|4:39|4:4|4:40|4:41|4:42|4:43|4:44|4:45|4:46|4:47|4:48|4:49|4:5|4:50|4:51|4:52|4:53|4:54|4:55|4:56|4:57|4:58|4:59|4:6|4:60|4:61|4:62|4:63|4:7|4:8|4:9|5:0|5:1|5:10|5:11|5:12|5:13|5:14|5:15|5:16|5:17|5:18|5:19|5:2|5:20|5:21|5:22|5:23|5:24|5:25|5:26|5:27|5:28|5:29|5:3|5:30|5:31|5:32|5:33|5:34|5:35|5:36|5:37|5:38|5:39|5:4|5:40|5:41|5:42|5:43|5:44|5:45|5:46|5:47|5:48|5:49|5:5|5:50|5:51|5:52|5:53|5:54|5:55|5:56|5:57|5:58|5:59|5:6|5:60|5:61|5:62|5:63|5:7|5:8|5:9
TIERING-OFF-QJ-OFF-QJFL-OFF,277,exact-v9-5-to-6mwe,266784,outlet,C2-MIXTURE-PREFIX,320,0,233.6,1|2|3|4|5,1:0|1:1|1:10|1:11|1:12|1:13|1:14|1:15|1:16|1:17|1:18|1:19|1:2|1:20|1:21|1:22|1:23|1:24|1:25|1:26|1:27|1:28|1:29|1:3|1:30|1:31|1:32|1:33|1:34|1:35|1:36|1:37|1:38|1:39|1:4|1:40|1:41|1:42|1:43|1:44|1:45|1:46|1:47|1:48|1:49|1:5|1:50|1:51|1:52|1:53|1:54|1:55|1:56|1:57|1:58|1:59|1:6|1:60|1:61|1:62|1:63|1:7|1:8|1:9|2:0|2:1|2:10|2:11|2:12|2:13|2:14|2:15|2:16|2:17|2:18|2:19|2:2|2:20|2:21|2:22|2:23|2:24|2:25|2:26|2:27|2:28|2:29|2:3|2:30|2:31|2:32|2:33|2:34|2:35|2:36|2:37|2:38|2:39|2:4|2:40|2:41|2:42|2:43|2:44|2:45|2:46|2:47|2:48|2:49|2:5|2:50|2:51|2:52|2:53|2:54|2:55|2:56|2:57|2:58|2:59|2:6|2:60|2:61|2:62|2:63|2:7|2:8|2:9|3:0|3:1|3:10|3:11|3:12|3:13|3:14|3:15|3:16|3:17|3:18|3:19|3:2|3:20|3:21|3:22|3:23|3:24|3:25|3:26|3:27|3:28|3:29|3:3|3:30|3:31|3:32|3:33|3:34|3:35|3:36|3:37|3:38|3:39|3:4|3:40|3:41|3:42|3:43|3:44|3:45|3:46|3:47|3:48|3:49|3:5|3:50|3:51|3:52|3:53|3:54|3:55|3:56|3:57|3:58|3:59|3:6|3:60|3:61|3:62|3:63|3:7|3:8|3:9|4:0|4:1|4:10|4:11|4:12|4:13|4:14|4:15|4:16|4:17|4:18|4:19|4:2|4:20|4:21|4:22|4:23|4:24|4:25|4:26|4:27|4:28|4:29|4:3|4:30|4:31|4:32|4:33|4:34|4:35|4:36|4:37|4:38|4:39|4:4|4:40|4:41|4:42|4:43|4:44|4:45|4:46|4:47|4:48|4:49|4:5|4:50|4:51|4:52|4:53|4:54|4:55|4:56|4:57|4:58|4:59|4:6|4:60|4:61|4:62|4:63|4:7|4:8|4:9|5:0|5:1|5:10|5:11|5:12|5:13|5:14|5:15|5:16|5:17|5:18|5:19|5:2|5:20|5:21|5:22|5:23|5:24|5:25|5:26|5:27|5:28|5:29|5:3|5:30|5:31|5:32|5:33|5:34|5:35|5:36|5:37|5:38|5:39|5:4|5:40|5:41|5:42|5:43|5:44|5:45|5:46|5:47|5:48|5:49|5:5|5:50|5:51|5:52|5:53|5:54|5:55|5:56|5:57|5:58|5:59|5:6|5:60|5:61|5:62|5:63|5:7|5:8|5:9
TIERING-OFF-QJ-OFF-QJFL-OFF,278,exact-v9-5-to-6mwe,266784,drum,C2-MIXTURE-PREFIX,320,0,246.6,1|2|3|4|5,1:0|1:1|1:10|1:11|1:12|1:13|1:14|1:15|1:16|1:17|1:18|1:19|1:2|1:20|1:21|1:22|1:23|1:24|1:25|1:26|1:27|1:28|1:29|1:3|1:30|1:31|1:32|1:33|1:34|1:35|1:36|1:37|1:38|1:39|1:4|1:40|1:41|1:42|1:43|1:44|1:45|1:46|1:47|1:48|1:49|1:5|1:50|1:51|1:52|1:53|1:54|1:55|1:56|1:57|1:58|1:59|1:6|1:60|1:61|1:62|1:63|1:7|1:8|1:9|2:0|2:1|2:10|2:11|2:12|2:13|2:14|2:15|2:16|2:17|2:18|2:19|2:2|2:20|2:21|2:22|2:23|2:24|2:25|2:26|2:27|2:28|2:29|2:3|2:30|2:31|2:32|2:33|2:34|2:35|2:36|2:37|2:38|2:39|2:4|2:40|2:41|2:42|2:43|2:44|2:45|2:46|2:47|2:48|2:49|2:5|2:50|2:51|2:52|2:53|2:54|2:55|2:56|2:57|2:58|2:59|2:6|2:60|2:61|2:62|2:63|2:7|2:8|2:9|3:0|3:1|3:10|3:11|3:12|3:13|3:14|3:15|3:16|3:17|3:18|3:19|3:2|3:20|3:21|3:22|3:23|3:24|3:25|3:26|3:27|3:28|3:29|3:3|3:30|3:31|3:32|3:33|3:34|3:35|3:36|3:37|3:38|3:39|3:4|3:40|3:41|3:42|3:43|3:44|3:45|3:46|3:47|3:48|3:49|3:5|3:50|3:51|3:52|3:53|3:54|3:55|3:56|3:57|3:58|3:59|3:6|3:60|3:61|3:62|3:63|3:7|3:8|3:9|4:0|4:1|4:10|4:11|4:12|4:13|4:14|4:15|4:16|4:17|4:18|4:19|4:2|4:20|4:21|4:22|4:23|4:24|4:25|4:26|4:27|4:28|4:29|4:3|4:30|4:31|4:32|4:33|4:34|4:35|4:36|4:37|4:38|4:39|4:4|4:40|4:41|4:42|4:43|4:44|4:45|4:46|4:47|4:48|4:49|4:5|4:50|4:51|4:52|4:53|4:54|4:55|4:56|4:57|4:58|4:59|4:6|4:60|4:61|4:62|4:63|4:7|4:8|4:9|5:0|5:1|5:10|5:11|5:12|5:13|5:14|5:15|5:16|5:17|5:18|5:19|5:2|5:20|5:21|5:22|5:23|5:24|5:25|5:26|5:27|5:28|5:29|5:3|5:30|5:31|5:32|5:33|5:34|5:35|5:36|5:37|5:38|5:39|5:4|5:40|5:41|5:42|5:43|5:44|5:45|5:46|5:47|5:48|5:49|5:5|5:50|5:51|5:52|5:53|5:54|5:55|5:56|5:57|5:58|5:59|5:6|5:60|5:61|5:62|5:63|5:7|5:8|5:9
TIERING-OFF-QJ-OFF-QJFL-OFF,279,exact-v9-5-to-6mwe,266784,feedwater-inventory,C2-MIXTURE-PREFIX,1,0,251.5,4,4:20
TIERING-OFF-QJ-OFF-QJFL-OFF,28,background-reference,30000,drum,C2-MIXTURE-PREFIX,320,0,373,1|2|3|4|5,1:0|1:1|1:10|1:11|1:12|1:13|1:14|1:15|1:16|1:17|1:18|1:19|1:2|1:20|1:21|1:22|1:23|1:24|1:25|1:26|1:27|1:28|1:29|1:3|1:30|1:31|1:32|1:33|1:34|1:35|1:36|1:37|1:38|1:39|1:4|1:40|1:41|1:42|1:43|1:44|1:45|1:46|1:47|1:48|1:49|1:5|1:50|1:51|1:52|1:53|1:54|1:55|1:56|1:57|1:58|1:59|1:6|1:60|1:61|1:62|1:63|1:7|1:8|1:9|2:0|2:1|2:10|2:11|2:12|2:13|2:14|2:15|2:16|2:17|2:18|2:19|2:2|2:20|2:21|2:22|2:23|2:24|2:25|2:26|2:27|2:28|2:29|2:3|2:30|2:31|2:32|2:33|2:34|2:35|2:36|2:37|2:38|2:39|2:4|2:40|2:41|2:42|2:43|2:44|2:45|2:46|2:47|2:48|2:49|2:5|2:50|2:51|2:52|2:53|2:54|2:55|2:56|2:57|2:58|2:59|2:6|2:60|2:61|2:62|2:63|2:7|2:8|2:9|3:0|3:1|3:10|3:11|3:12|3:13|3:14|3:15|3:16|3:17|3:18|3:19|3:2|3:20|3:21|3:22|3:23|3:24|3:25|3:26|3:27|3:28|3:29|3:3|3:30|3:31|3:32|3:33|3:34|3:35|3:36|3:37|3:38|3:39|3:4|3:40|3:41|3:42|3:43|3:44|3:45|3:46|3:47|3:48|3:49|3:5|3:50|3:51|3:52|3:53|3:54|3:55|3:56|3:57|3:58|3:59|3:6|3:60|3:61|3:62|3:63|3:7|3:8|3:9|4:0|4:1|4:10|4:11|4:12|4:13|4:14|4:15|4:16|4:17|4:18|4:19|4:2|4:20|4:21|4:22|4:23|4:24|4:25|4:26|4:27|4:28|4:29|4:3|4:30|4:31|4:32|4:33|4:34|4:35|4:36|4:37|4:38|4:39|4:4|4:40|4:41|4:42|4:43|4:44|4:45|4:46|4:47|4:48|4:49|4:5|4:50|4:51|4:52|4:53|4:54|4:55|4:56|4:57|4:58|4:59|4:6|4:60|4:61|4:62|4:63|4:7|4:8|4:9|5:0|5:1|5:10|5:11|5:12|5:13|5:14|5:15|5:16|5:17|5:18|5:19|5:2|5:20|5:21|5:22|5:23|5:24|5:25|5:26|5:27|5:28|5:29|5:3|5:30|5:31|5:32|5:33|5:34|5:35|5:36|5:37|5:38|5:39|5:4|5:40|5:41|5:42|5:43|5:44|5:45|5:46|5:47|5:48|5:49|5:5|5:50|5:51|5:52|5:53|5:54|5:55|5:56|5:57|5:58|5:59|5:6|5:60|5:61|5:62|5:63|5:7|5:8|5:9
TIERING-OFF-QJ-OFF-QJFL-OFF,280,exact-v9-5-to-6mwe,272784,suction,C2-MIXTURE-PREFIX,320,0,297.4,1|2|3|4|5,1:0|1:1|1:10|1:11|1:12|1:13|1:14|1:15|1:16|1:17|1:18|1:19|1:2|1:20|1:21|1:22|1:23|1:24|1:25|1:26|1:27|1:28|1:29|1:3|1:30|1:31|1:32|1:33|1:34|1:35|1:36|1:37|1:38|1:39|1:4|1:40|1:41|1:42|1:43|1:44|1:45|1:46|1:47|1:48|1:49|1:5|1:50|1:51|1:52|1:53|1:54|1:55|1:56|1:57|1:58|1:59|1:6|1:60|1:61|1:62|1:63|1:7|1:8|1:9|2:0|2:1|2:10|2:11|2:12|2:13|2:14|2:15|2:16|2:17|2:18|2:19|2:2|2:20|2:21|2:22|2:23|2:24|2:25|2:26|2:27|2:28|2:29|2:3|2:30|2:31|2:32|2:33|2:34|2:35|2:36|2:37|2:38|2:39|2:4|2:40|2:41|2:42|2:43|2:44|2:45|2:46|2:47|2:48|2:49|2:5|2:50|2:51|2:52|2:53|2:54|2:55|2:56|2:57|2:58|2:59|2:6|2:60|2:61|2:62|2:63|2:7|2:8|2:9|3:0|3:1|3:10|3:11|3:12|3:13|3:14|3:15|3:16|3:17|3:18|3:19|3:2|3:20|3:21|3:22|3:23|3:24|3:25|3:26|3:27|3:28|3:29|3:3|3:30|3:31|3:32|3:33|3:34|3:35|3:36|3:37|3:38|3:39|3:4|3:40|3:41|3:42|3:43|3:44|3:45|3:46|3:47|3:48|3:49|3:5|3:50|3:51|3:52|3:53|3:54|3:55|3:56|3:57|3:58|3:59|3:6|3:60|3:61|3:62|3:63|3:7|3:8|3:9|4:0|4:1|4:10|4:11|4:12|4:13|4:14|4:15|4:16|4:17|4:18|4:19|4:2|4:20|4:21|4:22|4:23|4:24|4:25|4:26|4:27|4:28|4:29|4:3|4:30|4:31|4:32|4:33|4:34|4:35|4:36|4:37|4:38|4:39|4:4|4:40|4:41|4:42|4:43|4:44|4:45|4:46|4:47|4:48|4:49|4:5|4:50|4:51|4:52|4:53|4:54|4:55|4:56|4:57|4:58|4:59|4:6|4:60|4:61|4:62|4:63|4:7|4:8|4:9|5:0|5:1|5:10|5:11|5:12|5:13|5:14|5:15|5:16|5:17|5:18|5:19|5:2|5:20|5:21|5:22|5:23|5:24|5:25|5:26|5:27|5:28|5:29|5:3|5:30|5:31|5:32|5:33|5:34|5:35|5:36|5:37|5:38|5:39|5:4|5:40|5:41|5:42|5:43|5:44|5:45|5:46|5:47|5:48|5:49|5:5|5:50|5:51|5:52|5:53|5:54|5:55|5:56|5:57|5:58|5:59|5:6|5:60|5:61|5:62|5:63|5:7|5:8|5:9
TIERING-OFF-QJ-OFF-QJFL-OFF,281,exact-v9-5-to-6mwe,272784,pressure,C2-MIXTURE-PREFIX,320,0,253.7,1|2|3|4|5,1:0|1:1|1:10|1:11|1:12|1:13|1:14|1:15|1:16|1:17|1:18|1:19|1:2|1:20|1:21|1:22|1:23|1:24|1:25|1:26|1:27|1:28|1:29|1:3|1:30|1:31|1:32|1:33|1:34|1:35|1:36|1:37|1:38|1:39|1:4|1:40|1:41|1:42|1:43|1:44|1:45|1:46|1:47|1:48|1:49|1:5|1:50|1:51|1:52|1:53|1:54|1:55|1:56|1:57|1:58|1:59|1:6|1:60|1:61|1:62|1:63|1:7|1:8|1:9|2:0|2:1|2:10|2:11|2:12|2:13|2:14|2:15|2:16|2:17|2:18|2:19|2:2|2:20|2:21|2:22|2:23|2:24|2:25|2:26|2:27|2:28|2:29|2:3|2:30|2:31|2:32|2:33|2:34|2:35|2:36|2:37|2:38|2:39|2:4|2:40|2:41|2:42|2:43|2:44|2:45|2:46|2:47|2:48|2:49|2:5|2:50|2:51|2:52|2:53|2:54|2:55|2:56|2:57|2:58|2:59|2:6|2:60|2:61|2:62|2:63|2:7|2:8|2:9|3:0|3:1|3:10|3:11|3:12|3:13|3:14|3:15|3:16|3:17|3:18|3:19|3:2|3:20|3:21|3:22|3:23|3:24|3:25|3:26|3:27|3:28|3:29|3:3|3:30|3:31|3:32|3:33|3:34|3:35|3:36|3:37|3:38|3:39|3:4|3:40|3:41|3:42|3:43|3:44|3:45|3:46|3:47|3:48|3:49|3:5|3:50|3:51|3:52|3:53|3:54|3:55|3:56|3:57|3:58|3:59|3:6|3:60|3:61|3:62|3:63|3:7|3:8|3:9|4:0|4:1|4:10|4:11|4:12|4:13|4:14|4:15|4:16|4:17|4:18|4:19|4:2|4:20|4:21|4:22|4:23|4:24|4:25|4:26|4:27|4:28|4:29|4:3|4:30|4:31|4:32|4:33|4:34|4:35|4:36|4:37|4:38|4:39|4:4|4:40|4:41|4:42|4:43|4:44|4:45|4:46|4:47|4:48|4:49|4:5|4:50|4:51|4:52|4:53|4:54|4:55|4:56|4:57|4:58|4:59|4:6|4:60|4:61|4:62|4:63|4:7|4:8|4:9|5:0|5:1|5:10|5:11|5:12|5:13|5:14|5:15|5:16|5:17|5:18|5:19|5:2|5:20|5:21|5:22|5:23|5:24|5:25|5:26|5:27|5:28|5:29|5:3|5:30|5:31|5:32|5:33|5:34|5:35|5:36|5:37|5:38|5:39|5:4|5:40|5:41|5:42|5:43|5:44|5:45|5:46|5:47|5:48|5:49|5:5|5:50|5:51|5:52|5:53|5:54|5:55|5:56|5:57|5:58|5:59|5:6|5:60|5:61|5:62|5:63|5:7|5:8|5:9
TIERING-OFF-QJ-OFF-QJFL-OFF,282,exact-v9-5-to-6mwe,272784,outlet,C2-MIXTURE-PREFIX,320,0,253.2,1|2|3|4|5,1:0|1:1|1:10|1:11|1:12|1:13|1:14|1:15|1:16|1:17|1:18|1:19|1:2|1:20|1:21|1:22|1:23|1:24|1:25|1:26|1:27|1:28|1:29|1:3|1:30|1:31|1:32|1:33|1:34|1:35|1:36|1:37|1:38|1:39|1:4|1:40|1:41|1:42|1:43|1:44|1:45|1:46|1:47|1:48|1:49|1:5|1:50|1:51|1:52|1:53|1:54|1:55|1:56|1:57|1:58|1:59|1:6|1:60|1:61|1:62|1:63|1:7|1:8|1:9|2:0|2:1|2:10|2:11|2:12|2:13|2:14|2:15|2:16|2:17|2:18|2:19|2:2|2:20|2:21|2:22|2:23|2:24|2:25|2:26|2:27|2:28|2:29|2:3|2:30|2:31|2:32|2:33|2:34|2:35|2:36|2:37|2:38|2:39|2:4|2:40|2:41|2:42|2:43|2:44|2:45|2:46|2:47|2:48|2:49|2:5|2:50|2:51|2:52|2:53|2:54|2:55|2:56|2:57|2:58|2:59|2:6|2:60|2:61|2:62|2:63|2:7|2:8|2:9|3:0|3:1|3:10|3:11|3:12|3:13|3:14|3:15|3:16|3:17|3:18|3:19|3:2|3:20|3:21|3:22|3:23|3:24|3:25|3:26|3:27|3:28|3:29|3:3|3:30|3:31|3:32|3:33|3:34|3:35|3:36|3:37|3:38|3:39|3:4|3:40|3:41|3:42|3:43|3:44|3:45|3:46|3:47|3:48|3:49|3:5|3:50|3:51|3:52|3:53|3:54|3:55|3:56|3:57|3:58|3:59|3:6|3:60|3:61|3:62|3:63|3:7|3:8|3:9|4:0|4:1|4:10|4:11|4:12|4:13|4:14|4:15|4:16|4:17|4:18|4:19|4:2|4:20|4:21|4:22|4:23|4:24|4:25|4:26|4:27|4:28|4:29|4:3|4:30|4:31|4:32|4:33|4:34|4:35|4:36|4:37|4:38|4:39|4:4|4:40|4:41|4:42|4:43|4:44|4:45|4:46|4:47|4:48|4:49|4:5|4:50|4:51|4:52|4:53|4:54|4:55|4:56|4:57|4:58|4:59|4:6|4:60|4:61|4:62|4:63|4:7|4:8|4:9|5:0|5:1|5:10|5:11|5:12|5:13|5:14|5:15|5:16|5:17|5:18|5:19|5:2|5:20|5:21|5:22|5:23|5:24|5:25|5:26|5:27|5:28|5:29|5:3|5:30|5:31|5:32|5:33|5:34|5:35|5:36|5:37|5:38|5:39|5:4|5:40|5:41|5:42|5:43|5:44|5:45|5:46|5:47|5:48|5:49|5:5|5:50|5:51|5:52|5:53|5:54|5:55|5:56|5:57|5:58|5:59|5:6|5:60|5:61|5:62|5:63|5:7|5:8|5:9
TIERING-OFF-QJ-OFF-QJFL-OFF,283,exact-v9-5-to-6mwe,272784,drum,C2-MIXTURE-PREFIX,320,0,340.5,1|2|3|4|5,1:0|1:1|1:10|1:11|1:12|1:13|1:14|1:15|1:16|1:17|1:18|1:19|1:2|1:20|1:21|1:22|1:23|1:24|1:25|1:26|1:27|1:28|1:29|1:3|1:30|1:31|1:32|1:33|1:34|1:35|1:36|1:37|1:38|1:39|1:4|1:40|1:41|1:42|1:43|1:44|1:45|1:46|1:47|1:48|1:49|1:5|1:50|1:51|1:52|1:53|1:54|1:55|1:56|1:57|1:58|1:59|1:6|1:60|1:61|1:62|1:63|1:7|1:8|1:9|2:0|2:1|2:10|2:11|2:12|2:13|2:14|2:15|2:16|2:17|2:18|2:19|2:2|2:20|2:21|2:22|2:23|2:24|2:25|2:26|2:27|2:28|2:29|2:3|2:30|2:31|2:32|2:33|2:34|2:35|2:36|2:37|2:38|2:39|2:4|2:40|2:41|2:42|2:43|2:44|2:45|2:46|2:47|2:48|2:49|2:5|2:50|2:51|2:52|2:53|2:54|2:55|2:56|2:57|2:58|2:59|2:6|2:60|2:61|2:62|2:63|2:7|2:8|2:9|3:0|3:1|3:10|3:11|3:12|3:13|3:14|3:15|3:16|3:17|3:18|3:19|3:2|3:20|3:21|3:22|3:23|3:24|3:25|3:26|3:27|3:28|3:29|3:3|3:30|3:31|3:32|3:33|3:34|3:35|3:36|3:37|3:38|3:39|3:4|3:40|3:41|3:42|3:43|3:44|3:45|3:46|3:47|3:48|3:49|3:5|3:50|3:51|3:52|3:53|3:54|3:55|3:56|3:57|3:58|3:59|3:6|3:60|3:61|3:62|3:63|3:7|3:8|3:9|4:0|4:1|4:10|4:11|4:12|4:13|4:14|4:15|4:16|4:17|4:18|4:19|4:2|4:20|4:21|4:22|4:23|4:24|4:25|4:26|4:27|4:28|4:29|4:3|4:30|4:31|4:32|4:33|4:34|4:35|4:36|4:37|4:38|4:39|4:4|4:40|4:41|4:42|4:43|4:44|4:45|4:46|4:47|4:48|4:49|4:5|4:50|4:51|4:52|4:53|4:54|4:55|4:56|4:57|4:58|4:59|4:6|4:60|4:61|4:62|4:63|4:7|4:8|4:9|5:0|5:1|5:10|5:11|5:12|5:13|5:14|5:15|5:16|5:17|5:18|5:19|5:2|5:20|5:21|5:22|5:23|5:24|5:25|5:26|5:27|5:28|5:29|5:3|5:30|5:31|5:32|5:33|5:34|5:35|5:36|5:37|5:38|5:39|5:4|5:40|5:41|5:42|5:43|5:44|5:45|5:46|5:47|5:48|5:49|5:5|5:50|5:51|5:52|5:53|5:54|5:55|5:56|5:57|5:58|5:59|5:6|5:60|5:61|5:62|5:63|5:7|5:8|5:9
TIERING-OFF-QJ-OFF-QJFL-OFF,285,exact-v9-5-to-6mwe,278784,suction,C2-MIXTURE-PREFIX,320,0,406.1,1|2|3|4|5,1:0|1:1|1:10|1:11|1:12|1:13|1:14|1:15|1:16|1:17|1:18|1:19|1:2|1:20|1:21|1:22|1:23|1:24|1:25|1:26|1:27|1:28|1:29|1:3|1:30|1:31|1:32|1:33|1:34|1:35|1:36|1:37|1:38|1:39|1:4|1:40|1:41|1:42|1:43|1:44|1:45|1:46|1:47|1:48|1:49|1:5|1:50|1:51|1:52|1:53|1:54|1:55|1:56|1:57|1:58|1:59|1:6|1:60|1:61|1:62|1:63|1:7|1:8|1:9|2:0|2:1|2:10|2:11|2:12|2:13|2:14|2:15|2:16|2:17|2:18|2:19|2:2|2:20|2:21|2:22|2:23|2:24|2:25|2:26|2:27|2:28|2:29|2:3|2:30|2:31|2:32|2:33|2:34|2:35|2:36|2:37|2:38|2:39|2:4|2:40|2:41|2:42|2:43|2:44|2:45|2:46|2:47|2:48|2:49|2:5|2:50|2:51|2:52|2:53|2:54|2:55|2:56|2:57|2:58|2:59|2:6|2:60|2:61|2:62|2:63|2:7|2:8|2:9|3:0|3:1|3:10|3:11|3:12|3:13|3:14|3:15|3:16|3:17|3:18|3:19|3:2|3:20|3:21|3:22|3:23|3:24|3:25|3:26|3:27|3:28|3:29|3:3|3:30|3:31|3:32|3:33|3:34|3:35|3:36|3:37|3:38|3:39|3:4|3:40|3:41|3:42|3:43|3:44|3:45|3:46|3:47|3:48|3:49|3:5|3:50|3:51|3:52|3:53|3:54|3:55|3:56|3:57|3:58|3:59|3:6|3:60|3:61|3:62|3:63|3:7|3:8|3:9|4:0|4:1|4:10|4:11|4:12|4:13|4:14|4:15|4:16|4:17|4:18|4:19|4:2|4:20|4:21|4:22|4:23|4:24|4:25|4:26|4:27|4:28|4:29|4:3|4:30|4:31|4:32|4:33|4:34|4:35|4:36|4:37|4:38|4:39|4:4|4:40|4:41|4:42|4:43|4:44|4:45|4:46|4:47|4:48|4:49|4:5|4:50|4:51|4:52|4:53|4:54|4:55|4:56|4:57|4:58|4:59|4:6|4:60|4:61|4:62|4:63|4:7|4:8|4:9|5:0|5:1|5:10|5:11|5:12|5:13|5:14|5:15|5:16|5:17|5:18|5:19|5:2|5:20|5:21|5:22|5:23|5:24|5:25|5:26|5:27|5:28|5:29|5:3|5:30|5:31|5:32|5:33|5:34|5:35|5:36|5:37|5:38|5:39|5:4|5:40|5:41|5:42|5:43|5:44|5:45|5:46|5:47|5:48|5:49|5:5|5:50|5:51|5:52|5:53|5:54|5:55|5:56|5:57|5:58|5:59|5:6|5:60|5:61|5:62|5:63|5:7|5:8|5:9
TIERING-OFF-QJ-OFF-QJFL-OFF,286,exact-v9-5-to-6mwe,278784,pressure,C2-MIXTURE-PREFIX,320,0,216.1,1|2|3|4|5,1:0|1:1|1:10|1:11|1:12|1:13|1:14|1:15|1:16|1:17|1:18|1:19|1:2|1:20|1:21|1:22|1:23|1:24|1:25|1:26|1:27|1:28|1:29|1:3|1:30|1:31|1:32|1:33|1:34|1:35|1:36|1:37|1:38|1:39|1:4|1:40|1:41|1:42|1:43|1:44|1:45|1:46|1:47|1:48|1:49|1:5|1:50|1:51|1:52|1:53|1:54|1:55|1:56|1:57|1:58|1:59|1:6|1:60|1:61|1:62|1:63|1:7|1:8|1:9|2:0|2:1|2:10|2:11|2:12|2:13|2:14|2:15|2:16|2:17|2:18|2:19|2:2|2:20|2:21|2:22|2:23|2:24|2:25|2:26|2:27|2:28|2:29|2:3|2:30|2:31|2:32|2:33|2:34|2:35|2:36|2:37|2:38|2:39|2:4|2:40|2:41|2:42|2:43|2:44|2:45|2:46|2:47|2:48|2:49|2:5|2:50|2:51|2:52|2:53|2:54|2:55|2:56|2:57|2:58|2:59|2:6|2:60|2:61|2:62|2:63|2:7|2:8|2:9|3:0|3:1|3:10|3:11|3:12|3:13|3:14|3:15|3:16|3:17|3:18|3:19|3:2|3:20|3:21|3:22|3:23|3:24|3:25|3:26|3:27|3:28|3:29|3:3|3:30|3:31|3:32|3:33|3:34|3:35|3:36|3:37|3:38|3:39|3:4|3:40|3:41|3:42|3:43|3:44|3:45|3:46|3:47|3:48|3:49|3:5|3:50|3:51|3:52|3:53|3:54|3:55|3:56|3:57|3:58|3:59|3:6|3:60|3:61|3:62|3:63|3:7|3:8|3:9|4:0|4:1|4:10|4:11|4:12|4:13|4:14|4:15|4:16|4:17|4:18|4:19|4:2|4:20|4:21|4:22|4:23|4:24|4:25|4:26|4:27|4:28|4:29|4:3|4:30|4:31|4:32|4:33|4:34|4:35|4:36|4:37|4:38|4:39|4:4|4:40|4:41|4:42|4:43|4:44|4:45|4:46|4:47|4:48|4:49|4:5|4:50|4:51|4:52|4:53|4:54|4:55|4:56|4:57|4:58|4:59|4:6|4:60|4:61|4:62|4:63|4:7|4:8|4:9|5:0|5:1|5:10|5:11|5:12|5:13|5:14|5:15|5:16|5:17|5:18|5:19|5:2|5:20|5:21|5:22|5:23|5:24|5:25|5:26|5:27|5:28|5:29|5:3|5:30|5:31|5:32|5:33|5:34|5:35|5:36|5:37|5:38|5:39|5:4|5:40|5:41|5:42|5:43|5:44|5:45|5:46|5:47|5:48|5:49|5:5|5:50|5:51|5:52|5:53|5:54|5:55|5:56|5:57|5:58|5:59|5:6|5:60|5:61|5:62|5:63|5:7|5:8|5:9
TIERING-OFF-QJ-OFF-QJFL-OFF,287,exact-v9-5-to-6mwe,278784,outlet,C2-MIXTURE-PREFIX,320,0,313.9,1|2|3|4|5,1:0|1:1|1:10|1:11|1:12|1:13|1:14|1:15|1:16|1:17|1:18|1:19|1:2|1:20|1:21|1:22|1:23|1:24|1:25|1:26|1:27|1:28|1:29|1:3|1:30|1:31|1:32|1:33|1:34|1:35|1:36|1:37|1:38|1:39|1:4|1:40|1:41|1:42|1:43|1:44|1:45|1:46|1:47|1:48|1:49|1:5|1:50|1:51|1:52|1:53|1:54|1:55|1:56|1:57|1:58|1:59|1:6|1:60|1:61|1:62|1:63|1:7|1:8|1:9|2:0|2:1|2:10|2:11|2:12|2:13|2:14|2:15|2:16|2:17|2:18|2:19|2:2|2:20|2:21|2:22|2:23|2:24|2:25|2:26|2:27|2:28|2:29|2:3|2:30|2:31|2:32|2:33|2:34|2:35|2:36|2:37|2:38|2:39|2:4|2:40|2:41|2:42|2:43|2:44|2:45|2:46|2:47|2:48|2:49|2:5|2:50|2:51|2:52|2:53|2:54|2:55|2:56|2:57|2:58|2:59|2:6|2:60|2:61|2:62|2:63|2:7|2:8|2:9|3:0|3:1|3:10|3:11|3:12|3:13|3:14|3:15|3:16|3:17|3:18|3:19|3:2|3:20|3:21|3:22|3:23|3:24|3:25|3:26|3:27|3:28|3:29|3:3|3:30|3:31|3:32|3:33|3:34|3:35|3:36|3:37|3:38|3:39|3:4|3:40|3:41|3:42|3:43|3:44|3:45|3:46|3:47|3:48|3:49|3:5|3:50|3:51|3:52|3:53|3:54|3:55|3:56|3:57|3:58|3:59|3:6|3:60|3:61|3:62|3:63|3:7|3:8|3:9|4:0|4:1|4:10|4:11|4:12|4:13|4:14|4:15|4:16|4:17|4:18|4:19|4:2|4:20|4:21|4:22|4:23|4:24|4:25|4:26|4:27|4:28|4:29|4:3|4:30|4:31|4:32|4:33|4:34|4:35|4:36|4:37|4:38|4:39|4:4|4:40|4:41|4:42|4:43|4:44|4:45|4:46|4:47|4:48|4:49|4:5|4:50|4:51|4:52|4:53|4:54|4:55|4:56|4:57|4:58|4:59|4:6|4:60|4:61|4:62|4:63|4:7|4:8|4:9|5:0|5:1|5:10|5:11|5:12|5:13|5:14|5:15|5:16|5:17|5:18|5:19|5:2|5:20|5:21|5:22|5:23|5:24|5:25|5:26|5:27|5:28|5:29|5:3|5:30|5:31|5:32|5:33|5:34|5:35|5:36|5:37|5:38|5:39|5:4|5:40|5:41|5:42|5:43|5:44|5:45|5:46|5:47|5:48|5:49|5:5|5:50|5:51|5:52|5:53|5:54|5:55|5:56|5:57|5:58|5:59|5:6|5:60|5:61|5:62|5:63|5:7|5:8|5:9
TIERING-OFF-QJ-OFF-QJFL-OFF,288,exact-v9-5-to-6mwe,278784,drum,C2-MIXTURE-PREFIX,320,0,223.1,1|2|3|4|5,1:0|1:1|1:10|1:11|1:12|1:13|1:14|1:15|1:16|1:17|1:18|1:19|1:2|1:20|1:21|1:22|1:23|1:24|1:25|1:26|1:27|1:28|1:29|1:3|1:30|1:31|1:32|1:33|1:34|1:35|1:36|1:37|1:38|1:39|1:4|1:40|1:41|1:42|1:43|1:44|1:45|1:46|1:47|1:48|1:49|1:5|1:50|1:51|1:52|1:53|1:54|1:55|1:56|1:57|1:58|1:59|1:6|1:60|1:61|1:62|1:63|1:7|1:8|1:9|2:0|2:1|2:10|2:11|2:12|2:13|2:14|2:15|2:16|2:17|2:18|2:19|2:2|2:20|2:21|2:22|2:23|2:24|2:25|2:26|2:27|2:28|2:29|2:3|2:30|2:31|2:32|2:33|2:34|2:35|2:36|2:37|2:38|2:39|2:4|2:40|2:41|2:42|2:43|2:44|2:45|2:46|2:47|2:48|2:49|2:5|2:50|2:51|2:52|2:53|2:54|2:55|2:56|2:57|2:58|2:59|2:6|2:60|2:61|2:62|2:63|2:7|2:8|2:9|3:0|3:1|3:10|3:11|3:12|3:13|3:14|3:15|3:16|3:17|3:18|3:19|3:2|3:20|3:21|3:22|3:23|3:24|3:25|3:26|3:27|3:28|3:29|3:3|3:30|3:31|3:32|3:33|3:34|3:35|3:36|3:37|3:38|3:39|3:4|3:40|3:41|3:42|3:43|3:44|3:45|3:46|3:47|3:48|3:49|3:5|3:50|3:51|3:52|3:53|3:54|3:55|3:56|3:57|3:58|3:59|3:6|3:60|3:61|3:62|3:63|3:7|3:8|3:9|4:0|4:1|4:10|4:11|4:12|4:13|4:14|4:15|4:16|4:17|4:18|4:19|4:2|4:20|4:21|4:22|4:23|4:24|4:25|4:26|4:27|4:28|4:29|4:3|4:30|4:31|4:32|4:33|4:34|4:35|4:36|4:37|4:38|4:39|4:4|4:40|4:41|4:42|4:43|4:44|4:45|4:46|4:47|4:48|4:49|4:5|4:50|4:51|4:52|4:53|4:54|4:55|4:56|4:57|4:58|4:59|4:6|4:60|4:61|4:62|4:63|4:7|4:8|4:9|5:0|5:1|5:10|5:11|5:12|5:13|5:14|5:15|5:16|5:17|5:18|5:19|5:2|5:20|5:21|5:22|5:23|5:24|5:25|5:26|5:27|5:28|5:29|5:3|5:30|5:31|5:32|5:33|5:34|5:35|5:36|5:37|5:38|5:39|5:4|5:40|5:41|5:42|5:43|5:44|5:45|5:46|5:47|5:48|5:49|5:5|5:50|5:51|5:52|5:53|5:54|5:55|5:56|5:57|5:58|5:59|5:6|5:60|5:61|5:62|5:63|5:7|5:8|5:9
TIERING-OFF-QJ-OFF-QJFL-OFF,289,exact-v9-5-to-6mwe,278784,feedwater-inventory,C2-MIXTURE-PREFIX,1,0,135.5,3,3:12
TIERING-OFF-QJ-OFF-QJFL-OFF,290,exact-v9-5-to-6mwe,284784,suction,C2-MIXTURE-PREFIX,320,0,344.5,1|2|3|4|5,1:0|1:1|1:10|1:11|1:12|1:13|1:14|1:15|1:16|1:17|1:18|1:19|1:2|1:20|1:21|1:22|1:23|1:24|1:25|1:26|1:27|1:28|1:29|1:3|1:30|1:31|1:32|1:33|1:34|1:35|1:36|1:37|1:38|1:39|1:4|1:40|1:41|1:42|1:43|1:44|1:45|1:46|1:47|1:48|1:49|1:5|1:50|1:51|1:52|1:53|1:54|1:55|1:56|1:57|1:58|1:59|1:6|1:60|1:61|1:62|1:63|1:7|1:8|1:9|2:0|2:1|2:10|2:11|2:12|2:13|2:14|2:15|2:16|2:17|2:18|2:19|2:2|2:20|2:21|2:22|2:23|2:24|2:25|2:26|2:27|2:28|2:29|2:3|2:30|2:31|2:32|2:33|2:34|2:35|2:36|2:37|2:38|2:39|2:4|2:40|2:41|2:42|2:43|2:44|2:45|2:46|2:47|2:48|2:49|2:5|2:50|2:51|2:52|2:53|2:54|2:55|2:56|2:57|2:58|2:59|2:6|2:60|2:61|2:62|2:63|2:7|2:8|2:9|3:0|3:1|3:10|3:11|3:12|3:13|3:14|3:15|3:16|3:17|3:18|3:19|3:2|3:20|3:21|3:22|3:23|3:24|3:25|3:26|3:27|3:28|3:29|3:3|3:30|3:31|3:32|3:33|3:34|3:35|3:36|3:37|3:38|3:39|3:4|3:40|3:41|3:42|3:43|3:44|3:45|3:46|3:47|3:48|3:49|3:5|3:50|3:51|3:52|3:53|3:54|3:55|3:56|3:57|3:58|3:59|3:6|3:60|3:61|3:62|3:63|3:7|3:8|3:9|4:0|4:1|4:10|4:11|4:12|4:13|4:14|4:15|4:16|4:17|4:18|4:19|4:2|4:20|4:21|4:22|4:23|4:24|4:25|4:26|4:27|4:28|4:29|4:3|4:30|4:31|4:32|4:33|4:34|4:35|4:36|4:37|4:38|4:39|4:4|4:40|4:41|4:42|4:43|4:44|4:45|4:46|4:47|4:48|4:49|4:5|4:50|4:51|4:52|4:53|4:54|4:55|4:56|4:57|4:58|4:59|4:6|4:60|4:61|4:62|4:63|4:7|4:8|4:9|5:0|5:1|5:10|5:11|5:12|5:13|5:14|5:15|5:16|5:17|5:18|5:19|5:2|5:20|5:21|5:22|5:23|5:24|5:25|5:26|5:27|5:28|5:29|5:3|5:30|5:31|5:32|5:33|5:34|5:35|5:36|5:37|5:38|5:39|5:4|5:40|5:41|5:42|5:43|5:44|5:45|5:46|5:47|5:48|5:49|5:5|5:50|5:51|5:52|5:53|5:54|5:55|5:56|5:57|5:58|5:59|5:6|5:60|5:61|5:62|5:63|5:7|5:8|5:9
TIERING-OFF-QJ-OFF-QJFL-OFF,291,exact-v9-5-to-6mwe,284784,pressure,C2-MIXTURE-PREFIX,320,0,335,1|2|3|4|5,1:0|1:1|1:10|1:11|1:12|1:13|1:14|1:15|1:16|1:17|1:18|1:19|1:2|1:20|1:21|1:22|1:23|1:24|1:25|1:26|1:27|1:28|1:29|1:3|1:30|1:31|1:32|1:33|1:34|1:35|1:36|1:37|1:38|1:39|1:4|1:40|1:41|1:42|1:43|1:44|1:45|1:46|1:47|1:48|1:49|1:5|1:50|1:51|1:52|1:53|1:54|1:55|1:56|1:57|1:58|1:59|1:6|1:60|1:61|1:62|1:63|1:7|1:8|1:9|2:0|2:1|2:10|2:11|2:12|2:13|2:14|2:15|2:16|2:17|2:18|2:19|2:2|2:20|2:21|2:22|2:23|2:24|2:25|2:26|2:27|2:28|2:29|2:3|2:30|2:31|2:32|2:33|2:34|2:35|2:36|2:37|2:38|2:39|2:4|2:40|2:41|2:42|2:43|2:44|2:45|2:46|2:47|2:48|2:49|2:5|2:50|2:51|2:52|2:53|2:54|2:55|2:56|2:57|2:58|2:59|2:6|2:60|2:61|2:62|2:63|2:7|2:8|2:9|3:0|3:1|3:10|3:11|3:12|3:13|3:14|3:15|3:16|3:17|3:18|3:19|3:2|3:20|3:21|3:22|3:23|3:24|3:25|3:26|3:27|3:28|3:29|3:3|3:30|3:31|3:32|3:33|3:34|3:35|3:36|3:37|3:38|3:39|3:4|3:40|3:41|3:42|3:43|3:44|3:45|3:46|3:47|3:48|3:49|3:5|3:50|3:51|3:52|3:53|3:54|3:55|3:56|3:57|3:58|3:59|3:6|3:60|3:61|3:62|3:63|3:7|3:8|3:9|4:0|4:1|4:10|4:11|4:12|4:13|4:14|4:15|4:16|4:17|4:18|4:19|4:2|4:20|4:21|4:22|4:23|4:24|4:25|4:26|4:27|4:28|4:29|4:3|4:30|4:31|4:32|4:33|4:34|4:35|4:36|4:37|4:38|4:39|4:4|4:40|4:41|4:42|4:43|4:44|4:45|4:46|4:47|4:48|4:49|4:5|4:50|4:51|4:52|4:53|4:54|4:55|4:56|4:57|4:58|4:59|4:6|4:60|4:61|4:62|4:63|4:7|4:8|4:9|5:0|5:1|5:10|5:11|5:12|5:13|5:14|5:15|5:16|5:17|5:18|5:19|5:2|5:20|5:21|5:22|5:23|5:24|5:25|5:26|5:27|5:28|5:29|5:3|5:30|5:31|5:32|5:33|5:34|5:35|5:36|5:37|5:38|5:39|5:4|5:40|5:41|5:42|5:43|5:44|5:45|5:46|5:47|5:48|5:49|5:5|5:50|5:51|5:52|5:53|5:54|5:55|5:56|5:57|5:58|5:59|5:6|5:60|5:61|5:62|5:63|5:7|5:8|5:9
TIERING-OFF-QJ-OFF-QJFL-OFF,292,exact-v9-5-to-6mwe,284784,outlet,C2-MIXTURE-PREFIX,320,0,389.9,1|2|3|4|5,1:0|1:1|1:10|1:11|1:12|1:13|1:14|1:15|1:16|1:17|1:18|1:19|1:2|1:20|1:21|1:22|1:23|1:24|1:25|1:26|1:27|1:28|1:29|1:3|1:30|1:31|1:32|1:33|1:34|1:35|1:36|1:37|1:38|1:39|1:4|1:40|1:41|1:42|1:43|1:44|1:45|1:46|1:47|1:48|1:49|1:5|1:50|1:51|1:52|1:53|1:54|1:55|1:56|1:57|1:58|1:59|1:6|1:60|1:61|1:62|1:63|1:7|1:8|1:9|2:0|2:1|2:10|2:11|2:12|2:13|2:14|2:15|2:16|2:17|2:18|2:19|2:2|2:20|2:21|2:22|2:23|2:24|2:25|2:26|2:27|2:28|2:29|2:3|2:30|2:31|2:32|2:33|2:34|2:35|2:36|2:37|2:38|2:39|2:4|2:40|2:41|2:42|2:43|2:44|2:45|2:46|2:47|2:48|2:49|2:5|2:50|2:51|2:52|2:53|2:54|2:55|2:56|2:57|2:58|2:59|2:6|2:60|2:61|2:62|2:63|2:7|2:8|2:9|3:0|3:1|3:10|3:11|3:12|3:13|3:14|3:15|3:16|3:17|3:18|3:19|3:2|3:20|3:21|3:22|3:23|3:24|3:25|3:26|3:27|3:28|3:29|3:3|3:30|3:31|3:32|3:33|3:34|3:35|3:36|3:37|3:38|3:39|3:4|3:40|3:41|3:42|3:43|3:44|3:45|3:46|3:47|3:48|3:49|3:5|3:50|3:51|3:52|3:53|3:54|3:55|3:56|3:57|3:58|3:59|3:6|3:60|3:61|3:62|3:63|3:7|3:8|3:9|4:0|4:1|4:10|4:11|4:12|4:13|4:14|4:15|4:16|4:17|4:18|4:19|4:2|4:20|4:21|4:22|4:23|4:24|4:25|4:26|4:27|4:28|4:29|4:3|4:30|4:31|4:32|4:33|4:34|4:35|4:36|4:37|4:38|4:39|4:4|4:40|4:41|4:42|4:43|4:44|4:45|4:46|4:47|4:48|4:49|4:5|4:50|4:51|4:52|4:53|4:54|4:55|4:56|4:57|4:58|4:59|4:6|4:60|4:61|4:62|4:63|4:7|4:8|4:9|5:0|5:1|5:10|5:11|5:12|5:13|5:14|5:15|5:16|5:17|5:18|5:19|5:2|5:20|5:21|5:22|5:23|5:24|5:25|5:26|5:27|5:28|5:29|5:3|5:30|5:31|5:32|5:33|5:34|5:35|5:36|5:37|5:38|5:39|5:4|5:40|5:41|5:42|5:43|5:44|5:45|5:46|5:47|5:48|5:49|5:5|5:50|5:51|5:52|5:53|5:54|5:55|5:56|5:57|5:58|5:59|5:6|5:60|5:61|5:62|5:63|5:7|5:8|5:9
TIERING-OFF-QJ-OFF-QJFL-OFF,293,exact-v9-5-to-6mwe,284784,drum,C2-MIXTURE-PREFIX,320,0,251.4,1|2|3|4|5,1:0|1:1|1:10|1:11|1:12|1:13|1:14|1:15|1:16|1:17|1:18|1:19|1:2|1:20|1:21|1:22|1:23|1:24|1:25|1:26|1:27|1:28|1:29|1:3|1:30|1:31|1:32|1:33|1:34|1:35|1:36|1:37|1:38|1:39|1:4|1:40|1:41|1:42|1:43|1:44|1:45|1:46|1:47|1:48|1:49|1:5|1:50|1:51|1:52|1:53|1:54|1:55|1:56|1:57|1:58|1:59|1:6|1:60|1:61|1:62|1:63|1:7|1:8|1:9|2:0|2:1|2:10|2:11|2:12|2:13|2:14|2:15|2:16|2:17|2:18|2:19|2:2|2:20|2:21|2:22|2:23|2:24|2:25|2:26|2:27|2:28|2:29|2:3|2:30|2:31|2:32|2:33|2:34|2:35|2:36|2:37|2:38|2:39|2:4|2:40|2:41|2:42|2:43|2:44|2:45|2:46|2:47|2:48|2:49|2:5|2:50|2:51|2:52|2:53|2:54|2:55|2:56|2:57|2:58|2:59|2:6|2:60|2:61|2:62|2:63|2:7|2:8|2:9|3:0|3:1|3:10|3:11|3:12|3:13|3:14|3:15|3:16|3:17|3:18|3:19|3:2|3:20|3:21|3:22|3:23|3:24|3:25|3:26|3:27|3:28|3:29|3:3|3:30|3:31|3:32|3:33|3:34|3:35|3:36|3:37|3:38|3:39|3:4|3:40|3:41|3:42|3:43|3:44|3:45|3:46|3:47|3:48|3:49|3:5|3:50|3:51|3:52|3:53|3:54|3:55|3:56|3:57|3:58|3:59|3:6|3:60|3:61|3:62|3:63|3:7|3:8|3:9|4:0|4:1|4:10|4:11|4:12|4:13|4:14|4:15|4:16|4:17|4:18|4:19|4:2|4:20|4:21|4:22|4:23|4:24|4:25|4:26|4:27|4:28|4:29|4:3|4:30|4:31|4:32|4:33|4:34|4:35|4:36|4:37|4:38|4:39|4:4|4:40|4:41|4:42|4:43|4:44|4:45|4:46|4:47|4:48|4:49|4:5|4:50|4:51|4:52|4:53|4:54|4:55|4:56|4:57|4:58|4:59|4:6|4:60|4:61|4:62|4:63|4:7|4:8|4:9|5:0|5:1|5:10|5:11|5:12|5:13|5:14|5:15|5:16|5:17|5:18|5:19|5:2|5:20|5:21|5:22|5:23|5:24|5:25|5:26|5:27|5:28|5:29|5:3|5:30|5:31|5:32|5:33|5:34|5:35|5:36|5:37|5:38|5:39|5:4|5:40|5:41|5:42|5:43|5:44|5:45|5:46|5:47|5:48|5:49|5:5|5:50|5:51|5:52|5:53|5:54|5:55|5:56|5:57|5:58|5:59|5:6|5:60|5:61|5:62|5:63|5:7|5:8|5:9
TIERING-OFF-QJ-OFF-QJFL-OFF,294,exact-v9-5-to-6mwe,284784,feedwater-inventory,C2-MIXTURE-PREFIX,1,0,112.3,3,3:13
TIERING-OFF-QJ-OFF-QJFL-OFF,295,exact-v9-5-to-6mwe,290784,suction,C2-MIXTURE-PREFIX,320,0,251,1|2|3|4|5,1:0|1:1|1:10|1:11|1:12|1:13|1:14|1:15|1:16|1:17|1:18|1:19|1:2|1:20|1:21|1:22|1:23|1:24|1:25|1:26|1:27|1:28|1:29|1:3|1:30|1:31|1:32|1:33|1:34|1:35|1:36|1:37|1:38|1:39|1:4|1:40|1:41|1:42|1:43|1:44|1:45|1:46|1:47|1:48|1:49|1:5|1:50|1:51|1:52|1:53|1:54|1:55|1:56|1:57|1:58|1:59|1:6|1:60|1:61|1:62|1:63|1:7|1:8|1:9|2:0|2:1|2:10|2:11|2:12|2:13|2:14|2:15|2:16|2:17|2:18|2:19|2:2|2:20|2:21|2:22|2:23|2:24|2:25|2:26|2:27|2:28|2:29|2:3|2:30|2:31|2:32|2:33|2:34|2:35|2:36|2:37|2:38|2:39|2:4|2:40|2:41|2:42|2:43|2:44|2:45|2:46|2:47|2:48|2:49|2:5|2:50|2:51|2:52|2:53|2:54|2:55|2:56|2:57|2:58|2:59|2:6|2:60|2:61|2:62|2:63|2:7|2:8|2:9|3:0|3:1|3:10|3:11|3:12|3:13|3:14|3:15|3:16|3:17|3:18|3:19|3:2|3:20|3:21|3:22|3:23|3:24|3:25|3:26|3:27|3:28|3:29|3:3|3:30|3:31|3:32|3:33|3:34|3:35|3:36|3:37|3:38|3:39|3:4|3:40|3:41|3:42|3:43|3:44|3:45|3:46|3:47|3:48|3:49|3:5|3:50|3:51|3:52|3:53|3:54|3:55|3:56|3:57|3:58|3:59|3:6|3:60|3:61|3:62|3:63|3:7|3:8|3:9|4:0|4:1|4:10|4:11|4:12|4:13|4:14|4:15|4:16|4:17|4:18|4:19|4:2|4:20|4:21|4:22|4:23|4:24|4:25|4:26|4:27|4:28|4:29|4:3|4:30|4:31|4:32|4:33|4:34|4:35|4:36|4:37|4:38|4:39|4:4|4:40|4:41|4:42|4:43|4:44|4:45|4:46|4:47|4:48|4:49|4:5|4:50|4:51|4:52|4:53|4:54|4:55|4:56|4:57|4:58|4:59|4:6|4:60|4:61|4:62|4:63|4:7|4:8|4:9|5:0|5:1|5:10|5:11|5:12|5:13|5:14|5:15|5:16|5:17|5:18|5:19|5:2|5:20|5:21|5:22|5:23|5:24|5:25|5:26|5:27|5:28|5:29|5:3|5:30|5:31|5:32|5:33|5:34|5:35|5:36|5:37|5:38|5:39|5:4|5:40|5:41|5:42|5:43|5:44|5:45|5:46|5:47|5:48|5:49|5:5|5:50|5:51|5:52|5:53|5:54|5:55|5:56|5:57|5:58|5:59|5:6|5:60|5:61|5:62|5:63|5:7|5:8|5:9
TIERING-OFF-QJ-OFF-QJFL-OFF,296,exact-v9-5-to-6mwe,290784,pressure,C2-MIXTURE-PREFIX,320,0,270.5,1|2|3|4|5,1:0|1:1|1:10|1:11|1:12|1:13|1:14|1:15|1:16|1:17|1:18|1:19|1:2|1:20|1:21|1:22|1:23|1:24|1:25|1:26|1:27|1:28|1:29|1:3|1:30|1:31|1:32|1:33|1:34|1:35|1:36|1:37|1:38|1:39|1:4|1:40|1:41|1:42|1:43|1:44|1:45|1:46|1:47|1:48|1:49|1:5|1:50|1:51|1:52|1:53|1:54|1:55|1:56|1:57|1:58|1:59|1:6|1:60|1:61|1:62|1:63|1:7|1:8|1:9|2:0|2:1|2:10|2:11|2:12|2:13|2:14|2:15|2:16|2:17|2:18|2:19|2:2|2:20|2:21|2:22|2:23|2:24|2:25|2:26|2:27|2:28|2:29|2:3|2:30|2:31|2:32|2:33|2:34|2:35|2:36|2:37|2:38|2:39|2:4|2:40|2:41|2:42|2:43|2:44|2:45|2:46|2:47|2:48|2:49|2:5|2:50|2:51|2:52|2:53|2:54|2:55|2:56|2:57|2:58|2:59|2:6|2:60|2:61|2:62|2:63|2:7|2:8|2:9|3:0|3:1|3:10|3:11|3:12|3:13|3:14|3:15|3:16|3:17|3:18|3:19|3:2|3:20|3:21|3:22|3:23|3:24|3:25|3:26|3:27|3:28|3:29|3:3|3:30|3:31|3:32|3:33|3:34|3:35|3:36|3:37|3:38|3:39|3:4|3:40|3:41|3:42|3:43|3:44|3:45|3:46|3:47|3:48|3:49|3:5|3:50|3:51|3:52|3:53|3:54|3:55|3:56|3:57|3:58|3:59|3:6|3:60|3:61|3:62|3:63|3:7|3:8|3:9|4:0|4:1|4:10|4:11|4:12|4:13|4:14|4:15|4:16|4:17|4:18|4:19|4:2|4:20|4:21|4:22|4:23|4:24|4:25|4:26|4:27|4:28|4:29|4:3|4:30|4:31|4:32|4:33|4:34|4:35|4:36|4:37|4:38|4:39|4:4|4:40|4:41|4:42|4:43|4:44|4:45|4:46|4:47|4:48|4:49|4:5|4:50|4:51|4:52|4:53|4:54|4:55|4:56|4:57|4:58|4:59|4:6|4:60|4:61|4:62|4:63|4:7|4:8|4:9|5:0|5:1|5:10|5:11|5:12|5:13|5:14|5:15|5:16|5:17|5:18|5:19|5:2|5:20|5:21|5:22|5:23|5:24|5:25|5:26|5:27|5:28|5:29|5:3|5:30|5:31|5:32|5:33|5:34|5:35|5:36|5:37|5:38|5:39|5:4|5:40|5:41|5:42|5:43|5:44|5:45|5:46|5:47|5:48|5:49|5:5|5:50|5:51|5:52|5:53|5:54|5:55|5:56|5:57|5:58|5:59|5:6|5:60|5:61|5:62|5:63|5:7|5:8|5:9
TIERING-OFF-QJ-OFF-QJFL-OFF,297,exact-v9-5-to-6mwe,290784,outlet,C2-MIXTURE-PREFIX,320,0,192.1,1|2|3|4|5,1:0|1:1|1:10|1:11|1:12|1:13|1:14|1:15|1:16|1:17|1:18|1:19|1:2|1:20|1:21|1:22|1:23|1:24|1:25|1:26|1:27|1:28|1:29|1:3|1:30|1:31|1:32|1:33|1:34|1:35|1:36|1:37|1:38|1:39|1:4|1:40|1:41|1:42|1:43|1:44|1:45|1:46|1:47|1:48|1:49|1:5|1:50|1:51|1:52|1:53|1:54|1:55|1:56|1:57|1:58|1:59|1:6|1:60|1:61|1:62|1:63|1:7|1:8|1:9|2:0|2:1|2:10|2:11|2:12|2:13|2:14|2:15|2:16|2:17|2:18|2:19|2:2|2:20|2:21|2:22|2:23|2:24|2:25|2:26|2:27|2:28|2:29|2:3|2:30|2:31|2:32|2:33|2:34|2:35|2:36|2:37|2:38|2:39|2:4|2:40|2:41|2:42|2:43|2:44|2:45|2:46|2:47|2:48|2:49|2:5|2:50|2:51|2:52|2:53|2:54|2:55|2:56|2:57|2:58|2:59|2:6|2:60|2:61|2:62|2:63|2:7|2:8|2:9|3:0|3:1|3:10|3:11|3:12|3:13|3:14|3:15|3:16|3:17|3:18|3:19|3:2|3:20|3:21|3:22|3:23|3:24|3:25|3:26|3:27|3:28|3:29|3:3|3:30|3:31|3:32|3:33|3:34|3:35|3:36|3:37|3:38|3:39|3:4|3:40|3:41|3:42|3:43|3:44|3:45|3:46|3:47|3:48|3:49|3:5|3:50|3:51|3:52|3:53|3:54|3:55|3:56|3:57|3:58|3:59|3:6|3:60|3:61|3:62|3:63|3:7|3:8|3:9|4:0|4:1|4:10|4:11|4:12|4:13|4:14|4:15|4:16|4:17|4:18|4:19|4:2|4:20|4:21|4:22|4:23|4:24|4:25|4:26|4:27|4:28|4:29|4:3|4:30|4:31|4:32|4:33|4:34|4:35|4:36|4:37|4:38|4:39|4:4|4:40|4:41|4:42|4:43|4:44|4:45|4:46|4:47|4:48|4:49|4:5|4:50|4:51|4:52|4:53|4:54|4:55|4:56|4:57|4:58|4:59|4:6|4:60|4:61|4:62|4:63|4:7|4:8|4:9|5:0|5:1|5:10|5:11|5:12|5:13|5:14|5:15|5:16|5:17|5:18|5:19|5:2|5:20|5:21|5:22|5:23|5:24|5:25|5:26|5:27|5:28|5:29|5:3|5:30|5:31|5:32|5:33|5:34|5:35|5:36|5:37|5:38|5:39|5:4|5:40|5:41|5:42|5:43|5:44|5:45|5:46|5:47|5:48|5:49|5:5|5:50|5:51|5:52|5:53|5:54|5:55|5:56|5:57|5:58|5:59|5:6|5:60|5:61|5:62|5:63|5:7|5:8|5:9
TIERING-OFF-QJ-OFF-QJFL-OFF,298,exact-v9-5-to-6mwe,290784,drum,C2-MIXTURE-PREFIX,320,1,456.1,1|2|3|4|5,1:0|1:1|1:10|1:11|1:12|1:13|1:14|1:15|1:16|1:17|1:18|1:19|1:2|1:20|1:21|1:22|1:23|1:24|1:25|1:26|1:27|1:28|1:29|1:3|1:30|1:31|1:32|1:33|1:34|1:35|1:36|1:37|1:38|1:39|1:4|1:40|1:41|1:42|1:43|1:44|1:45|1:46|1:47|1:48|1:49|1:5|1:50|1:51|1:52|1:53|1:54|1:55|1:56|1:57|1:58|1:59|1:6|1:60|1:61|1:62|1:63|1:7|1:8|1:9|2:0|2:1|2:10|2:11|2:12|2:13|2:14|2:15|2:16|2:17|2:18|2:19|2:2|2:20|2:21|2:22|2:23|2:24|2:25|2:26|2:27|2:28|2:29|2:3|2:30|2:31|2:32|2:33|2:34|2:35|2:36|2:37|2:38|2:39|2:4|2:40|2:41|2:42|2:43|2:44|2:45|2:46|2:47|2:48|2:49|2:5|2:50|2:51|2:52|2:53|2:54|2:55|2:56|2:57|2:58|2:59|2:6|2:60|2:61|2:62|2:63|2:7|2:8|2:9|3:0|3:1|3:10|3:11|3:12|3:13|3:14|3:15|3:16|3:17|3:18|3:19|3:2|3:20|3:21|3:22|3:23|3:24|3:25|3:26|3:27|3:28|3:29|3:3|3:30|3:31|3:32|3:33|3:34|3:35|3:36|3:37|3:38|3:39|3:4|3:40|3:41|3:42|3:43|3:44|3:45|3:46|3:47|3:48|3:49|3:5|3:50|3:51|3:52|3:53|3:54|3:55|3:56|3:57|3:58|3:59|3:6|3:60|3:61|3:62|3:63|3:7|3:8|3:9|4:0|4:1|4:10|4:11|4:12|4:13|4:14|4:15|4:16|4:17|4:18|4:19|4:2|4:20|4:21|4:22|4:23|4:24|4:25|4:26|4:27|4:28|4:29|4:3|4:30|4:31|4:32|4:33|4:34|4:35|4:36|4:37|4:38|4:39|4:4|4:40|4:41|4:42|4:43|4:44|4:45|4:46|4:47|4:48|4:49|4:5|4:50|4:51|4:52|4:53|4:54|4:55|4:56|4:57|4:58|4:59|4:6|4:60|4:61|4:62|4:63|4:7|4:8|4:9|5:0|5:1|5:10|5:11|5:12|5:13|5:14|5:15|5:16|5:17|5:18|5:19|5:2|5:20|5:21|5:22|5:23|5:24|5:25|5:26|5:27|5:28|5:29|5:3|5:30|5:31|5:32|5:33|5:34|5:35|5:36|5:37|5:38|5:39|5:4|5:40|5:41|5:42|5:43|5:44|5:45|5:46|5:47|5:48|5:49|5:5|5:50|5:51|5:52|5:53|5:54|5:55|5:56|5:57|5:58|5:59|5:6|5:60|5:61|5:62|5:63|5:7|5:8|5:9
TIERING-OFF-QJ-OFF-QJFL-OFF,3,background-reference,0,drum,C2-MIXTURE-PREFIX,320,0,331,1|2|3|4|5,1:0|1:1|1:10|1:11|1:12|1:13|1:14|1:15|1:16|1:17|1:18|1:19|1:2|1:20|1:21|1:22|1:23|1:24|1:25|1:26|1:27|1:28|1:29|1:3|1:30|1:31|1:32|1:33|1:34|1:35|1:36|1:37|1:38|1:39|1:4|1:40|1:41|1:42|1:43|1:44|1:45|1:46|1:47|1:48|1:49|1:5|1:50|1:51|1:52|1:53|1:54|1:55|1:56|1:57|1:58|1:59|1:6|1:60|1:61|1:62|1:63|1:7|1:8|1:9|2:0|2:1|2:10|2:11|2:12|2:13|2:14|2:15|2:16|2:17|2:18|2:19|2:2|2:20|2:21|2:22|2:23|2:24|2:25|2:26|2:27|2:28|2:29|2:3|2:30|2:31|2:32|2:33|2:34|2:35|2:36|2:37|2:38|2:39|2:4|2:40|2:41|2:42|2:43|2:44|2:45|2:46|2:47|2:48|2:49|2:5|2:50|2:51|2:52|2:53|2:54|2:55|2:56|2:57|2:58|2:59|2:6|2:60|2:61|2:62|2:63|2:7|2:8|2:9|3:0|3:1|3:10|3:11|3:12|3:13|3:14|3:15|3:16|3:17|3:18|3:19|3:2|3:20|3:21|3:22|3:23|3:24|3:25|3:26|3:27|3:28|3:29|3:3|3:30|3:31|3:32|3:33|3:34|3:35|3:36|3:37|3:38|3:39|3:4|3:40|3:41|3:42|3:43|3:44|3:45|3:46|3:47|3:48|3:49|3:5|3:50|3:51|3:52|3:53|3:54|3:55|3:56|3:57|3:58|3:59|3:6|3:60|3:61|3:62|3:63|3:7|3:8|3:9|4:0|4:1|4:10|4:11|4:12|4:13|4:14|4:15|4:16|4:17|4:18|4:19|4:2|4:20|4:21|4:22|4:23|4:24|4:25|4:26|4:27|4:28|4:29|4:3|4:30|4:31|4:32|4:33|4:34|4:35|4:36|4:37|4:38|4:39|4:4|4:40|4:41|4:42|4:43|4:44|4:45|4:46|4:47|4:48|4:49|4:5|4:50|4:51|4:52|4:53|4:54|4:55|4:56|4:57|4:58|4:59|4:6|4:60|4:61|4:62|4:63|4:7|4:8|4:9|5:0|5:1|5:10|5:11|5:12|5:13|5:14|5:15|5:16|5:17|5:18|5:19|5:2|5:20|5:21|5:22|5:23|5:24|5:25|5:26|5:27|5:28|5:29|5:3|5:30|5:31|5:32|5:33|5:34|5:35|5:36|5:37|5:38|5:39|5:4|5:40|5:41|5:42|5:43|5:44|5:45|5:46|5:47|5:48|5:49|5:5|5:50|5:51|5:52|5:53|5:54|5:55|5:56|5:57|5:58|5:59|5:6|5:60|5:61|5:62|5:63|5:7|5:8|5:9
TIERING-OFF-QJ-OFF-QJFL-OFF,30,background-reference,36000,suction,C2-MIXTURE-PREFIX,320,0,222.9,1|2|3|4|5,1:0|1:1|1:10|1:11|1:12|1:13|1:14|1:15|1:16|1:17|1:18|1:19|1:2|1:20|1:21|1:22|1:23|1:24|1:25|1:26|1:27|1:28|1:29|1:3|1:30|1:31|1:32|1:33|1:34|1:35|1:36|1:37|1:38|1:39|1:4|1:40|1:41|1:42|1:43|1:44|1:45|1:46|1:47|1:48|1:49|1:5|1:50|1:51|1:52|1:53|1:54|1:55|1:56|1:57|1:58|1:59|1:6|1:60|1:61|1:62|1:63|1:7|1:8|1:9|2:0|2:1|2:10|2:11|2:12|2:13|2:14|2:15|2:16|2:17|2:18|2:19|2:2|2:20|2:21|2:22|2:23|2:24|2:25|2:26|2:27|2:28|2:29|2:3|2:30|2:31|2:32|2:33|2:34|2:35|2:36|2:37|2:38|2:39|2:4|2:40|2:41|2:42|2:43|2:44|2:45|2:46|2:47|2:48|2:49|2:5|2:50|2:51|2:52|2:53|2:54|2:55|2:56|2:57|2:58|2:59|2:6|2:60|2:61|2:62|2:63|2:7|2:8|2:9|3:0|3:1|3:10|3:11|3:12|3:13|3:14|3:15|3:16|3:17|3:18|3:19|3:2|3:20|3:21|3:22|3:23|3:24|3:25|3:26|3:27|3:28|3:29|3:3|3:30|3:31|3:32|3:33|3:34|3:35|3:36|3:37|3:38|3:39|3:4|3:40|3:41|3:42|3:43|3:44|3:45|3:46|3:47|3:48|3:49|3:5|3:50|3:51|3:52|3:53|3:54|3:55|3:56|3:57|3:58|3:59|3:6|3:60|3:61|3:62|3:63|3:7|3:8|3:9|4:0|4:1|4:10|4:11|4:12|4:13|4:14|4:15|4:16|4:17|4:18|4:19|4:2|4:20|4:21|4:22|4:23|4:24|4:25|4:26|4:27|4:28|4:29|4:3|4:30|4:31|4:32|4:33|4:34|4:35|4:36|4:37|4:38|4:39|4:4|4:40|4:41|4:42|4:43|4:44|4:45|4:46|4:47|4:48|4:49|4:5|4:50|4:51|4:52|4:53|4:54|4:55|4:56|4:57|4:58|4:59|4:6|4:60|4:61|4:62|4:63|4:7|4:8|4:9|5:0|5:1|5:10|5:11|5:12|5:13|5:14|5:15|5:16|5:17|5:18|5:19|5:2|5:20|5:21|5:22|5:23|5:24|5:25|5:26|5:27|5:28|5:29|5:3|5:30|5:31|5:32|5:33|5:34|5:35|5:36|5:37|5:38|5:39|5:4|5:40|5:41|5:42|5:43|5:44|5:45|5:46|5:47|5:48|5:49|5:5|5:50|5:51|5:52|5:53|5:54|5:55|5:56|5:57|5:58|5:59|5:6|5:60|5:61|5:62|5:63|5:7|5:8|5:9
TIERING-OFF-QJ-OFF-QJFL-OFF,300,exact-v9-5-to-6mwe,296784,suction,C2-MIXTURE-PREFIX,320,0,371.5,1|2|3|4|5,1:0|1:1|1:10|1:11|1:12|1:13|1:14|1:15|1:16|1:17|1:18|1:19|1:2|1:20|1:21|1:22|1:23|1:24|1:25|1:26|1:27|1:28|1:29|1:3|1:30|1:31|1:32|1:33|1:34|1:35|1:36|1:37|1:38|1:39|1:4|1:40|1:41|1:42|1:43|1:44|1:45|1:46|1:47|1:48|1:49|1:5|1:50|1:51|1:52|1:53|1:54|1:55|1:56|1:57|1:58|1:59|1:6|1:60|1:61|1:62|1:63|1:7|1:8|1:9|2:0|2:1|2:10|2:11|2:12|2:13|2:14|2:15|2:16|2:17|2:18|2:19|2:2|2:20|2:21|2:22|2:23|2:24|2:25|2:26|2:27|2:28|2:29|2:3|2:30|2:31|2:32|2:33|2:34|2:35|2:36|2:37|2:38|2:39|2:4|2:40|2:41|2:42|2:43|2:44|2:45|2:46|2:47|2:48|2:49|2:5|2:50|2:51|2:52|2:53|2:54|2:55|2:56|2:57|2:58|2:59|2:6|2:60|2:61|2:62|2:63|2:7|2:8|2:9|3:0|3:1|3:10|3:11|3:12|3:13|3:14|3:15|3:16|3:17|3:18|3:19|3:2|3:20|3:21|3:22|3:23|3:24|3:25|3:26|3:27|3:28|3:29|3:3|3:30|3:31|3:32|3:33|3:34|3:35|3:36|3:37|3:38|3:39|3:4|3:40|3:41|3:42|3:43|3:44|3:45|3:46|3:47|3:48|3:49|3:5|3:50|3:51|3:52|3:53|3:54|3:55|3:56|3:57|3:58|3:59|3:6|3:60|3:61|3:62|3:63|3:7|3:8|3:9|4:0|4:1|4:10|4:11|4:12|4:13|4:14|4:15|4:16|4:17|4:18|4:19|4:2|4:20|4:21|4:22|4:23|4:24|4:25|4:26|4:27|4:28|4:29|4:3|4:30|4:31|4:32|4:33|4:34|4:35|4:36|4:37|4:38|4:39|4:4|4:40|4:41|4:42|4:43|4:44|4:45|4:46|4:47|4:48|4:49|4:5|4:50|4:51|4:52|4:53|4:54|4:55|4:56|4:57|4:58|4:59|4:6|4:60|4:61|4:62|4:63|4:7|4:8|4:9|5:0|5:1|5:10|5:11|5:12|5:13|5:14|5:15|5:16|5:17|5:18|5:19|5:2|5:20|5:21|5:22|5:23|5:24|5:25|5:26|5:27|5:28|5:29|5:3|5:30|5:31|5:32|5:33|5:34|5:35|5:36|5:37|5:38|5:39|5:4|5:40|5:41|5:42|5:43|5:44|5:45|5:46|5:47|5:48|5:49|5:5|5:50|5:51|5:52|5:53|5:54|5:55|5:56|5:57|5:58|5:59|5:6|5:60|5:61|5:62|5:63|5:7|5:8|5:9
TIERING-OFF-QJ-OFF-QJFL-OFF,301,exact-v9-5-to-6mwe,296784,pressure,C2-MIXTURE-PREFIX,320,0,248.6,1|2|3|4|5,1:0|1:1|1:10|1:11|1:12|1:13|1:14|1:15|1:16|1:17|1:18|1:19|1:2|1:20|1:21|1:22|1:23|1:24|1:25|1:26|1:27|1:28|1:29|1:3|1:30|1:31|1:32|1:33|1:34|1:35|1:36|1:37|1:38|1:39|1:4|1:40|1:41|1:42|1:43|1:44|1:45|1:46|1:47|1:48|1:49|1:5|1:50|1:51|1:52|1:53|1:54|1:55|1:56|1:57|1:58|1:59|1:6|1:60|1:61|1:62|1:63|1:7|1:8|1:9|2:0|2:1|2:10|2:11|2:12|2:13|2:14|2:15|2:16|2:17|2:18|2:19|2:2|2:20|2:21|2:22|2:23|2:24|2:25|2:26|2:27|2:28|2:29|2:3|2:30|2:31|2:32|2:33|2:34|2:35|2:36|2:37|2:38|2:39|2:4|2:40|2:41|2:42|2:43|2:44|2:45|2:46|2:47|2:48|2:49|2:5|2:50|2:51|2:52|2:53|2:54|2:55|2:56|2:57|2:58|2:59|2:6|2:60|2:61|2:62|2:63|2:7|2:8|2:9|3:0|3:1|3:10|3:11|3:12|3:13|3:14|3:15|3:16|3:17|3:18|3:19|3:2|3:20|3:21|3:22|3:23|3:24|3:25|3:26|3:27|3:28|3:29|3:3|3:30|3:31|3:32|3:33|3:34|3:35|3:36|3:37|3:38|3:39|3:4|3:40|3:41|3:42|3:43|3:44|3:45|3:46|3:47|3:48|3:49|3:5|3:50|3:51|3:52|3:53|3:54|3:55|3:56|3:57|3:58|3:59|3:6|3:60|3:61|3:62|3:63|3:7|3:8|3:9|4:0|4:1|4:10|4:11|4:12|4:13|4:14|4:15|4:16|4:17|4:18|4:19|4:2|4:20|4:21|4:22|4:23|4:24|4:25|4:26|4:27|4:28|4:29|4:3|4:30|4:31|4:32|4:33|4:34|4:35|4:36|4:37|4:38|4:39|4:4|4:40|4:41|4:42|4:43|4:44|4:45|4:46|4:47|4:48|4:49|4:5|4:50|4:51|4:52|4:53|4:54|4:55|4:56|4:57|4:58|4:59|4:6|4:60|4:61|4:62|4:63|4:7|4:8|4:9|5:0|5:1|5:10|5:11|5:12|5:13|5:14|5:15|5:16|5:17|5:18|5:19|5:2|5:20|5:21|5:22|5:23|5:24|5:25|5:26|5:27|5:28|5:29|5:3|5:30|5:31|5:32|5:33|5:34|5:35|5:36|5:37|5:38|5:39|5:4|5:40|5:41|5:42|5:43|5:44|5:45|5:46|5:47|5:48|5:49|5:5|5:50|5:51|5:52|5:53|5:54|5:55|5:56|5:57|5:58|5:59|5:6|5:60|5:61|5:62|5:63|5:7|5:8|5:9
TIERING-OFF-QJ-OFF-QJFL-OFF,302,exact-v9-5-to-6mwe,296784,outlet,C2-MIXTURE-PREFIX,320,0,318.5,1|2|3|4|5,1:0|1:1|1:10|1:11|1:12|1:13|1:14|1:15|1:16|1:17|1:18|1:19|1:2|1:20|1:21|1:22|1:23|1:24|1:25|1:26|1:27|1:28|1:29|1:3|1:30|1:31|1:32|1:33|1:34|1:35|1:36|1:37|1:38|1:39|1:4|1:40|1:41|1:42|1:43|1:44|1:45|1:46|1:47|1:48|1:49|1:5|1:50|1:51|1:52|1:53|1:54|1:55|1:56|1:57|1:58|1:59|1:6|1:60|1:61|1:62|1:63|1:7|1:8|1:9|2:0|2:1|2:10|2:11|2:12|2:13|2:14|2:15|2:16|2:17|2:18|2:19|2:2|2:20|2:21|2:22|2:23|2:24|2:25|2:26|2:27|2:28|2:29|2:3|2:30|2:31|2:32|2:33|2:34|2:35|2:36|2:37|2:38|2:39|2:4|2:40|2:41|2:42|2:43|2:44|2:45|2:46|2:47|2:48|2:49|2:5|2:50|2:51|2:52|2:53|2:54|2:55|2:56|2:57|2:58|2:59|2:6|2:60|2:61|2:62|2:63|2:7|2:8|2:9|3:0|3:1|3:10|3:11|3:12|3:13|3:14|3:15|3:16|3:17|3:18|3:19|3:2|3:20|3:21|3:22|3:23|3:24|3:25|3:26|3:27|3:28|3:29|3:3|3:30|3:31|3:32|3:33|3:34|3:35|3:36|3:37|3:38|3:39|3:4|3:40|3:41|3:42|3:43|3:44|3:45|3:46|3:47|3:48|3:49|3:5|3:50|3:51|3:52|3:53|3:54|3:55|3:56|3:57|3:58|3:59|3:6|3:60|3:61|3:62|3:63|3:7|3:8|3:9|4:0|4:1|4:10|4:11|4:12|4:13|4:14|4:15|4:16|4:17|4:18|4:19|4:2|4:20|4:21|4:22|4:23|4:24|4:25|4:26|4:27|4:28|4:29|4:3|4:30|4:31|4:32|4:33|4:34|4:35|4:36|4:37|4:38|4:39|4:4|4:40|4:41|4:42|4:43|4:44|4:45|4:46|4:47|4:48|4:49|4:5|4:50|4:51|4:52|4:53|4:54|4:55|4:56|4:57|4:58|4:59|4:6|4:60|4:61|4:62|4:63|4:7|4:8|4:9|5:0|5:1|5:10|5:11|5:12|5:13|5:14|5:15|5:16|5:17|5:18|5:19|5:2|5:20|5:21|5:22|5:23|5:24|5:25|5:26|5:27|5:28|5:29|5:3|5:30|5:31|5:32|5:33|5:34|5:35|5:36|5:37|5:38|5:39|5:4|5:40|5:41|5:42|5:43|5:44|5:45|5:46|5:47|5:48|5:49|5:5|5:50|5:51|5:52|5:53|5:54|5:55|5:56|5:57|5:58|5:59|5:6|5:60|5:61|5:62|5:63|5:7|5:8|5:9
TIERING-OFF-QJ-OFF-QJFL-OFF,303,exact-v9-5-to-6mwe,296784,drum,C2-MIXTURE-PREFIX,320,0,370.9,1|2|3|4|5,1:0|1:1|1:10|1:11|1:12|1:13|1:14|1:15|1:16|1:17|1:18|1:19|1:2|1:20|1:21|1:22|1:23|1:24|1:25|1:26|1:27|1:28|1:29|1:3|1:30|1:31|1:32|1:33|1:34|1:35|1:36|1:37|1:38|1:39|1:4|1:40|1:41|1:42|1:43|1:44|1:45|1:46|1:47|1:48|1:49|1:5|1:50|1:51|1:52|1:53|1:54|1:55|1:56|1:57|1:58|1:59|1:6|1:60|1:61|1:62|1:63|1:7|1:8|1:9|2:0|2:1|2:10|2:11|2:12|2:13|2:14|2:15|2:16|2:17|2:18|2:19|2:2|2:20|2:21|2:22|2:23|2:24|2:25|2:26|2:27|2:28|2:29|2:3|2:30|2:31|2:32|2:33|2:34|2:35|2:36|2:37|2:38|2:39|2:4|2:40|2:41|2:42|2:43|2:44|2:45|2:46|2:47|2:48|2:49|2:5|2:50|2:51|2:52|2:53|2:54|2:55|2:56|2:57|2:58|2:59|2:6|2:60|2:61|2:62|2:63|2:7|2:8|2:9|3:0|3:1|3:10|3:11|3:12|3:13|3:14|3:15|3:16|3:17|3:18|3:19|3:2|3:20|3:21|3:22|3:23|3:24|3:25|3:26|3:27|3:28|3:29|3:3|3:30|3:31|3:32|3:33|3:34|3:35|3:36|3:37|3:38|3:39|3:4|3:40|3:41|3:42|3:43|3:44|3:45|3:46|3:47|3:48|3:49|3:5|3:50|3:51|3:52|3:53|3:54|3:55|3:56|3:57|3:58|3:59|3:6|3:60|3:61|3:62|3:63|3:7|3:8|3:9|4:0|4:1|4:10|4:11|4:12|4:13|4:14|4:15|4:16|4:17|4:18|4:19|4:2|4:20|4:21|4:22|4:23|4:24|4:25|4:26|4:27|4:28|4:29|4:3|4:30|4:31|4:32|4:33|4:34|4:35|4:36|4:37|4:38|4:39|4:4|4:40|4:41|4:42|4:43|4:44|4:45|4:46|4:47|4:48|4:49|4:5|4:50|4:51|4:52|4:53|4:54|4:55|4:56|4:57|4:58|4:59|4:6|4:60|4:61|4:62|4:63|4:7|4:8|4:9|5:0|5:1|5:10|5:11|5:12|5:13|5:14|5:15|5:16|5:17|5:18|5:19|5:2|5:20|5:21|5:22|5:23|5:24|5:25|5:26|5:27|5:28|5:29|5:3|5:30|5:31|5:32|5:33|5:34|5:35|5:36|5:37|5:38|5:39|5:4|5:40|5:41|5:42|5:43|5:44|5:45|5:46|5:47|5:48|5:49|5:5|5:50|5:51|5:52|5:53|5:54|5:55|5:56|5:57|5:58|5:59|5:6|5:60|5:61|5:62|5:63|5:7|5:8|5:9
TIERING-OFF-QJ-OFF-QJFL-OFF,305,exact-v9-5-to-6mwe,302784,suction,C2-MIXTURE-PREFIX,320,0,232.7,1|2|3|4|5,1:0|1:1|1:10|1:11|1:12|1:13|1:14|1:15|1:16|1:17|1:18|1:19|1:2|1:20|1:21|1:22|1:23|1:24|1:25|1:26|1:27|1:28|1:29|1:3|1:30|1:31|1:32|1:33|1:34|1:35|1:36|1:37|1:38|1:39|1:4|1:40|1:41|1:42|1:43|1:44|1:45|1:46|1:47|1:48|1:49|1:5|1:50|1:51|1:52|1:53|1:54|1:55|1:56|1:57|1:58|1:59|1:6|1:60|1:61|1:62|1:63|1:7|1:8|1:9|2:0|2:1|2:10|2:11|2:12|2:13|2:14|2:15|2:16|2:17|2:18|2:19|2:2|2:20|2:21|2:22|2:23|2:24|2:25|2:26|2:27|2:28|2:29|2:3|2:30|2:31|2:32|2:33|2:34|2:35|2:36|2:37|2:38|2:39|2:4|2:40|2:41|2:42|2:43|2:44|2:45|2:46|2:47|2:48|2:49|2:5|2:50|2:51|2:52|2:53|2:54|2:55|2:56|2:57|2:58|2:59|2:6|2:60|2:61|2:62|2:63|2:7|2:8|2:9|3:0|3:1|3:10|3:11|3:12|3:13|3:14|3:15|3:16|3:17|3:18|3:19|3:2|3:20|3:21|3:22|3:23|3:24|3:25|3:26|3:27|3:28|3:29|3:3|3:30|3:31|3:32|3:33|3:34|3:35|3:36|3:37|3:38|3:39|3:4|3:40|3:41|3:42|3:43|3:44|3:45|3:46|3:47|3:48|3:49|3:5|3:50|3:51|3:52|3:53|3:54|3:55|3:56|3:57|3:58|3:59|3:6|3:60|3:61|3:62|3:63|3:7|3:8|3:9|4:0|4:1|4:10|4:11|4:12|4:13|4:14|4:15|4:16|4:17|4:18|4:19|4:2|4:20|4:21|4:22|4:23|4:24|4:25|4:26|4:27|4:28|4:29|4:3|4:30|4:31|4:32|4:33|4:34|4:35|4:36|4:37|4:38|4:39|4:4|4:40|4:41|4:42|4:43|4:44|4:45|4:46|4:47|4:48|4:49|4:5|4:50|4:51|4:52|4:53|4:54|4:55|4:56|4:57|4:58|4:59|4:6|4:60|4:61|4:62|4:63|4:7|4:8|4:9|5:0|5:1|5:10|5:11|5:12|5:13|5:14|5:15|5:16|5:17|5:18|5:19|5:2|5:20|5:21|5:22|5:23|5:24|5:25|5:26|5:27|5:28|5:29|5:3|5:30|5:31|5:32|5:33|5:34|5:35|5:36|5:37|5:38|5:39|5:4|5:40|5:41|5:42|5:43|5:44|5:45|5:46|5:47|5:48|5:49|5:5|5:50|5:51|5:52|5:53|5:54|5:55|5:56|5:57|5:58|5:59|5:6|5:60|5:61|5:62|5:63|5:7|5:8|5:9
TIERING-OFF-QJ-OFF-QJFL-OFF,306,exact-v9-5-to-6mwe,302784,pressure,C2-MIXTURE-PREFIX,320,1,649.9,1|2|3|4|5,1:0|1:1|1:10|1:11|1:12|1:13|1:14|1:15|1:16|1:17|1:18|1:19|1:2|1:20|1:21|1:22|1:23|1:24|1:25|1:26|1:27|1:28|1:29|1:3|1:30|1:31|1:32|1:33|1:34|1:35|1:36|1:37|1:38|1:39|1:4|1:40|1:41|1:42|1:43|1:44|1:45|1:46|1:47|1:48|1:49|1:5|1:50|1:51|1:52|1:53|1:54|1:55|1:56|1:57|1:58|1:59|1:6|1:60|1:61|1:62|1:63|1:7|1:8|1:9|2:0|2:1|2:10|2:11|2:12|2:13|2:14|2:15|2:16|2:17|2:18|2:19|2:2|2:20|2:21|2:22|2:23|2:24|2:25|2:26|2:27|2:28|2:29|2:3|2:30|2:31|2:32|2:33|2:34|2:35|2:36|2:37|2:38|2:39|2:4|2:40|2:41|2:42|2:43|2:44|2:45|2:46|2:47|2:48|2:49|2:5|2:50|2:51|2:52|2:53|2:54|2:55|2:56|2:57|2:58|2:59|2:6|2:60|2:61|2:62|2:63|2:7|2:8|2:9|3:0|3:1|3:10|3:11|3:12|3:13|3:14|3:15|3:16|3:17|3:18|3:19|3:2|3:20|3:21|3:22|3:23|3:24|3:25|3:26|3:27|3:28|3:29|3:3|3:30|3:31|3:32|3:33|3:34|3:35|3:36|3:37|3:38|3:39|3:4|3:40|3:41|3:42|3:43|3:44|3:45|3:46|3:47|3:48|3:49|3:5|3:50|3:51|3:52|3:53|3:54|3:55|3:56|3:57|3:58|3:59|3:6|3:60|3:61|3:62|3:63|3:7|3:8|3:9|4:0|4:1|4:10|4:11|4:12|4:13|4:14|4:15|4:16|4:17|4:18|4:19|4:2|4:20|4:21|4:22|4:23|4:24|4:25|4:26|4:27|4:28|4:29|4:3|4:30|4:31|4:32|4:33|4:34|4:35|4:36|4:37|4:38|4:39|4:4|4:40|4:41|4:42|4:43|4:44|4:45|4:46|4:47|4:48|4:49|4:5|4:50|4:51|4:52|4:53|4:54|4:55|4:56|4:57|4:58|4:59|4:6|4:60|4:61|4:62|4:63|4:7|4:8|4:9|5:0|5:1|5:10|5:11|5:12|5:13|5:14|5:15|5:16|5:17|5:18|5:19|5:2|5:20|5:21|5:22|5:23|5:24|5:25|5:26|5:27|5:28|5:29|5:3|5:30|5:31|5:32|5:33|5:34|5:35|5:36|5:37|5:38|5:39|5:4|5:40|5:41|5:42|5:43|5:44|5:45|5:46|5:47|5:48|5:49|5:5|5:50|5:51|5:52|5:53|5:54|5:55|5:56|5:57|5:58|5:59|5:6|5:60|5:61|5:62|5:63|5:7|5:8|5:9
TIERING-OFF-QJ-OFF-QJFL-OFF,307,exact-v9-5-to-6mwe,302784,outlet,C2-MIXTURE-PREFIX,320,0,256.9,1|2|3|4|5,1:0|1:1|1:10|1:11|1:12|1:13|1:14|1:15|1:16|1:17|1:18|1:19|1:2|1:20|1:21|1:22|1:23|1:24|1:25|1:26|1:27|1:28|1:29|1:3|1:30|1:31|1:32|1:33|1:34|1:35|1:36|1:37|1:38|1:39|1:4|1:40|1:41|1:42|1:43|1:44|1:45|1:46|1:47|1:48|1:49|1:5|1:50|1:51|1:52|1:53|1:54|1:55|1:56|1:57|1:58|1:59|1:6|1:60|1:61|1:62|1:63|1:7|1:8|1:9|2:0|2:1|2:10|2:11|2:12|2:13|2:14|2:15|2:16|2:17|2:18|2:19|2:2|2:20|2:21|2:22|2:23|2:24|2:25|2:26|2:27|2:28|2:29|2:3|2:30|2:31|2:32|2:33|2:34|2:35|2:36|2:37|2:38|2:39|2:4|2:40|2:41|2:42|2:43|2:44|2:45|2:46|2:47|2:48|2:49|2:5|2:50|2:51|2:52|2:53|2:54|2:55|2:56|2:57|2:58|2:59|2:6|2:60|2:61|2:62|2:63|2:7|2:8|2:9|3:0|3:1|3:10|3:11|3:12|3:13|3:14|3:15|3:16|3:17|3:18|3:19|3:2|3:20|3:21|3:22|3:23|3:24|3:25|3:26|3:27|3:28|3:29|3:3|3:30|3:31|3:32|3:33|3:34|3:35|3:36|3:37|3:38|3:39|3:4|3:40|3:41|3:42|3:43|3:44|3:45|3:46|3:47|3:48|3:49|3:5|3:50|3:51|3:52|3:53|3:54|3:55|3:56|3:57|3:58|3:59|3:6|3:60|3:61|3:62|3:63|3:7|3:8|3:9|4:0|4:1|4:10|4:11|4:12|4:13|4:14|4:15|4:16|4:17|4:18|4:19|4:2|4:20|4:21|4:22|4:23|4:24|4:25|4:26|4:27|4:28|4:29|4:3|4:30|4:31|4:32|4:33|4:34|4:35|4:36|4:37|4:38|4:39|4:4|4:40|4:41|4:42|4:43|4:44|4:45|4:46|4:47|4:48|4:49|4:5|4:50|4:51|4:52|4:53|4:54|4:55|4:56|4:57|4:58|4:59|4:6|4:60|4:61|4:62|4:63|4:7|4:8|4:9|5:0|5:1|5:10|5:11|5:12|5:13|5:14|5:15|5:16|5:17|5:18|5:19|5:2|5:20|5:21|5:22|5:23|5:24|5:25|5:26|5:27|5:28|5:29|5:3|5:30|5:31|5:32|5:33|5:34|5:35|5:36|5:37|5:38|5:39|5:4|5:40|5:41|5:42|5:43|5:44|5:45|5:46|5:47|5:48|5:49|5:5|5:50|5:51|5:52|5:53|5:54|5:55|5:56|5:57|5:58|5:59|5:6|5:60|5:61|5:62|5:63|5:7|5:8|5:9
TIERING-OFF-QJ-OFF-QJFL-OFF,308,exact-v9-5-to-6mwe,302784,drum,C2-MIXTURE-PREFIX,320,0,335.3,1|2|3|4|5,1:0|1:1|1:10|1:11|1:12|1:13|1:14|1:15|1:16|1:17|1:18|1:19|1:2|1:20|1:21|1:22|1:23|1:24|1:25|1:26|1:27|1:28|1:29|1:3|1:30|1:31|1:32|1:33|1:34|1:35|1:36|1:37|1:38|1:39|1:4|1:40|1:41|1:42|1:43|1:44|1:45|1:46|1:47|1:48|1:49|1:5|1:50|1:51|1:52|1:53|1:54|1:55|1:56|1:57|1:58|1:59|1:6|1:60|1:61|1:62|1:63|1:7|1:8|1:9|2:0|2:1|2:10|2:11|2:12|2:13|2:14|2:15|2:16|2:17|2:18|2:19|2:2|2:20|2:21|2:22|2:23|2:24|2:25|2:26|2:27|2:28|2:29|2:3|2:30|2:31|2:32|2:33|2:34|2:35|2:36|2:37|2:38|2:39|2:4|2:40|2:41|2:42|2:43|2:44|2:45|2:46|2:47|2:48|2:49|2:5|2:50|2:51|2:52|2:53|2:54|2:55|2:56|2:57|2:58|2:59|2:6|2:60|2:61|2:62|2:63|2:7|2:8|2:9|3:0|3:1|3:10|3:11|3:12|3:13|3:14|3:15|3:16|3:17|3:18|3:19|3:2|3:20|3:21|3:22|3:23|3:24|3:25|3:26|3:27|3:28|3:29|3:3|3:30|3:31|3:32|3:33|3:34|3:35|3:36|3:37|3:38|3:39|3:4|3:40|3:41|3:42|3:43|3:44|3:45|3:46|3:47|3:48|3:49|3:5|3:50|3:51|3:52|3:53|3:54|3:55|3:56|3:57|3:58|3:59|3:6|3:60|3:61|3:62|3:63|3:7|3:8|3:9|4:0|4:1|4:10|4:11|4:12|4:13|4:14|4:15|4:16|4:17|4:18|4:19|4:2|4:20|4:21|4:22|4:23|4:24|4:25|4:26|4:27|4:28|4:29|4:3|4:30|4:31|4:32|4:33|4:34|4:35|4:36|4:37|4:38|4:39|4:4|4:40|4:41|4:42|4:43|4:44|4:45|4:46|4:47|4:48|4:49|4:5|4:50|4:51|4:52|4:53|4:54|4:55|4:56|4:57|4:58|4:59|4:6|4:60|4:61|4:62|4:63|4:7|4:8|4:9|5:0|5:1|5:10|5:11|5:12|5:13|5:14|5:15|5:16|5:17|5:18|5:19|5:2|5:20|5:21|5:22|5:23|5:24|5:25|5:26|5:27|5:28|5:29|5:3|5:30|5:31|5:32|5:33|5:34|5:35|5:36|5:37|5:38|5:39|5:4|5:40|5:41|5:42|5:43|5:44|5:45|5:46|5:47|5:48|5:49|5:5|5:50|5:51|5:52|5:53|5:54|5:55|5:56|5:57|5:58|5:59|5:6|5:60|5:61|5:62|5:63|5:7|5:8|5:9
TIERING-OFF-QJ-OFF-QJFL-OFF,31,background-reference,36000,pressure,C2-MIXTURE-PREFIX,320,0,330.1,1|2|3|4|5,1:0|1:1|1:10|1:11|1:12|1:13|1:14|1:15|1:16|1:17|1:18|1:19|1:2|1:20|1:21|1:22|1:23|1:24|1:25|1:26|1:27|1:28|1:29|1:3|1:30|1:31|1:32|1:33|1:34|1:35|1:36|1:37|1:38|1:39|1:4|1:40|1:41|1:42|1:43|1:44|1:45|1:46|1:47|1:48|1:49|1:5|1:50|1:51|1:52|1:53|1:54|1:55|1:56|1:57|1:58|1:59|1:6|1:60|1:61|1:62|1:63|1:7|1:8|1:9|2:0|2:1|2:10|2:11|2:12|2:13|2:14|2:15|2:16|2:17|2:18|2:19|2:2|2:20|2:21|2:22|2:23|2:24|2:25|2:26|2:27|2:28|2:29|2:3|2:30|2:31|2:32|2:33|2:34|2:35|2:36|2:37|2:38|2:39|2:4|2:40|2:41|2:42|2:43|2:44|2:45|2:46|2:47|2:48|2:49|2:5|2:50|2:51|2:52|2:53|2:54|2:55|2:56|2:57|2:58|2:59|2:6|2:60|2:61|2:62|2:63|2:7|2:8|2:9|3:0|3:1|3:10|3:11|3:12|3:13|3:14|3:15|3:16|3:17|3:18|3:19|3:2|3:20|3:21|3:22|3:23|3:24|3:25|3:26|3:27|3:28|3:29|3:3|3:30|3:31|3:32|3:33|3:34|3:35|3:36|3:37|3:38|3:39|3:4|3:40|3:41|3:42|3:43|3:44|3:45|3:46|3:47|3:48|3:49|3:5|3:50|3:51|3:52|3:53|3:54|3:55|3:56|3:57|3:58|3:59|3:6|3:60|3:61|3:62|3:63|3:7|3:8|3:9|4:0|4:1|4:10|4:11|4:12|4:13|4:14|4:15|4:16|4:17|4:18|4:19|4:2|4:20|4:21|4:22|4:23|4:24|4:25|4:26|4:27|4:28|4:29|4:3|4:30|4:31|4:32|4:33|4:34|4:35|4:36|4:37|4:38|4:39|4:4|4:40|4:41|4:42|4:43|4:44|4:45|4:46|4:47|4:48|4:49|4:5|4:50|4:51|4:52|4:53|4:54|4:55|4:56|4:57|4:58|4:59|4:6|4:60|4:61|4:62|4:63|4:7|4:8|4:9|5:0|5:1|5:10|5:11|5:12|5:13|5:14|5:15|5:16|5:17|5:18|5:19|5:2|5:20|5:21|5:22|5:23|5:24|5:25|5:26|5:27|5:28|5:29|5:3|5:30|5:31|5:32|5:33|5:34|5:35|5:36|5:37|5:38|5:39|5:4|5:40|5:41|5:42|5:43|5:44|5:45|5:46|5:47|5:48|5:49|5:5|5:50|5:51|5:52|5:53|5:54|5:55|5:56|5:57|5:58|5:59|5:6|5:60|5:61|5:62|5:63|5:7|5:8|5:9
TIERING-OFF-QJ-OFF-QJFL-OFF,310,exact-v9-5-to-6mwe,308784,suction,C2-MIXTURE-PREFIX,320,0,203,1|2|3|4|5,1:0|1:1|1:10|1:11|1:12|1:13|1:14|1:15|1:16|1:17|1:18|1:19|1:2|1:20|1:21|1:22|1:23|1:24|1:25|1:26|1:27|1:28|1:29|1:3|1:30|1:31|1:32|1:33|1:34|1:35|1:36|1:37|1:38|1:39|1:4|1:40|1:41|1:42|1:43|1:44|1:45|1:46|1:47|1:48|1:49|1:5|1:50|1:51|1:52|1:53|1:54|1:55|1:56|1:57|1:58|1:59|1:6|1:60|1:61|1:62|1:63|1:7|1:8|1:9|2:0|2:1|2:10|2:11|2:12|2:13|2:14|2:15|2:16|2:17|2:18|2:19|2:2|2:20|2:21|2:22|2:23|2:24|2:25|2:26|2:27|2:28|2:29|2:3|2:30|2:31|2:32|2:33|2:34|2:35|2:36|2:37|2:38|2:39|2:4|2:40|2:41|2:42|2:43|2:44|2:45|2:46|2:47|2:48|2:49|2:5|2:50|2:51|2:52|2:53|2:54|2:55|2:56|2:57|2:58|2:59|2:6|2:60|2:61|2:62|2:63|2:7|2:8|2:9|3:0|3:1|3:10|3:11|3:12|3:13|3:14|3:15|3:16|3:17|3:18|3:19|3:2|3:20|3:21|3:22|3:23|3:24|3:25|3:26|3:27|3:28|3:29|3:3|3:30|3:31|3:32|3:33|3:34|3:35|3:36|3:37|3:38|3:39|3:4|3:40|3:41|3:42|3:43|3:44|3:45|3:46|3:47|3:48|3:49|3:5|3:50|3:51|3:52|3:53|3:54|3:55|3:56|3:57|3:58|3:59|3:6|3:60|3:61|3:62|3:63|3:7|3:8|3:9|4:0|4:1|4:10|4:11|4:12|4:13|4:14|4:15|4:16|4:17|4:18|4:19|4:2|4:20|4:21|4:22|4:23|4:24|4:25|4:26|4:27|4:28|4:29|4:3|4:30|4:31|4:32|4:33|4:34|4:35|4:36|4:37|4:38|4:39|4:4|4:40|4:41|4:42|4:43|4:44|4:45|4:46|4:47|4:48|4:49|4:5|4:50|4:51|4:52|4:53|4:54|4:55|4:56|4:57|4:58|4:59|4:6|4:60|4:61|4:62|4:63|4:7|4:8|4:9|5:0|5:1|5:10|5:11|5:12|5:13|5:14|5:15|5:16|5:17|5:18|5:19|5:2|5:20|5:21|5:22|5:23|5:24|5:25|5:26|5:27|5:28|5:29|5:3|5:30|5:31|5:32|5:33|5:34|5:35|5:36|5:37|5:38|5:39|5:4|5:40|5:41|5:42|5:43|5:44|5:45|5:46|5:47|5:48|5:49|5:5|5:50|5:51|5:52|5:53|5:54|5:55|5:56|5:57|5:58|5:59|5:6|5:60|5:61|5:62|5:63|5:7|5:8|5:9
TIERING-OFF-QJ-OFF-QJFL-OFF,311,exact-v9-5-to-6mwe,308784,pressure,C2-MIXTURE-PREFIX,320,0,234.9,1|2|3|4|5,1:0|1:1|1:10|1:11|1:12|1:13|1:14|1:15|1:16|1:17|1:18|1:19|1:2|1:20|1:21|1:22|1:23|1:24|1:25|1:26|1:27|1:28|1:29|1:3|1:30|1:31|1:32|1:33|1:34|1:35|1:36|1:37|1:38|1:39|1:4|1:40|1:41|1:42|1:43|1:44|1:45|1:46|1:47|1:48|1:49|1:5|1:50|1:51|1:52|1:53|1:54|1:55|1:56|1:57|1:58|1:59|1:6|1:60|1:61|1:62|1:63|1:7|1:8|1:9|2:0|2:1|2:10|2:11|2:12|2:13|2:14|2:15|2:16|2:17|2:18|2:19|2:2|2:20|2:21|2:22|2:23|2:24|2:25|2:26|2:27|2:28|2:29|2:3|2:30|2:31|2:32|2:33|2:34|2:35|2:36|2:37|2:38|2:39|2:4|2:40|2:41|2:42|2:43|2:44|2:45|2:46|2:47|2:48|2:49|2:5|2:50|2:51|2:52|2:53|2:54|2:55|2:56|2:57|2:58|2:59|2:6|2:60|2:61|2:62|2:63|2:7|2:8|2:9|3:0|3:1|3:10|3:11|3:12|3:13|3:14|3:15|3:16|3:17|3:18|3:19|3:2|3:20|3:21|3:22|3:23|3:24|3:25|3:26|3:27|3:28|3:29|3:3|3:30|3:31|3:32|3:33|3:34|3:35|3:36|3:37|3:38|3:39|3:4|3:40|3:41|3:42|3:43|3:44|3:45|3:46|3:47|3:48|3:49|3:5|3:50|3:51|3:52|3:53|3:54|3:55|3:56|3:57|3:58|3:59|3:6|3:60|3:61|3:62|3:63|3:7|3:8|3:9|4:0|4:1|4:10|4:11|4:12|4:13|4:14|4:15|4:16|4:17|4:18|4:19|4:2|4:20|4:21|4:22|4:23|4:24|4:25|4:26|4:27|4:28|4:29|4:3|4:30|4:31|4:32|4:33|4:34|4:35|4:36|4:37|4:38|4:39|4:4|4:40|4:41|4:42|4:43|4:44|4:45|4:46|4:47|4:48|4:49|4:5|4:50|4:51|4:52|4:53|4:54|4:55|4:56|4:57|4:58|4:59|4:6|4:60|4:61|4:62|4:63|4:7|4:8|4:9|5:0|5:1|5:10|5:11|5:12|5:13|5:14|5:15|5:16|5:17|5:18|5:19|5:2|5:20|5:21|5:22|5:23|5:24|5:25|5:26|5:27|5:28|5:29|5:3|5:30|5:31|5:32|5:33|5:34|5:35|5:36|5:37|5:38|5:39|5:4|5:40|5:41|5:42|5:43|5:44|5:45|5:46|5:47|5:48|5:49|5:5|5:50|5:51|5:52|5:53|5:54|5:55|5:56|5:57|5:58|5:59|5:6|5:60|5:61|5:62|5:63|5:7|5:8|5:9
TIERING-OFF-QJ-OFF-QJFL-OFF,312,exact-v9-5-to-6mwe,308784,outlet,C2-MIXTURE-PREFIX,320,0,186.1,1|2|3|4|5,1:0|1:1|1:10|1:11|1:12|1:13|1:14|1:15|1:16|1:17|1:18|1:19|1:2|1:20|1:21|1:22|1:23|1:24|1:25|1:26|1:27|1:28|1:29|1:3|1:30|1:31|1:32|1:33|1:34|1:35|1:36|1:37|1:38|1:39|1:4|1:40|1:41|1:42|1:43|1:44|1:45|1:46|1:47|1:48|1:49|1:5|1:50|1:51|1:52|1:53|1:54|1:55|1:56|1:57|1:58|1:59|1:6|1:60|1:61|1:62|1:63|1:7|1:8|1:9|2:0|2:1|2:10|2:11|2:12|2:13|2:14|2:15|2:16|2:17|2:18|2:19|2:2|2:20|2:21|2:22|2:23|2:24|2:25|2:26|2:27|2:28|2:29|2:3|2:30|2:31|2:32|2:33|2:34|2:35|2:36|2:37|2:38|2:39|2:4|2:40|2:41|2:42|2:43|2:44|2:45|2:46|2:47|2:48|2:49|2:5|2:50|2:51|2:52|2:53|2:54|2:55|2:56|2:57|2:58|2:59|2:6|2:60|2:61|2:62|2:63|2:7|2:8|2:9|3:0|3:1|3:10|3:11|3:12|3:13|3:14|3:15|3:16|3:17|3:18|3:19|3:2|3:20|3:21|3:22|3:23|3:24|3:25|3:26|3:27|3:28|3:29|3:3|3:30|3:31|3:32|3:33|3:34|3:35|3:36|3:37|3:38|3:39|3:4|3:40|3:41|3:42|3:43|3:44|3:45|3:46|3:47|3:48|3:49|3:5|3:50|3:51|3:52|3:53|3:54|3:55|3:56|3:57|3:58|3:59|3:6|3:60|3:61|3:62|3:63|3:7|3:8|3:9|4:0|4:1|4:10|4:11|4:12|4:13|4:14|4:15|4:16|4:17|4:18|4:19|4:2|4:20|4:21|4:22|4:23|4:24|4:25|4:26|4:27|4:28|4:29|4:3|4:30|4:31|4:32|4:33|4:34|4:35|4:36|4:37|4:38|4:39|4:4|4:40|4:41|4:42|4:43|4:44|4:45|4:46|4:47|4:48|4:49|4:5|4:50|4:51|4:52|4:53|4:54|4:55|4:56|4:57|4:58|4:59|4:6|4:60|4:61|4:62|4:63|4:7|4:8|4:9|5:0|5:1|5:10|5:11|5:12|5:13|5:14|5:15|5:16|5:17|5:18|5:19|5:2|5:20|5:21|5:22|5:23|5:24|5:25|5:26|5:27|5:28|5:29|5:3|5:30|5:31|5:32|5:33|5:34|5:35|5:36|5:37|5:38|5:39|5:4|5:40|5:41|5:42|5:43|5:44|5:45|5:46|5:47|5:48|5:49|5:5|5:50|5:51|5:52|5:53|5:54|5:55|5:56|5:57|5:58|5:59|5:6|5:60|5:61|5:62|5:63|5:7|5:8|5:9
TIERING-OFF-QJ-OFF-QJFL-OFF,313,exact-v9-5-to-6mwe,308784,drum,C2-MIXTURE-PREFIX,320,0,346.1,1|2|3|4|5,1:0|1:1|1:10|1:11|1:12|1:13|1:14|1:15|1:16|1:17|1:18|1:19|1:2|1:20|1:21|1:22|1:23|1:24|1:25|1:26|1:27|1:28|1:29|1:3|1:30|1:31|1:32|1:33|1:34|1:35|1:36|1:37|1:38|1:39|1:4|1:40|1:41|1:42|1:43|1:44|1:45|1:46|1:47|1:48|1:49|1:5|1:50|1:51|1:52|1:53|1:54|1:55|1:56|1:57|1:58|1:59|1:6|1:60|1:61|1:62|1:63|1:7|1:8|1:9|2:0|2:1|2:10|2:11|2:12|2:13|2:14|2:15|2:16|2:17|2:18|2:19|2:2|2:20|2:21|2:22|2:23|2:24|2:25|2:26|2:27|2:28|2:29|2:3|2:30|2:31|2:32|2:33|2:34|2:35|2:36|2:37|2:38|2:39|2:4|2:40|2:41|2:42|2:43|2:44|2:45|2:46|2:47|2:48|2:49|2:5|2:50|2:51|2:52|2:53|2:54|2:55|2:56|2:57|2:58|2:59|2:6|2:60|2:61|2:62|2:63|2:7|2:8|2:9|3:0|3:1|3:10|3:11|3:12|3:13|3:14|3:15|3:16|3:17|3:18|3:19|3:2|3:20|3:21|3:22|3:23|3:24|3:25|3:26|3:27|3:28|3:29|3:3|3:30|3:31|3:32|3:33|3:34|3:35|3:36|3:37|3:38|3:39|3:4|3:40|3:41|3:42|3:43|3:44|3:45|3:46|3:47|3:48|3:49|3:5|3:50|3:51|3:52|3:53|3:54|3:55|3:56|3:57|3:58|3:59|3:6|3:60|3:61|3:62|3:63|3:7|3:8|3:9|4:0|4:1|4:10|4:11|4:12|4:13|4:14|4:15|4:16|4:17|4:18|4:19|4:2|4:20|4:21|4:22|4:23|4:24|4:25|4:26|4:27|4:28|4:29|4:3|4:30|4:31|4:32|4:33|4:34|4:35|4:36|4:37|4:38|4:39|4:4|4:40|4:41|4:42|4:43|4:44|4:45|4:46|4:47|4:48|4:49|4:5|4:50|4:51|4:52|4:53|4:54|4:55|4:56|4:57|4:58|4:59|4:6|4:60|4:61|4:62|4:63|4:7|4:8|4:9|5:0|5:1|5:10|5:11|5:12|5:13|5:14|5:15|5:16|5:17|5:18|5:19|5:2|5:20|5:21|5:22|5:23|5:24|5:25|5:26|5:27|5:28|5:29|5:3|5:30|5:31|5:32|5:33|5:34|5:35|5:36|5:37|5:38|5:39|5:4|5:40|5:41|5:42|5:43|5:44|5:45|5:46|5:47|5:48|5:49|5:5|5:50|5:51|5:52|5:53|5:54|5:55|5:56|5:57|5:58|5:59|5:6|5:60|5:61|5:62|5:63|5:7|5:8|5:9
TIERING-OFF-QJ-OFF-QJFL-OFF,315,exact-v9-5-to-6mwe,314784,suction,C2-MIXTURE-PREFIX,320,0,233,1|2|3|4|5,1:0|1:1|1:10|1:11|1:12|1:13|1:14|1:15|1:16|1:17|1:18|1:19|1:2|1:20|1:21|1:22|1:23|1:24|1:25|1:26|1:27|1:28|1:29|1:3|1:30|1:31|1:32|1:33|1:34|1:35|1:36|1:37|1:38|1:39|1:4|1:40|1:41|1:42|1:43|1:44|1:45|1:46|1:47|1:48|1:49|1:5|1:50|1:51|1:52|1:53|1:54|1:55|1:56|1:57|1:58|1:59|1:6|1:60|1:61|1:62|1:63|1:7|1:8|1:9|2:0|2:1|2:10|2:11|2:12|2:13|2:14|2:15|2:16|2:17|2:18|2:19|2:2|2:20|2:21|2:22|2:23|2:24|2:25|2:26|2:27|2:28|2:29|2:3|2:30|2:31|2:32|2:33|2:34|2:35|2:36|2:37|2:38|2:39|2:4|2:40|2:41|2:42|2:43|2:44|2:45|2:46|2:47|2:48|2:49|2:5|2:50|2:51|2:52|2:53|2:54|2:55|2:56|2:57|2:58|2:59|2:6|2:60|2:61|2:62|2:63|2:7|2:8|2:9|3:0|3:1|3:10|3:11|3:12|3:13|3:14|3:15|3:16|3:17|3:18|3:19|3:2|3:20|3:21|3:22|3:23|3:24|3:25|3:26|3:27|3:28|3:29|3:3|3:30|3:31|3:32|3:33|3:34|3:35|3:36|3:37|3:38|3:39|3:4|3:40|3:41|3:42|3:43|3:44|3:45|3:46|3:47|3:48|3:49|3:5|3:50|3:51|3:52|3:53|3:54|3:55|3:56|3:57|3:58|3:59|3:6|3:60|3:61|3:62|3:63|3:7|3:8|3:9|4:0|4:1|4:10|4:11|4:12|4:13|4:14|4:15|4:16|4:17|4:18|4:19|4:2|4:20|4:21|4:22|4:23|4:24|4:25|4:26|4:27|4:28|4:29|4:3|4:30|4:31|4:32|4:33|4:34|4:35|4:36|4:37|4:38|4:39|4:4|4:40|4:41|4:42|4:43|4:44|4:45|4:46|4:47|4:48|4:49|4:5|4:50|4:51|4:52|4:53|4:54|4:55|4:56|4:57|4:58|4:59|4:6|4:60|4:61|4:62|4:63|4:7|4:8|4:9|5:0|5:1|5:10|5:11|5:12|5:13|5:14|5:15|5:16|5:17|5:18|5:19|5:2|5:20|5:21|5:22|5:23|5:24|5:25|5:26|5:27|5:28|5:29|5:3|5:30|5:31|5:32|5:33|5:34|5:35|5:36|5:37|5:38|5:39|5:4|5:40|5:41|5:42|5:43|5:44|5:45|5:46|5:47|5:48|5:49|5:5|5:50|5:51|5:52|5:53|5:54|5:55|5:56|5:57|5:58|5:59|5:6|5:60|5:61|5:62|5:63|5:7|5:8|5:9
TIERING-OFF-QJ-OFF-QJFL-OFF,316,exact-v9-5-to-6mwe,314784,pressure,C2-MIXTURE-PREFIX,319,0,221.9,1|2|3|4|5,1:0|1:1|1:10|1:11|1:12|1:13|1:14|1:15|1:16|1:17|1:18|1:19|1:2|1:20|1:21|1:22|1:23|1:24|1:25|1:26|1:27|1:28|1:29|1:3|1:30|1:31|1:32|1:33|1:34|1:35|1:36|1:37|1:38|1:39|1:4|1:40|1:41|1:42|1:43|1:44|1:45|1:46|1:47|1:48|1:49|1:5|1:50|1:51|1:52|1:53|1:54|1:55|1:56|1:57|1:58|1:59|1:6|1:60|1:61|1:62|1:63|1:7|1:8|1:9|2:0|2:1|2:10|2:11|2:12|2:13|2:14|2:15|2:16|2:17|2:18|2:19|2:2|2:20|2:21|2:22|2:23|2:24|2:25|2:26|2:27|2:28|2:29|2:3|2:30|2:31|2:32|2:33|2:34|2:35|2:36|2:37|2:38|2:39|2:4|2:40|2:41|2:42|2:43|2:44|2:45|2:46|2:47|2:48|2:49|2:5|2:50|2:51|2:52|2:53|2:54|2:55|2:56|2:57|2:58|2:59|2:6|2:60|2:61|2:62|2:63|2:7|2:8|2:9|3:0|3:1|3:10|3:11|3:12|3:13|3:14|3:15|3:16|3:17|3:18|3:19|3:2|3:20|3:21|3:22|3:23|3:24|3:25|3:26|3:27|3:28|3:29|3:30|3:31|3:32|3:33|3:34|3:35|3:36|3:37|3:38|3:39|3:4|3:40|3:41|3:42|3:43|3:44|3:45|3:46|3:47|3:48|3:49|3:5|3:50|3:51|3:52|3:53|3:54|3:55|3:56|3:57|3:58|3:59|3:6|3:60|3:61|3:62|3:63|3:7|3:8|3:9|4:0|4:1|4:10|4:11|4:12|4:13|4:14|4:15|4:16|4:17|4:18|4:19|4:2|4:20|4:21|4:22|4:23|4:24|4:25|4:26|4:27|4:28|4:29|4:3|4:30|4:31|4:32|4:33|4:34|4:35|4:36|4:37|4:38|4:39|4:4|4:40|4:41|4:42|4:43|4:44|4:45|4:46|4:47|4:48|4:49|4:5|4:50|4:51|4:52|4:53|4:54|4:55|4:56|4:57|4:58|4:59|4:6|4:60|4:61|4:62|4:63|4:7|4:8|4:9|5:0|5:1|5:10|5:11|5:12|5:13|5:14|5:15|5:16|5:17|5:18|5:19|5:2|5:20|5:21|5:22|5:23|5:24|5:25|5:26|5:27|5:28|5:29|5:3|5:30|5:31|5:32|5:33|5:34|5:35|5:36|5:37|5:38|5:39|5:4|5:40|5:41|5:42|5:43|5:44|5:45|5:46|5:47|5:48|5:49|5:5|5:50|5:51|5:52|5:53|5:54|5:55|5:56|5:57|5:58|5:59|5:6|5:60|5:61|5:62|5:63|5:7|5:8|5:9
TIERING-OFF-QJ-OFF-QJFL-OFF,317,exact-v9-5-to-6mwe,314784,outlet,C2-MIXTURE-PREFIX,319,0,371.5,1|2|3|4|5,1:0|1:1|1:10|1:11|1:12|1:13|1:14|1:15|1:16|1:17|1:18|1:19|1:2|1:20|1:21|1:22|1:23|1:24|1:25|1:26|1:27|1:28|1:29|1:3|1:30|1:31|1:32|1:33|1:34|1:35|1:36|1:37|1:38|1:39|1:4|1:40|1:41|1:42|1:43|1:44|1:45|1:46|1:47|1:48|1:49|1:5|1:50|1:51|1:52|1:53|1:54|1:55|1:56|1:57|1:58|1:59|1:6|1:60|1:61|1:62|1:63|1:7|1:8|1:9|2:0|2:1|2:10|2:11|2:12|2:13|2:14|2:15|2:16|2:17|2:18|2:19|2:2|2:20|2:21|2:22|2:23|2:24|2:25|2:26|2:27|2:28|2:29|2:3|2:30|2:31|2:32|2:33|2:34|2:35|2:36|2:37|2:38|2:39|2:4|2:40|2:41|2:42|2:43|2:44|2:45|2:46|2:47|2:48|2:49|2:5|2:50|2:51|2:52|2:53|2:54|2:55|2:56|2:57|2:58|2:59|2:6|2:60|2:61|2:62|2:63|2:7|2:8|2:9|3:0|3:1|3:10|3:11|3:12|3:13|3:14|3:15|3:16|3:17|3:18|3:19|3:2|3:20|3:21|3:22|3:23|3:24|3:25|3:26|3:27|3:28|3:29|3:30|3:31|3:32|3:33|3:34|3:35|3:36|3:37|3:38|3:39|3:4|3:40|3:41|3:42|3:43|3:44|3:45|3:46|3:47|3:48|3:49|3:5|3:50|3:51|3:52|3:53|3:54|3:55|3:56|3:57|3:58|3:59|3:6|3:60|3:61|3:62|3:63|3:7|3:8|3:9|4:0|4:1|4:10|4:11|4:12|4:13|4:14|4:15|4:16|4:17|4:18|4:19|4:2|4:20|4:21|4:22|4:23|4:24|4:25|4:26|4:27|4:28|4:29|4:3|4:30|4:31|4:32|4:33|4:34|4:35|4:36|4:37|4:38|4:39|4:4|4:40|4:41|4:42|4:43|4:44|4:45|4:46|4:47|4:48|4:49|4:5|4:50|4:51|4:52|4:53|4:54|4:55|4:56|4:57|4:58|4:59|4:6|4:60|4:61|4:62|4:63|4:7|4:8|4:9|5:0|5:1|5:10|5:11|5:12|5:13|5:14|5:15|5:16|5:17|5:18|5:19|5:2|5:20|5:21|5:22|5:23|5:24|5:25|5:26|5:27|5:28|5:29|5:3|5:30|5:31|5:32|5:33|5:34|5:35|5:36|5:37|5:38|5:39|5:4|5:40|5:41|5:42|5:43|5:44|5:45|5:46|5:47|5:48|5:49|5:5|5:50|5:51|5:52|5:53|5:54|5:55|5:56|5:57|5:58|5:59|5:6|5:60|5:61|5:62|5:63|5:7|5:8|5:9
TIERING-OFF-QJ-OFF-QJFL-OFF,318,exact-v9-5-to-6mwe,314784,drum,C2-MIXTURE-PREFIX,319,0,332.7,1|2|3|4|5,1:0|1:1|1:10|1:11|1:12|1:13|1:14|1:15|1:16|1:17|1:18|1:19|1:2|1:20|1:21|1:22|1:23|1:24|1:25|1:26|1:27|1:28|1:29|1:3|1:30|1:31|1:32|1:33|1:34|1:35|1:36|1:37|1:38|1:39|1:4|1:40|1:41|1:42|1:43|1:44|1:45|1:46|1:47|1:48|1:49|1:5|1:50|1:51|1:52|1:53|1:54|1:55|1:56|1:57|1:58|1:59|1:6|1:60|1:61|1:62|1:63|1:7|1:8|1:9|2:0|2:1|2:10|2:11|2:12|2:13|2:14|2:15|2:16|2:17|2:18|2:19|2:2|2:20|2:21|2:22|2:23|2:24|2:25|2:26|2:27|2:28|2:29|2:3|2:30|2:31|2:32|2:33|2:34|2:35|2:36|2:37|2:38|2:39|2:4|2:40|2:41|2:42|2:43|2:44|2:45|2:46|2:47|2:48|2:49|2:5|2:50|2:51|2:52|2:53|2:54|2:55|2:56|2:57|2:58|2:59|2:6|2:60|2:61|2:62|2:63|2:7|2:8|2:9|3:0|3:1|3:10|3:11|3:12|3:13|3:14|3:15|3:16|3:17|3:18|3:19|3:2|3:20|3:21|3:22|3:23|3:24|3:25|3:26|3:27|3:28|3:29|3:30|3:31|3:32|3:33|3:34|3:35|3:36|3:37|3:38|3:39|3:4|3:40|3:41|3:42|3:43|3:44|3:45|3:46|3:47|3:48|3:49|3:5|3:50|3:51|3:52|3:53|3:54|3:55|3:56|3:57|3:58|3:59|3:6|3:60|3:61|3:62|3:63|3:7|3:8|3:9|4:0|4:1|4:10|4:11|4:12|4:13|4:14|4:15|4:16|4:17|4:18|4:19|4:2|4:20|4:21|4:22|4:23|4:24|4:25|4:26|4:27|4:28|4:29|4:3|4:30|4:31|4:32|4:33|4:34|4:35|4:36|4:37|4:38|4:39|4:4|4:40|4:41|4:42|4:43|4:44|4:45|4:46|4:47|4:48|4:49|4:5|4:50|4:51|4:52|4:53|4:54|4:55|4:56|4:57|4:58|4:59|4:6|4:60|4:61|4:62|4:63|4:7|4:8|4:9|5:0|5:1|5:10|5:11|5:12|5:13|5:14|5:15|5:16|5:17|5:18|5:19|5:2|5:20|5:21|5:22|5:23|5:24|5:25|5:26|5:27|5:28|5:29|5:3|5:30|5:31|5:32|5:33|5:34|5:35|5:36|5:37|5:38|5:39|5:4|5:40|5:41|5:42|5:43|5:44|5:45|5:46|5:47|5:48|5:49|5:5|5:50|5:51|5:52|5:53|5:54|5:55|5:56|5:57|5:58|5:59|5:6|5:60|5:61|5:62|5:63|5:7|5:8|5:9
TIERING-OFF-QJ-OFF-QJFL-OFF,319,exact-v9-5-to-6mwe,314784,feedwater-inventory,C2-MIXTURE-PREFIX,2,0,274.9,2|5,2:24|5:15
TIERING-OFF-QJ-OFF-QJFL-OFF,32,background-reference,36000,outlet,C2-MIXTURE-PREFIX,320,0,236.5,1|2|3|4|5,1:0|1:1|1:10|1:11|1:12|1:13|1:14|1:15|1:16|1:17|1:18|1:19|1:2|1:20|1:21|1:22|1:23|1:24|1:25|1:26|1:27|1:28|1:29|1:3|1:30|1:31|1:32|1:33|1:34|1:35|1:36|1:37|1:38|1:39|1:4|1:40|1:41|1:42|1:43|1:44|1:45|1:46|1:47|1:48|1:49|1:5|1:50|1:51|1:52|1:53|1:54|1:55|1:56|1:57|1:58|1:59|1:6|1:60|1:61|1:62|1:63|1:7|1:8|1:9|2:0|2:1|2:10|2:11|2:12|2:13|2:14|2:15|2:16|2:17|2:18|2:19|2:2|2:20|2:21|2:22|2:23|2:24|2:25|2:26|2:27|2:28|2:29|2:3|2:30|2:31|2:32|2:33|2:34|2:35|2:36|2:37|2:38|2:39|2:4|2:40|2:41|2:42|2:43|2:44|2:45|2:46|2:47|2:48|2:49|2:5|2:50|2:51|2:52|2:53|2:54|2:55|2:56|2:57|2:58|2:59|2:6|2:60|2:61|2:62|2:63|2:7|2:8|2:9|3:0|3:1|3:10|3:11|3:12|3:13|3:14|3:15|3:16|3:17|3:18|3:19|3:2|3:20|3:21|3:22|3:23|3:24|3:25|3:26|3:27|3:28|3:29|3:3|3:30|3:31|3:32|3:33|3:34|3:35|3:36|3:37|3:38|3:39|3:4|3:40|3:41|3:42|3:43|3:44|3:45|3:46|3:47|3:48|3:49|3:5|3:50|3:51|3:52|3:53|3:54|3:55|3:56|3:57|3:58|3:59|3:6|3:60|3:61|3:62|3:63|3:7|3:8|3:9|4:0|4:1|4:10|4:11|4:12|4:13|4:14|4:15|4:16|4:17|4:18|4:19|4:2|4:20|4:21|4:22|4:23|4:24|4:25|4:26|4:27|4:28|4:29|4:3|4:30|4:31|4:32|4:33|4:34|4:35|4:36|4:37|4:38|4:39|4:4|4:40|4:41|4:42|4:43|4:44|4:45|4:46|4:47|4:48|4:49|4:5|4:50|4:51|4:52|4:53|4:54|4:55|4:56|4:57|4:58|4:59|4:6|4:60|4:61|4:62|4:63|4:7|4:8|4:9|5:0|5:1|5:10|5:11|5:12|5:13|5:14|5:15|5:16|5:17|5:18|5:19|5:2|5:20|5:21|5:22|5:23|5:24|5:25|5:26|5:27|5:28|5:29|5:3|5:30|5:31|5:32|5:33|5:34|5:35|5:36|5:37|5:38|5:39|5:4|5:40|5:41|5:42|5:43|5:44|5:45|5:46|5:47|5:48|5:49|5:5|5:50|5:51|5:52|5:53|5:54|5:55|5:56|5:57|5:58|5:59|5:6|5:60|5:61|5:62|5:63|5:7|5:8|5:9
TIERING-OFF-QJ-OFF-QJFL-OFF,320,exact-v9-5-to-6mwe,320784,suction,C2-MIXTURE-PREFIX,320,0,276.4,1|2|3|4|5,1:0|1:1|1:10|1:11|1:12|1:13|1:14|1:15|1:16|1:17|1:18|1:19|1:2|1:20|1:21|1:22|1:23|1:24|1:25|1:26|1:27|1:28|1:29|1:3|1:30|1:31|1:32|1:33|1:34|1:35|1:36|1:37|1:38|1:39|1:4|1:40|1:41|1:42|1:43|1:44|1:45|1:46|1:47|1:48|1:49|1:5|1:50|1:51|1:52|1:53|1:54|1:55|1:56|1:57|1:58|1:59|1:6|1:60|1:61|1:62|1:63|1:7|1:8|1:9|2:0|2:1|2:10|2:11|2:12|2:13|2:14|2:15|2:16|2:17|2:18|2:19|2:2|2:20|2:21|2:22|2:23|2:24|2:25|2:26|2:27|2:28|2:29|2:3|2:30|2:31|2:32|2:33|2:34|2:35|2:36|2:37|2:38|2:39|2:4|2:40|2:41|2:42|2:43|2:44|2:45|2:46|2:47|2:48|2:49|2:5|2:50|2:51|2:52|2:53|2:54|2:55|2:56|2:57|2:58|2:59|2:6|2:60|2:61|2:62|2:63|2:7|2:8|2:9|3:0|3:1|3:10|3:11|3:12|3:13|3:14|3:15|3:16|3:17|3:18|3:19|3:2|3:20|3:21|3:22|3:23|3:24|3:25|3:26|3:27|3:28|3:29|3:3|3:30|3:31|3:32|3:33|3:34|3:35|3:36|3:37|3:38|3:39|3:4|3:40|3:41|3:42|3:43|3:44|3:45|3:46|3:47|3:48|3:49|3:5|3:50|3:51|3:52|3:53|3:54|3:55|3:56|3:57|3:58|3:59|3:6|3:60|3:61|3:62|3:63|3:7|3:8|3:9|4:0|4:1|4:10|4:11|4:12|4:13|4:14|4:15|4:16|4:17|4:18|4:19|4:2|4:20|4:21|4:22|4:23|4:24|4:25|4:26|4:27|4:28|4:29|4:3|4:30|4:31|4:32|4:33|4:34|4:35|4:36|4:37|4:38|4:39|4:4|4:40|4:41|4:42|4:43|4:44|4:45|4:46|4:47|4:48|4:49|4:5|4:50|4:51|4:52|4:53|4:54|4:55|4:56|4:57|4:58|4:59|4:6|4:60|4:61|4:62|4:63|4:7|4:8|4:9|5:0|5:1|5:10|5:11|5:12|5:13|5:14|5:15|5:16|5:17|5:18|5:19|5:2|5:20|5:21|5:22|5:23|5:24|5:25|5:26|5:27|5:28|5:29|5:3|5:30|5:31|5:32|5:33|5:34|5:35|5:36|5:37|5:38|5:39|5:4|5:40|5:41|5:42|5:43|5:44|5:45|5:46|5:47|5:48|5:49|5:5|5:50|5:51|5:52|5:53|5:54|5:55|5:56|5:57|5:58|5:59|5:6|5:60|5:61|5:62|5:63|5:7|5:8|5:9
TIERING-OFF-QJ-OFF-QJFL-OFF,321,exact-v9-5-to-6mwe,320784,pressure,C2-MIXTURE-PREFIX,320,1,630.6,1|2|3|4|5,1:0|1:1|1:10|1:11|1:12|1:13|1:14|1:15|1:16|1:17|1:18|1:19|1:2|1:20|1:21|1:22|1:23|1:24|1:25|1:26|1:27|1:28|1:29|1:3|1:30|1:31|1:32|1:33|1:34|1:35|1:36|1:37|1:38|1:39|1:4|1:40|1:41|1:42|1:43|1:44|1:45|1:46|1:47|1:48|1:49|1:5|1:50|1:51|1:52|1:53|1:54|1:55|1:56|1:57|1:58|1:59|1:6|1:60|1:61|1:62|1:63|1:7|1:8|1:9|2:0|2:1|2:10|2:11|2:12|2:13|2:14|2:15|2:16|2:17|2:18|2:19|2:2|2:20|2:21|2:22|2:23|2:24|2:25|2:26|2:27|2:28|2:29|2:3|2:30|2:31|2:32|2:33|2:34|2:35|2:36|2:37|2:38|2:39|2:4|2:40|2:41|2:42|2:43|2:44|2:45|2:46|2:47|2:48|2:49|2:5|2:50|2:51|2:52|2:53|2:54|2:55|2:56|2:57|2:58|2:59|2:6|2:60|2:61|2:62|2:63|2:7|2:8|2:9|3:0|3:1|3:10|3:11|3:12|3:13|3:14|3:15|3:16|3:17|3:18|3:19|3:2|3:20|3:21|3:22|3:23|3:24|3:25|3:26|3:27|3:28|3:29|3:3|3:30|3:31|3:32|3:33|3:34|3:35|3:36|3:37|3:38|3:39|3:4|3:40|3:41|3:42|3:43|3:44|3:45|3:46|3:47|3:48|3:49|3:5|3:50|3:51|3:52|3:53|3:54|3:55|3:56|3:57|3:58|3:59|3:6|3:60|3:61|3:62|3:63|3:7|3:8|3:9|4:0|4:1|4:10|4:11|4:12|4:13|4:14|4:15|4:16|4:17|4:18|4:19|4:2|4:20|4:21|4:22|4:23|4:24|4:25|4:26|4:27|4:28|4:29|4:3|4:30|4:31|4:32|4:33|4:34|4:35|4:36|4:37|4:38|4:39|4:4|4:40|4:41|4:42|4:43|4:44|4:45|4:46|4:47|4:48|4:49|4:5|4:50|4:51|4:52|4:53|4:54|4:55|4:56|4:57|4:58|4:59|4:6|4:60|4:61|4:62|4:63|4:7|4:8|4:9|5:0|5:1|5:10|5:11|5:12|5:13|5:14|5:15|5:16|5:17|5:18|5:19|5:2|5:20|5:21|5:22|5:23|5:24|5:25|5:26|5:27|5:28|5:29|5:3|5:30|5:31|5:32|5:33|5:34|5:35|5:36|5:37|5:38|5:39|5:4|5:40|5:41|5:42|5:43|5:44|5:45|5:46|5:47|5:48|5:49|5:5|5:50|5:51|5:52|5:53|5:54|5:55|5:56|5:57|5:58|5:59|5:6|5:60|5:61|5:62|5:63|5:7|5:8|5:9
TIERING-OFF-QJ-OFF-QJFL-OFF,322,exact-v9-5-to-6mwe,320784,outlet,C2-MIXTURE-PREFIX,320,0,377.3,1|2|3|4|5,1:0|1:1|1:10|1:11|1:12|1:13|1:14|1:15|1:16|1:17|1:18|1:19|1:2|1:20|1:21|1:22|1:23|1:24|1:25|1:26|1:27|1:28|1:29|1:3|1:30|1:31|1:32|1:33|1:34|1:35|1:36|1:37|1:38|1:39|1:4|1:40|1:41|1:42|1:43|1:44|1:45|1:46|1:47|1:48|1:49|1:5|1:50|1:51|1:52|1:53|1:54|1:55|1:56|1:57|1:58|1:59|1:6|1:60|1:61|1:62|1:63|1:7|1:8|1:9|2:0|2:1|2:10|2:11|2:12|2:13|2:14|2:15|2:16|2:17|2:18|2:19|2:2|2:20|2:21|2:22|2:23|2:24|2:25|2:26|2:27|2:28|2:29|2:3|2:30|2:31|2:32|2:33|2:34|2:35|2:36|2:37|2:38|2:39|2:4|2:40|2:41|2:42|2:43|2:44|2:45|2:46|2:47|2:48|2:49|2:5|2:50|2:51|2:52|2:53|2:54|2:55|2:56|2:57|2:58|2:59|2:6|2:60|2:61|2:62|2:63|2:7|2:8|2:9|3:0|3:1|3:10|3:11|3:12|3:13|3:14|3:15|3:16|3:17|3:18|3:19|3:2|3:20|3:21|3:22|3:23|3:24|3:25|3:26|3:27|3:28|3:29|3:3|3:30|3:31|3:32|3:33|3:34|3:35|3:36|3:37|3:38|3:39|3:4|3:40|3:41|3:42|3:43|3:44|3:45|3:46|3:47|3:48|3:49|3:5|3:50|3:51|3:52|3:53|3:54|3:55|3:56|3:57|3:58|3:59|3:6|3:60|3:61|3:62|3:63|3:7|3:8|3:9|4:0|4:1|4:10|4:11|4:12|4:13|4:14|4:15|4:16|4:17|4:18|4:19|4:2|4:20|4:21|4:22|4:23|4:24|4:25|4:26|4:27|4:28|4:29|4:3|4:30|4:31|4:32|4:33|4:34|4:35|4:36|4:37|4:38|4:39|4:4|4:40|4:41|4:42|4:43|4:44|4:45|4:46|4:47|4:48|4:49|4:5|4:50|4:51|4:52|4:53|4:54|4:55|4:56|4:57|4:58|4:59|4:6|4:60|4:61|4:62|4:63|4:7|4:8|4:9|5:0|5:1|5:10|5:11|5:12|5:13|5:14|5:15|5:16|5:17|5:18|5:19|5:2|5:20|5:21|5:22|5:23|5:24|5:25|5:26|5:27|5:28|5:29|5:3|5:30|5:31|5:32|5:33|5:34|5:35|5:36|5:37|5:38|5:39|5:4|5:40|5:41|5:42|5:43|5:44|5:45|5:46|5:47|5:48|5:49|5:5|5:50|5:51|5:52|5:53|5:54|5:55|5:56|5:57|5:58|5:59|5:6|5:60|5:61|5:62|5:63|5:7|5:8|5:9
TIERING-OFF-QJ-OFF-QJFL-OFF,323,exact-v9-5-to-6mwe,320784,drum,C2-MIXTURE-PREFIX,320,0,244.4,1|2|3|4|5,1:0|1:1|1:10|1:11|1:12|1:13|1:14|1:15|1:16|1:17|1:18|1:19|1:2|1:20|1:21|1:22|1:23|1:24|1:25|1:26|1:27|1:28|1:29|1:3|1:30|1:31|1:32|1:33|1:34|1:35|1:36|1:37|1:38|1:39|1:4|1:40|1:41|1:42|1:43|1:44|1:45|1:46|1:47|1:48|1:49|1:5|1:50|1:51|1:52|1:53|1:54|1:55|1:56|1:57|1:58|1:59|1:6|1:60|1:61|1:62|1:63|1:7|1:8|1:9|2:0|2:1|2:10|2:11|2:12|2:13|2:14|2:15|2:16|2:17|2:18|2:19|2:2|2:20|2:21|2:22|2:23|2:24|2:25|2:26|2:27|2:28|2:29|2:3|2:30|2:31|2:32|2:33|2:34|2:35|2:36|2:37|2:38|2:39|2:4|2:40|2:41|2:42|2:43|2:44|2:45|2:46|2:47|2:48|2:49|2:5|2:50|2:51|2:52|2:53|2:54|2:55|2:56|2:57|2:58|2:59|2:6|2:60|2:61|2:62|2:63|2:7|2:8|2:9|3:0|3:1|3:10|3:11|3:12|3:13|3:14|3:15|3:16|3:17|3:18|3:19|3:2|3:20|3:21|3:22|3:23|3:24|3:25|3:26|3:27|3:28|3:29|3:3|3:30|3:31|3:32|3:33|3:34|3:35|3:36|3:37|3:38|3:39|3:4|3:40|3:41|3:42|3:43|3:44|3:45|3:46|3:47|3:48|3:49|3:5|3:50|3:51|3:52|3:53|3:54|3:55|3:56|3:57|3:58|3:59|3:6|3:60|3:61|3:62|3:63|3:7|3:8|3:9|4:0|4:1|4:10|4:11|4:12|4:13|4:14|4:15|4:16|4:17|4:18|4:19|4:2|4:20|4:21|4:22|4:23|4:24|4:25|4:26|4:27|4:28|4:29|4:3|4:30|4:31|4:32|4:33|4:34|4:35|4:36|4:37|4:38|4:39|4:4|4:40|4:41|4:42|4:43|4:44|4:45|4:46|4:47|4:48|4:49|4:5|4:50|4:51|4:52|4:53|4:54|4:55|4:56|4:57|4:58|4:59|4:6|4:60|4:61|4:62|4:63|4:7|4:8|4:9|5:0|5:1|5:10|5:11|5:12|5:13|5:14|5:15|5:16|5:17|5:18|5:19|5:2|5:20|5:21|5:22|5:23|5:24|5:25|5:26|5:27|5:28|5:29|5:3|5:30|5:31|5:32|5:33|5:34|5:35|5:36|5:37|5:38|5:39|5:4|5:40|5:41|5:42|5:43|5:44|5:45|5:46|5:47|5:48|5:49|5:5|5:50|5:51|5:52|5:53|5:54|5:55|5:56|5:57|5:58|5:59|5:6|5:60|5:61|5:62|5:63|5:7|5:8|5:9
TIERING-OFF-QJ-OFF-QJFL-OFF,325,exact-v9-5-to-6mwe,326784,suction,C2-MIXTURE-PREFIX,320,0,367.5,1|2|3|4|5,1:0|1:1|1:10|1:11|1:12|1:13|1:14|1:15|1:16|1:17|1:18|1:19|1:2|1:20|1:21|1:22|1:23|1:24|1:25|1:26|1:27|1:28|1:29|1:3|1:30|1:31|1:32|1:33|1:34|1:35|1:36|1:37|1:38|1:39|1:4|1:40|1:41|1:42|1:43|1:44|1:45|1:46|1:47|1:48|1:49|1:5|1:50|1:51|1:52|1:53|1:54|1:55|1:56|1:57|1:58|1:59|1:6|1:60|1:61|1:62|1:63|1:7|1:8|1:9|2:0|2:1|2:10|2:11|2:12|2:13|2:14|2:15|2:16|2:17|2:18|2:19|2:2|2:20|2:21|2:22|2:23|2:24|2:25|2:26|2:27|2:28|2:29|2:3|2:30|2:31|2:32|2:33|2:34|2:35|2:36|2:37|2:38|2:39|2:4|2:40|2:41|2:42|2:43|2:44|2:45|2:46|2:47|2:48|2:49|2:5|2:50|2:51|2:52|2:53|2:54|2:55|2:56|2:57|2:58|2:59|2:6|2:60|2:61|2:62|2:63|2:7|2:8|2:9|3:0|3:1|3:10|3:11|3:12|3:13|3:14|3:15|3:16|3:17|3:18|3:19|3:2|3:20|3:21|3:22|3:23|3:24|3:25|3:26|3:27|3:28|3:29|3:3|3:30|3:31|3:32|3:33|3:34|3:35|3:36|3:37|3:38|3:39|3:4|3:40|3:41|3:42|3:43|3:44|3:45|3:46|3:47|3:48|3:49|3:5|3:50|3:51|3:52|3:53|3:54|3:55|3:56|3:57|3:58|3:59|3:6|3:60|3:61|3:62|3:63|3:7|3:8|3:9|4:0|4:1|4:10|4:11|4:12|4:13|4:14|4:15|4:16|4:17|4:18|4:19|4:2|4:20|4:21|4:22|4:23|4:24|4:25|4:26|4:27|4:28|4:29|4:3|4:30|4:31|4:32|4:33|4:34|4:35|4:36|4:37|4:38|4:39|4:4|4:40|4:41|4:42|4:43|4:44|4:45|4:46|4:47|4:48|4:49|4:5|4:50|4:51|4:52|4:53|4:54|4:55|4:56|4:57|4:58|4:59|4:6|4:60|4:61|4:62|4:63|4:7|4:8|4:9|5:0|5:1|5:10|5:11|5:12|5:13|5:14|5:15|5:16|5:17|5:18|5:19|5:2|5:20|5:21|5:22|5:23|5:24|5:25|5:26|5:27|5:28|5:29|5:3|5:30|5:31|5:32|5:33|5:34|5:35|5:36|5:37|5:38|5:39|5:4|5:40|5:41|5:42|5:43|5:44|5:45|5:46|5:47|5:48|5:49|5:5|5:50|5:51|5:52|5:53|5:54|5:55|5:56|5:57|5:58|5:59|5:6|5:60|5:61|5:62|5:63|5:7|5:8|5:9
TIERING-OFF-QJ-OFF-QJFL-OFF,326,exact-v9-5-to-6mwe,326784,pressure,C2-MIXTURE-PREFIX,320,0,228.5,1|2|3|4|5,1:0|1:1|1:10|1:11|1:12|1:13|1:14|1:15|1:16|1:17|1:18|1:19|1:2|1:20|1:21|1:22|1:23|1:24|1:25|1:26|1:27|1:28|1:29|1:3|1:30|1:31|1:32|1:33|1:34|1:35|1:36|1:37|1:38|1:39|1:4|1:40|1:41|1:42|1:43|1:44|1:45|1:46|1:47|1:48|1:49|1:5|1:50|1:51|1:52|1:53|1:54|1:55|1:56|1:57|1:58|1:59|1:6|1:60|1:61|1:62|1:63|1:7|1:8|1:9|2:0|2:1|2:10|2:11|2:12|2:13|2:14|2:15|2:16|2:17|2:18|2:19|2:2|2:20|2:21|2:22|2:23|2:24|2:25|2:26|2:27|2:28|2:29|2:3|2:30|2:31|2:32|2:33|2:34|2:35|2:36|2:37|2:38|2:39|2:4|2:40|2:41|2:42|2:43|2:44|2:45|2:46|2:47|2:48|2:49|2:5|2:50|2:51|2:52|2:53|2:54|2:55|2:56|2:57|2:58|2:59|2:6|2:60|2:61|2:62|2:63|2:7|2:8|2:9|3:0|3:1|3:10|3:11|3:12|3:13|3:14|3:15|3:16|3:17|3:18|3:19|3:2|3:20|3:21|3:22|3:23|3:24|3:25|3:26|3:27|3:28|3:29|3:3|3:30|3:31|3:32|3:33|3:34|3:35|3:36|3:37|3:38|3:39|3:4|3:40|3:41|3:42|3:43|3:44|3:45|3:46|3:47|3:48|3:49|3:5|3:50|3:51|3:52|3:53|3:54|3:55|3:56|3:57|3:58|3:59|3:6|3:60|3:61|3:62|3:63|3:7|3:8|3:9|4:0|4:1|4:10|4:11|4:12|4:13|4:14|4:15|4:16|4:17|4:18|4:19|4:2|4:20|4:21|4:22|4:23|4:24|4:25|4:26|4:27|4:28|4:29|4:3|4:30|4:31|4:32|4:33|4:34|4:35|4:36|4:37|4:38|4:39|4:4|4:40|4:41|4:42|4:43|4:44|4:45|4:46|4:47|4:48|4:49|4:5|4:50|4:51|4:52|4:53|4:54|4:55|4:56|4:57|4:58|4:59|4:6|4:60|4:61|4:62|4:63|4:7|4:8|4:9|5:0|5:1|5:10|5:11|5:12|5:13|5:14|5:15|5:16|5:17|5:18|5:19|5:2|5:20|5:21|5:22|5:23|5:24|5:25|5:26|5:27|5:28|5:29|5:3|5:30|5:31|5:32|5:33|5:34|5:35|5:36|5:37|5:38|5:39|5:4|5:40|5:41|5:42|5:43|5:44|5:45|5:46|5:47|5:48|5:49|5:5|5:50|5:51|5:52|5:53|5:54|5:55|5:56|5:57|5:58|5:59|5:6|5:60|5:61|5:62|5:63|5:7|5:8|5:9
TIERING-OFF-QJ-OFF-QJFL-OFF,327,exact-v9-5-to-6mwe,326784,outlet,C2-MIXTURE-PREFIX,320,0,354.5,1|2|3|4|5,1:0|1:1|1:10|1:11|1:12|1:13|1:14|1:15|1:16|1:17|1:18|1:19|1:2|1:20|1:21|1:22|1:23|1:24|1:25|1:26|1:27|1:28|1:29|1:3|1:30|1:31|1:32|1:33|1:34|1:35|1:36|1:37|1:38|1:39|1:4|1:40|1:41|1:42|1:43|1:44|1:45|1:46|1:47|1:48|1:49|1:5|1:50|1:51|1:52|1:53|1:54|1:55|1:56|1:57|1:58|1:59|1:6|1:60|1:61|1:62|1:63|1:7|1:8|1:9|2:0|2:1|2:10|2:11|2:12|2:13|2:14|2:15|2:16|2:17|2:18|2:19|2:2|2:20|2:21|2:22|2:23|2:24|2:25|2:26|2:27|2:28|2:29|2:3|2:30|2:31|2:32|2:33|2:34|2:35|2:36|2:37|2:38|2:39|2:4|2:40|2:41|2:42|2:43|2:44|2:45|2:46|2:47|2:48|2:49|2:5|2:50|2:51|2:52|2:53|2:54|2:55|2:56|2:57|2:58|2:59|2:6|2:60|2:61|2:62|2:63|2:7|2:8|2:9|3:0|3:1|3:10|3:11|3:12|3:13|3:14|3:15|3:16|3:17|3:18|3:19|3:2|3:20|3:21|3:22|3:23|3:24|3:25|3:26|3:27|3:28|3:29|3:3|3:30|3:31|3:32|3:33|3:34|3:35|3:36|3:37|3:38|3:39|3:4|3:40|3:41|3:42|3:43|3:44|3:45|3:46|3:47|3:48|3:49|3:5|3:50|3:51|3:52|3:53|3:54|3:55|3:56|3:57|3:58|3:59|3:6|3:60|3:61|3:62|3:63|3:7|3:8|3:9|4:0|4:1|4:10|4:11|4:12|4:13|4:14|4:15|4:16|4:17|4:18|4:19|4:2|4:20|4:21|4:22|4:23|4:24|4:25|4:26|4:27|4:28|4:29|4:3|4:30|4:31|4:32|4:33|4:34|4:35|4:36|4:37|4:38|4:39|4:4|4:40|4:41|4:42|4:43|4:44|4:45|4:46|4:47|4:48|4:49|4:5|4:50|4:51|4:52|4:53|4:54|4:55|4:56|4:57|4:58|4:59|4:6|4:60|4:61|4:62|4:63|4:7|4:8|4:9|5:0|5:1|5:10|5:11|5:12|5:13|5:14|5:15|5:16|5:17|5:18|5:19|5:2|5:20|5:21|5:22|5:23|5:24|5:25|5:26|5:27|5:28|5:29|5:3|5:30|5:31|5:32|5:33|5:34|5:35|5:36|5:37|5:38|5:39|5:4|5:40|5:41|5:42|5:43|5:44|5:45|5:46|5:47|5:48|5:49|5:5|5:50|5:51|5:52|5:53|5:54|5:55|5:56|5:57|5:58|5:59|5:6|5:60|5:61|5:62|5:63|5:7|5:8|5:9
TIERING-OFF-QJ-OFF-QJFL-OFF,328,exact-v9-5-to-6mwe,326784,drum,C2-MIXTURE-PREFIX,320,0,243.4,1|2|3|4|5,1:0|1:1|1:10|1:11|1:12|1:13|1:14|1:15|1:16|1:17|1:18|1:19|1:2|1:20|1:21|1:22|1:23|1:24|1:25|1:26|1:27|1:28|1:29|1:3|1:30|1:31|1:32|1:33|1:34|1:35|1:36|1:37|1:38|1:39|1:4|1:40|1:41|1:42|1:43|1:44|1:45|1:46|1:47|1:48|1:49|1:5|1:50|1:51|1:52|1:53|1:54|1:55|1:56|1:57|1:58|1:59|1:6|1:60|1:61|1:62|1:63|1:7|1:8|1:9|2:0|2:1|2:10|2:11|2:12|2:13|2:14|2:15|2:16|2:17|2:18|2:19|2:2|2:20|2:21|2:22|2:23|2:24|2:25|2:26|2:27|2:28|2:29|2:3|2:30|2:31|2:32|2:33|2:34|2:35|2:36|2:37|2:38|2:39|2:4|2:40|2:41|2:42|2:43|2:44|2:45|2:46|2:47|2:48|2:49|2:5|2:50|2:51|2:52|2:53|2:54|2:55|2:56|2:57|2:58|2:59|2:6|2:60|2:61|2:62|2:63|2:7|2:8|2:9|3:0|3:1|3:10|3:11|3:12|3:13|3:14|3:15|3:16|3:17|3:18|3:19|3:2|3:20|3:21|3:22|3:23|3:24|3:25|3:26|3:27|3:28|3:29|3:3|3:30|3:31|3:32|3:33|3:34|3:35|3:36|3:37|3:38|3:39|3:4|3:40|3:41|3:42|3:43|3:44|3:45|3:46|3:47|3:48|3:49|3:5|3:50|3:51|3:52|3:53|3:54|3:55|3:56|3:57|3:58|3:59|3:6|3:60|3:61|3:62|3:63|3:7|3:8|3:9|4:0|4:1|4:10|4:11|4:12|4:13|4:14|4:15|4:16|4:17|4:18|4:19|4:2|4:20|4:21|4:22|4:23|4:24|4:25|4:26|4:27|4:28|4:29|4:3|4:30|4:31|4:32|4:33|4:34|4:35|4:36|4:37|4:38|4:39|4:4|4:40|4:41|4:42|4:43|4:44|4:45|4:46|4:47|4:48|4:49|4:5|4:50|4:51|4:52|4:53|4:54|4:55|4:56|4:57|4:58|4:59|4:6|4:60|4:61|4:62|4:63|4:7|4:8|4:9|5:0|5:1|5:10|5:11|5:12|5:13|5:14|5:15|5:16|5:17|5:18|5:19|5:2|5:20|5:21|5:22|5:23|5:24|5:25|5:26|5:27|5:28|5:29|5:3|5:30|5:31|5:32|5:33|5:34|5:35|5:36|5:37|5:38|5:39|5:4|5:40|5:41|5:42|5:43|5:44|5:45|5:46|5:47|5:48|5:49|5:5|5:50|5:51|5:52|5:53|5:54|5:55|5:56|5:57|5:58|5:59|5:6|5:60|5:61|5:62|5:63|5:7|5:8|5:9
TIERING-OFF-QJ-OFF-QJFL-OFF,329,exact-v9-5-to-6mwe,326784,feedwater-inventory,C2-MIXTURE-PREFIX,2,0,144.5,3|4,3:49|4:34
TIERING-OFF-QJ-OFF-QJFL-OFF,33,background-reference,36000,drum,C2-MIXTURE-PREFIX,320,0,336.8,1|2|3|4|5,1:0|1:1|1:10|1:11|1:12|1:13|1:14|1:15|1:16|1:17|1:18|1:19|1:2|1:20|1:21|1:22|1:23|1:24|1:25|1:26|1:27|1:28|1:29|1:3|1:30|1:31|1:32|1:33|1:34|1:35|1:36|1:37|1:38|1:39|1:4|1:40|1:41|1:42|1:43|1:44|1:45|1:46|1:47|1:48|1:49|1:5|1:50|1:51|1:52|1:53|1:54|1:55|1:56|1:57|1:58|1:59|1:6|1:60|1:61|1:62|1:63|1:7|1:8|1:9|2:0|2:1|2:10|2:11|2:12|2:13|2:14|2:15|2:16|2:17|2:18|2:19|2:2|2:20|2:21|2:22|2:23|2:24|2:25|2:26|2:27|2:28|2:29|2:3|2:30|2:31|2:32|2:33|2:34|2:35|2:36|2:37|2:38|2:39|2:4|2:40|2:41|2:42|2:43|2:44|2:45|2:46|2:47|2:48|2:49|2:5|2:50|2:51|2:52|2:53|2:54|2:55|2:56|2:57|2:58|2:59|2:6|2:60|2:61|2:62|2:63|2:7|2:8|2:9|3:0|3:1|3:10|3:11|3:12|3:13|3:14|3:15|3:16|3:17|3:18|3:19|3:2|3:20|3:21|3:22|3:23|3:24|3:25|3:26|3:27|3:28|3:29|3:3|3:30|3:31|3:32|3:33|3:34|3:35|3:36|3:37|3:38|3:39|3:4|3:40|3:41|3:42|3:43|3:44|3:45|3:46|3:47|3:48|3:49|3:5|3:50|3:51|3:52|3:53|3:54|3:55|3:56|3:57|3:58|3:59|3:6|3:60|3:61|3:62|3:63|3:7|3:8|3:9|4:0|4:1|4:10|4:11|4:12|4:13|4:14|4:15|4:16|4:17|4:18|4:19|4:2|4:20|4:21|4:22|4:23|4:24|4:25|4:26|4:27|4:28|4:29|4:3|4:30|4:31|4:32|4:33|4:34|4:35|4:36|4:37|4:38|4:39|4:4|4:40|4:41|4:42|4:43|4:44|4:45|4:46|4:47|4:48|4:49|4:5|4:50|4:51|4:52|4:53|4:54|4:55|4:56|4:57|4:58|4:59|4:6|4:60|4:61|4:62|4:63|4:7|4:8|4:9|5:0|5:1|5:10|5:11|5:12|5:13|5:14|5:15|5:16|5:17|5:18|5:19|5:2|5:20|5:21|5:22|5:23|5:24|5:25|5:26|5:27|5:28|5:29|5:3|5:30|5:31|5:32|5:33|5:34|5:35|5:36|5:37|5:38|5:39|5:4|5:40|5:41|5:42|5:43|5:44|5:45|5:46|5:47|5:48|5:49|5:5|5:50|5:51|5:52|5:53|5:54|5:55|5:56|5:57|5:58|5:59|5:6|5:60|5:61|5:62|5:63|5:7|5:8|5:9
TIERING-OFF-QJ-OFF-QJFL-OFF,330,exact-v9-5-to-6mwe,332784,suction,C2-MIXTURE-PREFIX,320,0,193.5,1|2|3|4|5,1:0|1:1|1:10|1:11|1:12|1:13|1:14|1:15|1:16|1:17|1:18|1:19|1:2|1:20|1:21|1:22|1:23|1:24|1:25|1:26|1:27|1:28|1:29|1:3|1:30|1:31|1:32|1:33|1:34|1:35|1:36|1:37|1:38|1:39|1:4|1:40|1:41|1:42|1:43|1:44|1:45|1:46|1:47|1:48|1:49|1:5|1:50|1:51|1:52|1:53|1:54|1:55|1:56|1:57|1:58|1:59|1:6|1:60|1:61|1:62|1:63|1:7|1:8|1:9|2:0|2:1|2:10|2:11|2:12|2:13|2:14|2:15|2:16|2:17|2:18|2:19|2:2|2:20|2:21|2:22|2:23|2:24|2:25|2:26|2:27|2:28|2:29|2:3|2:30|2:31|2:32|2:33|2:34|2:35|2:36|2:37|2:38|2:39|2:4|2:40|2:41|2:42|2:43|2:44|2:45|2:46|2:47|2:48|2:49|2:5|2:50|2:51|2:52|2:53|2:54|2:55|2:56|2:57|2:58|2:59|2:6|2:60|2:61|2:62|2:63|2:7|2:8|2:9|3:0|3:1|3:10|3:11|3:12|3:13|3:14|3:15|3:16|3:17|3:18|3:19|3:2|3:20|3:21|3:22|3:23|3:24|3:25|3:26|3:27|3:28|3:29|3:3|3:30|3:31|3:32|3:33|3:34|3:35|3:36|3:37|3:38|3:39|3:4|3:40|3:41|3:42|3:43|3:44|3:45|3:46|3:47|3:48|3:49|3:5|3:50|3:51|3:52|3:53|3:54|3:55|3:56|3:57|3:58|3:59|3:6|3:60|3:61|3:62|3:63|3:7|3:8|3:9|4:0|4:1|4:10|4:11|4:12|4:13|4:14|4:15|4:16|4:17|4:18|4:19|4:2|4:20|4:21|4:22|4:23|4:24|4:25|4:26|4:27|4:28|4:29|4:3|4:30|4:31|4:32|4:33|4:34|4:35|4:36|4:37|4:38|4:39|4:4|4:40|4:41|4:42|4:43|4:44|4:45|4:46|4:47|4:48|4:49|4:5|4:50|4:51|4:52|4:53|4:54|4:55|4:56|4:57|4:58|4:59|4:6|4:60|4:61|4:62|4:63|4:7|4:8|4:9|5:0|5:1|5:10|5:11|5:12|5:13|5:14|5:15|5:16|5:17|5:18|5:19|5:2|5:20|5:21|5:22|5:23|5:24|5:25|5:26|5:27|5:28|5:29|5:3|5:30|5:31|5:32|5:33|5:34|5:35|5:36|5:37|5:38|5:39|5:4|5:40|5:41|5:42|5:43|5:44|5:45|5:46|5:47|5:48|5:49|5:5|5:50|5:51|5:52|5:53|5:54|5:55|5:56|5:57|5:58|5:59|5:6|5:60|5:61|5:62|5:63|5:7|5:8|5:9
TIERING-OFF-QJ-OFF-QJFL-OFF,331,exact-v9-5-to-6mwe,332784,pressure,C2-MIXTURE-PREFIX,320,0,373.5,1|2|3|4|5,1:0|1:1|1:10|1:11|1:12|1:13|1:14|1:15|1:16|1:17|1:18|1:19|1:2|1:20|1:21|1:22|1:23|1:24|1:25|1:26|1:27|1:28|1:29|1:3|1:30|1:31|1:32|1:33|1:34|1:35|1:36|1:37|1:38|1:39|1:4|1:40|1:41|1:42|1:43|1:44|1:45|1:46|1:47|1:48|1:49|1:5|1:50|1:51|1:52|1:53|1:54|1:55|1:56|1:57|1:58|1:59|1:6|1:60|1:61|1:62|1:63|1:7|1:8|1:9|2:0|2:1|2:10|2:11|2:12|2:13|2:14|2:15|2:16|2:17|2:18|2:19|2:2|2:20|2:21|2:22|2:23|2:24|2:25|2:26|2:27|2:28|2:29|2:3|2:30|2:31|2:32|2:33|2:34|2:35|2:36|2:37|2:38|2:39|2:4|2:40|2:41|2:42|2:43|2:44|2:45|2:46|2:47|2:48|2:49|2:5|2:50|2:51|2:52|2:53|2:54|2:55|2:56|2:57|2:58|2:59|2:6|2:60|2:61|2:62|2:63|2:7|2:8|2:9|3:0|3:1|3:10|3:11|3:12|3:13|3:14|3:15|3:16|3:17|3:18|3:19|3:2|3:20|3:21|3:22|3:23|3:24|3:25|3:26|3:27|3:28|3:29|3:3|3:30|3:31|3:32|3:33|3:34|3:35|3:36|3:37|3:38|3:39|3:4|3:40|3:41|3:42|3:43|3:44|3:45|3:46|3:47|3:48|3:49|3:5|3:50|3:51|3:52|3:53|3:54|3:55|3:56|3:57|3:58|3:59|3:6|3:60|3:61|3:62|3:63|3:7|3:8|3:9|4:0|4:1|4:10|4:11|4:12|4:13|4:14|4:15|4:16|4:17|4:18|4:19|4:2|4:20|4:21|4:22|4:23|4:24|4:25|4:26|4:27|4:28|4:29|4:3|4:30|4:31|4:32|4:33|4:34|4:35|4:36|4:37|4:38|4:39|4:4|4:40|4:41|4:42|4:43|4:44|4:45|4:46|4:47|4:48|4:49|4:5|4:50|4:51|4:52|4:53|4:54|4:55|4:56|4:57|4:58|4:59|4:6|4:60|4:61|4:62|4:63|4:7|4:8|4:9|5:0|5:1|5:10|5:11|5:12|5:13|5:14|5:15|5:16|5:17|5:18|5:19|5:2|5:20|5:21|5:22|5:23|5:24|5:25|5:26|5:27|5:28|5:29|5:3|5:30|5:31|5:32|5:33|5:34|5:35|5:36|5:37|5:38|5:39|5:4|5:40|5:41|5:42|5:43|5:44|5:45|5:46|5:47|5:48|5:49|5:5|5:50|5:51|5:52|5:53|5:54|5:55|5:56|5:57|5:58|5:59|5:6|5:60|5:61|5:62|5:63|5:7|5:8|5:9
TIERING-OFF-QJ-OFF-QJFL-OFF,332,exact-v9-5-to-6mwe,332784,outlet,C2-MIXTURE-PREFIX,320,0,345.5,1|2|3|4|5,1:0|1:1|1:10|1:11|1:12|1:13|1:14|1:15|1:16|1:17|1:18|1:19|1:2|1:20|1:21|1:22|1:23|1:24|1:25|1:26|1:27|1:28|1:29|1:3|1:30|1:31|1:32|1:33|1:34|1:35|1:36|1:37|1:38|1:39|1:4|1:40|1:41|1:42|1:43|1:44|1:45|1:46|1:47|1:48|1:49|1:5|1:50|1:51|1:52|1:53|1:54|1:55|1:56|1:57|1:58|1:59|1:6|1:60|1:61|1:62|1:63|1:7|1:8|1:9|2:0|2:1|2:10|2:11|2:12|2:13|2:14|2:15|2:16|2:17|2:18|2:19|2:2|2:20|2:21|2:22|2:23|2:24|2:25|2:26|2:27|2:28|2:29|2:3|2:30|2:31|2:32|2:33|2:34|2:35|2:36|2:37|2:38|2:39|2:4|2:40|2:41|2:42|2:43|2:44|2:45|2:46|2:47|2:48|2:49|2:5|2:50|2:51|2:52|2:53|2:54|2:55|2:56|2:57|2:58|2:59|2:6|2:60|2:61|2:62|2:63|2:7|2:8|2:9|3:0|3:1|3:10|3:11|3:12|3:13|3:14|3:15|3:16|3:17|3:18|3:19|3:2|3:20|3:21|3:22|3:23|3:24|3:25|3:26|3:27|3:28|3:29|3:3|3:30|3:31|3:32|3:33|3:34|3:35|3:36|3:37|3:38|3:39|3:4|3:40|3:41|3:42|3:43|3:44|3:45|3:46|3:47|3:48|3:49|3:5|3:50|3:51|3:52|3:53|3:54|3:55|3:56|3:57|3:58|3:59|3:6|3:60|3:61|3:62|3:63|3:7|3:8|3:9|4:0|4:1|4:10|4:11|4:12|4:13|4:14|4:15|4:16|4:17|4:18|4:19|4:2|4:20|4:21|4:22|4:23|4:24|4:25|4:26|4:27|4:28|4:29|4:3|4:30|4:31|4:32|4:33|4:34|4:35|4:36|4:37|4:38|4:39|4:4|4:40|4:41|4:42|4:43|4:44|4:45|4:46|4:47|4:48|4:49|4:5|4:50|4:51|4:52|4:53|4:54|4:55|4:56|4:57|4:58|4:59|4:6|4:60|4:61|4:62|4:63|4:7|4:8|4:9|5:0|5:1|5:10|5:11|5:12|5:13|5:14|5:15|5:16|5:17|5:18|5:19|5:2|5:20|5:21|5:22|5:23|5:24|5:25|5:26|5:27|5:28|5:29|5:3|5:30|5:31|5:32|5:33|5:34|5:35|5:36|5:37|5:38|5:39|5:4|5:40|5:41|5:42|5:43|5:44|5:45|5:46|5:47|5:48|5:49|5:5|5:50|5:51|5:52|5:53|5:54|5:55|5:56|5:57|5:58|5:59|5:6|5:60|5:61|5:62|5:63|5:7|5:8|5:9
TIERING-OFF-QJ-OFF-QJFL-OFF,333,exact-v9-5-to-6mwe,332784,drum,C2-MIXTURE-PREFIX,320,0,367.8,1|2|3|4|5,1:0|1:1|1:10|1:11|1:12|1:13|1:14|1:15|1:16|1:17|1:18|1:19|1:2|1:20|1:21|1:22|1:23|1:24|1:25|1:26|1:27|1:28|1:29|1:3|1:30|1:31|1:32|1:33|1:34|1:35|1:36|1:37|1:38|1:39|1:4|1:40|1:41|1:42|1:43|1:44|1:45|1:46|1:47|1:48|1:49|1:5|1:50|1:51|1:52|1:53|1:54|1:55|1:56|1:57|1:58|1:59|1:6|1:60|1:61|1:62|1:63|1:7|1:8|1:9|2:0|2:1|2:10|2:11|2:12|2:13|2:14|2:15|2:16|2:17|2:18|2:19|2:2|2:20|2:21|2:22|2:23|2:24|2:25|2:26|2:27|2:28|2:29|2:3|2:30|2:31|2:32|2:33|2:34|2:35|2:36|2:37|2:38|2:39|2:4|2:40|2:41|2:42|2:43|2:44|2:45|2:46|2:47|2:48|2:49|2:5|2:50|2:51|2:52|2:53|2:54|2:55|2:56|2:57|2:58|2:59|2:6|2:60|2:61|2:62|2:63|2:7|2:8|2:9|3:0|3:1|3:10|3:11|3:12|3:13|3:14|3:15|3:16|3:17|3:18|3:19|3:2|3:20|3:21|3:22|3:23|3:24|3:25|3:26|3:27|3:28|3:29|3:3|3:30|3:31|3:32|3:33|3:34|3:35|3:36|3:37|3:38|3:39|3:4|3:40|3:41|3:42|3:43|3:44|3:45|3:46|3:47|3:48|3:49|3:5|3:50|3:51|3:52|3:53|3:54|3:55|3:56|3:57|3:58|3:59|3:6|3:60|3:61|3:62|3:63|3:7|3:8|3:9|4:0|4:1|4:10|4:11|4:12|4:13|4:14|4:15|4:16|4:17|4:18|4:19|4:2|4:20|4:21|4:22|4:23|4:24|4:25|4:26|4:27|4:28|4:29|4:3|4:30|4:31|4:32|4:33|4:34|4:35|4:36|4:37|4:38|4:39|4:4|4:40|4:41|4:42|4:43|4:44|4:45|4:46|4:47|4:48|4:49|4:5|4:50|4:51|4:52|4:53|4:54|4:55|4:56|4:57|4:58|4:59|4:6|4:60|4:61|4:62|4:63|4:7|4:8|4:9|5:0|5:1|5:10|5:11|5:12|5:13|5:14|5:15|5:16|5:17|5:18|5:19|5:2|5:20|5:21|5:22|5:23|5:24|5:25|5:26|5:27|5:28|5:29|5:3|5:30|5:31|5:32|5:33|5:34|5:35|5:36|5:37|5:38|5:39|5:4|5:40|5:41|5:42|5:43|5:44|5:45|5:46|5:47|5:48|5:49|5:5|5:50|5:51|5:52|5:53|5:54|5:55|5:56|5:57|5:58|5:59|5:6|5:60|5:61|5:62|5:63|5:7|5:8|5:9
TIERING-OFF-QJ-OFF-QJFL-OFF,334,exact-v9-5-to-6mwe,332784,feedwater-inventory,C2-MIXTURE-PREFIX,2,0,137.5,3|5,3:53|5:48
TIERING-OFF-QJ-OFF-QJFL-OFF,335,exact-v9-5-to-6mwe,338784,suction,C2-MIXTURE-PREFIX,320,0,192.5,1|2|3|4|5,1:0|1:1|1:10|1:11|1:12|1:13|1:14|1:15|1:16|1:17|1:18|1:19|1:2|1:20|1:21|1:22|1:23|1:24|1:25|1:26|1:27|1:28|1:29|1:3|1:30|1:31|1:32|1:33|1:34|1:35|1:36|1:37|1:38|1:39|1:4|1:40|1:41|1:42|1:43|1:44|1:45|1:46|1:47|1:48|1:49|1:5|1:50|1:51|1:52|1:53|1:54|1:55|1:56|1:57|1:58|1:59|1:6|1:60|1:61|1:62|1:63|1:7|1:8|1:9|2:0|2:1|2:10|2:11|2:12|2:13|2:14|2:15|2:16|2:17|2:18|2:19|2:2|2:20|2:21|2:22|2:23|2:24|2:25|2:26|2:27|2:28|2:29|2:3|2:30|2:31|2:32|2:33|2:34|2:35|2:36|2:37|2:38|2:39|2:4|2:40|2:41|2:42|2:43|2:44|2:45|2:46|2:47|2:48|2:49|2:5|2:50|2:51|2:52|2:53|2:54|2:55|2:56|2:57|2:58|2:59|2:6|2:60|2:61|2:62|2:63|2:7|2:8|2:9|3:0|3:1|3:10|3:11|3:12|3:13|3:14|3:15|3:16|3:17|3:18|3:19|3:2|3:20|3:21|3:22|3:23|3:24|3:25|3:26|3:27|3:28|3:29|3:3|3:30|3:31|3:32|3:33|3:34|3:35|3:36|3:37|3:38|3:39|3:4|3:40|3:41|3:42|3:43|3:44|3:45|3:46|3:47|3:48|3:49|3:5|3:50|3:51|3:52|3:53|3:54|3:55|3:56|3:57|3:58|3:59|3:6|3:60|3:61|3:62|3:63|3:7|3:8|3:9|4:0|4:1|4:10|4:11|4:12|4:13|4:14|4:15|4:16|4:17|4:18|4:19|4:2|4:20|4:21|4:22|4:23|4:24|4:25|4:26|4:27|4:28|4:29|4:3|4:30|4:31|4:32|4:33|4:34|4:35|4:36|4:37|4:38|4:39|4:4|4:40|4:41|4:42|4:43|4:44|4:45|4:46|4:47|4:48|4:49|4:5|4:50|4:51|4:52|4:53|4:54|4:55|4:56|4:57|4:58|4:59|4:6|4:60|4:61|4:62|4:63|4:7|4:8|4:9|5:0|5:1|5:10|5:11|5:12|5:13|5:14|5:15|5:16|5:17|5:18|5:19|5:2|5:20|5:21|5:22|5:23|5:24|5:25|5:26|5:27|5:28|5:29|5:3|5:30|5:31|5:32|5:33|5:34|5:35|5:36|5:37|5:38|5:39|5:4|5:40|5:41|5:42|5:43|5:44|5:45|5:46|5:47|5:48|5:49|5:5|5:50|5:51|5:52|5:53|5:54|5:55|5:56|5:57|5:58|5:59|5:6|5:60|5:61|5:62|5:63|5:7|5:8|5:9
TIERING-OFF-QJ-OFF-QJFL-OFF,336,exact-v9-5-to-6mwe,338784,pressure,C2-MIXTURE-PREFIX,320,0,166,1|2|3|4|5,1:0|1:1|1:10|1:11|1:12|1:13|1:14|1:15|1:16|1:17|1:18|1:19|1:2|1:20|1:21|1:22|1:23|1:24|1:25|1:26|1:27|1:28|1:29|1:3|1:30|1:31|1:32|1:33|1:34|1:35|1:36|1:37|1:38|1:39|1:4|1:40|1:41|1:42|1:43|1:44|1:45|1:46|1:47|1:48|1:49|1:5|1:50|1:51|1:52|1:53|1:54|1:55|1:56|1:57|1:58|1:59|1:6|1:60|1:61|1:62|1:63|1:7|1:8|1:9|2:0|2:1|2:10|2:11|2:12|2:13|2:14|2:15|2:16|2:17|2:18|2:19|2:2|2:20|2:21|2:22|2:23|2:24|2:25|2:26|2:27|2:28|2:29|2:3|2:30|2:31|2:32|2:33|2:34|2:35|2:36|2:37|2:38|2:39|2:4|2:40|2:41|2:42|2:43|2:44|2:45|2:46|2:47|2:48|2:49|2:5|2:50|2:51|2:52|2:53|2:54|2:55|2:56|2:57|2:58|2:59|2:6|2:60|2:61|2:62|2:63|2:7|2:8|2:9|3:0|3:1|3:10|3:11|3:12|3:13|3:14|3:15|3:16|3:17|3:18|3:19|3:2|3:20|3:21|3:22|3:23|3:24|3:25|3:26|3:27|3:28|3:29|3:3|3:30|3:31|3:32|3:33|3:34|3:35|3:36|3:37|3:38|3:39|3:4|3:40|3:41|3:42|3:43|3:44|3:45|3:46|3:47|3:48|3:49|3:5|3:50|3:51|3:52|3:53|3:54|3:55|3:56|3:57|3:58|3:59|3:6|3:60|3:61|3:62|3:63|3:7|3:8|3:9|4:0|4:1|4:10|4:11|4:12|4:13|4:14|4:15|4:16|4:17|4:18|4:19|4:2|4:20|4:21|4:22|4:23|4:24|4:25|4:26|4:27|4:28|4:29|4:3|4:30|4:31|4:32|4:33|4:34|4:35|4:36|4:37|4:38|4:39|4:4|4:40|4:41|4:42|4:43|4:44|4:45|4:46|4:47|4:48|4:49|4:5|4:50|4:51|4:52|4:53|4:54|4:55|4:56|4:57|4:58|4:59|4:6|4:60|4:61|4:62|4:63|4:7|4:8|4:9|5:0|5:1|5:10|5:11|5:12|5:13|5:14|5:15|5:16|5:17|5:18|5:19|5:2|5:20|5:21|5:22|5:23|5:24|5:25|5:26|5:27|5:28|5:29|5:3|5:30|5:31|5:32|5:33|5:34|5:35|5:36|5:37|5:38|5:39|5:4|5:40|5:41|5:42|5:43|5:44|5:45|5:46|5:47|5:48|5:49|5:5|5:50|5:51|5:52|5:53|5:54|5:55|5:56|5:57|5:58|5:59|5:6|5:60|5:61|5:62|5:63|5:7|5:8|5:9
TIERING-OFF-QJ-OFF-QJFL-OFF,337,exact-v9-5-to-6mwe,338784,outlet,C2-MIXTURE-PREFIX,320,0,326.2,1|2|3|4|5,1:0|1:1|1:10|1:11|1:12|1:13|1:14|1:15|1:16|1:17|1:18|1:19|1:2|1:20|1:21|1:22|1:23|1:24|1:25|1:26|1:27|1:28|1:29|1:3|1:30|1:31|1:32|1:33|1:34|1:35|1:36|1:37|1:38|1:39|1:4|1:40|1:41|1:42|1:43|1:44|1:45|1:46|1:47|1:48|1:49|1:5|1:50|1:51|1:52|1:53|1:54|1:55|1:56|1:57|1:58|1:59|1:6|1:60|1:61|1:62|1:63|1:7|1:8|1:9|2:0|2:1|2:10|2:11|2:12|2:13|2:14|2:15|2:16|2:17|2:18|2:19|2:2|2:20|2:21|2:22|2:23|2:24|2:25|2:26|2:27|2:28|2:29|2:3|2:30|2:31|2:32|2:33|2:34|2:35|2:36|2:37|2:38|2:39|2:4|2:40|2:41|2:42|2:43|2:44|2:45|2:46|2:47|2:48|2:49|2:5|2:50|2:51|2:52|2:53|2:54|2:55|2:56|2:57|2:58|2:59|2:6|2:60|2:61|2:62|2:63|2:7|2:8|2:9|3:0|3:1|3:10|3:11|3:12|3:13|3:14|3:15|3:16|3:17|3:18|3:19|3:2|3:20|3:21|3:22|3:23|3:24|3:25|3:26|3:27|3:28|3:29|3:3|3:30|3:31|3:32|3:33|3:34|3:35|3:36|3:37|3:38|3:39|3:4|3:40|3:41|3:42|3:43|3:44|3:45|3:46|3:47|3:48|3:49|3:5|3:50|3:51|3:52|3:53|3:54|3:55|3:56|3:57|3:58|3:59|3:6|3:60|3:61|3:62|3:63|3:7|3:8|3:9|4:0|4:1|4:10|4:11|4:12|4:13|4:14|4:15|4:16|4:17|4:18|4:19|4:2|4:20|4:21|4:22|4:23|4:24|4:25|4:26|4:27|4:28|4:29|4:3|4:30|4:31|4:32|4:33|4:34|4:35|4:36|4:37|4:38|4:39|4:4|4:40|4:41|4:42|4:43|4:44|4:45|4:46|4:47|4:48|4:49|4:5|4:50|4:51|4:52|4:53|4:54|4:55|4:56|4:57|4:58|4:59|4:6|4:60|4:61|4:62|4:63|4:7|4:8|4:9|5:0|5:1|5:10|5:11|5:12|5:13|5:14|5:15|5:16|5:17|5:18|5:19|5:2|5:20|5:21|5:22|5:23|5:24|5:25|5:26|5:27|5:28|5:29|5:3|5:30|5:31|5:32|5:33|5:34|5:35|5:36|5:37|5:38|5:39|5:4|5:40|5:41|5:42|5:43|5:44|5:45|5:46|5:47|5:48|5:49|5:5|5:50|5:51|5:52|5:53|5:54|5:55|5:56|5:57|5:58|5:59|5:6|5:60|5:61|5:62|5:63|5:7|5:8|5:9
TIERING-OFF-QJ-OFF-QJFL-OFF,338,exact-v9-5-to-6mwe,338784,drum,C2-MIXTURE-PREFIX,320,0,313.2,1|2|3|4|5,1:0|1:1|1:10|1:11|1:12|1:13|1:14|1:15|1:16|1:17|1:18|1:19|1:2|1:20|1:21|1:22|1:23|1:24|1:25|1:26|1:27|1:28|1:29|1:3|1:30|1:31|1:32|1:33|1:34|1:35|1:36|1:37|1:38|1:39|1:4|1:40|1:41|1:42|1:43|1:44|1:45|1:46|1:47|1:48|1:49|1:5|1:50|1:51|1:52|1:53|1:54|1:55|1:56|1:57|1:58|1:59|1:6|1:60|1:61|1:62|1:63|1:7|1:8|1:9|2:0|2:1|2:10|2:11|2:12|2:13|2:14|2:15|2:16|2:17|2:18|2:19|2:2|2:20|2:21|2:22|2:23|2:24|2:25|2:26|2:27|2:28|2:29|2:3|2:30|2:31|2:32|2:33|2:34|2:35|2:36|2:37|2:38|2:39|2:4|2:40|2:41|2:42|2:43|2:44|2:45|2:46|2:47|2:48|2:49|2:5|2:50|2:51|2:52|2:53|2:54|2:55|2:56|2:57|2:58|2:59|2:6|2:60|2:61|2:62|2:63|2:7|2:8|2:9|3:0|3:1|3:10|3:11|3:12|3:13|3:14|3:15|3:16|3:17|3:18|3:19|3:2|3:20|3:21|3:22|3:23|3:24|3:25|3:26|3:27|3:28|3:29|3:3|3:30|3:31|3:32|3:33|3:34|3:35|3:36|3:37|3:38|3:39|3:4|3:40|3:41|3:42|3:43|3:44|3:45|3:46|3:47|3:48|3:49|3:5|3:50|3:51|3:52|3:53|3:54|3:55|3:56|3:57|3:58|3:59|3:6|3:60|3:61|3:62|3:63|3:7|3:8|3:9|4:0|4:1|4:10|4:11|4:12|4:13|4:14|4:15|4:16|4:17|4:18|4:19|4:2|4:20|4:21|4:22|4:23|4:24|4:25|4:26|4:27|4:28|4:29|4:3|4:30|4:31|4:32|4:33|4:34|4:35|4:36|4:37|4:38|4:39|4:4|4:40|4:41|4:42|4:43|4:44|4:45|4:46|4:47|4:48|4:49|4:5|4:50|4:51|4:52|4:53|4:54|4:55|4:56|4:57|4:58|4:59|4:6|4:60|4:61|4:62|4:63|4:7|4:8|4:9|5:0|5:1|5:10|5:11|5:12|5:13|5:14|5:15|5:16|5:17|5:18|5:19|5:2|5:20|5:21|5:22|5:23|5:24|5:25|5:26|5:27|5:28|5:29|5:3|5:30|5:31|5:32|5:33|5:34|5:35|5:36|5:37|5:38|5:39|5:4|5:40|5:41|5:42|5:43|5:44|5:45|5:46|5:47|5:48|5:49|5:5|5:50|5:51|5:52|5:53|5:54|5:55|5:56|5:57|5:58|5:59|5:6|5:60|5:61|5:62|5:63|5:7|5:8|5:9
TIERING-OFF-QJ-OFF-QJFL-OFF,340,exact-v9-5-to-6mwe,344784,suction,C2-MIXTURE-PREFIX,320,0,158.4,1|2|3|4|5,1:0|1:1|1:10|1:11|1:12|1:13|1:14|1:15|1:16|1:17|1:18|1:19|1:2|1:20|1:21|1:22|1:23|1:24|1:25|1:26|1:27|1:28|1:29|1:3|1:30|1:31|1:32|1:33|1:34|1:35|1:36|1:37|1:38|1:39|1:4|1:40|1:41|1:42|1:43|1:44|1:45|1:46|1:47|1:48|1:49|1:5|1:50|1:51|1:52|1:53|1:54|1:55|1:56|1:57|1:58|1:59|1:6|1:60|1:61|1:62|1:63|1:7|1:8|1:9|2:0|2:1|2:10|2:11|2:12|2:13|2:14|2:15|2:16|2:17|2:18|2:19|2:2|2:20|2:21|2:22|2:23|2:24|2:25|2:26|2:27|2:28|2:29|2:3|2:30|2:31|2:32|2:33|2:34|2:35|2:36|2:37|2:38|2:39|2:4|2:40|2:41|2:42|2:43|2:44|2:45|2:46|2:47|2:48|2:49|2:5|2:50|2:51|2:52|2:53|2:54|2:55|2:56|2:57|2:58|2:59|2:6|2:60|2:61|2:62|2:63|2:7|2:8|2:9|3:0|3:1|3:10|3:11|3:12|3:13|3:14|3:15|3:16|3:17|3:18|3:19|3:2|3:20|3:21|3:22|3:23|3:24|3:25|3:26|3:27|3:28|3:29|3:3|3:30|3:31|3:32|3:33|3:34|3:35|3:36|3:37|3:38|3:39|3:4|3:40|3:41|3:42|3:43|3:44|3:45|3:46|3:47|3:48|3:49|3:5|3:50|3:51|3:52|3:53|3:54|3:55|3:56|3:57|3:58|3:59|3:6|3:60|3:61|3:62|3:63|3:7|3:8|3:9|4:0|4:1|4:10|4:11|4:12|4:13|4:14|4:15|4:16|4:17|4:18|4:19|4:2|4:20|4:21|4:22|4:23|4:24|4:25|4:26|4:27|4:28|4:29|4:3|4:30|4:31|4:32|4:33|4:34|4:35|4:36|4:37|4:38|4:39|4:4|4:40|4:41|4:42|4:43|4:44|4:45|4:46|4:47|4:48|4:49|4:5|4:50|4:51|4:52|4:53|4:54|4:55|4:56|4:57|4:58|4:59|4:6|4:60|4:61|4:62|4:63|4:7|4:8|4:9|5:0|5:1|5:10|5:11|5:12|5:13|5:14|5:15|5:16|5:17|5:18|5:19|5:2|5:20|5:21|5:22|5:23|5:24|5:25|5:26|5:27|5:28|5:29|5:3|5:30|5:31|5:32|5:33|5:34|5:35|5:36|5:37|5:38|5:39|5:4|5:40|5:41|5:42|5:43|5:44|5:45|5:46|5:47|5:48|5:49|5:5|5:50|5:51|5:52|5:53|5:54|5:55|5:56|5:57|5:58|5:59|5:6|5:60|5:61|5:62|5:63|5:7|5:8|5:9
TIERING-OFF-QJ-OFF-QJFL-OFF,341,exact-v9-5-to-6mwe,344784,pressure,C2-MIXTURE-PREFIX,320,0,302.2,1|2|3|4|5,1:0|1:1|1:10|1:11|1:12|1:13|1:14|1:15|1:16|1:17|1:18|1:19|1:2|1:20|1:21|1:22|1:23|1:24|1:25|1:26|1:27|1:28|1:29|1:3|1:30|1:31|1:32|1:33|1:34|1:35|1:36|1:37|1:38|1:39|1:4|1:40|1:41|1:42|1:43|1:44|1:45|1:46|1:47|1:48|1:49|1:5|1:50|1:51|1:52|1:53|1:54|1:55|1:56|1:57|1:58|1:59|1:6|1:60|1:61|1:62|1:63|1:7|1:8|1:9|2:0|2:1|2:10|2:11|2:12|2:13|2:14|2:15|2:16|2:17|2:18|2:19|2:2|2:20|2:21|2:22|2:23|2:24|2:25|2:26|2:27|2:28|2:29|2:3|2:30|2:31|2:32|2:33|2:34|2:35|2:36|2:37|2:38|2:39|2:4|2:40|2:41|2:42|2:43|2:44|2:45|2:46|2:47|2:48|2:49|2:5|2:50|2:51|2:52|2:53|2:54|2:55|2:56|2:57|2:58|2:59|2:6|2:60|2:61|2:62|2:63|2:7|2:8|2:9|3:0|3:1|3:10|3:11|3:12|3:13|3:14|3:15|3:16|3:17|3:18|3:19|3:2|3:20|3:21|3:22|3:23|3:24|3:25|3:26|3:27|3:28|3:29|3:3|3:30|3:31|3:32|3:33|3:34|3:35|3:36|3:37|3:38|3:39|3:4|3:40|3:41|3:42|3:43|3:44|3:45|3:46|3:47|3:48|3:49|3:5|3:50|3:51|3:52|3:53|3:54|3:55|3:56|3:57|3:58|3:59|3:6|3:60|3:61|3:62|3:63|3:7|3:8|3:9|4:0|4:1|4:10|4:11|4:12|4:13|4:14|4:15|4:16|4:17|4:18|4:19|4:2|4:20|4:21|4:22|4:23|4:24|4:25|4:26|4:27|4:28|4:29|4:3|4:30|4:31|4:32|4:33|4:34|4:35|4:36|4:37|4:38|4:39|4:4|4:40|4:41|4:42|4:43|4:44|4:45|4:46|4:47|4:48|4:49|4:5|4:50|4:51|4:52|4:53|4:54|4:55|4:56|4:57|4:58|4:59|4:6|4:60|4:61|4:62|4:63|4:7|4:8|4:9|5:0|5:1|5:10|5:11|5:12|5:13|5:14|5:15|5:16|5:17|5:18|5:19|5:2|5:20|5:21|5:22|5:23|5:24|5:25|5:26|5:27|5:28|5:29|5:3|5:30|5:31|5:32|5:33|5:34|5:35|5:36|5:37|5:38|5:39|5:4|5:40|5:41|5:42|5:43|5:44|5:45|5:46|5:47|5:48|5:49|5:5|5:50|5:51|5:52|5:53|5:54|5:55|5:56|5:57|5:58|5:59|5:6|5:60|5:61|5:62|5:63|5:7|5:8|5:9
TIERING-OFF-QJ-OFF-QJFL-OFF,342,exact-v9-5-to-6mwe,344784,outlet,C2-MIXTURE-PREFIX,320,0,230.8,1|2|3|4|5,1:0|1:1|1:10|1:11|1:12|1:13|1:14|1:15|1:16|1:17|1:18|1:19|1:2|1:20|1:21|1:22|1:23|1:24|1:25|1:26|1:27|1:28|1:29|1:3|1:30|1:31|1:32|1:33|1:34|1:35|1:36|1:37|1:38|1:39|1:4|1:40|1:41|1:42|1:43|1:44|1:45|1:46|1:47|1:48|1:49|1:5|1:50|1:51|1:52|1:53|1:54|1:55|1:56|1:57|1:58|1:59|1:6|1:60|1:61|1:62|1:63|1:7|1:8|1:9|2:0|2:1|2:10|2:11|2:12|2:13|2:14|2:15|2:16|2:17|2:18|2:19|2:2|2:20|2:21|2:22|2:23|2:24|2:25|2:26|2:27|2:28|2:29|2:3|2:30|2:31|2:32|2:33|2:34|2:35|2:36|2:37|2:38|2:39|2:4|2:40|2:41|2:42|2:43|2:44|2:45|2:46|2:47|2:48|2:49|2:5|2:50|2:51|2:52|2:53|2:54|2:55|2:56|2:57|2:58|2:59|2:6|2:60|2:61|2:62|2:63|2:7|2:8|2:9|3:0|3:1|3:10|3:11|3:12|3:13|3:14|3:15|3:16|3:17|3:18|3:19|3:2|3:20|3:21|3:22|3:23|3:24|3:25|3:26|3:27|3:28|3:29|3:3|3:30|3:31|3:32|3:33|3:34|3:35|3:36|3:37|3:38|3:39|3:4|3:40|3:41|3:42|3:43|3:44|3:45|3:46|3:47|3:48|3:49|3:5|3:50|3:51|3:52|3:53|3:54|3:55|3:56|3:57|3:58|3:59|3:6|3:60|3:61|3:62|3:63|3:7|3:8|3:9|4:0|4:1|4:10|4:11|4:12|4:13|4:14|4:15|4:16|4:17|4:18|4:19|4:2|4:20|4:21|4:22|4:23|4:24|4:25|4:26|4:27|4:28|4:29|4:3|4:30|4:31|4:32|4:33|4:34|4:35|4:36|4:37|4:38|4:39|4:4|4:40|4:41|4:42|4:43|4:44|4:45|4:46|4:47|4:48|4:49|4:5|4:50|4:51|4:52|4:53|4:54|4:55|4:56|4:57|4:58|4:59|4:6|4:60|4:61|4:62|4:63|4:7|4:8|4:9|5:0|5:1|5:10|5:11|5:12|5:13|5:14|5:15|5:16|5:17|5:18|5:19|5:2|5:20|5:21|5:22|5:23|5:24|5:25|5:26|5:27|5:28|5:29|5:3|5:30|5:31|5:32|5:33|5:34|5:35|5:36|5:37|5:38|5:39|5:4|5:40|5:41|5:42|5:43|5:44|5:45|5:46|5:47|5:48|5:49|5:5|5:50|5:51|5:52|5:53|5:54|5:55|5:56|5:57|5:58|5:59|5:6|5:60|5:61|5:62|5:63|5:7|5:8|5:9
TIERING-OFF-QJ-OFF-QJFL-OFF,343,exact-v9-5-to-6mwe,344784,drum,C2-MIXTURE-PREFIX,320,0,288.9,1|2|3|4|5,1:0|1:1|1:10|1:11|1:12|1:13|1:14|1:15|1:16|1:17|1:18|1:19|1:2|1:20|1:21|1:22|1:23|1:24|1:25|1:26|1:27|1:28|1:29|1:3|1:30|1:31|1:32|1:33|1:34|1:35|1:36|1:37|1:38|1:39|1:4|1:40|1:41|1:42|1:43|1:44|1:45|1:46|1:47|1:48|1:49|1:5|1:50|1:51|1:52|1:53|1:54|1:55|1:56|1:57|1:58|1:59|1:6|1:60|1:61|1:62|1:63|1:7|1:8|1:9|2:0|2:1|2:10|2:11|2:12|2:13|2:14|2:15|2:16|2:17|2:18|2:19|2:2|2:20|2:21|2:22|2:23|2:24|2:25|2:26|2:27|2:28|2:29|2:3|2:30|2:31|2:32|2:33|2:34|2:35|2:36|2:37|2:38|2:39|2:4|2:40|2:41|2:42|2:43|2:44|2:45|2:46|2:47|2:48|2:49|2:5|2:50|2:51|2:52|2:53|2:54|2:55|2:56|2:57|2:58|2:59|2:6|2:60|2:61|2:62|2:63|2:7|2:8|2:9|3:0|3:1|3:10|3:11|3:12|3:13|3:14|3:15|3:16|3:17|3:18|3:19|3:2|3:20|3:21|3:22|3:23|3:24|3:25|3:26|3:27|3:28|3:29|3:3|3:30|3:31|3:32|3:33|3:34|3:35|3:36|3:37|3:38|3:39|3:4|3:40|3:41|3:42|3:43|3:44|3:45|3:46|3:47|3:48|3:49|3:5|3:50|3:51|3:52|3:53|3:54|3:55|3:56|3:57|3:58|3:59|3:6|3:60|3:61|3:62|3:63|3:7|3:8|3:9|4:0|4:1|4:10|4:11|4:12|4:13|4:14|4:15|4:16|4:17|4:18|4:19|4:2|4:20|4:21|4:22|4:23|4:24|4:25|4:26|4:27|4:28|4:29|4:3|4:30|4:31|4:32|4:33|4:34|4:35|4:36|4:37|4:38|4:39|4:4|4:40|4:41|4:42|4:43|4:44|4:45|4:46|4:47|4:48|4:49|4:5|4:50|4:51|4:52|4:53|4:54|4:55|4:56|4:57|4:58|4:59|4:6|4:60|4:61|4:62|4:63|4:7|4:8|4:9|5:0|5:1|5:10|5:11|5:12|5:13|5:14|5:15|5:16|5:17|5:18|5:19|5:2|5:20|5:21|5:22|5:23|5:24|5:25|5:26|5:27|5:28|5:29|5:3|5:30|5:31|5:32|5:33|5:34|5:35|5:36|5:37|5:38|5:39|5:4|5:40|5:41|5:42|5:43|5:44|5:45|5:46|5:47|5:48|5:49|5:5|5:50|5:51|5:52|5:53|5:54|5:55|5:56|5:57|5:58|5:59|5:6|5:60|5:61|5:62|5:63|5:7|5:8|5:9
TIERING-OFF-QJ-OFF-QJFL-OFF,345,exact-v9-5-to-6mwe,350784,suction,C2-MIXTURE-PREFIX,320,0,197,1|2|3|4|5,1:0|1:1|1:10|1:11|1:12|1:13|1:14|1:15|1:16|1:17|1:18|1:19|1:2|1:20|1:21|1:22|1:23|1:24|1:25|1:26|1:27|1:28|1:29|1:3|1:30|1:31|1:32|1:33|1:34|1:35|1:36|1:37|1:38|1:39|1:4|1:40|1:41|1:42|1:43|1:44|1:45|1:46|1:47|1:48|1:49|1:5|1:50|1:51|1:52|1:53|1:54|1:55|1:56|1:57|1:58|1:59|1:6|1:60|1:61|1:62|1:63|1:7|1:8|1:9|2:0|2:1|2:10|2:11|2:12|2:13|2:14|2:15|2:16|2:17|2:18|2:19|2:2|2:20|2:21|2:22|2:23|2:24|2:25|2:26|2:27|2:28|2:29|2:3|2:30|2:31|2:32|2:33|2:34|2:35|2:36|2:37|2:38|2:39|2:4|2:40|2:41|2:42|2:43|2:44|2:45|2:46|2:47|2:48|2:49|2:5|2:50|2:51|2:52|2:53|2:54|2:55|2:56|2:57|2:58|2:59|2:6|2:60|2:61|2:62|2:63|2:7|2:8|2:9|3:0|3:1|3:10|3:11|3:12|3:13|3:14|3:15|3:16|3:17|3:18|3:19|3:2|3:20|3:21|3:22|3:23|3:24|3:25|3:26|3:27|3:28|3:29|3:3|3:30|3:31|3:32|3:33|3:34|3:35|3:36|3:37|3:38|3:39|3:4|3:40|3:41|3:42|3:43|3:44|3:45|3:46|3:47|3:48|3:49|3:5|3:50|3:51|3:52|3:53|3:54|3:55|3:56|3:57|3:58|3:59|3:6|3:60|3:61|3:62|3:63|3:7|3:8|3:9|4:0|4:1|4:10|4:11|4:12|4:13|4:14|4:15|4:16|4:17|4:18|4:19|4:2|4:20|4:21|4:22|4:23|4:24|4:25|4:26|4:27|4:28|4:29|4:3|4:30|4:31|4:32|4:33|4:34|4:35|4:36|4:37|4:38|4:39|4:4|4:40|4:41|4:42|4:43|4:44|4:45|4:46|4:47|4:48|4:49|4:5|4:50|4:51|4:52|4:53|4:54|4:55|4:56|4:57|4:58|4:59|4:6|4:60|4:61|4:62|4:63|4:7|4:8|4:9|5:0|5:1|5:10|5:11|5:12|5:13|5:14|5:15|5:16|5:17|5:18|5:19|5:2|5:20|5:21|5:22|5:23|5:24|5:25|5:26|5:27|5:28|5:29|5:3|5:30|5:31|5:32|5:33|5:34|5:35|5:36|5:37|5:38|5:39|5:4|5:40|5:41|5:42|5:43|5:44|5:45|5:46|5:47|5:48|5:49|5:5|5:50|5:51|5:52|5:53|5:54|5:55|5:56|5:57|5:58|5:59|5:6|5:60|5:61|5:62|5:63|5:7|5:8|5:9
TIERING-OFF-QJ-OFF-QJFL-OFF,346,exact-v9-5-to-6mwe,350784,pressure,C2-MIXTURE-PREFIX,320,0,273.8,1|2|3|4|5,1:0|1:1|1:10|1:11|1:12|1:13|1:14|1:15|1:16|1:17|1:18|1:19|1:2|1:20|1:21|1:22|1:23|1:24|1:25|1:26|1:27|1:28|1:29|1:3|1:30|1:31|1:32|1:33|1:34|1:35|1:36|1:37|1:38|1:39|1:4|1:40|1:41|1:42|1:43|1:44|1:45|1:46|1:47|1:48|1:49|1:5|1:50|1:51|1:52|1:53|1:54|1:55|1:56|1:57|1:58|1:59|1:6|1:60|1:61|1:62|1:63|1:7|1:8|1:9|2:0|2:1|2:10|2:11|2:12|2:13|2:14|2:15|2:16|2:17|2:18|2:19|2:2|2:20|2:21|2:22|2:23|2:24|2:25|2:26|2:27|2:28|2:29|2:3|2:30|2:31|2:32|2:33|2:34|2:35|2:36|2:37|2:38|2:39|2:4|2:40|2:41|2:42|2:43|2:44|2:45|2:46|2:47|2:48|2:49|2:5|2:50|2:51|2:52|2:53|2:54|2:55|2:56|2:57|2:58|2:59|2:6|2:60|2:61|2:62|2:63|2:7|2:8|2:9|3:0|3:1|3:10|3:11|3:12|3:13|3:14|3:15|3:16|3:17|3:18|3:19|3:2|3:20|3:21|3:22|3:23|3:24|3:25|3:26|3:27|3:28|3:29|3:3|3:30|3:31|3:32|3:33|3:34|3:35|3:36|3:37|3:38|3:39|3:4|3:40|3:41|3:42|3:43|3:44|3:45|3:46|3:47|3:48|3:49|3:5|3:50|3:51|3:52|3:53|3:54|3:55|3:56|3:57|3:58|3:59|3:6|3:60|3:61|3:62|3:63|3:7|3:8|3:9|4:0|4:1|4:10|4:11|4:12|4:13|4:14|4:15|4:16|4:17|4:18|4:19|4:2|4:20|4:21|4:22|4:23|4:24|4:25|4:26|4:27|4:28|4:29|4:3|4:30|4:31|4:32|4:33|4:34|4:35|4:36|4:37|4:38|4:39|4:4|4:40|4:41|4:42|4:43|4:44|4:45|4:46|4:47|4:48|4:49|4:5|4:50|4:51|4:52|4:53|4:54|4:55|4:56|4:57|4:58|4:59|4:6|4:60|4:61|4:62|4:63|4:7|4:8|4:9|5:0|5:1|5:10|5:11|5:12|5:13|5:14|5:15|5:16|5:17|5:18|5:19|5:2|5:20|5:21|5:22|5:23|5:24|5:25|5:26|5:27|5:28|5:29|5:3|5:30|5:31|5:32|5:33|5:34|5:35|5:36|5:37|5:38|5:39|5:4|5:40|5:41|5:42|5:43|5:44|5:45|5:46|5:47|5:48|5:49|5:5|5:50|5:51|5:52|5:53|5:54|5:55|5:56|5:57|5:58|5:59|5:6|5:60|5:61|5:62|5:63|5:7|5:8|5:9
TIERING-OFF-QJ-OFF-QJFL-OFF,347,exact-v9-5-to-6mwe,350784,outlet,C2-MIXTURE-PREFIX,320,0,332.1,1|2|3|4|5,1:0|1:1|1:10|1:11|1:12|1:13|1:14|1:15|1:16|1:17|1:18|1:19|1:2|1:20|1:21|1:22|1:23|1:24|1:25|1:26|1:27|1:28|1:29|1:3|1:30|1:31|1:32|1:33|1:34|1:35|1:36|1:37|1:38|1:39|1:4|1:40|1:41|1:42|1:43|1:44|1:45|1:46|1:47|1:48|1:49|1:5|1:50|1:51|1:52|1:53|1:54|1:55|1:56|1:57|1:58|1:59|1:6|1:60|1:61|1:62|1:63|1:7|1:8|1:9|2:0|2:1|2:10|2:11|2:12|2:13|2:14|2:15|2:16|2:17|2:18|2:19|2:2|2:20|2:21|2:22|2:23|2:24|2:25|2:26|2:27|2:28|2:29|2:3|2:30|2:31|2:32|2:33|2:34|2:35|2:36|2:37|2:38|2:39|2:4|2:40|2:41|2:42|2:43|2:44|2:45|2:46|2:47|2:48|2:49|2:5|2:50|2:51|2:52|2:53|2:54|2:55|2:56|2:57|2:58|2:59|2:6|2:60|2:61|2:62|2:63|2:7|2:8|2:9|3:0|3:1|3:10|3:11|3:12|3:13|3:14|3:15|3:16|3:17|3:18|3:19|3:2|3:20|3:21|3:22|3:23|3:24|3:25|3:26|3:27|3:28|3:29|3:3|3:30|3:31|3:32|3:33|3:34|3:35|3:36|3:37|3:38|3:39|3:4|3:40|3:41|3:42|3:43|3:44|3:45|3:46|3:47|3:48|3:49|3:5|3:50|3:51|3:52|3:53|3:54|3:55|3:56|3:57|3:58|3:59|3:6|3:60|3:61|3:62|3:63|3:7|3:8|3:9|4:0|4:1|4:10|4:11|4:12|4:13|4:14|4:15|4:16|4:17|4:18|4:19|4:2|4:20|4:21|4:22|4:23|4:24|4:25|4:26|4:27|4:28|4:29|4:3|4:30|4:31|4:32|4:33|4:34|4:35|4:36|4:37|4:38|4:39|4:4|4:40|4:41|4:42|4:43|4:44|4:45|4:46|4:47|4:48|4:49|4:5|4:50|4:51|4:52|4:53|4:54|4:55|4:56|4:57|4:58|4:59|4:6|4:60|4:61|4:62|4:63|4:7|4:8|4:9|5:0|5:1|5:10|5:11|5:12|5:13|5:14|5:15|5:16|5:17|5:18|5:19|5:2|5:20|5:21|5:22|5:23|5:24|5:25|5:26|5:27|5:28|5:29|5:3|5:30|5:31|5:32|5:33|5:34|5:35|5:36|5:37|5:38|5:39|5:4|5:40|5:41|5:42|5:43|5:44|5:45|5:46|5:47|5:48|5:49|5:5|5:50|5:51|5:52|5:53|5:54|5:55|5:56|5:57|5:58|5:59|5:6|5:60|5:61|5:62|5:63|5:7|5:8|5:9
TIERING-OFF-QJ-OFF-QJFL-OFF,348,exact-v9-5-to-6mwe,350784,drum,C2-MIXTURE-PREFIX,320,0,180.7,1|2|3|4|5,1:0|1:1|1:10|1:11|1:12|1:13|1:14|1:15|1:16|1:17|1:18|1:19|1:2|1:20|1:21|1:22|1:23|1:24|1:25|1:26|1:27|1:28|1:29|1:3|1:30|1:31|1:32|1:33|1:34|1:35|1:36|1:37|1:38|1:39|1:4|1:40|1:41|1:42|1:43|1:44|1:45|1:46|1:47|1:48|1:49|1:5|1:50|1:51|1:52|1:53|1:54|1:55|1:56|1:57|1:58|1:59|1:6|1:60|1:61|1:62|1:63|1:7|1:8|1:9|2:0|2:1|2:10|2:11|2:12|2:13|2:14|2:15|2:16|2:17|2:18|2:19|2:2|2:20|2:21|2:22|2:23|2:24|2:25|2:26|2:27|2:28|2:29|2:3|2:30|2:31|2:32|2:33|2:34|2:35|2:36|2:37|2:38|2:39|2:4|2:40|2:41|2:42|2:43|2:44|2:45|2:46|2:47|2:48|2:49|2:5|2:50|2:51|2:52|2:53|2:54|2:55|2:56|2:57|2:58|2:59|2:6|2:60|2:61|2:62|2:63|2:7|2:8|2:9|3:0|3:1|3:10|3:11|3:12|3:13|3:14|3:15|3:16|3:17|3:18|3:19|3:2|3:20|3:21|3:22|3:23|3:24|3:25|3:26|3:27|3:28|3:29|3:3|3:30|3:31|3:32|3:33|3:34|3:35|3:36|3:37|3:38|3:39|3:4|3:40|3:41|3:42|3:43|3:44|3:45|3:46|3:47|3:48|3:49|3:5|3:50|3:51|3:52|3:53|3:54|3:55|3:56|3:57|3:58|3:59|3:6|3:60|3:61|3:62|3:63|3:7|3:8|3:9|4:0|4:1|4:10|4:11|4:12|4:13|4:14|4:15|4:16|4:17|4:18|4:19|4:2|4:20|4:21|4:22|4:23|4:24|4:25|4:26|4:27|4:28|4:29|4:3|4:30|4:31|4:32|4:33|4:34|4:35|4:36|4:37|4:38|4:39|4:4|4:40|4:41|4:42|4:43|4:44|4:45|4:46|4:47|4:48|4:49|4:5|4:50|4:51|4:52|4:53|4:54|4:55|4:56|4:57|4:58|4:59|4:6|4:60|4:61|4:62|4:63|4:7|4:8|4:9|5:0|5:1|5:10|5:11|5:12|5:13|5:14|5:15|5:16|5:17|5:18|5:19|5:2|5:20|5:21|5:22|5:23|5:24|5:25|5:26|5:27|5:28|5:29|5:3|5:30|5:31|5:32|5:33|5:34|5:35|5:36|5:37|5:38|5:39|5:4|5:40|5:41|5:42|5:43|5:44|5:45|5:46|5:47|5:48|5:49|5:5|5:50|5:51|5:52|5:53|5:54|5:55|5:56|5:57|5:58|5:59|5:6|5:60|5:61|5:62|5:63|5:7|5:8|5:9
TIERING-OFF-QJ-OFF-QJFL-OFF,349,exact-v9-5-to-6mwe,350784,feedwater-inventory,C2-MIXTURE-PREFIX,1,0,130.1,1,1:34
TIERING-OFF-QJ-OFF-QJFL-OFF,35,background-reference,42000,suction,C2-MIXTURE-PREFIX,320,0,311.6,1|2|3|4|5,1:0|1:1|1:10|1:11|1:12|1:13|1:14|1:15|1:16|1:17|1:18|1:19|1:2|1:20|1:21|1:22|1:23|1:24|1:25|1:26|1:27|1:28|1:29|1:3|1:30|1:31|1:32|1:33|1:34|1:35|1:36|1:37|1:38|1:39|1:4|1:40|1:41|1:42|1:43|1:44|1:45|1:46|1:47|1:48|1:49|1:5|1:50|1:51|1:52|1:53|1:54|1:55|1:56|1:57|1:58|1:59|1:6|1:60|1:61|1:62|1:63|1:7|1:8|1:9|2:0|2:1|2:10|2:11|2:12|2:13|2:14|2:15|2:16|2:17|2:18|2:19|2:2|2:20|2:21|2:22|2:23|2:24|2:25|2:26|2:27|2:28|2:29|2:3|2:30|2:31|2:32|2:33|2:34|2:35|2:36|2:37|2:38|2:39|2:4|2:40|2:41|2:42|2:43|2:44|2:45|2:46|2:47|2:48|2:49|2:5|2:50|2:51|2:52|2:53|2:54|2:55|2:56|2:57|2:58|2:59|2:6|2:60|2:61|2:62|2:63|2:7|2:8|2:9|3:0|3:1|3:10|3:11|3:12|3:13|3:14|3:15|3:16|3:17|3:18|3:19|3:2|3:20|3:21|3:22|3:23|3:24|3:25|3:26|3:27|3:28|3:29|3:3|3:30|3:31|3:32|3:33|3:34|3:35|3:36|3:37|3:38|3:39|3:4|3:40|3:41|3:42|3:43|3:44|3:45|3:46|3:47|3:48|3:49|3:5|3:50|3:51|3:52|3:53|3:54|3:55|3:56|3:57|3:58|3:59|3:6|3:60|3:61|3:62|3:63|3:7|3:8|3:9|4:0|4:1|4:10|4:11|4:12|4:13|4:14|4:15|4:16|4:17|4:18|4:19|4:2|4:20|4:21|4:22|4:23|4:24|4:25|4:26|4:27|4:28|4:29|4:3|4:30|4:31|4:32|4:33|4:34|4:35|4:36|4:37|4:38|4:39|4:4|4:40|4:41|4:42|4:43|4:44|4:45|4:46|4:47|4:48|4:49|4:5|4:50|4:51|4:52|4:53|4:54|4:55|4:56|4:57|4:58|4:59|4:6|4:60|4:61|4:62|4:63|4:7|4:8|4:9|5:0|5:1|5:10|5:11|5:12|5:13|5:14|5:15|5:16|5:17|5:18|5:19|5:2|5:20|5:21|5:22|5:23|5:24|5:25|5:26|5:27|5:28|5:29|5:3|5:30|5:31|5:32|5:33|5:34|5:35|5:36|5:37|5:38|5:39|5:4|5:40|5:41|5:42|5:43|5:44|5:45|5:46|5:47|5:48|5:49|5:5|5:50|5:51|5:52|5:53|5:54|5:55|5:56|5:57|5:58|5:59|5:6|5:60|5:61|5:62|5:63|5:7|5:8|5:9
TIERING-OFF-QJ-OFF-QJFL-OFF,350,exact-v9-5-to-6mwe,356784,suction,C2-MIXTURE-PREFIX,320,0,311.8,1|2|3|4|5,1:0|1:1|1:10|1:11|1:12|1:13|1:14|1:15|1:16|1:17|1:18|1:19|1:2|1:20|1:21|1:22|1:23|1:24|1:25|1:26|1:27|1:28|1:29|1:3|1:30|1:31|1:32|1:33|1:34|1:35|1:36|1:37|1:38|1:39|1:4|1:40|1:41|1:42|1:43|1:44|1:45|1:46|1:47|1:48|1:49|1:5|1:50|1:51|1:52|1:53|1:54|1:55|1:56|1:57|1:58|1:59|1:6|1:60|1:61|1:62|1:63|1:7|1:8|1:9|2:0|2:1|2:10|2:11|2:12|2:13|2:14|2:15|2:16|2:17|2:18|2:19|2:2|2:20|2:21|2:22|2:23|2:24|2:25|2:26|2:27|2:28|2:29|2:3|2:30|2:31|2:32|2:33|2:34|2:35|2:36|2:37|2:38|2:39|2:4|2:40|2:41|2:42|2:43|2:44|2:45|2:46|2:47|2:48|2:49|2:5|2:50|2:51|2:52|2:53|2:54|2:55|2:56|2:57|2:58|2:59|2:6|2:60|2:61|2:62|2:63|2:7|2:8|2:9|3:0|3:1|3:10|3:11|3:12|3:13|3:14|3:15|3:16|3:17|3:18|3:19|3:2|3:20|3:21|3:22|3:23|3:24|3:25|3:26|3:27|3:28|3:29|3:3|3:30|3:31|3:32|3:33|3:34|3:35|3:36|3:37|3:38|3:39|3:4|3:40|3:41|3:42|3:43|3:44|3:45|3:46|3:47|3:48|3:49|3:5|3:50|3:51|3:52|3:53|3:54|3:55|3:56|3:57|3:58|3:59|3:6|3:60|3:61|3:62|3:63|3:7|3:8|3:9|4:0|4:1|4:10|4:11|4:12|4:13|4:14|4:15|4:16|4:17|4:18|4:19|4:2|4:20|4:21|4:22|4:23|4:24|4:25|4:26|4:27|4:28|4:29|4:3|4:30|4:31|4:32|4:33|4:34|4:35|4:36|4:37|4:38|4:39|4:4|4:40|4:41|4:42|4:43|4:44|4:45|4:46|4:47|4:48|4:49|4:5|4:50|4:51|4:52|4:53|4:54|4:55|4:56|4:57|4:58|4:59|4:6|4:60|4:61|4:62|4:63|4:7|4:8|4:9|5:0|5:1|5:10|5:11|5:12|5:13|5:14|5:15|5:16|5:17|5:18|5:19|5:2|5:20|5:21|5:22|5:23|5:24|5:25|5:26|5:27|5:28|5:29|5:3|5:30|5:31|5:32|5:33|5:34|5:35|5:36|5:37|5:38|5:39|5:4|5:40|5:41|5:42|5:43|5:44|5:45|5:46|5:47|5:48|5:49|5:5|5:50|5:51|5:52|5:53|5:54|5:55|5:56|5:57|5:58|5:59|5:6|5:60|5:61|5:62|5:63|5:7|5:8|5:9
TIERING-OFF-QJ-OFF-QJFL-OFF,351,exact-v9-5-to-6mwe,356784,pressure,C2-MIXTURE-PREFIX,320,1,478.9,1|2|3|4|5,1:0|1:1|1:10|1:11|1:12|1:13|1:14|1:15|1:16|1:17|1:18|1:19|1:2|1:20|1:21|1:22|1:23|1:24|1:25|1:26|1:27|1:28|1:29|1:3|1:30|1:31|1:32|1:33|1:34|1:35|1:36|1:37|1:38|1:39|1:4|1:40|1:41|1:42|1:43|1:44|1:45|1:46|1:47|1:48|1:49|1:5|1:50|1:51|1:52|1:53|1:54|1:55|1:56|1:57|1:58|1:59|1:6|1:60|1:61|1:62|1:63|1:7|1:8|1:9|2:0|2:1|2:10|2:11|2:12|2:13|2:14|2:15|2:16|2:17|2:18|2:19|2:2|2:20|2:21|2:22|2:23|2:24|2:25|2:26|2:27|2:28|2:29|2:3|2:30|2:31|2:32|2:33|2:34|2:35|2:36|2:37|2:38|2:39|2:4|2:40|2:41|2:42|2:43|2:44|2:45|2:46|2:47|2:48|2:49|2:5|2:50|2:51|2:52|2:53|2:54|2:55|2:56|2:57|2:58|2:59|2:6|2:60|2:61|2:62|2:63|2:7|2:8|2:9|3:0|3:1|3:10|3:11|3:12|3:13|3:14|3:15|3:16|3:17|3:18|3:19|3:2|3:20|3:21|3:22|3:23|3:24|3:25|3:26|3:27|3:28|3:29|3:3|3:30|3:31|3:32|3:33|3:34|3:35|3:36|3:37|3:38|3:39|3:4|3:40|3:41|3:42|3:43|3:44|3:45|3:46|3:47|3:48|3:49|3:5|3:50|3:51|3:52|3:53|3:54|3:55|3:56|3:57|3:58|3:59|3:6|3:60|3:61|3:62|3:63|3:7|3:8|3:9|4:0|4:1|4:10|4:11|4:12|4:13|4:14|4:15|4:16|4:17|4:18|4:19|4:2|4:20|4:21|4:22|4:23|4:24|4:25|4:26|4:27|4:28|4:29|4:3|4:30|4:31|4:32|4:33|4:34|4:35|4:36|4:37|4:38|4:39|4:4|4:40|4:41|4:42|4:43|4:44|4:45|4:46|4:47|4:48|4:49|4:5|4:50|4:51|4:52|4:53|4:54|4:55|4:56|4:57|4:58|4:59|4:6|4:60|4:61|4:62|4:63|4:7|4:8|4:9|5:0|5:1|5:10|5:11|5:12|5:13|5:14|5:15|5:16|5:17|5:18|5:19|5:2|5:20|5:21|5:22|5:23|5:24|5:25|5:26|5:27|5:28|5:29|5:3|5:30|5:31|5:32|5:33|5:34|5:35|5:36|5:37|5:38|5:39|5:4|5:40|5:41|5:42|5:43|5:44|5:45|5:46|5:47|5:48|5:49|5:5|5:50|5:51|5:52|5:53|5:54|5:55|5:56|5:57|5:58|5:59|5:6|5:60|5:61|5:62|5:63|5:7|5:8|5:9
TIERING-OFF-QJ-OFF-QJFL-OFF,352,exact-v9-5-to-6mwe,356784,outlet,C2-MIXTURE-PREFIX,320,0,319.8,1|2|3|4|5,1:0|1:1|1:10|1:11|1:12|1:13|1:14|1:15|1:16|1:17|1:18|1:19|1:2|1:20|1:21|1:22|1:23|1:24|1:25|1:26|1:27|1:28|1:29|1:3|1:30|1:31|1:32|1:33|1:34|1:35|1:36|1:37|1:38|1:39|1:4|1:40|1:41|1:42|1:43|1:44|1:45|1:46|1:47|1:48|1:49|1:5|1:50|1:51|1:52|1:53|1:54|1:55|1:56|1:57|1:58|1:59|1:6|1:60|1:61|1:62|1:63|1:7|1:8|1:9|2:0|2:1|2:10|2:11|2:12|2:13|2:14|2:15|2:16|2:17|2:18|2:19|2:2|2:20|2:21|2:22|2:23|2:24|2:25|2:26|2:27|2:28|2:29|2:3|2:30|2:31|2:32|2:33|2:34|2:35|2:36|2:37|2:38|2:39|2:4|2:40|2:41|2:42|2:43|2:44|2:45|2:46|2:47|2:48|2:49|2:5|2:50|2:51|2:52|2:53|2:54|2:55|2:56|2:57|2:58|2:59|2:6|2:60|2:61|2:62|2:63|2:7|2:8|2:9|3:0|3:1|3:10|3:11|3:12|3:13|3:14|3:15|3:16|3:17|3:18|3:19|3:2|3:20|3:21|3:22|3:23|3:24|3:25|3:26|3:27|3:28|3:29|3:3|3:30|3:31|3:32|3:33|3:34|3:35|3:36|3:37|3:38|3:39|3:4|3:40|3:41|3:42|3:43|3:44|3:45|3:46|3:47|3:48|3:49|3:5|3:50|3:51|3:52|3:53|3:54|3:55|3:56|3:57|3:58|3:59|3:6|3:60|3:61|3:62|3:63|3:7|3:8|3:9|4:0|4:1|4:10|4:11|4:12|4:13|4:14|4:15|4:16|4:17|4:18|4:19|4:2|4:20|4:21|4:22|4:23|4:24|4:25|4:26|4:27|4:28|4:29|4:3|4:30|4:31|4:32|4:33|4:34|4:35|4:36|4:37|4:38|4:39|4:4|4:40|4:41|4:42|4:43|4:44|4:45|4:46|4:47|4:48|4:49|4:5|4:50|4:51|4:52|4:53|4:54|4:55|4:56|4:57|4:58|4:59|4:6|4:60|4:61|4:62|4:63|4:7|4:8|4:9|5:0|5:1|5:10|5:11|5:12|5:13|5:14|5:15|5:16|5:17|5:18|5:19|5:2|5:20|5:21|5:22|5:23|5:24|5:25|5:26|5:27|5:28|5:29|5:3|5:30|5:31|5:32|5:33|5:34|5:35|5:36|5:37|5:38|5:39|5:4|5:40|5:41|5:42|5:43|5:44|5:45|5:46|5:47|5:48|5:49|5:5|5:50|5:51|5:52|5:53|5:54|5:55|5:56|5:57|5:58|5:59|5:6|5:60|5:61|5:62|5:63|5:7|5:8|5:9
TIERING-OFF-QJ-OFF-QJFL-OFF,353,exact-v9-5-to-6mwe,356784,drum,C2-MIXTURE-PREFIX,320,0,280.1,1|2|3|4|5,1:0|1:1|1:10|1:11|1:12|1:13|1:14|1:15|1:16|1:17|1:18|1:19|1:2|1:20|1:21|1:22|1:23|1:24|1:25|1:26|1:27|1:28|1:29|1:3|1:30|1:31|1:32|1:33|1:34|1:35|1:36|1:37|1:38|1:39|1:4|1:40|1:41|1:42|1:43|1:44|1:45|1:46|1:47|1:48|1:49|1:5|1:50|1:51|1:52|1:53|1:54|1:55|1:56|1:57|1:58|1:59|1:6|1:60|1:61|1:62|1:63|1:7|1:8|1:9|2:0|2:1|2:10|2:11|2:12|2:13|2:14|2:15|2:16|2:17|2:18|2:19|2:2|2:20|2:21|2:22|2:23|2:24|2:25|2:26|2:27|2:28|2:29|2:3|2:30|2:31|2:32|2:33|2:34|2:35|2:36|2:37|2:38|2:39|2:4|2:40|2:41|2:42|2:43|2:44|2:45|2:46|2:47|2:48|2:49|2:5|2:50|2:51|2:52|2:53|2:54|2:55|2:56|2:57|2:58|2:59|2:6|2:60|2:61|2:62|2:63|2:7|2:8|2:9|3:0|3:1|3:10|3:11|3:12|3:13|3:14|3:15|3:16|3:17|3:18|3:19|3:2|3:20|3:21|3:22|3:23|3:24|3:25|3:26|3:27|3:28|3:29|3:3|3:30|3:31|3:32|3:33|3:34|3:35|3:36|3:37|3:38|3:39|3:4|3:40|3:41|3:42|3:43|3:44|3:45|3:46|3:47|3:48|3:49|3:5|3:50|3:51|3:52|3:53|3:54|3:55|3:56|3:57|3:58|3:59|3:6|3:60|3:61|3:62|3:63|3:7|3:8|3:9|4:0|4:1|4:10|4:11|4:12|4:13|4:14|4:15|4:16|4:17|4:18|4:19|4:2|4:20|4:21|4:22|4:23|4:24|4:25|4:26|4:27|4:28|4:29|4:3|4:30|4:31|4:32|4:33|4:34|4:35|4:36|4:37|4:38|4:39|4:4|4:40|4:41|4:42|4:43|4:44|4:45|4:46|4:47|4:48|4:49|4:5|4:50|4:51|4:52|4:53|4:54|4:55|4:56|4:57|4:58|4:59|4:6|4:60|4:61|4:62|4:63|4:7|4:8|4:9|5:0|5:1|5:10|5:11|5:12|5:13|5:14|5:15|5:16|5:17|5:18|5:19|5:2|5:20|5:21|5:22|5:23|5:24|5:25|5:26|5:27|5:28|5:29|5:3|5:30|5:31|5:32|5:33|5:34|5:35|5:36|5:37|5:38|5:39|5:4|5:40|5:41|5:42|5:43|5:44|5:45|5:46|5:47|5:48|5:49|5:5|5:50|5:51|5:52|5:53|5:54|5:55|5:56|5:57|5:58|5:59|5:6|5:60|5:61|5:62|5:63|5:7|5:8|5:9
TIERING-OFF-QJ-OFF-QJFL-OFF,354,exact-v9-5-to-6mwe,356784,feedwater-inventory,C2-MIXTURE-PREFIX,1,0,145.3,1,1:41
TIERING-OFF-QJ-OFF-QJFL-OFF,355,exact-v9-5-to-6mwe,362784,suction,C2-MIXTURE-PREFIX,320,0,280.1,1|2|3|4|5,1:0|1:1|1:10|1:11|1:12|1:13|1:14|1:15|1:16|1:17|1:18|1:19|1:2|1:20|1:21|1:22|1:23|1:24|1:25|1:26|1:27|1:28|1:29|1:3|1:30|1:31|1:32|1:33|1:34|1:35|1:36|1:37|1:38|1:39|1:4|1:40|1:41|1:42|1:43|1:44|1:45|1:46|1:47|1:48|1:49|1:5|1:50|1:51|1:52|1:53|1:54|1:55|1:56|1:57|1:58|1:59|1:6|1:60|1:61|1:62|1:63|1:7|1:8|1:9|2:0|2:1|2:10|2:11|2:12|2:13|2:14|2:15|2:16|2:17|2:18|2:19|2:2|2:20|2:21|2:22|2:23|2:24|2:25|2:26|2:27|2:28|2:29|2:3|2:30|2:31|2:32|2:33|2:34|2:35|2:36|2:37|2:38|2:39|2:4|2:40|2:41|2:42|2:43|2:44|2:45|2:46|2:47|2:48|2:49|2:5|2:50|2:51|2:52|2:53|2:54|2:55|2:56|2:57|2:58|2:59|2:6|2:60|2:61|2:62|2:63|2:7|2:8|2:9|3:0|3:1|3:10|3:11|3:12|3:13|3:14|3:15|3:16|3:17|3:18|3:19|3:2|3:20|3:21|3:22|3:23|3:24|3:25|3:26|3:27|3:28|3:29|3:3|3:30|3:31|3:32|3:33|3:34|3:35|3:36|3:37|3:38|3:39|3:4|3:40|3:41|3:42|3:43|3:44|3:45|3:46|3:47|3:48|3:49|3:5|3:50|3:51|3:52|3:53|3:54|3:55|3:56|3:57|3:58|3:59|3:6|3:60|3:61|3:62|3:63|3:7|3:8|3:9|4:0|4:1|4:10|4:11|4:12|4:13|4:14|4:15|4:16|4:17|4:18|4:19|4:2|4:20|4:21|4:22|4:23|4:24|4:25|4:26|4:27|4:28|4:29|4:3|4:30|4:31|4:32|4:33|4:34|4:35|4:36|4:37|4:38|4:39|4:4|4:40|4:41|4:42|4:43|4:44|4:45|4:46|4:47|4:48|4:49|4:5|4:50|4:51|4:52|4:53|4:54|4:55|4:56|4:57|4:58|4:59|4:6|4:60|4:61|4:62|4:63|4:7|4:8|4:9|5:0|5:1|5:10|5:11|5:12|5:13|5:14|5:15|5:16|5:17|5:18|5:19|5:2|5:20|5:21|5:22|5:23|5:24|5:25|5:26|5:27|5:28|5:29|5:3|5:30|5:31|5:32|5:33|5:34|5:35|5:36|5:37|5:38|5:39|5:4|5:40|5:41|5:42|5:43|5:44|5:45|5:46|5:47|5:48|5:49|5:5|5:50|5:51|5:52|5:53|5:54|5:55|5:56|5:57|5:58|5:59|5:6|5:60|5:61|5:62|5:63|5:7|5:8|5:9
TIERING-OFF-QJ-OFF-QJFL-OFF,356,exact-v9-5-to-6mwe,362784,pressure,C2-MIXTURE-PREFIX,320,0,378.1,1|2|3|4|5,1:0|1:1|1:10|1:11|1:12|1:13|1:14|1:15|1:16|1:17|1:18|1:19|1:2|1:20|1:21|1:22|1:23|1:24|1:25|1:26|1:27|1:28|1:29|1:3|1:30|1:31|1:32|1:33|1:34|1:35|1:36|1:37|1:38|1:39|1:4|1:40|1:41|1:42|1:43|1:44|1:45|1:46|1:47|1:48|1:49|1:5|1:50|1:51|1:52|1:53|1:54|1:55|1:56|1:57|1:58|1:59|1:6|1:60|1:61|1:62|1:63|1:7|1:8|1:9|2:0|2:1|2:10|2:11|2:12|2:13|2:14|2:15|2:16|2:17|2:18|2:19|2:2|2:20|2:21|2:22|2:23|2:24|2:25|2:26|2:27|2:28|2:29|2:3|2:30|2:31|2:32|2:33|2:34|2:35|2:36|2:37|2:38|2:39|2:4|2:40|2:41|2:42|2:43|2:44|2:45|2:46|2:47|2:48|2:49|2:5|2:50|2:51|2:52|2:53|2:54|2:55|2:56|2:57|2:58|2:59|2:6|2:60|2:61|2:62|2:63|2:7|2:8|2:9|3:0|3:1|3:10|3:11|3:12|3:13|3:14|3:15|3:16|3:17|3:18|3:19|3:2|3:20|3:21|3:22|3:23|3:24|3:25|3:26|3:27|3:28|3:29|3:3|3:30|3:31|3:32|3:33|3:34|3:35|3:36|3:37|3:38|3:39|3:4|3:40|3:41|3:42|3:43|3:44|3:45|3:46|3:47|3:48|3:49|3:5|3:50|3:51|3:52|3:53|3:54|3:55|3:56|3:57|3:58|3:59|3:6|3:60|3:61|3:62|3:63|3:7|3:8|3:9|4:0|4:1|4:10|4:11|4:12|4:13|4:14|4:15|4:16|4:17|4:18|4:19|4:2|4:20|4:21|4:22|4:23|4:24|4:25|4:26|4:27|4:28|4:29|4:3|4:30|4:31|4:32|4:33|4:34|4:35|4:36|4:37|4:38|4:39|4:4|4:40|4:41|4:42|4:43|4:44|4:45|4:46|4:47|4:48|4:49|4:5|4:50|4:51|4:52|4:53|4:54|4:55|4:56|4:57|4:58|4:59|4:6|4:60|4:61|4:62|4:63|4:7|4:8|4:9|5:0|5:1|5:10|5:11|5:12|5:13|5:14|5:15|5:16|5:17|5:18|5:19|5:2|5:20|5:21|5:22|5:23|5:24|5:25|5:26|5:27|5:28|5:29|5:3|5:30|5:31|5:32|5:33|5:34|5:35|5:36|5:37|5:38|5:39|5:4|5:40|5:41|5:42|5:43|5:44|5:45|5:46|5:47|5:48|5:49|5:5|5:50|5:51|5:52|5:53|5:54|5:55|5:56|5:57|5:58|5:59|5:6|5:60|5:61|5:62|5:63|5:7|5:8|5:9
TIERING-OFF-QJ-OFF-QJFL-OFF,357,exact-v9-5-to-6mwe,362784,outlet,C2-MIXTURE-PREFIX,320,0,349.6,1|2|3|4|5,1:0|1:1|1:10|1:11|1:12|1:13|1:14|1:15|1:16|1:17|1:18|1:19|1:2|1:20|1:21|1:22|1:23|1:24|1:25|1:26|1:27|1:28|1:29|1:3|1:30|1:31|1:32|1:33|1:34|1:35|1:36|1:37|1:38|1:39|1:4|1:40|1:41|1:42|1:43|1:44|1:45|1:46|1:47|1:48|1:49|1:5|1:50|1:51|1:52|1:53|1:54|1:55|1:56|1:57|1:58|1:59|1:6|1:60|1:61|1:62|1:63|1:7|1:8|1:9|2:0|2:1|2:10|2:11|2:12|2:13|2:14|2:15|2:16|2:17|2:18|2:19|2:2|2:20|2:21|2:22|2:23|2:24|2:25|2:26|2:27|2:28|2:29|2:3|2:30|2:31|2:32|2:33|2:34|2:35|2:36|2:37|2:38|2:39|2:4|2:40|2:41|2:42|2:43|2:44|2:45|2:46|2:47|2:48|2:49|2:5|2:50|2:51|2:52|2:53|2:54|2:55|2:56|2:57|2:58|2:59|2:6|2:60|2:61|2:62|2:63|2:7|2:8|2:9|3:0|3:1|3:10|3:11|3:12|3:13|3:14|3:15|3:16|3:17|3:18|3:19|3:2|3:20|3:21|3:22|3:23|3:24|3:25|3:26|3:27|3:28|3:29|3:3|3:30|3:31|3:32|3:33|3:34|3:35|3:36|3:37|3:38|3:39|3:4|3:40|3:41|3:42|3:43|3:44|3:45|3:46|3:47|3:48|3:49|3:5|3:50|3:51|3:52|3:53|3:54|3:55|3:56|3:57|3:58|3:59|3:6|3:60|3:61|3:62|3:63|3:7|3:8|3:9|4:0|4:1|4:10|4:11|4:12|4:13|4:14|4:15|4:16|4:17|4:18|4:19|4:2|4:20|4:21|4:22|4:23|4:24|4:25|4:26|4:27|4:28|4:29|4:3|4:30|4:31|4:32|4:33|4:34|4:35|4:36|4:37|4:38|4:39|4:4|4:40|4:41|4:42|4:43|4:44|4:45|4:46|4:47|4:48|4:49|4:5|4:50|4:51|4:52|4:53|4:54|4:55|4:56|4:57|4:58|4:59|4:6|4:60|4:61|4:62|4:63|4:7|4:8|4:9|5:0|5:1|5:10|5:11|5:12|5:13|5:14|5:15|5:16|5:17|5:18|5:19|5:2|5:20|5:21|5:22|5:23|5:24|5:25|5:26|5:27|5:28|5:29|5:3|5:30|5:31|5:32|5:33|5:34|5:35|5:36|5:37|5:38|5:39|5:4|5:40|5:41|5:42|5:43|5:44|5:45|5:46|5:47|5:48|5:49|5:5|5:50|5:51|5:52|5:53|5:54|5:55|5:56|5:57|5:58|5:59|5:6|5:60|5:61|5:62|5:63|5:7|5:8|5:9
TIERING-OFF-QJ-OFF-QJFL-OFF,358,exact-v9-5-to-6mwe,362784,drum,C2-MIXTURE-PREFIX,320,0,397.9,1|2|3|4|5,1:0|1:1|1:10|1:11|1:12|1:13|1:14|1:15|1:16|1:17|1:18|1:19|1:2|1:20|1:21|1:22|1:23|1:24|1:25|1:26|1:27|1:28|1:29|1:3|1:30|1:31|1:32|1:33|1:34|1:35|1:36|1:37|1:38|1:39|1:4|1:40|1:41|1:42|1:43|1:44|1:45|1:46|1:47|1:48|1:49|1:5|1:50|1:51|1:52|1:53|1:54|1:55|1:56|1:57|1:58|1:59|1:6|1:60|1:61|1:62|1:63|1:7|1:8|1:9|2:0|2:1|2:10|2:11|2:12|2:13|2:14|2:15|2:16|2:17|2:18|2:19|2:2|2:20|2:21|2:22|2:23|2:24|2:25|2:26|2:27|2:28|2:29|2:3|2:30|2:31|2:32|2:33|2:34|2:35|2:36|2:37|2:38|2:39|2:4|2:40|2:41|2:42|2:43|2:44|2:45|2:46|2:47|2:48|2:49|2:5|2:50|2:51|2:52|2:53|2:54|2:55|2:56|2:57|2:58|2:59|2:6|2:60|2:61|2:62|2:63|2:7|2:8|2:9|3:0|3:1|3:10|3:11|3:12|3:13|3:14|3:15|3:16|3:17|3:18|3:19|3:2|3:20|3:21|3:22|3:23|3:24|3:25|3:26|3:27|3:28|3:29|3:3|3:30|3:31|3:32|3:33|3:34|3:35|3:36|3:37|3:38|3:39|3:4|3:40|3:41|3:42|3:43|3:44|3:45|3:46|3:47|3:48|3:49|3:5|3:50|3:51|3:52|3:53|3:54|3:55|3:56|3:57|3:58|3:59|3:6|3:60|3:61|3:62|3:63|3:7|3:8|3:9|4:0|4:1|4:10|4:11|4:12|4:13|4:14|4:15|4:16|4:17|4:18|4:19|4:2|4:20|4:21|4:22|4:23|4:24|4:25|4:26|4:27|4:28|4:29|4:3|4:30|4:31|4:32|4:33|4:34|4:35|4:36|4:37|4:38|4:39|4:4|4:40|4:41|4:42|4:43|4:44|4:45|4:46|4:47|4:48|4:49|4:5|4:50|4:51|4:52|4:53|4:54|4:55|4:56|4:57|4:58|4:59|4:6|4:60|4:61|4:62|4:63|4:7|4:8|4:9|5:0|5:1|5:10|5:11|5:12|5:13|5:14|5:15|5:16|5:17|5:18|5:19|5:2|5:20|5:21|5:22|5:23|5:24|5:25|5:26|5:27|5:28|5:29|5:3|5:30|5:31|5:32|5:33|5:34|5:35|5:36|5:37|5:38|5:39|5:4|5:40|5:41|5:42|5:43|5:44|5:45|5:46|5:47|5:48|5:49|5:5|5:50|5:51|5:52|5:53|5:54|5:55|5:56|5:57|5:58|5:59|5:6|5:60|5:61|5:62|5:63|5:7|5:8|5:9
TIERING-OFF-QJ-OFF-QJFL-OFF,36,background-reference,42000,pressure,C2-MIXTURE-PREFIX,320,0,370.5,1|2|3|4|5,1:0|1:1|1:10|1:11|1:12|1:13|1:14|1:15|1:16|1:17|1:18|1:19|1:2|1:20|1:21|1:22|1:23|1:24|1:25|1:26|1:27|1:28|1:29|1:3|1:30|1:31|1:32|1:33|1:34|1:35|1:36|1:37|1:38|1:39|1:4|1:40|1:41|1:42|1:43|1:44|1:45|1:46|1:47|1:48|1:49|1:5|1:50|1:51|1:52|1:53|1:54|1:55|1:56|1:57|1:58|1:59|1:6|1:60|1:61|1:62|1:63|1:7|1:8|1:9|2:0|2:1|2:10|2:11|2:12|2:13|2:14|2:15|2:16|2:17|2:18|2:19|2:2|2:20|2:21|2:22|2:23|2:24|2:25|2:26|2:27|2:28|2:29|2:3|2:30|2:31|2:32|2:33|2:34|2:35|2:36|2:37|2:38|2:39|2:4|2:40|2:41|2:42|2:43|2:44|2:45|2:46|2:47|2:48|2:49|2:5|2:50|2:51|2:52|2:53|2:54|2:55|2:56|2:57|2:58|2:59|2:6|2:60|2:61|2:62|2:63|2:7|2:8|2:9|3:0|3:1|3:10|3:11|3:12|3:13|3:14|3:15|3:16|3:17|3:18|3:19|3:2|3:20|3:21|3:22|3:23|3:24|3:25|3:26|3:27|3:28|3:29|3:3|3:30|3:31|3:32|3:33|3:34|3:35|3:36|3:37|3:38|3:39|3:4|3:40|3:41|3:42|3:43|3:44|3:45|3:46|3:47|3:48|3:49|3:5|3:50|3:51|3:52|3:53|3:54|3:55|3:56|3:57|3:58|3:59|3:6|3:60|3:61|3:62|3:63|3:7|3:8|3:9|4:0|4:1|4:10|4:11|4:12|4:13|4:14|4:15|4:16|4:17|4:18|4:19|4:2|4:20|4:21|4:22|4:23|4:24|4:25|4:26|4:27|4:28|4:29|4:3|4:30|4:31|4:32|4:33|4:34|4:35|4:36|4:37|4:38|4:39|4:4|4:40|4:41|4:42|4:43|4:44|4:45|4:46|4:47|4:48|4:49|4:5|4:50|4:51|4:52|4:53|4:54|4:55|4:56|4:57|4:58|4:59|4:6|4:60|4:61|4:62|4:63|4:7|4:8|4:9|5:0|5:1|5:10|5:11|5:12|5:13|5:14|5:15|5:16|5:17|5:18|5:19|5:2|5:20|5:21|5:22|5:23|5:24|5:25|5:26|5:27|5:28|5:29|5:3|5:30|5:31|5:32|5:33|5:34|5:35|5:36|5:37|5:38|5:39|5:4|5:40|5:41|5:42|5:43|5:44|5:45|5:46|5:47|5:48|5:49|5:5|5:50|5:51|5:52|5:53|5:54|5:55|5:56|5:57|5:58|5:59|5:6|5:60|5:61|5:62|5:63|5:7|5:8|5:9
TIERING-OFF-QJ-OFF-QJFL-OFF,37,background-reference,42000,outlet,C2-MIXTURE-PREFIX,320,0,320.6,1|2|3|4|5,1:0|1:1|1:10|1:11|1:12|1:13|1:14|1:15|1:16|1:17|1:18|1:19|1:2|1:20|1:21|1:22|1:23|1:24|1:25|1:26|1:27|1:28|1:29|1:3|1:30|1:31|1:32|1:33|1:34|1:35|1:36|1:37|1:38|1:39|1:4|1:40|1:41|1:42|1:43|1:44|1:45|1:46|1:47|1:48|1:49|1:5|1:50|1:51|1:52|1:53|1:54|1:55|1:56|1:57|1:58|1:59|1:6|1:60|1:61|1:62|1:63|1:7|1:8|1:9|2:0|2:1|2:10|2:11|2:12|2:13|2:14|2:15|2:16|2:17|2:18|2:19|2:2|2:20|2:21|2:22|2:23|2:24|2:25|2:26|2:27|2:28|2:29|2:3|2:30|2:31|2:32|2:33|2:34|2:35|2:36|2:37|2:38|2:39|2:4|2:40|2:41|2:42|2:43|2:44|2:45|2:46|2:47|2:48|2:49|2:5|2:50|2:51|2:52|2:53|2:54|2:55|2:56|2:57|2:58|2:59|2:6|2:60|2:61|2:62|2:63|2:7|2:8|2:9|3:0|3:1|3:10|3:11|3:12|3:13|3:14|3:15|3:16|3:17|3:18|3:19|3:2|3:20|3:21|3:22|3:23|3:24|3:25|3:26|3:27|3:28|3:29|3:3|3:30|3:31|3:32|3:33|3:34|3:35|3:36|3:37|3:38|3:39|3:4|3:40|3:41|3:42|3:43|3:44|3:45|3:46|3:47|3:48|3:49|3:5|3:50|3:51|3:52|3:53|3:54|3:55|3:56|3:57|3:58|3:59|3:6|3:60|3:61|3:62|3:63|3:7|3:8|3:9|4:0|4:1|4:10|4:11|4:12|4:13|4:14|4:15|4:16|4:17|4:18|4:19|4:2|4:20|4:21|4:22|4:23|4:24|4:25|4:26|4:27|4:28|4:29|4:3|4:30|4:31|4:32|4:33|4:34|4:35|4:36|4:37|4:38|4:39|4:4|4:40|4:41|4:42|4:43|4:44|4:45|4:46|4:47|4:48|4:49|4:5|4:50|4:51|4:52|4:53|4:54|4:55|4:56|4:57|4:58|4:59|4:6|4:60|4:61|4:62|4:63|4:7|4:8|4:9|5:0|5:1|5:10|5:11|5:12|5:13|5:14|5:15|5:16|5:17|5:18|5:19|5:2|5:20|5:21|5:22|5:23|5:24|5:25|5:26|5:27|5:28|5:29|5:3|5:30|5:31|5:32|5:33|5:34|5:35|5:36|5:37|5:38|5:39|5:4|5:40|5:41|5:42|5:43|5:44|5:45|5:46|5:47|5:48|5:49|5:5|5:50|5:51|5:52|5:53|5:54|5:55|5:56|5:57|5:58|5:59|5:6|5:60|5:61|5:62|5:63|5:7|5:8|5:9
TIERING-OFF-QJ-OFF-QJFL-OFF,38,background-reference,42000,drum,C2-MIXTURE-PREFIX,320,0,382.8,1|2|3|4|5,1:0|1:1|1:10|1:11|1:12|1:13|1:14|1:15|1:16|1:17|1:18|1:19|1:2|1:20|1:21|1:22|1:23|1:24|1:25|1:26|1:27|1:28|1:29|1:3|1:30|1:31|1:32|1:33|1:34|1:35|1:36|1:37|1:38|1:39|1:4|1:40|1:41|1:42|1:43|1:44|1:45|1:46|1:47|1:48|1:49|1:5|1:50|1:51|1:52|1:53|1:54|1:55|1:56|1:57|1:58|1:59|1:6|1:60|1:61|1:62|1:63|1:7|1:8|1:9|2:0|2:1|2:10|2:11|2:12|2:13|2:14|2:15|2:16|2:17|2:18|2:19|2:2|2:20|2:21|2:22|2:23|2:24|2:25|2:26|2:27|2:28|2:29|2:3|2:30|2:31|2:32|2:33|2:34|2:35|2:36|2:37|2:38|2:39|2:4|2:40|2:41|2:42|2:43|2:44|2:45|2:46|2:47|2:48|2:49|2:5|2:50|2:51|2:52|2:53|2:54|2:55|2:56|2:57|2:58|2:59|2:6|2:60|2:61|2:62|2:63|2:7|2:8|2:9|3:0|3:1|3:10|3:11|3:12|3:13|3:14|3:15|3:16|3:17|3:18|3:19|3:2|3:20|3:21|3:22|3:23|3:24|3:25|3:26|3:27|3:28|3:29|3:3|3:30|3:31|3:32|3:33|3:34|3:35|3:36|3:37|3:38|3:39|3:4|3:40|3:41|3:42|3:43|3:44|3:45|3:46|3:47|3:48|3:49|3:5|3:50|3:51|3:52|3:53|3:54|3:55|3:56|3:57|3:58|3:59|3:6|3:60|3:61|3:62|3:63|3:7|3:8|3:9|4:0|4:1|4:10|4:11|4:12|4:13|4:14|4:15|4:16|4:17|4:18|4:19|4:2|4:20|4:21|4:22|4:23|4:24|4:25|4:26|4:27|4:28|4:29|4:3|4:30|4:31|4:32|4:33|4:34|4:35|4:36|4:37|4:38|4:39|4:4|4:40|4:41|4:42|4:43|4:44|4:45|4:46|4:47|4:48|4:49|4:5|4:50|4:51|4:52|4:53|4:54|4:55|4:56|4:57|4:58|4:59|4:6|4:60|4:61|4:62|4:63|4:7|4:8|4:9|5:0|5:1|5:10|5:11|5:12|5:13|5:14|5:15|5:16|5:17|5:18|5:19|5:2|5:20|5:21|5:22|5:23|5:24|5:25|5:26|5:27|5:28|5:29|5:3|5:30|5:31|5:32|5:33|5:34|5:35|5:36|5:37|5:38|5:39|5:4|5:40|5:41|5:42|5:43|5:44|5:45|5:46|5:47|5:48|5:49|5:5|5:50|5:51|5:52|5:53|5:54|5:55|5:56|5:57|5:58|5:59|5:6|5:60|5:61|5:62|5:63|5:7|5:8|5:9
TIERING-OFF-QJ-OFF-QJFL-OFF,39,background-reference,42000,feedwater-inventory,C2-NEAR-BOUNDARY-LIQUID-PREFIX,2,0,212.1,1|3,1:7|3:19
TIERING-OFF-QJ-OFF-QJFL-OFF,40,background-reference,48000,suction,C2-MIXTURE-PREFIX,320,0,258.5,1|2|3|4|5,1:0|1:1|1:10|1:11|1:12|1:13|1:14|1:15|1:16|1:17|1:18|1:19|1:2|1:20|1:21|1:22|1:23|1:24|1:25|1:26|1:27|1:28|1:29|1:3|1:30|1:31|1:32|1:33|1:34|1:35|1:36|1:37|1:38|1:39|1:4|1:40|1:41|1:42|1:43|1:44|1:45|1:46|1:47|1:48|1:49|1:5|1:50|1:51|1:52|1:53|1:54|1:55|1:56|1:57|1:58|1:59|1:6|1:60|1:61|1:62|1:63|1:7|1:8|1:9|2:0|2:1|2:10|2:11|2:12|2:13|2:14|2:15|2:16|2:17|2:18|2:19|2:2|2:20|2:21|2:22|2:23|2:24|2:25|2:26|2:27|2:28|2:29|2:3|2:30|2:31|2:32|2:33|2:34|2:35|2:36|2:37|2:38|2:39|2:4|2:40|2:41|2:42|2:43|2:44|2:45|2:46|2:47|2:48|2:49|2:5|2:50|2:51|2:52|2:53|2:54|2:55|2:56|2:57|2:58|2:59|2:6|2:60|2:61|2:62|2:63|2:7|2:8|2:9|3:0|3:1|3:10|3:11|3:12|3:13|3:14|3:15|3:16|3:17|3:18|3:19|3:2|3:20|3:21|3:22|3:23|3:24|3:25|3:26|3:27|3:28|3:29|3:3|3:30|3:31|3:32|3:33|3:34|3:35|3:36|3:37|3:38|3:39|3:4|3:40|3:41|3:42|3:43|3:44|3:45|3:46|3:47|3:48|3:49|3:5|3:50|3:51|3:52|3:53|3:54|3:55|3:56|3:57|3:58|3:59|3:6|3:60|3:61|3:62|3:63|3:7|3:8|3:9|4:0|4:1|4:10|4:11|4:12|4:13|4:14|4:15|4:16|4:17|4:18|4:19|4:2|4:20|4:21|4:22|4:23|4:24|4:25|4:26|4:27|4:28|4:29|4:3|4:30|4:31|4:32|4:33|4:34|4:35|4:36|4:37|4:38|4:39|4:4|4:40|4:41|4:42|4:43|4:44|4:45|4:46|4:47|4:48|4:49|4:5|4:50|4:51|4:52|4:53|4:54|4:55|4:56|4:57|4:58|4:59|4:6|4:60|4:61|4:62|4:63|4:7|4:8|4:9|5:0|5:1|5:10|5:11|5:12|5:13|5:14|5:15|5:16|5:17|5:18|5:19|5:2|5:20|5:21|5:22|5:23|5:24|5:25|5:26|5:27|5:28|5:29|5:3|5:30|5:31|5:32|5:33|5:34|5:35|5:36|5:37|5:38|5:39|5:4|5:40|5:41|5:42|5:43|5:44|5:45|5:46|5:47|5:48|5:49|5:5|5:50|5:51|5:52|5:53|5:54|5:55|5:56|5:57|5:58|5:59|5:6|5:60|5:61|5:62|5:63|5:7|5:8|5:9
TIERING-OFF-QJ-OFF-QJFL-OFF,41,background-reference,48000,pressure,C2-MIXTURE-PREFIX,320,0,200.6,1|2|3|4|5,1:0|1:1|1:10|1:11|1:12|1:13|1:14|1:15|1:16|1:17|1:18|1:19|1:2|1:20|1:21|1:22|1:23|1:24|1:25|1:26|1:27|1:28|1:29|1:3|1:30|1:31|1:32|1:33|1:34|1:35|1:36|1:37|1:38|1:39|1:4|1:40|1:41|1:42|1:43|1:44|1:45|1:46|1:47|1:48|1:49|1:5|1:50|1:51|1:52|1:53|1:54|1:55|1:56|1:57|1:58|1:59|1:6|1:60|1:61|1:62|1:63|1:7|1:8|1:9|2:0|2:1|2:10|2:11|2:12|2:13|2:14|2:15|2:16|2:17|2:18|2:19|2:2|2:20|2:21|2:22|2:23|2:24|2:25|2:26|2:27|2:28|2:29|2:3|2:30|2:31|2:32|2:33|2:34|2:35|2:36|2:37|2:38|2:39|2:4|2:40|2:41|2:42|2:43|2:44|2:45|2:46|2:47|2:48|2:49|2:5|2:50|2:51|2:52|2:53|2:54|2:55|2:56|2:57|2:58|2:59|2:6|2:60|2:61|2:62|2:63|2:7|2:8|2:9|3:0|3:1|3:10|3:11|3:12|3:13|3:14|3:15|3:16|3:17|3:18|3:19|3:2|3:20|3:21|3:22|3:23|3:24|3:25|3:26|3:27|3:28|3:29|3:3|3:30|3:31|3:32|3:33|3:34|3:35|3:36|3:37|3:38|3:39|3:4|3:40|3:41|3:42|3:43|3:44|3:45|3:46|3:47|3:48|3:49|3:5|3:50|3:51|3:52|3:53|3:54|3:55|3:56|3:57|3:58|3:59|3:6|3:60|3:61|3:62|3:63|3:7|3:8|3:9|4:0|4:1|4:10|4:11|4:12|4:13|4:14|4:15|4:16|4:17|4:18|4:19|4:2|4:20|4:21|4:22|4:23|4:24|4:25|4:26|4:27|4:28|4:29|4:3|4:30|4:31|4:32|4:33|4:34|4:35|4:36|4:37|4:38|4:39|4:4|4:40|4:41|4:42|4:43|4:44|4:45|4:46|4:47|4:48|4:49|4:5|4:50|4:51|4:52|4:53|4:54|4:55|4:56|4:57|4:58|4:59|4:6|4:60|4:61|4:62|4:63|4:7|4:8|4:9|5:0|5:1|5:10|5:11|5:12|5:13|5:14|5:15|5:16|5:17|5:18|5:19|5:2|5:20|5:21|5:22|5:23|5:24|5:25|5:26|5:27|5:28|5:29|5:3|5:30|5:31|5:32|5:33|5:34|5:35|5:36|5:37|5:38|5:39|5:4|5:40|5:41|5:42|5:43|5:44|5:45|5:46|5:47|5:48|5:49|5:5|5:50|5:51|5:52|5:53|5:54|5:55|5:56|5:57|5:58|5:59|5:6|5:60|5:61|5:62|5:63|5:7|5:8|5:9
TIERING-OFF-QJ-OFF-QJFL-OFF,42,background-reference,48000,outlet,C2-MIXTURE-PREFIX,320,0,204.3,1|2|3|4|5,1:0|1:1|1:10|1:11|1:12|1:13|1:14|1:15|1:16|1:17|1:18|1:19|1:2|1:20|1:21|1:22|1:23|1:24|1:25|1:26|1:27|1:28|1:29|1:3|1:30|1:31|1:32|1:33|1:34|1:35|1:36|1:37|1:38|1:39|1:4|1:40|1:41|1:42|1:43|1:44|1:45|1:46|1:47|1:48|1:49|1:5|1:50|1:51|1:52|1:53|1:54|1:55|1:56|1:57|1:58|1:59|1:6|1:60|1:61|1:62|1:63|1:7|1:8|1:9|2:0|2:1|2:10|2:11|2:12|2:13|2:14|2:15|2:16|2:17|2:18|2:19|2:2|2:20|2:21|2:22|2:23|2:24|2:25|2:26|2:27|2:28|2:29|2:3|2:30|2:31|2:32|2:33|2:34|2:35|2:36|2:37|2:38|2:39|2:4|2:40|2:41|2:42|2:43|2:44|2:45|2:46|2:47|2:48|2:49|2:5|2:50|2:51|2:52|2:53|2:54|2:55|2:56|2:57|2:58|2:59|2:6|2:60|2:61|2:62|2:63|2:7|2:8|2:9|3:0|3:1|3:10|3:11|3:12|3:13|3:14|3:15|3:16|3:17|3:18|3:19|3:2|3:20|3:21|3:22|3:23|3:24|3:25|3:26|3:27|3:28|3:29|3:3|3:30|3:31|3:32|3:33|3:34|3:35|3:36|3:37|3:38|3:39|3:4|3:40|3:41|3:42|3:43|3:44|3:45|3:46|3:47|3:48|3:49|3:5|3:50|3:51|3:52|3:53|3:54|3:55|3:56|3:57|3:58|3:59|3:6|3:60|3:61|3:62|3:63|3:7|3:8|3:9|4:0|4:1|4:10|4:11|4:12|4:13|4:14|4:15|4:16|4:17|4:18|4:19|4:2|4:20|4:21|4:22|4:23|4:24|4:25|4:26|4:27|4:28|4:29|4:3|4:30|4:31|4:32|4:33|4:34|4:35|4:36|4:37|4:38|4:39|4:4|4:40|4:41|4:42|4:43|4:44|4:45|4:46|4:47|4:48|4:49|4:5|4:50|4:51|4:52|4:53|4:54|4:55|4:56|4:57|4:58|4:59|4:6|4:60|4:61|4:62|4:63|4:7|4:8|4:9|5:0|5:1|5:10|5:11|5:12|5:13|5:14|5:15|5:16|5:17|5:18|5:19|5:2|5:20|5:21|5:22|5:23|5:24|5:25|5:26|5:27|5:28|5:29|5:3|5:30|5:31|5:32|5:33|5:34|5:35|5:36|5:37|5:38|5:39|5:4|5:40|5:41|5:42|5:43|5:44|5:45|5:46|5:47|5:48|5:49|5:5|5:50|5:51|5:52|5:53|5:54|5:55|5:56|5:57|5:58|5:59|5:6|5:60|5:61|5:62|5:63|5:7|5:8|5:9
TIERING-OFF-QJ-OFF-QJFL-OFF,43,background-reference,48000,drum,C2-MIXTURE-PREFIX,320,0,204.4,1|2|3|4|5,1:0|1:1|1:10|1:11|1:12|1:13|1:14|1:15|1:16|1:17|1:18|1:19|1:2|1:20|1:21|1:22|1:23|1:24|1:25|1:26|1:27|1:28|1:29|1:3|1:30|1:31|1:32|1:33|1:34|1:35|1:36|1:37|1:38|1:39|1:4|1:40|1:41|1:42|1:43|1:44|1:45|1:46|1:47|1:48|1:49|1:5|1:50|1:51|1:52|1:53|1:54|1:55|1:56|1:57|1:58|1:59|1:6|1:60|1:61|1:62|1:63|1:7|1:8|1:9|2:0|2:1|2:10|2:11|2:12|2:13|2:14|2:15|2:16|2:17|2:18|2:19|2:2|2:20|2:21|2:22|2:23|2:24|2:25|2:26|2:27|2:28|2:29|2:3|2:30|2:31|2:32|2:33|2:34|2:35|2:36|2:37|2:38|2:39|2:4|2:40|2:41|2:42|2:43|2:44|2:45|2:46|2:47|2:48|2:49|2:5|2:50|2:51|2:52|2:53|2:54|2:55|2:56|2:57|2:58|2:59|2:6|2:60|2:61|2:62|2:63|2:7|2:8|2:9|3:0|3:1|3:10|3:11|3:12|3:13|3:14|3:15|3:16|3:17|3:18|3:19|3:2|3:20|3:21|3:22|3:23|3:24|3:25|3:26|3:27|3:28|3:29|3:3|3:30|3:31|3:32|3:33|3:34|3:35|3:36|3:37|3:38|3:39|3:4|3:40|3:41|3:42|3:43|3:44|3:45|3:46|3:47|3:48|3:49|3:5|3:50|3:51|3:52|3:53|3:54|3:55|3:56|3:57|3:58|3:59|3:6|3:60|3:61|3:62|3:63|3:7|3:8|3:9|4:0|4:1|4:10|4:11|4:12|4:13|4:14|4:15|4:16|4:17|4:18|4:19|4:2|4:20|4:21|4:22|4:23|4:24|4:25|4:26|4:27|4:28|4:29|4:3|4:30|4:31|4:32|4:33|4:34|4:35|4:36|4:37|4:38|4:39|4:4|4:40|4:41|4:42|4:43|4:44|4:45|4:46|4:47|4:48|4:49|4:5|4:50|4:51|4:52|4:53|4:54|4:55|4:56|4:57|4:58|4:59|4:6|4:60|4:61|4:62|4:63|4:7|4:8|4:9|5:0|5:1|5:10|5:11|5:12|5:13|5:14|5:15|5:16|5:17|5:18|5:19|5:2|5:20|5:21|5:22|5:23|5:24|5:25|5:26|5:27|5:28|5:29|5:3|5:30|5:31|5:32|5:33|5:34|5:35|5:36|5:37|5:38|5:39|5:4|5:40|5:41|5:42|5:43|5:44|5:45|5:46|5:47|5:48|5:49|5:5|5:50|5:51|5:52|5:53|5:54|5:55|5:56|5:57|5:58|5:59|5:6|5:60|5:61|5:62|5:63|5:7|5:8|5:9
TIERING-OFF-QJ-OFF-QJFL-OFF,45,background-reference,54000,suction,C2-MIXTURE-PREFIX,320,1,478.7,1|2|3|4|5,1:0|1:1|1:10|1:11|1:12|1:13|1:14|1:15|1:16|1:17|1:18|1:19|1:2|1:20|1:21|1:22|1:23|1:24|1:25|1:26|1:27|1:28|1:29|1:3|1:30|1:31|1:32|1:33|1:34|1:35|1:36|1:37|1:38|1:39|1:4|1:40|1:41|1:42|1:43|1:44|1:45|1:46|1:47|1:48|1:49|1:5|1:50|1:51|1:52|1:53|1:54|1:55|1:56|1:57|1:58|1:59|1:6|1:60|1:61|1:62|1:63|1:7|1:8|1:9|2:0|2:1|2:10|2:11|2:12|2:13|2:14|2:15|2:16|2:17|2:18|2:19|2:2|2:20|2:21|2:22|2:23|2:24|2:25|2:26|2:27|2:28|2:29|2:3|2:30|2:31|2:32|2:33|2:34|2:35|2:36|2:37|2:38|2:39|2:4|2:40|2:41|2:42|2:43|2:44|2:45|2:46|2:47|2:48|2:49|2:5|2:50|2:51|2:52|2:53|2:54|2:55|2:56|2:57|2:58|2:59|2:6|2:60|2:61|2:62|2:63|2:7|2:8|2:9|3:0|3:1|3:10|3:11|3:12|3:13|3:14|3:15|3:16|3:17|3:18|3:19|3:2|3:20|3:21|3:22|3:23|3:24|3:25|3:26|3:27|3:28|3:29|3:3|3:30|3:31|3:32|3:33|3:34|3:35|3:36|3:37|3:38|3:39|3:4|3:40|3:41|3:42|3:43|3:44|3:45|3:46|3:47|3:48|3:49|3:5|3:50|3:51|3:52|3:53|3:54|3:55|3:56|3:57|3:58|3:59|3:6|3:60|3:61|3:62|3:63|3:7|3:8|3:9|4:0|4:1|4:10|4:11|4:12|4:13|4:14|4:15|4:16|4:17|4:18|4:19|4:2|4:20|4:21|4:22|4:23|4:24|4:25|4:26|4:27|4:28|4:29|4:3|4:30|4:31|4:32|4:33|4:34|4:35|4:36|4:37|4:38|4:39|4:4|4:40|4:41|4:42|4:43|4:44|4:45|4:46|4:47|4:48|4:49|4:5|4:50|4:51|4:52|4:53|4:54|4:55|4:56|4:57|4:58|4:59|4:6|4:60|4:61|4:62|4:63|4:7|4:8|4:9|5:0|5:1|5:10|5:11|5:12|5:13|5:14|5:15|5:16|5:17|5:18|5:19|5:2|5:20|5:21|5:22|5:23|5:24|5:25|5:26|5:27|5:28|5:29|5:3|5:30|5:31|5:32|5:33|5:34|5:35|5:36|5:37|5:38|5:39|5:4|5:40|5:41|5:42|5:43|5:44|5:45|5:46|5:47|5:48|5:49|5:5|5:50|5:51|5:52|5:53|5:54|5:55|5:56|5:57|5:58|5:59|5:6|5:60|5:61|5:62|5:63|5:7|5:8|5:9
TIERING-OFF-QJ-OFF-QJFL-OFF,46,background-reference,54000,pressure,C2-MIXTURE-PREFIX,320,0,275,1|2|3|4|5,1:0|1:1|1:10|1:11|1:12|1:13|1:14|1:15|1:16|1:17|1:18|1:19|1:2|1:20|1:21|1:22|1:23|1:24|1:25|1:26|1:27|1:28|1:29|1:3|1:30|1:31|1:32|1:33|1:34|1:35|1:36|1:37|1:38|1:39|1:4|1:40|1:41|1:42|1:43|1:44|1:45|1:46|1:47|1:48|1:49|1:5|1:50|1:51|1:52|1:53|1:54|1:55|1:56|1:57|1:58|1:59|1:6|1:60|1:61|1:62|1:63|1:7|1:8|1:9|2:0|2:1|2:10|2:11|2:12|2:13|2:14|2:15|2:16|2:17|2:18|2:19|2:2|2:20|2:21|2:22|2:23|2:24|2:25|2:26|2:27|2:28|2:29|2:3|2:30|2:31|2:32|2:33|2:34|2:35|2:36|2:37|2:38|2:39|2:4|2:40|2:41|2:42|2:43|2:44|2:45|2:46|2:47|2:48|2:49|2:5|2:50|2:51|2:52|2:53|2:54|2:55|2:56|2:57|2:58|2:59|2:6|2:60|2:61|2:62|2:63|2:7|2:8|2:9|3:0|3:1|3:10|3:11|3:12|3:13|3:14|3:15|3:16|3:17|3:18|3:19|3:2|3:20|3:21|3:22|3:23|3:24|3:25|3:26|3:27|3:28|3:29|3:3|3:30|3:31|3:32|3:33|3:34|3:35|3:36|3:37|3:38|3:39|3:4|3:40|3:41|3:42|3:43|3:44|3:45|3:46|3:47|3:48|3:49|3:5|3:50|3:51|3:52|3:53|3:54|3:55|3:56|3:57|3:58|3:59|3:6|3:60|3:61|3:62|3:63|3:7|3:8|3:9|4:0|4:1|4:10|4:11|4:12|4:13|4:14|4:15|4:16|4:17|4:18|4:19|4:2|4:20|4:21|4:22|4:23|4:24|4:25|4:26|4:27|4:28|4:29|4:3|4:30|4:31|4:32|4:33|4:34|4:35|4:36|4:37|4:38|4:39|4:4|4:40|4:41|4:42|4:43|4:44|4:45|4:46|4:47|4:48|4:49|4:5|4:50|4:51|4:52|4:53|4:54|4:55|4:56|4:57|4:58|4:59|4:6|4:60|4:61|4:62|4:63|4:7|4:8|4:9|5:0|5:1|5:10|5:11|5:12|5:13|5:14|5:15|5:16|5:17|5:18|5:19|5:2|5:20|5:21|5:22|5:23|5:24|5:25|5:26|5:27|5:28|5:29|5:3|5:30|5:31|5:32|5:33|5:34|5:35|5:36|5:37|5:38|5:39|5:4|5:40|5:41|5:42|5:43|5:44|5:45|5:46|5:47|5:48|5:49|5:5|5:50|5:51|5:52|5:53|5:54|5:55|5:56|5:57|5:58|5:59|5:6|5:60|5:61|5:62|5:63|5:7|5:8|5:9
TIERING-OFF-QJ-OFF-QJFL-OFF,47,background-reference,54000,outlet,C2-MIXTURE-PREFIX,320,0,281.4,1|2|3|4|5,1:0|1:1|1:10|1:11|1:12|1:13|1:14|1:15|1:16|1:17|1:18|1:19|1:2|1:20|1:21|1:22|1:23|1:24|1:25|1:26|1:27|1:28|1:29|1:3|1:30|1:31|1:32|1:33|1:34|1:35|1:36|1:37|1:38|1:39|1:4|1:40|1:41|1:42|1:43|1:44|1:45|1:46|1:47|1:48|1:49|1:5|1:50|1:51|1:52|1:53|1:54|1:55|1:56|1:57|1:58|1:59|1:6|1:60|1:61|1:62|1:63|1:7|1:8|1:9|2:0|2:1|2:10|2:11|2:12|2:13|2:14|2:15|2:16|2:17|2:18|2:19|2:2|2:20|2:21|2:22|2:23|2:24|2:25|2:26|2:27|2:28|2:29|2:3|2:30|2:31|2:32|2:33|2:34|2:35|2:36|2:37|2:38|2:39|2:4|2:40|2:41|2:42|2:43|2:44|2:45|2:46|2:47|2:48|2:49|2:5|2:50|2:51|2:52|2:53|2:54|2:55|2:56|2:57|2:58|2:59|2:6|2:60|2:61|2:62|2:63|2:7|2:8|2:9|3:0|3:1|3:10|3:11|3:12|3:13|3:14|3:15|3:16|3:17|3:18|3:19|3:2|3:20|3:21|3:22|3:23|3:24|3:25|3:26|3:27|3:28|3:29|3:3|3:30|3:31|3:32|3:33|3:34|3:35|3:36|3:37|3:38|3:39|3:4|3:40|3:41|3:42|3:43|3:44|3:45|3:46|3:47|3:48|3:49|3:5|3:50|3:51|3:52|3:53|3:54|3:55|3:56|3:57|3:58|3:59|3:6|3:60|3:61|3:62|3:63|3:7|3:8|3:9|4:0|4:1|4:10|4:11|4:12|4:13|4:14|4:15|4:16|4:17|4:18|4:19|4:2|4:20|4:21|4:22|4:23|4:24|4:25|4:26|4:27|4:28|4:29|4:3|4:30|4:31|4:32|4:33|4:34|4:35|4:36|4:37|4:38|4:39|4:4|4:40|4:41|4:42|4:43|4:44|4:45|4:46|4:47|4:48|4:49|4:5|4:50|4:51|4:52|4:53|4:54|4:55|4:56|4:57|4:58|4:59|4:6|4:60|4:61|4:62|4:63|4:7|4:8|4:9|5:0|5:1|5:10|5:11|5:12|5:13|5:14|5:15|5:16|5:17|5:18|5:19|5:2|5:20|5:21|5:22|5:23|5:24|5:25|5:26|5:27|5:28|5:29|5:3|5:30|5:31|5:32|5:33|5:34|5:35|5:36|5:37|5:38|5:39|5:4|5:40|5:41|5:42|5:43|5:44|5:45|5:46|5:47|5:48|5:49|5:5|5:50|5:51|5:52|5:53|5:54|5:55|5:56|5:57|5:58|5:59|5:6|5:60|5:61|5:62|5:63|5:7|5:8|5:9
TIERING-OFF-QJ-OFF-QJFL-OFF,48,background-reference,54000,drum,C2-MIXTURE-PREFIX,320,0,231.3,1|2|3|4|5,1:0|1:1|1:10|1:11|1:12|1:13|1:14|1:15|1:16|1:17|1:18|1:19|1:2|1:20|1:21|1:22|1:23|1:24|1:25|1:26|1:27|1:28|1:29|1:3|1:30|1:31|1:32|1:33|1:34|1:35|1:36|1:37|1:38|1:39|1:4|1:40|1:41|1:42|1:43|1:44|1:45|1:46|1:47|1:48|1:49|1:5|1:50|1:51|1:52|1:53|1:54|1:55|1:56|1:57|1:58|1:59|1:6|1:60|1:61|1:62|1:63|1:7|1:8|1:9|2:0|2:1|2:10|2:11|2:12|2:13|2:14|2:15|2:16|2:17|2:18|2:19|2:2|2:20|2:21|2:22|2:23|2:24|2:25|2:26|2:27|2:28|2:29|2:3|2:30|2:31|2:32|2:33|2:34|2:35|2:36|2:37|2:38|2:39|2:4|2:40|2:41|2:42|2:43|2:44|2:45|2:46|2:47|2:48|2:49|2:5|2:50|2:51|2:52|2:53|2:54|2:55|2:56|2:57|2:58|2:59|2:6|2:60|2:61|2:62|2:63|2:7|2:8|2:9|3:0|3:1|3:10|3:11|3:12|3:13|3:14|3:15|3:16|3:17|3:18|3:19|3:2|3:20|3:21|3:22|3:23|3:24|3:25|3:26|3:27|3:28|3:29|3:3|3:30|3:31|3:32|3:33|3:34|3:35|3:36|3:37|3:38|3:39|3:4|3:40|3:41|3:42|3:43|3:44|3:45|3:46|3:47|3:48|3:49|3:5|3:50|3:51|3:52|3:53|3:54|3:55|3:56|3:57|3:58|3:59|3:6|3:60|3:61|3:62|3:63|3:7|3:8|3:9|4:0|4:1|4:10|4:11|4:12|4:13|4:14|4:15|4:16|4:17|4:18|4:19|4:2|4:20|4:21|4:22|4:23|4:24|4:25|4:26|4:27|4:28|4:29|4:3|4:30|4:31|4:32|4:33|4:34|4:35|4:36|4:37|4:38|4:39|4:4|4:40|4:41|4:42|4:43|4:44|4:45|4:46|4:47|4:48|4:49|4:5|4:50|4:51|4:52|4:53|4:54|4:55|4:56|4:57|4:58|4:59|4:6|4:60|4:61|4:62|4:63|4:7|4:8|4:9|5:0|5:1|5:10|5:11|5:12|5:13|5:14|5:15|5:16|5:17|5:18|5:19|5:2|5:20|5:21|5:22|5:23|5:24|5:25|5:26|5:27|5:28|5:29|5:3|5:30|5:31|5:32|5:33|5:34|5:35|5:36|5:37|5:38|5:39|5:4|5:40|5:41|5:42|5:43|5:44|5:45|5:46|5:47|5:48|5:49|5:5|5:50|5:51|5:52|5:53|5:54|5:55|5:56|5:57|5:58|5:59|5:6|5:60|5:61|5:62|5:63|5:7|5:8|5:9
TIERING-OFF-QJ-OFF-QJFL-OFF,5,background-reference,6000,suction,C2-MIXTURE-PREFIX,320,0,389.1,1|2|3|4|5,1:0|1:1|1:10|1:11|1:12|1:13|1:14|1:15|1:16|1:17|1:18|1:19|1:2|1:20|1:21|1:22|1:23|1:24|1:25|1:26|1:27|1:28|1:29|1:3|1:30|1:31|1:32|1:33|1:34|1:35|1:36|1:37|1:38|1:39|1:4|1:40|1:41|1:42|1:43|1:44|1:45|1:46|1:47|1:48|1:49|1:5|1:50|1:51|1:52|1:53|1:54|1:55|1:56|1:57|1:58|1:59|1:6|1:60|1:61|1:62|1:63|1:7|1:8|1:9|2:0|2:1|2:10|2:11|2:12|2:13|2:14|2:15|2:16|2:17|2:18|2:19|2:2|2:20|2:21|2:22|2:23|2:24|2:25|2:26|2:27|2:28|2:29|2:3|2:30|2:31|2:32|2:33|2:34|2:35|2:36|2:37|2:38|2:39|2:4|2:40|2:41|2:42|2:43|2:44|2:45|2:46|2:47|2:48|2:49|2:5|2:50|2:51|2:52|2:53|2:54|2:55|2:56|2:57|2:58|2:59|2:6|2:60|2:61|2:62|2:63|2:7|2:8|2:9|3:0|3:1|3:10|3:11|3:12|3:13|3:14|3:15|3:16|3:17|3:18|3:19|3:2|3:20|3:21|3:22|3:23|3:24|3:25|3:26|3:27|3:28|3:29|3:3|3:30|3:31|3:32|3:33|3:34|3:35|3:36|3:37|3:38|3:39|3:4|3:40|3:41|3:42|3:43|3:44|3:45|3:46|3:47|3:48|3:49|3:5|3:50|3:51|3:52|3:53|3:54|3:55|3:56|3:57|3:58|3:59|3:6|3:60|3:61|3:62|3:63|3:7|3:8|3:9|4:0|4:1|4:10|4:11|4:12|4:13|4:14|4:15|4:16|4:17|4:18|4:19|4:2|4:20|4:21|4:22|4:23|4:24|4:25|4:26|4:27|4:28|4:29|4:3|4:30|4:31|4:32|4:33|4:34|4:35|4:36|4:37|4:38|4:39|4:4|4:40|4:41|4:42|4:43|4:44|4:45|4:46|4:47|4:48|4:49|4:5|4:50|4:51|4:52|4:53|4:54|4:55|4:56|4:57|4:58|4:59|4:6|4:60|4:61|4:62|4:63|4:7|4:8|4:9|5:0|5:1|5:10|5:11|5:12|5:13|5:14|5:15|5:16|5:17|5:18|5:19|5:2|5:20|5:21|5:22|5:23|5:24|5:25|5:26|5:27|5:28|5:29|5:3|5:30|5:31|5:32|5:33|5:34|5:35|5:36|5:37|5:38|5:39|5:4|5:40|5:41|5:42|5:43|5:44|5:45|5:46|5:47|5:48|5:49|5:5|5:50|5:51|5:52|5:53|5:54|5:55|5:56|5:57|5:58|5:59|5:6|5:60|5:61|5:62|5:63|5:7|5:8|5:9
TIERING-OFF-QJ-OFF-QJFL-OFF,50,background-reference,60000,suction,C2-MIXTURE-PREFIX,320,0,229.9,1|2|3|4|5,1:0|1:1|1:10|1:11|1:12|1:13|1:14|1:15|1:16|1:17|1:18|1:19|1:2|1:20|1:21|1:22|1:23|1:24|1:25|1:26|1:27|1:28|1:29|1:3|1:30|1:31|1:32|1:33|1:34|1:35|1:36|1:37|1:38|1:39|1:4|1:40|1:41|1:42|1:43|1:44|1:45|1:46|1:47|1:48|1:49|1:5|1:50|1:51|1:52|1:53|1:54|1:55|1:56|1:57|1:58|1:59|1:6|1:60|1:61|1:62|1:63|1:7|1:8|1:9|2:0|2:1|2:10|2:11|2:12|2:13|2:14|2:15|2:16|2:17|2:18|2:19|2:2|2:20|2:21|2:22|2:23|2:24|2:25|2:26|2:27|2:28|2:29|2:3|2:30|2:31|2:32|2:33|2:34|2:35|2:36|2:37|2:38|2:39|2:4|2:40|2:41|2:42|2:43|2:44|2:45|2:46|2:47|2:48|2:49|2:5|2:50|2:51|2:52|2:53|2:54|2:55|2:56|2:57|2:58|2:59|2:6|2:60|2:61|2:62|2:63|2:7|2:8|2:9|3:0|3:1|3:10|3:11|3:12|3:13|3:14|3:15|3:16|3:17|3:18|3:19|3:2|3:20|3:21|3:22|3:23|3:24|3:25|3:26|3:27|3:28|3:29|3:3|3:30|3:31|3:32|3:33|3:34|3:35|3:36|3:37|3:38|3:39|3:4|3:40|3:41|3:42|3:43|3:44|3:45|3:46|3:47|3:48|3:49|3:5|3:50|3:51|3:52|3:53|3:54|3:55|3:56|3:57|3:58|3:59|3:6|3:60|3:61|3:62|3:63|3:7|3:8|3:9|4:0|4:1|4:10|4:11|4:12|4:13|4:14|4:15|4:16|4:17|4:18|4:19|4:2|4:20|4:21|4:22|4:23|4:24|4:25|4:26|4:27|4:28|4:29|4:3|4:30|4:31|4:32|4:33|4:34|4:35|4:36|4:37|4:38|4:39|4:4|4:40|4:41|4:42|4:43|4:44|4:45|4:46|4:47|4:48|4:49|4:5|4:50|4:51|4:52|4:53|4:54|4:55|4:56|4:57|4:58|4:59|4:6|4:60|4:61|4:62|4:63|4:7|4:8|4:9|5:0|5:1|5:10|5:11|5:12|5:13|5:14|5:15|5:16|5:17|5:18|5:19|5:2|5:20|5:21|5:22|5:23|5:24|5:25|5:26|5:27|5:28|5:29|5:3|5:30|5:31|5:32|5:33|5:34|5:35|5:36|5:37|5:38|5:39|5:4|5:40|5:41|5:42|5:43|5:44|5:45|5:46|5:47|5:48|5:49|5:5|5:50|5:51|5:52|5:53|5:54|5:55|5:56|5:57|5:58|5:59|5:6|5:60|5:61|5:62|5:63|5:7|5:8|5:9
TIERING-OFF-QJ-OFF-QJFL-OFF,51,background-reference,60000,pressure,C2-MIXTURE-PREFIX,320,0,379.6,1|2|3|4|5,1:0|1:1|1:10|1:11|1:12|1:13|1:14|1:15|1:16|1:17|1:18|1:19|1:2|1:20|1:21|1:22|1:23|1:24|1:25|1:26|1:27|1:28|1:29|1:3|1:30|1:31|1:32|1:33|1:34|1:35|1:36|1:37|1:38|1:39|1:4|1:40|1:41|1:42|1:43|1:44|1:45|1:46|1:47|1:48|1:49|1:5|1:50|1:51|1:52|1:53|1:54|1:55|1:56|1:57|1:58|1:59|1:6|1:60|1:61|1:62|1:63|1:7|1:8|1:9|2:0|2:1|2:10|2:11|2:12|2:13|2:14|2:15|2:16|2:17|2:18|2:19|2:2|2:20|2:21|2:22|2:23|2:24|2:25|2:26|2:27|2:28|2:29|2:3|2:30|2:31|2:32|2:33|2:34|2:35|2:36|2:37|2:38|2:39|2:4|2:40|2:41|2:42|2:43|2:44|2:45|2:46|2:47|2:48|2:49|2:5|2:50|2:51|2:52|2:53|2:54|2:55|2:56|2:57|2:58|2:59|2:6|2:60|2:61|2:62|2:63|2:7|2:8|2:9|3:0|3:1|3:10|3:11|3:12|3:13|3:14|3:15|3:16|3:17|3:18|3:19|3:2|3:20|3:21|3:22|3:23|3:24|3:25|3:26|3:27|3:28|3:29|3:3|3:30|3:31|3:32|3:33|3:34|3:35|3:36|3:37|3:38|3:39|3:4|3:40|3:41|3:42|3:43|3:44|3:45|3:46|3:47|3:48|3:49|3:5|3:50|3:51|3:52|3:53|3:54|3:55|3:56|3:57|3:58|3:59|3:6|3:60|3:61|3:62|3:63|3:7|3:8|3:9|4:0|4:1|4:10|4:11|4:12|4:13|4:14|4:15|4:16|4:17|4:18|4:19|4:2|4:20|4:21|4:22|4:23|4:24|4:25|4:26|4:27|4:28|4:29|4:3|4:30|4:31|4:32|4:33|4:34|4:35|4:36|4:37|4:38|4:39|4:4|4:40|4:41|4:42|4:43|4:44|4:45|4:46|4:47|4:48|4:49|4:5|4:50|4:51|4:52|4:53|4:54|4:55|4:56|4:57|4:58|4:59|4:6|4:60|4:61|4:62|4:63|4:7|4:8|4:9|5:0|5:1|5:10|5:11|5:12|5:13|5:14|5:15|5:16|5:17|5:18|5:19|5:2|5:20|5:21|5:22|5:23|5:24|5:25|5:26|5:27|5:28|5:29|5:3|5:30|5:31|5:32|5:33|5:34|5:35|5:36|5:37|5:38|5:39|5:4|5:40|5:41|5:42|5:43|5:44|5:45|5:46|5:47|5:48|5:49|5:5|5:50|5:51|5:52|5:53|5:54|5:55|5:56|5:57|5:58|5:59|5:6|5:60|5:61|5:62|5:63|5:7|5:8|5:9
TIERING-OFF-QJ-OFF-QJFL-OFF,52,background-reference,60000,outlet,C2-MIXTURE-PREFIX,320,0,333.4,1|2|3|4|5,1:0|1:1|1:10|1:11|1:12|1:13|1:14|1:15|1:16|1:17|1:18|1:19|1:2|1:20|1:21|1:22|1:23|1:24|1:25|1:26|1:27|1:28|1:29|1:3|1:30|1:31|1:32|1:33|1:34|1:35|1:36|1:37|1:38|1:39|1:4|1:40|1:41|1:42|1:43|1:44|1:45|1:46|1:47|1:48|1:49|1:5|1:50|1:51|1:52|1:53|1:54|1:55|1:56|1:57|1:58|1:59|1:6|1:60|1:61|1:62|1:63|1:7|1:8|1:9|2:0|2:1|2:10|2:11|2:12|2:13|2:14|2:15|2:16|2:17|2:18|2:19|2:2|2:20|2:21|2:22|2:23|2:24|2:25|2:26|2:27|2:28|2:29|2:3|2:30|2:31|2:32|2:33|2:34|2:35|2:36|2:37|2:38|2:39|2:4|2:40|2:41|2:42|2:43|2:44|2:45|2:46|2:47|2:48|2:49|2:5|2:50|2:51|2:52|2:53|2:54|2:55|2:56|2:57|2:58|2:59|2:6|2:60|2:61|2:62|2:63|2:7|2:8|2:9|3:0|3:1|3:10|3:11|3:12|3:13|3:14|3:15|3:16|3:17|3:18|3:19|3:2|3:20|3:21|3:22|3:23|3:24|3:25|3:26|3:27|3:28|3:29|3:3|3:30|3:31|3:32|3:33|3:34|3:35|3:36|3:37|3:38|3:39|3:4|3:40|3:41|3:42|3:43|3:44|3:45|3:46|3:47|3:48|3:49|3:5|3:50|3:51|3:52|3:53|3:54|3:55|3:56|3:57|3:58|3:59|3:6|3:60|3:61|3:62|3:63|3:7|3:8|3:9|4:0|4:1|4:10|4:11|4:12|4:13|4:14|4:15|4:16|4:17|4:18|4:19|4:2|4:20|4:21|4:22|4:23|4:24|4:25|4:26|4:27|4:28|4:29|4:3|4:30|4:31|4:32|4:33|4:34|4:35|4:36|4:37|4:38|4:39|4:4|4:40|4:41|4:42|4:43|4:44|4:45|4:46|4:47|4:48|4:49|4:5|4:50|4:51|4:52|4:53|4:54|4:55|4:56|4:57|4:58|4:59|4:6|4:60|4:61|4:62|4:63|4:7|4:8|4:9|5:0|5:1|5:10|5:11|5:12|5:13|5:14|5:15|5:16|5:17|5:18|5:19|5:2|5:20|5:21|5:22|5:23|5:24|5:25|5:26|5:27|5:28|5:29|5:3|5:30|5:31|5:32|5:33|5:34|5:35|5:36|5:37|5:38|5:39|5:4|5:40|5:41|5:42|5:43|5:44|5:45|5:46|5:47|5:48|5:49|5:5|5:50|5:51|5:52|5:53|5:54|5:55|5:56|5:57|5:58|5:59|5:6|5:60|5:61|5:62|5:63|5:7|5:8|5:9
TIERING-OFF-QJ-OFF-QJFL-OFF,53,background-reference,60000,drum,C2-MIXTURE-PREFIX,320,0,238.1,1|2|3|4|5,1:0|1:1|1:10|1:11|1:12|1:13|1:14|1:15|1:16|1:17|1:18|1:19|1:2|1:20|1:21|1:22|1:23|1:24|1:25|1:26|1:27|1:28|1:29|1:3|1:30|1:31|1:32|1:33|1:34|1:35|1:36|1:37|1:38|1:39|1:4|1:40|1:41|1:42|1:43|1:44|1:45|1:46|1:47|1:48|1:49|1:5|1:50|1:51|1:52|1:53|1:54|1:55|1:56|1:57|1:58|1:59|1:6|1:60|1:61|1:62|1:63|1:7|1:8|1:9|2:0|2:1|2:10|2:11|2:12|2:13|2:14|2:15|2:16|2:17|2:18|2:19|2:2|2:20|2:21|2:22|2:23|2:24|2:25|2:26|2:27|2:28|2:29|2:3|2:30|2:31|2:32|2:33|2:34|2:35|2:36|2:37|2:38|2:39|2:4|2:40|2:41|2:42|2:43|2:44|2:45|2:46|2:47|2:48|2:49|2:5|2:50|2:51|2:52|2:53|2:54|2:55|2:56|2:57|2:58|2:59|2:6|2:60|2:61|2:62|2:63|2:7|2:8|2:9|3:0|3:1|3:10|3:11|3:12|3:13|3:14|3:15|3:16|3:17|3:18|3:19|3:2|3:20|3:21|3:22|3:23|3:24|3:25|3:26|3:27|3:28|3:29|3:3|3:30|3:31|3:32|3:33|3:34|3:35|3:36|3:37|3:38|3:39|3:4|3:40|3:41|3:42|3:43|3:44|3:45|3:46|3:47|3:48|3:49|3:5|3:50|3:51|3:52|3:53|3:54|3:55|3:56|3:57|3:58|3:59|3:6|3:60|3:61|3:62|3:63|3:7|3:8|3:9|4:0|4:1|4:10|4:11|4:12|4:13|4:14|4:15|4:16|4:17|4:18|4:19|4:2|4:20|4:21|4:22|4:23|4:24|4:25|4:26|4:27|4:28|4:29|4:3|4:30|4:31|4:32|4:33|4:34|4:35|4:36|4:37|4:38|4:39|4:4|4:40|4:41|4:42|4:43|4:44|4:45|4:46|4:47|4:48|4:49|4:5|4:50|4:51|4:52|4:53|4:54|4:55|4:56|4:57|4:58|4:59|4:6|4:60|4:61|4:62|4:63|4:7|4:8|4:9|5:0|5:1|5:10|5:11|5:12|5:13|5:14|5:15|5:16|5:17|5:18|5:19|5:2|5:20|5:21|5:22|5:23|5:24|5:25|5:26|5:27|5:28|5:29|5:3|5:30|5:31|5:32|5:33|5:34|5:35|5:36|5:37|5:38|5:39|5:4|5:40|5:41|5:42|5:43|5:44|5:45|5:46|5:47|5:48|5:49|5:5|5:50|5:51|5:52|5:53|5:54|5:55|5:56|5:57|5:58|5:59|5:6|5:60|5:61|5:62|5:63|5:7|5:8|5:9
TIERING-OFF-QJ-OFF-QJFL-OFF,55,exact-v9-5-to-6mwe,2784,suction,C2-MIXTURE-PREFIX,320,0,348.2,1|2|3|4|5,1:0|1:1|1:10|1:11|1:12|1:13|1:14|1:15|1:16|1:17|1:18|1:19|1:2|1:20|1:21|1:22|1:23|1:24|1:25|1:26|1:27|1:28|1:29|1:3|1:30|1:31|1:32|1:33|1:34|1:35|1:36|1:37|1:38|1:39|1:4|1:40|1:41|1:42|1:43|1:44|1:45|1:46|1:47|1:48|1:49|1:5|1:50|1:51|1:52|1:53|1:54|1:55|1:56|1:57|1:58|1:59|1:6|1:60|1:61|1:62|1:63|1:7|1:8|1:9|2:0|2:1|2:10|2:11|2:12|2:13|2:14|2:15|2:16|2:17|2:18|2:19|2:2|2:20|2:21|2:22|2:23|2:24|2:25|2:26|2:27|2:28|2:29|2:3|2:30|2:31|2:32|2:33|2:34|2:35|2:36|2:37|2:38|2:39|2:4|2:40|2:41|2:42|2:43|2:44|2:45|2:46|2:47|2:48|2:49|2:5|2:50|2:51|2:52|2:53|2:54|2:55|2:56|2:57|2:58|2:59|2:6|2:60|2:61|2:62|2:63|2:7|2:8|2:9|3:0|3:1|3:10|3:11|3:12|3:13|3:14|3:15|3:16|3:17|3:18|3:19|3:2|3:20|3:21|3:22|3:23|3:24|3:25|3:26|3:27|3:28|3:29|3:3|3:30|3:31|3:32|3:33|3:34|3:35|3:36|3:37|3:38|3:39|3:4|3:40|3:41|3:42|3:43|3:44|3:45|3:46|3:47|3:48|3:49|3:5|3:50|3:51|3:52|3:53|3:54|3:55|3:56|3:57|3:58|3:59|3:6|3:60|3:61|3:62|3:63|3:7|3:8|3:9|4:0|4:1|4:10|4:11|4:12|4:13|4:14|4:15|4:16|4:17|4:18|4:19|4:2|4:20|4:21|4:22|4:23|4:24|4:25|4:26|4:27|4:28|4:29|4:3|4:30|4:31|4:32|4:33|4:34|4:35|4:36|4:37|4:38|4:39|4:4|4:40|4:41|4:42|4:43|4:44|4:45|4:46|4:47|4:48|4:49|4:5|4:50|4:51|4:52|4:53|4:54|4:55|4:56|4:57|4:58|4:59|4:6|4:60|4:61|4:62|4:63|4:7|4:8|4:9|5:0|5:1|5:10|5:11|5:12|5:13|5:14|5:15|5:16|5:17|5:18|5:19|5:2|5:20|5:21|5:22|5:23|5:24|5:25|5:26|5:27|5:28|5:29|5:3|5:30|5:31|5:32|5:33|5:34|5:35|5:36|5:37|5:38|5:39|5:4|5:40|5:41|5:42|5:43|5:44|5:45|5:46|5:47|5:48|5:49|5:5|5:50|5:51|5:52|5:53|5:54|5:55|5:56|5:57|5:58|5:59|5:6|5:60|5:61|5:62|5:63|5:7|5:8|5:9
TIERING-OFF-QJ-OFF-QJFL-OFF,56,exact-v9-5-to-6mwe,2784,pressure,C2-MIXTURE-PREFIX,320,0,330.5,1|2|3|4|5,1:0|1:1|1:10|1:11|1:12|1:13|1:14|1:15|1:16|1:17|1:18|1:19|1:2|1:20|1:21|1:22|1:23|1:24|1:25|1:26|1:27|1:28|1:29|1:3|1:30|1:31|1:32|1:33|1:34|1:35|1:36|1:37|1:38|1:39|1:4|1:40|1:41|1:42|1:43|1:44|1:45|1:46|1:47|1:48|1:49|1:5|1:50|1:51|1:52|1:53|1:54|1:55|1:56|1:57|1:58|1:59|1:6|1:60|1:61|1:62|1:63|1:7|1:8|1:9|2:0|2:1|2:10|2:11|2:12|2:13|2:14|2:15|2:16|2:17|2:18|2:19|2:2|2:20|2:21|2:22|2:23|2:24|2:25|2:26|2:27|2:28|2:29|2:3|2:30|2:31|2:32|2:33|2:34|2:35|2:36|2:37|2:38|2:39|2:4|2:40|2:41|2:42|2:43|2:44|2:45|2:46|2:47|2:48|2:49|2:5|2:50|2:51|2:52|2:53|2:54|2:55|2:56|2:57|2:58|2:59|2:6|2:60|2:61|2:62|2:63|2:7|2:8|2:9|3:0|3:1|3:10|3:11|3:12|3:13|3:14|3:15|3:16|3:17|3:18|3:19|3:2|3:20|3:21|3:22|3:23|3:24|3:25|3:26|3:27|3:28|3:29|3:3|3:30|3:31|3:32|3:33|3:34|3:35|3:36|3:37|3:38|3:39|3:4|3:40|3:41|3:42|3:43|3:44|3:45|3:46|3:47|3:48|3:49|3:5|3:50|3:51|3:52|3:53|3:54|3:55|3:56|3:57|3:58|3:59|3:6|3:60|3:61|3:62|3:63|3:7|3:8|3:9|4:0|4:1|4:10|4:11|4:12|4:13|4:14|4:15|4:16|4:17|4:18|4:19|4:2|4:20|4:21|4:22|4:23|4:24|4:25|4:26|4:27|4:28|4:29|4:3|4:30|4:31|4:32|4:33|4:34|4:35|4:36|4:37|4:38|4:39|4:4|4:40|4:41|4:42|4:43|4:44|4:45|4:46|4:47|4:48|4:49|4:5|4:50|4:51|4:52|4:53|4:54|4:55|4:56|4:57|4:58|4:59|4:6|4:60|4:61|4:62|4:63|4:7|4:8|4:9|5:0|5:1|5:10|5:11|5:12|5:13|5:14|5:15|5:16|5:17|5:18|5:19|5:2|5:20|5:21|5:22|5:23|5:24|5:25|5:26|5:27|5:28|5:29|5:3|5:30|5:31|5:32|5:33|5:34|5:35|5:36|5:37|5:38|5:39|5:4|5:40|5:41|5:42|5:43|5:44|5:45|5:46|5:47|5:48|5:49|5:5|5:50|5:51|5:52|5:53|5:54|5:55|5:56|5:57|5:58|5:59|5:6|5:60|5:61|5:62|5:63|5:7|5:8|5:9
TIERING-OFF-QJ-OFF-QJFL-OFF,57,exact-v9-5-to-6mwe,2784,outlet,C2-MIXTURE-PREFIX,320,0,384.9,1|2|3|4|5,1:0|1:1|1:10|1:11|1:12|1:13|1:14|1:15|1:16|1:17|1:18|1:19|1:2|1:20|1:21|1:22|1:23|1:24|1:25|1:26|1:27|1:28|1:29|1:3|1:30|1:31|1:32|1:33|1:34|1:35|1:36|1:37|1:38|1:39|1:4|1:40|1:41|1:42|1:43|1:44|1:45|1:46|1:47|1:48|1:49|1:5|1:50|1:51|1:52|1:53|1:54|1:55|1:56|1:57|1:58|1:59|1:6|1:60|1:61|1:62|1:63|1:7|1:8|1:9|2:0|2:1|2:10|2:11|2:12|2:13|2:14|2:15|2:16|2:17|2:18|2:19|2:2|2:20|2:21|2:22|2:23|2:24|2:25|2:26|2:27|2:28|2:29|2:3|2:30|2:31|2:32|2:33|2:34|2:35|2:36|2:37|2:38|2:39|2:4|2:40|2:41|2:42|2:43|2:44|2:45|2:46|2:47|2:48|2:49|2:5|2:50|2:51|2:52|2:53|2:54|2:55|2:56|2:57|2:58|2:59|2:6|2:60|2:61|2:62|2:63|2:7|2:8|2:9|3:0|3:1|3:10|3:11|3:12|3:13|3:14|3:15|3:16|3:17|3:18|3:19|3:2|3:20|3:21|3:22|3:23|3:24|3:25|3:26|3:27|3:28|3:29|3:3|3:30|3:31|3:32|3:33|3:34|3:35|3:36|3:37|3:38|3:39|3:4|3:40|3:41|3:42|3:43|3:44|3:45|3:46|3:47|3:48|3:49|3:5|3:50|3:51|3:52|3:53|3:54|3:55|3:56|3:57|3:58|3:59|3:6|3:60|3:61|3:62|3:63|3:7|3:8|3:9|4:0|4:1|4:10|4:11|4:12|4:13|4:14|4:15|4:16|4:17|4:18|4:19|4:2|4:20|4:21|4:22|4:23|4:24|4:25|4:26|4:27|4:28|4:29|4:3|4:30|4:31|4:32|4:33|4:34|4:35|4:36|4:37|4:38|4:39|4:4|4:40|4:41|4:42|4:43|4:44|4:45|4:46|4:47|4:48|4:49|4:5|4:50|4:51|4:52|4:53|4:54|4:55|4:56|4:57|4:58|4:59|4:6|4:60|4:61|4:62|4:63|4:7|4:8|4:9|5:0|5:1|5:10|5:11|5:12|5:13|5:14|5:15|5:16|5:17|5:18|5:19|5:2|5:20|5:21|5:22|5:23|5:24|5:25|5:26|5:27|5:28|5:29|5:3|5:30|5:31|5:32|5:33|5:34|5:35|5:36|5:37|5:38|5:39|5:4|5:40|5:41|5:42|5:43|5:44|5:45|5:46|5:47|5:48|5:49|5:5|5:50|5:51|5:52|5:53|5:54|5:55|5:56|5:57|5:58|5:59|5:6|5:60|5:61|5:62|5:63|5:7|5:8|5:9
TIERING-OFF-QJ-OFF-QJFL-OFF,58,exact-v9-5-to-6mwe,2784,drum,C2-MIXTURE-PREFIX,320,0,189.2,1|2|3|4|5,1:0|1:1|1:10|1:11|1:12|1:13|1:14|1:15|1:16|1:17|1:18|1:19|1:2|1:20|1:21|1:22|1:23|1:24|1:25|1:26|1:27|1:28|1:29|1:3|1:30|1:31|1:32|1:33|1:34|1:35|1:36|1:37|1:38|1:39|1:4|1:40|1:41|1:42|1:43|1:44|1:45|1:46|1:47|1:48|1:49|1:5|1:50|1:51|1:52|1:53|1:54|1:55|1:56|1:57|1:58|1:59|1:6|1:60|1:61|1:62|1:63|1:7|1:8|1:9|2:0|2:1|2:10|2:11|2:12|2:13|2:14|2:15|2:16|2:17|2:18|2:19|2:2|2:20|2:21|2:22|2:23|2:24|2:25|2:26|2:27|2:28|2:29|2:3|2:30|2:31|2:32|2:33|2:34|2:35|2:36|2:37|2:38|2:39|2:4|2:40|2:41|2:42|2:43|2:44|2:45|2:46|2:47|2:48|2:49|2:5|2:50|2:51|2:52|2:53|2:54|2:55|2:56|2:57|2:58|2:59|2:6|2:60|2:61|2:62|2:63|2:7|2:8|2:9|3:0|3:1|3:10|3:11|3:12|3:13|3:14|3:15|3:16|3:17|3:18|3:19|3:2|3:20|3:21|3:22|3:23|3:24|3:25|3:26|3:27|3:28|3:29|3:3|3:30|3:31|3:32|3:33|3:34|3:35|3:36|3:37|3:38|3:39|3:4|3:40|3:41|3:42|3:43|3:44|3:45|3:46|3:47|3:48|3:49|3:5|3:50|3:51|3:52|3:53|3:54|3:55|3:56|3:57|3:58|3:59|3:6|3:60|3:61|3:62|3:63|3:7|3:8|3:9|4:0|4:1|4:10|4:11|4:12|4:13|4:14|4:15|4:16|4:17|4:18|4:19|4:2|4:20|4:21|4:22|4:23|4:24|4:25|4:26|4:27|4:28|4:29|4:3|4:30|4:31|4:32|4:33|4:34|4:35|4:36|4:37|4:38|4:39|4:4|4:40|4:41|4:42|4:43|4:44|4:45|4:46|4:47|4:48|4:49|4:5|4:50|4:51|4:52|4:53|4:54|4:55|4:56|4:57|4:58|4:59|4:6|4:60|4:61|4:62|4:63|4:7|4:8|4:9|5:0|5:1|5:10|5:11|5:12|5:13|5:14|5:15|5:16|5:17|5:18|5:19|5:2|5:20|5:21|5:22|5:23|5:24|5:25|5:26|5:27|5:28|5:29|5:3|5:30|5:31|5:32|5:33|5:34|5:35|5:36|5:37|5:38|5:39|5:4|5:40|5:41|5:42|5:43|5:44|5:45|5:46|5:47|5:48|5:49|5:5|5:50|5:51|5:52|5:53|5:54|5:55|5:56|5:57|5:58|5:59|5:6|5:60|5:61|5:62|5:63|5:7|5:8|5:9
TIERING-OFF-QJ-OFF-QJFL-OFF,6,background-reference,6000,pressure,C2-MIXTURE-PREFIX,320,0,290.4,1|2|3|4|5,1:0|1:1|1:10|1:11|1:12|1:13|1:14|1:15|1:16|1:17|1:18|1:19|1:2|1:20|1:21|1:22|1:23|1:24|1:25|1:26|1:27|1:28|1:29|1:3|1:30|1:31|1:32|1:33|1:34|1:35|1:36|1:37|1:38|1:39|1:4|1:40|1:41|1:42|1:43|1:44|1:45|1:46|1:47|1:48|1:49|1:5|1:50|1:51|1:52|1:53|1:54|1:55|1:56|1:57|1:58|1:59|1:6|1:60|1:61|1:62|1:63|1:7|1:8|1:9|2:0|2:1|2:10|2:11|2:12|2:13|2:14|2:15|2:16|2:17|2:18|2:19|2:2|2:20|2:21|2:22|2:23|2:24|2:25|2:26|2:27|2:28|2:29|2:3|2:30|2:31|2:32|2:33|2:34|2:35|2:36|2:37|2:38|2:39|2:4|2:40|2:41|2:42|2:43|2:44|2:45|2:46|2:47|2:48|2:49|2:5|2:50|2:51|2:52|2:53|2:54|2:55|2:56|2:57|2:58|2:59|2:6|2:60|2:61|2:62|2:63|2:7|2:8|2:9|3:0|3:1|3:10|3:11|3:12|3:13|3:14|3:15|3:16|3:17|3:18|3:19|3:2|3:20|3:21|3:22|3:23|3:24|3:25|3:26|3:27|3:28|3:29|3:3|3:30|3:31|3:32|3:33|3:34|3:35|3:36|3:37|3:38|3:39|3:4|3:40|3:41|3:42|3:43|3:44|3:45|3:46|3:47|3:48|3:49|3:5|3:50|3:51|3:52|3:53|3:54|3:55|3:56|3:57|3:58|3:59|3:6|3:60|3:61|3:62|3:63|3:7|3:8|3:9|4:0|4:1|4:10|4:11|4:12|4:13|4:14|4:15|4:16|4:17|4:18|4:19|4:2|4:20|4:21|4:22|4:23|4:24|4:25|4:26|4:27|4:28|4:29|4:3|4:30|4:31|4:32|4:33|4:34|4:35|4:36|4:37|4:38|4:39|4:4|4:40|4:41|4:42|4:43|4:44|4:45|4:46|4:47|4:48|4:49|4:5|4:50|4:51|4:52|4:53|4:54|4:55|4:56|4:57|4:58|4:59|4:6|4:60|4:61|4:62|4:63|4:7|4:8|4:9|5:0|5:1|5:10|5:11|5:12|5:13|5:14|5:15|5:16|5:17|5:18|5:19|5:2|5:20|5:21|5:22|5:23|5:24|5:25|5:26|5:27|5:28|5:29|5:3|5:30|5:31|5:32|5:33|5:34|5:35|5:36|5:37|5:38|5:39|5:4|5:40|5:41|5:42|5:43|5:44|5:45|5:46|5:47|5:48|5:49|5:5|5:50|5:51|5:52|5:53|5:54|5:55|5:56|5:57|5:58|5:59|5:6|5:60|5:61|5:62|5:63|5:7|5:8|5:9
TIERING-OFF-QJ-OFF-QJFL-OFF,60,exact-v9-5-to-6mwe,8784,suction,C2-MIXTURE-PREFIX,320,0,220.2,1|2|3|4|5,1:0|1:1|1:10|1:11|1:12|1:13|1:14|1:15|1:16|1:17|1:18|1:19|1:2|1:20|1:21|1:22|1:23|1:24|1:25|1:26|1:27|1:28|1:29|1:3|1:30|1:31|1:32|1:33|1:34|1:35|1:36|1:37|1:38|1:39|1:4|1:40|1:41|1:42|1:43|1:44|1:45|1:46|1:47|1:48|1:49|1:5|1:50|1:51|1:52|1:53|1:54|1:55|1:56|1:57|1:58|1:59|1:6|1:60|1:61|1:62|1:63|1:7|1:8|1:9|2:0|2:1|2:10|2:11|2:12|2:13|2:14|2:15|2:16|2:17|2:18|2:19|2:2|2:20|2:21|2:22|2:23|2:24|2:25|2:26|2:27|2:28|2:29|2:3|2:30|2:31|2:32|2:33|2:34|2:35|2:36|2:37|2:38|2:39|2:4|2:40|2:41|2:42|2:43|2:44|2:45|2:46|2:47|2:48|2:49|2:5|2:50|2:51|2:52|2:53|2:54|2:55|2:56|2:57|2:58|2:59|2:6|2:60|2:61|2:62|2:63|2:7|2:8|2:9|3:0|3:1|3:10|3:11|3:12|3:13|3:14|3:15|3:16|3:17|3:18|3:19|3:2|3:20|3:21|3:22|3:23|3:24|3:25|3:26|3:27|3:28|3:29|3:3|3:30|3:31|3:32|3:33|3:34|3:35|3:36|3:37|3:38|3:39|3:4|3:40|3:41|3:42|3:43|3:44|3:45|3:46|3:47|3:48|3:49|3:5|3:50|3:51|3:52|3:53|3:54|3:55|3:56|3:57|3:58|3:59|3:6|3:60|3:61|3:62|3:63|3:7|3:8|3:9|4:0|4:1|4:10|4:11|4:12|4:13|4:14|4:15|4:16|4:17|4:18|4:19|4:2|4:20|4:21|4:22|4:23|4:24|4:25|4:26|4:27|4:28|4:29|4:3|4:30|4:31|4:32|4:33|4:34|4:35|4:36|4:37|4:38|4:39|4:4|4:40|4:41|4:42|4:43|4:44|4:45|4:46|4:47|4:48|4:49|4:5|4:50|4:51|4:52|4:53|4:54|4:55|4:56|4:57|4:58|4:59|4:6|4:60|4:61|4:62|4:63|4:7|4:8|4:9|5:0|5:1|5:10|5:11|5:12|5:13|5:14|5:15|5:16|5:17|5:18|5:19|5:2|5:20|5:21|5:22|5:23|5:24|5:25|5:26|5:27|5:28|5:29|5:3|5:30|5:31|5:32|5:33|5:34|5:35|5:36|5:37|5:38|5:39|5:4|5:40|5:41|5:42|5:43|5:44|5:45|5:46|5:47|5:48|5:49|5:5|5:50|5:51|5:52|5:53|5:54|5:55|5:56|5:57|5:58|5:59|5:6|5:60|5:61|5:62|5:63|5:7|5:8|5:9
TIERING-OFF-QJ-OFF-QJFL-OFF,61,exact-v9-5-to-6mwe,8784,pressure,C2-MIXTURE-PREFIX,320,0,331.4,1|2|3|4|5,1:0|1:1|1:10|1:11|1:12|1:13|1:14|1:15|1:16|1:17|1:18|1:19|1:2|1:20|1:21|1:22|1:23|1:24|1:25|1:26|1:27|1:28|1:29|1:3|1:30|1:31|1:32|1:33|1:34|1:35|1:36|1:37|1:38|1:39|1:4|1:40|1:41|1:42|1:43|1:44|1:45|1:46|1:47|1:48|1:49|1:5|1:50|1:51|1:52|1:53|1:54|1:55|1:56|1:57|1:58|1:59|1:6|1:60|1:61|1:62|1:63|1:7|1:8|1:9|2:0|2:1|2:10|2:11|2:12|2:13|2:14|2:15|2:16|2:17|2:18|2:19|2:2|2:20|2:21|2:22|2:23|2:24|2:25|2:26|2:27|2:28|2:29|2:3|2:30|2:31|2:32|2:33|2:34|2:35|2:36|2:37|2:38|2:39|2:4|2:40|2:41|2:42|2:43|2:44|2:45|2:46|2:47|2:48|2:49|2:5|2:50|2:51|2:52|2:53|2:54|2:55|2:56|2:57|2:58|2:59|2:6|2:60|2:61|2:62|2:63|2:7|2:8|2:9|3:0|3:1|3:10|3:11|3:12|3:13|3:14|3:15|3:16|3:17|3:18|3:19|3:2|3:20|3:21|3:22|3:23|3:24|3:25|3:26|3:27|3:28|3:29|3:3|3:30|3:31|3:32|3:33|3:34|3:35|3:36|3:37|3:38|3:39|3:4|3:40|3:41|3:42|3:43|3:44|3:45|3:46|3:47|3:48|3:49|3:5|3:50|3:51|3:52|3:53|3:54|3:55|3:56|3:57|3:58|3:59|3:6|3:60|3:61|3:62|3:63|3:7|3:8|3:9|4:0|4:1|4:10|4:11|4:12|4:13|4:14|4:15|4:16|4:17|4:18|4:19|4:2|4:20|4:21|4:22|4:23|4:24|4:25|4:26|4:27|4:28|4:29|4:3|4:30|4:31|4:32|4:33|4:34|4:35|4:36|4:37|4:38|4:39|4:4|4:40|4:41|4:42|4:43|4:44|4:45|4:46|4:47|4:48|4:49|4:5|4:50|4:51|4:52|4:53|4:54|4:55|4:56|4:57|4:58|4:59|4:6|4:60|4:61|4:62|4:63|4:7|4:8|4:9|5:0|5:1|5:10|5:11|5:12|5:13|5:14|5:15|5:16|5:17|5:18|5:19|5:2|5:20|5:21|5:22|5:23|5:24|5:25|5:26|5:27|5:28|5:29|5:3|5:30|5:31|5:32|5:33|5:34|5:35|5:36|5:37|5:38|5:39|5:4|5:40|5:41|5:42|5:43|5:44|5:45|5:46|5:47|5:48|5:49|5:5|5:50|5:51|5:52|5:53|5:54|5:55|5:56|5:57|5:58|5:59|5:6|5:60|5:61|5:62|5:63|5:7|5:8|5:9
TIERING-OFF-QJ-OFF-QJFL-OFF,62,exact-v9-5-to-6mwe,8784,outlet,C2-MIXTURE-PREFIX,320,0,249.8,1|2|3|4|5,1:0|1:1|1:10|1:11|1:12|1:13|1:14|1:15|1:16|1:17|1:18|1:19|1:2|1:20|1:21|1:22|1:23|1:24|1:25|1:26|1:27|1:28|1:29|1:3|1:30|1:31|1:32|1:33|1:34|1:35|1:36|1:37|1:38|1:39|1:4|1:40|1:41|1:42|1:43|1:44|1:45|1:46|1:47|1:48|1:49|1:5|1:50|1:51|1:52|1:53|1:54|1:55|1:56|1:57|1:58|1:59|1:6|1:60|1:61|1:62|1:63|1:7|1:8|1:9|2:0|2:1|2:10|2:11|2:12|2:13|2:14|2:15|2:16|2:17|2:18|2:19|2:2|2:20|2:21|2:22|2:23|2:24|2:25|2:26|2:27|2:28|2:29|2:3|2:30|2:31|2:32|2:33|2:34|2:35|2:36|2:37|2:38|2:39|2:4|2:40|2:41|2:42|2:43|2:44|2:45|2:46|2:47|2:48|2:49|2:5|2:50|2:51|2:52|2:53|2:54|2:55|2:56|2:57|2:58|2:59|2:6|2:60|2:61|2:62|2:63|2:7|2:8|2:9|3:0|3:1|3:10|3:11|3:12|3:13|3:14|3:15|3:16|3:17|3:18|3:19|3:2|3:20|3:21|3:22|3:23|3:24|3:25|3:26|3:27|3:28|3:29|3:3|3:30|3:31|3:32|3:33|3:34|3:35|3:36|3:37|3:38|3:39|3:4|3:40|3:41|3:42|3:43|3:44|3:45|3:46|3:47|3:48|3:49|3:5|3:50|3:51|3:52|3:53|3:54|3:55|3:56|3:57|3:58|3:59|3:6|3:60|3:61|3:62|3:63|3:7|3:8|3:9|4:0|4:1|4:10|4:11|4:12|4:13|4:14|4:15|4:16|4:17|4:18|4:19|4:2|4:20|4:21|4:22|4:23|4:24|4:25|4:26|4:27|4:28|4:29|4:3|4:30|4:31|4:32|4:33|4:34|4:35|4:36|4:37|4:38|4:39|4:4|4:40|4:41|4:42|4:43|4:44|4:45|4:46|4:47|4:48|4:49|4:5|4:50|4:51|4:52|4:53|4:54|4:55|4:56|4:57|4:58|4:59|4:6|4:60|4:61|4:62|4:63|4:7|4:8|4:9|5:0|5:1|5:10|5:11|5:12|5:13|5:14|5:15|5:16|5:17|5:18|5:19|5:2|5:20|5:21|5:22|5:23|5:24|5:25|5:26|5:27|5:28|5:29|5:3|5:30|5:31|5:32|5:33|5:34|5:35|5:36|5:37|5:38|5:39|5:4|5:40|5:41|5:42|5:43|5:44|5:45|5:46|5:47|5:48|5:49|5:5|5:50|5:51|5:52|5:53|5:54|5:55|5:56|5:57|5:58|5:59|5:6|5:60|5:61|5:62|5:63|5:7|5:8|5:9
TIERING-OFF-QJ-OFF-QJFL-OFF,63,exact-v9-5-to-6mwe,8784,drum,C2-MIXTURE-PREFIX,320,0,323.8,1|2|3|4|5,1:0|1:1|1:10|1:11|1:12|1:13|1:14|1:15|1:16|1:17|1:18|1:19|1:2|1:20|1:21|1:22|1:23|1:24|1:25|1:26|1:27|1:28|1:29|1:3|1:30|1:31|1:32|1:33|1:34|1:35|1:36|1:37|1:38|1:39|1:4|1:40|1:41|1:42|1:43|1:44|1:45|1:46|1:47|1:48|1:49|1:5|1:50|1:51|1:52|1:53|1:54|1:55|1:56|1:57|1:58|1:59|1:6|1:60|1:61|1:62|1:63|1:7|1:8|1:9|2:0|2:1|2:10|2:11|2:12|2:13|2:14|2:15|2:16|2:17|2:18|2:19|2:2|2:20|2:21|2:22|2:23|2:24|2:25|2:26|2:27|2:28|2:29|2:3|2:30|2:31|2:32|2:33|2:34|2:35|2:36|2:37|2:38|2:39|2:4|2:40|2:41|2:42|2:43|2:44|2:45|2:46|2:47|2:48|2:49|2:5|2:50|2:51|2:52|2:53|2:54|2:55|2:56|2:57|2:58|2:59|2:6|2:60|2:61|2:62|2:63|2:7|2:8|2:9|3:0|3:1|3:10|3:11|3:12|3:13|3:14|3:15|3:16|3:17|3:18|3:19|3:2|3:20|3:21|3:22|3:23|3:24|3:25|3:26|3:27|3:28|3:29|3:3|3:30|3:31|3:32|3:33|3:34|3:35|3:36|3:37|3:38|3:39|3:4|3:40|3:41|3:42|3:43|3:44|3:45|3:46|3:47|3:48|3:49|3:5|3:50|3:51|3:52|3:53|3:54|3:55|3:56|3:57|3:58|3:59|3:6|3:60|3:61|3:62|3:63|3:7|3:8|3:9|4:0|4:1|4:10|4:11|4:12|4:13|4:14|4:15|4:16|4:17|4:18|4:19|4:2|4:20|4:21|4:22|4:23|4:24|4:25|4:26|4:27|4:28|4:29|4:3|4:30|4:31|4:32|4:33|4:34|4:35|4:36|4:37|4:38|4:39|4:4|4:40|4:41|4:42|4:43|4:44|4:45|4:46|4:47|4:48|4:49|4:5|4:50|4:51|4:52|4:53|4:54|4:55|4:56|4:57|4:58|4:59|4:6|4:60|4:61|4:62|4:63|4:7|4:8|4:9|5:0|5:1|5:10|5:11|5:12|5:13|5:14|5:15|5:16|5:17|5:18|5:19|5:2|5:20|5:21|5:22|5:23|5:24|5:25|5:26|5:27|5:28|5:29|5:3|5:30|5:31|5:32|5:33|5:34|5:35|5:36|5:37|5:38|5:39|5:4|5:40|5:41|5:42|5:43|5:44|5:45|5:46|5:47|5:48|5:49|5:5|5:50|5:51|5:52|5:53|5:54|5:55|5:56|5:57|5:58|5:59|5:6|5:60|5:61|5:62|5:63|5:7|5:8|5:9
TIERING-OFF-QJ-OFF-QJFL-OFF,64,exact-v9-5-to-6mwe,8784,feedwater-inventory,C2-MIXTURE-PREFIX,1,0,140.5,4,4:0
TIERING-OFF-QJ-OFF-QJFL-OFF,65,exact-v9-5-to-6mwe,14784,suction,C2-MIXTURE-PREFIX,320,0,272.8,1|2|3|4|5,1:0|1:1|1:10|1:11|1:12|1:13|1:14|1:15|1:16|1:17|1:18|1:19|1:2|1:20|1:21|1:22|1:23|1:24|1:25|1:26|1:27|1:28|1:29|1:3|1:30|1:31|1:32|1:33|1:34|1:35|1:36|1:37|1:38|1:39|1:4|1:40|1:41|1:42|1:43|1:44|1:45|1:46|1:47|1:48|1:49|1:5|1:50|1:51|1:52|1:53|1:54|1:55|1:56|1:57|1:58|1:59|1:6|1:60|1:61|1:62|1:63|1:7|1:8|1:9|2:0|2:1|2:10|2:11|2:12|2:13|2:14|2:15|2:16|2:17|2:18|2:19|2:2|2:20|2:21|2:22|2:23|2:24|2:25|2:26|2:27|2:28|2:29|2:3|2:30|2:31|2:32|2:33|2:34|2:35|2:36|2:37|2:38|2:39|2:4|2:40|2:41|2:42|2:43|2:44|2:45|2:46|2:47|2:48|2:49|2:5|2:50|2:51|2:52|2:53|2:54|2:55|2:56|2:57|2:58|2:59|2:6|2:60|2:61|2:62|2:63|2:7|2:8|2:9|3:0|3:1|3:10|3:11|3:12|3:13|3:14|3:15|3:16|3:17|3:18|3:19|3:2|3:20|3:21|3:22|3:23|3:24|3:25|3:26|3:27|3:28|3:29|3:3|3:30|3:31|3:32|3:33|3:34|3:35|3:36|3:37|3:38|3:39|3:4|3:40|3:41|3:42|3:43|3:44|3:45|3:46|3:47|3:48|3:49|3:5|3:50|3:51|3:52|3:53|3:54|3:55|3:56|3:57|3:58|3:59|3:6|3:60|3:61|3:62|3:63|3:7|3:8|3:9|4:0|4:1|4:10|4:11|4:12|4:13|4:14|4:15|4:16|4:17|4:18|4:19|4:2|4:20|4:21|4:22|4:23|4:24|4:25|4:26|4:27|4:28|4:29|4:3|4:30|4:31|4:32|4:33|4:34|4:35|4:36|4:37|4:38|4:39|4:4|4:40|4:41|4:42|4:43|4:44|4:45|4:46|4:47|4:48|4:49|4:5|4:50|4:51|4:52|4:53|4:54|4:55|4:56|4:57|4:58|4:59|4:6|4:60|4:61|4:62|4:63|4:7|4:8|4:9|5:0|5:1|5:10|5:11|5:12|5:13|5:14|5:15|5:16|5:17|5:18|5:19|5:2|5:20|5:21|5:22|5:23|5:24|5:25|5:26|5:27|5:28|5:29|5:3|5:30|5:31|5:32|5:33|5:34|5:35|5:36|5:37|5:38|5:39|5:4|5:40|5:41|5:42|5:43|5:44|5:45|5:46|5:47|5:48|5:49|5:5|5:50|5:51|5:52|5:53|5:54|5:55|5:56|5:57|5:58|5:59|5:6|5:60|5:61|5:62|5:63|5:7|5:8|5:9
TIERING-OFF-QJ-OFF-QJFL-OFF,66,exact-v9-5-to-6mwe,14784,pressure,C2-MIXTURE-PREFIX,320,0,315.3,1|2|3|4|5,1:0|1:1|1:10|1:11|1:12|1:13|1:14|1:15|1:16|1:17|1:18|1:19|1:2|1:20|1:21|1:22|1:23|1:24|1:25|1:26|1:27|1:28|1:29|1:3|1:30|1:31|1:32|1:33|1:34|1:35|1:36|1:37|1:38|1:39|1:4|1:40|1:41|1:42|1:43|1:44|1:45|1:46|1:47|1:48|1:49|1:5|1:50|1:51|1:52|1:53|1:54|1:55|1:56|1:57|1:58|1:59|1:6|1:60|1:61|1:62|1:63|1:7|1:8|1:9|2:0|2:1|2:10|2:11|2:12|2:13|2:14|2:15|2:16|2:17|2:18|2:19|2:2|2:20|2:21|2:22|2:23|2:24|2:25|2:26|2:27|2:28|2:29|2:3|2:30|2:31|2:32|2:33|2:34|2:35|2:36|2:37|2:38|2:39|2:4|2:40|2:41|2:42|2:43|2:44|2:45|2:46|2:47|2:48|2:49|2:5|2:50|2:51|2:52|2:53|2:54|2:55|2:56|2:57|2:58|2:59|2:6|2:60|2:61|2:62|2:63|2:7|2:8|2:9|3:0|3:1|3:10|3:11|3:12|3:13|3:14|3:15|3:16|3:17|3:18|3:19|3:2|3:20|3:21|3:22|3:23|3:24|3:25|3:26|3:27|3:28|3:29|3:3|3:30|3:31|3:32|3:33|3:34|3:35|3:36|3:37|3:38|3:39|3:4|3:40|3:41|3:42|3:43|3:44|3:45|3:46|3:47|3:48|3:49|3:5|3:50|3:51|3:52|3:53|3:54|3:55|3:56|3:57|3:58|3:59|3:6|3:60|3:61|3:62|3:63|3:7|3:8|3:9|4:0|4:1|4:10|4:11|4:12|4:13|4:14|4:15|4:16|4:17|4:18|4:19|4:2|4:20|4:21|4:22|4:23|4:24|4:25|4:26|4:27|4:28|4:29|4:3|4:30|4:31|4:32|4:33|4:34|4:35|4:36|4:37|4:38|4:39|4:4|4:40|4:41|4:42|4:43|4:44|4:45|4:46|4:47|4:48|4:49|4:5|4:50|4:51|4:52|4:53|4:54|4:55|4:56|4:57|4:58|4:59|4:6|4:60|4:61|4:62|4:63|4:7|4:8|4:9|5:0|5:1|5:10|5:11|5:12|5:13|5:14|5:15|5:16|5:17|5:18|5:19|5:2|5:20|5:21|5:22|5:23|5:24|5:25|5:26|5:27|5:28|5:29|5:3|5:30|5:31|5:32|5:33|5:34|5:35|5:36|5:37|5:38|5:39|5:4|5:40|5:41|5:42|5:43|5:44|5:45|5:46|5:47|5:48|5:49|5:5|5:50|5:51|5:52|5:53|5:54|5:55|5:56|5:57|5:58|5:59|5:6|5:60|5:61|5:62|5:63|5:7|5:8|5:9
TIERING-OFF-QJ-OFF-QJFL-OFF,67,exact-v9-5-to-6mwe,14784,outlet,C2-MIXTURE-PREFIX,320,0,368.6,1|2|3|4|5,1:0|1:1|1:10|1:11|1:12|1:13|1:14|1:15|1:16|1:17|1:18|1:19|1:2|1:20|1:21|1:22|1:23|1:24|1:25|1:26|1:27|1:28|1:29|1:3|1:30|1:31|1:32|1:33|1:34|1:35|1:36|1:37|1:38|1:39|1:4|1:40|1:41|1:42|1:43|1:44|1:45|1:46|1:47|1:48|1:49|1:5|1:50|1:51|1:52|1:53|1:54|1:55|1:56|1:57|1:58|1:59|1:6|1:60|1:61|1:62|1:63|1:7|1:8|1:9|2:0|2:1|2:10|2:11|2:12|2:13|2:14|2:15|2:16|2:17|2:18|2:19|2:2|2:20|2:21|2:22|2:23|2:24|2:25|2:26|2:27|2:28|2:29|2:3|2:30|2:31|2:32|2:33|2:34|2:35|2:36|2:37|2:38|2:39|2:4|2:40|2:41|2:42|2:43|2:44|2:45|2:46|2:47|2:48|2:49|2:5|2:50|2:51|2:52|2:53|2:54|2:55|2:56|2:57|2:58|2:59|2:6|2:60|2:61|2:62|2:63|2:7|2:8|2:9|3:0|3:1|3:10|3:11|3:12|3:13|3:14|3:15|3:16|3:17|3:18|3:19|3:2|3:20|3:21|3:22|3:23|3:24|3:25|3:26|3:27|3:28|3:29|3:3|3:30|3:31|3:32|3:33|3:34|3:35|3:36|3:37|3:38|3:39|3:4|3:40|3:41|3:42|3:43|3:44|3:45|3:46|3:47|3:48|3:49|3:5|3:50|3:51|3:52|3:53|3:54|3:55|3:56|3:57|3:58|3:59|3:6|3:60|3:61|3:62|3:63|3:7|3:8|3:9|4:0|4:1|4:10|4:11|4:12|4:13|4:14|4:15|4:16|4:17|4:18|4:19|4:2|4:20|4:21|4:22|4:23|4:24|4:25|4:26|4:27|4:28|4:29|4:3|4:30|4:31|4:32|4:33|4:34|4:35|4:36|4:37|4:38|4:39|4:4|4:40|4:41|4:42|4:43|4:44|4:45|4:46|4:47|4:48|4:49|4:5|4:50|4:51|4:52|4:53|4:54|4:55|4:56|4:57|4:58|4:59|4:6|4:60|4:61|4:62|4:63|4:7|4:8|4:9|5:0|5:1|5:10|5:11|5:12|5:13|5:14|5:15|5:16|5:17|5:18|5:19|5:2|5:20|5:21|5:22|5:23|5:24|5:25|5:26|5:27|5:28|5:29|5:3|5:30|5:31|5:32|5:33|5:34|5:35|5:36|5:37|5:38|5:39|5:4|5:40|5:41|5:42|5:43|5:44|5:45|5:46|5:47|5:48|5:49|5:5|5:50|5:51|5:52|5:53|5:54|5:55|5:56|5:57|5:58|5:59|5:6|5:60|5:61|5:62|5:63|5:7|5:8|5:9
TIERING-OFF-QJ-OFF-QJFL-OFF,68,exact-v9-5-to-6mwe,14784,drum,C2-MIXTURE-PREFIX,320,0,371.7,1|2|3|4|5,1:0|1:1|1:10|1:11|1:12|1:13|1:14|1:15|1:16|1:17|1:18|1:19|1:2|1:20|1:21|1:22|1:23|1:24|1:25|1:26|1:27|1:28|1:29|1:3|1:30|1:31|1:32|1:33|1:34|1:35|1:36|1:37|1:38|1:39|1:4|1:40|1:41|1:42|1:43|1:44|1:45|1:46|1:47|1:48|1:49|1:5|1:50|1:51|1:52|1:53|1:54|1:55|1:56|1:57|1:58|1:59|1:6|1:60|1:61|1:62|1:63|1:7|1:8|1:9|2:0|2:1|2:10|2:11|2:12|2:13|2:14|2:15|2:16|2:17|2:18|2:19|2:2|2:20|2:21|2:22|2:23|2:24|2:25|2:26|2:27|2:28|2:29|2:3|2:30|2:31|2:32|2:33|2:34|2:35|2:36|2:37|2:38|2:39|2:4|2:40|2:41|2:42|2:43|2:44|2:45|2:46|2:47|2:48|2:49|2:5|2:50|2:51|2:52|2:53|2:54|2:55|2:56|2:57|2:58|2:59|2:6|2:60|2:61|2:62|2:63|2:7|2:8|2:9|3:0|3:1|3:10|3:11|3:12|3:13|3:14|3:15|3:16|3:17|3:18|3:19|3:2|3:20|3:21|3:22|3:23|3:24|3:25|3:26|3:27|3:28|3:29|3:3|3:30|3:31|3:32|3:33|3:34|3:35|3:36|3:37|3:38|3:39|3:4|3:40|3:41|3:42|3:43|3:44|3:45|3:46|3:47|3:48|3:49|3:5|3:50|3:51|3:52|3:53|3:54|3:55|3:56|3:57|3:58|3:59|3:6|3:60|3:61|3:62|3:63|3:7|3:8|3:9|4:0|4:1|4:10|4:11|4:12|4:13|4:14|4:15|4:16|4:17|4:18|4:19|4:2|4:20|4:21|4:22|4:23|4:24|4:25|4:26|4:27|4:28|4:29|4:3|4:30|4:31|4:32|4:33|4:34|4:35|4:36|4:37|4:38|4:39|4:4|4:40|4:41|4:42|4:43|4:44|4:45|4:46|4:47|4:48|4:49|4:5|4:50|4:51|4:52|4:53|4:54|4:55|4:56|4:57|4:58|4:59|4:6|4:60|4:61|4:62|4:63|4:7|4:8|4:9|5:0|5:1|5:10|5:11|5:12|5:13|5:14|5:15|5:16|5:17|5:18|5:19|5:2|5:20|5:21|5:22|5:23|5:24|5:25|5:26|5:27|5:28|5:29|5:3|5:30|5:31|5:32|5:33|5:34|5:35|5:36|5:37|5:38|5:39|5:4|5:40|5:41|5:42|5:43|5:44|5:45|5:46|5:47|5:48|5:49|5:5|5:50|5:51|5:52|5:53|5:54|5:55|5:56|5:57|5:58|5:59|5:6|5:60|5:61|5:62|5:63|5:7|5:8|5:9
TIERING-OFF-QJ-OFF-QJFL-OFF,7,background-reference,6000,outlet,C2-MIXTURE-PREFIX,320,0,232.9,1|2|3|4|5,1:0|1:1|1:10|1:11|1:12|1:13|1:14|1:15|1:16|1:17|1:18|1:19|1:2|1:20|1:21|1:22|1:23|1:24|1:25|1:26|1:27|1:28|1:29|1:3|1:30|1:31|1:32|1:33|1:34|1:35|1:36|1:37|1:38|1:39|1:4|1:40|1:41|1:42|1:43|1:44|1:45|1:46|1:47|1:48|1:49|1:5|1:50|1:51|1:52|1:53|1:54|1:55|1:56|1:57|1:58|1:59|1:6|1:60|1:61|1:62|1:63|1:7|1:8|1:9|2:0|2:1|2:10|2:11|2:12|2:13|2:14|2:15|2:16|2:17|2:18|2:19|2:2|2:20|2:21|2:22|2:23|2:24|2:25|2:26|2:27|2:28|2:29|2:3|2:30|2:31|2:32|2:33|2:34|2:35|2:36|2:37|2:38|2:39|2:4|2:40|2:41|2:42|2:43|2:44|2:45|2:46|2:47|2:48|2:49|2:5|2:50|2:51|2:52|2:53|2:54|2:55|2:56|2:57|2:58|2:59|2:6|2:60|2:61|2:62|2:63|2:7|2:8|2:9|3:0|3:1|3:10|3:11|3:12|3:13|3:14|3:15|3:16|3:17|3:18|3:19|3:2|3:20|3:21|3:22|3:23|3:24|3:25|3:26|3:27|3:28|3:29|3:3|3:30|3:31|3:32|3:33|3:34|3:35|3:36|3:37|3:38|3:39|3:4|3:40|3:41|3:42|3:43|3:44|3:45|3:46|3:47|3:48|3:49|3:5|3:50|3:51|3:52|3:53|3:54|3:55|3:56|3:57|3:58|3:59|3:6|3:60|3:61|3:62|3:63|3:7|3:8|3:9|4:0|4:1|4:10|4:11|4:12|4:13|4:14|4:15|4:16|4:17|4:18|4:19|4:2|4:20|4:21|4:22|4:23|4:24|4:25|4:26|4:27|4:28|4:29|4:3|4:30|4:31|4:32|4:33|4:34|4:35|4:36|4:37|4:38|4:39|4:4|4:40|4:41|4:42|4:43|4:44|4:45|4:46|4:47|4:48|4:49|4:5|4:50|4:51|4:52|4:53|4:54|4:55|4:56|4:57|4:58|4:59|4:6|4:60|4:61|4:62|4:63|4:7|4:8|4:9|5:0|5:1|5:10|5:11|5:12|5:13|5:14|5:15|5:16|5:17|5:18|5:19|5:2|5:20|5:21|5:22|5:23|5:24|5:25|5:26|5:27|5:28|5:29|5:3|5:30|5:31|5:32|5:33|5:34|5:35|5:36|5:37|5:38|5:39|5:4|5:40|5:41|5:42|5:43|5:44|5:45|5:46|5:47|5:48|5:49|5:5|5:50|5:51|5:52|5:53|5:54|5:55|5:56|5:57|5:58|5:59|5:6|5:60|5:61|5:62|5:63|5:7|5:8|5:9
TIERING-OFF-QJ-OFF-QJFL-OFF,70,exact-v9-5-to-6mwe,20784,suction,C2-MIXTURE-PREFIX,320,0,276.7,1|2|3|4|5,1:0|1:1|1:10|1:11|1:12|1:13|1:14|1:15|1:16|1:17|1:18|1:19|1:2|1:20|1:21|1:22|1:23|1:24|1:25|1:26|1:27|1:28|1:29|1:3|1:30|1:31|1:32|1:33|1:34|1:35|1:36|1:37|1:38|1:39|1:4|1:40|1:41|1:42|1:43|1:44|1:45|1:46|1:47|1:48|1:49|1:5|1:50|1:51|1:52|1:53|1:54|1:55|1:56|1:57|1:58|1:59|1:6|1:60|1:61|1:62|1:63|1:7|1:8|1:9|2:0|2:1|2:10|2:11|2:12|2:13|2:14|2:15|2:16|2:17|2:18|2:19|2:2|2:20|2:21|2:22|2:23|2:24|2:25|2:26|2:27|2:28|2:29|2:3|2:30|2:31|2:32|2:33|2:34|2:35|2:36|2:37|2:38|2:39|2:4|2:40|2:41|2:42|2:43|2:44|2:45|2:46|2:47|2:48|2:49|2:5|2:50|2:51|2:52|2:53|2:54|2:55|2:56|2:57|2:58|2:59|2:6|2:60|2:61|2:62|2:63|2:7|2:8|2:9|3:0|3:1|3:10|3:11|3:12|3:13|3:14|3:15|3:16|3:17|3:18|3:19|3:2|3:20|3:21|3:22|3:23|3:24|3:25|3:26|3:27|3:28|3:29|3:3|3:30|3:31|3:32|3:33|3:34|3:35|3:36|3:37|3:38|3:39|3:4|3:40|3:41|3:42|3:43|3:44|3:45|3:46|3:47|3:48|3:49|3:5|3:50|3:51|3:52|3:53|3:54|3:55|3:56|3:57|3:58|3:59|3:6|3:60|3:61|3:62|3:63|3:7|3:8|3:9|4:0|4:1|4:10|4:11|4:12|4:13|4:14|4:15|4:16|4:17|4:18|4:19|4:2|4:20|4:21|4:22|4:23|4:24|4:25|4:26|4:27|4:28|4:29|4:3|4:30|4:31|4:32|4:33|4:34|4:35|4:36|4:37|4:38|4:39|4:4|4:40|4:41|4:42|4:43|4:44|4:45|4:46|4:47|4:48|4:49|4:5|4:50|4:51|4:52|4:53|4:54|4:55|4:56|4:57|4:58|4:59|4:6|4:60|4:61|4:62|4:63|4:7|4:8|4:9|5:0|5:1|5:10|5:11|5:12|5:13|5:14|5:15|5:16|5:17|5:18|5:19|5:2|5:20|5:21|5:22|5:23|5:24|5:25|5:26|5:27|5:28|5:29|5:3|5:30|5:31|5:32|5:33|5:34|5:35|5:36|5:37|5:38|5:39|5:4|5:40|5:41|5:42|5:43|5:44|5:45|5:46|5:47|5:48|5:49|5:5|5:50|5:51|5:52|5:53|5:54|5:55|5:56|5:57|5:58|5:59|5:6|5:60|5:61|5:62|5:63|5:7|5:8|5:9
TIERING-OFF-QJ-OFF-QJFL-OFF,71,exact-v9-5-to-6mwe,20784,pressure,C2-MIXTURE-PREFIX,320,0,212,1|2|3|4|5,1:0|1:1|1:10|1:11|1:12|1:13|1:14|1:15|1:16|1:17|1:18|1:19|1:2|1:20|1:21|1:22|1:23|1:24|1:25|1:26|1:27|1:28|1:29|1:3|1:30|1:31|1:32|1:33|1:34|1:35|1:36|1:37|1:38|1:39|1:4|1:40|1:41|1:42|1:43|1:44|1:45|1:46|1:47|1:48|1:49|1:5|1:50|1:51|1:52|1:53|1:54|1:55|1:56|1:57|1:58|1:59|1:6|1:60|1:61|1:62|1:63|1:7|1:8|1:9|2:0|2:1|2:10|2:11|2:12|2:13|2:14|2:15|2:16|2:17|2:18|2:19|2:2|2:20|2:21|2:22|2:23|2:24|2:25|2:26|2:27|2:28|2:29|2:3|2:30|2:31|2:32|2:33|2:34|2:35|2:36|2:37|2:38|2:39|2:4|2:40|2:41|2:42|2:43|2:44|2:45|2:46|2:47|2:48|2:49|2:5|2:50|2:51|2:52|2:53|2:54|2:55|2:56|2:57|2:58|2:59|2:6|2:60|2:61|2:62|2:63|2:7|2:8|2:9|3:0|3:1|3:10|3:11|3:12|3:13|3:14|3:15|3:16|3:17|3:18|3:19|3:2|3:20|3:21|3:22|3:23|3:24|3:25|3:26|3:27|3:28|3:29|3:3|3:30|3:31|3:32|3:33|3:34|3:35|3:36|3:37|3:38|3:39|3:4|3:40|3:41|3:42|3:43|3:44|3:45|3:46|3:47|3:48|3:49|3:5|3:50|3:51|3:52|3:53|3:54|3:55|3:56|3:57|3:58|3:59|3:6|3:60|3:61|3:62|3:63|3:7|3:8|3:9|4:0|4:1|4:10|4:11|4:12|4:13|4:14|4:15|4:16|4:17|4:18|4:19|4:2|4:20|4:21|4:22|4:23|4:24|4:25|4:26|4:27|4:28|4:29|4:3|4:30|4:31|4:32|4:33|4:34|4:35|4:36|4:37|4:38|4:39|4:4|4:40|4:41|4:42|4:43|4:44|4:45|4:46|4:47|4:48|4:49|4:5|4:50|4:51|4:52|4:53|4:54|4:55|4:56|4:57|4:58|4:59|4:6|4:60|4:61|4:62|4:63|4:7|4:8|4:9|5:0|5:1|5:10|5:11|5:12|5:13|5:14|5:15|5:16|5:17|5:18|5:19|5:2|5:20|5:21|5:22|5:23|5:24|5:25|5:26|5:27|5:28|5:29|5:3|5:30|5:31|5:32|5:33|5:34|5:35|5:36|5:37|5:38|5:39|5:4|5:40|5:41|5:42|5:43|5:44|5:45|5:46|5:47|5:48|5:49|5:5|5:50|5:51|5:52|5:53|5:54|5:55|5:56|5:57|5:58|5:59|5:6|5:60|5:61|5:62|5:63|5:7|5:8|5:9
TIERING-OFF-QJ-OFF-QJFL-OFF,72,exact-v9-5-to-6mwe,20784,outlet,C2-MIXTURE-PREFIX,320,0,252,1|2|3|4|5,1:0|1:1|1:10|1:11|1:12|1:13|1:14|1:15|1:16|1:17|1:18|1:19|1:2|1:20|1:21|1:22|1:23|1:24|1:25|1:26|1:27|1:28|1:29|1:3|1:30|1:31|1:32|1:33|1:34|1:35|1:36|1:37|1:38|1:39|1:4|1:40|1:41|1:42|1:43|1:44|1:45|1:46|1:47|1:48|1:49|1:5|1:50|1:51|1:52|1:53|1:54|1:55|1:56|1:57|1:58|1:59|1:6|1:60|1:61|1:62|1:63|1:7|1:8|1:9|2:0|2:1|2:10|2:11|2:12|2:13|2:14|2:15|2:16|2:17|2:18|2:19|2:2|2:20|2:21|2:22|2:23|2:24|2:25|2:26|2:27|2:28|2:29|2:3|2:30|2:31|2:32|2:33|2:34|2:35|2:36|2:37|2:38|2:39|2:4|2:40|2:41|2:42|2:43|2:44|2:45|2:46|2:47|2:48|2:49|2:5|2:50|2:51|2:52|2:53|2:54|2:55|2:56|2:57|2:58|2:59|2:6|2:60|2:61|2:62|2:63|2:7|2:8|2:9|3:0|3:1|3:10|3:11|3:12|3:13|3:14|3:15|3:16|3:17|3:18|3:19|3:2|3:20|3:21|3:22|3:23|3:24|3:25|3:26|3:27|3:28|3:29|3:3|3:30|3:31|3:32|3:33|3:34|3:35|3:36|3:37|3:38|3:39|3:4|3:40|3:41|3:42|3:43|3:44|3:45|3:46|3:47|3:48|3:49|3:5|3:50|3:51|3:52|3:53|3:54|3:55|3:56|3:57|3:58|3:59|3:6|3:60|3:61|3:62|3:63|3:7|3:8|3:9|4:0|4:1|4:10|4:11|4:12|4:13|4:14|4:15|4:16|4:17|4:18|4:19|4:2|4:20|4:21|4:22|4:23|4:24|4:25|4:26|4:27|4:28|4:29|4:3|4:30|4:31|4:32|4:33|4:34|4:35|4:36|4:37|4:38|4:39|4:4|4:40|4:41|4:42|4:43|4:44|4:45|4:46|4:47|4:48|4:49|4:5|4:50|4:51|4:52|4:53|4:54|4:55|4:56|4:57|4:58|4:59|4:6|4:60|4:61|4:62|4:63|4:7|4:8|4:9|5:0|5:1|5:10|5:11|5:12|5:13|5:14|5:15|5:16|5:17|5:18|5:19|5:2|5:20|5:21|5:22|5:23|5:24|5:25|5:26|5:27|5:28|5:29|5:3|5:30|5:31|5:32|5:33|5:34|5:35|5:36|5:37|5:38|5:39|5:4|5:40|5:41|5:42|5:43|5:44|5:45|5:46|5:47|5:48|5:49|5:5|5:50|5:51|5:52|5:53|5:54|5:55|5:56|5:57|5:58|5:59|5:6|5:60|5:61|5:62|5:63|5:7|5:8|5:9
TIERING-OFF-QJ-OFF-QJFL-OFF,73,exact-v9-5-to-6mwe,20784,drum,C2-MIXTURE-PREFIX,320,0,343.9,1|2|3|4|5,1:0|1:1|1:10|1:11|1:12|1:13|1:14|1:15|1:16|1:17|1:18|1:19|1:2|1:20|1:21|1:22|1:23|1:24|1:25|1:26|1:27|1:28|1:29|1:3|1:30|1:31|1:32|1:33|1:34|1:35|1:36|1:37|1:38|1:39|1:4|1:40|1:41|1:42|1:43|1:44|1:45|1:46|1:47|1:48|1:49|1:5|1:50|1:51|1:52|1:53|1:54|1:55|1:56|1:57|1:58|1:59|1:6|1:60|1:61|1:62|1:63|1:7|1:8|1:9|2:0|2:1|2:10|2:11|2:12|2:13|2:14|2:15|2:16|2:17|2:18|2:19|2:2|2:20|2:21|2:22|2:23|2:24|2:25|2:26|2:27|2:28|2:29|2:3|2:30|2:31|2:32|2:33|2:34|2:35|2:36|2:37|2:38|2:39|2:4|2:40|2:41|2:42|2:43|2:44|2:45|2:46|2:47|2:48|2:49|2:5|2:50|2:51|2:52|2:53|2:54|2:55|2:56|2:57|2:58|2:59|2:6|2:60|2:61|2:62|2:63|2:7|2:8|2:9|3:0|3:1|3:10|3:11|3:12|3:13|3:14|3:15|3:16|3:17|3:18|3:19|3:2|3:20|3:21|3:22|3:23|3:24|3:25|3:26|3:27|3:28|3:29|3:3|3:30|3:31|3:32|3:33|3:34|3:35|3:36|3:37|3:38|3:39|3:4|3:40|3:41|3:42|3:43|3:44|3:45|3:46|3:47|3:48|3:49|3:5|3:50|3:51|3:52|3:53|3:54|3:55|3:56|3:57|3:58|3:59|3:6|3:60|3:61|3:62|3:63|3:7|3:8|3:9|4:0|4:1|4:10|4:11|4:12|4:13|4:14|4:15|4:16|4:17|4:18|4:19|4:2|4:20|4:21|4:22|4:23|4:24|4:25|4:26|4:27|4:28|4:29|4:3|4:30|4:31|4:32|4:33|4:34|4:35|4:36|4:37|4:38|4:39|4:4|4:40|4:41|4:42|4:43|4:44|4:45|4:46|4:47|4:48|4:49|4:5|4:50|4:51|4:52|4:53|4:54|4:55|4:56|4:57|4:58|4:59|4:6|4:60|4:61|4:62|4:63|4:7|4:8|4:9|5:0|5:1|5:10|5:11|5:12|5:13|5:14|5:15|5:16|5:17|5:18|5:19|5:2|5:20|5:21|5:22|5:23|5:24|5:25|5:26|5:27|5:28|5:29|5:3|5:30|5:31|5:32|5:33|5:34|5:35|5:36|5:37|5:38|5:39|5:4|5:40|5:41|5:42|5:43|5:44|5:45|5:46|5:47|5:48|5:49|5:5|5:50|5:51|5:52|5:53|5:54|5:55|5:56|5:57|5:58|5:59|5:6|5:60|5:61|5:62|5:63|5:7|5:8|5:9
TIERING-OFF-QJ-OFF-QJFL-OFF,74,exact-v9-5-to-6mwe,20784,feedwater-inventory,C2-MIXTURE-PREFIX,3,0,225.7,2|4,2:58|4:22|4:8
TIERING-OFF-QJ-OFF-QJFL-OFF,75,exact-v9-5-to-6mwe,26784,suction,C2-MIXTURE-PREFIX,320,0,305.4,1|2|3|4|5,1:0|1:1|1:10|1:11|1:12|1:13|1:14|1:15|1:16|1:17|1:18|1:19|1:2|1:20|1:21|1:22|1:23|1:24|1:25|1:26|1:27|1:28|1:29|1:3|1:30|1:31|1:32|1:33|1:34|1:35|1:36|1:37|1:38|1:39|1:4|1:40|1:41|1:42|1:43|1:44|1:45|1:46|1:47|1:48|1:49|1:5|1:50|1:51|1:52|1:53|1:54|1:55|1:56|1:57|1:58|1:59|1:6|1:60|1:61|1:62|1:63|1:7|1:8|1:9|2:0|2:1|2:10|2:11|2:12|2:13|2:14|2:15|2:16|2:17|2:18|2:19|2:2|2:20|2:21|2:22|2:23|2:24|2:25|2:26|2:27|2:28|2:29|2:3|2:30|2:31|2:32|2:33|2:34|2:35|2:36|2:37|2:38|2:39|2:4|2:40|2:41|2:42|2:43|2:44|2:45|2:46|2:47|2:48|2:49|2:5|2:50|2:51|2:52|2:53|2:54|2:55|2:56|2:57|2:58|2:59|2:6|2:60|2:61|2:62|2:63|2:7|2:8|2:9|3:0|3:1|3:10|3:11|3:12|3:13|3:14|3:15|3:16|3:17|3:18|3:19|3:2|3:20|3:21|3:22|3:23|3:24|3:25|3:26|3:27|3:28|3:29|3:3|3:30|3:31|3:32|3:33|3:34|3:35|3:36|3:37|3:38|3:39|3:4|3:40|3:41|3:42|3:43|3:44|3:45|3:46|3:47|3:48|3:49|3:5|3:50|3:51|3:52|3:53|3:54|3:55|3:56|3:57|3:58|3:59|3:6|3:60|3:61|3:62|3:63|3:7|3:8|3:9|4:0|4:1|4:10|4:11|4:12|4:13|4:14|4:15|4:16|4:17|4:18|4:19|4:2|4:20|4:21|4:22|4:23|4:24|4:25|4:26|4:27|4:28|4:29|4:3|4:30|4:31|4:32|4:33|4:34|4:35|4:36|4:37|4:38|4:39|4:4|4:40|4:41|4:42|4:43|4:44|4:45|4:46|4:47|4:48|4:49|4:5|4:50|4:51|4:52|4:53|4:54|4:55|4:56|4:57|4:58|4:59|4:6|4:60|4:61|4:62|4:63|4:7|4:8|4:9|5:0|5:1|5:10|5:11|5:12|5:13|5:14|5:15|5:16|5:17|5:18|5:19|5:2|5:20|5:21|5:22|5:23|5:24|5:25|5:26|5:27|5:28|5:29|5:3|5:30|5:31|5:32|5:33|5:34|5:35|5:36|5:37|5:38|5:39|5:4|5:40|5:41|5:42|5:43|5:44|5:45|5:46|5:47|5:48|5:49|5:5|5:50|5:51|5:52|5:53|5:54|5:55|5:56|5:57|5:58|5:59|5:6|5:60|5:61|5:62|5:63|5:7|5:8|5:9
TIERING-OFF-QJ-OFF-QJFL-OFF,76,exact-v9-5-to-6mwe,26784,pressure,C2-MIXTURE-PREFIX,320,0,256.9,1|2|3|4|5,1:0|1:1|1:10|1:11|1:12|1:13|1:14|1:15|1:16|1:17|1:18|1:19|1:2|1:20|1:21|1:22|1:23|1:24|1:25|1:26|1:27|1:28|1:29|1:3|1:30|1:31|1:32|1:33|1:34|1:35|1:36|1:37|1:38|1:39|1:4|1:40|1:41|1:42|1:43|1:44|1:45|1:46|1:47|1:48|1:49|1:5|1:50|1:51|1:52|1:53|1:54|1:55|1:56|1:57|1:58|1:59|1:6|1:60|1:61|1:62|1:63|1:7|1:8|1:9|2:0|2:1|2:10|2:11|2:12|2:13|2:14|2:15|2:16|2:17|2:18|2:19|2:2|2:20|2:21|2:22|2:23|2:24|2:25|2:26|2:27|2:28|2:29|2:3|2:30|2:31|2:32|2:33|2:34|2:35|2:36|2:37|2:38|2:39|2:4|2:40|2:41|2:42|2:43|2:44|2:45|2:46|2:47|2:48|2:49|2:5|2:50|2:51|2:52|2:53|2:54|2:55|2:56|2:57|2:58|2:59|2:6|2:60|2:61|2:62|2:63|2:7|2:8|2:9|3:0|3:1|3:10|3:11|3:12|3:13|3:14|3:15|3:16|3:17|3:18|3:19|3:2|3:20|3:21|3:22|3:23|3:24|3:25|3:26|3:27|3:28|3:29|3:3|3:30|3:31|3:32|3:33|3:34|3:35|3:36|3:37|3:38|3:39|3:4|3:40|3:41|3:42|3:43|3:44|3:45|3:46|3:47|3:48|3:49|3:5|3:50|3:51|3:52|3:53|3:54|3:55|3:56|3:57|3:58|3:59|3:6|3:60|3:61|3:62|3:63|3:7|3:8|3:9|4:0|4:1|4:10|4:11|4:12|4:13|4:14|4:15|4:16|4:17|4:18|4:19|4:2|4:20|4:21|4:22|4:23|4:24|4:25|4:26|4:27|4:28|4:29|4:3|4:30|4:31|4:32|4:33|4:34|4:35|4:36|4:37|4:38|4:39|4:4|4:40|4:41|4:42|4:43|4:44|4:45|4:46|4:47|4:48|4:49|4:5|4:50|4:51|4:52|4:53|4:54|4:55|4:56|4:57|4:58|4:59|4:6|4:60|4:61|4:62|4:63|4:7|4:8|4:9|5:0|5:1|5:10|5:11|5:12|5:13|5:14|5:15|5:16|5:17|5:18|5:19|5:2|5:20|5:21|5:22|5:23|5:24|5:25|5:26|5:27|5:28|5:29|5:3|5:30|5:31|5:32|5:33|5:34|5:35|5:36|5:37|5:38|5:39|5:4|5:40|5:41|5:42|5:43|5:44|5:45|5:46|5:47|5:48|5:49|5:5|5:50|5:51|5:52|5:53|5:54|5:55|5:56|5:57|5:58|5:59|5:6|5:60|5:61|5:62|5:63|5:7|5:8|5:9
TIERING-OFF-QJ-OFF-QJFL-OFF,77,exact-v9-5-to-6mwe,26784,outlet,C2-MIXTURE-PREFIX,320,0,210.3,1|2|3|4|5,1:0|1:1|1:10|1:11|1:12|1:13|1:14|1:15|1:16|1:17|1:18|1:19|1:2|1:20|1:21|1:22|1:23|1:24|1:25|1:26|1:27|1:28|1:29|1:3|1:30|1:31|1:32|1:33|1:34|1:35|1:36|1:37|1:38|1:39|1:4|1:40|1:41|1:42|1:43|1:44|1:45|1:46|1:47|1:48|1:49|1:5|1:50|1:51|1:52|1:53|1:54|1:55|1:56|1:57|1:58|1:59|1:6|1:60|1:61|1:62|1:63|1:7|1:8|1:9|2:0|2:1|2:10|2:11|2:12|2:13|2:14|2:15|2:16|2:17|2:18|2:19|2:2|2:20|2:21|2:22|2:23|2:24|2:25|2:26|2:27|2:28|2:29|2:3|2:30|2:31|2:32|2:33|2:34|2:35|2:36|2:37|2:38|2:39|2:4|2:40|2:41|2:42|2:43|2:44|2:45|2:46|2:47|2:48|2:49|2:5|2:50|2:51|2:52|2:53|2:54|2:55|2:56|2:57|2:58|2:59|2:6|2:60|2:61|2:62|2:63|2:7|2:8|2:9|3:0|3:1|3:10|3:11|3:12|3:13|3:14|3:15|3:16|3:17|3:18|3:19|3:2|3:20|3:21|3:22|3:23|3:24|3:25|3:26|3:27|3:28|3:29|3:3|3:30|3:31|3:32|3:33|3:34|3:35|3:36|3:37|3:38|3:39|3:4|3:40|3:41|3:42|3:43|3:44|3:45|3:46|3:47|3:48|3:49|3:5|3:50|3:51|3:52|3:53|3:54|3:55|3:56|3:57|3:58|3:59|3:6|3:60|3:61|3:62|3:63|3:7|3:8|3:9|4:0|4:1|4:10|4:11|4:12|4:13|4:14|4:15|4:16|4:17|4:18|4:19|4:2|4:20|4:21|4:22|4:23|4:24|4:25|4:26|4:27|4:28|4:29|4:3|4:30|4:31|4:32|4:33|4:34|4:35|4:36|4:37|4:38|4:39|4:4|4:40|4:41|4:42|4:43|4:44|4:45|4:46|4:47|4:48|4:49|4:5|4:50|4:51|4:52|4:53|4:54|4:55|4:56|4:57|4:58|4:59|4:6|4:60|4:61|4:62|4:63|4:7|4:8|4:9|5:0|5:1|5:10|5:11|5:12|5:13|5:14|5:15|5:16|5:17|5:18|5:19|5:2|5:20|5:21|5:22|5:23|5:24|5:25|5:26|5:27|5:28|5:29|5:3|5:30|5:31|5:32|5:33|5:34|5:35|5:36|5:37|5:38|5:39|5:4|5:40|5:41|5:42|5:43|5:44|5:45|5:46|5:47|5:48|5:49|5:5|5:50|5:51|5:52|5:53|5:54|5:55|5:56|5:57|5:58|5:59|5:6|5:60|5:61|5:62|5:63|5:7|5:8|5:9
TIERING-OFF-QJ-OFF-QJFL-OFF,78,exact-v9-5-to-6mwe,26784,drum,C2-MIXTURE-PREFIX,320,0,262.3,1|2|3|4|5,1:0|1:1|1:10|1:11|1:12|1:13|1:14|1:15|1:16|1:17|1:18|1:19|1:2|1:20|1:21|1:22|1:23|1:24|1:25|1:26|1:27|1:28|1:29|1:3|1:30|1:31|1:32|1:33|1:34|1:35|1:36|1:37|1:38|1:39|1:4|1:40|1:41|1:42|1:43|1:44|1:45|1:46|1:47|1:48|1:49|1:5|1:50|1:51|1:52|1:53|1:54|1:55|1:56|1:57|1:58|1:59|1:6|1:60|1:61|1:62|1:63|1:7|1:8|1:9|2:0|2:1|2:10|2:11|2:12|2:13|2:14|2:15|2:16|2:17|2:18|2:19|2:2|2:20|2:21|2:22|2:23|2:24|2:25|2:26|2:27|2:28|2:29|2:3|2:30|2:31|2:32|2:33|2:34|2:35|2:36|2:37|2:38|2:39|2:4|2:40|2:41|2:42|2:43|2:44|2:45|2:46|2:47|2:48|2:49|2:5|2:50|2:51|2:52|2:53|2:54|2:55|2:56|2:57|2:58|2:59|2:6|2:60|2:61|2:62|2:63|2:7|2:8|2:9|3:0|3:1|3:10|3:11|3:12|3:13|3:14|3:15|3:16|3:17|3:18|3:19|3:2|3:20|3:21|3:22|3:23|3:24|3:25|3:26|3:27|3:28|3:29|3:3|3:30|3:31|3:32|3:33|3:34|3:35|3:36|3:37|3:38|3:39|3:4|3:40|3:41|3:42|3:43|3:44|3:45|3:46|3:47|3:48|3:49|3:5|3:50|3:51|3:52|3:53|3:54|3:55|3:56|3:57|3:58|3:59|3:6|3:60|3:61|3:62|3:63|3:7|3:8|3:9|4:0|4:1|4:10|4:11|4:12|4:13|4:14|4:15|4:16|4:17|4:18|4:19|4:2|4:20|4:21|4:22|4:23|4:24|4:25|4:26|4:27|4:28|4:29|4:3|4:30|4:31|4:32|4:33|4:34|4:35|4:36|4:37|4:38|4:39|4:4|4:40|4:41|4:42|4:43|4:44|4:45|4:46|4:47|4:48|4:49|4:5|4:50|4:51|4:52|4:53|4:54|4:55|4:56|4:57|4:58|4:59|4:6|4:60|4:61|4:62|4:63|4:7|4:8|4:9|5:0|5:1|5:10|5:11|5:12|5:13|5:14|5:15|5:16|5:17|5:18|5:19|5:2|5:20|5:21|5:22|5:23|5:24|5:25|5:26|5:27|5:28|5:29|5:3|5:30|5:31|5:32|5:33|5:34|5:35|5:36|5:37|5:38|5:39|5:4|5:40|5:41|5:42|5:43|5:44|5:45|5:46|5:47|5:48|5:49|5:5|5:50|5:51|5:52|5:53|5:54|5:55|5:56|5:57|5:58|5:59|5:6|5:60|5:61|5:62|5:63|5:7|5:8|5:9
TIERING-OFF-QJ-OFF-QJFL-OFF,8,background-reference,6000,drum,C2-MIXTURE-PREFIX,320,0,227.8,1|2|3|4|5,1:0|1:1|1:10|1:11|1:12|1:13|1:14|1:15|1:16|1:17|1:18|1:19|1:2|1:20|1:21|1:22|1:23|1:24|1:25|1:26|1:27|1:28|1:29|1:3|1:30|1:31|1:32|1:33|1:34|1:35|1:36|1:37|1:38|1:39|1:4|1:40|1:41|1:42|1:43|1:44|1:45|1:46|1:47|1:48|1:49|1:5|1:50|1:51|1:52|1:53|1:54|1:55|1:56|1:57|1:58|1:59|1:6|1:60|1:61|1:62|1:63|1:7|1:8|1:9|2:0|2:1|2:10|2:11|2:12|2:13|2:14|2:15|2:16|2:17|2:18|2:19|2:2|2:20|2:21|2:22|2:23|2:24|2:25|2:26|2:27|2:28|2:29|2:3|2:30|2:31|2:32|2:33|2:34|2:35|2:36|2:37|2:38|2:39|2:4|2:40|2:41|2:42|2:43|2:44|2:45|2:46|2:47|2:48|2:49|2:5|2:50|2:51|2:52|2:53|2:54|2:55|2:56|2:57|2:58|2:59|2:6|2:60|2:61|2:62|2:63|2:7|2:8|2:9|3:0|3:1|3:10|3:11|3:12|3:13|3:14|3:15|3:16|3:17|3:18|3:19|3:2|3:20|3:21|3:22|3:23|3:24|3:25|3:26|3:27|3:28|3:29|3:3|3:30|3:31|3:32|3:33|3:34|3:35|3:36|3:37|3:38|3:39|3:4|3:40|3:41|3:42|3:43|3:44|3:45|3:46|3:47|3:48|3:49|3:5|3:50|3:51|3:52|3:53|3:54|3:55|3:56|3:57|3:58|3:59|3:6|3:60|3:61|3:62|3:63|3:7|3:8|3:9|4:0|4:1|4:10|4:11|4:12|4:13|4:14|4:15|4:16|4:17|4:18|4:19|4:2|4:20|4:21|4:22|4:23|4:24|4:25|4:26|4:27|4:28|4:29|4:3|4:30|4:31|4:32|4:33|4:34|4:35|4:36|4:37|4:38|4:39|4:4|4:40|4:41|4:42|4:43|4:44|4:45|4:46|4:47|4:48|4:49|4:5|4:50|4:51|4:52|4:53|4:54|4:55|4:56|4:57|4:58|4:59|4:6|4:60|4:61|4:62|4:63|4:7|4:8|4:9|5:0|5:1|5:10|5:11|5:12|5:13|5:14|5:15|5:16|5:17|5:18|5:19|5:2|5:20|5:21|5:22|5:23|5:24|5:25|5:26|5:27|5:28|5:29|5:3|5:30|5:31|5:32|5:33|5:34|5:35|5:36|5:37|5:38|5:39|5:4|5:40|5:41|5:42|5:43|5:44|5:45|5:46|5:47|5:48|5:49|5:5|5:50|5:51|5:52|5:53|5:54|5:55|5:56|5:57|5:58|5:59|5:6|5:60|5:61|5:62|5:63|5:7|5:8|5:9
TIERING-OFF-QJ-OFF-QJFL-OFF,80,exact-v9-5-to-6mwe,32784,suction,C2-MIXTURE-PREFIX,320,0,263.2,1|2|3|4|5,1:0|1:1|1:10|1:11|1:12|1:13|1:14|1:15|1:16|1:17|1:18|1:19|1:2|1:20|1:21|1:22|1:23|1:24|1:25|1:26|1:27|1:28|1:29|1:3|1:30|1:31|1:32|1:33|1:34|1:35|1:36|1:37|1:38|1:39|1:4|1:40|1:41|1:42|1:43|1:44|1:45|1:46|1:47|1:48|1:49|1:5|1:50|1:51|1:52|1:53|1:54|1:55|1:56|1:57|1:58|1:59|1:6|1:60|1:61|1:62|1:63|1:7|1:8|1:9|2:0|2:1|2:10|2:11|2:12|2:13|2:14|2:15|2:16|2:17|2:18|2:19|2:2|2:20|2:21|2:22|2:23|2:24|2:25|2:26|2:27|2:28|2:29|2:3|2:30|2:31|2:32|2:33|2:34|2:35|2:36|2:37|2:38|2:39|2:4|2:40|2:41|2:42|2:43|2:44|2:45|2:46|2:47|2:48|2:49|2:5|2:50|2:51|2:52|2:53|2:54|2:55|2:56|2:57|2:58|2:59|2:6|2:60|2:61|2:62|2:63|2:7|2:8|2:9|3:0|3:1|3:10|3:11|3:12|3:13|3:14|3:15|3:16|3:17|3:18|3:19|3:2|3:20|3:21|3:22|3:23|3:24|3:25|3:26|3:27|3:28|3:29|3:3|3:30|3:31|3:32|3:33|3:34|3:35|3:36|3:37|3:38|3:39|3:4|3:40|3:41|3:42|3:43|3:44|3:45|3:46|3:47|3:48|3:49|3:5|3:50|3:51|3:52|3:53|3:54|3:55|3:56|3:57|3:58|3:59|3:6|3:60|3:61|3:62|3:63|3:7|3:8|3:9|4:0|4:1|4:10|4:11|4:12|4:13|4:14|4:15|4:16|4:17|4:18|4:19|4:2|4:20|4:21|4:22|4:23|4:24|4:25|4:26|4:27|4:28|4:29|4:3|4:30|4:31|4:32|4:33|4:34|4:35|4:36|4:37|4:38|4:39|4:4|4:40|4:41|4:42|4:43|4:44|4:45|4:46|4:47|4:48|4:49|4:5|4:50|4:51|4:52|4:53|4:54|4:55|4:56|4:57|4:58|4:59|4:6|4:60|4:61|4:62|4:63|4:7|4:8|4:9|5:0|5:1|5:10|5:11|5:12|5:13|5:14|5:15|5:16|5:17|5:18|5:19|5:2|5:20|5:21|5:22|5:23|5:24|5:25|5:26|5:27|5:28|5:29|5:3|5:30|5:31|5:32|5:33|5:34|5:35|5:36|5:37|5:38|5:39|5:4|5:40|5:41|5:42|5:43|5:44|5:45|5:46|5:47|5:48|5:49|5:5|5:50|5:51|5:52|5:53|5:54|5:55|5:56|5:57|5:58|5:59|5:6|5:60|5:61|5:62|5:63|5:7|5:8|5:9
TIERING-OFF-QJ-OFF-QJFL-OFF,81,exact-v9-5-to-6mwe,32784,pressure,C2-MIXTURE-PREFIX,320,0,374.4,1|2|3|4|5,1:0|1:1|1:10|1:11|1:12|1:13|1:14|1:15|1:16|1:17|1:18|1:19|1:2|1:20|1:21|1:22|1:23|1:24|1:25|1:26|1:27|1:28|1:29|1:3|1:30|1:31|1:32|1:33|1:34|1:35|1:36|1:37|1:38|1:39|1:4|1:40|1:41|1:42|1:43|1:44|1:45|1:46|1:47|1:48|1:49|1:5|1:50|1:51|1:52|1:53|1:54|1:55|1:56|1:57|1:58|1:59|1:6|1:60|1:61|1:62|1:63|1:7|1:8|1:9|2:0|2:1|2:10|2:11|2:12|2:13|2:14|2:15|2:16|2:17|2:18|2:19|2:2|2:20|2:21|2:22|2:23|2:24|2:25|2:26|2:27|2:28|2:29|2:3|2:30|2:31|2:32|2:33|2:34|2:35|2:36|2:37|2:38|2:39|2:4|2:40|2:41|2:42|2:43|2:44|2:45|2:46|2:47|2:48|2:49|2:5|2:50|2:51|2:52|2:53|2:54|2:55|2:56|2:57|2:58|2:59|2:6|2:60|2:61|2:62|2:63|2:7|2:8|2:9|3:0|3:1|3:10|3:11|3:12|3:13|3:14|3:15|3:16|3:17|3:18|3:19|3:2|3:20|3:21|3:22|3:23|3:24|3:25|3:26|3:27|3:28|3:29|3:3|3:30|3:31|3:32|3:33|3:34|3:35|3:36|3:37|3:38|3:39|3:4|3:40|3:41|3:42|3:43|3:44|3:45|3:46|3:47|3:48|3:49|3:5|3:50|3:51|3:52|3:53|3:54|3:55|3:56|3:57|3:58|3:59|3:6|3:60|3:61|3:62|3:63|3:7|3:8|3:9|4:0|4:1|4:10|4:11|4:12|4:13|4:14|4:15|4:16|4:17|4:18|4:19|4:2|4:20|4:21|4:22|4:23|4:24|4:25|4:26|4:27|4:28|4:29|4:3|4:30|4:31|4:32|4:33|4:34|4:35|4:36|4:37|4:38|4:39|4:4|4:40|4:41|4:42|4:43|4:44|4:45|4:46|4:47|4:48|4:49|4:5|4:50|4:51|4:52|4:53|4:54|4:55|4:56|4:57|4:58|4:59|4:6|4:60|4:61|4:62|4:63|4:7|4:8|4:9|5:0|5:1|5:10|5:11|5:12|5:13|5:14|5:15|5:16|5:17|5:18|5:19|5:2|5:20|5:21|5:22|5:23|5:24|5:25|5:26|5:27|5:28|5:29|5:3|5:30|5:31|5:32|5:33|5:34|5:35|5:36|5:37|5:38|5:39|5:4|5:40|5:41|5:42|5:43|5:44|5:45|5:46|5:47|5:48|5:49|5:5|5:50|5:51|5:52|5:53|5:54|5:55|5:56|5:57|5:58|5:59|5:6|5:60|5:61|5:62|5:63|5:7|5:8|5:9
TIERING-OFF-QJ-OFF-QJFL-OFF,82,exact-v9-5-to-6mwe,32784,outlet,C2-MIXTURE-PREFIX,320,0,342.7,1|2|3|4|5,1:0|1:1|1:10|1:11|1:12|1:13|1:14|1:15|1:16|1:17|1:18|1:19|1:2|1:20|1:21|1:22|1:23|1:24|1:25|1:26|1:27|1:28|1:29|1:3|1:30|1:31|1:32|1:33|1:34|1:35|1:36|1:37|1:38|1:39|1:4|1:40|1:41|1:42|1:43|1:44|1:45|1:46|1:47|1:48|1:49|1:5|1:50|1:51|1:52|1:53|1:54|1:55|1:56|1:57|1:58|1:59|1:6|1:60|1:61|1:62|1:63|1:7|1:8|1:9|2:0|2:1|2:10|2:11|2:12|2:13|2:14|2:15|2:16|2:17|2:18|2:19|2:2|2:20|2:21|2:22|2:23|2:24|2:25|2:26|2:27|2:28|2:29|2:3|2:30|2:31|2:32|2:33|2:34|2:35|2:36|2:37|2:38|2:39|2:4|2:40|2:41|2:42|2:43|2:44|2:45|2:46|2:47|2:48|2:49|2:5|2:50|2:51|2:52|2:53|2:54|2:55|2:56|2:57|2:58|2:59|2:6|2:60|2:61|2:62|2:63|2:7|2:8|2:9|3:0|3:1|3:10|3:11|3:12|3:13|3:14|3:15|3:16|3:17|3:18|3:19|3:2|3:20|3:21|3:22|3:23|3:24|3:25|3:26|3:27|3:28|3:29|3:3|3:30|3:31|3:32|3:33|3:34|3:35|3:36|3:37|3:38|3:39|3:4|3:40|3:41|3:42|3:43|3:44|3:45|3:46|3:47|3:48|3:49|3:5|3:50|3:51|3:52|3:53|3:54|3:55|3:56|3:57|3:58|3:59|3:6|3:60|3:61|3:62|3:63|3:7|3:8|3:9|4:0|4:1|4:10|4:11|4:12|4:13|4:14|4:15|4:16|4:17|4:18|4:19|4:2|4:20|4:21|4:22|4:23|4:24|4:25|4:26|4:27|4:28|4:29|4:3|4:30|4:31|4:32|4:33|4:34|4:35|4:36|4:37|4:38|4:39|4:4|4:40|4:41|4:42|4:43|4:44|4:45|4:46|4:47|4:48|4:49|4:5|4:50|4:51|4:52|4:53|4:54|4:55|4:56|4:57|4:58|4:59|4:6|4:60|4:61|4:62|4:63|4:7|4:8|4:9|5:0|5:1|5:10|5:11|5:12|5:13|5:14|5:15|5:16|5:17|5:18|5:19|5:2|5:20|5:21|5:22|5:23|5:24|5:25|5:26|5:27|5:28|5:29|5:3|5:30|5:31|5:32|5:33|5:34|5:35|5:36|5:37|5:38|5:39|5:4|5:40|5:41|5:42|5:43|5:44|5:45|5:46|5:47|5:48|5:49|5:5|5:50|5:51|5:52|5:53|5:54|5:55|5:56|5:57|5:58|5:59|5:6|5:60|5:61|5:62|5:63|5:7|5:8|5:9
TIERING-OFF-QJ-OFF-QJFL-OFF,83,exact-v9-5-to-6mwe,32784,drum,C2-MIXTURE-PREFIX,320,0,196.9,1|2|3|4|5,1:0|1:1|1:10|1:11|1:12|1:13|1:14|1:15|1:16|1:17|1:18|1:19|1:2|1:20|1:21|1:22|1:23|1:24|1:25|1:26|1:27|1:28|1:29|1:3|1:30|1:31|1:32|1:33|1:34|1:35|1:36|1:37|1:38|1:39|1:4|1:40|1:41|1:42|1:43|1:44|1:45|1:46|1:47|1:48|1:49|1:5|1:50|1:51|1:52|1:53|1:54|1:55|1:56|1:57|1:58|1:59|1:6|1:60|1:61|1:62|1:63|1:7|1:8|1:9|2:0|2:1|2:10|2:11|2:12|2:13|2:14|2:15|2:16|2:17|2:18|2:19|2:2|2:20|2:21|2:22|2:23|2:24|2:25|2:26|2:27|2:28|2:29|2:3|2:30|2:31|2:32|2:33|2:34|2:35|2:36|2:37|2:38|2:39|2:4|2:40|2:41|2:42|2:43|2:44|2:45|2:46|2:47|2:48|2:49|2:5|2:50|2:51|2:52|2:53|2:54|2:55|2:56|2:57|2:58|2:59|2:6|2:60|2:61|2:62|2:63|2:7|2:8|2:9|3:0|3:1|3:10|3:11|3:12|3:13|3:14|3:15|3:16|3:17|3:18|3:19|3:2|3:20|3:21|3:22|3:23|3:24|3:25|3:26|3:27|3:28|3:29|3:3|3:30|3:31|3:32|3:33|3:34|3:35|3:36|3:37|3:38|3:39|3:4|3:40|3:41|3:42|3:43|3:44|3:45|3:46|3:47|3:48|3:49|3:5|3:50|3:51|3:52|3:53|3:54|3:55|3:56|3:57|3:58|3:59|3:6|3:60|3:61|3:62|3:63|3:7|3:8|3:9|4:0|4:1|4:10|4:11|4:12|4:13|4:14|4:15|4:16|4:17|4:18|4:19|4:2|4:20|4:21|4:22|4:23|4:24|4:25|4:26|4:27|4:28|4:29|4:3|4:30|4:31|4:32|4:33|4:34|4:35|4:36|4:37|4:38|4:39|4:4|4:40|4:41|4:42|4:43|4:44|4:45|4:46|4:47|4:48|4:49|4:5|4:50|4:51|4:52|4:53|4:54|4:55|4:56|4:57|4:58|4:59|4:6|4:60|4:61|4:62|4:63|4:7|4:8|4:9|5:0|5:1|5:10|5:11|5:12|5:13|5:14|5:15|5:16|5:17|5:18|5:19|5:2|5:20|5:21|5:22|5:23|5:24|5:25|5:26|5:27|5:28|5:29|5:3|5:30|5:31|5:32|5:33|5:34|5:35|5:36|5:37|5:38|5:39|5:4|5:40|5:41|5:42|5:43|5:44|5:45|5:46|5:47|5:48|5:49|5:5|5:50|5:51|5:52|5:53|5:54|5:55|5:56|5:57|5:58|5:59|5:6|5:60|5:61|5:62|5:63|5:7|5:8|5:9
TIERING-OFF-QJ-OFF-QJFL-OFF,84,exact-v9-5-to-6mwe,32784,feedwater-inventory,C2-MIXTURE-PREFIX,1,0,130.5,5,5:47
TIERING-OFF-QJ-OFF-QJFL-OFF,85,exact-v9-5-to-6mwe,38784,suction,C2-MIXTURE-PREFIX,320,0,286.3,1|2|3|4|5,1:0|1:1|1:10|1:11|1:12|1:13|1:14|1:15|1:16|1:17|1:18|1:19|1:2|1:20|1:21|1:22|1:23|1:24|1:25|1:26|1:27|1:28|1:29|1:3|1:30|1:31|1:32|1:33|1:34|1:35|1:36|1:37|1:38|1:39|1:4|1:40|1:41|1:42|1:43|1:44|1:45|1:46|1:47|1:48|1:49|1:5|1:50|1:51|1:52|1:53|1:54|1:55|1:56|1:57|1:58|1:59|1:6|1:60|1:61|1:62|1:63|1:7|1:8|1:9|2:0|2:1|2:10|2:11|2:12|2:13|2:14|2:15|2:16|2:17|2:18|2:19|2:2|2:20|2:21|2:22|2:23|2:24|2:25|2:26|2:27|2:28|2:29|2:3|2:30|2:31|2:32|2:33|2:34|2:35|2:36|2:37|2:38|2:39|2:4|2:40|2:41|2:42|2:43|2:44|2:45|2:46|2:47|2:48|2:49|2:5|2:50|2:51|2:52|2:53|2:54|2:55|2:56|2:57|2:58|2:59|2:6|2:60|2:61|2:62|2:63|2:7|2:8|2:9|3:0|3:1|3:10|3:11|3:12|3:13|3:14|3:15|3:16|3:17|3:18|3:19|3:2|3:20|3:21|3:22|3:23|3:24|3:25|3:26|3:27|3:28|3:29|3:3|3:30|3:31|3:32|3:33|3:34|3:35|3:36|3:37|3:38|3:39|3:4|3:40|3:41|3:42|3:43|3:44|3:45|3:46|3:47|3:48|3:49|3:5|3:50|3:51|3:52|3:53|3:54|3:55|3:56|3:57|3:58|3:59|3:6|3:60|3:61|3:62|3:63|3:7|3:8|3:9|4:0|4:1|4:10|4:11|4:12|4:13|4:14|4:15|4:16|4:17|4:18|4:19|4:2|4:20|4:21|4:22|4:23|4:24|4:25|4:26|4:27|4:28|4:29|4:3|4:30|4:31|4:32|4:33|4:34|4:35|4:36|4:37|4:38|4:39|4:4|4:40|4:41|4:42|4:43|4:44|4:45|4:46|4:47|4:48|4:49|4:5|4:50|4:51|4:52|4:53|4:54|4:55|4:56|4:57|4:58|4:59|4:6|4:60|4:61|4:62|4:63|4:7|4:8|4:9|5:0|5:1|5:10|5:11|5:12|5:13|5:14|5:15|5:16|5:17|5:18|5:19|5:2|5:20|5:21|5:22|5:23|5:24|5:25|5:26|5:27|5:28|5:29|5:3|5:30|5:31|5:32|5:33|5:34|5:35|5:36|5:37|5:38|5:39|5:4|5:40|5:41|5:42|5:43|5:44|5:45|5:46|5:47|5:48|5:49|5:5|5:50|5:51|5:52|5:53|5:54|5:55|5:56|5:57|5:58|5:59|5:6|5:60|5:61|5:62|5:63|5:7|5:8|5:9
TIERING-OFF-QJ-OFF-QJFL-OFF,86,exact-v9-5-to-6mwe,38784,pressure,C2-MIXTURE-PREFIX,320,1,429.4,1|2|3|4|5,1:0|1:1|1:10|1:11|1:12|1:13|1:14|1:15|1:16|1:17|1:18|1:19|1:2|1:20|1:21|1:22|1:23|1:24|1:25|1:26|1:27|1:28|1:29|1:3|1:30|1:31|1:32|1:33|1:34|1:35|1:36|1:37|1:38|1:39|1:4|1:40|1:41|1:42|1:43|1:44|1:45|1:46|1:47|1:48|1:49|1:5|1:50|1:51|1:52|1:53|1:54|1:55|1:56|1:57|1:58|1:59|1:6|1:60|1:61|1:62|1:63|1:7|1:8|1:9|2:0|2:1|2:10|2:11|2:12|2:13|2:14|2:15|2:16|2:17|2:18|2:19|2:2|2:20|2:21|2:22|2:23|2:24|2:25|2:26|2:27|2:28|2:29|2:3|2:30|2:31|2:32|2:33|2:34|2:35|2:36|2:37|2:38|2:39|2:4|2:40|2:41|2:42|2:43|2:44|2:45|2:46|2:47|2:48|2:49|2:5|2:50|2:51|2:52|2:53|2:54|2:55|2:56|2:57|2:58|2:59|2:6|2:60|2:61|2:62|2:63|2:7|2:8|2:9|3:0|3:1|3:10|3:11|3:12|3:13|3:14|3:15|3:16|3:17|3:18|3:19|3:2|3:20|3:21|3:22|3:23|3:24|3:25|3:26|3:27|3:28|3:29|3:3|3:30|3:31|3:32|3:33|3:34|3:35|3:36|3:37|3:38|3:39|3:4|3:40|3:41|3:42|3:43|3:44|3:45|3:46|3:47|3:48|3:49|3:5|3:50|3:51|3:52|3:53|3:54|3:55|3:56|3:57|3:58|3:59|3:6|3:60|3:61|3:62|3:63|3:7|3:8|3:9|4:0|4:1|4:10|4:11|4:12|4:13|4:14|4:15|4:16|4:17|4:18|4:19|4:2|4:20|4:21|4:22|4:23|4:24|4:25|4:26|4:27|4:28|4:29|4:3|4:30|4:31|4:32|4:33|4:34|4:35|4:36|4:37|4:38|4:39|4:4|4:40|4:41|4:42|4:43|4:44|4:45|4:46|4:47|4:48|4:49|4:5|4:50|4:51|4:52|4:53|4:54|4:55|4:56|4:57|4:58|4:59|4:6|4:60|4:61|4:62|4:63|4:7|4:8|4:9|5:0|5:1|5:10|5:11|5:12|5:13|5:14|5:15|5:16|5:17|5:18|5:19|5:2|5:20|5:21|5:22|5:23|5:24|5:25|5:26|5:27|5:28|5:29|5:3|5:30|5:31|5:32|5:33|5:34|5:35|5:36|5:37|5:38|5:39|5:4|5:40|5:41|5:42|5:43|5:44|5:45|5:46|5:47|5:48|5:49|5:5|5:50|5:51|5:52|5:53|5:54|5:55|5:56|5:57|5:58|5:59|5:6|5:60|5:61|5:62|5:63|5:7|5:8|5:9
TIERING-OFF-QJ-OFF-QJFL-OFF,87,exact-v9-5-to-6mwe,38784,outlet,C2-MIXTURE-PREFIX,320,0,281,1|2|3|4|5,1:0|1:1|1:10|1:11|1:12|1:13|1:14|1:15|1:16|1:17|1:18|1:19|1:2|1:20|1:21|1:22|1:23|1:24|1:25|1:26|1:27|1:28|1:29|1:3|1:30|1:31|1:32|1:33|1:34|1:35|1:36|1:37|1:38|1:39|1:4|1:40|1:41|1:42|1:43|1:44|1:45|1:46|1:47|1:48|1:49|1:5|1:50|1:51|1:52|1:53|1:54|1:55|1:56|1:57|1:58|1:59|1:6|1:60|1:61|1:62|1:63|1:7|1:8|1:9|2:0|2:1|2:10|2:11|2:12|2:13|2:14|2:15|2:16|2:17|2:18|2:19|2:2|2:20|2:21|2:22|2:23|2:24|2:25|2:26|2:27|2:28|2:29|2:3|2:30|2:31|2:32|2:33|2:34|2:35|2:36|2:37|2:38|2:39|2:4|2:40|2:41|2:42|2:43|2:44|2:45|2:46|2:47|2:48|2:49|2:5|2:50|2:51|2:52|2:53|2:54|2:55|2:56|2:57|2:58|2:59|2:6|2:60|2:61|2:62|2:63|2:7|2:8|2:9|3:0|3:1|3:10|3:11|3:12|3:13|3:14|3:15|3:16|3:17|3:18|3:19|3:2|3:20|3:21|3:22|3:23|3:24|3:25|3:26|3:27|3:28|3:29|3:3|3:30|3:31|3:32|3:33|3:34|3:35|3:36|3:37|3:38|3:39|3:4|3:40|3:41|3:42|3:43|3:44|3:45|3:46|3:47|3:48|3:49|3:5|3:50|3:51|3:52|3:53|3:54|3:55|3:56|3:57|3:58|3:59|3:6|3:60|3:61|3:62|3:63|3:7|3:8|3:9|4:0|4:1|4:10|4:11|4:12|4:13|4:14|4:15|4:16|4:17|4:18|4:19|4:2|4:20|4:21|4:22|4:23|4:24|4:25|4:26|4:27|4:28|4:29|4:3|4:30|4:31|4:32|4:33|4:34|4:35|4:36|4:37|4:38|4:39|4:4|4:40|4:41|4:42|4:43|4:44|4:45|4:46|4:47|4:48|4:49|4:5|4:50|4:51|4:52|4:53|4:54|4:55|4:56|4:57|4:58|4:59|4:6|4:60|4:61|4:62|4:63|4:7|4:8|4:9|5:0|5:1|5:10|5:11|5:12|5:13|5:14|5:15|5:16|5:17|5:18|5:19|5:2|5:20|5:21|5:22|5:23|5:24|5:25|5:26|5:27|5:28|5:29|5:3|5:30|5:31|5:32|5:33|5:34|5:35|5:36|5:37|5:38|5:39|5:4|5:40|5:41|5:42|5:43|5:44|5:45|5:46|5:47|5:48|5:49|5:5|5:50|5:51|5:52|5:53|5:54|5:55|5:56|5:57|5:58|5:59|5:6|5:60|5:61|5:62|5:63|5:7|5:8|5:9
TIERING-OFF-QJ-OFF-QJFL-OFF,88,exact-v9-5-to-6mwe,38784,drum,C2-MIXTURE-PREFIX,320,1,525.1,1|2|3|4|5,1:0|1:1|1:10|1:11|1:12|1:13|1:14|1:15|1:16|1:17|1:18|1:19|1:2|1:20|1:21|1:22|1:23|1:24|1:25|1:26|1:27|1:28|1:29|1:3|1:30|1:31|1:32|1:33|1:34|1:35|1:36|1:37|1:38|1:39|1:4|1:40|1:41|1:42|1:43|1:44|1:45|1:46|1:47|1:48|1:49|1:5|1:50|1:51|1:52|1:53|1:54|1:55|1:56|1:57|1:58|1:59|1:6|1:60|1:61|1:62|1:63|1:7|1:8|1:9|2:0|2:1|2:10|2:11|2:12|2:13|2:14|2:15|2:16|2:17|2:18|2:19|2:2|2:20|2:21|2:22|2:23|2:24|2:25|2:26|2:27|2:28|2:29|2:3|2:30|2:31|2:32|2:33|2:34|2:35|2:36|2:37|2:38|2:39|2:4|2:40|2:41|2:42|2:43|2:44|2:45|2:46|2:47|2:48|2:49|2:5|2:50|2:51|2:52|2:53|2:54|2:55|2:56|2:57|2:58|2:59|2:6|2:60|2:61|2:62|2:63|2:7|2:8|2:9|3:0|3:1|3:10|3:11|3:12|3:13|3:14|3:15|3:16|3:17|3:18|3:19|3:2|3:20|3:21|3:22|3:23|3:24|3:25|3:26|3:27|3:28|3:29|3:3|3:30|3:31|3:32|3:33|3:34|3:35|3:36|3:37|3:38|3:39|3:4|3:40|3:41|3:42|3:43|3:44|3:45|3:46|3:47|3:48|3:49|3:5|3:50|3:51|3:52|3:53|3:54|3:55|3:56|3:57|3:58|3:59|3:6|3:60|3:61|3:62|3:63|3:7|3:8|3:9|4:0|4:1|4:10|4:11|4:12|4:13|4:14|4:15|4:16|4:17|4:18|4:19|4:2|4:20|4:21|4:22|4:23|4:24|4:25|4:26|4:27|4:28|4:29|4:3|4:30|4:31|4:32|4:33|4:34|4:35|4:36|4:37|4:38|4:39|4:4|4:40|4:41|4:42|4:43|4:44|4:45|4:46|4:47|4:48|4:49|4:5|4:50|4:51|4:52|4:53|4:54|4:55|4:56|4:57|4:58|4:59|4:6|4:60|4:61|4:62|4:63|4:7|4:8|4:9|5:0|5:1|5:10|5:11|5:12|5:13|5:14|5:15|5:16|5:17|5:18|5:19|5:2|5:20|5:21|5:22|5:23|5:24|5:25|5:26|5:27|5:28|5:29|5:3|5:30|5:31|5:32|5:33|5:34|5:35|5:36|5:37|5:38|5:39|5:4|5:40|5:41|5:42|5:43|5:44|5:45|5:46|5:47|5:48|5:49|5:5|5:50|5:51|5:52|5:53|5:54|5:55|5:56|5:57|5:58|5:59|5:6|5:60|5:61|5:62|5:63|5:7|5:8|5:9
TIERING-OFF-QJ-OFF-QJFL-OFF,89,exact-v9-5-to-6mwe,38784,feedwater-inventory,C2-MIXTURE-PREFIX,1,0,116.3,3,3:14
TIERING-OFF-QJ-OFF-QJFL-OFF,9,background-reference,6000,feedwater-inventory,C2-NEAR-BOUNDARY-LIQUID-PREFIX,3,0,129.7,2|4|5,2:60|4:36|5:3
TIERING-OFF-QJ-OFF-QJFL-OFF,90,exact-v9-5-to-6mwe,44784,suction,C2-MIXTURE-PREFIX,320,0,178.8,1|2|3|4|5,1:0|1:1|1:10|1:11|1:12|1:13|1:14|1:15|1:16|1:17|1:18|1:19|1:2|1:20|1:21|1:22|1:23|1:24|1:25|1:26|1:27|1:28|1:29|1:3|1:30|1:31|1:32|1:33|1:34|1:35|1:36|1:37|1:38|1:39|1:4|1:40|1:41|1:42|1:43|1:44|1:45|1:46|1:47|1:48|1:49|1:5|1:50|1:51|1:52|1:53|1:54|1:55|1:56|1:57|1:58|1:59|1:6|1:60|1:61|1:62|1:63|1:7|1:8|1:9|2:0|2:1|2:10|2:11|2:12|2:13|2:14|2:15|2:16|2:17|2:18|2:19|2:2|2:20|2:21|2:22|2:23|2:24|2:25|2:26|2:27|2:28|2:29|2:3|2:30|2:31|2:32|2:33|2:34|2:35|2:36|2:37|2:38|2:39|2:4|2:40|2:41|2:42|2:43|2:44|2:45|2:46|2:47|2:48|2:49|2:5|2:50|2:51|2:52|2:53|2:54|2:55|2:56|2:57|2:58|2:59|2:6|2:60|2:61|2:62|2:63|2:7|2:8|2:9|3:0|3:1|3:10|3:11|3:12|3:13|3:14|3:15|3:16|3:17|3:18|3:19|3:2|3:20|3:21|3:22|3:23|3:24|3:25|3:26|3:27|3:28|3:29|3:3|3:30|3:31|3:32|3:33|3:34|3:35|3:36|3:37|3:38|3:39|3:4|3:40|3:41|3:42|3:43|3:44|3:45|3:46|3:47|3:48|3:49|3:5|3:50|3:51|3:52|3:53|3:54|3:55|3:56|3:57|3:58|3:59|3:6|3:60|3:61|3:62|3:63|3:7|3:8|3:9|4:0|4:1|4:10|4:11|4:12|4:13|4:14|4:15|4:16|4:17|4:18|4:19|4:2|4:20|4:21|4:22|4:23|4:24|4:25|4:26|4:27|4:28|4:29|4:3|4:30|4:31|4:32|4:33|4:34|4:35|4:36|4:37|4:38|4:39|4:4|4:40|4:41|4:42|4:43|4:44|4:45|4:46|4:47|4:48|4:49|4:5|4:50|4:51|4:52|4:53|4:54|4:55|4:56|4:57|4:58|4:59|4:6|4:60|4:61|4:62|4:63|4:7|4:8|4:9|5:0|5:1|5:10|5:11|5:12|5:13|5:14|5:15|5:16|5:17|5:18|5:19|5:2|5:20|5:21|5:22|5:23|5:24|5:25|5:26|5:27|5:28|5:29|5:3|5:30|5:31|5:32|5:33|5:34|5:35|5:36|5:37|5:38|5:39|5:4|5:40|5:41|5:42|5:43|5:44|5:45|5:46|5:47|5:48|5:49|5:5|5:50|5:51|5:52|5:53|5:54|5:55|5:56|5:57|5:58|5:59|5:6|5:60|5:61|5:62|5:63|5:7|5:8|5:9
TIERING-OFF-QJ-OFF-QJFL-OFF,91,exact-v9-5-to-6mwe,44784,pressure,C2-MIXTURE-PREFIX,320,0,242,1|2|3|4|5,1:0|1:1|1:10|1:11|1:12|1:13|1:14|1:15|1:16|1:17|1:18|1:19|1:2|1:20|1:21|1:22|1:23|1:24|1:25|1:26|1:27|1:28|1:29|1:3|1:30|1:31|1:32|1:33|1:34|1:35|1:36|1:37|1:38|1:39|1:4|1:40|1:41|1:42|1:43|1:44|1:45|1:46|1:47|1:48|1:49|1:5|1:50|1:51|1:52|1:53|1:54|1:55|1:56|1:57|1:58|1:59|1:6|1:60|1:61|1:62|1:63|1:7|1:8|1:9|2:0|2:1|2:10|2:11|2:12|2:13|2:14|2:15|2:16|2:17|2:18|2:19|2:2|2:20|2:21|2:22|2:23|2:24|2:25|2:26|2:27|2:28|2:29|2:3|2:30|2:31|2:32|2:33|2:34|2:35|2:36|2:37|2:38|2:39|2:4|2:40|2:41|2:42|2:43|2:44|2:45|2:46|2:47|2:48|2:49|2:5|2:50|2:51|2:52|2:53|2:54|2:55|2:56|2:57|2:58|2:59|2:6|2:60|2:61|2:62|2:63|2:7|2:8|2:9|3:0|3:1|3:10|3:11|3:12|3:13|3:14|3:15|3:16|3:17|3:18|3:19|3:2|3:20|3:21|3:22|3:23|3:24|3:25|3:26|3:27|3:28|3:29|3:3|3:30|3:31|3:32|3:33|3:34|3:35|3:36|3:37|3:38|3:39|3:4|3:40|3:41|3:42|3:43|3:44|3:45|3:46|3:47|3:48|3:49|3:5|3:50|3:51|3:52|3:53|3:54|3:55|3:56|3:57|3:58|3:59|3:6|3:60|3:61|3:62|3:63|3:7|3:8|3:9|4:0|4:1|4:10|4:11|4:12|4:13|4:14|4:15|4:16|4:17|4:18|4:19|4:2|4:20|4:21|4:22|4:23|4:24|4:25|4:26|4:27|4:28|4:29|4:3|4:30|4:31|4:32|4:33|4:34|4:35|4:36|4:37|4:38|4:39|4:4|4:40|4:41|4:42|4:43|4:44|4:45|4:46|4:47|4:48|4:49|4:5|4:50|4:51|4:52|4:53|4:54|4:55|4:56|4:57|4:58|4:59|4:6|4:60|4:61|4:62|4:63|4:7|4:8|4:9|5:0|5:1|5:10|5:11|5:12|5:13|5:14|5:15|5:16|5:17|5:18|5:19|5:2|5:20|5:21|5:22|5:23|5:24|5:25|5:26|5:27|5:28|5:29|5:3|5:30|5:31|5:32|5:33|5:34|5:35|5:36|5:37|5:38|5:39|5:4|5:40|5:41|5:42|5:43|5:44|5:45|5:46|5:47|5:48|5:49|5:5|5:50|5:51|5:52|5:53|5:54|5:55|5:56|5:57|5:58|5:59|5:6|5:60|5:61|5:62|5:63|5:7|5:8|5:9
TIERING-OFF-QJ-OFF-QJFL-OFF,92,exact-v9-5-to-6mwe,44784,outlet,C2-MIXTURE-PREFIX,320,0,281.7,1|2|3|4|5,1:0|1:1|1:10|1:11|1:12|1:13|1:14|1:15|1:16|1:17|1:18|1:19|1:2|1:20|1:21|1:22|1:23|1:24|1:25|1:26|1:27|1:28|1:29|1:3|1:30|1:31|1:32|1:33|1:34|1:35|1:36|1:37|1:38|1:39|1:4|1:40|1:41|1:42|1:43|1:44|1:45|1:46|1:47|1:48|1:49|1:5|1:50|1:51|1:52|1:53|1:54|1:55|1:56|1:57|1:58|1:59|1:6|1:60|1:61|1:62|1:63|1:7|1:8|1:9|2:0|2:1|2:10|2:11|2:12|2:13|2:14|2:15|2:16|2:17|2:18|2:19|2:2|2:20|2:21|2:22|2:23|2:24|2:25|2:26|2:27|2:28|2:29|2:3|2:30|2:31|2:32|2:33|2:34|2:35|2:36|2:37|2:38|2:39|2:4|2:40|2:41|2:42|2:43|2:44|2:45|2:46|2:47|2:48|2:49|2:5|2:50|2:51|2:52|2:53|2:54|2:55|2:56|2:57|2:58|2:59|2:6|2:60|2:61|2:62|2:63|2:7|2:8|2:9|3:0|3:1|3:10|3:11|3:12|3:13|3:14|3:15|3:16|3:17|3:18|3:19|3:2|3:20|3:21|3:22|3:23|3:24|3:25|3:26|3:27|3:28|3:29|3:3|3:30|3:31|3:32|3:33|3:34|3:35|3:36|3:37|3:38|3:39|3:4|3:40|3:41|3:42|3:43|3:44|3:45|3:46|3:47|3:48|3:49|3:5|3:50|3:51|3:52|3:53|3:54|3:55|3:56|3:57|3:58|3:59|3:6|3:60|3:61|3:62|3:63|3:7|3:8|3:9|4:0|4:1|4:10|4:11|4:12|4:13|4:14|4:15|4:16|4:17|4:18|4:19|4:2|4:20|4:21|4:22|4:23|4:24|4:25|4:26|4:27|4:28|4:29|4:3|4:30|4:31|4:32|4:33|4:34|4:35|4:36|4:37|4:38|4:39|4:4|4:40|4:41|4:42|4:43|4:44|4:45|4:46|4:47|4:48|4:49|4:5|4:50|4:51|4:52|4:53|4:54|4:55|4:56|4:57|4:58|4:59|4:6|4:60|4:61|4:62|4:63|4:7|4:8|4:9|5:0|5:1|5:10|5:11|5:12|5:13|5:14|5:15|5:16|5:17|5:18|5:19|5:2|5:20|5:21|5:22|5:23|5:24|5:25|5:26|5:27|5:28|5:29|5:3|5:30|5:31|5:32|5:33|5:34|5:35|5:36|5:37|5:38|5:39|5:4|5:40|5:41|5:42|5:43|5:44|5:45|5:46|5:47|5:48|5:49|5:5|5:50|5:51|5:52|5:53|5:54|5:55|5:56|5:57|5:58|5:59|5:6|5:60|5:61|5:62|5:63|5:7|5:8|5:9
TIERING-OFF-QJ-OFF-QJFL-OFF,93,exact-v9-5-to-6mwe,44784,drum,C2-MIXTURE-PREFIX,320,0,284.8,1|2|3|4|5,1:0|1:1|1:10|1:11|1:12|1:13|1:14|1:15|1:16|1:17|1:18|1:19|1:2|1:20|1:21|1:22|1:23|1:24|1:25|1:26|1:27|1:28|1:29|1:3|1:30|1:31|1:32|1:33|1:34|1:35|1:36|1:37|1:38|1:39|1:4|1:40|1:41|1:42|1:43|1:44|1:45|1:46|1:47|1:48|1:49|1:5|1:50|1:51|1:52|1:53|1:54|1:55|1:56|1:57|1:58|1:59|1:6|1:60|1:61|1:62|1:63|1:7|1:8|1:9|2:0|2:1|2:10|2:11|2:12|2:13|2:14|2:15|2:16|2:17|2:18|2:19|2:2|2:20|2:21|2:22|2:23|2:24|2:25|2:26|2:27|2:28|2:29|2:3|2:30|2:31|2:32|2:33|2:34|2:35|2:36|2:37|2:38|2:39|2:4|2:40|2:41|2:42|2:43|2:44|2:45|2:46|2:47|2:48|2:49|2:5|2:50|2:51|2:52|2:53|2:54|2:55|2:56|2:57|2:58|2:59|2:6|2:60|2:61|2:62|2:63|2:7|2:8|2:9|3:0|3:1|3:10|3:11|3:12|3:13|3:14|3:15|3:16|3:17|3:18|3:19|3:2|3:20|3:21|3:22|3:23|3:24|3:25|3:26|3:27|3:28|3:29|3:3|3:30|3:31|3:32|3:33|3:34|3:35|3:36|3:37|3:38|3:39|3:4|3:40|3:41|3:42|3:43|3:44|3:45|3:46|3:47|3:48|3:49|3:5|3:50|3:51|3:52|3:53|3:54|3:55|3:56|3:57|3:58|3:59|3:6|3:60|3:61|3:62|3:63|3:7|3:8|3:9|4:0|4:1|4:10|4:11|4:12|4:13|4:14|4:15|4:16|4:17|4:18|4:19|4:2|4:20|4:21|4:22|4:23|4:24|4:25|4:26|4:27|4:28|4:29|4:3|4:30|4:31|4:32|4:33|4:34|4:35|4:36|4:37|4:38|4:39|4:4|4:40|4:41|4:42|4:43|4:44|4:45|4:46|4:47|4:48|4:49|4:5|4:50|4:51|4:52|4:53|4:54|4:55|4:56|4:57|4:58|4:59|4:6|4:60|4:61|4:62|4:63|4:7|4:8|4:9|5:0|5:1|5:10|5:11|5:12|5:13|5:14|5:15|5:16|5:17|5:18|5:19|5:2|5:20|5:21|5:22|5:23|5:24|5:25|5:26|5:27|5:28|5:29|5:3|5:30|5:31|5:32|5:33|5:34|5:35|5:36|5:37|5:38|5:39|5:4|5:40|5:41|5:42|5:43|5:44|5:45|5:46|5:47|5:48|5:49|5:5|5:50|5:51|5:52|5:53|5:54|5:55|5:56|5:57|5:58|5:59|5:6|5:60|5:61|5:62|5:63|5:7|5:8|5:9
TIERING-OFF-QJ-OFF-QJFL-OFF,94,exact-v9-5-to-6mwe,44784,feedwater-inventory,C2-MIXTURE-PREFIX,2,0,141.8,3|4,3:9|4:51
TIERING-OFF-QJ-OFF-QJFL-OFF,95,exact-v9-5-to-6mwe,50784,suction,C2-MIXTURE-PREFIX,320,0,220.5,1|2|3|4|5,1:0|1:1|1:10|1:11|1:12|1:13|1:14|1:15|1:16|1:17|1:18|1:19|1:2|1:20|1:21|1:22|1:23|1:24|1:25|1:26|1:27|1:28|1:29|1:3|1:30|1:31|1:32|1:33|1:34|1:35|1:36|1:37|1:38|1:39|1:4|1:40|1:41|1:42|1:43|1:44|1:45|1:46|1:47|1:48|1:49|1:5|1:50|1:51|1:52|1:53|1:54|1:55|1:56|1:57|1:58|1:59|1:6|1:60|1:61|1:62|1:63|1:7|1:8|1:9|2:0|2:1|2:10|2:11|2:12|2:13|2:14|2:15|2:16|2:17|2:18|2:19|2:2|2:20|2:21|2:22|2:23|2:24|2:25|2:26|2:27|2:28|2:29|2:3|2:30|2:31|2:32|2:33|2:34|2:35|2:36|2:37|2:38|2:39|2:4|2:40|2:41|2:42|2:43|2:44|2:45|2:46|2:47|2:48|2:49|2:5|2:50|2:51|2:52|2:53|2:54|2:55|2:56|2:57|2:58|2:59|2:6|2:60|2:61|2:62|2:63|2:7|2:8|2:9|3:0|3:1|3:10|3:11|3:12|3:13|3:14|3:15|3:16|3:17|3:18|3:19|3:2|3:20|3:21|3:22|3:23|3:24|3:25|3:26|3:27|3:28|3:29|3:3|3:30|3:31|3:32|3:33|3:34|3:35|3:36|3:37|3:38|3:39|3:4|3:40|3:41|3:42|3:43|3:44|3:45|3:46|3:47|3:48|3:49|3:5|3:50|3:51|3:52|3:53|3:54|3:55|3:56|3:57|3:58|3:59|3:6|3:60|3:61|3:62|3:63|3:7|3:8|3:9|4:0|4:1|4:10|4:11|4:12|4:13|4:14|4:15|4:16|4:17|4:18|4:19|4:2|4:20|4:21|4:22|4:23|4:24|4:25|4:26|4:27|4:28|4:29|4:3|4:30|4:31|4:32|4:33|4:34|4:35|4:36|4:37|4:38|4:39|4:4|4:40|4:41|4:42|4:43|4:44|4:45|4:46|4:47|4:48|4:49|4:5|4:50|4:51|4:52|4:53|4:54|4:55|4:56|4:57|4:58|4:59|4:6|4:60|4:61|4:62|4:63|4:7|4:8|4:9|5:0|5:1|5:10|5:11|5:12|5:13|5:14|5:15|5:16|5:17|5:18|5:19|5:2|5:20|5:21|5:22|5:23|5:24|5:25|5:26|5:27|5:28|5:29|5:3|5:30|5:31|5:32|5:33|5:34|5:35|5:36|5:37|5:38|5:39|5:4|5:40|5:41|5:42|5:43|5:44|5:45|5:46|5:47|5:48|5:49|5:5|5:50|5:51|5:52|5:53|5:54|5:55|5:56|5:57|5:58|5:59|5:6|5:60|5:61|5:62|5:63|5:7|5:8|5:9
TIERING-OFF-QJ-OFF-QJFL-OFF,96,exact-v9-5-to-6mwe,50784,pressure,C2-MIXTURE-PREFIX,320,0,299.9,1|2|3|4|5,1:0|1:1|1:10|1:11|1:12|1:13|1:14|1:15|1:16|1:17|1:18|1:19|1:2|1:20|1:21|1:22|1:23|1:24|1:25|1:26|1:27|1:28|1:29|1:3|1:30|1:31|1:32|1:33|1:34|1:35|1:36|1:37|1:38|1:39|1:4|1:40|1:41|1:42|1:43|1:44|1:45|1:46|1:47|1:48|1:49|1:5|1:50|1:51|1:52|1:53|1:54|1:55|1:56|1:57|1:58|1:59|1:6|1:60|1:61|1:62|1:63|1:7|1:8|1:9|2:0|2:1|2:10|2:11|2:12|2:13|2:14|2:15|2:16|2:17|2:18|2:19|2:2|2:20|2:21|2:22|2:23|2:24|2:25|2:26|2:27|2:28|2:29|2:3|2:30|2:31|2:32|2:33|2:34|2:35|2:36|2:37|2:38|2:39|2:4|2:40|2:41|2:42|2:43|2:44|2:45|2:46|2:47|2:48|2:49|2:5|2:50|2:51|2:52|2:53|2:54|2:55|2:56|2:57|2:58|2:59|2:6|2:60|2:61|2:62|2:63|2:7|2:8|2:9|3:0|3:1|3:10|3:11|3:12|3:13|3:14|3:15|3:16|3:17|3:18|3:19|3:2|3:20|3:21|3:22|3:23|3:24|3:25|3:26|3:27|3:28|3:29|3:3|3:30|3:31|3:32|3:33|3:34|3:35|3:36|3:37|3:38|3:39|3:4|3:40|3:41|3:42|3:43|3:44|3:45|3:46|3:47|3:48|3:49|3:5|3:50|3:51|3:52|3:53|3:54|3:55|3:56|3:57|3:58|3:59|3:6|3:60|3:61|3:62|3:63|3:7|3:8|3:9|4:0|4:1|4:10|4:11|4:12|4:13|4:14|4:15|4:16|4:17|4:18|4:19|4:2|4:20|4:21|4:22|4:23|4:24|4:25|4:26|4:27|4:28|4:29|4:3|4:30|4:31|4:32|4:33|4:34|4:35|4:36|4:37|4:38|4:39|4:4|4:40|4:41|4:42|4:43|4:44|4:45|4:46|4:47|4:48|4:49|4:5|4:50|4:51|4:52|4:53|4:54|4:55|4:56|4:57|4:58|4:59|4:6|4:60|4:61|4:62|4:63|4:7|4:8|4:9|5:0|5:1|5:10|5:11|5:12|5:13|5:14|5:15|5:16|5:17|5:18|5:19|5:2|5:20|5:21|5:22|5:23|5:24|5:25|5:26|5:27|5:28|5:29|5:3|5:30|5:31|5:32|5:33|5:34|5:35|5:36|5:37|5:38|5:39|5:4|5:40|5:41|5:42|5:43|5:44|5:45|5:46|5:47|5:48|5:49|5:5|5:50|5:51|5:52|5:53|5:54|5:55|5:56|5:57|5:58|5:59|5:6|5:60|5:61|5:62|5:63|5:7|5:8|5:9
TIERING-OFF-QJ-OFF-QJFL-OFF,97,exact-v9-5-to-6mwe,50784,outlet,C2-MIXTURE-PREFIX,320,0,221.1,1|2|3|4|5,1:0|1:1|1:10|1:11|1:12|1:13|1:14|1:15|1:16|1:17|1:18|1:19|1:2|1:20|1:21|1:22|1:23|1:24|1:25|1:26|1:27|1:28|1:29|1:3|1:30|1:31|1:32|1:33|1:34|1:35|1:36|1:37|1:38|1:39|1:4|1:40|1:41|1:42|1:43|1:44|1:45|1:46|1:47|1:48|1:49|1:5|1:50|1:51|1:52|1:53|1:54|1:55|1:56|1:57|1:58|1:59|1:6|1:60|1:61|1:62|1:63|1:7|1:8|1:9|2:0|2:1|2:10|2:11|2:12|2:13|2:14|2:15|2:16|2:17|2:18|2:19|2:2|2:20|2:21|2:22|2:23|2:24|2:25|2:26|2:27|2:28|2:29|2:3|2:30|2:31|2:32|2:33|2:34|2:35|2:36|2:37|2:38|2:39|2:4|2:40|2:41|2:42|2:43|2:44|2:45|2:46|2:47|2:48|2:49|2:5|2:50|2:51|2:52|2:53|2:54|2:55|2:56|2:57|2:58|2:59|2:6|2:60|2:61|2:62|2:63|2:7|2:8|2:9|3:0|3:1|3:10|3:11|3:12|3:13|3:14|3:15|3:16|3:17|3:18|3:19|3:2|3:20|3:21|3:22|3:23|3:24|3:25|3:26|3:27|3:28|3:29|3:3|3:30|3:31|3:32|3:33|3:34|3:35|3:36|3:37|3:38|3:39|3:4|3:40|3:41|3:42|3:43|3:44|3:45|3:46|3:47|3:48|3:49|3:5|3:50|3:51|3:52|3:53|3:54|3:55|3:56|3:57|3:58|3:59|3:6|3:60|3:61|3:62|3:63|3:7|3:8|3:9|4:0|4:1|4:10|4:11|4:12|4:13|4:14|4:15|4:16|4:17|4:18|4:19|4:2|4:20|4:21|4:22|4:23|4:24|4:25|4:26|4:27|4:28|4:29|4:3|4:30|4:31|4:32|4:33|4:34|4:35|4:36|4:37|4:38|4:39|4:4|4:40|4:41|4:42|4:43|4:44|4:45|4:46|4:47|4:48|4:49|4:5|4:50|4:51|4:52|4:53|4:54|4:55|4:56|4:57|4:58|4:59|4:6|4:60|4:61|4:62|4:63|4:7|4:8|4:9|5:0|5:1|5:10|5:11|5:12|5:13|5:14|5:15|5:16|5:17|5:18|5:19|5:2|5:20|5:21|5:22|5:23|5:24|5:25|5:26|5:27|5:28|5:29|5:3|5:30|5:31|5:32|5:33|5:34|5:35|5:36|5:37|5:38|5:39|5:4|5:40|5:41|5:42|5:43|5:44|5:45|5:46|5:47|5:48|5:49|5:5|5:50|5:51|5:52|5:53|5:54|5:55|5:56|5:57|5:58|5:59|5:6|5:60|5:61|5:62|5:63|5:7|5:8|5:9
TIERING-OFF-QJ-OFF-QJFL-OFF,98,exact-v9-5-to-6mwe,50784,drum,C2-MIXTURE-PREFIX,320,0,267.5,1|2|3|4|5,1:0|1:1|1:10|1:11|1:12|1:13|1:14|1:15|1:16|1:17|1:18|1:19|1:2|1:20|1:21|1:22|1:23|1:24|1:25|1:26|1:27|1:28|1:29|1:3|1:30|1:31|1:32|1:33|1:34|1:35|1:36|1:37|1:38|1:39|1:4|1:40|1:41|1:42|1:43|1:44|1:45|1:46|1:47|1:48|1:49|1:5|1:50|1:51|1:52|1:53|1:54|1:55|1:56|1:57|1:58|1:59|1:6|1:60|1:61|1:62|1:63|1:7|1:8|1:9|2:0|2:1|2:10|2:11|2:12|2:13|2:14|2:15|2:16|2:17|2:18|2:19|2:2|2:20|2:21|2:22|2:23|2:24|2:25|2:26|2:27|2:28|2:29|2:3|2:30|2:31|2:32|2:33|2:34|2:35|2:36|2:37|2:38|2:39|2:4|2:40|2:41|2:42|2:43|2:44|2:45|2:46|2:47|2:48|2:49|2:5|2:50|2:51|2:52|2:53|2:54|2:55|2:56|2:57|2:58|2:59|2:6|2:60|2:61|2:62|2:63|2:7|2:8|2:9|3:0|3:1|3:10|3:11|3:12|3:13|3:14|3:15|3:16|3:17|3:18|3:19|3:2|3:20|3:21|3:22|3:23|3:24|3:25|3:26|3:27|3:28|3:29|3:3|3:30|3:31|3:32|3:33|3:34|3:35|3:36|3:37|3:38|3:39|3:4|3:40|3:41|3:42|3:43|3:44|3:45|3:46|3:47|3:48|3:49|3:5|3:50|3:51|3:52|3:53|3:54|3:55|3:56|3:57|3:58|3:59|3:6|3:60|3:61|3:62|3:63|3:7|3:8|3:9|4:0|4:1|4:10|4:11|4:12|4:13|4:14|4:15|4:16|4:17|4:18|4:19|4:2|4:20|4:21|4:22|4:23|4:24|4:25|4:26|4:27|4:28|4:29|4:3|4:30|4:31|4:32|4:33|4:34|4:35|4:36|4:37|4:38|4:39|4:4|4:40|4:41|4:42|4:43|4:44|4:45|4:46|4:47|4:48|4:49|4:5|4:50|4:51|4:52|4:53|4:54|4:55|4:56|4:57|4:58|4:59|4:6|4:60|4:61|4:62|4:63|4:7|4:8|4:9|5:0|5:1|5:10|5:11|5:12|5:13|5:14|5:15|5:16|5:17|5:18|5:19|5:2|5:20|5:21|5:22|5:23|5:24|5:25|5:26|5:27|5:28|5:29|5:3|5:30|5:31|5:32|5:33|5:34|5:35|5:36|5:37|5:38|5:39|5:4|5:40|5:41|5:42|5:43|5:44|5:45|5:46|5:47|5:48|5:49|5:5|5:50|5:51|5:52|5:53|5:54|5:55|5:56|5:57|5:58|5:59|5:6|5:60|5:61|5:62|5:63|5:7|5:8|5:9
TIERING-ON-QJ-OFF-QJFL-OFF,130,exact-v9-5-to-6mwe,92784,suction,C2-MIXTURE-PREFIX,1,0,109.5,4,4:21
TIERING-ON-QJ-OFF-QJFL-OFF,135,exact-v9-5-to-6mwe,98784,suction,C2-MIXTURE-PREFIX,1,0,130.9,4,4:11
TIERING-ON-QJ-OFF-QJFL-OFF,143,exact-v9-5-to-6mwe,104784,drum,C2-MIXTURE-PREFIX,1,0,103.6,1,1:49
TIERING-ON-QJ-OFF-QJFL-OFF,168,exact-v9-5-to-6mwe,134784,drum,C2-MIXTURE-PREFIX,1,0,170.3,1,1:2
TIERING-ON-QJ-OFF-QJFL-OFF,17,background-reference,18000,outlet,C2-MIXTURE-PREFIX,1,0,133.8,2,2:52
TIERING-ON-QJ-OFF-QJFL-OFF,172,exact-v9-5-to-6mwe,140784,outlet,C2-MIXTURE-PREFIX,2,1,457.8,1|4,1:63|4:43
TIERING-ON-QJ-OFF-QJFL-OFF,182,exact-v9-5-to-6mwe,152784,outlet,C2-MIXTURE-PREFIX,2,0,151.4,1|2,1:58|2:1
TIERING-ON-QJ-OFF-QJFL-OFF,187,exact-v9-5-to-6mwe,158784,outlet,C2-MIXTURE-PREFIX,1,0,152.6,5,5:33
TIERING-ON-QJ-OFF-QJFL-OFF,193,exact-v9-5-to-6mwe,164784,drum,C2-MIXTURE-PREFIX,1,0,131.7,5,5:34
TIERING-ON-QJ-OFF-QJFL-OFF,20,background-reference,24000,suction,C2-MIXTURE-PREFIX,1,0,117.9,4,4:32
TIERING-ON-QJ-OFF-QJFL-OFF,211,exact-v9-5-to-6mwe,188784,pressure,C2-MIXTURE-PREFIX,1,0,133.4,4,4:2
TIERING-ON-QJ-OFF-QJFL-OFF,23,background-reference,24000,drum,C2-MIXTURE-PREFIX,2,0,128.1,1|3,1:5|3:49
TIERING-ON-QJ-OFF-QJFL-OFF,231,exact-v9-5-to-6mwe,212784,pressure,C2-MIXTURE-PREFIX,1,0,109.2,2,2:63
TIERING-ON-QJ-OFF-QJFL-OFF,233,exact-v9-5-to-6mwe,212784,drum,C2-MIXTURE-PREFIX,1,0,110.7,4,4:10
TIERING-ON-QJ-OFF-QJFL-OFF,24,background-reference,24000,feedwater-inventory,C2-NEAR-BOUNDARY-LIQUID-PREFIX,1,0,160.2,3,3:43
TIERING-ON-QJ-OFF-QJFL-OFF,240,exact-v9-5-to-6mwe,224784,suction,C2-MIXTURE-PREFIX,1,0,102,4,4:22
TIERING-ON-QJ-OFF-QJFL-OFF,241,exact-v9-5-to-6mwe,224784,pressure,C2-MIXTURE-PREFIX,1,0,169.2,1,1:36
TIERING-ON-QJ-OFF-QJFL-OFF,243,exact-v9-5-to-6mwe,224784,drum,C2-MIXTURE-PREFIX,1,0,128,1,1:47
TIERING-ON-QJ-OFF-QJFL-OFF,247,exact-v9-5-to-6mwe,230784,outlet,C2-MIXTURE-PREFIX,1,0,113.7,3,3:12
TIERING-ON-QJ-OFF-QJFL-OFF,29,background-reference,30000,feedwater-inventory,C2-NEAR-BOUNDARY-LIQUID-PREFIX,1,0,114.1,1,1:42
TIERING-ON-QJ-OFF-QJFL-OFF,328,exact-v9-5-to-6mwe,326784,drum,C2-MIXTURE-PREFIX,1,0,115.6,1,1:32
TIERING-ON-QJ-OFF-QJFL-OFF,330,exact-v9-5-to-6mwe,332784,suction,C2-MIXTURE-PREFIX,1,0,129.6,3,3:5
TIERING-ON-QJ-OFF-QJFL-OFF,337,exact-v9-5-to-6mwe,338784,outlet,C2-MIXTURE-PREFIX,1,0,103.5,1,1:32
TIERING-ON-QJ-OFF-QJFL-OFF,346,exact-v9-5-to-6mwe,350784,pressure,C2-MIXTURE-PREFIX,1,0,114.3,2,2:55
TIERING-ON-QJ-OFF-QJFL-OFF,347,exact-v9-5-to-6mwe,350784,outlet,C2-MIXTURE-PREFIX,1,0,263.6,5,5:62
TIERING-ON-QJ-OFF-QJFL-OFF,49,background-reference,54000,feedwater-inventory,C2-NEAR-BOUNDARY-LIQUID-PREFIX,1,0,155,4,4:54
TIERING-ON-QJ-OFF-QJFL-OFF,5,background-reference,6000,suction,C2-MIXTURE-PREFIX,1,0,191.3,1,1:4
TIERING-ON-QJ-OFF-QJFL-OFF,57,exact-v9-5-to-6mwe,2784,outlet,C2-MIXTURE-PREFIX,1,0,130.9,4,4:63
TIERING-ON-QJ-OFF-QJFL-OFF,66,exact-v9-5-to-6mwe,14784,pressure,C2-MIXTURE-PREFIX,1,0,125,1,1:52
TIERING-ON-QJ-OFF-QJFL-OFF,67,exact-v9-5-to-6mwe,14784,outlet,C2-MIXTURE-PREFIX,1,0,121.9,1,1:58
TIERING-ON-QJ-OFF-QJFL-OFF,7,background-reference,6000,outlet,C2-MIXTURE-PREFIX,1,0,139,4,4:63
TIERING-ON-QJ-OFF-QJFL-OFF,85,exact-v9-5-to-6mwe,38784,suction,C2-MIXTURE-PREFIX,1,0,139.8,2,2:62
TIERING-ON-QJ-OFF-QJFL-OFF,97,exact-v9-5-to-6mwe,50784,outlet,C2-MIXTURE-PREFIX,1,0,102.2,1,1:18
TIERING-ON-QJ-ON-QJFL-OFF,100,exact-v9-5-to-6mwe,56784,suction,C2-MIXTURE-PREFIX,1,0,110.6,1,1:3
TIERING-ON-QJ-ON-QJFL-OFF,121,exact-v9-5-to-6mwe,80784,pressure,C2-MIXTURE-PREFIX,1,0,168.2,1,1:36
TIERING-ON-QJ-ON-QJFL-OFF,132,exact-v9-5-to-6mwe,92784,outlet,C2-MIXTURE-PREFIX,1,0,181.3,1,1:26
TIERING-ON-QJ-ON-QJFL-OFF,181,exact-v9-5-to-6mwe,152784,pressure,C2-MIXTURE-PREFIX,1,0,127.7,2,2:33
TIERING-ON-QJ-ON-QJFL-OFF,245,exact-v9-5-to-6mwe,230784,suction,C2-MIXTURE-PREFIX,1,0,103.5,2,2:8
TIERING-ON-QJ-ON-QJFL-OFF,259,exact-v9-5-to-6mwe,242784,feedwater-inventory,C2-MIXTURE-PREFIX,1,0,111.1,5,5:43
TIERING-ON-QJ-ON-QJFL-OFF,269,exact-v9-5-to-6mwe,254784,feedwater-inventory,C2-MIXTURE-PREFIX,1,0,105.9,2,2:21
TIERING-ON-QJ-ON-QJFL-OFF,291,exact-v9-5-to-6mwe,284784,pressure,C2-MIXTURE-PREFIX,1,0,134.8,3,3:32
TIERING-ON-QJ-ON-QJFL-OFF,296,exact-v9-5-to-6mwe,290784,pressure,C2-MIXTURE-PREFIX,1,0,134.8,3,3:0
TIERING-ON-QJ-ON-QJFL-OFF,302,exact-v9-5-to-6mwe,296784,outlet,C2-MIXTURE-PREFIX,1,0,113.6,3,3:32
TIERING-ON-QJ-ON-QJFL-OFF,303,exact-v9-5-to-6mwe,296784,drum,C2-MIXTURE-PREFIX,1,0,133.8,4,4:2
TIERING-ON-QJ-ON-QJFL-OFF,308,exact-v9-5-to-6mwe,302784,drum,C2-MIXTURE-PREFIX,1,0,125.8,3,3:55
TIERING-ON-QJ-ON-QJFL-OFF,310,exact-v9-5-to-6mwe,308784,suction,C2-MIXTURE-PREFIX,1,0,107.4,4,4:62
TIERING-ON-QJ-ON-QJFL-OFF,311,exact-v9-5-to-6mwe,308784,pressure,C2-MIXTURE-PREFIX,1,0,127.1,2,2:50
TIERING-ON-QJ-ON-QJFL-OFF,340,exact-v9-5-to-6mwe,344784,suction,C2-MIXTURE-PREFIX,1,0,110.4,2,2:32
TIERING-ON-QJ-ON-QJFL-OFF,345,exact-v9-5-to-6mwe,350784,suction,C2-MIXTURE-PREFIX,1,0,117.1,3,3:54
TIERING-ON-QJ-ON-QJFL-OFF,39,background-reference,42000,feedwater-inventory,C2-NEAR-BOUNDARY-LIQUID-PREFIX,1,0,101.1,5,5:21
TIERING-ON-QJ-ON-QJFL-OFF,48,background-reference,54000,drum,C2-MIXTURE-PREFIX,1,0,116.8,2,2:21
TIERING-ON-QJ-ON-QJFL-OFF,8,background-reference,6000,drum,C2-MIXTURE-PREFIX,1,0,111.1,4,4:44
TIERING-ON-QJ-ON-QJFL-OFF,87,exact-v9-5-to-6mwe,38784,outlet,C2-MIXTURE-PREFIX,1,0,141.4,1,1:49
TIERING-ON-QJ-ON-QJFL-OFF,9,background-reference,6000,feedwater-inventory,C2-NEAR-BOUNDARY-LIQUID-PREFIX,1,0,155.7,4,4:55
TIERING-ON-QJ-ON-QJFL-ON,10,background-reference,12000,suction,C2-MIXTURE-PREFIX,1,0,109.7,1,1:19
TIERING-ON-QJ-ON-QJFL-ON,111,exact-v9-5-to-6mwe,68784,pressure,C2-MIXTURE-PREFIX,1,0,120.8,2,2:31
TIERING-ON-QJ-ON-QJFL-ON,145,exact-v9-5-to-6mwe,110784,suction,C2-MIXTURE-PREFIX,1,0,210.8,4,4:61
TIERING-ON-QJ-ON-QJFL-ON,147,exact-v9-5-to-6mwe,110784,outlet,C2-MIXTURE-PREFIX,1,0,118.3,5,5:30
TIERING-ON-QJ-ON-QJFL-ON,15,background-reference,18000,suction,C2-MIXTURE-PREFIX,1,0,128.3,1,1:0
TIERING-ON-QJ-ON-QJFL-ON,156,exact-v9-5-to-6mwe,122784,pressure,C2-MIXTURE-PREFIX,1,0,105.8,1,1:41
TIERING-ON-QJ-ON-QJFL-ON,164,exact-v9-5-to-6mwe,128784,feedwater-inventory,C2-MIXTURE-PREFIX,1,0,122.1,5,5:50
TIERING-ON-QJ-ON-QJFL-ON,165,exact-v9-5-to-6mwe,134784,suction,C2-MIXTURE-PREFIX,1,0,172.2,1,1:22
TIERING-ON-QJ-ON-QJFL-ON,178,exact-v9-5-to-6mwe,146784,drum,C2-MIXTURE-PREFIX,1,0,172.2,1,1:22
TIERING-ON-QJ-ON-QJFL-ON,185,exact-v9-5-to-6mwe,158784,suction,C2-MIXTURE-PREFIX,1,0,108,2,2:63
TIERING-ON-QJ-ON-QJFL-ON,192,exact-v9-5-to-6mwe,164784,outlet,C2-MIXTURE-PREFIX,2,0,133.3,2|4,2:41|4:20
TIERING-ON-QJ-ON-QJFL-ON,207,exact-v9-5-to-6mwe,182784,outlet,C2-MIXTURE-PREFIX,1,0,111.7,2,2:52
TIERING-ON-QJ-ON-QJFL-ON,265,exact-v9-5-to-6mwe,254784,suction,C2-MIXTURE-PREFIX,1,0,112.5,2,2:0
TIERING-ON-QJ-ON-QJFL-ON,288,exact-v9-5-to-6mwe,278784,drum,C2-MIXTURE-PREFIX,1,0,204.1,5,5:1
TIERING-ON-QJ-ON-QJFL-ON,296,exact-v9-5-to-6mwe,290784,pressure,C2-MIXTURE-PREFIX,1,0,157.6,5,5:40
TIERING-ON-QJ-ON-QJFL-ON,298,exact-v9-5-to-6mwe,290784,drum,C2-MIXTURE-PREFIX,1,0,111,3,3:7
TIERING-ON-QJ-ON-QJFL-ON,37,background-reference,42000,outlet,C2-MIXTURE-PREFIX,1,0,130.8,3,3:45
TIERING-ON-QJ-ON-QJFL-ON,46,background-reference,54000,pressure,C2-MIXTURE-PREFIX,1,0,232,5,5:60
TIERING-ON-QJ-ON-QJFL-ON,83,exact-v9-5-to-6mwe,32784,drum,C2-MIXTURE-PREFIX,1,0,121.1,2,2:4
TIERING-ON-QJ-ON-QJFL-ON,9,background-reference,6000,feedwater-inventory,C2-NEAR-BOUNDARY-LIQUID-PREFIX,1,0,114.5,5,5:21
