candidate_id,probe_id,logical_step,elapsed_s,path_id,from_node,to_node,candidate_resolved,candidate_driving_pa,candidate_flow_kg_s,canonical_flow_kg_s,if97_counterfactual_flow_kg_s,abs_candidate_minus_canonical_flow_kg_s,abs_candidate_minus_if97_flow_kg_s,driving_sign_changed_from_production
C2-EXTENDED-TABULATED-SURROGATE,background-reference,0,0,MCP,suction,pressure,true,988465.9598638566,140.60341104424577,99.99999997333269,140.60207245483593,40.60341107091308,0.0013385894098405515,false
C2-EXTENDED-TABULATED-SURROGATE,background-reference,0,0,CHANNEL,pressure,outlet,true,-504957.9618517743,-142.12078832482942,99.99999996288139,-142.11354382289005,242.1207882877108,0.00724450193936832,true
C2-EXTENDED-TABULATED-SURROGATE,background-reference,0,0,RETURN,outlet,drum,true,424883.82993064454,130.3662272109835,100.00000029567853,130.36092910618171,30.366226915304978,0.005298104801795489,false
C2-EXTENDED-TABULATED-SURROGATE,background-reference,0,0,FEEDWATER-PUMP,feedwater-inventory,drum,true,1156734.8135267822,34.01080436459541,13.339237172210026,34.06551370276052,20.671567192385382,0.05470933816511092,false
C2-EXTENDED-TABULATED-SURROGATE,background-reference,6000,60,MCP,suction,pressure,true,988465.9598638566,140.60341104424577,100.000000003839,140.60207245483593,40.60341104040677,0.0013385894098405515,false
C2-EXTENDED-TABULATED-SURROGATE,background-reference,6000,60,CHANNEL,pressure,outlet,true,-504957.9591220654,-142.12078794069015,100.00000043029934,-142.11354382289005,242.1207883709895,0.007244117800098593,true
C2-EXTENDED-TABULATED-SURROGATE,background-reference,6000,60,RETURN,outlet,drum,true,424883.82720093563,130.36622679220804,99.99999987008255,130.36092910618171,30.36622692212549,0.0052976860263243,false
C2-EXTENDED-TABULATED-SURROGATE,background-reference,6000,60,FEEDWATER-PUMP,feedwater-inventory,drum,true,1156734.8136806218,34.01080436685704,13.339237023112535,34.065513705715254,20.671567343744503,0.05470933885821694,false
C2-EXTENDED-TABULATED-SURROGATE,background-reference,12000,120,MCP,suction,pressure,true,988465.9598638566,140.60341104424577,100.00000010143063,140.60207245483593,40.603410942815145,0.0013385894098405515,false
C2-EXTENDED-TABULATED-SURROGATE,background-reference,12000,120,CHANNEL,pressure,outlet,true,-504957.9591220654,-142.12078794069015,100.00000009932015,-142.11354382289005,242.1207880400103,0.007244117800098593,true
C2-EXTENDED-TABULATED-SURROGATE,background-reference,12000,120,RETURN,outlet,drum,true,424883.82720093563,130.36622679220804,100.00000029567853,130.36092910618171,30.366226496529507,0.0052976860263243,false
C2-EXTENDED-TABULATED-SURROGATE,background-reference,12000,120,FEEDWATER-PUMP,feedwater-inventory,drum,true,1156734.8136414103,34.01080436628058,13.339237176842365,34.06551370675567,20.671567189438214,0.054709340475085355,false
C2-EXTENDED-TABULATED-SURROGATE,background-reference,18000,180,MCP,suction,pressure,true,988465.9598638566,140.60341104424577,100.00000009616716,140.60207245483593,40.60341094807862,0.0013385894098405515,false
C2-EXTENDED-TABULATED-SURROGATE,background-reference,18000,180,CHANNEL,pressure,outlet,true,-504957.9618517743,-142.12078832482942,100.00000009680781,-142.11354382289005,242.12078842163723,0.00724450193936832,true
C2-EXTENDED-TABULATED-SURROGATE,background-reference,18000,180,RETURN,outlet,drum,true,424883.82993064454,130.3662272109835,100.00000029567853,130.36092910618171,30.366226915304978,0.005298104801795489,false
C2-EXTENDED-TABULATED-SURROGATE,background-reference,18000,180,FEEDWATER-PUMP,feedwater-inventory,drum,true,1156734.8139937008,34.01080437145968,13.339237190766049,34.06551371802623,20.67156718069363,0.05470934656655402,false
C2-EXTENDED-TABULATED-SURROGATE,background-reference,24000,240,MCP,suction,pressure,true,988465.9598638566,140.60341104424577,100.00000018385984,140.60207245483593,40.603410860385935,0.0013385894098405515,false
C2-EXTENDED-TABULATED-SURROGATE,background-reference,24000,240,CHANNEL,pressure,outlet,true,-504957.9618517743,-142.12078832482942,99.99999976134636,-142.11354436030103,242.12078808617576,0.0072439645283850496,true
C2-EXTENDED-TABULATED-SURROGATE,background-reference,24000,240,RETURN,outlet,drum,true,424883.82993064454,130.3662272109835,100.00000072127246,130.36092969204267,30.366226489711053,0.005297518940835744,false
C2-EXTENDED-TABULATED-SURROGATE,background-reference,24000,240,FEEDWATER-PUMP,feedwater-inventory,drum,true,1156734.813663709,34.0108043666084,13.339237178719115,34.065513713317145,20.67156718788928,0.05470934670874783,false
C2-EXTENDED-TABULATED-SURROGATE,background-reference,30000,300,MCP,suction,pressure,true,988465.9598638566,140.60341104424577,100.00000033101328,140.60207245483593,40.60341071323249,0.0013385894098405515,false
C2-EXTENDED-TABULATED-SURROGATE,background-reference,30000,300,CHANNEL,pressure,outlet,true,-504957.9618517743,-142.12078832482942,99.99999990880563,-142.113544091596,242.12078823363504,0.007244233233421937,true
C2-EXTENDED-TABULATED-SURROGATE,background-reference,30000,300,RETURN,outlet,drum,true,424883.82993064454,130.3662272109835,100.00000072127246,130.36092939911268,30.366226489711053,0.005297811870832447,false
C2-EXTENDED-TABULATED-SURROGATE,background-reference,30000,300,FEEDWATER-PUMP,feedwater-inventory,drum,true,1156734.813752668,34.01080436791621,13.339237182691566,34.06551371772178,20.671567185224642,0.054709349805570184,false
C2-EXTENDED-TABULATED-SURROGATE,background-reference,36000,360,MCP,suction,pressure,true,988465.9598638566,140.60341104424577,100.00000036006765,140.60207245483593,40.60341068417813,0.0013385894098405515,false
C2-EXTENDED-TABULATED-SURROGATE,background-reference,36000,360,CHANNEL,pressure,outlet,true,-504957.9618517743,-142.12078832482942,100.00000035644844,-142.113544091596,242.12078868127787,0.007244233233421937,true
C2-EXTENDED-TABULATED-SURROGATE,background-reference,36000,360,RETURN,outlet,drum,true,424883.82993064454,130.3662272109835,99.99999989456386,130.36092939911268,30.366227316419653,0.005297811870832447,false
C2-EXTENDED-TABULATED-SURROGATE,background-reference,36000,360,FEEDWATER-PUMP,feedwater-inventory,drum,true,1156734.814480518,34.010804378616484,13.339237210683912,34.065513731489276,20.671567167932572,0.05470935287279133,false
C2-EXTENDED-TABULATED-SURROGATE,background-reference,42000,420,MCP,suction,pressure,true,988465.9598638566,140.60341104424577,100.00000053991201,140.60207245483593,40.603410504333766,0.0013385894098405515,false
C2-EXTENDED-TABULATED-SURROGATE,background-reference,42000,420,CHANNEL,pressure,outlet,true,-504957.9618517743,-142.12078832482942,100.00000011285562,-142.113544091596,242.12078843768504,0.007244233233421937,true
C2-EXTENDED-TABULATED-SURROGATE,background-reference,42000,420,RETURN,outlet,drum,true,424883.82993064454,130.3662272109835,100.00000114687066,130.36092939911268,30.36622606411285,0.005297811870832447,false
C2-EXTENDED-TABULATED-SURROGATE,background-reference,42000,420,FEEDWATER-PUMP,feedwater-inventory,drum,true,1156734.8139895936,34.0108043713993,13.339237038396698,34.065513730895894,20.671567333002606,0.0547093594965915,false
C2-EXTENDED-TABULATED-SURROGATE,background-reference,48000,480,MCP,suction,pressure,true,988465.9598638566,140.60341104424577,100.00000075982659,140.60207245483593,40.60341028441918,0.0013385894098405515,false
C2-EXTENDED-TABULATED-SURROGATE,background-reference,48000,480,CHANNEL,pressure,outlet,true,-504957.9618517743,-142.12078832482942,100.00000037672613,-142.113544091596,242.12078870155557,0.007244233233421937,true
C2-EXTENDED-TABULATED-SURROGATE,background-reference,48000,480,RETURN,outlet,drum,true,424883.82993064454,130.3662272109835,100.00000114687066,130.36092939911268,30.36622606411285,0.005297811870832447,false
C2-EXTENDED-TABULATED-SURROGATE,background-reference,48000,480,FEEDWATER-PUMP,feedwater-inventory,drum,true,1156734.814273757,34.01080437557684,13.339237050124458,34.06551374016744,20.67156732545238,0.05470936459060027,false
C2-EXTENDED-TABULATED-SURROGATE,background-reference,54000,540,MCP,suction,pressure,true,988465.9598638566,140.60341104424577,100.00000083033684,140.60207245483593,40.60341021390893,0.0013385894098405515,false
C2-EXTENDED-TABULATED-SURROGATE,background-reference,54000,540,CHANNEL,pressure,outlet,true,-504957.9618517743,-142.12078832482942,100.00000083172098,-142.11354436030103,242.12078915655042,0.0072439645283850496,true
C2-EXTENDED-TABULATED-SURROGATE,background-reference,54000,540,RETURN,outlet,drum,true,424883.82993064454,130.3662272109835,100.00000032016206,130.36092969204267,30.36622689082145,0.005297518940835744,false
C2-EXTENDED-TABULATED-SURROGATE,background-reference,54000,540,FEEDWATER-PUMP,feedwater-inventory,drum,true,1156734.8151140893,34.01080438793075,13.339237237770089,34.06551375831395,20.67156715016066,0.05470937038320045,false
C2-EXTENDED-TABULATED-SURROGATE,background-reference,60000,600,MCP,suction,pressure,true,988465.9598638566,140.60341104424577,100.00000097387097,140.60207245483593,40.60341007037481,0.0013385894098405515,false
C2-EXTENDED-TABULATED-SURROGATE,background-reference,60000,600,CHANNEL,pressure,outlet,true,-504957.9645814832,-142.12078870896872,100.00000135723388,-142.11354436030103,242.1207900662026,0.007244348667683198,true
C2-EXTENDED-TABULATED-SURROGATE,background-reference,60000,600,RETURN,outlet,drum,true,424883.83266035345,130.36622762975898,100.00000032016206,130.36092969204267,30.366227309596923,0.005297937716306933,false
C2-EXTENDED-TABULATED-SURROGATE,background-reference,60000,600,FEEDWATER-PUMP,feedwater-inventory,drum,true,1156734.8155756416,34.010804394716125,13.339237256604022,34.06551377376177,20.671567138112103,0.05470937904564721,false
C2-EXTENDED-TABULATED-SURROGATE,exact-v9-5-to-6mwe,2784,0,MCP,suction,pressure,true,990724.0608995806,140.76392015709,107.86984523242108,140.76272650661087,32.89407492466893,0.0011936504791378866,false
C2-EXTENDED-TABULATED-SURROGATE,exact-v9-5-to-6mwe,2784,0,CHANNEL,pressure,outlet,true,-565600.7370813194,-150.41286342348775,107.84867014590101,-150.40649876813353,258.26153356938875,0.006364655354218485,true
C2-EXTENDED-TABULATED-SURROGATE,exact-v9-5-to-6mwe,2784,0,RETURN,outlet,drum,true,458790.21589167655,135.46810929391117,106.24742123397387,135.46582049941685,29.220688059937302,0.0022887944943192906,false
C2-EXTENDED-TABULATED-SURROGATE,exact-v9-5-to-6mwe,2784,0,FEEDWATER-PUMP,feedwater-inventory,drum,true,1167032.861138991,34.161862670805746,13.364068550512673,34.24043673887731,20.797794120293073,0.07857406807156053,false
C2-EXTENDED-TABULATED-SURROGATE,exact-v9-5-to-6mwe,8784,60,MCP,suction,pressure,true,981104.3308076952,140.07885856243226,101.88596059705775,140.0770994577336,38.19289796537451,0.0017591046986638048,false
C2-EXTENDED-TABULATED-SURROGATE,exact-v9-5-to-6mwe,8784,60,CHANNEL,pressure,outlet,true,-509526.1470948209,-142.76220047264906,101.87204702968509,-142.75357325095587,244.63424750233415,0.008627221693188858,true
C2-EXTENDED-TABULATED-SURROGATE,exact-v9-5-to-6mwe,8784,60,RETURN,outlet,drum,true,472631.4546943229,137.49639336278213,103.39170488316243,137.48947677415262,34.104688479619696,0.006916588629508169,false
C2-EXTENDED-TABULATED-SURROGATE,exact-v9-5-to-6mwe,8784,60,FEEDWATER-PUMP,feedwater-inventory,drum,true,1086887.174994192,32.967971957555896,14.844986146362718,32.96820780885821,18.12298581119318,0.0002358513023139608,false
C2-EXTENDED-TABULATED-SURROGATE,exact-v9-5-to-6mwe,14784,120,MCP,suction,pressure,true,933176.6983092881,136.6145452218971,105.4283494310372,136.6156308708177,31.186195790859884,0.0010856489206219067,false
C2-EXTENDED-TABULATED-SURROGATE,exact-v9-5-to-6mwe,14784,120,CHANNEL,pressure,outlet,true,-404704.6209109322,-127.23279780165682,105.24942188936794,-127.22845089961612,232.48221969102474,0.004346902040694545,true
C2-EXTENDED-TABULATED-SURROGATE,exact-v9-5-to-6mwe,14784,120,RETURN,outlet,drum,true,471703.00664832164,137.36127644257266,105.44361352904157,137.35568764485186,31.91766291353109,0.00558879772080445,false
C2-EXTENDED-TABULATED-SURROGATE,exact-v9-5-to-6mwe,14784,120,FEEDWATER-PUMP,feedwater-inventory,drum,true,1130863.8469926128,33.62831912232029,17.28422915929627,33.62855361896356,16.34408996302402,0.00023449664326591346,false
C2-EXTENDED-TABULATED-SURROGATE,exact-v9-5-to-6mwe,20784,180,MCP,suction,pressure,true,926500.5342264664,136.12498185318273,102.40247734510908,136.124760995881,33.722504508073655,0.00022085730174126184,false
C2-EXTENDED-TABULATED-SURROGATE,exact-v9-5-to-6mwe,20784,180,CHANNEL,pressure,outlet,true,-433182.27215826965,-131.63316788078447,102.20690760511592,-131.62967923375192,233.8400754859004,0.0034886470325545815,true
C2-EXTENDED-TABULATED-SURROGATE,exact-v9-5-to-6mwe,20784,180,RETURN,outlet,drum,true,461616.17216850724,135.88468231092233,102.44235749603615,135.88262751543286,33.44232481488618,0.002054795489470962,false
C2-EXTENDED-TABULATED-SURROGATE,exact-v9-5-to-6mwe,20784,180,FEEDWATER-PUMP,feedwater-inventory,drum,true,1096228.9497224586,33.10934837357055,16.300026961658304,33.10983003962199,16.809321411912244,0.00048166605144217556,false
C2-EXTENDED-TABULATED-SURROGATE,exact-v9-5-to-6mwe,26784,240,MCP,suction,pressure,true,943667.5254094257,137.3803133938357,100.62036726164747,137.38188465831266,36.75994613218823,0.0015712644769507733,false
C2-EXTENDED-TABULATED-SURROGATE,exact-v9-5-to-6mwe,26784,240,CHANNEL,pressure,outlet,true,-471696.7475819116,-137.36036511045123,100.48674934486715,-137.3577994992708,237.84711445531838,0.002565611180415317,true
C2-EXTENDED-TABULATED-SURROGATE,exact-v9-5-to-6mwe,26784,240,RETURN,outlet,drum,true,455784.0856845816,135.02356619265862,100.57260301236511,135.02110284294974,34.45096318029351,0.0024633497088757395,false
C2-EXTENDED-TABULATED-SURROGATE,exact-v9-5-to-6mwe,26784,240,FEEDWATER-PUMP,feedwater-inventory,drum,true,1090882.7145721288,33.028513659747524,16.093376058894673,33.02890140500069,16.93513760085285,0.00038774525316398467,false
C2-EXTENDED-TABULATED-SURROGATE,exact-v9-5-to-6mwe,32784,300,MCP,suction,pressure,true,962375.1150884142,138.73536788349352,99.61536509407972,138.73592198081545,39.1200027894138,0.0005540973219240186,false
C2-EXTENDED-TABULATED-SURROGATE,exact-v9-5-to-6mwe,32784,300,CHANNEL,pressure,outlet,true,-502824.1639870865,-141.82019094432027,99.54485995603764,-141.81422437889267,241.36505090035791,0.00596656542759888,true
C2-EXTENDED-TABULATED-SURROGATE,exact-v9-5-to-6mwe,32784,300,RETURN,outlet,drum,true,452899.95898707415,134.59568477288923,99.5653970684299,134.58710045938264,35.030287704459326,0.008584313506588614,false
C2-EXTENDED-TABULATED-SURROGATE,exact-v9-5-to-6mwe,32784,300,FEEDWATER-PUMP,feedwater-inventory,drum,true,1088676.1520657968,32.995092848267554,15.940684017938445,32.99510262322218,17.05440883032911,9.774954627062016E-06,false
C2-EXTENDED-TABULATED-SURROGATE,exact-v9-5-to-6mwe,38784,360,MCP,suction,pressure,true,976991.8336461369,139.78496583296337,99.06867970955915,139.78680571181565,40.71628612340422,0.0018398788522802079,false
C2-EXTENDED-TABULATED-SURROGATE,exact-v9-5-to-6mwe,38784,360,CHANNEL,pressure,outlet,true,-524817.5158259531,-144.88858006426221,99.04604583727536,-144.88412089696698,243.93462590153757,0.004459167295237876,true
C2-EXTENDED-TABULATED-SURROGATE,exact-v9-5-to-6mwe,38784,360,RETURN,outlet,drum,true,451538.5032477415,134.393229479426,99.02374177853561,134.38884745361383,35.36948770089039,0.0043820258121627376,false
C2-EXTENDED-TABULATED-SURROGATE,exact-v9-5-to-6mwe,38784,360,FEEDWATER-PUMP,feedwater-inventory,drum,true,1088700.2055519708,32.99545734721631,15.83831803398749,32.995888922765396,17.157139313228818,0.00043157554908646034,false
C2-EXTENDED-TABULATED-SURROGATE,exact-v9-5-to-6mwe,44784,420,MCP,suction,pressure,true,987154.8212526652,140.51012926139276,98.78350507314344,140.51069759285878,41.72662418824932,0.0005683314660132055,false
C2-EXTENDED-TABULATED-SURROGATE,exact-v9-5-to-6mwe,44784,420,CHANNEL,pressure,outlet,true,-539497.5411949563,-146.90099267124864,98.7934329082542,-146.90251276433648,245.69442557950285,0.0015200930878336294,true
C2-EXTENDED-TABULATED-SURROGATE,exact-v9-5-to-6mwe,44784,420,RETURN,outlet,drum,true,451094.69481748476,134.32716699424353,98.74923970121107,134.32978582784395,35.57792729303246,0.0026188336004224766,false
C2-EXTENDED-TABULATED-SURROGATE,exact-v9-5-to-6mwe,44784,420,FEEDWATER-PUMP,feedwater-inventory,drum,true,1090258.0601489153,33.019056015412,15.773589759107407,33.019543614796525,17.24546625630459,0.00048759938452747065,false
C2-EXTENDED-TABULATED-SURROGATE,exact-v9-5-to-6mwe,50784,480,MCP,suction,pressure,true,993797.3861673708,140.98208298697895,98.62455534822769,140.98189982210008,42.357527638751264,0.00018316487887659605,false
C2-EXTENDED-TABULATED-SURROGATE,exact-v9-5-to-6mwe,50784,480,CHANNEL,pressure,outlet,true,-549475.0609222691,-148.25317007366408,98.65495291261486,-148.24969898476314,246.90812298627895,0.0034710889009375023,true
C2-EXTENDED-TABULATED-SURROGATE,exact-v9-5-to-6mwe,50784,480,RETURN,outlet,drum,true,451268.029333038,134.3529723278258,98.61135315104987,134.34595770415825,35.74161917677593,0.007014623667544129,false
C2-EXTENDED-TABULATED-SURROGATE,exact-v9-5-to-6mwe,50784,480,FEEDWATER-PUMP,feedwater-inventory,drum,true,1092543.9631043226,33.05365279518018,15.723547196156069,33.05368186204745,17.330105599024108,2.9066867270444163E-05,false
C2-EXTENDED-TABULATED-SURROGATE,exact-v9-5-to-6mwe,56784,540,MCP,suction,pressure,true,998351.6410896591,141.30475158958095,98.54258587463916,141.30454030017276,42.76216571494179,0.00021128940818471165,false
C2-EXTENDED-TABULATED-SURROGATE,exact-v9-5-to-6mwe,56784,540,CHANNEL,pressure,outlet,true,-556684.1124113014,-149.2225334741776,98.58632152358805,-149.21624280481748,247.80885499776565,0.006290669360112133,true
C2-EXTENDED-TABULATED-SURROGATE,exact-v9-5-to-6mwe,56784,540,RETURN,outlet,drum,true,451676.0022086741,134.41369010761875,98.54556376875348,134.40978064799768,35.86812633886527,0.003909459621070255,false
C2-EXTENDED-TABULATED-SURROGATE,exact-v9-5-to-6mwe,56784,540,FEEDWATER-PUMP,feedwater-inventory,drum,true,1095989.5659770314,33.105733128523696,15.70571078154846,33.106211492565286,17.400022346975234,0.0004783640415908508,false
C2-EXTENDED-TABULATED-SURROGATE,exact-v9-5-to-6mwe,62784,600,MCP,suction,pressure,true,1001053.6494422917,141.49584088886087,98.55861504974044,141.49571264008333,42.93722583912043,0.00012824877754269437,false
C2-EXTENDED-TABULATED-SURROGATE,exact-v9-5-to-6mwe,62784,600,CHANNEL,pressure,outlet,true,-560781.3264237454,-149.77066821293752,98.60974108585756,-149.77185084797296,248.3804092987951,0.001182635035434032,true
C2-EXTENDED-TABULATED-SURROGATE,exact-v9-5-to-6mwe,62784,600,RETURN,outlet,drum,true,452241.32049125386,134.49777998037794,98.55726779984087,134.50139859839527,35.94051218053707,0.003618618017327435,false
C2-EXTENDED-TABULATED-SURROGATE,exact-v9-5-to-6mwe,62784,600,FEEDWATER-PUMP,feedwater-inventory,drum,true,1099751.0974322334,33.16249534387051,15.70334192093351,33.16292329351062,17.459153422937,0.0004279496401125016,false
C2-EXTENDED-TABULATED-SURROGATE,exact-v9-5-to-6mwe,68784,660,MCP,suction,pressure,true,1002556.650120889,141.6020232991668,98.59693104423935,141.60200963372236,43.00509225492745,1.3665444441812724E-05,false
C2-EXTENDED-TABULATED-SURROGATE,exact-v9-5-to-6mwe,68784,660,CHANNEL,pressure,outlet,true,-563526.9130822956,-150.13685930940417,98.65176799644979,-150.13299328498942,248.78862730585396,0.003866024414747926,true
C2-EXTENDED-TABULATED-SURROGATE,exact-v9-5-to-6mwe,68784,660,RETURN,outlet,drum,true,453025.9439976447,134.6144039837706,98.59751138598376,134.60734921949017,36.01689259778682,0.0070547642804115185,false
C2-EXTENDED-TABULATED-SURROGATE,exact-v9-5-to-6mwe,68784,660,FEEDWATER-PUMP,feedwater-inventory,drum,true,1103541.9984490667,33.21960262328655,15.703666507078486,33.219711888245556,17.51593611620806,0.0001092649590077599,false
C2-EXTENDED-TABULATED-SURROGATE,exact-v9-5-to-6mwe,74784,720,MCP,suction,pressure,true,1003370.3377532284,141.65947463923678,98.64537771566397,141.65985409113824,43.01409692357281,0.0003794519014661546,false
C2-EXTENDED-TABULATED-SURROGATE,exact-v9-5-to-6mwe,74784,720,CHANNEL,pressure,outlet,true,-565437.4263218731,-150.39114685670472,98.70150009586416,-150.38606945746062,249.09264695256888,0.005077399244100889,true
C2-EXTENDED-TABULATED-SURROGATE,exact-v9-5-to-6mwe,74784,720,RETURN,outlet,drum,true,453784.58942416165,134.72707069095827,98.65933081941434,134.72373057103226,36.067739871543935,0.003340119926008356,false
C2-EXTENDED-TABULATED-SURROGATE,exact-v9-5-to-6mwe,74784,720,FEEDWATER-PUMP,feedwater-inventory,drum,true,1107350.9272908196,33.27688277604769,15.708868040400247,33.27738591298189,17.568014735647445,0.0005031369341992331,false
C2-EXTENDED-TABULATED-SURROGATE,exact-v9-5-to-6mwe,80784,780,MCP,suction,pressure,true,1003806.8106393592,141.69028270416848,98.70453446573217,141.68979707915403,42.985748238436315,0.0004856250144484875,false
C2-EXTENDED-TABULATED-SURROGATE,exact-v9-5-to-6mwe,80784,780,CHANNEL,pressure,outlet,true,-566747.5156021116,-150.56527031186332,98.76044244956803,-150.56613782145132,249.32571276143136,0.0008675095880050776,true
C2-EXTENDED-TABULATED-SURROGATE,exact-v9-5-to-6mwe,80784,780,RETURN,outlet,drum,true,454495.177679787,134.83251502212468,98.72069274565064,134.8362733494581,36.111822276474044,0.003758327333429179,false
C2-EXTENDED-TABULATED-SURROGATE,exact-v9-5-to-6mwe,80784,780,FEEDWATER-PUMP,feedwater-inventory,drum,true,1111203.83544756,33.334724169363696,15.717618890018285,33.335136151207784,17.61710527934541,0.000411981844088416,false
C2-EXTENDED-TABULATED-SURROGATE,exact-v9-5-to-6mwe,86784,840,MCP,suction,pressure,true,1003993.2503725417,141.70344035149898,98.77053345414275,141.70338544009473,42.93290689735623,5.491140424851437E-05,false
C2-EXTENDED-TABULATED-SURROGATE,exact-v9-5-to-6mwe,86784,840,CHANNEL,pressure,outlet,true,-567787.5339718277,-150.70335549971378,98.82570231362976,-150.6996475053378,249.52905781334354,0.0037079943759863454,true
C2-EXTENDED-TABULATED-SURROGATE,exact-v9-5-to-6mwe,86784,840,RETURN,outlet,drum,true,455284.36868236534,134.9495266656931,98.77742532872517,134.9425452774478,36.17210133696793,0.006981388245293374,false
C2-EXTENDED-TABULATED-SURROGATE,exact-v9-5-to-6mwe,86784,840,FEEDWATER-PUMP,feedwater-inventory,drum,true,1115012.7611154383,33.391806796210325,15.727760946968045,33.391898126624945,17.664045849242278,9.133041461950597E-05,false
C2-EXTENDED-TABULATED-SURROGATE,exact-v9-5-to-6mwe,92784,900,MCP,suction,pressure,true,1004119.9132390402,141.7123786575499,98.81669314030025,141.7127833522704,42.895685517249646,0.00040469472051540833,false
C2-EXTENDED-TABULATED-SURROGATE,exact-v9-5-to-6mwe,92784,900,CHANNEL,pressure,outlet,true,-568976.0741592762,-150.8610054532683,98.87092449545497,-150.85588213249673,249.73192994872326,0.005123320771559747,true
C2-EXTENDED-TABULATED-SURROGATE,exact-v9-5-to-6mwe,92784,900,RETURN,outlet,drum,true,455995.20498973865,135.05483404746957,98.83477976193345,135.05092579112213,36.22005428553612,0.003908256347443739,false
C2-EXTENDED-TABULATED-SURROGATE,exact-v9-5-to-6mwe,92784,900,FEEDWATER-PUMP,feedwater-inventory,drum,true,1118596.19592583,33.445421150373186,15.732581783068744,33.44591117501852,17.71283936730444,0.000490024645337428,false
C2-EXTENDED-TABULATED-SURROGATE,exact-v9-5-to-6mwe,98784,960,MCP,suction,pressure,true,1004207.260379089,141.7185422151307,98.88752565577155,141.71792105455938,42.83101655935914,0.0006211605713133395,false
C2-EXTENDED-TABULATED-SURROGATE,exact-v9-5-to-6mwe,98784,960,CHANNEL,pressure,outlet,true,-569721.4207809553,-150.95978547692167,98.94087432528579,-150.95782243743463,249.90065980220746,0.0019630394870375767,true
C2-EXTENDED-TABULATED-SURROGATE,exact-v9-5-to-6mwe,98784,960,RETURN,outlet,drum,true,456656.55706744525,135.15273686721187,98.8967865236066,135.15472003212207,36.25595034360528,0.0019831649102002302,false
C2-EXTENDED-TABULATED-SURROGATE,exact-v9-5-to-6mwe,98784,960,FEEDWATER-PUMP,feedwater-inventory,drum,true,1122352.9079569494,33.50153590444697,15.747141305451722,33.502001972535965,17.754394598995248,0.0004660680889969626,false
C2-EXTENDED-TABULATED-SURROGATE,exact-v9-5-to-6mwe,104784,1020,MCP,suction,pressure,true,1004124.1531976936,141.71267785189113,98.95815158606004,141.7125035025319,42.75452626583109,0.00017434935924143247,false
C2-EXTENDED-TABULATED-SURROGATE,exact-v9-5-to-6mwe,104784,1020,CHANNEL,pressure,outlet,true,-570288.6911090168,-151.03492193648682,99.00991784680633,-151.03247113223784,250.04483978329316,0.002450804248979921,true
C2-EXTENDED-TABULATED-SURROGATE,exact-v9-5-to-6mwe,104784,1020,RETURN,outlet,drum,true,457436.80199865456,135.26814880061818,98.97372381585679,135.26269313046598,36.29442498476139,0.005455670152201719,false
C2-EXTENDED-TABULATED-SURROGATE,exact-v9-5-to-6mwe,104784,1020,FEEDWATER-PUMP,feedwater-inventory,drum,true,1125931.7030978668,33.554905797779654,15.759644825253183,33.554979702223704,17.79526097252647,7.390444405075414E-05,false
C2-EXTENDED-TABULATED-SURROGATE,exact-v9-5-to-6mwe,110784,1080,MCP,suction,pressure,true,1003813.8385893375,141.69077871120177,103.35291123901287,141.69100543525067,38.337867472188904,0.00022672404890045073,false
C2-EXTENDED-TABULATED-SURROGATE,exact-v9-5-to-6mwe,110784,1080,CHANNEL,pressure,outlet,true,-571235.0941971884,-151.1601924049038,103.39386446922852,-151.15511765947855,254.5540568741323,0.005074745425247329,true
C2-EXTENDED-TABULATED-SURROGATE,exact-v9-5-to-6mwe,110784,1080,RETURN,outlet,drum,true,460258.4687501725,135.6847034488667,100.1518209113018,135.67879231881403,35.532882537564916,0.005911130052680846,false
C2-EXTENDED-TABULATED-SURROGATE,exact-v9-5-to-6mwe,110784,1080,FEEDWATER-PUMP,feedwater-inventory,drum,true,1146738.3847011384,33.86352587521179,16.342835448928604,33.8638673386822,17.52069042628319,0.0003414634704057562,false
C2-EXTENDED-TABULATED-SURROGATE,exact-v9-5-to-6mwe,116784,1140,MCP,suction,pressure,true,995262.8194722974,141.08598934495922,107.63222171227824,141.08548718853925,33.45376763268098,0.000502156419969424,false
C2-EXTENDED-TABULATED-SURROGATE,exact-v9-5-to-6mwe,116784,1140,CHANNEL,pressure,outlet,true,-566509.3447093641,-150.5336300910018,107.66330833044553,-150.5275525270191,258.1969384214473,0.006077563982699985,true
C2-EXTENDED-TABULATED-SURROGATE,exact-v9-5-to-6mwe,116784,1140,RETURN,outlet,drum,true,473701.7579008622,137.651989873138,106.70858891241942,137.64360916020055,30.94340096071859,0.008380712937452017,false
C2-EXTENDED-TABULATED-SURROGATE,exact-v9-5-to-6mwe,116784,1140,FEEDWATER-PUMP,feedwater-inventory,drum,true,1159741.41209942,34.0549763191728,16.811237513859524,34.0549965470956,17.243738805313278,2.0227922796323128E-05,false
C2-EXTENDED-TABULATED-SURROGATE,exact-v9-5-to-6mwe,122784,1200,MCP,suction,pressure,true,990839.1493962832,140.77209591366346,111.13471839841384,140.77086285274171,29.637377515249625,0.0012330609217485744,false
C2-EXTENDED-TABULATED-SURROGATE,exact-v9-5-to-6mwe,122784,1200,CHANNEL,pressure,outlet,true,-575065.4074747796,-151.6661343180843,111.15035496051603,-151.66389561319158,262.81648927860033,0.0022387048927043907,true
C2-EXTENDED-TABULATED-SURROGATE,exact-v9-5-to-6mwe,122784,1200,RETURN,outlet,drum,true,482912.2874045524,138.98378141417112,110.45025114711893,138.98336915169614,28.533530267052186,0.0004122624749811621,false
C2-EXTENDED-TABULATED-SURROGATE,exact-v9-5-to-6mwe,122784,1200,FEEDWATER-PUMP,feedwater-inventory,drum,true,1146043.0759952432,33.853257981991085,16.347497105315348,33.85348982463352,17.505760876675737,0.00023184264243525377,false
C2-EXTENDED-TABULATED-SURROGATE,exact-v9-5-to-6mwe,128784,1260,MCP,suction,pressure,true,988425.4930839838,140.60053293526192,115.80175047925907,140.599875774351,24.798782456002854,0.0006571609109187193,false
C2-EXTENDED-TABULATED-SURROGATE,exact-v9-5-to-6mwe,128784,1260,CHANNEL,pressure,outlet,true,-587030.0645912642,-153.2357744903277,115.81314695687205,-153.23064946492983,269.04892144719975,0.005125025397887839,true
C2-EXTENDED-TABULATED-SURROGATE,exact-v9-5-to-6mwe,128784,1260,RETURN,outlet,drum,true,494543.79784591927,140.6476160972406,114.90123858831122,140.64452506094358,25.74637750892937,0.0030910362970075766,false
C2-EXTENDED-TABULATED-SURROGATE,exact-v9-5-to-6mwe,128784,1260,FEEDWATER-PUMP,feedwater-inventory,drum,true,1149435.4807811538,33.903325512125704,16.420487344436587,33.90369178076959,17.482838167689117,0.00036626864388722424,false
C2-EXTENDED-TABULATED-SURROGATE,exact-v9-5-to-6mwe,134784,1320,MCP,suction,pressure,true,986683.5896577211,140.4765880606246,120.16715072912918,140.47655095565736,20.30943733149543,3.710496724806944E-05,false
C2-EXTENDED-TABULATED-SURROGATE,exact-v9-5-to-6mwe,134784,1320,CHANNEL,pressure,outlet,true,-600182.7614228973,-154.9429264500832,120.17677097685305,-154.9373867385417,275.1196974269362,0.005539711541501902,true
C2-EXTENDED-TABULATED-SURROGATE,exact-v9-5-to-6mwe,134784,1320,RETURN,outlet,drum,true,506972.49468613934,142.40400200642387,119.30584756378143,142.40041933124232,23.09815444264244,0.0035826751815477564,false
C2-EXTENDED-TABULATED-SURROGATE,exact-v9-5-to-6mwe,134784,1320,FEEDWATER-PUMP,feedwater-inventory,drum,true,1150673.6779609835,33.9215813010093,16.428040622367472,33.92203577359503,17.493540678641825,0.0004544725857300591,false
C2-EXTENDED-TABULATED-SURROGATE,exact-v9-5-to-6mwe,140784,1380,MCP,suction,pressure,true,985247.1495776544,140.3742960500714,124.47831904568578,140.37478977941765,15.895977004385614,0.000493729346260352,false
C2-EXTENDED-TABULATED-SURROGATE,exact-v9-5-to-6mwe,140784,1380,CHANNEL,pressure,outlet,true,-614380.8621912613,-156.76490196357872,124.48703333297755,-156.76684240595554,281.25193529655627,0.0019404423768207835,true
C2-EXTENDED-TABULATED-SURROGATE,exact-v9-5-to-6mwe,140784,1380,RETURN,outlet,drum,true,519966.39333657944,144.21739053756025,123.62305936996192,144.22180174542063,20.594331167598327,0.004411207860385957,false
C2-EXTENDED-TABULATED-SURROGATE,exact-v9-5-to-6mwe,140784,1380,FEEDWATER-PUMP,feedwater-inventory,drum,true,1151593.2477271734,33.93513294105643,16.423848784460432,33.9356423603236,17.511284156596,0.0005094192671677433,false
C2-EXTENDED-TABULATED-SURROGATE,exact-v9-5-to-6mwe,146784,1440,MCP,suction,pressure,true,983919.9107437491,140.27971419587004,128.71391884782844,140.28068270348223,11.565795348041604,0.0009685076121854763,false
C2-EXTENDED-TABULATED-SURROGATE,exact-v9-5-to-6mwe,146784,1440,CHANNEL,pressure,outlet,true,-629401.8734537534,-158.66970390767779,128.72262416092812,-158.6656077116089,287.39232806860593,0.004096196068871905,true
C2-EXTENDED-TABULATED-SURROGATE,exact-v9-5-to-6mwe,146784,1440,RETURN,outlet,drum,true,533653.3302354027,146.10315947787066,127.86707211614517,146.1006589427961,18.236087361725495,0.0025005350745743726,false
C2-EXTENDED-TABULATED-SURROGATE,exact-v9-5-to-6mwe,146784,1440,FEEDWATER-PUMP,feedwater-inventory,drum,true,1152601.501783424,33.949985298721764,16.421962570710534,33.950510448422875,17.52802272801123,0.0005251497011116157,false
C2-EXTENDED-TABULATED-SURROGATE,exact-v9-5-to-6mwe,152784,1500,MCP,suction,pressure,true,982625.4941406649,140.18740985842237,132.86333866833917,140.18880712278317,7.3240711900832025,0.001397264360804229,false
C2-EXTENDED-TABULATED-SURROGATE,exact-v9-5-to-6mwe,152784,1500,CHANNEL,pressure,outlet,true,-644868.7000318065,-160.60743445205847,132.87192057516725,-160.60530051971023,293.4793550272257,0.002133932348243661,true
C2-EXTENDED-TABULATED-SURROGATE,exact-v9-5-to-6mwe,152784,1500,RETURN,outlet,drum,true,547726.8668912627,148.0171431816278,132.01834626403868,148.01618747970605,15.998796917589118,0.0009557019217538709,false
C2-EXTENDED-TABULATED-SURROGATE,exact-v9-5-to-6mwe,152784,1500,FEEDWATER-PUMP,feedwater-inventory,drum,true,1153604.3337058406,33.96475134173428,16.419441567432013,33.96525166589855,17.545309774302265,0.0005003241642711487,false
C2-EXTENDED-TABULATED-SURROGATE,exact-v9-5-to-6mwe,158784,1560,MCP,suction,pressure,true,981337.3635828437,140.09549340238206,136.92069811946743,140.0972748379026,3.17479528291463,0.0017814355205416632,false
C2-EXTENDED-TABULATED-SURROGATE,exact-v9-5-to-6mwe,158784,1560,CHANNEL,pressure,outlet,true,-660840.2701104055,-162.58416529421376,136.92925813576554,-162.58346677423185,299.5134234299793,0.0006985199819098398,true
C2-EXTENDED-TABULATED-SURROGATE,exact-v9-5-to-6mwe,158784,1560,RETURN,outlet,drum,true,562269.9121159674,149.9693184776096,136.09110412795604,149.96909243057104,13.878214349653547,0.00022604703855222397,false
C2-EXTENDED-TABULATED-SURROGATE,exact-v9-5-to-6mwe,158784,1560,FEEDWATER-PUMP,feedwater-inventory,drum,true,1154619.724593564,33.97969576958516,16.416851659857087,33.98012940172462,17.562844109728076,0.00043363213945468715,false
C2-EXTENDED-TABULATED-SURROGATE,exact-v9-5-to-6mwe,164784,1620,MCP,suction,pressure,true,980052.6505714596,140.0037607045939,140.8927455803511,140.00548713916154,0.8889848757571883,0.0017264345676437642,false
C2-EXTENDED-TABULATED-SURROGATE,exact-v9-5-to-6mwe,164784,1620,CHANNEL,pressure,outlet,true,-677161.6223773602,-164.5796612437102,140.90150434519612,-164.5762061590472,305.4811655889063,0.0034550846630168053,true
C2-EXTENDED-TABULATED-SURROGATE,exact-v9-5-to-6mwe,164784,1620,RETURN,outlet,drum,true,577144.472480077,151.94005034619107,140.06636104370293,151.9357723365192,11.873689302488145,0.004278009671878635,false
C2-EXTENDED-TABULATED-SURROGATE,exact-v9-5-to-6mwe,164784,1620,FEEDWATER-PUMP,feedwater-inventory,drum,true,1155654.3399837464,33.99491638442058,16.414492529597748,33.99524053289019,17.58042385482283,0.00032414846961614785,false
C2-EXTENDED-TABULATED-SURROGATE,exact-v9-5-to-6mwe,170784,1680,MCP,suction,pressure,true,978766.7237877172,139.91188111005565,144.77693985505076,139.91331824064073,4.86505874499511,0.0014371305850886529,false
C2-EXTENDED-TABULATED-SURROGATE,exact-v9-5-to-6mwe,170784,1680,CHANNEL,pressure,outlet,true,-693732.6038659712,-166.58122389584864,144.7855420476597,-166.58422216006204,311.3667659435083,0.00299826421340299,true
C2-EXTENDED-TABULATED-SURROGATE,exact-v9-5-to-6mwe,170784,1680,RETURN,outlet,drum,true,592258.3145841039,153.91664167127658,143.95812946795363,153.91805058160767,9.958512203322954,0.0014089103310936935,false
C2-EXTENDED-TABULATED-SURROGATE,exact-v9-5-to-6mwe,170784,1680,FEEDWATER-PUMP,feedwater-inventory,drum,true,1156724.3181845509,34.01065007000823,16.41293717349613,34.01082122950651,17.597712896512103,0.00017115949827939403,false
C2-EXTENDED-TABULATED-SURROGATE,exact-v9-5-to-6mwe,176784,1740,MCP,suction,pressure,true,977477.5922131757,139.8197119302694,148.5750087198545,139.8208091988301,8.755296789585117,0.0010972685606986943,false
C2-EXTENDED-TABULATED-SURROGATE,exact-v9-5-to-6mwe,176784,1740,CHANNEL,pressure,outlet,true,-710690.7355789822,-168.60495076704981,148.58377412806254,-168.60153859581274,317.1887248951124,0.0034121712370733803,true
C2-EXTENDED-TABULATED-SURROGATE,exact-v9-5-to-6mwe,176784,1740,RETURN,outlet,drum,true,607742.8147742552,155.91572271894265,147.76756501488813,155.90894542432926,8.148157704054512,0.00677729461338572,false
C2-EXTENDED-TABULATED-SURROGATE,exact-v9-5-to-6mwe,176784,1740,FEEDWATER-PUMP,feedwater-inventory,drum,true,1157800.9325037561,34.02647399457893,16.411340061304806,34.02647991723724,17.615133933274123,5.922658310453244E-06,false
C2-EXTENDED-TABULATED-SURROGATE,exact-v9-5-to-6mwe,182784,1800,MCP,suction,pressure,true,976186.3889063554,139.72733368288078,152.29338743305206,139.72803978189026,12.566053750171278,0.0007060990094771569,false
C2-EXTENDED-TABULATED-SURROGATE,exact-v9-5-to-6mwe,182784,1800,CHANNEL,pressure,outlet,true,-727737.1521266005,-170.61502303450308,152.30216273752558,-170.61419870372043,322.9171857720287,0.0008243307826489854,true
C2-EXTENDED-TABULATED-SURROGATE,exact-v9-5-to-6mwe,182784,1800,RETURN,outlet,drum,true,623283.5881748562,157.89662291193642,151.48619472621914,157.89464074599076,6.410428185717279,0.001982165945662473,false
C2-EXTENDED-TABULATED-SURROGATE,exact-v9-5-to-6mwe,182784,1800,FEEDWATER-PUMP,feedwater-inventory,drum,true,1158880.1037229812,34.04232811843193,16.410467189362862,34.042527494485455,17.63186092906907,0.00019937605352282617,false
C2-EXTENDED-TABULATED-SURROGATE,exact-v9-5-to-6mwe,188784,1860,MCP,suction,pressure,true,974894.1727526379,139.6348217854442,155.92840142112064,139.6350865711714,16.29357963567645,0.0002647857272108922,false
C2-EXTENDED-TABULATED-SURROGATE,exact-v9-5-to-6mwe,188784,1860,CHANNEL,pressure,outlet,true,-745052.7567950953,-172.6328771462835,155.93706518758083,-172.63019321103906,328.56994233386433,0.002683935244448321,true
C2-EXTENDED-TABULATED-SURROGATE,exact-v9-5-to-6mwe,188784,1860,RETURN,outlet,drum,true,639085.843109644,159.88568955471206,155.13273815760718,159.88340051776413,4.75295139710488,0.00228903694792848,false
C2-EXTENDED-TABULATED-SURROGATE,exact-v9-5-to-6mwe,188784,1860,FEEDWATER-PUMP,feedwater-inventory,drum,true,1159977.1369282706,34.05843708874896,16.409937947346798,34.05878659881361,17.648499141402162,0.00034951006465178125,false
C2-EXTENDED-TABULATED-SURROGATE,exact-v9-5-to-6mwe,194784,1920,MCP,suction,pressure,true,973602.1612144592,139.54226321903047,159.48691835719436,139.54203652430735,19.94465513816388,0.00022669472312486505,false
C2-EXTENDED-TABULATED-SURROGATE,exact-v9-5-to-6mwe,194784,1920,CHANNEL,pressure,outlet,true,-762469.2164565508,-174.63896660900747,159.4957672940925,-174.63544680765477,334.13473390309997,0.00351980135269514,true
C2-EXTENDED-TABULATED-SURROGATE,exact-v9-5-to-6mwe,194784,1920,RETURN,outlet,drum,true,654982.6855439935,161.86200116691916,158.69547252121015,161.86022525664336,3.1665286457090076,0.0017759102757963774,false
C2-EXTENDED-TABULATED-SURROGATE,exact-v9-5-to-6mwe,194784,1920,FEEDWATER-PUMP,feedwater-inventory,drum,true,1161082.4458175479,34.0746598782372,16.40948347850072,34.07511584191745,17.665176399736477,0.00045596368025258016,false
C2-EXTENDED-TABULATED-SURROGATE,exact-v9-5-to-6mwe,200784,1980,MCP,suction,pressure,true,972311.3006386557,139.44972575366762,162.96973652337766,139.4489567212544,23.52001076971004,0.000769032413217019,false
C2-EXTENDED-TABULATED-SURROGATE,exact-v9-5-to-6mwe,200784,1980,CHANNEL,pressure,outlet,true,-779965.6341294954,-176.63132611510284,162.9784178140301,-176.62975879630204,339.60974392913295,0.0015673188007951921,true
C2-EXTENDED-TABULATED-SURROGATE,exact-v9-5-to-6mwe,200784,1980,RETURN,outlet,drum,true,670959.4413039568,163.8242279156483,162.1815713898335,163.82569160168066,1.6426565258148003,0.0014636860323662404,false
C2-EXTENDED-TABULATED-SURROGATE,exact-v9-5-to-6mwe,200784,1980,FEEDWATER-PUMP,feedwater-inventory,drum,true,1162213.7831990225,34.09125669726804,16.40972877085598,34.09177496736032,17.681527926412056,0.0005182700922858885,false
C2-EXTENDED-TABULATED-SURROGATE,exact-v9-5-to-6mwe,206784,2040,MCP,suction,pressure,true,971022.5322566899,139.35727697229808,166.37642816906947,139.35591661857663,27.01915119677139,0.0013603537214521566,false
C2-EXTENDED-TABULATED-SURROGATE,exact-v9-5-to-6mwe,206784,2040,CHANNEL,pressure,outlet,true,-797634.5639443832,-178.6207786282865,166.38516181282728,-178.61527700964132,345.0059404411138,0.005501618645183726,true
C2-EXTENDED-TABULATED-SURROGATE,exact-v9-5-to-6mwe,206784,2040,RETURN,outlet,drum,true,687103.4223486561,165.78340355399345,165.59886353731875,165.78148776417603,0.18454001667470266,0.001915789817417135,false
C2-EXTENDED-TABULATED-SURROGATE,exact-v9-5-to-6mwe,206784,2040,FEEDWATER-PUMP,feedwater-inventory,drum,true,1163346.9478766154,34.10787222734094,16.409887236633583,34.10840756984613,17.697984990707358,0.0005353425051879412,false
C2-EXTENDED-TABULATED-SURROGATE,exact-v9-5-to-6mwe,212784,2100,MCP,suction,pressure,true,969728.953240585,139.2644213889955,169.71383809689866,139.2629839433668,30.44941670790317,0.001437445628681644,false
C2-EXTENDED-TABULATED-SURROGATE,exact-v9-5-to-6mwe,212784,2100,CHANNEL,pressure,outlet,true,-815217.8335723939,-180.57882861203788,169.72262645054232,-180.57896169327537,350.3014550625802,0.00013308123749311562,true
C2-EXTENDED-TABULATED-SURROGATE,exact-v9-5-to-6mwe,212784,2100,RETURN,outlet,drum,true,703171.0204969776,167.71058648719557,168.93605143390815,167.71440044033594,1.2254649467125773,0.003813953140365811,false
C2-EXTENDED-TABULATED-SURROGATE,exact-v9-5-to-6mwe,212784,2100,FEEDWATER-PUMP,feedwater-inventory,drum,true,1164494.35728963,34.12468838377327,16.41041106115947,34.125191423851874,17.7142773226138,0.0005030400786054656,false
C2-EXTENDED-TABULATED-SURROGATE,exact-v9-5-to-6mwe,218784,2160,MCP,suction,pressure,true,968432.3305628375,139.17128515342793,172.97901217650644,139.1702110211175,33.80772702307851,0.001074132310435516,false
C2-EXTENDED-TABULATED-SURROGATE,exact-v9-5-to-6mwe,218784,2160,CHANNEL,pressure,outlet,true,-832966.3148404025,-182.53397654578202,172.98761671656112,-182.5295042775581,355.5215932623431,0.004472268223935316,true
C2-EXTENDED-TABULATED-SURROGATE,exact-v9-5-to-6mwe,218784,2160,RETURN,outlet,drum,true,719411.6256045211,169.6362727254429,172.20916123198225,169.63375392603567,2.572888506539357,0.0025187994072268793,false
C2-EXTENDED-TABULATED-SURROGATE,exact-v9-5-to-6mwe,218784,2160,FEEDWATER-PUMP,feedwater-inventory,drum,true,1165654.509046523,34.14168286781604,16.411275531313677,34.14210948972004,17.73040733650236,0.00042662190400477584,false
C2-EXTENDED-TABULATED-SURROGATE,exact-v9-5-to-6mwe,224784,2220,MCP,suction,pressure,true,967140.3547253358,139.07842066441046,176.1763330458534,139.07765970037244,37.09791238144294,0.0007609640380223937,false
C2-EXTENDED-TABULATED-SURROGATE,exact-v9-5-to-6mwe,224784,2220,CHANNEL,pressure,outlet,true,-850641.1039361951,-184.46041352400738,176.18508532755888,-184.4591795909021,360.64549885156623,0.0012339331052828584,true
C2-EXTENDED-TABULATED-SURROGATE,exact-v9-5-to-6mwe,224784,2220,RETURN,outlet,drum,true,735577.9738484047,171.53168498541658,175.41189798439535,171.53107105627953,3.8802129989787773,0.0006139291370459432,false
C2-EXTENDED-TABULATED-SURROGATE,exact-v9-5-to-6mwe,224784,2220,FEEDWATER-PUMP,feedwater-inventory,drum,true,1166811.9391998118,34.15862905913836,16.411998822332006,34.158935548047495,17.746630236806357,0.00030648890913198557,false
C2-EXTENDED-TABULATED-SURROGATE,exact-v9-5-to-6mwe,230784,2280,MCP,suction,pressure,true,965853.674956394,138.9858751784795,179.3084599433659,138.98537867964222,40.322584764886415,0.0004964988372648804,false
C2-EXTENDED-TABULATED-SURROGATE,exact-v9-5-to-6mwe,230784,2280,CHANNEL,pressure,outlet,true,-868319.0797272875,-186.3672803608281,179.31706892067535,-186.3649749654523,365.68434928150344,0.002305395375799435,true
C2-EXTENDED-TABULATED-SURROGATE,exact-v9-5-to-6mwe,230784,2280,RETURN,outlet,drum,true,751753.3640732266,173.40742360962827,178.5448361716075,173.40388378176982,5.137412561979232,0.0035398278584466425,false
C2-EXTENDED-TABULATED-SURROGATE,exact-v9-5-to-6mwe,230784,2280,FEEDWATER-PUMP,feedwater-inventory,drum,true,1167985.3418437298,34.17580052966909,16.41323357442894,34.175943736351975,17.76256695524015,0.00014320668288547722,false
C2-EXTENDED-TABULATED-SURROGATE,exact-v9-5-to-6mwe,236784,2340,MCP,suction,pressure,true,964572.9012150274,138.89369324883168,182.3735065866,138.89341195792812,43.47981333776832,0.00028129090355832886,false
C2-EXTENDED-TABULATED-SURROGATE,exact-v9-5-to-6mwe,236784,2340,CHANNEL,pressure,outlet,true,-886005.2127608729,-188.25569980862443,182.38206583436227,-188.25359449955278,370.63776564298666,0.002105309071652073,true
C2-EXTENDED-TABULATED-SURROGATE,exact-v9-5-to-6mwe,236784,2340,RETURN,outlet,drum,true,767931.1638687381,175.26336341274956,181.61942845004094,175.25887646025268,6.356065037291387,0.004486952496876029,false
C2-EXTENDED-TABULATED-SURROGATE,exact-v9-5-to-6mwe,236784,2340,FEEDWATER-PUMP,feedwater-inventory,drum,true,1169150.0370066697,34.19283604801844,16.41440040071494,34.192875654500725,17.778435647303503,3.960648228229502E-05,false
C2-EXTENDED-TABULATED-SURROGATE,exact-v9-5-to-6mwe,242784,2400,MCP,suction,pressure,true,963298.6992086598,138.8019235607821,185.37785372417375,138.80180914441027,46.57593016339166,0.00011441637181519582,false
C2-EXTENDED-TABULATED-SURROGATE,exact-v9-5-to-6mwe,242784,2400,CHANNEL,pressure,outlet,true,-903576.718570573,-190.11330501262378,185.38650144188568,-190.1136134491824,375.49980645450944,0.000308436558611902,true
C2-EXTENDED-TABULATED-SURROGATE,exact-v9-5-to-6mwe,242784,2400,RETURN,outlet,drum,true,783976.8838238745,177.08493824420805,184.6243056277255,177.0842291546667,7.539367383517458,0.00070908954134552,false
C2-EXTENDED-TABULATED-SURROGATE,exact-v9-5-to-6mwe,242784,2400,FEEDWATER-PUMP,feedwater-inventory,drum,true,1170294.5803186614,34.20956854914516,16.41567134810297,34.20979160687153,17.793897201042192,0.00022305772637309929,false
C2-EXTENDED-TABULATED-SURROGATE,exact-v9-5-to-6mwe,248784,2460,MCP,suction,pressure,true,962031.4826425202,138.7105967576032,188.31987894319357,138.71060089315392,49.60928218559036,4.1355507107709855E-06,false
C2-EXTENDED-TABULATED-SURROGATE,exact-v9-5-to-6mwe,248784,2460,CHANNEL,pressure,outlet,true,-921163.0996941018,-191.95448415643764,188.32830960963838,-191.95204788736933,380.282793766076,0.002436269068311958,true
C2-EXTENDED-TABULATED-SURROGATE,exact-v9-5-to-6mwe,248784,2460,RETURN,outlet,drum,true,800044.1790180552,178.89037749617,187.5713974220553,178.88765853725448,8.681019925885295,0.0027189589155227623,false
C2-EXTENDED-TABULATED-SURROGATE,exact-v9-5-to-6mwe,248784,2460,FEEDWATER-PUMP,feedwater-inventory,drum,true,1171448.5621701237,34.22643075417189,16.41728764558612,34.22679383196006,17.809143108585772,0.00036307778816535574,false
C2-EXTENDED-TABULATED-SURROGATE,exact-v9-5-to-6mwe,254784,2520,MCP,suction,pressure,true,960771.759381604,138.61975035193245,191.20184153307503,138.6198265178397,52.58209118114257,7.61659072452403E-05,false
C2-EXTENDED-TABULATED-SURROGATE,exact-v9-5-to-6mwe,254784,2520,CHANNEL,pressure,outlet,true,-938617.0246009495,-193.76449877115772,191.2103694478374,-193.76659616921646,384.9748682189951,0.002097398058737099,true
C2-EXTENDED-TABULATED-SURROGATE,exact-v9-5-to-6mwe,254784,2520,RETURN,outlet,drum,true,815982.3902209818,180.66348720435812,190.45978790825336,180.6663271887605,9.796300703895241,0.0028399844023851983,false
C2-EXTENDED-TABULATED-SURROGATE,exact-v9-5-to-6mwe,254784,2520,FEEDWATER-PUMP,feedwater-inventory,drum,true,1172594.3412392568,34.24316488351006,16.418678845056256,34.24362517489446,17.824486038453806,0.0004602913843996248,false
C2-EXTENDED-TABULATED-SURROGATE,exact-v9-5-to-6mwe,260784,2580,MCP,suction,pressure,true,959519.8600593351,138.5294091562752,194.02772446979117,138.529510194358,55.498315313515974,0.00010103808281769489,false
C2-EXTENDED-TABULATED-SURROGATE,exact-v9-5-to-6mwe,260784,2580,CHANNEL,pressure,outlet,true,-956027.8732217391,-195.55335570853688,194.03619064566877,-195.55125890924674,389.58954635420565,0.002096799290143281,true
C2-EXTENDED-TABULATED-SURROGATE,exact-v9-5-to-6mwe,260784,2580,RETURN,outlet,drum,true,831888.0317066615,182.41579226664138,193.28486942237242,182.4145988964576,10.869077155731048,0.0011933701837847366,false
C2-EXTENDED-TABULATED-SURROGATE,exact-v9-5-to-6mwe,260784,2580,FEEDWATER-PUMP,feedwater-inventory,drum,true,1173751.9982626783,34.260064189412695,16.420541830614425,34.26057921727215,17.83952235879827,0.0005150278594570068,false
C2-EXTENDED-TABULATED-SURROGATE,exact-v9-5-to-6mwe,266784,2640,MCP,suction,pressure,true,958276.4984599131,138.43962571893303,196.79409050281456,138.43970624618262,58.354464783881525,8.05272495938425E-05,false
C2-EXTENDED-TABULATED-SURROGATE,exact-v9-5-to-6mwe,266784,2640,CHANNEL,pressure,outlet,true,-973311.4474361102,-197.31309611235744,196.80245938528338,-197.31232989696818,394.1155554976408,0.0007662153892624701,true
C2-EXTENDED-TABULATED-SURROGATE,exact-v9-5-to-6mwe,266784,2640,RETURN,outlet,drum,true,847672.3738331114,184.13824956625513,196.05575640558573,184.13872563333166,11.9175068393306,0.0004760670765335817,false
C2-EXTENDED-TABULATED-SURROGATE,exact-v9-5-to-6mwe,266784,2640,FEEDWATER-PUMP,feedwater-inventory,drum,true,1174889.3716895636,34.27665928426462,16.421848646560143,34.27718747670878,17.854810637704475,0.0005281924441646879,false
C2-EXTENDED-TABULATED-SURROGATE,exact-v9-5-to-6mwe,272784,2700,MCP,suction,pressure,true,957042.0347571443,138.35042715923535,199.5071667007628,138.35044202037005,61.15673954152746,1.4861134701504852E-05,false
C2-EXTENDED-TABULATED-SURROGATE,exact-v9-5-to-6mwe,272784,2700,CHANNEL,pressure,outlet,true,-990514.1397631177,-199.04915370461816,199.51544541097397,-199.0482435324738,398.56459911559216,0.000910172144358512,true
C2-EXTENDED-TABULATED-SURROGATE,exact-v9-5-to-6mwe,272784,2700,RETURN,outlet,drum,true,863382.6252063086,185.83676979610988,198.77279864194966,185.83712223225325,12.936028845839786,0.00035243614337332474,false
C2-EXTENDED-TABULATED-SURROGATE,exact-v9-5-to-6mwe,272784,2700,FEEDWATER-PUMP,feedwater-inventory,drum,true,1176041.4839707278,34.293461242206625,16.423700985890665,34.2939615558624,17.86976025631596,0.0005003136557775179,false
C2-EXTENDED-TABULATED-SURROGATE,exact-v9-5-to-6mwe,278784,2760,MCP,suction,pressure,true,955816.1922772523,138.26179459830922,202.16704390239858,138.26169949536688,63.90524930408935,9.51029423390537E-05,false
C2-EXTENDED-TABULATED-SURROGATE,exact-v9-5-to-6mwe,278784,2760,CHANNEL,pressure,outlet,true,-1007625.5712151214,-200.7611089046005,202.17524003685767,-200.75839063568077,402.93634894145816,0.0027182689197218224,true
C2-EXTENDED-TABULATED-SURROGATE,exact-v9-5-to-6mwe,278784,2760,RETURN,outlet,drum,true,879009.6651643484,187.5110306263979,201.4369258659373,187.5092745608252,13.925895239539386,0.0017560655727208996,false
C2-EXTENDED-TABULATED-SURROGATE,exact-v9-5-to-6mwe,278784,2760,FEEDWATER-PUMP,feedwater-inventory,drum,true,1177190.6354061672,34.31021182397694,16.425560531850916,34.31064400046073,17.884651292126026,0.0004321764837840192,false
C2-EXTENDED-TABULATED-SURROGATE,exact-v9-5-to-6mwe,284784,2820,MCP,suction,pressure,true,954599.3173514482,138.17375419025484,204.77541611689645,138.17350543677284,66.60166192664161,0.00024875348199770997,false
C2-EXTENDED-TABULATED-SURROGATE,exact-v9-5-to-6mwe,284784,2820,CHANNEL,pressure,outlet,true,-1024562.7510704667,-202.4413743354324,204.78353857736138,-202.44270987105975,407.2249129127938,0.0013355356273336838,true
C2-EXTENDED-TABULATED-SURROGATE,exact-v9-5-to-6mwe,284784,2820,RETURN,outlet,drum,true,894470.7705716875,189.15292972319384,204.04960365234342,189.1551445214319,14.896673929149586,0.0022147982380715803,false
C2-EXTENDED-TABULATED-SURROGATE,exact-v9-5-to-6mwe,284784,2820,FEEDWATER-PUMP,feedwater-inventory,drum,true,1178337.9802865507,34.32692791798518,16.427472295447043,34.32725231184904,17.899455622538138,0.0003243938638561872,false
C2-EXTENDED-TABULATED-SURROGATE,exact-v9-5-to-6mwe,290784,2880,MCP,suction,pressure,true,953391.5943795686,138.08632042165283,207.33377758786918,138.08587626100348,69.24745716621635,0.00044416064935148825,false
C2-EXTENDED-TABULATED-SURROGATE,exact-v9-5-to-6mwe,290784,2880,CHANNEL,pressure,outlet,true,-1041468.9087026021,-204.10476806802941,207.3418342501813,-204.1012081886628,411.4466023182107,0.0035598793666054007,true
C2-EXTENDED-TABULATED-SURROGATE,exact-v9-5-to-6mwe,290784,2880,RETURN,outlet,drum,true,909909.4674105057,190.77834965325658,206.61224207490923,190.7747710836065,15.83389242165265,0.0035785696500738595,false
C2-EXTENDED-TABULATED-SURROGATE,exact-v9-5-to-6mwe,290784,2880,FEEDWATER-PUMP,feedwater-inventory,drum,true,1179482.652502777,34.34359696512258,16.429417397149464,34.34377486218361,17.914179567973115,0.00017789706102888658,false
C2-EXTENDED-TABULATED-SURROGATE,exact-v9-5-to-6mwe,296784,2940,MCP,suction,pressure,true,952193.1790293339,137.99950572587815,209.8436045137642,137.99882449767415,71.84409878788605,0.0006812282040016271,false
C2-EXTENDED-TABULATED-SURROGATE,exact-v9-5-to-6mwe,296784,2940,CHANNEL,pressure,outlet,true,-1058187.9637161933,-205.73652701610314,209.85160473395024,-205.73396676644433,415.5881317500534,0.002560249658813518,true
C2-EXTENDED-TABULATED-SURROGATE,exact-v9-5-to-6mwe,296784,2940,RETURN,outlet,drum,true,925168.8242234284,192.37139332275248,209.12622814022464,192.3682703187472,16.754834817472158,0.0031230040052889763,false
C2-EXTENDED-TABULATED-SURROGATE,exact-v9-5-to-6mwe,296784,2940,FEEDWATER-PUMP,feedwater-inventory,drum,true,1180623.3705129046,34.360200385226285,16.431391715743757,34.36020714422042,17.928808669482528,6.758994132383123E-06,false
C2-EXTENDED-TABULATED-SURROGATE,exact-v9-5-to-6mwe,302784,3000,MCP,suction,pressure,true,950999.593215986,137.9129865687772,212.3063297738344,137.9123600831014,74.39334320505719,0.0006264856758093629,false
C2-EXTENDED-TABULATED-SURROGATE,exact-v9-5-to-6mwe,302784,3000,CHANNEL,pressure,outlet,true,-1074785.570205921,-207.34373105603373,212.3142823291833,-207.34112649875135,419.65801338521703,0.0026045572823818475,true
C2-EXTENDED-TABULATED-SURROGATE,exact-v9-5-to-6mwe,302784,3000,RETURN,outlet,drum,true,940293.6114065605,193.93747563651132,211.5929155973646,193.93581803886806,17.655439960853272,0.0016575976432591233,false
C2-EXTENDED-TABULATED-SURROGATE,exact-v9-5-to-6mwe,302784,3000,FEEDWATER-PUMP,feedwater-inventory,drum,true,1181733.969164324,34.37635770648665,16.433391890320323,34.376545342342254,17.94296581616633,0.00018763585560321872,false
C2-EXTENDED-TABULATED-SURROGATE,exact-v9-5-to-6mwe,308784,3060,MCP,suction,pressure,true,949806.6864520566,137.82646236859281,214.72334342118245,137.82649243169988,76.89688105258963,3.006310706155091E-05,false
C2-EXTENDED-TABULATED-SURROGATE,exact-v9-5-to-6mwe,308784,3060,CHANNEL,pressure,outlet,true,-1091257.1487985475,-208.92650849507322,214.7312569384328,-208.92287956892855,423.65776543350603,0.0036289261446711407,true
C2-EXTENDED-TABULATED-SURROGATE,exact-v9-5-to-6mwe,308784,3060,RETURN,outlet,drum,true,955310.7894971662,195.4800030179216,214.01362114662973,195.47763976544178,18.533618128708127,0.002363252479824496,false
C2-EXTENDED-TABULATED-SURROGATE,exact-v9-5-to-6mwe,308784,3060,FEEDWATER-PUMP,feedwater-inventory,drum,true,1182841.1131746555,34.392457213387,16.435415497454027,34.392786609690084,17.95704171593297,0.00032939630308703727,false
C2-EXTENDED-TABULATED-SURROGATE,exact-v9-5-to-6mwe,314784,3120,MCP,suction,pressure,true,948623.4570861347,137.7405863996618,217.09599205078763,137.74122756383707,79.35540565112584,0.0006411641752777086,false
C2-EXTENDED-TABULATED-SURROGATE,exact-v9-5-to-6mwe,314784,3120,CHANNEL,pressure,outlet,true,-1107534.3055771505,-210.47891158756505,217.1038756993173,-210.4794606424018,427.58278728688236,0.0005490548367390602,true
C2-EXTENDED-TABULATED-SURROGATE,exact-v9-5-to-6mwe,314784,3120,RETURN,outlet,drum,true,970143.2413341813,196.9916994529649,216.3896248928349,196.9940037143121,19.397925439869994,0.0023042613472057383,false
C2-EXTENDED-TABULATED-SURROGATE,exact-v9-5-to-6mwe,314784,3120,FEEDWATER-PUMP,feedwater-inventory,drum,true,1183944.610915849,34.408496202476634,16.437462004386028,34.40892909945247,17.971034198090607,0.00043289697583759335,false
C2-EXTENDED-TABULATED-SURROGATE,exact-v9-5-to-6mwe,320784,3180,MCP,suction,pressure,true,947449.9450801854,137.65536277822127,219.425578629579,137.65657122607007,81.77021585135773,0.001208447848796368,false
C2-EXTENDED-TABULATED-SURROGATE,exact-v9-5-to-6mwe,320784,3180,CHANNEL,pressure,outlet,true,-1123742.0906824686,-212.01340435759892,219.4334397897596,-212.0111433577922,431.44684414735855,0.0022609998067082415,true
C2-EXTENDED-TABULATED-SURROGATE,exact-v9-5-to-6mwe,320784,3180,RETURN,outlet,drum,true,984916.2091924741,198.48588959343928,218.72217172213612,198.48521454569902,20.236282128696843,0.0006750477402590604,false
C2-EXTENDED-TABULATED-SURROGATE,exact-v9-5-to-6mwe,320784,3180,FEEDWATER-PUMP,feedwater-inventory,drum,true,1185044.3300006036,34.424472835478596,16.43953152434204,34.424971638271415,17.984941311136556,0.0004988027928192196,false
C2-EXTENDED-TABULATED-SURROGATE,exact-v9-5-to-6mwe,326784,3240,MCP,suction,pressure,true,946291.4267768979,137.57117625265096,221.71334574242326,137.57252652932127,84.1421694897723,0.0013502766703084035,false
C2-EXTENDED-TABULATED-SURROGATE,exact-v9-5-to-6mwe,326784,3240,CHANNEL,pressure,outlet,true,-1139768.605007479,-213.5198918140864,221.72117740411193,-213.51828350499986,435.24106921819833,0.0016083090865492977,true
C2-EXTENDED-TABULATED-SURROGATE,exact-v9-5-to-6mwe,326784,3240,RETURN,outlet,drum,true,999517.9458308136,199.95178877227517,221.01253280736856,199.95166292601857,21.060744035093393,0.0001258462565942864,false
C2-EXTENDED-TABULATED-SURROGATE,exact-v9-5-to-6mwe,326784,3240,FEEDWATER-PUMP,feedwater-inventory,drum,true,1186140.1576493988,34.44038556185745,16.44162482218305,34.440913567188886,17.998760739674395,0.000528005331439374,false
C2-EXTENDED-TABULATED-SURROGATE,exact-v9-5-to-6mwe,332784,3300,MCP,suction,pressure,true,945144.7241042334,137.48779757522,223.9604741032654,137.4890965674574,86.47267652804541,0.0012989922374231355,false
C2-EXTENDED-TABULATED-SURROGATE,exact-v9-5-to-6mwe,332784,3300,CHANNEL,pressure,outlet,true,-1155628.5500676732,-215.0003302385997,223.9682665717751,-215.0012961120561,438.96859681037483,0.000965873456408417,true
C2-EXTENDED-TABULATED-SURROGATE,exact-v9-5-to-6mwe,332784,3300,RETURN,outlet,drum,true,1013963.2723599714,201.39148664826638,223.261986263734,201.39379561796449,21.870499615467622,0.0023089696981060115,false
C2-EXTENDED-TABULATED-SURROGATE,exact-v9-5-to-6mwe,332784,3300,FEEDWATER-PUMP,feedwater-inventory,drum,true,1187231.9804082196,34.456232823804456,16.443741387639363,34.45675398362455,18.012491436165092,0.0005211598200958178,false
C2-EXTENDED-TABULATED-SURROGATE,exact-v9-5-to-6mwe,338784,3360,MCP,suction,pressure,true,944007.704515247,137.4050730151727,226.16810379717262,137.406282570925,88.76303078199993,0.0012095557522968647,false
C2-EXTENDED-TABULATED-SURROGATE,exact-v9-5-to-6mwe,338784,3360,CHANNEL,pressure,outlet,true,-1171399.625260876,-216.46243325444496,226.1758475394781,-216.46061053450723,442.63828079392306,0.0018227199377349734,true
C2-EXTENDED-TABULATED-SURROGATE,exact-v9-5-to-6mwe,338784,3360,RETURN,outlet,drum,true,1028329.9701396445,202.8132116149877,225.47176585884353,202.81207279221283,22.658554243855832,0.0011388227748625468,false
C2-EXTENDED-TABULATED-SURROGATE,exact-v9-5-to-6mwe,338784,3360,FEEDWATER-PUMP,feedwater-inventory,drum,true,1188319.6526303273,34.47201259906835,16.445879819863432,34.47249181029934,18.026132779204918,0.0004792112309885965,false
C2-EXTENDED-TABULATED-SURROGATE,exact-v9-5-to-6mwe,344784,3420,MCP,suction,pressure,true,942880.3473642953,137.32300225121028,228.33733714772254,137.3240852195966,91.01433489651225,0.0010829683863278206,false
C2-EXTENDED-TABULATED-SURROGATE,exact-v9-5-to-6mwe,344784,3420,CHANNEL,pressure,outlet,true,-1186975.843705569,-217.89684198772306,228.34502287175533,-217.89666582382438,446.24186485947837,0.00017616389868635451,true
C2-EXTENDED-TABULATED-SURROGATE,exact-v9-5-to-6mwe,344784,3420,RETURN,outlet,drum,true,1042512.1021657801,204.20696385439751,227.64306057827056,204.2069592335574,23.43609672387305,4.62084011587649E-06,false
C2-EXTENDED-TABULATED-SURROGATE,exact-v9-5-to-6mwe,344784,3420,FEEDWATER-PUMP,feedwater-inventory,drum,true,1189403.0178243294,34.487722711485745,16.448037570856112,34.48812558186693,18.039685140629633,0.000402870381186915,false
C2-EXTENDED-TABULATED-SURROGATE,exact-v9-5-to-6mwe,350784,3480,MCP,suction,pressure,true,941762.6215598487,137.24158419078734,230.46923942892704,137.24250384509403,93.2276552381397,0.000919654306699158,false
C2-EXTENDED-TABULATED-SURROGATE,exact-v9-5-to-6mwe,350784,3480,CHANNEL,pressure,outlet,true,-1202418.669749541,-219.30970518876185,230.4768574094089,-219.30990908190185,449.78656259817075,0.00020389313999658043,true
C2-EXTENDED-TABULATED-SURROGATE,exact-v9-5-to-6mwe,350784,3480,RETURN,outlet,drum,true,1056571.1663888013,205.57929529880204,229.77701658030506,205.57892815306127,24.19772128150302,0.0003671457407676826,false
C2-EXTENDED-TABULATED-SURROGATE,exact-v9-5-to-6mwe,350784,3480,FEEDWATER-PUMP,feedwater-inventory,drum,true,1190481.9229385015,34.50336103828874,16.45021166642716,34.50365401094259,18.05314937186158,0.00029297265385253013,false
C2-EXTENDED-TABULATED-SURROGATE,exact-v9-5-to-6mwe,356784,3540,MCP,suction,pressure,true,940616.8420799049,137.15807246238953,232.43091089359083,137.15880286545703,95.27283843120131,0.0007304030675072681,false
C2-EXTENDED-TABULATED-SURROGATE,exact-v9-5-to-6mwe,356784,3540,CHANNEL,pressure,outlet,true,-1217391.4029618197,-220.67092268460016,232.43803736559047,-220.66923840531075,453.1089600501906,0.0016842792894067316,true
C2-EXTENDED-TABULATED-SURROGATE,exact-v9-5-to-6mwe,356784,3540,RETURN,outlet,drum,true,1070492.508934878,206.92921581399548,231.8514229713291,206.92602290120877,24.922207157333617,0.0031929127867158513,false
C2-EXTENDED-TABULATED-SURROGATE,exact-v9-5-to-6mwe,356784,3540,FEEDWATER-PUMP,feedwater-inventory,drum,true,1190425.747900893,34.50254697701161,16.41975547436674,34.502711809890684,18.08279150264487,0.00016483287907220756,false
C2-EXTENDED-TABULATED-SURROGATE,exact-v9-5-to-6mwe,362784,3600,MCP,suction,pressure,true,939577.9611373065,137.08230820476481,233.94763612278393,137.0828589798548,96.86532791801912,0.0005507750899766961,false
C2-EXTENDED-TABULATED-SURROGATE,exact-v9-5-to-6mwe,362784,3600,CHANNEL,pressure,outlet,true,-1229369.5378628478,-221.75387598532276,233.95344100357076,-221.75347245491142,455.7073169888935,0.00040353041134721934,true
C2-EXTENDED-TABULATED-SURROGATE,exact-v9-5-to-6mwe,362784,3600,RETURN,outlet,drum,true,1081873.2261406572,208.02627008535794,233.50781392423573,208.02376625975663,25.481543838877798,0.0025038256013090177,false
C2-EXTENDED-TABULATED-SURROGATE,exact-v9-5-to-6mwe,362784,3600,FEEDWATER-PUMP,feedwater-inventory,drum,true,1188865.451727002,34.47992824422641,16.348579196418328,34.47997742903201,18.13134904780808,4.918480560434091E-05,false
D2-SEAM-COMPLETE-IF97-COMPARATOR,background-reference,0,0,MCP,suction,pressure,true,988447.1381143581,140.60207239684328,99.99999997333269,140.60207245483593,40.60207242351059,5.79926506816264E-08,false
D2-SEAM-COMPLETE-IF97-COMPARATOR,background-reference,0,0,CHANNEL,pressure,outlet,true,-504906.48386691464,-142.1135438819136,99.99999996288139,-142.11354382289005,242.113543844795,5.9023562926086015E-08,true
D2-SEAM-COMPLETE-IF97-COMPARATOR,background-reference,0,0,RETURN,outlet,drum,true,424849.29806767724,130.36092943327418,100.00000029567853,130.36092910618171,30.360929137595647,3.2709246511331003E-07,false
D2-SEAM-COMPLETE-IF97-COMPARATOR,background-reference,0,0,FEEDWATER-PUMP,feedwater-inventory,drum,true,1160459.2454095576,34.065514019453126,13.339237172210026,34.06551370276052,20.7262768472431,3.166926063613573E-07,false
D2-SEAM-COMPLETE-IF97-COMPARATOR,background-reference,6000,60,MCP,suction,pressure,true,988447.1381242968,140.60207239755016,100.000000003839,140.60207245483593,40.602072393711154,5.728577434638282E-08,false
D2-SEAM-COMPLETE-IF97-COMPARATOR,background-reference,6000,60,CHANNEL,pressure,outlet,true,-504906.4827340972,-142.11354372248934,100.00000043029934,-142.11354382289005,242.11354415278868,1.0040071174444165E-07,true
D2-SEAM-COMPLETE-IF97-COMPARATOR,background-reference,6000,60,RETURN,outlet,drum,true,424849.29648868873,130.36092919102543,99.99999987008255,130.36092910618171,30.360929320942887,8.484371960548742E-08,false
D2-SEAM-COMPLETE-IF97-COMPARATOR,background-reference,6000,60,FEEDWATER-PUMP,feedwater-inventory,drum,true,1160459.2451187875,34.06551401518532,13.339237023112535,34.065513705715254,20.726276992072787,3.0947006735004834E-07,false
D2-SEAM-COMPLETE-IF97-COMPARATOR,background-reference,12000,120,MCP,suction,pressure,true,988447.1381312317,140.6020723980434,100.00000010143063,140.60207245483593,40.60207229661276,5.679254400092759E-08,false
D2-SEAM-COMPLETE-IF97-COMPARATOR,background-reference,12000,120,CHANNEL,pressure,outlet,true,-504906.4826400746,-142.1135437092573,100.00000009932015,-142.11354382289005,242.11354380857745,1.1363275120856997E-07,true
D2-SEAM-COMPLETE-IF97-COMPARATOR,background-reference,12000,120,RETURN,outlet,drum,true,424849.2964415602,130.36092918379498,100.00000029567853,130.36092910618171,30.360928888116447,7.761326514810207E-08,false
D2-SEAM-COMPLETE-IF97-COMPARATOR,background-reference,12000,120,FEEDWATER-PUMP,feedwater-inventory,drum,true,1160459.2451109653,34.06551401507051,13.339237176842365,34.06551370675567,20.726276838228145,3.083148456539675E-07,false
D2-SEAM-COMPLETE-IF97-COMPARATOR,background-reference,18000,180,MCP,suction,pressure,true,988447.1381114803,140.60207239663862,100.00000009616716,140.60207245483593,40.60207230047146,5.819731541123474E-08,false
D2-SEAM-COMPLETE-IF97-COMPARATOR,background-reference,18000,180,CHANNEL,pressure,outlet,true,-504906.48402132624,-142.11354390364434,100.00000009680781,-142.11354382289005,242.11354400045215,8.075429036580317E-08,true
D2-SEAM-COMPLETE-IF97-COMPARATOR,background-reference,18000,180,RETURN,outlet,drum,true,424849.2978218676,130.360929395562,100.00000029567853,130.36092910618171,30.360929099883478,2.89380295726005E-07,false
D2-SEAM-COMPLETE-IF97-COMPARATOR,background-reference,18000,180,FEEDWATER-PUMP,feedwater-inventory,drum,true,1160459.245430626,34.06551401976236,13.339237190766049,34.06551371802623,20.726276828996312,3.0173612941553074E-07,false
D2-SEAM-COMPLETE-IF97-COMPARATOR,background-reference,24000,240,MCP,suction,pressure,true,988447.1381159576,140.60207239695706,100.00000018385984,140.60207245483593,40.602072213097216,5.7878878578776494E-08,false
D2-SEAM-COMPLETE-IF97-COMPARATOR,background-reference,24000,240,CHANNEL,pressure,outlet,true,-504906.48542707996,-142.11354410147965,99.99999976134636,-142.11354436030103,242.11354386282602,2.588213874332723E-07,true
D2-SEAM-COMPLETE-IF97-COMPARATOR,background-reference,24000,240,RETURN,outlet,drum,true,424849.2992334505,130.36092961212734,100.00000072127246,130.36092969204267,30.36092889085488,7.99153383468365E-08,false
D2-SEAM-COMPLETE-IF97-COMPARATOR,background-reference,24000,240,FEEDWATER-PUMP,feedwater-inventory,drum,true,1160459.2450946625,34.06551401483122,13.339237178719115,34.065513713317145,20.726276836112106,3.0151407770517835E-07,false
D2-SEAM-COMPLETE-IF97-COMPARATOR,background-reference,30000,300,MCP,suction,pressure,true,988447.13810987,140.60207239652408,100.00000033101328,140.60207245483593,40.6020720655108,5.831185490023927E-08,false
D2-SEAM-COMPLETE-IF97-COMPARATOR,background-reference,30000,300,CHANNEL,pressure,outlet,true,-504906.4851839118,-142.11354406725798,99.99999990880563,-142.113544091596,242.11354397606362,2.43380213760247E-08,true
D2-SEAM-COMPLETE-IF97-COMPARATOR,background-reference,30000,300,RETURN,outlet,drum,true,424849.29901974235,130.3609295793402,100.00000072127246,130.36092939911268,30.360928858067737,1.8022751646640245E-07,false
D2-SEAM-COMPLETE-IF97-COMPARATOR,background-reference,30000,300,FEEDWATER-PUMP,feedwater-inventory,drum,true,1160459.2451736573,34.06551401599068,13.339237182691566,34.06551371772178,20.726276833299114,2.9826890113326954E-07,false
D2-SEAM-COMPLETE-IF97-COMPARATOR,background-reference,36000,360,MCP,suction,pressure,true,988447.1380962098,140.60207239555254,100.00000036006765,140.60207245483593,40.602072035484895,5.928339419369877E-08,false
D2-SEAM-COMPLETE-IF97-COMPARATOR,background-reference,36000,360,CHANNEL,pressure,outlet,true,-504906.48489854805,-142.113544027098,100.00000035644844,-142.113544091596,242.1135443835464,6.449801048802328E-08,true
D2-SEAM-COMPLETE-IF97-COMPARATOR,background-reference,36000,360,RETURN,outlet,drum,true,424849.2987909156,130.36092954423356,99.99999989456386,130.36092939911268,30.3609296496697,1.4512087886942027E-07,false
D2-SEAM-COMPLETE-IF97-COMPARATOR,background-reference,36000,360,FEEDWATER-PUMP,feedwater-inventory,drum,true,1160459.2459054906,34.06551402673224,13.339237210683912,34.065513731489276,20.726276816048326,2.952429625224795E-07,false
D2-SEAM-COMPLETE-IF97-COMPARATOR,background-reference,42000,420,MCP,suction,pressure,true,988447.1380769977,140.6020723941861,100.00000053991201,140.60207245483593,40.6020718542741,6.06498247179843E-08,false
D2-SEAM-COMPLETE-IF97-COMPARATOR,background-reference,42000,420,CHANNEL,pressure,outlet,true,-504906.48492328293,-142.113544030579,100.00000011285562,-142.113544091596,242.1135441434346,6.101700478211569E-08,true
D2-SEAM-COMPLETE-IF97-COMPARATOR,background-reference,42000,420,RETURN,outlet,drum,true,424849.29880728474,130.36092954674493,100.00000114687066,130.36092939911268,30.36092839987427,1.476322495364002E-07,false
D2-SEAM-COMPLETE-IF97-COMPARATOR,background-reference,42000,420,FEEDWATER-PUMP,feedwater-inventory,drum,true,1160459.2453388246,34.06551401841494,13.339237038396698,34.065513730895894,20.72627698001824,2.875190432405361E-07,false
D2-SEAM-COMPLETE-IF97-COMPARATOR,background-reference,48000,480,MCP,suction,pressure,true,988447.1380584401,140.60207239286623,100.00000075982659,140.60207245483593,40.60207163303964,6.196970048222283E-08,false
D2-SEAM-COMPLETE-IF97-COMPARATOR,background-reference,48000,480,CHANNEL,pressure,outlet,true,-504906.484556817,-142.11354397900533,100.00000037672613,-142.113544091596,242.11354435573145,1.1259066923230421E-07,true
D2-SEAM-COMPLETE-IF97-COMPARATOR,background-reference,48000,480,RETURN,outlet,drum,true,424849.2984993817,130.36092949950637,100.00000114687066,130.36092939911268,30.36092835263571,1.0039369158221234E-07,false
D2-SEAM-COMPLETE-IF97-COMPARATOR,background-reference,48000,480,FEEDWATER-PUMP,feedwater-inventory,drum,true,1160459.245609413,34.06551402238652,13.339237050124458,34.06551374016744,20.726276972262063,2.8221908365821946E-07,false
D2-SEAM-COMPLETE-IF97-COMPARATOR,background-reference,54000,540,MCP,suction,pressure,true,988447.1380209705,140.6020723902013,100.00000083033684,140.60207245483593,40.602071559864456,6.463463364525524E-08,false
D2-SEAM-COMPLETE-IF97-COMPARATOR,background-reference,54000,540,CHANNEL,pressure,outlet,true,-504906.4852792338,-142.11354408067288,100.00000083172098,-142.11354436030103,242.11354491239388,2.796281535211165E-07,true
D2-SEAM-COMPLETE-IF97-COMPARATOR,background-reference,54000,540,RETURN,outlet,drum,true,424849.29933572427,130.36092962781822,100.00000032016206,130.36092969204267,30.360929307656164,6.422445153475564E-08,false
D2-SEAM-COMPLETE-IF97-COMPARATOR,background-reference,54000,540,FEEDWATER-PUMP,feedwater-inventory,drum,true,1160459.246478348,34.0655140351404,13.339237237770089,34.06551375831395,20.726276797370314,2.7682645509230497E-07,false
D2-SEAM-COMPLETE-IF97-COMPARATOR,background-reference,60000,600,MCP,suction,pressure,true,988447.1380081906,140.60207238929237,100.00000097387097,140.60207245483593,40.602071415421406,6.554355991283956E-08,false
D2-SEAM-COMPLETE-IF97-COMPARATOR,background-reference,60000,600,CHANNEL,pressure,outlet,true,-504906.48676773376,-142.11354429015327,100.00000135723388,-142.11354436030103,242.11354564738716,7.014776315372728E-08,true
D2-SEAM-COMPLETE-IF97-COMPARATOR,background-reference,60000,600,RETURN,outlet,drum,true,424849.30083814997,130.36092985832067,100.00000032016206,130.36092969204267,30.360929538158615,1.66277999369413E-07,false
D2-SEAM-COMPLETE-IF97-COMPARATOR,background-reference,60000,600,FEEDWATER-PUMP,feedwater-inventory,drum,true,1160459.2468724707,34.06551404092518,13.339237256604022,34.06551377376177,20.726276784321158,2.671634078410534E-07,false
D2-SEAM-COMPLETE-IF97-COMPARATOR,exact-v9-5-to-6mwe,2784,0,MCP,suction,pressure,true,990707.2588080625,140.76272651579768,107.86984523242108,140.76272650661087,32.892881283376596,9.186805982608348E-09,false
D2-SEAM-COMPLETE-IF97-COMPARATOR,exact-v9-5-to-6mwe,2784,0,CHANNEL,pressure,outlet,true,-565552.8725606373,-150.4064988703131,107.84867014590101,-150.40649876813353,258.2551690162141,1.0217956969427178E-07,true
D2-SEAM-COMPLETE-IF97-COMPARATOR,exact-v9-5-to-6mwe,2784,0,RETURN,outlet,drum,true,458774.7135724305,135.46582057071524,106.24742123397387,135.46582049941685,29.21839933674137,7.129838763830776E-08,false
D2-SEAM-COMPLETE-IF97-COMPARATOR,exact-v9-5-to-6mwe,2784,0,FEEDWATER-PUMP,feedwater-inventory,drum,true,1172407.576343622,34.240437735864624,13.364068550512673,34.24043673887731,20.87636918535195,9.96987317591902E-07,false
D2-SEAM-COMPLETE-IF97-COMPARATOR,exact-v9-5-to-6mwe,8784,60,MCP,suction,pressure,true,981079.6894999747,140.07709944883743,101.88596059705775,140.0770994577336,38.191138851779684,8.896165581973037E-09,false
D2-SEAM-COMPLETE-IF97-COMPARATOR,exact-v9-5-to-6mwe,8784,60,CHANNEL,pressure,outlet,true,-509464.5654797132,-142.75357305226558,101.87204702968509,-142.75357325095587,244.62562008195067,1.9869028733410232E-07,true
D2-SEAM-COMPLETE-IF97-COMPARATOR,exact-v9-5-to-6mwe,8784,60,RETURN,outlet,drum,true,472583.90498458256,137.48947668597515,103.39170488316243,137.48947677415262,34.097771802812716,8.817747243483609E-08,false
D2-SEAM-COMPLETE-IF97-COMPARATOR,exact-v9-5-to-6mwe,8784,60,FEEDWATER-PUMP,feedwater-inventory,drum,true,1086902.7261117091,32.96820780861024,14.844986146362718,32.96820780885821,18.12322166224752,2.4797230935291736E-10,false
D2-SEAM-COMPLETE-IF97-COMPARATOR,exact-v9-5-to-6mwe,14784,120,MCP,suction,pressure,true,933191.5300910714,136.6156308839564,105.4283494310372,136.6156308708177,31.18728145291921,1.3138702570358873E-08,false
D2-SEAM-COMPLETE-IF97-COMPARATOR,exact-v9-5-to-6mwe,14784,120,CHANNEL,pressure,outlet,true,-404676.96669778164,-127.22845070152849,105.24942188936794,-127.22845089961612,232.47787259089642,1.9808763340734004E-07,true
D2-SEAM-COMPLETE-IF97-COMPARATOR,exact-v9-5-to-6mwe,14784,120,RETURN,outlet,drum,true,471664.620573975,137.3556872610632,105.44361352904157,137.35568764485186,31.912073732021625,3.8378865951926855E-07,false
D2-SEAM-COMPLETE-IF97-COMPARATOR,exact-v9-5-to-6mwe,14784,120,FEEDWATER-PUMP,feedwater-inventory,drum,true,1130879.6170723895,33.62855359768525,17.28422915929627,33.62855361896356,16.344324438388977,2.1278310669003986E-08,false
D2-SEAM-COMPLETE-IF97-COMPARATOR,exact-v9-5-to-6mwe,20784,180,MCP,suction,pressure,true,926497.5272999223,136.1247609584621,102.40247734510908,136.124760995881,33.72228361335303,3.74188857676927E-08,false
D2-SEAM-COMPLETE-IF97-COMPARATOR,exact-v9-5-to-6mwe,20784,180,CHANNEL,pressure,outlet,true,-433159.3120286312,-131.62967933238025,102.20690760511592,-131.62967923375192,233.83658693749618,9.862833394436166E-08,true
D2-SEAM-COMPLETE-IF97-COMPARATOR,exact-v9-5-to-6mwe,20784,180,RETURN,outlet,drum,true,461602.2104841537,135.88262736408268,102.44235749603615,135.88262751543286,33.44026986804653,1.5135017861211963E-07,false
D2-SEAM-COMPLETE-IF97-COMPARATOR,exact-v9-5-to-6mwe,20784,180,FEEDWATER-PUMP,feedwater-inventory,drum,true,1096260.8444041517,33.10983002680853,16.300026961658304,33.10983003962199,16.809803065150227,1.2813458738492045E-08,false
D2-SEAM-COMPLETE-IF97-COMPARATOR,exact-v9-5-to-6mwe,26784,240,MCP,suction,pressure,true,943689.1118817279,137.3818846778372,100.62036726164747,137.38188465831266,36.76151741618973,1.9524549088600907E-08,false
D2-SEAM-COMPLETE-IF97-COMPARATOR,exact-v9-5-to-6mwe,26784,240,CHANNEL,pressure,outlet,true,-471679.125493635,-137.3577992679899,100.48674934486715,-137.3577994992708,237.84454861285704,2.3128092152546742E-07,true
D2-SEAM-COMPLETE-IF97-COMPARATOR,exact-v9-5-to-6mwe,26784,240,RETURN,outlet,drum,true,455767.45552246756,135.02110287247214,100.57260301236511,135.02110284294974,34.448499860107034,2.9522396971515263E-08,false
D2-SEAM-COMPLETE-IF97-COMPARATOR,exact-v9-5-to-6mwe,26784,240,FEEDWATER-PUMP,feedwater-inventory,drum,true,1090908.3281710763,33.0289014072687,16.093376058894673,33.02890140500069,16.935525348374025,2.268009779982094E-09,false
D2-SEAM-COMPLETE-IF97-COMPARATOR,exact-v9-5-to-6mwe,32784,300,MCP,suction,pressure,true,962382.8007758366,138.73592186422638,99.61536509407972,138.73592198081545,39.12055677014666,1.1658906373668287E-07,false
D2-SEAM-COMPLETE-IF97-COMPARATOR,exact-v9-5-to-6mwe,32784,300,CHANNEL,pressure,outlet,true,-502781.85500584537,-141.8142242521314,99.54485995603764,-141.81422437889267,241.35908420816904,1.2676127880695276E-07,true
D2-SEAM-COMPLETE-IF97-COMPARATOR,exact-v9-5-to-6mwe,32784,300,RETURN,outlet,drum,true,452842.18978411506,134.5871003899133,99.5653970684299,134.58710045938264,35.0217033214834,6.946933694962354E-08,false
D2-SEAM-COMPLETE-IF97-COMPARATOR,exact-v9-5-to-6mwe,32784,300,FEEDWATER-PUMP,feedwater-inventory,drum,true,1088676.7964331815,32.995102612860315,15.940684017938445,32.99510262322218,17.05441859492187,1.0361866031871614E-08,false
D2-SEAM-COMPLETE-IF97-COMPARATOR,exact-v9-5-to-6mwe,38784,360,MCP,suction,pressure,true,977017.5537756955,139.78680579909505,99.06867970955915,139.78680571181565,40.7181260895359,8.727940326025418E-08,false
D2-SEAM-COMPLETE-IF97-COMPARATOR,exact-v9-5-to-6mwe,38784,360,CHANNEL,pressure,outlet,true,-524785.2148248322,-144.8841212590023,99.04604583727536,-144.88412089696698,243.93016709627767,3.620353368205542E-07,true
D2-SEAM-COMPLETE-IF97-COMPARATOR,exact-v9-5-to-6mwe,38784,360,RETURN,outlet,drum,true,451509.0594173445,134.388847664878,99.02374177853561,134.38884745361383,35.36510588634239,2.1126416527295078E-07,false
D2-SEAM-COMPLETE-IF97-COMPARATOR,exact-v9-5-to-6mwe,38784,360,FEEDWATER-PUMP,feedwater-inventory,drum,true,1088728.685999426,32.99588892573476,15.83831803398749,32.995888922765396,17.15757089174727,2.9693651981688163E-09,false
D2-SEAM-COMPLETE-IF97-COMPARATOR,exact-v9-5-to-6mwe,44784,420,MCP,suction,pressure,true,987162.8095439195,140.5106977809106,98.78350507314344,140.51069759285878,41.727192707767145,1.8805181412062666E-07,false
D2-SEAM-COMPLETE-IF97-COMPARATOR,exact-v9-5-to-6mwe,44784,420,CHANNEL,pressure,outlet,true,-539508.7090017947,-146.9025131169368,98.7934329082542,-146.90251276433648,245.695946025191,3.5260032404949015E-07,true
D2-SEAM-COMPLETE-IF97-COMPARATOR,exact-v9-5-to-6mwe,44784,420,RETURN,outlet,drum,true,451112.2847971629,134.32978594446772,98.74923970121107,134.32978582784395,35.58054624325665,1.166237666438974E-07,false
D2-SEAM-COMPLETE-IF97-COMPARATOR,exact-v9-5-to-6mwe,44784,420,FEEDWATER-PUMP,feedwater-inventory,drum,true,1090290.259941102,33.019543605887435,15.773589759107407,33.019543614796525,17.245953846780026,8.909090354336513E-09,false
D2-SEAM-COMPLETE-IF97-COMPARATOR,exact-v9-5-to-6mwe,50784,480,MCP,suction,pressure,true,993794.8046663525,140.98189987841366,98.62455534822769,140.98189982210008,42.35734453018597,5.6313581353606423E-08,false
D2-SEAM-COMPLETE-IF97-COMPARATOR,exact-v9-5-to-6mwe,50784,480,CHANNEL,pressure,outlet,true,-549449.3318272395,-148.24969906576396,98.65495291261486,-148.24969898476314,246.9046519783788,8.10008202734025E-08,true
D2-SEAM-COMPLETE-IF97-COMPARATOR,exact-v9-5-to-6mwe,50784,480,RETURN,outlet,drum,true,451220.9104678684,134.34595795450912,98.61135315104987,134.34595770415825,35.73460480345925,2.50350865371729E-07,false
D2-SEAM-COMPLETE-IF97-COMPARATOR,exact-v9-5-to-6mwe,50784,480,FEEDWATER-PUMP,feedwater-inventory,drum,true,1092545.885703085,33.05368187816729,15.723547196156069,33.05368186204745,17.33013468201122,1.6119841461659234E-08,false
D2-SEAM-COMPLETE-IF97-COMPARATOR,exact-v9-5-to-6mwe,56784,540,MCP,suction,pressure,true,998348.6567909443,141.30454039350218,98.54258587463916,141.30454030017276,42.76195451886302,9.332941885986656E-08,false
D2-SEAM-COMPLETE-IF97-COMPARATOR,exact-v9-5-to-6mwe,56784,540,CHANNEL,pressure,outlet,true,-556637.1774570369,-149.21624274281092,98.58632152358805,-149.21624280481748,247.80256426639897,6.200656343935407E-08,true
D2-SEAM-COMPLETE-IF97-COMPARATOR,exact-v9-5-to-6mwe,56784,540,RETURN,outlet,drum,true,451649.7264981103,134.4097803730235,98.54556376875348,134.40978064799768,35.86421660427001,2.749741838670161E-07,false
D2-SEAM-COMPLETE-IF97-COMPARATOR,exact-v9-5-to-6mwe,56784,540,FEEDWATER-PUMP,feedwater-inventory,drum,true,1096021.2378742686,33.10621146966636,15.70571078154846,33.106211492565286,17.4005006881179,2.289892364615298E-08,false
D2-SEAM-COMPLETE-IF97-COMPARATOR,exact-v9-5-to-6mwe,62784,600,MCP,suction,pressure,true,1001051.832934091,141.49571250989135,98.55861504974044,141.49571264008333,42.93709746015091,1.3019197808716854E-07,false
D2-SEAM-COMPLETE-IF97-COMPARATOR,exact-v9-5-to-6mwe,62784,600,CHANNEL,pressure,outlet,true,-560790.1813822513,-149.7718506772553,98.60974108585756,-149.77185084797296,248.38159176311285,1.7071766933440813E-07,true
D2-SEAM-COMPLETE-IF97-COMPARATOR,exact-v9-5-to-6mwe,62784,600,RETURN,outlet,drum,true,452265.65512591944,134.50139852446432,98.55726779984087,134.50139859839527,35.94413072462345,7.393094847429893E-08,false
D2-SEAM-COMPLETE-IF97-COMPARATOR,exact-v9-5-to-6mwe,62784,600,FEEDWATER-PUMP,feedwater-inventory,drum,true,1099779.4807303129,33.16292328384687,15.70334192093351,33.16292329351062,17.45958136291336,9.663750688559958E-09,false
D2-SEAM-COMPLETE-IF97-COMPARATOR,exact-v9-5-to-6mwe,68784,660,MCP,suction,pressure,true,1002556.453978908,141.60200944752924,98.59693104423935,141.60200963372236,43.005078403289886,1.8619311958900653E-07,false
D2-SEAM-COMPLETE-IF97-COMPARATOR,exact-v9-5-to-6mwe,68784,660,CHANNEL,pressure,outlet,true,-563497.8918153575,-150.13299328466846,98.65176799644979,-150.13299328498942,248.78476128111825,3.2096636459755246E-10,true
D2-SEAM-COMPLETE-IF97-COMPARATOR,exact-v9-5-to-6mwe,68784,660,RETURN,outlet,drum,true,452978.4622537019,134.60734931699707,98.59751138598376,134.60734921949017,36.00983793101331,9.75068985553662E-08,false
D2-SEAM-COMPLETE-IF97-COMPARATOR,exact-v9-5-to-6mwe,68784,660,FEEDWATER-PUMP,feedwater-inventory,drum,true,1103549.2576055732,33.219711883241445,15.703666507078486,33.219711888245556,17.516045376162957,5.004110903428227E-09,false
D2-SEAM-COMPLETE-IF97-COMPARATOR,exact-v9-5-to-6mwe,74784,720,MCP,suction,pressure,true,1003375.7115666982,141.6598539859969,98.64537771566397,141.65985409113824,43.014476270332935,1.0514133919059532E-07,false
D2-SEAM-COMPLETE-IF97-COMPARATOR,exact-v9-5-to-6mwe,74784,720,CHANNEL,pressure,outlet,true,-565399.2451225048,-150.38606918494875,98.70150009586416,-150.38606945746062,249.08756928081291,2.7251186907051306E-07,true
D2-SEAM-COMPLETE-IF97-COMPARATOR,exact-v9-5-to-6mwe,74784,720,RETURN,outlet,drum,true,453762.08931936277,134.72373054801633,98.65933081941434,134.72373057103226,36.064399728602,2.3015928718450596E-08,false
D2-SEAM-COMPLETE-IF97-COMPARATOR,exact-v9-5-to-6mwe,74784,720,FEEDWATER-PUMP,feedwater-inventory,drum,true,1107384.4137340672,33.27738592098345,15.708868040400247,33.27738591298189,17.5685178805832,8.001556750514283E-09,false
D2-SEAM-COMPLETE-IF97-COMPARATOR,exact-v9-5-to-6mwe,80784,780,MCP,suction,pressure,true,1003799.9272418228,141.68979689743526,98.70453446573217,141.68979707915403,42.98526243170309,1.8171877513850632E-07,false
D2-SEAM-COMPLETE-IF97-COMPARATOR,exact-v9-5-to-6mwe,80784,780,CHANNEL,pressure,outlet,true,-566754.0471428563,-150.56613791192976,98.76044244956803,-150.56613782145132,249.3265803614978,9.047843718690274E-08,true
D2-SEAM-COMPLETE-IF97-COMPARATOR,exact-v9-5-to-6mwe,80784,780,RETURN,outlet,drum,true,454520.51753932744,134.83627368617505,98.72069274565064,134.8362733494581,36.11558094052441,3.3671693699943717E-07,false
D2-SEAM-COMPLETE-IF97-COMPARATOR,exact-v9-5-to-6mwe,80784,780,FEEDWATER-PUMP,feedwater-inventory,drum,true,1111231.3029926438,33.335136162803416,15.717618890018285,33.335136151207784,17.61751727278513,1.1595631121963379E-08,false
D2-SEAM-COMPLETE-IF97-COMPARATOR,exact-v9-5-to-6mwe,86784,840,MCP,suction,pressure,true,1003992.4715980924,141.70338539344021,98.77053345414275,141.70338544009473,42.932851939297464,4.665452024710248E-08,false
D2-SEAM-COMPLETE-IF97-COMPARATOR,exact-v9-5-to-6mwe,86784,840,CHANNEL,pressure,outlet,true,-567759.5933077093,-150.69964741932336,98.82570231362976,-150.6996475053378,249.52534973295312,8.60144382386352E-08,true
D2-SEAM-COMPLETE-IF97-COMPARATOR,exact-v9-5-to-6mwe,86784,840,RETURN,outlet,drum,true,455237.2625358494,134.94254518658664,98.77742532872517,134.9425452774478,36.16511985786147,9.086116392609256E-08,false
D2-SEAM-COMPLETE-IF97-COMPARATOR,exact-v9-5-to-6mwe,86784,840,FEEDWATER-PUMP,feedwater-inventory,drum,true,1115018.8590539116,33.39189810498816,15.727760946968045,33.391898126624945,17.66413715802011,2.1636786584622314E-08,false
D2-SEAM-COMPLETE-IF97-COMPARATOR,exact-v9-5-to-6mwe,92784,900,MCP,suction,pressure,true,1004125.6492740391,141.712783422953,98.81669314030025,141.7127833522704,42.896090282652764,7.068260288178863E-08,false
D2-SEAM-COMPLETE-IF97-COMPARATOR,exact-v9-5-to-6mwe,92784,900,CHANNEL,pressure,outlet,true,-568937.4294854676,-150.8558821505436,98.87092449545497,-150.85588213249673,249.72680664599858,1.8046875993604772E-08,true
D2-SEAM-COMPLETE-IF97-COMPARATOR,exact-v9-5-to-6mwe,92784,900,RETURN,outlet,drum,true,455968.81209075946,135.0509255193402,98.83477976193345,135.05092579112213,36.216145757406764,2.71781914307212E-07,false
D2-SEAM-COMPLETE-IF97-COMPARATOR,exact-v9-5-to-6mwe,92784,900,FEEDWATER-PUMP,feedwater-inventory,drum,true,1118628.9733743807,33.44591116077391,15.732581783068744,33.44591117501852,17.713329377705165,1.4244612600577966E-08,false
D2-SEAM-COMPLETE-IF97-COMPARATOR,exact-v9-5-to-6mwe,98784,960,MCP,suction,pressure,true,1004198.4578824623,141.71792108851037,98.88752565577155,141.71792105455938,42.83039543273881,3.3950982469832525E-08,false
D2-SEAM-COMPLETE-IF97-COMPARATOR,exact-v9-5-to-6mwe,98784,960,CHANNEL,pressure,outlet,true,-569706.6036379823,-150.9578224058604,98.94087432528579,-150.95782243743463,249.8986967311462,3.157421701871499E-08,true
D2-SEAM-COMPLETE-IF97-COMPARATOR,exact-v9-5-to-6mwe,98784,960,RETURN,outlet,drum,true,456669.9609446427,135.1547203681237,98.8967865236066,135.15472003212207,36.2579338445171,3.3600161941649276E-07,false
D2-SEAM-COMPLETE-IF97-COMPARATOR,exact-v9-5-to-6mwe,98784,960,FEEDWATER-PUMP,feedwater-inventory,drum,true,1122384.1380646005,33.502002000844676,15.747141305451722,33.502001972535965,17.754860695392956,2.830871181913608E-08,false
D2-SEAM-COMPLETE-IF97-COMPARATOR,exact-v9-5-to-6mwe,104784,1020,MCP,suction,pressure,true,1004121.6800737436,141.71250333500876,98.95815158606004,141.7125035025319,42.75435174894872,1.6752312603784958E-07,false
D2-SEAM-COMPLETE-IF97-COMPARATOR,exact-v9-5-to-6mwe,104784,1020,CHANNEL,pressure,outlet,true,-570270.1822308969,-151.03247097639593,99.00991784680633,-151.03247113223784,250.04238882320226,1.5584191714879125E-07,true
D2-SEAM-COMPLETE-IF97-COMPARATOR,exact-v9-5-to-6mwe,104784,1020,RETURN,outlet,drum,true,457399.90570385114,135.26269340861893,98.97372381585679,135.26269313046598,36.28896959276214,2.781529531148408E-07,false
D2-SEAM-COMPLETE-IF97-COMPARATOR,exact-v9-5-to-6mwe,104784,1020,FEEDWATER-PUMP,feedwater-inventory,drum,true,1125936.6638903925,33.55497971822353,15.759644825253183,33.554979702223704,17.795334892970345,1.5999823688161996E-08,false
D2-SEAM-COMPLETE-IF97-COMPARATOR,exact-v9-5-to-6mwe,110784,1080,MCP,suction,pressure,true,1003817.0495835752,141.691005330866,103.35291123901287,141.69100543525067,38.33809409185314,1.0438466802042967E-07,false
D2-SEAM-COMPLETE-IF97-COMPARATOR,exact-v9-5-to-6mwe,110784,1080,CHANNEL,pressure,outlet,true,-571196.7391360897,-151.15511756286517,103.39386446922852,-151.15511765947855,254.5489820320937,9.661337685429316E-08,true
D2-SEAM-COMPLETE-IF97-COMPARATOR,exact-v9-5-to-6mwe,110784,1080,RETURN,outlet,drum,true,460218.36787997116,135.6787924297635,100.1518209113018,135.67879231881403,35.52697151846169,1.1094945762124553E-07,false
D2-SEAM-COMPLETE-IF97-COMPARATOR,exact-v9-5-to-6mwe,110784,1080,FEEDWATER-PUMP,feedwater-inventory,drum,true,1146761.5120512173,33.863867352256406,16.342835448928604,33.8638673386822,17.521031903327803,1.3574208423960954E-08,false
D2-SEAM-COMPLETE-IF97-COMPARATOR,exact-v9-5-to-6mwe,116784,1140,MCP,suction,pressure,true,995255.7369730473,141.0854873453005,107.63222171227824,141.08548718853925,33.453265633022255,1.567612457620271E-07,false
D2-SEAM-COMPLETE-IF97-COMPARATOR,exact-v9-5-to-6mwe,116784,1140,CHANNEL,pressure,outlet,true,-566463.6008695663,-150.52755241078842,107.66330833044553,-150.5275525270191,258.19086074123396,1.1623069440247491E-07,true
D2-SEAM-COMPLETE-IF97-COMPARATOR,exact-v9-5-to-6mwe,116784,1140,RETURN,outlet,drum,true,473644.0792915833,137.64360926560786,106.70858891241942,137.64360916020055,30.93502035318845,1.0540730954744504E-07,false
D2-SEAM-COMPLETE-IF97-COMPARATOR,exact-v9-5-to-6mwe,116784,1140,FEEDWATER-PUMP,feedwater-inventory,drum,true,1159742.7916825963,34.05499657440294,16.811237513859524,34.0549965470956,17.243759060543418,2.730734394162937E-08,false
D2-SEAM-COMPLETE-IF97-COMPARATOR,exact-v9-5-to-6mwe,122784,1200,MCP,suction,pressure,true,990821.7919126328,140.77086288807303,111.13471839841384,140.77086285274171,29.636144489659188,3.5331311210029526E-08,false
D2-SEAM-COMPLETE-IF97-COMPARATOR,exact-v9-5-to-6mwe,122784,1200,CHANNEL,pressure,outlet,true,-575048.4307600701,-151.66389560604992,111.15035496051603,-151.66389561319158,262.81425056656593,7.141665037124767E-09,true
D2-SEAM-COMPLETE-IF97-COMPARATOR,exact-v9-5-to-6mwe,122784,1200,RETURN,outlet,drum,true,482909.4207692641,138.98336889991754,110.45025114711893,138.98336915169614,28.533117752798603,2.5177860152325593E-07,false
D2-SEAM-COMPLETE-IF97-COMPARATOR,exact-v9-5-to-6mwe,122784,1200,FEEDWATER-PUMP,feedwater-inventory,drum,true,1146058.7728799805,33.85348981833307,16.347497105315348,33.85348982463352,17.50599271301772,6.300453492258384E-09,false
D2-SEAM-COMPLETE-IF97-COMPARATOR,exact-v9-5-to-6mwe,128784,1260,MCP,suction,pressure,true,988416.2527564451,140.59987572942197,115.80175047925907,140.599875774351,24.798125250162897,4.4929038267582655E-08,false
D2-SEAM-COMPLETE-IF97-COMPARATOR,exact-v9-5-to-6mwe,128784,1260,CHANNEL,pressure,outlet,true,-586990.7995669843,-153.23064961906078,115.81314695687205,-153.23064946492983,269.04379657593284,1.5413095866279036E-07,true
D2-SEAM-COMPLETE-IF97-COMPARATOR,exact-v9-5-to-6mwe,128784,1260,RETURN,outlet,drum,true,494522.06248455076,140.64452530895767,114.90123858831122,140.64452506094358,25.743286720646452,2.4801408926578006E-07,false
D2-SEAM-COMPLETE-IF97-COMPARATOR,exact-v9-5-to-6mwe,128784,1260,FEEDWATER-PUMP,feedwater-inventory,drum,true,1149460.3173129167,33.9036917947429,16.420487344436587,33.90369178076959,17.48320445030631,1.3973306067782687E-08,false
D2-SEAM-COMPLETE-IF97-COMPARATOR,exact-v9-5-to-6mwe,134784,1320,MCP,suction,pressure,true,986683.0698870377,140.47655106009955,120.16715072912918,140.47655095565736,20.309400330970377,1.0444219356031681E-07,false
D2-SEAM-COMPLETE-IF97-COMPARATOR,exact-v9-5-to-6mwe,134784,1320,CHANNEL,pressure,outlet,true,-600139.8441944997,-154.93738660433118,120.17677097685305,-154.9373867385417,275.11415758118426,1.3421052358353336E-07,true
D2-SEAM-COMPLETE-IF97-COMPARATOR,exact-v9-5-to-6mwe,134784,1320,RETURN,outlet,drum,true,506946.9860379216,142.400419386731,119.30584756378143,142.40041933124232,23.09457182294956,5.548866965909838E-08,false
D2-SEAM-COMPLETE-IF97-COMPARATOR,exact-v9-5-to-6mwe,134784,1320,FEEDWATER-PUMP,feedwater-inventory,drum,true,1150704.512037524,33.922035788518414,16.428040622367472,33.92203577359503,17.493995166150942,1.4923386970622232E-08,false
D2-SEAM-COMPLETE-IF97-COMPARATOR,exact-v9-5-to-6mwe,140784,1380,MCP,suction,pressure,true,985254.0783774834,140.37478964383052,124.47831904568578,140.37478977941765,15.896470598144745,1.3558712907979498E-07,false
D2-SEAM-COMPLETE-IF97-COMPARATOR,exact-v9-5-to-6mwe,140784,1380,CHANNEL,pressure,outlet,true,-614396.0720831929,-156.7668424231595,124.48703333297755,-156.76684240595554,281.25387575613706,1.720394493531785E-08,true
D2-SEAM-COMPLETE-IF97-COMPARATOR,exact-v9-5-to-6mwe,140784,1380,RETURN,outlet,drum,true,519998.2055862318,144.22180217792757,123.62305936996192,144.22180174542063,20.59874280796565,4.3250693693153153E-07,false
D2-SEAM-COMPLETE-IF97-COMPARATOR,exact-v9-5-to-6mwe,140784,1380,FEEDWATER-PUMP,feedwater-inventory,drum,true,1151627.824053146,33.93564238456591,16.423848784460432,33.9356423603236,17.511793600105477,2.4242311269517813E-08,false
D2-SEAM-COMPLETE-IF97-COMPARATOR,exact-v9-5-to-6mwe,146784,1440,MCP,suction,pressure,true,983933.4984946948,140.28068281090557,128.71391884782844,140.28068270348223,11.566763963077136,1.0742334666247189E-07,false
D2-SEAM-COMPLETE-IF97-COMPARATOR,exact-v9-5-to-6mwe,146784,1440,CHANNEL,pressure,outlet,true,-629369.3784538341,-158.66560792482207,128.72262416092812,-158.6656077116089,287.3882320857502,2.132131555754313E-07,true
D2-SEAM-COMPLETE-IF97-COMPARATOR,exact-v9-5-to-6mwe,146784,1440,RETURN,outlet,drum,true,533635.0634963649,146.10065893025464,127.86707211614517,146.1006589427961,18.233586814109472,1.2541448768388364E-08,false
D2-SEAM-COMPLETE-IF97-COMPARATOR,exact-v9-5-to-6mwe,146784,1440,FEEDWATER-PUMP,feedwater-inventory,drum,true,1152637.1579938885,33.95051042317167,16.421962570710534,33.950510448422875,17.528547852461138,2.5251203794596222E-08,false
D2-SEAM-COMPLETE-IF97-COMPARATOR,exact-v9-5-to-6mwe,152784,1500,MCP,suction,pressure,true,982645.0830212004,140.18880718667953,132.86333866833917,140.18880712278317,7.325468518340358,6.389635132109106E-08,false
D2-SEAM-COMPLETE-IF97-COMPARATOR,exact-v9-5-to-6mwe,152784,1500,CHANNEL,pressure,outlet,true,-644851.5657888807,-160.60530075796137,132.87192057516725,-160.60530051971023,293.4772213331286,2.38251146811308E-07,true
D2-SEAM-COMPLETE-IF97-COMPARATOR,exact-v9-5-to-6mwe,152784,1500,RETURN,outlet,drum,true,547719.7951573629,148.0161876495085,132.01834626403868,148.01618747970605,15.997841385469826,1.698024618690397E-07,false
D2-SEAM-COMPLETE-IF97-COMPARATOR,exact-v9-5-to-6mwe,152784,1500,FEEDWATER-PUMP,feedwater-inventory,drum,true,1153638.321538806,33.96525167783695,16.419441567432013,33.96525166589855,17.54581011040494,1.1938404043121409E-08,false
D2-SEAM-COMPLETE-IF97-COMPARATOR,exact-v9-5-to-6mwe,158784,1560,MCP,suction,pressure,true,981362.3194439529,140.09727473751607,136.92069811946743,140.0972748379026,3.1765766180486423,1.0038652931143588E-07,false
D2-SEAM-COMPLETE-IF97-COMPARATOR,exact-v9-5-to-6mwe,158784,1560,CHANNEL,pressure,outlet,true,-660834.590575921,-162.58346663494675,136.92925813576554,-162.58346677423185,299.5127247707123,1.3928510611549427E-07,true
D2-SEAM-COMPLETE-IF97-COMPARATOR,exact-v9-5-to-6mwe,158784,1560,RETURN,outlet,drum,true,562268.2170030702,149.96909241614688,136.09110412795604,149.96909243057104,13.877988288190835,1.4424159644477186E-08,false
D2-SEAM-COMPLETE-IF97-COMPARATOR,exact-v9-5-to-6mwe,158784,1560,FEEDWATER-PUMP,feedwater-inventory,drum,true,1154649.195240858,33.98012941765905,16.416851659857087,33.98012940172462,17.563277757801963,1.5934432440189994E-08,false
D2-SEAM-COMPLETE-IF97-COMPARATOR,exact-v9-5-to-6mwe,164784,1620,MCP,suction,pressure,true,980076.8195970644,140.00548700655017,140.8927455803511,140.00548713916154,0.8872585738009207,1.3261137610243168E-07,false
D2-SEAM-COMPLETE-IF97-COMPARATOR,exact-v9-5-to-6mwe,164784,1620,CHANNEL,pressure,outlet,true,-677133.1911035894,-164.57620619076008,140.90150434519612,-164.5762061590472,305.4777105359562,3.171288653902593E-08,true
D2-SEAM-COMPLETE-IF97-COMPARATOR,exact-v9-5-to-6mwe,164784,1620,RETURN,outlet,drum,true,577111.9723656017,151.93577226783714,140.06636104370293,151.9357723365192,11.869411224134211,6.868205559840135E-08,false
D2-SEAM-COMPLETE-IF97-COMPARATOR,exact-v9-5-to-6mwe,164784,1620,FEEDWATER-PUMP,feedwater-inventory,drum,true,1155676.3782340642,33.99524052325655,16.414492529597748,33.99524053289019,17.5807479936588,9.633644992845802E-09,false
D2-SEAM-COMPLETE-IF97-COMPARATOR,exact-v9-5-to-6mwe,170784,1680,MCP,suction,pressure,true,978786.8322898694,139.913318328876,144.77693985505076,139.91331824064073,4.863621526174768,8.82352537701081E-08,false
D2-SEAM-COMPLETE-IF97-COMPARATOR,exact-v9-5-to-6mwe,170784,1680,CHANNEL,pressure,outlet,true,-693757.576726794,-166.58422214925326,144.7855420476597,-166.58422216006204,311.36976419691297,1.0808776096382644E-08,true
D2-SEAM-COMPLETE-IF97-COMPARATOR,exact-v9-5-to-6mwe,170784,1680,RETURN,outlet,drum,true,592269.1559844716,153.91805040143558,143.95812946795363,153.91805058160767,9.959920933481953,1.8017209413301316E-07,false
D2-SEAM-COMPLETE-IF97-COMPARATOR,exact-v9-5-to-6mwe,170784,1680,FEEDWATER-PUMP,feedwater-inventory,drum,true,1156735.9601541506,34.010821221401734,16.41293717349613,34.01082122950651,17.597884047905605,8.104777293738152E-09,false
D2-SEAM-COMPLETE-IF97-COMPARATOR,exact-v9-5-to-6mwe,176784,1740,MCP,suction,pressure,true,977492.9334644993,139.82080914259504,148.5750087198545,139.8208091988301,8.75419957725947,5.623505217045022E-08,false
D2-SEAM-COMPLETE-IF97-COMPARATOR,exact-v9-5-to-6mwe,176784,1740,CHANNEL,pressure,outlet,true,-710661.9707245372,-168.60153863171442,148.58377412806254,-168.60153859581274,317.18531275977693,3.590167807487887E-08,true
D2-SEAM-COMPLETE-IF97-COMPARATOR,exact-v9-5-to-6mwe,176784,1740,RETURN,outlet,drum,true,607689.9817642758,155.90894544756256,147.76756501488813,155.90894542432926,8.141380432674424,2.3233297952174325E-08,false
D2-SEAM-COMPLETE-IF97-COMPARATOR,exact-v9-5-to-6mwe,176784,1740,FEEDWATER-PUMP,feedwater-inventory,drum,true,1157801.3345526932,34.026479902462626,16.411340061304806,34.02647991723724,17.61513984115782,1.4774613532608782E-08,false
D2-SEAM-COMPLETE-IF97-COMPARATOR,exact-v9-5-to-6mwe,182784,1800,MCP,suction,pressure,true,976196.2556480173,139.72803982365295,152.29338743305206,139.72803978189026,12.565347609399112,4.1762689306779066E-08,false
D2-SEAM-COMPLETE-IF97-COMPARATOR,exact-v9-5-to-6mwe,182784,1800,CHANNEL,pressure,outlet,true,-727730.1208085128,-170.61419880051164,152.30216273752558,-170.61419870372043,322.9163615380372,9.67912114901992E-08,true
D2-SEAM-COMPLETE-IF97-COMPARATOR,exact-v9-5-to-6mwe,182784,1800,RETURN,outlet,drum,true,623267.9379818755,157.89464056539418,151.48619472621914,157.89464074599076,6.4084458391750445,1.8059657236335624E-07,false
D2-SEAM-COMPLETE-IF97-COMPARATOR,exact-v9-5-to-6mwe,182784,1800,FEEDWATER-PUMP,feedwater-inventory,drum,true,1158893.6772355884,34.04252748013268,16.410467189362862,34.042527494485455,17.632060290769815,1.4352778521242726E-08,false
D2-SEAM-COMPLETE-IF97-COMPARATOR,exact-v9-5-to-6mwe,188784,1860,MCP,suction,pressure,true,974897.8707293281,139.63508661717714,155.92840142112064,139.6350865711714,16.293314803943503,4.600573788593465E-08,false
D2-SEAM-COMPLETE-IF97-COMPARATOR,exact-v9-5-to-6mwe,188784,1860,CHANNEL,pressure,outlet,true,-745029.5884785315,-172.63019301136535,155.93706518758083,-172.63019321103906,328.5672581989462,1.9967370690210373E-07,true
D2-SEAM-COMPLETE-IF97-COMPARATOR,exact-v9-5-to-6mwe,188784,1860,RETURN,outlet,drum,true,639067.5444770162,159.88340057392028,155.13273815760718,159.88340051776413,4.750662416313105,5.6156153505071416E-08,false
D2-SEAM-COMPLETE-IF97-COMPARATOR,exact-v9-5-to-6mwe,188784,1860,FEEDWATER-PUMP,feedwater-inventory,drum,true,1160000.946049668,34.05878662033731,16.409937947346798,34.05878659881361,17.64884867299051,2.1523696602798736E-08,false
D2-SEAM-COMPLETE-IF97-COMPARATOR,exact-v9-5-to-6mwe,194784,1920,MCP,suction,pressure,true,973598.9961277891,139.54203639963043,159.48691835719436,139.54203652430735,19.944881957563922,1.2467691590245522E-07,false
D2-SEAM-COMPLETE-IF97-COMPARATOR,exact-v9-5-to-6mwe,194784,1920,CHANNEL,pressure,outlet,true,-762438.4829805004,-174.6354469150522,159.4957672940925,-174.63544680765477,334.1312142091447,1.0739742606347136E-07,true
D2-SEAM-COMPLETE-IF97-COMPARATOR,exact-v9-5-to-6mwe,194784,1920,RETURN,outlet,drum,true,654968.3138456022,161.86022536072315,158.69547252121015,161.86022525664336,3.1647528395129996,1.0407978834336973E-07,false
D2-SEAM-COMPLETE-IF97-COMPARATOR,exact-v9-5-to-6mwe,194784,1920,FEEDWATER-PUMP,feedwater-inventory,drum,true,1161113.5187387383,34.075115828691445,16.40948347850072,34.07511584191745,17.665632350190723,1.3226006956301717E-08,false
D2-SEAM-COMPLETE-IF97-COMPARATOR,exact-v9-5-to-6mwe,200784,1980,MCP,suction,pressure,true,972300.5789621873,139.44895689550262,162.96973652337766,139.4489567212544,23.520779627875044,1.7424821407985291E-07,false
D2-SEAM-COMPLETE-IF97-COMPARATOR,exact-v9-5-to-6mwe,200784,1980,CHANNEL,pressure,outlet,true,-779951.7929708344,-176.62975887101635,162.9784178140301,-176.62975879630204,339.6081766850465,7.471430762961973E-08,true
D2-SEAM-COMPLETE-IF97-COMPARATOR,exact-v9-5-to-6mwe,200784,1980,RETURN,outlet,drum,true,670971.4302281294,163.82569154172728,162.1815713898335,163.82569160168066,1.6441201518937874,5.995337915010168E-08,false
D2-SEAM-COMPLETE-IF97-COMPARATOR,exact-v9-5-to-6mwe,200784,1980,FEEDWATER-PUMP,feedwater-inventory,drum,true,1162249.1197594963,34.091774957597856,16.40972877085598,34.09177496736032,17.682046186741875,9.762466390839108E-09,false
D2-SEAM-COMPLETE-IF97-COMPARATOR,exact-v9-5-to-6mwe,206784,2040,MCP,suction,pressure,true,971003.573295187,139.3559165084272,166.37642816906947,139.35591661857663,27.020511660642256,1.1014941492248909E-07,false
D2-SEAM-COMPLETE-IF97-COMPARATOR,exact-v9-5-to-6mwe,206784,2040,CHANNEL,pressure,outlet,true,-797585.4291744238,-178.61527696974005,166.38516181282728,-178.61527700964132,345.00043878256736,3.9901266291053616E-08,true
D2-SEAM-COMPLETE-IF97-COMPARATOR,exact-v9-5-to-6mwe,206784,2040,RETURN,outlet,drum,true,687087.5442820567,165.78148802348912,165.59886353731875,165.78148776417603,0.18262448617036853,2.593130830064183E-07,false
D2-SEAM-COMPLETE-IF97-COMPARATOR,exact-v9-5-to-6mwe,206784,2040,FEEDWATER-PUMP,feedwater-inventory,drum,true,1163383.4684718177,34.10840759214387,16.409887236633583,34.10840756984613,17.698520355510286,2.2297740542853717E-08,false
D2-SEAM-COMPLETE-IF97-COMPARATOR,exact-v9-5-to-6mwe,212784,2100,MCP,suction,pressure,true,969708.9351935402,139.26298396871584,169.71383809689866,139.2629839433668,30.45085412818281,2.534903842388303E-08,false
D2-SEAM-COMPLETE-IF97-COMPARATOR,exact-v9-5-to-6mwe,212784,2100,CHANNEL,pressure,outlet,true,-815219.0346268426,-180.57896163472006,169.72262645054232,-180.57896169327537,350.3015880852624,5.855531526322011E-08,true
D2-SEAM-COMPLETE-IF97-COMPARATOR,exact-v9-5-to-6mwe,212784,2100,RETURN,outlet,drum,true,703203.0003663116,167.71440014099107,168.93605143390815,167.71440044033594,1.2216512929170733,2.9934486178717634E-07,false
D2-SEAM-COMPLETE-IF97-COMPARATOR,exact-v9-5-to-6mwe,212784,2100,FEEDWATER-PUMP,feedwater-inventory,drum,true,1164528.6880467348,34.1251913994154,16.41041106115947,34.125191423851874,17.71478033825593,2.4436474177491618E-08,false
D2-SEAM-COMPLETE-IF97-COMPARATOR,exact-v9-5-to-6mwe,218784,2160,MCP,suction,pressure,true,968417.381001248,139.17021096493662,172.97901217650644,139.1702110211175,33.80880121156983,5.618088039227587E-08,false
D2-SEAM-COMPLETE-IF97-COMPARATOR,exact-v9-5-to-6mwe,218784,2160,CHANNEL,pressure,outlet,true,-832925.4992121573,-182.52950437802184,172.98761671656112,-182.5295042775581,355.517121094583,1.0046375109595829E-07,true
D2-SEAM-COMPLETE-IF97-COMPARATOR,exact-v9-5-to-6mwe,218784,2160,RETURN,outlet,drum,true,719390.2626462805,169.63375402864614,172.20916123198225,169.63375392603567,2.5754072033361126,1.0261047123094613E-07,false
D2-SEAM-COMPLETE-IF97-COMPARATOR,exact-v9-5-to-6mwe,218784,2160,FEEDWATER-PUMP,feedwater-inventory,drum,true,1165683.6402711207,34.14210948771503,16.411275531313677,34.14210948972004,17.730833956401355,2.0050094917678507E-09,false
D2-SEAM-COMPLETE-IF97-COMPARATOR,exact-v9-5-to-6mwe,224784,2220,MCP,suction,pressure,true,967129.7709553244,139.0776596693606,176.1763330458534,139.07765970037244,37.0986733764928,3.1011836654215585E-08,false
D2-SEAM-COMPLETE-IF97-COMPARATOR,exact-v9-5-to-6mwe,224784,2220,CHANNEL,pressure,outlet,true,-850629.7215609475,-184.4591793932682,176.18508532755888,-184.4591795909021,360.6442647208271,1.9763390923799307E-07,true
D2-SEAM-COMPLETE-IF97-COMPARATOR,exact-v9-5-to-6mwe,224784,2220,RETURN,outlet,drum,true,735572.7091556963,171.53107113939402,175.41189798439535,171.53107105627953,3.8808268450013372,8.311448596032278E-08,false
D2-SEAM-COMPLETE-IF97-COMPARATOR,exact-v9-5-to-6mwe,224784,2220,FEEDWATER-PUMP,feedwater-inventory,drum,true,1166832.8791846465,34.15893556867144,16.411998822332006,34.158935548047495,17.746936746339433,2.062394344193308E-08,false
D2-SEAM-COMPLETE-IF97-COMPARATOR,exact-v9-5-to-6mwe,230784,2280,MCP,suction,pressure,true,965846.7735762422,138.98537862496488,179.3084599433659,138.98537867964222,40.32308131840102,5.4677343541698065E-08,false
D2-SEAM-COMPLETE-IF97-COMPARATOR,exact-v9-5-to-6mwe,230784,2280,CHANNEL,pressure,outlet,true,-868297.5981240668,-186.36497504886125,179.31706892067535,-186.3649749654523,365.6820439695366,8.34089632917312E-08,true
D2-SEAM-COMPLETE-IF97-COMPARATOR,exact-v9-5-to-6mwe,230784,2280,RETURN,outlet,drum,true,751722.6754930376,173.4038840964109,178.5448361716075,173.40388378176982,5.140952075196594,3.146410847421066E-07,false
D2-SEAM-COMPLETE-IF97-COMPARATOR,exact-v9-5-to-6mwe,230784,2280,FEEDWATER-PUMP,feedwater-inventory,drum,true,1167995.131658854,34.175943756666825,16.41323357442894,34.175943736351975,17.762710182237885,2.0314850246450078E-08,false
D2-SEAM-COMPLETE-IF97-COMPARATOR,exact-v9-5-to-6mwe,236784,2340,MCP,suction,pressure,true,964568.9939186992,138.89341193294226,182.3735065866,138.89341195792812,43.480094653657744,2.4985865820781328E-08,false
D2-SEAM-COMPLETE-IF97-COMPARATOR,exact-v9-5-to-6mwe,236784,2340,CHANNEL,pressure,outlet,true,-885985.3926925166,-188.2535941428494,182.38206583436227,-188.25359449955278,370.6356599772117,3.5670336728799157E-07,true
D2-SEAM-COMPLETE-IF97-COMPARATOR,exact-v9-5-to-6mwe,236784,2340,RETURN,outlet,drum,true,767891.8441446241,175.25887642509,181.61942845004094,175.25887646025268,6.360552024950948,3.516268520797894E-08,false
D2-SEAM-COMPLETE-IF97-COMPARATOR,exact-v9-5-to-6mwe,236784,2340,FEEDWATER-PUMP,feedwater-inventory,drum,true,1169152.7468464235,34.19287567383626,16.41440040071494,34.192875654500725,17.778475273121323,1.9335537615461362E-08,false
D2-SEAM-COMPLETE-IF97-COMPARATOR,exact-v9-5-to-6mwe,242784,2400,MCP,suction,pressure,true,963297.109898738,138.801809058725,185.37785372417375,138.80180914441027,46.576044665448734,8.568525800001225E-08,false
D2-SEAM-COMPLETE-IF97-COMPARATOR,exact-v9-5-to-6mwe,242784,2400,CHANNEL,pressure,outlet,true,-903579.6493504317,-190.113613331653,185.38650144188568,-190.1136134491824,375.5001147735387,1.1752939599318779E-07,true
D2-SEAM-COMPLETE-IF97-COMPARATOR,exact-v9-5-to-6mwe,242784,2400,RETURN,outlet,drum,true,783970.605761036,177.0842291974117,184.6243056277255,177.0842291546667,7.540076430313803,4.274500042811269E-08,false
D2-SEAM-COMPLETE-IF97-COMPARATOR,exact-v9-5-to-6mwe,242784,2400,FEEDWATER-PUMP,feedwater-inventory,drum,true,1170309.8425585926,34.20979161816968,16.41567134810297,34.20979160687153,17.794120270066713,1.1298148194782698E-08,false
D2-SEAM-COMPLETE-IF97-COMPARATOR,exact-v9-5-to-6mwe,248784,2460,MCP,suction,pressure,true,962031.5404362865,138.7106009241029,188.31987894319357,138.71060089315392,49.60927801909068,3.094896783295553E-08,false
D2-SEAM-COMPLETE-IF97-COMPARATOR,exact-v9-5-to-6mwe,248784,2460,CHANNEL,pressure,outlet,true,-921139.7168366257,-191.95204784910482,188.32830960963838,-191.95204788736933,380.2803574587432,3.826451688837551E-08,true
D2-SEAM-COMPLETE-IF97-COMPARATOR,exact-v9-5-to-6mwe,248784,2460,RETURN,outlet,drum,true,800019.8610562199,178.88765871979206,187.5713974220553,178.88765853725448,8.683738702263241,1.8253757616548683E-07,false
D2-SEAM-COMPLETE-IF97-COMPARATOR,exact-v9-5-to-6mwe,248784,2460,FEEDWATER-PUMP,feedwater-inventory,drum,true,1171473.4170993445,34.226793847793346,16.41728764558612,34.22679383196006,17.809506202207224,1.5833286681754544E-08,false
D2-SEAM-COMPLETE-IF97-COMPARATOR,exact-v9-5-to-6mwe,254784,2520,MCP,suction,pressure,true,960772.8161156075,138.61982658448304,191.20184153307503,138.6198265178397,52.58201494859199,6.664333795924904E-08,false
D2-SEAM-COMPLETE-IF97-COMPARATOR,exact-v9-5-to-6mwe,254784,2520,CHANNEL,pressure,outlet,true,-938637.3453405258,-193.76659622757745,191.2103694478374,-193.76659616921646,384.9769656754148,5.836099603584444E-08,true
D2-SEAM-COMPLETE-IF97-COMPARATOR,exact-v9-5-to-6mwe,254784,2520,RETURN,outlet,drum,true,816008.0448595454,180.6663272289051,190.45978790825336,180.6663271887605,9.793460679348271,4.0144584545487305E-08,false
D2-SEAM-COMPLETE-IF97-COMPARATOR,exact-v9-5-to-6mwe,254784,2520,FEEDWATER-PUMP,feedwater-inventory,drum,true,1172625.863800902,34.243625155653454,16.418678845056256,34.24362517489446,17.8249463105972,1.924100700989584E-08,false
D2-SEAM-COMPLETE-IF97-COMPARATOR,exact-v9-5-to-6mwe,260784,2580,MCP,suction,pressure,true,959521.2589662942,138.52951013890825,194.02772446979117,138.529510194358,55.49821433088292,5.5449760338888154E-08,false
D2-SEAM-COMPLETE-IF97-COMPARATOR,exact-v9-5-to-6mwe,260784,2580,CHANNEL,pressure,outlet,true,-956007.3692525419,-195.5512586768535,194.03619064566877,-195.55125890924674,389.5874493225223,2.323932335457357E-07,true
D2-SEAM-COMPLETE-IF97-COMPARATOR,exact-v9-5-to-6mwe,260784,2580,RETURN,outlet,drum,true,831877.147083956,182.41459887672983,193.28486942237242,182.4145988964576,10.870270545642597,1.9727764311028295E-08,false
D2-SEAM-COMPLETE-IF97-COMPARATOR,exact-v9-5-to-6mwe,260784,2580,FEEDWATER-PUMP,feedwater-inventory,drum,true,1173787.2899628328,34.26057924149609,16.420541830614425,34.26057921727215,17.840037410881664,2.4223936634371057E-08,false
D2-SEAM-COMPLETE-IF97-COMPARATOR,exact-v9-5-to-6mwe,266784,2640,MCP,suction,pressure,true,958277.6103996631,138.4397060383807,196.79409050281456,138.43970624618262,58.35438446443385,2.0780191789526725E-07,false
D2-SEAM-COMPLETE-IF97-COMPARATOR,exact-v9-5-to-6mwe,266784,2640,CHANNEL,pressure,outlet,true,-973303.885445814,-197.31232961432633,196.80245938528338,-197.31232989696818,394.1147889996097,2.8264184948056936E-07,true
D2-SEAM-COMPLETE-IF97-COMPARATOR,exact-v9-5-to-6mwe,266784,2640,RETURN,outlet,drum,true,847676.7555130102,184.13872547761486,196.05575640558573,184.13872563333166,11.91703092797087,1.5571680478387862E-07,false
D2-SEAM-COMPLETE-IF97-COMPARATOR,exact-v9-5-to-6mwe,266784,2640,FEEDWATER-PUMP,feedwater-inventory,drum,true,1174925.5811566627,34.27718747442186,16.421848646560143,34.27718747670878,17.855338827861715,2.286924427608028E-09,false
D2-SEAM-COMPLETE-IF97-COMPARATOR,exact-v9-5-to-6mwe,272784,2700,MCP,suction,pressure,true,957042.2377356254,138.35044183056485,199.5071667007628,138.35044202037005,61.15672487019796,1.8980520621880714E-07,false
D2-SEAM-COMPLETE-IF97-COMPARATOR,exact-v9-5-to-6mwe,272784,2700,CHANNEL,pressure,outlet,true,-990505.077720739,-199.04824316941247,199.51544541097397,-199.0482435324738,398.56368858038644,3.630613321092824E-07,true
D2-SEAM-COMPLETE-IF97-COMPARATOR,exact-v9-5-to-6mwe,272784,2700,RETURN,outlet,drum,true,863385.8991714938,185.8371221442577,198.77279864194966,185.83712223225325,12.935676497691958,8.799554507277207E-08,false
D2-SEAM-COMPLETE-IF97-COMPARATOR,exact-v9-5-to-6mwe,272784,2700,FEEDWATER-PUMP,feedwater-inventory,drum,true,1176075.8000206696,34.29396156790098,16.423700985890665,34.2939615558624,17.870260582010314,1.2038576358008868E-08,false
D2-SEAM-COMPLETE-IF97-COMPARATOR,exact-v9-5-to-6mwe,278784,2760,MCP,suction,pressure,true,955814.8764993568,138.2616994325874,202.16704390239858,138.26169949536688,63.90534446981118,6.27794918273139E-08,false
D2-SEAM-COMPLETE-IF97-COMPARATOR,exact-v9-5-to-6mwe,278784,2760,CHANNEL,pressure,outlet,true,-1007598.2876810406,-200.75839087630092,202.17524003685767,-200.75839063568077,402.9336309131586,2.40620153135751E-07,true
D2-SEAM-COMPLETE-IF97-COMPARATOR,exact-v9-5-to-6mwe,278784,2760,RETURN,outlet,drum,true,878993.2036882063,187.50927483068205,201.4369258659373,187.5092745608252,13.927651035255252,2.6985685508407187E-07,false
D2-SEAM-COMPLETE-IF97-COMPARATOR,exact-v9-5-to-6mwe,278784,2760,FEEDWATER-PUMP,feedwater-inventory,drum,true,1177220.2925396115,34.310644012312146,16.425560531850916,34.31064400046073,17.88508348046123,1.1851419401409657E-08,false
D2-SEAM-COMPLETE-IF97-COMPARATOR,exact-v9-5-to-6mwe,284784,2820,MCP,suction,pressure,true,954595.8828518417,138.17350562621198,204.77541611689645,138.17350543677284,66.60191049068447,1.8943913460134354E-07,false
D2-SEAM-COMPLETE-IF97-COMPARATOR,exact-v9-5-to-6mwe,284784,2820,CHANNEL,pressure,outlet,true,-1024576.2732756161,-202.44271024421857,204.78353857736138,-202.44270987105975,407.22624882157993,3.7315882650545973E-07,true
D2-SEAM-COMPLETE-IF97-COMPARATOR,exact-v9-5-to-6mwe,284784,2820,RETURN,outlet,drum,true,894491.7210340817,189.15514489794685,204.04960365234342,189.1551445214319,14.894458754396567,3.765149472201301E-07,false
D2-SEAM-COMPLETE-IF97-COMPARATOR,exact-v9-5-to-6mwe,284784,2820,FEEDWATER-PUMP,feedwater-inventory,drum,true,1178360.2528580157,34.327252334814325,16.427472295447043,34.32725231184904,17.899780039367283,2.2965288337672973E-08,false
D2-SEAM-COMPLETE-IF97-COMPARATOR,exact-v9-5-to-6mwe,290784,2880,MCP,suction,pressure,true,953385.4609192706,138.08587624513018,207.33377758786918,138.08587626100348,69.247901342739,1.5873297343205195E-08,false
D2-SEAM-COMPLETE-IF97-COMPARATOR,exact-v9-5-to-6mwe,290784,2880,CHANNEL,pressure,outlet,true,-1041432.5811981629,-204.10120834509166,207.3418342501813,-204.1012081886628,411.44304259527297,1.5642885387023853E-07,true
D2-SEAM-COMPLETE-IF97-COMPARATOR,exact-v9-5-to-6mwe,290784,2880,RETURN,outlet,drum,true,909875.3332606053,190.77477121051464,206.61224207490923,190.7747710836065,15.83747086439459,1.2690813377957966E-07,false
D2-SEAM-COMPLETE-IF97-COMPARATOR,exact-v9-5-to-6mwe,290784,2880,FEEDWATER-PUMP,feedwater-inventory,drum,true,1179494.8709418876,34.343774849918404,16.429417397149464,34.34377486218361,17.91435745276894,1.2265203963579552E-08,false
D2-SEAM-COMPLETE-IF97-COMPARATOR,exact-v9-5-to-6mwe,296784,2940,MCP,suction,pressure,true,952183.7746835172,137.99882424742012,209.8436045137642,137.99882449767415,71.84478026634409,2.5025403260769963E-07,false
D2-SEAM-COMPLETE-IF97-COMPARATOR,exact-v9-5-to-6mwe,296784,2940,CHANNEL,pressure,outlet,true,-1058161.6250458222,-205.73396657293344,209.85160473395024,-205.73396676644433,415.5855713068837,1.9351088553776208E-07,true
D2-SEAM-COMPLETE-IF97-COMPARATOR,exact-v9-5-to-6mwe,296784,2940,RETURN,outlet,drum,true,925138.7851946768,192.36827027289888,209.12622814022464,192.3682703187472,16.757957867325757,4.584831003739964E-08,false
D2-SEAM-COMPLETE-IF97-COMPARATOR,exact-v9-5-to-6mwe,296784,2940,FEEDWATER-PUMP,feedwater-inventory,drum,true,1180623.8351225704,34.360207146095185,16.431391715743757,34.36020714422042,17.928815430351428,1.8747670083030243E-09,false
D2-SEAM-COMPLETE-IF97-COMPARATOR,exact-v9-5-to-6mwe,302784,3000,MCP,suction,pressure,true,950990.9536692005,137.91236011824324,212.3063297738344,137.9123600831014,74.39396965559115,3.514185209496645E-08,false
D2-SEAM-COMPLETE-IF97-COMPARATOR,exact-v9-5-to-6mwe,302784,3000,CHANNEL,pressure,outlet,true,-1074758.566666821,-207.3411263272987,212.3142823291833,-207.34112649875135,419.655408656482,1.7145265474027838E-07,true
D2-SEAM-COMPLETE-IF97-COMPARATOR,exact-v9-5-to-6mwe,302784,3000,RETURN,outlet,drum,true,940277.5366796297,193.9358179068147,211.5929155973646,193.93581803886806,17.657097690549904,1.3205337268118456E-07,false
D2-SEAM-COMPLETE-IF97-COMPARATOR,exact-v9-5-to-6mwe,302784,3000,FEEDWATER-PUMP,feedwater-inventory,drum,true,1181746.8692528605,34.37654533621522,16.433391890320323,34.376545342342254,17.9431534458949,6.127031326741417E-09,false
D2-SEAM-COMPLETE-IF97-COMPARATOR,exact-v9-5-to-6mwe,308784,3060,MCP,suction,pressure,true,949807.0992450218,137.82649231878622,214.72334342118245,137.82649243169988,76.89685110239623,1.1291365353827132E-07,false
D2-SEAM-COMPLETE-IF97-COMPARATOR,exact-v9-5-to-6mwe,308784,3060,CHANNEL,pressure,outlet,true,-1091219.2405824426,-208.92287960703993,214.7312569384328,-208.92287956892855,423.65413654547274,3.8111380717964494E-08,true
D2-SEAM-COMPLETE-IF97-COMPARATOR,exact-v9-5-to-6mwe,308784,3060,RETURN,outlet,drum,true,955287.693489753,195.47763999902935,214.01362114662973,195.47763976544178,18.53598114760038,2.3358757061942015E-07,false
D2-SEAM-COMPLETE-IF97-COMPARATOR,exact-v9-5-to-6mwe,308784,3060,FEEDWATER-PUMP,feedwater-inventory,drum,true,1182863.77219655,34.39278663028848,16.435415497454027,34.392786609690084,17.95737113283445,2.0598392325155146E-08,false
D2-SEAM-COMPLETE-IF97-COMPARATOR,exact-v9-5-to-6mwe,314784,3120,MCP,suction,pressure,true,948632.2884968255,137.74122756072893,217.09599205078763,137.74122756383707,79.3547644900587,3.1081412998901214E-09,false
D2-SEAM-COMPLETE-IF97-COMPARATOR,exact-v9-5-to-6mwe,314784,3120,CHANNEL,pressure,outlet,true,-1107540.0849848797,-210.4794607542389,217.1038756993173,-210.4794606424018,427.58333645355617,1.1183709602846648E-07,true
D2-SEAM-COMPLETE-IF97-COMPARATOR,exact-v9-5-to-6mwe,314784,3120,RETURN,outlet,drum,true,970165.9380044285,196.99400376706177,216.3896248928349,196.9940037143121,19.39562112577312,5.274966952129034E-08,false
D2-SEAM-COMPLETE-IF97-COMPARATOR,exact-v9-5-to-6mwe,314784,3120,FEEDWATER-PUMP,feedwater-inventory,drum,true,1183974.4019235391,34.4089291016669,16.437462004386028,34.40892909945247,17.971467097280872,2.214427752278425E-09,false
D2-SEAM-COMPLETE-IF97-COMPARATOR,exact-v9-5-to-6mwe,320784,3180,MCP,suction,pressure,true,947466.5772480026,137.65657101991192,219.425578629579,137.65657122607007,81.76900760966709,2.0615814833035984E-07,false
D2-SEAM-COMPLETE-IF97-COMPARATOR,exact-v9-5-to-6mwe,320784,3180,CHANNEL,pressure,outlet,true,-1123718.1218468936,-212.01114327760166,219.4334397897596,-212.0111433577922,431.44458306736124,8.019054575925111E-08,true
D2-SEAM-COMPLETE-IF97-COMPARATOR,exact-v9-5-to-6mwe,320784,3180,RETURN,outlet,drum,true,984909.5105674292,198.48521461987332,218.72217172213612,198.48521454569902,20.236957102262807,7.417429515044205E-08,false
D2-SEAM-COMPLETE-IF97-COMPARATOR,exact-v9-5-to-6mwe,320784,3180,FEEDWATER-PUMP,feedwater-inventory,drum,true,1185078.671963321,34.4249716334425,16.43953152434204,34.424971638271415,17.985440109100463,4.828912381071859E-09,false
D2-SEAM-COMPLETE-IF97-COMPARATOR,exact-v9-5-to-6mwe,326784,3240,MCP,suction,pressure,true,946310.0019648279,137.57252646984628,221.71334574242326,137.57252652932127,84.14081927257698,5.947498493696912E-08,false
D2-SEAM-COMPLETE-IF97-COMPARATOR,exact-v9-5-to-6mwe,326784,3240,CHANNEL,pressure,outlet,true,-1139751.43453046,-213.51828348227792,221.72117740411193,-213.51828350499986,435.23946088638985,2.2721934556102497E-08,true
D2-SEAM-COMPLETE-IF97-COMPARATOR,exact-v9-5-to-6mwe,326784,3240,RETURN,outlet,drum,true,999516.6853826189,199.95166269702474,221.01253280736856,199.95166292601857,21.060870110343814,2.289938265676028E-07,false
D2-SEAM-COMPLETE-IF97-COMPARATOR,exact-v9-5-to-6mwe,326784,3240,FEEDWATER-PUMP,feedwater-inventory,drum,true,1186176.5257813893,34.44091354452418,16.44162482218305,34.440913567188886,17.999288722341127,2.2664707444164378E-08,false
D2-SEAM-COMPLETE-IF97-COMPARATOR,exact-v9-5-to-6mwe,332784,3300,MCP,suction,pressure,true,945162.5824190399,137.48909647088672,223.9604741032654,137.4890965674574,86.47137763237868,9.65706874467287E-08,false
D2-SEAM-COMPLETE-IF97-COMPARATOR,exact-v9-5-to-6mwe,332784,3300,CHANNEL,pressure,outlet,true,-1155638.9337860136,-215.00129616223376,223.9682665717751,-215.0012961120561,438.96956273400883,5.017764692638593E-08,true
D2-SEAM-COMPLETE-IF97-COMPARATOR,exact-v9-5-to-6mwe,332784,3300,RETURN,outlet,drum,true,1013986.5242866826,201.39379576210214,223.261986263734,201.39379561796449,21.868190501631858,1.4413765825338487E-07,false
D2-SEAM-COMPLETE-IF97-COMPARATOR,exact-v9-5-to-6mwe,332784,3300,FEEDWATER-PUMP,feedwater-inventory,drum,true,1187267.8959635664,34.45675399632946,16.443741387639363,34.45675398362455,18.013012608690097,1.2704909124749975E-08,false
D2-SEAM-COMPLETE-IF97-COMPARATOR,exact-v9-5-to-6mwe,338784,3360,MCP,suction,pressure,true,944024.323597839,137.40628250541087,226.16810379717262,137.406282570925,88.76182129176175,6.551411502186966E-08,false
D2-SEAM-COMPLETE-IF97-COMPARATOR,exact-v9-5-to-6mwe,338784,3360,CHANNEL,pressure,outlet,true,-1171379.897955081,-216.46061054659168,226.1758475394781,-216.46061053450723,442.63645808606975,1.2084456102456897E-08,true
D2-SEAM-COMPLETE-IF97-COMPARATOR,exact-v9-5-to-6mwe,338784,3360,RETURN,outlet,drum,true,1028318.4204712432,202.8120726654351,225.47176585884353,202.81207279221283,22.65969319340843,1.2677773497671296E-07,false
D2-SEAM-COMPLETE-IF97-COMPARATOR,exact-v9-5-to-6mwe,338784,3360,FEEDWATER-PUMP,feedwater-inventory,drum,true,1188352.6913196212,34.47249180607084,16.445879819863432,34.47249181029934,18.02661198620741,4.228496663927217E-09,false
D2-SEAM-COMPLETE-IF97-COMPARATOR,exact-v9-5-to-6mwe,344784,3420,MCP,suction,pressure,true,942895.2176680374,137.3240851175086,228.33733714772254,137.3240852195966,91.01325203021395,1.0208802336819645E-07,false
D2-SEAM-COMPLETE-IF97-COMPARATOR,exact-v9-5-to-6mwe,344784,3420,CHANNEL,pressure,outlet,true,-1186973.9261719703,-217.89666598385304,228.34502287175533,-217.89666582382438,446.24168885560834,1.600286623215652E-07,true
D2-SEAM-COMPLETE-IF97-COMPARATOR,exact-v9-5-to-6mwe,344784,3420,RETURN,outlet,drum,true,1042512.05872941,204.20695960024577,227.64306057827056,204.2069592335574,23.436100978024797,3.666883685582434E-07,false
D2-SEAM-COMPLETE-IF97-COMPARATOR,exact-v9-5-to-6mwe,344784,3420,FEEDWATER-PUMP,feedwater-inventory,drum,true,1189430.807969545,34.488125608237176,16.448037570856112,34.48812558186693,18.040088037381064,2.637024465457216E-08,false
D2-SEAM-COMPLETE-IF97-COMPARATOR,exact-v9-5-to-6mwe,350784,3480,MCP,suction,pressure,true,941775.2453955685,137.24250401355758,230.46923942892704,137.24250384509403,93.22673541536946,1.684635435594828E-07,false
D2-SEAM-COMPLETE-IF97-COMPARATOR,exact-v9-5-to-6mwe,350784,3480,CHANNEL,pressure,outlet,true,-1202420.9051263216,-219.3099090443769,230.4768574094089,-219.30990908190185,449.7867664537858,3.752495558728697E-08,true
D2-SEAM-COMPLETE-IF97-COMPARATOR,exact-v9-5-to-6mwe,350784,3480,RETURN,outlet,drum,true,1056567.3905840002,205.57892796529515,229.77701658030506,205.57892815306127,24.198088615009908,1.8776611909743224E-07,false
D2-SEAM-COMPLETE-IF97-COMPARATOR,exact-v9-5-to-6mwe,350784,3480,FEEDWATER-PUMP,feedwater-inventory,drum,true,1190502.1395321991,34.50365400261542,16.45021166642716,34.50365401094259,18.05344233618826,8.327170064603706E-09,false
D2-SEAM-COMPLETE-IF97-COMPARATOR,exact-v9-5-to-6mwe,356784,3540,MCP,suction,pressure,true,940626.8610992363,137.15880293289501,232.43091089359083,137.15880286545703,95.27210796069582,6.74379805332137E-08,false
D2-SEAM-COMPLETE-IF97-COMPARATOR,exact-v9-5-to-6mwe,356784,3540,CHANNEL,pressure,outlet,true,-1217372.817960622,-220.66923826946265,232.43803736559047,-220.66923840531075,453.10727563505316,1.3584809721578495E-07,true
D2-SEAM-COMPLETE-IF97-COMPARATOR,exact-v9-5-to-6mwe,356784,3540,RETURN,outlet,drum,true,1070459.4733916046,206.92602285760046,231.8514229713291,206.92602290120877,24.925400113728642,4.360830985206121E-08,false
D2-SEAM-COMPLETE-IF97-COMPARATOR,exact-v9-5-to-6mwe,356784,3540,FEEDWATER-PUMP,feedwater-inventory,drum,true,1190437.123352685,34.50271182606789,16.41975547436674,34.502711809890684,18.082956351701146,1.6177203576717147E-08,false
D2-SEAM-COMPLETE-IF97-COMPARATOR,exact-v9-5-to-6mwe,362784,3600,MCP,suction,pressure,true,939585.5114828642,137.08285899286346,233.94763612278393,137.0828589798548,96.86477712992047,1.3008673249714775E-08,false
D2-SEAM-COMPLETE-IF97-COMPARATOR,exact-v9-5-to-6mwe,362784,3600,CHANNEL,pressure,outlet,true,-1229365.0640562833,-221.75347249198,233.95344100357076,-221.75347245491142,455.7069134955508,3.706858819896297E-08,true
D2-SEAM-COMPLETE-IF97-COMPARATOR,exact-v9-5-to-6mwe,362784,3600,RETURN,outlet,drum,true,1081847.1818889116,208.02376613155639,233.50781392423573,208.02376625975663,25.48404779267935,1.2820024153370468E-07,false
D2-SEAM-COMPLETE-IF97-COMPARATOR,exact-v9-5-to-6mwe,362784,3600,FEEDWATER-PUMP,feedwater-inventory,drum,true,1188868.8419692041,34.4799774067386,16.348579196418328,34.47997742903201,18.13139821032027,2.2293413337592938E-08,false
