boundary_index,boundary_temperature_c,probe_side,reference_region,reference_phase,reference_temperature_c,reference_pressure_mpa,reference_quality,production_resolved,production_phase,production_temperature_c,production_pressure_mpa,production_quality,phase_matches,production_minus_reference_temperature_c,production_minus_reference_pressure_mpa,is_finite,boundary_max_liquid_pressure_jump_mpa,boundary_max_liquid_temperature_jump_c,boundary_max_vapor_pressure_jump_mpa,boundary_max_vapor_temperature_jump_c
0,47.25379668027165,R1-SIDE,REGION-1,SubcooledLiquid,47.25379668027165,0.01076344579292377,,true,SubcooledLiquid,47.25379559874807,0.01127780014141532,,true,-1.0815235782501986E-06,0.0005143543484915497,true,0.0005137228525280736,3.5596193356468575E-05,0.00026625516826150886,0.001903154074568647
0,47.25379668027165,R4-LIQUID-SIDE,REGION-4,SaturatedMixture,47.25379668027165,0.010763338159542174,1E-06,true,SaturatedMixture,47.25379565358162,0.010764077288887246,9.999015993734989E-07,true,-1.026690028993471E-06,7.391293450724479E-07,true,0.0005137228525280736,3.5596193356468575E-05,0.00026625516826150886,0.001903154074568647
0,47.25379668027165,R4-VAPOR-SIDE,REGION-4,SaturatedMixture,47.25379668027165,0.010763338159542174,0.999999,true,SaturatedMixture,47.25549134445231,0.01076500068570304,0.9999980177053365,true,0.0016946641806612206,1.6625261608661096E-06,true,0.0005137228525280736,3.5596193356468575E-05,0.00026625516826150886,0.001903154074568647
0,47.25379668027165,R2-SIDE,REGION-2,SuperheatedVapor,47.25379668027165,0.010763230526160579,,true,SuperheatedVapor,47.25358819037774,0.010763225640304633,,true,-0.00020848989390742645,-4.8858559455189354E-09,true,0.0005137228525280736,3.5596193356468575E-05,0.00026625516826150886,0.001903154074568647
1,47.25636326000097,R1-SIDE,REGION-1,SubcooledLiquid,47.25636326000097,0.010764843736668937,,true,SubcooledLiquid,47.25636217878508,0.011278978775725704,,true,-1.081215884823905E-06,0.0005141350390567671,true,0.0005137228525280736,3.5596193356468575E-05,0.00026625516826150886,0.001903154074568647
1,47.25636326000097,R4-LIQUID-SIDE,REGION-4,SaturatedMixture,47.25636326000097,0.010764736089308044,1E-06,true,SaturatedMixture,47.25636223703623,0.01076547493454927,9.999016329002069E-07,true,-1.0229647386950091E-06,7.388452412260965E-07,true,0.0005137228525280736,3.5596193356468575E-05,0.00026625516826150886,0.001903154074568647
1,47.25636326000097,R4-VAPOR-SIDE,REGION-4,SaturatedMixture,47.25636326000097,0.010764736089308044,0.999999,true,SaturatedMixture,47.25805712808199,0.010766397895816491,0.9999980180683489,true,0.0016938680810199003,1.6618065084468558E-06,true,0.0005137228525280736,3.5596193356468575E-05,0.00026625516826150886,0.001903154074568647
1,47.25636326000097,R2-SIDE,REGION-2,SuperheatedVapor,47.25636326000097,0.01076462844194715,,true,SuperheatedVapor,47.256154079879764,0.010764622885548317,,true,-0.00020918012120318963,-5.556398834094534E-09,true,0.0005137228525280736,3.5596193356468575E-05,0.00026625516826150886,0.001903154074568647
2,47.260731856524956,R1-SIDE,REGION-1,SubcooledLiquid,47.260731856524956,0.01076722354696915,,true,SubcooledLiquid,47.26073077635613,0.011280735919456567,,true,-1.080168829048489E-06,0.0005135123724874166,true,0.0005137228525280736,3.5596193356468575E-05,0.00026625516826150886,0.001903154074568647
2,47.260731856524956,R4-LIQUID-SIDE,REGION-4,SaturatedMixture,47.260731856524956,0.010767115875810392,1E-06,true,SaturatedMixture,47.26073083281517,0.010767853874898408,9.999017375808994E-07,true,-1.0237097853860178E-06,7.379990880160975E-07,true,0.0005137228525280736,3.5596193356468575E-05,0.00026625516826150886,0.001903154074568647
2,47.260731856524956,R4-VAPOR-SIDE,REGION-4,SaturatedMixture,47.260731856524956,0.010767115875810392,0.999999,true,SaturatedMixture,47.26242355161253,0.010768775653256995,0.9999980193260378,true,0.0016916950875724979,1.6597774466029641E-06,true,0.0005137228525280736,3.5596193356468575E-05,0.00026625516826150886,0.001903154074568647
2,47.260731856524956,R2-SIDE,REGION-2,SuperheatedVapor,47.260731856524956,0.010767008204651634,,true,SuperheatedVapor,47.26052124219615,0.010767001253852925,,true,-0.0002106143288074236,-6.950798709173811E-09,true,0.0005137228525280736,3.5596193356468575E-05,0.00026625516826150886,0.001903154074568647
3,47.26746165007364,R1-SIDE,REGION-1,SubcooledLiquid,47.26746165007364,0.010770890513210134,,true,SubcooledLiquid,47.26746057280809,0.011282828921871789,,true,-1.0772655514301732E-06,0.0005119384086616548,true,0.0005137228525280736,3.5596193356468575E-05,0.00026625516826150886,0.001903154074568647
3,47.26746165007364,R4-LIQUID-SIDE,REGION-4,SaturatedMixture,47.26746165007364,0.01077078280538208,1E-06,true,SaturatedMixture,47.26746062934399,0.010771518618746088,9.999020166007948E-07,true,-1.0207296554654022E-06,7.358133640080616E-07,true,0.0005137228525280736,3.5596193356468575E-05,0.00026625516826150886,0.001903154074568647
3,47.26746165007364,R4-VAPOR-SIDE,REGION-4,SaturatedMixture,47.26746165007364,0.01077078280538208,0.999999,true,SaturatedMixture,47.26914797246559,0.010772437469754039,0.9999980223967243,true,0.0016863223919472148,1.6546643719587278E-06,true,0.0005137228525280736,3.5596193356468575E-05,0.00026625516826150886,0.001903154074568647
3,47.26746165007364,R2-SIDE,REGION-2,SuperheatedVapor,47.26746165007364,0.010770675097554026,,true,SuperheatedVapor,47.267253284243736,0.010770670350080882,,true,-0.00020836582990568786,-4.747473143773551E-09,true,0.0005137228525280736,3.5596193356468575E-05,0.00026625516826150886,0.001903154074568647
4,47.27766643762595,R1-SIDE,REGION-1,SubcooledLiquid,47.27766643762595,0.010776452999946404,,true,SubcooledLiquid,47.27766536775158,0.011284582437220378,,true,-1.069874372205959E-06,0.0005081294372739735,true,0.0005137228525280736,3.5596193356468575E-05,0.00026625516826150886,0.001903154074568647
4,47.27766643762595,R4-LIQUID-SIDE,REGION-4,SaturatedMixture,47.27766643762595,0.010776345236494038,1E-06,true,SaturatedMixture,47.27766542136669,0.01077707568850621,9.999027121910227E-07,true,-1.0162592616325128E-06,7.304520121716174E-07,true,0.0005137228525280736,3.5596193356468575E-05,0.00026625516826150886,0.001903154074568647
4,47.27766643762595,R4-VAPOR-SIDE,REGION-4,SaturatedMixture,47.27766643762595,0.010776345236494038,0.999999,true,SaturatedMixture,47.279339933370636,0.010777987552265871,0.9999980298710527,true,0.0016734957446828957,1.642315771833644E-06,true,0.0005137228525280736,3.5596193356468575E-05,0.00026625516826150886,0.001903154074568647
4,47.27766643762595,R2-SIDE,REGION-2,SuperheatedVapor,47.27766643762595,0.010776237473041673,,true,SuperheatedVapor,47.27745673716305,0.010776231433976949,,true,-0.00020970046290358368,-6.039064723989407E-09,true,0.0005137228525280736,3.5596193356468575E-05,0.00026625516826150886,0.001903154074568647
5,47.28584959805005,R1-SIDE,REGION-1,SubcooledLiquid,47.28584959805005,0.010780915308942913,,true,SubcooledLiquid,47.28584853670867,0.011284752068291144,,true,-1.0613413792270876E-06,0.0005038367593482307,true,0.0005137228525280736,3.5596193356468575E-05,0.00026625516826150886,0.001903154074568647
5,47.28584959805005,R4-LIQUID-SIDE,REGION-4,SaturatedMixture,47.28584959805005,0.010780807500867904,1E-06,true,SaturatedMixture,47.28584858775139,0.010781531872067547,9.99903507463387E-07,true,-1.0102986607307685E-06,7.243711996427621E-07,true,0.0005137228525280736,3.5596193356468575E-05,0.00026625516826150886,0.001903154074568647
5,47.28584959805005,R4-VAPOR-SIDE,REGION-4,SaturatedMixture,47.28584959805005,0.010780807500867904,0.999999,true,SaturatedMixture,47.28750873071482,0.010782435911095437,0.9999980380875367,true,0.0016591326647699134,1.6284102275325452E-06,true,0.0005137228525280736,3.5596193356468575E-05,0.00026625516826150886,0.001903154074568647
5,47.28584959805005,R2-SIDE,REGION-2,SuperheatedVapor,47.28584959805005,0.010780699692792895,,true,SuperheatedVapor,47.28564088851721,0.010780694632272736,,true,-0.00020870953284202187,-5.060520159166915E-09,true,0.0005137228525280736,3.5596193356468575E-05,0.00026625516826150886,0.001903154074568647
6,47.30439080595971,R1-SIDE,REGION-1,SubcooledLiquid,47.30439080595971,0.010791031774868785,,true,SubcooledLiquid,47.3043897725492,0.01128106515003983,,true,-1.0334105127185467E-06,0.0004900333751710444,true,0.0005137228525280736,3.5596193356468575E-05,0.00026625516826150886,0.001903154074568647
6,47.30439080595971,R4-LIQUID-SIDE,REGION-4,SaturatedMixture,47.30439080595971,0.010790923865630127,1E-06,true,SaturatedMixture,47.30438982695341,0.01079162859520071,9.999060924260002E-07,true,-9.790063018044748E-07,7.04729570581708E-07,true,0.0005137228525280736,3.5596193356468575E-05,0.00026625516826150886,0.001903154074568647
6,47.30439080595971,R4-VAPOR-SIDE,REGION-4,SaturatedMixture,47.30439080595971,0.010790923865630127,0.999999,true,SaturatedMixture,47.30600399456432,0.010792507598123856,0.9999980648118872,true,0.00161318860460824,1.5837324937283126E-06,true,0.0005137228525280736,3.5596193356468575E-05,0.00026625516826150886,0.001903154074568647
6,47.30439080595971,R2-SIDE,REGION-2,SuperheatedVapor,47.30439080595971,0.010790815956391472,,true,SuperheatedVapor,47.304181659494645,0.010790810491291379,,true,-0.00020914646506753343,-5.465100092957864E-09,true,0.0005137228525280736,3.5596193356468575E-05,0.00026625516826150886,0.001903154074568647
7,47.31016860008242,R1-SIDE,REGION-1,SubcooledLiquid,47.31016860008242,0.010794185924890157,,true,SubcooledLiquid,47.31016757781748,0.011278761874656604,,true,-1.0222649393654137E-06,0.000484575949766447,true,0.0005137228525280736,3.5596193356468575E-05,0.00026625516826150886,0.001903154074568647
7,47.31016860008242,R4-LIQUID-SIDE,REGION-4,SaturatedMixture,47.31016860008242,0.010794077984110315,1E-06,true,SaturatedMixture,47.310167632997036,0.010794774927940606,9.999071201755687E-07,true,-9.670853842180804E-07,6.969438302913827E-07,true,0.0005137228525280736,3.5596193356468575E-05,0.00026625516826150886,0.001903154074568647
7,47.31016860008242,R4-VAPOR-SIDE,REGION-4,SaturatedMixture,47.31016860008242,0.010794077984110315,0.999999,true,SaturatedMixture,47.31176367163141,0.010795644058640343,0.9999980753196912,true,0.0015950715489907452,1.566074530027703E-06,true,0.0005137228525280736,3.5596193356468575E-05,0.00026625516826150886,0.001903154074568647
7,47.31016860008242,R2-SIDE,REGION-2,SuperheatedVapor,47.31016860008242,0.010793970043330475,,true,SuperheatedVapor,47.30996037389258,0.010793965485162184,,true,-0.0002082261898408433,-4.558168290730302E-09,true,0.0005137228525280736,3.5596193356468575E-05,0.00026625516826150886,0.001903154074568647
8,47.339061117172264,R1-SIDE,REGION-1,SubcooledLiquid,47.339061117172264,0.010809970497312584,,true,SubcooledLiquid,47.339060168099024,0.011259016074312213,,true,-9.490732395533996E-07,0.000449045576999629,true,0.0005137228525280736,3.5596193356468575E-05,0.00026625516826150886,0.001903154074568647
8,47.339061117172264,R4-LIQUID-SIDE,REGION-4,SaturatedMixture,47.339061117172264,0.010809862398688596,1E-06,true,SaturatedMixture,47.339060217142105,0.010810508526948516,9.999138462601412E-07,true,-9.00030158845766E-07,6.461282599200258E-07,true,0.0005137228525280736,3.5596193356468575E-05,0.00026625516826150886,0.001903154074568647
8,47.339061117172264,R4-VAPOR-SIDE,REGION-4,SaturatedMixture,47.339061117172264,0.010809862398688596,0.999999,true,SaturatedMixture,47.34053853270569,0.010811313550970194,0.9999981434993804,true,0.0014774155334293937,1.4511522815983252E-06,true,0.0005137228525280736,3.5596193356468575E-05,0.00026625516826150886,0.001903154074568647
8,47.339061117172264,R2-SIDE,REGION-2,SuperheatedVapor,47.339061117172264,0.01080975430006461,,true,SuperheatedVapor,47.338850696157294,0.010809747628108319,,true,-0.0002104210149695973,-6.671956291268155E-09,true,0.0005137228525280736,3.5596193356468575E-05,0.00026625516826150886,0.001903154074568647
9,47.339702007174424,R1-SIDE,REGION-1,SubcooledLiquid,47.339702007174424,0.01081032085330431,,true,SubcooledLiquid,47.33970106005512,0.01125842262397158,,true,-9.471193038734782E-07,0.0004481017706672707,true,0.0005137228525280736,3.5596193356468575E-05,0.00026625516826150886,0.001903154074568647
9,47.339702007174424,R4-LIQUID-SIDE,REGION-4,SaturatedMixture,47.339702007174424,0.010810212751176797,1E-06,true,SaturatedMixture,47.33970110863447,0.010810857527567426,9.999140254686156E-07,true,-8.98539951776911E-07,6.447763906281684E-07,true,0.0005137228525280736,3.5596193356468575E-05,0.00026625516826150886,0.001903154074568647
9,47.339702007174424,R4-VAPOR-SIDE,REGION-4,SaturatedMixture,47.339702007174424,0.010810212751176797,0.999999,true,SaturatedMixture,47.34117630208806,0.010811660851428736,0.9999981453140947,true,0.0014742949136348216,1.4481002519380753E-06,true,0.0005137228525280736,3.5596193356468575E-05,0.00026625516826150886,0.001903154074568647
9,47.339702007174424,R2-SIDE,REGION-2,SuperheatedVapor,47.339702007174424,0.010810104649049286,,true,SuperheatedVapor,47.33949126267845,0.010810097661068456,,true,-0.00021074449597335843,-6.987980829403773E-09,true,0.0005137228525280736,3.5596193356468575E-05,0.00026625516826150886,0.001903154074568647
10,47.37124681919806,R1-SIDE,REGION-1,SubcooledLiquid,47.37124681919806,0.010827577549085489,,true,SubcooledLiquid,47.37124598603185,0.011220876118711816,,true,-8.331662115779181E-07,0.00039329856962632727,true,0.0005137228525280736,3.5596193356468575E-05,0.00026625516826150886,0.001903154074568647
10,47.37124681919806,R4-LIQUID-SIDE,REGION-4,SaturatedMixture,47.37124681919806,0.010827469274392744,1E-06,true,SaturatedMixture,47.37124603241682,0.010828035471189029,9.999244595731256E-07,true,-7.867812428230536E-07,5.661967962845849E-07,true,0.0005137228525280736,3.5596193356468575E-05,0.00026625516826150886,0.001903154074568647
10,47.37124681919806,R4-VAPOR-SIDE,REGION-4,SaturatedMixture,47.37124681919806,0.010827469274392744,0.999999,true,SaturatedMixture,47.37254013554235,0.010828740181420172,0.9999982501178267,true,0.0012933163442880868,1.2709070274282558E-06,true,0.0005137228525280736,3.5596193356468575E-05,0.00026625516826150886,0.001903154074568647
10,47.37124681919806,R2-SIDE,REGION-2,SuperheatedVapor,47.37124681919806,0.010827360999700001,,true,SuperheatedVapor,47.37103846674802,0.01082735639401376,,true,-0.00020835245004491298,-4.605686240374829E-09,true,0.0005137228525280736,3.5596193356468575E-05,0.00026625516826150886,0.001903154074568647
11,47.38116506189107,R1-SIDE,REGION-1,SubcooledLiquid,47.38116506189107,0.010833008244981821,,true,SubcooledLiquid,47.38116427177016,0.011205694588478277,,true,-7.901209073679638E-07,0.0003726863434964558,true,0.0005137228525280736,3.5596193356468575E-05,0.00026625516826150886,0.001903154074568647
11,47.38116506189107,R4-LIQUID-SIDE,REGION-4,SaturatedMixture,47.38116506189107,0.010832899915982661,1E-06,true,SaturatedMixture,47.38116431236267,0.010833436519386473,9.999283943773886E-07,true,-7.495283966818533E-07,5.36603403811925E-07,true,0.0005137228525280736,3.5596193356468575E-05,0.00026625516826150886,0.001903154074568647
11,47.38116506189107,R4-VAPOR-SIDE,REGION-4,SaturatedMixture,47.38116506189107,0.010832899915982661,0.999999,true,SaturatedMixture,47.38239039860508,0.010834104190688944,0.999998289543341,true,0.001225336714014702,1.2042747062832038E-06,true,0.0005137228525280736,3.5596193356468575E-05,0.00026625516826150886,0.001903154074568647
11,47.38116506189107,R2-SIDE,REGION-2,SuperheatedVapor,47.38116506189107,0.010832791586983501,,true,SuperheatedVapor,47.38095447868551,0.010832784805032232,,true,-0.0002105832055576684,-6.781951269671516E-09,true,0.0005137228525280736,3.5596193356468575E-05,0.00026625516826150886,0.001903154074568647
12,47.405578786134754,R1-SIDE,REGION-1,SubcooledLiquid,47.405578786134754,0.010846385856276416,,true,SubcooledLiquid,47.405578116726986,0.011161445593633617,,true,-6.69407768327801E-07,0.0003150597373572008,true,0.0005137228525280736,3.5596193356468575E-05,0.00026625516826150886,0.001903154074568647
12,47.405578786134754,R4-LIQUID-SIDE,REGION-4,SaturatedMixture,47.405578786134754,0.01084627739350248,1E-06,true,SaturatedMixture,47.40557815134525,0.010846731195655887,9.999394160950974E-07,true,-6.347895009639615E-07,4.5380215340715124E-07,true,0.0005137228525280736,3.5596193356468575E-05,0.00026625516826150886,0.001903154074568647
12,47.405578786134754,R4-VAPOR-SIDE,REGION-4,SaturatedMixture,47.405578786134754,0.01084627739350248,0.999999,true,SaturatedMixture,47.40661424251698,0.010847295404206755,0.9999983996620971,true,0.0010354563822261298,1.0180107042744718E-06,true,0.0005137228525280736,3.5596193356468575E-05,0.00026625516826150886,0.001903154074568647
12,47.405578786134754,R2-SIDE,REGION-2,SuperheatedVapor,47.405578786134754,0.010846168930728546,,true,SuperheatedVapor,47.40536982034632,0.010846163765914012,,true,-0.0002089657884312146,-5.1648145343863305E-09,true,0.0005137228525280736,3.5596193356468575E-05,0.00026625516826150886,0.001903154074568647
13,47.42490748912098,R1-SIDE,REGION-1,SubcooledLiquid,47.42490748912098,0.010856987170281312,,true,SubcooledLiquid,47.42490693020949,0.011119474603872408,,true,-5.589114948634233E-07,0.0002624874335910958,true,0.0005137228525280736,3.5596193356468575E-05,0.00026625516826150886,0.001903154074568647
13,47.42490748912098,R4-LIQUID-SIDE,REGION-4,SaturatedMixture,47.42490748912098,0.010856878601495297,1E-06,true,SaturatedMixture,47.424906961619854,0.010857256794495843,9.999494921329582E-07,true,-5.275011289995746E-07,3.781930005466311E-07,true,0.0005137228525280736,3.5596193356468575E-05,0.00026625516826150886,0.001903154074568647
13,47.42490748912098,R4-VAPOR-SIDE,REGION-4,SaturatedMixture,47.42490748912098,0.010856878601495297,0.999999,true,SaturatedMixture,47.42576989307577,0.010857726708070541,0.9999985000022843,true,0.0008624039547839857,8.48106575244631E-07,true,0.0005137228525280736,3.5596193356468575E-05,0.00026625516826150886,0.001903154074568647
13,47.42490748912098,R2-SIDE,REGION-2,SuperheatedVapor,47.42490748912098,0.010856770032709281,,true,SuperheatedVapor,47.424698309850726,0.010856764681794398,,true,-0.00020917927025720928,-5.350914883059388E-09,true,0.0005137228525280736,3.5596193356468575E-05,0.00026625516826150886,0.001903154074568647
14,47.44107317328451,R1-SIDE,REGION-1,SubcooledLiquid,47.44107317328451,0.01086586048125896,,true,SubcooledLiquid,47.44107271694679,0.01107966411543305,,true,-4.563377160593518E-07,0.00021380363417409023,true,0.0005137228525280736,3.5596193356468575E-05,0.00026625516826150886,0.001903154074568647
14,47.44107317328451,R4-LIQUID-SIDE,REGION-4,SaturatedMixture,47.44107317328451,0.010865751823740721,1E-06,true,SaturatedMixture,47.44107274711132,0.010866059952610517,9.999588371568494E-07,true,-4.261731874066754E-07,3.0812886979598997E-07,true,0.0005137228525280736,3.5596193356468575E-05,0.00026625516826150886,0.001903154074568647
14,47.44107317328451,R4-VAPOR-SIDE,REGION-4,SaturatedMixture,47.44107317328451,0.010865751823740721,0.999999,true,SaturatedMixture,47.44177544155343,0.010866442608330097,0.9999985928094417,true,0.0007022682689239446,6.907845893754788E-07,true,0.0005137228525280736,3.5596193356468575E-05,0.00026625516826150886,0.001903154074568647
14,47.44107317328451,R2-SIDE,REGION-2,SuperheatedVapor,47.44107317328451,0.010865643166222485,,true,SuperheatedVapor,47.4408624501022,0.010865636316061945,,true,-0.0002107231823060829,-6.850160539501049E-09,true,0.0005137228525280736,3.5596193356468575E-05,0.00026625516826150886,0.001903154074568647
15,47.46560525596135,R1-SIDE,REGION-1,SubcooledLiquid,47.46560525596135,0.010879337991507513,,true,SubcooledLiquid,47.465604973014536,0.011011060249528297,,true,-2.829468144227576E-07,0.00013172225802078434,true,0.0005137228525280736,3.5596193356468575E-05,0.00026625516826150886,0.001903154074568647
15,47.46560525596135,R4-LIQUID-SIDE,REGION-4,SaturatedMixture,47.46560525596135,0.01087922919921552,1E-06,true,SaturatedMixture,47.46560499072075,0.01087941910670269,9.999746184598853E-07,true,-2.6524060103838565E-07,1.8990748716987693E-07,true,0.0005137228525280736,3.5596193356468575E-05,0.00026625516826150886,0.001903154074568647
15,47.46560525596135,R4-VAPOR-SIDE,REGION-4,SaturatedMixture,47.46560525596135,0.01087922919921552,0.999999,true,SaturatedMixture,47.46603774806681,0.01087965476684707,0.9999987492889763,true,0.0004324921054603692,4.2556763154948107E-07,true,0.0005137228525280736,3.5596193356468575E-05,0.00026625516826150886,0.001903154074568647
15,47.46560525596135,R2-SIDE,REGION-2,SuperheatedVapor,47.46560525596135,0.010879120406923529,,true,SuperheatedVapor,47.4653962018744,0.010879115229071281,,true,-0.0002090540869517099,-5.177852247656434E-09,true,0.0005137228525280736,3.5596193356468575E-05,0.00026625516826150886,0.001903154074568647
16,47.476804162561905,R1-SIDE,REGION-1,SubcooledLiquid,47.476804162561905,0.01088549525332102,,true,SubcooledLiquid,47.476803965892714,0.01097646076156422,,true,-1.9666919115479686E-07,9.09655082431994E-05,true,0.0005137228525280736,3.5596193356468575E-05,0.00026625516826150886,0.001903154074568647
16,47.476804162561905,R4-LIQUID-SIDE,REGION-4,SaturatedMixture,47.476804162561905,0.010885386399457025,1E-06,true,SaturatedMixture,47.47680398076773,0.010885517571893898,9.999824649719748E-07,true,-1.8179417793362518E-07,1.3117243687250923E-07,true,0.0005137228525280736,3.5596193356468575E-05,0.00026625516826150886,0.001903154074568647
16,47.476804162561905,R4-VAPOR-SIDE,REGION-4,SaturatedMixture,47.476804162561905,0.010885386399457025,0.999999,true,SaturatedMixture,47.477102783593295,0.010885680286444297,0.9999988268578969,true,0.00029862103139066676,2.9388698727199347E-07,true,0.0005137228525280736,3.5596193356468575E-05,0.00026625516826150886,0.001903154074568647
16,47.476804162561905,R2-SIDE,REGION-2,SuperheatedVapor,47.476804162561905,0.010885277545593031,,true,SuperheatedVapor,47.47659448051229,0.010885271762263877,,true,-0.0002096820496149121,-5.783329154115946E-09,true,0.0005137228525280736,3.5596193356468575E-05,0.00026625516826150886,0.001903154074568647
17,47.497136956453346,R1-SIDE,REGION-1,SubcooledLiquid,47.497136956453346,0.010896682061926422,,true,SubcooledLiquid,47.49713692787691,0.010908384617155117,,true,-2.8576437216543127E-08,1.1702555228695205E-05,true,0.0005137228525280736,3.5596193356468575E-05,0.00026625516826150886,0.001903154074568647
17,47.497136956453346,R4-LIQUID-SIDE,REGION-4,SaturatedMixture,47.497136956453346,0.01089657309619546,1E-06,true,SaturatedMixture,47.4971369355917,0.010896589982594166,9.999977420021799E-07,true,-2.0861648408754263E-08,1.6886398706422723E-08,true,0.0005137228525280736,3.5596193356468575E-05,0.00026625516826150886,0.001903154074568647
17,47.497136956453346,R4-VAPOR-SIDE,REGION-4,SaturatedMixture,47.497136956453346,0.01089657309619546,0.999999,true,SaturatedMixture,47.497175372278434,0.010896610913481243,0.9999989777769839,true,3.84158250881228E-05,3.781728578379495E-08,true,0.0005137228525280736,3.5596193356468575E-05,0.00026625516826150886,0.001903154074568647
17,47.497136956453346,R2-SIDE,REGION-2,SuperheatedVapor,47.497136956453346,0.010896464130464498,,true,SuperheatedVapor,47.4969271190173,0.010896458218466232,,true,-0.00020983743604574556,-5.9119982659394665E-09,true,0.0005137228525280736,3.5596193356468575E-05,0.00026625516826150886,0.001903154074568647
18,47.51263943389063,R1-SIDE,REGION-1,SubcooledLiquid,47.51263943389063,0.010905217934178663,,true,SubcooledLiquid,47.51263931708377,0.0109557203036548,,true,-1.1680685929604806E-07,5.050236947613633E-05,true,0.0005137228525280736,3.5596193356468575E-05,0.00026625516826150886,0.001903154074568647
18,47.51263943389063,R4-LIQUID-SIDE,REGION-4,SaturatedMixture,47.51263943389063,0.010905108883089832,1E-06,true,SaturatedMixture,47.512639328837395,0.010905182841767865,9.999903926809586E-07,true,-1.0505323189136107E-07,7.395867803253187E-08,true,0.0005137228525280736,3.5596193356468575E-05,0.00026625516826150886,0.001903154074568647
18,47.51263943389063,R4-VAPOR-SIDE,REGION-4,SaturatedMixture,47.51263943389063,0.010905108883089832,0.999999,true,SaturatedMixture,47.51280673236471,0.010905276001524192,0.9999989030909889,true,0.00016729847408214482,1.671184343601112E-07,true,0.0005137228525280736,3.5596193356468575E-05,0.00026625516826150886,0.001903154074568647
18,47.51263943389063,R2-SIDE,REGION-2,SuperheatedVapor,47.51263943389063,0.010904999832001001,,true,SuperheatedVapor,47.51243072495555,0.010904995052333822,,true,-0.00020870893507662913,-4.779667179405367E-09,true,0.0005137228525280736,3.5596193356468575E-05,0.00026625516826150886,0.001903154074568647
19,47.514584347605705,R1-SIDE,REGION-1,SubcooledLiquid,47.514584347605705,0.010906289235178678,,true,SubcooledLiquid,47.51458421390589,0.010964330339876843,,true,-1.3369981388677843E-07,5.8041104698165064E-05,true,0.0005137228525280736,3.5596193356468575E-05,0.00026625516826150886,0.001903154074568647
19,47.514584347605705,R4-LIQUID-SIDE,REGION-4,SaturatedMixture,47.514584347605705,0.010906180173376944,1E-06,true,SaturatedMixture,47.514584220945835,0.010906265170663974,9.999889578648342E-07,true,-1.2665987014770508E-07,8.499728702988929E-08,true,0.0005137228525280736,3.5596193356468575E-05,0.00026625516826150886,0.001903154074568647
19,47.514584347605705,R4-VAPOR-SIDE,REGION-4,SaturatedMixture,47.514584347605705,0.010906180173376944,0.999999,true,SaturatedMixture,47.51477661137318,0.010906372235584445,0.99999888862044,true,0.00019226376747383256,1.9206220750085656E-07,true,0.0005137228525280736,3.5596193356468575E-05,0.00026625516826150886,0.001903154074568647
19,47.514584347605705,R2-SIDE,REGION-2,SuperheatedVapor,47.514584347605705,0.01090607111157521,,true,SuperheatedVapor,47.51437527303722,0.010906065973417608,,true,-0.00020907456848817674,-5.138157602516125E-09,true,0.0005137228525280736,3.5596193356468575E-05,0.00026625516826150886,0.001903154074568647
20,47.54827588349582,R1-SIDE,REGION-1,SubcooledLiquid,47.54827588349582,0.010924861622134425,,true,SubcooledLiquid,47.54827547874248,0.011103635986094557,,true,-4.0475333662470803E-07,0.00017877436396013247,true,0.0005137228525280736,3.5596193356468575E-05,0.00026625516826150886,0.001903154074568647
20,47.54827588349582,R4-LIQUID-SIDE,REGION-4,SaturatedMixture,47.54827588349582,0.010924752374610679,1E-06,true,SaturatedMixture,47.548275500535965,0.010925014306047438,9.999659524861663E-07,true,-3.8295985405056854E-07,2.619314367589831E-07,true,0.0005137228525280736,3.5596193356468575E-05,0.00026625516826150886,0.001903154074568647
20,47.54827588349582,R4-VAPOR-SIDE,REGION-4,SaturatedMixture,47.54827588349582,0.010924752374610679,0.999999,true,SaturatedMixture,47.54886772812722,0.010925343879617275,0.9999986571198582,true,0.0005918446314012726,5.915050065967431E-07,true,0.0005137228525280736,3.5596193356468575E-05,0.00026625516826150886,0.001903154074568647
20,47.54827588349582,R2-SIDE,REGION-2,SuperheatedVapor,47.54827588349582,0.010924643127086932,,true,SuperheatedVapor,47.54806717710699,0.01092463839494691,,true,-0.00020870638883252468,-4.73214002184863E-09,true,0.0005137228525280736,3.5596193356468575E-05,0.00026625516826150886,0.001903154074568647
21,47.58362434357406,R1-SIDE,REGION-1,SubcooledLiquid,47.58362434357406,0.01094437658235262,,true,SubcooledLiquid,47.58362369845332,0.011229786286379375,,true,-6.451207354984945E-07,0.00028540970402675565,true,0.0005137228525280736,3.5596193356468575E-05,0.00026625516826150886,0.001903154074568647
21,47.58362434357406,R4-LIQUID-SIDE,REGION-4,SaturatedMixture,47.58362434357406,0.010944267139681222,1E-06,true,SaturatedMixture,47.583623729646206,0.010944685530803995,9.999455806149069E-07,true,-6.139278525552072E-07,4.183911227733511E-07,true,0.0005137228525280736,3.5596193356468575E-05,0.00026625516826150886,0.001903154074568647
21,47.58362434357406,R4-VAPOR-SIDE,REGION-4,SaturatedMixture,47.58362434357406,0.010944267139681222,0.999999,true,SaturatedMixture,47.5845686546582,0.010945211379842439,0.9999984528389941,true,0.0009443110841402813,9.44240161216553E-07,true,0.0005137228525280736,3.5596193356468575E-05,0.00026625516826150886,0.001903154074568647
21,47.58362434357406,R2-SIDE,REGION-2,SuperheatedVapor,47.58362434357406,0.010944157697009826,,true,SuperheatedVapor,47.58341449526773,0.010944151879249485,,true,-0.00020984830632642115,-5.817760341184086E-09,true,0.0005137228525280736,3.5596193356468575E-05,0.00026625516826150886,0.001903154074568647
22,47.61869406104091,R1-SIDE,REGION-1,SubcooledLiquid,47.61869406104091,0.010963767237899734,,true,SubcooledLiquid,47.618693222215086,0.011334704595893686,,true,-8.388258265767945E-07,0.0003709373579939522,true,0.0005137228525280736,3.5596193356468575E-05,0.00026625516826150886,0.001903154074568647
22,47.61869406104091,R4-LIQUID-SIDE,REGION-4,SaturatedMixture,47.61869406104091,0.01096365760132372,1E-06,true,SaturatedMixture,47.61869326233864,0.010964201661514498,9.999291908522085E-07,true,-7.987022740962857E-07,5.44060190777601E-07,true,0.0005137228525280736,3.5596193356468575E-05,0.00026625516826150886,0.001903154074568647
22,47.61869406104091,R4-VAPOR-SIDE,REGION-4,SaturatedMixture,47.61869406104091,0.01096365760132372,0.999999,true,SaturatedMixture,47.61992064056767,0.01096488469525092,0.9999982892768213,true,0.001226579526758087,1.2270939272005649E-06,true,0.0005137228525280736,3.5596193356468575E-05,0.00026625516826150886,0.001903154074568647
22,47.61869406104091,R2-SIDE,REGION-2,SuperheatedVapor,47.61869406104091,0.010963547964747708,,true,SuperheatedVapor,47.61848337483792,0.010963541358518689,,true,-0.00021068620299047325,-6.606229018685239E-09,true,0.0005137228525280736,3.5596193356468575E-05,0.00026625516826150886,0.001903154074568647
23,47.65354026705023,R1-SIDE,REGION-1,SubcooledLiquid,47.65354026705023,0.010983063530149202,,true,SubcooledLiquid,47.65353928014389,0.011418996905399657,,true,-9.86906343314331E-07,0.00043593337525045517,true,0.0005137228525280736,3.5596193356468575E-05,0.00026625516826150886,0.001903154074568647
23,47.65354026705023,R4-LIQUID-SIDE,REGION-4,SaturatedMixture,47.65354026705023,0.010982953700612195,1E-06,true,SaturatedMixture,47.65353932976723,0.01098359343421497,9.99916687267596E-07,true,-9.372830049869663E-07,6.39733602774209E-07,true,0.0005137228525280736,3.5596193356468575E-05,0.00026625516826150886,0.001903154074568647
23,47.65354026705023,R4-VAPOR-SIDE,REGION-4,SaturatedMixture,47.65354026705023,0.010982953700612195,0.999999,true,SaturatedMixture,47.654980941341364,0.010984395688415506,0.9999981651205678,true,0.001440674291131927,1.441987803310965E-06,true,0.0005137228525280736,3.5596193356468575E-05,0.00026625516826150886,0.001903154074568647
23,47.65354026705023,R2-SIDE,REGION-2,SuperheatedVapor,47.65354026705023,0.01098284387107519,,true,SuperheatedVapor,47.65333119263448,0.010982838906142631,,true,-0.00020907441574991026,-4.964932558831903E-09,true,0.0005137228525280736,3.5596193356468575E-05,0.00026625516826150886,0.001903154074568647
24,47.68824782669549,R1-SIDE,REGION-1,SubcooledLiquid,47.68824782669549,0.01100231203510302,,true,SubcooledLiquid,47.68824673650403,0.011483186262684526,,true,-1.0901914606620267E-06,0.00048087422758150665,true,0.0005137228525280736,3.5596193356468575E-05,0.00026625516826150886,0.001903154074568647
24,47.68824782669549,R4-LIQUID-SIDE,REGION-4,SaturatedMixture,47.68824782669549,0.011002202013082888,1E-06,true,SaturatedMixture,47.68824678659439,0.011002908070369629,9.999079920554725E-07,true,-1.0401010968053015E-06,7.060572867409465E-07,true,0.0005137228525280736,3.5596193356468575E-05,0.00026625516826150886,0.001903154074568647
24,47.68824782669549,R4-VAPOR-SIDE,REGION-4,SaturatedMixture,47.68824782669549,0.011002202013082888,0.999999,true,SaturatedMixture,47.68983611722189,0.011003792529952842,0.9999980796051499,true,0.0015882905263993052,1.5905168699540534E-06,true,0.0005137228525280736,3.5596193356468575E-05,0.00026625516826150886,0.001903154074568647
24,47.68824782669549,R2-SIDE,REGION-2,SuperheatedVapor,47.68824782669549,0.011002091991062758,,true,SuperheatedVapor,47.6880388951688,0.01100208721216613,,true,-0.00020893152668577386,-4.778896627380402E-09,true,0.0005137228525280736,3.5596193356468575E-05,0.00026625516826150886,0.001903154074568647
25,47.72291185855869,R1-SIDE,REGION-1,SubcooledLiquid,47.72291185855869,0.011021565312344302,,true,SubcooledLiquid,47.722910709467385,0.011527611365623613,,true,-1.1490913038869621E-06,0.0005060460532793111,true,0.0005137228525280736,3.5596193356468575E-05,0.00026625516826150886,0.001903154074568647
25,47.72291185855869,R4-LIQUID-SIDE,REGION-4,SaturatedMixture,47.72291185855869,0.011021455097793323,1E-06,true,SaturatedMixture,47.72291076183319,0.011022198509099997,9.999030635730755E-07,true,-1.0967254979732388E-06,7.434113066737136E-07,true,0.0005137228525280736,3.5596193356468575E-05,0.00026625516826150886,0.001903154074568647
25,47.72291185855869,R4-VAPOR-SIDE,REGION-4,SaturatedMixture,47.72291185855869,0.011021455097793323,0.999999,true,SaturatedMixture,47.724582341209555,0.011023128739961327,0.9999980320307649,true,0.0016704826508657789,1.6736421680034475E-06,true,0.0005137228525280736,3.5596193356468575E-05,0.00026625516826150886,0.001903154074568647
25,47.72291185855869,R2-SIDE,REGION-2,SuperheatedVapor,47.72291185855869,0.011021344883242346,,true,SuperheatedVapor,47.72270151933799,0.011021338746706985,,true,-0.00021033922070046174,-6.136535361453421E-09,true,0.0005137228525280736,3.5596193356468575E-05,0.00026625516826150886,0.001903154074568647
26,47.757624070346424,R1-SIDE,REGION-1,SubcooledLiquid,47.757624070346424,0.01104087434015728,,true,SubcooledLiquid,47.757622906813765,0.011552393090169621,,true,-1.1635326586656447E-06,0.0005115187500123412,true,0.0005137228525280736,3.5596193356468575E-05,0.00026625516826150886,0.001903154074568647
26,47.757624070346424,R4-LIQUID-SIDE,REGION-4,SaturatedMixture,47.757624070346424,0.011040763932517954,1E-06,true,SaturatedMixture,47.757622964680195,0.011041515786406005,9.999019012496386E-07,true,-1.1056662287955987E-06,7.518538880507686E-07,true,0.0005137228525280736,3.5596193356468575E-05,0.00026625516826150886,0.001903154074568647
26,47.757624070346424,R4-VAPOR-SIDE,REGION-4,SaturatedMixture,47.757624070346424,0.011040763932517954,0.999999,true,SaturatedMixture,47.75931165620182,0.011042455540144814,0.9999980219913489,true,0.0016875858553930811,1.691607626860131E-06,true,0.0005137228525280736,3.5596193356468575E-05,0.00026625516826150886,0.001903154074568647
26,47.757624070346424,R2-SIDE,REGION-2,SuperheatedVapor,47.757624070346424,0.01104065352487863,,true,SuperheatedVapor,47.75741363073263,0.011040647329734001,,true,-0.00021043961379518805,-6.195144628198812E-09,true,0.0005137228525280736,3.5596193356468575E-05,0.00026625516826150886,0.001903154074568647
27,47.79246309995665,R1-SIDE,REGION-1,SubcooledLiquid,47.79246309995665,0.011060283117221672,,true,SubcooledLiquid,47.79246196696727,0.011557445704095082,,true,-1.1329893823130988E-06,0.0004971625868734099,true,0.0005137228525280736,3.5596193356468575E-05,0.00026625516826150886,0.001903154074568647
27,47.79246309995665,R4-LIQUID-SIDE,REGION-4,SaturatedMixture,47.79246309995665,0.011060172515496517,1E-06,true,SaturatedMixture,47.79246202111244,0.01106090365749985,9.999045427227666E-07,true,-1.0788442068587756E-06,7.311420033330462E-07,true,0.0005137228525280736,3.5596193356468575E-05,0.00026625516826150886,0.001903154074568647
27,47.79246309995665,R4-VAPOR-SIDE,REGION-4,SaturatedMixture,47.79246309995665,0.011060172515496517,0.999999,true,SaturatedMixture,47.79410238802268,0.011061816518680883,0.9999980500003376,true,0.001639288066030531,1.6440031843662634E-06,true,0.0005137228525280736,3.5596193356468575E-05,0.00026625516826150886,0.001903154074568647
27,47.79246309995665,R2-SIDE,REGION-2,SuperheatedVapor,47.79246309995665,0.011060061913771362,,true,SuperheatedVapor,47.792253969643525,0.011060057068477562,,true,-0.00020913031312375097,-4.84529379986276E-09,true,0.0005137228525280736,3.5596193356468575E-05,0.00026625516826150886,0.001903154074568647
28,47.827488413453125,R1-SIDE,REGION-1,SubcooledLiquid,47.827488413453125,0.011079825203158315,,true,SubcooledLiquid,47.8274873568775,0.011542517454683241,,true,-1.0565756269897975E-06,0.00046269225152492655,true,0.0005137228525280736,3.5596193356468575E-05,0.00026625516826150886,0.001903154074568647
28,47.827488413453125,R4-LIQUID-SIDE,REGION-4,SaturatedMixture,47.827488413453125,0.011079714406014254,1E-06,true,SaturatedMixture,47.82748740911484,0.011080395221771205,9.999110562434746E-07,true,-1.0043382872026996E-06,6.808157569510032E-07,true,0.0005137228525280736,3.5596193356468575E-05,0.00026625516826150886,0.001903154074568647
28,47.827488413453125,R4-VAPOR-SIDE,REGION-4,SaturatedMixture,47.827488413453125,0.011079714406014254,0.999999,true,SaturatedMixture,47.82901316798916,0.01108124430379027,0.9999981162929242,true,0.0015247545360352888,1.5298977760151017E-06,true,0.0005137228525280736,3.5596193356468575E-05,0.00026625516826150886,0.001903154074568647
28,47.827488413453125,R2-SIDE,REGION-2,SuperheatedVapor,47.827488413453125,0.011079603608870194,,true,SuperheatedVapor,47.82727916348006,0.011079598688778827,,true,-0.00020924997306792648,-4.920091367308088E-09,true,0.0005137228525280736,3.5596193356468575E-05,0.00026625516826150886,0.001903154074568647
29,47.862737081945,R1-SIDE,REGION-1,SubcooledLiquid,47.862737081945,0.011099521838287791,,true,SubcooledLiquid,47.86273614876728,0.011507248048660091,,true,-9.331777164334198E-07,0.00040772621037230006,true,0.0005137228525280736,3.5596193356468575E-05,0.00026625516826150886,0.001903154074568647
29,47.862737081945,R4-LIQUID-SIDE,REGION-4,SaturatedMixture,47.862737081945,0.011099410844179348,1E-06,true,SaturatedMixture,47.86273619532585,0.01110001110673648,9.999215289504808E-07,true,-8.866191478773544E-07,6.002625571321918E-07,true,0.0005137228525280736,3.5596193356468575E-05,0.00026625516826150886,0.001903154074568647
29,47.862737081945,R4-VAPOR-SIDE,REGION-4,SaturatedMixture,47.862737081945,0.011099410844179348,0.999999,true,SaturatedMixture,47.864079929723516,0.011100758892467663,0.9999982217718141,true,0.001342847778516898,1.3480482883142936E-06,true,0.0005137228525280736,3.5596193356468575E-05,0.00026625516826150886,0.001903154074568647
29,47.862737081945,R2-SIDE,REGION-2,SuperheatedVapor,47.862737081945,0.011099299850070908,,true,SuperheatedVapor,47.8625264512375,0.011099293591751326,,true,-0.00021063070749960389,-6.258319581314842E-09,true,0.0005137228525280736,3.5596193356468575E-05,0.00026625516826150886,0.001903154074568647
30,47.89822296798229,R1-SIDE,REGION-1,SubcooledLiquid,47.89822296798229,0.011119381395374751,,true,SubcooledLiquid,47.89822220638246,0.011451233193008333,,true,-7.615998356413911E-07,0.0003318517976335818,true,0.0005137228525280736,3.5596193356468575E-05,0.00026625516826150886,0.001903154074568647
30,47.89822296798229,R4-LIQUID-SIDE,REGION-4,SaturatedMixture,47.89822296798229,0.011119270202672725,1E-06,true,SaturatedMixture,47.898222245275974,0.011119759028538009,9.999360548114826E-07,true,-7.227063179016113E-07,4.888258652840233E-07,true,0.0005137228525280736,3.5596193356468575E-05,0.00026625516826150886,0.001903154074568647
30,47.89822296798229,R4-VAPOR-SIDE,REGION-4,SaturatedMixture,47.89822296798229,0.011119270202672725,0.999999,true,SaturatedMixture,47.899315290447475,0.011120367306173915,0.999998366905971,true,0.0010923224651833152,1.0971035011905078E-06,true,0.0005137228525280736,3.5596193356468575E-05,0.00026625516826150886,0.001903154074568647
30,47.89822296798229,R2-SIDE,REGION-2,SuperheatedVapor,47.89822296798229,0.011119159009970698,,true,SuperheatedVapor,47.89801205398328,0.011119152510105505,,true,-0.00021091399901251862,-6.499865192952092E-09,true,0.0005137228525280736,3.5596193356468575E-05,0.00026625516826150886,0.001903154074568647
31,47.93393765389919,R1-SIDE,REGION-1,SubcooledLiquid,47.93393765389919,0.011139399802370956,,true,SubcooledLiquid,47.93393711318981,0.011374088722069799,,true,-5.407093794929096E-07,0.00023468891969884338,true,0.0005137228525280736,3.5596193356468575E-05,0.00026625516826150886,0.001903154074568647
31,47.93393765389919,R4-LIQUID-SIDE,REGION-4,SaturatedMixture,47.93393765389919,0.01113928840948686,1E-06,true,SaturatedMixture,47.93393713980913,0.01113963430193084,9.999547221964206E-07,true,-5.140900611877441E-07,3.4589244398038066E-07,true,0.0005137228525280736,3.5596193356468575E-05,0.00026625516826150886,0.001903154074568647
31,47.93393765389919,R4-VAPOR-SIDE,REGION-4,SaturatedMixture,47.93393765389919,0.01113928840948686,0.999999,true,SaturatedMixture,47.934709708168896,0.011140064234808005,0.9999985525234798,true,0.0007720542697029487,7.758253211444938E-07,true,0.0005137228525280736,3.5596193356468575E-05,0.00026625516826150886,0.001903154074568647
31,47.93393765389919,R2-SIDE,REGION-2,SuperheatedVapor,47.93393765389919,0.011139177016602766,,true,SuperheatedVapor,47.93372805800311,0.011139171884210122,,true,-0.00020959589608082752,-5.132392644560668E-09,true,0.0005137228525280736,3.5596193356468575E-05,0.00026625516826150886,0.001903154074568647
32,47.96985266357666,R1-SIDE,REGION-1,SubcooledLiquid,47.96985266357666,0.0111595616944032,,true,SubcooledLiquid,47.96985239400749,0.011275508715153473,,true,-2.695691705412173E-07,0.00011594702075027295,true,0.0005137228525280736,3.5596193356468575E-05,0.00026625516826150886,0.001903154074568647
32,47.96985266357666,R4-LIQUID-SIDE,REGION-4,SaturatedMixture,47.96985266357666,0.0111594500999022,1E-06,true,SaturatedMixture,47.96985241025686,0.011159621084153123,9.999776029720214E-07,true,-2.53319797138829E-07,1.7098425092280933E-07,true,0.0005137228525280736,3.5596193356468575E-05,0.00026625516826150886,0.001903154074568647
32,47.96985266357666,R4-VAPOR-SIDE,REGION-4,SaturatedMixture,47.96985266357666,0.0111594500999022,0.999999,true,SaturatedMixture,47.970233875758595,0.011159833369006156,0.9999987790286669,true,0.00038121218193509776,3.832691039557662E-07,true,0.0005137228525280736,3.5596193356468575E-05,0.00026625516826150886,0.001903154074568647
32,47.96985266357666,R2-SIDE,REGION-2,SuperheatedVapor,47.96985266357666,0.011159338505401201,,true,SuperheatedVapor,47.96964338650844,0.011159333739698239,,true,-0.00020927706822249093,-4.765702962469809E-09,true,0.0005137228525280736,3.5596193356468575E-05,0.00026625516826150886,0.001903154074568647
33,48.00592249780897,R1-SIDE,REGION-1,SubcooledLiquid,48.00592249780897,0.011179842033210947,,true,SubcooledLiquid,48.005922436404774,0.01120371643628795,,true,-6.140419372968609E-08,2.387440307700245E-05,true,0.0005137228525280736,3.5596193356468575E-05,0.00026625516826150886,0.001903154074568647
33,48.00592249780897,R4-LIQUID-SIDE,REGION-4,SaturatedMixture,48.00592249780897,0.011179730235908587,1E-06,true,SaturatedMixture,48.00592244416475,0.011179765991555582,9.99995447943754E-07,true,-5.364421440390288E-08,3.57556469952891E-08,true,0.0005137228525280736,3.5596193356468575E-05,0.00026625516826150886,0.001903154074568647
33,48.00592249780897,R4-VAPOR-SIDE,REGION-4,SaturatedMixture,48.00592249780897,0.011179730235908587,0.999999,true,SaturatedMixture,48.00600170876987,0.011179811065788895,0.9999989541124125,true,7.921096090512947E-05,8.082988030809479E-08,true,0.0005137228525280736,3.5596193356468575E-05,0.00026625516826150886,0.001903154074568647
33,48.00592249780897,R2-SIDE,REGION-2,SuperheatedVapor,48.00592249780897,0.011179618438606228,,true,SuperheatedVapor,48.00571266443211,0.011179613158910223,,true,-0.0002098333768572047,-5.279696005042189E-09,true,0.0005137228525280736,3.5596193356468575E-05,0.00026625516826150886,0.001903154074568647
34,48.042088118195466,R1-SIDE,REGION-1,SubcooledLiquid,48.042088118195466,0.01120020799400999,,true,SubcooledLiquid,48.04208773467661,0.011357453356873595,,true,-3.835188522316457E-07,0.00015724536286360405,true,0.0005137228525280736,3.5596193356468575E-05,0.00026625516826150886,0.001903154074568647
34,48.042088118195466,R4-LIQUID-SIDE,REGION-4,SaturatedMixture,48.042088118195466,0.011200095993050059,1E-06,true,SaturatedMixture,48.04208775609732,0.011200331585816747,9.999699868018521E-07,true,-3.620981487983954E-07,2.3559276668763673E-07,true,0.0005137228525280736,3.5596193356468575E-05,0.00026625516826150886,0.001903154074568647
34,48.042088118195466,R4-VAPOR-SIDE,REGION-4,SaturatedMixture,48.042088118195466,0.011200095993050059,0.999999,true,SaturatedMixture,48.042609450181885,0.011200628249893398,0.9999986980023136,true,0.0005213319864196819,5.322568433392683E-07,true,0.0005137228525280736,3.5596193356468575E-05,0.00026625516826150886,0.001903154074568647
34,48.042088118195466,R2-SIDE,REGION-2,SuperheatedVapor,48.042088118195466,0.011199983992090129,,true,SuperheatedVapor,48.04187692757421,0.011199977388185747,,true,-0.00021119062125762866,-6.603904381674575E-09,true,0.0005137228525280736,3.5596193356468575E-05,0.00026625516826150886,0.001903154074568647
35,48.07828054577118,R1-SIDE,REGION-1,SubcooledLiquid,48.07828054577118,0.0112206209350514,,true,SubcooledLiquid,48.078279890533395,0.011489937166816256,,true,-6.552377840307599E-07,0.0002693162317648559,true,0.0005137228525280736,3.5596193356468575E-05,0.00026625516826150886,0.001903154074568647
35,48.07828054577118,R4-LIQUID-SIDE,REGION-4,SaturatedMixture,48.07828054577118,0.0112205087299641,1E-06,true,SaturatedMixture,48.07827991992235,0.011220912449547354,9.999485349621573E-07,true,-6.258488269850204E-07,4.037195832536089E-07,true,0.0005137228525280736,3.5596193356468575E-05,0.00026625516826150886,0.001903154074568647
35,48.07828054577118,R4-VAPOR-SIDE,REGION-4,SaturatedMixture,48.07828054577118,0.0112205087299641,0.999999,true,SaturatedMixture,48.07917289890224,0.011221420246726545,0.9999984829803299,true,0.0008923531310642829,9.115167624446086E-07,true,0.0005137228525280736,3.5596193356468575E-05,0.00026625516826150886,0.001903154074568647
35,48.07828054577118,R2-SIDE,REGION-2,SuperheatedVapor,48.07828054577118,0.0112203965248768,,true,SuperheatedVapor,48.07806932239504,0.011220389931354581,,true,-0.00021122337614087883,-6.59352221953069E-09,true,0.0005137228525280736,3.5596193356468575E-05,0.00026625516826150886,0.001903154074568647
36,48.11442436575891,R1-SIDE,REGION-1,SubcooledLiquid,48.11442436575891,0.011241038333516782,,true,SubcooledLiquid,48.11442348996792,0.011600919394560734,,true,-8.757909881751402E-07,0.0003598810610439523,true,0.0005137228525280736,3.5596193356468575E-05,0.00026625516826150886,0.001903154074568647
36,48.11442436575891,R4-LIQUID-SIDE,REGION-4,SaturatedMixture,48.11442436575891,0.011240925924257539,1E-06,true,SaturatedMixture,48.11442352831364,0.011241465701975959,9.99931146322637E-07,true,-8.374452704629221E-07,5.397777184199676E-07,true,0.0005137228525280736,3.5596193356468575E-05,0.00026625516826150886,0.001903154074568647
36,48.11442436575891,R4-VAPOR-SIDE,REGION-4,SaturatedMixture,48.11442436575891,0.011240925924257539,0.999999,true,SaturatedMixture,48.115616092268624,0.011242143859722102,0.999998309704573,true,0.0011917265097167729,1.2179354645629886E-06,true,0.0005137228525280736,3.5596193356468575E-05,0.00026625516826150886,0.001903154074568647
36,48.11442436575891,R2-SIDE,REGION-2,SuperheatedVapor,48.11442436575891,0.011240813514998296,,true,SuperheatedVapor,48.114214377843666,0.01124080821634849,,true,-0.0002099879152410722,-5.2986498071116994E-09,true,0.0005137228525280736,3.5596193356468575E-05,0.00026625516826150886,0.001903154074568647
37,48.15044099241493,R1-SIDE,REGION-1,SubcooledLiquid,48.15044099241493,0.01126141560515215,,true,SubcooledLiquid,48.15043994759219,0.01169032230646717,,true,-1.0448227385495557E-06,0.0004289067013150214,true,0.0005137228525280736,3.5596193356468575E-05,0.00026625516826150886,0.001903154074568647
37,48.15044099241493,R4-LIQUID-SIDE,REGION-4,SaturatedMixture,48.15044099241493,0.011261302992122227,1E-06,true,SaturatedMixture,48.150439992547035,0.011261946653212517,9.99917842018587E-07,true,-9.998678933698102E-07,6.436610902899736E-07,true,0.0005137228525280736,3.5596193356468575E-05,0.00026625516826150886,0.001903154074568647
37,48.15044099241493,R4-VAPOR-SIDE,REGION-4,SaturatedMixture,48.15044099241493,0.011261302992122227,0.999999,true,SaturatedMixture,48.15186045511325,0.011262754406698943,0.9999981777423493,true,0.0014194626983226044,1.4514145767162423E-06,true,0.0005137228525280736,3.5596193356468575E-05,0.00026625516826150886,0.001903154074568647
37,48.15044099241493,R2-SIDE,REGION-2,SuperheatedVapor,48.15044099241493,0.011261190379092307,,true,SuperheatedVapor,48.1502314301336,0.011261185558246057,,true,-0.00020956228132718024,-4.8208462499754745E-09,true,0.0005137228525280736,3.5596193356468575E-05,0.00026625516826150886,0.001903154074568647
38,48.1862515375019,R1-SIDE,REGION-1,SubcooledLiquid,48.1862515375019,0.011281707717804016,,true,SubcooledLiquid,48.18625037507951,0.01175825154364881,,true,-1.1624223930084554E-06,0.00047654382584479474,true,0.0005137228525280736,3.5596193356468575E-05,0.00026625516826150886,0.001903154074568647
38,48.1862515375019,R4-LIQUID-SIDE,REGION-4,SaturatedMixture,48.1862515375019,0.011281594901854998,1E-06,true,SaturatedMixture,48.18625042587519,0.01128231044389449,9.999086081994096E-07,true,-1.1116267160105053E-06,7.155420394932416E-07,true,0.0005137228525280736,3.5596193356468575E-05,0.00026625516826150886,0.001903154074568647
38,48.1862515375019,R4-VAPOR-SIDE,REGION-4,SaturatedMixture,48.1862515375019,0.011281594901854998,0.999999,true,SaturatedMixture,48.187827731665266,0.0112832073871025,0.9999980869392977,true,0.001576194163362743,1.6124852475016965E-06,true,0.0005137228525280736,3.5596193356468575E-05,0.00026625516826150886,0.001903154074568647
38,48.1862515375019,R2-SIDE,REGION-2,SuperheatedVapor,48.1862515375019,0.01128148208590598,,true,SuperheatedVapor,48.18604149179657,0.011281476820839556,,true,-0.0002100457053302307,-5.265066422774356E-09,true,0.0005137228525280736,3.5596193356468575E-05,0.00026625516826150886,0.001903154074568647
39,48.22177927196026,R1-SIDE,REGION-1,SubcooledLiquid,48.22177927196026,0.01130187059056323,,true,SubcooledLiquid,48.22177804283092,0.011804997204599542,,true,-1.2291293387534097E-06,0.000503126614036311,true,0.0005137228525280736,3.5596193356468575E-05,0.00026625516826150886,0.001903154074568647
39,48.22177927196026,R4-LIQUID-SIDE,REGION-4,SaturatedMixture,48.22177927196026,0.0113017575729875,1E-06,true,SaturatedMixture,48.221778094768524,0.011302513439097946,9.999033956309122E-07,true,-1.1771917343139648E-06,7.55866110445369E-07,true,0.0005137228525280736,3.5596193356468575E-05,0.00026625516826150886,0.001903154074568647
39,48.22177927196026,R4-VAPOR-SIDE,REGION-4,SaturatedMixture,48.22177927196026,0.0113017575729875,0.999999,true,SaturatedMixture,48.22344242391836,0.011303459868595852,0.9999980365042328,true,0.0016631519580982967,1.7022956083512925E-06,true,0.0005137228525280736,3.5596193356468575E-05,0.00026625516826150886,0.001903154074568647
39,48.22177927196026,R2-SIDE,REGION-2,SuperheatedVapor,48.22177927196026,0.011301644555411772,,true,SuperheatedVapor,48.22156765794301,0.011301637740555604,,true,-0.00021161401724612006,-6.8148561672282115E-09,true,0.0005137228525280736,3.5596193356468575E-05,0.00026625516826150886,0.001903154074568647
40,48.256951592117616,R1-SIDE,REGION-1,SubcooledLiquid,48.256951592117616,0.011321862225389345,,true,SubcooledLiquid,48.2569503462023,0.011831025242936584,,true,-1.245915314029844E-06,0.0005091630175472397,true,0.0005137228525280736,3.5596193356468575E-05,0.00026625516826150886,0.001903154074568647
40,48.256951592117616,R4-LIQUID-SIDE,REGION-4,SaturatedMixture,48.256951592117616,0.011321749007899265,1E-06,true,SaturatedMixture,48.25695040076971,0.011322514355329463,9.99902121446224E-07,true,-1.1913479056602228E-06,7.653474301972524E-07,true,0.0005137228525280736,3.5596193356468575E-05,0.00026625516826150886,0.001903154074568647
40,48.256951592117616,R4-VAPOR-SIDE,REGION-4,SaturatedMixture,48.256951592117616,0.011321749007899265,0.999999,true,SaturatedMixture,48.25863373241242,0.011323471590694538,0.9999980254736452,true,0.0016821402948039577,1.7225827952729866E-06,true,0.0005137228525280736,3.5596193356468575E-05,0.00026625516826150886,0.001903154074568647
40,48.256951592117616,R2-SIDE,REGION-2,SuperheatedVapor,48.256951592117616,0.011321635790409186,,true,SuperheatedVapor,48.25674062316824,0.011321629675042511,,true,-0.0002109689493750011,-6.115366674858125E-09,true,0.0005137228525280736,3.5596193356468575E-05,0.00026625516826150886,0.001903154074568647
41,48.29170162081721,R1-SIDE,REGION-1,SubcooledLiquid,48.29170162081721,0.011341643642069852,,true,SubcooledLiquid,48.2917004066685,0.011836961436913927,,true,-1.2141487104599946E-06,0.0004953177948440746,true,0.0005137228525280736,3.5596193356468575E-05,0.00026625516826150886,0.001903154074568647
41,48.29170162081721,R4-LIQUID-SIDE,REGION-4,SaturatedMixture,48.29170162081721,0.011341530226767585,1E-06,true,SaturatedMixture,48.29170046001673,0.011342275158730188,9.999046718324166E-07,true,-1.1608004797381E-06,7.449319626030154E-07,true,0.0005137228525280736,3.5596193356468575E-05,0.00026625516826150886,0.001903154074568647
41,48.29170162081721,R4-VAPOR-SIDE,REGION-4,SaturatedMixture,48.29170162081721,0.011341530226767585,0.999999,true,SaturatedMixture,48.293337093789205,0.011343205839106498,0.9999980525025821,true,0.0016354729719978423,1.675612338913543E-06,true,0.0005137228525280736,3.5596193356468575E-05,0.00026625516826150886,0.001903154074568647
41,48.29170162081721,R2-SIDE,REGION-2,SuperheatedVapor,48.29170162081721,0.011341416811465317,,true,SuperheatedVapor,48.29149177457043,0.011341411885123762,,true,-0.000209846246775669,-4.926341555175351E-09,true,0.0005137228525280736,3.5596193356468575E-05,0.00026625516826150886,0.001903154074568647
42,48.32596928700798,R1-SIDE,REGION-1,SubcooledLiquid,48.32596928700798,0.011361179524519564,,true,SubcooledLiquid,48.325968151463485,0.011823569947420013,,true,-1.135544493990892E-06,0.00046239042290044906,true,0.0005137228525280736,3.5596193356468575E-05,0.00026625516826150886,0.001903154074568647
42,48.32596928700798,R4-LIQUID-SIDE,REGION-4,SaturatedMixture,48.32596928700798,0.011361065913860425,1E-06,true,SaturatedMixture,48.3259682059288,0.01136176169212402,9.99910906320346E-07,true,-1.0810791764015448E-06,6.957782635944043E-07,true,0.0005137228525280736,3.5596193356468575E-05,0.00026625516826150886,0.001903154074568647
42,48.32596928700798,R4-VAPOR-SIDE,REGION-4,SaturatedMixture,48.32596928700798,0.011361065913860425,0.999999,true,SaturatedMixture,48.327495187096474,0.01136263001797164,0.9999981159893063,true,0.0015259000884952911,1.5641041112152143E-06,true,0.0005137228525280736,3.5596193356468575E-05,0.00026625516826150886,0.001903154074568647
42,48.32596928700798,R2-SIDE,REGION-2,SuperheatedVapor,48.32596928700798,0.011360952303201288,,true,SuperheatedVapor,48.325758956071525,0.011360946926712766,,true,-0.0002103309364542838,-5.37648852175221E-09,true,0.0005137228525280736,3.5596193356468575E-05,0.00026625516826150886,0.001903154074568647
43,48.35970218628648,R1-SIDE,REGION-1,SubcooledLiquid,48.35970218628648,0.01138043874756184,,true,SubcooledLiquid,48.359701174180884,0.011791728517927307,,true,-1.0121055993295158E-06,0.0004112897703654663,true,0.0005137228525280736,3.5596193356468575E-05,0.00026625516826150886,0.001903154074568647
43,48.35970218628648,R4-LIQUID-SIDE,REGION-4,SaturatedMixture,48.35970218628648,0.011380324944312396,1E-06,true,SaturatedMixture,48.359701216220856,0.011380944145303672,9.999206620233306E-07,true,-9.700656278255337E-07,6.192009912760199E-07,true,0.0005137228525280736,3.5596193356468575E-05,0.00026625516826150886,0.001903154074568647
43,48.35970218628648,R4-VAPOR-SIDE,REGION-4,SaturatedMixture,48.35970218628648,0.011380324944312396,0.999999,true,SaturatedMixture,48.36105870835979,0.011381716090326368,0.9999982140866343,true,0.001356522073308497,1.3911460139716392E-06,true,0.0005137228525280736,3.5596193356468575E-05,0.00026625516826150886,0.001903154074568647
43,48.35970218628648,R2-SIDE,REGION-2,SuperheatedVapor,48.35970218628648,0.011380211141062954,,true,SuperheatedVapor,48.359489838342256,0.011380203743879392,,true,-0.00021234794422753112,-7.397183561866361E-09,true,0.0005137228525280736,3.5596193356468575E-05,0.00026625516826150886,0.001903154074568647
44,48.392855721712124,R1-SIDE,REGION-1,SubcooledLiquid,48.392855721712124,0.011399394495865203,,true,SubcooledLiquid,48.392854875649334,0.011742402462590286,,true,-8.460627896056394E-07,0.000343007966725083,true,0.0005137228525280736,3.5596193356468575E-05,0.00026625516826150886,0.001903154074568647
44,48.392855721712124,R4-LIQUID-SIDE,REGION-4,SaturatedMixture,48.392855721712124,0.011399280503060171,1E-06,true,SaturatedMixture,48.392854914069176,0.011399797169424603,9.999337592948567E-07,true,-8.076429480752267E-07,5.166663644314007E-07,true,0.0005137228525280736,3.5596193356468575E-05,0.00026625516826150886,0.001903154074568647
44,48.392855721712124,R4-VAPOR-SIDE,REGION-4,SaturatedMixture,48.392855721712124,0.011399280503060171,0.999999,true,SaturatedMixture,48.39398642637843,0.011400440609832311,0.9999983448612351,true,0.001130704666309157,1.1601067721397906E-06,true,0.0005137228525280736,3.5596193356468575E-05,0.00026625516826150886,0.001903154074568647
44,48.392855721712124,R2-SIDE,REGION-2,SuperheatedVapor,48.392855721712124,0.01139916651025514,,true,SuperheatedVapor,48.39264558443131,0.011399161417938763,,true,-0.0002101372808169799,-5.092316377602879E-09,true,0.0005137228525280736,3.5596193356468575E-05,0.00026625516826150886,0.001903154074568647
45,48.42539348453289,R1-SIDE,REGION-1,SubcooledLiquid,48.42539348453289,0.011418024520255126,,true,SubcooledLiquid,48.42539284472423,0.011676618313607896,,true,-6.398086611625331E-07,0.0002585937933527703,true,0.0005137228525280736,3.5596193356468575E-05,0.00026625516826150886,0.001903154074568647
45,48.42539348453289,R4-LIQUID-SIDE,REGION-4,SaturatedMixture,48.42539348453289,0.011417910341151714,1E-06,true,SaturatedMixture,48.425392873585224,0.0114183000507143,9.999500057977544E-07,true,-6.109476657911728E-07,3.897095625857161E-07,true,0.0005137228525280736,3.5596193356468575E-05,0.00026625516826150886,0.001903154074568647
45,48.42539348453289,R4-VAPOR-SIDE,REGION-4,SaturatedMixture,48.42539348453289,0.011417910341151714,0.999999,true,SaturatedMixture,48.426245473403355,0.011418784886071466,0.9999985062689709,true,0.0008519888704654477,8.745449197513494E-07,true,0.0005137228525280736,3.5596193356468575E-05,0.00026625516826150886,0.001903154074568647
45,48.42539348453289,R2-SIDE,REGION-2,SuperheatedVapor,48.42539348453289,0.011417796162048303,,true,SuperheatedVapor,48.42518285335967,0.011417790605889582,,true,-0.0002106311732177346,-5.556158720609883E-09,true,0.0005137228525280736,3.5596193356468575E-05,0.00026625516826150886,0.001903154074568647
46,48.45728705078358,R1-SIDE,REGION-1,SubcooledLiquid,48.45728705078358,0.011436311059579433,,true,SubcooledLiquid,48.45728665494505,0.011595438763000279,,true,-3.9583852640134864E-07,0.0001591277034208461,true,0.0005137228525280736,3.5596193356468575E-05,0.00026625516826150886,0.001903154074568647
46,48.45728705078358,R4-LIQUID-SIDE,REGION-4,SaturatedMixture,48.45728705078358,0.011436196697612457,1E-06,true,SaturatedMixture,48.457286670804024,0.011436436625736035,9.99969201977283E-07,true,-3.799795535996964E-07,2.399281235788281E-07,true,0.0005137228525280736,3.5596193356468575E-05,0.00026625516826150886,0.001903154074568647
46,48.45728705078358,R4-VAPOR-SIDE,REGION-4,SaturatedMixture,48.45728705078358,0.011436196697612457,0.999999,true,SaturatedMixture,48.457811062752626,0.011436734823967232,0.9999986963724721,true,0.000524011969048388,5.381263547751813E-07,true,0.0005137228525280736,3.5596193356468575E-05,0.00026625516826150886,0.001903154074568647
46,48.45728705078358,R2-SIDE,REGION-2,SuperheatedVapor,48.45728705078358,0.01143608233564548,,true,SuperheatedVapor,48.457075638289666,0.011436076017180883,,true,-0.00021141249391121164,-6.318464597018791E-09,true,0.0005137228525280736,3.5596193356468575E-05,0.00026625516826150886,0.001903154074568647
47,48.48851566314704,R1-SIDE,REGION-1,SubcooledLiquid,48.48851566314704,0.011454240694262383,,true,SubcooledLiquid,48.48851554645279,0.011499939693376154,,true,-1.166942524832848E-07,4.569899911377115E-05,true,0.0005137228525280736,3.5596193356468575E-05,0.00026625516826150886,0.001903154074568647
47,48.48851566314704,R4-LIQUID-SIDE,REGION-4,SaturatedMixture,48.48851566314704,0.011454126153000852,1E-06,true,SaturatedMixture,48.48851555585861,0.011454195094969167,9.999911453477324E-07,true,-1.0728842880780576E-07,6.894196831475075E-08,true,0.0005137228525280736,3.5596193356468575E-05,0.00026625516826150886,0.001903154074568647
47,48.48851566314704,R4-VAPOR-SIDE,REGION-4,SaturatedMixture,48.48851566314704,0.011454126153000852,0.999999,true,SaturatedMixture,48.48866608224682,0.011454280692589108,0.9999989127468765,true,0.00015041909978208423,1.5453958825649428E-07,true,0.0005137228525280736,3.5596193356468575E-05,0.00026625516826150886,0.001903154074568647
47,48.48851566314704,R2-SIDE,REGION-2,SuperheatedVapor,48.48851566314704,0.011454011611739322,,true,SuperheatedVapor,48.488305485460785,0.011454006603296504,,true,-0.00021017768625597455,-5.0084428184632435E-09,true,0.0005137228525280736,3.5596193356468575E-05,0.00026625516826150886,0.001903154074568647
48,48.51906575113537,R1-SIDE,REGION-1,SubcooledLiquid,48.51906575113537,0.011471804103789424,,true,SubcooledLiquid,48.519065554682356,0.01154626745267637,,true,-1.964530156328692E-07,7.446334888694568E-05,true,0.0005137228525280736,3.5596193356468575E-05,0.00026625516826150886,0.001903154074568647
48,48.51906575113537,R4-LIQUID-SIDE,REGION-4,SaturatedMixture,48.51906575113537,0.011471689386895554,1E-06,true,SaturatedMixture,48.51906556636095,0.011471803431214837,9.999857626007636E-07,true,-1.8477442154107848E-07,1.1404431928332959E-07,true,0.0005137228525280736,3.5596193356468575E-05,0.00026625516826150886,0.001903154074568647
48,48.51906575113537,R4-VAPOR-SIDE,REGION-4,SaturatedMixture,48.51906575113537,0.011471689386895554,0.999999,true,SaturatedMixture,48.51931305282545,0.011471947228026642,0.9999988567257372,true,0.0002473016900808034,2.5784113108842655E-07,true,0.0005137228525280736,3.5596193356468575E-05,0.00026625516826150886,0.001903154074568647
48,48.51906575113537,R2-SIDE,REGION-2,SuperheatedVapor,48.51906575113537,0.011471574670001686,,true,SuperheatedVapor,48.51885346969323,0.011471567534252462,,true,-0.00021228144214546774,-7.135749224146393E-09,true,0.0005137228525280736,3.5596193356468575E-05,0.00026625516826150886,0.001903154074568647
49,48.548930336534966,R1-SIDE,REGION-1,SubcooledLiquid,48.548930336534966,0.01148899575427806,,true,SubcooledLiquid,48.548929868700725,0.011668218185635291,,true,-4.6783424068053137E-07,0.0001792224313572309,true,0.0005137228525280736,3.5596193356468575E-05,0.00026625516826150886,0.001903154074568647
49,48.548930336534966,R4-LIQUID-SIDE,REGION-4,SaturatedMixture,48.548930336534966,0.011488880865469404,1E-06,true,SaturatedMixture,48.54892989248037,0.011489155470613962,9.999657000283776E-07,true,-4.440545922079764E-07,2.746051445574882E-07,true,0.0005137228525280736,3.5596193356468575E-05,0.00026625516826150886,0.001903154074568647
49,48.548930336534966,R4-VAPOR-SIDE,REGION-4,SaturatedMixture,48.548930336534966,0.011488880865469404,0.999999,true,SaturatedMixture,48.54952524905258,0.011489501390044992,0.999998655407719,true,0.000594912517613011,6.205245755876165E-07,true,0.0005137228525280736,3.5596193356468575E-05,0.00026625516826150886,0.001903154074568647
49,48.548930336534966,R2-SIDE,REGION-2,SuperheatedVapor,48.548930336534966,0.01148876597666075,,true,SuperheatedVapor,48.54872009616781,0.011488760983055873,,true,-0.00021024036715289185,-4.993604876823987E-09,true,0.0005137228525280736,3.5596193356468575E-05,0.00026625516826150886,0.001903154074568647
50,48.578108470141956,R1-SIDE,REGION-1,SubcooledLiquid,48.578108470141956,0.011505813599834694,,true,SubcooledLiquid,48.5781077727637,0.011773377568678713,,true,-6.973782546992879E-07,0.0002675639688440191,true,0.0005137228525280736,3.5596193356468575E-05,0.00026625516826150886,0.001903154074568647
50,48.578108470141956,R4-LIQUID-SIDE,REGION-4,SaturatedMixture,48.578108470141956,0.011505698542849266,1E-06,true,SaturatedMixture,48.57810780405998,0.011506108683262689,9.999487440442803E-07,true,-6.660819735770929E-07,4.1014041342324337E-07,true,0.0005137228525280736,3.5596193356468575E-05,0.00026625516826150886,0.001903154074568647
50,48.578108470141956,R4-VAPOR-SIDE,REGION-4,SaturatedMixture,48.578108470141956,0.011505698542849266,0.999999,true,SaturatedMixture,48.57899619806852,0.011506624865940862,0.9999984858885613,true,0.0008877279265675497,9.263230915969312E-07,true,0.0005137228525280736,3.5596193356468575E-05,0.00026625516826150886,0.001903154074568647
50,48.578108470141956,R2-SIDE,REGION-2,SuperheatedVapor,48.578108470141956,0.011505583485863837,,true,SuperheatedVapor,48.57789653165099,0.011505576776700081,,true,-0.00021193849096334816,-6.709163755808101E-09,true,0.0005137228525280736,3.5596193356468575E-05,0.00026625516826150886,0.001903154074568647
51,48.60660451203586,R1-SIDE,REGION-1,SubcooledLiquid,48.60660451203586,0.011522258689582668,,true,SubcooledLiquid,48.606603624566446,0.011862738249669427,,true,-8.874694117366744E-07,0.0003404795600867594,true,0.0005137228525280736,3.5596193356468575E-05,0.00026625516826150886,0.001903154074568647
51,48.60660451203586,R4-LIQUID-SIDE,REGION-4,SaturatedMixture,48.60660451203586,0.011522143468147986,1E-06,true,SaturatedMixture,48.60660366714001,0.011522665605956982,9.999347146911199E-07,true,-8.448958510598459E-07,5.221378089961815E-07,true,0.0005137228525280736,3.5596193356468575E-05,0.00026625516826150886,0.001903154074568647
51,48.60660451203586,R4-VAPOR-SIDE,REGION-4,SaturatedMixture,48.60660451203586,0.011522143468147986,0.999999,true,SaturatedMixture,48.60773363486203,0.011523322149967178,0.9999983461608251,true,0.0011291228261711694,1.1786818191923676E-06,true,0.0005137228525280736,3.5596193356468575E-05,0.00026625516826150886,0.001903154074568647
51,48.60660451203586,R2-SIDE,REGION-2,SuperheatedVapor,48.60660451203586,0.011522028246713304,,true,SuperheatedVapor,48.606393870300906,0.011522022914444827,,true,-0.00021064173495233263,-5.332268477459268E-09,true,0.0005137228525280736,3.5596193356468575E-05,0.00026625516826150886,0.001903154074568647
52,48.634427432715825,R1-SIDE,REGION-1,SubcooledLiquid,48.634427432715825,0.011538334782297953,,true,SubcooledLiquid,48.63442639226179,0.011937272758392715,,true,-1.0404540375930083E-06,0.00039893797609476256,true,0.0005137228525280736,3.5596193356468575E-05,0.00026625516826150886,0.001903154074568647
52,48.634427432715825,R4-LIQUID-SIDE,REGION-4,SaturatedMixture,48.634427432715825,0.01153821940010395,1E-06,true,SaturatedMixture,48.634426437318325,0.011538831442158889,9.999234350721125E-07,true,-9.953974995369208E-07,6.120420549381861E-07,true,0.0005137228525280736,3.5596193356468575E-05,0.00026625516826150886,0.001903154074568647
52,48.634427432715825,R4-VAPOR-SIDE,REGION-4,SaturatedMixture,48.634427432715825,0.01153821940010395,0.999999,true,SaturatedMixture,48.63574981591182,0.011539600363493394,0.9999982341080684,true,0.001322383195997645,1.3809633894433515E-06,true,0.0005137228525280736,3.5596193356468575E-05,0.00026625516826150886,0.001903154074568647
52,48.634427432715825,R2-SIDE,REGION-2,SuperheatedVapor,48.634427432715825,0.01153810401790995,,true,SuperheatedVapor,48.634216617505956,0.011538098541952407,,true,-0.0002108152098685423,-5.4759575433133145E-09,true,0.0005137228525280736,3.5596193356468575E-05,0.00026625516826150886,0.001903154074568647
53,48.661590208113125,R1-SIDE,REGION-1,SubcooledLiquid,48.661590208113125,0.011554048011264742,,true,SubcooledLiquid,48.6615890495018,0.011997922673759617,,true,-1.1586113259909325E-06,0.0004438746624948753,true,0.0005137228525280736,3.5596193356468575E-05,0.00026625516826150886,0.001903154074568647
53,48.661590208113125,R4-LIQUID-SIDE,REGION-4,SaturatedMixture,48.661590208113125,0.011553932471940021,1E-06,true,SaturatedMixture,48.66158910095692,0.011554613737321256,9.999147339481946E-07,true,-1.1071562084907782E-06,6.812653812349884E-07,true,0.0005137228525280736,3.5596193356468575E-05,0.00026625516826150886,0.001903154074568647
53,48.661590208113125,R4-VAPOR-SIDE,REGION-4,SaturatedMixture,48.661590208113125,0.011553932471940021,0.999999,true,SaturatedMixture,48.663060897229116,0.011555468893630481,0.999998148335631,true,0.0014706891159903535,1.5364216904602268E-06,true,0.0005137228525280736,3.5596193356468575E-05,0.00026625516826150886,0.001903154074568647
53,48.661590208113125,R2-SIDE,REGION-2,SuperheatedVapor,48.661590208113125,0.011553816932615302,,true,SuperheatedVapor,48.66137781086786,0.011553809852919025,,true,-0.00021239724526367354,-7.079696277140224E-09,true,0.0005137228525280736,3.5596193356468575E-05,0.00026625516826150886,0.001903154074568647
54,48.6881090790032,R1-SIDE,REGION-1,SubcooledLiquid,48.6881090790032,0.011569406467069384,,true,SubcooledLiquid,48.68810783487231,0.01204558984457909,,true,-1.2441308854249655E-06,0.0004761833775097056,true,0.0005137228525280736,3.5596193356468575E-05,0.00026625516826150886,0.001903154074568647
54,48.6881090790032,R4-LIQUID-SIDE,REGION-4,SaturatedMixture,48.6881090790032,0.011569290774161642,1E-06,true,SaturatedMixture,48.68810788542032,0.011570021920013399,9.99908446845697E-07,true,-1.193582875202992E-06,7.311458517563624E-07,true,0.0005137228525280736,3.5596193356468575E-05,0.00026625516826150886,0.001903154074568647
54,48.6881090790032,R4-VAPOR-SIDE,REGION-4,SaturatedMixture,48.6881090790032,0.011569290774161642,0.999999,true,SaturatedMixture,48.689686136900264,0.011570938929885026,0.9999980867870323,true,0.0015770578970659699,1.648155723383768E-06,true,0.0005137228525280736,3.5596193356468575E-05,0.00026625516826150886,0.001903154074568647
54,48.6881090790032,R2-SIDE,REGION-2,SuperheatedVapor,48.6881090790032,0.0115691750812539,,true,SuperheatedVapor,48.687898541071434,0.01156916996357812,,true,-0.00021053793176406543,-5.117675779681141E-09,true,0.0005137228525280736,3.5596193356468575E-05,0.00026625516826150886,0.001903154074568647
55,48.71400299817316,R1-SIDE,REGION-1,SubcooledLiquid,48.71400299817316,0.011584419885542555,,true,SubcooledLiquid,48.71400169907764,0.012081130323401554,,true,-1.2990955156055861E-06,0.000496710437859,true,0.0005137228525280736,3.5596193356468575E-05,0.00026625516826150886,0.001903154074568647
55,48.71400299817316,R4-LIQUID-SIDE,REGION-4,SaturatedMixture,48.71400299817316,0.011584304042502129,1E-06,true,SaturatedMixture,48.71400175243616,0.011585067007548862,9.99904417766797E-07,true,-1.2457369962248777E-06,7.629650467331356E-07,true,0.0005137228525280736,3.5596193356468575E-05,0.00026625516826150886,0.001903154074568647
55,48.71400299817316,R4-VAPOR-SIDE,REGION-4,SaturatedMixture,48.71400299817316,0.011584304042502129,0.999999,true,SaturatedMixture,48.7156473450396,0.011586023144565862,0.9999980477426357,true,0.0016443468664419925,1.7191020637331855E-06,true,0.0005137228525280736,3.5596193356468575E-05,0.00026625516826150886,0.001903154074568647
55,48.71400299817316,R2-SIDE,REGION-2,SuperheatedVapor,48.71400299817316,0.011584188199461705,,true,SuperheatedVapor,48.713792148652715,0.011584182791997305,,true,-0.00021084952044247984,-5.407464399864725E-09,true,0.0005137228525280736,3.5596193356468575E-05,0.00026625516826150886,0.001903154074568647
56,48.739292983710754,R1-SIDE,REGION-1,SubcooledLiquid,48.739292983710754,0.011599099278397073,,true,SubcooledLiquid,48.739291658240234,0.012105350046859358,,true,-1.3254705208964879E-06,0.0005062507684622849,true,0.0005137228525280736,3.5596193356468575E-05,0.00026625516826150886,0.001903154074568647
56,48.739292983710754,R4-LIQUID-SIDE,REGION-4,SaturatedMixture,48.739292983710754,0.011598983288564187,1E-06,true,SaturatedMixture,48.739291712641716,0.01159976120771712,9.999024995873369E-07,true,-1.2710690384665213E-06,7.779191529330015E-07,true,0.0005137228525280736,3.5596193356468575E-05,0.00026625516826150886,0.001903154074568647
56,48.739292983710754,R4-VAPOR-SIDE,REGION-4,SaturatedMixture,48.739292983710754,0.011598983288564187,0.999999,true,SaturatedMixture,48.740968223345476,0.011600735309046874,0.999998029761375,true,0.0016752396347214926,1.7520204826874247E-06,true,0.0005137228525280736,3.5596193356468575E-05,0.00026625516826150886,0.001903154074568647
56,48.739292983710754,R2-SIDE,REGION-2,SuperheatedVapor,48.739292983710754,0.0115988672987313,,true,SuperheatedVapor,48.739080243562796,0.011598859958671643,,true,-0.00021274014795835683,-7.340059657301445E-09,true,0.0005137228525280736,3.5596193356468575E-05,0.00026625516826150886,0.001903154074568647
57,48.76400166004896,R1-SIDE,REGION-1,SubcooledLiquid,48.76400166004896,0.011613456670103326,,true,SubcooledLiquid,48.76400033495378,0.012119002481015571,,true,-1.32509518380175E-06,0.0005055458109122449,true,0.0005137228525280736,3.5596193356468575E-05,0.00026625516826150886,0.001903154074568647
57,48.76400166004896,R4-LIQUID-SIDE,REGION-4,SaturatedMixture,48.76400166004896,0.011613340536697958,1E-06,true,SaturatedMixture,48.76400039345026,0.011614117667701377,9.99902554849117E-07,true,-1.2665987014770508E-06,7.771310034185991E-07,true,0.0005137228525280736,3.5596193356468575E-05,0.00026625516826150886,0.001903154074568647
57,48.76400166004896,R4-VAPOR-SIDE,REGION-4,SaturatedMixture,48.76400166004896,0.011613340536697958,0.999999,true,SaturatedMixture,48.76567389426555,0.011615090020198636,0.9999980314156701,true,0.0016722342165849113,1.7494835006775372E-06,true,0.0005137228525280736,3.5596193356468575E-05,0.00026625516826150886,0.001903154074568647
57,48.76400166004896,R2-SIDE,REGION-2,SuperheatedVapor,48.76400166004896,0.011613224403292592,,true,SuperheatedVapor,48.76379007290586,0.011613218294340866,,true,-0.00021158714309876814,-6.108951726424561E-09,true,0.0005137228525280736,3.5596193356468575E-05,0.00026625516826150886,0.001903154074568647
58,48.78828783631326,R1-SIDE,REGION-1,SubcooledLiquid,48.78828783631326,0.011627583421833875,,true,SubcooledLiquid,48.78828653684502,0.012122782161104718,,true,-1.2994682379030564E-06,0.000495198739270843,true,0.0005137228525280736,3.5596193356468575E-05,0.00026625516826150886,0.001903154074568647
58,48.78828783631326,R4-LIQUID-SIDE,REGION-4,SaturatedMixture,48.78828783631326,0.011627467147162403,1E-06,true,SaturatedMixture,48.788286596536636,0.011628228655879199,9.9990447152144E-07,true,-1.2397766226968088E-06,7.615087167962831E-07,true,0.0005137228525280736,3.5596193356468575E-05,0.00026625516826150886,0.001903154074568647
58,48.78828783631326,R4-VAPOR-SIDE,REGION-4,SaturatedMixture,48.78828783631326,0.011627467147162403,0.999999,true,SaturatedMixture,48.78992520109699,0.011629180732640557,0.9999980516862471,true,0.0016373647837326644,1.7135854781542142E-06,true,0.0005137228525280736,3.5596193356468575E-05,0.00026625516826150886,0.001903154074568647
58,48.78828783631326,R2-SIDE,REGION-2,SuperheatedVapor,48.78828783631326,0.011627350872490932,,true,SuperheatedVapor,48.7880771581348,0.011627345741797726,,true,-0.0002106781784618761,-5.130693205360193E-09,true,0.0005137228525280736,3.5596193356468575E-05,0.00026625516826150886,0.001903154074568647
59,48.81413910388949,R1-SIDE,REGION-1,SubcooledLiquid,48.81413910388949,0.011642636755446802,,true,SubcooledLiquid,48.814137859297375,0.01211630844492534,,true,-1.2445921129256021E-06,0.00047367168947853866,true,0.0005137228525280736,3.5596193356468575E-05,0.00026625516826150886,0.001903154074568647
59,48.81413910388949,R4-LIQUID-SIDE,REGION-4,SaturatedMixture,48.81413910388949,0.0116425203302435,1E-06,true,SaturatedMixture,48.814137913286686,0.011643249020476483,9.999085448327603E-07,true,-1.1906028021257953E-06,7.28690232983803E-07,true,0.0005137228525280736,3.5596193356468575E-05,0.00026625516826150886,0.001903154074568647
59,48.81413910388949,R4-VAPOR-SIDE,REGION-4,SaturatedMixture,48.81413910388949,0.0116425203302435,0.999999,true,SaturatedMixture,48.81570463224131,0.011644159329616462,0.9999980932162605,true,0.001565528351818557,1.6389993729628433E-06,true,0.0005137228525280736,3.5596193356468575E-05,0.00026625516826150886,0.001903154074568647
59,48.81413910388949,R2-SIDE,REGION-2,SuperheatedVapor,48.81413910388949,0.011642403905040198,,true,SuperheatedVapor,48.8139280663064,0.011642398433426127,,true,-0.00021103758308527176,-5.471614071550501E-09,true,0.0005137228525280736,3.5596193356468575E-05,0.00026625516826150886,0.001903154074568647
60,100,R1-SIDE,REGION-1,SubcooledLiquid,100,0.10141899210108919,,true,SubcooledLiquid,100,0.10141899210315117,,true,0,2.06197559027288E-12,true,0.0005137228525280736,3.5596193356468575E-05,0.00026625516826150886,0.001903154074568647
60,100,R4-LIQUID-SIDE,REGION-4,SaturatedMixture,100,0.10141797792130998,1E-06,true,SaturatedMixture,100,0.10141797792130998,1.0000000000000148E-06,true,0,0,true,0.0005137228525280736,3.5596193356468575E-05,0.00026625516826150886,0.001903154074568647
60,100,R4-VAPOR-SIDE,REGION-4,SaturatedMixture,100,0.10141797792130998,0.999999,true,SaturatedMixture,100,0.10141797792130998,0.999999,true,0,0,true,0.0005137228525280736,3.5596193356468575E-05,0.00026625516826150886,0.001903154074568647
60,100,R2-SIDE,REGION-2,SuperheatedVapor,100,0.10141696374153077,,true,SuperheatedVapor,99.99969553792039,0.10141687634016165,,true,-0.00030446207961176697,-8.740136911433716E-08,true,0.0005137228525280736,3.5596193356468575E-05,0.00026625516826150886,0.001903154074568647
61,125,R1-SIDE,REGION-1,SubcooledLiquid,125,0.2322265049218953,,true,SubcooledLiquid,125,0.23222650492651886,,true,0,4.62355154162708E-12,true,0.0005137228525280736,3.5596193356468575E-05,0.00026625516826150886,0.001903154074568647
61,125,R4-LIQUID-SIDE,REGION-4,SaturatedMixture,125,0.2322241826800685,1E-06,true,SaturatedMixture,125,0.2322241826800685,1.0000000000000893E-06,true,0,0,true,0.0005137228525280736,3.5596193356468575E-05,0.00026625516826150886,0.001903154074568647
61,125,R4-VAPOR-SIDE,REGION-4,SaturatedMixture,125,0.2322241826800685,0.999999,true,SaturatedMixture,125,0.2322241826800685,0.9999989999999999,true,0,0,true,0.0005137228525280736,3.5596193356468575E-05,0.00026625516826150886,0.001903154074568647
61,125,R2-SIDE,REGION-2,SuperheatedVapor,125,0.23222186043824172,,true,SuperheatedVapor,124.99964274533193,0.23222163055823533,,true,-0.00035725466807434714,-2.2988000639156958E-07,true,0.0005137228525280736,3.5596193356468575E-05,0.00026625516826150886,0.001903154074568647
62,150,R1-SIDE,REGION-1,SubcooledLiquid,150,0.4761061420953029,,true,SubcooledLiquid,150,0.4761061421084868,,true,0,1.3183898417423734E-11,true,0.0005137228525280736,3.5596193356468575E-05,0.00026625516826150886,0.001903154074568647
62,150,R4-LIQUID-SIDE,REGION-4,SaturatedMixture,150,0.476101381081492,1E-06,true,SaturatedMixture,150,0.476101381081492,9.999999999997312E-07,true,0,0,true,0.0005137228525280736,3.5596193356468575E-05,0.00026625516826150886,0.001903154074568647
62,150,R4-VAPOR-SIDE,REGION-4,SaturatedMixture,150,0.476101381081492,0.999999,true,SaturatedMixture,150,0.476101381081492,0.999999,true,0,0,true,0.0005137228525280736,3.5596193356468575E-05,0.00026625516826150886,0.001903154074568647
62,150,R2-SIDE,REGION-2,SuperheatedVapor,150,0.4760966200676812,,true,SuperheatedVapor,149.99958376335212,0.4760960706629567,,true,-0.00041623664787948655,-5.494047244924971E-07,true,0.0005137228525280736,3.5596193356468575E-05,0.00026625516826150886,0.001903154074568647
63,175,R1-SIDE,REGION-1,SubcooledLiquid,175,0.8924564021491245,,true,SubcooledLiquid,175,0.8924564021790973,,true,0,2.9972802018107814E-11,true,0.0005137228525280736,3.5596193356468575E-05,0.00026625516826150886,0.001903154074568647
63,175,R4-LIQUID-SIDE,REGION-4,SaturatedMixture,175,0.8924474776743476,1E-06,true,SaturatedMixture,175,0.8924474776743476,9.999999999995182E-07,true,0,0,true,0.0005137228525280736,3.5596193356468575E-05,0.00026625516826150886,0.001903154074568647
63,175,R4-VAPOR-SIDE,REGION-4,SaturatedMixture,175,0.8924474776743476,0.999999,true,SaturatedMixture,175,0.8924474776743476,0.999999,true,0,0,true,0.0005137228525280736,3.5596193356468575E-05,0.00026625516826150886,0.001903154074568647
63,175,R2-SIDE,REGION-2,SuperheatedVapor,175,0.8924385531995709,,true,SuperheatedVapor,174.99951772766605,0.8924373341252344,,true,-0.00048227233395436997,-1.2190743364781653E-06,true,0.0005137228525280736,3.5596193356468575E-05,0.00026625516826150886,0.001903154074568647
64,200,R1-SIDE,REGION-1,SubcooledLiquid,200,1.5546874149885082,,true,SubcooledLiquid,200,1.5546874150537917,,true,0,6.528355633861338E-11,true,0.0005137228525280736,3.5596193356468575E-05,0.00026625516826150886,0.001903154074568647
64,200,R4-LIQUID-SIDE,REGION-4,SaturatedMixture,200,1.5546718682698253,1E-06,true,SaturatedMixture,200,1.5546718682698253,1.0000000000006477E-06,true,0,0,true,0.0005137228525280736,3.5596193356468575E-05,0.00026625516826150886,0.001903154074568647
64,200,R4-VAPOR-SIDE,REGION-4,SaturatedMixture,200,1.5546718682698253,0.999999,true,SaturatedMixture,200,1.5546718682698253,0.999999,true,0,0,true,0.0005137228525280736,3.5596193356468575E-05,0.00026625516826150886,0.001903154074568647
64,200,R2-SIDE,REGION-2,SuperheatedVapor,200,1.5546563215511426,,true,SuperheatedVapor,199.99944332325822,1.5546537684343327,,true,-0.0005566767417803931,-2.5531168099668378E-06,true,0.0005137228525280736,3.5596193356468575E-05,0.00026625516826150886,0.001903154074568647
65,225,R1-SIDE,REGION-1,SubcooledLiquid,225,2.5494504436050214,,true,SubcooledLiquid,225,2.5494504437424657,,true,0,1.3744427818096483E-10,true,0.0005137228525280736,3.5596193356468575E-05,0.00026625516826150886,0.001903154074568647
65,225,R4-LIQUID-SIDE,REGION-4,SaturatedMixture,225,2.5494249493555277,1E-06,true,SaturatedMixture,225,2.5494249493555277,1.0000000000001783E-06,true,0,0,true,0.0005137228525280736,3.5596193356468575E-05,0.00026625516826150886,0.001903154074568647
65,225,R4-VAPOR-SIDE,REGION-4,SaturatedMixture,225,2.5494249493555277,0.999999,true,SaturatedMixture,225,2.5494249493555277,0.999999,true,0,0,true,0.0005137228525280736,3.5596193356468575E-05,0.00026625516826150886,0.001903154074568647
65,225,R2-SIDE,REGION-2,SuperheatedVapor,225,2.5493994551060344,,true,SuperheatedVapor,224.99935830401444,2.54939433052806,,true,-0.0006416959855641835,-5.124577974413569E-06,true,0.0005137228525280736,3.5596193356468575E-05,0.00026625516826150886,0.001903154074568647
66,250,R1-SIDE,REGION-1,SubcooledLiquid,250,3.975978830226036,,true,SubcooledLiquid,250,3.9759788305112758,,true,0,2.8523983175432477E-10,true,0.0005137228525280736,3.5596193356468575E-05,0.00026625516826150886,0.001903154074568647
66,250,R4-LIQUID-SIDE,REGION-4,SaturatedMixture,250,3.9759390708353273,1E-06,true,SaturatedMixture,250,3.9759390708353273,9.999999999987154E-07,true,0,0,true,0.0005137228525280736,3.5596193356468575E-05,0.00026625516826150886,0.001903154074568647
66,250,R4-VAPOR-SIDE,REGION-4,SaturatedMixture,250,3.9759390708353273,0.999999,true,SaturatedMixture,250,3.9759390708353273,0.999999,true,0,0,true,0.0005137228525280736,3.5596193356468575E-05,0.00026625516826150886,0.001903154074568647
66,250,R2-SIDE,REGION-2,SuperheatedVapor,250,3.975899311444619,,true,SuperheatedVapor,249.9992589556955,3.9758893203312042,,true,-0.0007410443045046122,-9.991113414820063E-06,true,0.0005137228525280736,3.5596193356468575E-05,0.00026625516826150886,0.001903154074568647
67,267.45358095765107,R1-SIDE,REGION-1,SubcooledLiquid,267.45358095765107,5.287010126605532,,true,SubcooledLiquid,267.4535412759617,5.287095911946425,,true,-3.968168937262817E-05,8.578534089309642E-05,true,0.0005137228525280736,3.5596193356468575E-05,0.00026625516826150886,0.001903154074568647
67,267.45358095765107,R4-LIQUID-SIDE,REGION-4,SaturatedMixture,267.45358095765107,5.286957257032961,1E-06,true,SaturatedMixture,267.4535601815172,5.286966113469801,9.933431444433621E-07,true,-2.077613385154109E-05,8.856436839899118E-06,true,0.0005137228525280736,3.5596193356468575E-05,0.00026625516826150886,0.001903154074568647
67,267.45358095765107,R4-VAPOR-SIDE,REGION-4,SaturatedMixture,267.45358095765107,5.286957257032961,0.999999,true,SaturatedMixture,267.4537867693914,5.286984984433458,0.9999992383965746,true,0.00020581174032940908,2.772740049650224E-05,true,0.0005137228525280736,3.5596193356468575E-05,0.00026625516826150886,0.001903154074568647
67,267.45358095765107,R2-SIDE,REGION-2,SuperheatedVapor,267.45358095765107,5.286904387460392,,true,SuperheatedVapor,267.4527594750374,5.286888720017416,,true,-0.0008214826136736519,-1.566744297587519E-05,true,0.0005137228525280736,3.5596193356468575E-05,0.00026625516826150886,0.001903154074568647
68,267.50258015990255,R1-SIDE,REGION-1,SubcooledLiquid,267.50258015990255,5.291102216834221,,true,SubcooledLiquid,267.50256178639654,5.291087757149439,,true,-1.837350600908394E-05,-1.4459684781975568E-05,true,0.0005137228525280736,3.5596193356468575E-05,0.00026625516826150886,0.001903154074568647
68,267.50258015990255,R4-LIQUID-SIDE,REGION-4,SaturatedMixture,267.50258015990255,5.291049306341158,1E-06,true,SaturatedMixture,267.5025788703226,5.291049845487174,9.995929754439998E-07,true,-1.2895799272882869E-06,5.391460158321593E-07,true,0.0005137228525280736,3.5596193356468575E-05,0.00026625516826150886,0.001903154074568647
68,267.50258015990255,R4-VAPOR-SIDE,REGION-4,SaturatedMixture,267.50258015990255,5.291049306341158,0.999999,true,SaturatedMixture,267.50259272889514,5.29105100665232,0.9999990145469251,true,1.2568992588057881E-05,1.7003111620894629E-06,true,0.0005137228525280736,3.5596193356468575E-05,0.00026625516826150886,0.001903154074568647
68,267.50258015990255,R2-SIDE,REGION-2,SuperheatedVapor,267.50258015990255,5.290996395848095,,true,SuperheatedVapor,267.50175788101626,5.290980631920688,,true,-0.0008222788862894959,-1.576392740698651E-05,true,0.0005137228525280736,3.5596193356468575E-05,0.00026625516826150886,0.001903154074568647
69,267.5165805220603,R1-SIDE,REGION-1,SubcooledLiquid,267.5165805220603,5.292271878884386,,true,SubcooledLiquid,267.516554850215,5.292291667595511,,true,-2.5671845264696458E-05,1.978871112484626E-05,true,0.0005137228525280736,3.5596193356468575E-05,0.00026625516826150886,0.001903154074568647
69,267.5165805220603,R4-LIQUID-SIDE,REGION-4,SaturatedMixture,267.5165805220603,5.292218956694819,1E-06,true,SaturatedMixture,267.5165725807266,5.292222333397189,9.974484641737942E-07,true,-7.941333706185105E-06,3.3767023701614107E-06,true,0.0005137228525280736,3.5596193356468575E-05,0.00026625516826150886,0.001903154074568647
69,267.5165805220603,R4-VAPOR-SIDE,REGION-4,SaturatedMixture,267.5165805220603,5.292218956694819,0.999999,true,SaturatedMixture,267.5166590635173,5.292229579511604,0.9999990917757335,true,7.854145701458037E-05,1.0622816785321731E-05,true,0.0005137228525280736,3.5596193356468575E-05,0.00026625516826150886,0.001903154074568647
69,267.5165805220603,R2-SIDE,REGION-2,SuperheatedVapor,267.5165805220603,5.292166034505252,,true,SuperheatedVapor,267.5157584907023,5.292150308872933,,true,-0.0008220313579840877,-1.572563231899693E-05,true,0.0005137228525280736,3.5596193356468575E-05,0.00026625516826150886,0.001903154074568647
70,267.61186883449557,R1-SIDE,REGION-1,SubcooledLiquid,267.61186883449557,5.300237999304759,,true,SubcooledLiquid,267.61180474592743,5.300437714727283,,true,-6.408856813777675E-05,0.00019971542252417152,true,0.0005137228525280736,3.5596193356468575E-05,0.00026625516826150886,0.001903154074568647
70,267.61186883449557,R4-LIQUID-SIDE,REGION-4,SaturatedMixture,267.61186883449557,5.300184997454784,1E-06,true,SaturatedMixture,267.61182579404044,5.300203293255326,9.861469764571989E-07,true,-4.3040455125265E-05,1.829580054124591E-05,true,0.0005137228525280736,3.5596193356468575E-05,0.00026625516826150886,0.001903154074568647
70,267.61186883449557,R4-VAPOR-SIDE,REGION-4,SaturatedMixture,267.61186883449557,5.300184997454784,0.999999,true,SaturatedMixture,267.61229396442855,5.300242519743774,0.9999994970385346,true,0.00042512993297805224,5.75222889898086E-05,true,0.0005137228525280736,3.5596193356468575E-05,0.00026625516826150886,0.001903154074568647
70,267.61186883449557,R2-SIDE,REGION-2,SuperheatedVapor,267.61186883449557,5.30013199560481,,true,SuperheatedVapor,267.611046618367,5.300116271434855,,true,-0.0008222161285402763,-1.5724169954545175E-05,true,0.0005137228525280736,3.5596193356468575E-05,0.00026625516826150886,0.001903154074568647
71,267.7532800316808,R1-SIDE,REGION-1,SubcooledLiquid,267.7532800316808,5.3120768749258245,,true,SubcooledLiquid,267.7531951592208,5.312373088734025,,true,-8.487245997912396E-05,0.00029621380820010756,true,0.0005137228525280736,3.5596193356468575E-05,0.00026625516826150886,0.001903154074568647
71,267.7532800316808,R4-LIQUID-SIDE,REGION-4,SaturatedMixture,267.7532800316808,5.312023754688277,1E-06,true,SaturatedMixture,267.7532180578611,5.312050095505256,9.79994829299439E-07,true,-6.1973819697414E-05,2.6340816979164572E-05,true,0.0005137228525280736,3.5596193356468575E-05,0.00026625516826150886,0.001903154074568647
71,267.7532800316808,R4-VAPOR-SIDE,REGION-4,SaturatedMixture,267.7532800316808,5.312023754688277,0.999999,true,SaturatedMixture,267.7538911949729,5.312106495495154,0.9999997157169718,true,0.0006111632920919874,8.274080687709073E-05,true,0.0005137228525280736,3.5596193356468575E-05,0.00026625516826150886,0.001903154074568647
71,267.7532800316808,R2-SIDE,REGION-2,SuperheatedVapor,267.7532800316808,5.311970634450731,,true,SuperheatedVapor,267.7524570610285,5.311954845733179,,true,-0.0008229706522797642,-1.578871755203437E-05,true,0.0005137228525280736,3.5596193356468575E-05,0.00026625516826150886,0.001903154074568647
72,267.76519510746004,R1-SIDE,REGION-1,SubcooledLiquid,267.76519510746004,5.313075320775099,,true,SubcooledLiquid,267.76511046364317,5.3133703793344695,,true,-8.464381687645073E-05,0.000295058559370176,true,0.0005137228525280736,3.5596193356468575E-05,0.00026625516826150886,0.001903154074568647
72,267.76519510746004,R4-LIQUID-SIDE,REGION-4,SaturatedMixture,267.76519510746004,5.313022190553194,1E-06,true,SaturatedMixture,267.76513334799427,5.3130484392770025,9.800596781934075E-07,true,-6.175946577968716E-05,2.624872380874166E-05,true,0.0005137228525280736,3.5596193356468575E-05,0.00026625516826150886,0.001903154074568647
72,267.76519510746004,R4-VAPOR-SIDE,REGION-4,SaturatedMixture,267.76519510746004,5.313022190553194,0.999999,true,SaturatedMixture,267.76580406857283,5.313104636793364,0.9999997133624807,true,0.0006089611127890748,8.24462401700643E-05,true,0.0005137228525280736,3.5596193356468575E-05,0.00026625516826150886,0.001903154074568647
72,267.76519510746004,R2-SIDE,REGION-2,SuperheatedVapor,267.76519510746004,5.312969060331288,,true,SuperheatedVapor,267.76437184301017,5.312953234147449,,true,-0.0008232644498775699,-1.5826183838996144E-05,true,0.0005137228525280736,3.5596193356468575E-05,0.00026625516826150886,0.001903154074568647
73,267.7772412359715,R1-SIDE,REGION-1,SubcooledLiquid,267.7772412359715,5.314084894103051,,true,SubcooledLiquid,267.77715713638827,5.314377319754815,,true,-8.409958320498845E-05,0.0002924256517635726,true,0.0005137228525280736,3.5596193356468575E-05,0.00026625516826150886,0.001903154074568647
73,267.7772412359715,R4-LIQUID-SIDE,REGION-4,SaturatedMixture,267.7772412359715,5.314031753785513,1E-06,true,SaturatedMixture,267.7771799925955,5.314057788816439,9.802167247852244E-07,true,-6.12433759670239E-05,2.6035030925797287E-05,true,0.0005137228525280736,3.5596193356468575E-05,0.00026625516826150886,0.001903154074568647
73,267.7772412359715,R4-VAPOR-SIDE,REGION-4,SaturatedMixture,267.7772412359715,5.314031753785513,0.999999,true,SaturatedMixture,267.7778451238887,5.314113518024577,0.9999997072440518,true,0.0006038879172365341,8.176423906380847E-05,true,0.0005137228525280736,3.5596193356468575E-05,0.00026625516826150886,0.001903154074568647
73,267.7772412359715,R2-SIDE,REGION-2,SuperheatedVapor,267.7772412359715,5.313978613467976,,true,SuperheatedVapor,267.77641782438036,5.3139627702371195,,true,-0.0008234115911136541,-1.5843230856127377E-05,true,0.0005137228525280736,3.5596193356468575E-05,0.00026625516826150886,0.001903154074568647
74,267.78551645874984,R1-SIDE,REGION-1,SubcooledLiquid,267.78551645874984,5.314778516675194,,true,SubcooledLiquid,267.78543291546475,5.315068280379314,,true,-8.354328508630715E-05,0.00028976370411992747,true,0.0005137228525280736,3.5596193356468575E-05,0.00026625516826150886,0.001903154074568647
74,267.78551645874984,R4-LIQUID-SIDE,REGION-4,SaturatedMixture,267.78551645874984,5.314725369421499,1E-06,true,SaturatedMixture,267.7854557044051,5.314751184046392,9.803810420251584E-07,true,-6.075434475860675E-05,2.581462489281705E-05,true,0.0005137228525280736,3.5596193356468575E-05,0.00026625516826150886,0.001903154074568647
74,267.78551645874984,R4-VAPOR-SIDE,REGION-4,SaturatedMixture,267.78551645874984,5.314725369421499,0.999999,true,SaturatedMixture,267.7861152376945,5.314806444215845,0.9999997014601372,true,0.0005987789446635361,8.107479434649179E-05,true,0.0005137228525280736,3.5596193356468575E-05,0.00026625516826150886,0.001903154074568647
74,267.78551645874984,R2-SIDE,REGION-2,SuperheatedVapor,267.78551645874984,5.314672222167805,,true,SuperheatedVapor,267.78469312433265,5.314656392042295,,true,-0.0008233344171912904,-1.583012550998575E-05,true,0.0005137228525280736,3.5596193356468575E-05,0.00026625516826150886,0.001903154074568647
75,267.82730354666717,R1-SIDE,REGION-1,SubcooledLiquid,267.82730354666717,5.3182821331053525,,true,SubcooledLiquid,267.8272250826726,5.318547846510984,,true,-7.846399455502251E-05,0.00026571340563119605,true,0.0005137228525280736,3.5596193356468575E-05,0.00026625516826150886,0.001903154074568647
75,267.82730354666717,R4-LIQUID-SIDE,REGION-4,SaturatedMixture,267.82730354666717,5.318228950815844,1E-06,true,SaturatedMixture,267.8272474622453,5.318252780791737,9.81873040994814E-07,true,-5.608442188531626E-05,2.382997589300828E-05,true,0.0005137228525280736,3.5596193356468575E-05,0.00026625516826150886,0.001903154074568647
75,267.82730354666717,R4-VAPOR-SIDE,REGION-4,SaturatedMixture,267.82730354666717,5.318228950815844,0.999999,true,SaturatedMixture,267.8278560400636,5.31830377156642,0.999999647426465,true,0.0005524933964125012,7.482075057563264E-05,true,0.0005137228525280736,3.5596193356468575E-05,0.00026625516826150886,0.001903154074568647
75,267.82730354666717,R2-SIDE,REGION-2,SuperheatedVapor,267.82730354666717,5.318175768526336,,true,SuperheatedVapor,267.8264801462809,5.318159941142685,,true,-0.0008234003862526151,-1.5827383650801607E-05,true,0.0005137228525280736,3.5596193356468575E-05,0.00026625516826150886,0.001903154074568647
76,267.90293265581147,R1-SIDE,REGION-1,SubcooledLiquid,267.90293265581147,5.324627700384163,,true,SubcooledLiquid,267.90287302752404,5.324804906287979,,true,-5.9628287431223725E-05,0.00017720590381653523,true,0.0005137228525280736,3.5596193356468575E-05,0.00026625516826150886,0.001903154074568647
76,267.90293265581147,R4-LIQUID-SIDE,REGION-4,SaturatedMixture,267.90293265581147,5.324574454639616,1E-06,true,SaturatedMixture,267.9028938521968,5.324590948089314,9.874331120910886E-07,true,-3.880361464325688E-05,1.6493449698451457E-05,true,0.0005137228525280736,3.5596193356468575E-05,0.00026625516826150886,0.001903154074568647
76,267.90293265581147,R4-VAPOR-SIDE,REGION-4,SaturatedMixture,267.90293265581147,5.324574454639616,0.999999,true,SaturatedMixture,267.9033147229052,5.3246262114900045,0.9999994480911277,true,0.0003820670937102477,5.175685038860678E-05,true,0.0005137228525280736,3.5596193356468575E-05,0.00026625516826150886,0.001903154074568647
76,267.90293265581147,R2-SIDE,REGION-2,SuperheatedVapor,267.90293265581147,5.32452120889507,,true,SuperheatedVapor,267.90210842053784,5.324505286800006,,true,-0.0008242352736260727,-1.5922095063736208E-05,true,0.0005137228525280736,3.5596193356468575E-05,0.00026625516826150886,0.001903154074568647
77,267.9171129286291,R1-SIDE,REGION-1,SubcooledLiquid,267.9171129286291,5.325818122064067,,true,SubcooledLiquid,267.9170582158496,5.3259722900790045,,true,-5.471277950164222E-05,0.00015416801493728371,true,0.0005137228525280736,3.5596193356468575E-05,0.00026625516826150886,0.001903154074568647
77,267.9171129286291,R4-LIQUID-SIDE,REGION-4,SaturatedMixture,267.9171129286291,5.325764864415422,1E-06,true,SaturatedMixture,267.91707861912414,5.32577944400987,9.888880326618916E-07,true,-3.43095049402109E-05,1.4579594447283739E-05,true,0.0005137228525280736,3.5596193356468575E-05,0.00026625516826150886,0.001903154074568647
77,267.9171129286291,R4-VAPOR-SIDE,REGION-4,SaturatedMixture,267.9171129286291,5.325764864415422,0.999999,true,SaturatedMixture,267.9174506298875,5.32581061359319,0.9999993962062492,true,0.0003377012584451222,4.574917776789533E-05,true,0.0005137228525280736,3.5596193356468575E-05,0.00026625516826150886,0.001903154074568647
77,267.9171129286291,R2-SIDE,REGION-2,SuperheatedVapor,267.9171129286291,5.325711606766778,,true,SuperheatedVapor,267.9162888293996,5.325695707670859,,true,-0.0008240992294759053,-1.5899095918925354E-05,true,0.0005137228525280736,3.5596193356468575E-05,0.00026625516826150886,0.001903154074568647
78,267.93677989244463,R1-SIDE,REGION-1,SubcooledLiquid,267.93677989244463,5.327469483105355,,true,SubcooledLiquid,267.93673272085914,5.327588334933633,,true,-4.71715854928334E-05,0.00011885182827864327,true,0.0005137228525280736,3.5596193356468575E-05,0.00026625516826150886,0.001903154074568647
78,267.93677989244463,R4-LIQUID-SIDE,REGION-4,SaturatedMixture,267.93677989244463,5.327416208943265,1E-06,true,SaturatedMixture,267.9367524793739,5.327427853375237,9.911214415386129E-07,true,-2.7413070711190812E-05,1.1644431972435143E-05,true,0.0005137228525280736,3.5596193356468575E-05,0.00026625516826150886,0.001903154074568647
78,267.93677989244463,R4-VAPOR-SIDE,REGION-4,SaturatedMixture,267.93677989244463,5.327416208943265,0.999999,true,SaturatedMixture,267.93704956508475,5.3274527452298,0.999999316401131,true,0.0002696726401154592,3.6536286534882834E-05,true,0.0005137228525280736,3.5596193356468575E-05,0.00026625516826150886,0.001903154074568647
78,267.93677989244463,R2-SIDE,REGION-2,SuperheatedVapor,267.93677989244463,5.327362934781176,,true,SuperheatedVapor,267.93595573153686,5.327347032704515,,true,-0.0008241609077686007,-1.59020766608009E-05,true,0.0005137228525280736,3.5596193356468575E-05,0.00026625516826150886,0.001903154074568647
79,268.0753684282305,R1-SIDE,REGION-1,SubcooledLiquid,268.0753684282305,5.339117329894413,,true,SubcooledLiquid,268.0753162723963,5.339258892324748,,true,-5.2155834168843285E-05,0.00014156243033536242,true,0.0005137228525280736,3.5596193356468575E-05,0.00026625516826150886,0.001903154074568647
79,268.0753684282305,R4-LIQUID-SIDE,REGION-4,SaturatedMixture,268.0753684282305,5.33906393925502,1E-06,true,SaturatedMixture,268.07533650889593,5.339077457341812,9.896209001646685E-07,true,-3.191933456037077E-05,1.35180867921747E-05,true,0.0005137228525280736,3.5596193356468575E-05,0.00026625516826150886,0.001903154074568647
79,268.0753684282305,R4-VAPOR-SIDE,REGION-4,SaturatedMixture,268.0753684282305,5.33906393925502,0.999999,true,SaturatedMixture,268.075681552887,5.339106541940938,0.9999993708540454,true,0.0003131246564862522,4.260268591771421E-05,true,0.0005137228525280736,3.5596193356468575E-05,0.00026625516826150886,0.001903154074568647
79,268.0753684282305,R2-SIDE,REGION-2,SuperheatedVapor,268.0753684282305,5.339010548615628,,true,SuperheatedVapor,268.0745437052195,5.338994607756399,,true,-0.0008247230109645898,-1.594085922906885E-05,true,0.0005137228525280736,3.5596193356468575E-05,0.00026625516826150886,0.001903154074568647
80,268.08787213563915,R1-SIDE,REGION-1,SubcooledLiquid,268.08787213563915,5.340169175189013,,true,SubcooledLiquid,268.087815378271,5.340332133437495,,true,-5.6757368156468146E-05,0.00016295824848189255,true,0.0005137228525280736,3.5596193356468575E-05,0.00026625516826150886,0.001903154074568647
80,268.08787213563915,R4-LIQUID-SIDE,REGION-4,SaturatedMixture,268.08787213563915,5.340115774031272,1E-06,true,SaturatedMixture,268.0878360239815,5.340131071938563,9.882510891806974E-07,true,-3.61116576641507E-05,1.529790729115632E-05,true,0.0005137228525280736,3.5596193356468575E-05,0.00026625516826150886,0.001903154074568647
80,268.08787213563915,R4-VAPOR-SIDE,REGION-4,SaturatedMixture,268.08787213563915,5.340115774031272,0.999999,true,SaturatedMixture,268.0882264204283,5.340163979406735,0.999999419616848,true,0.0003542847891822021,4.8205375462906375E-05,true,0.0005137228525280736,3.5596193356468575E-05,0.00026625516826150886,0.001903154074568647
80,268.08787213563915,R2-SIDE,REGION-2,SuperheatedVapor,268.08787213563915,5.340062372873532,,true,SuperheatedVapor,268.08704745826424,5.340046441977674,,true,-0.0008246773749078784,-1.5930895857607652E-05,true,0.0005137228525280736,3.5596193356468575E-05,0.00026625516826150886,0.001903154074568647
81,268.18782694339745,R1-SIDE,REGION-1,SubcooledLiquid,268.18782694339745,5.348583330379774,,true,SubcooledLiquid,268.1877456473694,5.34886002801816,,true,-8.129602804274327E-05,0.00027669763838655825,true,0.0005137228525280736,3.5596193356468575E-05,0.00026625516826150886,0.001903154074568647
81,268.18782694339745,R4-LIQUID-SIDE,REGION-4,SaturatedMixture,268.18782694339745,5.348529845081322,1E-06,true,SaturatedMixture,268.1877684655839,5.348554621047407,9.809307643988475E-07,true,-5.847781358170323E-05,2.4775966084966683E-05,true,0.0005137228525280736,3.5596193356468575E-05,0.00026625516826150886,0.001903154074568647
81,268.18782694339745,R4-VAPOR-SIDE,REGION-4,SaturatedMixture,268.18782694339745,5.348529845081322,0.999999,true,SaturatedMixture,268.1884001051751,5.348607863488293,0.9999996795440695,true,0.000573161777651876,7.801840697041484E-05,true,0.0005137228525280736,3.5596193356468575E-05,0.00026625516826150886,0.001903154074568647
81,268.18782694339745,R2-SIDE,REGION-2,SuperheatedVapor,268.18782694339745,5.348476359782872,,true,SuperheatedVapor,268.18700176000937,5.3484603868493945,,true,-0.0008251833880876802,-1.597293347721518E-05,true,0.0005137228525280736,3.5596193356468575E-05,0.00026625516826150886,0.001903154074568647
82,268.22862460613226,R1-SIDE,REGION-1,SubcooledLiquid,268.22862460613226,5.352020568828329,,true,SubcooledLiquid,268.2285395552964,5.352314459693447,,true,-8.505083587806439E-05,0.00029389086511777407,true,0.0005137228525280736,3.5596193356468575E-05,0.00026625516826150886,0.001903154074568647
82,268.22862460613226,R4-LIQUID-SIDE,REGION-4,SaturatedMixture,268.22862460613226,5.351967049157837,1E-06,true,SaturatedMixture,268.22856270899035,5.351993267268612,9.798032005367803E-07,true,-6.189714190441009E-05,2.621811077485603E-05,true,0.0005137228525280736,3.5596193356468575E-05,0.00026625516826150886,0.001903154074568647
82,268.22862460613226,R4-VAPOR-SIDE,REGION-4,SaturatedMixture,268.22862460613226,5.351967049157837,0.999999,true,SaturatedMixture,268.2292308993573,5.352049590663507,0.9999997192649693,true,0.0006062932250188169,8.254150566955332E-05,true,0.0005137228525280736,3.5596193356468575E-05,0.00026625516826150886,0.001903154074568647
82,268.22862460613226,R2-SIDE,REGION-2,SuperheatedVapor,268.22862460613226,5.351913529487346,,true,SuperheatedVapor,268.2277992548501,5.351897544788336,,true,-0.0008253512821738695,-1.5984699009763403E-05,true,0.0005137228525280736,3.5596193356468575E-05,0.00026625516826150886,0.001903154074568647
83,268.258955323696,R1-SIDE,REGION-1,SubcooledLiquid,268.258955323696,5.354577051008335,,true,SubcooledLiquid,268.2588698356601,5.354872759264174,,true,-8.54880358929222E-05,0.00029570825583835614,true,0.0005137228525280736,3.5596193356468575E-05,0.00026625516826150886,0.001903154074568647
83,268.258955323696,R4-LIQUID-SIDE,REGION-4,SaturatedMixture,268.258955323696,5.354523505773277,1E-06,true,SaturatedMixture,268.25889306022066,5.354549886510373,9.796644160342907E-07,true,-6.226347534266097E-05,2.6380737096154405E-05,true,0.0005137228525280736,3.5596193356468575E-05,0.00026625516826150886,0.001903154074568647
83,268.258955323696,R4-VAPOR-SIDE,REGION-4,SaturatedMixture,268.258955323696,5.354523505773277,0.999999,true,SaturatedMixture,268.2595651537637,5.354606538913481,0.9999997237271837,true,0.0006098300676740109,8.303314020441377E-05,true,0.0005137228525280736,3.5596193356468575E-05,0.00026625516826150886,0.001903154074568647
83,268.258955323696,R2-SIDE,REGION-2,SuperheatedVapor,268.258955323696,5.3544699605382196,,true,SuperheatedVapor,268.25812926195283,5.354453885121103,,true,-0.0008260617431687933,-1.6075417116567792E-05,true,0.0005137228525280736,3.5596193356468575E-05,0.00026625516826150886,0.001903154074568647
84,268.32134410142896,R1-SIDE,REGION-1,SubcooledLiquid,268.32134410142896,5.359838539328691,,true,SubcooledLiquid,268.3212640311185,5.360108621242528,,true,-8.007031044598989E-05,0.00027008191383703917,true,0.0005137228525280736,3.5596193356468575E-05,0.00026625516826150886,0.001903154074568647
84,268.32134410142896,R4-LIQUID-SIDE,REGION-4,SaturatedMixture,268.32134410142896,5.359784941479276,1E-06,true,SaturatedMixture,268.3212868228351,5.359809208858954,9.812683002014668E-07,true,-5.7278593885712326E-05,2.426737967820003E-05,true,0.0005137228525280736,3.5596193356468575E-05,0.00026625516826150886,0.001903154074568647
84,268.32134410142896,R4-VAPOR-SIDE,REGION-4,SaturatedMixture,268.32134410142896,5.359784941479276,0.999999,true,SaturatedMixture,268.3219047069481,5.359861291817064,0.9999996657017802,true,0.0005606055191265114,7.635033778807809E-05,true,0.0005137228525280736,3.5596193356468575E-05,0.00026625516826150886,0.001903154074568647
84,268.32134410142896,R2-SIDE,REGION-2,SuperheatedVapor,268.32134410142896,5.3597313436298615,,true,SuperheatedVapor,268.3205175081031,5.359715211662497,,true,-0.0008265933258826408,-1.6131967364607647E-05,true,0.0005137228525280736,3.5596193356468575E-05,0.00026625516826150886,0.001903154074568647
85,268.3765215992928,R1-SIDE,REGION-1,SubcooledLiquid,268.3765215992928,5.364495161255378,,true,SubcooledLiquid,268.3764534099704,5.364709693264536,,true,-6.818932240548747E-05,0.00021453200915821924,true,0.0005137228525280736,3.5596193356468575E-05,0.00026625516826150886,0.001903154074568647
85,268.3765215992928,R4-LIQUID-SIDE,REGION-4,SaturatedMixture,268.3765215992928,5.364441516840209,1E-06,true,SaturatedMixture,268.37647517661105,5.364461169731898,9.848124551817538E-07,true,-4.642268174848141E-05,1.9652891689148078E-05,true,0.0005137228525280736,3.5596193356468575E-05,0.00026625516826150886,0.001903154074568647
85,268.3765215992928,R4-VAPOR-SIDE,REGION-4,SaturatedMixture,268.3765215992928,5.364441516840209,0.999999,true,SaturatedMixture,268.376975412639,5.36450333584609,0.9999995394825598,true,0.0004538133462119731,6.181900588053679E-05,true,0.0005137228525280736,3.5596193356468575E-05,0.00026625516826150886,0.001903154074568647
85,268.3765215992928,R2-SIDE,REGION-2,SuperheatedVapor,268.3765215992928,5.364387872425041,,true,SuperheatedVapor,268.37569525079095,5.36437179059045,,true,-0.0008263485018460415,-1.608183459111956E-05,true,0.0005137228525280736,3.5596193356468575E-05,0.00026625516826150886,0.001903154074568647
86,268.3879977881908,R1-SIDE,REGION-1,SubcooledLiquid,268.3879977881908,5.365464064907552,,true,SubcooledLiquid,268.3879329064897,5.365663170063453,,true,-6.488170106422331E-05,0.00019910515590115807,true,0.0005137228525280736,3.5596193356468575E-05,0.00026625516826150886,0.001903154074568647
86,268.3879977881908,R4-LIQUID-SIDE,REGION-4,SaturatedMixture,268.3879977881908,5.3654104108034435,1E-06,true,SaturatedMixture,268.3879543900549,5.365428780616032,9.858005489444066E-07,true,-4.339813585829688E-05,1.8369812588403533E-05,true,0.0005137228525280736,3.5596193356468575E-05,0.00026625516826150886,0.001903154074568647
86,268.3879977881908,R4-VAPOR-SIDE,REGION-4,SaturatedMixture,268.3879977881908,5.3654104108034435,0.999999,true,SaturatedMixture,268.38842191470405,5.365468189408384,0.9999995039770201,true,0.00042412651328049833,5.7778604940494915E-05,true,0.0005137228525280736,3.5596193356468575E-05,0.00026625516826150886,0.001903154074568647
86,268.3879977881908,R2-SIDE,REGION-2,SuperheatedVapor,268.3879977881908,5.365356756699335,,true,SuperheatedVapor,268.38717160403314,5.3653407012094565,,true,-0.00082618415763136,-1.6055489878930018E-05,true,0.0005137228525280736,3.5596193356468575E-05,0.00026625516826150886,0.001903154074568647
87,268.4279694974422,R1-SIDE,REGION-1,SubcooledLiquid,268.4279694974422,5.368839811720812,,true,SubcooledLiquid,268.42791838643643,5.368974782266153,,true,-5.111100574595184E-05,0.00013497054534106212,true,0.0005137228525280736,3.5596193356468575E-05,0.00026625516826150886,0.001903154074568647
87,268.4279694974422,R4-LIQUID-SIDE,REGION-4,SaturatedMixture,268.4279694974422,5.368786123859572,1E-06,true,SaturatedMixture,268.42793869573563,5.368799155211958,9.899185109173581E-07,true,-3.080170654357062E-05,1.3031352385617367E-05,true,0.0005137228525280736,3.5596193356468575E-05,0.00026625516826150886,0.001903154074568647
87,268.4279694974422,R4-VAPOR-SIDE,REGION-4,SaturatedMixture,268.4279694974422,5.368786123859572,0.999999,true,SaturatedMixture,268.42827027377814,5.3688271047334455,0.999999357692381,true,0.00030077633596192754,4.098087387305327E-05,true,0.0005137228525280736,3.5596193356468575E-05,0.00026625516826150886,0.001903154074568647
87,268.4279694974422,R2-SIDE,REGION-2,SuperheatedVapor,268.4279694974422,5.368732435998334,,true,SuperheatedVapor,268.42714310994563,5.368716363512129,,true,-0.0008263874965450668,-1.6072486205054304E-05,true,0.0005137228525280736,3.5596193356468575E-05,0.00026625516826150886,0.001903154074568647
88,268.4353395342828,R1-SIDE,REGION-1,SubcooledLiquid,268.4353395342828,5.369462413441171,,true,SubcooledLiquid,268.43529134423613,5.369583794736874,,true,-4.8190046641138906E-05,0.00012138129570349321,true,0.0005137228525280736,3.5596193356468575E-05,0.00026625516826150886,0.001903154074568647
88,268.4353395342828,R4-LIQUID-SIDE,REGION-4,SaturatedMixture,268.4353395342828,5.369408719353976,1E-06,true,SaturatedMixture,268.43531141764936,5.369420619914607,9.907917215096253E-07,true,-2.811663341617532E-05,1.190056063027356E-05,true,0.0005137228525280736,3.5596193356468575E-05,0.00026625516826150886,0.001903154074568647
88,268.4353395342828,R4-VAPOR-SIDE,REGION-4,SaturatedMixture,268.4353395342828,5.369408719353976,0.999999,true,SaturatedMixture,268.43561416920363,5.36944613958112,0.999999326627047,true,0.0002746349208564425,3.7420227143591944E-05,true,0.0005137228525280736,3.5596193356468575E-05,0.00026625516826150886,0.001903154074568647
88,268.4353395342828,R2-SIDE,REGION-2,SuperheatedVapor,268.4353395342828,5.369355025266783,,true,SuperheatedVapor,268.4345129985967,5.369338934113372,,true,-0.0008265356860874817,-1.60911534106134E-05,true,0.0005137228525280736,3.5596193356468575E-05,0.00026625516826150886,0.001903154074568647
89,268.43746053576467,R1-SIDE,REGION-1,SubcooledLiquid,268.43746053576467,5.3696416003964496,,true,SubcooledLiquid,268.4374132083718,5.369758969151096,,true,-4.7327392849183525E-05,0.00011736875464674057,true,0.0005137228525280736,3.5596193356468575E-05,0.00026625516826150886,0.001903154074568647
89,268.43746053576467,R4-LIQUID-SIDE,REGION-4,SaturatedMixture,268.43746053576467,5.369587904517404,1E-06,true,SaturatedMixture,268.43743322216653,5.369599471989691,9.910488631361868E-07,true,-2.731359813878953E-05,1.1567472286699854E-05,true,0.0005137228525280736,3.5596193356468575E-05,0.00026625516826150886,0.001903154074568647
89,268.43746053576467,R4-VAPOR-SIDE,REGION-4,SaturatedMixture,268.43746053576467,5.369587904517404,0.999999,true,SaturatedMixture,268.437727449059,5.369624273091702,0.9999993174070504,true,0.00026691329435379885,3.636857429789586E-05,true,0.0005137228525280736,3.5596193356468575E-05,0.00026625516826150886,0.001903154074568647
89,268.43746053576467,R2-SIDE,REGION-2,SuperheatedVapor,268.43746053576467,5.369534208638359,,true,SuperheatedVapor,268.4366337742914,5.369518086426506,,true,-0.0008267614732631046,-1.6122211852653834E-05,true,0.0005137228525280736,3.5596193356468575E-05,0.00026625516826150886,0.001903154074568647
90,268.495750629902,R1-SIDE,REGION-1,SubcooledLiquid,268.495750629902,5.374567865433893,,true,SubcooledLiquid,268.4957308669292,5.374557175934042,,true,-1.9762972783610167E-05,-1.0689499851501694E-05,true,0.0005137228525280736,3.5596193356468575E-05,0.00026625516826150886,0.001903154074568647
90,268.495750629902,R4-LIQUID-SIDE,REGION-4,SaturatedMixture,268.495750629902,5.37451412029269,1E-06,true,SaturatedMixture,268.49574851989746,5.374515010591139,9.993102860590462E-07,true,-2.1100045159982983E-06,8.902984491854227E-07,true,0.0005137228525280736,3.5596193356468575E-05,0.00026625516826150886,0.001903154074568647
90,268.495750629902,R4-VAPOR-SIDE,REGION-4,SaturatedMixture,268.495750629902,5.37451412029269,0.999999,true,SaturatedMixture,268.4957711742062,5.374516920178049,0.999999024466459,true,2.054430422049336E-05,2.799885359117127E-06,true,0.0005137228525280736,3.5596193356468575E-05,0.00026625516826150886,0.001903154074568647
90,268.495750629902,R2-SIDE,REGION-2,SuperheatedVapor,268.495750629902,5.374460375151488,,true,SuperheatedVapor,268.49492375373916,5.374444253628804,,true,-0.0008268761628187349,-1.6121522683931744E-05,true,0.0005137228525280736,3.5596193356468575E-05,0.00026625516826150886,0.001903154074568647
91,268.5486411511898,R1-SIDE,REGION-1,SubcooledLiquid,268.5486411511898,5.379040782541731,,true,SubcooledLiquid,268.54859957894723,5.379131060498795,,true,-4.1572242594156705E-05,9.027795706462172E-05,true,0.0005137228525280736,3.5596193356468575E-05,0.00026625516826150886,0.001903154074568647
91,268.5486411511898,R4-LIQUID-SIDE,REGION-4,SaturatedMixture,268.5486411511898,5.378986992671804,1E-06,true,SaturatedMixture,268.54861913469347,5.378996289896158,9.927592856391442E-07,true,-2.2016496359356097E-05,9.297224353943534E-06,true,0.0005137228525280736,3.5596193356468575E-05,0.00026625516826150886,0.001903154074568647
91,268.5486411511898,R4-VAPOR-SIDE,REGION-4,SaturatedMixture,268.5486411511898,5.378986992671804,0.999999,true,SaturatedMixture,268.54885578870733,5.379016358200618,0.9999992576406815,true,0.00021463751750161464,2.93655288139405E-05,true,0.0005137228525280736,3.5596193356468575E-05,0.00026625516826150886,0.001903154074568647
91,268.5486411511898,R2-SIDE,REGION-2,SuperheatedVapor,268.5486411511898,5.3789332028018775,,true,SuperheatedVapor,268.5478141846105,5.378917083845469,,true,-0.0008269665793250169,-1.6118956408739393E-05,true,0.0005137228525280736,3.5596193356468575E-05,0.00026625516826150886,0.001903154074568647
92,268.59354792833335,R1-SIDE,REGION-1,SubcooledLiquid,268.59354792833335,5.382840750357621,,true,SubcooledLiquid,268.59348868204063,5.383012721543936,,true,-5.9246292721581995E-05,0.00017197118631440134,true,0.0005137228525280736,3.5596193356468575E-05,0.00026625516826150886,0.001903154074568647
92,268.59354792833335,R4-LIQUID-SIDE,REGION-4,SaturatedMixture,268.59354792833335,5.382786922488396,1E-06,true,SaturatedMixture,268.5935098045925,5.382803027069964,9.874453982481607E-07,true,-3.8123740864648425E-05,1.6104581567866205E-05,true,0.0005137228525280736,3.5596193356468575E-05,0.00026625516826150886,0.001903154074568647
92,268.59354792833335,R4-VAPOR-SIDE,REGION-4,SaturatedMixture,268.59354792833335,5.382786922488396,0.999999,true,SaturatedMixture,268.59391951526584,5.38283777061143,0.9999994461317723,true,0.000371586932487844,5.084812303390862E-05,true,0.0005137228525280736,3.5596193356468575E-05,0.00026625516826150886,0.001903154074568647
92,268.59354792833335,R2-SIDE,REGION-2,SuperheatedVapor,268.59354792833335,5.382733094619171,,true,SuperheatedVapor,268.59272071081887,5.382716953372079,,true,-0.0008272175144838911,-1.6141247091816524E-05,true,0.0005137228525280736,3.5596193356468575E-05,0.00026625516826150886,0.001903154074568647
93,268.64694446921374,R1-SIDE,REGION-1,SubcooledLiquid,268.64694446921374,5.387361781069,,true,SubcooledLiquid,268.6468699627219,5.387604109377627,,true,-7.450649184193026E-05,0.0002423283086265826,true,0.0005137228525280736,3.5596193356468575E-05,0.00026625516826150886,0.001903154074568647
93,268.64694446921374,R4-LIQUID-SIDE,REGION-4,SaturatedMixture,268.64694446921374,5.3873079079899195,1E-06,true,SaturatedMixture,268.6468924250149,5.387329883230885,9.82849330838129E-07,true,-5.2044198810108355E-05,2.1975240965588227E-05,true,0.0005137228525280736,3.5596193356468575E-05,0.00026625516826150886,0.001903154074568647
93,268.64694446921374,R4-VAPOR-SIDE,REGION-4,SaturatedMixture,268.64694446921374,5.3873079079899195,0.999999,true,SaturatedMixture,268.64745126608716,5.38737727305795,0.9999996088947668,true,0.0005067968734238093,6.936506803079112E-05,true,0.0005137228525280736,3.5596193356468575E-05,0.00026625516826150886,0.001903154074568647
93,268.64694446921374,R2-SIDE,REGION-2,SuperheatedVapor,268.64694446921374,5.38725403491084,,true,SuperheatedVapor,268.64611691165123,5.3872378612941585,,true,-0.0008275575625020792,-1.6173616681491865E-05,true,0.0005137228525280736,3.5596193356468575E-05,0.00026625516826150886,0.001903154074568647
94,268.6578054487708,R1-SIDE,REGION-1,SubcooledLiquid,268.6578054487708,5.388281723890629,,true,SubcooledLiquid,268.65772860394827,5.388534805873575,,true,-7.684482250169822E-05,0.00025308198294560214,true,0.0005137228525280736,3.5596193356468575E-05,0.00026625516826150886,0.001903154074568647
94,268.6578054487708,R4-LIQUID-SIDE,REGION-4,SaturatedMixture,268.6578054487708,5.3882278416122125,1E-06,true,SaturatedMixture,268.65775126894414,5.388250715219856,9.821440985218004E-07,true,-5.417982663402654E-05,2.2873607643525418E-05,true,0.0005137228525280736,3.5596193356468575E-05,0.00026625516826150886,0.001903154074568647
94,268.6578054487708,R4-VAPOR-SIDE,REGION-4,SaturatedMixture,268.6578054487708,5.3882278416122125,0.999999,true,SaturatedMixture,268.65833291449144,5.388300038870678,0.9999996337778732,true,0.000527465720665532,7.21972584658559E-05,true,0.0005137228525280736,3.5596193356468575E-05,0.00026625516826150886,0.001903154074568647
94,268.6578054487708,R2-SIDE,REGION-2,SuperheatedVapor,268.6578054487708,5.3881739593337965,,true,SuperheatedVapor,268.6569775308394,5.388157738168134,,true,-0.000827917931360389,-1.622116566224463E-05,true,0.0005137228525280736,3.5596193356468575E-05,0.00026625516826150886,0.001903154074568647
95,268.70778965353986,R1-SIDE,REGION-1,SubcooledLiquid,268.70778965353986,5.392517014602325,,true,SubcooledLiquid,268.70770538573254,5.392804101855262,,true,-8.426780732406769E-05,0.0002870872529365798,true,0.0005137228525280736,3.5596193356468575E-05,0.00026625516826150886,0.001903154074568647
95,268.70778965353986,R4-LIQUID-SIDE,REGION-4,SaturatedMixture,268.70778965353986,5.392463089971425,1E-06,true,SaturatedMixture,268.7077286964037,5.392488810382881,9.799004732588944E-07,true,-6.095713615650311E-05,2.5720411455765202E-05,true,0.0005137228525280736,3.5596193356468575E-05,0.00026625516826150886,0.001903154074568647
95,268.70778965353986,R4-VAPOR-SIDE,REGION-4,SaturatedMixture,268.70778965353986,5.392463089971425,0.999999,true,SaturatedMixture,268.7083824968787,5.3925442527850125,0.9999997125591698,true,0.0005928433388362464,8.116281358727662E-05,true,0.0005137228525280736,3.5596193356468575E-05,0.00026625516826150886,0.001903154074568647
95,268.70778965353986,R2-SIDE,REGION-2,SuperheatedVapor,268.70778965353986,5.392409165340526,,true,SuperheatedVapor,268.70696184110307,5.392392973461549,,true,-0.0008278124367961937,-1.6191878977167562E-05,true,0.0005137228525280736,3.5596193356468575E-05,0.00026625516826150886,0.001903154074568647
96,268.75488118529313,R1-SIDE,REGION-1,SubcooledLiquid,268.75488118529313,5.39650952678625,,true,SubcooledLiquid,268.7547949449953,5.396805398237784,,true,-8.624029783277365E-05,0.0002958714515335359,true,0.0005137228525280736,3.5596193356468575E-05,0.00026625516826150886,0.001903154074568647
96,268.75488118529313,R4-LIQUID-SIDE,REGION-4,SaturatedMixture,268.75488118529313,5.396455562230628,1E-06,true,SaturatedMixture,268.75481849393634,5.396482033989896,9.792917391506756E-07,true,-6.269135678849125E-05,2.6471759268176243E-05,true,0.0005137228525280736,3.5596193356468575E-05,0.00026625516826150886,0.001903154074568647
96,268.75488118529313,R4-VAPOR-SIDE,REGION-4,SaturatedMixture,268.75488118529313,5.396455562230628,0.999999,true,SaturatedMixture,268.755490961276,5.3965390593456295,0.9999997332168172,true,0.0006097759828662674,8.349711500166279E-05,true,0.0005137228525280736,3.5596193356468575E-05,0.00026625516826150886,0.001903154074568647
96,268.75488118529313,R2-SIDE,REGION-2,SuperheatedVapor,268.75488118529313,5.3964015976750055,,true,SuperheatedVapor,268.75405306901564,5.396385376645626,,true,-0.0008281162774892437,-1.6221029379259733E-05,true,0.0005137228525280736,3.5596193356468575E-05,0.00026625516826150886,0.001903154074568647
97,268.8133836925032,R1-SIDE,REGION-1,SubcooledLiquid,268.8133836925032,5.401472627137364,,true,SubcooledLiquid,268.8133017921622,5.401748033364571,,true,-8.190034100152843E-05,0.000275406227206787,true,0.0005137228525280736,3.5596193356468575E-05,0.00026625516826150886,0.001903154074568647
97,268.8133836925032,R4-LIQUID-SIDE,REGION-4,SaturatedMixture,268.8133836925032,5.401418612951234,1E-06,true,SaturatedMixture,268.81332496387006,5.401443393544305,9.805906062660056E-07,true,-5.872863312106347E-05,2.4780593070872214E-05,true,0.0005137228525280736,3.5596193356468575E-05,0.00026625516826150886,0.001903154074568647
97,268.8133836925032,R4-VAPOR-SIDE,REGION-4,SaturatedMixture,268.8133836925032,5.401418612951234,0.999999,true,SaturatedMixture,268.81395422892876,5.401496755338559,0.9999996865142083,true,0.000570536425584578,7.814238732439804E-05,true,0.0005137228525280736,3.5596193356468575E-05,0.00026625516826150886,0.001903154074568647
97,268.8133836925032,R2-SIDE,REGION-2,SuperheatedVapor,268.8133836925032,5.401364598765105,,true,SuperheatedVapor,268.8125553696649,5.401348365583094,,true,-0.0008283228382879315,-1.6233182011049507E-05,true,0.0005137228525280736,3.5596193356468575E-05,0.00026625516826150886,0.001903154074568647
98,268.8640391409398,R1-SIDE,REGION-1,SubcooledLiquid,268.8640391409398,5.405772831662186,,true,SubcooledLiquid,268.86396708143616,5.406002471680068,,true,-7.20595036227678E-05,0.00022964001788228217,true,0.0005137228525280736,3.5596193356468575E-05,0.00026625516826150886,0.001903154074568647
98,268.8640391409398,R4-LIQUID-SIDE,REGION-4,SaturatedMixture,268.8640391409398,5.405718774474441,1E-06,true,SaturatedMixture,268.86398944802806,5.4057397512434004,9.835516808568205E-07,true,-4.969291171619261E-05,2.0976768959179992E-05,true,0.0005137228525280736,3.5596193356468575E-05,0.00026625516826150886,0.001903154074568647
98,268.8640391409398,R4-VAPOR-SIDE,REGION-4,SaturatedMixture,268.8640391409398,5.405718774474441,0.999999,true,SaturatedMixture,268.86452180631727,5.405784895325516,0.9999995811076953,true,0.00048266537748986593,6.612085107438048E-05,true,0.0005137228525280736,3.5596193356468575E-05,0.00026625516826150886,0.001903154074568647
98,268.8640391409398,R2-SIDE,REGION-2,SuperheatedVapor,268.8640391409398,5.4056647172866965,,true,SuperheatedVapor,268.86321020177684,5.405648411911705,,true,-0.000828939162943243,-1.6305374991532062E-05,true,0.0005137228525280736,3.5596193356468575E-05,0.00026625516826150886,0.001903154074568647
99,268.91260992884634,R1-SIDE,REGION-1,SubcooledLiquid,268.91260992884634,5.409898521191045,,true,SubcooledLiquid,268.91255261155163,5.410059868723579,,true,-5.731729470426217E-05,0.0001613475325337177,true,0.0005137228525280736,3.5596193356468575E-05,0.00026625516826150886,0.001903154074568647
99,268.91260992884634,R4-LIQUID-SIDE,REGION-4,SaturatedMixture,268.91260992884634,5.409844422746818,1E-06,true,SaturatedMixture,268.9125737117405,5.4098597058609865,9.8800369921233E-07,true,-3.6217105844116304E-05,1.5283114168873624E-05,true,0.0005137228525280736,3.5596193356468575E-05,0.00026625516826150886,0.001903154074568647
99,268.91260992884634,R4-VAPOR-SIDE,REGION-4,SaturatedMixture,268.91260992884634,5.409844422746818,0.999999,true,SaturatedMixture,268.9129614346774,5.409892584838301,0.9999994235922255,true,0.0003515058310767927,4.8162091482950586E-05,true,0.0005137228525280736,3.5596193356468575E-05,0.00026625516826150886,0.001903154074568647
99,268.91260992884634,R2-SIDE,REGION-2,SuperheatedVapor,268.91260992884634,5.40979032430259,,true,SuperheatedVapor,268.9117811332609,5.4097740532467204,,true,-0.0008287955854484608,-1.6271055869765405E-05,true,0.0005137228525280736,3.5596193356468575E-05,0.00026625516826150886,0.001903154074568647
100,268.9904044747353,R1-SIDE,REGION-1,SubcooledLiquid,268.9904044747353,5.416511537830212,,true,SubcooledLiquid,268.9903816032805,5.416513794554365,,true,-2.287145480295294E-05,2.256724152438494E-06,true,0.0005137228525280736,3.5596193356468575E-05,0.00026625516826150886,0.001903154074568647
100,268.9904044747353,R4-LIQUID-SIDE,REGION-4,SaturatedMixture,268.9904044747353,5.416457373256479,1E-06,true,SaturatedMixture,268.99039974808693,5.416459368247823,9.984313973790266E-07,true,-4.726648398900579E-06,1.9949913436789757E-06,true,0.0005137228525280736,3.5596193356468575E-05,0.00026625516826150886,0.001903154074568647
100,268.9904044747353,R4-VAPOR-SIDE,REGION-4,SaturatedMixture,268.9904044747353,5.416457373256479,0.999999,true,SaturatedMixture,268.990450319851,5.416463656742852,0.9999990553033355,true,4.584511566463334E-05,6.283486372993252E-06,true,0.0005137228525280736,3.5596193356468575E-05,0.00026625516826150886,0.001903154074568647
100,268.9904044747353,R2-SIDE,REGION-2,SuperheatedVapor,268.9904044747353,5.416403208682747,,true,SuperheatedVapor,268.9895753114132,5.416386908321496,,true,-0.0008291633221233496,-1.6300361250998208E-05,true,0.0005137228525280736,3.5596193356468575E-05,0.00026625516826150886,0.001903154074568647
101,269.0172909379006,R1-SIDE,REGION-1,SubcooledLiquid,269.0172909379006,5.418798487829589,,true,SubcooledLiquid,269.01726402628367,5.41881930051566,,true,-2.6911616942015826E-05,2.0812686071458586E-05,true,0.0005137228525280736,3.5596193356468575E-05,0.00026625516826150886,0.001903154074568647
101,269.0172909379006,R4-LIQUID-SIDE,REGION-4,SaturatedMixture,269.0172909379006,5.418744300386585,1E-06,true,SaturatedMixture,269.0172825123101,5.418747843046174,9.972016215045506E-07,true,-8.425590522165294E-06,3.542659588795516E-06,true,0.0005137228525280736,3.5596193356468575E-05,0.00026625516826150886,0.001903154074568647
101,269.0172909379006,R4-VAPOR-SIDE,REGION-4,SaturatedMixture,269.0172909379006,5.418744300386585,0.999999,true,SaturatedMixture,269.01737246282903,5.418755516727671,0.9999990989370399,true,8.152492841873027E-05,1.1216341086139892E-05,true,0.0005137228525280736,3.5596193356468575E-05,0.00026625516826150886,0.001903154074568647
101,269.0172909379006,R2-SIDE,REGION-2,SuperheatedVapor,269.0172909379006,5.418690112943581,,true,SuperheatedVapor,269.0164612607989,5.418673747825041,,true,-0.0008296771017057836,-1.6365118540306867E-05,true,0.0005137228525280736,3.5596193356468575E-05,0.00026625516826150886,0.001903154074568647
102,269.0666279315948,R1-SIDE,REGION-1,SubcooledLiquid,269.0666279315948,5.4229969872154795,,true,SubcooledLiquid,269.06657829928963,5.4231222693669405,,true,-4.963230514931638E-05,0.00012528215146101473,true,0.0005137228525280736,3.5596193356468575E-05,0.00026625516826150886,0.001903154074568647
102,269.0666279315948,R4-LIQUID-SIDE,REGION-4,SaturatedMixture,269.0666279315948,5.422942757787902,1E-06,true,SaturatedMixture,269.0665987923969,5.422955016389181,9.903063339853912E-07,true,-2.913919786351471E-05,1.2258601278958281E-05,true,0.0005137228525280736,3.5596193356468575E-05,0.00026625516826150886,0.001903154074568647
102,269.0666279315948,R4-VAPOR-SIDE,REGION-4,SaturatedMixture,269.0666279315948,5.422942757787902,0.999999,true,SaturatedMixture,269.06690988630965,5.422981555820261,0.9999993428293182,true,0.00028195471486469614,3.879803235928847E-05,true,0.0005137228525280736,3.5596193356468575E-05,0.00026625516826150886,0.001903154074568647
102,269.0666279315948,R2-SIDE,REGION-2,SuperheatedVapor,269.0666279315948,5.422888528360324,,true,SuperheatedVapor,269.06579822247284,5.422872173051233,,true,-0.0008297091219446884,-1.6355309091053982E-05,true,0.0005137228525280736,3.5596193356468575E-05,0.00026625516826150886,0.001903154074568647
103,269.16647517681133,R1-SIDE,REGION-1,SubcooledLiquid,269.16647517681133,5.431501428089641,,true,SubcooledLiquid,269.166396001845,5.431762084651193,,true,-7.917496634490817E-05,0.0002606565615517198,true,0.0005137228525280736,3.5596193356468575E-05,0.00026625516826150886,0.001903154074568647
103,269.16647517681133,R4-LIQUID-SIDE,REGION-4,SaturatedMixture,269.16647517681133,5.431447113618504,1E-06,true,SaturatedMixture,269.16641911617876,5.431470691224437,9.813155528469723E-07,true,-5.60606325734625E-05,2.3577605932523227E-05,true,0.0005137228525280736,3.5596193356468575E-05,0.00026625516826150886,0.001903154074568647
103,269.16647517681133,R4-VAPOR-SIDE,REGION-4,SaturatedMixture,269.16647517681133,5.431447113618504,0.999999,true,SaturatedMixture,269.16701692611275,5.431521690407953,0.9999996594511802,true,0.0005417493014192587,7.457678944877699E-05,true,0.0005137228525280736,3.5596193356468575E-05,0.00026625516826150886,0.001903154074568647
103,269.16647517681133,R2-SIDE,REGION-2,SuperheatedVapor,269.16647517681133,5.4313927991473685,,true,SuperheatedVapor,269.16564494826355,5.431376399423497,,true,-0.0008302285477839177,-1.6399723871352023E-05,true,0.0005137228525280736,3.5596193356468575E-05,0.00026625516826150886,0.001903154074568647
104,269.1776982307432,R1-SIDE,REGION-1,SubcooledLiquid,269.1776982307432,5.432457982553435,,true,SubcooledLiquid,269.17761711197943,5.432727500618484,,true,-8.111876377370209E-05,0.00026951806504893483,true,0.0005137228525280736,3.5596193356468575E-05,0.00026625516826150886,0.001903154074568647
104,269.1776982307432,R4-LIQUID-SIDE,REGION-4,SaturatedMixture,269.1776982307432,5.43240365851685,1E-06,true,SaturatedMixture,269.1776403939367,5.4324279787687235,9.807224617898754E-07,true,-5.7836806490740855E-05,2.4320251873710674E-05,true,0.0005137228525280736,3.5596193356468575E-05,0.00026625516826150886,0.001903154074568647
104,269.1776982307432,R4-VAPOR-SIDE,REGION-4,SaturatedMixture,269.1776982307432,5.43240365851685,0.999999,true,SaturatedMixture,269.17825700490005,5.432480581868614,0.9999996804303035,true,0.0005587741568433557,7.69233517639023E-05,true,0.0005137228525280736,3.5596193356468575E-05,0.00026625516826150886,0.001903154074568647
104,269.1776982307432,R2-SIDE,REGION-2,SuperheatedVapor,269.1776982307432,5.432349334480265,,true,SuperheatedVapor,269.17686768942986,5.432332893752572,,true,-0.0008305413133484763,-1.6440727693023405E-05,true,0.0005137228525280736,3.5596193356468575E-05,0.00026625516826150886,0.001903154074568647
105,269.2148237466812,R1-SIDE,REGION-1,SubcooledLiquid,269.2148237466812,5.435623151754221,,true,SubcooledLiquid,269.214738182049,5.435912845074036,,true,-8.556463217246346E-05,0.00028969331981443247,true,0.0005137228525280736,3.5596193356468575E-05,0.00026625516826150886,0.001903154074568647
105,269.2148237466812,R4-LIQUID-SIDE,REGION-4,SaturatedMixture,269.2148237466812,5.43556879606626,1E-06,true,SaturatedMixture,269.2147619112476,5.435594816531152,9.793577185969565E-07,true,-6.18354335983895E-05,2.602046489208476E-05,true,0.0005137228525280736,3.5596193356468575E-05,0.00026625516826150886,0.001903154074568647
105,269.2148237466812,R4-VAPOR-SIDE,REGION-4,SaturatedMixture,269.2148237466812,5.43556879606626,0.999999,true,SaturatedMixture,269.21542127642545,5.435651066994392,0.9999997279319879,true,0.0005975297442546434,8.227092813228865E-05,true,0.0005137228525280736,3.5596193356468575E-05,0.00026625516826150886,0.001903154074568647
105,269.2148237466812,R2-SIDE,REGION-2,SuperheatedVapor,269.2148237466812,5.4355144403783,,true,SuperheatedVapor,269.2139932996913,5.43549802380627,,true,-0.0008304469898803291,-1.6416572029775978E-05,true,0.0005137228525280736,3.5596193356468575E-05,0.00026625516826150886,0.001903154074568647
106,269.2245281159875,R1-SIDE,REGION-1,SubcooledLiquid,269.2245281159875,5.436450738569575,,true,SubcooledLiquid,269.22444189174075,5.436743393132357,,true,-8.622424672921625E-05,0.0002926545627817134,true,0.0005137228525280736,3.5596193356468575E-05,0.00026625516826150886,0.001903154074568647
106,269.2245281159875,R4-LIQUID-SIDE,REGION-4,SaturatedMixture,269.2245281159875,5.436396374605828,1E-06,true,SaturatedMixture,269.22446567833003,5.436422645193881,9.791549970744733E-07,true,-6.243765744784469E-05,2.6270588052490496E-05,true,0.0005137228525280736,3.5596193356468575E-05,0.00026625516826150886,0.001903154074568647
106,269.2245281159875,R4-VAPOR-SIDE,REGION-4,SaturatedMixture,269.2245281159875,5.436396374605828,0.999999,true,SaturatedMixture,269.2251313296957,5.436479431932,0.9999997347670675,true,0.0006032137082456757,8.30573261714207E-05,true,0.0005137228525280736,3.5596193356468575E-05,0.00026625516826150886,0.001903154074568647
106,269.2245281159875,R2-SIDE,REGION-2,SuperheatedVapor,269.2245281159875,5.436342010642083,,true,SuperheatedVapor,269.22369740389627,5.436325559365638,,true,-0.0008307120912149912,-1.645127644422928E-05,true,0.0005137228525280736,3.5596193356468575E-05,0.00026625516826150886,0.001903154074568647
107,269.286198878288,R1-SIDE,REGION-1,SubcooledLiquid,269.286198878288,5.4417122584454365,,true,SubcooledLiquid,269.2861133321785,5.4420013559862745,,true,-8.554610951705399E-05,0.00028909754083805694,true,0.0005137228525280736,3.5596193356468575E-05,0.00026625516826150886,0.001903154074568647
107,269.286198878288,R4-LIQUID-SIDE,REGION-4,SaturatedMixture,269.286198878288,5.441657841867017,1E-06,true,SaturatedMixture,269.2861370707784,5.441683833545425,9.793490743131494E-07,true,-6.180750960993464E-05,2.5991678407777385E-05,true,0.0005137228525280736,3.5596193356468575E-05,0.00026625516826150886,0.001903154074568647
107,269.286198878288,R4-VAPOR-SIDE,REGION-4,SaturatedMixture,269.286198878288,5.441657841867017,0.999999,true,SaturatedMixture,269.2867953625531,5.441739992436613,0.9999997272633995,true,0.0005964842650882929,8.215056959581801E-05,true,0.0005137228525280736,3.5596193356468575E-05,0.00026625516826150886,0.001903154074568647
107,269.286198878288,R2-SIDE,REGION-2,SuperheatedVapor,269.286198878288,5.441603425288599,,true,SuperheatedVapor,269.28536801799737,5.4415869709807065,,true,-0.000830860290648161,-1.6454307892210807E-05,true,0.0005137228525280736,3.5596193356468575E-05,0.00026625516826150886,0.001903154074568647
108,269.3115269780159,R1-SIDE,REGION-1,SubcooledLiquid,269.3115269780159,5.44387428362823,,true,SubcooledLiquid,269.3114441495468,5.44415072906055,,true,-8.282846908969077E-05,0.00027644543231986063,true,0.0005137228525280736,3.5596193356468575E-05,0.00026625516826150886,0.001903154074568647
108,269.3115269780159,R4-LIQUID-SIDE,REGION-4,SaturatedMixture,269.3115269780159,5.4438198454297755,1E-06,true,SaturatedMixture,269.3114676585385,5.443844786751954,9.801728190623814E-07,true,-5.931947737281007E-05,2.4941322178229086E-05,true,0.0005137228525280736,3.5596193356468575E-05,0.00026625516826150886,0.001903154074568647
108,269.3115269780159,R4-VAPOR-SIDE,REGION-4,SaturatedMixture,269.3115269780159,5.4438198454297755,0.999999,true,SaturatedMixture,269.3120992183575,5.443898665139167,0.9999996978816096,true,0.0005722403416257293,7.88197093912757E-05,true,0.0005137228525280736,3.5596193356468575E-05,0.00026625516826150886,0.001903154074568647
108,269.3115269780159,R2-SIDE,REGION-2,SuperheatedVapor,269.3115269780159,5.4437654072313215,,true,SuperheatedVapor,269.31069617894286,5.4437489689847816,,true,-0.000830799073014532,-1.643824653996262E-05,true,0.0005137228525280736,3.5596193356468575E-05,0.00026625516826150886,0.001903154074568647
109,269.34476251006106,R1-SIDE,REGION-1,SubcooledLiquid,269.34476251006106,5.446712287971356,,true,SubcooledLiquid,269.34468540355385,5.446962256861364,,true,-7.710650720582635E-05,0.0002499688900083896,true,0.0005137228525280736,3.5596193356468575E-05,0.00026625516826150886,0.001903154074568647
109,269.34476251006106,R4-LIQUID-SIDE,REGION-4,SaturatedMixture,269.34476251006106,5.446657821393141,1E-06,true,SaturatedMixture,269.3447084427502,5.446680559056524,9.819114642480067E-07,true,-5.4067310884420294E-05,2.2737663383232132E-05,true,0.0005137228525280736,3.5596193356468575E-05,0.00026625516826150886,0.001903154074568647
109,269.34476251006106,R4-VAPOR-SIDE,REGION-4,SaturatedMixture,269.34476251006106,5.446657821393141,0.999999,true,SaturatedMixture,269.3452839847065,5.446729658558208,0.9999996361373799,true,0.0005214746454385022,7.183716506720117E-05,true,0.0005137228525280736,3.5596193356468575E-05,0.00026625516826150886,0.001903154074568647
109,269.34476251006106,R2-SIDE,REGION-2,SuperheatedVapor,269.34476251006106,5.446603354814927,,true,SuperheatedVapor,269.3439312121741,5.446586855546972,,true,-0.0008312978869753351,-1.6499267955438768E-05,true,0.0005137228525280736,3.5596193356468575E-05,0.00026625516826150886,0.001903154074568647
110,269.35565841197956,R1-SIDE,REGION-1,SubcooledLiquid,269.35565841197956,5.44764294217726,,true,SubcooledLiquid,269.355583714152,5.447881793127949,,true,-7.46978275856236E-05,0.00023885095068898465,true,0.0005137228525280736,3.5596193356468575E-05,0.00026625516826150886,0.001903154074568647
110,269.35565841197956,R4-LIQUID-SIDE,REGION-4,SaturatedMixture,269.35565841197956,5.447588466292596,1E-06,true,SaturatedMixture,269.3556065473814,5.447610276691629,9.82645051534066E-07,true,-5.186459816286515E-05,2.181039903259574E-05,true,0.0005137228525280736,3.5596193356468575E-05,0.00026625516826150886,0.001903154074568647
110,269.35565841197956,R4-VAPOR-SIDE,REGION-4,SaturatedMixture,269.35565841197956,5.447588466292596,0.999999,true,SaturatedMixture,269.35615856407946,5.447657369252794,0.9999996101670408,true,0.0005001520999030618,6.890296019790298E-05,true,0.0005137228525280736,3.5596193356468575E-05,0.00026625516826150886,0.001903154074568647
110,269.35565841197956,R2-SIDE,REGION-2,SuperheatedVapor,269.35565841197956,5.447533990407933,,true,SuperheatedVapor,269.3548271813228,5.447517503844734,,true,-0.0008312306567859196,-1.6486563199080706E-05,true,0.0005137228525280736,3.5596193356468575E-05,0.00026625516826150886,0.001903154074568647
111,269.35622538924224,R1-SIDE,REGION-1,SubcooledLiquid,269.35622538924224,5.447691372861352,,true,SubcooledLiquid,269.3561508239553,5.447929612344085,,true,-7.456528692273423E-05,0.0002382394827327161,true,0.0005137228525280736,3.5596193356468575E-05,0.00026625516826150886,0.001903154074568647
111,269.35622538924224,R4-LIQUID-SIDE,REGION-4,SaturatedMixture,269.35622538924224,5.447636896492387,1E-06,true,SaturatedMixture,269.3561736586686,5.447658656972652,9.82684395307015E-07,true,-5.173057365936984E-05,2.17604802648097E-05,true,0.0005137228525280736,3.5596193356468575E-05,0.00026625516826150886,0.001903154074568647
111,269.35622538924224,R4-VAPOR-SIDE,REGION-4,SaturatedMixture,269.35622538924224,5.447636896492387,0.999999,true,SaturatedMixture,269.3567243722488,5.4477056383648055,0.9999996088022118,true,0.000498983006536946,6.874187241834306E-05,true,0.0005137228525280736,3.5596193356468575E-05,0.00026625516826150886,0.001903154074568647
111,269.35622538924224,R2-SIDE,REGION-2,SuperheatedVapor,269.35622538924224,5.447582420123423,,true,SuperheatedVapor,269.3553941031744,5.44756592586658,,true,-0.0008312860678643119,-1.6494256843024857E-05,true,0.0005137228525280736,3.5596193356468575E-05,0.00026625516826150886,0.001903154074568647
112,269.3710194945336,R1-SIDE,REGION-1,SubcooledLiquid,269.3710194945336,5.448955188140975,,true,SubcooledLiquid,269.3709486395187,5.449176321207141,,true,-7.085501488290902E-05,0.00022113306616677875,true,0.0005137228525280736,3.5596193356468575E-05,0.00026625516826150886,0.001903154074568647
112,269.3710194945336,R4-LIQUID-SIDE,REGION-4,SaturatedMixture,269.3710194945336,5.448900699133983,1E-06,true,SaturatedMixture,269.3709711618079,5.448921032412176,9.838148195605032E-07,true,-4.833272566884261E-05,2.0333278193618298E-05,true,0.0005137228525280736,3.5596193356468575E-05,0.00026625516826150886,0.001903154074568647
112,269.3710194945336,R4-VAPOR-SIDE,REGION-4,SaturatedMixture,269.3710194945336,5.448900699133983,0.999999,true,SaturatedMixture,269.37148567402653,5.448964925465068,0.9999995689463591,true,0.00046617949294613936,6.422633108549292E-05,true,0.0005137228525280736,3.5596193356468575E-05,0.00026625516826150886,0.001903154074568647
112,269.3710194945336,R2-SIDE,REGION-2,SuperheatedVapor,269.3710194945336,5.448846210126992,,true,SuperheatedVapor,269.3701883964512,5.448829746857653,,true,-0.0008310980823580394,-1.6463269338906628E-05,true,0.0005137228525280736,3.5596193356468575E-05,0.00026625516826150886,0.001903154074568647
113,269.3758408248424,R1-SIDE,REGION-1,SubcooledLiquid,269.3758408248424,5.449367108043551,,true,SubcooledLiquid,269.375771283827,5.449582187132298,,true,-6.954101536393864E-05,0.00021507908874696113,true,0.0005137228525280736,3.5596193356468575E-05,0.00026625516826150886,0.001903154074568647
113,269.3758408248424,R4-LIQUID-SIDE,REGION-4,SaturatedMixture,269.3758408248424,5.449312614917401,1E-06,true,SaturatedMixture,269.3757936821005,5.449332441763912,9.842164320539286E-07,true,-4.714274189154821E-05,1.9826846510362373E-05,true,0.0005137228525280736,3.5596193356468575E-05,0.00026625516826150886,0.001903154074568647
113,269.3758408248424,R4-VAPOR-SIDE,REGION-4,SaturatedMixture,269.3758408248424,5.449312614917401,0.999999,true,SaturatedMixture,269.37629538776605,5.449375242289396,0.9999995547197991,true,0.00045456292366452544,6.262737199502766E-05,true,0.0005137228525280736,3.5596193356468575E-05,0.00026625516826150886,0.001903154074568647
113,269.3758408248424,R2-SIDE,REGION-2,SuperheatedVapor,269.3758408248424,5.449258121791252,,true,SuperheatedVapor,269.3750094751118,5.44924162422758,,true,-0.0008313497305607598,-1.649756367250177E-05,true,0.0005137228525280736,3.5596193356468575E-05,0.00026625516826150886,0.001903154074568647
114,269.38479275703435,R1-SIDE,REGION-1,SubcooledLiquid,269.38479275703435,5.450131997156127,,true,SubcooledLiquid,269.3847257924708,5.450335211191428,,true,-6.69645635298366E-05,0.00020321403530054738,true,0.0005137228525280736,3.5596193356468575E-05,0.00026625516826150886,0.001903154074568647
114,269.38479275703435,R4-LIQUID-SIDE,REGION-4,SaturatedMixture,269.38479275703435,5.450077496381163,1E-06,true,SaturatedMixture,269.38474797561605,5.450096332814056,9.85001886466642E-07,true,-4.478141829622473E-05,1.8836432892577193E-05,true,0.0005137228525280736,3.5596193356468575E-05,0.00026625516826150886,0.001903154074568647
114,269.38479275703435,R4-VAPOR-SIDE,REGION-4,SaturatedMixture,269.38479275703435,5.450077496381163,0.999999,true,SaturatedMixture,269.38522457631484,5.450136991634064,0.9999995272546408,true,0.00043181928049307317,5.9495252901164974E-05,true,0.0005137228525280736,3.5596193356468575E-05,0.00026625516826150886,0.001903154074568647
114,269.38479275703435,R2-SIDE,REGION-2,SuperheatedVapor,269.38479275703435,5.4500229956062,,true,SuperheatedVapor,269.3839612585265,5.45000647955523,,true,-0.0008314985078641257,-1.651605096952835E-05,true,0.0005137228525280736,3.5596193356468575E-05,0.00026625516826150886,0.001903154074568647
115,269.40271410346065,R1-SIDE,REGION-1,SubcooledLiquid,269.40271410346065,5.45166351544765,,true,SubcooledLiquid,269.40265283088934,5.45184053789524,,true,-6.1272571315385E-05,0.00017702244759032482,true,0.0005137228525280736,3.5596193356468575E-05,0.00026625516826150886,0.001903154074568647
115,269.40271410346065,R4-LIQUID-SIDE,REGION-4,SaturatedMixture,269.40271410346065,5.4516089993576555,1E-06,true,SaturatedMixture,269.40267450147815,5.451625645276531,9.867411785420599E-07,true,-3.9601982507520006E-05,1.6645918875290988E-05,true,0.0005137228525280736,3.5596193356468575E-05,0.00026625516826150886,0.001903154074568647
115,269.40271410346065,R4-VAPOR-SIDE,REGION-4,SaturatedMixture,269.40271410346065,5.4516089993576555,0.999999,true,SaturatedMixture,269.40309566476935,5.451661574729604,0.9999994657465564,true,0.0003815613086999292,5.257537194847117E-05,true,0.0005137228525280736,3.5596193356468575E-05,0.00026625516826150886,0.001903154074568647
115,269.40271410346065,R2-SIDE,REGION-2,SuperheatedVapor,269.40271410346065,5.451554483267662,,true,SuperheatedVapor,269.4018822469236,5.451537921637826,,true,-0.0008318565370473152,-1.656162983643128E-05,true,0.0005137228525280736,3.5596193356468575E-05,0.00026625516826150886,0.001903154074568647
116,269.4203418850898,R1-SIDE,REGION-1,SubcooledLiquid,269.4203418850898,5.453170266904046,,true,SubcooledLiquid,269.4202869063347,5.453318355440717,,true,-5.497875508808647E-05,0.00014808853667158672,true,0.0005137228525280736,3.5596193356468575E-05,0.00026625516826150886,0.001903154074568647
116,269.4203418850898,R4-LIQUID-SIDE,REGION-4,SaturatedMixture,269.4203418850898,5.453115735746688,1E-06,true,SaturatedMixture,269.42030805106026,5.453129963923715,9.886624463634274E-07,true,-3.3834029522950004E-05,1.4228177026787137E-05,true,0.0005137228525280736,3.5596193356468575E-05,0.00026625516826150886,0.001903154074568647
116,269.4203418850898,R4-VAPOR-SIDE,REGION-4,SaturatedMixture,269.4203418850898,5.453115735746688,0.999999,true,SaturatedMixture,269.4206679392544,5.453160665996412,0.9999993980667575,true,0.00032605416458864056,4.493024972429538E-05,true,0.0005137228525280736,3.5596193356468575E-05,0.00026625516826150886,0.001903154074568647
116,269.4203418850898,R2-SIDE,REGION-2,SuperheatedVapor,269.4203418850898,5.45306120458933,,true,SuperheatedVapor,269.41950971643314,5.453044603791059,,true,-0.0008321686566432618,-1.660079827114913E-05,true,0.0005137228525280736,3.5596193356468575E-05,0.00026625516826150886,0.001903154074568647
117,269.4265326142312,R1-SIDE,REGION-1,SubcooledLiquid,269.4265326142312,5.453699500822253,,true,SubcooledLiquid,269.4264800093987,5.453836682065021,,true,-5.2604832490033004E-05,0.00013718124276795862,true,0.0005137228525280736,3.5596193356468575E-05,0.00026625516826150886,0.001903154074568647
117,269.4265326142312,R4-LIQUID-SIDE,REGION-4,SaturatedMixture,269.4265326142312,5.453644964372609,1E-06,true,SaturatedMixture,269.42650094004375,5.453658279469845,9.893887176653785E-07,true,-3.1674187425778655E-05,1.3315097236343831E-05,true,0.0005137228525280736,3.5596193356468575E-05,0.00026625516826150886,0.001903154074568647
117,269.4265326142312,R4-VAPOR-SIDE,REGION-4,SaturatedMixture,269.4265326142312,5.453644964372609,0.999999,true,SaturatedMixture,269.42683775353544,5.453687013038985,0.999999372734077,true,0.00030513930425968283,4.2048666376359733E-05,true,0.0005137228525280736,3.5596193356468575E-05,0.00026625516826150886,0.001903154074568647
117,269.4265326142312,R2-SIDE,REGION-2,SuperheatedVapor,269.4265326142312,5.453590427922966,,true,SuperheatedVapor,269.4257010659999,5.453573917000792,,true,-0.0008315482313037137,-1.651092217347383E-05,true,0.0005137228525280736,3.5596193356468575E-05,0.00026625516826150886,0.001903154074568647
118,269.43838264346107,R1-SIDE,REGION-1,SubcooledLiquid,269.43838264346107,5.454712647159444,,true,SubcooledLiquid,269.4383348199086,5.454827868985663,,true,-4.782355244969949E-05,0.00011522182621881427,true,0.0005137228525280736,3.5596193356468575E-05,0.00026625516826150886,0.001903154074568647
118,269.43838264346107,R4-LIQUID-SIDE,REGION-4,SaturatedMixture,269.43838264346107,5.454658100578438,1E-06,true,SaturatedMixture,269.43835534832135,5.454669579397861,9.908496399080181E-07,true,-2.7295139716443373E-05,1.1478819422983122E-05,true,0.0005137228525280736,3.5596193356468575E-05,0.00026625516826150886,0.001903154074568647
118,269.43838264346107,R4-VAPOR-SIDE,REGION-4,SaturatedMixture,269.43838264346107,5.454658100578438,0.999999,true,SaturatedMixture,269.4386456456042,5.454694344667826,0.9999993212266287,true,0.00026300214312868775,3.6244089387516E-05,true,0.0005137228525280736,3.5596193356468575E-05,0.00026625516826150886,0.001903154074568647
118,269.43838264346107,R2-SIDE,REGION-2,SuperheatedVapor,269.43838264346107,5.4546035539974325,,true,SuperheatedVapor,269.43755068575933,5.45458698839861,,true,-0.0008319577017346091,-1.6565598822460004E-05,true,0.0005137228525280736,3.5596193356468575E-05,0.00026625516826150886,0.001903154074568647
119,269.45672143101694,R1-SIDE,REGION-1,SubcooledLiquid,269.45672143101694,5.4562808485603576,,true,SubcooledLiquid,269.4566816212774,5.456359287739528,,true,-3.980973951911437E-05,7.84391791706085E-05,true,0.0005137228525280736,3.5596193356468575E-05,0.00026625516826150886,0.001903154074568647
119,269.45672143101694,R4-LIQUID-SIDE,REGION-4,SaturatedMixture,269.45672143101694,5.456226286297494,1E-06,true,SaturatedMixture,269.45670144447183,5.4562346854143176,9.933021149491838E-07,true,-1.99865451122605E-05,8.399116823376573E-06,true,0.0005137228525280736,3.5596193356468575E-05,0.00026625516826150886,0.001903154074568647
119,269.45672143101694,R4-VAPOR-SIDE,REGION-4,SaturatedMixture,269.45672143101694,5.456226286297494,0.999999,true,SaturatedMixture,269.45691384832185,5.45625280559317,0.999999234916588,true,0.00019241730490193731,2.65192956758753E-05,true,0.0005137228525280736,3.5596193356468575E-05,0.00026625516826150886,0.001903154074568647
119,269.45672143101694,R2-SIDE,REGION-2,SuperheatedVapor,269.45672143101694,5.456171724034632,,true,SuperheatedVapor,269.45588958212954,5.456155179237236,,true,-0.0008318488874010654,-1.654479739610082E-05,true,0.0005137228525280736,3.5596193356468575E-05,0.00026625516826150886,0.001903154074568647
120,269.475270628929,R1-SIDE,REGION-1,SubcooledLiquid,269.475270628929,5.4578673929170325,,true,SubcooledLiquid,269.4752396845379,5.457905169814572,,true,-3.094439114192937E-05,3.777689753992064E-05,true,0.0005137228525280736,3.5596193356468575E-05,0.00026625516826150886,0.001903154074568647
120,269.475270628929,R4-LIQUID-SIDE,REGION-4,SaturatedMixture,269.475270628929,5.457812814788884,1E-06,true,SaturatedMixture,269.4752587458504,5.457817809355146,9.960154484860286E-07,true,-1.1883078627761279E-05,4.994566261906641E-06,true,0.0005137228525280736,3.5596193356468575E-05,0.00026625516826150886,0.001903154074568647
120,269.475270628929,R4-VAPOR-SIDE,REGION-4,SaturatedMixture,269.475270628929,5.457812814788884,0.999999,true,SaturatedMixture,269.4753850335077,5.457828582958986,0.9999991398426784,true,0.00011440457865319331,1.5768170102070656E-05,true,0.0005137228525280736,3.5596193356468575E-05,0.00026625516826150886,0.001903154074568647
120,269.475270628929,R2-SIDE,REGION-2,SuperheatedVapor,269.475270628929,5.4577582366607365,,true,SuperheatedVapor,269.47443882121,5.457741703130446,,true,-0.0008318077190097029,-1.6533530290629983E-05,true,0.0005137228525280736,3.5596193356468575E-05,0.00026625516826150886,0.001903154074568647
121,269.4799217283727,R1-SIDE,REGION-1,SubcooledLiquid,269.4799217283727,5.45826526457022,,true,SubcooledLiquid,269.4798931267295,5.458292300581544,,true,-2.8601643180081737E-05,2.7036011323922082E-05,true,0.0005137228525280736,3.5596193356468575E-05,0.00026625516826150886,0.001903154074568647
121,269.4799217283727,R4-LIQUID-SIDE,REGION-4,SaturatedMixture,269.4799217283727,5.4582106824633945,1E-06,true,SaturatedMixture,269.4799120061813,5.4582147791344635,9.967311741175327E-07,true,-9.722191407490755E-06,4.096671069042657E-06,true,0.0005137228525280736,3.5596193356468575E-05,0.00026625516826150886,0.001903154074568647
121,269.4799217283727,R4-VAPOR-SIDE,REGION-4,SaturatedMixture,269.4799217283727,5.4582106824633945,0.999999,true,SaturatedMixture,269.48001552052176,5.458223609945957,0.9999991146398898,true,9.379214907312416E-05,1.2927482562652415E-05,true,0.0005137228525280736,3.5596193356468575E-05,0.00026625516826150886,0.001903154074568647
121,269.4799217283727,R2-SIDE,REGION-2,SuperheatedVapor,269.4799217283727,5.45815610035657,,true,SuperheatedVapor,269.4790893269321,5.458139483854837,,true,-0.0008324014405616253,-1.6616501732791278E-05,true,0.0005137228525280736,3.5596193356468575E-05,0.00026625516826150886,0.001903154074568647
122,269.4845352351666,R1-SIDE,REGION-1,SubcooledLiquid,269.4845352351666,5.4586599422922175,,true,SubcooledLiquid,269.48450900480225,5.458676108385005,,true,-2.6230364369439485E-05,1.6166092787095465E-05,true,0.0005137228525280736,3.5596193356468575E-05,0.00026625516826150886,0.001903154074568647
122,269.4845352351666,R4-LIQUID-SIDE,REGION-4,SaturatedMixture,269.4845352351666,5.458605356238655,1E-06,true,SaturatedMixture,269.4845276539155,5.458608540181983,9.974594746131535E-07,true,-7.581251111332676E-06,3.183943327655925E-06,true,0.0005137228525280736,3.5596193356468575E-05,0.00026625516826150886,0.001903154074568647
122,269.4845352351666,R4-VAPOR-SIDE,REGION-4,SaturatedMixture,269.4845352351666,5.458605356238655,0.999999,true,SaturatedMixture,269.4846081698114,5.458615408995481,0.9999990891813977,true,7.293464477697853E-05,1.0052756826084419E-05,true,0.0005137228525280736,3.5596193356468575E-05,0.00026625516826150886,0.001903154074568647
122,269.4845352351666,R2-SIDE,REGION-2,SuperheatedVapor,269.4845352351666,5.458550770185092,,true,SuperheatedVapor,269.48370319938977,5.458534206976025,,true,-0.0008320357768525355,-1.6563209067399498E-05,true,0.0005137228525280736,3.5596193356468575E-05,0.00026625516826150886,0.001903154074568647
123,269.4921368777751,R1-SIDE,REGION-1,SubcooledLiquid,269.4921368777751,5.459310297522943,,true,SubcooledLiquid,269.492114657677,5.459308084487403,,true,-2.222009811703174E-05,-2.2130355397109724E-06,true,0.0005137228525280736,3.5596193356468575E-05,0.00026625516826150886,0.001903154074568647
123,269.4921368777751,R4-LIQUID-SIDE,REGION-4,SaturatedMixture,269.4921368777751,5.4592557049658925,1E-06,true,SaturatedMixture,269.49213296175003,5.459257349222938,9.986878104414042E-07,true,-3.9160250935310614E-06,1.6442570451857819E-06,true,0.0005137228525280736,3.5596193356468575E-05,0.00026625516826150886,0.001903154074568647
123,269.4921368777751,R4-VAPOR-SIDE,REGION-4,SaturatedMixture,269.4921368777751,5.4592557049658925,0.999999,true,SaturatedMixture,269.4921745445579,5.459260896653518,0.9999990461153265,true,3.766678275951563E-05,5.191687625583086E-06,true,0.0005137228525280736,3.5596193356468575E-05,0.00026625516826150886,0.001903154074568647
123,269.4921368777751,R2-SIDE,REGION-2,SuperheatedVapor,269.4921368777751,5.459201112408843,,true,SuperheatedVapor,269.4913051470662,5.459184594754083,,true,-0.0008317307089100723,-1.651765476040623E-05,true,0.0005137228525280736,3.5596193356468575E-05,0.00026625516826150886,0.001903154074568647
124,269.49399043321625,R1-SIDE,REGION-1,SubcooledLiquid,269.49399043321625,5.4594688866249665,,true,SubcooledLiquid,269.49396921043194,5.459462103614611,,true,-2.1222784312158183E-05,-6.7830103551713705E-06,true,0.0005137228525280736,3.5596193356468575E-05,0.00026625516826150886,0.001903154074568647
124,269.49399043321625,R4-LIQUID-SIDE,REGION-4,SaturatedMixture,269.49399043321625,5.459414292482041,1E-06,true,SaturatedMixture,269.4939874410629,5.459415554909105,9.989923315478716E-07,true,-2.992153326886182E-06,1.262427064219196E-06,true,0.0005137228525280736,3.5596193356468575E-05,0.00026625516826150886,0.001903154074568647
124,269.49399043321625,R4-VAPOR-SIDE,REGION-4,SaturatedMixture,269.49399043321625,5.459414292482041,0.999999,true,SaturatedMixture,269.49401932452736,5.45941827488843,0.9999990353012087,true,2.8891311103507178E-05,3.982406388658433E-06,true,0.0005137228525280736,3.5596193356468575E-05,0.00026625516826150886,0.001903154074568647
124,269.49399043321625,R2-SIDE,REGION-2,SuperheatedVapor,269.49399043321625,5.459359698339116,,true,SuperheatedVapor,269.493158618121,5.459343169236879,,true,-0.0008318150952391079,-1.652910223715054E-05,true,0.0005137228525280736,3.5596193356468575E-05,0.00026625516826150886,0.001903154074568647
125,269.5075922548773,R1-SIDE,REGION-1,SubcooledLiquid,269.5075922548773,5.460632758023951,,true,SubcooledLiquid,269.50757017451065,5.4606298744580295,,true,-2.208036664796964E-05,-2.8835659211523534E-06,true,0.0005137228525280736,3.5596193356468575E-05,0.00026625516826150886,0.001903154074568647
125,269.5075922548773,R4-LIQUID-SIDE,REGION-4,SaturatedMixture,269.5075922548773,5.4605781522424275,1E-06,true,SaturatedMixture,269.5075884632397,5.460579743397416,9.987244308597835E-07,true,-3.791637595895736E-06,1.5911549882119402E-06,true,0.0005137228525280736,3.5596193356468575E-05,0.00026625516826150886,0.001903154074568647
125,269.5075922548773,R4-VAPOR-SIDE,REGION-4,SaturatedMixture,269.5075922548773,5.4605781522424275,0.999999,true,SaturatedMixture,269.50762874164013,5.4605832001693155,0.9999990449379558,true,3.648676283773966E-05,5.047926888046561E-06,true,0.0005137228525280736,3.5596193356468575E-05,0.00026625516826150886,0.001903154074568647
125,269.5075922548773,R2-SIDE,REGION-2,SuperheatedVapor,269.5075922548773,5.460523546460905,,true,SuperheatedVapor,269.5067603656188,5.460507010807806,,true,-0.0008318892585066351,-1.6535653099225556E-05,true,0.0005137228525280736,3.5596193356468575E-05,0.00026625516826150886,0.001903154074568647
126,269.512844836712,R1-SIDE,REGION-1,SubcooledLiquid,269.512844836712,5.461082258066538,,true,SubcooledLiquid,269.5128199508024,5.461092205733783,,true,-2.4885909624572378E-05,9.947667244603053E-06,true,0.0005137228525280736,3.5596193356468575E-05,0.00026625516826150886,0.001903154074568647
126,269.512844836712,R4-LIQUID-SIDE,REGION-4,SaturatedMixture,269.512844836712,5.4610276477900594,1E-06,true,SaturatedMixture,269.51283850716334,5.461030312536776,9.97863316273578E-07,true,-6.329548682515451E-06,2.664746716618538E-06,true,0.0005137228525280736,3.5596193356468575E-05,0.00026625516826150886,0.001903154074568647
126,269.512844836712,R4-VAPOR-SIDE,REGION-4,SaturatedMixture,269.512844836712,5.4610276477900594,0.999999,true,SaturatedMixture,269.51290590741894,5.461036096959854,0.9999990752552425,true,6.107070691996341E-05,8.44916979492183E-06,true,0.0005137228525280736,3.5596193356468575E-05,0.00026625516826150886,0.001903154074568647
126,269.512844836712,R2-SIDE,REGION-2,SuperheatedVapor,269.512844836712,5.460973037513582,,true,SuperheatedVapor,269.51201297908517,5.460956507887574,,true,-0.0008318576268493416,-1.6529626007510956E-05,true,0.0005137228525280736,3.5596193356468575E-05,0.00026625516826150886,0.001903154074568647
127,269.5298897445201,R1-SIDE,REGION-1,SubcooledLiquid,269.5298897445201,5.462541104242954,,true,SubcooledLiquid,269.5298561763136,5.46259074537467,,true,-3.356820650424197E-05,4.964113171634921E-05,true,0.0005137228525280736,3.5596193356468575E-05,0.00026625516826150886,0.001903154074568647
127,269.5298897445201,R4-LIQUID-SIDE,REGION-4,SaturatedMixture,269.5298897445201,5.46248647937816,1E-06,true,SaturatedMixture,269.52987547879945,5.462492459093849,9.952041471107448E-07,true,-1.4265720665207482E-05,5.979715689719001E-06,true,0.0005137228525280736,3.5596193356468575E-05,0.00026625516826150886,0.001903154074568647
127,269.5298897445201,R4-VAPOR-SIDE,REGION-4,SaturatedMixture,269.5298897445201,5.46248647937816,0.999999,true,SaturatedMixture,269.5300268505408,5.462505450115669,0.9999991687585855,true,0.00013710602070204914,1.897073750978251E-05,true,0.0005137228525280736,3.5596193356468575E-05,0.00026625516826150886,0.001903154074568647
127,269.5298897445201,R2-SIDE,REGION-2,SuperheatedVapor,269.5298897445201,5.462431854513366,,true,SuperheatedVapor,269.52905782854225,5.462415321588989,,true,-0.0008319159778693574,-1.653292437708842E-05,true,0.0005137228525280736,3.5596193356468575E-05,0.00026625516826150886,0.001903154074568647
128,269.53180425763105,R1-SIDE,REGION-1,SubcooledLiquid,269.53180425763105,5.462704982919726,,true,SubcooledLiquid,269.53176975450776,5.462758896811535,,true,-3.450312328823202E-05,5.391389180964268E-05,true,0.0005137228525280736,3.5596193356468575E-05,0.00026625516826150886,0.001903154074568647
128,269.53180425763105,R4-LIQUID-SIDE,REGION-4,SaturatedMixture,269.53180425763105,5.4626503564161615,1E-06,true,SaturatedMixture,269.5317891368502,5.462656693007597,9.949177536143974E-07,true,-1.5120780858524085E-05,6.336591435562866E-06,true,0.0005137228525280736,3.5596193356468575E-05,0.00026625516826150886,0.001903154074568647
128,269.53180425763105,R4-VAPOR-SIDE,REGION-4,SaturatedMixture,269.53180425763105,5.4626503564161615,0.999999,true,SaturatedMixture,269.53194956310574,5.462670461105729,0.9999991790768127,true,0.00014530547468893928,2.010468956736844E-05,true,0.0005137228525280736,3.5596193356468575E-05,0.00026625516826150886,0.001903154074568647
128,269.53180425763105,R2-SIDE,REGION-2,SuperheatedVapor,269.53180425763105,5.462595729912597,,true,SuperheatedVapor,269.53097233138465,5.462579196087597,,true,-0.000831926246405601,-1.6533825000664137E-05,true,0.0005137228525280736,3.5596193356468575E-05,0.00026625516826150886,0.001903154074568647
129,269.53814047574997,R1-SIDE,REGION-1,SubcooledLiquid,269.53814047574997,5.463247377896969,,true,SubcooledLiquid,269.53810293649326,5.463315165430444,,true,-3.753925670935132E-05,6.778753347536082E-05,true,0.0005137228525280736,3.5596193356468575E-05,0.00026625516826150886,0.001903154074568647
129,269.53814047574997,R4-LIQUID-SIDE,REGION-4,SaturatedMixture,269.53814047574997,5.463192745969509,1E-06,true,SaturatedMixture,269.53812259625363,5.463200243003377,9.939860907889801E-07,true,-1.7879496340356127E-05,7.4970338683755244E-06,true,0.0005137228525280736,3.5596193356468575E-05,0.00026625516826150886,0.001903154074568647
129,269.53814047574997,R4-VAPOR-SIDE,REGION-4,SaturatedMixture,269.53814047574997,5.463192745969509,0.999999,true,SaturatedMixture,269.53831235587006,5.463216528548481,0.9999992117284627,true,0.0001718801200922826,2.3782578971953683E-05,true,0.0005137228525280736,3.5596193356468575E-05,0.00026625516826150886,0.001903154074568647
129,269.53814047574997,R2-SIDE,REGION-2,SuperheatedVapor,269.53814047574997,5.463138114042049,,true,SuperheatedVapor,269.53730804201837,5.463121509935569,,true,-0.0008324337316025776,-1.660410647996713E-05,true,0.0005137228525280736,3.5596193356468575E-05,0.00026625516826150886,0.001903154074568647
130,269.55084462165814,R1-SIDE,REGION-1,SubcooledLiquid,269.55084462165814,5.464335006150141,,true,SubcooledLiquid,269.550801263523,5.464429373554522,,true,-4.335813514444453E-05,9.436740438140134E-05,true,0.0005137228525280736,3.5596193356468575E-05,0.00026625516826150886,0.001903154074568647
130,269.55084462165814,R4-LIQUID-SIDE,REGION-4,SaturatedMixture,269.55084462165814,5.464280363346507,1E-06,true,SaturatedMixture,269.55082143605966,5.464290082518129,9.9220148095721E-07,true,-2.3185598479358305E-05,9.719171622180056E-06,true,0.0005137228525280736,3.5596193356468575E-05,0.00026625516826150886,0.001903154074568647
130,269.55084462165814,R4-VAPOR-SIDE,REGION-4,SaturatedMixture,269.55084462165814,5.464280363346507,0.999999,true,SaturatedMixture,269.55106742331634,5.4643111936303885,0.9999992744168515,true,0.00022280165819665854,3.083028388140008E-05,true,0.0005137228525280736,3.5596193356468575E-05,0.00026625516826150886,0.001903154074568647
130,269.55084462165814,R2-SIDE,REGION-2,SuperheatedVapor,269.55084462165814,5.464225720542874,,true,SuperheatedVapor,269.55001260678273,5.464209179698049,,true,-0.0008320148754137335,-1.6540844825385648E-05,true,0.0005137228525280736,3.5596193356468575E-05,0.00026625516826150886,0.001903154074568647
131,269.5699443995951,R1-SIDE,REGION-1,SubcooledLiquid,269.5699443995951,5.46597048883064,,true,SubcooledLiquid,269.56989296780284,5.466101712247408,,true,-5.143179225797212E-05,0.000131223416767412,true,0.0005137228525280736,3.5596193356468575E-05,0.00026625516826150886,0.001903154074568647
131,269.5699443995951,R4-LIQUID-SIDE,REGION-4,SaturatedMixture,269.5699443995951,5.465915829672343,1E-06,true,SaturatedMixture,269.5699138567137,5.465928631769838,9.897235707851188E-07,true,-3.05428814044717E-05,1.2802097494990505E-05,true,0.0005137228525280736,3.5596193356468575E-05,0.00026625516826150886,0.001903154074568647
131,269.5699443995951,R4-VAPOR-SIDE,REGION-4,SaturatedMixture,269.5699443995951,5.465915829672343,0.999999,true,SaturatedMixture,269.570237820776,5.465956435005533,0.9999993614999504,true,0.0002934211809133558,4.060533319005799E-05,true,0.0005137228525280736,3.5596193356468575E-05,0.00026625516826150886,0.001903154074568647
131,269.5699443995951,R2-SIDE,REGION-2,SuperheatedVapor,269.5699443995951,5.465861170514047,,true,SuperheatedVapor,269.56911228007243,5.465844620388031,,true,-0.0008321195226699274,-1.6550126015424382E-05,true,0.0005137228525280736,3.5596193356468575E-05,0.00026625516826150886,0.001903154074568647
132,269.5759793758393,R1-SIDE,REGION-1,SubcooledLiquid,269.5759793758393,5.466487331653491,,true,SubcooledLiquid,269.57592556149837,5.466629425428539,,true,-5.3814340958524554E-05,0.00014209377504759146,true,0.0005137228525280736,3.5596193356468575E-05,0.00026625516826150886,0.001903154074568647
132,269.5759793758393,R4-LIQUID-SIDE,REGION-4,SaturatedMixture,269.5759793758393,5.466432667326818,1E-06,true,SaturatedMixture,269.57594666432817,5.4664463792352365,9.889917941929758E-07,true,-3.271151115313842E-05,1.3711908418478913E-05,true,0.0005137228525280736,3.5596193356468575E-05,0.00026625516826150886,0.001903154074568647
132,269.5759793758393,R4-VAPOR-SIDE,REGION-4,SaturatedMixture,269.5759793758393,5.466432667326818,0.999999,true,SaturatedMixture,269.57629362911644,5.4664761564386986,0.9999993872363774,true,0.00031425327711076534,4.348911188056803E-05,true,0.0005137228525280736,3.5596193356468575E-05,0.00026625516826150886,0.001903154074568647
132,269.5759793758393,R2-SIDE,REGION-2,SuperheatedVapor,269.5759793758393,5.466378003000145,,true,SuperheatedVapor,269.5751469927915,5.466361417163006,,true,-0.0008323830478502714,-1.6585837138372028E-05,true,0.0005137228525280736,3.5596193356468575E-05,0.00026625516826150886,0.001903154074568647
133,269.58908331394184,R1-SIDE,REGION-1,SubcooledLiquid,269.58908331394184,5.467609697582076,,true,SubcooledLiquid,269.58902460493243,5.467774113483534,,true,-5.8709009408630664E-05,0.00016441590145799267,true,0.0005137228525280736,3.5596193356468575E-05,0.00026625516826150886,0.001903154074568647
133,269.58908331394184,R4-LIQUID-SIDE,REGION-4,SaturatedMixture,269.58908331394184,5.467555022031855,1E-06,true,SaturatedMixture,269.5890461414838,5.467570602238684,9.874883779825704E-07,true,-3.717245806456049E-05,1.5580206828680332E-05,true,0.0005137228525280736,3.5596193356468575E-05,0.00026625516826150886,0.001903154074568647
133,269.58908331394184,R4-VAPOR-SIDE,REGION-4,SaturatedMixture,269.58908331394184,5.467555022031855,0.999999,true,SaturatedMixture,269.5894403401272,5.46760443314489,0.9999994399758902,true,0.00035702618538380193,4.941111303491397E-05,true,0.0005137228525280736,3.5596193356468575E-05,0.00026625516826150886,0.001903154074568647
133,269.58908331394184,R2-SIDE,REGION-2,SuperheatedVapor,269.58908331394184,5.467500346481636,,true,SuperheatedVapor,269.5882510761289,5.467483785143274,,true,-0.000832237812915082,-1.656133836203111E-05,true,0.0005137228525280736,3.5596193356468575E-05,0.00026625516826150886,0.001903154074568647
134,269.60824417471883,R1-SIDE,REGION-1,SubcooledLiquid,269.60824417471883,5.469251161973122,,true,SubcooledLiquid,269.6081789956089,5.4694450610737,,true,-6.517910992442921E-05,0.00019389910057832083,true,0.0005137228525280736,3.5596193356468575E-05,0.00026625516826150886,0.001903154074568647
134,269.60824417471883,R4-LIQUID-SIDE,REGION-4,SaturatedMixture,269.60824417471883,5.469196470008422,1E-06,true,SaturatedMixture,269.60820110315535,5.4692145188840176,9.855000056317352E-07,true,-4.307156348204444E-05,1.804887559586632E-05,true,0.0005137228525280736,3.5596193356468575E-05,0.00026625516826150886,0.001903154074568647
134,269.60824417471883,R4-VAPOR-SIDE,REGION-4,SaturatedMixture,269.60824417471883,5.469196470008422,0.999999,true,SaturatedMixture,269.6086577039788,5.469253705268548,0.9999995097438119,true,0.00041352925995852274,5.723526012602065E-05,true,0.0005137228525280736,3.5596193356468575E-05,0.00026625516826150886,0.001903154074568647
134,269.60824417471883,R2-SIDE,REGION-2,SuperheatedVapor,269.60824417471883,5.4691417780437215,,true,SuperheatedVapor,269.6074118060917,5.469125203714593,,true,-0.0008323686271296538,-1.6574329128715704E-05,true,0.0005137228525280736,3.5596193356468575E-05,0.00026625516826150886,0.001903154074568647
135,269.6106666266918,R1-SIDE,REGION-1,SubcooledLiquid,269.6106666266918,5.469458714337857,,true,SubcooledLiquid,269.6106006876968,5.4696560740282125,,true,-6.593899502149725E-05,0.0001973596903557251,true,0.0005137228525280736,3.5596193356468575E-05,0.00026625516826150886,0.001903154074568647
135,269.6106666266918,R4-LIQUID-SIDE,REGION-4,SaturatedMixture,269.6106666266918,5.469404020297653,1E-06,true,SaturatedMixture,269.61062288202163,5.4694223607297925,9.852647664606519E-07,true,-4.374467016532435E-05,1.8340432139218876E-05,true,0.0005137228525280736,3.5596193356468575E-05,0.00026625516826150886,0.001903154074568647
135,269.6106666266918,R4-VAPOR-SIDE,REGION-4,SaturatedMixture,269.6106666266918,5.469404020297653,0.999999,true,SaturatedMixture,269.6110867967352,5.469462174806829,0.9999995180812362,true,0.0004201700434123268,5.815450917534548E-05,true,0.0005137228525280736,3.5596193356468575E-05,0.00026625516826150886,0.001903154074568647
135,269.6106666266918,R2-SIDE,REGION-2,SuperheatedVapor,269.6106666266918,5.469349326257451,,true,SuperheatedVapor,269.60983430613135,5.469332759474471,,true,-0.0008323205604483519,-1.656678297923264E-05,true,0.0005137228525280736,3.5596193356468575E-05,0.00026625516826150886,0.001903154074568647
136,269.627409541607,R1-SIDE,REGION-1,SubcooledLiquid,269.627409541607,5.470893388772006,,true,SubcooledLiquid,269.6273387073385,5.471113029158896,,true,-7.083426851295371E-05,0.00021964038688970788,true,0.0005137228525280736,3.5596193356468575E-05,0.00026625516826150886,0.001903154074568647
136,269.627409541607,R4-LIQUID-SIDE,REGION-4,SaturatedMixture,269.627409541607,5.470838680385202,1E-06,true,SaturatedMixture,269.6273613186514,5.470858886422956,9.837602960391697E-07,true,-4.822295557005418E-05,2.0206037754100237E-05,true,0.0005137228525280736,3.5596193356468575E-05,0.00026625516826150886,0.001903154074568647
136,269.627409541607,R4-VAPOR-SIDE,REGION-4,SaturatedMixture,269.627409541607,5.470838680385202,0.999999,true,SaturatedMixture,269.62787240269915,5.470902748665408,0.9999995706115127,true,0.00046286109215998295,6.406828020555366E-05,true,0.0005137228525280736,3.5596193356468575E-05,0.00026625516826150886,0.001903154074568647
136,269.627409541607,R2-SIDE,REGION-2,SuperheatedVapor,269.627409541607,5.470783971998398,,true,SuperheatedVapor,269.62657702965475,5.470767382895684,,true,-0.0008325119522396562,-1.6589102713737702E-05,true,0.0005137228525280736,3.5596193356468575E-05,0.00026625516826150886,0.001903154074568647
137,269.644376009703,R1-SIDE,REGION-1,SubcooledLiquid,269.644376009703,5.472347512237635,,true,SubcooledLiquid,269.6443008507114,5.472586813407919,,true,-7.515899164900475E-05,0.00023930117028481135,true,0.0005137228525280736,3.5596193356468575E-05,0.00026625516826150886,0.001903154074568647
137,269.644376009703,R4-LIQUID-SIDE,REGION-4,SaturatedMixture,269.644376009703,5.4722927893097415,1E-06,true,SaturatedMixture,269.64432386146234,5.47231464535122,9.824275894398766E-07,true,-5.2148240683891345E-05,2.1856041478862664E-05,true,0.0005137228525280736,3.5596193356468575E-05,0.00026625516826150886,0.001903154074568647
137,269.644376009703,R4-VAPOR-SIDE,REGION-4,SaturatedMixture,269.644376009703,5.4722927893097415,0.999999,true,SaturatedMixture,269.6448765744043,5.472362080267608,0.9999996174907413,true,0.0005005647012694681,6.929095786656347E-05,true,0.0005137228525280736,3.5596193356468575E-05,0.00026625516826150886,0.001903154074568647
137,269.644376009703,R2-SIDE,REGION-2,SuperheatedVapor,269.644376009703,5.472238066381848,,true,SuperheatedVapor,269.6435431396983,5.472221431295453,,true,-0.0008328700047286475,-1.663508639548894E-05,true,0.0005137228525280736,3.5596193356468575E-05,0.00026625516826150886,0.001903154074568647
138,269.6465640187264,R1-SIDE,REGION-1,SubcooledLiquid,269.6465640187264,5.472535058619946,,true,SubcooledLiquid,269.6464883486228,5.472776681546809,,true,-7.567010356979154E-05,0.00024162292686291664,true,0.0005137228525280736,3.5596193356468575E-05,0.00026625516826150886,0.001903154074568647
138,269.6465640187264,R4-LIQUID-SIDE,REGION-4,SaturatedMixture,269.6465640187264,5.472480333816607,1E-06,true,SaturatedMixture,269.6465113925707,5.472502383591744,9.82271149808898E-07,true,-5.262615570700291E-05,2.2049775136423477E-05,true,0.0005137228525280736,3.5596193356468575E-05,0.00026625516826150886,0.001903154074568647
138,269.6465640187264,R4-VAPOR-SIDE,REGION-4,SaturatedMixture,269.6465640187264,5.472480333816607,0.999999,true,SaturatedMixture,269.6470690320715,5.472550241315136,0.9999996229576124,true,0.0005050133451049987,6.990749852864298E-05,true,0.0005137228525280736,3.5596193356468575E-05,0.00026625516826150886,0.001903154074568647
138,269.6465640187264,R2-SIDE,REGION-2,SuperheatedVapor,269.6465640187264,5.4724256090132695,,true,SuperheatedVapor,269.6457313500364,5.472409003219952,,true,-0.0008326686900090863,-1.6605793317303608E-05,true,0.0005137228525280736,3.5596193356468575E-05,0.00026625516826150886,0.001903154074568647
139,269.665693461895,R1-SIDE,REGION-1,SubcooledLiquid,269.665693461895,5.474174958265123,,true,SubcooledLiquid,269.6656137768023,5.474434801247737,,true,-7.968509271449875E-05,0.00025984298261416683,true,0.0005137228525280736,3.5596193356468575E-05,0.00026625516826150886,0.001903154074568647
139,269.665693461895,R4-LIQUID-SIDE,REGION-4,SaturatedMixture,269.665693461895,5.474120217062952,1E-06,true,SaturatedMixture,269.6656371846278,5.47414379684314,9.810331003646598E-07,true,-5.627726716284087E-05,2.3579780187965582E-05,true,0.0005137228525280736,3.5596193356468575E-05,0.00026625516826150886,0.001903154074568647
139,269.665693461895,R4-VAPOR-SIDE,REGION-4,SaturatedMixture,269.665693461895,5.474120217062952,0.999999,true,SaturatedMixture,269.66623339501575,5.474194964796256,0.9999996659821351,true,0.0005399331207627256,7.47477333042923E-05,true,0.0005137228525280736,3.5596193356468575E-05,0.00026625516826150886,0.001903154074568647
139,269.665693461895,R2-SIDE,REGION-2,SuperheatedVapor,269.665693461895,5.474065475860781,,true,SuperheatedVapor,269.6648606213148,5.474048851206712,,true,-0.0008328405801876215,-1.6624654069374856E-05,true,0.0005137228525280736,3.5596193356468575E-05,0.00026625516826150886,0.001903154074568647
140,269.67791057229067,R1-SIDE,REGION-1,SubcooledLiquid,269.67791057229067,5.475222484340766,,true,SubcooledLiquid,269.6778287490554,5.475492012079323,,true,-8.182323529126734E-05,0.0002695277385571515,true,0.0005137228525280736,3.5596193356468575E-05,0.00026625516826150886,0.001903154074568647
140,269.67791057229067,R4-LIQUID-SIDE,REGION-4,SaturatedMixture,269.67791057229067,5.475167732663439,1E-06,true,SaturatedMixture,269.6778523743777,5.475192128554786,9.80371161451792E-07,true,-5.8197912949253805E-05,2.4395891347062104E-05,true,0.0005137228525280736,3.5596193356468575E-05,0.00026625516826150886,0.001903154074568647
140,269.67791057229067,R4-VAPOR-SIDE,REGION-4,SaturatedMixture,269.67791057229067,5.475167732663439,0.999999,true,SaturatedMixture,269.67846907866203,5.475245055334555,0.9999996890255156,true,0.000558506371362455,7.732267111570934E-05,true,0.0005137228525280736,3.5596193356468575E-05,0.00026625516826150886,0.001903154074568647
140,269.67791057229067,R2-SIDE,REGION-2,SuperheatedVapor,269.67791057229067,5.475112980986113,,true,SuperheatedVapor,269.67707745505265,5.475096320514607,,true,-0.0008331172380167118,-1.666047150639116E-05,true,0.0005137228525280736,3.5596193356468575E-05,0.00026625516826150886,0.001903154074568647
141,269.6847838103771,R1-SIDE,REGION-1,SubcooledLiquid,269.6847838103771,5.4758118805031835,,true,SubcooledLiquid,269.6847009302455,5.476086188380638,,true,-8.288013157198293E-05,0.00027430787745430507,true,0.0005137228525280736,3.5596193356468575E-05,0.00026625516826150886,0.001903154074568647
141,269.6847838103771,R4-LIQUID-SIDE,REGION-4,SaturatedMixture,269.6847838103771,5.475757122931954,1E-06,true,SaturatedMixture,269.6847246482249,5.475781920670398,9.800449218426916E-07,true,-5.9162152183489525E-05,2.4797738443993467E-05,true,0.0005137228525280736,3.5596193356468575E-05,0.00026625516826150886,0.001903154074568647
141,269.6847838103771,R4-VAPOR-SIDE,REGION-4,SaturatedMixture,269.6847838103771,5.475757122931954,0.999999,true,SaturatedMixture,269.68535148624517,5.475835717147412,0.9999997004250556,true,0.0005676758680692728,7.85942154575281E-05,true,0.0005137228525280736,3.5596193356468575E-05,0.00026625516826150886,0.001903154074568647
141,269.6847838103771,R2-SIDE,REGION-2,SuperheatedVapor,269.6847838103771,5.475702365360725,,true,SuperheatedVapor,269.6839507801085,5.475685719293204,,true,-0.0008330302686090363,-1.664606752083131E-05,true,0.0005137228525280736,3.5596193356468575E-05,0.00026625516826150886,0.001903154074568647
142,269.69983050823214,R1-SIDE,REGION-1,SubcooledLiquid,269.69983050823214,5.477102338976331,,true,SubcooledLiquid,269.6997456814415,5.4773854317526345,,true,-8.482679061216913E-05,0.0002830927763035618,true,0.0005137228525280736,3.5596193356468575E-05,0.00026625516826150886,0.001903154074568647
142,269.69983050823214,R4-LIQUID-SIDE,REGION-4,SaturatedMixture,269.69983050823214,5.4770475685006454,1E-06,true,SaturatedMixture,269.69976958782706,5.477073107103651,9.794419332496052E-07,true,-6.0920405076103634E-05,2.553860300569255E-05,true,0.0005137228525280736,3.5596193356468575E-05,0.00026625516826150886,0.001903154074568647
142,269.69983050823214,R4-VAPOR-SIDE,REGION-4,SaturatedMixture,269.69983050823214,5.4770475685006454,0.999999,true,SaturatedMixture,269.7004150320297,5.477128500399994,0.9999997212748004,true,0.0005845237975563577,8.093189934843537E-05,true,0.0005137228525280736,3.5596193356468575E-05,0.00026625516826150886,0.001903154074568647
142,269.69983050823214,R2-SIDE,REGION-2,SuperheatedVapor,269.69983050823214,5.476992798024961,,true,SuperheatedVapor,269.69899699968425,5.476976088245102,,true,-0.0008335085478847759,-1.670977985845923E-05,true,0.0005137228525280736,3.5596193356468575E-05,0.00026625516826150886,0.001903154074568647
143,269.7038233816626,R1-SIDE,REGION-1,SubcooledLiquid,269.7038233816626,5.477444821025131,,true,SubcooledLiquid,269.7037381229153,5.4777298579515925,,true,-8.525874727638438E-05,0.00028503692646175693,true,0.0005137228525280736,3.5596193356468575E-05,0.00026625516826150886,0.001903154074568647
143,269.7038233816626,R4-LIQUID-SIDE,REGION-4,SaturatedMixture,269.7038233816626,5.4773900471246595,1E-06,true,SaturatedMixture,269.70376203769945,5.477415747037544,9.793106961106457E-07,true,-6.13439631251822E-05,2.569991288492446E-05,true,0.0005137228525280736,3.5596193356468575E-05,0.00026625516826150886,0.001903154074568647
143,269.7038233816626,R4-VAPOR-SIDE,REGION-4,SaturatedMixture,269.7038233816626,5.4773900471246595,0.999999,true,SaturatedMixture,269.7044116454499,5.477471497657788,0.9999997260781756,true,0.0005882637873355634,8.14505331288018E-05,true,0.0005137228525280736,3.5596193356468575E-05,0.00026625516826150886,0.001903154074568647
143,269.7038233816626,R2-SIDE,REGION-2,SuperheatedVapor,269.7038233816626,5.477335273224188,,true,SuperheatedVapor,269.70299014055684,5.4773186027082135,,true,-0.000833241105738125,-1.6670515974759326E-05,true,0.0005137228525280736,3.5596193356468575E-05,0.00026625516826150886,0.001903154074568647
144,269.7115400552751,R1-SIDE,REGION-1,SubcooledLiquid,269.7115400552751,5.478106752151417,,true,SubcooledLiquid,269.7114540623136,5.478395086428903,,true,-8.599296154443437E-05,0.00028833427748597984,true,0.0005137228525280736,3.5596193356468575E-05,0.00026625516826150886,0.001903154074568647
144,269.7115400552751,R4-LIQUID-SIDE,REGION-4,SaturatedMixture,269.7115400552751,5.4780519716317,1E-06,true,SaturatedMixture,269.7114780820018,5.478077953200239,9.790800019059768E-07,true,-6.197327331847191E-05,2.5981568538391286E-05,true,0.0005137228525280736,3.5596193356468575E-05,0.00026625516826150886,0.001903154074568647
144,269.7115400552751,R4-VAPOR-SIDE,REGION-4,SaturatedMixture,269.7115400552751,5.4780519716317,0.999999,true,SaturatedMixture,269.71213464675657,5.478134300884314,0.9999997339422605,true,0.0005945914814446951,8.23292526135333E-05,true,0.0005137228525280736,3.5596193356468575E-05,0.00026625516826150886,0.001903154074568647
144,269.7115400552751,R2-SIDE,REGION-2,SuperheatedVapor,269.7115400552751,5.477997191111984,,true,SuperheatedVapor,269.7107072150287,5.477980579950503,,true,-0.000832840246403066,-1.661116148099495E-05,true,0.0005137228525280736,3.5596193356468575E-05,0.00026625516826150886,0.001903154074568647
145,269.7228007018567,R1-SIDE,REGION-1,SubcooledLiquid,269.7228007018567,5.479072792513621,,true,SubcooledLiquid,269.72271387540866,5.47936485097937,,true,-8.682644806867756E-05,0.0002920584657486458,true,0.0005137228525280736,3.5596193356468575E-05,0.00026625516826150886,0.001903154074568647
145,269.7228007018567,R4-LIQUID-SIDE,REGION-4,SaturatedMixture,269.7228007018567,5.479018002333597,1E-06,true,SaturatedMixture,269.7227379822107,5.479044300076593,9.78820166971754E-07,true,-6.27196460527557E-05,2.6297742995673445E-05,true,0.0005137228525280736,3.5596193356468575E-05,0.00026625516826150886,0.001903154074568647
145,269.7228007018567,R4-VAPOR-SIDE,REGION-4,SaturatedMixture,269.7228007018567,5.479018002333597,0.999999,true,SaturatedMixture,269.7234024475946,5.479101325808285,0.9999997429173675,true,0.0006017457378675317,8.332347468797963E-05,true,0.0005137228525280736,3.5596193356468575E-05,0.00026625516826150886,0.001903154074568647
145,269.7228007018567,R2-SIDE,REGION-2,SuperheatedVapor,269.7228007018567,5.478963212153574,,true,SuperheatedVapor,269.72196722451224,5.478946513542763,,true,-0.0008334773444858001,-1.669861081143864E-05,true,0.0005137228525280736,3.5596193356468575E-05,0.00026625516826150886,0.001903154074568647
146,269.7417052984239,R1-SIDE,REGION-1,SubcooledLiquid,269.7417052984239,5.480694892698527,,true,SubcooledLiquid,269.74161770774106,5.48099030233567,,true,-8.759068282415683E-05,0.0002954096371423631,true,0.0005137228525280736,3.5596193356468575E-05,0.00026625516826150886,0.001903154074568647
146,269.7417052984239,R4-LIQUID-SIDE,REGION-4,SaturatedMixture,269.7417052984239,5.480640086297664,1E-06,true,SaturatedMixture,269.74164184848905,5.480666667219316,9.785838885812194E-07,true,-6.3449934827986E-05,2.6580921651309097E-05,true,0.0005137228525280736,3.5596193356468575E-05,0.00026625516826150886,0.001903154074568647
146,269.7417052984239,R4-VAPOR-SIDE,REGION-4,SaturatedMixture,269.7417052984239,5.480640086297664,0.999999,true,SaturatedMixture,269.7423134875868,5.480724308613295,0.9999997509689323,true,0.0006081891629037273,8.422231563098848E-05,true,0.0005137228525280736,3.5596193356468575E-05,0.00026625516826150886,0.001903154074568647
146,269.7417052984239,R2-SIDE,REGION-2,SuperheatedVapor,269.7417052984239,5.480585279896801,,true,SuperheatedVapor,269.74087155431357,5.4805685488084785,,true,-0.0008337441103094534,-1.673108832278558E-05,true,0.0005137228525280736,3.5596193356468575E-05,0.00026625516826150886,0.001903154074568647
147,269.74532633423803,R1-SIDE,REGION-1,SubcooledLiquid,269.74532633423803,5.481005635844626,,true,SubcooledLiquid,269.7452386880193,5.481301272555312,,true,-8.7646218730697E-05,0.00029563671068544295,true,0.0005137228525280736,3.5596193356468575E-05,0.00026625516826150886,0.001903154074568647
147,269.74532633423803,R4-LIQUID-SIDE,REGION-4,SaturatedMixture,269.74532633423803,5.480950826336363,1E-06,true,SaturatedMixture,269.74526286134096,5.480977429694461,9.785638063902878E-07,true,-6.347289706809534E-05,2.6603358097787577E-05,true,0.0005137228525280736,3.5596193356468575E-05,0.00026625516826150886,0.001903154074568647
147,269.74532633423803,R4-VAPOR-SIDE,REGION-4,SaturatedMixture,269.74532633423803,5.480950826336363,0.999999,true,SaturatedMixture,269.74593496494106,5.481035110952934,0.9999997515674057,true,0.0006086307030273019,8.428461657139508E-05,true,0.0005137228525280736,3.5596193356468575E-05,0.00026625516826150886,0.001903154074568647
147,269.74532633423803,R2-SIDE,REGION-2,SuperheatedVapor,269.74532633423803,5.480896016828099,,true,SuperheatedVapor,269.74449305126063,5.480879352512152,,true,-0.0008332829773962658,-1.6664315947600983E-05,true,0.0005137228525280736,3.5596193356468575E-05,0.00026625516826150886,0.001903154074568647
148,269.7605286598206,R1-SIDE,REGION-1,SubcooledLiquid,269.7605286598206,5.48231038682962,,true,SubcooledLiquid,269.7604410992278,5.4826055220649375,,true,-8.756059276038286E-05,0.00029513523531754515,true,0.0005137228525280736,3.5596193356468575E-05,0.00026625516826150886,0.001903154074568647
148,269.7605286598206,R4-LIQUID-SIDE,REGION-4,SaturatedMixture,269.7605286598206,5.482255564273977,1E-06,true,SaturatedMixture,269.7604652694449,5.482282130385595,9.785868182643618E-07,true,-6.33903756579457E-05,2.656611161810929E-05,true,0.0005137228525280736,3.5596193356468575E-05,0.00026625516826150886,0.001903154074568647
148,269.7605286598206,R4-VAPOR-SIDE,REGION-4,SaturatedMixture,269.7605286598206,5.482255564273977,0.999999,true,SaturatedMixture,269.76113634879437,5.4823397237408455,0.9999997505001161,true,0.0006076889737869351,8.415946686834985E-05,true,0.0005137228525280736,3.5596193356468575E-05,0.00026625516826150886,0.001903154074568647
148,269.7605286598206,R2-SIDE,REGION-2,SuperheatedVapor,269.7605286598206,5.4822007417183345,,true,SuperheatedVapor,269.759694723076,5.4821839886809105,,true,-0.0008339367445842072,-1.6753037423988815E-05,true,0.0005137228525280736,3.5596193356468575E-05,0.00026625516826150886,0.001903154074568647
149,269.77926023006455,R1-SIDE,REGION-1,SubcooledLiquid,269.77926023006455,5.483918363996075,,true,SubcooledLiquid,269.77917348322137,5.484209650945406,,true,-8.674684318066284E-05,0.00029128694933078236,true,0.0005137228525280736,3.5596193356468575E-05,0.00026625516826150886,0.001903154074568647
149,269.77926023006455,R4-LIQUID-SIDE,REGION-4,SaturatedMixture,269.77926023006455,5.483863525360821,1E-06,true,SaturatedMixture,269.7791975779978,5.483889774105438,9.7883421634601E-07,true,-6.26520667310615E-05,2.6248744616985675E-05,true,0.0005137228525280736,3.5596193356468575E-05,0.00026625516826150886,0.001903154074568647
149,269.77926023006455,R4-VAPOR-SIDE,REGION-4,SaturatedMixture,269.77926023006455,5.483863525360821,0.999999,true,SaturatedMixture,269.7798605679395,5.483946673211765,0.9999997415262066,true,0.0006003378749710464,8.314785094398758E-05,true,0.0005137228525280736,3.5596193356468575E-05,0.00026625516826150886,0.001903154074568647
149,269.77926023006455,R2-SIDE,REGION-2,SuperheatedVapor,269.77926023006455,5.483808686725568,,true,SuperheatedVapor,269.77842640557265,5.483791955168297,,true,-0.0008338244919059434,-1.6731557270333042E-05,true,0.0005137228525280736,3.5596193356468575E-05,0.00026625516826150886,0.001903154074568647
150,269.7792617738247,R1-SIDE,REGION-1,SubcooledLiquid,269.7792617738247,5.4839184965321355,,true,SubcooledLiquid,269.7791750270808,5.484209783017508,,true,-8.67467439320535E-05,0.0002912864853721331,true,0.0005137228525280736,3.5596193356468575E-05,0.00026625516826150886,0.001903154074568647
150,269.7792617738247,R4-LIQUID-SIDE,REGION-4,SaturatedMixture,269.7792617738247,5.483863657895556,1E-06,true,SaturatedMixture,269.77919912788695,5.483889907119989,9.788337526182465E-07,true,-6.264593775995309E-05,2.6249224433172458E-05,true,0.0005137228525280736,3.5596193356468575E-05,0.00026625516826150886,0.001903154074568647
150,269.7792617738247,R4-VAPOR-SIDE,REGION-4,SaturatedMixture,269.7792617738247,5.483863657895556,0.999999,true,SaturatedMixture,269.7798621107919,5.483946805622423,0.9999997415247747,true,0.0006003369671816472,8.31477268672387E-05,true,0.0005137228525280736,3.5596193356468575E-05,0.00026625516826150886,0.001903154074568647
150,269.7792617738247,R2-SIDE,REGION-2,SuperheatedVapor,269.7792617738247,5.483808819258978,,true,SuperheatedVapor,269.77842794908906,5.483792087667467,,true,-0.0008338247356505235,-1.67315915104993E-05,true,0.0005137228525280736,3.5596193356468575E-05,0.00026625516826150886,0.001903154074568647
151,269.7978978395462,R1-SIDE,REGION-1,SubcooledLiquid,269.7978978395462,5.485518632651617,,true,SubcooledLiquid,269.79781267861733,5.4858025527595,,true,-8.516092884747195E-05,0.00028392010788280686,true,0.0005137228525280736,3.5596193356468575E-05,0.00026625516826150886,0.001903154074568647
151,269.7978978395462,R4-LIQUID-SIDE,REGION-4,SaturatedMixture,269.7978978395462,5.485463778013837,1E-06,true,SaturatedMixture,269.79783665094976,5.485489416161897,9.793181370312506E-07,true,-6.118859641901508E-05,2.5638148060558308E-05,true,0.0005137228525280736,3.5596193356468575E-05,0.00026625516826150886,0.001903154074568647
151,269.7978978395462,R4-VAPOR-SIDE,REGION-4,SaturatedMixture,269.7978978395462,5.485463778013837,0.999999,true,SaturatedMixture,269.7984840845785,5.485544980194703,0.9999997242360583,true,0.0005862450323093071,8.120218086649089E-05,true,0.0005137228525280736,3.5596193356468575E-05,0.00026625516826150886,0.001903154074568647
151,269.7978978395462,R2-SIDE,REGION-2,SuperheatedVapor,269.7978978395462,5.485408923376057,,true,SuperheatedVapor,269.7970641107123,5.485392210917787,,true,-0.0008337288338680082,-1.671245826972978E-05,true,0.0005137228525280736,3.5596193356468575E-05,0.00026625516826150886,0.001903154074568647
152,269.81331082582483,R1-SIDE,REGION-1,SubcooledLiquid,269.81331082582483,5.486842296970016,,true,SubcooledLiquid,269.8132275615177,5.487117460197104,,true,-8.326430713623267E-05,0.00027516322708809327,true,0.0005137228525280736,3.5596193356468575E-05,0.00026625516826150886,0.001903154074568647
152,269.81331082582483,R4-LIQUID-SIDE,REGION-4,SaturatedMixture,269.81331082582483,5.486787429095725,1E-06,true,SaturatedMixture,269.8132513691663,5.486812337726224,9.798999905029719E-07,true,-5.945665850504156E-05,2.4908630499531625E-05,true,0.0005137228525280736,3.5596193356468575E-05,0.00026625516826150886,0.001903154074568647
152,269.81331082582483,R4-VAPOR-SIDE,REGION-4,SaturatedMixture,269.81331082582483,5.486787429095725,0.999999,true,SaturatedMixture,269.81388031649374,5.486866315228126,0.9999997037408602,true,0.0005694906689086565,7.88861324014789E-05,true,0.0005137228525280736,3.5596193356468575E-05,0.00026625516826150886,0.001903154074568647
152,269.81331082582483,R2-SIDE,REGION-2,SuperheatedVapor,269.81331082582483,5.486732561221434,,true,SuperheatedVapor,269.812477414099,5.486715898510542,,true,-0.0008334117258073093,-1.6662710891957033E-05,true,0.0005137228525280736,3.5596193356468575E-05,0.00026625516826150886,0.001903154074568647
153,269.81642926335314,R1-SIDE,REGION-1,SubcooledLiquid,269.81642926335314,5.487110137449842,,true,SubcooledLiquid,269.8163464472194,5.487383235631199,,true,-8.281613372673746E-05,0.0002730981813572342,true,0.0005137228525280736,3.5596193356468575E-05,0.00026625516826150886,0.001903154074568647
153,269.81642926335314,R4-LIQUID-SIDE,REGION-4,SaturatedMixture,269.81642926335314,5.487055266897173,1E-06,true,SaturatedMixture,269.8163702212945,5.487080003776187,9.800371836874014E-07,true,-5.9042058637714945E-05,2.4736879014497504E-05,true,0.0005137228525280736,3.5596193356468575E-05,0.00026625516826150886,0.001903154074568647
153,269.81642926335314,R4-VAPOR-SIDE,REGION-4,SaturatedMixture,269.81642926335314,5.487055266897173,0.999999,true,SaturatedMixture,269.8169948158443,5.487133607714137,0.9999996991389614,true,0.0005655524911389875,7.834081696422857E-05,true,0.0005137228525280736,3.5596193356468575E-05,0.00026625516826150886,0.001903154074568647
153,269.81642926335314,R2-SIDE,REGION-2,SuperheatedVapor,269.81642926335314,5.487000396344504,,true,SuperheatedVapor,269.8155956079389,5.486983699793899,,true,-0.0008336554142260866,-1.6696550605210803E-05,true,0.0005137228525280736,3.5596193356468575E-05,0.00026625516826150886,0.001903154074568647
154,269.8348390221596,R1-SIDE,REGION-1,SubcooledLiquid,269.8348390221596,5.488691542558491,,true,SubcooledLiquid,269.834759293847,5.488950438835722,,true,-7.972831258484803E-05,0.000258896277231635,true,0.0005137228525280736,3.5596193356468575E-05,0.00026625516826150886,0.001903154074568647
154,269.8348390221596,R4-LIQUID-SIDE,REGION-4,SaturatedMixture,269.8348390221596,5.488636656191929,1E-06,true,SaturatedMixture,269.83478282958345,5.488660210187937,9.809838942527904E-07,true,-5.6192576153080154E-05,2.355399600784125E-05,true,0.0005137228525280736,3.5596193356468575E-05,0.00026625516826150886,0.001903154074568647
154,269.8348390221596,R4-VAPOR-SIDE,REGION-4,SaturatedMixture,269.8348390221596,5.488636656191929,0.999999,true,SaturatedMixture,269.83537737739937,5.4887112354558365,0.9999996655636028,true,0.0005383552397688618,7.457926390763703E-05,true,0.0005137228525280736,3.5596193356468575E-05,0.00026625516826150886,0.001903154074568647
154,269.8348390221596,R2-SIDE,REGION-2,SuperheatedVapor,269.8348390221596,5.488581769825367,,true,SuperheatedVapor,269.83400541067033,5.488565084949155,,true,-0.0008336114892699698,-1.6684876212202937E-05,true,0.0005137228525280736,3.5596193356468575E-05,0.00026625516826150886,0.001903154074568647
155,269.8474434912206,R1-SIDE,REGION-1,SubcooledLiquid,269.8474434912206,5.4897744718036146,,true,SubcooledLiquid,269.84736631308647,5.490021661784524,,true,-7.717813412000396E-05,0.0002471899809091127,true,0.0005137228525280736,3.5596193356468575E-05,0.00026625516826150886,0.001903154074568647
155,269.8474434912206,R4-LIQUID-SIDE,REGION-4,SaturatedMixture,269.8474434912206,5.489719574607868,1E-06,true,SaturatedMixture,269.84738962322933,5.4897421501194374,9.817689705094356E-07,true,-5.3867991255174275E-05,2.2575511569478124E-05,true,0.0005137228525280736,3.5596193356468575E-05,0.00026625516826150886,0.001903154074568647
155,269.8474434912206,R4-VAPOR-SIDE,REGION-4,SaturatedMixture,269.8474434912206,5.489719574607868,0.999999,true,SaturatedMixture,269.84795941847017,5.489791051072442,0.9999996377556465,true,0.0005159272495802725,7.147646457372758E-05,true,0.0005137228525280736,3.5596193356468575E-05,0.00026625516826150886,0.001903154074568647
155,269.8474434912206,R2-SIDE,REGION-2,SuperheatedVapor,269.8474434912206,5.489664677412122,,true,SuperheatedVapor,269.8466098563043,5.489647992906191,,true,-0.0008336349162618717,-1.6684505931507942E-05,true,0.0005137228525280736,3.5596193356468575E-05,0.00026625516826150886,0.001903154074568647
156,269.85314221978194,R1-SIDE,REGION-1,SubcooledLiquid,269.85314221978194,5.490264138981578,,true,SubcooledLiquid,269.8530663110072,5.490505507447026,,true,-7.590877476104652E-05,0.0002413684654483106,true,0.0005137228525280736,3.5596193356468575E-05,0.00026625516826150886,0.001903154074568647
156,269.85314221978194,R4-LIQUID-SIDE,REGION-4,SaturatedMixture,269.85314221978194,5.490209236889209,1E-06,true,SaturatedMixture,269.85308952185176,5.490231326677582,9.821588930002822E-07,true,-5.2697930186695885E-05,2.2089788373591546E-05,true,0.0005137228525280736,3.5596193356468575E-05,0.00026625516826150886,0.001903154074568647
156,269.85314221978194,R4-VAPOR-SIDE,REGION-4,SaturatedMixture,269.85314221978194,5.490209236889209,0.999999,true,SaturatedMixture,269.85364700192997,5.49027917071902,0.9999996240806136,true,0.0005047821480275161,6.993382981157481E-05,true,0.0005137228525280736,3.5596193356468575E-05,0.00026625516826150886,0.001903154074568647
156,269.85314221978194,R2-SIDE,REGION-2,SuperheatedVapor,269.85314221978194,5.4901543347968405,,true,SuperheatedVapor,269.8523086115217,5.490137655764999,,true,-0.0008336082602227179,-1.667903184188191E-05,true,0.0005137228525280736,3.5596193356468575E-05,0.00026625516826150886,0.001903154074568647
157,269.86491042971613,R1-SIDE,REGION-1,SubcooledLiquid,269.86491042971613,5.491275436069505,,true,SubcooledLiquid,269.864837371617,5.491503740806721,,true,-7.305809913304984E-05,0.0002283047372158009,true,0.0005137228525280736,3.5596193356468575E-05,0.00026625516826150886,0.001903154074568647
157,269.86491042971613,R4-LIQUID-SIDE,REGION-4,SaturatedMixture,269.86491042971613,5.491220523864266,1E-06,true,SaturatedMixture,269.86486032412984,5.491241520178649,9.830378799589265E-07,true,-5.010558629692241E-05,2.099631438312599E-05,true,0.0005137228525280736,3.5596193356468575E-05,0.00026625516826150886,0.001903154074568647
157,269.86491042971613,R4-VAPOR-SIDE,REGION-4,SaturatedMixture,269.86491042971613,5.491220523864266,0.999999,true,SaturatedMixture,269.865390194807,5.4912869947267495,0.9999995932888859,true,0.0004797650908585638,6.64708624835697E-05,true,0.0005137228525280736,3.5596193356468575E-05,0.00026625516826150886,0.001903154074568647
157,269.86491042971613,R2-SIDE,REGION-2,SuperheatedVapor,269.86491042971613,5.491165611659028,,true,SuperheatedVapor,269.8640764919535,5.491148889075047,,true,-0.000833937762649839,-1.6722583980666172E-05,true,0.0005137228525280736,3.5596193356468575E-05,0.00026625516826150886,0.001903154074568647
158,269.87132650613796,R1-SIDE,REGION-1,SubcooledLiquid,269.87132650613796,5.491826859306679,,true,SubcooledLiquid,269.8712551324468,5.492047450367155,,true,-7.137369118481729E-05,0.00022059106047578325,true,0.0005137228525280736,3.5596193356468575E-05,0.00026625516826150886,0.001903154074568647
158,269.87132650613796,R4-LIQUID-SIDE,REGION-4,SaturatedMixture,269.87132650613796,5.491771941587262,1E-06,true,SaturatedMixture,269.87127793730826,5.4917922924176406,9.835570844522308E-07,true,-4.8568829697615E-05,2.0350830378212947E-05,true,0.0005137228525280736,3.5596193356468575E-05,0.00026625516826150886,0.001903154074568647
158,269.87132650613796,R4-VAPOR-SIDE,REGION-4,SaturatedMixture,269.87132650613796,5.491771941587262,0.999999,true,SaturatedMixture,269.871791487653,5.491836366322591,0.9999995749096362,true,0.0004649815150514769,6.44247353287497E-05,true,0.0005137228525280736,3.5596193356468575E-05,0.00026625516826150886,0.001903154074568647
158,269.87132650613796,R2-SIDE,REGION-2,SuperheatedVapor,269.87132650613796,5.491717023867847,,true,SuperheatedVapor,269.87049285078183,5.49170034346827,,true,-0.0008336553561321125,-1.6680399577140292E-05,true,0.0005137228525280736,3.5596193356468575E-05,0.00026625516826150886,0.001903154074568647
159,269.8816254317761,R1-SIDE,REGION-1,SubcooledLiquid,269.8816254317761,5.4927120785164485,,true,SubcooledLiquid,269.8815569540027,5.492919415589546,,true,-6.847777342500194E-05,0.00020733707309794625,true,0.0005137228525280736,3.5596193356468575E-05,0.00026625516826150886,0.001903154074568647
159,269.8816254317761,R4-LIQUID-SIDE,REGION-4,SaturatedMixture,269.8816254317761,5.492657151944929,1E-06,true,SaturatedMixture,269.88157951034054,5.49267639376282,9.844496447292538E-07,true,-4.59214355714721E-05,1.924181789103585E-05,true,0.0005137228525280736,3.5596193356468575E-05,0.00026625516826150886,0.001903154074568647
159,269.8816254317761,R4-VAPOR-SIDE,REGION-4,SaturatedMixture,269.8816254317761,5.492657151944929,0.999999,true,SaturatedMixture,269.8820650274366,5.492718061798978,0.9999995436207502,true,0.00043959566050943977,6.090985404938465E-05,true,0.0005137228525280736,3.5596193356468575E-05,0.00026625516826150886,0.001903154074568647
159,269.8816254317761,R2-SIDE,REGION-2,SuperheatedVapor,269.8816254317761,5.4926022253734095,,true,SuperheatedVapor,269.880790958787,5.492585431304629,,true,-0.0008344729891405223,-1.6794068780079385E-05,true,0.0005137228525280736,3.5596193356468575E-05,0.00026625516826150886,0.001903154074568647
160,269.8893888354303,R1-SIDE,REGION-1,SubcooledLiquid,269.8893888354303,5.49337943508812,,true,SubcooledLiquid,269.8893226971579,5.493576070915489,,true,-6.613827235923964E-05,0.00019663582736839658,true,0.0005137228525280736,3.5596193356468575E-05,0.00026625516826150886,0.001903154074568647
160,269.8893888354303,R4-LIQUID-SIDE,REGION-4,SaturatedMixture,269.8893888354303,5.493324501843102,1E-06,true,SaturatedMixture,269.88934506273233,5.493342848807529,9.85170181376091E-07,true,-4.377269794986205E-05,1.834696442770678E-05,true,0.0005137228525280736,3.5596193356468575E-05,0.00026625516826150886,0.001903154074568647
160,269.8893888354303,R4-VAPOR-SIDE,REGION-4,SaturatedMixture,269.8893888354303,5.493324501843102,0.999999,true,SaturatedMixture,269.88980794218503,5.493382574036413,0.9999995185007267,true,0.0004191067547480998,5.8072193310998443E-05,true,0.0005137228525280736,3.5596193356468575E-05,0.00026625516826150886,0.001903154074568647
160,269.8893888354303,R2-SIDE,REGION-2,SuperheatedVapor,269.8893888354303,5.493269568598083,,true,SuperheatedVapor,269.88855507088124,5.493252877932401,,true,-0.0008337645490428258,-1.6690665682439487E-05,true,0.0005137228525280736,3.5596193356468575E-05,0.00026625516826150886,0.001903154074568647
161,269.90732603669187,R1-SIDE,REGION-1,SubcooledLiquid,269.90732603669187,5.494921586934781,,true,SubcooledLiquid,269.90726581851686,5.495091163383658,,true,-6.02181750082309E-05,0.0001695764488767182,true,0.0005137228525280736,3.5596193356468575E-05,0.00026625516826150886,0.001903154074568647
161,269.90732603669187,R4-LIQUID-SIDE,REGION-4,SaturatedMixture,269.90732603669187,5.494866638268398,1E-06,true,SaturatedMixture,269.90728767163864,5.494882718943906,9.86996935057023E-07,true,-3.8365053228517354E-05,1.608067550762371E-05,true,0.0005137228525280736,3.5596193356468575E-05,0.00026625516826150886,0.001903154074568647
161,269.90732603669187,R4-VAPOR-SIDE,REGION-4,SaturatedMixture,269.90732603669187,5.494866638268398,0.999999,true,SaturatedMixture,269.90769329200737,5.494917530085133,0.9999994542681091,true,0.0003672553154956404,5.089181673501031E-05,true,0.0005137228525280736,3.5596193356468575E-05,0.00026625516826150886,0.001903154074568647
161,269.90732603669187,R2-SIDE,REGION-2,SuperheatedVapor,269.90732603669187,5.494811689602016,,true,SuperheatedVapor,269.9064920878576,5.494794977909092,,true,-0.0008339488342699042,-1.671169292372099E-05,true,0.0005137228525280736,3.5596193356468575E-05,0.00026625516826150886,0.001903154074568647
162,269.9158253133297,R1-SIDE,REGION-1,SubcooledLiquid,269.9158253133297,5.495652428115587,,true,SubcooledLiquid,269.9157681512272,5.495808045473202,,true,-5.7162102507390955E-05,0.0001556173576151565,true,0.0005137228525280736,3.5596193356468575E-05,0.00026625516826150886,0.001903154074568647
162,269.9158253133297,R4-LIQUID-SIDE,REGION-4,SaturatedMixture,269.9158253133297,5.495597472140865,1E-06,true,SaturatedMixture,269.91578972358707,5.495612381835274,9.87941768134968E-07,true,-3.558974265160941E-05,1.4909694408871133E-05,true,0.0005137228525280736,3.5596193356468575E-05,0.00026625516826150886,0.001903154074568647
162,269.9158253133297,R4-VAPOR-SIDE,REGION-4,SaturatedMixture,269.9158253133297,5.495597472140865,0.999999,true,SaturatedMixture,269.91616582292033,5.495644659422958,0.9999994211969077,true,0.0003405095906146016,4.7187282093297256E-05,true,0.0005137228525280736,3.5596193356468575E-05,0.00026625516826150886,0.001903154074568647
162,269.9158253133297,R2-SIDE,REGION-2,SuperheatedVapor,269.9158253133297,5.495542516166144,,true,SuperheatedVapor,269.91499120704884,5.495525784485912,,true,-0.0008341062808767674,-1.6731680232418E-05,true,0.0005137228525280736,3.5596193356468575E-05,0.00026625516826150886,0.001903154074568647
163,269.92513548135753,R1-SIDE,REGION-1,SubcooledLiquid,269.92513548135753,5.496453081915134,,true,SubcooledLiquid,269.9250818520999,5.49659256932483,,true,-5.3629257649845385E-05,0.00013948740969560447,true,0.0005137228525280736,3.5596193356468575E-05,0.00026625516826150886,0.001903154074568647
163,269.92513548135753,R4-LIQUID-SIDE,REGION-4,SaturatedMixture,269.92513548135753,5.496398117933954,1E-06,true,SaturatedMixture,269.9251031366085,5.496411677336554,9.89031366094502E-07,true,-3.234474900182249E-05,1.3559402599838677E-05,true,0.0005137228525280736,3.5596193356468575E-05,0.00026625516826150886,0.001903154074568647
163,269.92513548135753,R4-VAPOR-SIDE,REGION-4,SaturatedMixture,269.92513548135753,5.496398117933954,0.999999,true,SaturatedMixture,269.92544508407707,5.496441023943707,0.9999993829626608,true,0.0003096027195397255,4.290600975309644E-05,true,0.0005137228525280736,3.5596193356468575E-05,0.00026625516826150886,0.001903154074568647
163,269.92513548135753,R2-SIDE,REGION-2,SuperheatedVapor,269.92513548135753,5.496343153952775,,true,SuperheatedVapor,269.9243012588971,5.496326408428262,,true,-0.0008342224604120929,-1.674552451369493E-05,true,0.0005137228525280736,3.5596193356468575E-05,0.00026625516826150886,0.001903154074568647
164,269.93746799826624,R1-SIDE,REGION-1,SubcooledLiquid,269.93746799826624,5.497513788137708,,true,SubcooledLiquid,269.9374193468889,5.497630559063097,,true,-4.8651377369424154E-05,0.00011677092538953104,true,0.0005137228525280736,3.5596193356468575E-05,0.00026625516826150886,0.001903154074568647
164,269.93746799826624,R4-LIQUID-SIDE,REGION-4,SaturatedMixture,269.93746799826624,5.497458813549572,1E-06,true,SaturatedMixture,269.9374401939958,5.497470467969537,9.905698729969687E-07,true,-2.7804270416709187E-05,1.1654419965090312E-05,true,0.0005137228525280736,3.5596193356468575E-05,0.00026625516826150886,0.001903154074568647
164,269.93746799826624,R4-VAPOR-SIDE,REGION-4,SaturatedMixture,269.93746799826624,5.497458813549572,0.999999,true,SaturatedMixture,269.937734092773,5.497495690943124,0.9999993294688418,true,0.0002660945067418652,3.687739355218156E-05,true,0.0005137228525280736,3.5596193356468575E-05,0.00026625516826150886,0.001903154074568647
164,269.93746799826624,R2-SIDE,REGION-2,SuperheatedVapor,269.93746799826624,5.497403838961437,,true,SuperheatedVapor,269.9366336084905,5.497387073159205,,true,-0.0008343897757185914,-1.676580223186619E-05,true,0.0005137228525280736,3.5596193356468575E-05,0.00026625516826150886,0.001903154074568647
165,269.9428149163722,R1-SIDE,REGION-1,SubcooledLiquid,269.9428149163722,5.497973719254468,,true,SubcooledLiquid,269.9427685288358,5.498080163053021,,true,-4.638753637209447E-05,0.00010644379855229147,true,0.0005137228525280736,3.5596193356468575E-05,0.00026625516826150886,0.001903154074568647
165,269.9428149163722,R4-LIQUID-SIDE,REGION-4,SaturatedMixture,269.9428149163722,5.4979187400670675,1E-06,true,SaturatedMixture,269.94278915884695,5.497929526698297,9.91271270372117E-07,true,-2.5757525236258516E-05,1.0786631229109389E-05,true,0.0005137228525280736,3.5596193356468575E-05,0.00026625516826150886,0.001903154074568647
165,269.9428149163722,R4-VAPOR-SIDE,REGION-4,SaturatedMixture,269.9428149163722,5.4979187400670675,0.999999,true,SaturatedMixture,269.94306121549687,5.49795287513737,0.999999304874316,true,0.00024629912468299153,3.413507030280982E-05,true,0.0005137228525280736,3.5596193356468575E-05,0.00026625516826150886,0.001903154074568647
165,269.9428149163722,R2-SIDE,REGION-2,SuperheatedVapor,269.9428149163722,5.497863760879667,,true,SuperheatedVapor,269.94198031546125,5.497846966497939,,true,-0.0008346009109345687,-1.6794381728857388E-05,true,0.0005137228525280736,3.5596193356468575E-05,0.00026625516826150886,0.001903154074568647
166,269.9500148475171,R1-SIDE,REGION-1,SubcooledLiquid,269.9500148475171,5.4985930892339265,,true,SubcooledLiquid,269.94997160931746,5.498685170174427,,true,-4.3238199623374385E-05,9.20809405000611E-05,true,0.0005137228525280736,3.5596193356468575E-05,0.00026625516826150886,0.001903154074568647
166,269.9500148475171,R4-LIQUID-SIDE,REGION-4,SaturatedMixture,269.9500148475171,5.498538103852888,1E-06,true,SaturatedMixture,269.94999198758626,5.498547687687671,9.922431115007816E-07,true,-2.285993082296045E-05,9.583834782667111E-06,true,0.0005137228525280736,3.5596193356468575E-05,0.00026625516826150886,0.001903154074568647
166,269.9500148475171,R4-VAPOR-SIDE,REGION-4,SaturatedMixture,269.9500148475171,5.498538103852888,0.999999,true,SaturatedMixture,269.950233622735,5.498568425293399,0.9999992708016187,true,0.0002187752179452218,3.032144051129393E-05,true,0.0005137228525280736,3.5596193356468575E-05,0.00026625516826150886,0.001903154074568647
166,269.9500148475171,R2-SIDE,REGION-2,SuperheatedVapor,269.9500148475171,5.4984831184718495,,true,SuperheatedVapor,269.94918078526723,5.498466403150904,,true,-0.000834062249850831,-1.6715320945159817E-05,true,0.0005137228525280736,3.5596193356468575E-05,0.00026625516826150886,0.001903154074568647
167,269.9603627145292,R1-SIDE,REGION-1,SubcooledLiquid,269.9603627145292,5.499483351911103,,true,SubcooledLiquid,269.96032420554286,5.499553872315291,,true,-3.850898633572797E-05,7.052040418820127E-05,true,0.0005137228525280736,3.5596193356468575E-05,0.00026625516826150886,0.001903154074568647
167,269.9603627145292,R4-LIQUID-SIDE,REGION-4,SaturatedMixture,269.9603627145292,5.499428357627526,1E-06,true,SaturatedMixture,269.9603441842793,5.499436133655393,9.937046965795355E-07,true,-1.8530249917603214E-05,7.776027866945867E-06,true,0.0005137228525280736,3.5596193356468575E-05,0.00026625516826150886,0.001903154074568647
167,269.9603627145292,R4-VAPOR-SIDE,REGION-4,SaturatedMixture,269.9603627145292,5.499428357627526,0.999999,true,SaturatedMixture,269.9605401741645,5.499452953894458,0.9999992196901646,true,0.00017745963532433962,2.4596266932519484E-05,true,0.0005137228525280736,3.5596193356468575E-05,0.00026625516826150886,0.001903154074568647
167,269.9603627145292,R2-SIDE,REGION-2,SuperheatedVapor,269.9603627145292,5.49937336334395,,true,SuperheatedVapor,269.95952778451897,5.499356527095246,,true,-0.0008349300102281632,-1.6836248703633316E-05,true,0.0005137228525280736,3.5596193356468575E-05,0.00026625516826150886,0.001903154074568647
168,269.9777773737907,R1-SIDE,REGION-1,SubcooledLiquid,269.9777773737907,5.5009818435483835,,true,SubcooledLiquid,269.9777473641226,5.5010136358383965,,true,-3.0009668080310803E-05,3.179229001304407E-05,true,0.0005137228525280736,3.5596193356468575E-05,0.00026625516826150886,0.001903154074568647
168,269.9777773737907,R4-LIQUID-SIDE,REGION-4,SaturatedMixture,269.9777773737907,5.50092683428004,1E-06,true,SaturatedMixture,269.9777665783778,5.5009313579294385,9.963365239814443E-07,true,-1.0795412890729494E-05,4.523649398180396E-06,true,0.0005137228525280736,3.5596193356468575E-05,0.00026625516826150886,0.001903154074568647
168,269.9777773737907,R4-VAPOR-SIDE,REGION-4,SaturatedMixture,269.9777773737907,5.50092683428004,0.999999,true,SaturatedMixture,269.977880616735,5.50094114492653,0.9999991278495641,true,0.0001032429443057481,1.4310646490045542E-05,true,0.0005137228525280736,3.5596193356468575E-05,0.00026625516826150886,0.001903154074568647
168,269.9777773737907,R2-SIDE,REGION-2,SuperheatedVapor,269.9777773737907,5.500871825011698,,true,SuperheatedVapor,269.9769427395954,5.500855036141925,,true,-0.0008346341952574221,-1.6788869773520787E-05,true,0.0005137228525280736,3.5596193356468575E-05,0.00026625516826150886,0.001903154074568647
169,269.984167456627,R1-SIDE,REGION-1,SubcooledLiquid,269.984167456627,5.501531773754014,,true,SubcooledLiquid,269.98414073573394,5.501548586750316,,true,-2.67208930608831E-05,1.681299630273969E-05,true,0.0005137228525280736,3.5596193356468575E-05,0.00026625516826150886,0.001903154074568647
169,269.984167456627,R4-LIQUID-SIDE,REGION-4,SaturatedMixture,269.984167456627,5.501476758986423,1E-06,true,SaturatedMixture,269.9841596747418,5.501480026086996,9.973536157163325E-07,true,-7.781885187796433E-06,3.267100572301729E-06,true,0.0005137228525280736,3.5596193356468575E-05,0.00026625516826150886,0.001903154074568647
169,269.984167456627,R4-VAPOR-SIDE,REGION-4,SaturatedMixture,269.984167456627,5.501476758986423,0.999999,true,SaturatedMixture,269.9842419851276,5.501487090126897,0.9999990921823342,true,7.452850059053162E-05,1.0331140473773814E-05,true,0.0005137228525280736,3.5596193356468575E-05,0.00026625516826150886,0.001903154074568647
169,269.984167456627,R2-SIDE,REGION-2,SuperheatedVapor,269.984167456627,5.501421744218834,,true,SuperheatedVapor,269.9833328235053,5.501404957389387,,true,-0.0008346331217126135,-1.6786829446502338E-05,true,0.0005137228525280736,3.5596193356468575E-05,0.00026625516826150886,0.001903154074568647
170,269.99505785107624,R1-SIDE,REGION-1,SubcooledLiquid,269.99505785107624,5.502469097278969,,true,SubcooledLiquid,269.9950369455603,5.502459431113496,,true,-2.090551595301804E-05,-9.666165473376509E-06,true,0.0005137228525280736,3.5596193356468575E-05,0.00026625516826150886,0.001903154074568647
170,269.99505785107624,R4-LIQUID-SIDE,REGION-4,SaturatedMixture,269.99505785107624,5.502414073138238,1E-06,true,SaturatedMixture,269.99505537748337,5.5024151168173585,9.991542796505435E-07,true,-2.4735928718655487E-06,1.0436791209045282E-06,true,0.0005137228525280736,3.5596193356468575E-05,0.00026625516826150886,0.001903154074568647
170,269.99505785107624,R4-VAPOR-SIDE,REGION-4,SaturatedMixture,269.99505785107624,5.502414073138238,0.999999,true,SaturatedMixture,269.9950816345788,5.502417370253161,0.9999990293897216,true,2.3783502570040582E-05,3.29711492330631E-06,true,0.0005137228525280736,3.5596193356468575E-05,0.00026625516826150886,0.001903154074568647
170,269.99505785107624,R2-SIDE,REGION-2,SuperheatedVapor,269.99505785107624,5.502359048997507,,true,SuperheatedVapor,269.9942234028654,5.502342291793804,,true,-0.0008344482108668672,-1.6757203702866263E-05,true,0.0005137228525280736,3.5596193356468575E-05,0.00026625516826150886,0.001903154074568647
171,270.0122033536435,R1-SIDE,REGION-1,SubcooledLiquid,270.0122033536435,5.503945037746651,,true,SubcooledLiquid,270.0121785201409,5.503953202721996,,true,-2.483350260717998E-05,8.1649753447266E-06,true,0.0005137228525280736,3.5596193356468575E-05,0.00026625516826150886,0.001903154074568647
171,270.0122033536435,R4-LIQUID-SIDE,REGION-4,SaturatedMixture,270.0122033536435,5.503889998846662,1E-06,true,SaturatedMixture,270.0121972911787,5.503892539754467,9.979319214943067E-07,true,-6.062464763090247E-06,2.5409078050486755E-06,true,0.0005137228525280736,3.5596193356468575E-05,0.00026625516826150886,0.001903154074568647
171,270.0122033536435,R4-VAPOR-SIDE,REGION-4,SaturatedMixture,270.0122033536435,5.503889998846662,0.999999,true,SaturatedMixture,270.0122613822141,5.503898073119885,0.9999990722721044,true,5.8028570606438734E-05,8.07427322246923E-06,true,0.0005137228525280736,3.5596193356468575E-05,0.00026625516826150886,0.001903154074568647
171,270.0122033536435,R2-SIDE,REGION-2,SuperheatedVapor,270.0122033536435,5.5038349599466745,,true,SuperheatedVapor,270.0113689618378,5.503818215861798,,true,-0.0008343918057107658,-1.674408487684076E-05,true,0.0005137228525280736,3.5596193356468575E-05,0.00026625516826150886,0.001903154074568647
172,270.01825814843176,R1-SIDE,REGION-1,SubcooledLiquid,270.01825814843176,5.504466326335252,,true,SubcooledLiquid,270.01823012666387,5.504488976391542,,true,-2.8021767889185867E-05,2.2650056290096643E-05,true,0.0005137228525280736,3.5596193356468575E-05,0.00026625516826150886,0.001903154074568647
172,270.01825814843176,R4-LIQUID-SIDE,REGION-4,SaturatedMixture,270.01825814843176,5.50441128222243,1E-06,true,SaturatedMixture,270.0182491790905,5.504415035715441,9.969447217017497E-07,true,-8.969341251940932E-06,3.7534930115157294E-06,true,0.0005137228525280736,3.5596193356468575E-05,0.00026625516826150886,0.001903154074568647
172,270.01825814843176,R4-VAPOR-SIDE,REGION-4,SaturatedMixture,270.01825814843176,5.50441128222243,0.999999,true,SaturatedMixture,270.01834390106535,5.504423213634452,0.9999991070408101,true,8.575263359489327E-05,1.1931412022825327E-05,true,0.0005137228525280736,3.5596193356468575E-05,0.00026625516826150886,0.001903154074568647
172,270.01825814843176,R2-SIDE,REGION-2,SuperheatedVapor,270.01825814843176,5.504356238109608,,true,SuperheatedVapor,270.0174232444085,5.504339422577509,,true,-0.0008349040232360494,-1.681553209920139E-05,true,0.0005137228525280736,3.5596193356468575E-05,0.00026625516826150886,0.001903154074568647
173,270.02492635846113,R1-SIDE,REGION-1,SubcooledLiquid,270.02492635846113,5.505040470632559,,true,SubcooledLiquid,270.0248949202322,5.505078639049213,,true,-3.143822891615855E-05,3.8168416653938664E-05,true,0.0005137228525280736,3.5596193356468575E-05,0.00026625516826150886,0.001903154074568647
173,270.02492635846113,R4-LIQUID-SIDE,REGION-4,SaturatedMixture,270.02492635846113,5.50498542077835,1E-06,true,SaturatedMixture,270.024914265289,5.5049904727805075,9.95887377223795E-07,true,-1.20931721312445E-05,5.0520021570577E-06,true,0.0005137228525280736,3.5596193356468575E-05,0.00026625516826150886,0.001903154074568647
173,270.02492635846113,R4-VAPOR-SIDE,REGION-4,SaturatedMixture,270.02492635846113,5.50498542077835,0.999999,true,SaturatedMixture,270.0250418103029,5.505001484510325,0.9999991442413088,true,0.0001154518417934014,1.606373197482469E-05,true,0.0005137228525280736,3.5596193356468575E-05,0.00026625516826150886,0.001903154074568647
173,270.02492635846113,R2-SIDE,REGION-2,SuperheatedVapor,270.02492635846113,5.504930370924143,,true,SuperheatedVapor,270.02409160273044,5.504913578563962,,true,-0.0008347557306933595,-1.6792360180595267E-05,true,0.0005137228525280736,3.5596193356468575E-05,0.00026625516826150886,0.001903154074568647
174,270.02921333909023,R1-SIDE,REGION-1,SubcooledLiquid,270.02921333909023,5.505409611149891,,true,SubcooledLiquid,270.02917975691287,5.5054575159638635,,true,-3.358217736604274E-05,4.7904813972543536E-05,true,0.0005137228525280736,3.5596193356468575E-05,0.00026625516826150886,0.001903154074568647
174,270.02921333909023,R4-LIQUID-SIDE,REGION-4,SaturatedMixture,270.02921333909023,5.505354557604314,1E-06,true,SaturatedMixture,270.02919928226356,5.505360424123694,9.952240114634337E-07,true,-1.4056826671549061E-05,5.866519379615909E-06,true,0.0005137228525280736,3.5596193356468575E-05,0.00026625516826150886,0.001903154074568647
174,270.02921333909023,R4-VAPOR-SIDE,REGION-4,SaturatedMixture,270.02921333909023,5.505354557604314,0.999999,true,SaturatedMixture,270.0293474134129,5.505373213178676,0.9999991673856645,true,0.0001340743226592167,1.865557436175891E-05,true,0.0005137228525280736,3.5596193356468575E-05,0.00026625516826150886,0.001903154074568647
174,270.02921333909023,R2-SIDE,REGION-2,SuperheatedVapor,270.02921333909023,5.505299504058739,,true,SuperheatedVapor,270.0283788532229,5.505282751545871,,true,-0.0008344858673581257,-1.6752512867590497E-05,true,0.0005137228525280736,3.5596193356468575E-05,0.00026625516826150886,0.001903154074568647
175,270.0460875153541,R1-SIDE,REGION-1,SubcooledLiquid,270.0460875153541,5.506862785264795,,true,SubcooledLiquid,270.04604589341955,5.5069471871616695,,true,-4.1621934542490635E-05,8.440189687419775E-05,true,0.0005137228525280736,3.5596193356468575E-05,0.00026625516826150886,0.001903154074568647
175,270.0460875153541,R4-LIQUID-SIDE,REGION-4,SaturatedMixture,270.0460875153541,5.506807717187623,1E-06,true,SaturatedMixture,270.0460661479708,5.506816642304626,9.92731135719981E-07,true,-2.1367383283177332E-05,8.925117002789307E-06,true,0.0005137228525280736,3.5596193356468575E-05,0.00026625516826150886,0.001903154074568647
175,270.0460875153541,R4-VAPOR-SIDE,REGION-4,SaturatedMixture,270.0460875153541,5.506807717187623,0.999999,true,SaturatedMixture,270.0462914109513,5.5068360906154785,0.9999992543746591,true,0.00020389559722389095,2.8373427855221678E-05,true,0.0005137228525280736,3.5596193356468575E-05,0.00026625516826150886,0.001903154074568647
175,270.0460875153541,R2-SIDE,REGION-2,SuperheatedVapor,270.0460875153541,5.506752649110451,,true,SuperheatedVapor,270.04525276298637,5.506735863465257,,true,-0.0008347523677230129,-1.678564519469461E-05,true,0.0005137228525280736,3.5596193356468575E-05,0.00026625516826150886,0.001903154074568647
176,270.0522645592689,R1-SIDE,REGION-1,SubcooledLiquid,270.0522645592689,5.507394814546248,,true,SubcooledLiquid,270.0522201534433,5.507491848476785,,true,-4.4405825633475615E-05,9.70339305368384E-05,true,0.0005137228525280736,3.5596193356468575E-05,0.00026625516826150886,0.001903154074568647
176,270.0522645592689,R4-LIQUID-SIDE,REGION-4,SaturatedMixture,270.0522645592689,5.507339741148836,1E-06,true,SaturatedMixture,270.0522406602603,5.507349725167197,9.91867612947641E-07,true,-2.389900862453942E-05,9.984018361386404E-06,true,0.0005137228525280736,3.5596193356468575E-05,0.00026625516826150886,0.001903154074568647
176,270.0522645592689,R4-VAPOR-SIDE,REGION-4,SaturatedMixture,270.0522645592689,5.507339741148836,0.999999,true,SaturatedMixture,270.05249263920496,5.507371480028283,0.9999992847942056,true,0.00022807993605056254,3.173887944729614E-05,true,0.0005137228525280736,3.5596193356468575E-05,0.00026625516826150886,0.001903154074568647
176,270.0522645592689,R2-SIDE,REGION-2,SuperheatedVapor,270.0522645592689,5.507284667751424,,true,SuperheatedVapor,270.0514299605144,5.507267905892792,,true,-0.0008345987545226308,-1.6761858632641236E-05,true,0.0005137228525280736,3.5596193356468575E-05,0.00026625516826150886,0.001903154074568647
177,270.06282575726516,R1-SIDE,REGION-1,SubcooledLiquid,270.06282575726516,5.508304542278801,,true,SubcooledLiquid,270.06277678934305,5.508422269952217,,true,-4.89679221118422E-05,0.00011772767341611257,true,0.0005137228525280736,3.5596193356468575E-05,0.00026625516826150886,0.001903154074568647
177,270.06282575726516,R4-LIQUID-SIDE,REGION-4,SaturatedMixture,270.06282575726516,5.508249459784203,1E-06,true,SaturatedMixture,270.06279768064053,5.50826117636867,9.904544922455563E-07,true,-2.807662463055749E-05,1.1716584467080793E-05,true,0.0005137228525280736,3.5596193356468575E-05,0.00026625516826150886,0.001903154074568647
177,270.06282575726516,R4-VAPOR-SIDE,REGION-4,SaturatedMixture,270.06282575726516,5.508249459784203,0.999999,true,SaturatedMixture,270.063093435072,5.5082867106313955,0.9999993342566115,true,0.00026767780684622267,3.725084719263805E-05,true,0.0005137228525280736,3.5596193356468575E-05,0.00026625516826150886,0.001903154074568647
177,270.06282575726516,R2-SIDE,REGION-2,SuperheatedVapor,270.06282575726516,5.508194377289605,,true,SuperheatedVapor,270.06199054294734,5.508177530499039,,true,-0.00083521431781719,-1.6846790566127368E-05,true,0.0005137228525280736,3.5596193356468575E-05,0.00026625516826150886,0.001903154074568647
178,270.0794281482697,R1-SIDE,REGION-1,SubcooledLiquid,270.0794281482697,5.50973488240041,,true,SubcooledLiquid,270.07937251299893,5.509882835809729,,true,-5.563527076901664E-05,0.00014795340931872403,true,0.0005137228525280736,3.5596193356468575E-05,0.00026625516826150886,0.001903154074568647
178,270.0794281482697,R4-LIQUID-SIDE,REGION-4,SaturatedMixture,270.0794281482697,5.509679785602554,1E-06,true,SaturatedMixture,270.0793940054457,5.509694037122845,9.88385013703166E-07,true,-3.414282400626689E-05,1.4251520290997632E-05,true,0.0005137228525280736,3.5596193356468575E-05,0.00026625516826150886,0.001903154074568647
178,270.0794281482697,R4-VAPOR-SIDE,REGION-4,SaturatedMixture,270.0794281482697,5.509679785602554,0.999999,true,SaturatedMixture,270.0797536632473,5.509725088548673,0.9999994064706548,true,0.0003255149775895916,4.5302946118930265E-05,true,0.0005137228525280736,3.5596193356468575E-05,0.00026625516826150886,0.001903154074568647
178,270.0794281482697,R2-SIDE,REGION-2,SuperheatedVapor,270.0794281482697,5.509624688804698,,true,SuperheatedVapor,270.07859276137845,5.509607822203705,,true,-0.00083538689125362,-1.6866600993203917E-05,true,0.0005137228525280736,3.5596193356468575E-05,0.00026625516826150886,0.001903154074568647
179,270.086165201664,R1-SIDE,REGION-1,SubcooledLiquid,270.086165201664,5.510315378340787,,true,SubcooledLiquid,270.08610703674003,5.510474793514687,,true,-5.816492398480477E-05,0.00015941517389972404,true,0.0005137228525280736,3.5596193356468575E-05,0.00026625516826150886,0.001903154074568647
179,270.086165201664,R4-LIQUID-SIDE,REGION-4,SaturatedMixture,270.086165201664,5.5102602757380295,1E-06,true,SaturatedMixture,270.08612876605946,5.510275489600135,9.875987637511708E-07,true,-3.64356045565728E-05,1.5213862105234455E-05,true,0.0005137228525280736,3.5596193356468575E-05,0.00026625516826150886,0.001903154074568647
179,270.086165201664,R4-VAPOR-SIDE,REGION-4,SaturatedMixture,270.086165201664,5.5102602757380295,0.999999,true,SaturatedMixture,270.08651264580385,5.510308632252299,0.9999994337931188,true,0.00034744413983389677,4.835651426926546E-05,true,0.0005137228525280736,3.5596193356468575E-05,0.00026625516826150886,0.001903154074568647
179,270.086165201664,R2-SIDE,REGION-2,SuperheatedVapor,270.086165201664,5.510205173135272,,true,SuperheatedVapor,270.08533025036525,5.510188370849247,,true,-0.0008349512987706476,-1.6802286025630053E-05,true,0.0005137228525280736,3.5596193356468575E-05,0.00026625516826150886,0.001903154074568647
180,270.0950280129906,R1-SIDE,REGION-1,SubcooledLiquid,270.0950280129906,5.5110791106221475,,true,SubcooledLiquid,270.09496667489975,5.511252897833683,,true,-6.133809085895336E-05,0.0001737872115352701,true,0.0005137228525280736,3.5596193356468575E-05,0.00026625516826150886,0.001903154074568647
180,270.0950280129906,R4-LIQUID-SIDE,REGION-4,SaturatedMixture,270.0950280129906,5.511024000382143,1E-06,true,SaturatedMixture,270.09498868710205,5.511040419986587,9.86613384261594E-07,true,-3.932588856514485E-05,1.6419604444095626E-05,true,0.0005137228525280736,3.5596193356468575E-05,0.00026625516826150886,0.001903154074568647
180,270.0950280129906,R4-VAPOR-SIDE,REGION-4,SaturatedMixture,270.0950280129906,5.511024000382143,0.999999,true,SaturatedMixture,270.09540296944397,5.511076187478238,0.9999994683063024,true,0.00037495645335638983,5.2187096095224206E-05,true,0.0005137228525280736,3.5596193356468575E-05,0.00026625516826150886,0.001903154074568647
180,270.0950280129906,R2-SIDE,REGION-2,SuperheatedVapor,270.0950280129906,5.51096889014214,,true,SuperheatedVapor,270.0941930545064,5.510952089434936,,true,-0.0008349584842335389,-1.6800707203223908E-05,true,0.0005137228525280736,3.5596193356468575E-05,0.00026625516826150886,0.001903154074568647
181,270.1072710335253,R1-SIDE,REGION-1,SubcooledLiquid,270.1072710335253,5.512134257556062,,true,SubcooledLiquid,270.10720560116624,5.512326578518305,,true,-6.54323590651984E-05,0.00019232096224275352,true,0.0005137228525280736,3.5596193356468575E-05,0.00026625516826150886,0.001903154074568647
181,270.1072710335253,R4-LIQUID-SIDE,REGION-4,SaturatedMixture,270.1072710335253,5.512079136764695,1E-06,true,SaturatedMixture,270.10722800311726,5.512097113910213,9.853393912246124E-07,true,-4.303040805098135E-05,1.7977145517988902E-05,true,0.0005137228525280736,3.5596193356468575E-05,0.00026625516826150886,0.001903154074568647
181,270.1072710335253,R4-VAPOR-SIDE,REGION-4,SaturatedMixture,270.1072710335253,5.512079136764695,0.999999,true,SaturatedMixture,270.1076814658692,5.512136264082807,0.9999995127425659,true,0.0004104323438696156,5.712731811247096E-05,true,0.0005137228525280736,3.5596193356468575E-05,0.00026625516826150886,0.001903154074568647
181,270.1072710335253,R2-SIDE,REGION-2,SuperheatedVapor,270.1072710335253,5.512024015973327,,true,SuperheatedVapor,270.1064360562457,5.512007216196027,,true,-0.0008349772796236721,-1.6799777299958407E-05,true,0.0005137228525280736,3.5596193356468575E-05,0.00026625516826150886,0.001903154074568647
182,270.11994096636784,R1-SIDE,REGION-1,SubcooledLiquid,270.11994096636784,5.513226359709701,,true,SubcooledLiquid,270.11987165021026,5.513436249154923,,true,-6.931615757821419E-05,0.0002098894452222666,true,0.0005137228525280736,3.5596193356468575E-05,0.00026625516826150886,0.001903154074568647
182,270.11994096636784,R4-LIQUID-SIDE,REGION-4,SaturatedMixture,270.11994096636784,5.51317122799742,1E-06,true,SaturatedMixture,270.11989438949547,5.5131906793924035,9.841329394358783E-07,true,-4.6576872364312294E-05,1.945139498360504E-05,true,0.0005137228525280736,3.5596193356468575E-05,0.00026625516826150886,0.001903154074568647
182,270.11994096636784,R4-VAPOR-SIDE,REGION-4,SaturatedMixture,270.11994096636784,5.51317122799742,0.999999,true,SaturatedMixture,270.1203850252258,5.513233038932298,0.9999995548142673,true,0.0004440588579655014,6.181093487800382E-05,true,0.0005137228525280736,3.5596193356468575E-05,0.00026625516826150886,0.001903154074568647
182,270.11994096636784,R2-SIDE,REGION-2,SuperheatedVapor,270.11994096636784,5.51311609628514,,true,SuperheatedVapor,270.1191052897542,5.51309920013808,,true,-0.0008356766136330407,-1.6896147060130318E-05,true,0.0005137228525280736,3.5596193356468575E-05,0.00026625516826150886,0.001903154074568647
183,270.1535745382308,R1-SIDE,REGION-1,SubcooledLiquid,270.1535745382308,5.516126252742849,,true,SubcooledLiquid,270.153496655509,5.5163748326110875,,true,-7.788272182551736E-05,0.0002485798682387852,true,0.0005137228525280736,3.5596193356468575E-05,0.00026625516826150886,0.001903154074568647
183,270.1535745382308,R4-LIQUID-SIDE,REGION-4,SaturatedMixture,270.1535745382308,5.516071092031928,1E-06,true,SaturatedMixture,270.15352017735484,5.5160937963364916,9.814658685528284E-07,true,-5.436087599264283E-05,2.2704304563525568E-05,true,0.0005137228525280736,3.5596193356468575E-05,0.00026625516826150886,0.001903154074568647
183,270.1535745382308,R4-VAPOR-SIDE,REGION-4,SaturatedMixture,270.1535745382308,5.516071092031928,0.999999,true,SaturatedMixture,270.1540926753547,5.516143223539539,0.9999996477789751,true,0.000518137123890483,7.213150761131715E-05,true,0.0005137228525280736,3.5596193356468575E-05,0.00026625516826150886,0.001903154074568647
183,270.1535745382308,R2-SIDE,REGION-2,SuperheatedVapor,270.1535745382308,5.516015931321008,,true,SuperheatedVapor,270.15273937037273,5.515999117927847,,true,-0.0008351678580993394,-1.6813393161285717E-05,true,0.0005137228525280736,3.5596193356468575E-05,0.00026625516826150886,0.001903154074568647
184,270.18390763401965,R1-SIDE,REGION-1,SubcooledLiquid,270.18390763401965,5.518742576771705,,true,SubcooledLiquid,270.1838241983053,5.519016156379985,,true,-8.343571437308128E-05,0.0002735796082804498,true,0.0005137228525280736,3.5596193356468575E-05,0.00026625516826150886,0.001903154074568647
184,270.18390763401965,R4-LIQUID-SIDE,REGION-4,SaturatedMixture,270.18390763401965,5.5186873898978055,1E-06,true,SaturatedMixture,270.1838482424222,5.518712200995048,9.79732550745361E-07,true,-5.939159746048972E-05,2.4811097242505298E-05,true,0.0005137228525280736,3.5596193356468575E-05,0.00026625516826150886,0.001903154074568647
184,270.18390763401965,R4-VAPOR-SIDE,REGION-4,SaturatedMixture,270.18390763401965,5.5186873898978055,0.999999,true,SaturatedMixture,270.18447363462167,5.518766194873156,0.9999997076704763,true,0.000566000602020722,7.880497535062148E-05,true,0.0005137228525280736,3.5596193356468575E-05,0.00026625516826150886,0.001903154074568647
184,270.18390763401965,R2-SIDE,REGION-2,SuperheatedVapor,270.18390763401965,5.518632203023906,,true,SuperheatedVapor,270.18307194453996,5.518615323880188,,true,-0.0008356894796861525,-1.6879143718284695E-05,true,0.0005137228525280736,3.5596193356468575E-05,0.00026625516826150886,0.001903154074568647
185,270.1870496869085,R1-SIDE,REGION-1,SubcooledLiquid,270.1870496869085,5.519013642770445,,true,SubcooledLiquid,270.18696579382004,5.51928927597231,,true,-8.38930884583533E-05,0.00027563320186452245,true,0.0005137228525280736,3.5596193356468575E-05,0.00026625516826150886,0.001903154074568647
185,270.1870496869085,R4-LIQUID-SIDE,REGION-4,SaturatedMixture,270.1870496869085,5.518958453185912,1E-06,true,SaturatedMixture,270.1869898911631,5.518983438467008,9.795887412549104E-07,true,-5.979574541470356E-05,2.4985281095624146E-05,true,0.0005137228525280736,3.5596193356468575E-05,0.00026625516826150886,0.001903154074568647
185,270.1870496869085,R4-VAPOR-SIDE,REGION-4,SaturatedMixture,270.1870496869085,5.518958453185912,0.999999,true,SaturatedMixture,270.18761963046086,5.5190378076563205,0.9999997127750513,true,0.0005699435523638385,7.93544704080773E-05,true,0.0005137228525280736,3.5596193356468575E-05,0.00026625516826150886,0.001903154074568647
185,270.1870496869085,R2-SIDE,REGION-2,SuperheatedVapor,270.1870496869085,5.518903263601381,,true,SuperheatedVapor,270.186214285441,5.518886426644779,,true,-0.0008354014674978316,-1.6836956601373743E-05,true,0.0005137228525280736,3.5596193356468575E-05,0.00026625516826150886,0.001903154074568647
186,270.2203527688979,R1-SIDE,REGION-1,SubcooledLiquid,270.2203527688979,5.521887336209744,,true,SubcooledLiquid,270.2202653882473,5.522178554334993,,true,-8.738065059787914E-05,0.0002912181252492374,true,0.0005137228525280736,3.5596193356468575E-05,0.00026625516826150886,0.001903154074568647
186,270.2203527688979,R4-LIQUID-SIDE,REGION-4,SaturatedMixture,270.2203527688979,5.5218321178885645,1E-06,true,SaturatedMixture,270.2202898142126,5.52185842153791,9.784962048045689E-07,true,-6.2954685290606E-05,2.6303649345749136E-05,true,0.0005137228525280736,3.5596193356468575E-05,0.00026625516826150886,0.001903154074568647
186,270.2203527688979,R4-VAPOR-SIDE,REGION-4,SaturatedMixture,270.2203527688979,5.5218321178885645,0.999999,true,SaturatedMixture,270.22095258015645,5.521915642116646,0.9999997504039,true,0.000599811258553018,8.352422808144411E-05,true,0.0005137228525280736,3.5596193356468575E-05,0.00026625516826150886,0.001903154074568647
186,270.2203527688979,R2-SIDE,REGION-2,SuperheatedVapor,270.2203527688979,5.521776899567386,,true,SuperheatedVapor,270.2195165078937,5.521759949267291,,true,-0.0008362610042240703,-1.6950300095075477E-05,true,0.0005137228525280736,3.5596193356468575E-05,0.00026625516826150886,0.001903154074568647
187,270.25347097516044,R1-SIDE,REGION-1,SubcooledLiquid,270.25347097516044,5.524746209731666,,true,SubcooledLiquid,270.2533825924413,5.5250417303594235,,true,-8.838271912736673E-05,0.00029552062775728416,true,0.0005137228525280736,3.5596193356468575E-05,0.00026625516826150886,0.001903154074568647
187,270.25347097516044,R4-LIQUID-SIDE,REGION-4,SaturatedMixture,270.25347097516044,5.524690962822038,1E-06,true,SaturatedMixture,270.25340711171066,5.524717637444192,9.781774280777785E-07,true,-6.386344978182024E-05,2.6674622154665428E-05,true,0.0005137228525280736,3.5596193356468575E-05,0.00026625516826150886,0.001903154074568647
187,270.25347097516044,R4-VAPOR-SIDE,REGION-4,SaturatedMixture,270.25347097516044,5.524690962822038,0.999999,true,SaturatedMixture,270.2540790658728,5.524775651297212,0.9999997610345869,true,0.0006080907123759971,8.468847517395517E-05,true,0.0005137228525280736,3.5596193356468575E-05,0.00026625516826150886,0.001903154074568647
187,270.25347097516044,R2-SIDE,REGION-2,SuperheatedVapor,270.25347097516044,5.52463571591241,,true,SuperheatedVapor,270.2526352993457,5.5246188592707925,,true,-0.000835675814755632,-1.685664161765743E-05,true,0.0005137228525280736,3.5596193356468575E-05,0.00026625516826150886,0.001903154074568647
188,270.28639316558827,R1-SIDE,REGION-1,SubcooledLiquid,270.28639316558827,5.527589282502808,,true,SubcooledLiquid,270.28630622548974,5.527878024514925,,true,-8.694009852661111E-05,0.00028874201211692707,true,0.0005137228525280736,3.5596193356468575E-05,0.00026625516826150886,0.001903154074568647
188,270.28639316558827,R4-LIQUID-SIDE,REGION-4,SaturatedMixture,270.28639316558827,5.5275340071627355,1E-06,true,SaturatedMixture,270.2863306509429,5.527560125031535,9.786174351717271E-07,true,-6.25146453785419E-05,2.6117868799246935E-05,true,0.0005137228525280736,3.5596193356468575E-05,0.00026625516826150886,0.001903154074568647
188,270.28639316558827,R4-VAPOR-SIDE,REGION-4,SaturatedMixture,270.28639316558827,5.5275340071627355,0.999999,true,SaturatedMixture,270.28698832967405,5.5276169064005245,0.9999997451143133,true,0.0005951640857801976,8.289923778903585E-05,true,0.0005137228525280736,3.5596193356468575E-05,0.00026625516826150886,0.001903154074568647
188,270.28639316558827,R2-SIDE,REGION-2,SuperheatedVapor,270.28639316558827,5.527478731822664,,true,SuperheatedVapor,270.2855572049908,5.5274618440885375,,true,-0.0008359605974419537,-1.688773412666933E-05,true,0.0005137228525280736,3.5596193356468575E-05,0.00026625516826150886,0.001903154074568647
189,270.3190940141677,R1-SIDE,REGION-1,SubcooledLiquid,270.3190940141677,5.530414346505892,,true,SubcooledLiquid,270.3190109153019,5.530685453529322,,true,-8.309886584356718E-05,0.0002711070234298063,true,0.0005137228525280736,3.5596193356468575E-05,0.00026625516826150886,0.001903154074568647
189,270.3190940141677,R4-LIQUID-SIDE,REGION-4,SaturatedMixture,270.3190940141677,5.530359042915462,1E-06,true,SaturatedMixture,270.31903499383895,5.530383688077954,9.798090738241136E-07,true,-5.902032876292651E-05,2.4645162492120676E-05,true,0.0005137228525280736,3.5596193356468575E-05,0.00026625516826150886,0.001903154074568647
189,270.3190940141677,R4-VAPOR-SIDE,REGION-4,SaturatedMixture,270.3190940141677,5.530359042915462,0.999999,true,SaturatedMixture,270.31965548301014,5.530437258648071,0.9999997033281768,true,0.0005614688424202541,7.821573260891057E-05,true,0.0005137228525280736,3.5596193356468575E-05,0.00026625516826150886,0.001903154074568647
189,270.3190940141677,R2-SIDE,REGION-2,SuperheatedVapor,270.3190940141677,5.530303739325033,,true,SuperheatedVapor,270.3182574481509,5.530286774394509,,true,-0.0008365660168010436,-1.6964930524387967E-05,true,0.0005137228525280736,3.5596193356468575E-05,0.00026625516826150886,0.001903154074568647
190,270.3355482459067,R1-SIDE,REGION-1,SubcooledLiquid,270.3355482459067,5.5318362633983105,,true,SubcooledLiquid,270.3354679879467,5.532094391087602,,true,-8.025796000765695E-05,0.0002581276892916762,true,0.0005137228525280736,3.5596193356468575E-05,0.00026625516826150886,0.001903154074568647
190,270.3355482459067,R4-LIQUID-SIDE,REGION-4,SaturatedMixture,270.3355482459067,5.531780945588854,1E-06,true,SaturatedMixture,270.33549180420766,5.531804503709907,9.806929808381407E-07,true,-5.644169903007423E-05,2.3558121053035563E-05,true,0.0005137228525280736,3.5596193356468575E-05,0.00026625516826150886,0.001903154074568647
190,270.3355482459067,R4-VAPOR-SIDE,REGION-4,SaturatedMixture,270.3355482459067,5.531780945588854,0.999999,true,SaturatedMixture,270.3360848917182,5.531855708529497,0.9999996722842992,true,0.0005366458115076966,7.476294064279188E-05,true,0.0005137228525280736,3.5596193356468575E-05,0.00026625516826150886,0.001903154074568647
190,270.3355482459067,R2-SIDE,REGION-2,SuperheatedVapor,270.3355482459067,5.531725627779398,,true,SuperheatedVapor,270.33471201048906,5.531708715153725,,true,-0.000836235417636999,-1.691262567327101E-05,true,0.0005137228525280736,3.5596193356468575E-05,0.00026625516826150886,0.001903154074568647
191,270.3515844941138,R1-SIDE,REGION-1,SubcooledLiquid,270.3515844941138,5.533222328197586,,true,SubcooledLiquid,270.35150759007934,5.53346516291828,,true,-7.690403447213612E-05,0.00024283472069441814,true,0.0005137228525280736,3.5596193356468575E-05,0.00026625516826150886,0.001903154074568647
191,270.3515844941138,R4-LIQUID-SIDE,REGION-4,SaturatedMixture,270.3515844941138,5.53316699652762,1E-06,true,SaturatedMixture,270.35153114346497,5.533189276544489,9.81733773023489E-07,true,-5.335064884093299E-05,2.2280016868769792E-05,true,0.0005137228525280736,3.5596193356468575E-05,0.00026625516826150886,0.001903154074568647
191,270.3515844941138,R4-VAPOR-SIDE,REGION-4,SaturatedMixture,270.3515844941138,5.53316699652762,0.999999,true,SaturatedMixture,270.35209189036334,5.533237689204122,0.999999635731845,true,0.0005073962495316664,7.069267650194888E-05,true,0.0005137228525280736,3.5596193356468575E-05,0.00026625516826150886,0.001903154074568647
191,270.3515844941138,R2-SIDE,REGION-2,SuperheatedVapor,270.3515844941138,5.533111664857655,,true,SuperheatedVapor,270.3507483715929,5.53309477318922,,true,-0.0008361225209227996,-1.6891668434659834E-05,true,0.0005137228525280736,3.5596193356468575E-05,0.00026625516826150886,0.001903154074568647
192,270.38385555148113,R1-SIDE,REGION-1,SubcooledLiquid,270.38385555148113,5.536012423790548,,true,SubcooledLiquid,270.38378714832595,5.536216578988086,,true,-6.84031551827502E-05,0.00020415519753846922,true,0.0005137228525280736,3.5596193356468575E-05,0.00026625516826150886,0.001903154074568647
192,270.38385555148113,R4-LIQUID-SIDE,REGION-4,SaturatedMixture,270.38385555148113,5.535957064219906,1E-06,true,SaturatedMixture,270.38380996389276,5.535976101671424,9.843812143482109E-07,true,-4.558758837447385E-05,1.9037451518322257E-05,true,0.0005137228525280736,3.5596193356468575E-05,0.00026625516826150886,0.001903154074568647
192,270.38385555148113,R4-VAPOR-SIDE,REGION-4,SaturatedMixture,270.38385555148113,5.535957064219906,0.999999,true,SaturatedMixture,270.3842889489082,5.536017455334875,0.9999995430817585,true,0.0004333974270593899,6.0391114969249315E-05,true,0.0005137228525280736,3.5596193356468575E-05,0.00026625516826150886,0.001903154074568647
192,270.38385555148113,R2-SIDE,REGION-2,SuperheatedVapor,270.38385555148113,5.535901704649263,,true,SuperheatedVapor,270.38301882804126,5.5358847362651,,true,-0.0008367234398747314,-1.6968384163540406E-05,true,0.0005137228525280736,3.5596193356468575E-05,0.00026625516826150886,0.001903154074568647
193,270.41057386994373,R1-SIDE,REGION-1,SubcooledLiquid,270.41057386994373,5.538323252653933,,true,SubcooledLiquid,270.41051427645243,5.538487398042597,,true,-5.959349130080227E-05,0.00016414538866360573,true,0.0005137228525280736,3.5596193356468575E-05,0.00026625516826150886,0.001903154074568647
193,270.41057386994373,R4-LIQUID-SIDE,REGION-4,SaturatedMixture,270.41057386994373,5.5382678699752335,1E-06,true,SaturatedMixture,270.4105363316784,5.538283550094527,9.87128052398638E-07,true,-3.753826536012639E-05,1.568011929364843E-05,true,0.0005137228525280736,3.5596193356468575E-05,0.00026625516826150886,0.001903154074568647
193,270.41057386994373,R4-VAPOR-SIDE,REGION-4,SaturatedMixture,270.41057386994373,5.5382678699752335,0.999999,true,SaturatedMixture,270.4109307311529,5.538317600978392,0.9999994475050296,true,0.00035686120918398956,4.973100315819323E-05,true,0.0005137228525280736,3.5596193356468575E-05,0.00026625516826150886,0.001903154074568647
193,270.41057386994373,R2-SIDE,REGION-2,SuperheatedVapor,270.41057386994373,5.538212487296534,,true,SuperheatedVapor,270.4097374483863,5.53819557018124,,true,-0.0008364215574374612,-1.6917115294390328E-05,true,0.0005137228525280736,3.5596193356468575E-05,0.00026625516826150886,0.001903154074568647
194,270.4159002184865,R1-SIDE,REGION-1,SubcooledLiquid,270.4159002184865,5.538784008895023,,true,SubcooledLiquid,270.41584257312536,5.538939313969453,,true,-5.764536115293595E-05,0.0001553050744300677,true,0.0005137228525280736,3.5596193356468575E-05,0.00026625516826150886,0.001903154074568647
194,270.4159002184865,R4-LIQUID-SIDE,REGION-4,SaturatedMixture,270.4159002184865,5.538728621608807,1E-06,true,SaturatedMixture,270.41586442024084,5.538743556094986,9.877391826706423E-07,true,-3.579824567623291E-05,1.49344861792855E-05,true,0.0005137228525280736,3.5596193356468575E-05,0.00026625516826150886,0.001903154074568647
194,270.4159002184865,R4-VAPOR-SIDE,REGION-4,SaturatedMixture,270.4159002184865,5.538728621608807,0.999999,true,SaturatedMixture,270.4162401599307,5.53877599596716,0.9999994262454358,true,0.0003399414441673798,4.737435835266979E-05,true,0.0005137228525280736,3.5596193356468575E-05,0.00026625516826150886,0.001903154074568647
194,270.4159002184865,R2-SIDE,REGION-2,SuperheatedVapor,270.4159002184865,5.538673234322591,,true,SuperheatedVapor,270.4150635387896,5.538656281700053,,true,-0.0008366796969312418,-1.695262253775809E-05,true,0.0005137228525280736,3.5596193356468575E-05,0.00026625516826150886,0.001903154074568647
195,270.4477130711076,R1-SIDE,REGION-1,SubcooledLiquid,270.4477130711076,5.541536591941711,,true,SubcooledLiquid,270.4476683902875,5.541633116942764,,true,-4.4680820110443165E-05,9.652500105250539E-05,true,0.0005137228525280736,3.5596193356468575E-05,0.00026625516826150886,0.001903154074568647
195,270.4477130711076,R4-LIQUID-SIDE,REGION-4,SaturatedMixture,270.4477130711076,5.54148117712994,1E-06,true,SaturatedMixture,270.4476891292102,5.541491175042544,9.917860404881573E-07,true,-2.394189743881725E-05,9.997912603587622E-06,true,0.0005137228525280736,3.5596193356468575E-05,0.00026625516826150886,0.001903154074568647
195,270.4477130711076,R4-VAPOR-SIDE,REGION-4,SaturatedMixture,270.4477130711076,5.54148117712994,0.999999,true,SaturatedMixture,270.4479405409012,5.541512880929215,0.9999992854843744,true,0.00022746979357179953,3.170379927475153E-05,true,0.0005137228525280736,3.5596193356468575E-05,0.00026625516826150886,0.001903154074568647
195,270.4477130711076,R2-SIDE,REGION-2,SuperheatedVapor,270.4477130711076,5.541425762318169,,true,SuperheatedVapor,270.4468763709475,5.54140881619428,,true,-0.0008367001601072843,-1.694612388902783E-05,true,0.0005137228525280736,3.5596193356468575E-05,0.00026625516826150886,0.001903154074568647
196,270.47928985357294,R1-SIDE,REGION-1,SubcooledLiquid,270.47928985357294,5.544269781940359,,true,SubcooledLiquid,270.47926029322934,5.544297839834218,,true,-2.956034359158366E-05,2.805789385984525E-05,true,0.0005137228525280736,3.5596193356468575E-05,0.00026625516826150886,0.001903154074568647
196,270.47928985357294,R4-LIQUID-SIDE,REGION-4,SaturatedMixture,270.47928985357294,5.5442143397969605,1E-06,true,SaturatedMixture,270.4792797009187,5.544218579509145,9.96514386283623E-07,true,-1.0152654226658342E-05,4.239712184883615E-06,true,0.0005137228525280736,3.5596193356468575E-05,0.00026625516826150886,0.001903154074568647
196,270.47928985357294,R4-VAPOR-SIDE,REGION-4,SaturatedMixture,270.47928985357294,5.5442143397969605,0.999999,true,SaturatedMixture,270.4793862838935,5.544227781459773,0.9999991210996162,true,9.643032058193057E-05,1.344166281214143E-05,true,0.0005137228525280736,3.5596193356468575E-05,0.00026625516826150886,0.001903154074568647
196,270.47928985357294,R2-SIDE,REGION-2,SuperheatedVapor,270.47928985357294,5.5441588976535625,,true,SuperheatedVapor,270.4784524343228,5.544141857518118,,true,-0.0008374192501605648,-1.704013544490124E-05,true,0.0005137228525280736,3.5596193356468575E-05,0.00026625516826150886,0.001903154074568647
197,270.48048021793363,R1-SIDE,REGION-1,SubcooledLiquid,270.48048021793363,5.544372836377528,,true,SubcooledLiquid,270.48045127149464,5.544398116089254,,true,-2.8946438987986767E-05,2.5279711725723075E-05,true,0.0005137228525280736,3.5596193356468575E-05,0.00026625516826150886,0.001903154074568647
197,270.48048021793363,R4-LIQUID-SIDE,REGION-4,SaturatedMixture,270.48048021793363,5.544317393203595,1E-06,true,SaturatedMixture,270.4804706242047,5.544321399094679,9.96706543177557E-07,true,-9.593728918844135E-06,4.005891083735946E-06,true,0.0005137228525280736,3.5596193356468575E-05,0.00026625516826150886,0.001903154074568647
197,270.48048021793363,R4-VAPOR-SIDE,REGION-4,SaturatedMixture,270.48048021793363,5.544317393203595,0.999999,true,SaturatedMixture,270.48057132954625,5.544330093593809,0.9999991144051495,true,9.111161261898815E-05,1.270039021328273E-05,true,0.0005137228525280736,3.5596193356468575E-05,0.00026625516826150886,0.001903154074568647
197,270.48048021793363,R2-SIDE,REGION-2,SuperheatedVapor,270.48048021793363,5.5442619500296635,,true,SuperheatedVapor,270.479642598213,5.544244881426911,,true,-0.0008376197206416691,-1.7068602752523532E-05,true,0.0005137228525280736,3.5596193356468575E-05,0.00026625516826150886,0.001903154074568647
198,270.50527734756463,R1-SIDE,REGION-1,SubcooledLiquid,270.50527734756463,5.5465199521956965,,true,SubcooledLiquid,270.50525599646005,5.5465108488884125,,true,-2.1351104578570812E-05,-9.10330728398634E-06,true,0.0005137228525280736,3.5596193356468575E-05,0.00026625516826150886,0.001903154074568647
198,270.50527734756463,R4-LIQUID-SIDE,REGION-4,SaturatedMixture,270.50527734756463,5.54646448755082,1E-06,true,SaturatedMixture,270.5052746685252,5.546465604349218,9.990774121602206E-07,true,-2.6790394258568995E-06,1.1167983977600215E-06,true,0.0005137228525280736,3.5596193356468575E-05,0.00026625516826150886,0.001903154074568647
198,270.50527734756463,R4-VAPOR-SIDE,REGION-4,SaturatedMixture,270.50527734756463,5.54646448755082,0.999999,true,SaturatedMixture,270.50530278414124,5.546468046252123,0.9999990322490704,true,2.5436576606807648E-05,3.5587013025306646E-06,true,0.0005137228525280736,3.5596193356468575E-05,0.00026625516826150886,0.001903154074568647
198,270.50527734756463,R2-SIDE,REGION-2,SuperheatedVapor,270.50527734756463,5.546409022905945,,true,SuperheatedVapor,270.5044401601565,5.546392023811378,,true,-0.0008371874081376518,-1.699909456753801E-05,true,0.0005137228525280736,3.5596193356468575E-05,0.00026625516826150886,0.001903154074568647
199,270.5106271028518,R1-SIDE,REGION-1,SubcooledLiquid,270.5106271028518,5.546983256160386,,true,SubcooledLiquid,270.510602827835,5.546987354280602,,true,-2.4275016812680406E-05,4.098120215623169E-06,true,0.0005137228525280736,3.5596193356468575E-05,0.00026625516826150886,0.001903154074568647
199,270.5106271028518,R4-LIQUID-SIDE,REGION-4,SaturatedMixture,270.5106271028518,5.546927786882517,1E-06,true,SaturatedMixture,270.5106217749201,5.546930012266619,9.981612918486287E-07,true,-5.327931717147294E-06,2.2253841027719545E-06,true,0.0005137228525280736,3.5596193356468575E-05,0.00026625516826150886,0.001903154074568647
199,270.5106271028518,R4-VAPOR-SIDE,REGION-4,SaturatedMixture,270.5106271028518,5.546927786882517,0.999999,true,SaturatedMixture,270.51067776517914,5.54693487514341,0.9999990641737638,true,5.066232733952347E-05,7.088260893794995E-06,true,0.0005137228525280736,3.5596193356468575E-05,0.00026625516826150886,0.001903154074568647
199,270.5106271028518,R2-SIDE,REGION-2,SuperheatedVapor,270.5106271028518,5.546872317604648,,true,SuperheatedVapor,270.50979016643237,5.546855356190515,,true,-0.000836936419432277,-1.696141413276564E-05,true,0.0005137228525280736,3.5596193356468575E-05,0.00026625516826150886,0.001903154074568647
200,270.54172206521014,R1-SIDE,REGION-1,SubcooledLiquid,270.54172206521014,5.549676753038823,,true,SubcooledLiquid,270.5416820703052,5.5497517813231045,,true,-3.9994904909690376E-05,7.502828428140873E-05,true,0.0005137228525280736,3.5596193356468575E-05,0.00026625516826150886,0.001903154074568647
200,270.54172206521014,R4-LIQUID-SIDE,REGION-4,SaturatedMixture,270.54172206521014,5.549621256826255,1E-06,true,SaturatedMixture,270.54170241941506,5.549629434405493,9.932394385055194E-07,true,-1.964579507784947E-05,8.177579238655142E-06,true,0.0005137228525280736,3.5596193356468575E-05,0.00026625516826150886,0.001903154074568647
200,270.54172206521014,R4-VAPOR-SIDE,REGION-4,SaturatedMixture,270.54172206521014,5.549621256826255,0.999999,true,SaturatedMixture,270.5419082472696,5.54964731100606,0.9999992353605046,true,0.00018618205945131194,2.605417980561242E-05,true,0.0005137228525280736,3.5596193356468575E-05,0.00026625516826150886,0.001903154074568647
200,270.54172206521014,R2-SIDE,REGION-2,SuperheatedVapor,270.54172206521014,5.549565760613687,,true,SuperheatedVapor,270.54088421938263,5.549548677605128,,true,-0.0008378458275046796,-1.7083008558849144E-05,true,0.0005137228525280736,3.5596193356468575E-05,0.00026625516826150886,0.001903154074568647
201,270.5621895730495,R1-SIDE,REGION-1,SubcooledLiquid,270.5621895730495,5.551450227208336,,true,SubcooledLiquid,270.5621404187099,5.551566543247037,,true,-4.915433964924887E-05,0.0001163160387012141,true,0.0005137228525280736,3.5596193356468575E-05,0.00026625516826150886,0.001903154074568647
201,270.5621895730495,R4-LIQUID-SIDE,REGION-4,SaturatedMixture,270.5621895730495,5.551394713261203,1E-06,true,SaturatedMixture,270.5621615983463,5.551406358965711,9.903679640196708E-07,true,-2.7974703243671684E-05,1.1645704508289612E-05,true,0.0005137228525280736,3.5596193356468575E-05,0.00026625516826150886,0.001903154074568647
201,270.5621895730495,R4-VAPOR-SIDE,REGION-4,SaturatedMixture,270.5621895730495,5.551394713261203,0.999999,true,SaturatedMixture,270.5624546571315,5.551431811763917,0.99999933524745,true,0.0002650840820024314,3.7098502714272286E-05,true,0.0005137228525280736,3.5596193356468575E-05,0.00026625516826150886,0.001903154074568647
201,270.5621895730495,R2-SIDE,REGION-2,SuperheatedVapor,270.5621895730495,5.551339199314071,,true,SuperheatedVapor,270.5613516967203,5.5513221179765795,,true,-0.000837876329228493,-1.7081337491120507E-05,true,0.0005137228525280736,3.5596193356468575E-05,0.00026625516826150886,0.001903154074568647
202,270.5725726544857,R1-SIDE,REGION-1,SubcooledLiquid,270.5725726544857,5.552350068685861,,true,SubcooledLiquid,270.5725192142461,5.552485691648225,,true,-5.344023963971267E-05,0.00013562296236369065,true,0.0005137228525280736,3.5596193356468575E-05,0.00026625516826150886,0.001903154074568647
202,270.5725726544857,R4-LIQUID-SIDE,REGION-4,SaturatedMixture,270.5725726544857,5.552294545740403,1E-06,true,SaturatedMixture,270.5725407543897,5.55230781143111,9.890259526468199E-07,true,-3.190009601894417E-05,1.3265690706809607E-05,true,0.0005137228525280736,3.5596193356468575E-05,0.00026625516826150886,0.001903154074568647
202,270.5725726544857,R4-VAPOR-SIDE,REGION-4,SaturatedMixture,270.5725726544857,5.552294545740403,0.999999,true,SaturatedMixture,270.5728746502822,5.552336811021662,0.9999993822090757,true,0.0003019957964625064,4.226528125883533E-05,true,0.0005137228525280736,3.5596193356468575E-05,0.00026625516826150886,0.001903154074568647
202,270.5725726544857,R2-SIDE,REGION-2,SuperheatedVapor,270.5725726544857,5.552239022794946,,true,SuperheatedVapor,270.57173537217636,5.552222030025262,,true,-0.0008372823093623083,-1.6992769683810138E-05,true,0.0005137228525280736,3.5596193356468575E-05,0.00026625516826150886,0.001903154074568647
203,270.60145553350435,R1-SIDE,REGION-1,SubcooledLiquid,270.60145553350435,5.554853766150931,,true,SubcooledLiquid,270.6013914483367,5.555037298843873,,true,-6.408516765077366E-05,0.00018353269294202335,true,0.0005137228525280736,3.5596193356468575E-05,0.00026625516826150886,0.001903154074568647
203,270.60145553350435,R4-LIQUID-SIDE,REGION-4,SaturatedMixture,270.60145553350435,5.554798218168749,1E-06,true,SaturatedMixture,270.6014139971918,5.5548155158917805,9.856808775737023E-07,true,-4.1536312551215815E-05,1.7297723031717283E-05,true,0.0005137228525280736,3.5596193356468575E-05,0.00026625516826150886,0.001903154074568647
203,270.60145553350435,R4-VAPOR-SIDE,REGION-4,SaturatedMixture,270.60145553350435,5.554798218168749,0.999999,true,SaturatedMixture,270.60184909883276,5.5548533054235705,0.999999498223388,true,0.0003935653284088403,5.508725482172849E-05,true,0.0005137228525280736,3.5596193356468575E-05,0.00026625516826150886,0.001903154074568647
203,270.60145553350435,R2-SIDE,REGION-2,SuperheatedVapor,270.60145553350435,5.554742670186568,,true,SuperheatedVapor,270.6006173355006,5.554725554172894,,true,-0.0008381980037484027,-1.711601367393456E-05,true,0.0005137228525280736,3.5596193356468575E-05,0.00026625516826150886,0.001903154074568647
204,270.6031772851942,R1-SIDE,REGION-1,SubcooledLiquid,270.6031772851942,5.555003042527264,,true,SubcooledLiquid,270.6031126248241,5.555189161959045,,true,-6.466037007157865E-05,0.00018611943178115098,true,0.0005137228525280736,3.5596193356468575E-05,0.00026625516826150886,0.001903154074568647
204,270.6031772851942,R4-LIQUID-SIDE,REGION-4,SaturatedMixture,270.6031772851942,5.554947493052333,1E-06,true,SaturatedMixture,270.6031352049414,5.554965006559716,9.855019634287246E-07,true,-4.2080252796949935E-05,1.751350738299351E-05,true,0.0005137228525280736,3.5596193356468575E-05,0.00026625516826150886,0.001903154074568647
204,270.6031772851942,R4-VAPOR-SIDE,REGION-4,SaturatedMixture,270.6031772851942,5.554947493052333,0.999999,true,SaturatedMixture,270.60357578237915,5.555003271676429,0.999999504272978,true,0.0003984971849604335,5.5778624096447516E-05,true,0.0005137228525280736,3.5596193356468575E-05,0.00026625516826150886,0.001903154074568647
204,270.6031772851942,R2-SIDE,REGION-2,SuperheatedVapor,270.6031772851942,5.5548919435774025,,true,SuperheatedVapor,270.6023393429764,5.554874864904084,,true,-0.0008379422177995366,-1.7078673318238202E-05,true,0.0005137228525280736,3.5596193356468575E-05,0.00026625516826150886,0.001903154074568647
205,270.61141203641887,R1-SIDE,REGION-1,SubcooledLiquid,270.61141203641887,5.5557170402299905,,true,SubcooledLiquid,270.6113447173627,5.555915112685722,,true,-6.731905614287825E-05,0.00019807245573133514,true,0.0005137228525280736,3.5596193356468575E-05,0.00026625516826150886,0.001903154074568647
205,270.61141203641887,R4-LIQUID-SIDE,REGION-4,SaturatedMixture,270.61141203641887,5.555661483615154,1E-06,true,SaturatedMixture,270.61136753439916,5.555680002427838,9.846670692003446E-07,true,-4.450201970485068E-05,1.851881268422062E-05,true,0.0005137228525280736,3.5596193356468575E-05,0.00026625516826150886,0.001903154074568647
205,270.61141203641887,R4-VAPOR-SIDE,REGION-4,SaturatedMixture,270.61141203641887,5.555661483615154,0.999999,true,SaturatedMixture,270.6118333910159,5.555720463096715,0.9999995333991363,true,0.00042135459705150424,5.89794815608613E-05,true,0.0005137228525280736,3.5596193356468575E-05,0.00026625516826150886,0.001903154074568647
205,270.61141203641887,R2-SIDE,REGION-2,SuperheatedVapor,270.61141203641887,5.555605927000318,,true,SuperheatedVapor,270.6105745780816,5.555588920442396,,true,-0.0008374583372869893,-1.7006557921916965E-05,true,0.0005137228525280736,3.5596193356468575E-05,0.00026625516826150886,0.001903154074568647
206,270.63353503942506,R1-SIDE,REGION-1,SubcooledLiquid,270.63353503942506,5.5576355718635835,,true,SubcooledLiquid,270.6334613345249,5.557862327370855,,true,-7.370490016000986E-05,0.00022675550727146998,true,0.0005137228525280736,3.5596193356468575E-05,0.00026625516826150886,0.001903154074568647
206,270.63353503942506,R4-LIQUID-SIDE,REGION-4,SaturatedMixture,270.63353503942506,5.557579996063622,1E-06,true,SaturatedMixture,270.63348474462225,5.557600930642058,9.826584360607186E-07,true,-5.0294802804273786E-05,2.09345784361048E-05,true,0.0005137228525280736,3.5596193356468575E-05,0.00026625516826150886,0.001903154074568647
206,270.63353503942506,R4-VAPOR-SIDE,REGION-4,SaturatedMixture,270.63353503942506,5.557579996063622,0.999999,true,SaturatedMixture,270.63401122429775,5.557646656556532,0.999999602909059,true,0.0004761848726957396,6.666049290959819E-05,true,0.0005137228525280736,3.5596193356468575E-05,0.00026625516826150886,0.001903154074568647
206,270.63353503942506,R2-SIDE,REGION-2,SuperheatedVapor,270.63353503942506,5.557524420263662,,true,SuperheatedVapor,270.6326974044123,5.5575073948421485,,true,-0.0008376350127718979,-1.702542151349462E-05,true,0.0005137228525280736,3.5596193356468575E-05,0.00026625516826150886,0.001903154074568647
207,270.6571163117886,R1-SIDE,REGION-1,SubcooledLiquid,270.6571163117886,5.5596811231734575,,true,SubcooledLiquid,270.65703701498603,5.559932952038476,,true,-7.929680259621819E-05,0.00025182886501884383,true,0.0005137228525280736,3.5596193356468575E-05,0.00026625516826150886,0.001903154074568647
207,270.6571163117886,R4-LIQUID-SIDE,REGION-4,SaturatedMixture,270.6571163117886,5.559625526918188,1E-06,true,SaturatedMixture,270.6570609448182,5.559648575335182,9.808975386025921E-07,true,-5.536697040042782E-05,2.3048416994519982E-05,true,0.0005137228525280736,3.5596193356468575E-05,0.00026625516826150886,0.001903154074568647
207,270.6571163117886,R4-VAPOR-SIDE,REGION-4,SaturatedMixture,270.6571163117886,5.559625526918188,0.999999,true,SaturatedMixture,270.6576404442211,5.55969890612929,0.9999996638997457,true,0.0005241324324742891,7.33792111020648E-05,true,0.0005137228525280736,3.5596193356468575E-05,0.00026625516826150886,0.001903154074568647
207,270.6571163117886,R2-SIDE,REGION-2,SuperheatedVapor,270.6571163117886,5.559569930662919,,true,SuperheatedVapor,270.65627826538866,5.559552852989126,,true,-0.0008380463999628773,-1.7077673793330916E-05,true,0.0005137228525280736,3.5596193356468575E-05,0.00026625516826150886,0.001903154074568647
208,270.6636452496051,R1-SIDE,REGION-1,SubcooledLiquid,270.6636452496051,5.560247575777272,,true,SubcooledLiquid,270.663564626233,5.56050534389166,,true,-8.062337212777493E-05,0.00025776811438849023,true,0.0005137228525280736,3.5596193356468575E-05,0.00026625516826150886,0.001903154074568647
208,270.6636452496051,R4-LIQUID-SIDE,REGION-4,SaturatedMixture,270.6636452496051,5.560191973857533,1E-06,true,SaturatedMixture,270.6635886851295,5.5602155238975755,9.804789476606331E-07,true,-5.656447558521904E-05,2.3550040042508158E-05,true,0.0005137228525280736,3.5596193356468575E-05,0.00026625516826150886,0.001903154074568647
208,270.6636452496051,R4-VAPOR-SIDE,REGION-4,SaturatedMixture,270.6636452496051,5.560191973857533,0.999999,true,SaturatedMixture,270.6641807475828,5.560266945820116,0.9999996784692314,true,0.0005354979776939217,7.497196258299255E-05,true,0.0005137228525280736,3.5596193356468575E-05,0.00026625516826150886,0.001903154074568647
208,270.6636452496051,R2-SIDE,REGION-2,SuperheatedVapor,270.6636452496051,5.560136371937794,,true,SuperheatedVapor,270.6628070583449,5.560119275339412,,true,-0.0008381912601862496,-1.7096598382337902E-05,true,0.0005137228525280736,3.5596193356468575E-05,0.00026625516826150886,0.001903154074568647
209,270.6935077905654,R1-SIDE,REGION-1,SubcooledLiquid,270.6935077905654,5.562839020523507,,true,SubcooledLiquid,270.6934223253528,5.56311841358032,,true,-8.546521257812856E-05,0.00027939305681368154,true,0.0005137228525280736,3.5596193356468575E-05,0.00026625516826150886,0.001903154074568647
209,270.6935077905654,R4-LIQUID-SIDE,REGION-4,SaturatedMixture,270.6935077905654,5.562783392689579,1E-06,true,SaturatedMixture,270.6934468186497,5.562808768277125,9.789522668209625E-07,true,-6.09719156727806E-05,2.5375587545894973E-05,true,0.0005137228525280736,3.5596193356468575E-05,0.00026625516826150886,0.001903154074568647
209,270.6935077905654,R4-VAPOR-SIDE,REGION-4,SaturatedMixture,270.6935077905654,5.562783392689579,0.999999,true,SaturatedMixture,270.69408465070467,5.562864165389966,0.9999997310702812,true,0.0005768601392901473,8.077270038686635E-05,true,0.0005137228525280736,3.5596193356468575E-05,0.00026625516826150886,0.001903154074568647
209,270.6935077905654,R2-SIDE,REGION-2,SuperheatedVapor,270.6935077905654,5.562727764855652,,true,SuperheatedVapor,270.69266984755996,5.562710712907774,,true,-0.0008379430054219483,-1.7051947878599094E-05,true,0.0005137228525280736,3.5596193356468575E-05,0.00026625516826150886,0.001903154074568647
210,270.7052416622638,R1-SIDE,REGION-1,SubcooledLiquid,270.7052416622638,5.563857527797508,,true,SubcooledLiquid,270.70515484519694,5.564142930670868,,true,-8.681706685820245E-05,0.0002854028733594305,true,0.0005137228525280736,3.5596193356468575E-05,0.00026625516826150886,0.001903154074568647
210,270.7052416622638,R4-LIQUID-SIDE,REGION-4,SaturatedMixture,270.7052416622638,5.563801889778611,1E-06,true,SaturatedMixture,270.7051794579389,5.563827773730829,9.785252267987185E-07,true,-6.220432487680227E-05,2.588395221803097E-05,true,0.0005137228525280736,3.5596193356468575E-05,0.00026625516826150886,0.001903154074568647
210,270.7052416622638,R4-VAPOR-SIDE,REGION-4,SaturatedMixture,270.7052416622638,5.563801889778611,0.999999,true,SaturatedMixture,270.7058300184809,5.563884276340673,0.9999997456533902,true,0.0005883562171220547,8.238656206227546E-05,true,0.0005137228525280736,3.5596193356468575E-05,0.00026625516826150886,0.001903154074568647
210,270.7052416622638,R2-SIDE,REGION-2,SuperheatedVapor,270.7052416622638,5.563746251759713,,true,SuperheatedVapor,270.7044034405343,5.563729163133061,,true,-0.0008382217295093142,-1.70886266515069E-05,true,0.0005137228525280736,3.5596193356468575E-05,0.00026625516826150886,0.001903154074568647
211,270.7231227874755,R1-SIDE,REGION-1,SubcooledLiquid,270.7231227874755,5.565409894256659,,true,SubcooledLiquid,270.72303450794504,5.565701758364666,,true,-8.827953047330084E-05,0.0002918641080071893,true,0.0005137228525280736,3.5596193356468575E-05,0.00026625516826150886,0.001903154074568647
211,270.7231227874755,R4-LIQUID-SIDE,REGION-4,SaturatedMixture,270.7231227874755,5.565354240714251,1E-06,true,SaturatedMixture,270.7230592656764,5.565380674245915,9.780606897977583E-07,true,-6.352179912028078E-05,2.643353166398299E-05,true,0.0005137228525280736,3.5596193356468575E-05,0.00026625516826150886,0.001903154074568647
211,270.7231227874755,R4-VAPOR-SIDE,REGION-4,SaturatedMixture,270.7231227874755,5.565354240714251,0.999999,true,SaturatedMixture,270.7237235160702,5.56543836584941,0.9999997614742495,true,0.0006007285946907359,8.412513515843045E-05,true,0.0005137228525280736,3.5596193356468575E-05,0.00026625516826150886,0.001903154074568647
211,270.7231227874755,R2-SIDE,REGION-2,SuperheatedVapor,270.7231227874755,5.565298587171845,,true,SuperheatedVapor,270.72228421919465,5.565281453896331,,true,-0.0008385682808693673,-1.7133275513891988E-05,true,0.0005137228525280736,3.5596193356468575E-05,0.00026625516826150886,0.001903154074568647
212,270.7234599530699,R1-SIDE,REGION-1,SubcooledLiquid,270.7234599530699,5.565439168776513,,true,SubcooledLiquid,270.7233716528966,5.5657311234410285,,true,-8.830017327454698E-05,0.0002919546645152593,true,0.0005137228525280736,3.5596193356468575E-05,0.00026625516826150886,0.001903154074568647
212,270.7234599530699,R4-LIQUID-SIDE,REGION-4,SaturatedMixture,270.7234599530699,5.565383514941363,1E-06,true,SaturatedMixture,270.72339642697284,5.565409957443948,9.780529120761742E-07,true,-6.352609705118084E-05,2.6442502584878014E-05,true,0.0005137228525280736,3.5596193356468575E-05,0.00026625516826150886,0.001903154074568647
212,270.7234599530699,R4-VAPOR-SIDE,REGION-4,SaturatedMixture,270.7234599530699,5.565383514941363,0.999999,true,SaturatedMixture,270.7240608616835,5.565467665055767,0.9999997618096822,true,0.0006009086135918551,8.41501144037693E-05,true,0.0005137228525280736,3.5596193356468575E-05,0.00026625516826150886,0.001903154074568647
212,270.7234599530699,R2-SIDE,REGION-2,SuperheatedVapor,270.7234599530699,5.565327861106214,,true,SuperheatedVapor,270.72262142892805,5.565310734295545,,true,-0.000838524141840935,-1.7126810669232384E-05,true,0.0005137228525280736,3.5596193356468575E-05,0.00026625516826150886,0.001903154074568647
213,270.7524907827377,R1-SIDE,REGION-1,SubcooledLiquid,270.7524907827377,5.567960221564447,,true,SubcooledLiquid,270.75240166770743,5.5682556342019485,,true,-8.911503027775325E-05,0.0002954126375014354,true,0.0005137228525280736,3.5596193356468575E-05,0.00026625516826150886,0.001903154074568647
213,270.7524907827377,R4-LIQUID-SIDE,REGION-4,SaturatedMixture,270.7524907827377,5.567904542519021,1E-06,true,SaturatedMixture,270.75242652401187,5.567931285039133,9.777899719826695E-07,true,-6.425872584259196E-05,2.6742520112144064E-05,true,0.0005137228525280736,3.5596193356468575E-05,0.00026625516826150886,0.001903154074568647
213,270.7524907827377,R4-VAPOR-SIDE,REGION-4,SaturatedMixture,270.7524907827377,5.567904542519021,0.999999,true,SaturatedMixture,270.7530983380108,5.567989633558332,0.9999997704250504,true,0.0006075552730635536,8.509103931064743E-05,true,0.0005137228525280736,3.5596193356468575E-05,0.00026625516826150886,0.001903154074568647
213,270.7524907827377,R2-SIDE,REGION-2,SuperheatedVapor,270.7524907827377,5.567848863473596,,true,SuperheatedVapor,270.7516525749588,5.567831790922929,,true,-0.0008382077788837705,-1.7072550667407427E-05,true,0.0005137228525280736,3.5596193356468575E-05,0.00026625516826150886,0.001903154074568647
214,270.7539018630981,R1-SIDE,REGION-1,SubcooledLiquid,270.7539018630981,5.56808278275514,,true,SubcooledLiquid,270.75381275696566,5.568378144910696,,true,-8.910613246371213E-05,0.00029536215555570067,true,0.0005137228525280736,3.5596193356468575E-05,0.00026625516826150886,0.001903154074568647
214,270.7539018630981,R4-LIQUID-SIDE,REGION-4,SaturatedMixture,270.7539018630981,5.568027102484115,1E-06,true,SaturatedMixture,270.75383758504483,5.568053838784499,9.777947938044488E-07,true,-6.427805328712566E-05,2.6736300383412015E-05,true,0.0005137228525280736,3.5596193356468575E-05,0.00026625516826150886,0.001903154074568647
214,270.7539018630981,R4-VAPOR-SIDE,REGION-4,SaturatedMixture,270.7539018630981,5.568027102484115,0.999999,true,SaturatedMixture,270.75450933206423,5.568112181486375,0.9999997704587751,true,0.0006074689661090815,8.507900226017995E-05,true,0.0005137228525280736,3.5596193356468575E-05,0.00026625516826150886,0.001903154074568647
214,270.7539018630981,R2-SIDE,REGION-2,SuperheatedVapor,270.7539018630981,5.56797142221309,,true,SuperheatedVapor,270.75306358807245,5.567954340381995,,true,-0.0008382750256714644,-1.7081831095389077E-05,true,0.0005137228525280736,3.5596193356468575E-05,0.00026625516826150886,0.001903154074568647
215,270.78118436336524,R1-SIDE,REGION-1,SubcooledLiquid,270.78118436336524,5.570452844179281,,true,SubcooledLiquid,270.781096313495,5.57074324936236,,true,-8.804987021449051E-05,0.0002904051830796561,true,0.0005137228525280736,3.5596193356468575E-05,0.00026625516826150886,0.001903154074568647
215,270.78118436336524,R4-LIQUID-SIDE,REGION-4,SaturatedMixture,270.78118436336524,5.570397140207878,1E-06,true,SaturatedMixture,270.7811210721296,5.570423469474571,9.781197535872687E-07,true,-6.329123561954475E-05,2.6329266693103648E-05,true,0.0005137228525280736,3.5596193356468575E-05,0.00026625516826150886,0.001903154074568647
215,270.78118436336524,R4-VAPOR-SIDE,REGION-4,SaturatedMixture,270.78118436336524,5.570397140207878,0.999999,true,SaturatedMixture,270.78178239077204,5.570480906449056,0.9999997585998545,true,0.0005980274067951541,8.376624117811815E-05,true,0.0005137228525280736,3.5596193356468575E-05,0.00026625516826150886,0.001903154074568647
215,270.78118436336524,R2-SIDE,REGION-2,SuperheatedVapor,270.78118436336524,5.570341436236476,,true,SuperheatedVapor,270.7803451919639,5.570324233205949,,true,-0.0008391714013669116,-1.720303052721306E-05,true,0.0005137228525280736,3.5596193356468575E-05,0.00026625516826150886,0.001903154074568647
216,270.8030768454074,R1-SIDE,REGION-1,SubcooledLiquid,270.8030768454074,5.57235522563344,,true,SubcooledLiquid,270.80299085945023,5.57263618110008,,true,-8.59859571846755E-05,0.0002809554666400871,true,0.0005137228525280736,3.5596193356468575E-05,0.00026625516826150886,0.001903154074568647
216,270.8030768454074,R4-LIQUID-SIDE,REGION-4,SaturatedMixture,270.8030768454074,5.572299502638413,1E-06,true,SaturatedMixture,270.8030154521256,5.5723250443948595,9.787640067231416E-07,true,-6.139328183962789E-05,2.554175644675638E-05,true,0.0005137228525280736,3.5596193356468575E-05,0.00026625516826150886,0.001903154074568647
216,270.8030768454074,R4-VAPOR-SIDE,REGION-4,SaturatedMixture,270.8030768454074,5.572299502638413,0.999999,true,SaturatedMixture,270.8036568473243,5.572380750974554,0.9999997359797932,true,0.0005800019168873405,8.124833614164828E-05,true,0.0005137228525280736,3.5596193356468575E-05,0.00026625516826150886,0.001903154074568647
216,270.8030768454074,R2-SIDE,REGION-2,SuperheatedVapor,270.8030768454074,5.572243779643387,,true,SuperheatedVapor,270.80223785803844,5.5722266096777995,,true,-0.0008389873689793603,-1.7169965587093827E-05,true,0.0005137228525280736,3.5596193356468575E-05,0.00026625516826150886,0.001903154074568647
217,270.80531049966817,R1-SIDE,REGION-1,SubcooledLiquid,270.80531049966817,5.572549350396412,,true,SubcooledLiquid,270.80522478519117,5.572829067940193,,true,-8.57144769952356E-05,0.0002797175437807553,true,0.0005137228525280736,3.5596193356468575E-05,0.00026625516826150886,0.001903154074568647
217,270.80531049966817,R4-LIQUID-SIDE,REGION-4,SaturatedMixture,270.80531049966817,5.572493625460157,1E-06,true,SaturatedMixture,270.80524935377196,5.572519063652127,9.788490971788474E-07,true,-6.114589621120103E-05,2.543819196976216E-05,true,0.0005137228525280736,3.5596193356468575E-05,0.00026625516826150886,0.001903154074568647
217,270.80531049966817,R4-VAPOR-SIDE,REGION-4,SaturatedMixture,270.80531049966817,5.572493625460157,0.999999,true,SaturatedMixture,270.80588814315036,5.5725745439106245,0.9999997330771611,true,0.0005776434821882503,8.09184504673155E-05,true,0.0005137228525280736,3.5596193356468575E-05,0.00026625516826150886,0.001903154074568647
217,270.80531049966817,R2-SIDE,REGION-2,SuperheatedVapor,270.80531049966817,5.572437900523902,,true,SuperheatedVapor,270.8044717682943,5.572420768171829,,true,-0.0008387313738467128,-1.713235207301267E-05,true,0.0005137228525280736,3.5596193356468575E-05,0.00026625516826150886,0.001903154074568647
218,270.85275713801377,R1-SIDE,REGION-1,SubcooledLiquid,270.85275713801377,5.576674112412128,,true,SubcooledLiquid,270.8526798551644,5.5769155668614205,,true,-7.728284936092678E-05,0.00024145444929235538,true,0.0005137228525280736,3.5596193356468575E-05,0.00026625516826150886,0.001903154074568647
218,270.85275713801377,R4-LIQUID-SIDE,REGION-4,SaturatedMixture,270.85275713801377,5.576618346228665,1E-06,true,SaturatedMixture,270.8527036819861,5.576640576131962,9.814977342481435E-07,true,-5.3456027671927586E-05,2.222990329681096E-05,true,0.0005137228525280736,3.5596193356468575E-05,0.00026625516826150886,0.001903154074568647
218,270.85275713801377,R4-VAPOR-SIDE,REGION-4,SaturatedMixture,270.85275713801377,5.576618346228665,0.999999,true,SaturatedMixture,270.85326169950065,5.57668904117692,0.9999996404880422,true,0.0005045614868777193,7.069494825451272E-05,true,0.0005137228525280736,3.5596193356468575E-05,0.00026625516826150886,0.001903154074568647
218,270.85275713801377,R2-SIDE,REGION-2,SuperheatedVapor,270.85275713801377,5.576562580045203,,true,SuperheatedVapor,270.8519184038348,5.576545461431542,,true,-0.0008387341789557468,-1.711861366082701E-05,true,0.0005137228525280736,3.5596193356468575E-05,0.00026625516826150886,0.001903154074568647
219,270.9028086423874,R1-SIDE,REGION-1,SubcooledLiquid,270.9028086423874,5.5810278540120715,,true,SubcooledLiquid,270.90274577407126,5.581204191964899,,true,-6.286831614943367E-05,0.00017633795282723241,true,0.0005137228525280736,3.5596193356468575E-05,0.00026625516826150886,0.001903154074568647
219,270.9028086423874,R4-LIQUID-SIDE,REGION-4,SaturatedMixture,270.9028086423874,5.580972044291628,1E-06,true,SaturatedMixture,270.902768377523,5.580988804738693,9.86034395023914E-07,true,-4.026486442398891E-05,1.676044706488966E-05,true,0.0005137228525280736,3.5596193356468575E-05,0.00026625516826150886,0.001903154074568647
219,270.9028086423874,R4-VAPOR-SIDE,REGION-4,SaturatedMixture,270.9028086423874,5.580972044291628,0.999999,true,SaturatedMixture,270.90318879842994,5.581025319216488,0.999999482868911,true,0.0003801560425245043,5.327492486006946E-05,true,0.0005137228525280736,3.5596193356468575E-05,0.00026625516826150886,0.001903154074568647
219,270.9028086423874,R2-SIDE,REGION-2,SuperheatedVapor,270.9028086423874,5.580916234571186,,true,SuperheatedVapor,270.90196910166276,5.580899014373619,,true,-0.0008395407246553077,-1.722019756655868E-05,true,0.0005137228525280736,3.5596193356468575E-05,0.00026625516826150886,0.001903154074568647
220,270.9531313061716,R1-SIDE,REGION-1,SubcooledLiquid,270.9531313061716,5.585407798326034,,true,SubcooledLiquid,270.9530886485886,5.585493081468484,,true,-4.265758298060973E-05,8.528314245026536E-05,true,0.0005137228525280736,3.5596193356468575E-05,0.00026625516826150886,0.001903154074568647
220,270.9531313061716,R4-LIQUID-SIDE,REGION-4,SaturatedMixture,270.9531313061716,5.585351944806585,1E-06,true,SaturatedMixture,270.9531094463226,5.585361036969404,9.92415803452187E-07,true,-2.1859848970962048E-05,9.092162819079874E-06,true,0.0005137228525280736,3.5596193356468575E-05,0.00026625516826150886,0.001903154074568647
220,270.9531313061716,R4-VAPOR-SIDE,REGION-4,SaturatedMixture,270.9531313061716,5.585351944806585,0.999999,true,SaturatedMixture,270.9533374462943,5.585380839266977,0.9999992619202356,true,0.00020614012271380489,2.8894460391448717E-05,true,0.0005137228525280736,3.5596193356468575E-05,0.00026625516826150886,0.001903154074568647
220,270.9531313061716,R2-SIDE,REGION-2,SuperheatedVapor,270.9531313061716,5.585296091287137,,true,SuperheatedVapor,270.9522920389302,5.585278925629847,,true,-0.000839267241417474,-1.7165657290263425E-05,true,0.0005137228525280736,3.5596193356468575E-05,0.00026625516826150886,0.001903154074568647
221,271.00374035835273,R1-SIDE,REGION-1,SubcooledLiquid,271.00374035835273,5.589815315528626,,true,SubcooledLiquid,271.003719596388,5.589802122781209,,true,-2.076196471989533E-05,-1.3192747417178907E-05,true,0.0005137228525280736,3.5596193356468575E-05,0.00026625516826150886,0.001903154074568647
221,271.00374035835273,R4-LIQUID-SIDE,REGION-4,SaturatedMixture,271.00374035835273,5.589759417934446,1E-06,true,SaturatedMixture,271.0037384479647,5.589760214381589,9.993319729368555E-07,true,-1.9103880504189874E-06,7.964471429033892E-07,true,0.0005137228525280736,3.5596193356468575E-05,0.00026625516826150886,0.001903154074568647
221,271.00374035835273,R4-VAPOR-SIDE,REGION-4,SaturatedMixture,271.00374035835273,5.589759417934446,0.999999,true,SaturatedMixture,271.00375841709035,5.589761959093654,0.9999990230646607,true,1.8058737623505294E-05,2.5411592075030853E-06,true,0.0005137228525280736,3.5596193356468575E-05,0.00026625516826150886,0.001903154074568647
221,271.00374035835273,R2-SIDE,REGION-2,SuperheatedVapor,271.00374035835273,5.589703520340267,,true,SuperheatedVapor,271.00290042268944,5.58968627312952,,true,-0.0008399356632935451,-1.7247210746695885E-05,true,0.0005137228525280736,3.5596193356468575E-05,0.00026625516826150886,0.001903154074568647
222,271.0544894754886,R1-SIDE,REGION-1,SubcooledLiquid,271.0544894754886,5.594237697000598,,true,SubcooledLiquid,271.0544432195579,5.594338778704023,,true,-4.625593066975853E-05,0.00010108170342437717,true,0.0005137228525280736,3.5596193356468575E-05,0.00026625516826150886,0.001903154074568647
222,271.0544894754886,R4-LIQUID-SIDE,REGION-4,SaturatedMixture,271.0544894754886,5.594181755183046,1E-06,true,SaturatedMixture,271.0544643649072,5.594192162014406,9.912629661175642E-07,true,-2.5110581418630318E-05,1.0406831360221247E-05,true,0.0005137228525280736,3.5596193356468575E-05,0.00026625516826150886,0.001903154074568647
222,271.0544894754886,R4-VAPOR-SIDE,REGION-4,SaturatedMixture,271.0544894754886,5.594181755183046,0.999999,true,SaturatedMixture,271.0547256181858,5.594214987838361,0.9999993027506038,true,0.0002361426971901892,3.3232655315629245E-05,true,0.0005137228525280736,3.5596193356468575E-05,0.00026625516826150886,0.001903154074568647
222,271.0544894754886,R2-SIDE,REGION-2,SuperheatedVapor,271.0544894754886,5.594125813365494,,true,SuperheatedVapor,271.05364961116413,5.594108591638785,,true,-0.0008398643244618142,-1.722172670870492E-05,true,0.0005137228525280736,3.5596193356468575E-05,0.00026625516826150886,0.001903154074568647
223,271.1053811609744,R1-SIDE,REGION-1,SubcooledLiquid,271.1053811609744,5.598675184310833,,true,SubcooledLiquid,271.10531520273025,5.59886439531538,,true,-6.595824413579976E-05,0.00018921100454694084,true,0.0005137228525280736,3.5596193356468575E-05,0.00026625516826150886,0.001903154074568647
223,271.1053811609744,R4-LIQUID-SIDE,REGION-4,SaturatedMixture,271.1053811609744,5.598619198118851,1E-06,true,SaturatedMixture,271.105338157118,5.598637029580212,9.850128310272014E-07,true,-4.300385637634463E-05,1.78314613608066E-05,true,0.0005137228525280736,3.5596193356468575E-05,0.00026625516826150886,0.001903154074568647
223,271.1053811609744,R4-VAPOR-SIDE,REGION-4,SaturatedMixture,271.1053811609744,5.598619198118851,0.999999,true,SaturatedMixture,271.10578552593336,5.598676116407614,0.999999518756682,true,0.0004043649589675624,5.691828876308591E-05,true,0.0005137228525280736,3.5596193356468575E-05,0.00026625516826150886,0.001903154074568647
223,271.1053811609744,R2-SIDE,REGION-2,SuperheatedVapor,271.1053811609744,5.59856321192687,,true,SuperheatedVapor,271.10454088469635,5.598545945781097,,true,-0.0008402762780406192,-1.726614577357566E-05,true,0.0005137228525280736,3.5596193356468575E-05,0.00026625516826150886,0.001903154074568647
224,271.15636810064314,R1-SIDE,REGION-1,SubcooledLiquid,271.15636810064314,5.603123671856725,,true,SubcooledLiquid,271.15628829598415,5.6033746368950865,,true,-7.980465898071998E-05,0.00025096503836152806,true,0.0005137228525280736,3.5596193356468575E-05,0.00026625516826150886,0.001903154074568647
224,271.15636810064314,R4-LIQUID-SIDE,REGION-4,SaturatedMixture,271.15636810064314,5.603067641180313,1E-06,true,SaturatedMixture,271.1563125116695,5.603090683325803,9.806119520252688E-07,true,-5.558897362334392E-05,2.3042145490315136E-05,true,0.0005137228525280736,3.5596193356468575E-05,0.00026625516826150886,0.001903154074568647
224,271.15636810064314,R4-VAPOR-SIDE,REGION-4,SaturatedMixture,271.15636810064314,5.603067641180313,0.999999,true,SaturatedMixture,271.15689036147,5.603141170339313,0.9999996701386776,true,0.0005222608268695694,7.352915900060708E-05,true,0.0005137228525280736,3.5596193356468575E-05,0.00026625516826150886,0.001903154074568647
224,271.15636810064314,R2-SIDE,REGION-2,SuperheatedVapor,271.15636810064314,5.603011610503901,,true,SuperheatedVapor,271.1555275535927,5.602994320377078,,true,-0.0008405470504158075,-1.7290126823610308E-05,true,0.0005137228525280736,3.5596193356468575E-05,0.00026625516826150886,0.001903154074568647
225,271.20735141038915,R1-SIDE,REGION-1,SubcooledLiquid,271.20735141038915,5.607574540629314,,true,SubcooledLiquid,271.2072636627579,5.607860730773807,,true,-8.774763125529716E-05,0.00028619014449304814,true,0.0005137228525280736,3.5596193356468575E-05,0.00026625516826150886,0.001903154074568647
225,271.20735141038915,R4-LIQUID-SIDE,REGION-4,SaturatedMixture,271.20735141038915,5.6075184654446595,1E-06,true,SaturatedMixture,271.20728862234193,5.607544490504516,9.780777413548073E-07,true,-6.278804721659981E-05,2.6025059856493726E-05,true,0.0005137228525280736,3.5596193356468575E-05,0.00026625516826150886,0.001903154074568647
225,271.20735141038915,R4-VAPOR-SIDE,REGION-4,SaturatedMixture,271.20735141038915,5.6075184654446595,0.999999,true,SaturatedMixture,271.2079409770796,5.6076014870500615,0.9999997571019148,true,0.000589566690450738,8.302160540196724E-05,true,0.0005137228525280736,3.5596193356468575E-05,0.00026625516826150886,0.001903154074568647
225,271.20735141038915,R2-SIDE,REGION-2,SuperheatedVapor,271.20735141038915,5.607462390260006,,true,SuperheatedVapor,271.2065107643758,5.607445101071152,,true,-0.0008406460133301152,-1.72891888539084E-05,true,0.0005137228525280736,3.5596193356468575E-05,0.00026625516826150886,0.001903154074568647
226,271.2583651363849,R1-SIDE,REGION-1,SubcooledLiquid,271.2583651363849,5.612030766131069,,true,SubcooledLiquid,271.2582753533875,5.612325692836685,,true,-8.978299740647344E-05,0.0002949267056164828,true,0.0005137228525280736,3.5596193356468575E-05,0.00026625516826150886,0.001903154074568647
226,271.2583651363849,R4-LIQUID-SIDE,REGION-4,SaturatedMixture,271.2583651363849,5.6119746463846045,1E-06,true,SaturatedMixture,271.2583005477576,5.612001426834478,9.774160902259897E-07,true,-6.45886273105134E-05,2.6780449873697876E-05,true,0.0005137228525280736,3.5596193356468575E-05,0.00026625516826150886,0.001903154074568647
226,271.2583651363849,R4-VAPOR-SIDE,REGION-4,SaturatedMixture,271.2583651363849,5.6119746463846045,0.999999,true,SaturatedMixture,271.2589714545567,5.612060044282508,0.9999997790948582,true,0.0006063181717763655,8.539789790340535E-05,true,0.0005137228525280736,3.5596193356468575E-05,0.00026625516826150886,0.001903154074568647
226,271.2583651363849,R2-SIDE,REGION-2,SuperheatedVapor,271.2583651363849,5.611918526638141,,true,SuperheatedVapor,271.2575238262609,5.611901156384427,,true,-0.0008413101239739262,-1.7370253714510397E-05,true,0.0005137228525280736,3.5596193356468575E-05,0.00026625516826150886,0.001903154074568647
227,271.3093077659606,R1-SIDE,REGION-1,SubcooledLiquid,271.3093077659606,5.616483478774576,,true,SubcooledLiquid,271.309221856995,5.616760705537314,,true,-8.590896561599948E-05,0.0002772267627380032,true,0.0005137228525280736,3.5596193356468575E-05,0.00026625516826150886,0.001903154074568647
227,271.3093077659606,R4-LIQUID-SIDE,REGION-4,SaturatedMixture,271.3093077659606,5.616427314501431,1E-06,true,SaturatedMixture,271.3092467090854,5.616452617324633,9.786387110069914E-07,true,-6.105687521085201E-05,2.5302823202011382E-05,true,0.0005137228525280736,3.5596193356468575E-05,0.00026625516826150886,0.001903154074568647
227,271.3093077659606,R4-VAPOR-SIDE,REGION-4,SaturatedMixture,271.3093077659606,5.616427314501431,0.999999,true,SaturatedMixture,271.30988038511975,5.6165079819029184,0.9999997363981491,true,0.0005726191591293173,8.066740148748863E-05,true,0.0005137228525280736,3.5596193356468575E-05,0.00026625516826150886,0.001903154074568647
227,271.3093077659606,R2-SIDE,REGION-2,SuperheatedVapor,271.3093077659606,5.616371150228286,,true,SuperheatedVapor,271.3084666794741,5.61635382772741,,true,-0.0008410864865027179,-1.732250087549403E-05,true,0.0005137228525280736,3.5596193356468575E-05,0.00026625516826150886,0.001903154074568647
228,271.36016235947625,R1-SIDE,REGION-1,SubcooledLiquid,271.36016235947625,5.62093118641792,,true,SubcooledLiquid,271.3600862097958,5.62116444394608,,true,-7.614968046709691E-05,0.00023325752816028,true,0.0005137228525280736,3.5596193356468575E-05,0.00026625516826150886,0.001903154074568647
228,271.36016235947625,R4-LIQUID-SIDE,REGION-4,SaturatedMixture,271.36016235947625,5.620874977668143,1E-06,true,SaturatedMixture,271.36011025222035,5.620896589423738,9.817340880325594E-07,true,-5.2107255896771676E-05,2.1611755595785098E-05,true,0.0005137228525280736,3.5596193356468575E-05,0.00026625516826150886,0.001903154074568647
228,271.36016235947625,R4-VAPOR-SIDE,REGION-4,SaturatedMixture,271.36016235947625,5.620874977668143,0.999999,true,SaturatedMixture,271.3606511139516,5.620943844771973,0.9999996288993895,true,0.0004887544753273687,6.886710383025019E-05,true,0.0005137228525280736,3.5596193356468575E-05,0.00026625516826150886,0.001903154074568647
228,271.36016235947625,R2-SIDE,REGION-2,SuperheatedVapor,271.36016235947625,5.620818768918366,,true,SuperheatedVapor,271.3593202491692,5.620801312955354,,true,-0.0008421103070759273,-1.7455963011947517E-05,true,0.0005137228525280736,3.5596193356468575E-05,0.00026625516826150886,0.001903154074568647
229,271.4109251201154,R1-SIDE,REGION-1,SubcooledLiquid,271.4109251201154,5.625373543851794,,true,SubcooledLiquid,271.4108645877916,5.625536742996788,,true,-6.0532323800543963E-05,0.00016319914499440813,true,0.0005137228525280736,3.5596193356468575E-05,0.00026625516826150886,0.001903154074568647
229,271.4109251201154,R4-LIQUID-SIDE,REGION-4,SaturatedMixture,271.4109251201154,5.625317290678886,1E-06,true,SaturatedMixture,271.41088722770655,5.625332998065953,9.867098054723993E-07,true,-3.78924088408894E-05,1.5707387066576928E-05,true,0.0005137228525280736,3.5596193356468575E-05,0.00026625516826150886,0.001903154074568647
229,271.4109251201154,R4-VAPOR-SIDE,REGION-4,SaturatedMixture,271.4109251201154,5.625317290678886,0.999999,true,SaturatedMixture,271.41128019108976,5.625367331464765,0.9999994571691371,true,0.00035507097436493495,5.004078587855787E-05,true,0.0005137228525280736,3.5596193356468575E-05,0.00026625516826150886,0.001903154074568647
229,271.4109251201154,R2-SIDE,REGION-2,SuperheatedVapor,271.4109251201154,5.62526103750598,,true,SuperheatedVapor,271.4100835270932,5.625243671969276,,true,-0.0008415930221872259,-1.7365536703728424E-05,true,0.0005137228525280736,3.5596193356468575E-05,0.00026625516826150886,0.001903154074568647
230,271.46150371432316,R1-SIDE,REGION-1,SubcooledLiquid,271.46150371432316,5.629802450040749,,true,SubcooledLiquid,271.4614645859158,5.629869879349783,,true,-3.912840736575163E-05,6.742930903325117E-05,true,0.0005137228525280736,3.5596193356468575E-05,0.00026625516826150886,0.001903154074568647
230,271.46150371432316,R4-LIQUID-SIDE,REGION-4,SaturatedMixture,271.46150371432316,5.629746152579223,1E-06,true,SaturatedMixture,271.461485313269,5.629753777009961,9.935418064227204E-07,true,-1.840105414885329E-05,7.624430738317756E-06,true,0.0005137228525280736,3.5596193356468575E-05,0.00026625516826150886,0.001903154074568647
230,271.46150371432316,R4-VAPOR-SIDE,REGION-4,SaturatedMixture,271.46150371432316,5.629746152579223,0.999999,true,SaturatedMixture,271.461675992878,5.629770436778625,0.9999992220207573,true,0.00017227855482815357,2.4284199402480056E-05,true,0.0005137228525280736,3.5596193356468575E-05,0.00026625516826150886,0.001903154074568647
230,271.46150371432316,R2-SIDE,REGION-2,SuperheatedVapor,271.46150371432316,5.6296898551176975,,true,SuperheatedVapor,271.46066107471665,5.629672352571244,,true,-0.0008426396065033259,-1.7502546453052048E-05,true,0.0005137228525280736,3.5596193356468575E-05,0.00026625516826150886,0.001903154074568647
231,271.51193360686295,R1-SIDE,REGION-1,SubcooledLiquid,271.51193360686295,5.634220985275663,,true,SubcooledLiquid,271.511908036484,5.634227789201729,,true,-2.557037896622205E-05,6.8039260661123535E-06,true,0.0005137228525280736,3.5596193356468575E-05,0.00026625516826150886,0.001903154074568647
231,271.51193360686295,R4-LIQUID-SIDE,REGION-4,SaturatedMixture,271.51193360686295,5.6341646436292265,1E-06,true,SaturatedMixture,271.5119275467631,5.634167146312597,9.978686369523216E-07,true,-6.060099849491962E-06,2.5026833707642027E-06,true,0.0005137228525280736,3.5596193356468575E-05,0.00026625516826150886,0.001903154074568647
231,271.51193360686295,R4-VAPOR-SIDE,REGION-4,SaturatedMixture,271.51193360686295,5.6341646436292265,0.999999,true,SaturatedMixture,271.5119902303012,5.634172655624522,0.999999073550718,true,5.662343824042182E-05,8.011995295653662E-06,true,0.0005137228525280736,3.5596193356468575E-05,0.00026625516826150886,0.001903154074568647
231,271.51193360686295,R2-SIDE,REGION-2,SuperheatedVapor,271.51193360686295,5.63410830198279,,true,SuperheatedVapor,271.5110914782282,5.63409088895391,,true,-0.00084212863475841,-1.741302888014218E-05,true,0.0005137228525280736,3.5596193356468575E-05,0.00026625516826150886,0.001903154074568647
232,271.5621550083159,R1-SIDE,REGION-1,SubcooledLiquid,271.5621550083159,5.638623883945962,,true,SubcooledLiquid,271.5621049437666,5.6387397332161875,,true,-5.006454932754423E-05,0.00011584927022578739,true,0.0005137228525280736,3.5596193356468575E-05,0.00026625516826150886,0.001903154074568647
232,271.5621550083159,R4-LIQUID-SIDE,REGION-4,SaturatedMixture,271.5621550083159,5.638567498270978,1E-06,true,SaturatedMixture,271.5621267153432,5.638579195896453,9.900267288744694E-07,true,-2.8292972729104804E-05,1.169762547448272E-05,true,0.0005137228525280736,3.5596193356468575E-05,0.00026625516826150886,0.001903154074568647
232,271.5621550083159,R4-VAPOR-SIDE,REGION-4,SaturatedMixture,271.5621550083159,5.638567498270978,0.999999,true,SaturatedMixture,271.5624194741972,5.638604926732569,0.99999934371012,true,0.00026446588128692383,3.7428461590494067E-05,true,0.0005137228525280736,3.5596193356468575E-05,0.00026625516826150886,0.001903154074568647
232,271.5621550083159,R2-SIDE,REGION-2,SuperheatedVapor,271.5621550083159,5.638511112595996,,true,SuperheatedVapor,271.5613119510442,5.638493579467974,,true,-0.000843057271708858,-1.753312802232898E-05,true,0.0005137228525280736,3.5596193356468575E-05,0.00026625516826150886,0.001903154074568647
233,271.6121370434762,R1-SIDE,REGION-1,SubcooledLiquid,271.6121370434762,5.643008405188661,,true,SubcooledLiquid,271.6120683182827,5.643207150839216,,true,-6.872519350054063E-05,0.0001987456505547769,true,0.0005137228525280736,3.5596193356468575E-05,0.00026625516826150886,0.001903154074568647
233,271.6121370434762,R4-LIQUID-SIDE,REGION-4,SaturatedMixture,271.6121370434762,5.642951975668904,1E-06,true,SaturatedMixture,271.61209176763634,5.64297066879156,9.840456388683555E-07,true,-4.527583985236561E-05,1.869312265601053E-05,true,0.0005137228525280736,3.5596193356468575E-05,0.00026625516826150886,0.001903154074568647
233,271.6121370434762,R4-VAPOR-SIDE,REGION-4,SaturatedMixture,271.6121370434762,5.642951975668904,0.999999,true,SaturatedMixture,271.61255952277907,5.64301178020718,0.9999995489957308,true,0.00042247930286976043,5.980453827625354E-05,true,0.0005137228525280736,3.5596193356468575E-05,0.00026625516826150886,0.001903154074568647
233,271.6121370434762,R2-SIDE,REGION-2,SuperheatedVapor,271.6121370434762,5.6428955461491475,,true,SuperheatedVapor,271.61129438919795,5.642878086787163,,true,-0.0008426542782444812,-1.7459361984606403E-05,true,0.0005137228525280736,3.5596193356468575E-05,0.00026625516826150886,0.001903154074568647
234,271.66190503835685,R1-SIDE,REGION-1,SubcooledLiquid,271.66190503835685,5.647376736302868,,true,SubcooledLiquid,271.66182340351713,5.647632654761219,,true,-8.163483971657115E-05,0.0002559184583512675,true,0.0005137228525280736,3.5596193356468575E-05,0.00026625516826150886,0.001903154074568647
234,271.66190503835685,R4-LIQUID-SIDE,REGION-4,SaturatedMixture,271.66190503835685,5.647320263100236,1E-06,true,SaturatedMixture,271.661848088993,5.647343796138992,9.798925327613898E-07,true,-5.6949363852254464E-05,2.35330387559074E-05,true,0.0005137228525280736,3.5596193356468575E-05,0.00026625516826150886,0.001903154074568647
234,271.66190503835685,R4-VAPOR-SIDE,REGION-4,SaturatedMixture,271.66190503835685,5.647320263100236,0.999999,true,SaturatedMixture,271.6624365672059,5.647395518012617,0.9999996914710421,true,0.0005315288490237435,7.525491238080662E-05,true,0.0005137228525280736,3.5596193356468575E-05,0.00026625516826150886,0.001903154074568647
234,271.66190503835685,R2-SIDE,REGION-2,SuperheatedVapor,271.66190503835685,5.647263789897606,,true,SuperheatedVapor,271.6610614225182,5.647246205357515,,true,-0.0008436158386757597,-1.758454009070931E-05,true,0.0005137228525280736,3.5596193356468575E-05,0.00026625516826150886,0.001903154074568647
235,271.71136682629583,R1-SIDE,REGION-1,SubcooledLiquid,271.71136682629583,5.6517207480659435,,true,SubcooledLiquid,271.7112779725113,5.652008441442687,,true,-8.885378451850556E-05,0.0002876933767437251,true,0.0005137228525280736,3.5596193356468575E-05,0.00026625516826150886,0.001903154074568647
235,271.71136682629583,R4-LIQUID-SIDE,REGION-4,SaturatedMixture,271.71136682629583,5.651664231423629,1E-06,true,SaturatedMixture,271.7113033185624,5.651690460261346,9.775652272469206E-07,true,-6.350773344365734E-05,2.6228837716857356E-05,true,0.0005137228525280736,3.5596193356468575E-05,0.00026625516826150886,0.001903154074568647
235,271.71136682629583,R4-VAPOR-SIDE,REGION-4,SaturatedMixture,271.71136682629583,5.651664231423629,0.999999,true,SaturatedMixture,271.7119589714921,5.65174808618062,0.9999997704497571,true,0.0005921451962649371,8.385475699146383E-05,true,0.0005137228525280736,3.5596193356468575E-05,0.00026625516826150886,0.001903154074568647
235,271.71136682629583,R2-SIDE,REGION-2,SuperheatedVapor,271.71136682629583,5.651607714781315,,true,SuperheatedVapor,271.71052366786216,5.6515902118796335,,true,-0.0008431584336676679,-1.7502901681787364E-05,true,0.0005137228525280736,3.5596193356468575E-05,0.00026625516826150886,0.001903154074568647
236,271.76054902672774,R1-SIDE,REGION-1,SubcooledLiquid,271.76054902672774,5.65604273406477,,true,SubcooledLiquid,271.7604585458238,5.656337299550444,,true,-9.048090396390762E-05,0.00029456548567363683,true,0.0005137228525280736,3.5596193356468575E-05,0.00026625516826150886,0.001903154074568647
236,271.76054902672774,R4-LIQUID-SIDE,REGION-4,SaturatedMixture,271.76054902672774,5.6559861742030275,1E-06,true,SaturatedMixture,271.7604840612888,5.656012999490933,9.770304804913763E-07,true,-6.496543892353657E-05,2.6825287905651862E-05,true,0.0005137228525280736,3.5596193356468575E-05,0.00026625516826150886,0.001903154074568647
236,271.76054902672774,R4-VAPOR-SIDE,REGION-4,SaturatedMixture,271.76054902672774,5.6559861742030275,0.999999,true,SaturatedMixture,271.76115436488135,5.6560719130699715,0.9999997883761611,true,0.0006053381536048619,8.573886694396293E-05,true,0.0005137228525280736,3.5596193356468575E-05,0.00026625516826150886,0.001903154074568647
236,271.76054902672774,R2-SIDE,REGION-2,SuperheatedVapor,271.76054902672774,5.655929614341286,,true,SuperheatedVapor,271.75970476906514,5.655911965837441,,true,-0.0008442576626066511,-1.7648503845002494E-05,true,0.0005137228525280736,3.5596193356468575E-05,0.00026625516826150886,0.001903154074568647
237,271.80945309996594,R1-SIDE,REGION-1,SubcooledLiquid,271.80945309996594,5.6603427807343385,,true,SubcooledLiquid,271.80936649389923,5.660619768846079,,true,-8.66060667021884E-05,0.00027698811174037274,true,0.0005137228525280736,3.5596193356468575E-05,0.00026625516826150886,0.001903154074568647
237,271.80945309996594,R4-LIQUID-SIDE,REGION-4,SaturatedMixture,271.80945309996594,5.6602861778725595,1E-06,true,SaturatedMixture,271.809391703732,5.660311535693646,9.78263614763177E-07,true,-6.1396233945743E-05,2.5357821086480214E-05,true,0.0005137228525280736,3.5596193356468575E-05,0.00026625516826150886,0.001903154074568647
237,271.80945309996594,R4-VAPOR-SIDE,REGION-4,SaturatedMixture,271.80945309996594,5.6602861778725595,0.999999,true,SaturatedMixture,271.8100249900175,5.660367195788673,0.9999997450226011,true,0.0005718900515603309,8.101791611370146E-05,true,0.0005137228525280736,3.5596193356468575E-05,0.00026625516826150886,0.001903154074568647
237,271.80945309996594,R2-SIDE,REGION-2,SuperheatedVapor,271.80945309996594,5.660229575010781,,true,SuperheatedVapor,271.8086094153541,5.6602120249650865,,true,-0.0008436846118229369,-1.755004569492513E-05,true,0.0005137228525280736,3.5596193356468575E-05,0.00026625516826150886,0.001903154074568647
238,271.85805572271363,R1-SIDE,REGION-1,SubcooledLiquid,271.85805572271363,5.6646187939489305,,true,SubcooledLiquid,271.85797839850306,5.664854229442452,,true,-7.732421056516614E-05,0.00023543549352122994,true,0.0005137228525280736,3.5596193356468575E-05,0.00026625516826150886,0.001903154074568647
238,271.85805572271363,R4-LIQUID-SIDE,REGION-4,SaturatedMixture,271.85805572271363,5.664562148327447,1E-06,true,SaturatedMixture,271.858002805575,5.664584008679206,9.81241526928607E-07,true,-5.2917138646080275E-05,2.1860351758995478E-05,true,0.0005137228525280736,3.5596193356468575E-05,0.00026625516826150886,0.001903154074568647
238,271.85805572271363,R4-VAPOR-SIDE,REGION-4,SaturatedMixture,271.85805572271363,5.664562148327447,0.999999,true,SaturatedMixture,271.85854846789164,5.6646319674256524,0.9999996423353252,true,0.0004927451780076808,6.981909820513721E-05,true,0.0005137228525280736,3.5596193356468575E-05,0.00026625516826150886,0.001903154074568647
238,271.85805572271363,R2-SIDE,REGION-2,SuperheatedVapor,271.85805572271363,5.664505502705964,,true,SuperheatedVapor,271.8572113354021,5.664487864670765,,true,-0.0008443873115311362,-1.763803519949647E-05,true,0.0005137228525280736,3.5596193356468575E-05,0.00026625516826150886,0.001903154074568647
239,271.90634704828267,R1-SIDE,REGION-1,SubcooledLiquid,271.90634704828267,5.6688698617659,,true,SubcooledLiquid,271.90628431287496,5.669040264442973,,true,-6.273540770962427E-05,0.00017040267707280066,true,0.0005137228525280736,3.5596193356468575E-05,0.00026625516826150886,0.001903154074568647
239,271.90634704828267,R4-LIQUID-SIDE,REGION-4,SaturatedMixture,271.90634704828267,5.668813173634164,1E-06,true,SaturatedMixture,271.9063074069396,5.668829543065082,9.859385738780644E-07,true,-3.9641343050789146E-05,1.6369430918317107E-05,true,0.0005137228525280736,3.5596193356468575E-05,0.00026625516826150886,0.001903154074568647
239,271.90634704828267,R4-VAPOR-SIDE,REGION-4,SaturatedMixture,271.90634704828267,5.668813173634164,0.999999,true,SaturatedMixture,271.90671586718827,5.668865442999717,0.9999994811194001,true,0.00036881890559925523,5.226936555313699E-05,true,0.0005137228525280736,3.5596193356468575E-05,0.00026625516826150886,0.001903154074568647
239,271.90634704828267,R2-SIDE,REGION-2,SuperheatedVapor,271.90634704828267,5.668756485502428,,true,SuperheatedVapor,271.90550269403354,5.6687388669191145,,true,-0.00084435424912499,-1.7618583313172564E-05,true,0.0005137228525280736,3.5596193356468575E-05,0.00026625516826150886,0.001903154074568647
240,271.95431818962084,R1-SIDE,REGION-1,SubcooledLiquid,271.95431818962084,5.673095155065923,,true,SubcooledLiquid,271.9542752464729,5.673177552969899,,true,-4.29431479460618E-05,8.239790397635005E-05,true,0.0005137228525280736,3.5596193356468575E-05,0.00026625516826150886,0.001903154074568647
240,271.95431818962084,R4-LIQUID-SIDE,REGION-4,SaturatedMixture,271.95431818962084,5.673038424681676,1E-06,true,SaturatedMixture,271.9542965682857,5.673047353147103,9.923223159298376E-07,true,-2.1621335122290475E-05,8.92846542743797E-06,true,0.0005137228525280736,3.5596193356468575E-05,0.00026625516826150886,0.001903154074568647
240,271.95431818962084,R4-VAPOR-SIDE,REGION-4,SaturatedMixture,271.95431818962084,5.673038424681676,0.999999,true,SaturatedMixture,271.95451924398935,5.673066924312781,0.9999992622562531,true,0.00020105436851736158,2.8499631105738388E-05,true,0.0005137228525280736,3.5596193356468575E-05,0.00026625516826150886,0.001903154074568647
240,271.95431818962084,R2-SIDE,REGION-2,SuperheatedVapor,271.95431818962084,5.672981694297429,,true,SuperheatedVapor,271.95347365822454,5.672964064329323,,true,-0.0008445313962965884,-1.7629968106724903E-05,true,0.0005137228525280736,3.5596193356468575E-05,0.00026625516826150886,0.001903154074568647
241,272.00196151137345,R1-SIDE,REGION-1,SubcooledLiquid,272.00196151137345,5.677293953569519,,true,SubcooledLiquid,272.00194122632183,5.6772757814468156,,true,-2.028505161888461E-05,-1.8172122703496996E-05,true,0.0005137228525280736,3.5596193356468575E-05,0.00026625516826150886,0.001903154074568647
241,272.00196151137345,R4-LIQUID-SIDE,REGION-4,SaturatedMixture,272.00196151137345,5.6772371811977065,1E-06,true,SaturatedMixture,272.0019604885231,5.677237601938916,9.996362466720807E-07,true,-1.0228503697362612E-06,4.2074120987223296E-07,true,0.0005137228525280736,3.5596193356468575E-05,0.00026625516826150886,0.001903154074568647
241,272.00196151137345,R4-VAPOR-SIDE,REGION-4,SaturatedMixture,272.00196151137345,5.6772371811977065,0.999999,true,SaturatedMixture,272.00197099552554,5.677238530899084,0.9999990124036636,true,9.484152087679831E-06,1.3497013773289268E-06,true,0.0005137228525280736,3.5596193356468575E-05,0.00026625516826150886,0.001903154074568647
241,272.00196151137345,R2-SIDE,REGION-2,SuperheatedVapor,272.00196151137345,5.677180408825895,,true,SuperheatedVapor,272.0011161315517,5.677162669094886,,true,-0.0008453798217260555,-1.77397310086036E-05,true,0.0005137228525280736,3.5596193356468575E-05,0.00026625516826150886,0.001903154074568647
242,272.04927046298974,R1-SIDE,REGION-1,SubcooledLiquid,272.04927046298974,5.681465631454847,,true,SubcooledLiquid,272.0492257023269,5.681555755843816,,true,-4.4760662831322406E-05,9.012438896949249E-05,true,0.0005137228525280736,3.5596193356468575E-05,0.00026625516826150886,0.001903154074568647
242,272.04927046298974,R4-LIQUID-SIDE,REGION-4,SaturatedMixture,272.04927046298974,5.681408817366673,1E-06,true,SaturatedMixture,272.0492472396335,5.681418385936878,9.917185627540922E-07,true,-2.3223356265589246E-05,9.568570204621096E-06,true,0.0005137228525280736,3.5596193356468575E-05,0.00026625516826150886,0.001903154074568647
242,272.04927046298974,R4-VAPOR-SIDE,REGION-4,SaturatedMixture,272.04927046298974,5.681408817366673,0.999999,true,SaturatedMixture,272.04948609276266,5.681439503761979,0.9999992839261725,true,0.0002156297729243306,3.068639530567907E-05,true,0.0005137228525280736,3.5596193356468575E-05,0.00026625516826150886,0.001903154074568647
242,272.04927046298974,R2-SIDE,REGION-2,SuperheatedVapor,272.04927046298974,5.6813520032785,,true,SuperheatedVapor,272.0484255214524,5.681334342081072,,true,-0.0008449415373661395,-1.7661197428076036E-05,true,0.0005137228525280736,3.5596193356468575E-05,0.00026625516826150886,0.001903154074568647
243,272.09623962044714,R1-SIDE,REGION-1,SubcooledLiquid,272.09623962044714,5.6856096613319425,,true,SubcooledLiquid,272.0961756483156,5.685784627964199,,true,-6.397213155651116E-05,0.000174966632256357,true,0.0005137228525280736,3.5596193356468575E-05,0.00026625516826150886,0.001903154074568647
243,272.09623962044714,R4-LIQUID-SIDE,REGION-4,SaturatedMixture,272.09623962044714,5.6855528058038844,1E-06,true,SaturatedMixture,272.09619893806143,5.685569546776927,9.854965474689238E-07,true,-4.068238570198446E-05,1.6740973042495E-05,true,0.0005137228525280736,3.5596193356468575E-05,0.00026625516826150886,0.001903154074568647
243,272.09623962044714,R4-VAPOR-SIDE,REGION-4,SaturatedMixture,272.09623962044714,5.6855528058038844,0.999999,true,SaturatedMixture,272.09661675336747,5.6856064872624845,0.9999994964411623,true,0.00037713292033458856,5.368145860007445E-05,true,0.0005137228525280736,3.5596193356468575E-05,0.00026625516826150886,0.001903154074568647
243,272.09623962044714,R2-SIDE,REGION-2,SuperheatedVapor,272.09623962044714,5.685495950275826,,true,SuperheatedVapor,272.09539419482314,5.685478232394847,,true,-0.0008454256239929236,-1.771788097926219E-05,true,0.0005137228525280736,3.5596193356468575E-05,0.00026625516826150886,0.001903154074568647
244,272.1428643941882,R1-SIDE,REGION-1,SubcooledLiquid,272.1428643941882,5.689725588750373,,true,SubcooledLiquid,272.1427863696247,5.689962458125116,,true,-7.802456354966125E-05,0.0002368693747429873,true,0.0005137228525280736,3.5596193356468575E-05,0.00026625516826150886,0.001903154074568647
244,272.1428643941882,R4-LIQUID-SIDE,REGION-4,SaturatedMixture,272.1428643941882,5.689668692063452,1E-06,true,SaturatedMixture,272.1428109829993,5.689690677685924,9.809332931710356E-07,true,-5.3411188901009155E-05,2.1985622471909494E-05,true,0.0005137228525280736,3.5596193356468575E-05,0.00026625516826150886,0.001903154074568647
244,272.1428643941882,R4-VAPOR-SIDE,REGION-4,SaturatedMixture,272.1428643941882,5.689668692063452,0.999999,true,SaturatedMixture,272.1433594228055,5.689739167131943,0.9999996522550496,true,0.0004950286172515916,7.047506849122698E-05,true,0.0005137228525280736,3.5596193356468575E-05,0.00026625516826150886,0.001903154074568647
244,272.1428643941882,R2-SIDE,REGION-2,SuperheatedVapor,272.1428643941882,5.689611795376532,,true,SuperheatedVapor,272.14201841449153,5.689594010405271,,true,-0.0008459796966917565,-1.778497126103673E-05,true,0.0005137228525280736,3.5596193356468575E-05,0.00026625516826150886,0.001903154074568647
245,272.18914115428936,R1-SIDE,REGION-1,SubcooledLiquid,272.18914115428936,5.693813043479046,,true,SubcooledLiquid,272.18905412976824,5.6940893953339256,,true,-8.702452112174797E-05,0.0002763518548798416,true,0.0005137228525280736,3.5596193356468575E-05,0.00026625516826150886,0.001903154074568647
245,272.18914115428936,R4-LIQUID-SIDE,REGION-4,SaturatedMixture,272.18914115428936,5.693756105917986,1E-06,true,SaturatedMixture,272.1890795801818,5.69378144319982,9.780045272730803E-07,true,-6.157410757623438E-05,2.5337281834403313E-05,true,0.0005137228525280736,3.5596193356468575E-05,0.00026625516826150886,0.001903154074568647
245,272.18914115428936,R4-VAPOR-SIDE,REGION-4,SaturatedMixture,272.18914115428936,5.693756105917986,0.999999,true,SaturatedMixture,272.18971141022314,5.693837305462816,0.999999751875211,true,0.0005702559337805724,8.119954483021274E-05,true,0.0005137228525280736,3.5596193356468575E-05,0.00026625516826150886,0.001903154074568647
245,272.18914115428936,R2-SIDE,REGION-2,SuperheatedVapor,272.18914115428936,5.693699168356927,,true,SuperheatedVapor,272.188295477358,5.693681441865582,,true,-0.0008456769313625045,-1.7726491345015916E-05,true,0.0005137228525280736,3.5596193356468575E-05,0.00026625516826150886,0.001903154074568647
246,272.23506702184693,R1-SIDE,REGION-1,SubcooledLiquid,272.23506702184693,5.697871721312088,,true,SubcooledLiquid,272.23497594237494,5.698165656646426,,true,-9.10794719857222E-05,0.000293935334337192,true,0.0005137228525280736,3.5596193356468575E-05,0.00026625516826150886,0.001903154074568647
246,272.23506702184693,R4-LIQUID-SIDE,REGION-4,SaturatedMixture,272.23506702184693,5.697814743164656,1E-06,true,SaturatedMixture,272.2350017970218,5.697841584038558,9.766757608393502E-07,true,-6.522482510717964E-05,2.684087390214529E-05,true,0.0005137228525280736,3.5596193356468575E-05,0.00026625516826150886,0.001903154074568647
246,272.23506702184693,R4-VAPOR-SIDE,REGION-4,SaturatedMixture,272.23506702184693,5.697814743164656,0.999999,true,SaturatedMixture,272.2356708172879,5.697900734416979,0.999999796465178,true,0.0006037954409521262,8.599125232322535E-05,true,0.0005137228525280736,3.5596193356468575E-05,0.00026625516826150886,0.001903154074568647
246,272.23506702184693,R2-SIDE,REGION-2,SuperheatedVapor,272.23506702184693,5.697757765017225,,true,SuperheatedVapor,272.23422097097364,5.697739997608161,,true,-0.0008460508732923699,-1.7767409064006756E-05,true,0.0005137228525280736,3.5596193356468575E-05,0.00026625516826150886,0.001903154074568647
247,272.2806400775909,R1-SIDE,REGION-1,SubcooledLiquid,272.2806400775909,5.701901402712715,,true,SubcooledLiquid,272.2805497802402,5.702191543873098,,true,-9.029735065269051E-05,0.0002901411603826176,true,0.0005137228525280736,3.5596193356468575E-05,0.00026625516826150886,0.001903154074568647
247,272.2806400775909,R4-LIQUID-SIDE,REGION-4,SaturatedMixture,272.2806400775909,5.701844384268872,1E-06,true,SaturatedMixture,272.2805755913847,5.701870919649979,9.7691820640742E-07,true,-6.448620615628897E-05,2.6535381106640443E-05,true,0.0005137228525280736,3.5596193356468575E-05,0.00026625516826150886,0.001903154074568647
247,272.2806400775909,R4-VAPOR-SIDE,REGION-4,SaturatedMixture,272.2806400775909,5.701844384268872,0.999999,true,SaturatedMixture,272.2812367080601,5.701929371244812,0.9999997872327908,true,0.0005966304692037738,8.498697593939397E-05,true,0.0005137228525280736,3.5596193356468575E-05,0.00026625516826150886,0.001903154074568647
247,272.2806400775909,R2-SIDE,REGION-2,SuperheatedVapor,272.2806400775909,5.701787365825029,,true,SuperheatedVapor,272.27979308857914,5.701769474477966,,true,-0.0008469890117339673,-1.7891347063425656E-05,true,0.0005137228525280736,3.5596193356468575E-05,0.00026625516826150886,0.001903154074568647
248,272.32585906982433,R1-SIDE,REGION-1,SubcooledLiquid,272.32585906982433,5.705901927205711,,true,SubcooledLiquid,272.3257742837385,5.706167415893389,,true,-8.478608583573077E-05,0.00026548868767761746,true,0.0005137228525280736,3.5596193356468575E-05,0.00026625516826150886,0.001903154074568647
248,272.32585906982433,R4-LIQUID-SIDE,REGION-4,SaturatedMixture,272.32585906982433,5.705844868757024,1E-06,true,SaturatedMixture,272.3257996251233,5.705869331723894,9.78699721067127E-07,true,-5.944470103713684E-05,2.4462966870864022E-05,true,0.0005137228525280736,3.5596193356468575E-05,0.00026625516826150886,0.001903154074568647
248,272.32585906982433,R4-VAPOR-SIDE,REGION-4,SaturatedMixture,272.32585906982433,5.705844868757024,0.999999,true,SaturatedMixture,272.3264088332792,5.705923193908323,0.9999997257783318,true,0.0005497634548419228,7.832515129901907E-05,true,0.0005137228525280736,3.5596193356468575E-05,0.00026625516826150886,0.001903154074568647
248,272.32585906982433,R2-SIDE,REGION-2,SuperheatedVapor,272.32585906982433,5.705787810308336,,true,SuperheatedVapor,272.3250124800785,5.705769991388468,,true,-0.0008465897458336258,-1.781891986762929E-05,true,0.0005137228525280736,3.5596193356468575E-05,0.00026625516826150886,0.001903154074568647
249,272.3707235813141,R1-SIDE,REGION-1,SubcooledLiquid,272.3707235813141,5.709873208318444,,true,SubcooledLiquid,272.3706489281253,5.710093701814426,,true,-7.465318878985272E-05,0.0002204934959815219,true,0.0005137228525280736,3.5596193356468575E-05,0.00026625516826150886,0.001903154074568647
249,272.3707235813141,R4-LIQUID-SIDE,REGION-4,SaturatedMixture,272.3707235813141,5.709816110157342,1E-06,true,SaturatedMixture,272.37067335105564,5.709836771882079,9.819919837820896E-07,true,-5.023025846639939E-05,2.066172473735861E-05,true,0.0005137228525280736,3.5596193356468575E-05,0.00026625516826150886,0.001903154074568647
249,272.3707235813141,R4-VAPOR-SIDE,REGION-4,SaturatedMixture,272.3707235813141,5.709816110157342,0.999999,true,SaturatedMixture,272.3711877405673,5.7098822508246645,0.9999996131635115,true,0.00046415925316978246,6.61406673225784E-05,true,0.0005137228525280736,3.5596193356468575E-05,0.00026625516826150886,0.001903154074568647
249,272.3707235813141,R2-SIDE,REGION-2,SuperheatedVapor,272.3707235813141,5.7097590119962405,,true,SuperheatedVapor,272.3698769790676,5.709741204918015,,true,-0.0008466022464972411,-1.7807078225295925E-05,true,0.0005137228525280736,3.5596193356468575E-05,0.00026625516826150886,0.001903154074568647
250,272.41523357033736,R1-SIDE,REGION-1,SubcooledLiquid,272.41523357033736,5.71381519312334,,true,SubcooledLiquid,272.4151735648486,5.713970859368996,,true,-6.00054887627266E-05,0.00015566624565632736,true,0.0005137228525280736,3.5596193356468575E-05,0.00026625516826150886,0.001903154074568647
250,272.41523357033736,R4-LIQUID-SIDE,REGION-4,SaturatedMixture,272.41523357033736,5.713758055542784,1E-06,true,SaturatedMixture,272.4151966970834,5.713773233750074,9.867580368182845E-07,true,-3.687325397550012E-05,1.5178207290134083E-05,true,0.0005137228525280736,3.5596193356468575E-05,0.00026625516826150886,0.001903154074568647
250,272.41523357033736,R4-VAPOR-SIDE,REGION-4,SaturatedMixture,272.41523357033736,5.713758055542784,0.999999,true,SaturatedMixture,272.41557434344327,5.713806622761157,0.999999450431667,true,0.00034077310590419074,4.8567218373207766E-05,true,0.0005137228525280736,3.5596193356468575E-05,0.00026625516826150886,0.001903154074568647
250,272.41523357033736,R2-SIDE,REGION-2,SuperheatedVapor,272.41523357033736,5.713700917962229,,true,SuperheatedVapor,272.41438656259277,5.713683064811611,,true,-0.0008470077445963398,-1.7853150618307723E-05,true,0.0005137228525280736,3.5596193356468575E-05,0.00026625516826150886,0.001903154074568647
251,272.45532531738286,R1-SIDE,REGION-1,SubcooledLiquid,272.45532531738286,5.717367658929444,,true,SubcooledLiquid,272.4552824260828,5.717447741400027,,true,-4.289130004053732E-05,8.008247058288731E-05,true,0.0005137228525280736,3.5596193356468575E-05,0.00026625516826150886,0.001903154074568647
251,272.45532531738286,R4-LIQUID-SIDE,REGION-4,SaturatedMixture,272.45532531738286,5.717310485824585,1E-06,true,SaturatedMixture,272.455304015332,5.717319259442163,9.923387469431794E-07,true,-2.130205086814385E-05,8.773617577340076E-06,true,0.0005137228525280736,3.5596193356468575E-05,0.00026625516826150886,0.001903154074568647
251,272.45532531738286,R4-VAPOR-SIDE,REGION-4,SaturatedMixture,272.45532531738286,5.717310485824585,0.999999,true,SaturatedMixture,272.45552219283115,5.717338549263859,0.9999992603153562,true,0.00019687544829594117,2.80634392737511E-05,true,0.0005137228525280736,3.5596193356468575E-05,0.00026625516826150886,0.001903154074568647
251,272.45532531738286,R2-SIDE,REGION-2,SuperheatedVapor,272.45532531738286,5.717253312719727,,true,SuperheatedVapor,272.45447809206496,5.717235439783324,,true,-0.0008472253178979372,-1.7872936402874018E-05,true,0.0005137228525280736,3.5596193356468575E-05,0.00026625516826150886,0.001903154074568647
252,272.4857955574988,R1-SIDE,REGION-1,SubcooledLiquid,272.4857955574988,5.720068705998149,,true,SubcooledLiquid,272.4857681598842,5.720080458236244,,true,-2.7397614644542045E-05,1.1752238094686618E-05,true,0.0005137228525280736,3.5596193356468575E-05,0.00026625516826150886,0.001903154074568647
252,272.4857955574988,R4-LIQUID-SIDE,REGION-4,SaturatedMixture,272.4857955574988,5.72001150588309,1E-06,true,SaturatedMixture,272.48578834021134,5.7200144832553965,9.973982659287519E-07,true,-7.217287475214107E-06,2.977372306922632E-06,true,0.0005137228525280736,3.5596193356468575E-05,0.00026625516826150886,0.001903154074568647
252,272.4857955574988,R4-VAPOR-SIDE,REGION-4,SaturatedMixture,272.4857955574988,5.72001150588309,0.999999,true,SaturatedMixture,272.48586232779473,5.720021024751644,0.9999990883186468,true,6.677029591628525E-05,9.518868554714288E-06,true,0.0005137228525280736,3.5596193356468575E-05,0.00026625516826150886,0.001903154074568647
252,272.4857955574988,R2-SIDE,REGION-2,SuperheatedVapor,272.4857955574988,5.719954305768031,,true,SuperheatedVapor,272.4849481232533,5.719936411379371,,true,-0.0008474342455428996,-1.7894388659733806E-05,true,0.0005137228525280736,3.5596193356468575E-05,0.00026625516826150886,0.001903154074568647
253,273.6084401816131,R1-SIDE,REGION-1,SubcooledLiquid,273.6084401816131,5.820267174253091,,true,SubcooledLiquid,273.6083702299554,5.820459943125887,,true,-6.995165767875733E-05,0.00019276887279584543,true,0.0005137228525280736,3.5596193356468575E-05,0.00026625516826150886,0.001903154074568647
253,273.6084401816131,R4-LIQUID-SIDE,REGION-4,SaturatedMixture,273.6084401816131,5.820208972163369,1E-06,true,SaturatedMixture,273.60839490008595,5.8202273950698515,9.832785030582454E-07,true,-4.528152715010947E-05,1.842290648212952E-05,true,0.0005137228525280736,3.5596193356468575E-05,0.00026625516826150886,0.001903154074568647
253,273.6084401816131,R4-VAPOR-SIDE,REGION-4,SaturatedMixture,273.6084401816131,5.820208972163369,0.999999,true,SaturatedMixture,273.6088511035309,5.820268450606147,0.9999995628966497,true,0.000410921917818996,5.947844277720549E-05,true,0.0005137228525280736,3.5596193356468575E-05,0.00026625516826150886,0.001903154074568647
253,273.6084401816131,R2-SIDE,REGION-2,SuperheatedVapor,273.6084401816131,5.820150770073648,,true,SuperheatedVapor,273.60758699869245,5.820132369174861,,true,-0.0008531829206503971,-1.840089878690776E-05,true,0.0005137228525280736,3.5596193356468575E-05,0.00026625516826150886,0.001903154074568647
254,273.6215528190136,R1-SIDE,REGION-1,SubcooledLiquid,273.6215528190136,5.821445366863253,,true,SubcooledLiquid,273.6214786915482,5.821656173668918,,true,-7.41274653819346E-05,0.000210806805664987,true,0.0005137228525280736,3.5596193356468575E-05,0.00026625516826150886,0.001903154074568647
254,273.6215528190136,R4-LIQUID-SIDE,REGION-4,SaturatedMixture,273.6215528190136,5.821387152991723,1E-06,true,SaturatedMixture,273.62150376824536,5.821407113501516,9.81877594401836E-07,true,-4.905076821160037E-05,1.996050979347075E-05,true,0.0005137228525280736,3.5596193356468575E-05,0.00026625516826150886,0.001903154074568647
254,273.6215528190136,R4-VAPOR-SIDE,REGION-4,SaturatedMixture,273.6215528190136,5.821387152991723,0.999999,true,SaturatedMixture,273.62199795706715,5.821451587490781,0.9999996098267496,true,0.00044513805357837555,6.443449905813026E-05,true,0.0005137228525280736,3.5596193356468575E-05,0.00026625516826150886,0.001903154074568647
254,273.6215528190136,R2-SIDE,REGION-2,SuperheatedVapor,273.6215528190136,5.8213289391201934,,true,SuperheatedVapor,273.62069884774155,5.821310424597985,,true,-0.000853971272022136,-1.851452220869021E-05,true,0.0005137228525280736,3.5596193356468575E-05,0.00026625516826150886,0.001903154074568647
255,273.68795581161976,R1-SIDE,REGION-1,SubcooledLiquid,273.68795581161976,5.8274145841073945,,true,SubcooledLiquid,273.6878667415216,5.827689736387519,,true,-8.907009816994105E-05,0.00027515228012475745,true,0.0005137228525280736,3.5596193356468575E-05,0.00026625516826150886,0.001903154074568647
255,273.68795581161976,R4-LIQUID-SIDE,REGION-4,SaturatedMixture,273.68795581161976,5.827356310544289,1E-06,true,SaturatedMixture,273.6878932313913,5.827381761532932,9.768591917062931E-07,true,-6.258022847305256E-05,2.5450988642816696E-05,true,0.0005137228525280736,3.5596193356468575E-05,0.00026625516826150886,0.001903154074568647
255,273.68795581161976,R4-VAPOR-SIDE,REGION-4,SaturatedMixture,273.68795581161976,5.827356310544289,0.999999,true,SaturatedMixture,273.6885230597653,5.827438442257197,0.9999997777579526,true,0.0005672481455576417,8.213171290805121E-05,true,0.0005137228525280736,3.5596193356468575E-05,0.00026625516826150886,0.001903154074568647
255,273.68795581161976,R2-SIDE,REGION-2,SuperheatedVapor,273.68795581161976,5.827298036981183,,true,SuperheatedVapor,273.6871021836221,5.827279594340028,,true,-0.0008536279976851802,-1.8442641155580475E-05,true,0.0005137228525280736,3.5596193356468575E-05,0.00026625516826150886,0.001903154074568647
256,273.8153027057647,R1-SIDE,REGION-1,SubcooledLiquid,273.8153027057647,5.838875354157347,,true,SubcooledLiquid,273.8152140016582,5.839147988897757,,true,-8.870410647432436E-05,0.00027263474041028246,true,0.0005137228525280736,3.5596193356468575E-05,0.00026625516826150886,0.001903154074568647
256,273.8153027057647,R4-LIQUID-SIDE,REGION-4,SaturatedMixture,273.8153027057647,5.838816965987687,1E-06,true,SaturatedMixture,273.81524055994475,5.838842246823725,9.769491005832012E-07,true,-6.214581992480817E-05,2.5280836037921972E-05,true,0.0005137228525280736,3.5596193356468575E-05,0.00026625516826150886,0.001903154074568647
256,273.8153027057647,R4-VAPOR-SIDE,REGION-4,SaturatedMixture,273.8153027057647,5.838816965987687,0.999999,true,SaturatedMixture,273.81586539161947,5.8388984778754445,0.9999997728187918,true,0.0005626858547884694,8.151188775773477E-05,true,0.0005137228525280736,3.5596193356468575E-05,0.00026625516826150886,0.001903154074568647
256,273.8153027057647,R2-SIDE,REGION-2,SuperheatedVapor,273.8153027057647,5.8387585778180275,,true,SuperheatedVapor,273.8144482997136,5.838740058475687,,true,-0.0008544060510757845,-1.8519342340539424E-05,true,0.0005137228525280736,3.5596193356468575E-05,0.00026625516826150886,0.001903154074568647
257,273.84035230278926,R1-SIDE,REGION-1,SubcooledLiquid,273.84035230278926,5.841131753297155,,true,SubcooledLiquid,273.8402681664237,5.841384451377227,,true,-8.413636555815174E-05,0.00025269808007166716,true,0.0005137228525280736,3.5596193356468575E-05,0.00026625516826150886,0.001903154074568647
257,273.84035230278926,R4-LIQUID-SIDE,REGION-4,SaturatedMixture,273.84035230278926,5.841073342563729,1E-06,true,SaturatedMixture,273.84029429401846,5.841096930562252,9.784809020989565E-07,true,-5.80087707930943E-05,2.358799852331117E-05,true,0.0005137228525280736,3.5596193356468575E-05,0.00026625516826150886,0.001903154074568647
257,273.84035230278926,R4-VAPOR-SIDE,REGION-4,SaturatedMixture,273.84035230278926,5.841073342563729,0.999999,true,SaturatedMixture,273.8408772120548,5.8411493896413464,0.9999997211451388,true,0.0005249092655503773,7.604707761732499E-05,true,0.0005137228525280736,3.5596193356468575E-05,0.00026625516826150886,0.001903154074568647
257,273.84035230278926,R2-SIDE,REGION-2,SuperheatedVapor,273.84035230278926,5.841014931830304,,true,SuperheatedVapor,273.83949713686445,5.840996306554203,,true,-0.0008551659248041688,-1.8625276100969756E-05,true,0.0005137228525280736,3.5596193356468575E-05,0.00026625516826150886,0.001903154074568647
258,273.96743665337556,R1-SIDE,REGION-1,SubcooledLiquid,273.96743665337556,5.852589422274065,,true,SubcooledLiquid,273.9673984942683,5.852642776335492,,true,-3.815910724824789E-05,5.335406142759069E-05,true,0.0005137228525280736,3.5596193356468575E-05,0.00026625516826150886,0.001903154074568647
258,273.96743665337556,R4-LIQUID-SIDE,REGION-4,SaturatedMixture,273.96743665337556,5.852530896965095,1E-06,true,SaturatedMixture,273.96742039314074,5.852537506549328,9.939532071148703E-07,true,-1.626023481549055E-05,6.609584232819543E-06,true,0.0005137228525280736,3.5596193356468575E-05,0.00026625516826150886,0.001903154074568647
258,273.96743665337556,R4-VAPOR-SIDE,REGION-4,SaturatedMixture,273.96743665337556,5.852530896965095,0.999999,true,SaturatedMixture,273.9675835529281,5.852552189938164,0.9999992021504915,true,0.00014689955253288645,2.129297306918687E-05,true,0.0005137228525280736,3.5596193356468575E-05,0.00026625516826150886,0.001903154074568647
258,273.96743665337556,R2-SIDE,REGION-2,SuperheatedVapor,273.96743665337556,5.852472371656125,,true,SuperheatedVapor,273.96658150976975,5.852453789308552,,true,-0.0008551436058041872,-1.8582347572682067E-05,true,0.0005137228525280736,3.5596193356468575E-05,0.00026625516826150886,0.001903154074568647
259,274.1351564466953,R1-SIDE,REGION-1,SubcooledLiquid,274.1351564466953,5.867736958825487,,true,SubcooledLiquid,274.1350777359504,5.867964446760667,,true,-7.871074490140018E-05,0.0002274879351800152,true,0.0005137228525280736,3.5596193356468575E-05,0.00026625516826150886,0.001903154074568647
259,274.1351564466953,R4-LIQUID-SIDE,REGION-4,SaturatedMixture,274.1351564466953,5.867678282042666,1E-06,true,SaturatedMixture,274.1351035327858,5.867699727986003,9.802172359560009E-07,true,-5.291390948514163E-05,2.1445943336750872E-05,true,0.0005137228525280736,3.5596193356468575E-05,0.00026625516826150886,0.001903154074568647
259,274.1351564466953,R4-VAPOR-SIDE,REGION-4,SaturatedMixture,274.1351564466953,5.867678282042666,0.999999,true,SaturatedMixture,274.1356331411349,5.867747670811612,0.9999996620434985,true,0.00047669443961240177,6.938876894579948E-05,true,0.0005137228525280736,3.5596193356468575E-05,0.00026625516826150886,0.001903154074568647
259,274.1351564466953,R2-SIDE,REGION-2,SuperheatedVapor,274.1351564466953,5.867619605259846,,true,SuperheatedVapor,274.13430034873227,5.867600932134402,,true,-0.0008560979630374277,-1.867312544412414E-05,true,0.0005137228525280736,3.5596193356468575E-05,0.00026625516826150886,0.001903154074568647
260,274.3160987555981,R1-SIDE,REGION-1,SubcooledLiquid,274.3160987555981,5.88411222739679,,true,SubcooledLiquid,274.31600942077284,5.884384166760216,,true,-8.933482524753344E-05,0.0002719393634258438,true,0.0005137228525280736,3.5596193356468575E-05,0.00026625516826150886,0.001903154074568647
260,274.3160987555981,R4-LIQUID-SIDE,REGION-4,SaturatedMixture,274.3160987555981,5.884053386862921,1E-06,true,SaturatedMixture,274.3160363365291,5.884078680222644,9.765748053049256E-07,true,-6.241906896775617E-05,2.5293359723121966E-05,true,0.0005137228525280736,3.5596193356468575E-05,0.00026625516826150886,0.001903154074568647
260,274.3160987555981,R4-VAPOR-SIDE,REGION-4,SaturatedMixture,274.3160987555981,5.884053386862921,0.999999,true,SaturatedMixture,274.31665990996214,5.884135129242749,0.9999997808134413,true,0.0005611543640497985,8.174237982760957E-05,true,0.0005137228525280736,3.5596193356468575E-05,0.00026625516826150886,0.001903154074568647
260,274.3160987555981,R2-SIDE,REGION-2,SuperheatedVapor,274.3160987555981,5.883994546329053,,true,SuperheatedVapor,274.31524161182415,5.883975772638876,,true,-0.0008571437739419707,-1.8773690176665525E-05,true,0.0005137228525280736,3.5596193356468575E-05,0.00026625516826150886,0.001903154074568647
261,274.4903302550314,R1-SIDE,REGION-1,SubcooledLiquid,274.4903302550314,5.899913120456926,,true,SubcooledLiquid,274.4903041188833,5.899912899680635,,true,-2.613614810798026E-05,-2.2077629058259163E-07,true,0.0005137228525280736,3.5596193356468575E-05,0.00026625516826150886,0.001903154074568647
261,274.4903302550314,R4-LIQUID-SIDE,REGION-4,SaturatedMixture,274.4903302550314,5.899854121915706,1E-06,true,SaturatedMixture,274.490325152874,5.899856185126298,9.980818601454318E-07,true,-5.10215738813713E-06,2.0632105917073318E-06,true,0.0005137228525280736,3.5596193356468575E-05,0.00026625516826150886,0.001903154074568647
261,274.4903302550314,R4-VAPOR-SIDE,REGION-4,SaturatedMixture,274.4903302550314,5.899854121915706,0.999999,true,SaturatedMixture,274.4903759587229,5.899860784328605,0.9999990636601971,true,4.5703691512244404E-05,6.662412898705838E-06,true,0.0005137228525280736,3.5596193356468575E-05,0.00026625516826150886,0.001903154074568647
261,274.4903302550314,R2-SIDE,REGION-2,SuperheatedVapor,274.4903302550314,5.899795123374488,,true,SuperheatedVapor,274.48947242080146,5.899776300408604,,true,-0.000857834229918808,-1.8822965883735776E-05,true,0.0005137228525280736,3.5596193356468575E-05,0.00026625516826150886,0.001903154074568647
262,274.66211806535716,R1-SIDE,REGION-1,SubcooledLiquid,274.66211806535716,5.915524095625014,,true,SubcooledLiquid,274.6620321220439,5.9157792387220915,,true,-8.594331325184612E-05,0.0002551430970774149,true,0.0005137228525280736,3.5596193356468575E-05,0.00026625516826150886,0.001903154074568647
262,274.66211806535716,R4-LIQUID-SIDE,REGION-4,SaturatedMixture,274.66211806535716,5.915464940975604,1E-06,true,SaturatedMixture,274.6620589295917,5.915488821102469,9.776106473696108E-07,true,-5.913576546845434E-05,2.388012686527219E-05,true,0.0005137228525280736,3.5596193356468575E-05,0.00026625516826150886,0.001903154074568647
262,274.66211806535716,R4-VAPOR-SIDE,REGION-4,SaturatedMixture,274.66211806535716,5.915464940975604,0.999999,true,SaturatedMixture,274.6626469901719,5.915542368932831,0.9999997442028915,true,0.0005289248147164471,7.742795722709417E-05,true,0.0005137228525280736,3.5596193356468575E-05,0.00026625516826150886,0.001903154074568647
262,274.66211806535716,R2-SIDE,REGION-2,SuperheatedVapor,274.66211806535716,5.915405786326195,,true,SuperheatedVapor,274.6612586353315,5.9153867764521,,true,-0.00085943002568456,-1.900987409531041E-05,true,0.0005137228525280736,3.5596193356468575E-05,0.00026625516826150886,0.001903154074568647
263,274.83064057230956,R1-SIDE,REGION-1,SubcooledLiquid,274.83064057230956,5.930868966071628,,true,SubcooledLiquid,274.8305530093172,5.93112982138001,,true,-8.756299234846665E-05,0.00026085530838138027,true,0.0005137228525280736,3.5596193356468575E-05,0.00026625516826150886,0.001903154074568647
263,274.83064057230956,R4-LIQUID-SIDE,REGION-4,SaturatedMixture,274.83064057230956,5.930809657975048,1E-06,true,SaturatedMixture,274.8305800719328,5.930834079475081,9.77017592920465E-07,true,-6.050037677596265E-05,2.4421500032900667E-05,true,0.0005137228525280736,3.5596193356468575E-05,0.00026625516826150886,0.001903154074568647
263,274.83064057230956,R4-VAPOR-SIDE,REGION-4,SaturatedMixture,274.83064057230956,5.930809657975048,0.999999,true,SaturatedMixture,274.83118058144805,5.930888760885022,0.999999761471244,true,0.0005400091384899497,7.910290997426017E-05,true,0.0005137228525280736,3.5596193356468575E-05,0.00026625516826150886,0.001903154074568647
263,274.83064057230956,R2-SIDE,REGION-2,SuperheatedVapor,274.83064057230956,5.930750349878468,,true,SuperheatedVapor,274.82978091510813,5.930731358808144,,true,-0.0008596572014312187,-1.8991070324325676E-05,true,0.0005137228525280736,3.5596193356468575E-05,0.00026625516826150886,0.001903154074568647
264,274.9943043649197,R1-SIDE,REGION-1,SubcooledLiquid,274.9943043649197,5.945800496543902,,true,SubcooledLiquid,274.9942802108958,5.945790215982379,,true,-2.415402389033261E-05,-1.0280561522968412E-05,true,0.0005137228525280736,3.5596193356468575E-05,0.00026625516826150886,0.001903154074568647
264,274.9943043649197,R4-LIQUID-SIDE,REGION-4,SaturatedMixture,274.9943043649197,5.945741039133511,1E-06,true,SaturatedMixture,274.9943013191223,5.945742267280525,9.988400358169873E-07,true,-3.0457973707598285E-06,1.2281470143093998E-06,true,0.0005137228525280736,3.5596193356468575E-05,0.00026625516826150886,0.001903154074568647
264,274.9943043649197,R4-VAPOR-SIDE,REGION-4,SaturatedMixture,274.9943043649197,5.945741039133511,0.999999,true,SaturatedMixture,274.9943314740584,5.945745013139473,0.9999990381973355,true,2.7109138727610116E-05,3.9740059625259505E-06,true,0.0005137228525280736,3.5596193356468575E-05,0.00026625516826150886,0.001903154074568647
264,274.9943043649197,R2-SIDE,REGION-2,SuperheatedVapor,274.9943043649197,5.94568158172312,,true,SuperheatedVapor,274.99344372322344,5.945662493241226,,true,-0.0008606416962493313,-1.9088481893803078E-05,true,0.0005137228525280736,3.5596193356468575E-05,0.00026625516826150886,0.001903154074568647
265,275.1527390658854,R1-SIDE,REGION-1,SubcooledLiquid,275.1527390658854,5.960282286154091,,true,SubcooledLiquid,275.15265447709044,5.960528421619086,,true,-8.45887949481039E-05,0.0002461354649954117,true,0.0005137228525280736,3.5596193356468575E-05,0.00026625516826150886,0.001903154074568647
265,275.1527390658854,R4-LIQUID-SIDE,REGION-4,SaturatedMixture,275.1527390658854,5.960222683927252,1E-06,true,SaturatedMixture,275.15268142166394,5.960245855891426,9.779347477028192E-07,true,-5.764422144238779E-05,2.317196417411793E-05,true,0.0005137228525280736,3.5596193356468575E-05,0.00026625516826150886,0.001903154074568647
265,275.1527390658854,R4-VAPOR-SIDE,REGION-4,SaturatedMixture,275.1527390658854,5.960222683927252,0.999999,true,SaturatedMixture,275.1532508133405,5.960298008655526,0.9999997296023663,true,0.00051174745510707,7.532472827431747E-05,true,0.0005137228525280736,3.5596193356468575E-05,0.00026625516826150886,0.001903154074568647
265,275.1527390658854,R2-SIDE,REGION-2,SuperheatedVapor,275.1527390658854,5.960163081700412,,true,SuperheatedVapor,275.1518776448273,5.960143925145637,,true,-0.000861421058061751,-1.9156554775356938E-05,true,0.0005137228525280736,3.5596193356468575E-05,0.00026625516826150886,0.001903154074568647
266,275.1843705475329,R1-SIDE,REGION-1,SubcooledLiquid,275.1843705475329,5.963176797082566,,true,SubcooledLiquid,275.1842797364892,5.963449147386608,,true,-9.081104371944093E-05,0.000272350304041602,true,0.0005137228525280736,3.5596193356468575E-05,0.00026625516826150886,0.001903154074568647
266,275.1843705475329,R4-LIQUID-SIDE,REGION-4,SaturatedMixture,275.1843705475329,5.963117165910907,1E-06,true,SaturatedMixture,275.18430732314744,5.9631425933173015,9.75769839447183E-07,true,-6.322438548522769E-05,2.5427406394662455E-05,true,0.0005137228525280736,3.5596193356468575E-05,0.00026625516826150886,0.001903154074568647
266,275.1843705475329,R4-VAPOR-SIDE,REGION-4,SaturatedMixture,275.1843705475329,5.963117165910907,0.999999,true,SaturatedMixture,275.1849318617095,5.96319979719582,0.9999998004521294,true,0.0005613141765934415,8.26312849131483E-05,true,0.0005137228525280736,3.5596193356468575E-05,0.00026625516826150886,0.001903154074568647
266,275.1843705475329,R2-SIDE,REGION-2,SuperheatedVapor,275.1843705475329,5.963057534739248,,true,SuperheatedVapor,275.18350861415786,5.963038310328053,,true,-0.0008619333750630176,-1.922441119450724E-05,true,0.0005137228525280736,3.5596193356468575E-05,0.00026625516826150886,0.001903154074568647
267,275.18437056839457,R1-SIDE,REGION-1,SubcooledLiquid,275.18437056839457,5.963176798991923,,true,SubcooledLiquid,275.18427975734767,5.963449149310165,,true,-9.081104690267239E-05,0.00027235031824179856,true,0.0005137228525280736,3.5596193356468575E-05,0.00026625516826150886,0.001903154074568647
267,275.18437056839457,R4-LIQUID-SIDE,REGION-4,SaturatedMixture,275.18437056839457,5.963117167820244,1E-06,true,SaturatedMixture,275.18430734289416,5.963142595125965,9.757699443196938E-07,true,-6.322550041204522E-05,2.542730572052676E-05,true,0.0005137228525280736,3.5596193356468575E-05,0.00026625516826150886,0.001903154074568647
267,275.18437056839457,R4-VAPOR-SIDE,REGION-4,SaturatedMixture,275.18437056839457,5.963117167820244,0.999999,true,SaturatedMixture,275.18493188259424,5.963199799108723,0.9999998004521072,true,0.0005613141996718696,8.263128847829648E-05,true,0.0005137228525280736,3.5596193356468575E-05,0.00026625516826150886,0.001903154074568647
267,275.18437056839457,R2-SIDE,REGION-2,SuperheatedVapor,275.18437056839457,5.9630575366485665,,true,SuperheatedVapor,275.183508635022,5.963038312237729,,true,-0.0008619333725619072,-1.9224410837459516E-05,true,0.0005137228525280736,3.5596193356468575E-05,0.00026625516826150886,0.001903154074568647
268,275.1843705892562,R1-SIDE,REGION-1,SubcooledLiquid,275.1843705892562,5.963176800901273,,true,SubcooledLiquid,275.184279778206,5.963449151233281,,true,-9.081105019959068E-05,0.0002723503320076759,true,0.0005137228525280736,3.5596193356468575E-05,0.00026625516826150886,0.001903154074568647
268,275.1843705892562,R4-LIQUID-SIDE,REGION-4,SaturatedMixture,275.1843705892562,5.963117169729576,1E-06,true,SaturatedMixture,275.18430736264077,5.96314259693464,9.757700492060413E-07,true,-6.32266154525496E-05,2.5427205064154634E-05,true,0.0005137228525280736,3.5596193356468575E-05,0.00026625516826150886,0.001903154074568647
268,275.1843705892562,R4-VAPOR-SIDE,REGION-4,SaturatedMixture,275.1843705892562,5.963117169729576,0.999999,true,SaturatedMixture,275.18493190347874,5.963199801021615,0.9999998004520848,true,0.000561314222522924,8.263129203900377E-05,true,0.0005137228525280736,3.5596193356468575E-05,0.00026625516826150886,0.001903154074568647
268,275.1843705892562,R2-SIDE,REGION-2,SuperheatedVapor,275.1843705892562,5.963057538557878,,true,SuperheatedVapor,275.18350865588593,5.963038314147395,,true,-0.0008619333702881704,-1.9224410483076326E-05,true,0.0005137228525280736,3.5596193356468575E-05,0.00026625516826150886,0.001903154074568647
269,275.26000683307655,R1-SIDE,REGION-1,SubcooledLiquid,275.26000683307655,5.97010241956752,,true,SubcooledLiquid,275.25991088871,5.970395993269677,,true,-9.594436653515004E-05,0.00029357370215699063,true,0.0005137228525280736,3.5596193356468575E-05,0.00026625516826150886,0.001903154074568647
269,275.26000683307655,R4-LIQUID-SIDE,REGION-4,SaturatedMixture,275.26000683307655,5.970042719140328,1E-06,true,SaturatedMixture,275.25993900886203,5.970069989037657,9.739705681425888E-07,true,-6.782421451134724E-05,2.726989732870777E-05,true,0.0005137228525280736,3.5596193356468575E-05,0.00026625516826150886,0.001903154074568647
269,275.26000683307655,R4-VAPOR-SIDE,REGION-4,SaturatedMixture,275.26000683307655,5.970042719140328,0.999999,true,SaturatedMixture,275.26060837887405,5.970131299200389,0.999999858676483,true,0.0006015457975081517,8.858006006118302E-05,true,0.0005137228525280736,3.5596193356468575E-05,0.00026625516826150886,0.001903154074568647
269,275.26000683307655,R2-SIDE,REGION-2,SuperheatedVapor,275.26000683307655,5.969983018713137,,true,SuperheatedVapor,275.2591441249846,5.969963700407302,,true,-0.0008627080919723085,-1.931830583501437E-05,true,0.0005137228525280736,3.5596193356468575E-05,0.00026625516826150886,0.001903154074568647
270,275.3103550732136,R1-SIDE,REGION-1,SubcooledLiquid,275.3103550732136,5.974715950385823,,true,SubcooledLiquid,275.31026333726595,5.974991286561218,,true,-9.173594764888549E-05,0.0002753361753944361,true,0.0005137228525280736,3.5596193356468575E-05,0.00026625516826150886,0.001903154074568647
270,275.3103550732136,R4-LIQUID-SIDE,REGION-4,SaturatedMixture,275.3103550732136,5.974656203823785,1E-06,true,SaturatedMixture,275.31029106425365,5.974681926610357,9.75420035429027E-07,true,-6.400895995284372E-05,2.5722786571868994E-05,true,0.0005137228525280736,3.5596193356468575E-05,0.00026625516826150886,0.001903154074568647
270,275.3103550732136,R4-VAPOR-SIDE,REGION-4,SaturatedMixture,275.3103550732136,5.974656203823785,0.999999,true,SaturatedMixture,275.3109222394248,5.9747397383613094,0.9999998099876128,true,0.000567166211226322,8.353453752452111E-05,true,0.0005137228525280736,3.5596193356468575E-05,0.00026625516826150886,0.001903154074568647
270,275.3103550732136,R2-SIDE,REGION-2,SuperheatedVapor,275.3103550732136,5.974596457261747,,true,SuperheatedVapor,275.30949283093037,5.974577225912931,,true,-0.0008622422832331722,-1.9231348815651472E-05,true,0.0005137228525280736,3.5596193356468575E-05,0.00026625516826150886,0.001903154074568647
271,275.46072360575204,R1-SIDE,REGION-1,SubcooledLiquid,275.46072360575204,5.988510788771929,,true,SubcooledLiquid,275.46068077712005,5.988578071205074,,true,-4.282863199023268E-05,6.728243314491067E-05,true,0.0005137228525280736,3.5596193356468575E-05,0.00026625516826150886,0.001903154074568647
271,275.46072360575204,R4-LIQUID-SIDE,REGION-4,SaturatedMixture,275.46072360575204,5.988450904262886,1E-06,true,SaturatedMixture,275.46070391596686,5.988458815693321,9.924147336374247E-07,true,-1.968978517652431E-05,7.911430435214584E-06,true,0.0005137228525280736,3.5596193356468575E-05,0.00026625516826150886,0.001903154074568647
271,275.46072360575204,R4-VAPOR-SIDE,REGION-4,SaturatedMixture,275.46072360575204,5.988450904262886,0.999999,true,SaturatedMixture,275.4608977764731,5.988476572119473,0.9999992491863704,true,0.0001741707210385357,2.566785658686399E-05,true,0.0005137228525280736,3.5596193356468575E-05,0.00026625516826150886,0.001903154074568647
271,275.46072360575204,R2-SIDE,REGION-2,SuperheatedVapor,275.46072360575204,5.988391019753844,,true,SuperheatedVapor,275.45985969403387,5.988371581732488,,true,-0.0008639117181701295,-1.9438021356066315E-05,true,0.0005137228525280736,3.5596193356468575E-05,0.00026625516826150886,0.001903154074568647
272,275.6050840735436,R1-SIDE,REGION-1,SubcooledLiquid,275.6050840735436,6.001777314199232,,true,SubcooledLiquid,275.6050127574524,6.001964425317911,,true,-7.131609118005144E-05,0.00018711111867908414,true,0.0005137228525280736,3.5596193356468575E-05,0.00026625516826150886,0.001903154074568647
272,275.6050840735436,R4-LIQUID-SIDE,REGION-4,SaturatedMixture,275.6050840735436,6.001717297026261,1E-06,true,SaturatedMixture,275.60503871773005,6.001735467002799,9.824403965356805E-07,true,-4.5355813540481904E-05,1.816997653847352E-05,true,0.0005137228525280736,3.5596193356468575E-05,0.00026625516826150886,0.001903154074568647
272,275.6050840735436,R4-VAPOR-SIDE,REGION-4,SaturatedMixture,275.6050840735436,6.001717297026261,0.999999,true,SaturatedMixture,275.6054842541912,6.001776514936273,0.9999995775474976,true,0.0004001806476026104,5.9217910012066E-05,true,0.0005137228525280736,3.5596193356468575E-05,0.00026625516826150886,0.001903154074568647
272,275.6050840735436,R2-SIDE,REGION-2,SuperheatedVapor,275.6050840735436,6.001657279853291,,true,SuperheatedVapor,275.60421994501087,6.0016378547499425,,true,-0.000864128532725772,-1.9425103348069683E-05,true,0.0005137228525280736,3.5596193356468575E-05,0.00026625516826150886,0.001903154074568647
273,275.7495581537486,R1-SIDE,REGION-1,SubcooledLiquid,275.7495581537486,6.015076735461899,,true,SubcooledLiquid,275.7494612829498,6.015370698142011,,true,-9.687079875675408E-05,0.00029396268011172566,true,0.0005137228525280736,3.5596193356468575E-05,0.00026625516826150886,0.001903154074568647
273,275.7495581537486,R4-LIQUID-SIDE,REGION-4,SaturatedMixture,275.7495581537486,6.0150165852960455,1E-06,true,SaturatedMixture,275.7494897681893,6.015043956027627,9.734640394588659E-07,true,-6.838555930244183E-05,2.737073158165515E-05,true,0.0005137228525280736,3.5596193356468575E-05,0.00026625516826150886,0.001903154074568647
273,275.7495581537486,R4-VAPOR-SIDE,REGION-4,SaturatedMixture,275.7495581537486,6.0150165852960455,0.999999,true,SaturatedMixture,275.7501601809714,6.015105722149269,0.9999998705939805,true,0.0006020272228397516,8.91368532238701E-05,true,0.0005137228525280736,3.5596193356468575E-05,0.00026625516826150886,0.001903154074568647
273,275.7495581537486,R2-SIDE,REGION-2,SuperheatedVapor,275.7495581537486,6.014956435130193,,true,SuperheatedVapor,275.7486935225895,6.014936979395408,,true,-0.0008646311590609912,-1.945573478501217E-05,true,0.0005137228525280736,3.5596193356468575E-05,0.00026625516826150886,0.001903154074568647
274,275.8048092722893,R1-SIDE,REGION-1,SubcooledLiquid,275.8048092722893,6.020168767202633,,true,SubcooledLiquid,275.804715981776,6.020447215561574,,true,-9.329051329132199E-05,0.00027844835894086373,true,0.0005137228525280736,3.5596193356468575E-05,0.00026625516826150886,0.001903154074568647
274,275.8048092722893,R4-LIQUID-SIDE,REGION-4,SaturatedMixture,275.8048092722893,6.0201085661169715,1E-06,true,SaturatedMixture,275.8047441718321,6.020134625995849,9.747037543417069E-07,true,-6.51004571636804E-05,2.6059878877049414E-05,true,0.0005137228525280736,3.5596193356468575E-05,0.00026625516826150886,0.001903154074568647
274,275.8048092722893,R4-VAPOR-SIDE,REGION-4,SaturatedMixture,275.8048092722893,6.0201085661169715,0.999999,true,SaturatedMixture,275.8053821169817,6.020193400826463,0.9999998289090618,true,0.0005728446924422315,8.48347094910551E-05,true,0.0005137228525280736,3.5596193356468575E-05,0.00026625516826150886,0.001903154074568647
274,275.8048092722893,R2-SIDE,REGION-2,SuperheatedVapor,275.8048092722893,6.020048365031311,,true,SuperheatedVapor,275.80394403275045,6.020028833823242,,true,-0.0008652395388253353,-1.9531208068634953E-05,true,0.0005137228525280736,3.5596193356468575E-05,0.00026625516826150886,0.001903154074568647
275,275.8487251222133,R1-SIDE,REGION-1,SubcooledLiquid,275.8487251222133,6.0242184696131496,,true,SubcooledLiquid,275.8486399544157,6.024462389741589,,true,-8.516779757883342E-05,0.00024392012843943434,true,0.0005137228525280736,3.5596193356468575E-05,0.00026625516826150886,0.001903154074568647
275,275.8487251222133,R4-LIQUID-SIDE,REGION-4,SaturatedMixture,275.8487251222133,6.024158228030869,1E-06,true,SaturatedMixture,275.8486674101747,6.024181338938118,9.775442162857633E-07,true,-5.771203859694651E-05,2.3110907249268564E-05,true,0.0005137228525280736,3.5596193356468575E-05,0.00026625516826150886,0.001903154074568647
275,275.8487251222133,R4-VAPOR-SIDE,REGION-4,SaturatedMixture,275.8487251222133,6.024158228030869,0.999999,true,SaturatedMixture,275.8492328712797,6.024233435706422,0.9999997350584199,true,0.00050774906640072,7.520767555302399E-05,true,0.0005137228525280736,3.5596193356468575E-05,0.00026625516826150886,0.001903154074568647
275,275.8487251222133,R2-SIDE,REGION-2,SuperheatedVapor,275.8487251222133,6.024097986448589,,true,SuperheatedVapor,275.84785992773743,6.024078476242493,,true,-0.0008651944758639729,-1.9510206096029492E-05,true,0.0005137228525280736,3.5596193356468575E-05,0.00026625516826150886,0.001903154074568647
276,275.95865174531946,R1-SIDE,REGION-1,SubcooledLiquid,275.95865174531946,6.034364478821478,,true,SubcooledLiquid,275.95860742492937,6.034435951683033,,true,-4.432039008861466E-05,7.147286155539945E-05,true,0.0005137228525280736,3.5596193356468575E-05,0.00026625516826150886,0.001903154074568647
276,275.95865174531946,R4-LIQUID-SIDE,REGION-4,SaturatedMixture,275.95865174531946,6.034304135780119,1E-06,true,SaturatedMixture,275.9586309813036,6.034312445460672,9.919061231265502E-07,true,-2.0764015857821505E-05,8.309680552542886E-06,true,0.0005137228525280736,3.5596193356468575E-05,0.00026625516826150886,0.001903154074568647
276,275.95865174531946,R4-VAPOR-SIDE,REGION-4,SaturatedMixture,275.95865174531946,6.034304135780119,0.999999,true,SaturatedMixture,275.9588341196236,6.034331160894661,0.9999992643335136,true,0.0001823743041313719,2.7025114541778805E-05,true,0.0005137228525280736,3.5596193356468575E-05,0.00026625516826150886,0.001903154074568647
276,275.95865174531946,R2-SIDE,REGION-2,SuperheatedVapor,275.95865174531946,6.034243792738762,,true,SuperheatedVapor,275.9577854596258,6.034224150413212,,true,-0.0008662856936325625,-1.964232555007328E-05,true,0.0005137228525280736,3.5596193356468575E-05,0.00026625516826150886,0.001903154074568647
277,276.1304154813289,R1-SIDE,REGION-1,SubcooledLiquid,276.1304154813289,6.050244046191057,,true,SubcooledLiquid,276.1303353341393,6.0504651545654555,,true,-8.01471895783834E-05,0.000221108374398149,true,0.0005137228525280736,3.5596193356468575E-05,0.00026625516826150886,0.001903154074568647
277,276.1304154813289,R4-LIQUID-SIDE,REGION-4,SaturatedMixture,276.1304154813289,6.050183544355614,1E-06,true,SaturatedMixture,276.1303624574168,6.050204694705087,9.792210550975794E-07,true,-5.30239120735132E-05,2.1150349473586516E-05,true,0.0005137228525280736,3.5596193356468575E-05,0.00026625516826150886,0.001903154074568647
277,276.1304154813289,R4-VAPOR-SIDE,REGION-4,SaturatedMixture,276.1304154813289,6.050183544355614,0.999999,true,SaturatedMixture,276.130879796052,6.050252637156655,0.9999996794778347,true,0.0004643147231035982,6.90928010413927E-05,true,0.0005137228525280736,3.5596193356468575E-05,0.00026625516826150886,0.001903154074568647
277,276.1304154813289,R2-SIDE,REGION-2,SuperheatedVapor,276.1304154813289,6.050123042520171,,true,SuperheatedVapor,276.12954879444,6.050103393829475,,true,-0.000866686888912227,-1.9648690695817095E-05,true,0.0005137228525280736,3.5596193356468575E-05,0.00026625516826150886,0.001903154074568647
278,276.3073304116723,R1-SIDE,REGION-1,SubcooledLiquid,276.3073304116723,6.066633178286155,,true,SubcooledLiquid,276.30723666167876,6.066910010563964,,true,-9.374999353894964E-05,0.0002768322778088361,true,0.0005137228525280736,3.5596193356468575E-05,0.00026625516826150886,0.001903154074568647
278,276.3073304116723,R4-LIQUID-SIDE,REGION-4,SaturatedMixture,276.3073304116723,6.066572512561029,1E-06,true,SaturatedMixture,276.3072652141851,6.066598505777846,9.74362515440829E-07,true,-6.519748717437324E-05,2.5993216817177256E-05,true,0.0005137228525280736,3.5596193356468575E-05,0.00026625516826150886,0.001903154074568647
278,276.3073304116723,R4-VAPOR-SIDE,REGION-4,SaturatedMixture,276.3073304116723,6.066572512561029,0.999999,true,SaturatedMixture,276.30790002804804,6.066657334813202,0.9999998351594278,true,0.0005696163757420436,8.482225217321115E-05,true,0.0005137228525280736,3.5596193356468575E-05,0.00026625516826150886,0.001903154074568647
278,276.3073304116723,R2-SIDE,REGION-2,SuperheatedVapor,276.3073304116723,6.066511846835904,,true,SuperheatedVapor,276.30646265248015,6.066492090175502,,true,-0.0008677591921468775,-1.975666040188173E-05,true,0.0005137228525280736,3.5596193356468575E-05,0.00026625516826150886,0.001903154074568647
279,276.49290496110916,R1-SIDE,REGION-1,SubcooledLiquid,276.49290496110916,6.083860930246919,,true,SubcooledLiquid,276.49287904617995,6.083853327907802,,true,-2.5914929210557602E-05,-7.602339117340762E-06,true,0.0005137228525280736,3.5596193356468575E-05,0.00026625516826150886,0.001903154074568647
279,276.49290496110916,R4-LIQUID-SIDE,REGION-4,SaturatedMixture,276.49290496110916,6.083800092245996,1E-06,true,SaturatedMixture,276.49290108680725,6.083801626179621,9.984809161093616E-07,true,-3.874301910400391E-06,1.5339336254527325E-06,true,0.0005137228525280736,3.5596193356468575E-05,0.00026625516826150886,0.001903154074568647
279,276.49290496110916,R4-VAPOR-SIDE,REGION-4,SaturatedMixture,276.49290496110916,6.083800092245996,0.999999,true,SaturatedMixture,276.4929385595566,6.083805098828579,0.9999990494487326,true,3.3598447430449596E-05,5.0065825831779875E-06,true,0.0005137228525280736,3.5596193356468575E-05,0.00026625516826150886,0.001903154074568647
279,276.49290496110916,R2-SIDE,REGION-2,SuperheatedVapor,276.49290496110916,6.0837392542450734,,true,SuperheatedVapor,276.4920362628267,6.083719412764428,,true,-0.0008686982824883671,-1.984148064515523E-05,true,0.0005137228525280736,3.5596193356468575E-05,0.00026625516826150886,0.001903154074568647
280,276.68489103913305,R1-SIDE,REGION-1,SubcooledLiquid,276.68489103913305,6.101723182693757,,true,SubcooledLiquid,276.68479777741595,6.101995383411104,,true,-9.326171709744813E-05,0.00027220071734745943,true,0.0005137228525280736,3.5596193356468575E-05,0.00026625516826150886,0.001903154074568647
280,276.68489103913305,R4-LIQUID-SIDE,REGION-4,SaturatedMixture,276.68489103913305,6.101662166072096,1E-06,true,SaturatedMixture,276.68482651714214,6.1016877891078325,9.743905501465646E-07,true,-6.452199090745125E-05,2.5623035736721533E-05,true,0.0005137228525280736,3.5596193356468575E-05,0.00026625516826150886,0.001903154074568647
280,276.68489103913305,R4-VAPOR-SIDE,REGION-4,SaturatedMixture,276.68489103913305,6.101662166072096,0.999999,true,SaturatedMixture,276.6854515414349,6.101746049710867,0.9999998313736537,true,0.0005605023018233624,8.388363877109839E-05,true,0.0005137228525280736,3.5596193356468575E-05,0.00026625516826150886,0.001903154074568647
280,276.68489103913305,R2-SIDE,REGION-2,SuperheatedVapor,276.68489103913305,6.101601149450436,,true,SuperheatedVapor,276.6840210129326,6.1015811649083584,,true,-0.0008700262004595061,-1.998454207718936E-05,true,0.0005137228525280736,3.5596193356468575E-05,0.00026625516826150886,0.001903154074568647
281,276.88175147771847,R1-SIDE,REGION-1,SubcooledLiquid,276.88175147771847,6.120080496732066,,true,SubcooledLiquid,276.8816741339997,6.120285129230535,,true,-7.734371877177182E-05,0.00020463249846880416,true,0.0005137228525280736,3.5596193356468575E-05,0.00026625516826150886,0.001903154074568647
281,276.88175147771847,R4-LIQUID-SIDE,REGION-4,SaturatedMixture,276.88175147771847,6.1200192965391,1E-06,true,SaturatedMixture,276.88170146282994,6.120039160704102,9.800587341417865E-07,true,-5.0014888529403834E-05,1.9864165001770573E-05,true,0.0005137228525280736,3.5596193356468575E-05,0.00026625516826150886,0.001903154074568647
281,276.88175147771847,R4-VAPOR-SIDE,REGION-4,SaturatedMixture,276.88175147771847,6.1200192965391,0.999999,true,SaturatedMixture,276.882185093633,6.120084241547417,0.9999996445561053,true,0.00043361591451684944,6.494500831699668E-05,true,0.0005137228525280736,3.5596193356468575E-05,0.00026625516826150886,0.001903154074568647
281,276.88175147771847,R2-SIDE,REGION-2,SuperheatedVapor,276.88175147771847,6.119958096346135,,true,SuperheatedVapor,276.8808799562729,6.119937943959346,,true,-0.0008715214455605746,-2.0152386788652166E-05,true,0.0005137228525280736,3.5596193356468575E-05,0.00026625516826150886,0.001903154074568647
282,277.0836132824419,R1-SIDE,REGION-1,SubcooledLiquid,277.0836132824419,6.138947952205528,,true,SubcooledLiquid,277.0835482901813,6.139100313606786,,true,-6.499226060441288E-05,0.0001523614012581831,true,0.0005137228525280736,3.5596193356468575E-05,0.00026625516826150886,0.001903154074568647
282,277.0836132824419,R4-LIQUID-SIDE,REGION-4,SaturatedMixture,277.0836132824419,6.138886563339894,1E-06,true,SaturatedMixture,277.0835745094431,6.138901905376835,9.84453022508107E-07,true,-3.877299877785845E-05,1.5342036941312642E-05,true,0.0005137228525280736,3.5596193356468575E-05,0.00026625516826150886,0.001903154074568647
282,277.0836132824419,R4-VAPOR-SIDE,REGION-4,SaturatedMixture,277.0836132824419,6.138886563339894,0.999999,true,SaturatedMixture,277.08394819426223,6.138936941156427,0.9999995025248878,true,0.00033491182034595113,5.037781653260964E-05,true,0.0005137228525280736,3.5596193356468575E-05,0.00026625516826150886,0.001903154074568647
282,277.0836132824419,R2-SIDE,REGION-2,SuperheatedVapor,277.0836132824419,6.138825174474261,,true,SuperheatedVapor,277.08274092083275,6.138804957296705,,true,-0.0008723616091401709,-2.021717755518182E-05,true,0.0005137228525280736,3.5596193356468575E-05,0.00026625516826150886,0.001903154074568647
283,277.28852211534956,R1-SIDE,REGION-1,SubcooledLiquid,277.28852211534956,6.158145598019165,,true,SubcooledLiquid,277.2884245271,6.158431364322207,,true,-9.75882495595215E-05,0.00028576630304222306,true,0.0005137228525280736,3.5596193356468575E-05,0.00026625516826150886,0.001903154074568647
283,277.28852211534956,R4-LIQUID-SIDE,REGION-4,SaturatedMixture,277.28852211534956,6.158084017178993,1E-06,true,SaturatedMixture,277.2884540848552,6.158110915967239,9.726168647358976E-07,true,-6.803049438985909E-05,2.6898788245688365E-05,true,0.0005137228525280736,3.5596193356468575E-05,0.00026625516826150886,0.001903154074568647
283,277.28852211534956,R4-VAPOR-SIDE,REGION-4,SaturatedMixture,277.28852211534956,6.158084017178993,0.999999,true,SaturatedMixture,277.2891081530237,6.1581722398075955,0.9999998817998722,true,0.0005860376741111395,8.822262860253005E-05,true,0.0005137228525280736,3.5596193356468575E-05,0.00026625516826150886,0.001903154074568647
283,277.28852211534956,R2-SIDE,REGION-2,SuperheatedVapor,277.28852211534956,6.158022436338822,,true,SuperheatedVapor,277.2876490404634,6.158002175145272,,true,-0.0008730748861580651,-2.0261193549586665E-05,true,0.0005137228525280736,3.5596193356468575E-05,0.00026625516826150886,0.001903154074568647
284,277.4965558946134,R1-SIDE,REGION-1,SubcooledLiquid,277.4965558946134,6.177682878388666,,true,SubcooledLiquid,277.49653153733027,6.177665623418676,,true,-2.4357283109566197E-05,-1.7254969989721758E-05,true,0.0005137228525280736,3.5596193356468575E-05,0.00026625516826150886,0.001903154074568647
284,277.4965558946134,R4-LIQUID-SIDE,REGION-4,SaturatedMixture,277.4965558946134,6.1776211021776435,1E-06,true,SaturatedMixture,277.49655398726463,6.177621856582984,9.992284108158867E-07,true,-1.9073487464993377E-06,7.544053408636842E-07,true,0.0005137228525280736,3.5596193356468575E-05,0.00026625516826150886,0.001903154074568647
284,277.4965558946134,R4-VAPOR-SIDE,REGION-4,SaturatedMixture,277.4965558946134,6.1776211021776435,0.999999,true,SaturatedMixture,277.49657229218735,6.177623572808001,0.9999990247073762,true,1.639757397242647E-05,2.470630357187531E-06,true,0.0005137228525280736,3.5596193356468575E-05,0.00026625516826150886,0.001903154074568647
284,277.4965558946134,R2-SIDE,REGION-2,SuperheatedVapor,277.4965558946134,6.177559325966622,,true,SuperheatedVapor,277.4956814381859,6.177538917388787,,true,-0.0008744564274820732,-2.0408577834807318E-05,true,0.0005137228525280736,3.5596193356468575E-05,0.00026625516826150886,0.001903154074568647
285,277.70717749595633,R1-SIDE,REGION-1,SubcooledLiquid,277.70717749595633,6.1975113740116035,,true,SubcooledLiquid,277.70707958713024,6.197795461954158,,true,-9.79088260919525E-05,0.0002840879425543008,true,0.0005137228525280736,3.5596193356468575E-05,0.00026625516826150886,0.001903154074568647
285,277.70717749595633,R4-LIQUID-SIDE,REGION-4,SaturatedMixture,277.70717749595633,6.197449399517608,1E-06,true,SaturatedMixture,277.7071094633783,6.197476196910936,9.723265723909923E-07,true,-6.803257804222085E-05,2.6797393328337193E-05,true,0.0005137228525280736,3.5596193356468575E-05,0.00026625516826150886,0.001903154074568647
285,277.70717749595633,R4-VAPOR-SIDE,REGION-4,SaturatedMixture,277.70717749595633,6.197449399517608,0.999999,true,SaturatedMixture,277.70776004049344,6.1975375489343145,0.9999998870520505,true,0.0005825445371101523,8.814941670642895E-05,true,0.0005137228525280736,3.5596193356468575E-05,0.00026625516826150886,0.001903154074568647
285,277.70717749595633,R2-SIDE,REGION-2,SuperheatedVapor,277.70717749595633,6.197387425023614,,true,SuperheatedVapor,277.7063020386621,6.197366929191041,,true,-0.0008754572942279992,-2.049583257246468E-05,true,0.0005137228525280736,3.5596193356468575E-05,0.00026625516826150886,0.001903154074568647
286,277.9191054522993,R1-SIDE,REGION-1,SubcooledLiquid,277.9191054522993,6.217511869087629,,true,SubcooledLiquid,277.9190406858113,6.217658657193626,,true,-6.476648798070528E-05,0.00014678810599644265,true,0.0005137228525280736,3.5596193356468575E-05,0.00026625516826150886,0.001903154074568647
286,277.9191054522993,R4-LIQUID-SIDE,REGION-4,SaturatedMixture,277.9191054522993,6.217449694590683,1E-06,true,SaturatedMixture,277.91906738728846,6.217464676683248,9.844543603490344E-07,true,-3.806501081271563E-05,1.4982092564785887E-05,true,0.0005137228525280736,3.5596193356468575E-05,0.00026625516826150886,0.001903154074568647
286,277.9191054522993,R4-VAPOR-SIDE,REGION-4,SaturatedMixture,277.9191054522993,6.217449694590683,0.999999,true,SaturatedMixture,277.91943046979327,6.217498916815305,0.9999994961261242,true,0.0003250174939921635,4.9222224622447186E-05,true,0.0005137228525280736,3.5596193356468575E-05,0.00026625516826150886,0.001903154074568647
286,277.9191054522993,R2-SIDE,REGION-2,SuperheatedVapor,277.9191054522993,6.217387520093737,,true,SuperheatedVapor,277.91822834863433,6.217366835880574,,true,-0.0008771036649477537,-2.0684213163590925E-05,true,0.0005137228525280736,3.5596193356468575E-05,0.00026625516826150886,0.001903154074568647
287,278.13301288485525,R1-SIDE,REGION-1,SubcooledLiquid,278.13301288485525,6.237749119014367,,true,SubcooledLiquid,278.132929069145,6.237972612634635,,true,-8.381571024074219E-05,0.00022349362026741204,true,0.0005137228525280736,3.5596193356468575E-05,0.00026625516826150886,0.001903154074568647
287,278.13301288485525,R4-LIQUID-SIDE,REGION-4,SaturatedMixture,278.13301288485525,6.237686742146946,1E-06,true,SaturatedMixture,278.1329578107111,6.237708345408366,9.773634005366188E-07,true,-5.507414414296363E-05,2.160326142064406E-05,true,0.0005137228525280736,3.5596193356468575E-05,0.00026625516826150886,0.001903154074568647
287,278.13301288485525,R4-VAPOR-SIDE,REGION-4,SaturatedMixture,278.13301288485525,6.237686742146946,0.999999,true,SaturatedMixture,278.13348150881745,6.237758019557775,0.9999997224898709,true,0.0004686239622060384,7.127741082957328E-05,true,0.0005137228525280736,3.5596193356468575E-05,0.00026625516826150886,0.001903154074568647
287,278.13301288485525,R2-SIDE,REGION-2,SuperheatedVapor,278.13301288485525,6.237624365279524,,true,SuperheatedVapor,278.1321351464003,6.237603652106006,,true,-0.0008777384549603084,-2.071317351859392E-05,true,0.0005137228525280736,3.5596193356468575E-05,0.00026625516826150886,0.001903154074568647
288,278.3475722014904,R1-SIDE,REGION-1,SubcooledLiquid,278.3475722014904,6.258098534543138,,true,SubcooledLiquid,278.34748293789346,6.258342703139803,,true,-8.926359691940888E-05,0.00024416859666498425,true,0.0005137228525280736,3.5596193356468575E-05,0.00026625516826150886,0.001903154074568647
288,278.3475722014904,R4-LIQUID-SIDE,REGION-4,SaturatedMixture,278.3475722014904,6.258035954183596,1E-06,true,SaturatedMixture,278.3475123532918,6.258059410793026,9.753026272515293E-07,true,-5.984819858895207E-05,2.345660942992822E-05,true,0.0005137228525280736,3.5596193356468575E-05,0.00026625516826150886,0.001903154074568647
288,278.3475722014904,R4-VAPOR-SIDE,REGION-4,SaturatedMixture,278.3475722014904,6.258035954183596,0.999999,true,SaturatedMixture,278.34807996111863,6.2581132498954855,0.9999997847012285,true,0.0005077596282490049,7.72957118897466E-05,true,0.0005137228525280736,3.5596193356468575E-05,0.00026625516826150886,0.001903154074568647
288,278.3475722014904,R2-SIDE,REGION-2,SuperheatedVapor,278.3475722014904,6.257973373824054,,true,SuperheatedVapor,278.3466932136455,6.25795253503687,,true,-0.0008789878448851596,-2.0838787183841134E-05,true,0.0005137228525280736,3.5596193356468575E-05,0.00026625516826150886,0.001903154074568647
289,278.56269953846925,R1-SIDE,REGION-1,SubcooledLiquid,278.56269953846925,6.278552681062846,,true,SubcooledLiquid,278.56264205650905,6.278666526773791,,true,-5.7481960197947046E-05,0.00011384571094552598,true,0.0005137228525280736,3.5596193356468575E-05,0.00026625516826150886,0.001903154074568647
289,278.56269953846925,R4-LIQUID-SIDE,REGION-4,SaturatedMixture,278.56269953846925,6.278489896163884,1E-06,true,SaturatedMixture,278.56266843065043,6.27850205513009,9.87070463086817E-07,true,-3.110781881332514E-05,1.2158966206321509E-05,true,0.0005137228525280736,3.5596193356468575E-05,0.00026625516826150886,0.001903154074568647
289,278.56269953846925,R4-VAPOR-SIDE,REGION-4,SaturatedMixture,278.56269953846925,6.278489896163884,0.999999,true,SaturatedMixture,278.56296269728523,6.278530129199002,0.9999994108391722,true,0.00026315881598293345,4.0233035117687166E-05,true,0.0005137228525280736,3.5596193356468575E-05,0.00026625516826150886,0.001903154074568647
289,278.56269953846925,R2-SIDE,REGION-2,SuperheatedVapor,278.56269953846925,6.278427111264922,,true,SuperheatedVapor,278.56181886251477,6.278406077285495,,true,-0.0008806759544768283,-2.1033979427542704E-05,true,0.0005137228525280736,3.5596193356468575E-05,0.00026625516826150886,0.001903154074568647
290,278.77853245735173,R1-SIDE,REGION-1,SubcooledLiquid,278.77853245735173,6.299125179139081,,true,SubcooledLiquid,278.778431467994,6.299413894118504,,true,-0.00010098935774749407,0.0002887149794226218,true,0.0005137228525280736,3.5596193356468575E-05,0.00026625516826150886,0.001903154074568647
290,278.77853245735173,R4-LIQUID-SIDE,REGION-4,SaturatedMixture,278.77853245735173,6.299062188517196,1E-06,true,SaturatedMixture,278.7784623439055,6.299089551219552,9.707617139980655E-07,true,-7.011344621332682E-05,2.7362702356370505E-05,true,0.0005137228525280736,3.5596193356468575E-05,0.00026625516826150886,0.001903154074568647
290,278.77853245735173,R4-VAPOR-SIDE,REGION-4,SaturatedMixture,278.77853245735173,6.299062188517196,0.999999,true,SaturatedMixture,278.7791235035214,6.299152628165505,0.9999999249024638,true,0.000591046169688525,9.04396483090153E-05,true,0.0005137228525280736,3.5596193356468575E-05,0.00026625516826150886,0.001903154074568647
290,278.77853245735173,R2-SIDE,REGION-2,SuperheatedVapor,278.77853245735173,6.298999197895311,,true,SuperheatedVapor,278.7776506490104,6.298978056534624,,true,-0.0008818083413189015,-2.114136068698258E-05,true,0.0005137228525280736,3.5596193356468575E-05,0.00026625516826150886,0.001903154074568647
291,278.99378421306585,R1-SIDE,REGION-1,SubcooledLiquid,278.99378421306585,6.319693513681139,,true,SubcooledLiquid,278.99375717170244,6.319682352105236,,true,-2.7041363409807673E-05,-1.1161575903528842E-05,true,0.0005137228525280736,3.5596193356468575E-05,0.00026625516826150886,0.001903154074568647
291,278.99378421306585,R4-LIQUID-SIDE,REGION-4,SaturatedMixture,278.99378421306585,6.319630317377965,1E-06,true,SaturatedMixture,278.99378073215485,6.319631680555846,9.985362413133477E-07,true,-3.4809110047717695E-06,1.3631778807976502E-06,true,0.0005137228525280736,3.5596193356468575E-05,0.00026625516826150886,0.001903154074568647
291,278.99378421306585,R4-VAPOR-SIDE,REGION-4,SaturatedMixture,278.99378421306585,6.319630317377965,0.999999,true,SaturatedMixture,278.99381356156914,6.319634812597103,0.9999990458758048,true,2.9348503289838845E-05,4.4952191382563456E-06,true,0.0005137228525280736,3.5596193356468575E-05,0.00026625516826150886,0.001903154074568647
291,278.99378421306585,R2-SIDE,REGION-2,SuperheatedVapor,278.99378421306585,6.319567121074791,,true,SuperheatedVapor,278.99290163598437,6.319545929832292,,true,-0.0008825770814837597,-2.1191242499440932E-05,true,0.0005137228525280736,3.5596193356468575E-05,0.00026625516826150886,0.001903154074568647
292,279.20919802188894,R1-SIDE,REGION-1,SubcooledLiquid,279.20919802188894,6.340328642096508,,true,SubcooledLiquid,279.2090973118262,6.340613071997924,,true,-0.00010071006272482919,0.00028442990141641644,true,0.0005137228525280736,3.5596193356468575E-05,0.00026625516826150886,0.001903154074568647
292,279.20919802188894,R4-LIQUID-SIDE,REGION-4,SaturatedMixture,279.20919802188894,6.340265239444113,1E-06,true,SaturatedMixture,279.20912847598686,6.340292277665234,9.706768424336484E-07,true,-6.954590207897127E-05,2.703822112071208E-05,true,0.0005137228525280736,3.5596193356468575E-05,0.00026625516826150886,0.001903154074568647
292,279.20919802188894,R4-VAPOR-SIDE,REGION-4,SaturatedMixture,279.20919802188894,6.340265239444113,0.999999,true,SaturatedMixture,279.2097807394874,6.340354866651896,0.9999999228108157,true,0.0005827175984904898,8.962720778260547E-05,true,0.0005137228525280736,3.5596193356468575E-05,0.00026625516826150886,0.001903154074568647
292,279.20919802188894,R2-SIDE,REGION-2,SuperheatedVapor,279.20919802188894,6.340201836791719,,true,SuperheatedVapor,279.2083142839738,6.340180533264181,,true,-0.0008837379151600544,-2.1303527537597233E-05,true,0.0005137228525280736,3.5596193356468575E-05,0.00026625516826150886,0.001903154074568647
293,279.42397137880334,R1-SIDE,REGION-1,SubcooledLiquid,279.42397137880334,6.360953608021738,,true,SubcooledLiquid,279.42390687554666,6.3610911832377495,,true,-6.450325668083678E-05,0.00013757521601132083,true,0.0005137228525280736,3.5596193356468575E-05,0.00026625516826150886,0.001903154074568647
293,279.42397137880334,R4-LIQUID-SIDE,REGION-4,SaturatedMixture,279.42397137880334,6.3608899991217465,1E-06,true,SaturatedMixture,279.42393448425594,6.3609043314960285,9.843807405331343E-07,true,-3.689454740651854E-05,1.4332374282055582E-05,true,0.0005137228525280736,3.5596193356468575E-05,0.00026625516826150886,0.001903154074568647
293,279.42397137880334,R4-VAPOR-SIDE,REGION-4,SaturatedMixture,279.42397137880334,6.3608899991217465,0.999999,true,SaturatedMixture,279.4242796202898,6.360937449575749,0.9999994893772561,true,0.0003082414864366001,4.745045400245118E-05,true,0.0005137228525280736,3.5596193356468575E-05,0.00026625516826150886,0.001903154074568647
293,279.42397137880334,R2-SIDE,REGION-2,SuperheatedVapor,279.42397137880334,6.360826390221756,,true,SuperheatedVapor,279.42308604139316,6.360804903801034,,true,-0.000885337410181819,-2.148642072175022E-05,true,0.0005137228525280736,3.5596193356468575E-05,0.00026625516826150886,0.001903154074568647
294,279.63773699402816,R1-SIDE,REGION-1,SubcooledLiquid,279.63773699402816,6.381532640032515,,true,SubcooledLiquid,279.63764950056543,6.381761083496146,,true,-8.749346272907133E-05,0.00022844346363104506,true,0.0005137228525280736,3.5596193356468575E-05,0.00026625516826150886,0.001903154074568647
294,279.63773699402816,R4-LIQUID-SIDE,REGION-4,SaturatedMixture,279.63773699402816,6.381468825344261,1E-06,true,SaturatedMixture,279.6376795727575,6.38149104010522,9.75547413794649E-07,true,-5.742127063967928E-05,2.221476095876085E-05,true,0.0005137228525280736,3.5596193356468575E-05,0.00026625516826150886,0.001903154074568647
294,279.63773699402816,R4-VAPOR-SIDE,REGION-4,SaturatedMixture,279.63773699402816,6.381468825344261,0.999999,true,SaturatedMixture,279.63821482001833,6.381542697848261,0.9999997659831734,true,0.00047782599017409666,7.38725039992616E-05,true,0.0005137228525280736,3.5596193356468575E-05,0.00026625516826150886,0.001903154074568647
294,279.63773699402816,R2-SIDE,REGION-2,SuperheatedVapor,279.63773699402816,6.3814050106560085,,true,SuperheatedVapor,279.63685045903014,6.381383404879267,,true,-0.0008865349980169412,-2.160577674192865E-05,true,0.0005137228525280736,3.5596193356468575E-05,0.00026625516826150886,0.001903154074568647
295,279.8510682284831,R1-SIDE,REGION-1,SubcooledLiquid,279.8510682284831,6.402120508646861,,true,SubcooledLiquid,279.8509774429207,6.402360540727123,,true,-9.078556240638136E-05,0.00024003208026268652,true,0.0005137228525280736,3.5596193356468575E-05,0.00026625516826150886,0.001903154074568647
295,279.8510682284831,R4-LIQUID-SIDE,REGION-4,SaturatedMixture,279.8510682284831,6.402056488081979,1E-06,true,SaturatedMixture,279.851008019137,6.402079778931311,9.742386933003056E-07,true,-6.020934608841344E-05,2.3290849331836228E-05,true,0.0005137228525280736,3.5596193356468575E-05,0.00026625516826150886,0.001903154074568647
295,279.8510682284831,R4-VAPOR-SIDE,REGION-4,SaturatedMixture,279.8510682284831,6.402056488081979,0.999999,true,SaturatedMixture,279.8515681119952,6.402133834570719,0.999999803647618,true,0.0004998835121341472,7.734648874002659E-05,true,0.0005137228525280736,3.5596193356468575E-05,0.00026625516826150886,0.001903154074568647
295,279.8510682284831,R2-SIDE,REGION-2,SuperheatedVapor,279.8510682284831,6.401992467517099,,true,SuperheatedVapor,279.8501808948754,6.401970806154674,,true,-0.0008873336076931082,-2.1661362424651998E-05,true,0.0005137228525280736,3.5596193356468575E-05,0.00026625516826150886,0.001903154074568647
296,280,R1-SIDE,REGION-1,SubcooledLiquid,280,6.416523446273189,,true,SubcooledLiquid,280,6.416523446987004,,true,0,7.138147850582754E-10,true,0.0005137228525280736,3.5596193356468575E-05,0.00026625516826150886,0.001903154074568647
296,280,R4-LIQUID-SIDE,REGION-4,SaturatedMixture,280,6.416459281680371,1E-06,true,SaturatedMixture,280,6.416459281680372,1.000000000003524E-06,true,0,8.881784197001252E-16,true,0.0005137228525280736,3.5596193356468575E-05,0.00026625516826150886,0.001903154074568647
296,280,R4-VAPOR-SIDE,REGION-4,SaturatedMixture,280,6.416459281680371,0.999999,true,SaturatedMixture,280,6.416459281680372,0.999999,true,0,8.881784197001252E-16,true,0.0005137228525280736,3.5596193356468575E-05,0.00026625516826150886,0.001903154074568647
296,280,R2-SIDE,REGION-2,SuperheatedVapor,280,6.416395117087554,,true,SuperheatedVapor,279.9991111031271,6.416373254967241,,true,-0.0008888968728797408,-2.186212031318746E-05,true,0.0005137228525280736,3.5596193356468575E-05,0.00026625516826150886,0.001903154074568647
297,280.0627813100815,R1-SIDE,REGION-1,SubcooledLiquid,280.0627813100815,6.422602329034578,,true,SubcooledLiquid,280.06272207616087,6.422715615816449,,true,-5.92339206377801E-05,0.0001132867818709471,true,0.0005137228525280736,3.5596193356468575E-05,0.00026625516826150886,0.001903154074568647
297,280.0627813100815,R4-LIQUID-SIDE,REGION-4,SaturatedMixture,280.0627813100815,6.422538103653541,1E-06,true,SaturatedMixture,280.06274955626816,6.422550349226597,9.86319071628408E-07,true,-3.175381334585836E-05,1.224557305601337E-05,true,0.0005137228525280736,3.5596193356468575E-05,0.00026625516826150886,0.001903154074568647
297,280.0627813100815,R4-VAPOR-SIDE,REGION-4,SaturatedMixture,280.0627813100815,6.422538103653541,0.999999,true,SaturatedMixture,280.0630441275922,6.422578943115376,0.999999426666931,true,0.000262817510702007,4.08394618345298E-05,true,0.0005137228525280736,3.5596193356468575E-05,0.00026625516826150886,0.001903154074568647
297,280.0627813100815,R2-SIDE,REGION-2,SuperheatedVapor,280.0627813100815,6.422473878272505,,true,SuperheatedVapor,280.0618922071543,6.422452004378678,,true,-0.0008891029272035667,-2.1873893826906965E-05,true,0.0005137228525280736,3.5596193356468575E-05,0.00026625516826150886,0.001903154074568647
298,280.2734861910343,R1-SIDE,REGION-1,SubcooledLiquid,280.2734861910343,6.4430362648107895,,true,SubcooledLiquid,280.2733821881784,6.443325812261247,,true,-0.00010400285589184932,0.0002895474504578388,true,0.0005137228525280736,3.5596193356468575E-05,0.00026625516826150886,0.001903154074568647
298,280.2734861910343,R4-LIQUID-SIDE,REGION-4,SaturatedMixture,280.2734861910343,6.442971835092438,1E-06,true,SaturatedMixture,280.2734144426332,6.442999482715029,9.689637544744077E-07,true,-7.17484010692715E-05,2.7647622591331356E-05,true,0.0005137228525280736,3.5596193356468575E-05,0.00026625516826150886,0.001903154074568647
298,280.2734861910343,R4-VAPOR-SIDE,REGION-4,SaturatedMixture,280.2734861910343,6.442971835092438,0.999999,true,SaturatedMixture,280.2740783376581,6.443063926667812,0.9999999634128491,true,0.0005921466238305584,9.209157537437562E-05,true,0.0005137228525280736,3.5596193356468575E-05,0.00026625516826150886,0.001903154074568647
298,280.2734861910343,R2-SIDE,REGION-2,SuperheatedVapor,280.2734861910343,6.442907405374087,,true,SuperheatedVapor,280.272596403237,6.442885493127416,,true,-0.0008897877972913193,-2.1912246671362823E-05,true,0.0005137228525280736,3.5596193356468575E-05,0.00026625516826150886,0.001903154074568647
299,280.48288751244525,R1-SIDE,REGION-1,SubcooledLiquid,280.48288751244525,6.46339294088022,,true,SubcooledLiquid,280.4828527142229,6.463407460040341,,true,-3.4798222372955934E-05,1.4519160121295727E-05,true,0.0005137228525280736,3.5596193356468575E-05,0.00026625516826150886,0.001903154074568647
299,280.48288751244525,R4-LIQUID-SIDE,REGION-4,SaturatedMixture,280.48288751244525,6.463328307597143,1E-06,true,SaturatedMixture,280.48287792975555,6.463331996989384,9.958386303647218E-07,true,-9.582689699527691E-06,3.689392240602274E-06,true,0.0005137228525280736,3.5596193356468575E-05,0.00026625516826150886,0.001903154074568647
299,280.48288751244525,R4-VAPOR-SIDE,REGION-4,SaturatedMixture,280.48288751244525,6.463328307597143,0.999999,true,SaturatedMixture,280.4829663710999,6.463340581945751,0.9999991286143645,true,7.885865466050745E-05,1.2274348607732577E-05,true,0.0005137228525280736,3.5596193356468575E-05,0.00026625516826150886,0.001903154074568647
299,280.48288751244525,R2-SIDE,REGION-2,SuperheatedVapor,280.48288751244525,6.463263674314067,,true,SuperheatedVapor,280.48199603660873,6.463241560933506,,true,-0.0008914758365108355,-2.2113380561350482E-05,true,0.0005137228525280736,3.5596193356468575E-05,0.00026625516826150886,0.001903154074568647
300,280.6903158664703,R1-SIDE,REGION-1,SubcooledLiquid,280.6903158664703,6.483606214101304,,true,SubcooledLiquid,280.6902149609572,6.483880446117301,,true,-0.00010090551313624019,0.00027423201599763303,true,0.0005137228525280736,3.5596193356468575E-05,0.00026625516826150886,0.001903154074568647
300,280.6903158664703,R4-LIQUID-SIDE,REGION-4,SaturatedMixture,280.6903158664703,6.483541378687517,1E-06,true,SaturatedMixture,280.6902471950557,6.483567729879938,9.699794127387227E-07,true,-6.867141462407744E-05,2.635119242100359E-05,true,0.0005137228525280736,3.5596193356468575E-05,0.00026625516826150886,0.001903154074568647
300,280.6903158664703,R4-VAPOR-SIDE,REGION-4,SaturatedMixture,280.6903158664703,6.483541378687517,0.999999,true,SaturatedMixture,280.69087914888144,6.483629427095396,0.9999999274095518,true,0.0005632824111216905,8.804840787934864E-05,true,0.0005137228525280736,3.5596193356468575E-05,0.00026625516826150886,0.001903154074568647
300,280.6903158664703,R2-SIDE,REGION-2,SuperheatedVapor,280.6903158664703,6.4834765432737305,,true,SuperheatedVapor,280.68942375901577,6.4834543989844216,,true,-0.000892107454546931,-2.214428930891188E-05,true,0.0005137228525280736,3.5596193356468575E-05,0.00026625516826150886,0.001903154074568647
301,280.8963150322435,R1-SIDE,REGION-1,SubcooledLiquid,280.8963150322435,6.5037279677790245,,true,SubcooledLiquid,280.89623713237665,6.503910202568722,,true,-7.789986682382732E-05,0.00018223478969758844,true,0.0005137228525280736,3.5596193356468575E-05,0.00026625516826150886,0.001903154074568647
301,280.8963150322435,R4-LIQUID-SIDE,REGION-4,SaturatedMixture,280.8963150322435,6.503662931149712,1E-06,true,SaturatedMixture,280.8962671157393,6.503681312418229,9.789606052160982E-07,true,-4.791650417246274E-05,1.8381268517053684E-05,true,0.0005137228525280736,3.5596193356468575E-05,0.00026625516826150886,0.001903154074568647
301,280.8963150322435,R4-VAPOR-SIDE,REGION-4,SaturatedMixture,280.8963150322435,6.503662931149712,0.999999,true,SaturatedMixture,280.8967071428207,6.503724271958244,0.9999996473862482,true,0.0003921105771951261,6.134080853215096E-05,true,0.0005137228525280736,3.5596193356468575E-05,0.00026625516826150886,0.001903154074568647
301,280.8963150322435,R2-SIDE,REGION-2,SuperheatedVapor,280.8963150322435,6.503597894520401,,true,SuperheatedVapor,280.895421495958,6.503575589244261,,true,-0.0008935362855027051,-2.2305276139888974E-05,true,0.0005137228525280736,3.5596193356468575E-05,0.00026625516826150886,0.001903154074568647
302,281.1006812334059,R1-SIDE,REGION-1,SubcooledLiquid,281.1006812334059,6.523737314582474,,true,SubcooledLiquid,281.1006040755627,6.523915509797169,,true,-7.715784317952057E-05,0.00017819521469419897,true,0.0005137228525280736,3.5596193356468575E-05,0.00026625516826150886,0.001903154074568647
302,281.1006812334059,R4-LIQUID-SIDE,REGION-4,SaturatedMixture,281.1006812334059,6.523672077861695,1E-06,true,SaturatedMixture,281.10063406870097,6.523690080679426,9.791868441182981E-07,true,-4.7164704938040813E-05,1.8002817730788934E-05,true,0.0005137228525280736,3.5596193356468575E-05,0.00026625516826150886,0.001903154074568647
302,281.1006812334059,R4-VAPOR-SIDE,REGION-4,SaturatedMixture,281.1006812334059,6.523672077861695,0.999999,true,SaturatedMixture,281.101065451037,6.5237324387078,0.9999996403458944,true,0.00038421763110818574,6.036084610450132E-05,true,0.0005137228525280736,3.5596193356468575E-05,0.00026625516826150886,0.001903154074568647
302,281.1006812334059,R2-SIDE,REGION-2,SuperheatedVapor,281.1006812334059,6.523606841140917,,true,SuperheatedVapor,281.09978595323787,6.523584322471485,,true,-0.0008952801680379707,-2.2518669432258775E-05,true,0.0005137228525280736,3.5596193356468575E-05,0.00026625516826150886,0.001903154074568647
303,281.3032880485058,R1-SIDE,REGION-1,SubcooledLiquid,281.3032880485058,6.543620785039116,,true,SubcooledLiquid,281.3031851626064,6.5438981396698965,,true,-0.00010288589942319959,0.0002773546307803798,true,0.0005137228525280736,3.5596193356468575E-05,0.00026625516826150886,0.001903154074568647
303,281.3032880485058,R4-LIQUID-SIDE,REGION-4,SaturatedMixture,281.3032880485058,6.5435553494856205,1E-06,true,SaturatedMixture,281.30321801501805,6.5435820786355805,9.689551475258484E-07,true,-7.003348775924678E-05,2.6729149960047494E-05,true,0.0005137228525280736,3.5596193356468575E-05,0.00026625516826150886,0.001903154074568647
303,281.3032880485058,R4-VAPOR-SIDE,REGION-4,SaturatedMixture,281.3032880485058,6.5435553494856205,0.999999,true,SaturatedMixture,281.3038573019545,6.543644851104306,0.9999999509135685,true,0.0005692534487025114,8.950161868526152E-05,true,0.0005137228525280736,3.5596193356468575E-05,0.00026625516826150886,0.001903154074568647
303,281.3032880485058,R2-SIDE,REGION-2,SuperheatedVapor,281.3032880485058,6.543489913932126,,true,SuperheatedVapor,281.30239193218756,6.543467329053079,,true,-0.0008961163182448217,-2.258487904693851E-05,true,0.0005137228525280736,3.5596193356468575E-05,0.00026625516826150886,0.001903154074568647
304,281.5040671765804,R1-SIDE,REGION-1,SubcooledLiquid,281.5040671765804,6.56337052415617,,true,SubcooledLiquid,281.50403976251687,6.563352457270359,,true,-2.7414063538344635E-05,-1.8066885810519295E-05,true,0.0005137228525280736,3.5596193356468575E-05,0.00026625516826150886,0.001903154074568647
304,281.5040671765804,R4-LIQUID-SIDE,REGION-4,SaturatedMixture,281.5040671765804,6.563304891107259,1E-06,true,SaturatedMixture,281.50406477767854,6.563305794037347,9.989407314084513E-07,true,-2.398901870037662E-06,9.029300880314395E-07,true,0.0005137228525280736,3.5596193356468575E-05,0.00026625516826150886,0.001903154074568647
304,281.5040671765804,R4-VAPOR-SIDE,REGION-4,SaturatedMixture,281.5040671765804,6.563304891107259,0.999999,true,SaturatedMixture,281.50408645527216,6.563307934823765,0.9999990325541622,true,1.9278691752333543E-05,3.043716506390126E-06,true,0.0005137228525280736,3.5596193356468575E-05,0.00026625516826150886,0.001903154074568647
304,281.5040671765804,R2-SIDE,REGION-2,SuperheatedVapor,281.5040671765804,6.563239258058348,,true,SuperheatedVapor,281.50317000186783,6.563216569910566,,true,-0.000897174712576998,-2.2688147782723433E-05,true,0.0005137228525280736,3.5596193356468575E-05,0.00026625516826150886,0.001903154074568647
305,281.7029600799086,R1-SIDE,REGION-1,SubcooledLiquid,281.7029600799086,6.582979585869305,,true,SubcooledLiquid,281.7028555672663,6.583260316319843,,true,-0.00010451264233779511,0.0002807304505383357,true,0.0005137228525280736,3.5596193356468575E-05,0.00026625516826150886,0.001903154074568647
305,281.7029600799086,R4-LIQUID-SIDE,REGION-4,SaturatedMixture,281.7029600799086,6.582913756731737,1E-06,true,SaturatedMixture,281.7028888725582,6.5829408111503245,9.681175237950554E-07,true,-7.120735040189174E-05,2.7054418587191265E-05,true,0.0005137228525280736,3.5596193356468575E-05,0.00026625516826150886,0.001903154074568647
305,281.7029600799086,R4-VAPOR-SIDE,REGION-4,SaturatedMixture,281.7029600799086,6.582913756731737,0.999999,true,SaturatedMixture,281.7035353402956,6.583004653538704,0.999999972644817,true,0.000575260386995069,9.089680696661162E-05,true,0.0005137228525280736,3.5596193356468575E-05,0.00026625516826150886,0.001903154074568647
305,281.7029600799086,R2-SIDE,REGION-2,SuperheatedVapor,281.7029600799086,6.5828479275941705,,true,SuperheatedVapor,281.702061617303,6.582825097643556,,true,-0.0008984626056189882,-2.28299506144225E-05,true,0.0005137228525280736,3.5596193356468575E-05,0.00026625516826150886,0.001903154074568647
306,281.8999184429648,R1-SIDE,REGION-1,SubcooledLiquid,281.8999184429648,6.602441990593039,,true,SubcooledLiquid,281.89984048097574,6.6026182981143595,,true,-7.796198906362406E-05,0.00017630752132014038,true,0.0005137228525280736,3.5596193356468575E-05,0.00026625516826150886,0.001903154074568647
306,281.8999184429648,R4-LIQUID-SIDE,REGION-4,SaturatedMixture,281.8999184429648,6.602375966833371,1E-06,true,SaturatedMixture,281.89987112061,6.602393935349328,9.787290865414164E-07,true,-4.732235481696989E-05,1.796851595692317E-05,true,0.0005137228525280736,3.5596193356468575E-05,0.00026625516826150886,0.001903154074568647
306,281.8999184429648,R4-VAPOR-SIDE,REGION-4,SaturatedMixture,281.8999184429648,6.602375966833371,0.999999,true,SaturatedMixture,281.9002997665881,6.602436266592548,0.9999996461700044,true,0.0003813236232872441,6.0299759176984935E-05,true,0.0005137228525280736,3.5596193356468575E-05,0.00026625516826150886,0.001903154074568647
306,281.8999184429648,R2-SIDE,REGION-2,SuperheatedVapor,281.8999184429648,6.602309943073703,,true,SuperheatedVapor,281.899018684652,6.602286969014742,,true,-0.0008997583128120823,-2.297405896101168E-05,true,0.0005137228525280736,3.5596193356468575E-05,0.00026625516826150886,0.001903154074568647
307,282.0949025034904,R1-SIDE,REGION-1,SubcooledLiquid,282.0949025034904,6.621752572190351,,true,SubcooledLiquid,282.09482622845053,6.621921290291093,,true,-7.627503987350792E-05,0.00016871810074192695,true,0.0005137228525280736,3.5596193356468575E-05,0.00026625516826150886,0.001903154074568647
307,282.0949025034904,R4-LIQUID-SIDE,REGION-4,SaturatedMixture,282.0949025034904,6.621686355326797,1E-06,true,SaturatedMixture,282.0948568314867,6.621703637027336,9.793382413890424E-07,true,-4.5672003693653096E-05,1.7281700539051315E-05,true,0.0005137228525280736,3.5596193356468575E-05,0.00026625516826150886,0.001903154074568647
307,282.0949025034904,R4-VAPOR-SIDE,REGION-4,SaturatedMixture,282.0949025034904,6.621686355326797,0.999999,true,SaturatedMixture,282.0952693664533,6.621744610962924,0.9999996274761719,true,0.0003668629628919007,5.825563612749107E-05,true,0.0005137228525280736,3.5596193356468575E-05,0.00026625516826150886,0.001903154074568647
307,282.0949025034904,R2-SIDE,REGION-2,SuperheatedVapor,282.0949025034904,6.621620138463244,,true,SuperheatedVapor,282.09400217763016,6.621597139487339,,true,-0.0009003258602433561,-2.299897590418709E-05,true,0.0005137228525280736,3.5596193356468575E-05,0.00026625516826150886,0.001903154074568647
308,282.28788021802904,R1-SIDE,REGION-1,SubcooledLiquid,282.28788021802904,6.640906905415551,,true,SubcooledLiquid,282.2877736302827,6.641191128781399,,true,-0.00010658774635885493,0.00028422336584821295,true,0.0005137228525280736,3.5596193356468575E-05,0.00026625516826150886,0.001903154074568647
308,282.28788021802904,R4-LIQUID-SIDE,REGION-4,SaturatedMixture,282.28788021802904,6.64084049701058,1E-06,true,SaturatedMixture,282.2878076299013,6.640867960602575,9.670193703655686E-07,true,-7.25881277503504E-05,2.746359199523596E-05,true,0.0005137228525280736,3.5596193356468575E-05,0.00026625516826150886,0.001903154074568647
308,282.28788021802904,R4-VAPOR-SIDE,REGION-4,SaturatedMixture,282.28788021802904,6.64084049701058,0.999999,true,SaturatedMixture,282.28846207179174,6.64093296129838,0.9999999976103372,true,0.0005818537626964826,9.24642877997428E-05,true,0.0005137228525280736,3.5596193356468575E-05,0.00026625516826150886,0.001903154074568647
308,282.28788021802904,R2-SIDE,REGION-2,SuperheatedVapor,282.28788021802904,6.64077408860561,,true,SuperheatedVapor,282.2869788309507,6.640750982521274,,true,-0.0009013870783292077,-2.3106084336532717E-05,true,0.0005137228525280736,3.5596193356468575E-05,0.00026625516826150886,0.001903154074568647
309,282.4788263857366,R1-SIDE,REGION-1,SubcooledLiquid,282.4788263857366,6.659901227894608,,true,SubcooledLiquid,282.4787874262395,6.6599241907562625,,true,-3.8959497146606736E-05,2.2962861654818312E-05,true,0.0005137228525280736,3.5596193356468575E-05,0.00026625516826150886,0.001903154074568647
309,282.4788263857366,R4-LIQUID-SIDE,REGION-4,SaturatedMixture,282.4788263857366,6.659834629548312,1E-06,true,SaturatedMixture,282.4788143272424,6.659839191522396,9.944974801765144E-07,true,-1.2058494235134276E-05,4.561974083827636E-06,true,0.0005137228525280736,3.5596193356468575E-05,0.00026625516826150886,0.001903154074568647
309,282.4788263857366,R4-VAPOR-SIDE,REGION-4,SaturatedMixture,282.4788263857366,6.659834629548312,0.999999,true,SaturatedMixture,282.47892285729665,6.659849970980641,0.9999991659544002,true,9.647156002756674E-05,1.5341432328952465E-05,true,0.0005137228525280736,3.5596193356468575E-05,0.00026625516826150886,0.001903154074568647
309,282.4788263857366,R2-SIDE,REGION-2,SuperheatedVapor,282.4788263857366,6.659768031202017,,true,SuperheatedVapor,282.4779234273325,6.6597447324975985,,true,-0.0009029584041400085,-2.329870441819537E-05,true,0.0005137228525280736,3.5596193356468575E-05,0.00026625516826150886,0.001903154074568647
310,282.6677221894266,R1-SIDE,REGION-1,SubcooledLiquid,282.6677221894266,6.678732402405449,,true,SubcooledLiquid,282.6676219439029,6.678989472061186,,true,-0.00010024552375398343,0.000257069655737574,true,0.0005137228525280736,3.5596193356468575E-05,0.00026625516826150886,0.001903154074568647
310,282.6677221894266,R4-LIQUID-SIDE,REGION-4,SaturatedMixture,282.6677221894266,6.67866561574929,1E-06,true,SaturatedMixture,282.66765553286336,6.67869071855217,9.694221330240927E-07,true,-6.665656326276803E-05,2.5102802879928277E-05,true,0.0005137228525280736,3.5596193356468575E-05,0.00026625516826150886,0.001903154074568647
310,282.6677221894266,R4-VAPOR-SIDE,REGION-4,SaturatedMixture,282.6677221894266,6.67866561574929,0.999999,true,SaturatedMixture,282.66825332187784,6.6787504324291955,0.9999999213989551,true,0.000531132451214944,8.481667990523079E-05,true,0.0005137228525280736,3.5596193356468575E-05,0.00026625516826150886,0.001903154074568647
310,282.6677221894266,R2-SIDE,REGION-2,SuperheatedVapor,282.6677221894266,6.678598829093133,,true,SuperheatedVapor,282.66681858153083,6.678575489733831,,true,-0.0009036078957933569,-2.3339359302099183E-05,true,0.0005137228525280736,3.5596193356468575E-05,0.00026625516826150886,0.001903154074568647
311,282.8545599937439,R1-SIDE,REGION-1,SubcooledLiquid,282.8545599937439,6.697398404150968,,true,SubcooledLiquid,282.8544651083213,6.697633512349283,,true,-9.488542264080024E-05,0.0002351081983142933,true,0.0005137228525280736,3.5596193356468575E-05,0.00026625516826150886,0.001903154074568647
311,282.8545599937439,R4-LIQUID-SIDE,REGION-4,SaturatedMixture,282.8545599937439,6.69733143083666,1E-06,true,SaturatedMixture,282.8544982714121,6.697354668606145,9.715719741313493E-07,true,-6.17223317931348E-05,2.3237769485540127E-05,true,0.0005137228525280736,3.5596193356468575E-05,0.00026625516826150886,0.001903154074568647
311,282.8545599937439,R4-VAPOR-SIDE,REGION-4,SaturatedMixture,282.8545599937439,6.69733143083666,0.999999,true,SaturatedMixture,282.85505072903175,6.697409854274575,0.9999998531050925,true,0.0004907352878262827,7.842343791519824E-05,true,0.0005137228525280736,3.5596193356468575E-05,0.00026625516826150886,0.001903154074568647
311,282.8545599937439,R2-SIDE,REGION-2,SuperheatedVapor,282.8545599937439,6.697264457522352,,true,SuperheatedVapor,282.8536552665345,6.697240998614167,,true,-0.0009047272094448999,-2.345890818489238E-05,true,0.0005137228525280736,3.5596193356468575E-05,0.00026625516826150886,0.001903154074568647
312,283.03934067487717,R1-SIDE,REGION-1,SubcooledLiquid,283.03934067487717,6.715898065413205,,true,SubcooledLiquid,283.03929041403273,6.715961909265048,,true,-5.02608444321595E-05,6.3843851843437E-05,true,0.0005137228525280736,3.5596193356468575E-05,0.00026625516826150886,0.001903154074568647
312,283.03934067487717,R4-LIQUID-SIDE,REGION-4,SaturatedMixture,283.03934067487717,6.7158309071041336,1E-06,true,SaturatedMixture,283.03931886914165,6.715839082670611,9.89899588427345E-07,true,-2.180573551413545E-05,8.175566477142127E-06,true,0.0005137228525280736,3.5596193356468575E-05,0.00026625516826150886,0.001903154074568647
312,283.03934067487717,R4-VAPOR-SIDE,REGION-4,SaturatedMixture,283.03934067487717,6.7158309071041336,0.999999,true,SaturatedMixture,283.0395134402762,6.71585862975465,0.9999993032253287,true,0.00017276539904287347,2.7722650516537328E-05,true,0.0005137228525280736,3.5596193356468575E-05,0.00026625516826150886,0.001903154074568647
312,283.03934067487717,R2-SIDE,REGION-2,SuperheatedVapor,283.03934067487717,6.715763748795063,,true,SuperheatedVapor,283.0384343711753,6.715740093054114,,true,-0.0009063037018677278,-2.3655740949202197E-05,true,0.0005137228525280736,3.5596193356468575E-05,0.00026625516826150886,0.001903154074568647
313,283.2220691144465,R1-SIDE,REGION-1,SubcooledLiquid,283.2220691144465,6.734230632146775,,true,SubcooledLiquid,283.22195979955984,6.734518063120617,,true,-0.00010931488668575184,0.0002874309738416514,true,0.0005137228525280736,3.5596193356468575E-05,0.00026625516826150886,0.001903154074568647
313,283.2220691144465,R4-LIQUID-SIDE,REGION-4,SaturatedMixture,283.2220691144465,6.7341632905138695,1E-06,true,SaturatedMixture,283.2219947693176,6.734191142874442,9.654449502195396E-07,true,-7.434512895088119E-05,2.785236057256668E-05,true,0.0005137228525280736,3.5596193356468575E-05,0.00026625516826150886,0.001903154074568647
313,283.2220691144465,R4-VAPOR-SIDE,REGION-4,SaturatedMixture,283.2220691144465,6.7341632905138695,0.999999,true,SaturatedMixture,283.2221270193435,6.73416912767804,1,true,5.790489694845746E-05,5.8371641706855826E-06,true,0.0005137228525280736,3.5596193356468575E-05,0.00026625516826150886,0.001903154074568647
313,283.2220691144465,R2-SIDE,REGION-2,SuperheatedVapor,283.2220691144465,6.734095948880965,,true,SuperheatedVapor,283.22116167936065,6.734072169492059,,true,-0.0009074350858782054,-2.3779388905964538E-05,true,0.0005137228525280736,3.5596193356468575E-05,0.00026625516826150886,0.001903154074568647
314,283.4027534067633,R1-SIDE,REGION-1,SubcooledLiquid,283.4027534067633,6.7523956884243885,,true,SubcooledLiquid,283.4026743573371,6.752566880951149,,true,-7.904942617642519E-05,0.0001711925267606773,true,0.0005137228525280736,3.5596193356468575E-05,0.00026625516826150886,0.001903154074568647
314,283.4027534067633,R4-LIQUID-SIDE,REGION-4,SaturatedMixture,283.4027534067633,6.752328165142736,1E-06,true,SaturatedMixture,283.40270618190755,6.752345845931496,9.779725272555994E-07,true,-4.722485573438462E-05,1.7680788759300015E-05,true,0.0005137228525280736,3.5596193356468575E-05,0.00026625516826150886,0.001903154074568647
314,283.4027534067633,R4-VAPOR-SIDE,REGION-4,SaturatedMixture,283.4027534067633,6.752328165142736,0.999999,true,SaturatedMixture,283.4031257147433,6.7523879932090125,0.9999996560375402,true,0.00037230798000109644,5.982806627624626E-05,true,0.0005137228525280736,3.5596193356468575E-05,0.00026625516826150886,0.001903154074568647
314,283.4027534067633,R2-SIDE,REGION-2,SuperheatedVapor,283.4027534067633,6.752260641861085,,true,SuperheatedVapor,283.40184500914074,6.7522367661576785,,true,-0.0009083976225383594,-2.387570340633971E-05,true,0.0005137228525280736,3.5596193356468575E-05,0.00026625516826150886,0.001903154074568647
315,283.581404775381,R1-SIDE,REGION-1,SubcooledLiquid,283.581404775381,6.770393151311303,,true,SubcooledLiquid,283.58133224439496,6.770538713147853,,true,-7.25309860172274E-05,0.0001455618365495681,true,0.0005137228525280736,3.5596193356468575E-05,0.00026625516826150886,0.001903154074568647
315,283.581404775381,R4-LIQUID-SIDE,REGION-4,SaturatedMixture,283.581404775381,6.7703254480568225,1E-06,true,SaturatedMixture,283.58136349181484,6.770340848874897,9.806249848854395E-07,true,-4.1283566133643035E-05,1.5400818074162714E-05,true,0.0005137228525280736,3.5596193356468575E-05,0.00026625516826150886,0.001903154074568647
315,283.581404775381,R4-VAPOR-SIDE,REGION-4,SaturatedMixture,283.581404775381,6.7703254480568225,0.999999,true,SaturatedMixture,283.5817292642897,6.7703778050189065,0.9999995769981896,true,0.0003244889087454794,5.2356962084054715E-05,true,0.0005137228525280736,3.5596193356468575E-05,0.00026625516826150886,0.001903154074568647
315,283.581404775381,R2-SIDE,REGION-2,SuperheatedVapor,283.581404775381,6.770257744802342,,true,SuperheatedVapor,283.58049512212835,6.7702337226777844,,true,-0.0009096532526200463,-2.4022124557987468E-05,true,0.0005137228525280736,3.5596193356468575E-05,0.00026625516826150886,0.001903154074568647
316,283.75422302484503,R1-SIDE,REGION-1,SubcooledLiquid,283.75422302484503,6.787837837366972,,true,SubcooledLiquid,283.7541116438807,6.788128863233493,,true,-0.00011138096431295708,0.00029102586652118845,true,0.0005137228525280736,3.5596193356468575E-05,0.00026625516826150886,0.001903154074568647
316,283.75422302484503,R4-LIQUID-SIDE,REGION-4,SaturatedMixture,283.75422302484503,6.787769959667375,1E-06,true,SaturatedMixture,283.7541472400741,6.787798206982158,9.6432112015978E-07,true,-7.57847709564885E-05,2.8247314783236277E-05,true,0.0005137228525280736,3.5596193356468575E-05,0.00026625516826150886,0.001903154074568647
316,283.75422302484503,R4-VAPOR-SIDE,REGION-4,SaturatedMixture,283.75422302484503,6.787769959667375,0.999999,true,SaturatedMixture,283.754281289343,6.787775893681941,1,true,5.82644979658653E-05,5.9340145659447785E-06,true,0.0005137228525280736,3.5596193356468575E-05,0.00026625516826150886,0.001903154074568647
316,283.75422302484503,R2-SIDE,REGION-2,SuperheatedVapor,283.75422302484503,6.787702081967779,,true,SuperheatedVapor,283.7533130294263,6.787678064781711,,true,-0.000909995418737708,-2.4017186067482044E-05,true,0.0005137228525280736,3.5596193356468575E-05,0.00026625516826150886,0.001903154074568647
317,283.8935488522053,R1-SIDE,REGION-1,SubcooledLiquid,283.8935488522053,6.801926707692328,,true,SubcooledLiquid,283.8934653384664,6.802111660027367,,true,-8.351373890036484E-05,0.00018495233503923458,true,0.0005137228525280736,3.5596193356468575E-05,0.00026625516826150886,0.001903154074568647
317,283.8935488522053,R4-LIQUID-SIDE,REGION-4,SaturatedMixture,283.8935488522053,6.801858689105436,1E-06,true,SaturatedMixture,283.893498021274,6.801877635831435,9.759912976978877E-07,true,-5.083093128632754E-05,1.8946725998780778E-05,true,0.0005137228525280736,3.5596193356468575E-05,0.00026625516826150886,0.001903154074568647
317,283.8935488522053,R4-VAPOR-SIDE,REGION-4,SaturatedMixture,283.8935488522053,6.801858689105436,0.999999,true,SaturatedMixture,283.89394683196065,6.801922981814277,0.9999997104760912,true,0.0003979797553483877,6.429270884122928E-05,true,0.0005137228525280736,3.5596193356468575E-05,0.00026625516826150886,0.001903154074568647
317,283.8935488522053,R2-SIDE,REGION-2,SuperheatedVapor,283.8935488522053,6.801790670518545,,true,SuperheatedVapor,283.8926380671959,6.801766570886678,,true,-0.0009107850094096648,-2.4099631867002813E-05,true,0.0005137228525280736,3.5596193356468575E-05,0.00026625516826150886,0.001903154074568647
318,300,R1-SIDE,REGION-1,SubcooledLiquid,300,8.587794206640561,,true,SubcooledLiquid,300,8.587794208027102,,true,0,1.3865406600643837E-09,true,0.0005137228525280736,3.5596193356468575E-05,0.00026625516826150886,0.001903154074568647
318,300,R4-LIQUID-SIDE,REGION-4,SaturatedMixture,300,8.587708329557264,1E-06,true,SaturatedMixture,300,8.587708329557264,1.0000000000037563E-06,true,0,0,true,0.0005137228525280736,3.5596193356468575E-05,0.00026625516826150886,0.001903154074568647
318,300,R4-VAPOR-SIDE,REGION-4,SaturatedMixture,300,8.587708329557264,0.999999,true,SaturatedMixture,300,8.587708329557264,0.999999,true,0,0,true,0.0005137228525280736,3.5596193356468575E-05,0.00026625516826150886,0.001903154074568647
318,300,R2-SIDE,REGION-2,SuperheatedVapor,300,8.587622452473969,,true,SuperheatedVapor,299.99898324194237,8.587585335942547,,true,-0.0010167580576307955,-3.711653142168814E-05,true,0.0005137228525280736,3.5596193356468575E-05,0.00026625516826150886,0.001903154074568647
319,340,R1-SIDE,REGION-1,SubcooledLiquid,340,14.600327058615827,,true,SubcooledLiquid,340,14.600327067072506,,true,0,8.45667891269386E-09,true,0.0005137228525280736,3.5596193356468575E-05,0.00026625516826150886,0.001903154074568647
319,340,R4-LIQUID-SIDE,REGION-4,SaturatedMixture,340,14.600181056805258,1E-06,true,SaturatedMixture,340,14.600181056805258,9.999999999909102E-07,true,0,0,true,0.0005137228525280736,3.5596193356468575E-05,0.00026625516826150886,0.001903154074568647
319,340,R4-VAPOR-SIDE,REGION-4,SaturatedMixture,340,14.600181056805258,0.999999,true,SaturatedMixture,340,14.600181056805258,0.999999,true,0,0,true,0.0005137228525280736,3.5596193356468575E-05,0.00026625516826150886,0.001903154074568647
319,340,R2-SIDE,REGION-2,SuperheatedVapor,340,14.600035054994692,,true,SuperheatedVapor,339.9985469910996,14.599914801636997,,true,-0.0014530089003983448,-0.00012025335769472179,true,0.0005137228525280736,3.5596193356468575E-05,0.00026625516826150886,0.001903154074568647
