candidate_id,probe_id,logical_step,elapsed_s,node_id,reference_region,reference_phase,reference_temperature_c,reference_pressure_mpa,reference_quality,candidate_resolved,candidate_region,candidate_phase,candidate_temperature_c,candidate_pressure_mpa,candidate_quality,phase_matches,pressure_relative_error,temperature_relative_kelvin_error
B1-PIECEWISE-REDUCED,background-reference,0,0,suction,REGION-4-MIXTURE,SaturatedMixture,269.34476251006106,5.446657821393141,0.0009044047982072967,true,REGION-4-MIXTURE-TABLE,SaturatedMixture,269.34391689300537,5.447035566095325,0.0009039650536333218,true,6.935348512257918E-05,1.5587561652682781E-06
B1-PIECEWISE-REDUCED,background-reference,0,0,pressure,REGION-4-MIXTURE,SaturatedMixture,269.4799217283727,5.4582106824633945,0.0009015025208173814,true,REGION-4-MIXTURE-TABLE,SaturatedMixture,269.4791827201843,5.458540757577949,0.0009011177460672817,true,6.047313556712116E-05,1.3619009176779178E-06
B1-PIECEWISE-REDUCED,background-reference,0,0,outlet,REGION-4-MIXTURE,SaturatedMixture,275.1843705475329,5.963117165910907,0.18990745729760766,true,REGION-4-MIXTURE-TABLE,SaturatedMixture,275.18879890441895,5.9640391253732234,0.18989309634056523,true,0.00015461032152565822,8.076015518782521E-06
B1-PIECEWISE-REDUCED,background-reference,0,0,drum,REGION-4-MIXTURE,SaturatedMixture,270.41057386994373,5.5382678699752335,0.036630469875386214,true,REGION-4-MIXTURE-TABLE,SaturatedMixture,270.41100454330444,5.538643065101274,0.03662671026197288,true,6.774593335846548E-05,7.92318982307102E-07
B1-PIECEWISE-REDUCED,background-reference,0,0,feedwater-inventory,REGION-1,SubcooledLiquid,47.52114057847865,0.12181746458054063,,true,REGION-1-REDUCED,SubcooledLiquid,47.5173419472186,0.12520508851920684,,true,0.02780901696099947,1.1845878157919562E-05
B1-PIECEWISE-REDUCED,background-reference,6000,60,suction,REGION-4-MIXTURE,SaturatedMixture,269.34476251006106,5.446657821393141,0.0009044047982072967,true,REGION-4-MIXTURE-TABLE,SaturatedMixture,269.34391689300537,5.447035566095325,0.0009039650536333218,true,6.935348512257918E-05,1.5587561652682781E-06
B1-PIECEWISE-REDUCED,background-reference,6000,60,pressure,REGION-4-MIXTURE,SaturatedMixture,269.4799217283727,5.4582106824633945,0.0009015025208333786,true,REGION-4-MIXTURE-TABLE,SaturatedMixture,269.4791827201843,5.458540757577949,0.0009011177460832705,true,6.047313556712116E-05,1.3619009176779178E-06
B1-PIECEWISE-REDUCED,background-reference,6000,60,outlet,REGION-4-MIXTURE,SaturatedMixture,275.1843705475329,5.963117165910907,0.18990745735097625,true,REGION-4-MIXTURE-TABLE,SaturatedMixture,275.18879890441895,5.9640391253732234,0.18989309639393004,true,0.00015461032152565822,8.076015518782521E-06
B1-PIECEWISE-REDUCED,background-reference,6000,60,drum,REGION-4-MIXTURE,SaturatedMixture,270.41057386994373,5.5382678699752335,0.03663046987747153,true,REGION-4-MIXTURE-TABLE,SaturatedMixture,270.41100454330444,5.538643065101274,0.036626710264057984,true,6.774593335846548E-05,7.92318982307102E-07
B1-PIECEWISE-REDUCED,background-reference,6000,60,feedwater-inventory,REGION-1,SubcooledLiquid,47.52114057842988,0.12181746458051382,,true,REGION-1-REDUCED,SubcooledLiquid,47.51734194711378,0.12520508847225806,,true,0.027809016575823003,1.1845878332703574E-05
B1-PIECEWISE-REDUCED,background-reference,12000,120,suction,REGION-4-MIXTURE,SaturatedMixture,269.34476251006106,5.446657821393141,0.0009044047982072967,true,REGION-4-MIXTURE-TABLE,SaturatedMixture,269.34391689300537,5.447035566095325,0.0009039650536333218,true,6.935348512257918E-05,1.5587561652682781E-06
B1-PIECEWISE-REDUCED,background-reference,12000,120,pressure,REGION-4-MIXTURE,SaturatedMixture,269.4799217283727,5.4582106824633945,0.0009015025208192097,true,REGION-4-MIXTURE-TABLE,SaturatedMixture,269.4791827201843,5.458540757577949,0.0009011177460691035,true,6.047313556712116E-05,1.3619009176779178E-06
B1-PIECEWISE-REDUCED,background-reference,12000,120,outlet,REGION-4-MIXTURE,SaturatedMixture,275.1843705475329,5.963117165910907,0.18990745725188007,true,REGION-4-MIXTURE-TABLE,SaturatedMixture,275.18879890441895,5.9640391253732234,0.18989309629484094,true,0.00015461032152565822,8.076015518782521E-06
B1-PIECEWISE-REDUCED,background-reference,12000,120,drum,REGION-4-MIXTURE,SaturatedMixture,270.41057386994373,5.5382678699752335,0.03663046988360346,true,REGION-4-MIXTURE-TABLE,SaturatedMixture,270.41100454330444,5.538643065101274,0.03662671027018935,true,6.774593335846548E-05,7.92318982307102E-07
B1-PIECEWISE-REDUCED,background-reference,12000,120,feedwater-inventory,REGION-1,SubcooledLiquid,47.52114057823661,0.12181746458040743,,true,REGION-1-REDUCED,SubcooledLiquid,47.51734194677846,0.1252050883650404,,true,0.02780901569657054,1.1845878775693214E-05
B1-PIECEWISE-REDUCED,background-reference,18000,180,suction,REGION-4-MIXTURE,SaturatedMixture,269.34476251006106,5.446657821393141,0.0009044047982072967,true,REGION-4-MIXTURE-TABLE,SaturatedMixture,269.34391689300537,5.447035566095325,0.0009039650536333218,true,6.935348512257918E-05,1.5587561652682781E-06
B1-PIECEWISE-REDUCED,background-reference,18000,180,pressure,REGION-4-MIXTURE,SaturatedMixture,269.4799217283727,5.4582106824633945,0.0009015025208440037,true,REGION-4-MIXTURE-TABLE,SaturatedMixture,269.4791827201843,5.458540757577949,0.0009011177460938941,true,6.047313556712116E-05,1.3619009176779178E-06
B1-PIECEWISE-REDUCED,background-reference,18000,180,outlet,REGION-4-MIXTURE,SaturatedMixture,275.1843705475329,5.963117165910907,0.18990745708466342,true,REGION-4-MIXTURE-TABLE,SaturatedMixture,275.18879890441895,5.9640391253732234,0.1898930961276361,true,0.00015461032152565822,8.076015518782521E-06
B1-PIECEWISE-REDUCED,background-reference,18000,180,drum,REGION-4-MIXTURE,SaturatedMixture,270.41057386994373,5.5382678699752335,0.036630469885910386,true,REGION-4-MIXTURE-TABLE,SaturatedMixture,270.41100454330444,5.538643065101274,0.03662671027249607,true,6.774593335846548E-05,7.92318982307102E-07
B1-PIECEWISE-REDUCED,background-reference,18000,180,feedwater-inventory,REGION-1,SubcooledLiquid,47.52114057808484,0.12181746458032389,,true,REGION-1-REDUCED,SubcooledLiquid,47.51734194618433,0.12520508795288407,,true,0.02780901231388259,1.1845880155166536E-05
B1-PIECEWISE-REDUCED,background-reference,24000,240,suction,REGION-4-MIXTURE,SaturatedMixture,269.34476251006106,5.446657821393141,0.0009044047982072967,true,REGION-4-MIXTURE-TABLE,SaturatedMixture,269.34391689300537,5.447035566095325,0.0009039650536333218,true,6.935348512257918E-05,1.5587561652682781E-06
B1-PIECEWISE-REDUCED,background-reference,24000,240,pressure,REGION-4-MIXTURE,SaturatedMixture,269.4799217283727,5.4582106824633945,0.0009015025208314689,true,REGION-4-MIXTURE-TABLE,SaturatedMixture,269.4791827201843,5.458540757577949,0.0009011177460813611,true,6.047313556712116E-05,1.3619009176779178E-06
B1-PIECEWISE-REDUCED,background-reference,24000,240,outlet,REGION-4-MIXTURE,SaturatedMixture,275.1843705892562,5.963117169729576,0.18990745707138953,true,REGION-4-MIXTURE-TABLE,SaturatedMixture,275.18879890441895,5.9640391253732234,0.18989309598004614,true,0.0001546096810453132,8.07593942719313E-06
B1-PIECEWISE-REDUCED,background-reference,24000,240,drum,REGION-4-MIXTURE,SaturatedMixture,270.41057386994373,5.5382678699752335,0.03663046988806629,true,REGION-4-MIXTURE-TABLE,SaturatedMixture,270.41100454330444,5.538643065101274,0.036626710274651766,true,6.774593335846548E-05,7.92318982307102E-07
B1-PIECEWISE-REDUCED,background-reference,24000,240,feedwater-inventory,REGION-1,SubcooledLiquid,47.52114057735906,0.12181746457992443,,true,REGION-1-REDUCED,SubcooledLiquid,47.51734194532145,0.1252050879539467,,true,0.027809012325976004,1.1845880582753887E-05
B1-PIECEWISE-REDUCED,background-reference,30000,300,suction,REGION-4-MIXTURE,SaturatedMixture,269.34476251006106,5.446657821393141,0.0009044047982072967,true,REGION-4-MIXTURE-TABLE,SaturatedMixture,269.34391689300537,5.447035566095325,0.0009039650536333218,true,6.935348512257918E-05,1.5587561652682781E-06
B1-PIECEWISE-REDUCED,background-reference,30000,300,pressure,REGION-4-MIXTURE,SaturatedMixture,269.4799217283727,5.4582106824633945,0.0009015025208659237,true,REGION-4-MIXTURE-TABLE,SaturatedMixture,269.4791827201843,5.458540757577949,0.0009011177461158114,true,6.047313556712116E-05,1.3619009176779178E-06
B1-PIECEWISE-REDUCED,background-reference,30000,300,outlet,REGION-4-MIXTURE,SaturatedMixture,275.18437056839457,5.963117167820244,0.18990745678322932,true,REGION-4-MIXTURE-TABLE,SaturatedMixture,275.18879890441895,5.9640391253732234,0.1898930957590646,true,0.00015461000128496423,8.075977472987825E-06
B1-PIECEWISE-REDUCED,background-reference,30000,300,drum,REGION-4-MIXTURE,SaturatedMixture,270.41057386994373,5.5382678699752335,0.0366304698911451,true,REGION-4-MIXTURE-TABLE,SaturatedMixture,270.41100454330444,5.538643065101274,0.03662671027773028,true,6.774593335846548E-05,7.92318982307102E-07
B1-PIECEWISE-REDUCED,background-reference,30000,300,feedwater-inventory,REGION-1,SubcooledLiquid,47.521140576642495,0.12181746457953008,,true,REGION-1-REDUCED,SubcooledLiquid,47.51734194426734,0.12520508775408534,,true,0.02780901068864073,1.1845881635373431E-05
B1-PIECEWISE-REDUCED,background-reference,36000,360,suction,REGION-4-MIXTURE,SaturatedMixture,269.34476251006106,5.446657821393141,0.0009044047982072967,true,REGION-4-MIXTURE-TABLE,SaturatedMixture,269.34391689300537,5.447035566095325,0.0009039650536333218,true,6.935348512257918E-05,1.5587561652682781E-06
B1-PIECEWISE-REDUCED,background-reference,36000,360,pressure,REGION-4-MIXTURE,SaturatedMixture,269.4799217283727,5.4582106824633945,0.0009015025209116863,true,REGION-4-MIXTURE-TABLE,SaturatedMixture,269.4791827201843,5.458540757577949,0.0009011177461615676,true,6.047313556712116E-05,1.3619009176779178E-06
B1-PIECEWISE-REDUCED,background-reference,36000,360,outlet,REGION-4-MIXTURE,SaturatedMixture,275.18437056839457,5.963117167820244,0.18990745654153707,true,REGION-4-MIXTURE-TABLE,SaturatedMixture,275.18879890441895,5.9640391253732234,0.1898930955173895,true,0.00015461000128496423,8.075977472987825E-06
B1-PIECEWISE-REDUCED,background-reference,36000,360,drum,REGION-4-MIXTURE,SaturatedMixture,270.41057386994373,5.5382678699752335,0.036630469895552936,true,REGION-4-MIXTURE-TABLE,SaturatedMixture,270.41100454330444,5.538643065101274,0.03662671028213771,true,6.774593335846548E-05,7.92318982307102E-07
B1-PIECEWISE-REDUCED,background-reference,36000,360,feedwater-inventory,REGION-1,SubcooledLiquid,47.521140575730726,0.12181746457902826,,true,REGION-1-REDUCED,SubcooledLiquid,47.51734194298547,0.12520508755664933,,true,0.02780900907212181,1.1845882789572403E-05
B1-PIECEWISE-REDUCED,background-reference,42000,420,suction,REGION-4-MIXTURE,SaturatedMixture,269.34476251006106,5.446657821393141,0.0009044047982072967,true,REGION-4-MIXTURE-TABLE,SaturatedMixture,269.34391689300537,5.447035566095325,0.0009039650536333218,true,6.935348512257918E-05,1.5587561652682781E-06
B1-PIECEWISE-REDUCED,background-reference,42000,420,pressure,REGION-4-MIXTURE,SaturatedMixture,269.4799217283727,5.4582106824633945,0.0009015025209459658,true,REGION-4-MIXTURE-TABLE,SaturatedMixture,269.4791827201843,5.458540757577949,0.0009011177461958426,true,6.047313556712116E-05,1.3619009176779178E-06
B1-PIECEWISE-REDUCED,background-reference,42000,420,outlet,REGION-4-MIXTURE,SaturatedMixture,275.18437056839457,5.963117167820244,0.18990745628161176,true,REGION-4-MIXTURE-TABLE,SaturatedMixture,275.18879890441895,5.9640391253732234,0.18989309525748255,true,0.00015461000128496423,8.075977472987825E-06
B1-PIECEWISE-REDUCED,background-reference,42000,420,drum,REGION-4-MIXTURE,SaturatedMixture,270.41057386994373,5.5382678699752335,0.03663046990010211,true,REGION-4-MIXTURE-TABLE,SaturatedMixture,270.41100454330444,5.538643065101274,0.03662671028668645,true,6.774593335846548E-05,7.92318982307102E-07
B1-PIECEWISE-REDUCED,background-reference,42000,420,feedwater-inventory,REGION-1,SubcooledLiquid,47.52114057481543,0.12181746457852446,,true,REGION-1-REDUCED,SubcooledLiquid,47.5173419414574,0.12520508712003237,,true,0.027809005492182227,1.184588470051112E-05
B1-PIECEWISE-REDUCED,background-reference,48000,480,suction,REGION-4-MIXTURE,SaturatedMixture,269.34476251006106,5.446657821393141,0.0009044047982072967,true,REGION-4-MIXTURE-TABLE,SaturatedMixture,269.34391689300537,5.447035566095325,0.0009039650536333218,true,6.935348512257918E-05,1.5587561652682781E-06
B1-PIECEWISE-REDUCED,background-reference,48000,480,pressure,REGION-4-MIXTURE,SaturatedMixture,269.4799217283727,5.4582106824633945,0.0009015025210119517,true,REGION-4-MIXTURE-TABLE,SaturatedMixture,269.4791827201843,5.458540757577949,0.0009011177462618195,true,6.047313556712116E-05,1.3619009176779178E-06
B1-PIECEWISE-REDUCED,background-reference,48000,480,outlet,REGION-4-MIXTURE,SaturatedMixture,275.18437056839457,5.963117167820244,0.18990745596832528,true,REGION-4-MIXTURE-TABLE,SaturatedMixture,275.18879890441895,5.9640391253732234,0.18989309494421827,true,0.00015461000128496423,8.075977472987825E-06
B1-PIECEWISE-REDUCED,background-reference,48000,480,drum,REGION-4-MIXTURE,SaturatedMixture,270.41057386994373,5.5382678699752335,0.03663046990652133,true,REGION-4-MIXTURE-TABLE,SaturatedMixture,270.41100454330444,5.538643065101274,0.03662671029310508,true,6.774593335846548E-05,7.92318982307102E-07
B1-PIECEWISE-REDUCED,background-reference,48000,480,feedwater-inventory,REGION-1,SubcooledLiquid,47.5211405735958,0.1218174645778532,,true,REGION-1-REDUCED,SubcooledLiquid,47.51734193967599,0.12520508679082448,,true,0.027809002795377232,1.1845886452455356E-05
B1-PIECEWISE-REDUCED,background-reference,54000,540,suction,REGION-4-MIXTURE,SaturatedMixture,269.34476251006106,5.446657821393141,0.0009044047982072967,true,REGION-4-MIXTURE-TABLE,SaturatedMixture,269.34391689300537,5.447035566095325,0.0009039650536333218,true,6.935348512257918E-05,1.5587561652682781E-06
B1-PIECEWISE-REDUCED,background-reference,54000,540,pressure,REGION-4-MIXTURE,SaturatedMixture,269.4799217283727,5.4582106824633945,0.000901502521094229,true,REGION-4-MIXTURE-TABLE,SaturatedMixture,269.4791827201843,5.458540757577949,0.0009011177463440857,true,6.047313556712116E-05,1.3619009176779178E-06
B1-PIECEWISE-REDUCED,background-reference,54000,540,outlet,REGION-4-MIXTURE,SaturatedMixture,275.1843705892562,5.963117169729576,0.1899074556347955,true,REGION-4-MIXTURE-TABLE,SaturatedMixture,275.18879890441895,5.9640391253732234,0.18989309454355383,true,0.0001546096810453132,8.07593942719313E-06
B1-PIECEWISE-REDUCED,background-reference,54000,540,drum,REGION-4-MIXTURE,SaturatedMixture,270.41057386994373,5.5382678699752335,0.036630469913993186,true,REGION-4-MIXTURE-TABLE,SaturatedMixture,270.41100454330444,5.538643065101274,0.03662671030057622,true,6.774593335846548E-05,7.92318982307102E-07
B1-PIECEWISE-REDUCED,background-reference,54000,540,feedwater-inventory,REGION-1,SubcooledLiquid,47.52114057219461,0.12181746457708201,,true,REGION-1-REDUCED,SubcooledLiquid,47.517341937632864,0.1252050864161121,,true,0.027808999725868776,1.1845888454348405E-05
B1-PIECEWISE-REDUCED,background-reference,60000,600,suction,REGION-4-MIXTURE,SaturatedMixture,269.34476251006106,5.446657821393141,0.0009044047982072967,true,REGION-4-MIXTURE-TABLE,SaturatedMixture,269.34391689300537,5.447035566095325,0.0009039650536333218,true,6.935348512257918E-05,1.5587561652682781E-06
B1-PIECEWISE-REDUCED,background-reference,60000,600,pressure,REGION-4-MIXTURE,SaturatedMixture,269.4799217283727,5.4582106824633945,0.0009015025211569903,true,REGION-4-MIXTURE-TABLE,SaturatedMixture,269.4791827201843,5.458540757577949,0.0009011177464068386,true,6.047313556712116E-05,1.3619009176779178E-06
B1-PIECEWISE-REDUCED,background-reference,60000,600,outlet,REGION-4-MIXTURE,SaturatedMixture,275.1843705892562,5.963117169729576,0.18990745521779132,true,REGION-4-MIXTURE-TABLE,SaturatedMixture,275.18879890441895,5.9640391253732234,0.18989309412657918,true,0.0001546096810453132,8.07593942719313E-06
B1-PIECEWISE-REDUCED,background-reference,60000,600,drum,REGION-4-MIXTURE,SaturatedMixture,270.41057386994373,5.5382678699752335,0.036630469924585435,true,REGION-4-MIXTURE-TABLE,SaturatedMixture,270.41100454330444,5.538643065101274,0.03662671031116749,true,6.774593335846548E-05,7.92318982307102E-07
B1-PIECEWISE-REDUCED,background-reference,60000,600,feedwater-inventory,REGION-1,SubcooledLiquid,47.521140570721,0.12181746457627096,,true,REGION-1-REDUCED,SubcooledLiquid,47.51734193530871,0.12520508584705328,,true,0.02780899506130586,1.1845891106802664E-05
B1-PIECEWISE-REDUCED,exact-v9-5-to-6mwe,2784,0,suction,REGION-4-MIXTURE,SaturatedMixture,269.3758408248424,5.449312614917401,0.000902381271361201,true,REGION-4-MIXTURE-TABLE,SaturatedMixture,269.37501668930054,5.4496807952630215,0.0009019527337399224,true,6.756454834546506E-05,1.5190714982252033E-06
B1-PIECEWISE-REDUCED,exact-v9-5-to-6mwe,2784,0,pressure,REGION-4-MIXTURE,SaturatedMixture,269.4845352351666,5.458605356238655,0.0008997551380735252,true,REGION-4-MIXTURE-TABLE,SaturatedMixture,269.48380041122437,5.458933520633714,0.0008993727913499467,true,6.0118725139919705E-05,1.3541783549294422E-06
B1-PIECEWISE-REDUCED,exact-v9-5-to-6mwe,2784,0,outlet,REGION-4-MIXTURE,SaturatedMixture,275.8487251222133,6.024158228030869,0.1958812351730021,true,REGION-4-MIXTURE-TABLE,SaturatedMixture,275.8500349521637,6.024427949353475,0.19587703942399956,true,4.477327991674466E-05,2.3858524445740213E-06
B1-PIECEWISE-REDUCED,exact-v9-5-to-6mwe,2784,0,drum,REGION-4-MIXTURE,SaturatedMixture,270.7234599530699,5.565383514941363,0.036759643123033474,true,REGION-4-MIXTURE-TABLE,SaturatedMixture,270.7240753173828,5.565915410713558,0.036754291058504446,true,9.5572168704407E-05,1.1314475852049722E-06
B1-PIECEWISE-REDUCED,exact-v9-5-to-6mwe,2784,0,feedwater-inventory,REGION-1,SubcooledLiquid,47.522770723017004,0.16968907902364633,,true,REGION-1-REDUCED,SubcooledLiquid,47.51733818668674,0.17190166094660111,,true,0.013039035485875093,1.694105900545375E-05
B1-PIECEWISE-REDUCED,exact-v9-5-to-6mwe,8784,60,suction,REGION-4-MIXTURE,SaturatedMixture,269.286198878288,5.441657841867017,0.0009082089892899667,true,REGION-4-MIXTURE-TABLE,SaturatedMixture,269.2853183746338,5.442051401295362,0.000907750707759184,true,7.232344255760376E-05,1.6232391128222568E-06
B1-PIECEWISE-REDUCED,exact-v9-5-to-6mwe,8784,60,pressure,REGION-4-MIXTURE,SaturatedMixture,269.5075922548773,5.4605781522424275,0.0009032234349990809,true,REGION-4-MIXTURE-TABLE,SaturatedMixture,269.5068793296814,5.460896524753805,0.0009028518940739762,true,5.830381005472809E-05,1.3137661871387896E-06
B1-PIECEWISE-REDUCED,exact-v9-5-to-6mwe,8784,60,outlet,REGION-4-MIXTURE,SaturatedMixture,275.26000683307655,5.970042719140328,0.22868431485697216,true,REGION-4-MIXTURE-TABLE,SaturatedMixture,275.2648584842682,5.970985432361768,0.22867006098356638,true,0.0001579072823747061,8.84675905106149E-06
B1-PIECEWISE-REDUCED,exact-v9-5-to-6mwe,8784,60,drum,REGION-4-MIXTURE,SaturatedMixture,269.93746799826624,5.497458813549572,0.03627074384046728,true,REGION-4-MIXTURE-TABLE,SaturatedMixture,269.93755292892456,5.497527966183934,0.03627004113961376,true,1.2579018180449628E-05,1.5638486122826144E-07
B1-PIECEWISE-REDUCED,exact-v9-5-to-6mwe,8784,60,feedwater-inventory,REGION-4-MIXTURE,SaturatedMixture,47.514584347605705,0.010906180173376944,2.1513591917951847E-07,true,REGION-4-MIXTURE-TABLE,SaturatedMixture,47.5145720243454,0.01091485266999096,2.1472680768369945E-07,true,0.0007951910271192337,3.84303752545164E-08
B1-PIECEWISE-REDUCED,exact-v9-5-to-6mwe,14784,120,suction,REGION-4-MIXTURE,SaturatedMixture,268.43746053576467,5.369587904517404,0.0009620480858722721,true,REGION-4-MIXTURE-TABLE,SaturatedMixture,268.4368085861206,5.369880419197937,0.0009617061264982057,true,5.4476188067752335E-05,1.2037753669944046E-06
B1-PIECEWISE-REDUCED,exact-v9-5-to-6mwe,14784,120,pressure,REGION-4-MIXTURE,SaturatedMixture,269.2245281159875,5.436396374605828,0.0008928844818294307,true,REGION-4-MIXTURE-TABLE,SaturatedMixture,269.2236166000366,5.4368032854455315,0.0008924136739579948,true,7.484936926303988E-05,1.6806024317316422E-06
B1-PIECEWISE-REDUCED,exact-v9-5-to-6mwe,14784,120,outlet,REGION-4-MIXTURE,SaturatedMixture,273.84035230278926,5.841073342563729,0.2245357760629698,true,REGION-4-MIXTURE-TABLE,SaturatedMixture,273.8418822288513,5.841364956419511,0.22453129017217427,true,4.992470367681281E-05,2.7969891162090566E-06
B1-PIECEWISE-REDUCED,exact-v9-5-to-6mwe,14784,120,drum,REGION-4-MIXTURE,SaturatedMixture,268.4353395342828,5.369408719353976,0.03444423683968542,true,REGION-4-MIXTURE-TABLE,SaturatedMixture,268.4357600212097,5.369791232295872,0.03444049880399099,true,7.123930434211902E-05,7.764001280077193E-07
B1-PIECEWISE-REDUCED,exact-v9-5-to-6mwe,14784,120,feedwater-inventory,REGION-4-MIXTURE,SaturatedMixture,47.497136956453346,0.01089657309619546,1.6027856383916987E-06,true,REGION-4-MIXTURE-TABLE,SaturatedMixture,47.49712514877319,0.01090545240487368,1.6009784081138942E-06,true,0.0008148716665168961,3.6824530119992424E-08
B1-PIECEWISE-REDUCED,exact-v9-5-to-6mwe,20784,180,suction,REGION-4-MIXTURE,SaturatedMixture,267.78551645874984,5.314725369421499,0.001001791617465924,true,REGION-4-MIXTURE-TABLE,SaturatedMixture,267.78516006469727,5.314888249796675,0.0010016004479830567,true,3.064699751242199E-05,6.588475737493617E-07
B1-PIECEWISE-REDUCED,exact-v9-5-to-6mwe,20784,180,pressure,REGION-4-MIXTURE,SaturatedMixture,268.6578054487708,5.3882278416122125,0.0008686230330322349,true,REGION-4-MIXTURE-TABLE,SaturatedMixture,268.6569585800171,5.388605531722677,0.0008681940163223692,true,7.009542312731355E-05,1.5630427342808225E-06
B1-PIECEWISE-REDUCED,exact-v9-5-to-6mwe,20784,180,outlet,REGION-4-MIXTURE,SaturatedMixture,273.6215528190136,5.821387152991723,0.22761378261997248,true,REGION-4-MIXTURE-TABLE,SaturatedMixture,273.6247773170471,5.821998633307691,0.22760440833686282,true,0.00010504031082251928,5.89734051985992E-06
B1-PIECEWISE-REDUCED,exact-v9-5-to-6mwe,20784,180,drum,REGION-4-MIXTURE,SaturatedMixture,268.32134410142896,5.359784941479276,0.03395045495361322,true,REGION-4-MIXTURE-TABLE,SaturatedMixture,268.321665763855,5.360086813187877,0.03394753133012088,true,5.632160840345724E-05,5.940525376304241E-07
B1-PIECEWISE-REDUCED,exact-v9-5-to-6mwe,20784,180,feedwater-inventory,REGION-4-MIXTURE,SaturatedMixture,47.46560525596135,0.01087922919921552,2.5205747065400563E-06,true,REGION-4-MIXTURE-TABLE,SaturatedMixture,47.465593457221985,0.010888463330872953,2.5177418826726074E-06,true,0.0008487854689282031,3.6800265400859157E-08
B1-PIECEWISE-REDUCED,exact-v9-5-to-6mwe,26784,240,suction,REGION-4-MIXTURE,SaturatedMixture,267.5165805220603,5.292218956694819,0.0010177871326755921,true,REGION-4-MIXTURE-TABLE,SaturatedMixture,267.51589918136597,5.292530579005517,0.0010174210044099354,true,5.888310994839367E-05,1.2601864418102375E-06
B1-PIECEWISE-REDUCED,exact-v9-5-to-6mwe,26784,240,pressure,REGION-4-MIXTURE,SaturatedMixture,268.18782694339745,5.348529845081322,0.000848616322960396,true,REGION-4-MIXTURE-TABLE,SaturatedMixture,268.18750047683716,5.348675229422383,0.0008484536782994834,true,2.718211270611848E-05,6.03073615119257E-07
B1-PIECEWISE-REDUCED,exact-v9-5-to-6mwe,26784,240,outlet,REGION-4-MIXTURE,SaturatedMixture,273.6084401816131,5.820208972163369,0.22974826723444455,true,REGION-4-MIXTURE-TABLE,SaturatedMixture,273.61176919937134,5.820838275359582,0.2297386405128978,true,0.00010812381466418448,6.0886444791364245E-06
B1-PIECEWISE-REDUCED,exact-v9-5-to-6mwe,26784,240,drum,REGION-4-MIXTURE,SaturatedMixture,268.3765215992928,5.364441516840209,0.03398037809656801,true,REGION-4-MIXTURE-TABLE,SaturatedMixture,268.37688732147217,5.364783746682498,0.03397706109494596,true,6.379598718985113E-05,6.753541420044914E-07
B1-PIECEWISE-REDUCED,exact-v9-5-to-6mwe,26784,240,feedwater-inventory,REGION-4-MIXTURE,SaturatedMixture,47.42490748912098,0.010856878601495297,3.1764548628204034E-06,true,REGION-4-MIXTURE-TABLE,SaturatedMixture,47.42489552497864,0.010866535544936197,3.1727816742594074E-06,true,0.0008894769662037366,3.732089463578389E-08
B1-PIECEWISE-REDUCED,exact-v9-5-to-6mwe,32784,300,suction,REGION-4-MIXTURE,SaturatedMixture,267.45358095765107,5.286957257032961,0.001021500856893961,true,REGION-4-MIXTURE-TABLE,SaturatedMixture,267.4528431892395,5.287294819930779,0.0010211041620251198,true,6.384823659565706E-05,1.3647124021287875E-06
B1-PIECEWISE-REDUCED,exact-v9-5-to-6mwe,32784,300,pressure,REGION-4-MIXTURE,SaturatedMixture,267.90293265581147,5.324574454639616,0.0008365347013581999,true,REGION-4-MIXTURE-TABLE,SaturatedMixture,267.9027590751648,5.324652906024754,0.00083644778964325,true,1.4733831934689398E-05,3.208200828373973E-07
B1-PIECEWISE-REDUCED,exact-v9-5-to-6mwe,32784,300,outlet,REGION-4-MIXTURE,SaturatedMixture,273.68795581161976,5.827356310544289,0.23069780958403946,true,REGION-4-MIXTURE-TABLE,SaturatedMixture,273.6907467842102,5.827883281453042,0.2306897542557585,true,9.04305281281108E-05,5.103838460342601E-06
B1-PIECEWISE-REDUCED,exact-v9-5-to-6mwe,32784,300,drum,REGION-4-MIXTURE,SaturatedMixture,268.495750629902,5.37451412029269,0.034132733862728346,true,REGION-4-MIXTURE-TABLE,SaturatedMixture,268.49620175361633,5.374932173798854,0.03412866808788746,true,7.778442791419899E-05,8.3287594120593E-07
B1-PIECEWISE-REDUCED,exact-v9-5-to-6mwe,32784,300,feedwater-inventory,REGION-4-MIXTURE,SaturatedMixture,47.38116506189107,0.010832899915982661,3.713817922534957E-06,true,REGION-4-MIXTURE-TABLE,SaturatedMixture,47.381152987480164,0.01084296734513524,3.7093831884453877E-06,true,0.000929338333286502,3.7670005977966715E-08
B1-PIECEWISE-REDUCED,exact-v9-5-to-6mwe,38784,360,suction,REGION-4-MIXTURE,SaturatedMixture,267.50258015990255,5.291049306341158,0.0010186135204932804,true,REGION-4-MIXTURE-TABLE,SaturatedMixture,267.50188541412354,5.291366967007094,0.00101824027032858,true,6.0037366417163234E-05,1.2850133422266502E-06
B1-PIECEWISE-REDUCED,exact-v9-5-to-6mwe,38784,360,pressure,REGION-4-MIXTURE,SaturatedMixture,267.7772412359715,5.314031753785513,0.000831091383927257,true,REGION-4-MIXTURE-TABLE,SaturatedMixture,267.77686882019043,5.314199798831055,0.0008309059948687936,true,3.1622890740575696E-05,6.884766612842756E-07
B1-PIECEWISE-REDUCED,exact-v9-5-to-6mwe,38784,360,outlet,REGION-4-MIXTURE,SaturatedMixture,273.8153027057647,5.838816965987687,0.23110873263167547,true,REGION-4-MIXTURE-TABLE,SaturatedMixture,273.81708097457886,5.83915261999733,0.23110360283409495,true,5.7486646969545474E-05,3.2511546991756225E-06
B1-PIECEWISE-REDUCED,exact-v9-5-to-6mwe,38784,360,drum,REGION-4-MIXTURE,SaturatedMixture,268.64694446921374,5.3873079079899195,0.03435419882027748,true,REGION-4-MIXTURE-TABLE,SaturatedMixture,268.6474826335907,5.387799544132253,0.03434939482388776,true,9.125822223834135E-05,9.932953340843237E-07
B1-PIECEWISE-REDUCED,exact-v9-5-to-6mwe,38784,360,feedwater-inventory,REGION-4-MIXTURE,SaturatedMixture,47.339702007174424,0.010810212751176797,4.164322187595139E-06,true,REGION-4-MIXTURE-TABLE,SaturatedMixture,47.33968985080719,0.010820627271939503,4.159210619393461E-06,true,0.0009633964661400453,3.793060169358167E-08
B1-PIECEWISE-REDUCED,exact-v9-5-to-6mwe,44784,420,suction,REGION-4-MIXTURE,SaturatedMixture,267.61186883449557,5.300184997454784,0.0010121460685883431,true,REGION-4-MIXTURE-TABLE,SaturatedMixture,267.6112871170044,5.300450972179849,0.0010118336851422,true,5.018215877230098E-05,1.0757368902996357E-06
B1-PIECEWISE-REDUCED,exact-v9-5-to-6mwe,44784,420,pressure,REGION-4-MIXTURE,SaturatedMixture,267.76519510746004,5.313022190553194,0.0008303266200798215,true,REGION-4-MIXTURE-TABLE,SaturatedMixture,267.76480531692505,5.313198124056545,0.000830132628352763,true,3.3113639853483436E-05,7.206130249649297E-07
B1-PIECEWISE-REDUCED,exact-v9-5-to-6mwe,44784,420,outlet,REGION-4-MIXTURE,SaturatedMixture,273.96743665337556,5.852530896965095,0.23127986056507,true,REGION-4-MIXTURE-TABLE,SaturatedMixture,273.9677765369415,5.852595056319844,0.2312788799532242,true,1.0962668267550142E-05,6.212259803853668E-07
B1-PIECEWISE-REDUCED,exact-v9-5-to-6mwe,44784,420,drum,REGION-4-MIXTURE,SaturatedMixture,268.8133836925032,5.401418612951234,0.03461393489815718,true,REGION-4-MIXTURE-TABLE,SaturatedMixture,268.81398820877075,5.401961868536898,0.034608597717938006,true,0.00010057646418323497,1.1154190223205943E-06
B1-PIECEWISE-REDUCED,exact-v9-5-to-6mwe,44784,420,feedwater-inventory,REGION-4-MIXTURE,SaturatedMixture,47.30439080595971,0.010790923865630127,4.5546867515225665E-06,true,REGION-4-MIXTURE-TABLE,SaturatedMixture,47.30437856912613,0.010801601778918757,4.548980924901076E-06,true,0.0009895272565715416,3.818588209379843E-08
B1-PIECEWISE-REDUCED,exact-v9-5-to-6mwe,50784,480,suction,REGION-4-MIXTURE,SaturatedMixture,267.7532800316808,5.312023754688277,0.0010037211418976318,true,REGION-4-MIXTURE-TABLE,SaturatedMixture,267.7528772354126,5.312207693822766,0.001003505216660038,true,3.4626941253183905E-05,7.446733696395676E-07
B1-PIECEWISE-REDUCED,exact-v9-5-to-6mwe,50784,480,pressure,REGION-4-MIXTURE,SaturatedMixture,267.82730354666717,5.318228950815844,0.000832610772089108,true,REGION-4-MIXTURE-TABLE,SaturatedMixture,267.827006816864,5.318362931663005,0.0008324627524751299,true,2.51927565360289E-05,5.485069358883778E-07
B1-PIECEWISE-REDUCED,exact-v9-5-to-6mwe,50784,480,outlet,REGION-4-MIXTURE,SaturatedMixture,274.1351564466953,5.867678282042666,0.2313532627344529,true,REGION-4-MIXTURE-TABLE,SaturatedMixture,274.1364805698395,5.867933858736816,0.2313494203241338,true,4.3556698555134135E-05,2.4194391690970066E-06
B1-PIECEWISE-REDUCED,exact-v9-5-to-6mwe,50784,480,drum,REGION-4-MIXTURE,SaturatedMixture,268.9904044747353,5.416457373256479,0.03489787790235481,true,REGION-4-MIXTURE-TABLE,SaturatedMixture,268.99104356765747,5.417021517004663,0.03489230344267013,true,0.00010415363941923454,1.1788328574434155E-06
B1-PIECEWISE-REDUCED,exact-v9-5-to-6mwe,50784,480,feedwater-inventory,REGION-4-MIXTURE,SaturatedMixture,47.27766643762595,0.010776345236494038,4.903501824272255E-06,true,REGION-4-MIXTURE-TABLE,SaturatedMixture,47.277654230594635,0.010787202876018327,4.8972774452956254E-06,true,0.0010075437716601378,3.8096059101027434E-08
B1-PIECEWISE-REDUCED,exact-v9-5-to-6mwe,56784,540,suction,REGION-4-MIXTURE,SaturatedMixture,267.9171129286291,5.325764864415422,0.000993880223736067,true,REGION-4-MIXTURE-TABLE,SaturatedMixture,267.916965007782,5.325832474184848,0.000993800916031006,true,1.2694846871178841E-05,2.7338724450946326E-07
B1-PIECEWISE-REDUCED,exact-v9-5-to-6mwe,56784,540,pressure,REGION-4-MIXTURE,SaturatedMixture,267.93677989244463,5.327416208943265,0.0008368562369661239,true,REGION-4-MIXTURE-TABLE,SaturatedMixture,267.9366645812988,5.327468198520173,0.0008367985922739467,true,9.758872757334744E-06,2.131102626978416E-07
B1-PIECEWISE-REDUCED,exact-v9-5-to-6mwe,56784,540,outlet,REGION-4-MIXTURE,SaturatedMixture,274.3160987555981,5.884053386862921,0.23144688595782345,true,REGION-4-MIXTURE-TABLE,SaturatedMixture,274.31889486312866,5.884593241851958,0.23143876659859527,true,9.174882577409295E-05,5.107361966205297E-06
B1-PIECEWISE-REDUCED,exact-v9-5-to-6mwe,56784,540,drum,REGION-4-MIXTURE,SaturatedMixture,269.1776982307432,5.43240365851685,0.0352112038679234,true,REGION-4-MIXTURE-TABLE,SaturatedMixture,269.17833042144775,5.432951417113022,0.03520575676870385,true,0.00010083171844453273,1.165698721663599E-06
B1-PIECEWISE-REDUCED,exact-v9-5-to-6mwe,56784,540,feedwater-inventory,REGION-4-MIXTURE,SaturatedMixture,47.260731856524956,0.010767115875810392,5.216695574315027E-06,true,REGION-4-MIXTURE-TABLE,SaturatedMixture,47.260719776153564,0.01077807870013344,5.210027409649704E-06,true,0.0010181764967978216,3.770276769827543E-08
B1-PIECEWISE-REDUCED,exact-v9-5-to-6mwe,62784,600,suction,REGION-4-MIXTURE,SaturatedMixture,268.08787213563915,5.340115774031272,0.0009835311402743585,true,REGION-4-MIXTURE-TABLE,SaturatedMixture,268.08771228790283,5.340187629521228,0.0009834470193305525,true,1.3455792532774783E-05,2.953373083122102E-07
B1-PIECEWISE-REDUCED,exact-v9-5-to-6mwe,62784,600,pressure,REGION-4-MIXTURE,SaturatedMixture,268.0753684282305,5.33906393925502,0.0008423568271336936,true,REGION-4-MIXTURE-TABLE,SaturatedMixture,268.07522916793823,5.339125863305115,0.0008422878365023969,true,1.159829715457447E-05,2.573055521441724E-07
B1-PIECEWISE-REDUCED,exact-v9-5-to-6mwe,62784,600,outlet,REGION-4-MIXTURE,SaturatedMixture,274.4903302550314,5.899854121915706,0.2314382016979415,true,REGION-4-MIXTURE-TABLE,SaturatedMixture,274.49421739578247,5.900604954462476,0.23142690394421017,true,0.0001272629002775297,7.097981168186496E-06
B1-PIECEWISE-REDUCED,exact-v9-5-to-6mwe,62784,600,drum,REGION-4-MIXTURE,SaturatedMixture,269.35565841197956,5.447588466292596,0.035515781309136615,true,REGION-4-MIXTURE-TABLE,SaturatedMixture,269.35624051094055,5.448083765681723,0.035510826178156804,true,9.092085281247681E-05,1.0729822850033851E-06
B1-PIECEWISE-REDUCED,exact-v9-5-to-6mwe,62784,600,feedwater-inventory,REGION-4-MIXTURE,SaturatedMixture,47.25379668027165,0.010763338159542174,5.515474764911145E-06,true,REGION-4-MIXTURE-TABLE,SaturatedMixture,47.25378477573395,0.010774342166204312,5.508413466373393E-06,true,0.0010223600242813648,3.715479599132748E-08
B1-PIECEWISE-REDUCED,exact-v9-5-to-6mwe,68784,660,suction,REGION-4-MIXTURE,SaturatedMixture,268.258955323696,5.354523505773277,0.0009730675325700006,true,REGION-4-MIXTURE-TABLE,SaturatedMixture,268.2585258483887,5.354716374601969,0.000972841895082387,true,3.601979307475219E-05,7.932549011336578E-07
B1-PIECEWISE-REDUCED,exact-v9-5-to-6mwe,68784,660,pressure,REGION-4-MIXTURE,SaturatedMixture,268.22862460613226,5.351967049157837,0.0008485225363890691,true,REGION-4-MIXTURE-TABLE,SaturatedMixture,268.2282361984253,5.3521400533681565,0.0008483288654494693,true,3.2325350423565924E-05,7.174418961347462E-07
B1-PIECEWISE-REDUCED,exact-v9-5-to-6mwe,68784,660,outlet,REGION-4-MIXTURE,SaturatedMixture,274.66211806535716,5.915464940975604,0.23142992277315888,true,REGION-4-MIXTURE-TABLE,SaturatedMixture,274.66676807403564,5.9163635214254295,0.23141639515812498,true,0.00015190360500677458,8.488327521675929E-06
B1-PIECEWISE-REDUCED,exact-v9-5-to-6mwe,68784,660,drum,REGION-4-MIXTURE,SaturatedMixture,269.5298897445201,5.46248647937816,0.03581717962476893,true,REGION-4-MIXTURE-TABLE,SaturatedMixture,269.53037881851196,5.462895300973773,0.03581306570924482,true,7.484166728035583E-05,9.012200398175219E-07
B1-PIECEWISE-REDUCED,exact-v9-5-to-6mwe,68784,660,feedwater-inventory,REGION-4-MIXTURE,SaturatedMixture,47.25636326000097,0.010764736089308044,5.8023453262868475E-06,true,REGION-4-MIXTURE-TABLE,SaturatedMixture,47.25635153055191,0.010775725117305214,5.794939641955291E-06,true,0.001020835801825623,3.6608040293370906E-08
B1-PIECEWISE-REDUCED,exact-v9-5-to-6mwe,74784,720,suction,REGION-4-MIXTURE,SaturatedMixture,268.4279694974422,5.368786123859572,0.0009626366151255175,true,REGION-4-MIXTURE-TABLE,SaturatedMixture,268.4273281097412,5.3690740463071185,0.0009623000198814731,true,5.3628965822737395E-05,1.1842942975717978E-06
B1-PIECEWISE-REDUCED,exact-v9-5-to-6mwe,74784,720,pressure,REGION-4-MIXTURE,SaturatedMixture,268.3879977881908,5.3654104108034435,0.0008550035030612451,true,REGION-4-MIXTURE-TABLE,SaturatedMixture,268.38739824295044,5.365677765273804,0.0008547027023670287,true,4.982926745404398E-05,1.1071157384758566E-06
B1-PIECEWISE-REDUCED,exact-v9-5-to-6mwe,74784,720,outlet,REGION-4-MIXTURE,SaturatedMixture,274.83064057230956,5.930809657975048,0.231426994562788,true,REGION-4-MIXTURE-TABLE,SaturatedMixture,274.8357377052307,5.931795041456816,0.2314121538654136,true,0.00016614653623946694,9.301666051244488E-06
B1-PIECEWISE-REDUCED,exact-v9-5-to-6mwe,74784,720,drum,REGION-4-MIXTURE,SaturatedMixture,269.69983050823214,5.4770475685006454,0.03611495197770573,true,REGION-4-MIXTURE-TABLE,SaturatedMixture,269.7001838684082,5.4773382660191,0.03611200936617302,true,5.307558768086609E-05,6.509354082930488E-07
B1-PIECEWISE-REDUCED,exact-v9-5-to-6mwe,74784,720,feedwater-inventory,REGION-4-MIXTURE,SaturatedMixture,47.26746165007364,0.01077078280538208,6.080759374465404E-06,true,REGION-4-MIXTURE-TABLE,SaturatedMixture,47.26745021343231,0.010781705016748905,6.073056182835939E-06,true,0.0010140591973841818,3.569294030065944E-08
B1-PIECEWISE-REDUCED,exact-v9-5-to-6mwe,80784,780,suction,REGION-4-MIXTURE,SaturatedMixture,268.59354792833335,5.382786922488396,0.0009523267159962462,true,REGION-4-MIXTURE-TABLE,SaturatedMixture,268.59275102615356,5.383144283917248,0.0009519092349443507,true,6.638966654215081E-05,1.4709952390455623E-06
B1-PIECEWISE-REDUCED,exact-v9-5-to-6mwe,80784,780,pressure,REGION-4-MIXTURE,SaturatedMixture,268.5486411511898,5.378986992671804,0.000861599623052612,true,REGION-4-MIXTURE-TABLE,SaturatedMixture,268.54787731170654,5.379327498199693,0.0008612145356653508,true,6.330290970274338E-05,1.4100819630275863E-06
B1-PIECEWISE-REDUCED,exact-v9-5-to-6mwe,80784,780,outlet,REGION-4-MIXTURE,SaturatedMixture,274.9943043649197,5.945741039133511,0.23142232118333478,true,REGION-4-MIXTURE-TABLE,SaturatedMixture,274.9995503425598,5.946755587777829,0.2314070354698818,true,0.00017063451597379027,9.570431724556973E-06
B1-PIECEWISE-REDUCED,exact-v9-5-to-6mwe,80784,780,drum,REGION-4-MIXTURE,SaturatedMixture,269.86491042971613,5.491220523864266,0.036407564205610275,true,REGION-4-MIXTURE-TABLE,SaturatedMixture,269.8650884628296,5.491364417152397,0.03640609989553245,true,2.6204245031806686E-05,3.2786045104358177E-07
B1-PIECEWISE-REDUCED,exact-v9-5-to-6mwe,80784,780,feedwater-inventory,REGION-4-MIXTURE,SaturatedMixture,47.28584959805005,0.010780807500867904,6.353411934413006E-06,true,REGION-4-MIXTURE-TABLE,SaturatedMixture,47.28583836555481,0.010791612435659126,6.345458432052096E-06,true,0.001002237985452545,3.505380329260954E-08
B1-PIECEWISE-REDUCED,exact-v9-5-to-6mwe,86784,840,suction,REGION-4-MIXTURE,SaturatedMixture,268.75488118529313,5.396455562230628,0.0009421939615095652,true,REGION-4-MIXTURE-TABLE,SaturatedMixture,268.75398302078247,5.396858057824658,0.0009417240927193018,true,7.458517713869181E-05,1.6574209641629118E-06
B1-PIECEWISE-REDUCED,exact-v9-5-to-6mwe,86784,840,pressure,REGION-4-MIXTURE,SaturatedMixture,268.70778965353986,5.392463089971425,0.0008681932656547052,true,REGION-4-MIXTURE-TABLE,SaturatedMixture,268.70691204071045,5.392854381136331,0.0008677484756190647,true,7.25626042083984E-05,1.619636823850313E-06
B1-PIECEWISE-REDUCED,exact-v9-5-to-6mwe,86784,840,outlet,REGION-4-MIXTURE,SaturatedMixture,275.1527390658854,5.960222683927252,0.23141690010609517,true,REGION-4-MIXTURE-TABLE,SaturatedMixture,275.15786123275757,5.961213675044721,0.23140196295705825,true,0.00016626746516402354,9.341858989998964E-06
B1-PIECEWISE-REDUCED,exact-v9-5-to-6mwe,86784,840,drum,REGION-4-MIXTURE,SaturatedMixture,270.02492635846113,5.50498542077835,0.03669383447269851,true,REGION-4-MIXTURE-TABLE,SaturatedMixture,270.0249590873718,5.5050137200203135,0.036693551659973074,true,5.140657022689149E-06,6.025482603863608E-08
B1-PIECEWISE-REDUCED,exact-v9-5-to-6mwe,86784,840,feedwater-inventory,REGION-4-MIXTURE,SaturatedMixture,47.31016860008242,0.010794077984110315,6.6220392982588265E-06,true,REGION-4-MIXTURE-TABLE,SaturatedMixture,47.310157775878906,0.010804715578602762,6.613885035656949E-06,true,0.0009855028385107798,3.377706365578415E-08
B1-PIECEWISE-REDUCED,exact-v9-5-to-6mwe,92784,900,suction,REGION-4-MIXTURE,SaturatedMixture,268.91260992884634,5.409844422746818,0.0009322039036155855,true,REGION-4-MIXTURE-TABLE,SaturatedMixture,268.91166067123413,5.4102695128743985,0.0009317080179238155,true,7.857714462054983E-05,1.7511955165663617E-06
B1-PIECEWISE-REDUCED,exact-v9-5-to-6mwe,92784,900,pressure,REGION-4-MIXTURE,SaturatedMixture,268.8640391409398,5.405718774474441,0.0008747158221898253,true,REGION-4-MIXTURE-TABLE,SaturatedMixture,268.86309719085693,5.4061388898452485,0.0008742358610302406,true,7.771683809949246E-05,1.7378702668662937E-06
B1-PIECEWISE-REDUCED,exact-v9-5-to-6mwe,92784,900,outlet,REGION-4-MIXTURE,SaturatedMixture,275.3103550732136,5.974656203823785,0.23143107905029692,true,REGION-4-MIXTURE-TABLE,SaturatedMixture,275.3150932788849,5.975573234524307,0.23141725134697366,true,0.00015348677300218593,8.63910331432285E-06
B1-PIECEWISE-REDUCED,exact-v9-5-to-6mwe,92784,900,drum,REGION-4-MIXTURE,SaturatedMixture,270.18390763401965,5.5186873898978055,0.0369787179253488,true,REGION-4-MIXTURE-TABLE,SaturatedMixture,270.1841320991516,5.5188796626404315,0.03697678382037056,true,3.4840303326108505E-05,4.131255730784903E-07
B1-PIECEWISE-REDUCED,exact-v9-5-to-6mwe,92784,900,feedwater-inventory,REGION-4-MIXTURE,SaturatedMixture,47.339061117172264,0.010809862398688596,6.885840623009597E-06,true,REGION-4-MIXTURE-TABLE,SaturatedMixture,47.33905065059662,0.01082028287494891,6.877540175802598E-06,true,0.0009639786221126095,3.265813693862498E-08
B1-PIECEWISE-REDUCED,exact-v9-5-to-6mwe,98784,960,suction,REGION-4-MIXTURE,SaturatedMixture,269.0666279315948,5.422942757787902,0.0009223685577617101,true,REGION-4-MIXTURE-TABLE,SaturatedMixture,269.06567430496216,5.4233693207411084,0.0009218713041038097,true,7.86589444622418E-05,1.7587557878112983E-06
B1-PIECEWISE-REDUCED,exact-v9-5-to-6mwe,98784,960,pressure,REGION-4-MIXTURE,SaturatedMixture,269.0172909379006,5.418744300386585,0.0008811686258817958,true,REGION-4-MIXTURE-TABLE,SaturatedMixture,269.01633167266846,5.419172426043938,0.0008806770970388289,true,7.900827823188718E-05,1.7693159439680533E-06
B1-PIECEWISE-REDUCED,exact-v9-5-to-6mwe,98784,960,outlet,REGION-4-MIXTURE,SaturatedMixture,275.46072360575204,5.988450904262886,0.23142747359107105,true,REGION-4-MIXTURE-TABLE,SaturatedMixture,275.464852809906,5.98925035026693,0.23141541469982166,true,0.0001334979641354409,7.526655926136219E-06
B1-PIECEWISE-REDUCED,exact-v9-5-to-6mwe,98784,960,drum,REGION-4-MIXTURE,SaturatedMixture,270.3355482459067,5.531780945588854,0.037255479598444954,true,REGION-4-MIXTURE-TABLE,SaturatedMixture,270.3359303474426,5.532103171934514,0.03725222188850588,true,5.8250019086004756E-05,7.030573989810247E-07
B1-PIECEWISE-REDUCED,exact-v9-5-to-6mwe,98784,960,feedwater-inventory,REGION-4-MIXTURE,SaturatedMixture,47.37124681919806,0.010827469274392744,7.147105814978754E-06,true,REGION-4-MIXTURE-TABLE,SaturatedMixture,47.371236741542816,0.010837624535163709,7.138714102687158E-06,true,0.0009379163785745012,3.144145777291246E-08
B1-PIECEWISE-REDUCED,exact-v9-5-to-6mwe,104784,1020,suction,REGION-4-MIXTURE,SaturatedMixture,269.2148237466812,5.43556879606626,0.0009128296651076298,true,REGION-4-MIXTURE-TABLE,SaturatedMixture,269.2139091491699,5.435977606977001,0.0009123534475449288,true,7.521032776501078E-05,1.686314213651772E-06
B1-PIECEWISE-REDUCED,exact-v9-5-to-6mwe,104784,1020,pressure,REGION-4-MIXTURE,SaturatedMixture,269.16647517681133,5.431447113618504,0.0008875015129017395,true,REGION-4-MIXTURE-TABLE,SaturatedMixture,269.16554164886475,5.4318636532597,0.0008870209551228994,true,7.669036123940842E-05,1.721371172213599E-06
B1-PIECEWISE-REDUCED,exact-v9-5-to-6mwe,104784,1020,outlet,REGION-4-MIXTURE,SaturatedMixture,275.6050840735436,6.001717297026261,0.23141215946755217,true,REGION-4-MIXTURE-TABLE,SaturatedMixture,275.6084055900574,6.002360620951664,0.2314024508653684,true,0.00010718997472971135,6.052821395516842E-06
B1-PIECEWISE-REDUCED,exact-v9-5-to-6mwe,104784,1020,drum,REGION-4-MIXTURE,SaturatedMixture,270.48048021793363,5.544317393203595,0.0375213485017539,true,REGION-4-MIXTURE-TABLE,SaturatedMixture,270.48098826408386,5.544739514780899,0.03751706044116826,true,7.613589687717168E-05,9.345431662083931E-07
B1-PIECEWISE-REDUCED,exact-v9-5-to-6mwe,104784,1020,feedwater-inventory,REGION-4-MIXTURE,SaturatedMixture,47.405578786134754,0.01084627739350248,7.4075547949395155E-06,true,REGION-4-MIXTURE-TABLE,SaturatedMixture,47.405569195747375,0.010856122642192332,7.399126303001866E-06,true,0.000907707624714558,2.991801738339056E-08
B1-PIECEWISE-REDUCED,exact-v9-5-to-6mwe,110784,1080,suction,REGION-4-MIXTURE,SaturatedMixture,269.35622538924224,5.447636896492387,0.000903658825987358,true,REGION-4-MIXTURE-TABLE,SaturatedMixture,269.35538721084595,5.448011187254599,0.0009032231202848427,true,6.87069952207191E-05,1.5450115723405827E-06
B1-PIECEWISE-REDUCED,exact-v9-5-to-6mwe,110784,1080,pressure,REGION-4-MIXTURE,SaturatedMixture,269.3115269780159,5.4438198454297755,0.0008932603238042413,true,REGION-4-MIXTURE-TABLE,SaturatedMixture,269.3106598854065,5.444206852823511,0.0008928117977377671,true,7.109114642363109E-05,1.5984407488089391E-06
B1-PIECEWISE-REDUCED,exact-v9-5-to-6mwe,110784,1080,outlet,REGION-4-MIXTURE,SaturatedMixture,275.7495581537486,6.0150165852960455,0.2291393979467038,true,REGION-4-MIXTURE-TABLE,SaturatedMixture,275.7518391609192,6.015460004588076,0.2291326884389393,true,7.371871477696918E-05,4.155600303780998E-06
B1-PIECEWISE-REDUCED,exact-v9-5-to-6mwe,110784,1080,drum,REGION-4-MIXTURE,SaturatedMixture,270.60145553350435,5.554798218168749,0.0379295933577601,true,REGION-4-MIXTURE-TABLE,SaturatedMixture,270.6020550727844,5.555285934703926,0.03792460565343505,true,8.780094542089881E-05,1.102598023366995E-06
B1-PIECEWISE-REDUCED,exact-v9-5-to-6mwe,110784,1080,feedwater-inventory,REGION-4-MIXTURE,SaturatedMixture,47.44107317328451,0.010865751823740721,7.67700764817132E-06,true,REGION-4-MIXTURE-TABLE,SaturatedMixture,47.4410640001297,0.010875247016072283,7.66858610629603E-06,true,0.0008738642742434036,2.8613257123466492E-08
B1-PIECEWISE-REDUCED,exact-v9-5-to-6mwe,116784,1140,suction,REGION-4-MIXTURE,SaturatedMixture,269.3710194945336,5.448900699133983,0.0009026954062697059,true,REGION-4-MIXTURE-TABLE,SaturatedMixture,269.3701915740967,5.449270389504939,0.0009022650883805661,true,6.784678073042848E-05,1.5260614928357587E-06
B1-PIECEWISE-REDUCED,exact-v9-5-to-6mwe,116784,1140,pressure,REGION-4-MIXTURE,SaturatedMixture,269.4265326142312,5.453644964372609,0.0008976179247981005,true,REGION-4-MIXTURE-TABLE,SaturatedMixture,269.4257469177246,5.453995713555017,0.0008972099785713867,true,6.431463446907559E-05,1.4480842044215023E-06
B1-PIECEWISE-REDUCED,exact-v9-5-to-6mwe,116784,1140,outlet,REGION-4-MIXTURE,SaturatedMixture,275.8048092722893,6.0201085661169715,0.2136080753250367,true,REGION-4-MIXTURE-TABLE,SaturatedMixture,275.8065605163574,6.020457551701229,0.21360271707798373,true,5.796998184081823E-05,3.1901425009232597E-06
B1-PIECEWISE-REDUCED,exact-v9-5-to-6mwe,116784,1140,drum,REGION-4-MIXTURE,SaturatedMixture,270.50527734756463,5.54646448755082,0.03790683792601092,true,REGION-4-MIXTURE-TABLE,SaturatedMixture,270.50581455230713,5.546902192260738,0.037902365964430945,true,7.891598529120915E-05,9.881348804720826E-07
B1-PIECEWISE-REDUCED,exact-v9-5-to-6mwe,116784,1140,feedwater-inventory,REGION-4-MIXTURE,SaturatedMixture,47.476804162561905,0.010885386399457025,8.422460058228179E-06,true,REGION-4-MIXTURE-TABLE,SaturatedMixture,47.47679579257965,0.010894499077609318,8.413608298513225E-06,true,0.0008371478804599814,2.610506091595893E-08
B1-PIECEWISE-REDUCED,exact-v9-5-to-6mwe,122784,1200,suction,REGION-4-MIXTURE,SaturatedMixture,269.38479275703435,5.450077496381163,0.0009017977962849385,true,REGION-4-MIXTURE-TABLE,SaturatedMixture,269.3839750289917,5.450442757213521,0.0009013726733946052,true,6.70193832290303E-05,1.5072361322534028E-06
B1-PIECEWISE-REDUCED,exact-v9-5-to-6mwe,122784,1200,pressure,REGION-4-MIXTURE,SaturatedMixture,269.4921368777751,5.4592557049658925,0.0008997531618703611,true,REGION-4-MIXTURE-TABLE,SaturatedMixture,269.49140882492065,5.459580663066362,0.0008993744887105485,true,5.9524249830170773E-05,1.3416813862977592E-06
B1-PIECEWISE-REDUCED,exact-v9-5-to-6mwe,122784,1200,outlet,REGION-4-MIXTURE,SaturatedMixture,275.95865174531946,6.034304135780119,0.20526297604318353,true,REGION-4-MIXTURE-TABLE,SaturatedMixture,275.9590435028076,6.034383392949798,0.20526175035915592,true,1.3134434044991894E-05,7.134425708183577E-07
B1-PIECEWISE-REDUCED,exact-v9-5-to-6mwe,122784,1200,drum,REGION-4-MIXTURE,SaturatedMixture,270.5621895730495,5.551394713261203,0.03785637800639095,true,REGION-4-MIXTURE-TABLE,SaturatedMixture,270.5627632141113,5.551863126705844,0.03785159403566767,true,8.437761478605221E-05,1.055045431767911E-06
B1-PIECEWISE-REDUCED,exact-v9-5-to-6mwe,122784,1200,feedwater-inventory,REGION-4-MIXTURE,SaturatedMixture,47.51263943389063,0.010905108883089832,9.042224188550537E-06,true,REGION-4-MIXTURE-TABLE,SaturatedMixture,47.51263177394867,0.010913807275470455,9.033162621360535E-06,true,0.0007976437900689619,2.3887852887056817E-08
B1-PIECEWISE-REDUCED,exact-v9-5-to-6mwe,128784,1260,suction,REGION-4-MIXTURE,SaturatedMixture,269.40271410346065,5.4516089993576555,0.0009006288867409062,true,REGION-4-MIXTURE-TABLE,SaturatedMixture,269.40190982818604,5.451968222316102,0.0009002108294242584,true,6.589301589478268E-05,1.48239102618225E-06
B1-PIECEWISE-REDUCED,exact-v9-5-to-6mwe,128784,1260,pressure,REGION-4-MIXTURE,SaturatedMixture,269.53814047574997,5.463192745969509,0.0009008113784521002,true,REGION-4-MIXTURE-TABLE,SaturatedMixture,269.53745794296265,5.4634974240970555,0.0009004559203528227,true,5.576924368477427E-05,1.2576887836993317E-06
B1-PIECEWISE-REDUCED,exact-v9-5-to-6mwe,128784,1260,outlet,REGION-4-MIXTURE,SaturatedMixture,276.1304154813289,6.050183544355614,0.19624190616993337,true,REGION-4-MIXTURE-TABLE,SaturatedMixture,276.131543636322,6.0504213958459125,0.19623826458535298,true,3.9313103239798005E-05,2.0538780581442584E-06
B1-PIECEWISE-REDUCED,exact-v9-5-to-6mwe,128784,1260,drum,REGION-4-MIXTURE,SaturatedMixture,270.61141203641887,5.555661483615154,0.037969842517482685,true,REGION-4-MIXTURE-TABLE,SaturatedMixture,270.6120185852051,5.556153880155075,0.03796480374634647,true,8.862968727908714E-05,1.1154686095455791E-06
B1-PIECEWISE-REDUCED,exact-v9-5-to-6mwe,128784,1260,feedwater-inventory,REGION-4-MIXTURE,SaturatedMixture,47.54827588349582,0.010924752374610679,9.664133970348962E-06,true,REGION-4-MIXTURE-TABLE,SaturatedMixture,47.54826891422272,0.0109330083390197,9.654949562755712E-06,true,0.0007557118116662138,2.1731557747017792E-08
B1-PIECEWISE-REDUCED,exact-v9-5-to-6mwe,134784,1320,suction,REGION-4-MIXTURE,SaturatedMixture,269.4203418850898,5.453115735746688,0.0008994780573275343,true,REGION-4-MIXTURE-TABLE,SaturatedMixture,269.4195513725281,5.453468744287817,0.0008990672667003772,true,6.473520061478174E-05,1.4569770971273764E-06
B1-PIECEWISE-REDUCED,exact-v9-5-to-6mwe,134784,1320,pressure,REGION-4-MIXTURE,SaturatedMixture,269.5759793758393,5.466432667326818,0.0009015073195845932,true,REGION-4-MIXTURE-TABLE,SaturatedMixture,269.57533740997314,5.466719306004,0.0009011726073307846,true,5.243614887923458E-05,1.1828544985410648E-06
B1-PIECEWISE-REDUCED,exact-v9-5-to-6mwe,134784,1320,outlet,REGION-4-MIXTURE,SaturatedMixture,276.3073304116723,6.066572512561029,0.1878979666225404,true,REGION-4-MIXTURE-TABLE,SaturatedMixture,276.3096618652344,6.067073055566877,0.18789026394854066,true,8.25083693983083E-05,4.2431931162545735E-06
B1-PIECEWISE-REDUCED,exact-v9-5-to-6mwe,134784,1320,drum,REGION-4-MIXTURE,SaturatedMixture,270.6571163117886,5.559625526918188,0.03805547981985691,true,REGION-4-MIXTURE-TABLE,SaturatedMixture,270.6577501296997,5.5601376646220615,0.03805023126475044,true,9.211730203663436E-05,1.1655197073891607E-06
B1-PIECEWISE-REDUCED,exact-v9-5-to-6mwe,134784,1320,feedwater-inventory,REGION-4-MIXTURE,SaturatedMixture,47.58362434357406,0.010944267139681222,1.0304324491348649E-05,true,REGION-4-MIXTURE-TABLE,SaturatedMixture,47.58361804485321,0.010952054224812645,1.0295094442390854E-05,true,0.0007115218435402684,1.9638479940789794E-08
B1-PIECEWISE-REDUCED,exact-v9-5-to-6mwe,140784,1380,suction,REGION-4-MIXTURE,SaturatedMixture,269.43838264346107,5.454658100578438,0.0008982991698660478,true,REGION-4-MIXTURE-TABLE,SaturatedMixture,269.43760681152344,5.4550044705483005,0.0008978961381970244,true,6.349984975694963E-05,1.4298720032503176E-06
B1-PIECEWISE-REDUCED,exact-v9-5-to-6mwe,140784,1380,pressure,REGION-4-MIXTURE,SaturatedMixture,269.6106666266918,5.469404020297653,0.0009020375812201814,true,REGION-4-MIXTURE-TABLE,SaturatedMixture,269.6100640296936,5.469673018835693,0.0009017232130288664,true,4.9182422260575096E-05,1.1102444138724734E-06
B1-PIECEWISE-REDUCED,exact-v9-5-to-6mwe,140784,1380,outlet,REGION-4-MIXTURE,SaturatedMixture,276.49290496110916,6.083800092245996,0.18024202744427067,true,REGION-4-MIXTURE-TABLE,SaturatedMixture,276.49613213539124,6.084505518856506,0.18023113084003514,true,0.00011595164203529937,5.8714016917990025E-06
B1-PIECEWISE-REDUCED,exact-v9-5-to-6mwe,140784,1380,drum,REGION-4-MIXTURE,SaturatedMixture,270.7052416622638,5.563801889778611,0.03814188261006413,true,REGION-4-MIXTURE-TABLE,SaturatedMixture,270.7059006690979,5.564332173533828,0.0381364393252983,true,9.530960406610035E-05,1.2117320632676907E-06
B1-PIECEWISE-REDUCED,exact-v9-5-to-6mwe,140784,1380,feedwater-inventory,REGION-4-MIXTURE,SaturatedMixture,47.61869406104091,0.01096365760132372,1.0950977071224791E-05,true,REGION-4-MIXTURE-TABLE,SaturatedMixture,47.61868840456009,0.010970949910612583,1.094179636436765E-05,true,0.0006651347163543475,1.763414238365237E-08
B1-PIECEWISE-REDUCED,exact-v9-5-to-6mwe,146784,1440,suction,REGION-4-MIXTURE,SaturatedMixture,269.45672143101694,5.456226286297494,0.0008970996694808129,true,REGION-4-MIXTURE-TABLE,SaturatedMixture,269.455961227417,5.456565626634885,0.0008967048530732846,true,6.219323018966136E-05,1.4010213473722952E-06
B1-PIECEWISE-REDUCED,exact-v9-5-to-6mwe,146784,1440,pressure,REGION-4-MIXTURE,SaturatedMixture,269.644376009703,5.4722927893097415,0.0009025070189356952,true,REGION-4-MIXTURE-TABLE,SaturatedMixture,269.64381408691406,5.47254366901371,0.0009022136052942449,true,4.584544607312358E-05,1.0352406248052406E-06
B1-PIECEWISE-REDUCED,exact-v9-5-to-6mwe,146784,1440,outlet,REGION-4-MIXTURE,SaturatedMixture,276.68489103913305,6.101662166072096,0.1731689637831605,true,REGION-4-MIXTURE-TABLE,SaturatedMixture,276.68868589401245,6.102506706529054,0.17315588239853263,true,0.00013841153999874923,6.901808054105321E-06
B1-PIECEWISE-REDUCED,exact-v9-5-to-6mwe,146784,1440,drum,REGION-4-MIXTURE,SaturatedMixture,270.7539018630981,5.568027102484115,0.03823020734751475,true,REGION-4-MIXTURE-TABLE,SaturatedMixture,270.75458335876465,5.56857303933114,0.038224594468437255,true,9.804852544289482E-05,1.2529707255127905E-06
B1-PIECEWISE-REDUCED,exact-v9-5-to-6mwe,146784,1440,feedwater-inventory,REGION-4-MIXTURE,SaturatedMixture,47.65354026705023,0.010982953700612195,1.160427986274331E-05,true,REGION-4-MIXTURE-TABLE,SaturatedMixture,47.65353524684906,0.010989725166655457,1.1595250500046719E-05,true,0.000616543256745654,1.564883345090955E-08
B1-PIECEWISE-REDUCED,exact-v9-5-to-6mwe,152784,1500,suction,REGION-4-MIXTURE,SaturatedMixture,269.475270628929,5.457812814788884,0.0008958852387003936,true,REGION-4-MIXTURE-TABLE,SaturatedMixture,269.47452688217163,5.458144749887277,0.0008954990730959766,true,6.0818336879040986E-05,1.3706452641462842E-06
B1-PIECEWISE-REDUCED,exact-v9-5-to-6mwe,152784,1500,pressure,REGION-4-MIXTURE,SaturatedMixture,269.67791057229067,5.475167732663439,0.0009029574412277423,true,REGION-4-MIXTURE-TABLE,SaturatedMixture,269.6773910522461,5.475399596660827,0.0009026860583028416,true,4.234829117736174E-05,9.570621452186856E-07
B1-PIECEWISE-REDUCED,exact-v9-5-to-6mwe,152784,1500,outlet,REGION-4-MIXTURE,SaturatedMixture,276.88175147771847,6.1200192965391,0.16663045216128056,true,REGION-4-MIXTURE-TABLE,SaturatedMixture,276.88578271865845,6.120932609796387,0.16661627923574082,true,0.00014923372182892752,7.329105872797256E-06
B1-PIECEWISE-REDUCED,exact-v9-5-to-6mwe,152784,1500,drum,REGION-4-MIXTURE,SaturatedMixture,270.8030768454074,5.572299502638413,0.03831945471321713,true,REGION-4-MIXTURE-TABLE,SaturatedMixture,270.8037781715393,5.572858517400025,0.03831369877258266,true,0.00010032030068514206,1.2893136591048444E-06
B1-PIECEWISE-REDUCED,exact-v9-5-to-6mwe,152784,1500,feedwater-inventory,REGION-4-MIXTURE,SaturatedMixture,47.68824782669549,0.011002202013082888,1.2263708083947949E-05,true,REGION-4-MIXTURE-TABLE,SaturatedMixture,47.68824350833893,0.011008425756248956,1.2254940784692052E-05,true,0.0005656815934362514,1.3459606479911948E-08
B1-PIECEWISE-REDUCED,exact-v9-5-to-6mwe,158784,1560,suction,REGION-4-MIXTURE,SaturatedMixture,269.49399043321625,5.459414292482041,0.0008946584465405691,true,REGION-4-MIXTURE-TABLE,SaturatedMixture,269.4932641983032,5.45973847399676,0.0008942813435202923,true,5.9380273661447626E-05,1.338326648474797E-06
B1-PIECEWISE-REDUCED,exact-v9-5-to-6mwe,158784,1560,pressure,REGION-4-MIXTURE,SaturatedMixture,269.7115400552751,5.4780519716317,0.0009034021284856428,true,REGION-4-MIXTURE-TABLE,SaturatedMixture,269.71106576919556,5.478263838684898,0.0009031539771650861,true,3.8675619416278765E-05,8.736778065316751E-07
B1-PIECEWISE-REDUCED,exact-v9-5-to-6mwe,158784,1560,outlet,REGION-4-MIXTURE,SaturatedMixture,277.0836132824419,6.138886563339894,0.1605726439266025,true,REGION-4-MIXTURE-TABLE,SaturatedMixture,277.0875554084778,6.1397956435935,0.16055852249227856,true,0.00014808552727369465,7.16445876939074E-06
B1-PIECEWISE-REDUCED,exact-v9-5-to-6mwe,158784,1560,drum,REGION-4-MIXTURE,SaturatedMixture,270.85275713801377,5.576618346228665,0.038409793331354934,true,REGION-4-MIXTURE-TABLE,SaturatedMixture,270.8534746170044,5.5771876938950715,0.038403921444903705,true,0.00010209550502795456,1.3188885188701295E-06
B1-PIECEWISE-REDUCED,exact-v9-5-to-6mwe,158784,1560,feedwater-inventory,REGION-4-MIXTURE,SaturatedMixture,47.72291185855869,0.011021455097793323,1.2929149381491053E-05,true,REGION-4-MIXTURE-TABLE,SaturatedMixture,47.72290813922882,0.011027102837953875,1.2920764121931905E-05,true,0.0005124314448899457,1.1591286551885418E-08
B1-PIECEWISE-REDUCED,exact-v9-5-to-6mwe,164784,1620,suction,REGION-4-MIXTURE,SaturatedMixture,269.512844836712,5.4610276477900594,0.0008934216226146621,true,REGION-4-MIXTURE-TABLE,SaturatedMixture,269.5121364593506,5.461343676002236,0.0008930540299943724,true,5.786973305367616E-05,1.3053728814752065E-06
B1-PIECEWISE-REDUCED,exact-v9-5-to-6mwe,164784,1620,pressure,REGION-4-MIXTURE,SaturatedMixture,269.74532633423803,5.480950826336363,0.0009038475922783309,true,REGION-4-MIXTURE-TABLE,SaturatedMixture,269.7448992729187,5.481141586501779,0.0009036239934874783,true,3.480421033869587E-05,7.866365735952847E-07
B1-PIECEWISE-REDUCED,exact-v9-5-to-6mwe,164784,1620,outlet,REGION-4-MIXTURE,SaturatedMixture,277.28852211534956,6.158084017178993,0.15494042075489814,true,REGION-4-MIXTURE-TABLE,SaturatedMixture,277.29205799102783,6.158913885659322,0.15492752574507634,true,0.0001347608246353735,6.423743136070152E-06
B1-PIECEWISE-REDUCED,exact-v9-5-to-6mwe,164784,1620,drum,REGION-4-MIXTURE,SaturatedMixture,270.9028086423874,5.580972044291628,0.038501088665817675,true,REGION-4-MIXTURE-TABLE,SaturatedMixture,270.90353870391846,5.581548896518035,0.038495129392310035,true,0.0001033605296404389,1.3418946092125325E-06
B1-PIECEWISE-REDUCED,exact-v9-5-to-6mwe,164784,1620,feedwater-inventory,REGION-4-MIXTURE,SaturatedMixture,47.757624070346424,0.011040763932517954,1.360074401414986E-05,true,REGION-4-MIXTURE-TABLE,SaturatedMixture,47.75762093067169,0.011045805868257114,1.3592870926581079E-05,true,0.0004566654780391336,9.783733686138767E-09
B1-PIECEWISE-REDUCED,exact-v9-5-to-6mwe,170784,1680,suction,REGION-4-MIXTURE,SaturatedMixture,269.53180425763105,5.4626503564161615,0.0008921766834385507,true,REGION-4-MIXTURE-TABLE,SaturatedMixture,269.53111505508423,5.462957922427521,0.0008918189766376985,true,5.630344087437097E-05,1.2699938369337022E-06
B1-PIECEWISE-REDUCED,exact-v9-5-to-6mwe,170784,1680,pressure,REGION-4-MIXTURE,SaturatedMixture,269.77926023006455,5.483863525360821,0.000904294163918309,true,REGION-4-MIXTURE-TABLE,SaturatedMixture,269.7788825035095,5.48403206951068,0.0009040964443303832,true,3.073456315596513E-05,6.957196502352934E-07
B1-PIECEWISE-REDUCED,exact-v9-5-to-6mwe,170784,1680,outlet,REGION-4-MIXTURE,SaturatedMixture,277.4965558946134,6.1776211021776435,0.14968873376737082,true,REGION-4-MIXTURE-TABLE,SaturatedMixture,277.4993805885315,6.178295761210061,0.14967825318907454,true,0.00010921016703004423,5.129776783086013E-06
B1-PIECEWISE-REDUCED,exact-v9-5-to-6mwe,170784,1680,drum,REGION-4-MIXTURE,SaturatedMixture,270.9531313061716,5.585351944806585,0.03859334277462345,true,REGION-4-MIXTURE-TABLE,SaturatedMixture,270.95387077331543,5.585933443737481,0.038587325921991676,true,0.00010411142156167793,1.3590569531467144E-06
B1-PIECEWISE-REDUCED,exact-v9-5-to-6mwe,170784,1680,feedwater-inventory,REGION-4-MIXTURE,SaturatedMixture,47.79246309995665,0.011060172515496517,1.4278729463527637E-05,true,REGION-4-MIXTURE-TABLE,SaturatedMixture,47.792460560798645,0.011064577238433161,1.4271509539266228E-05,true,0.00039825083473811956,7.911567635302382E-09
B1-PIECEWISE-REDUCED,exact-v9-5-to-6mwe,176784,1740,suction,REGION-4-MIXTURE,SaturatedMixture,269.55084462165814,5.464280363346507,0.0008909251908592374,true,REGION-4-MIXTURE-TABLE,SaturatedMixture,269.5501751899719,5.464579104259925,0.0008905777839374782,true,5.467159324794967E-05,1.233518784526971E-06
B1-PIECEWISE-REDUCED,exact-v9-5-to-6mwe,176784,1740,pressure,REGION-4-MIXTURE,SaturatedMixture,269.81331082582483,5.486787429095725,0.000904741772626453,true,REGION-4-MIXTURE-TABLE,SaturatedMixture,269.81298542022705,5.486932732561607,0.0009045711940895627,true,2.648243034019493E-05,5.993141549155292E-07
B1-PIECEWISE-REDUCED,exact-v9-5-to-6mwe,176784,1740,outlet,REGION-4-MIXTURE,SaturatedMixture,277.70717749595633,6.197449399517608,0.14477843414318856,true,REGION-4-MIXTURE-TABLE,SaturatedMixture,277.7090001106262,6.197892368329429,0.1447715579243587,true,7.147598685599243E-05,3.308688248696067E-06
B1-PIECEWISE-REDUCED,exact-v9-5-to-6mwe,176784,1740,drum,REGION-4-MIXTURE,SaturatedMixture,271.00374035835273,5.589759417934446,0.03868630785629731,true,REGION-4-MIXTURE-TABLE,SaturatedMixture,271.0044856071472,5.590342623244677,0.03868026377875601,true,0.00010433459951060386,1.3695555855164535E-06
B1-PIECEWISE-REDUCED,exact-v9-5-to-6mwe,176784,1740,feedwater-inventory,REGION-4-MIXTURE,SaturatedMixture,47.827488413453125,0.011079714406014254,1.4963381640703339E-05,true,REGION-4-MIXTURE-TABLE,SaturatedMixture,47.82748639583588,0.011083448934625493,1.4956967168955384E-05,true,0.00033706000663798517,6.28585281278491E-09
B1-PIECEWISE-REDUCED,exact-v9-5-to-6mwe,182784,1800,suction,REGION-4-MIXTURE,SaturatedMixture,269.5699443995951,5.465915829672343,0.0008896685453588766,true,REGION-4-MIXTURE-TABLE,SaturatedMixture,269.56929540634155,5.466205396392311,0.0008893318390652722,true,5.2976798214916665E-05,1.1958161115060882E-06
B1-PIECEWISE-REDUCED,exact-v9-5-to-6mwe,182784,1800,pressure,REGION-4-MIXTURE,SaturatedMixture,269.8474434912206,5.489719574607868,0.0009051911966636977,true,REGION-4-MIXTURE-TABLE,SaturatedMixture,269.8471727371216,5.489840574367271,0.0009050490476147278,true,2.204115488208795E-05,4.986286809475125E-07
B1-PIECEWISE-REDUCED,exact-v9-5-to-6mwe,182784,1800,outlet,REGION-4-MIXTURE,SaturatedMixture,277.9191054522993,6.217449694590683,0.14017168440248198,true,REGION-4-MIXTURE-TABLE,SaturatedMixture,277.9196562767029,6.217585887724109,0.14016957335691546,true,2.1904983573014778E-05,9.995559507034194E-07
B1-PIECEWISE-REDUCED,exact-v9-5-to-6mwe,182784,1800,drum,REGION-4-MIXTURE,SaturatedMixture,271.0544894754886,5.594181755183046,0.03877997402388445,true,REGION-4-MIXTURE-TABLE,SaturatedMixture,271.0552363395691,5.594763641203828,0.03877393347719677,true,0.00010401628803771732,1.3723960293255328E-06
B1-PIECEWISE-REDUCED,exact-v9-5-to-6mwe,182784,1800,feedwater-inventory,REGION-4-MIXTURE,SaturatedMixture,47.862737081945,0.011099410844179348,1.5654985176226882E-05,true,REGION-4-MIXTURE-TABLE,SaturatedMixture,47.86273556947708,0.011102440964231085,1.564954013197776E-05,true,0.0002729982784019594,4.711551110923265E-09
B1-PIECEWISE-REDUCED,exact-v9-5-to-6mwe,188784,1860,suction,REGION-4-MIXTURE,SaturatedMixture,269.58908331394184,5.467555022031855,0.0008884080705134151,true,REGION-4-MIXTURE-TABLE,SaturatedMixture,269.58845567703247,5.467835095391353,0.0008880824396067575,true,5.122460741019129E-05,1.156424751169295E-06
B1-PIECEWISE-REDUCED,exact-v9-5-to-6mwe,188784,1860,pressure,REGION-4-MIXTURE,SaturatedMixture,269.8816254317761,5.492657151944929,0.0009056405510384544,true,REGION-4-MIXTURE-TABLE,SaturatedMixture,269.88141107559204,5.492752755872126,0.0009055281384306967,true,1.7405770022118266E-05,3.9473977948063375E-07
B1-PIECEWISE-REDUCED,exact-v9-5-to-6mwe,188784,1860,outlet,REGION-4-MIXTURE,SaturatedMixture,278.13301288485525,6.237686742146946,0.1358409741585088,true,REGION-4-MIXTURE-TABLE,SaturatedMixture,278.1338520050049,6.237904061861688,0.13583766684050574,true,3.483979297542069E-05,1.5221222675519453E-06
B1-PIECEWISE-REDUCED,exact-v9-5-to-6mwe,188784,1860,drum,REGION-4-MIXTURE,SaturatedMixture,271.1053811609744,5.598619198118851,0.038874213549072896,true,REGION-4-MIXTURE-TABLE,SaturatedMixture,271.106125831604,5.5991967468455,0.03886820805684981,true,0.00010315913731780386,1.368237513842382E-06
B1-PIECEWISE-REDUCED,exact-v9-5-to-6mwe,188784,1860,feedwater-inventory,REGION-4-MIXTURE,SaturatedMixture,47.89822296798229,0.011119270202672725,1.6353822798472466E-05,true,REGION-4-MIXTURE-TABLE,SaturatedMixture,47.89822190999985,0.011121560777837564,1.6349522780409696E-05,true,0.0002060004949145909,3.2954004073982833E-09
B1-PIECEWISE-REDUCED,exact-v9-5-to-6mwe,194784,1920,suction,REGION-4-MIXTURE,SaturatedMixture,269.60824417471883,5.469196470008422,0.0008871448915401767,true,REGION-4-MIXTURE-TABLE,SaturatedMixture,269.6076383590698,5.469466700613401,0.000886830731028823,true,4.940956253098157E-05,1.1161795431242456E-06
B1-PIECEWISE-REDUCED,exact-v9-5-to-6mwe,194784,1920,pressure,REGION-4-MIXTURE,SaturatedMixture,269.9158253133297,5.495597472140865,0.0009060906814126842,true,REGION-4-MIXTURE-TABLE,SaturatedMixture,269.91567039489746,5.495666721926182,0.000906009204345453,true,1.26009566144175E-05,2.8526639872629197E-07
B1-PIECEWISE-REDUCED,exact-v9-5-to-6mwe,194784,1920,outlet,REGION-4-MIXTURE,SaturatedMixture,278.3475722014904,6.258035954183596,0.13175815882505487,true,REGION-4-MIXTURE-TABLE,SaturatedMixture,278.3494601249695,6.258533698609803,0.13175059853313506,true,7.953684348431105E-05,3.4232670718143836E-06
B1-PIECEWISE-REDUCED,exact-v9-5-to-6mwe,194784,1920,drum,REGION-4-MIXTURE,SaturatedMixture,271.15636810064314,5.603067641180313,0.03896885733947543,true,REGION-4-MIXTURE-TABLE,SaturatedMixture,271.1571068763733,5.603637827865333,0.03896291896732809,true,0.00010176330566303073,1.3572792336304124E-06
B1-PIECEWISE-REDUCED,exact-v9-5-to-6mwe,194784,1920,feedwater-inventory,REGION-4-MIXTURE,SaturatedMixture,47.93393765389919,0.01113928840948686,1.7060153775035382E-05,true,REGION-4-MIXTURE-TABLE,SaturatedMixture,47.93393701314926,0.011140803847286072,1.705718577090125E-05,true,0.00013604439920253104,1.995583883819571E-09
B1-PIECEWISE-REDUCED,exact-v9-5-to-6mwe,200784,1980,suction,REGION-4-MIXTURE,SaturatedMixture,269.627409541607,5.470838680385202,0.0008858801546890522,true,REGION-4-MIXTURE-TABLE,SaturatedMixture,269.6268262863159,5.47109875197275,0.0008855778307595134,true,4.75377913226915E-05,1.074575472049647E-06
B1-PIECEWISE-REDUCED,exact-v9-5-to-6mwe,200784,1980,pressure,REGION-4-MIXTURE,SaturatedMixture,269.9500148475171,5.498538103852888,0.0009065409412907675,true,REGION-4-MIXTURE-TABLE,SaturatedMixture,269.94992113113403,5.498579957937385,0.000906491656981034,true,7.611856771081418E-06,1.7255824063063405E-07
B1-PIECEWISE-REDUCED,exact-v9-5-to-6mwe,200784,1980,outlet,REGION-4-MIXTURE,SaturatedMixture,278.56269953846925,6.278489896163884,0.1279000697380893,true,REGION-4-MIXTURE-TABLE,SaturatedMixture,278.56528663635254,6.2791842313039155,0.12788954728437657,true,0.00011058951300625824,4.6892121306196415E-06
B1-PIECEWISE-REDUCED,exact-v9-5-to-6mwe,200784,1980,drum,REGION-4-MIXTURE,SaturatedMixture,271.20735141038915,5.6075184654446595,0.0390639271321025,true,REGION-4-MIXTURE-TABLE,SaturatedMixture,271.2080798149109,5.608078202731887,0.039058087673751525,true,9.981907160484137E-05,1.3380999078092008E-06
B1-PIECEWISE-REDUCED,exact-v9-5-to-6mwe,200784,1980,feedwater-inventory,REGION-4-MIXTURE,SaturatedMixture,47.96985266357666,0.0111594500999022,1.7774222638992802E-05,true,REGION-4-MIXTURE-TABLE,SaturatedMixture,47.96985238790512,0.011160154821796914,1.7772784469268115E-05,true,6.315023485962474E-05,8.584693118254811E-10
B1-PIECEWISE-REDUCED,exact-v9-5-to-6mwe,206784,2040,suction,REGION-4-MIXTURE,SaturatedMixture,269.6465640187264,5.472480333816607,0.000884614875680247,true,REGION-4-MIXTURE-TABLE,SaturatedMixture,269.6460041999817,5.472729951615437,0.0008843247345935101,true,4.561328385002152E-05,1.0313601481928042E-06
B1-PIECEWISE-REDUCED,exact-v9-5-to-6mwe,206784,2040,pressure,REGION-4-MIXTURE,SaturatedMixture,269.984167456627,5.501476758986423,0.00090699031178017,true,REGION-4-MIXTURE-TABLE,SaturatedMixture,269.98413705825806,5.501490233219231,0.0009069744267050717,true,2.4492028955173324E-06,5.5968434266407255E-08
B1-PIECEWISE-REDUCED,exact-v9-5-to-6mwe,206784,2040,outlet,REGION-4-MIXTURE,SaturatedMixture,278.77853245735173,6.299062188517196,0.12424827650769203,true,REGION-4-MIXTURE-TABLE,SaturatedMixture,278.78149366378784,6.299871172218351,0.12423604813216636,true,0.000128429229136691,5.365199046564182E-06
B1-PIECEWISE-REDUCED,exact-v9-5-to-6mwe,206784,2040,drum,REGION-4-MIXTURE,SaturatedMixture,271.2583651363849,5.6119746463846045,0.039159222023086,true,REGION-4-MIXTURE-TABLE,SaturatedMixture,271.25907945632935,5.612520903750408,0.039153514129128646,true,9.733781783123089E-05,1.3121031751063834E-06
B1-PIECEWISE-REDUCED,exact-v9-5-to-6mwe,206784,2040,feedwater-inventory,REGION-4-MIXTURE,SaturatedMixture,48.00592249780897,0.011179730235908587,1.8496250241919607E-05,true,REGION-4-MIXTURE-TABLE,SaturatedMixture,48.00592243671417,0.011179877215964595,1.849597561330712E-05,true,1.3147012754919584E-05,1.9023405990977333E-10
B1-PIECEWISE-REDUCED,exact-v9-5-to-6mwe,212784,2100,suction,REGION-4-MIXTURE,SaturatedMixture,269.665693461895,5.474120217062952,0.0008833499914814083,true,REGION-4-MIXTURE-TABLE,SaturatedMixture,269.6651577949524,5.474359082803368,0.0008830723786532023,true,4.363545756121682E-05,9.868302428401303E-07
B1-PIECEWISE-REDUCED,exact-v9-5-to-6mwe,212784,2100,pressure,REGION-4-MIXTURE,SaturatedMixture,270.01825814843176,5.50441128222243,0.000907439891396265,true,REGION-4-MIXTURE-TABLE,SaturatedMixture,270.0182228088379,5.504426906649251,0.0009074214507671021,true,2.8385282313738266E-06,6.506196438108958E-08
B1-PIECEWISE-REDUCED,exact-v9-5-to-6mwe,212784,2100,outlet,REGION-4-MIXTURE,SaturatedMixture,278.99378421306585,6.319630317377965,0.1207826244768461,true,REGION-4-MIXTURE-TABLE,SaturatedMixture,278.99681639671326,6.320473502801224,0.1207699158407812,true,0.00013342321954196254,5.491655858677182E-06
B1-PIECEWISE-REDUCED,exact-v9-5-to-6mwe,212784,2100,drum,REGION-4-MIXTURE,SaturatedMixture,271.3093077659606,5.616427314501431,0.039254709204179374,true,REGION-4-MIXTURE-TABLE,SaturatedMixture,271.3100037574768,5.616957041697319,0.03924916513254334,true,9.431746664289452E-05,1.2783168663922812E-06
B1-PIECEWISE-REDUCED,exact-v9-5-to-6mwe,212784,2100,feedwater-inventory,REGION-4-MIXTURE,SaturatedMixture,48.042088118195466,0.011200095993050059,1.9226431775534558E-05,true,REGION-4-MIXTURE-TABLE,SaturatedMixture,48.04208743572235,0.011201121843229484,1.9224438791892267E-05,true,9.159298099424097E-05,2.1248129692876395E-09
B1-PIECEWISE-REDUCED,exact-v9-5-to-6mwe,218784,2160,suction,REGION-4-MIXTURE,SaturatedMixture,269.6847838103771,5.475757122931954,0.0008820864372566563,true,REGION-4-MIXTURE-TABLE,SaturatedMixture,269.6842727661133,5.475984928798454,0.0008818217015974325,true,4.160262432851142E-05,9.414361036884147E-07
B1-PIECEWISE-REDUCED,exact-v9-5-to-6mwe,218784,2160,pressure,REGION-4-MIXTURE,SaturatedMixture,270.0522645592689,5.507339741148836,0.0009078880252199767,true,REGION-4-MIXTURE-TABLE,SaturatedMixture,270.05216455459595,5.507383653486201,0.0009078361395827133,true,7.973420821917198E-06,1.841020914001807E-07
B1-PIECEWISE-REDUCED,exact-v9-5-to-6mwe,218784,2160,outlet,REGION-4-MIXTURE,SaturatedMixture,279.20919802188894,6.340265239444113,0.11748938693648206,true,REGION-4-MIXTURE-TABLE,SaturatedMixture,279.2120223045349,6.34106465542172,0.11747737539547183,true,0.00012608557330274846,5.113126849501005E-06
B1-PIECEWISE-REDUCED,exact-v9-5-to-6mwe,218784,2160,drum,REGION-4-MIXTURE,SaturatedMixture,271.36016235947625,5.620874977668143,0.03935034107829655,true,REGION-4-MIXTURE-TABLE,SaturatedMixture,271.3608355522156,5.621385121189213,0.039344992996592824,true,9.07587382921035E-05,1.2363272274119698E-06
B1-PIECEWISE-REDUCED,exact-v9-5-to-6mwe,218784,2160,feedwater-inventory,REGION-4-MIXTURE,SaturatedMixture,48.07828054577118,0.0112205087299641,1.9964947844077434E-05,true,REGION-4-MIXTURE-TABLE,SaturatedMixture,48.07827937602997,0.011222382296787202,1.9961168108479825E-05,true,0.0001669769943762431,3.64146397251529E-09
B1-PIECEWISE-REDUCED,exact-v9-5-to-6mwe,224784,2220,suction,REGION-4-MIXTURE,SaturatedMixture,269.7038233816626,5.4773900471246595,0.0008808249942171053,true,REGION-4-MIXTURE-TABLE,SaturatedMixture,269.70333766937256,5.477606516210221,0.0008805734572333784,true,3.952048031984395E-05,8.947386369853911E-07
B1-PIECEWISE-REDUCED,exact-v9-5-to-6mwe,224784,2220,pressure,REGION-4-MIXTURE,SaturatedMixture,270.086165201664,5.5102602757380295,0.0009083351710392996,true,REGION-4-MIXTURE-TABLE,SaturatedMixture,270.08600330352783,5.510331428022726,0.0009082510415835632,true,1.2912690351380695E-05,2.980253277583052E-07
B1-PIECEWISE-REDUCED,exact-v9-5-to-6mwe,224784,2220,outlet,REGION-4-MIXTURE,SaturatedMixture,279.42397137880334,6.3608899991217465,0.11435404180450633,true,REGION-4-MIXTURE-TABLE,SaturatedMixture,279.42633152008057,6.361570011477912,0.11434385786121702,true,0.0001069052217943986,4.271177072154104E-06
B1-PIECEWISE-REDUCED,exact-v9-5-to-6mwe,224784,2220,drum,REGION-4-MIXTURE,SaturatedMixture,271.4109251201154,5.625317290678886,0.03944595210764702,true,REGION-4-MIXTURE-TABLE,SaturatedMixture,271.41157150268555,5.6258048514571,0.03944083254549236,true,8.667258272198338E-05,1.186979344892332E-06
B1-PIECEWISE-REDUCED,exact-v9-5-to-6mwe,224784,2220,feedwater-inventory,REGION-4-MIXTURE,SaturatedMixture,48.11442436575891,0.011240925924257539,2.0711953301300457E-05,true,REGION-4-MIXTURE-TABLE,SaturatedMixture,48.11442279815674,0.011243614249012253,2.0706326760436493E-05,true,0.00023915509921759032,4.879476375438151E-09
B1-PIECEWISE-REDUCED,exact-v9-5-to-6mwe,230784,2280,suction,REGION-4-MIXTURE,SaturatedMixture,269.7228007018567,5.479018002333597,0.0008795664327853848,true,REGION-4-MIXTURE-TABLE,SaturatedMixture,269.7223410606384,5.479222871648197,0.000879328401387448,true,3.739161187510182E-05,8.46683086175733E-07
B1-PIECEWISE-REDUCED,exact-v9-5-to-6mwe,230784,2280,pressure,REGION-4-MIXTURE,SaturatedMixture,270.11994096636784,5.51317122799742,0.0009087813796254093,true,REGION-4-MIXTURE-TABLE,SaturatedMixture,270.1197199821472,5.513268568721703,0.0009086662154907305,true,1.7656031394141794E-05,4.0676688319136735E-07
B1-PIECEWISE-REDUCED,exact-v9-5-to-6mwe,230784,2280,outlet,REGION-4-MIXTURE,SaturatedMixture,279.63773699402816,6.381468825344261,0.11136333814034974,true,REGION-4-MIXTURE-TABLE,SaturatedMixture,279.63940048217773,6.381956698635539,0.1113560574041285,true,7.645156697161574E-05,3.0092710786612533E-06
B1-PIECEWISE-REDUCED,exact-v9-5-to-6mwe,230784,2280,drum,REGION-4-MIXTURE,SaturatedMixture,271.46150371432316,5.629746152579223,0.03954158656193777,true,REGION-4-MIXTURE-TABLE,SaturatedMixture,271.46211862564087,5.630208132507535,0.039536727159656344,true,8.206052560658793E-05,1.1290824992087998E-06
B1-PIECEWISE-REDUCED,exact-v9-5-to-6mwe,230784,2280,feedwater-inventory,REGION-4-MIXTURE,SaturatedMixture,48.15044099241493,0.011261302992122227,2.1467589256691103E-05,true,REGION-4-MIXTURE-TABLE,SaturatedMixture,48.15043914318085,0.011264771551555183,2.1460064503104722E-05,true,0.00030800693626505674,5.755466988178775E-09
B1-PIECEWISE-REDUCED,exact-v9-5-to-6mwe,236784,2340,suction,REGION-4-MIXTURE,SaturatedMixture,269.7417052984239,5.480640086297664,0.00087831145985838,true,REGION-4-MIXTURE-TABLE,SaturatedMixture,269.7412724494934,5.480833102837782,0.0008780872293500435,true,3.521788277989991E-05,7.973025305933519E-07
B1-PIECEWISE-REDUCED,exact-v9-5-to-6mwe,236784,2340,pressure,REGION-4-MIXTURE,SaturatedMixture,270.1535745382308,5.516071092031928,0.0009092252942583847,true,REGION-4-MIXTURE-TABLE,SaturatedMixture,270.1532964706421,5.516193497122876,0.0009090803649456424,true,2.2190629690115296E-05,5.118088703433947E-07
B1-PIECEWISE-REDUCED,exact-v9-5-to-6mwe,236784,2340,outlet,REGION-4-MIXTURE,SaturatedMixture,279.8510682284831,6.402056488081979,0.10850801803531035,true,REGION-4-MIXTURE-TABLE,SaturatedMixture,279.8518214225769,6.402281382320213,0.10850467369451891,true,3.512843703465746E-05,1.3620120052041452E-06
B1-PIECEWISE-REDUCED,exact-v9-5-to-6mwe,236784,2340,drum,REGION-4-MIXTURE,SaturatedMixture,271.51193360686295,5.6341646436292265,0.03963711015713397,true,REGION-4-MIXTURE-TABLE,SaturatedMixture,271.51251316070557,5.634598121261035,0.039632543162637715,true,7.693733840367068E-05,1.0640615891307906E-06
B1-PIECEWISE-REDUCED,exact-v9-5-to-6mwe,236784,2340,feedwater-inventory,REGION-4-MIXTURE,SaturatedMixture,48.1862515375019,0.011281594901854998,2.223198383115482E-05,true,REGION-4-MIXTURE-TABLE,SaturatedMixture,48.18624949455261,0.011285807845983004,2.2222518085433517E-05,true,0.00037343515386409787,6.357668270701039E-09
B1-PIECEWISE-REDUCED,exact-v9-5-to-6mwe,242784,2400,suction,REGION-4-MIXTURE,SaturatedMixture,269.7605286598206,5.482255564273977,0.0008770606546617512,true,REGION-4-MIXTURE-TABLE,SaturatedMixture,269.7601227760315,5.482436439178187,0.0008768505443602368,true,3.299278957159838E-05,7.476071427223286E-07
B1-PIECEWISE-REDUCED,exact-v9-5-to-6mwe,242784,2400,pressure,REGION-4-MIXTURE,SaturatedMixture,270.1870496869085,5.518958453185912,0.000909668152802956,true,REGION-4-MIXTURE-TABLE,SaturatedMixture,270.18671703338623,5.519104842458123,0.0009094946964182363,true,2.6524800549347095E-05,6.122415588183597E-07
B1-PIECEWISE-REDUCED,exact-v9-5-to-6mwe,242784,2400,outlet,REGION-4-MIXTURE,SaturatedMixture,280.0627813100815,6.422538103653541,0.10577623997933351,true,REGION-4-MIXTURE-TABLE,SaturatedMixture,280.06309604644775,6.422637108764606,0.10577479856181796,true,1.541526254373728E-05,5.689246107147013E-07
B1-PIECEWISE-REDUCED,exact-v9-5-to-6mwe,242784,2400,drum,REGION-4-MIXTURE,SaturatedMixture,271.5621550083159,5.638567498270978,0.03973247198372388,true,REGION-4-MIXTURE-TABLE,SaturatedMixture,271.5626950263977,5.638969583875696,0.039728228974424226,true,7.130988586030487E-05,9.9138247019746E-07
B1-PIECEWISE-REDUCED,exact-v9-5-to-6mwe,242784,2400,feedwater-inventory,REGION-4-MIXTURE,SaturatedMixture,48.22177927196026,0.0113017575729875,2.300524806770802E-05,true,REGION-4-MIXTURE-TABLE,SaturatedMixture,48.22177708148956,0.011306678034363925,2.2993807004966113E-05,true,0.0004353713433197021,6.816002016287572E-09
B1-PIECEWISE-REDUCED,exact-v9-5-to-6mwe,248784,2460,suction,REGION-4-MIXTURE,SaturatedMixture,269.7792617738247,5.483863657895556,0.0008758146319084572,true,REGION-4-MIXTURE-TABLE,SaturatedMixture,269.77888345718384,5.484032150626553,0.0008756189199078908,true,3.0725186019941666E-05,6.968065041118001E-07
B1-PIECEWISE-REDUCED,exact-v9-5-to-6mwe,248784,2460,pressure,REGION-4-MIXTURE,SaturatedMixture,270.2203527688979,5.5218321178885645,0.0009101087419261354,true,REGION-4-MIXTURE-TABLE,SaturatedMixture,270.2199683189392,5.522001441651462,0.0009099079742270548,true,3.0664417041669905E-05,7.075284043903183E-07
B1-PIECEWISE-REDUCED,exact-v9-5-to-6mwe,248784,2460,outlet,REGION-4-MIXTURE,SaturatedMixture,280.2734861910343,6.442971835092438,0.10316011024773743,true,REGION-4-MIXTURE-TABLE,SaturatedMixture,280.27467608451843,6.4433532227410755,0.10315457906540124,true,5.919436843729848E-05,2.1500596086513086E-06
B1-PIECEWISE-REDUCED,exact-v9-5-to-6mwe,248784,2460,drum,REGION-4-MIXTURE,SaturatedMixture,271.6121370434762,5.642951975668904,0.03982768743716165,true,REGION-4-MIXTURE-TABLE,SaturatedMixture,271.612633228302,5.643319820353691,0.039823799483580564,true,6.518657014499673E-05,9.108284002613566E-07
B1-PIECEWISE-REDUCED,exact-v9-5-to-6mwe,248784,2460,feedwater-inventory,REGION-4-MIXTURE,SaturatedMixture,48.256951592117616,0.011321749007899265,2.378749059772209E-05,true,REGION-4-MIXTURE-TABLE,SaturatedMixture,48.25694930553436,0.011327339469740703,2.377404806734961E-05,true,0.0004937807610412148,7.1142930857009605E-09
B1-PIECEWISE-REDUCED,exact-v9-5-to-6mwe,254784,2520,suction,REGION-4-MIXTURE,SaturatedMixture,269.7978978395462,5.485463778013837,0.0008745738612883097,true,REGION-4-MIXTURE-TABLE,SaturatedMixture,269.7975478172302,5.485619669371772,0.0008743928056103399,true,2.841899322354324E-05,6.446701743372553E-07
B1-PIECEWISE-REDUCED,exact-v9-5-to-6mwe,254784,2520,pressure,REGION-4-MIXTURE,SaturatedMixture,270.25347097516044,5.524690962822038,0.0009105470487279202,true,REGION-4-MIXTURE-TABLE,SaturatedMixture,270.2530369758606,5.524882131626912,0.0009103202169559154,true,3.4602624139628115E-05,7.986686192214785E-07
B1-PIECEWISE-REDUCED,exact-v9-5-to-6mwe,254784,2520,outlet,REGION-4-MIXTURE,SaturatedMixture,280.48288751244525,6.463328307597143,0.10065168323196329,true,REGION-4-MIXTURE-TABLE,SaturatedMixture,280.48468589782715,6.463915593692288,0.10064320144614507,true,9.08643453025488E-05,3.2483355350937646E-06
B1-PIECEWISE-REDUCED,exact-v9-5-to-6mwe,254784,2520,drum,REGION-4-MIXTURE,SaturatedMixture,271.66190503835685,5.647320263100236,0.03992261055880085,true,REGION-4-MIXTURE-TABLE,SaturatedMixture,271.662353515625,5.647651073770129,0.0399191089821486,true,5.857834414925264E-05,8.231781721421957E-07
B1-PIECEWISE-REDUCED,exact-v9-5-to-6mwe,254784,2520,feedwater-inventory,REGION-4-MIXTURE,SaturatedMixture,48.29170162081721,0.011341530226767585,2.4578808955240703E-05,true,REGION-4-MIXTURE-TABLE,SaturatedMixture,48.291699290275574,0.011347752866492648,2.4563346522700933E-05,true,0.0005486596253455051,7.2502778006206605E-09
B1-PIECEWISE-REDUCED,exact-v9-5-to-6mwe,260784,2580,suction,REGION-4-MIXTURE,SaturatedMixture,269.81642926335314,5.487055266897173,0.000873338867030893,true,REGION-4-MIXTURE-TABLE,SaturatedMixture,269.8161082267761,5.487198346486864,0.0008731727149190638,true,2.6075842639113627E-05,5.91264136634834E-07
B1-PIECEWISE-REDUCED,exact-v9-5-to-6mwe,260784,2580,pressure,REGION-4-MIXTURE,SaturatedMixture,270.28639316558827,5.5275340071627355,0.0009109838422333178,true,REGION-4-MIXTURE-TABLE,SaturatedMixture,270.2859115600586,5.527745915462203,0.0009107322056545554,true,3.833686037810451E-05,8.862224461377238E-07
B1-PIECEWISE-REDUCED,exact-v9-5-to-6mwe,260784,2580,outlet,REGION-4-MIXTURE,SaturatedMixture,280.6903158664703,6.483541378687517,0.09824218240227715,true,REGION-4-MIXTURE-TABLE,SaturatedMixture,280.69247817993164,6.484260842888574,0.09823183695878228,true,0.00011096778119166231,3.904218236521043E-06
B1-PIECEWISE-REDUCED,exact-v9-5-to-6mwe,260784,2580,drum,REGION-4-MIXTURE,SaturatedMixture,271.71136682629583,5.651664231423629,0.04001730164747268,true,REGION-4-MIXTURE-TABLE,SaturatedMixture,271.71176290512085,5.651955244131575,0.04001421617518061,true,5.149150693128158E-05,7.269350501518624E-07
B1-PIECEWISE-REDUCED,exact-v9-5-to-6mwe,260784,2580,feedwater-inventory,REGION-4-MIXTURE,SaturatedMixture,48.32596928700798,0.011361065913860425,2.537930359507157E-05,true,REGION-4-MIXTURE-TABLE,SaturatedMixture,48.32596707344055,0.011367883000614018,2.5361810102884853E-05,true,0.0006000393629682522,6.885638861415901E-09
B1-PIECEWISE-REDUCED,exact-v9-5-to-6mwe,266784,2640,suction,REGION-4-MIXTURE,SaturatedMixture,269.8348390221596,5.488636656191929,0.000872110804543449,true,REGION-4-MIXTURE-TABLE,SaturatedMixture,269.8345470428467,5.488766681328184,0.0008719598214620457,true,2.368987863472013E-05,5.377301389211532E-07
B1-PIECEWISE-REDUCED,exact-v9-5-to-6mwe,266784,2640,pressure,REGION-4-MIXTURE,SaturatedMixture,270.3190940141677,5.530359042915462,0.0009114177536872014,true,REGION-4-MIXTURE-TABLE,SaturatedMixture,270.31856775283813,5.530590674697512,0.000911142504354132,true,4.188367884483518E-05,9.68337179388802E-07
B1-PIECEWISE-REDUCED,exact-v9-5-to-6mwe,266784,2640,outlet,REGION-4-MIXTURE,SaturatedMixture,280.8963150322435,6.503662931149712,0.09592737193640359,true,REGION-4-MIXTURE-TABLE,SaturatedMixture,280.8986201286316,6.504444505504107,0.09591618307286709,true,0.00012017448669605481,4.160475984718213E-06
B1-PIECEWISE-REDUCED,exact-v9-5-to-6mwe,266784,2640,drum,REGION-4-MIXTURE,SaturatedMixture,271.76054902672774,5.6559861742030275,0.04011145274484312,true,REGION-4-MIXTURE-TABLE,SaturatedMixture,271.76088857650757,5.656234699128413,0.04010881334550658,true,4.3940157866611184E-05,6.231293933109392E-07
B1-PIECEWISE-REDUCED,exact-v9-5-to-6mwe,266784,2640,feedwater-inventory,REGION-4-MIXTURE,SaturatedMixture,48.35970218628648,0.011380324944312396,2.6188901710217643E-05,true,REGION-4-MIXTURE-TABLE,SaturatedMixture,48.359700083732605,0.011387698989825449,2.616937246963363E-05,true,0.0006479644077946991,6.5396280866812265E-09
B1-PIECEWISE-REDUCED,exact-v9-5-to-6mwe,272784,2700,suction,REGION-4-MIXTURE,SaturatedMixture,269.85314221978194,5.490209236889209,0.0008708886873087519,true,REGION-4-MIXTURE-TABLE,SaturatedMixture,269.8528800010681,5.49032601230763,0.0008707531040691267,true,2.1269757377666224E-05,4.829045974884145E-07
B1-PIECEWISE-REDUCED,exact-v9-5-to-6mwe,272784,2700,pressure,REGION-4-MIXTURE,SaturatedMixture,270.3515844941138,5.53316699652762,0.0009118489458522835,true,REGION-4-MIXTURE-TABLE,SaturatedMixture,270.3510160446167,5.533417323178252,0.0009115512784700942,true,4.524111612558893E-05,1.045902189297794E-06
B1-PIECEWISE-REDUCED,exact-v9-5-to-6mwe,272784,2700,outlet,REGION-4-MIXTURE,SaturatedMixture,281.1006812334059,6.523672077861695,0.09369971225579947,true,REGION-4-MIXTURE-TABLE,SaturatedMixture,281.10292863845825,6.5244486534120405,0.09368864578898697,true,0.00011903963612466156,4.05485302668991E-06
B1-PIECEWISE-REDUCED,exact-v9-5-to-6mwe,272784,2700,drum,REGION-4-MIXTURE,SaturatedMixture,271.80945309996594,5.6602861778725595,0.04020544349334972,true,REGION-4-MIXTURE-TABLE,SaturatedMixture,271.8097324371338,5.660489604914357,0.04020328005788347,true,3.5939356316060244E-05,5.125833972868329E-07
B1-PIECEWISE-REDUCED,exact-v9-5-to-6mwe,272784,2700,feedwater-inventory,REGION-4-MIXTURE,SaturatedMixture,48.392855721712124,0.011399280503060171,2.700777724802077E-05,true,REGION-4-MIXTURE-TABLE,SaturatedMixture,48.39285385608673,0.011407174713740965,2.698621354925807E-05,true,0.0006925183285624365,5.8021049438369916E-09
B1-PIECEWISE-REDUCED,exact-v9-5-to-6mwe,278784,2760,suction,REGION-4-MIXTURE,SaturatedMixture,269.87132650613796,5.491771941587262,0.0008696733605962244,true,REGION-4-MIXTURE-TABLE,SaturatedMixture,269.8710947036743,5.491875284918859,0.0008695533924206975,true,1.8817848354853492E-05,4.268754325665713E-07
B1-PIECEWISE-REDUCED,exact-v9-5-to-6mwe,278784,2760,pressure,REGION-4-MIXTURE,SaturatedMixture,270.38385555148113,5.535957064219906,0.0009122776238107948,true,REGION-4-MIXTURE-TABLE,SaturatedMixture,270.3832468986511,5.536225030135869,0.0009119587519134755,true,4.8404623239430956E-05,1.1198066574761242E-06
B1-PIECEWISE-REDUCED,exact-v9-5-to-6mwe,278784,2760,outlet,REGION-4-MIXTURE,SaturatedMixture,281.3032880485058,6.5435553494856205,0.09155373242258863,true,REGION-4-MIXTURE-TABLE,SaturatedMixture,281.3052968978882,6.544262828538384,0.09154369799685363,true,0.000108118448607534,3.623117448628122E-06
B1-PIECEWISE-REDUCED,exact-v9-5-to-6mwe,278784,2760,drum,REGION-4-MIXTURE,SaturatedMixture,271.85805572271363,5.664562148327447,0.04029904069717619,true,REGION-4-MIXTURE-TABLE,SaturatedMixture,271.85827016830444,5.664717843029587,0.04029738188680462,true,2.7485743480754397E-05,3.9347233231143896E-07
B1-PIECEWISE-REDUCED,exact-v9-5-to-6mwe,278784,2760,feedwater-inventory,REGION-4-MIXTURE,SaturatedMixture,48.42539348453289,0.011417910341151714,2.7836101094889847E-05,true,REGION-4-MIXTURE-TABLE,SaturatedMixture,48.42539179325104,0.011426288673812353,2.7812509128026766E-05,true,0.0007337886189596196,5.2593633922630184E-09
B1-PIECEWISE-REDUCED,exact-v9-5-to-6mwe,284784,2820,suction,REGION-4-MIXTURE,SaturatedMixture,269.8893888354303,5.493324501843102,0.0008684650499623678,true,REGION-4-MIXTURE-TABLE,SaturatedMixture,269.889187335968,5.493414174698377,0.0008683609523753769,true,1.63239683447456E-05,3.710586495322806E-07
B1-PIECEWISE-REDUCED,exact-v9-5-to-6mwe,284784,2820,pressure,REGION-4-MIXTURE,SaturatedMixture,270.4159002184865,5.538728621608807,0.0009127036546252036,true,REGION-4-MIXTURE-TABLE,SaturatedMixture,270.4152536392212,5.539013214032368,0.0009123647552420891,true,5.138226531812625E-05,1.1895140314389502E-06
B1-PIECEWISE-REDUCED,exact-v9-5-to-6mwe,284784,2820,outlet,REGION-4-MIXTURE,SaturatedMixture,281.5040671765804,6.563304891107259,0.08948431974989707,true,REGION-4-MIXTURE-TABLE,SaturatedMixture,281.5056748390198,6.56388212866095,0.08947617087889537,true,8.794922120307437E-05,2.8984957192376153E-06
B1-PIECEWISE-REDUCED,exact-v9-5-to-6mwe,284784,2820,drum,REGION-4-MIXTURE,SaturatedMixture,271.90634704828267,5.668813173634164,0.04039223727257891,true,REGION-4-MIXTURE-TABLE,SaturatedMixture,271.9064931869507,5.668918665782394,0.04039111201624311,true,1.8609212369325936E-05,2.681166246503366E-07
B1-PIECEWISE-REDUCED,exact-v9-5-to-6mwe,284784,2820,feedwater-inventory,REGION-4-MIXTURE,SaturatedMixture,48.45728705078358,0.011436196697612457,2.8673972888121814E-05,true,REGION-4-MIXTURE-TABLE,SaturatedMixture,48.457285702228546,0.011445024308454402,2.8648363621240595E-05,true,0.0007719009278485795,4.193173119820664E-09
B1-PIECEWISE-REDUCED,exact-v9-5-to-6mwe,290784,2880,suction,REGION-4-MIXTURE,SaturatedMixture,269.90732603669187,5.494866638268398,0.0008672639899900221,true,REGION-4-MIXTURE-TABLE,SaturatedMixture,269.9071555137634,5.494942478856501,0.0008671759559924885,true,1.3802079849357111E-05,3.1400539181940787E-07
B1-PIECEWISE-REDUCED,exact-v9-5-to-6mwe,290784,2880,pressure,REGION-4-MIXTURE,SaturatedMixture,270.4477130711076,5.54148117712994,0.0009131269735124795,true,REGION-4-MIXTURE-TABLE,SaturatedMixture,270.44703102111816,5.541781417945041,0.0009127691928910361,true,5.4180607224582485E-05,1.254696208335571E-06
B1-PIECEWISE-REDUCED,exact-v9-5-to-6mwe,290784,2880,outlet,REGION-4-MIXTURE,SaturatedMixture,281.7029600799086,6.582913756731737,0.08748683051640017,true,REGION-4-MIXTURE-TABLE,SaturatedMixture,281.70402240753174,6.583302632001995,0.0874813676298933,true,5.907342624084018E-05,1.914611076354724E-06
B1-PIECEWISE-REDUCED,exact-v9-5-to-6mwe,290784,2880,drum,REGION-4-MIXTURE,SaturatedMixture,271.95431818962084,5.673038424681676,0.04048500592771187,true,REGION-4-MIXTURE-TABLE,SaturatedMixture,271.9543914794922,5.673091200865796,0.04048444190058607,true,9.302983722282237E-06,1.3445109294978983E-07
B1-PIECEWISE-REDUCED,exact-v9-5-to-6mwe,290784,2880,feedwater-inventory,REGION-4-MIXTURE,SaturatedMixture,48.48851566314704,0.011454126153000852,2.9521499235631006E-05,true,REGION-4-MIXTURE-TABLE,SaturatedMixture,48.48851466178894,0.011463369327780432,2.9493887276249862E-05,true,0.0008069733697807129,3.1133028280959688E-09
B1-PIECEWISE-REDUCED,exact-v9-5-to-6mwe,296784,2940,suction,REGION-4-MIXTURE,SaturatedMixture,269.92513548135753,5.496398117933954,0.0008660703795524911,true,REGION-4-MIXTURE-TABLE,SaturatedMixture,269.9249963760376,5.496459954045619,0.0008659986071319156,true,1.1250297074209205E-05,2.5614378350803186E-07
B1-PIECEWISE-REDUCED,exact-v9-5-to-6mwe,296784,2940,pressure,REGION-4-MIXTURE,SaturatedMixture,270.47928985357294,5.5442143397969605,0.0009135475255151004,true,REGION-4-MIXTURE-TABLE,SaturatedMixture,270.47857427597046,5.5445292264896135,0.0009131720247692222,true,5.679554817942635E-05,1.3162969984015496E-06
B1-PIECEWISE-REDUCED,exact-v9-5-to-6mwe,296784,2940,outlet,REGION-4-MIXTURE,SaturatedMixture,281.8999184429648,6.602375966833371,0.08555699672178615,true,REGION-4-MIXTURE-TABLE,SaturatedMixture,281.9003076553345,6.602521210476883,0.0855549668766854,true,2.199869323436572E-05,7.012204789805882E-07
B1-PIECEWISE-REDUCED,exact-v9-5-to-6mwe,296784,2940,drum,REGION-4-MIXTURE,SaturatedMixture,272.00196151137345,5.6772371811977065,0.04057732658586686,true,REGION-4-MIXTURE-TABLE,SaturatedMixture,272.0019645690918,5.6772395130938325,0.04057730226091892,true,4.107448837431406E-07,5.608928447606528E-09
B1-PIECEWISE-REDUCED,exact-v9-5-to-6mwe,296784,2940,feedwater-inventory,REGION-4-MIXTURE,SaturatedMixture,48.51906575113537,0.011471689386895554,3.03787918349558E-05,true,REGION-4-MIXTURE-TABLE,SaturatedMixture,48.519065141677856,0.011481315783630097,3.0349195067470122E-05,true,0.0008391437747207248,1.8946724458647624E-09
B1-PIECEWISE-REDUCED,exact-v9-5-to-6mwe,302784,3000,suction,REGION-4-MIXTURE,SaturatedMixture,269.9428149163722,5.4979187400670675,0.0008648843928346774,true,REGION-4-MIXTURE-TABLE,SaturatedMixture,269.9427080154419,5.497966438033982,0.0008648290470553542,true,8.675640577812056E-06,1.9683731280340604E-07
B1-PIECEWISE-REDUCED,exact-v9-5-to-6mwe,302784,3000,pressure,REGION-4-MIXTURE,SaturatedMixture,270.5106271028518,5.546927786882517,0.0009139652713696375,true,REGION-4-MIXTURE-TABLE,SaturatedMixture,270.5098805427551,5.547256390435514,0.0009135731495993209,true,5.924064015662006E-05,1.3732097920184194E-06
B1-PIECEWISE-REDUCED,exact-v9-5-to-6mwe,302784,3000,outlet,REGION-4-MIXTURE,SaturatedMixture,282.0949025034904,6.621686355326797,0.08369089475203428,true,REGION-4-MIXTURE-TABLE,SaturatedMixture,282.0952491760254,6.621824103396564,0.08368901119155683,true,2.080256635180359E-05,6.243596896162814E-07
B1-PIECEWISE-REDUCED,exact-v9-5-to-6mwe,302784,3000,drum,REGION-4-MIXTURE,SaturatedMixture,272.04927046298974,5.681408817366673,0.040669181416813076,true,REGION-4-MIXTURE-TABLE,SaturatedMixture,272.04934453964233,5.6814659297653165,0.04066858279538282,true,1.0052506425638083E-05,1.3587078451546862E-07
B1-PIECEWISE-REDUCED,exact-v9-5-to-6mwe,302784,3000,feedwater-inventory,REGION-4-MIXTURE,SaturatedMixture,48.548930336534966,0.011488880865469404,3.124596940294339E-05,true,REGION-4-MIXTURE-TABLE,SaturatedMixture,48.548930168151855,0.011498859579374502,3.121440838116889E-05,true,0.0008685540412459972,5.234183089935866E-10
B1-PIECEWISE-REDUCED,exact-v9-5-to-6mwe,308784,3060,suction,REGION-4-MIXTURE,SaturatedMixture,269.9603627145292,5.499428357627526,0.0008637061623908476,true,REGION-4-MIXTURE-TABLE,SaturatedMixture,269.96028757095337,5.499461687473971,0.0008636674802886109,true,6.06060198951637E-06,1.3835783845463773E-07
B1-PIECEWISE-REDUCED,exact-v9-5-to-6mwe,308784,3060,pressure,REGION-4-MIXTURE,SaturatedMixture,270.54172206521014,5.549621256826255,0.000914380182831246,true,REGION-4-MIXTURE-TABLE,SaturatedMixture,270.54094648361206,5.549962619013748,0.0009139725571209709,true,6.151089807671897E-05,1.4265098521845826E-06
B1-PIECEWISE-REDUCED,exact-v9-5-to-6mwe,308784,3060,outlet,REGION-4-MIXTURE,SaturatedMixture,282.28788021802904,6.64084049701058,0.08188491044554737,true,REGION-4-MIXTURE-TABLE,SaturatedMixture,282.288800239563,6.641213654275951,0.08187983524001016,true,5.6191270598820455E-05,1.6563896102696239E-06
B1-PIECEWISE-REDUCED,exact-v9-5-to-6mwe,308784,3060,drum,REGION-4-MIXTURE,SaturatedMixture,272.09623962044714,5.6855528058038844,0.04076055509031608,true,REGION-4-MIXTURE-TABLE,SaturatedMixture,272.09638118743896,5.6856617211537115,0.04075941128503547,true,1.915651011382064E-05,2.596386394655637E-07
B1-PIECEWISE-REDUCED,exact-v9-5-to-6mwe,308784,3060,feedwater-inventory,REGION-4-MIXTURE,SaturatedMixture,48.578108470141956,0.011505698542849266,3.2123158629364795E-05,true,REGION-4-MIXTURE-TABLE,SaturatedMixture,48.57810878753662,0.011516000154790892,3.208965605337559E-05,true,0.0008953486746816428,9.865307284654251E-10
B1-PIECEWISE-REDUCED,exact-v9-5-to-6mwe,314784,3120,suction,REGION-4-MIXTURE,SaturatedMixture,269.9777773737907,5.50092683428004,0.000862535812608351,true,REGION-4-MIXTURE-TABLE,SaturatedMixture,269.977735042572,5.500945702365587,0.0008625139225206592,true,3.4299830037419425E-06,7.793970482591832E-08
B1-PIECEWISE-REDUCED,exact-v9-5-to-6mwe,314784,3120,pressure,REGION-4-MIXTURE,SaturatedMixture,270.5725726544857,5.552294545740403,0.0009147922379160597,true,REGION-4-MIXTURE-TABLE,SaturatedMixture,270.5717701911926,5.5526477460706065,0.0009143701907324338,true,6.361339934217864E-05,1.475869006468916E-06
B1-PIECEWISE-REDUCED,exact-v9-5-to-6mwe,314784,3120,outlet,REGION-4-MIXTURE,SaturatedMixture,282.4788263857366,6.659834629548312,0.08013570937283208,true,REGION-4-MIXTURE-TABLE,SaturatedMixture,282.48014974594116,6.66038265764826,0.0801282962448057,true,8.228854475094402E-05,2.3817342472054748E-06
B1-PIECEWISE-REDUCED,exact-v9-5-to-6mwe,314784,3120,drum,REGION-4-MIXTURE,SaturatedMixture,272.1428643941882,5.689668692063452,0.04085143439040568,true,REGION-4-MIXTURE-TABLE,SaturatedMixture,272.14307022094727,5.68982650444298,0.04084977436847125,true,2.773665534303716E-05,3.774609434353472E-07
B1-PIECEWISE-REDUCED,exact-v9-5-to-6mwe,314784,3120,feedwater-inventory,REGION-4-MIXTURE,SaturatedMixture,48.60660451203586,0.011522143468147986,3.301049466223114E-05,true,REGION-4-MIXTURE-TABLE,SaturatedMixture,48.60660529136658,0.011532740030881665,3.2975074832931506E-05,true,0.0009196693968420278,2.42211257870356E-09
B1-PIECEWISE-REDUCED,exact-v9-5-to-6mwe,320784,3180,suction,REGION-4-MIXTURE,SaturatedMixture,269.99505785107624,5.502414073138238,0.0008613734372003052,true,REGION-4-MIXTURE-TABLE,SaturatedMixture,269.9950485229492,5.502418320477084,0.0008613685155703328,true,7.719046203190677E-07,1.717428316100619E-08
B1-PIECEWISE-REDUCED,exact-v9-5-to-6mwe,320784,3180,pressure,REGION-4-MIXTURE,SaturatedMixture,270.6031772851942,5.554947493052333,0.0009152014258355897,true,REGION-4-MIXTURE-TABLE,SaturatedMixture,270.60235023498535,5.5553116469908,0.0009147660061981107,true,6.555488398819488E-05,1.5210029906767655E-06
B1-PIECEWISE-REDUCED,exact-v9-5-to-6mwe,320784,3180,outlet,REGION-4-MIXTURE,SaturatedMixture,282.6677221894266,6.67866561574929,0.07844021084224058,true,REGION-4-MIXTURE-TABLE,SaturatedMixture,282.66929483413696,6.679330826902037,0.07843126125808801,true,9.960240428535145E-05,2.8294252729857483E-06
B1-PIECEWISE-REDUCED,exact-v9-5-to-6mwe,320784,3180,drum,REGION-4-MIXTURE,SaturatedMixture,272.18914115428936,5.693756105917986,0.04094180813960483,true,REGION-4-MIXTURE-TABLE,SaturatedMixture,272.18940830230713,5.693959981887314,0.040939660696584015,true,3.580693755326696E-05,4.898750109961967E-07
B1-PIECEWISE-REDUCED,exact-v9-5-to-6mwe,320784,3180,feedwater-inventory,REGION-4-MIXTURE,SaturatedMixture,48.634427432715825,0.01153821940010395,3.390812144640319E-05,true,REGION-4-MIXTURE-TABLE,SaturatedMixture,48.63442873954773,0.011549084529762998,3.3870810106816284E-05,true,0.0009416643315822221,4.0612030710709175E-09
B1-PIECEWISE-REDUCED,exact-v9-5-to-6mwe,326784,3240,suction,REGION-4-MIXTURE,SaturatedMixture,270.0122033536435,5.503889998846662,0.000860219113112955,true,REGION-4-MIXTURE-TABLE,SaturatedMixture,270.0121793746948,5.503900448613939,0.0008602069675609407,true,1.8986148485101946E-06,4.414693900514185E-08
B1-PIECEWISE-REDUCED,exact-v9-5-to-6mwe,326784,3240,pressure,REGION-4-MIXTURE,SaturatedMixture,270.63353503942506,5.557579996063622,0.0009156077236940463,true,REGION-4-MIXTURE-TABLE,SaturatedMixture,270.6326847076416,5.5579541556206244,0.0009151600248653995,true,6.732418737421056E-05,1.5637321262259056E-06
B1-PIECEWISE-REDUCED,exact-v9-5-to-6mwe,326784,3240,outlet,REGION-4-MIXTURE,SaturatedMixture,282.8545599937439,6.69733143083666,0.07679557124877807,true,REGION-4-MIXTURE-TABLE,SaturatedMixture,282.8562431335449,6.698058926334474,0.07678583658981579,true,0.00010862468213297467,3.027205030515562E-06
B1-PIECEWISE-REDUCED,exact-v9-5-to-6mwe,326784,3240,drum,REGION-4-MIXTURE,SaturatedMixture,272.23506702184693,5.697814743164656,0.04103166677675099,true,REGION-4-MIXTURE-TABLE,SaturatedMixture,272.23539209365845,5.698061855740907,0.04102906005447004,true,4.33697105626112E-05,5.960409097593466E-07
B1-PIECEWISE-REDUCED,exact-v9-5-to-6mwe,326784,3240,feedwater-inventory,REGION-4-MIXTURE,SaturatedMixture,48.661590208113125,0.011553932471940021,3.4816192105850345E-05,true,REGION-4-MIXTURE-TABLE,SaturatedMixture,48.66159212589264,0.011565041284469921,3.477701601326932E-05,true,0.0009614745937696291,5.959323940508428E-09
B1-PIECEWISE-REDUCED,exact-v9-5-to-6mwe,332784,3300,suction,REGION-4-MIXTURE,SaturatedMixture,270.02921333909023,5.505354557604314,0.0008590729004464013,true,REGION-4-MIXTURE-TABLE,SaturatedMixture,270.0291566848755,5.505379382801193,0.0008590440579000846,true,4.509282121410438E-06,1.0430114657195921E-07
B1-PIECEWISE-REDUCED,exact-v9-5-to-6mwe,332784,3300,pressure,REGION-4-MIXTURE,SaturatedMixture,270.6636452496051,5.560191973857533,0.0009160111196289211,true,REGION-4-MIXTURE-TABLE,SaturatedMixture,270.66277408599854,5.560575313498504,0.0009155521333825379,true,6.894359812989538E-05,1.6019524596070208E-06
B1-PIECEWISE-REDUCED,exact-v9-5-to-6mwe,332784,3300,outlet,REGION-4-MIXTURE,SaturatedMixture,283.03934067487717,6.7158309071041336,0.07519916030673499,true,REGION-4-MIXTURE-TABLE,SaturatedMixture,283.0410108566284,6.716568580077093,0.07518934501737934,true,0.00010984090921330379,3.002901402649377E-06
B1-PIECEWISE-REDUCED,exact-v9-5-to-6mwe,332784,3300,drum,REGION-4-MIXTURE,SaturatedMixture,272.2806400775909,5.701844384268872,0.04112100214620031,true,REGION-4-MIXTURE-TABLE,SaturatedMixture,272.28102016448975,5.702131998398411,0.04111796419733324,true,5.0442297291030405E-05,6.968565220645715E-07
B1-PIECEWISE-REDUCED,exact-v9-5-to-6mwe,332784,3300,feedwater-inventory,REGION-4-MIXTURE,SaturatedMixture,48.6881090790032,0.011569290774161642,3.573486890483215E-05,true,REGION-4-MIXTURE-TABLE,SaturatedMixture,48.688111543655396,0.011580619748761439,3.569385529651557E-05,true,0.0009792280979831565,7.658049585674136E-09
B1-PIECEWISE-REDUCED,exact-v9-5-to-6mwe,338784,3360,suction,REGION-4-MIXTURE,SaturatedMixture,270.0460875153541,5.506807717187623,0.0008579348423767799,true,REGION-4-MIXTURE-TABLE,SaturatedMixture,270.0459990501404,5.506846561613347,0.0008578897211983319,true,7.0538917861167194E-06,1.6286055025188687E-07
B1-PIECEWISE-REDUCED,exact-v9-5-to-6mwe,338784,3360,pressure,REGION-4-MIXTURE,SaturatedMixture,270.6935077905654,5.562783392689579,0.000916411596609241,true,REGION-4-MIXTURE-TABLE,SaturatedMixture,270.692617893219,5.56317507908601,0.0009159423151240679,true,7.041194466525081E-05,1.6363114271570848E-06
B1-PIECEWISE-REDUCED,exact-v9-5-to-6mwe,338784,3360,outlet,REGION-4-MIXTURE,SaturatedMixture,283.2220691144465,6.7341632905138695,0.07364853708977144,true,REGION-4-MIXTURE-TABLE,SaturatedMixture,283.2236156463623,6.734861555567135,0.07363929861046258,true,0.000103689949759466,2.779672096480163E-06
B1-PIECEWISE-REDUCED,exact-v9-5-to-6mwe,338784,3360,drum,REGION-4-MIXTURE,SaturatedMixture,272.32585906982433,5.705844868757024,0.041209807109108106,true,REGION-4-MIXTURE-TABLE,SaturatedMixture,272.3262906074524,5.7061702397193645,0.041206365174475366,true,5.7024151519187E-05,7.91121405071937E-07
B1-PIECEWISE-REDUCED,exact-v9-5-to-6mwe,338784,3360,feedwater-inventory,REGION-4-MIXTURE,SaturatedMixture,48.71400299817316,0.011584304042502129,3.6664323410854114E-05,true,REGION-4-MIXTURE-TABLE,SaturatedMixture,48.71400606632233,0.011595831127092646,3.662150020491845E-05,true,0.000995060605127891,9.532439604348776E-09
B1-PIECEWISE-REDUCED,exact-v9-5-to-6mwe,344784,3420,suction,REGION-4-MIXTURE,SaturatedMixture,270.06282575726516,5.508249459784203,0.0008568049707157653,true,REGION-4-MIXTURE-TABLE,SaturatedMixture,270.06270599365234,5.5083019435119756,0.000856744005643984,true,9.528204587655637E-06,2.2047272659375848E-07
B1-PIECEWISE-REDUCED,exact-v9-5-to-6mwe,344784,3420,pressure,REGION-4-MIXTURE,SaturatedMixture,270.7231227874755,5.565354240714251,0.0009168091489883651,true,REGION-4-MIXTURE-TABLE,SaturatedMixture,270.7222156524658,5.565753410844714,0.0009163305820065818,true,7.172411911217243E-05,1.6679165998277984E-06
B1-PIECEWISE-REDUCED,exact-v9-5-to-6mwe,344784,3420,outlet,REGION-4-MIXTURE,SaturatedMixture,283.4027534067633,6.752328165142736,0.07214143270317529,true,REGION-4-MIXTURE-TABLE,SaturatedMixture,283.40407848358154,6.752939954621873,0.07213338462644506,true,9.060422778244723E-05,2.380864725132537E-06
B1-PIECEWISE-REDUCED,exact-v9-5-to-6mwe,344784,3420,drum,REGION-4-MIXTURE,SaturatedMixture,272.3707235813141,5.709816110157342,0.041298075654385466,true,REGION-4-MIXTURE-TABLE,SaturatedMixture,272.37120389938354,5.710176622238885,0.041294257111925345,true,6.313900037897205E-05,8.804763021320405E-07
B1-PIECEWISE-REDUCED,exact-v9-5-to-6mwe,344784,3420,feedwater-inventory,REGION-4-MIXTURE,SaturatedMixture,48.739292983710754,0.011598983288564187,3.76047363253798E-05,true,REGION-4-MIXTURE-TABLE,SaturatedMixture,48.739296674728394,0.011610687744364159,3.7560131706321955E-05,true,0.0010090932548813786,1.1466730082480665E-08
B1-PIECEWISE-REDUCED,exact-v9-5-to-6mwe,350784,3480,suction,REGION-4-MIXTURE,SaturatedMixture,270.0794281482697,5.509679785602554,0.0008556833030399346,true,REGION-4-MIXTURE-TABLE,SaturatedMixture,270.07927799224854,5.509745570035504,0.0008556068939418605,true,1.1939792421660118E-05,2.764136355342204E-07
B1-PIECEWISE-REDUCED,exact-v9-5-to-6mwe,350784,3480,pressure,REGION-4-MIXTURE,SaturatedMixture,270.7524907827377,5.567904542519021,0.0009172037679597825,true,REGION-4-MIXTURE-TABLE,SaturatedMixture,270.7515687942505,5.568310433389904,0.000916716840971131,true,7.289831709273085E-05,1.6951356223687604E-06
B1-PIECEWISE-REDUCED,exact-v9-5-to-6mwe,350784,3480,outlet,REGION-4-MIXTURE,SaturatedMixture,283.581404775381,6.7703254480568225,0.0706757354364547,true,REGION-4-MIXTURE-TABLE,SaturatedMixture,283.5824222564697,6.7708060701328625,0.07066944894547254,true,7.098950851439416E-05,1.8275977967553416E-06
B1-PIECEWISE-REDUCED,exact-v9-5-to-6mwe,350784,3480,drum,REGION-4-MIXTURE,SaturatedMixture,272.41523357033736,5.713758055542784,0.04138580257893774,true,REGION-4-MIXTURE-TABLE,SaturatedMixture,272.4157590866089,5.714151060886739,0.041381633811901644,true,6.878228656779065E-05,9.632510269832322E-07
B1-PIECEWISE-REDUCED,exact-v9-5-to-6mwe,350784,3480,feedwater-inventory,REGION-4-MIXTURE,SaturatedMixture,48.76400166004896,0.011613340536697958,3.8556297528652304E-05,true,REGION-4-MIXTURE-TABLE,SaturatedMixture,48.76400601863861,0.01162520290586641,3.850993992650158E-05,true,0.0010214433246805692,1.3539608798387228E-08
B1-PIECEWISE-REDUCED,exact-v9-5-to-6mwe,356784,3540,suction,REGION-4-MIXTURE,SaturatedMixture,270.0950280129906,5.511024000382143,0.0008546284891913405,true,REGION-4-MIXTURE-TABLE,SaturatedMixture,270.094850063324,5.5111020904757115,0.0008545378030022345,true,1.4169797402985546E-05,3.2756796189511173E-07
B1-PIECEWISE-REDUCED,exact-v9-5-to-6mwe,356784,3540,pressure,REGION-4-MIXTURE,SaturatedMixture,270.78118436336524,5.570397140207878,0.0009176168266594888,true,REGION-4-MIXTURE-TABLE,SaturatedMixture,270.78024911880493,5.57080884521331,0.0009171226061011229,true,7.390945296533248E-05,1.719417064503393E-06
B1-PIECEWISE-REDUCED,exact-v9-5-to-6mwe,356784,3540,outlet,REGION-4-MIXTURE,SaturatedMixture,283.75422302484503,6.787769959667375,0.06929664510709205,true,REGION-4-MIXTURE-TABLE,SaturatedMixture,283.7548677921295,6.7880813122652786,0.06929259605989047,true,4.586964492812171E-05,1.1577705067169068E-06
B1-PIECEWISE-REDUCED,exact-v9-5-to-6mwe,356784,3540,drum,REGION-4-MIXTURE,SaturatedMixture,272.45532531738286,5.717310485824585,0.041453280580963016,true,REGION-4-MIXTURE-TABLE,SaturatedMixture,272.45588874816895,5.717730731128567,0.041448817560809495,true,7.350401994497393E-05,1.0326709801807482E-06
B1-PIECEWISE-REDUCED,exact-v9-5-to-6mwe,356784,3540,feedwater-inventory,REGION-4-MIXTURE,SaturatedMixture,48.78828783631326,0.011627467147162403,3.9494772359180835E-05,true,REGION-4-MIXTURE-TABLE,SaturatedMixture,48.78829288482666,0.011639469888688133,3.944671679635214E-05,true,0.0010322748173629051,1.5681618471157972E-08
B1-PIECEWISE-REDUCED,exact-v9-5-to-6mwe,362784,3600,suction,REGION-4-MIXTURE,SaturatedMixture,270.1072710335253,5.512079136764695,0.0008538000588545077,true,REGION-4-MIXTURE-TABLE,SaturatedMixture,270.1070713996887,5.512166720383004,0.0008536983535248482,true,1.588939783625255E-05,3.6747568275940205E-07
B1-PIECEWISE-REDUCED,exact-v9-5-to-6mwe,362784,3600,pressure,REGION-4-MIXTURE,SaturatedMixture,270.80531049966817,5.572493625460157,0.0009180126690343663,true,REGION-4-MIXTURE-TABLE,SaturatedMixture,270.80436515808105,5.572909651204782,0.0009175129754314533,true,7.465701579699381E-05,1.7379030388429343E-06
B1-PIECEWISE-REDUCED,exact-v9-5-to-6mwe,362784,3600,outlet,REGION-4-MIXTURE,SaturatedMixture,283.8935488522053,6.801858689105436,0.06827265782886191,true,REGION-4-MIXTURE-TABLE,SaturatedMixture,283.89384412765503,6.8020036781745725,0.06827078070994093,true,2.1316095462074752E-05,5.300760601904263E-07
B1-PIECEWISE-REDUCED,exact-v9-5-to-6mwe,362784,3600,drum,REGION-4-MIXTURE,SaturatedMixture,272.4857955574988,5.72001150588309,0.04148723189994979,true,REGION-4-MIXTURE-TABLE,SaturatedMixture,272.4863862991333,5.720451192039316,0.04148256009461097,true,7.686805450896666E-05,1.0826665686018602E-06
B1-PIECEWISE-REDUCED,exact-v9-5-to-6mwe,362784,3600,feedwater-inventory,REGION-4-MIXTURE,SaturatedMixture,48.81413910388949,0.0116425203302435,4.023817744488553E-05,true,REGION-4-MIXTURE-TABLE,SaturatedMixture,48.81414467096329,0.011654656162037126,4.018866294048147E-05,true,0.001042371535491503,1.729097474886098E-08
C1-TABULATED-SURROGATE,background-reference,0,0,suction,REGION-4-MIXTURE,SaturatedMixture,269.34476251006106,5.446657821393141,0.0009044047982072967,true,REGION-4-MIXTURE-TABLE,SaturatedMixture,269.3445448875427,5.446754800173249,0.0009042918854909194,true,1.7805190501745312E-05,4.011513720941341E-07
C1-TABULATED-SURROGATE,background-reference,0,0,pressure,REGION-4-MIXTURE,SaturatedMixture,269.4799217283727,5.4582106824633945,0.0009015025208173814,true,REGION-4-MIXTURE-TABLE,SaturatedMixture,269.47968101501465,5.458317858419896,0.0009013775614166062,true,1.9635730963265052E-05,4.436050213972482E-07
C1-TABULATED-SURROGATE,background-reference,0,0,outlet,REGION-4-MIXTURE,SaturatedMixture,275.1843705475329,5.963117165910907,0.18990745729760766,true,REGION-4-MIXTURE-TABLE,SaturatedMixture,275.1850576400757,5.96326106586482,0.18990522550009975,true,2.4131666360044756E-05,1.2530539387416367E-06
C1-TABULATED-SURROGATE,background-reference,0,0,drum,REGION-4-MIXTURE,SaturatedMixture,270.41057386994373,5.5382678699752335,0.036630469875386214,true,REGION-4-MIXTURE-TABLE,SaturatedMixture,270.4107370376587,5.538406882434064,0.0366290689571195,true,2.5100349440288564E-05,3.001831310119738E-07
C1-TABULATED-SURROGATE,background-reference,0,0,feedwater-inventory,REGION-1,SubcooledLiquid,47.52114057847865,0.12181746458054063,,false,UNRESOLVED,Unspecified,,,,false,,
C1-TABULATED-SURROGATE,background-reference,6000,60,suction,REGION-4-MIXTURE,SaturatedMixture,269.34476251006106,5.446657821393141,0.0009044047982072967,true,REGION-4-MIXTURE-TABLE,SaturatedMixture,269.3445448875427,5.446754800173249,0.0009042918854909194,true,1.7805190501745312E-05,4.011513720941341E-07
C1-TABULATED-SURROGATE,background-reference,6000,60,pressure,REGION-4-MIXTURE,SaturatedMixture,269.4799217283727,5.4582106824633945,0.0009015025208333786,true,REGION-4-MIXTURE-TABLE,SaturatedMixture,269.47968101501465,5.458317858419896,0.0009013775614325963,true,1.9635730963265052E-05,4.436050213972482E-07
C1-TABULATED-SURROGATE,background-reference,6000,60,outlet,REGION-4-MIXTURE,SaturatedMixture,275.1843705475329,5.963117165910907,0.18990745735097625,true,REGION-4-MIXTURE-TABLE,SaturatedMixture,275.1850576400757,5.96326106586482,0.18990522555346778,true,2.4131666360044756E-05,1.2530539387416367E-06
C1-TABULATED-SURROGATE,background-reference,6000,60,drum,REGION-4-MIXTURE,SaturatedMixture,270.41057386994373,5.5382678699752335,0.03663046987747153,true,REGION-4-MIXTURE-TABLE,SaturatedMixture,270.4107370376587,5.538406882434064,0.03662906895920473,true,2.5100349440288564E-05,3.001831310119738E-07
C1-TABULATED-SURROGATE,background-reference,6000,60,feedwater-inventory,REGION-1,SubcooledLiquid,47.52114057842988,0.12181746458051382,,false,UNRESOLVED,Unspecified,,,,false,,
C1-TABULATED-SURROGATE,background-reference,12000,120,suction,REGION-4-MIXTURE,SaturatedMixture,269.34476251006106,5.446657821393141,0.0009044047982072967,true,REGION-4-MIXTURE-TABLE,SaturatedMixture,269.3445448875427,5.446754800173249,0.0009042918854909194,true,1.7805190501745312E-05,4.011513720941341E-07
C1-TABULATED-SURROGATE,background-reference,12000,120,pressure,REGION-4-MIXTURE,SaturatedMixture,269.4799217283727,5.4582106824633945,0.0009015025208192097,true,REGION-4-MIXTURE-TABLE,SaturatedMixture,269.47968101501465,5.458317858419896,0.0009013775614184281,true,1.9635730963265052E-05,4.436050213972482E-07
C1-TABULATED-SURROGATE,background-reference,12000,120,outlet,REGION-4-MIXTURE,SaturatedMixture,275.1843705475329,5.963117165910907,0.18990745725188007,true,REGION-4-MIXTURE-TABLE,SaturatedMixture,275.1850576400757,5.96326106586482,0.18990522545437272,true,2.4131666360044756E-05,1.2530539387416367E-06
C1-TABULATED-SURROGATE,background-reference,12000,120,drum,REGION-4-MIXTURE,SaturatedMixture,270.41057386994373,5.5382678699752335,0.03663046988360346,true,REGION-4-MIXTURE-TABLE,SaturatedMixture,270.4107370376587,5.538406882434064,0.03662906896533646,true,2.5100349440288564E-05,3.001831310119738E-07
C1-TABULATED-SURROGATE,background-reference,12000,120,feedwater-inventory,REGION-1,SubcooledLiquid,47.52114057823661,0.12181746458040743,,false,UNRESOLVED,Unspecified,,,,false,,
C1-TABULATED-SURROGATE,background-reference,18000,180,suction,REGION-4-MIXTURE,SaturatedMixture,269.34476251006106,5.446657821393141,0.0009044047982072967,true,REGION-4-MIXTURE-TABLE,SaturatedMixture,269.3445448875427,5.446754800173249,0.0009042918854909194,true,1.7805190501745312E-05,4.011513720941341E-07
C1-TABULATED-SURROGATE,background-reference,18000,180,pressure,REGION-4-MIXTURE,SaturatedMixture,269.4799217283727,5.4582106824633945,0.0009015025208440037,true,REGION-4-MIXTURE-TABLE,SaturatedMixture,269.47968101501465,5.458317858419896,0.000901377561443221,true,1.9635730963265052E-05,4.436050213972482E-07
C1-TABULATED-SURROGATE,background-reference,18000,180,outlet,REGION-4-MIXTURE,SaturatedMixture,275.1843705475329,5.963117165910907,0.18990745708466342,true,REGION-4-MIXTURE-TABLE,SaturatedMixture,275.1850576400757,5.96326106586482,0.1899052252871579,true,2.4131666360044756E-05,1.2530539387416367E-06
C1-TABULATED-SURROGATE,background-reference,18000,180,drum,REGION-4-MIXTURE,SaturatedMixture,270.41057386994373,5.5382678699752335,0.036630469885910386,true,REGION-4-MIXTURE-TABLE,SaturatedMixture,270.4107370376587,5.538406882434064,0.036629068967643306,true,2.5100349440288564E-05,3.001831310119738E-07
C1-TABULATED-SURROGATE,background-reference,18000,180,feedwater-inventory,REGION-1,SubcooledLiquid,47.52114057808484,0.12181746458032389,,false,UNRESOLVED,Unspecified,,,,false,,
C1-TABULATED-SURROGATE,background-reference,24000,240,suction,REGION-4-MIXTURE,SaturatedMixture,269.34476251006106,5.446657821393141,0.0009044047982072967,true,REGION-4-MIXTURE-TABLE,SaturatedMixture,269.3445448875427,5.446754800173249,0.0009042918854909194,true,1.7805190501745312E-05,4.011513720941341E-07
C1-TABULATED-SURROGATE,background-reference,24000,240,pressure,REGION-4-MIXTURE,SaturatedMixture,269.4799217283727,5.4582106824633945,0.0009015025208314689,true,REGION-4-MIXTURE-TABLE,SaturatedMixture,269.47968101501465,5.458317858419896,0.0009013775614306867,true,1.9635730963265052E-05,4.436050213972482E-07
C1-TABULATED-SURROGATE,background-reference,24000,240,outlet,REGION-4-MIXTURE,SaturatedMixture,275.1843705892562,5.963117169729576,0.18990745707138953,true,REGION-4-MIXTURE-TABLE,SaturatedMixture,275.1850576400757,5.96326106586482,0.18990522513955915,true,2.4131025963255834E-05,1.2529778476714122E-06
C1-TABULATED-SURROGATE,background-reference,24000,240,drum,REGION-4-MIXTURE,SaturatedMixture,270.41057386994373,5.5382678699752335,0.03663046988806629,true,REGION-4-MIXTURE-TABLE,SaturatedMixture,270.4107370376587,5.538406882434064,0.03662906896979913,true,2.5100349440288564E-05,3.001831310119738E-07
C1-TABULATED-SURROGATE,background-reference,24000,240,feedwater-inventory,REGION-1,SubcooledLiquid,47.52114057735906,0.12181746457992443,,false,UNRESOLVED,Unspecified,,,,false,,
C1-TABULATED-SURROGATE,background-reference,30000,300,suction,REGION-4-MIXTURE,SaturatedMixture,269.34476251006106,5.446657821393141,0.0009044047982072967,true,REGION-4-MIXTURE-TABLE,SaturatedMixture,269.3445448875427,5.446754800173249,0.0009042918854909194,true,1.7805190501745312E-05,4.011513720941341E-07
C1-TABULATED-SURROGATE,background-reference,30000,300,pressure,REGION-4-MIXTURE,SaturatedMixture,269.4799217283727,5.4582106824633945,0.0009015025208659237,true,REGION-4-MIXTURE-TABLE,SaturatedMixture,269.47968101501465,5.458317858419896,0.0009013775614651402,true,1.9635730963265052E-05,4.436050213972482E-07
C1-TABULATED-SURROGATE,background-reference,30000,300,outlet,REGION-4-MIXTURE,SaturatedMixture,275.18437056839457,5.963117167820244,0.18990745678322932,true,REGION-4-MIXTURE-TABLE,SaturatedMixture,275.1850576400757,5.96326106586482,0.18990522491856437,true,2.413134616112887E-05,1.253015893206523E-06
C1-TABULATED-SURROGATE,background-reference,30000,300,drum,REGION-4-MIXTURE,SaturatedMixture,270.41057386994373,5.5382678699752335,0.0366304698911451,true,REGION-4-MIXTURE-TABLE,SaturatedMixture,270.4107370376587,5.538406882434064,0.036629068972877835,true,2.5100349440288564E-05,3.001831310119738E-07
C1-TABULATED-SURROGATE,background-reference,30000,300,feedwater-inventory,REGION-1,SubcooledLiquid,47.521140576642495,0.12181746457953008,,false,UNRESOLVED,Unspecified,,,,false,,
C1-TABULATED-SURROGATE,background-reference,36000,360,suction,REGION-4-MIXTURE,SaturatedMixture,269.34476251006106,5.446657821393141,0.0009044047982072967,true,REGION-4-MIXTURE-TABLE,SaturatedMixture,269.3445448875427,5.446754800173249,0.0009042918854909194,true,1.7805190501745312E-05,4.011513720941341E-07
C1-TABULATED-SURROGATE,background-reference,36000,360,pressure,REGION-4-MIXTURE,SaturatedMixture,269.4799217283727,5.4582106824633945,0.0009015025209116863,true,REGION-4-MIXTURE-TABLE,SaturatedMixture,269.47968101501465,5.458317858419896,0.0009013775615109007,true,1.9635730963265052E-05,4.436050213972482E-07
C1-TABULATED-SURROGATE,background-reference,36000,360,outlet,REGION-4-MIXTURE,SaturatedMixture,275.18437056839457,5.963117167820244,0.18990745654153707,true,REGION-4-MIXTURE-TABLE,SaturatedMixture,275.1850576400757,5.96326106586482,0.1899052246768748,true,2.413134616112887E-05,1.253015893206523E-06
C1-TABULATED-SURROGATE,background-reference,36000,360,drum,REGION-4-MIXTURE,SaturatedMixture,270.41057386994373,5.5382678699752335,0.036630469895552936,true,REGION-4-MIXTURE-TABLE,SaturatedMixture,270.4107370376587,5.538406882434064,0.03662906897728552,true,2.5100349440288564E-05,3.001831310119738E-07
C1-TABULATED-SURROGATE,background-reference,36000,360,feedwater-inventory,REGION-1,SubcooledLiquid,47.521140575730726,0.12181746457902826,,false,UNRESOLVED,Unspecified,,,,false,,
C1-TABULATED-SURROGATE,background-reference,42000,420,suction,REGION-4-MIXTURE,SaturatedMixture,269.34476251006106,5.446657821393141,0.0009044047982072967,true,REGION-4-MIXTURE-TABLE,SaturatedMixture,269.3445448875427,5.446754800173249,0.0009042918854909194,true,1.7805190501745312E-05,4.011513720941341E-07
C1-TABULATED-SURROGATE,background-reference,42000,420,pressure,REGION-4-MIXTURE,SaturatedMixture,269.4799217283727,5.4582106824633945,0.0009015025209459658,true,REGION-4-MIXTURE-TABLE,SaturatedMixture,269.47968101501465,5.458317858419896,0.0009013775615451787,true,1.9635730963265052E-05,4.436050213972482E-07
C1-TABULATED-SURROGATE,background-reference,42000,420,outlet,REGION-4-MIXTURE,SaturatedMixture,275.18437056839457,5.963117167820244,0.18990745628161176,true,REGION-4-MIXTURE-TABLE,SaturatedMixture,275.1850576400757,5.96326106586482,0.18990522441695232,true,2.413134616112887E-05,1.253015893206523E-06
C1-TABULATED-SURROGATE,background-reference,42000,420,drum,REGION-4-MIXTURE,SaturatedMixture,270.41057386994373,5.5382678699752335,0.03663046990010211,true,REGION-4-MIXTURE-TABLE,SaturatedMixture,270.4107370376587,5.538406882434064,0.03662906898183453,true,2.5100349440288564E-05,3.001831310119738E-07
C1-TABULATED-SURROGATE,background-reference,42000,420,feedwater-inventory,REGION-1,SubcooledLiquid,47.52114057481543,0.12181746457852446,,false,UNRESOLVED,Unspecified,,,,false,,
C1-TABULATED-SURROGATE,background-reference,48000,480,suction,REGION-4-MIXTURE,SaturatedMixture,269.34476251006106,5.446657821393141,0.0009044047982072967,true,REGION-4-MIXTURE-TABLE,SaturatedMixture,269.3445448875427,5.446754800173249,0.0009042918854909194,true,1.7805190501745312E-05,4.011513720941341E-07
C1-TABULATED-SURROGATE,background-reference,48000,480,pressure,REGION-4-MIXTURE,SaturatedMixture,269.4799217283727,5.4582106824633945,0.0009015025210119517,true,REGION-4-MIXTURE-TABLE,SaturatedMixture,269.47968101501465,5.458317858419896,0.0009013775616111617,true,1.9635730963265052E-05,4.436050213972482E-07
C1-TABULATED-SURROGATE,background-reference,48000,480,outlet,REGION-4-MIXTURE,SaturatedMixture,275.18437056839457,5.963117167820244,0.18990745596832528,true,REGION-4-MIXTURE-TABLE,SaturatedMixture,275.1850576400757,5.96326106586482,0.18990522410366933,true,2.413134616112887E-05,1.253015893206523E-06
C1-TABULATED-SURROGATE,background-reference,48000,480,drum,REGION-4-MIXTURE,SaturatedMixture,270.41057386994373,5.5382678699752335,0.03663046990652133,true,REGION-4-MIXTURE-TABLE,SaturatedMixture,270.4107370376587,5.538406882434064,0.036629068988253535,true,2.5100349440288564E-05,3.001831310119738E-07
C1-TABULATED-SURROGATE,background-reference,48000,480,feedwater-inventory,REGION-1,SubcooledLiquid,47.5211405735958,0.1218174645778532,,false,UNRESOLVED,Unspecified,,,,false,,
C1-TABULATED-SURROGATE,background-reference,54000,540,suction,REGION-4-MIXTURE,SaturatedMixture,269.34476251006106,5.446657821393141,0.0009044047982072967,true,REGION-4-MIXTURE-TABLE,SaturatedMixture,269.3445448875427,5.446754800173249,0.0009042918854909194,true,1.7805190501745312E-05,4.011513720941341E-07
C1-TABULATED-SURROGATE,background-reference,54000,540,pressure,REGION-4-MIXTURE,SaturatedMixture,269.4799217283727,5.4582106824633945,0.000901502521094229,true,REGION-4-MIXTURE-TABLE,SaturatedMixture,269.47968101501465,5.458317858419896,0.0009013775616934354,true,1.9635730963265052E-05,4.436050213972482E-07
C1-TABULATED-SURROGATE,background-reference,54000,540,outlet,REGION-4-MIXTURE,SaturatedMixture,275.1843705892562,5.963117169729576,0.1899074556347955,true,REGION-4-MIXTURE-TABLE,SaturatedMixture,275.1850576400757,5.96326106586482,0.18990522370298096,true,2.4131025963255834E-05,1.2529778476714122E-06
C1-TABULATED-SURROGATE,background-reference,54000,540,drum,REGION-4-MIXTURE,SaturatedMixture,270.41057386994373,5.5382678699752335,0.036630469913993186,true,REGION-4-MIXTURE-TABLE,SaturatedMixture,270.4107370376587,5.538406882434064,0.036629068995725114,true,2.5100349440288564E-05,3.001831310119738E-07
C1-TABULATED-SURROGATE,background-reference,54000,540,feedwater-inventory,REGION-1,SubcooledLiquid,47.52114057219461,0.12181746457708201,,false,UNRESOLVED,Unspecified,,,,false,,
C1-TABULATED-SURROGATE,background-reference,60000,600,suction,REGION-4-MIXTURE,SaturatedMixture,269.34476251006106,5.446657821393141,0.0009044047982072967,true,REGION-4-MIXTURE-TABLE,SaturatedMixture,269.3445448875427,5.446754800173249,0.0009042918854909194,true,1.7805190501745312E-05,4.011513720941341E-07
C1-TABULATED-SURROGATE,background-reference,60000,600,pressure,REGION-4-MIXTURE,SaturatedMixture,269.4799217283727,5.4582106824633945,0.0009015025211569903,true,REGION-4-MIXTURE-TABLE,SaturatedMixture,269.47968101501465,5.458317858419896,0.000901377561756194,true,1.9635730963265052E-05,4.436050213972482E-07
C1-TABULATED-SURROGATE,background-reference,60000,600,outlet,REGION-4-MIXTURE,SaturatedMixture,275.1843705892562,5.963117169729576,0.18990745521779132,true,REGION-4-MIXTURE-TABLE,SaturatedMixture,275.1850576400757,5.96326106586482,0.18990522328598136,true,2.4131025963255834E-05,1.2529778476714122E-06
C1-TABULATED-SURROGATE,background-reference,60000,600,drum,REGION-4-MIXTURE,SaturatedMixture,270.41057386994373,5.5382678699752335,0.036630469924585435,true,REGION-4-MIXTURE-TABLE,SaturatedMixture,270.4107370376587,5.538406882434064,0.036629069006317,true,2.5100349440288564E-05,3.001831310119738E-07
C1-TABULATED-SURROGATE,background-reference,60000,600,feedwater-inventory,REGION-1,SubcooledLiquid,47.521140570721,0.12181746457627096,,false,UNRESOLVED,Unspecified,,,,false,,
C1-TABULATED-SURROGATE,exact-v9-5-to-6mwe,2784,0,suction,REGION-4-MIXTURE,SaturatedMixture,269.3758408248424,5.449312614917401,0.000902381271361201,true,REGION-4-MIXTURE-TABLE,SaturatedMixture,269.3756146430969,5.449413314960546,0.00090226403906011,true,1.8479402864378166E-05,4.16905018048692E-07
C1-TABULATED-SURROGATE,exact-v9-5-to-6mwe,2784,0,pressure,REGION-4-MIXTURE,SaturatedMixture,269.4845352351666,5.458605356238655,0.0008997551380735252,true,REGION-4-MIXTURE-TABLE,SaturatedMixture,269.48429441452026,5.4587126085744,0.0008996301573605495,true,1.9648303686667148E-05,4.437989672917817E-07
C1-TABULATED-SURROGATE,exact-v9-5-to-6mwe,2784,0,outlet,REGION-4-MIXTURE,SaturatedMixture,275.8487251222133,6.024158228030869,0.1958812351730021,true,REGION-4-MIXTURE-TABLE,SaturatedMixture,275.849324464798,6.024282379725287,0.19587931176588477,true,2.0608969704793876E-05,1.0917012321745867E-06
C1-TABULATED-SURROGATE,exact-v9-5-to-6mwe,2784,0,drum,REGION-4-MIXTURE,SaturatedMixture,270.7234599530699,5.565383514941363,0.036759643123033474,true,REGION-4-MIXTURE-TABLE,SaturatedMixture,270.7235960960388,5.565498634245652,0.03675847806646138,true,2.0684882538668085E-05,2.5032103779908843E-07
C1-TABULATED-SURROGATE,exact-v9-5-to-6mwe,2784,0,feedwater-inventory,REGION-1,SubcooledLiquid,47.522770723017004,0.16968907902364633,,false,UNRESOLVED,Unspecified,,,,false,,
C1-TABULATED-SURROGATE,exact-v9-5-to-6mwe,8784,60,suction,REGION-4-MIXTURE,SaturatedMixture,269.286198878288,5.441657841867017,0.0009082089892899667,true,REGION-4-MIXTURE-TABLE,SaturatedMixture,269.28600215911865,5.441745532915492,0.0009081068609733957,true,1.611476704771493E-05,3.6265863114111246E-07
C1-TABULATED-SURROGATE,exact-v9-5-to-6mwe,8784,60,pressure,REGION-4-MIXTURE,SaturatedMixture,269.5075922548773,5.4605781522424275,0.0009032234349990809,true,REGION-4-MIXTURE-TABLE,SaturatedMixture,269.50735092163086,5.460685461723824,0.0009030981753307207,true,1.9651670281972567E-05,4.447247212241438E-07
C1-TABULATED-SURROGATE,exact-v9-5-to-6mwe,8784,60,outlet,REGION-4-MIXTURE,SaturatedMixture,275.26000683307655,5.970042719140328,0.22868431485697216,true,REGION-4-MIXTURE-TABLE,SaturatedMixture,275.2610054016113,5.970237828847984,0.22868137651606496,true,3.268145921811952E-05,1.8208430231777364E-06
C1-TABULATED-SURROGATE,exact-v9-5-to-6mwe,8784,60,drum,REGION-4-MIXTURE,SaturatedMixture,269.93746799826624,5.497458813549572,0.03627074384046728,true,REGION-4-MIXTURE-TABLE,SaturatedMixture,269.9375081062317,5.497492292538082,0.036270405387121306,true,6.089902561497101E-06,7.385176018598725E-08
C1-TABULATED-SURROGATE,exact-v9-5-to-6mwe,8784,60,feedwater-inventory,REGION-4-MIXTURE,SaturatedMixture,47.514584347605705,0.010906180173376944,2.1513591917951847E-07,true,REGION-4-MIXTURE-TABLE,SaturatedMixture,47.51457995176315,0.010909161539636735,2.1499851349854116E-07,true,0.0002733648456559083,1.3708537726822657E-08
C1-TABULATED-SURROGATE,exact-v9-5-to-6mwe,14784,120,suction,REGION-4-MIXTURE,SaturatedMixture,268.43746053576467,5.369587904517404,0.0009620480858722721,true,REGION-4-MIXTURE-TABLE,SaturatedMixture,268.4372272491455,5.369693110797504,0.0009619250839428081,true,1.959298962432939E-05,4.3074597578918375E-07
C1-TABULATED-SURROGATE,exact-v9-5-to-6mwe,14784,120,pressure,REGION-4-MIXTURE,SaturatedMixture,269.2245281159875,5.436396374605828,0.0008928844818294307,true,REGION-4-MIXTURE-TABLE,SaturatedMixture,269.22435998916626,5.43647105883559,0.0008927980409302054,true,1.3737819065269812E-05,3.0998288545439295E-07
C1-TABULATED-SURROGATE,exact-v9-5-to-6mwe,14784,120,outlet,REGION-4-MIXTURE,SaturatedMixture,273.84035230278926,5.841073342563729,0.2245357760629698,true,REGION-4-MIXTURE-TABLE,SaturatedMixture,273.84104919433594,5.841206907764353,0.2245337303336768,true,2.286655085303139E-05,1.2740472363864141E-06
C1-TABULATED-SURROGATE,exact-v9-5-to-6mwe,14784,120,drum,REGION-4-MIXTURE,SaturatedMixture,268.4353395342828,5.369408719353976,0.03444423683968542,true,REGION-4-MIXTURE-TABLE,SaturatedMixture,268.43549489974976,5.369546647044929,0.03444288128320889,true,2.5687687073595328E-05,2.868716260196127E-07
C1-TABULATED-SURROGATE,exact-v9-5-to-6mwe,14784,120,feedwater-inventory,REGION-4-MIXTURE,SaturatedMixture,47.497136956453346,0.01089657309619546,1.6027856383916987E-06,true,REGION-4-MIXTURE-TABLE,SaturatedMixture,47.497132778167725,0.010899556407402687,1.6021963072180902E-06,true,0.00027378435228134424,1.3030790360868552E-08
C1-TABULATED-SURROGATE,exact-v9-5-to-6mwe,20784,180,suction,REGION-4-MIXTURE,SaturatedMixture,267.78551645874984,5.314725369421499,0.001001791617465924,true,REGION-4-MIXTURE-TABLE,SaturatedMixture,267.78535890579224,5.314797117681719,0.0010017074496543117,true,1.3499899850511193E-05,2.912601461897477E-07
C1-TABULATED-SURROGATE,exact-v9-5-to-6mwe,20784,180,pressure,REGION-4-MIXTURE,SaturatedMixture,268.6578054487708,5.3882278416122125,0.0008686230330322349,true,REGION-4-MIXTURE-TABLE,SaturatedMixture,268.6575903892517,5.388324001603204,0.0008685138058006307,true,1.7846311221027734E-05,3.96929532763131E-07
C1-TABULATED-SURROGATE,exact-v9-5-to-6mwe,20784,180,outlet,REGION-4-MIXTURE,SaturatedMixture,273.6215528190136,5.821387152991723,0.22761378261997248,true,REGION-4-MIXTURE-TABLE,SaturatedMixture,273.6227855682373,5.821622236831564,0.22761019285528653,true,4.038278741176297E-05,2.2545964898431635E-06
C1-TABULATED-SURROGATE,exact-v9-5-to-6mwe,20784,180,drum,REGION-4-MIXTURE,SaturatedMixture,268.32134410142896,5.359784941479276,0.03395045495361322,true,REGION-4-MIXTURE-TABLE,SaturatedMixture,268.3214774131775,5.359906889047087,0.03394926727177274,true,2.2752324793327167E-05,2.4620277689599016E-07
C1-TABULATED-SURROGATE,exact-v9-5-to-6mwe,20784,180,feedwater-inventory,REGION-4-MIXTURE,SaturatedMixture,47.46560525596135,0.01087922919921552,2.5205747065400563E-06,true,REGION-4-MIXTURE-TABLE,SaturatedMixture,47.465601325035095,0.010882197505388325,2.519691475794583E-06,true,0.0002728415881723426,1.2260558095999976E-08
C1-TABULATED-SURROGATE,exact-v9-5-to-6mwe,26784,240,suction,REGION-4-MIXTURE,SaturatedMixture,267.5165805220603,5.292218956694819,0.0010177871326755921,true,REGION-4-MIXTURE-TABLE,SaturatedMixture,267.5163474082947,5.292325244905097,0.0010176623202938703,true,2.008386484916944E-05,4.3115993109426965E-07
C1-TABULATED-SURROGATE,exact-v9-5-to-6mwe,26784,240,pressure,REGION-4-MIXTURE,SaturatedMixture,268.18782694339745,5.348529845081322,0.000848616322960396,true,REGION-4-MIXTURE-TABLE,SaturatedMixture,268.1876811981201,5.348594912498976,0.0008485435397134818,true,1.2165477157003011E-05,2.692316518125238E-07
C1-TABULATED-SURROGATE,exact-v9-5-to-6mwe,26784,240,outlet,REGION-4-MIXTURE,SaturatedMixture,273.6084401816131,5.820208972163369,0.22974826723444455,true,REGION-4-MIXTURE-TABLE,SaturatedMixture,273.60969638824463,5.820447752161266,0.2297446296012626,true,4.1026017972709336E-05,2.2975532505849777E-06
C1-TABULATED-SURROGATE,exact-v9-5-to-6mwe,26784,240,drum,REGION-4-MIXTURE,SaturatedMixture,268.3765215992928,5.364441516840209,0.03398037809656801,true,REGION-4-MIXTURE-TABLE,SaturatedMixture,268.37666511535645,5.364572805736321,0.03397909785088825,true,2.447391693988633E-05,2.6502130167302637E-07
C1-TABULATED-SURROGATE,exact-v9-5-to-6mwe,26784,240,feedwater-inventory,REGION-4-MIXTURE,SaturatedMixture,47.42490748912098,0.010856878601495297,3.1764548628204034E-06,true,REGION-4-MIXTURE-TABLE,SaturatedMixture,47.42490369081497,0.010859792377350876,3.175380084505836E-06,true,0.00026838062416746075,1.1848419580930659E-08
C1-TABULATED-SURROGATE,exact-v9-5-to-6mwe,32784,300,suction,REGION-4-MIXTURE,SaturatedMixture,267.45358095765107,5.286957257032961,0.001021500856893961,true,REGION-4-MIXTURE-TABLE,SaturatedMixture,267.4533495903015,5.287062722803563,0.0010213769779577376,true,1.9948292652037873E-05,4.279796836465021E-07
C1-TABULATED-SURROGATE,exact-v9-5-to-6mwe,32784,300,pressure,REGION-4-MIXTURE,SaturatedMixture,267.90293265581147,5.324574454639616,0.0008365347013581999,true,REGION-4-MIXTURE-TABLE,SaturatedMixture,267.90284967422485,5.324611707858001,0.0008364934248349605,true,6.996468675972528E-06,1.533705513952898E-07
C1-TABULATED-SURROGATE,exact-v9-5-to-6mwe,32784,300,outlet,REGION-4-MIXTURE,SaturatedMixture,273.68795581161976,5.827356310544289,0.23069780958403946,true,REGION-4-MIXTURE-TABLE,SaturatedMixture,273.68909072875977,5.827571761143928,0.23069453074217677,true,3.6972271499751396E-05,2.075417640537715E-06
C1-TABULATED-SURROGATE,exact-v9-5-to-6mwe,32784,300,drum,REGION-4-MIXTURE,SaturatedMixture,268.495750629902,5.37451412029269,0.034132733862728346,true,REGION-4-MIXTURE-TABLE,SaturatedMixture,268.4959053993225,5.374654131992344,0.034131364237180356,true,2.6051043223623423E-05,2.857391945802993E-07
C1-TABULATED-SURROGATE,exact-v9-5-to-6mwe,32784,300,feedwater-inventory,REGION-4-MIXTURE,SaturatedMixture,47.38116506189107,0.010832899915982661,3.713817922534957E-06,true,REGION-4-MIXTURE-TABLE,SaturatedMixture,47.38116151094437,0.010835711146109348,3.712617138739784E-06,true,0.0002595085478948531,1.1078319639962511E-08
C1-TABULATED-SURROGATE,exact-v9-5-to-6mwe,38784,360,suction,REGION-4-MIXTURE,SaturatedMixture,267.50258015990255,5.291049306341158,0.0010186135204932804,true,REGION-4-MIXTURE-TABLE,SaturatedMixture,267.5023465156555,5.2911556804772815,0.0010184885890561022,true,2.010454447969157E-05,4.3215228338171274E-07
C1-TABULATED-SURROGATE,exact-v9-5-to-6mwe,38784,360,pressure,REGION-4-MIXTURE,SaturatedMixture,267.7772412359715,5.314031753785513,0.000831091383927257,true,REGION-4-MIXTURE-TABLE,SaturatedMixture,267.7770776748657,5.314105345138371,0.0008310101986410802,true,1.3848497010835294E-05,3.023717300263229E-07
C1-TABULATED-SURROGATE,exact-v9-5-to-6mwe,38784,360,outlet,REGION-4-MIXTURE,SaturatedMixture,273.8153027057647,5.838816965987687,0.23110873263167547,true,REGION-4-MIXTURE-TABLE,SaturatedMixture,273.8160994052887,5.838968177394723,0.23110643104772274,true,2.5897610409333464E-05,1.4565814688346117E-06
C1-TABULATED-SURROGATE,exact-v9-5-to-6mwe,38784,360,drum,REGION-4-MIXTURE,SaturatedMixture,268.64694446921374,5.3873079079899195,0.03435419882027748,true,REGION-4-MIXTURE-TABLE,SaturatedMixture,268.6470880508423,5.387436067622883,0.034352939065817226,true,2.3789179150831704E-05,2.6501003745968175E-07
C1-TABULATED-SURROGATE,exact-v9-5-to-6mwe,38784,360,feedwater-inventory,REGION-4-MIXTURE,SaturatedMixture,47.339702007174424,0.010810212751176797,4.164322187595139E-06,true,REGION-4-MIXTURE-TABLE,SaturatedMixture,47.33969867229462,0.01081288475271952,4.163050561958951E-06,true,0.0002471738164849819,1.0405575549183634E-08
C1-TABULATED-SURROGATE,exact-v9-5-to-6mwe,44784,420,suction,REGION-4-MIXTURE,SaturatedMixture,267.61186883449557,5.300184997454784,0.0010121460685883431,true,REGION-4-MIXTURE-TABLE,SaturatedMixture,267.61164712905884,5.300286106134381,0.0010120273848177428,true,1.907644349118716E-05,4.099871856851191E-07
C1-TABULATED-SURROGATE,exact-v9-5-to-6mwe,44784,420,pressure,REGION-4-MIXTURE,SaturatedMixture,267.76519510746004,5.313022190553194,0.0008303266200798215,true,REGION-4-MIXTURE-TABLE,SaturatedMixture,267.765025138855,5.313098536662195,0.0008302424305526188,true,1.4369619825177248E-05,3.142241271859163E-07
C1-TABULATED-SURROGATE,exact-v9-5-to-6mwe,44784,420,outlet,REGION-4-MIXTURE,SaturatedMixture,273.96743665337556,5.852530896965095,0.23127986056507,true,REGION-4-MIXTURE-TABLE,SaturatedMixture,273.9676034450531,5.8525625486457225,0.23127937916054794,true,5.408203935153784E-06,3.048553498192711E-07
C1-TABULATED-SURROGATE,exact-v9-5-to-6mwe,44784,420,drum,REGION-4-MIXTURE,SaturatedMixture,268.8133836925032,5.401418612951234,0.03461393489815718,true,REGION-4-MIXTURE-TABLE,SaturatedMixture,268.8134808540344,5.401503965482899,0.034613091334411025,true,1.5801873133844133E-05,1.7927692934114353E-07
C1-TABULATED-SURROGATE,exact-v9-5-to-6mwe,44784,420,feedwater-inventory,REGION-4-MIXTURE,SaturatedMixture,47.30439080595971,0.010790923865630127,4.5546867515225665E-06,true,REGION-4-MIXTURE-TABLE,SaturatedMixture,47.304387748241425,0.010793445151629857,4.553380440348795E-06,true,0.00023364876178579168,9.541820540064688E-09
C1-TABULATED-SURROGATE,exact-v9-5-to-6mwe,50784,480,suction,REGION-4-MIXTURE,SaturatedMixture,267.7532800316808,5.312023754688277,0.0010037211418976318,true,REGION-4-MIXTURE-TABLE,SaturatedMixture,267.75310611724854,5.312102881310459,0.0010036283010248467,true,1.4895758346662798E-05,3.21525933883411E-07
C1-TABULATED-SURROGATE,exact-v9-5-to-6mwe,50784,480,pressure,REGION-4-MIXTURE,SaturatedMixture,267.82730354666717,5.318228950815844,0.000832610772089108,true,REGION-4-MIXTURE-TABLE,SaturatedMixture,267.82716846466064,5.318289678767315,0.0008325436779634961,true,1.1418829845927424E-05,2.496999516191849E-07
C1-TABULATED-SURROGATE,exact-v9-5-to-6mwe,50784,480,outlet,REGION-4-MIXTURE,SaturatedMixture,274.1351564466953,5.867678282042666,0.2313532627344529,true,REGION-4-MIXTURE-TABLE,SaturatedMixture,274.1357719898224,5.867796443761336,0.23135147855669638,true,2.0137729607925736E-05,1.124721034056817E-06
C1-TABULATED-SURROGATE,exact-v9-5-to-6mwe,50784,480,drum,REGION-4-MIXTURE,SaturatedMixture,268.9904044747353,5.416457373256479,0.03489787790235481,true,REGION-4-MIXTURE-TABLE,SaturatedMixture,268.99041080474854,5.416462740305329,0.03489782472172412,true,9.908780739771005E-07,1.16759665110505E-08
C1-TABULATED-SURROGATE,exact-v9-5-to-6mwe,50784,480,feedwater-inventory,REGION-4-MIXTURE,SaturatedMixture,47.27766643762595,0.010776345236494038,4.903501824272255E-06,true,REGION-4-MIXTURE-TABLE,SaturatedMixture,47.277663588523865,0.010778732792259608,4.902174736581141E-06,true,0.0002215552409628452,8.89156083228031E-09
C1-TABULATED-SURROGATE,exact-v9-5-to-6mwe,56784,540,suction,REGION-4-MIXTURE,SaturatedMixture,267.9171129286291,5.325764864415422,0.000993880223736067,true,REGION-4-MIXTURE-TABLE,SaturatedMixture,267.91704177856445,5.325797245153316,0.000993842257400943,true,6.080016432952933E-06,1.3149951813266204E-07
C1-TABULATED-SURROGATE,exact-v9-5-to-6mwe,56784,540,pressure,REGION-4-MIXTURE,SaturatedMixture,267.93677989244463,5.327416208943265,0.0008368562369661239,true,REGION-4-MIXTURE-TABLE,SaturatedMixture,267.93672370910645,5.327441375026026,0.0008368283299031845,true,4.723881479087777E-06,1.0383424669733846E-07
C1-TABULATED-SURROGATE,exact-v9-5-to-6mwe,56784,540,outlet,REGION-4-MIXTURE,SaturatedMixture,274.3160987555981,5.884053386862921,0.23144688595782345,true,REGION-4-MIXTURE-TABLE,SaturatedMixture,274.31723713874817,5.884271974342251,0.231443584501185,true,3.714913257217832E-05,2.0793673848765057E-06
C1-TABULATED-SURROGATE,exact-v9-5-to-6mwe,56784,540,drum,REGION-4-MIXTURE,SaturatedMixture,269.1776982307432,5.43240365851685,0.0352112038679234,true,REGION-4-MIXTURE-TABLE,SaturatedMixture,269.177791595459,5.432486387534409,0.03521038590109035,true,1.5228805287586276E-05,1.7215553637661426E-07
C1-TABULATED-SURROGATE,exact-v9-5-to-6mwe,56784,540,feedwater-inventory,REGION-4-MIXTURE,SaturatedMixture,47.260731856524956,0.010767115875810392,5.216695574315027E-06,true,REGION-4-MIXTURE-TABLE,SaturatedMixture,47.26072919368744,0.010769409958345123,5.215342673657372E-06,true,0.00021306379175175616,8.310700148151212E-09
C1-TABULATED-SURROGATE,exact-v9-5-to-6mwe,62784,600,suction,REGION-4-MIXTURE,SaturatedMixture,268.08787213563915,5.340115774031272,0.0009835311402743585,true,REGION-4-MIXTURE-TABLE,SaturatedMixture,268.0877962112427,5.3401500052302495,0.0009834910561758092,true,6.410197910703085E-06,1.4027916444544462E-07
C1-TABULATED-SURROGATE,exact-v9-5-to-6mwe,62784,600,pressure,REGION-4-MIXTURE,SaturatedMixture,268.0753684282305,5.33906393925502,0.0008423568271336936,true,REGION-4-MIXTURE-TABLE,SaturatedMixture,268.07530212402344,5.3390936762335475,0.0008423237122496648,true,5.5696988958974764E-06,1.2250757433143705E-07
C1-TABULATED-SURROGATE,exact-v9-5-to-6mwe,62784,600,outlet,REGION-4-MIXTURE,SaturatedMixture,274.4903302550314,5.899854121915706,0.2314382016979415,true,REGION-4-MIXTURE-TABLE,SaturatedMixture,274.4916458129883,5.900106835543037,0.23143438325696333,true,4.283387726342659E-05,2.4022298655169335E-06
C1-TABULATED-SURROGATE,exact-v9-5-to-6mwe,62784,600,drum,REGION-4-MIXTURE,SaturatedMixture,269.35565841197956,5.447588466292596,0.035515781309136615,true,REGION-4-MIXTURE-TABLE,SaturatedMixture,269.3558077812195,5.447718520963882,0.03551448746821173,true,2.3873806197073858E-05,2.753321326786688E-07
C1-TABULATED-SURROGATE,exact-v9-5-to-6mwe,62784,600,feedwater-inventory,REGION-4-MIXTURE,SaturatedMixture,47.25379668027165,0.010763338159542174,5.515474764911145E-06,true,REGION-4-MIXTURE-TABLE,SaturatedMixture,47.25379407405853,0.010765591990882926,5.514072522768635E-06,true,0.000209398915777258,8.134151787664494E-09
C1-TABULATED-SURROGATE,exact-v9-5-to-6mwe,68784,660,suction,REGION-4-MIXTURE,SaturatedMixture,268.258955323696,5.354523505773277,0.0009730675325700006,true,REGION-4-MIXTURE-TABLE,SaturatedMixture,268.2587733268738,5.354605489800225,0.0009729715975117081,true,1.531117135993625E-05,3.3615406696023676E-07
C1-TABULATED-SURROGATE,exact-v9-5-to-6mwe,68784,660,pressure,REGION-4-MIXTURE,SaturatedMixture,268.22862460613226,5.351967049157837,0.0008485225363890691,true,REGION-4-MIXTURE-TABLE,SaturatedMixture,268.2284564971924,5.352042313657893,0.0008484383025125351,true,1.4062960284516756E-05,3.105200911777862E-07
C1-TABULATED-SURROGATE,exact-v9-5-to-6mwe,68784,660,outlet,REGION-4-MIXTURE,SaturatedMixture,274.66211806535716,5.915464940975604,0.23142992277315888,true,REGION-4-MIXTURE-TABLE,SaturatedMixture,274.66329526901245,5.915691182612788,0.23142650230047257,true,3.824579123384042E-05,2.14891860998947E-06
C1-TABULATED-SURROGATE,exact-v9-5-to-6mwe,68784,660,drum,REGION-4-MIXTURE,SaturatedMixture,269.5298897445201,5.46248647937816,0.03581717962476893,true,REGION-4-MIXTURE-TABLE,SaturatedMixture,269.5300555229187,5.462628203698673,0.03581576150946753,true,2.5945019918695328E-05,3.0548100586526305E-07
C1-TABULATED-SURROGATE,exact-v9-5-to-6mwe,68784,660,feedwater-inventory,REGION-4-MIXTURE,SaturatedMixture,47.25636326000097,0.010764736089308044,5.8023453262868475E-06,true,REGION-4-MIXTURE-TABLE,SaturatedMixture,47.25636065006256,0.010767004959107988,5.8008629032831805E-06,true,0.00021076873423744408,8.145713397464242E-09
C1-TABULATED-SURROGATE,exact-v9-5-to-6mwe,74784,720,suction,REGION-4-MIXTURE,SaturatedMixture,268.4279694974422,5.368786123859572,0.0009626366151255175,true,REGION-4-MIXTURE-TABLE,SaturatedMixture,268.42773723602295,5.368890765186775,0.0009625142613586806,true,1.9490686495648944E-05,4.2886053774229365E-07
C1-TABULATED-SURROGATE,exact-v9-5-to-6mwe,74784,720,pressure,REGION-4-MIXTURE,SaturatedMixture,268.3879977881908,5.3654104108034435,0.0008550035030612451,true,REGION-4-MIXTURE-TABLE,SaturatedMixture,268.38777112960815,5.365511778282777,0.0008548894658100074,true,1.8892772699919672E-05,4.1854603655682487E-07
C1-TABULATED-SURROGATE,exact-v9-5-to-6mwe,74784,720,outlet,REGION-4-MIXTURE,SaturatedMixture,274.83064057230956,5.930809657975048,0.231426994562788,true,REGION-4-MIXTURE-TABLE,SaturatedMixture,274.83138060569763,5.930951937204804,0.23142484269604668,true,2.3989849272055164E-05,1.350473599389782E-06
C1-TABULATED-SURROGATE,exact-v9-5-to-6mwe,74784,720,drum,REGION-4-MIXTURE,SaturatedMixture,269.69983050823214,5.4770475685006454,0.03611495197770573,true,REGION-4-MIXTURE-TABLE,SaturatedMixture,269.6999731063843,5.4771673721024,0.0361137463620963,true,2.187375593443532E-05,2.6268434495853584E-07
C1-TABULATED-SURROGATE,exact-v9-5-to-6mwe,74784,720,feedwater-inventory,REGION-4-MIXTURE,SaturatedMixture,47.26746165007364,0.01077078280538208,6.080759374465404E-06,true,REGION-4-MIXTURE-TABLE,SaturatedMixture,47.26745903491974,0.010773114914600462,6.079164801565638E-06,true,0.00021652179423915704,8.161708446661058E-09
C1-TABULATED-SURROGATE,exact-v9-5-to-6mwe,80784,780,suction,REGION-4-MIXTURE,SaturatedMixture,268.59354792833335,5.382786922488396,0.0009523267159962462,true,REGION-4-MIXTURE-TABLE,SaturatedMixture,268.593318939209,5.382890087532579,0.0009522061808122225,true,1.916573062774317E-05,4.2268915844402547E-07
C1-TABULATED-SURROGATE,exact-v9-5-to-6mwe,80784,780,pressure,REGION-4-MIXTURE,SaturatedMixture,268.5486411511898,5.378986992671804,0.000861599623052612,true,REGION-4-MIXTURE-TABLE,SaturatedMixture,268.5484046936035,5.379092753708545,0.0008614800246252529,true,1.9661887430799412E-05,4.36511315237347E-07
C1-TABULATED-SURROGATE,exact-v9-5-to-6mwe,80784,780,outlet,REGION-4-MIXTURE,SaturatedMixture,274.9943043649197,5.945741039133511,0.23142232118333478,true,REGION-4-MIXTURE-TABLE,SaturatedMixture,274.99433422088623,5.945746774043741,0.2314222348059789,true,9.645408692564383E-07,5.446734793650176E-08
C1-TABULATED-SURROGATE,exact-v9-5-to-6mwe,80784,780,drum,REGION-4-MIXTURE,SaturatedMixture,269.86491042971613,5.491220523864266,0.036407564205610275,true,REGION-4-MIXTURE-TABLE,SaturatedMixture,269.8649911880493,5.491287309721889,0.03640688827682647,true,1.216229749517998E-05,1.4872212831049352E-07
C1-TABULATED-SURROGATE,exact-v9-5-to-6mwe,80784,780,feedwater-inventory,REGION-4-MIXTURE,SaturatedMixture,47.28584959805005,0.010780807500867904,6.353411934413006E-06,true,REGION-4-MIXTURE-TABLE,SaturatedMixture,47.28584694862366,0.010783237949238043,6.351677619871313E-06,true,0.0002254421452143925,8.268195944297156E-09
C1-TABULATED-SURROGATE,exact-v9-5-to-6mwe,86784,840,suction,REGION-4-MIXTURE,SaturatedMixture,268.75488118529313,5.396455562230628,0.0009421939615095652,true,REGION-4-MIXTURE-TABLE,SaturatedMixture,268.75470542907715,5.396534720064135,0.000942101545167043,true,1.4668486119214368E-05,3.243303798935261E-07
C1-TABULATED-SURROGATE,exact-v9-5-to-6mwe,86784,840,pressure,REGION-4-MIXTURE,SaturatedMixture,268.70778965353986,5.392463089971425,0.0008681932656547052,true,REGION-4-MIXTURE-TABLE,SaturatedMixture,268.70759201049805,5.39255145427564,0.0008680928208074414,true,1.6386631255657466E-05,3.647507622649952E-07
C1-TABULATED-SURROGATE,exact-v9-5-to-6mwe,86784,840,outlet,REGION-4-MIXTURE,SaturatedMixture,275.1527390658854,5.960222683927252,0.23141690010609517,true,REGION-4-MIXTURE-TABLE,SaturatedMixture,275.1534161567688,5.960354395213779,0.231414923323807,true,2.2098383485284188E-05,1.2348851011900664E-06
C1-TABULATED-SURROGATE,exact-v9-5-to-6mwe,86784,840,drum,REGION-4-MIXTURE,SaturatedMixture,270.02492635846113,5.50498542077835,0.03669383447269851,true,REGION-4-MIXTURE-TABLE,SaturatedMixture,270.02494287490845,5.504999380149473,0.0366936941939182,true,2.5357689541447166E-06,3.040723442096437E-08
C1-TABULATED-SURROGATE,exact-v9-5-to-6mwe,86784,840,feedwater-inventory,REGION-4-MIXTURE,SaturatedMixture,47.31016860008242,0.010794077984110315,6.6220392982588265E-06,true,REGION-4-MIXTURE-TABLE,SaturatedMixture,47.31016582250595,0.010796626134902895,6.620145833226926E-06,true,0.00023606933323352543,8.667462422566598E-09
C1-TABULATED-SURROGATE,exact-v9-5-to-6mwe,92784,900,suction,REGION-4-MIXTURE,SaturatedMixture,268.91260992884634,5.409844422746818,0.0009322039036155855,true,REGION-4-MIXTURE-TABLE,SaturatedMixture,268.9125337600708,5.409878523385194,0.0009321641085004855,true,6.303441598575992E-06,1.405165642133712E-07
C1-TABULATED-SURROGATE,exact-v9-5-to-6mwe,92784,900,pressure,REGION-4-MIXTURE,SaturatedMixture,268.8640391409398,5.405718774474441,0.0008747158221898253,true,REGION-4-MIXTURE-TABLE,SaturatedMixture,268.8639268875122,5.405768991570531,0.0008746584506486934,true,9.289624226579471E-06,2.0710428045668396E-07
C1-TABULATED-SURROGATE,exact-v9-5-to-6mwe,92784,900,outlet,REGION-4-MIXTURE,SaturatedMixture,275.3103550732136,5.974656203823785,0.23143107905029692,true,REGION-4-MIXTURE-TABLE,SaturatedMixture,275.3114745616913,5.974874059866748,0.23142780757698833,true,3.6463360489837674E-05,2.041147491024638E-06
C1-TABULATED-SURROGATE,exact-v9-5-to-6mwe,92784,900,drum,REGION-4-MIXTURE,SaturatedMixture,270.18390763401965,5.5186873898978055,0.0369787179253488,true,REGION-4-MIXTURE-TABLE,SaturatedMixture,270.1840109825134,5.518773741405579,0.036977844843170675,true,1.5647109842035195E-05,1.902117506907003E-07
C1-TABULATED-SURROGATE,exact-v9-5-to-6mwe,92784,900,feedwater-inventory,REGION-4-MIXTURE,SaturatedMixture,47.339061117172264,0.010809862398688596,6.885840623009597E-06,true,REGION-4-MIXTURE-TABLE,SaturatedMixture,47.33905827999115,0.010812532199755982,6.883779266101555E-06,true,0.000246978265672485,8.852661317537684E-09
C1-TABULATED-SURROGATE,exact-v9-5-to-6mwe,98784,960,suction,REGION-4-MIXTURE,SaturatedMixture,269.0666279315948,5.422942757787902,0.0009223685577617101,true,REGION-4-MIXTURE-TABLE,SaturatedMixture,269.06656789779663,5.422969420321149,0.0009223374643499361,true,4.916617127983252E-06,1.1071921268547874E-07
C1-TABULATED-SURROGATE,exact-v9-5-to-6mwe,98784,960,pressure,REGION-4-MIXTURE,SaturatedMixture,269.0172909379006,5.418744300386585,0.0008811686258817958,true,REGION-4-MIXTURE-TABLE,SaturatedMixture,269.0172743797302,5.418751571021728,0.0008811602700220118,true,1.3417564549617483E-06,3.054070332825035E-08
C1-TABULATED-SURROGATE,exact-v9-5-to-6mwe,98784,960,outlet,REGION-4-MIXTURE,SaturatedMixture,275.46072360575204,5.988450904262886,0.23142747359107105,true,REGION-4-MIXTURE-TABLE,SaturatedMixture,275.46202278137207,5.988703818967114,0.2314236742142824,true,4.223374429730667E-05,2.3681192585786785E-06
C1-TABULATED-SURROGATE,exact-v9-5-to-6mwe,98784,960,drum,REGION-4-MIXTURE,SaturatedMixture,270.3355482459067,5.531780945588854,0.037255479598444954,true,REGION-4-MIXTURE-TABLE,SaturatedMixture,270.33570408821106,5.531909470933014,0.037254172955818086,true,2.3233990178658528E-05,2.867459951219306E-07
C1-TABULATED-SURROGATE,exact-v9-5-to-6mwe,98784,960,feedwater-inventory,REGION-4-MIXTURE,SaturatedMixture,47.37124681919806,0.010827469274392744,7.147105814978754E-06,true,REGION-4-MIXTURE-TABLE,SaturatedMixture,47.371243834495544,0.010830251201939915,7.144877643280084E-06,true,0.0002569323889702148,9.312027045118839E-09
C1-TABULATED-SURROGATE,exact-v9-5-to-6mwe,104784,1020,suction,REGION-4-MIXTURE,SaturatedMixture,269.2148237466812,5.43556879606626,0.0009128296651076298,true,REGION-4-MIXTURE-TABLE,SaturatedMixture,269.2146611213684,5.435641165487517,0.0009127453418770849,true,1.3314047521541516E-05,2.998448750031672E-07
C1-TABULATED-SURROGATE,exact-v9-5-to-6mwe,104784,1020,pressure,REGION-4-MIXTURE,SaturatedMixture,269.16647517681133,5.431447113618504,0.0008875015129017395,true,REGION-4-MIXTURE-TABLE,SaturatedMixture,269.16634130477905,5.431506631931299,0.0008874328275068188,true,1.0958094877787236E-05,2.468522318735899E-07
C1-TABULATED-SURROGATE,exact-v9-5-to-6mwe,104784,1020,outlet,REGION-4-MIXTURE,SaturatedMixture,275.6050840735436,6.001717297026261,0.23141215946755217,true,REGION-4-MIXTURE-TABLE,SaturatedMixture,275.6063332557678,6.001960562227082,0.2314085039455209,true,4.0532599051616774E-05,2.2763929856562254E-06
C1-TABULATED-SURROGATE,exact-v9-5-to-6mwe,104784,1020,drum,REGION-4-MIXTURE,SaturatedMixture,270.48048021793363,5.544317393203595,0.0375213485017539,true,REGION-4-MIXTURE-TABLE,SaturatedMixture,270.48065757751465,5.544461589375002,0.03751987543305692,true,2.600792147714683E-05,3.2625025172482754E-07
C1-TABULATED-SURROGATE,exact-v9-5-to-6mwe,104784,1020,feedwater-inventory,REGION-4-MIXTURE,SaturatedMixture,47.405578786134754,0.01084627739350248,7.4075547949395155E-06,true,REGION-4-MIXTURE-TABLE,SaturatedMixture,47.4055757522583,0.010849151834077034,7.405169767231989E-06,true,0.0002650163249813388,9.464431923668211E-09
C1-TABULATED-SURROGATE,exact-v9-5-to-6mwe,110784,1080,suction,REGION-4-MIXTURE,SaturatedMixture,269.35622538924224,5.447636896492387,0.000903658825987358,true,REGION-4-MIXTURE-TABLE,SaturatedMixture,269.35600423812866,5.4477353309963,0.0009035442176921109,true,1.8069211620290782E-05,4.076471443616531E-07
C1-TABULATED-SURROGATE,exact-v9-5-to-6mwe,110784,1080,pressure,REGION-4-MIXTURE,SaturatedMixture,269.3115269780159,5.4438198454297755,0.0008932603238042413,true,REGION-4-MIXTURE-TABLE,SaturatedMixture,269.3113203048706,5.443911905442986,0.0008931536126203386,true,1.691092207764975E-05,3.809913422299308E-07
C1-TABULATED-SURROGATE,exact-v9-5-to-6mwe,110784,1080,outlet,REGION-4-MIXTURE,SaturatedMixture,275.7495581537486,6.0150165852960455,0.2291393979467038,true,REGION-4-MIXTURE-TABLE,SaturatedMixture,275.75053310394287,6.01520714306875,0.22913652719009006,true,3.168034036185484E-05,1.776190524856511E-06
C1-TABULATED-SURROGATE,exact-v9-5-to-6mwe,110784,1080,drum,REGION-4-MIXTURE,SaturatedMixture,270.60145553350435,5.554798218168749,0.0379295933577601,true,REGION-4-MIXTURE-TABLE,SaturatedMixture,270.6016297340393,5.554937065641048,0.037928165114333064,true,2.4995952480335303E-05,3.203679423461279E-07
C1-TABULATED-SURROGATE,exact-v9-5-to-6mwe,110784,1080,feedwater-inventory,REGION-4-MIXTURE,SaturatedMixture,47.44107317328451,0.010865751823740721,7.67700764817132E-06,true,REGION-4-MIXTURE-TABLE,SaturatedMixture,47.44107013940811,0.010868692436471785,7.67448004421168E-06,true,0.00027063131744263735,9.46338388745515E-09
C1-TABULATED-SURROGATE,exact-v9-5-to-6mwe,116784,1140,suction,REGION-4-MIXTURE,SaturatedMixture,269.3710194945336,5.448900699133983,0.0009026954062697059,true,REGION-4-MIXTURE-TABLE,SaturatedMixture,269.37079429626465,5.4490008571505335,0.0009025787952900659,true,1.8381325350017966E-05,4.1509593332562977E-07
C1-TABULATED-SURROGATE,exact-v9-5-to-6mwe,116784,1140,pressure,REGION-4-MIXTURE,SaturatedMixture,269.4265326142312,5.453644964372609,0.0008976179247981005,true,REGION-4-MIXTURE-TABLE,SaturatedMixture,269.426296710968,5.45374997691629,0.0008974957656492407,true,1.9255478559247817E-05,4.3478338811232556E-07
C1-TABULATED-SURROGATE,exact-v9-5-to-6mwe,116784,1140,outlet,REGION-4-MIXTURE,SaturatedMixture,275.8048092722893,6.0201085661169715,0.2136080753250367,true,REGION-4-MIXTURE-TABLE,SaturatedMixture,275.8055877685547,6.020264610706343,0.21360568823299017,true,2.592056067727126E-05,1.4181427182382729E-06
C1-TABULATED-SURROGATE,exact-v9-5-to-6mwe,116784,1140,drum,REGION-4-MIXTURE,SaturatedMixture,270.50527734756463,5.54646448755082,0.03790683792601092,true,REGION-4-MIXTURE-TABLE,SaturatedMixture,270.5054588317871,5.546609231923197,0.037905350746535824,true,2.609669145122139E-05,3.338222400153336E-07
C1-TABULATED-SURROGATE,exact-v9-5-to-6mwe,116784,1140,feedwater-inventory,REGION-4-MIXTURE,SaturatedMixture,47.476804162561905,0.010885386399457025,8.422460058228179E-06,true,REGION-4-MIXTURE-TABLE,SaturatedMixture,47.47680115699768,0.010888363310205443,8.41965781823525E-06,true,0.0002734777286882683,9.374026703780813E-09
C1-TABULATED-SURROGATE,exact-v9-5-to-6mwe,122784,1200,suction,REGION-4-MIXTURE,SaturatedMixture,269.38479275703435,5.450077496381163,0.0009017977962849385,true,REGION-4-MIXTURE-TABLE,SaturatedMixture,269.38456439971924,5.450179109859757,0.0009016795025963215,true,1.8644409856836854E-05,4.2090814848664926E-07
C1-TABULATED-SURROGATE,exact-v9-5-to-6mwe,122784,1200,pressure,REGION-4-MIXTURE,SaturatedMixture,269.4921368777751,5.4592557049658925,0.0008997531618703611,true,REGION-4-MIXTURE-TABLE,SaturatedMixture,269.4918956756592,5.459363018105451,0.0008996280867483332,true,1.965710077675417E-05,4.4449573586779825E-07
C1-TABULATED-SURROGATE,exact-v9-5-to-6mwe,122784,1200,outlet,REGION-4-MIXTURE,SaturatedMixture,275.95865174531946,6.034304135780119,0.20526297604318353,true,REGION-4-MIXTURE-TABLE,SaturatedMixture,275.958842754364,6.034343020528574,0.20526237642687578,true,6.443949058576728E-06,3.4785291389810174E-07
C1-TABULATED-SURROGATE,exact-v9-5-to-6mwe,122784,1200,drum,REGION-4-MIXTURE,SaturatedMixture,270.5621895730495,5.551394713261203,0.03785637800639095,true,REGION-4-MIXTURE-TABLE,SaturatedMixture,270.5623679161072,5.551537223448222,0.03785491437299792,true,2.5671060045277156E-05,3.28010041112427E-07
C1-TABULATED-SURROGATE,exact-v9-5-to-6mwe,122784,1200,feedwater-inventory,REGION-4-MIXTURE,SaturatedMixture,47.51263943389063,0.010905108883089832,9.042224188550537E-06,true,REGION-4-MIXTURE-TABLE,SaturatedMixture,47.51263654232025,0.010908091641146766,9.039213232082195E-06,true,0.00027351932831764635,9.017484482276312E-09
C1-TABULATED-SURROGATE,exact-v9-5-to-6mwe,128784,1260,suction,REGION-4-MIXTURE,SaturatedMixture,269.40271410346065,5.4516089993576555,0.0009006288867409062,true,REGION-4-MIXTURE-TABLE,SaturatedMixture,269.4024820327759,5.451712250098062,0.0009005086974198512,true,1.8939498489082345E-05,4.277385012395124E-07
C1-TABULATED-SURROGATE,exact-v9-5-to-6mwe,128784,1260,pressure,REGION-4-MIXTURE,SaturatedMixture,269.53814047574997,5.463192745969509,0.0009008113784521002,true,REGION-4-MIXTURE-TABLE,SaturatedMixture,269.53790044784546,5.4632994625660505,0.000900686847957634,true,1.953374180703275E-05,4.422943613620827E-07
C1-TABULATED-SURROGATE,exact-v9-5-to-6mwe,128784,1260,outlet,REGION-4-MIXTURE,SaturatedMixture,276.1304154813289,6.050183544355614,0.19624190616993337,true,REGION-4-MIXTURE-TABLE,SaturatedMixture,276.13094186782837,6.050293876436835,0.19624020951874582,true,1.8236154393100463E-05,9.583201669621738E-07
C1-TABULATED-SURROGATE,exact-v9-5-to-6mwe,128784,1260,drum,REGION-4-MIXTURE,SaturatedMixture,270.61141203641887,5.555661483615154,0.037969842517482685,true,REGION-4-MIXTURE-TABLE,SaturatedMixture,270.61158514022827,5.555799145182717,0.03796842563440226,true,2.477860970633316E-05,3.183451520656461E-07
C1-TABULATED-SURROGATE,exact-v9-5-to-6mwe,128784,1260,feedwater-inventory,REGION-4-MIXTURE,SaturatedMixture,47.54827588349582,0.010924752374610679,9.664133970348962E-06,true,REGION-4-MIXTURE-TABLE,SaturatedMixture,47.548273146152496,0.010927710537600617,9.66094542120678E-06,true,0.0002707762051260003,8.535572307451157E-09
C1-TABULATED-SURROGATE,exact-v9-5-to-6mwe,134784,1320,suction,REGION-4-MIXTURE,SaturatedMixture,269.4203418850898,5.453115735746688,0.0008994780573275343,true,REGION-4-MIXTURE-TABLE,SaturatedMixture,269.4201068878174,5.453220338491938,0.0008993563087788636,true,1.9182197906562222E-05,4.331185364537956E-07
C1-TABULATED-SURROGATE,exact-v9-5-to-6mwe,134784,1320,pressure,REGION-4-MIXTURE,SaturatedMixture,269.5759793758393,5.466432667326818,0.0009015073195845932,true,REGION-4-MIXTURE-TABLE,SaturatedMixture,269.57574367523193,5.466537556262363,0.0009013848174148517,true,1.918782173463559E-05,4.342902612876964E-07
C1-TABULATED-SURROGATE,exact-v9-5-to-6mwe,134784,1320,outlet,REGION-4-MIXTURE,SaturatedMixture,276.3073304116723,6.066572512561029,0.1878979666225404,true,REGION-4-MIXTURE-TABLE,SaturatedMixture,276.308287858963,6.06677682576961,0.18789480938190228,true,3.367852410202052E-05,1.7425325639003955E-06
C1-TABULATED-SURROGATE,exact-v9-5-to-6mwe,134784,1320,drum,REGION-4-MIXTURE,SaturatedMixture,270.6571163117886,5.559625526918188,0.03805547981985691,true,REGION-4-MIXTURE-TABLE,SaturatedMixture,270.6572813987732,5.559756172035725,0.03805413323910135,true,2.349890597937354E-05,3.035763593640354E-07
C1-TABULATED-SURROGATE,exact-v9-5-to-6mwe,134784,1320,feedwater-inventory,REGION-4-MIXTURE,SaturatedMixture,47.58362434357406,0.010944267139681222,1.0304324491348649E-05,true,REGION-4-MIXTURE-TABLE,SaturatedMixture,47.58362174034119,0.010947170877099906,1.0300989870040642E-05,true,0.0002653204076274281,8.116495042456953E-09
C1-TABULATED-SURROGATE,exact-v9-5-to-6mwe,140784,1380,suction,REGION-4-MIXTURE,SaturatedMixture,269.43838264346107,5.454658100578438,0.0008982991698660478,true,REGION-4-MIXTURE-TABLE,SaturatedMixture,269.43814516067505,5.4547638013957815,0.0008981761544986851,true,1.937808298783777E-05,4.376849811314133E-07
C1-TABULATED-SURROGATE,exact-v9-5-to-6mwe,140784,1380,pressure,REGION-4-MIXTURE,SaturatedMixture,269.6106666266918,5.469404020297653,0.0009020375812201814,true,REGION-4-MIXTURE-TABLE,SaturatedMixture,269.6104373931885,5.469506159026325,0.0009019182049269758,true,1.8674562766455396E-05,4.223473022532106E-07
C1-TABULATED-SURROGATE,exact-v9-5-to-6mwe,140784,1380,outlet,REGION-4-MIXTURE,SaturatedMixture,276.49290496110916,6.083800092245996,0.18024202744427067,true,REGION-4-MIXTURE-TABLE,SaturatedMixture,276.49399495124817,6.084036875310561,0.18023835481860787,true,3.892025723644397E-05,1.9830877996773058E-06
C1-TABULATED-SURROGATE,exact-v9-5-to-6mwe,140784,1380,drum,REGION-4-MIXTURE,SaturatedMixture,270.7052416622638,5.563801889778611,0.03814188261006413,true,REGION-4-MIXTURE-TABLE,SaturatedMixture,270.70539474487305,5.5639225044350855,0.03814063748311958,true,2.167845995676676E-05,2.814767561620979E-07
C1-TABULATED-SURROGATE,exact-v9-5-to-6mwe,140784,1380,feedwater-inventory,REGION-4-MIXTURE,SaturatedMixture,47.61869406104091,0.01096365760132372,1.0950977071224791E-05,true,REGION-4-MIXTURE-TABLE,SaturatedMixture,47.61869168281555,0.010966477811433097,1.0947537413613858E-05,true,0.00025723259626752427,7.414144225033293E-09
C1-TABULATED-SURROGATE,exact-v9-5-to-6mwe,146784,1440,suction,REGION-4-MIXTURE,SaturatedMixture,269.45672143101694,5.456226286297494,0.0008970996694808129,true,REGION-4-MIXTURE-TABLE,SaturatedMixture,269.45648193359375,5.456332805756653,0.0008969757084566668,true,1.9522551589634045E-05,4.413830749517953E-07
C1-TABULATED-SURROGATE,exact-v9-5-to-6mwe,146784,1440,pressure,REGION-4-MIXTURE,SaturatedMixture,269.644376009703,5.4722927893097415,0.0009025070189356952,true,REGION-4-MIXTURE-TABLE,SaturatedMixture,269.6441550254822,5.472391242041834,0.0009023918633030543,true,1.7991130204970233E-05,4.0712326916569035E-07
C1-TABULATED-SURROGATE,exact-v9-5-to-6mwe,146784,1440,outlet,REGION-4-MIXTURE,SaturatedMixture,276.68489103913305,6.101662166072096,0.1731689637831605,true,REGION-4-MIXTURE-TABLE,SaturatedMixture,276.68580389022827,6.10186404469034,0.17316582350926585,true,3.308584001373151E-05,1.6602276612477701E-06
C1-TABULATED-SURROGATE,exact-v9-5-to-6mwe,146784,1440,drum,REGION-4-MIXTURE,SaturatedMixture,270.7539018630981,5.568027102484115,0.03823020734751475,true,REGION-4-MIXTURE-TABLE,SaturatedMixture,270.75403928756714,5.568134835330921,0.038229093577783264,true,1.9348477444956355E-05,2.5266314241567634E-07
C1-TABULATED-SURROGATE,exact-v9-5-to-6mwe,146784,1440,feedwater-inventory,REGION-4-MIXTURE,SaturatedMixture,47.65354026705023,0.010982953700612195,1.160427986274331E-05,true,REGION-4-MIXTURE-TABLE,SaturatedMixture,47.653538048267365,0.010985661660680077,1.1600781897791102E-05,true,0.0002465602734655298,6.916329120965615E-09
C1-TABULATED-SURROGATE,exact-v9-5-to-6mwe,152784,1500,suction,REGION-4-MIXTURE,SaturatedMixture,269.475270628929,5.457812814788884,0.0008958852387003936,true,REGION-4-MIXTURE-TABLE,SaturatedMixture,269.47502994537354,5.457919884982479,0.000895760650595381,true,1.961778412492796E-05,4.435539008538555E-07
C1-TABULATED-SURROGATE,exact-v9-5-to-6mwe,152784,1500,pressure,REGION-4-MIXTURE,SaturatedMixture,269.67791057229067,5.475167732663439,0.0009029574412277423,true,REGION-4-MIXTURE-TABLE,SaturatedMixture,269.67769956588745,5.475261514276356,0.0009028476528511599,true,1.7128536968410948E-05,3.8871693792791957E-07
C1-TABULATED-SURROGATE,exact-v9-5-to-6mwe,152784,1500,outlet,REGION-4-MIXTURE,SaturatedMixture,276.88175147771847,6.1200192965391,0.16663045216128056,true,REGION-4-MIXTURE-TABLE,SaturatedMixture,276.88217973709106,6.120115673121921,0.16662895108995218,true,1.57477579973521E-05,7.786084556881139E-07
C1-TABULATED-SURROGATE,exact-v9-5-to-6mwe,152784,1500,drum,REGION-4-MIXTURE,SaturatedMixture,270.8030768454074,5.572299502638413,0.03831945471321713,true,REGION-4-MIXTURE-TABLE,SaturatedMixture,270.80319452285767,5.572391389197784,0.03831850315443898,true,1.648988165973192E-05,2.1633750273226232E-07
C1-TABULATED-SURROGATE,exact-v9-5-to-6mwe,152784,1500,feedwater-inventory,REGION-4-MIXTURE,SaturatedMixture,47.68824782669549,0.011002202013082888,1.2263708083947949E-05,true,REGION-4-MIXTURE-TABLE,SaturatedMixture,47.688245832920074,0.011004769217518251,1.2260205021221867E-05,true,0.00023333551159215467,6.214269734724747E-09
C1-TABULATED-SURROGATE,exact-v9-5-to-6mwe,158784,1560,suction,REGION-4-MIXTURE,SaturatedMixture,269.49399043321625,5.459414292482041,0.0008946584465405691,true,REGION-4-MIXTURE-TABLE,SaturatedMixture,269.4937491416931,5.459521611785094,0.000894533579720571,true,1.9657658734742614E-05,4.446589797230859E-07
C1-TABULATED-SURROGATE,exact-v9-5-to-6mwe,158784,1560,pressure,REGION-4-MIXTURE,SaturatedMixture,269.7115400552751,5.4780519716317,0.0009034021284856428,true,REGION-4-MIXTURE-TABLE,SaturatedMixture,269.71134185791016,5.478140150726034,0.0009032988279115637,true,1.609679769205082E-05,3.6509745182189494E-07
C1-TABULATED-SURROGATE,exact-v9-5-to-6mwe,158784,1560,outlet,REGION-4-MIXTURE,SaturatedMixture,277.0836132824419,6.138886563339894,0.1605726439266025,true,REGION-4-MIXTURE-TABLE,SaturatedMixture,277.0839161872864,6.138956867476285,0.16057155656512245,true,1.1452261849989897E-05,5.505022542728757E-07
C1-TABULATED-SURROGATE,exact-v9-5-to-6mwe,158784,1560,drum,REGION-4-MIXTURE,SaturatedMixture,270.85275713801377,5.576618346228665,0.038409793331354934,true,REGION-4-MIXTURE-TABLE,SaturatedMixture,270.85285091400146,5.576691340209885,0.03840903599035477,true,1.3089291159696624E-05,1.7238145664313822E-07
C1-TABULATED-SURROGATE,exact-v9-5-to-6mwe,158784,1560,feedwater-inventory,REGION-4-MIXTURE,SaturatedMixture,47.72291185855869,0.011021455097793323,1.2929149381491053E-05,true,REGION-4-MIXTURE-TABLE,SaturatedMixture,47.722910046577454,0.011023852787366815,1.2925701223105739E-05,true,0.00021754746104002035,5.647037092606467E-09
C1-TABULATED-SURROGATE,exact-v9-5-to-6mwe,164784,1620,suction,REGION-4-MIXTURE,SaturatedMixture,269.512844836712,5.4610276477900594,0.0008934216226146621,true,REGION-4-MIXTURE-TABLE,SaturatedMixture,269.5126037597656,5.461134926085787,0.0008932968196330632,true,1.964434217267987E-05,4.442481159134997E-07
C1-TABULATED-SURROGATE,exact-v9-5-to-6mwe,164784,1620,pressure,REGION-4-MIXTURE,SaturatedMixture,269.74532633423803,5.480950826336363,0.0009038475922783309,true,REGION-4-MIXTURE-TABLE,SaturatedMixture,269.74514293670654,5.481032373925219,0.0009037519859030947,true,1.487836534930592E-05,3.378137968602659E-07
C1-TABULATED-SURROGATE,exact-v9-5-to-6mwe,164784,1620,outlet,REGION-4-MIXTURE,SaturatedMixture,277.28852211534956,6.158084017178993,0.15494042075489814,true,REGION-4-MIXTURE-TABLE,SaturatedMixture,277.2893102169037,6.158270228905744,0.15493753917809813,true,3.0238581713333486E-05,1.4317703475637437E-06
C1-TABULATED-SURROGATE,exact-v9-5-to-6mwe,164784,1620,drum,REGION-4-MIXTURE,SaturatedMixture,270.9028086423874,5.580972044291628,0.038501088665817675,true,REGION-4-MIXTURE-TABLE,SaturatedMixture,270.9028744697571,5.581023085514885,0.03850055816247287,true,9.14557945314163E-06,1.2099444874012806E-07
C1-TABULATED-SURROGATE,exact-v9-5-to-6mwe,164784,1620,feedwater-inventory,REGION-4-MIXTURE,SaturatedMixture,47.757624070346424,0.011040763932517954,1.360074401414986E-05,true,REGION-4-MIXTURE-TABLE,SaturatedMixture,47.757622480392456,0.01104296290369225,1.3597418224928768E-05,true,0.00019916838977229455,4.9545534239071636E-09
C1-TABULATED-SURROGATE,exact-v9-5-to-6mwe,170784,1680,suction,REGION-4-MIXTURE,SaturatedMixture,269.53180425763105,5.4626503564161615,0.0008921766834385507,true,REGION-4-MIXTURE-TABLE,SaturatedMixture,269.5315637588501,5.462757257418433,0.0008920523244229847,true,1.9569438879802958E-05,4.4316720971160287E-07
C1-TABULATED-SURROGATE,exact-v9-5-to-6mwe,170784,1680,pressure,REGION-4-MIXTURE,SaturatedMixture,269.77926023006455,5.483863525360821,0.000904294163918309,true,REGION-4-MIXTURE-TABLE,SaturatedMixture,269.77909421920776,5.483937449455013,0.0009042074372377916,true,1.3480294294333304E-05,3.0576885231279114E-07
C1-TABULATED-SURROGATE,exact-v9-5-to-6mwe,170784,1680,outlet,REGION-4-MIXTURE,SaturatedMixture,277.4965558946134,6.1776211021776435,0.14968873376737082,true,REGION-4-MIXTURE-TABLE,SaturatedMixture,277.49748849868774,6.177845395746527,0.14968526332873888,true,3.6307433747294764E-05,1.6936527875840395E-06
C1-TABULATED-SURROGATE,exact-v9-5-to-6mwe,170784,1680,drum,REGION-4-MIXTURE,SaturatedMixture,270.9531313061716,5.585351944806585,0.03859334277462345,true,REGION-4-MIXTURE-TABLE,SaturatedMixture,270.9531650543213,5.58537795394199,0.03859307209126084,true,4.656669026684783E-06,6.20252811427708E-08
C1-TABULATED-SURROGATE,exact-v9-5-to-6mwe,170784,1680,feedwater-inventory,REGION-4-MIXTURE,SaturatedMixture,47.79246309995665,0.011060172515496517,1.4278729463527637E-05,true,REGION-4-MIXTURE-TABLE,SaturatedMixture,47.79246175289154,0.011062142848080457,1.427560152796109E-05,true,0.0001781466411287298,4.1972168323781255E-09
C1-TABULATED-SURROGATE,exact-v9-5-to-6mwe,176784,1740,suction,REGION-4-MIXTURE,SaturatedMixture,269.55084462165814,5.464280363346507,0.0008909251908592374,true,REGION-4-MIXTURE-TABLE,SaturatedMixture,269.5506057739258,5.464386606531603,0.0008908016146698065,true,1.944321631233267E-05,4.4010938020293333E-07
C1-TABULATED-SURROGATE,exact-v9-5-to-6mwe,176784,1740,pressure,REGION-4-MIXTURE,SaturatedMixture,269.81331082582483,5.486787429095725,0.000904741772626453,true,REGION-4-MIXTURE-TABLE,SaturatedMixture,269.8131642341614,5.4868526844461485,0.000904665156861377,true,1.189317998317844E-05,2.699844732208246E-07
C1-TABULATED-SURROGATE,exact-v9-5-to-6mwe,176784,1740,outlet,REGION-4-MIXTURE,SaturatedMixture,277.70717749595633,6.197449399517608,0.14477843414318856,true,REGION-4-MIXTURE-TABLE,SaturatedMixture,277.70792865753174,6.197633248658315,0.14477559184950306,true,2.9665291131092505E-05,1.3636231061250834E-06
C1-TABULATED-SURROGATE,exact-v9-5-to-6mwe,176784,1740,drum,REGION-4-MIXTURE,SaturatedMixture,271.00374035835273,5.589759417934446,0.03868630785629731,true,REGION-4-MIXTURE-TABLE,SaturatedMixture,271.0037431716919,5.589761601090045,0.03868628548965739,true,3.9056342774224996E-07,5.170118215733681E-09
C1-TABULATED-SURROGATE,exact-v9-5-to-6mwe,176784,1740,feedwater-inventory,REGION-4-MIXTURE,SaturatedMixture,47.827488413453125,0.011079714406014254,1.4963381640703339E-05,true,REGION-4-MIXTURE-TABLE,SaturatedMixture,47.82748734951019,0.011081425368842827,1.4960535650529343E-05,true,0.0001544230081998858,3.314696420727234E-09
C1-TABULATED-SURROGATE,exact-v9-5-to-6mwe,182784,1800,suction,REGION-4-MIXTURE,SaturatedMixture,269.5699443995951,5.465915829672343,0.0008896685453588766,true,REGION-4-MIXTURE-TABLE,SaturatedMixture,269.5697078704834,5.466021096577018,0.0008895461209099672,true,1.925878625927141E-05,4.3582166851209146E-07
C1-TABULATED-SURROGATE,exact-v9-5-to-6mwe,182784,1800,pressure,REGION-4-MIXTURE,SaturatedMixture,269.8474434912206,5.489719574607868,0.0009051911966636977,true,REGION-4-MIXTURE-TABLE,SaturatedMixture,269.847318649292,5.489775141223056,0.0009051259065589338,true,1.0121940553258536E-05,2.2991255316612002E-07
C1-TABULATED-SURROGATE,exact-v9-5-to-6mwe,182784,1800,outlet,REGION-4-MIXTURE,SaturatedMixture,277.9191054522993,6.217449694590683,0.14017168440248198,true,REGION-4-MIXTURE-TABLE,SaturatedMixture,277.91936779022217,6.217515035863087,0.14017067544620476,true,1.0509336723892788E-05,4.7605267705117837E-07
C1-TABULATED-SURROGATE,exact-v9-5-to-6mwe,182784,1800,drum,REGION-4-MIXTURE,SaturatedMixture,271.0544894754886,5.594181755183046,0.03877997402388445,true,REGION-4-MIXTURE-TABLE,SaturatedMixture,271.05452728271484,5.594211847476544,0.038779663297005856,true,5.379212691838094E-06,6.947246298111483E-08
C1-TABULATED-SURROGATE,exact-v9-5-to-6mwe,182784,1800,feedwater-inventory,REGION-4-MIXTURE,SaturatedMixture,47.862737081945,0.011099410844179348,1.5654985176226882E-05,true,REGION-4-MIXTURE-TABLE,SaturatedMixture,47.862736225128174,0.011100830810621713,1.565251418472063E-05,true,0.00012793169496100323,2.6691053859054175E-09
C1-TABULATED-SURROGATE,exact-v9-5-to-6mwe,188784,1860,suction,REGION-4-MIXTURE,SaturatedMixture,269.58908331394184,5.467555022031855,0.0008884080705134151,true,REGION-4-MIXTURE-TABLE,SaturatedMixture,269.58884954452515,5.467658973109547,0.000888287183369371,true,1.9012351457384155E-05,4.3072154536579354E-07
C1-TABULATED-SURROGATE,exact-v9-5-to-6mwe,188784,1860,pressure,REGION-4-MIXTURE,SaturatedMixture,269.8816254317761,5.492657151944929,0.0009056405510384544,true,REGION-4-MIXTURE-TABLE,SaturatedMixture,269.8815245628357,5.492702004513319,0.0009055878070052823,true,8.165914447101299E-06,1.857515026705905E-07
C1-TABULATED-SURROGATE,exact-v9-5-to-6mwe,188784,1860,outlet,REGION-4-MIXTURE,SaturatedMixture,278.13301288485525,6.237686742146946,0.1358409741585088,true,REGION-4-MIXTURE-TABLE,SaturatedMixture,278.1334047317505,6.237787480989171,0.13583943475872767,true,1.6150032277946103E-05,7.107908026951607E-07
C1-TABULATED-SURROGATE,exact-v9-5-to-6mwe,188784,1860,drum,REGION-4-MIXTURE,SaturatedMixture,271.1053811609744,5.598619198118851,0.038874213549072896,true,REGION-4-MIXTURE-TABLE,SaturatedMixture,271.105450630188,5.598674295248411,0.038873643558635824,true,9.841199697704317E-06,1.2764083921635625E-07
C1-TABULATED-SURROGATE,exact-v9-5-to-6mwe,188784,1860,feedwater-inventory,REGION-4-MIXTURE,SaturatedMixture,47.89822296798229,0.011119270202672725,1.6353822798472466E-05,true,REGION-4-MIXTURE-TABLE,SaturatedMixture,47.89822232723236,0.0111203668518789,1.6351829248196413E-05,true,9.862600568085002E-05,1.9958058805369885E-09
C1-TABULATED-SURROGATE,exact-v9-5-to-6mwe,194784,1920,suction,REGION-4-MIXTURE,SaturatedMixture,269.60824417471883,5.469196470008422,0.0008871448915401767,true,REGION-4-MIXTURE-TABLE,SaturatedMixture,269.6080141067505,5.469298808092455,0.0008870258947173509,true,1.8711722022585604E-05,4.2388663979783225E-07
C1-TABULATED-SURROGATE,exact-v9-5-to-6mwe,194784,1920,pressure,REGION-4-MIXTURE,SaturatedMixture,269.9158253133297,5.495597472140865,0.0009060906814126842,true,REGION-4-MIXTURE-TABLE,SaturatedMixture,269.9157509803772,5.49563062224871,0.0009060516755983461,true,6.0321208044435716E-06,1.3687650567818283E-07
C1-TABULATED-SURROGATE,exact-v9-5-to-6mwe,194784,1920,outlet,REGION-4-MIXTURE,SaturatedMixture,278.3475722014904,6.258035954183596,0.13175815882505487,true,REGION-4-MIXTURE-TABLE,SaturatedMixture,278.34832191467285,6.258232138849455,0.1317551666257427,true,3.134923916955179E-05,1.3594133868610568E-06
C1-TABULATED-SURROGATE,exact-v9-5-to-6mwe,194784,1920,drum,REGION-4-MIXTURE,SaturatedMixture,271.15636810064314,5.603067641180313,0.03896885733947543,true,REGION-4-MIXTURE-TABLE,SaturatedMixture,271.15646600723267,5.603144807634585,0.038968057982854236,true,1.377217967271174E-05,1.7987404753767446E-07
C1-TABULATED-SURROGATE,exact-v9-5-to-6mwe,194784,1920,feedwater-inventory,REGION-4-MIXTURE,SaturatedMixture,47.93393765389919,0.01113928840948686,1.7060153775035382E-05,true,REGION-4-MIXTURE-TABLE,SaturatedMixture,47.933937311172485,0.011140028898662894,1.705874960798006E-05,true,6.647544697767051E-05,1.0674053332058173E-09
C1-TABULATED-SURROGATE,exact-v9-5-to-6mwe,200784,1980,suction,REGION-4-MIXTURE,SaturatedMixture,269.627409541607,5.470838680385202,0.0008858801546890522,true,REGION-4-MIXTURE-TABLE,SaturatedMixture,269.62718391418457,5.470939091886908,0.0008857634133858631,true,1.835395038538855E-05,4.1569051780224746E-07
C1-TABULATED-SURROGATE,exact-v9-5-to-6mwe,200784,1980,pressure,REGION-4-MIXTURE,SaturatedMixture,269.9500148475171,5.498538103852888,0.0009065409412907675,true,REGION-4-MIXTURE-TABLE,SaturatedMixture,269.94996881484985,5.49855850556521,0.0009065169092016861,true,3.7103884590540045E-06,8.475909771641343E-08
C1-TABULATED-SURROGATE,exact-v9-5-to-6mwe,200784,1980,outlet,REGION-4-MIXTURE,SaturatedMixture,278.56269953846925,6.278489896163884,0.1279000697380893,true,REGION-4-MIXTURE-TABLE,SaturatedMixture,278.5634913444519,6.278700792467603,0.12789686027977776,true,3.359029116987895E-05,1.4351780978040067E-06
C1-TABULATED-SURROGATE,exact-v9-5-to-6mwe,200784,1980,drum,REGION-4-MIXTURE,SaturatedMixture,271.20735141038915,5.6075184654446595,0.0390639271321025,true,REGION-4-MIXTURE-TABLE,SaturatedMixture,271.20747423171997,5.607614693237262,0.03906292894770017,true,1.7160495002493742E-05,2.2562629217978363E-07
C1-TABULATED-SURROGATE,exact-v9-5-to-6mwe,200784,1980,feedwater-inventory,REGION-4-MIXTURE,SaturatedMixture,47.96985266357666,0.0111594500999022,1.7774222638992802E-05,true,REGION-4-MIXTURE-TABLE,SaturatedMixture,47.96985250711441,0.011159801167468907,1.7773528993555917E-05,true,3.145921739545606E-05,4.872394156917416E-10
C1-TABULATED-SURROGATE,exact-v9-5-to-6mwe,206784,2040,suction,REGION-4-MIXTURE,SaturatedMixture,269.6465640187264,5.472480333816607,0.000884614875680247,true,REGION-4-MIXTURE-TABLE,SaturatedMixture,269.6463432312012,5.472578478058271,0.0008845007751828824,true,1.7934142413808575E-05,4.0675925357342454E-07
C1-TABULATED-SURROGATE,exact-v9-5-to-6mwe,206784,2040,pressure,REGION-4-MIXTURE,SaturatedMixture,269.984167456627,5.501476758986423,0.00090699031178017,true,REGION-4-MIXTURE-TABLE,SaturatedMixture,269.9841523170471,5.501483451206141,0.0009069824215689534,true,1.216440605153775E-06,2.7874475210298856E-08
C1-TABULATED-SURROGATE,exact-v9-5-to-6mwe,206784,2040,outlet,REGION-4-MIXTURE,SaturatedMixture,278.77853245735173,6.299062188517196,0.12424827650769203,true,REGION-4-MIXTURE-TABLE,SaturatedMixture,278.77907276153564,6.299208637644899,0.12424605386237561,true,2.324935416100123E-05,9.789386707530586E-07
C1-TABULATED-SURROGATE,exact-v9-5-to-6mwe,206784,2040,drum,REGION-4-MIXTURE,SaturatedMixture,271.2583651363849,5.6119746463846045,0.039159222023086,true,REGION-4-MIXTURE-TABLE,SaturatedMixture,271.25850892066956,5.612086897938875,0.03915805544002587,true,2.0002149215469224E-05,2.6411108621350103E-07
C1-TABULATED-SURROGATE,exact-v9-5-to-6mwe,206784,2040,feedwater-inventory,REGION-4-MIXTURE,SaturatedMixture,48.00592249780897,0.011179730235908587,1.8496250241919607E-05,true,REGION-4-MIXTURE-TABLE,SaturatedMixture,48.00592243671417,0.011179802628699786,1.8496110564900826E-05,true,6.475361182385007E-06,1.9023405990977333E-10
C1-TABULATED-SURROGATE,exact-v9-5-to-6mwe,212784,2100,suction,REGION-4-MIXTURE,SaturatedMixture,269.665693461895,5.474120217062952,0.0008833499914814083,true,REGION-4-MIXTURE-TABLE,SaturatedMixture,269.6654782295227,5.4742157833761045,0.0008832388928770372,true,1.7457839682601522E-05,3.9651096104325256E-07
C1-TABULATED-SURROGATE,exact-v9-5-to-6mwe,212784,2100,pressure,REGION-4-MIXTURE,SaturatedMixture,270.01825814843176,5.50441128222243,0.000907439891396265,true,REGION-4-MIXTURE-TABLE,SaturatedMixture,270.01824045181274,5.5044189897846065,0.0009074307886014173,true,1.4002518674127153E-06,3.258036298255144E-08
C1-TABULATED-SURROGATE,exact-v9-5-to-6mwe,212784,2100,outlet,REGION-4-MIXTURE,SaturatedMixture,278.99378421306585,6.319630317377965,0.1207826244768461,true,REGION-4-MIXTURE-TABLE,SaturatedMixture,278.993803024292,6.3196355141496445,0.1207825456853254,true,8.22322100924073E-07,3.40694338668228E-08
C1-TABULATED-SURROGATE,exact-v9-5-to-6mwe,212784,2100,drum,REGION-4-MIXTURE,SaturatedMixture,271.3093077659606,5.616427314501431,0.039254709204179374,true,REGION-4-MIXTURE-TABLE,SaturatedMixture,271.3094689846039,5.6165525631993525,0.03925340547816606,true,2.2300421764229475E-05,2.961077916331436E-07
C1-TABULATED-SURROGATE,exact-v9-5-to-6mwe,212784,2100,feedwater-inventory,REGION-4-MIXTURE,SaturatedMixture,48.042088118195466,0.011200095993050059,1.9226431775534558E-05,true,REGION-4-MIXTURE-TABLE,SaturatedMixture,48.04208779335022,0.011200591998955433,1.9225437104078186E-05,true,4.428586198565328E-05,1.0113737474574296E-09
C1-TABULATED-SURROGATE,exact-v9-5-to-6mwe,218784,2160,suction,REGION-4-MIXTURE,SaturatedMixture,269.6847838103771,5.475757122931954,0.0008820864372566563,true,REGION-4-MIXTURE-TABLE,SaturatedMixture,269.6845750808716,5.475849824609975,0.0008819786816853736,true,1.6929472206277223E-05,3.8451755808838586E-07
C1-TABULATED-SURROGATE,exact-v9-5-to-6mwe,218784,2160,pressure,REGION-4-MIXTURE,SaturatedMixture,270.0522645592689,5.507339741148836,0.0009078880252199767,true,REGION-4-MIXTURE-TABLE,SaturatedMixture,270.05221605300903,5.507361076742309,0.0009078628227647584,true,3.874028927954082E-06,8.929686608006699E-08
C1-TABULATED-SURROGATE,exact-v9-5-to-6mwe,218784,2160,outlet,REGION-4-MIXTURE,SaturatedMixture,279.20919802188894,6.340265239444113,0.11748938693648206,true,REGION-4-MIXTURE-TABLE,SaturatedMixture,279.2096834182739,6.3404037493540235,0.11748731416945515,true,2.184607499522104E-05,8.787694433740551E-07
C1-TABULATED-SURROGATE,exact-v9-5-to-6mwe,218784,2160,drum,REGION-4-MIXTURE,SaturatedMixture,271.36016235947625,5.620874977668143,0.03935034107829655,true,REGION-4-MIXTURE-TABLE,SaturatedMixture,271.36033725738525,5.621010184738308,0.03934893148347883,true,2.4054452501231164E-05,3.2120228619315017E-07
C1-TABULATED-SURROGATE,exact-v9-5-to-6mwe,218784,2160,feedwater-inventory,REGION-4-MIXTURE,SaturatedMixture,48.07828054577118,0.0112205087299641,1.9964947844077434E-05,true,REGION-4-MIXTURE-TABLE,SaturatedMixture,48.078280091285706,0.011221396856204744,1.9963098498310574E-05,true,7.915204756021361E-05,1.4148364287340936E-09
C1-TABULATED-SURROGATE,exact-v9-5-to-6mwe,224784,2220,suction,REGION-4-MIXTURE,SaturatedMixture,269.7038233816626,5.4773900471246595,0.0008808249942171053,true,REGION-4-MIXTURE-TABLE,SaturatedMixture,269.70362186431885,5.4774795817336415,0.0008807209332763673,true,1.6346217488925977E-05,3.7121842942989514E-07
C1-TABULATED-SURROGATE,exact-v9-5-to-6mwe,224784,2220,pressure,REGION-4-MIXTURE,SaturatedMixture,270.086165201664,5.5102602757380295,0.0009083351710392996,true,REGION-4-MIXTURE-TABLE,SaturatedMixture,270.086088180542,5.510294203490195,0.0009082950677722483,true,6.157195934158593E-06,1.4178202218116713E-07
C1-TABULATED-SURROGATE,exact-v9-5-to-6mwe,224784,2220,outlet,REGION-4-MIXTURE,SaturatedMixture,279.42397137880334,6.3608899991217465,0.11435404180450633,true,REGION-4-MIXTURE-TABLE,SaturatedMixture,279.42466950416565,6.361092776489887,0.11435101794538918,true,3.187877296547127E-05,1.2634061654465957E-06
C1-TABULATED-SURROGATE,exact-v9-5-to-6mwe,224784,2220,drum,REGION-4-MIXTURE,SaturatedMixture,271.4109251201154,5.625317290678886,0.03944595210764702,true,REGION-4-MIXTURE-TABLE,SaturatedMixture,271.4111099243164,5.625459428271215,0.039444468003987584,true,2.526748003432115E-05,3.3936368271676675E-07
C1-TABULATED-SURROGATE,exact-v9-5-to-6mwe,224784,2220,feedwater-inventory,REGION-4-MIXTURE,SaturatedMixture,48.11442436575891,0.011240925924257539,2.0711953301300457E-05,true,REGION-4-MIXTURE-TABLE,SaturatedMixture,48.114423751831055,0.011242173754633631,2.070925743546402E-05,true,0.00011100779281883916,1.9109736590574114E-09
C1-TABULATED-SURROGATE,exact-v9-5-to-6mwe,230784,2280,suction,REGION-4-MIXTURE,SaturatedMixture,269.7228007018567,5.479018002333597,0.0008795664327853848,true,REGION-4-MIXTURE-TABLE,SaturatedMixture,269.7226071357727,5.479104075521914,0.0008794664098996243,true,1.5709601297105967E-05,3.565588177774143E-07
C1-TABULATED-SURROGATE,exact-v9-5-to-6mwe,230784,2280,pressure,REGION-4-MIXTURE,SaturatedMixture,270.11994096636784,5.51317122799742,0.0009087813796254093,true,REGION-4-MIXTURE-TABLE,SaturatedMixture,270.1198377609253,5.513216718376686,0.000908727571166086,true,8.251218288875661E-06,1.8997083173549784E-07
C1-TABULATED-SURROGATE,exact-v9-5-to-6mwe,230784,2280,outlet,REGION-4-MIXTURE,SaturatedMixture,279.63773699402816,6.381468825344261,0.11136333814034974,true,REGION-4-MIXTURE-TABLE,SaturatedMixture,279.63838052749634,6.381659098922253,0.11136051116433421,true,2.9816580351471016E-05,1.164160174170434E-06
C1-TABULATED-SURROGATE,exact-v9-5-to-6mwe,230784,2280,drum,REGION-4-MIXTURE,SaturatedMixture,271.46150371432316,5.629746152579223,0.03954158656193777,true,REGION-4-MIXTURE-TABLE,SaturatedMixture,271.46169424057007,5.629892166505416,0.039540059186181406,true,2.5936147427487096E-05,3.4983882200694416E-07
C1-TABULATED-SURROGATE,exact-v9-5-to-6mwe,230784,2280,feedwater-inventory,REGION-4-MIXTURE,SaturatedMixture,48.15044099241493,0.011261302992122227,2.1467589256691103E-05,true,REGION-4-MIXTURE-TABLE,SaturatedMixture,48.15044033527374,0.011262877603791507,2.1464063022483384E-05,true,0.00013982499808252083,2.0452545408327886E-09
C1-TABULATED-SURROGATE,exact-v9-5-to-6mwe,236784,2340,suction,REGION-4-MIXTURE,SaturatedMixture,269.7417052984239,5.480640086297664,0.00087831145985838,true,REGION-4-MIXTURE-TABLE,SaturatedMixture,269.7415199279785,5.480722367550653,0.0008782158442709295,true,1.5013073599656384E-05,3.4145013371175896E-07
C1-TABULATED-SURROGATE,exact-v9-5-to-6mwe,236784,2340,pressure,REGION-4-MIXTURE,SaturatedMixture,270.1535745382308,5.516071092031928,0.0009092252942583847,true,REGION-4-MIXTURE-TABLE,SaturatedMixture,270.15344762802124,5.516127134915362,0.0009091589617641437,true,1.0159927691173186E-05,2.3358986676171646E-07
C1-TABULATED-SURROGATE,exact-v9-5-to-6mwe,236784,2340,outlet,REGION-4-MIXTURE,SaturatedMixture,279.8510682284831,6.402056488081979,0.10850801803531035,true,REGION-4-MIXTURE-TABLE,SaturatedMixture,279.85141229629517,6.402160053796603,0.10850648509919542,true,1.617694483273834E-05,6.22182906774189E-07
C1-TABULATED-SURROGATE,exact-v9-5-to-6mwe,236784,2340,drum,REGION-4-MIXTURE,SaturatedMixture,271.51193360686295,5.6341646436292265,0.03963711015713397,true,REGION-4-MIXTURE-TABLE,SaturatedMixture,271.5121259689331,5.634311533358387,0.039635570826044624,true,2.6071252519509292E-05,3.5317700445479865E-07
C1-TABULATED-SURROGATE,exact-v9-5-to-6mwe,236784,2340,feedwater-inventory,REGION-4-MIXTURE,SaturatedMixture,48.1862515375019,0.011281594901854998,2.223198383115482E-05,true,REGION-4-MIXTURE-TABLE,SaturatedMixture,48.1862508058548,0.011283462970595171,2.222765083315533E-05,true,0.0001655855183974449,2.276889401885621E-09
C1-TABULATED-SURROGATE,exact-v9-5-to-6mwe,242784,2400,suction,REGION-4-MIXTURE,SaturatedMixture,269.7605286598206,5.482255564273977,0.0008770606546617512,true,REGION-4-MIXTURE-TABLE,SaturatedMixture,269.76035261154175,5.482333805003066,0.0008769697500882444,true,1.427163111445079E-05,3.2426757179660495E-07
C1-TABULATED-SURROGATE,exact-v9-5-to-6mwe,242784,2400,pressure,REGION-4-MIXTURE,SaturatedMixture,270.1870496869085,5.518958453185912,0.000909668152802956,true,REGION-4-MIXTURE-TABLE,SaturatedMixture,270.1869010925293,5.51902400791109,0.0009095905007570846,true,1.1878097241365144E-05,2.734847168682881E-07
C1-TABULATED-SURROGATE,exact-v9-5-to-6mwe,242784,2400,outlet,REGION-4-MIXTURE,SaturatedMixture,280.0627813100815,6.422538103653541,0.10577623997933351,true,REGION-4-MIXTURE-TABLE,SaturatedMixture,280.0629346370697,6.422585930874187,0.10577554050814544,true,7.446778808350809E-06,2.771573495362467E-07
C1-TABULATED-SURROGATE,exact-v9-5-to-6mwe,242784,2400,drum,REGION-4-MIXTURE,SaturatedMixture,271.5621550083159,5.638567498270978,0.03973247198372388,true,REGION-4-MIXTURE-TABLE,SaturatedMixture,271.56234550476074,5.6387123056343365,0.039730952039739316,true,2.5681587283027903E-05,3.497194675469047E-07
C1-TABULATED-SURROGATE,exact-v9-5-to-6mwe,242784,2400,feedwater-inventory,REGION-4-MIXTURE,SaturatedMixture,48.22177927196026,0.0113017575729875,2.300524806770802E-05,true,REGION-4-MIXTURE-TABLE,SaturatedMixture,48.22177851200104,0.011303885792491853,2.3000139165753818E-05,true,0.0001883087201798975,2.3647353934058924E-09
C1-TABULATED-SURROGATE,exact-v9-5-to-6mwe,248784,2460,suction,REGION-4-MIXTURE,SaturatedMixture,269.7792617738247,5.483863657895556,0.0008758146319084572,true,REGION-4-MIXTURE-TABLE,SaturatedMixture,269.77909564971924,5.483937571858162,0.0008757287686899402,true,1.347844644152805E-05,3.0597743973768927E-07
C1-TABULATED-SURROGATE,exact-v9-5-to-6mwe,248784,2460,pressure,REGION-4-MIXTURE,SaturatedMixture,270.2203527688979,5.5218321178885645,0.0009101087419261354,true,REGION-4-MIXTURE-TABLE,SaturatedMixture,270.2201852798462,5.521906222499052,0.0009100209123283625,true,1.3420294008396103E-05,3.082410566783278E-07
C1-TABULATED-SURROGATE,exact-v9-5-to-6mwe,248784,2460,outlet,REGION-4-MIXTURE,SaturatedMixture,280.2734861910343,6.442971835092438,0.10316011024773743,true,REGION-4-MIXTURE-TABLE,SaturatedMixture,280.2739906311035,6.443132105380053,0.10315777578457706,true,2.4875211582119384E-05,9.114901730918227E-07
C1-TABULATED-SURROGATE,exact-v9-5-to-6mwe,248784,2460,drum,REGION-4-MIXTURE,SaturatedMixture,271.6121370434762,5.642951975668904,0.03982768743716165,true,REGION-4-MIXTURE-TABLE,SaturatedMixture,271.6123218536377,5.643091767271453,0.039826217941715626,true,2.477277906164756E-05,3.392492776803933E-07
C1-TABULATED-SURROGATE,exact-v9-5-to-6mwe,248784,2460,feedwater-inventory,REGION-4-MIXTURE,SaturatedMixture,48.256951592117616,0.011321749007899265,2.378749059772209E-05,true,REGION-4-MIXTURE-TABLE,SaturatedMixture,48.25695085525513,0.011324104336830475,2.3781643322287113E-05,true,0.00020803578400882135,2.2926152828921592E-09
C1-TABULATED-SURROGATE,exact-v9-5-to-6mwe,254784,2520,suction,REGION-4-MIXTURE,SaturatedMixture,269.7978978395462,5.485463778013837,0.0008745738612883097,true,REGION-4-MIXTURE-TABLE,SaturatedMixture,269.7977418899536,5.485533056100197,0.0008744933850336847,true,1.262939455323871E-05,2.872275464885977E-07
C1-TABULATED-SURROGATE,exact-v9-5-to-6mwe,254784,2520,pressure,REGION-4-MIXTURE,SaturatedMixture,270.25347097516044,5.524690962822038,0.0009105470487279202,true,REGION-4-MIXTURE-TABLE,SaturatedMixture,270.25328636169434,5.524772581231856,0.0009104502390560374,true,1.4773389202669422E-05,3.397355297940206E-07
C1-TABULATED-SURROGATE,exact-v9-5-to-6mwe,254784,2520,outlet,REGION-4-MIXTURE,SaturatedMixture,280.48288751244525,6.463328307597143,0.10065168323196329,true,REGION-4-MIXTURE-TABLE,SaturatedMixture,280.48350524902344,6.463528227845177,0.1006487834680827,true,3.093147036931776E-05,1.1157873604075246E-06
C1-TABULATED-SURROGATE,exact-v9-5-to-6mwe,254784,2520,drum,REGION-4-MIXTURE,SaturatedMixture,271.66190503835685,5.647320263100236,0.03992261055880085,true,REGION-4-MIXTURE-TABLE,SaturatedMixture,271.66208028793335,5.64745213290475,0.039921222371337634,true,2.335086348388073E-05,3.2166987336308884E-07
C1-TABULATED-SURROGATE,exact-v9-5-to-6mwe,254784,2520,feedwater-inventory,REGION-4-MIXTURE,SaturatedMixture,48.29170162081721,0.011341530226767585,2.4578808955240703E-05,true,REGION-4-MIXTURE-TABLE,SaturatedMixture,48.29170095920563,0.011344080160232944,2.4572266908390197E-05,true,0.0002248315187082628,2.0582630579919635E-09
C1-TABULATED-SURROGATE,exact-v9-5-to-6mwe,260784,2580,suction,REGION-4-MIXTURE,SaturatedMixture,269.81642926335314,5.487055266897173,0.000873338867030893,true,REGION-4-MIXTURE-TABLE,SaturatedMixture,269.8162841796875,5.4871196457134275,0.0008732640852801372,true,1.173285362064124E-05,2.672055910343816E-07
C1-TABULATED-SURROGATE,exact-v9-5-to-6mwe,260784,2580,pressure,REGION-4-MIXTURE,SaturatedMixture,270.28639316558827,5.5275340071627355,0.0009109838422333178,true,REGION-4-MIXTURE-TABLE,SaturatedMixture,270.28619384765625,5.527622175701135,0.0009108791908126791,true,1.5950790765801054E-05,3.667732498630913E-07
C1-TABULATED-SURROGATE,exact-v9-5-to-6mwe,260784,2580,outlet,REGION-4-MIXTURE,SaturatedMixture,280.6903158664703,6.483541378687517,0.09824218240227715,true,REGION-4-MIXTURE-TABLE,SaturatedMixture,280.6908311843872,6.483711283375421,0.09823972854998171,true,2.6205537680870094E-05,9.30444935354068E-07
C1-TABULATED-SURROGATE,exact-v9-5-to-6mwe,260784,2580,drum,REGION-4-MIXTURE,SaturatedMixture,271.71136682629583,5.651664231423629,0.04001730164747268,true,REGION-4-MIXTURE-TABLE,SaturatedMixture,271.711528301239,5.651785296134359,0.04001602497444067,true,2.142107276242945E-05,2.9635968526141995E-07
C1-TABULATED-SURROGATE,exact-v9-5-to-6mwe,260784,2580,feedwater-inventory,REGION-4-MIXTURE,SaturatedMixture,48.32596928700798,0.011361065913860425,2.537930359507157E-05,true,REGION-4-MIXTURE-TABLE,SaturatedMixture,48.325968623161316,0.011363778656806347,2.5372115655818012E-05,true,0.00023877539013416596,2.06499622490022E-09
C1-TABULATED-SURROGATE,exact-v9-5-to-6mwe,266784,2640,suction,REGION-4-MIXTURE,SaturatedMixture,269.8348390221596,5.488636656191929,0.000872110804543449,true,REGION-4-MIXTURE-TABLE,SaturatedMixture,269.8347053527832,5.4886958718600685,0.0008720420212972419,true,1.0788775400681191E-05,2.461751540554031E-07
C1-TABULATED-SURROGATE,exact-v9-5-to-6mwe,266784,2640,pressure,REGION-4-MIXTURE,SaturatedMixture,270.3190940141677,5.530359042915462,0.0009114177536872014,true,REGION-4-MIXTURE-TABLE,SaturatedMixture,270.3188819885254,5.530452776177254,0.0009113064133308506,true,1.6948856496463753E-05,3.9013376227292905E-07
C1-TABULATED-SURROGATE,exact-v9-5-to-6mwe,266784,2640,outlet,REGION-4-MIXTURE,SaturatedMixture,280.8963150322435,6.503662931149712,0.09592737193640359,true,REGION-4-MIXTURE-TABLE,SaturatedMixture,280.8965334892273,6.503736279447439,0.09592631772663111,true,1.1277998030277283E-05,3.9429372218400517E-07
C1-TABULATED-SURROGATE,exact-v9-5-to-6mwe,266784,2640,drum,REGION-4-MIXTURE,SaturatedMixture,271.76054902672774,5.6559861742030275,0.04011145274484312,true,REGION-4-MIXTURE-TABLE,SaturatedMixture,271.7606930732727,5.656093638737562,0.040110317866222524,true,1.9000140952323727E-05,2.643489747404559E-07
C1-TABULATED-SURROGATE,exact-v9-5-to-6mwe,266784,2640,feedwater-inventory,REGION-4-MIXTURE,SaturatedMixture,48.35970218628648,0.011380324944312396,2.6188901710217643E-05,true,REGION-4-MIXTURE-TABLE,SaturatedMixture,48.35970163345337,0.011383169811934619,2.618112178208452E-05,true,0.0002499812295468975,1.7194912335102143E-09
C1-TABULATED-SURROGATE,exact-v9-5-to-6mwe,272784,2700,suction,REGION-4-MIXTURE,SaturatedMixture,269.85314221978194,5.490209236889209,0.0008708886873087519,true,REGION-4-MIXTURE-TABLE,SaturatedMixture,269.85302114486694,5.490263080974758,0.0008708261630161552,true,9.807292076872356E-06,2.2297277048068665E-07
C1-TABULATED-SURROGATE,exact-v9-5-to-6mwe,272784,2700,pressure,REGION-4-MIXTURE,SaturatedMixture,270.3515844941138,5.53316699652762,0.0009118489458522835,true,REGION-4-MIXTURE-TABLE,SaturatedMixture,270.3513617515564,5.533265332359874,0.0009117320456721239,true,1.7772070193371855E-05,4.098287176462873E-07
C1-TABULATED-SURROGATE,exact-v9-5-to-6mwe,272784,2700,outlet,REGION-4-MIXTURE,SaturatedMixture,281.1006812334059,6.523672077861695,0.09369971225579947,true,REGION-4-MIXTURE-TABLE,SaturatedMixture,281.1008849143982,6.523743178206297,0.0936987027901918,true,1.0898822588492252E-05,3.674889344878447E-07
C1-TABULATED-SURROGATE,exact-v9-5-to-6mwe,272784,2700,drum,REGION-4-MIXTURE,SaturatedMixture,271.80945309996594,5.6602861778725595,0.04020544349334972,true,REGION-4-MIXTURE-TABLE,SaturatedMixture,271.80957555770874,5.66037724428549,0.0402044800491248,true,1.6088658783111083E-05,2.247098240210975E-07
C1-TABULATED-SURROGATE,exact-v9-5-to-6mwe,272784,2700,feedwater-inventory,REGION-4-MIXTURE,SaturatedMixture,48.392855721712124,0.011399280503060171,2.700777724802077E-05,true,REGION-4-MIXTURE-TABLE,SaturatedMixture,48.392855286598206,0.01140222792817253,2.699946319889516E-05,true,0.0002585623813333602,1.3532066114559122E-09
C1-TABULATED-SURROGATE,exact-v9-5-to-6mwe,278784,2760,suction,REGION-4-MIXTURE,SaturatedMixture,269.87132650613796,5.491771941587262,0.0008696733605962244,true,REGION-4-MIXTURE-TABLE,SaturatedMixture,269.8712182044983,5.491820130628106,0.0008696174103652366,true,8.774770940321997E-06,1.994427002847142E-07
C1-TABULATED-SURROGATE,exact-v9-5-to-6mwe,278784,2760,pressure,REGION-4-MIXTURE,SaturatedMixture,270.38385555148113,5.535957064219906,0.0009122776238107948,true,REGION-4-MIXTURE-TABLE,SaturatedMixture,270.3836245536804,5.536059101005779,0.0009121562414934377,true,1.8431643289386546E-05,4.2499247904063714E-07
C1-TABULATED-SURROGATE,exact-v9-5-to-6mwe,278784,2760,outlet,REGION-4-MIXTURE,SaturatedMixture,281.3032880485058,6.5435553494856205,0.09155373242258863,true,REGION-4-MIXTURE-TABLE,SaturatedMixture,281.30375146865845,6.543720168571456,0.09155140443921585,true,2.5188002092530444E-05,8.358145990486134E-07
C1-TABULATED-SURROGATE,exact-v9-5-to-6mwe,278784,2760,drum,REGION-4-MIXTURE,SaturatedMixture,271.85805572271363,5.664562148327447,0.04029904069717619,true,REGION-4-MIXTURE-TABLE,SaturatedMixture,271.8581528663635,5.664634107070959,0.04029827816544415,true,1.2703319625974827E-05,1.7824259453734444E-07
C1-TABULATED-SURROGATE,exact-v9-5-to-6mwe,278784,2760,feedwater-inventory,REGION-4-MIXTURE,SaturatedMixture,48.42539348453289,0.011417910341151714,2.7836101094889847E-05,true,REGION-4-MIXTURE-TABLE,SaturatedMixture,48.42539322376251,0.011420932104931277,2.782731430150109E-05,true,0.00026465120930858384,8.109152099919467E-10
C1-TABULATED-SURROGATE,exact-v9-5-to-6mwe,284784,2820,suction,REGION-4-MIXTURE,SaturatedMixture,269.8893888354303,5.493324501843102,0.0008684650499623678,true,REGION-4-MIXTURE-TABLE,SaturatedMixture,269.8892936706543,5.493366776013817,0.0008684159679797067,true,7.695553157461176E-06,1.7524470221008747E-07
C1-TABULATED-SURROGATE,exact-v9-5-to-6mwe,284784,2820,pressure,REGION-4-MIXTURE,SaturatedMixture,270.4159002184865,5.538728621608807,0.0009127036546252036,true,REGION-4-MIXTURE-TABLE,SaturatedMixture,270.41566276550293,5.538833421454344,0.0009125788913038554,true,1.892128188550883E-05,4.3684304605551684E-07
C1-TABULATED-SURROGATE,exact-v9-5-to-6mwe,284784,2820,outlet,REGION-4-MIXTURE,SaturatedMixture,281.5040671765804,6.563304891107259,0.08948431974989707,true,REGION-4-MIXTURE-TABLE,SaturatedMixture,281.50460147857666,6.563498582650647,0.08948159770769243,true,2.951128228869199E-05,9.633067309388636E-07
C1-TABULATED-SURROGATE,exact-v9-5-to-6mwe,284784,2820,drum,REGION-4-MIXTURE,SaturatedMixture,271.90634704828267,5.668813173634164,0.04039223727257891,true,REGION-4-MIXTURE-TABLE,SaturatedMixture,271.90641498565674,5.668863349597077,0.040391704598110895,true,8.851228886134173E-06,1.2464284552858793E-07
C1-TABULATED-SURROGATE,exact-v9-5-to-6mwe,284784,2820,feedwater-inventory,REGION-4-MIXTURE,SaturatedMixture,48.45728705078358,0.011436196697612457,2.8673972888121814E-05,true,REGION-4-MIXTURE-TABLE,SaturatedMixture,48.45728689432144,0.011439265930109162,2.8664777442707036E-05,true,0.0002683787781777418,4.865005924672201E-10
C1-TABULATED-SURROGATE,exact-v9-5-to-6mwe,290784,2880,suction,REGION-4-MIXTURE,SaturatedMixture,269.90732603669187,5.494866638268398,0.0008672639899900221,true,REGION-4-MIXTURE-TABLE,SaturatedMixture,269.907244682312,5.494902772325592,0.0008672220409051873,true,6.57596618302644E-06,1.4980808831417962E-07
C1-TABULATED-SURROGATE,exact-v9-5-to-6mwe,290784,2880,pressure,REGION-4-MIXTURE,SaturatedMixture,270.4477130711076,5.54148117712994,0.0009131269735124795,true,REGION-4-MIXTURE-TABLE,SaturatedMixture,270.44747161865234,5.541587880792671,0.000912999863867065,true,1.9255440796377776E-05,4.4417489158740194E-07
C1-TABULATED-SURROGATE,exact-v9-5-to-6mwe,290784,2880,outlet,REGION-4-MIXTURE,SaturatedMixture,281.7029600799086,6.582913756731737,0.08748683051640017,true,REGION-4-MIXTURE-TABLE,SaturatedMixture,281.70339488983154,6.583074476152543,0.08748458305399343,true,2.4414632599645116E-05,7.836489199936245E-07
C1-TABULATED-SURROGATE,exact-v9-5-to-6mwe,290784,2880,drum,REGION-4-MIXTURE,SaturatedMixture,271.95431818962084,5.673038424681676,0.04048500592771187,true,REGION-4-MIXTURE-TABLE,SaturatedMixture,271.95435333251953,5.673064219723649,0.04048473179064658,true,4.546953509305429E-06,6.447004274834906E-08
C1-TABULATED-SURROGATE,exact-v9-5-to-6mwe,290784,2880,feedwater-inventory,REGION-4-MIXTURE,SaturatedMixture,48.48851566314704,0.011454126153000852,2.9521499235631006E-05,true,REGION-4-MIXTURE-TABLE,SaturatedMixture,48.48851561546326,0.011457217514354854,2.951196166111217E-05,true,0.0002698906326601422,1.4825271760162737E-10
C1-TABULATED-SURROGATE,exact-v9-5-to-6mwe,296784,2940,suction,REGION-4-MIXTURE,SaturatedMixture,269.92513548135753,5.496398117933954,0.0008660703795524911,true,REGION-4-MIXTURE-TABLE,SaturatedMixture,269.9250683784485,5.496427874757133,0.0008660358345900808,true,5.413876968219986E-06,1.2356100410154667E-07
C1-TABULATED-SURROGATE,exact-v9-5-to-6mwe,296784,2940,pressure,REGION-4-MIXTURE,SaturatedMixture,270.47928985357294,5.5442143397969605,0.0009135475255151004,true,REGION-4-MIXTURE-TABLE,SaturatedMixture,270.4790458679199,5.5443220248165765,0.0009134191480368973,true,1.9422953914863103E-05,4.488088805521337E-07
C1-TABULATED-SURROGATE,exact-v9-5-to-6mwe,296784,2940,outlet,REGION-4-MIXTURE,SaturatedMixture,281.8999184429648,6.602375966833371,0.08555699672178615,true,REGION-4-MIXTURE-TABLE,SaturatedMixture,281.90010118484497,6.602444843902804,0.08555603850423112,true,1.0432164084386484E-05,3.292350365159761E-07
C1-TABULATED-SURROGATE,exact-v9-5-to-6mwe,296784,2940,drum,REGION-4-MIXTURE,SaturatedMixture,272.00196151137345,5.6772371811977065,0.04057732658586686,true,REGION-4-MIXTURE-TABLE,SaturatedMixture,272.0019631385803,5.677238351251207,0.04057731442323839,true,2.0609558187654112E-07,2.98486841369701E-09
C1-TABULATED-SURROGATE,exact-v9-5-to-6mwe,296784,2940,feedwater-inventory,REGION-4-MIXTURE,SaturatedMixture,48.51906575113537,0.011471689386895554,3.03787918349558E-05,true,REGION-4-MIXTURE-TABLE,SaturatedMixture,48.519065856933594,0.011474779079908258,3.0368980576650624E-05,true,0.0002693319971017942,3.2890393576360674E-10
C1-TABULATED-SURROGATE,exact-v9-5-to-6mwe,302784,3000,suction,REGION-4-MIXTURE,SaturatedMixture,269.9428149163722,5.4979187400670675,0.0008648843928346774,true,REGION-4-MIXTURE-TABLE,SaturatedMixture,269.9427628517151,5.497941920104244,0.0008648574913491455,true,4.21614765018261E-06,9.586695987799805E-08
C1-TABULATED-SURROGATE,exact-v9-5-to-6mwe,302784,3000,pressure,REGION-4-MIXTURE,SaturatedMixture,270.5106271028518,5.546927786882517,0.0009139652713696375,true,REGION-4-MIXTURE-TABLE,SaturatedMixture,270.5103831291199,5.5470356470696105,0.0009138366082099207,true,1.9445031779379835E-05,4.487610832267626E-07
C1-TABULATED-SURROGATE,exact-v9-5-to-6mwe,302784,3000,outlet,REGION-4-MIXTURE,SaturatedMixture,282.0949025034904,6.621686355326797,0.08369089475203428,true,REGION-4-MIXTURE-TABLE,SaturatedMixture,282.0950689315796,6.621751745255248,0.08368999711655253,true,9.875117144276458E-06,2.997381667745689E-07
C1-TABULATED-SURROGATE,exact-v9-5-to-6mwe,302784,3000,drum,REGION-4-MIXTURE,SaturatedMixture,272.04927046298974,5.681408817366673,0.040669181416813076,true,REGION-4-MIXTURE-TABLE,SaturatedMixture,272.049307346344,5.681436635512853,0.04066888837897848,true,4.896346500261863E-06,6.765114381738266E-08
C1-TABULATED-SURROGATE,exact-v9-5-to-6mwe,302784,3000,feedwater-inventory,REGION-4-MIXTURE,SaturatedMixture,48.548930336534966,0.011488880865469404,3.124596940294339E-05,true,REGION-4-MIXTURE-TABLE,SaturatedMixture,48.548930644989014,0.01149194661796792,3.12359543781097E-05,true,0.00026684518139005373,9.588283298258126E-10
C1-TABULATED-SURROGATE,exact-v9-5-to-6mwe,308784,3060,suction,REGION-4-MIXTURE,SaturatedMixture,269.9603627145292,5.499428357627526,0.0008637061623908476,true,REGION-4-MIXTURE-TABLE,SaturatedMixture,269.960325717926,5.499444704361677,0.0008636871855109248,true,2.9724424227678727E-06,6.811986239101236E-08
C1-TABULATED-SURROGATE,exact-v9-5-to-6mwe,308784,3060,pressure,REGION-4-MIXTURE,SaturatedMixture,270.54172206521014,5.549621256826255,0.000914380182831246,true,REGION-4-MIXTURE-TABLE,SaturatedMixture,270.54147958755493,5.549728417221462,0.0009142522639231201,true,1.9309497035565047E-05,4.459837171790665E-07
C1-TABULATED-SURROGATE,exact-v9-5-to-6mwe,308784,3060,outlet,REGION-4-MIXTURE,SaturatedMixture,282.28788021802904,6.64084049701058,0.08188491044554737,true,REGION-4-MIXTURE-TABLE,SaturatedMixture,282.28826665878296,6.64099554864271,0.08188279244159148,true,2.334819398234752E-05,6.957407257897833E-07
C1-TABULATED-SURROGATE,exact-v9-5-to-6mwe,308784,3060,drum,REGION-4-MIXTURE,SaturatedMixture,272.09623962044714,5.6855528058038844,0.04076055509031608,true,REGION-4-MIXTURE-TABLE,SaturatedMixture,272.09630823135376,5.6856044753636095,0.04076000967327262,true,9.087869111386245E-06,1.2583471767077282E-07
C1-TABULATED-SURROGATE,exact-v9-5-to-6mwe,308784,3060,feedwater-inventory,REGION-4-MIXTURE,SaturatedMixture,48.578108470141956,0.011505698542849266,3.2123158629364795E-05,true,REGION-4-MIXTURE-TABLE,SaturatedMixture,48.57810890674591,0.011508719511795149,3.211301070090255E-05,true,0.00026256284523989434,1.3570587812290975E-09
C1-TABULATED-SURROGATE,exact-v9-5-to-6mwe,314784,3120,suction,REGION-4-MIXTURE,SaturatedMixture,269.9777773737907,5.50092683428004,0.000862535812608351,true,REGION-4-MIXTURE-TABLE,SaturatedMixture,269.97775650024414,5.500936186728379,0.0008625249644920301,true,1.7001586496585356E-06,3.843211008845922E-08
C1-TABULATED-SURROGATE,exact-v9-5-to-6mwe,314784,3120,pressure,REGION-4-MIXTURE,SaturatedMixture,270.5725726544857,5.552294545740403,0.0009147922379160597,true,REGION-4-MIXTURE-TABLE,SaturatedMixture,270.57233333587646,5.552400170106969,0.0009146660570155121,true,1.9023552460317295E-05,4.4014837951648885E-07
C1-TABULATED-SURROGATE,exact-v9-5-to-6mwe,314784,3120,outlet,REGION-4-MIXTURE,SaturatedMixture,282.4788263857366,6.659834629548312,0.08013570937283208,true,REGION-4-MIXTURE-TABLE,SaturatedMixture,282.479284286499,6.660022199341547,0.08013316078694854,true,2.8164331949473612E-05,8.241126821611869E-07
C1-TABULATED-SURROGATE,exact-v9-5-to-6mwe,314784,3120,drum,REGION-4-MIXTURE,SaturatedMixture,272.1428643941882,5.689668692063452,0.04085143439040568,true,REGION-4-MIXTURE-TABLE,SaturatedMixture,272.1429615020752,5.689741490248341,0.040850664885770854,true,1.2794802092904133E-05,1.7808391290864583E-07
C1-TABULATED-SURROGATE,exact-v9-5-to-6mwe,314784,3120,feedwater-inventory,REGION-4-MIXTURE,SaturatedMixture,48.60660451203586,0.011522143468147986,3.301049466223114E-05,true,REGION-4-MIXTURE-TABLE,SaturatedMixture,48.606605052948,0.011525100296871212,3.3000285614728424E-05,true,0.00025662141175376857,1.681122104046049E-09
C1-TABULATED-SURROGATE,exact-v9-5-to-6mwe,320784,3180,suction,REGION-4-MIXTURE,SaturatedMixture,269.99505785107624,5.502414073138238,0.0008613734372003052,true,REGION-4-MIXTURE-TABLE,SaturatedMixture,269.9950532913208,5.502416204000156,0.0008613709711626692,true,3.872594627926131E-07,8.395096987616244E-09
C1-TABULATED-SURROGATE,exact-v9-5-to-6mwe,320784,3180,pressure,REGION-4-MIXTURE,SaturatedMixture,270.6031772851942,5.554947493052333,0.0009152014258355897,true,REGION-4-MIXTURE-TABLE,SaturatedMixture,270.60294342041016,5.555050823143553,0.0009150779097124457,true,1.860145237188261E-05,4.300936413902114E-07
C1-TABULATED-SURROGATE,exact-v9-5-to-6mwe,320784,3180,outlet,REGION-4-MIXTURE,SaturatedMixture,282.6677221894266,6.67866561574929,0.07844021084224058,true,REGION-4-MIXTURE-TABLE,SaturatedMixture,282.6681184768677,6.678831364878261,0.0784379710528024,true,2.481770139524901E-05,7.129809382255866E-07
C1-TABULATED-SURROGATE,exact-v9-5-to-6mwe,320784,3180,drum,REGION-4-MIXTURE,SaturatedMixture,272.18914115428936,5.693756105917986,0.04094180813960483,true,REGION-4-MIXTURE-TABLE,SaturatedMixture,272.18926334381104,5.693847341895814,0.0409408423170259,true,1.602386476177949E-05,2.2406152878964842E-07
C1-TABULATED-SURROGATE,exact-v9-5-to-6mwe,320784,3180,feedwater-inventory,REGION-4-MIXTURE,SaturatedMixture,48.634427432715825,0.01153821940010395,3.390812144640319E-05,true,REGION-4-MIXTURE-TABLE,SaturatedMixture,48.63442814350128,0.011541094181211676,3.389792385167528E-05,true,0.0002491529245577882,2.2088870578028796E-09
C1-TABULATED-SURROGATE,exact-v9-5-to-6mwe,326784,3240,suction,REGION-4-MIXTURE,SaturatedMixture,270.0122033536435,5.503889998846662,0.000860219113112955,true,REGION-4-MIXTURE-TABLE,SaturatedMixture,270.01219177246094,5.50389520977761,0.0008602130688964057,true,9.467723644851314E-07,2.132177547805217E-08
C1-TABULATED-SURROGATE,exact-v9-5-to-6mwe,326784,3240,pressure,REGION-4-MIXTURE,SaturatedMixture,270.63353503942506,5.557579996063622,0.0009156077236940463,true,REGION-4-MIXTURE-TABLE,SaturatedMixture,270.6333079338074,5.5576802111660575,0.000915487841761611,true,1.8032147536547815E-05,4.1763974642205646E-07
C1-TABULATED-SURROGATE,exact-v9-5-to-6mwe,326784,3240,outlet,REGION-4-MIXTURE,SaturatedMixture,282.8545599937439,6.69733143083666,0.07679557124877807,true,REGION-4-MIXTURE-TABLE,SaturatedMixture,282.85477590560913,6.697423710199844,0.07679433079384905,true,1.3778527184675775E-05,3.8832750798674573E-07
C1-TABULATED-SURROGATE,exact-v9-5-to-6mwe,326784,3240,drum,REGION-4-MIXTURE,SaturatedMixture,272.23506702184693,5.697814743164656,0.04103166677675099,true,REGION-4-MIXTURE-TABLE,SaturatedMixture,272.23521089553833,5.697921776602605,0.04103053199369419,true,1.8784997893720125E-05,2.6380203657815414E-07
C1-TABULATED-SURROGATE,exact-v9-5-to-6mwe,326784,3240,feedwater-inventory,REGION-4-MIXTURE,SaturatedMixture,48.661590208113125,0.011553932471940021,3.4816192105850345E-05,true,REGION-4-MIXTURE-TABLE,SaturatedMixture,48.66159099340439,0.011556708531417511,3.4806078790648246E-05,true,0.000240269664396263,2.4402205732243276E-09
C1-TABULATED-SURROGATE,exact-v9-5-to-6mwe,332784,3300,suction,REGION-4-MIXTURE,SaturatedMixture,270.02921333909023,5.505354557604314,0.0008590729004464013,true,REGION-4-MIXTURE-TABLE,SaturatedMixture,270.02918577194214,5.505366790043225,0.0008590587028819042,true,2.2219166418246996E-06,5.075147836653682E-08
C1-TABULATED-SURROGATE,exact-v9-5-to-6mwe,332784,3300,pressure,REGION-4-MIXTURE,SaturatedMixture,270.6636452496051,5.560191973857533,0.0009160111196289211,true,REGION-4-MIXTURE-TABLE,SaturatedMixture,270.6634268760681,5.560288334174484,0.0009158957718890052,true,1.7330393879301626E-05,4.01559502787311E-07
C1-TABULATED-SURROGATE,exact-v9-5-to-6mwe,332784,3300,outlet,REGION-4-MIXTURE,SaturatedMixture,283.03934067487717,6.7158309071041336,0.07519916030673499,true,REGION-4-MIXTURE-TABLE,SaturatedMixture,283.03940320014954,6.715858853154328,0.07519879002228025,true,4.1612200458006366E-06,1.1241724318829437E-07
C1-TABULATED-SURROGATE,exact-v9-5-to-6mwe,332784,3300,drum,REGION-4-MIXTURE,SaturatedMixture,272.2806400775909,5.701844384268872,0.04112100214620031,true,REGION-4-MIXTURE-TABLE,SaturatedMixture,272.28080224990845,5.701964625233099,0.041119725330713,true,2.10880824034545E-05,2.973289464450052E-07
C1-TABULATED-SURROGATE,exact-v9-5-to-6mwe,332784,3300,feedwater-inventory,REGION-4-MIXTURE,SaturatedMixture,48.6881090790032,0.011569290774161642,3.573486890483215E-05,true,REGION-4-MIXTURE-TABLE,SaturatedMixture,48.68810999393463,0.011571952769885312,3.57249133510852E-05,true,0.00023009152208488517,2.8428312493653715E-09
C1-TABULATED-SURROGATE,exact-v9-5-to-6mwe,338784,3360,suction,REGION-4-MIXTURE,SaturatedMixture,270.0460875153541,5.506807717187623,0.0008579348423767799,true,REGION-4-MIXTURE-TABLE,SaturatedMixture,270.0460443496704,5.506826643582627,0.0008579128636310086,true,3.436908636748456E-06,7.946611669382773E-08
C1-TABULATED-SURROGATE,exact-v9-5-to-6mwe,338784,3360,pressure,REGION-4-MIXTURE,SaturatedMixture,270.6935077905654,5.562783392689579,0.000916411596609241,true,REGION-4-MIXTURE-TABLE,SaturatedMixture,270.6932997703552,5.562875150877541,0.0009163016827508093,true,1.6495013644100105E-05,3.825001258129116E-07
C1-TABULATED-SURROGATE,exact-v9-5-to-6mwe,338784,3360,outlet,REGION-4-MIXTURE,SaturatedMixture,283.2220691144465,6.7341632905138695,0.07364853708977144,true,REGION-4-MIXTURE-TABLE,SaturatedMixture,283.2223467826843,6.7342902622164775,0.07364686375689293,true,1.8854859487423286E-05,4.990693336597516E-07
C1-TABULATED-SURROGATE,exact-v9-5-to-6mwe,338784,3360,drum,REGION-4-MIXTURE,SaturatedMixture,272.32585906982433,5.705844868757024,0.041209807109108106,true,REGION-4-MIXTURE-TABLE,SaturatedMixture,272.32603645324707,5.705975803219486,0.04120841493007245,true,2.2947427677087777E-05,3.251902348902474E-07
C1-TABULATED-SURROGATE,exact-v9-5-to-6mwe,338784,3360,feedwater-inventory,REGION-4-MIXTURE,SaturatedMixture,48.71400299817316,0.011584304042502129,3.6664323410854114E-05,true,REGION-4-MIXTURE-TABLE,SaturatedMixture,48.71400398015976,0.011586837723805336,3.6654599284932394E-05,true,0.0002187167475846089,3.0509363989390283E-09
C1-TABULATED-SURROGATE,exact-v9-5-to-6mwe,344784,3420,suction,REGION-4-MIXTURE,SaturatedMixture,270.06282575726516,5.508249459784203,0.0008568049707157653,true,REGION-4-MIXTURE-TABLE,SaturatedMixture,270.0627679824829,5.508274811687109,0.000856775534258595,true,4.602533543726102E-06,1.0635754442737499E-07
C1-TABULATED-SURROGATE,exact-v9-5-to-6mwe,344784,3420,pressure,REGION-4-MIXTURE,SaturatedMixture,270.7231227874755,5.565354240714251,0.0009168091489883651,true,REGION-4-MIXTURE-TABLE,SaturatedMixture,270.72292709350586,5.565440702566518,0.0009167055209249753,true,1.5535732053444864E-05,3.598154816979621E-07
C1-TABULATED-SURROGATE,exact-v9-5-to-6mwe,344784,3420,outlet,REGION-4-MIXTURE,SaturatedMixture,283.4027534067633,6.752328165142736,0.07214143270317529,true,REGION-4-MIXTURE-TABLE,SaturatedMixture,283.4031295776367,6.752503973782625,0.07213913000342631,true,2.603674400726453E-05,6.758943714404778E-07
C1-TABULATED-SURROGATE,exact-v9-5-to-6mwe,344784,3420,drum,REGION-4-MIXTURE,SaturatedMixture,272.3707235813141,5.709816110157342,0.041298075654385466,true,REGION-4-MIXTURE-TABLE,SaturatedMixture,272.3709125518799,5.709955225993962,0.041296593988976164,true,2.4364328716770437E-05,3.464040092419945E-07
C1-TABULATED-SURROGATE,exact-v9-5-to-6mwe,344784,3420,feedwater-inventory,REGION-4-MIXTURE,SaturatedMixture,48.739292983710754,0.011598983288564187,3.76047363253798E-05,true,REGION-4-MIXTURE-TABLE,SaturatedMixture,48.73929405212402,0.01160137552237174,3.759531780900241E-05,true,0.0002062451292530205,3.3191948047232127E-09
C1-TABULATED-SURROGATE,exact-v9-5-to-6mwe,350784,3480,suction,REGION-4-MIXTURE,SaturatedMixture,270.0794281482697,5.509679785602554,0.0008556833030399346,true,REGION-4-MIXTURE-TABLE,SaturatedMixture,270.07935667037964,5.509711294356671,0.0008556467301590806,true,5.718799520669983E-06,1.315795617033728E-07
C1-TABULATED-SURROGATE,exact-v9-5-to-6mwe,350784,3480,pressure,REGION-4-MIXTURE,SaturatedMixture,270.7524907827377,5.567904542519021,0.0009172037679597825,true,REGION-4-MIXTURE-TABLE,SaturatedMixture,270.75230884552,5.567984989241413,0.0009171072906534814,true,1.4448294107364727E-05,3.3450337288920406E-07
C1-TABULATED-SURROGATE,exact-v9-5-to-6mwe,350784,3480,outlet,REGION-4-MIXTURE,SaturatedMixture,283.581404775381,6.7703254480568225,0.0706757354364547,true,REGION-4-MIXTURE-TABLE,SaturatedMixture,283.5817747116089,6.770502317838108,0.07067343253248871,true,2.612426575986858E-05,6.644788218142703E-07
C1-TABULATED-SURROGATE,exact-v9-5-to-6mwe,350784,3480,drum,REGION-4-MIXTURE,SaturatedMixture,272.41523357033736,5.713758055542784,0.04138580257893774,true,REGION-4-MIXTURE-TABLE,SaturatedMixture,272.41543102264404,5.713902935840426,0.04138425717165364,true,2.5356393503754842E-05,3.619224513025494E-07
C1-TABULATED-SURROGATE,exact-v9-5-to-6mwe,350784,3480,feedwater-inventory,REGION-4-MIXTURE,SaturatedMixture,48.76400166004896,0.011613340536697958,3.8556297528652304E-05,true,REGION-4-MIXTURE-TABLE,SaturatedMixture,48.76400279998779,0.011615579151360186,3.8547259163282505E-05,true,0.0001927623369997009,3.5411284549628137E-09
C1-TABULATED-SURROGATE,exact-v9-5-to-6mwe,356784,3540,suction,REGION-4-MIXTURE,SaturatedMixture,270.0950280129906,5.511024000382143,0.0008546284891913405,true,REGION-4-MIXTURE-TABLE,SaturatedMixture,270.09494400024414,5.511061065318332,0.0008545854728678452,true,6.725598760982181E-06,1.5464982123654812E-07
C1-TABULATED-SURROGATE,exact-v9-5-to-6mwe,356784,3540,pressure,REGION-4-MIXTURE,SaturatedMixture,270.78118436336524,5.570397140207878,0.0009176168266594888,true,REGION-4-MIXTURE-TABLE,SaturatedMixture,270.7810173034668,5.570470972615572,0.0009175282219476814,true,1.325442438589995E-05,3.07134253830674E-07
C1-TABULATED-SURROGATE,exact-v9-5-to-6mwe,356784,3540,outlet,REGION-4-MIXTURE,SaturatedMixture,283.75422302484503,6.787769959667375,0.06929664510709205,true,REGION-4-MIXTURE-TABLE,SaturatedMixture,283.754497051239,6.787903945442558,0.06929491052399739,true,1.973929228293475E-05,4.920530005912799E-07
C1-TABULATED-SURROGATE,exact-v9-5-to-6mwe,356784,3540,drum,REGION-4-MIXTURE,SaturatedMixture,272.45532531738286,5.717310485824585,0.041453280580963016,true,REGION-4-MIXTURE-TABLE,SaturatedMixture,272.4555277824402,5.717458547044979,0.0414516996289142,true,2.5897005377014097E-05,3.710833599540046E-07
C1-TABULATED-SURROGATE,exact-v9-5-to-6mwe,356784,3540,feedwater-inventory,REGION-4-MIXTURE,SaturatedMixture,48.78828783631326,0.011627467147162403,3.9494772359180835E-05,true,REGION-4-MIXTURE-TABLE,SaturatedMixture,48.788288950920105,0.011629539853832926,3.948619826621767E-05,true,0.00017825951639251087,3.4621754791024832E-09
C1-TABULATED-SURROGATE,exact-v9-5-to-6mwe,362784,3600,suction,REGION-4-MIXTURE,SaturatedMixture,270.1072710335253,5.512079136764695,0.0008538000588545077,true,REGION-4-MIXTURE-TABLE,SaturatedMixture,270.10717725753784,5.512120393349824,0.0008537521741224548,true,7.484759218054501E-06,1.726180070955248E-07
C1-TABULATED-SURROGATE,exact-v9-5-to-6mwe,362784,3600,pressure,REGION-4-MIXTURE,SaturatedMixture,270.80531049966817,5.572493625460157,0.0009180126690343663,true,REGION-4-MIXTURE-TABLE,SaturatedMixture,270.80515718460083,5.572561344145265,0.0009179313530411177,true,1.215231270935248E-05,2.818523220150234E-07
C1-TABULATED-SURROGATE,exact-v9-5-to-6mwe,362784,3600,outlet,REGION-4-MIXTURE,SaturatedMixture,283.8935488522053,6.801858689105436,0.06827265782886191,true,REGION-4-MIXTURE-TABLE,SaturatedMixture,283.89368629455566,6.801927142348811,0.06827177497761532,true,1.0063902604247354E-05,2.4673537759846145E-07
C1-TABULATED-SURROGATE,exact-v9-5-to-6mwe,362784,3600,drum,REGION-4-MIXTURE,SaturatedMixture,272.4857955574988,5.72001150588309,0.04148723189994979,true,REGION-4-MIXTURE-TABLE,SaturatedMixture,272.48600006103516,5.720160699930931,0.04148563817344767,true,2.6082823030663145E-05,3.747986074284263E-07
C1-TABULATED-SURROGATE,exact-v9-5-to-6mwe,362784,3600,feedwater-inventory,REGION-4-MIXTURE,SaturatedMixture,48.81413910388949,0.0116425203302435,4.023817744488553E-05,true,REGION-4-MIXTURE-TABLE,SaturatedMixture,48.81414020061493,0.011644400240995292,4.023025243769634E-05,true,0.00016146939824616805,3.406358994459116E-09
D1-BOUNDED-IF97-SUBSET,background-reference,0,0,suction,REGION-4-MIXTURE,SaturatedMixture,269.34476251006106,5.446657821393141,0.0009044047982072967,true,REGION-4-MIXTURE,SaturatedMixture,269.3447625042354,5.446657820895572,0.0009044047985862871,true,9.135310374761132E-11,1.0738637546313138E-11
D1-BOUNDED-IF97-SUBSET,background-reference,0,0,pressure,REGION-4-MIXTURE,SaturatedMixture,269.4799217283727,5.4582106824633945,0.0009015025208173814,true,REGION-4-MIXTURE,SaturatedMixture,269.4799217320974,5.458210682782023,0.0009015025205737357,true,5.837603154832758E-11,6.864202866678279E-12
D1-BOUNDED-IF97-SUBSET,background-reference,0,0,outlet,REGION-4-MIXTURE,SaturatedMixture,275.1843705475329,5.963117165910907,0.18990745729760766,true,REGION-4-MIXTURE,SaturatedMixture,275.1843705565607,5.963117166737206,0.18990745732667416,true,1.3856830349121519E-10,1.6463965385976525E-11
D1-BOUNDED-IF97-SUBSET,background-reference,0,0,drum,REGION-4-MIXTURE,SaturatedMixture,270.41057386994373,5.5382678699752335,0.036630469875386214,true,REGION-4-MIXTURE,SaturatedMixture,270.4105738538208,5.53826786858059,0.036630469866407986,true,2.5181943967501604E-10,2.9661742248987247E-11
D1-BOUNDED-IF97-SUBSET,background-reference,0,0,feedwater-inventory,REGION-1,SubcooledLiquid,47.52114057847865,0.12181746458054063,,true,REGION-1,SubcooledLiquid,47.52114057847865,0.12181746458054063,,true,0,0
D1-BOUNDED-IF97-SUBSET,background-reference,6000,60,suction,REGION-4-MIXTURE,SaturatedMixture,269.34476251006106,5.446657821393141,0.0009044047982072967,true,REGION-4-MIXTURE,SaturatedMixture,269.34476250432067,5.446657820902877,0.0009044047985807583,true,9.001186518598547E-11,1.0581465285521715E-11
D1-BOUNDED-IF97-SUBSET,background-reference,6000,60,pressure,REGION-4-MIXTURE,SaturatedMixture,269.4799217283727,5.4582106824633945,0.0009015025208333786,true,REGION-4-MIXTURE,SaturatedMixture,269.4799217320659,5.458210682779337,0.0009015025205917924,true,5.78839560867111E-11,6.8061683706287755E-12
D1-BOUNDED-IF97-SUBSET,background-reference,6000,60,outlet,REGION-4-MIXTURE,SaturatedMixture,275.1843705475329,5.963117165910907,0.18990745735097625,true,REGION-4-MIXTURE,SaturatedMixture,275.1843705441545,5.963117165601742,0.18990745734010137,true,5.184622896601593E-11,6.161262065698654E-12
D1-BOUNDED-IF97-SUBSET,background-reference,6000,60,drum,REGION-4-MIXTURE,SaturatedMixture,270.41057386994373,5.5382678699752335,0.03663046987747153,true,REGION-4-MIXTURE,SaturatedMixture,270.41057385894794,5.538267869024084,0.036630469871348346,true,1.7174131042576275E-10,2.0229191506935224E-11
D1-BOUNDED-IF97-SUBSET,background-reference,6000,60,feedwater-inventory,REGION-1,SubcooledLiquid,47.52114057842988,0.12181746458051382,,true,REGION-1,SubcooledLiquid,47.52114057842988,0.12181746458051382,,true,0,0
D1-BOUNDED-IF97-SUBSET,background-reference,12000,120,suction,REGION-4-MIXTURE,SaturatedMixture,269.34476251006106,5.446657821393141,0.0009044047982072967,true,REGION-4-MIXTURE,SaturatedMixture,269.34476250455725,5.446657820923074,0.0009044047985653772,true,8.630385015220914E-11,1.0145364652579115E-11
D1-BOUNDED-IF97-SUBSET,background-reference,12000,120,pressure,REGION-4-MIXTURE,SaturatedMixture,269.4799217283727,5.4582106824633945,0.0009015025208192097,true,REGION-4-MIXTURE,SaturatedMixture,269.4799217322212,5.4582106827926165,0.0009015025205674732,true,6.03168331457812E-11,7.092360145371093E-12
D1-BOUNDED-IF97-SUBSET,background-reference,12000,120,outlet,REGION-4-MIXTURE,SaturatedMixture,275.1843705475329,5.963117165910907,0.18990745725188007,true,REGION-4-MIXTURE,SaturatedMixture,275.1843705432718,5.963117165520939,0.18990745723816274,true,6.539667878319563E-11,7.770981710282035E-12
D1-BOUNDED-IF97-SUBSET,background-reference,12000,120,drum,REGION-4-MIXTURE,SaturatedMixture,270.41057386994373,5.5382678699752335,0.03663046988360346,true,REGION-4-MIXTURE,SaturatedMixture,270.4105738585597,5.538267868990486,0.03663046987726398,true,1.77807830509156E-10,2.094344594237964E-11
D1-BOUNDED-IF97-SUBSET,background-reference,12000,120,feedwater-inventory,REGION-1,SubcooledLiquid,47.52114057823661,0.12181746458040743,,true,REGION-1,SubcooledLiquid,47.52114057823661,0.12181746458040743,,true,0,0
D1-BOUNDED-IF97-SUBSET,background-reference,18000,180,suction,REGION-4-MIXTURE,SaturatedMixture,269.34476251006106,5.446657821393141,0.0009044047982072967,true,REGION-4-MIXTURE,SaturatedMixture,269.3447625045467,5.446657820922165,0.000904404798566064,true,8.647066924625696E-11,1.0164854012917252E-11
D1-BOUNDED-IF97-SUBSET,background-reference,18000,180,pressure,REGION-4-MIXTURE,SaturatedMixture,269.4799217283727,5.4582106824633945,0.0009015025208440037,true,REGION-4-MIXTURE,SaturatedMixture,269.47992173244177,5.458210682811491,0.0009015025205778444,true,6.377486741655231E-11,7.498811128533681E-12
D1-BOUNDED-IF97-SUBSET,background-reference,18000,180,outlet,REGION-4-MIXTURE,SaturatedMixture,275.1843705475329,5.963117165910907,0.18990745708466342,true,REGION-4-MIXTURE,SaturatedMixture,275.18437055856987,5.96311716692107,0.18990745712019738,true,1.6940192189611122E-10,2.0128130156548667E-11
D1-BOUNDED-IF97-SUBSET,background-reference,18000,180,drum,REGION-4-MIXTURE,SaturatedMixture,270.41057386994373,5.5382678699752335,0.036630469885910386,true,REGION-4-MIXTURE,SaturatedMixture,270.4105738587883,5.538267869010274,0.03663046987969832,true,1.7423492152803306E-10,2.0522841061068156E-11
D1-BOUNDED-IF97-SUBSET,background-reference,18000,180,feedwater-inventory,REGION-1,SubcooledLiquid,47.52114057808484,0.12181746458032389,,true,REGION-1,SubcooledLiquid,47.52114057808484,0.12181746458032389,,true,0,0
D1-BOUNDED-IF97-SUBSET,background-reference,24000,240,suction,REGION-4-MIXTURE,SaturatedMixture,269.34476251006106,5.446657821393141,0.0009044047982072967,true,REGION-4-MIXTURE,SaturatedMixture,269.34476250476337,5.446657820940674,0.0009044047985519582,true,8.307248439692916E-11,9.765426907492651E-12
D1-BOUNDED-IF97-SUBSET,background-reference,24000,240,pressure,REGION-4-MIXTURE,SaturatedMixture,269.4799217283727,5.4582106824633945,0.0009015025208314689,true,REGION-4-MIXTURE,SaturatedMixture,269.4799217326056,5.45821068282551,0.0009015025205545886,true,6.634329304028065E-11,7.800716214480737E-12
D1-BOUNDED-IF97-SUBSET,background-reference,24000,240,outlet,REGION-4-MIXTURE,SaturatedMixture,275.1843705892562,5.963117169729576,0.18990745707138953,true,REGION-4-MIXTURE,SaturatedMixture,275.18437057408244,5.963117168340805,0.18990745702253764,true,2.328934408879359E-10,2.7672498833873755E-11
D1-BOUNDED-IF97-SUBSET,background-reference,24000,240,drum,REGION-4-MIXTURE,SaturatedMixture,270.41057386994373,5.5382678699752335,0.03663046988806629,true,REGION-4-MIXTURE,SaturatedMixture,270.410573858883,5.538267869018447,0.036630469881906755,true,1.7275918615192582E-10,2.034861735836678E-11
D1-BOUNDED-IF97-SUBSET,background-reference,24000,240,feedwater-inventory,REGION-1,SubcooledLiquid,47.52114057735906,0.12181746457992443,,true,REGION-1,SubcooledLiquid,47.52114057735906,0.12181746457992443,,true,0,0
D1-BOUNDED-IF97-SUBSET,background-reference,30000,300,suction,REGION-4-MIXTURE,SaturatedMixture,269.34476251006106,5.446657821393141,0.0009044047982072967,true,REGION-4-MIXTURE,SaturatedMixture,269.3447625051243,5.446657820971498,0.0009044047985284578,true,7.741319147519966E-11,9.100064336808963E-12
D1-BOUNDED-IF97-SUBSET,background-reference,30000,300,pressure,REGION-4-MIXTURE,SaturatedMixture,269.4799217283727,5.4582106824633945,0.0009015025208659237,true,REGION-4-MIXTURE,SaturatedMixture,269.4799217330369,5.458210682862406,0.0009015025205608167,true,7.310298442619673E-11,8.595600250624477E-12
D1-BOUNDED-IF97-SUBSET,background-reference,30000,300,outlet,REGION-4-MIXTURE,SaturatedMixture,275.18437056839457,5.963117167820244,0.18990745678322932,true,REGION-4-MIXTURE,SaturatedMixture,275.18437057182905,5.963117168134602,0.18990745679428742,true,5.2716963314587015E-11,6.263476360254227E-12
D1-BOUNDED-IF97-SUBSET,background-reference,30000,300,drum,REGION-4-MIXTURE,SaturatedMixture,270.41057386994373,5.5382678699752335,0.0366304698911451,true,REGION-4-MIXTURE,SaturatedMixture,270.4105738589694,5.538267869025912,0.03663046988503358,true,1.714112665870289E-10,2.0189661759263483E-11
D1-BOUNDED-IF97-SUBSET,background-reference,30000,300,feedwater-inventory,REGION-1,SubcooledLiquid,47.521140576642495,0.12181746457953008,,true,REGION-1,SubcooledLiquid,47.521140576642495,0.12181746457953008,,true,0,0
D1-BOUNDED-IF97-SUBSET,background-reference,36000,360,suction,REGION-4-MIXTURE,SaturatedMixture,269.34476251006106,5.446657821393141,0.0009044047982072967,true,REGION-4-MIXTURE,SaturatedMixture,269.34476250554235,5.446657821007173,0.0009044047985012693,true,7.086321830743972E-11,8.329501132902217E-12
D1-BOUNDED-IF97-SUBSET,background-reference,36000,360,pressure,REGION-4-MIXTURE,SaturatedMixture,269.4799217283727,5.4582106824633945,0.0009015025209116863,true,REGION-4-MIXTURE,SaturatedMixture,269.4799217336139,5.45821068291177,0.0009015025205688556,true,8.214698643716974E-11,9.658867642145165E-12
D1-BOUNDED-IF97-SUBSET,background-reference,36000,360,outlet,REGION-4-MIXTURE,SaturatedMixture,275.18437056839457,5.963117167820244,0.18990745654153707,true,REGION-4-MIXTURE,SaturatedMixture,275.1843705692502,5.963117167898564,0.18990745654429209,true,1.3133998686426272E-11,1.5603748125545617E-12
D1-BOUNDED-IF97-SUBSET,background-reference,36000,360,drum,REGION-4-MIXTURE,SaturatedMixture,270.41057386994373,5.5382678699752335,0.036630469895552936,true,REGION-4-MIXTURE,SaturatedMixture,270.41057385888575,5.53826786901871,0.03663046988939518,true,1.7271171628979502E-10,2.0343597707868782E-11
D1-BOUNDED-IF97-SUBSET,background-reference,36000,360,feedwater-inventory,REGION-1,SubcooledLiquid,47.521140575730726,0.12181746457902826,,true,REGION-1,SubcooledLiquid,47.521140575730726,0.12181746457902826,,true,0,0
D1-BOUNDED-IF97-SUBSET,background-reference,42000,420,suction,REGION-4-MIXTURE,SaturatedMixture,269.34476251006106,5.446657821393141,0.0009044047982072967,true,REGION-4-MIXTURE,SaturatedMixture,269.3447625059797,5.44665782104454,0.000904404798472828,true,6.400276268115871E-11,7.523312216549415E-12
D1-BOUNDED-IF97-SUBSET,background-reference,42000,420,pressure,REGION-4-MIXTURE,SaturatedMixture,269.4799217283727,5.4582106824633945,0.0009015025209459658,true,REGION-4-MIXTURE,SaturatedMixture,269.47992173427565,5.458210682968366,0.000901502520559835,true,9.251588210174108E-11,1.0878430102448992E-11
D1-BOUNDED-IF97-SUBSET,background-reference,42000,420,outlet,REGION-4-MIXTURE,SaturatedMixture,275.18437056839457,5.963117167820244,0.18990745628161176,true,REGION-4-MIXTURE,SaturatedMixture,275.1843705701385,5.963117167979865,0.1899074562872267,true,2.676800682613371E-11,3.1804610184144267E-12
D1-BOUNDED-IF97-SUBSET,background-reference,42000,420,drum,REGION-4-MIXTURE,SaturatedMixture,270.41057386994373,5.5382678699752335,0.03663046990010211,true,REGION-4-MIXTURE,SaturatedMixture,270.4105738596369,5.53826786908368,0.03663046989436258,true,1.6098056623956195E-10,1.8961729756190523E-11
D1-BOUNDED-IF97-SUBSET,background-reference,42000,420,feedwater-inventory,REGION-1,SubcooledLiquid,47.52114057481543,0.12181746457852446,,true,REGION-1,SubcooledLiquid,47.52114057481543,0.12181746457852446,,true,0,0
D1-BOUNDED-IF97-SUBSET,background-reference,48000,480,suction,REGION-4-MIXTURE,SaturatedMixture,269.34476251006106,5.446657821393141,0.0009044047982072967,true,REGION-4-MIXTURE,SaturatedMixture,269.34476250655416,5.446657821093629,0.0009044047984354459,true,5.499012875258738E-11,6.464390304844005E-12
D1-BOUNDED-IF97-SUBSET,background-reference,48000,480,pressure,REGION-4-MIXTURE,SaturatedMixture,269.4799217283727,5.4582106824633945,0.0009015025210119517,true,REGION-4-MIXTURE,SaturatedMixture,269.4799217350659,5.458210683035982,0.0009015025205741357,true,1.0490384930326258E-10,1.2334739784904222E-11
D1-BOUNDED-IF97-SUBSET,background-reference,48000,480,outlet,REGION-4-MIXTURE,SaturatedMixture,275.18437056839457,5.963117167820244,0.18990745596832528,true,REGION-4-MIXTURE,SaturatedMixture,275.18437056687344,5.963117167681024,0.1899074559634281,true,2.334688167498237E-11,2.7740918139755563E-12
D1-BOUNDED-IF97-SUBSET,background-reference,48000,480,drum,REGION-4-MIXTURE,SaturatedMixture,270.41057386994373,5.5382678699752335,0.03663046990652133,true,REGION-4-MIXTURE,SaturatedMixture,270.41057385974136,5.538267869092699,0.03663046990083983,true,1.593519971519322E-10,1.8769518972537985E-11
D1-BOUNDED-IF97-SUBSET,background-reference,48000,480,feedwater-inventory,REGION-1,SubcooledLiquid,47.5211405735958,0.1218174645778532,,true,REGION-1,SubcooledLiquid,47.5211405735958,0.1218174645778532,,true,0,0
D1-BOUNDED-IF97-SUBSET,background-reference,54000,540,suction,REGION-4-MIXTURE,SaturatedMixture,269.34476251006106,5.446657821393141,0.0009044047982072967,true,REGION-4-MIXTURE,SaturatedMixture,269.34476250704597,5.446657821135618,0.0009044047984034441,true,4.7280901489435563E-11,5.557820704599082E-12
D1-BOUNDED-IF97-SUBSET,background-reference,54000,540,pressure,REGION-4-MIXTURE,SaturatedMixture,269.4799217283727,5.4582106824633945,0.000901502521094229,true,REGION-4-MIXTURE,SaturatedMixture,269.47992173599516,5.458210683115461,0.0009015025205956164,true,1.1946531251695713E-10,1.4047281195404732E-11
D1-BOUNDED-IF97-SUBSET,background-reference,54000,540,outlet,REGION-4-MIXTURE,SaturatedMixture,275.1843705892562,5.963117169729576,0.1899074556347955,true,REGION-4-MIXTURE,SaturatedMixture,275.18437057563506,5.963117168482923,0.18990745559094308,true,2.0906055062777662E-10,2.484097627019492E-11
D1-BOUNDED-IF97-SUBSET,background-reference,54000,540,drum,REGION-4-MIXTURE,SaturatedMixture,270.41057386994373,5.5382678699752335,0.036630469913993186,true,REGION-4-MIXTURE,SaturatedMixture,270.41057385934346,5.53826786905832,0.03663046990809047,true,1.655596438524711E-10,1.950155133682948E-11
D1-BOUNDED-IF97-SUBSET,background-reference,54000,540,feedwater-inventory,REGION-1,SubcooledLiquid,47.52114057219461,0.12181746457708201,,true,REGION-1,SubcooledLiquid,47.52114057219461,0.12181746457708201,,true,0,0
D1-BOUNDED-IF97-SUBSET,background-reference,60000,600,suction,REGION-4-MIXTURE,SaturatedMixture,269.34476251006106,5.446657821393141,0.0009044047982072967,true,REGION-4-MIXTURE,SaturatedMixture,269.34476250770956,5.446657821192301,0.000904404798360278,true,3.687403173084587E-11,4.334601389613039E-12
D1-BOUNDED-IF97-SUBSET,background-reference,60000,600,pressure,REGION-4-MIXTURE,SaturatedMixture,269.4799217283727,5.4582106824633945,0.0009015025211569903,true,REGION-4-MIXTURE,SaturatedMixture,269.4799217368069,5.458210683184895,0.0009015025206052655,true,1.3218621172723106E-10,1.5543188422095908E-11
D1-BOUNDED-IF97-SUBSET,background-reference,60000,600,outlet,REGION-4-MIXTURE,SaturatedMixture,275.1843705892562,5.963117169729576,0.18990745521779132,true,REGION-4-MIXTURE,SaturatedMixture,275.1843705926574,5.9631171700408725,0.18990745522874175,true,5.220369771073848E-11,6.202728310579165E-12
D1-BOUNDED-IF97-SUBSET,background-reference,60000,600,drum,REGION-4-MIXTURE,SaturatedMixture,270.41057386994373,5.5382678699752335,0.036630469924585435,true,REGION-4-MIXTURE,SaturatedMixture,270.41057385998545,5.53826786911384,0.03663046991904011,true,1.5553484290045374E-10,1.8320469405071177E-11
D1-BOUNDED-IF97-SUBSET,background-reference,60000,600,feedwater-inventory,REGION-1,SubcooledLiquid,47.521140570721,0.12181746457627096,,true,REGION-1,SubcooledLiquid,47.521140570721,0.12181746457627096,,true,0,0
D1-BOUNDED-IF97-SUBSET,exact-v9-5-to-6mwe,2784,0,suction,REGION-4-MIXTURE,SaturatedMixture,269.3758408248424,5.449312614917401,0.000902381271361201,true,REGION-4-MIXTURE,SaturatedMixture,269.37584082025785,5.449312614525701,0.0009023812716599286,true,7.188062668524074E-11,8.450354016302114E-12
D1-BOUNDED-IF97-SUBSET,exact-v9-5-to-6mwe,2784,0,pressure,REGION-4-MIXTURE,SaturatedMixture,269.4845352351666,5.458605356238655,0.0008997551380735252,true,REGION-4-MIXTURE,SaturatedMixture,269.48453522908187,5.45860535571813,0.0008997551384718235,true,9.535859848818826E-11,1.1213342560106922E-11
D1-BOUNDED-IF97-SUBSET,exact-v9-5-to-6mwe,2784,0,outlet,REGION-4-MIXTURE,SaturatedMixture,275.8487251222133,6.024158228030869,0.1958812351730021,true,REGION-4-MIXTURE,SaturatedMixture,275.84872512561697,6.024158228344802,0.1958812351843075,true,5.211232305140882E-11,6.1997780300669495E-12
D1-BOUNDED-IF97-SUBSET,exact-v9-5-to-6mwe,2784,0,drum,REGION-4-MIXTURE,SaturatedMixture,270.7234599530699,5.565383514941363,0.036759643123033474,true,REGION-4-MIXTURE,SaturatedMixture,270.7234599503437,5.565383514704672,0.036759643121511525,true,4.2529084730718715E-11,5.012582097312845E-12
D1-BOUNDED-IF97-SUBSET,exact-v9-5-to-6mwe,2784,0,feedwater-inventory,REGION-1,SubcooledLiquid,47.522770723017004,0.16968907902364633,,true,REGION-1,SubcooledLiquid,47.522770723017004,0.16968907902364633,,true,0,0
D1-BOUNDED-IF97-SUBSET,exact-v9-5-to-6mwe,8784,60,suction,REGION-4-MIXTURE,SaturatedMixture,269.286198878288,5.441657841867017,0.0009082089892899667,true,REGION-4-MIXTURE,SaturatedMixture,269.2861988865318,5.441657842570614,0.0009082089887552893,true,1.2929831330163954E-10,1.5197683489330114E-11
D1-BOUNDED-IF97-SUBSET,exact-v9-5-to-6mwe,8784,60,pressure,REGION-4-MIXTURE,SaturatedMixture,269.5075922548773,5.4605781522424275,0.0009032234349990809,true,REGION-4-MIXTURE,SaturatedMixture,269.5075922645714,5.460578153071991,0.0009032234343646137,true,1.5191854447708054E-10,1.7864076336315317E-11
D1-BOUNDED-IF97-SUBSET,exact-v9-5-to-6mwe,8784,60,outlet,REGION-4-MIXTURE,SaturatedMixture,275.26000683307655,5.970042719140328,0.22868431485697216,true,REGION-4-MIXTURE,SaturatedMixture,275.26000682901315,5.9700427187681,0.22868431484114077,true,6.234923259379039E-11,7.409410665773655E-12
D1-BOUNDED-IF97-SUBSET,exact-v9-5-to-6mwe,8784,60,drum,REGION-4-MIXTURE,SaturatedMixture,269.93746799826624,5.497458813549572,0.03627074384046728,true,REGION-4-MIXTURE,SaturatedMixture,269.9374679984313,5.497458813563768,0.03627074384055837,true,2.5824011315003167E-12,3.0395341100434576E-13
D1-BOUNDED-IF97-SUBSET,exact-v9-5-to-6mwe,8784,60,feedwater-inventory,REGION-4-MIXTURE,SaturatedMixture,47.514584347605705,0.010906180173376944,2.1513591917951847E-07,true,REGION-4-MIXTURE,SaturatedMixture,47.51458434345801,0.010906180171092242,2.1513591927358058E-07,true,2.0948690606644768E-10,1.2934679869481347E-11
D1-BOUNDED-IF97-SUBSET,exact-v9-5-to-6mwe,14784,120,suction,REGION-4-MIXTURE,SaturatedMixture,268.43746053576467,5.369587904517404,0.0009620480858722721,true,REGION-4-MIXTURE,SaturatedMixture,268.4374605385997,5.3695879047569415,0.0009620480856964343,true,4.4609993012592995E-11,5.23462760651698E-12
D1-BOUNDED-IF97-SUBSET,exact-v9-5-to-6mwe,14784,120,pressure,REGION-4-MIXTURE,SaturatedMixture,269.2245281159875,5.436396374605828,0.0008928844818294307,true,REGION-4-MIXTURE,SaturatedMixture,269.2245281166714,5.436396374664144,0.0008928844817849737,true,1.0726962248939967E-11,1.2610105753103888E-12
D1-BOUNDED-IF97-SUBSET,exact-v9-5-to-6mwe,14784,120,outlet,REGION-4-MIXTURE,SaturatedMixture,273.84035230278926,5.841073342563729,0.2245357760629698,true,REGION-4-MIXTURE,SaturatedMixture,273.8403522905246,5.841073341458817,0.224535776016019,true,1.891624454745142E-10,2.2422058613305305E-11
D1-BOUNDED-IF97-SUBSET,exact-v9-5-to-6mwe,14784,120,drum,REGION-4-MIXTURE,SaturatedMixture,268.4353395342828,5.369408719353976,0.03444423683968542,true,REGION-4-MIXTURE,SaturatedMixture,268.4353395512685,5.3694087207889245,0.034444236848581174,true,2.67245098165581E-10,3.13629668500951E-11
D1-BOUNDED-IF97-SUBSET,exact-v9-5-to-6mwe,14784,120,feedwater-inventory,REGION-4-MIXTURE,SaturatedMixture,47.497136956453346,0.01089657309619546,1.6027856383916987E-06,true,REGION-4-MIXTURE,SaturatedMixture,47.49713695898362,0.010896573097588198,1.6027856385012973E-06,true,1.2781434519863296E-10,7.891138925387567E-12
D1-BOUNDED-IF97-SUBSET,exact-v9-5-to-6mwe,20784,180,suction,REGION-4-MIXTURE,SaturatedMixture,267.78551645874984,5.314725369421499,0.001001791617465924,true,REGION-4-MIXTURE,SaturatedMixture,267.7855164427723,5.3147253680822155,0.001001791618423088,true,2.5199483657105287E-10,2.9536881360635E-11
D1-BOUNDED-IF97-SUBSET,exact-v9-5-to-6mwe,20784,180,pressure,REGION-4-MIXTURE,SaturatedMixture,268.6578054487708,5.3882278416122125,0.0008686230330322349,true,REGION-4-MIXTURE,SaturatedMixture,268.65780543898893,5.388227840783634,0.0008686230336597249,true,1.5377562333679064E-10,1.8054082633861546E-11
D1-BOUNDED-IF97-SUBSET,exact-v9-5-to-6mwe,20784,180,outlet,REGION-4-MIXTURE,SaturatedMixture,273.6215528190136,5.821387152991723,0.22761378261997248,true,REGION-4-MIXTURE,SaturatedMixture,273.6215528209401,5.82138715316483,0.22761378262745205,true,2.9736359673142707E-11,3.5234772952209655E-12
D1-BOUNDED-IF97-SUBSET,exact-v9-5-to-6mwe,20784,180,drum,REGION-4-MIXTURE,SaturatedMixture,268.32134410142896,5.359784941479276,0.03395045495361322,true,REGION-4-MIXTURE,SaturatedMixture,268.3213441114798,5.359784942327173,0.033950454958792814,true,1.5819606067952604E-10,1.856206438028953E-11
D1-BOUNDED-IF97-SUBSET,exact-v9-5-to-6mwe,20784,180,feedwater-inventory,REGION-4-MIXTURE,SaturatedMixture,47.46560525596135,0.01087922919921552,2.5205747065400563E-06,true,REGION-4-MIXTURE,SaturatedMixture,47.46560525185373,0.010879229196957673,2.520574706182689E-06,true,2.0753737659605353E-10,1.2811663145467977E-11
D1-BOUNDED-IF97-SUBSET,exact-v9-5-to-6mwe,26784,240,suction,REGION-4-MIXTURE,SaturatedMixture,267.5165805220603,5.292218956694819,0.0010177871326755921,true,REGION-4-MIXTURE,SaturatedMixture,267.51658054488166,5.2922189586015715,0.0010177871313280093,true,3.602936676154686E-10,4.2209714710614196E-11
D1-BOUNDED-IF97-SUBSET,exact-v9-5-to-6mwe,26784,240,pressure,REGION-4-MIXTURE,SaturatedMixture,268.18782694339745,5.348529845081322,0.000848616322960396,true,REGION-4-MIXTURE,SaturatedMixture,268.1878269628254,5.348529846717735,0.0008486163217274837,true,3.059556234059228E-10,3.588876064313599E-11
D1-BOUNDED-IF97-SUBSET,exact-v9-5-to-6mwe,26784,240,outlet,REGION-4-MIXTURE,SaturatedMixture,273.6084401816131,5.820208972163369,0.22974826723444455,true,REGION-4-MIXTURE,SaturatedMixture,273.60844018628325,5.820208972582967,0.22974826725275221,true,7.209323444117975E-11,8.541508029057613E-12
D1-BOUNDED-IF97-SUBSET,exact-v9-5-to-6mwe,26784,240,drum,REGION-4-MIXTURE,SaturatedMixture,268.3765215992928,5.364441516840209,0.03398037809656801,true,REGION-4-MIXTURE,SaturatedMixture,268.3765215975121,5.3644415166898725,0.03398037809564949,true,2.80246567252492E-11,3.288254348050748E-12
D1-BOUNDED-IF97-SUBSET,exact-v9-5-to-6mwe,26784,240,feedwater-inventory,REGION-4-MIXTURE,SaturatedMixture,47.42490748912098,0.010856878601495297,3.1764548628204034E-06,true,REGION-4-MIXTURE,SaturatedMixture,47.42490748449717,0.010856878598958198,3.176454862273347E-06,true,2.3368585909754374E-10,1.4423506370509115E-11
D1-BOUNDED-IF97-SUBSET,exact-v9-5-to-6mwe,32784,300,suction,REGION-4-MIXTURE,SaturatedMixture,267.45358095765107,5.286957257032961,0.001021500856893961,true,REGION-4-MIXTURE,SaturatedMixture,267.45358095169615,5.286957256535802,0.0010215008572443966,true,9.403511748135266E-11,1.1015310977610292E-11
D1-BOUNDED-IF97-SUBSET,exact-v9-5-to-6mwe,32784,300,pressure,REGION-4-MIXTURE,SaturatedMixture,267.90293265581147,5.324574454639616,0.0008365347013581999,true,REGION-4-MIXTURE,SaturatedMixture,267.90293266912556,5.3245744557572285,0.0008365347005187158,true,2.0989708728802163E-10,2.4607745630174047E-11
D1-BOUNDED-IF97-SUBSET,exact-v9-5-to-6mwe,32784,300,outlet,REGION-4-MIXTURE,SaturatedMixture,273.68795581161976,5.827356310544289,0.23069780958403946,true,REGION-4-MIXTURE,SaturatedMixture,273.68795581728887,5.82735631105412,0.23069780960635572,true,8.748929379439761E-11,1.0367070883753827E-11
D1-BOUNDED-IF97-SUBSET,exact-v9-5-to-6mwe,32784,300,drum,REGION-4-MIXTURE,SaturatedMixture,268.495750629902,5.37451412029269,0.034132733862728346,true,REGION-4-MIXTURE,SaturatedMixture,268.4957506380449,5.374514120981084,0.03413273386694718,true,1.2808492360432184E-10,1.5033688400912812E-11
D1-BOUNDED-IF97-SUBSET,exact-v9-5-to-6mwe,32784,300,feedwater-inventory,REGION-4-MIXTURE,SaturatedMixture,47.38116506189107,0.010832899915982661,3.713817922534957E-06,true,REGION-4-MIXTURE,SaturatedMixture,47.38116506582952,0.01083289991813958,3.71381792310213E-06,true,1.991081573323029E-10,1.2287270470032054E-11
D1-BOUNDED-IF97-SUBSET,exact-v9-5-to-6mwe,38784,360,suction,REGION-4-MIXTURE,SaturatedMixture,267.50258015990255,5.291049306341158,0.0010186135204932804,true,REGION-4-MIXTURE,SaturatedMixture,267.5025801578057,5.291049306165982,0.0010186135206169903,true,3.310804865982482E-11,3.878350186208911E-12
D1-BOUNDED-IF97-SUBSET,exact-v9-5-to-6mwe,38784,360,pressure,REGION-4-MIXTURE,SaturatedMixture,267.7772412359715,5.314031753785513,0.000831091383927257,true,REGION-4-MIXTURE,SaturatedMixture,267.77724121930305,5.314031752388472,0.0008310913849753173,true,2.628965670645231E-10,3.0814538103394995E-11
D1-BOUNDED-IF97-SUBSET,exact-v9-5-to-6mwe,38784,360,outlet,REGION-4-MIXTURE,SaturatedMixture,273.8153027057647,5.838816965987687,0.23110873263167547,true,REGION-4-MIXTURE,SaturatedMixture,273.8153027208257,5.838816967344143,0.23110873269106216,true,2.3231697251925153E-10,2.753557641257948E-11
D1-BOUNDED-IF97-SUBSET,exact-v9-5-to-6mwe,38784,360,drum,REGION-4-MIXTURE,SaturatedMixture,268.64694446921374,5.3873079079899195,0.03435419882027748,true,REGION-4-MIXTURE,SaturatedMixture,268.6469444669315,5.387307907796627,0.03435419881908706,true,3.5879236238906383E-11,4.2123959733610606E-12
D1-BOUNDED-IF97-SUBSET,exact-v9-5-to-6mwe,38784,360,feedwater-inventory,REGION-4-MIXTURE,SaturatedMixture,47.339702007174424,0.010810212751176797,4.164322187595139E-06,true,REGION-4-MIXTURE,SaturatedMixture,47.33970200834261,0.010810212751815379,4.164322187788547E-06,true,5.90720290622068E-11,3.645012908971143E-12
D1-BOUNDED-IF97-SUBSET,exact-v9-5-to-6mwe,44784,420,suction,REGION-4-MIXTURE,SaturatedMixture,267.61186883449557,5.300184997454784,0.0010121460685883431,true,REGION-4-MIXTURE,SaturatedMixture,267.61186885152995,5.3001849988796605,0.0010121460675773296,true,2.688351855076236E-10,3.1500706685495917E-11
D1-BOUNDED-IF97-SUBSET,exact-v9-5-to-6mwe,44784,420,pressure,REGION-4-MIXTURE,SaturatedMixture,267.76519510746004,5.313022190553194,0.0008303266200798215,true,REGION-4-MIXTURE,SaturatedMixture,267.76519509291677,5.313022189334432,0.0008303266209940776,true,2.2939147184312677E-10,2.688642352857326E-11
D1-BOUNDED-IF97-SUBSET,exact-v9-5-to-6mwe,44784,420,outlet,REGION-4-MIXTURE,SaturatedMixture,273.96743665337556,5.852530896965095,0.23127986056507,true,REGION-4-MIXTURE,SaturatedMixture,273.9674366686146,5.852530898340012,0.23127986062519415,true,2.349269219234279E-10,2.785332262259984E-11
D1-BOUNDED-IF97-SUBSET,exact-v9-5-to-6mwe,44784,420,drum,REGION-4-MIXTURE,SaturatedMixture,268.8133836925032,5.401418612951234,0.03461393489815718,true,REGION-4-MIXTURE,SaturatedMixture,268.8133836994225,5.401418613538428,0.03461393490179478,true,1.087109604137375E-10,1.2767139279978684E-11
D1-BOUNDED-IF97-SUBSET,exact-v9-5-to-6mwe,44784,420,feedwater-inventory,REGION-4-MIXTURE,SaturatedMixture,47.30439080595971,0.010790923865630127,4.5546867515225665E-06,true,REGION-4-MIXTURE,SaturatedMixture,47.3043908023443,0.010790923863656668,4.554686750856287E-06,true,1.828814302428079E-10,1.1282142088023885E-11
D1-BOUNDED-IF97-SUBSET,exact-v9-5-to-6mwe,50784,480,suction,REGION-4-MIXTURE,SaturatedMixture,267.7532800316808,5.312023754688277,0.0010037211418976318,true,REGION-4-MIXTURE,SaturatedMixture,267.75328004133723,5.312023755497385,0.001003721141320141,true,1.5231623295995263E-10,1.7852445466166825E-11
D1-BOUNDED-IF97-SUBSET,exact-v9-5-to-6mwe,50784,480,pressure,REGION-4-MIXTURE,SaturatedMixture,267.82730354666717,5.318228950815844,0.000832610772089108,true,REGION-4-MIXTURE,SaturatedMixture,267.82730354684065,5.318228950830373,0.0008326107720781886,true,2.731891147188361E-12,3.2069019019061373E-13
D1-BOUNDED-IF97-SUBSET,exact-v9-5-to-6mwe,50784,480,outlet,REGION-4-MIXTURE,SaturatedMixture,274.1351564466953,5.867678282042666,0.2313532627344529,true,REGION-4-MIXTURE,SaturatedMixture,274.1351564543338,5.867678282733193,0.23135326276459503,true,1.176831301414417E-10,1.395708407162261E-11
D1-BOUNDED-IF97-SUBSET,exact-v9-5-to-6mwe,50784,480,drum,REGION-4-MIXTURE,SaturatedMixture,268.9904044747353,5.416457373256479,0.03489787790235481,true,REGION-4-MIXTURE,SaturatedMixture,268.9904044621816,5.416457372188874,0.034897877895698516,true,1.971040268467617E-10,2.31559117618889E-11
D1-BOUNDED-IF97-SUBSET,exact-v9-5-to-6mwe,50784,480,feedwater-inventory,REGION-4-MIXTURE,SaturatedMixture,47.27766643762595,0.010776345236494038,4.903501824272255E-06,true,REGION-4-MIXTURE,SaturatedMixture,47.27766643398871,0.010776345234511014,4.903501823541262E-06,true,1.8401629468915397E-10,1.1351204105075437E-11
D1-BOUNDED-IF97-SUBSET,exact-v9-5-to-6mwe,56784,540,suction,REGION-4-MIXTURE,SaturatedMixture,267.9171129286291,5.325764864415422,0.000993880223736067,true,REGION-4-MIXTURE,SaturatedMixture,267.9171129458704,5.32576486586294,0.0009938802226959029,true,2.717952628667848E-10,3.186534655227449E-11
D1-BOUNDED-IF97-SUBSET,exact-v9-5-to-6mwe,56784,540,pressure,REGION-4-MIXTURE,SaturatedMixture,267.93677989244463,5.327416208943265,0.0008368562369661239,true,REGION-4-MIXTURE,SaturatedMixture,267.93677989397656,5.3274162090719,0.0008368562368694056,true,2.4145828949731127E-11,2.8312096972749692E-12
D1-BOUNDED-IF97-SUBSET,exact-v9-5-to-6mwe,56784,540,outlet,REGION-4-MIXTURE,SaturatedMixture,274.3160987555981,5.884053386862921,0.23144688595782345,true,REGION-4-MIXTURE,SaturatedMixture,274.316098755172,5.884053386824332,0.23144688595614232,true,6.558181114887007E-12,7.783098693218579E-13
D1-BOUNDED-IF97-SUBSET,exact-v9-5-to-6mwe,56784,540,drum,REGION-4-MIXTURE,SaturatedMixture,269.1776982307432,5.43240365851685,0.0352112038679234,true,REGION-4-MIXTURE,SaturatedMixture,269.177698248513,5.432403660031457,0.03521120387743444,true,2.7880975008666083E-10,3.2765837385861675E-11
D1-BOUNDED-IF97-SUBSET,exact-v9-5-to-6mwe,56784,540,feedwater-inventory,REGION-4-MIXTURE,SaturatedMixture,47.260731856524956,0.010767115875810392,5.216695574315027E-06,true,REGION-4-MIXTURE,SaturatedMixture,47.260731852180584,0.010767115873443572,5.216695573376871E-06,true,2.198193377622232E-10,1.3558759246616989E-11
D1-BOUNDED-IF97-SUBSET,exact-v9-5-to-6mwe,62784,600,suction,REGION-4-MIXTURE,SaturatedMixture,268.08787213563915,5.340115774031272,0.0009835311402743585,true,REGION-4-MIXTURE,SaturatedMixture,268.08787213066694,5.340115773612947,0.000983531140577093,true,7.833630354714322E-11,9.186732471201717E-12
D1-BOUNDED-IF97-SUBSET,exact-v9-5-to-6mwe,62784,600,pressure,REGION-4-MIXTURE,SaturatedMixture,268.0753684282305,5.33906393925502,0.0008423568271336936,true,REGION-4-MIXTURE,SaturatedMixture,268.0753684451571,5.339063940678787,0.0008423568260618084,true,2.6666975679035206E-10,3.1274598128784E-11
D1-BOUNDED-IF97-SUBSET,exact-v9-5-to-6mwe,62784,600,outlet,REGION-4-MIXTURE,SaturatedMixture,274.4903302550314,5.899854121915706,0.2314382016979415,true,REGION-4-MIXTURE,SaturatedMixture,274.49033026132224,5.899854122486772,0.23143820172276686,true,9.67932171652109E-11,1.1487213080884718E-11
D1-BOUNDED-IF97-SUBSET,exact-v9-5-to-6mwe,62784,600,drum,REGION-4-MIXTURE,SaturatedMixture,269.35565841197956,5.447588466292596,0.035515781309136615,true,REGION-4-MIXTURE,SaturatedMixture,269.3556584195255,5.447588466937174,0.03551578131321248,true,1.1832349828136794E-10,1.3909465711124156E-11
D1-BOUNDED-IF97-SUBSET,exact-v9-5-to-6mwe,62784,600,feedwater-inventory,REGION-4-MIXTURE,SaturatedMixture,47.25379668027165,0.010763338159542174,5.515474764911145E-06,true,REGION-4-MIXTURE,SaturatedMixture,47.253796682785264,0.010763338160911212,5.515474765489814E-06,true,1.2719460661530506E-10,7.84515042602085E-12
D1-BOUNDED-IF97-SUBSET,exact-v9-5-to-6mwe,68784,660,suction,REGION-4-MIXTURE,SaturatedMixture,268.258955323696,5.354523505773277,0.0009730675325700006,true,REGION-4-MIXTURE,SaturatedMixture,268.258955304202,5.354523504129892,0.0009730675337676973,true,3.069152618117707E-10,3.6006046001415344E-11
D1-BOUNDED-IF97-SUBSET,exact-v9-5-to-6mwe,68784,660,pressure,REGION-4-MIXTURE,SaturatedMixture,268.22862460613226,5.351967049157837,0.0008485225363890691,true,REGION-4-MIXTURE,SaturatedMixture,268.2286246179136,5.351967050150664,0.0008485225356403146,true,1.8550696308548834E-10,2.1761788252468108E-11
D1-BOUNDED-IF97-SUBSET,exact-v9-5-to-6mwe,68784,660,outlet,REGION-4-MIXTURE,SaturatedMixture,274.66211806535716,5.915464940975604,0.23142992277315888,true,REGION-4-MIXTURE,SaturatedMixture,274.6621180797599,5.915464942285785,0.23142992282999228,true,2.2148392758338357E-10,2.629141930656919E-11
D1-BOUNDED-IF97-SUBSET,exact-v9-5-to-6mwe,68784,660,drum,REGION-4-MIXTURE,SaturatedMixture,269.5298897445201,5.46248647937816,0.03581717962476893,true,REGION-4-MIXTURE,SaturatedMixture,269.5298897484412,5.462486479713776,0.03581717962690556,true,6.144031090923855E-11,7.225362699296765E-12
D1-BOUNDED-IF97-SUBSET,exact-v9-5-to-6mwe,68784,660,feedwater-inventory,REGION-4-MIXTURE,SaturatedMixture,47.25636326000097,0.010764736089308044,5.8023453262868475E-06,true,REGION-4-MIXTURE,SaturatedMixture,47.25636326045918,0.0107647360895576,5.802345326398556E-06,true,2.3182694165481293E-11,1.4301051788573398E-12
D1-BOUNDED-IF97-SUBSET,exact-v9-5-to-6mwe,74784,720,suction,REGION-4-MIXTURE,SaturatedMixture,268.4279694974422,5.368786123859572,0.0009626366151255175,true,REGION-4-MIXTURE,SaturatedMixture,268.4279694959703,5.368786123735249,0.0009626366152167566,true,2.3156754545209852E-11,2.717805322376051E-12
D1-BOUNDED-IF97-SUBSET,exact-v9-5-to-6mwe,74784,720,pressure,REGION-4-MIXTURE,SaturatedMixture,268.3879977881908,5.3654104108034435,0.0008550035030612451,true,REGION-4-MIXTURE,SaturatedMixture,268.3879978043566,5.365410412168354,0.000855003502030039,true,2.5439076352130126E-10,2.985166995241167E-11
D1-BOUNDED-IF97-SUBSET,exact-v9-5-to-6mwe,74784,720,outlet,REGION-4-MIXTURE,SaturatedMixture,274.83064057230956,5.930809657975048,0.231426994562788,true,REGION-4-MIXTURE,SaturatedMixture,274.83064056601995,5.930809657401776,0.2314269945379736,true,9.666000588795133E-11,1.147779710528064E-11
D1-BOUNDED-IF97-SUBSET,exact-v9-5-to-6mwe,74784,720,drum,REGION-4-MIXTURE,SaturatedMixture,269.69983050823214,5.4770475685006454,0.03611495197770573,true,REGION-4-MIXTURE,SaturatedMixture,269.699830502052,5.477047567970576,0.036114951974308494,true,9.678012015408531E-11,1.1384603693435343E-11
D1-BOUNDED-IF97-SUBSET,exact-v9-5-to-6mwe,74784,720,feedwater-inventory,REGION-4-MIXTURE,SaturatedMixture,47.26746165007364,0.01077078280538208,6.080759374465404E-06,true,REGION-4-MIXTURE,SaturatedMixture,47.267461650926236,0.010770782805846705,6.080759374684547E-06,true,4.3137520712654835E-11,2.66088631718946E-12
D1-BOUNDED-IF97-SUBSET,exact-v9-5-to-6mwe,80784,780,suction,REGION-4-MIXTURE,SaturatedMixture,268.59354792833335,5.382786922488396,0.0009523267159962462,true,REGION-4-MIXTURE,SaturatedMixture,268.5935479076169,5.382786920734951,0.0009523267172918467,true,3.25750473525166E-10,3.8240363722290826E-11
D1-BOUNDED-IF97-SUBSET,exact-v9-5-to-6mwe,80784,780,pressure,REGION-4-MIXTURE,SaturatedMixture,268.5486411511898,5.378986992671804,0.000861599623052612,true,REGION-4-MIXTURE,SaturatedMixture,268.54864116090164,5.378986993493349,0.0008615996224308165,true,1.527323824014885E-10,1.7928440393661933E-11
D1-BOUNDED-IF97-SUBSET,exact-v9-5-to-6mwe,80784,780,outlet,REGION-4-MIXTURE,SaturatedMixture,274.9943043649197,5.945741039133511,0.23142232118333478,true,REGION-4-MIXTURE,SaturatedMixture,274.99430438134107,5.945741040633108,0.23142232124811174,true,2.5221377275202906E-10,2.9958135945400233E-11
D1-BOUNDED-IF97-SUBSET,exact-v9-5-to-6mwe,80784,780,drum,REGION-4-MIXTURE,SaturatedMixture,269.86491042971613,5.491220523864266,0.036407564205610275,true,REGION-4-MIXTURE,SaturatedMixture,269.8649104207557,5.491220523094196,0.03640756420064259,true,1.4023662434582582E-10,1.650130653247391E-11
D1-BOUNDED-IF97-SUBSET,exact-v9-5-to-6mwe,80784,780,feedwater-inventory,REGION-4-MIXTURE,SaturatedMixture,47.28584959805005,0.010780807500867904,6.353411934413006E-06,true,REGION-4-MIXTURE,SaturatedMixture,47.2858496025047,0.010780807503297477,6.353411935615549E-06,true,2.2536087099729342E-10,1.3901840919025716E-11
D1-BOUNDED-IF97-SUBSET,exact-v9-5-to-6mwe,86784,840,suction,REGION-4-MIXTURE,SaturatedMixture,268.75488118529313,5.396455562230628,0.0009421939615095652,true,REGION-4-MIXTURE,SaturatedMixture,268.7548811949671,5.396455563051037,0.0009421939608993938,true,1.520274759307884E-10,1.785175667930119E-11
D1-BOUNDED-IF97-SUBSET,exact-v9-5-to-6mwe,86784,840,pressure,REGION-4-MIXTURE,SaturatedMixture,268.70778965353986,5.392463089971425,0.0008681932656547052,true,REGION-4-MIXTURE,SaturatedMixture,268.70778967102467,5.392463091453422,0.0008681932645310628,true,2.748274253929271E-10,3.22682604214083E-11
D1-BOUNDED-IF97-SUBSET,exact-v9-5-to-6mwe,86784,840,outlet,REGION-4-MIXTURE,SaturatedMixture,275.1527390658854,5.960222683927252,0.23141690010609517,true,REGION-4-MIXTURE,SaturatedMixture,275.15273907600783,5.960222684853339,0.2314169001460185,true,1.553780286610965E-10,1.846142274303122E-11
D1-BOUNDED-IF97-SUBSET,exact-v9-5-to-6mwe,86784,840,drum,REGION-4-MIXTURE,SaturatedMixture,270.02492635846113,5.50498542077835,0.03669383447269851,true,REGION-4-MIXTURE,SaturatedMixture,270.02492637524165,5.504985422223199,0.03669383448207826,true,2.624618549734488E-10,3.089339638838485E-11
D1-BOUNDED-IF97-SUBSET,exact-v9-5-to-6mwe,86784,840,feedwater-inventory,REGION-4-MIXTURE,SaturatedMixture,47.31016860008242,0.010794077984110315,6.6220392982588265E-06,true,REGION-4-MIXTURE,SaturatedMixture,47.310168599765404,0.01079407798393726,6.622039298169246E-06,true,1.6032335461603952E-11,9.892516388904027E-13
D1-BOUNDED-IF97-SUBSET,exact-v9-5-to-6mwe,92784,900,suction,REGION-4-MIXTURE,SaturatedMixture,268.91260992884634,5.409844422746818,0.0009322039036155855,true,REGION-4-MIXTURE,SaturatedMixture,268.91260992866137,5.409844422731096,0.0009322039036273225,true,2.906117991306179E-12,3.4123084969344985E-13
D1-BOUNDED-IF97-SUBSET,exact-v9-5-to-6mwe,92784,900,pressure,REGION-4-MIXTURE,SaturatedMixture,268.8640391409398,5.405718774474441,0.0008747158221898253,true,REGION-4-MIXTURE,SaturatedMixture,268.86403912896253,5.405718773457375,0.0008747158229623329,true,1.8814638228637614E-10,2.2097673767765584E-11
D1-BOUNDED-IF97-SUBSET,exact-v9-5-to-6mwe,92784,900,outlet,REGION-4-MIXTURE,SaturatedMixture,275.3103550732136,5.974656203823785,0.23143107905029692,true,REGION-4-MIXTURE,SaturatedMixture,275.31035506672674,5.9746562032292125,0.23143107902471396,true,9.951574969969122E-11,1.1827395022365405E-11
D1-BOUNDED-IF97-SUBSET,exact-v9-5-to-6mwe,92784,900,drum,REGION-4-MIXTURE,SaturatedMixture,270.18390763401965,5.5186873898978055,0.0369787179253488,true,REGION-4-MIXTURE,SaturatedMixture,270.1839076450856,5.5186873908524445,0.03697871793158507,true,1.7298298799039677E-10,2.036673133744998E-11
D1-BOUNDED-IF97-SUBSET,exact-v9-5-to-6mwe,92784,900,feedwater-inventory,REGION-4-MIXTURE,SaturatedMixture,47.339061117172264,0.010809862398688596,6.885840623009597E-06,true,REGION-4-MIXTURE,SaturatedMixture,47.339061118667814,0.010809862399506154,6.885840623450827E-06,true,7.563073393906401E-11,4.666463014414957E-12
D1-BOUNDED-IF97-SUBSET,exact-v9-5-to-6mwe,98784,960,suction,REGION-4-MIXTURE,SaturatedMixture,269.0666279315948,5.422942757787902,0.0009223685577617101,true,REGION-4-MIXTURE,SaturatedMixture,269.0666279444272,5.4229427588802235,0.0009223685569389242,true,2.014260222473148E-10,2.3666558985436217E-11
D1-BOUNDED-IF97-SUBSET,exact-v9-5-to-6mwe,98784,960,pressure,REGION-4-MIXTURE,SaturatedMixture,269.0172909379006,5.418744300386585,0.0008811686258817958,true,REGION-4-MIXTURE,SaturatedMixture,269.01729094508323,5.418744300997625,0.0008811686254168907,true,1.1276415227001986E-10,1.3247978696738957E-11
D1-BOUNDED-IF97-SUBSET,exact-v9-5-to-6mwe,98784,960,outlet,REGION-4-MIXTURE,SaturatedMixture,275.46072360575204,5.988450904262886,0.23142747359107105,true,REGION-4-MIXTURE,SaturatedMixture,275.4607236143461,5.9884509050520185,0.23142747362496183,true,1.31775700872341E-10,1.566510175784274E-11
D1-BOUNDED-IF97-SUBSET,exact-v9-5-to-6mwe,98784,960,drum,REGION-4-MIXTURE,SaturatedMixture,270.3355482459067,5.531780945588854,0.037255479598444954,true,REGION-4-MIXTURE,SaturatedMixture,270.33554822397423,5.531780943693371,0.03725547958598765,true,3.42653279370291E-10,4.035519399557346E-11
D1-BOUNDED-IF97-SUBSET,exact-v9-5-to-6mwe,98784,960,feedwater-inventory,REGION-4-MIXTURE,SaturatedMixture,47.37124681919806,0.010827469274392744,7.147105814978754E-06,true,REGION-4-MIXTURE,SaturatedMixture,47.37124681715187,0.010827469273272643,7.14710581434995E-06,true,1.0344989320324708E-10,6.383952917438691E-12
D1-BOUNDED-IF97-SUBSET,exact-v9-5-to-6mwe,104784,1020,suction,REGION-4-MIXTURE,SaturatedMixture,269.2148237466812,5.43556879606626,0.0009128296651076298,true,REGION-4-MIXTURE,SaturatedMixture,269.2148237421318,5.435568795678327,0.0009128296654016067,true,7.136939217232447E-11,8.38809226910846E-12
D1-BOUNDED-IF97-SUBSET,exact-v9-5-to-6mwe,104784,1020,pressure,REGION-4-MIXTURE,SaturatedMixture,269.16647517681133,5.431447113618504,0.0008875015129017395,true,REGION-4-MIXTURE,SaturatedMixture,269.16647520010986,5.431447115604104,0.0008875015113884645,true,3.6557478830707235E-10,4.296112480765238E-11
D1-BOUNDED-IF97-SUBSET,exact-v9-5-to-6mwe,104784,1020,outlet,REGION-4-MIXTURE,SaturatedMixture,275.6050840735436,6.001717297026261,0.23141215946755217,true,REGION-4-MIXTURE,SaturatedMixture,275.60508408641317,6.001717298209948,0.23141215951829222,true,1.972247054755991E-10,2.3452315572601803E-11
D1-BOUNDED-IF97-SUBSET,exact-v9-5-to-6mwe,104784,1020,drum,REGION-4-MIXTURE,SaturatedMixture,270.48048021793363,5.544317393203595,0.0375213485017539,true,REGION-4-MIXTURE,SaturatedMixture,270.4804802055751,5.544317392133661,0.03752134849468154,true,1.929785557805005E-10,2.2733374080219615E-11
D1-BOUNDED-IF97-SUBSET,exact-v9-5-to-6mwe,104784,1020,feedwater-inventory,REGION-4-MIXTURE,SaturatedMixture,47.405578786134754,0.01084627739350248,7.4075547949395155E-06,true,REGION-4-MIXTURE,SaturatedMixture,47.40557878688276,0.010846277393912574,7.407554795178536E-06,true,3.7809639105949295E-11,2.333456655541216E-12
D1-BOUNDED-IF97-SUBSET,exact-v9-5-to-6mwe,110784,1080,suction,REGION-4-MIXTURE,SaturatedMixture,269.35622538924224,5.447636896492387,0.000903658825987358,true,REGION-4-MIXTURE,SaturatedMixture,269.3562253785717,5.447636895580936,0.0009036588266819843,true,1.6731132712211252E-10,1.9668959363659227E-11
D1-BOUNDED-IF97-SUBSET,exact-v9-5-to-6mwe,110784,1080,pressure,REGION-4-MIXTURE,SaturatedMixture,269.3115269780159,5.4438198454297755,0.0008932603238042413,true,REGION-4-MIXTURE,SaturatedMixture,269.3115269846588,5.443819845996904,0.0008932603233712847,true,1.0417842295189833E-10,1.2245936294794016E-11
D1-BOUNDED-IF97-SUBSET,exact-v9-5-to-6mwe,110784,1080,outlet,REGION-4-MIXTURE,SaturatedMixture,275.7495581537486,6.0150165852960455,0.2291393979467038,true,REGION-4-MIXTURE,SaturatedMixture,275.7495581542256,6.015016585339991,0.22913939794856503,true,7.305930287432435E-12,8.690660504162461E-13
D1-BOUNDED-IF97-SUBSET,exact-v9-5-to-6mwe,110784,1080,drum,REGION-4-MIXTURE,SaturatedMixture,270.60145553350435,5.554798218168749,0.0379295933577601,true,REGION-4-MIXTURE,SaturatedMixture,270.60145552295216,5.554798217253897,0.037929593351649665,true,1.646956864841328E-10,1.9406265116645307E-11
D1-BOUNDED-IF97-SUBSET,exact-v9-5-to-6mwe,110784,1080,feedwater-inventory,REGION-4-MIXTURE,SaturatedMixture,47.44107317328451,0.010865751823740721,7.67700764817132E-06,true,REGION-4-MIXTURE,SaturatedMixture,47.44107317557825,0.0108657518250002,7.677007648933312E-06,true,1.159127000992559E-10,7.154739572650296E-12
D1-BOUNDED-IF97-SUBSET,exact-v9-5-to-6mwe,116784,1140,suction,REGION-4-MIXTURE,SaturatedMixture,269.3710194945336,5.448900699133983,0.0009026954062697059,true,REGION-4-MIXTURE,SaturatedMixture,269.37101951738794,5.44890070108654,0.0009026954047808256,true,3.583396605712357E-10,4.2126204292751885E-11
D1-BOUNDED-IF97-SUBSET,exact-v9-5-to-6mwe,116784,1140,pressure,REGION-4-MIXTURE,SaturatedMixture,269.4265326142312,5.453644964372609,0.0008976179247981005,true,REGION-4-MIXTURE,SaturatedMixture,269.4265326112047,5.453644964113865,0.0008976179249958927,true,4.744425772439453E-11,5.577936245058602E-12
D1-BOUNDED-IF97-SUBSET,exact-v9-5-to-6mwe,116784,1140,outlet,REGION-4-MIXTURE,SaturatedMixture,275.8048092722893,6.0201085661169715,0.2136080753250367,true,REGION-4-MIXTURE,SaturatedMixture,275.80480926131463,6.0201085651052635,0.21360807528518722,true,1.680547849856169E-10,1.999189187752412E-11
D1-BOUNDED-IF97-SUBSET,exact-v9-5-to-6mwe,116784,1140,drum,REGION-4-MIXTURE,SaturatedMixture,270.50527734756463,5.54646448755082,0.03790683792601092,true,REGION-4-MIXTURE,SaturatedMixture,270.50527732610124,5.5464644856921055,0.037906837913585144,true,3.351170757327874E-10,3.947978385408554E-11
D1-BOUNDED-IF97-SUBSET,exact-v9-5-to-6mwe,116784,1140,feedwater-inventory,REGION-4-MIXTURE,SaturatedMixture,47.476804162561905,0.010885386399457025,8.422460058228179E-06,true,REGION-4-MIXTURE,SaturatedMixture,47.47680415820281,0.010885386397059809,8.422460056626462E-06,true,2.202233359667785E-10,1.3595539618546075E-11
D1-BOUNDED-IF97-SUBSET,exact-v9-5-to-6mwe,122784,1200,suction,REGION-4-MIXTURE,SaturatedMixture,269.38479275703435,5.450077496381163,0.0009017977962849385,true,REGION-4-MIXTURE,SaturatedMixture,269.3847927480389,5.4500774956125415,0.0009017977968713893,true,1.4102948284920238E-10,1.6580450055580764E-11
D1-BOUNDED-IF97-SUBSET,exact-v9-5-to-6mwe,122784,1200,pressure,REGION-4-MIXTURE,SaturatedMixture,269.4921368777751,5.4592557049658925,0.0008997531618703611,true,REGION-4-MIXTURE,SaturatedMixture,269.492136862984,5.459255703700414,0.0008997531628387886,true,2.318041977030794E-10,2.7257581617302025E-11
D1-BOUNDED-IF97-SUBSET,exact-v9-5-to-6mwe,122784,1200,outlet,REGION-4-MIXTURE,SaturatedMixture,275.95865174531946,6.034304135780119,0.20526297604318353,true,REGION-4-MIXTURE,SaturatedMixture,275.9586517310652,6.034304134463645,0.20526297599350476,true,2.1816501310981494E-10,2.5958948273542958E-11
D1-BOUNDED-IF97-SUBSET,exact-v9-5-to-6mwe,122784,1200,drum,REGION-4-MIXTURE,SaturatedMixture,270.5621895730495,5.551394713261203,0.03785637800639095,true,REGION-4-MIXTURE,SaturatedMixture,270.5621895780107,5.5513947136911295,0.037856378009258,true,7.744473938099087E-11,9.124643527358422E-12
D1-BOUNDED-IF97-SUBSET,exact-v9-5-to-6mwe,122784,1200,feedwater-inventory,REGION-4-MIXTURE,SaturatedMixture,47.51263943389063,0.010905108883089832,9.042224188550537E-06,true,REGION-4-MIXTURE,SaturatedMixture,47.51263943370799,0.010905108882989237,9.042224188478074E-06,true,9.224564442855586E-12,5.695640287942858E-13
D1-BOUNDED-IF97-SUBSET,exact-v9-5-to-6mwe,128784,1260,suction,REGION-4-MIXTURE,SaturatedMixture,269.40271410346065,5.4516089993576555,0.0009006288867409062,true,REGION-4-MIXTURE,SaturatedMixture,269.4027140915889,5.4516089983430405,0.0009006288875156063,true,1.8611295468110153E-10,2.18812803262761E-11
D1-BOUNDED-IF97-SUBSET,exact-v9-5-to-6mwe,128784,1260,pressure,REGION-4-MIXTURE,SaturatedMixture,269.53814047574997,5.463192745969509,0.0009008113784521002,true,REGION-4-MIXTURE,SaturatedMixture,269.53814047128014,5.463192745586873,0.0009008113787451473,true,7.003876205811737E-11,8.236453066363833E-12
D1-BOUNDED-IF97-SUBSET,exact-v9-5-to-6mwe,128784,1260,outlet,REGION-4-MIXTURE,SaturatedMixture,276.1304154813289,6.050183544355614,0.19624190616993337,true,REGION-4-MIXTURE,SaturatedMixture,276.1304154904899,6.050183545203361,0.19624190620041282,true,1.401193275612016E-10,1.6678182604449587E-11
D1-BOUNDED-IF97-SUBSET,exact-v9-5-to-6mwe,128784,1260,drum,REGION-4-MIXTURE,SaturatedMixture,270.61141203641887,5.555661483615154,0.037969842517482685,true,REGION-4-MIXTURE,SaturatedMixture,270.61141202550755,5.555661482669032,0.03796984251115668,true,1.702987653969308E-10,2.0066377242813154E-11
D1-BOUNDED-IF97-SUBSET,exact-v9-5-to-6mwe,128784,1260,feedwater-inventory,REGION-4-MIXTURE,SaturatedMixture,47.54827588349582,0.010924752374610679,9.664133970348962E-06,true,REGION-4-MIXTURE,SaturatedMixture,47.548275880230335,0.0109247523728093,9.664133968957595E-06,true,1.6488964042829712E-10,1.0182417957504495E-11
D1-BOUNDED-IF97-SUBSET,exact-v9-5-to-6mwe,134784,1320,suction,REGION-4-MIXTURE,SaturatedMixture,269.4203418850898,5.453115735746688,0.0008994780573275343,true,REGION-4-MIXTURE,SaturatedMixture,269.4203419072546,5.453115737641426,0.0008994780558798332,true,3.474596527723499E-10,4.085155217395095E-11
D1-BOUNDED-IF97-SUBSET,exact-v9-5-to-6mwe,134784,1320,pressure,REGION-4-MIXTURE,SaturatedMixture,269.5759793758393,5.466432667326818,0.0009015073195845932,true,REGION-4-MIXTURE,SaturatedMixture,269.57597938083245,5.466432667754432,0.0009015073192568691,true,7.822549263231956E-11,9.200086420177838E-12
D1-BOUNDED-IF97-SUBSET,exact-v9-5-to-6mwe,134784,1320,outlet,REGION-4-MIXTURE,SaturatedMixture,276.3073304116723,6.066572512561029,0.1878979666225404,true,REGION-4-MIXTURE,SaturatedMixture,276.3073304071297,6.066572512139753,0.18789796660808863,true,6.944223385903638E-11,8.267402623310442E-12
D1-BOUNDED-IF97-SUBSET,exact-v9-5-to-6mwe,134784,1320,drum,REGION-4-MIXTURE,SaturatedMixture,270.6571163117886,5.559625526918188,0.03805547981985691,true,REGION-4-MIXTURE,SaturatedMixture,270.65711630017404,5.559625525910553,0.03805547981310738,true,1.8124149901057553E-10,2.135791911096342E-11
D1-BOUNDED-IF97-SUBSET,exact-v9-5-to-6mwe,134784,1320,feedwater-inventory,REGION-4-MIXTURE,SaturatedMixture,47.58362434357406,0.010944267139681222,1.0304324491348649E-05,true,REGION-4-MIXTURE,SaturatedMixture,47.583624347168666,0.010944267141667203,1.0304324492988776E-05,true,1.8146311661532909E-10,1.1207453804875557E-11
D1-BOUNDED-IF97-SUBSET,exact-v9-5-to-6mwe,140784,1380,suction,REGION-4-MIXTURE,SaturatedMixture,269.43838264346107,5.454658100578438,0.0008982991698660478,true,REGION-4-MIXTURE,SaturatedMixture,269.43838263688826,5.4546581000164425,0.0008982991702957694,true,1.0303043250026563E-10,1.2113795158777424E-11
D1-BOUNDED-IF97-SUBSET,exact-v9-5-to-6mwe,140784,1380,pressure,REGION-4-MIXTURE,SaturatedMixture,269.6106666266918,5.469404020297653,0.0009020375812201814,true,REGION-4-MIXTURE,SaturatedMixture,269.6106666423432,5.469404021638667,0.0009020375801918793,true,2.45184579064246E-10,2.8836615470401334E-11
D1-BOUNDED-IF97-SUBSET,exact-v9-5-to-6mwe,140784,1380,outlet,REGION-4-MIXTURE,SaturatedMixture,276.49290496110916,6.083800092245996,0.18024202744427067,true,REGION-4-MIXTURE,SaturatedMixture,276.4929049798453,6.083800093987238,0.1802420275013595,true,2.862095714844833E-10,3.408787618578764E-11
D1-BOUNDED-IF97-SUBSET,exact-v9-5-to-6mwe,140784,1380,drum,REGION-4-MIXTURE,SaturatedMixture,270.7052416622638,5.563801889778611,0.03814188261006413,true,REGION-4-MIXTURE,SaturatedMixture,270.70524164332903,5.563801888134937,0.038141882599034206,true,2.9542274764630265E-10,3.4815827348353774E-11
D1-BOUNDED-IF97-SUBSET,exact-v9-5-to-6mwe,140784,1380,feedwater-inventory,REGION-4-MIXTURE,SaturatedMixture,47.61869406104091,0.01096365760132372,1.0950977071224791E-05,true,REGION-4-MIXTURE,SaturatedMixture,47.61869405980997,0.010963657600642593,1.09509770706256E-05,true,6.212589398046544E-11,3.837482454558219E-12
D1-BOUNDED-IF97-SUBSET,exact-v9-5-to-6mwe,146784,1440,suction,REGION-4-MIXTURE,SaturatedMixture,269.45672143101694,5.456226286297494,0.0008970996694808129,true,REGION-4-MIXTURE,SaturatedMixture,269.4567214478835,5.4562262877399474,0.0008970996683770741,true,2.6436830003987446E-10,3.1084353691559E-11
D1-BOUNDED-IF97-SUBSET,exact-v9-5-to-6mwe,146784,1440,pressure,REGION-4-MIXTURE,SaturatedMixture,269.644376009703,5.4722927893097415,0.0009025070189356952,true,REGION-4-MIXTURE,SaturatedMixture,269.64437600894314,5.4722927892446025,0.0009025070189856661,true,1.1903421072070162E-11,1.3999460143958784E-12
D1-BOUNDED-IF97-SUBSET,exact-v9-5-to-6mwe,146784,1440,outlet,REGION-4-MIXTURE,SaturatedMixture,276.68489103913305,6.101662166072096,0.1731689637831605,true,REGION-4-MIXTURE,SaturatedMixture,276.68489105841,6.1016621678676,0.17316896383950656,true,2.9426476604292064E-10,3.505955677225415E-11
D1-BOUNDED-IF97-SUBSET,exact-v9-5-to-6mwe,146784,1440,drum,REGION-4-MIXTURE,SaturatedMixture,270.7539018630981,5.568027102484115,0.03823020734751475,true,REGION-4-MIXTURE,SaturatedMixture,270.75390188286644,5.568027104201113,0.03823020735905799,true,3.0836741051221384E-10,3.63452477959263E-11
D1-BOUNDED-IF97-SUBSET,exact-v9-5-to-6mwe,146784,1440,feedwater-inventory,REGION-4-MIXTURE,SaturatedMixture,47.65354026705023,0.010982953700612195,1.160427986274331E-05,true,REGION-4-MIXTURE,SaturatedMixture,47.65354026808086,0.010982953701183348,1.1604279863276746E-05,true,5.200354256825279E-11,3.2126454293720464E-12
D1-BOUNDED-IF97-SUBSET,exact-v9-5-to-6mwe,152784,1500,suction,REGION-4-MIXTURE,SaturatedMixture,269.475270628929,5.457812814788884,0.0008958852387003936,true,REGION-4-MIXTURE,SaturatedMixture,269.4752706222596,5.457812814218377,0.0008958852391372576,true,1.0453037075470466E-10,1.229105737594639E-11
D1-BOUNDED-IF97-SUBSET,exact-v9-5-to-6mwe,152784,1500,pressure,REGION-4-MIXTURE,SaturatedMixture,269.67791057229067,5.475167732663439,0.0009029574412277423,true,REGION-4-MIXTURE,SaturatedMixture,269.6779105551798,5.475167731196212,0.0009029574423543286,true,2.67978498603603E-10,3.1521762100631666E-11
D1-BOUNDED-IF97-SUBSET,exact-v9-5-to-6mwe,152784,1500,outlet,REGION-4-MIXTURE,SaturatedMixture,276.88175147771847,6.1200192965391,0.16663045216128056,true,REGION-4-MIXTURE,SaturatedMixture,276.8817514828196,6.120019297015309,0.16663045217560574,true,7.78117308370901E-11,9.274243522967884E-12
D1-BOUNDED-IF97-SUBSET,exact-v9-5-to-6mwe,152784,1500,drum,REGION-4-MIXTURE,SaturatedMixture,270.8030768454074,5.572299502638413,0.03831945471321713,true,REGION-4-MIXTURE,SaturatedMixture,270.8030768360653,5.572299501826529,0.038319454707748786,true,1.4569997414235682E-10,1.717446338775122E-11
D1-BOUNDED-IF97-SUBSET,exact-v9-5-to-6mwe,152784,1500,feedwater-inventory,REGION-4-MIXTURE,SaturatedMixture,47.68824782669549,0.011002202013082888,1.2263708083947949E-05,true,REGION-4-MIXTURE,SaturatedMixture,47.68824782270298,0.01100220201086704,1.2263708081757466E-05,true,2.01400346465244E-10,1.2444000170089366E-11
D1-BOUNDED-IF97-SUBSET,exact-v9-5-to-6mwe,158784,1560,suction,REGION-4-MIXTURE,SaturatedMixture,269.49399043321625,5.459414292482041,0.0008946584465405691,true,REGION-4-MIXTURE,SaturatedMixture,269.4939904161163,5.459414291018969,0.0008946584476617357,true,2.679907132106511E-10,3.1512333359795945E-11
D1-BOUNDED-IF97-SUBSET,exact-v9-5-to-6mwe,158784,1560,pressure,REGION-4-MIXTURE,SaturatedMixture,269.7115400552751,5.4780519716317,0.0009034021284856428,true,REGION-4-MIXTURE,SaturatedMixture,269.7115400545988,5.478051971573685,0.0009034021285302133,true,1.0590430046451727E-11,1.2458480619883836E-12
D1-BOUNDED-IF97-SUBSET,exact-v9-5-to-6mwe,158784,1560,outlet,REGION-4-MIXTURE,SaturatedMixture,277.0836132824419,6.138886563339894,0.1605726439266025,true,REGION-4-MIXTURE,SaturatedMixture,277.08361326986665,6.138886562163198,0.16057264389262538,true,1.916790710776981E-10,2.2854369266688334E-11
D1-BOUNDED-IF97-SUBSET,exact-v9-5-to-6mwe,158784,1560,drum,REGION-4-MIXTURE,SaturatedMixture,270.85275713801377,5.576618346228665,0.038409793331354934,true,REGION-4-MIXTURE,SaturatedMixture,270.8527571255539,5.57661834514516,0.038409793324043325,true,1.9429424323729918E-10,2.2904020020348175E-11
D1-BOUNDED-IF97-SUBSET,exact-v9-5-to-6mwe,158784,1560,feedwater-inventory,REGION-4-MIXTURE,SaturatedMixture,47.72291185855869,0.011021455097793323,1.2929149381491053E-05,true,REGION-4-MIXTURE,SaturatedMixture,47.72291185606662,0.011021455096408157,1.2929149380045684E-05,true,1.256790754883135E-10,7.766540066726462E-12
D1-BOUNDED-IF97-SUBSET,exact-v9-5-to-6mwe,164784,1620,suction,REGION-4-MIXTURE,SaturatedMixture,269.512844836712,5.4610276477900594,0.0008934216226146621,true,REGION-4-MIXTURE,SaturatedMixture,269.512844813543,5.461027645807275,0.0008934216241352533,true,3.6307902670554644E-10,4.2695085332631863E-11
D1-BOUNDED-IF97-SUBSET,exact-v9-5-to-6mwe,164784,1620,pressure,REGION-4-MIXTURE,SaturatedMixture,269.74532633423803,5.480950826336363,0.0009038475922783309,true,REGION-4-MIXTURE,SaturatedMixture,269.7453263327485,5.480950826208556,0.0009038475923765963,true,2.3318417239557474E-11,2.7436687618702666E-12
D1-BOUNDED-IF97-SUBSET,exact-v9-5-to-6mwe,164784,1620,outlet,REGION-4-MIXTURE,SaturatedMixture,277.28852211534956,6.158084017178993,0.15494042075489814,true,REGION-4-MIXTURE,SaturatedMixture,277.288522118037,6.158084017431073,0.1549404207618941,true,4.0934831977090805E-11,4.882367510495754E-12
D1-BOUNDED-IF97-SUBSET,exact-v9-5-to-6mwe,164784,1620,drum,REGION-4-MIXTURE,SaturatedMixture,270.9028086423874,5.580972044291628,0.038501088665817675,true,REGION-4-MIXTURE,SaturatedMixture,270.9028086498977,5.580972044945111,0.03850108867023585,true,1.1709117984801328E-10,1.3804296324594965E-11
D1-BOUNDED-IF97-SUBSET,exact-v9-5-to-6mwe,164784,1620,feedwater-inventory,REGION-4-MIXTURE,SaturatedMixture,47.757624070346424,0.011040763932517954,1.360074401414986E-05,true,REGION-4-MIXTURE,SaturatedMixture,47.757624066912,0.01104076393060613,1.36007440120493E-05,true,1.731604028532784E-10,1.0702215424455908E-11
D1-BOUNDED-IF97-SUBSET,exact-v9-5-to-6mwe,170784,1680,suction,REGION-4-MIXTURE,SaturatedMixture,269.53180425763105,5.4626503564161615,0.0008921766834385507,true,REGION-4-MIXTURE,SaturatedMixture,269.53180426338383,5.462650356908607,0.0008921766830606121,true,9.014766891566E-11,1.0600652753152117E-11
D1-BOUNDED-IF97-SUBSET,exact-v9-5-to-6mwe,170784,1680,pressure,REGION-4-MIXTURE,SaturatedMixture,269.77926023006455,5.483863525360821,0.000904294163918309,true,REGION-4-MIXTURE,SaturatedMixture,269.7792602213974,5.483863524616739,0.0009042941644907747,true,1.3568574888921184E-10,1.5963669822676653E-11
D1-BOUNDED-IF97-SUBSET,exact-v9-5-to-6mwe,170784,1680,outlet,REGION-4-MIXTURE,SaturatedMixture,277.4965558946134,6.1776211021776435,0.14968873376737082,true,REGION-4-MIXTURE,SaturatedMixture,277.4965558876743,6.1776211015251645,0.14968873374994637,true,1.0561977644122945E-10,1.2601737793021504E-11
D1-BOUNDED-IF97-SUBSET,exact-v9-5-to-6mwe,170784,1680,drum,REGION-4-MIXTURE,SaturatedMixture,270.9531313061716,5.585351944806585,0.03859334277462345,true,REGION-4-MIXTURE,SaturatedMixture,270.95313131250145,5.585351945357691,0.038593342778356604,true,9.866984803923845E-11,1.1633558762047028E-11
D1-BOUNDED-IF97-SUBSET,exact-v9-5-to-6mwe,170784,1680,feedwater-inventory,REGION-4-MIXTURE,SaturatedMixture,47.79246309995665,0.011060172515496517,1.4278729463527637E-05,true,REGION-4-MIXTURE,SaturatedMixture,47.79246309942357,0.011060172515199355,1.4278729463184655E-05,true,2.6867718425315967E-11,1.6609755434905853E-12
D1-BOUNDED-IF97-SUBSET,exact-v9-5-to-6mwe,176784,1740,suction,REGION-4-MIXTURE,SaturatedMixture,269.55084462165814,5.464280363346507,0.0008909251908592374,true,REGION-4-MIXTURE,SaturatedMixture,269.55084462283276,5.4642803634470445,0.000890925190781995,true,1.8399011312147106E-11,2.164382862087885E-12
D1-BOUNDED-IF97-SUBSET,exact-v9-5-to-6mwe,176784,1740,pressure,REGION-4-MIXTURE,SaturatedMixture,269.81331082582483,5.486787429095725,0.000904741772626453,true,REGION-4-MIXTURE,SaturatedMixture,269.8133108361234,5.486787429980253,0.0009047417719455055,true,1.6121054767032162E-10,1.896730287912891E-11
D1-BOUNDED-IF97-SUBSET,exact-v9-5-to-6mwe,176784,1740,outlet,REGION-4-MIXTURE,SaturatedMixture,277.70717749595633,6.197449399517608,0.14477843414318856,true,REGION-4-MIXTURE,SaturatedMixture,277.70717750967776,6.197449400810959,0.14477843417645908,true,2.086908856429353E-10,2.4909238618228173E-11
D1-BOUNDED-IF97-SUBSET,exact-v9-5-to-6mwe,176784,1740,drum,REGION-4-MIXTURE,SaturatedMixture,271.00374035835273,5.589759417934446,0.03868630785629731,true,REGION-4-MIXTURE,SaturatedMixture,271.00374036988865,5.589759418939397,0.03868630786311775,true,1.7978426513803943E-10,2.1199738704089613E-11
D1-BOUNDED-IF97-SUBSET,exact-v9-5-to-6mwe,176784,1740,feedwater-inventory,REGION-4-MIXTURE,SaturatedMixture,47.827488413453125,0.011079714406014254,1.4963381640703339E-05,true,REGION-4-MIXTURE,SaturatedMixture,47.82748841254829,0.011079714405509013,1.496338164009191E-05,true,4.560060515196523E-11,2.818993773983365E-12
D1-BOUNDED-IF97-SUBSET,exact-v9-5-to-6mwe,182784,1800,suction,REGION-4-MIXTURE,SaturatedMixture,269.5699443995951,5.465915829672343,0.0008896685453588766,true,REGION-4-MIXTURE,SaturatedMixture,269.5699443915903,5.465915828986833,0.0008896685458858058,true,1.2541545397715448E-10,1.474941913121017E-11
D1-BOUNDED-IF97-SUBSET,exact-v9-5-to-6mwe,182784,1800,pressure,REGION-4-MIXTURE,SaturatedMixture,269.8474434912206,5.489719574607868,0.0009051911966636977,true,REGION-4-MIXTURE,SaturatedMixture,269.84744347642106,5.489719573336259,0.0009051911976432614,true,2.3163452684906576E-10,2.7255239114516783E-11
D1-BOUNDED-IF97-SUBSET,exact-v9-5-to-6mwe,182784,1800,outlet,REGION-4-MIXTURE,SaturatedMixture,277.9191054522993,6.217449694590683,0.14017168440248198,true,REGION-4-MIXTURE,SaturatedMixture,277.91910544769064,6.217449694155198,0.1401716843916799,true,7.00423097429946E-11,8.363083653140479E-12
D1-BOUNDED-IF97-SUBSET,exact-v9-5-to-6mwe,182784,1800,drum,REGION-4-MIXTURE,SaturatedMixture,271.0544894754886,5.594181755183046,0.03877997402388445,true,REGION-4-MIXTURE,SaturatedMixture,271.05448948672165,5.594181756162217,0.03877997403054291,true,1.7503389297510306E-10,2.06412398133398E-11
D1-BOUNDED-IF97-SUBSET,exact-v9-5-to-6mwe,182784,1800,feedwater-inventory,REGION-4-MIXTURE,SaturatedMixture,47.862737081945,0.011099410844179348,1.5654985176226882E-05,true,REGION-4-MIXTURE,SaturatedMixture,47.8627370852505,0.01109941084602781,1.5654985178567983E-05,true,1.6653697942644011E-10,1.0297104346146398E-11
D1-BOUNDED-IF97-SUBSET,exact-v9-5-to-6mwe,188784,1860,suction,REGION-4-MIXTURE,SaturatedMixture,269.58908331394184,5.467555022031855,0.0008884080705134151,true,REGION-4-MIXTURE,SaturatedMixture,269.58908332974886,5.467555023385851,0.0008884080694718632,true,2.47641957136914E-10,2.91245248458919E-11
D1-BOUNDED-IF97-SUBSET,exact-v9-5-to-6mwe,188784,1860,pressure,REGION-4-MIXTURE,SaturatedMixture,269.8816254317761,5.492657151944929,0.0009056405510384544,true,REGION-4-MIXTURE,SaturatedMixture,269.88162544002284,5.492657152653762,0.0009056405504920178,true,1.2905101714771737E-10,1.518646269438019E-11
D1-BOUNDED-IF97-SUBSET,exact-v9-5-to-6mwe,188784,1860,outlet,REGION-4-MIXTURE,SaturatedMixture,278.13301288485525,6.237686742146946,0.1358409741585088,true,REGION-4-MIXTURE,SaturatedMixture,278.13301287440845,6.237686741157358,0.13584097413481927,true,1.5864662783396216E-10,1.894997117797825E-11
D1-BOUNDED-IF97-SUBSET,exact-v9-5-to-6mwe,188784,1860,drum,REGION-4-MIXTURE,SaturatedMixture,271.1053811609744,5.598619198118851,0.038874213549072896,true,REGION-4-MIXTURE,SaturatedMixture,271.10538114419353,5.598619196655201,0.038874213539100616,true,2.614306282159178E-10,3.083269352880056E-11
D1-BOUNDED-IF97-SUBSET,exact-v9-5-to-6mwe,188784,1860,feedwater-inventory,REGION-4-MIXTURE,SaturatedMixture,47.89822296798229,0.011119270202672725,1.6353822798472466E-05,true,REGION-4-MIXTURE,SaturatedMixture,47.89822297170417,0.011119270204757222,1.6353822801230707E-05,true,1.8746711494252911E-10,1.1592899219072905E-11
D1-BOUNDED-IF97-SUBSET,exact-v9-5-to-6mwe,194784,1920,suction,REGION-4-MIXTURE,SaturatedMixture,269.60824417471883,5.469196470008422,0.0008871448915401767,true,REGION-4-MIXTURE,SaturatedMixture,269.6082441638682,5.469196469078781,0.0008871448922558406,true,1.6997750396908578E-10,1.9991613152118767E-11
D1-BOUNDED-IF97-SUBSET,exact-v9-5-to-6mwe,194784,1920,pressure,REGION-4-MIXTURE,SaturatedMixture,269.9158253133297,5.495597472140865,0.0009060906814126842,true,REGION-4-MIXTURE,SaturatedMixture,269.9158253227173,5.495597472948124,0.00090609068079003,true,1.468919717116818E-10,1.7286259787399482E-11
D1-BOUNDED-IF97-SUBSET,exact-v9-5-to-6mwe,194784,1920,outlet,REGION-4-MIXTURE,SaturatedMixture,278.3475722014904,6.258035954183596,0.13175815882505487,true,REGION-4-MIXTURE,SaturatedMixture,278.34757222098654,6.258035956034942,0.13175815886786266,true,2.9583509029159495E-10,3.535129941380229E-11
D1-BOUNDED-IF97-SUBSET,exact-v9-5-to-6mwe,194784,1920,drum,REGION-4-MIXTURE,SaturatedMixture,271.15636810064314,5.603067641180313,0.03896885733947543,true,REGION-4-MIXTURE,SaturatedMixture,271.156368110994,5.6030676420836505,0.03896885734564205,true,1.612220138711862E-10,1.9016579854024577E-11
D1-BOUNDED-IF97-SUBSET,exact-v9-5-to-6mwe,194784,1920,feedwater-inventory,REGION-4-MIXTURE,SaturatedMixture,47.93393765389919,0.01113928840948686,1.7060153775035382E-05,true,REGION-4-MIXTURE,SaturatedMixture,47.93393765585171,0.011139288410582121,1.7060153776547227E-05,true,9.832414732273824E-11,6.0810098714889225E-12
D1-BOUNDED-IF97-SUBSET,exact-v9-5-to-6mwe,200784,1980,suction,REGION-4-MIXTURE,SaturatedMixture,269.627409541607,5.470838680385202,0.0008858801546890522,true,REGION-4-MIXTURE,SaturatedMixture,269.62740956432435,5.470838682331989,0.0008858801531891632,true,3.5584795047990246E-10,4.185391333819465E-11
D1-BOUNDED-IF97-SUBSET,exact-v9-5-to-6mwe,200784,1980,pressure,REGION-4-MIXTURE,SaturatedMixture,269.9500148475171,5.498538103852888,0.0009065409412907675,true,REGION-4-MIXTURE,SaturatedMixture,269.9500148418688,5.498538103366983,0.0009065409416658321,true,8.836978860054922E-11,1.040011600829893E-11
D1-BOUNDED-IF97-SUBSET,exact-v9-5-to-6mwe,200784,1980,outlet,REGION-4-MIXTURE,SaturatedMixture,278.56269953846925,6.278489896163884,0.1279000697380893,true,REGION-4-MIXTURE,SaturatedMixture,278.56269954158586,6.278489896460559,0.12790006974472032,true,4.725255431246617E-11,5.648974496884986E-12
D1-BOUNDED-IF97-SUBSET,exact-v9-5-to-6mwe,200784,1980,drum,REGION-4-MIXTURE,SaturatedMixture,271.20735141038915,5.6075184654446595,0.0390639271321025,true,REGION-4-MIXTURE,SaturatedMixture,271.2073514180197,5.607518466111011,0.039063927136660265,true,1.1883178318434316E-10,1.4017532492703499E-11
D1-BOUNDED-IF97-SUBSET,exact-v9-5-to-6mwe,200784,1980,feedwater-inventory,REGION-4-MIXTURE,SaturatedMixture,47.96985266357666,0.0111594500999022,1.7774222638992802E-05,true,REGION-4-MIXTURE,SaturatedMixture,47.9698526622696,0.011159450099167897,1.7774222637936945E-05,true,6.580102394265734E-11,4.070310703134157E-12
D1-BOUNDED-IF97-SUBSET,exact-v9-5-to-6mwe,206784,2040,suction,REGION-4-MIXTURE,SaturatedMixture,269.6465640187264,5.472480333816607,0.000884614875680247,true,REGION-4-MIXTURE,SaturatedMixture,269.6465640123281,5.472480333268193,0.000884614876103089,true,1.0021317822545102E-10,1.1787648727179139E-11
D1-BOUNDED-IF97-SUBSET,exact-v9-5-to-6mwe,206784,2040,pressure,REGION-4-MIXTURE,SaturatedMixture,269.984167456627,5.501476758986423,0.00090699031178017,true,REGION-4-MIXTURE,SaturatedMixture,269.98416746805776,5.5014767599702,0.0009069903110203304,true,1.7882046200034783E-10,2.104591732662525E-11
D1-BOUNDED-IF97-SUBSET,exact-v9-5-to-6mwe,206784,2040,outlet,REGION-4-MIXTURE,SaturatedMixture,278.77853245735173,6.299062188517196,0.12424827650769203,true,REGION-4-MIXTURE,SaturatedMixture,278.77853246445045,6.299062189194676,0.12424827652234063,true,1.0755256478047924E-10,1.2861664901739709E-11
D1-BOUNDED-IF97-SUBSET,exact-v9-5-to-6mwe,206784,2040,drum,REGION-4-MIXTURE,SaturatedMixture,271.2583651363849,5.6119746463846045,0.039159222023086,true,REGION-4-MIXTURE,SaturatedMixture,271.2583651189899,5.6119746448646355,0.03915922201266932,true,2.7084388923600754E-10,3.195210944591426E-11
D1-BOUNDED-IF97-SUBSET,exact-v9-5-to-6mwe,206784,2040,feedwater-inventory,REGION-4-MIXTURE,SaturatedMixture,48.00592249780897,0.011179730235908587,1.8496250241919607E-05,true,REGION-4-MIXTURE,SaturatedMixture,48.005922496108326,0.011179730234951661,1.8496250240488233E-05,true,8.559468706852173E-11,5.295376128364118E-12
D1-BOUNDED-IF97-SUBSET,exact-v9-5-to-6mwe,212784,2100,suction,REGION-4-MIXTURE,SaturatedMixture,269.665693461895,5.474120217062952,0.0008833499914814083,true,REGION-4-MIXTURE,SaturatedMixture,269.6656934623795,5.474120217104499,0.0008833499914493505,true,7.589751132470366E-12,8.926295024363388E-13
D1-BOUNDED-IF97-SUBSET,exact-v9-5-to-6mwe,212784,2100,pressure,REGION-4-MIXTURE,SaturatedMixture,270.01825814843176,5.50441128222243,0.000907439891396265,true,REGION-4-MIXTURE,SaturatedMixture,270.018258144784,5.504411281908378,0.0009074398916389945,true,5.705458395059956E-11,6.7157014799987605E-12
D1-BOUNDED-IF97-SUBSET,exact-v9-5-to-6mwe,212784,2100,outlet,REGION-4-MIXTURE,SaturatedMixture,278.99378421306585,6.319630317377965,0.1207826244768461,true,REGION-4-MIXTURE,SaturatedMixture,278.99378420425717,6.319630316535241,0.12078262445920811,true,1.3335022309735057E-10,1.5953604499778423E-11
D1-BOUNDED-IF97-SUBSET,exact-v9-5-to-6mwe,212784,2100,drum,REGION-4-MIXTURE,SaturatedMixture,271.3093077659606,5.616427314501431,0.039254709204179374,true,REGION-4-MIXTURE,SaturatedMixture,271.30930778506286,5.616427316171566,0.03925470921564747,true,2.973661097658969E-10,3.508477242597853E-11
D1-BOUNDED-IF97-SUBSET,exact-v9-5-to-6mwe,212784,2100,feedwater-inventory,REGION-4-MIXTURE,SaturatedMixture,48.042088118195466,0.011200095993050059,1.9226431775534558E-05,true,REGION-4-MIXTURE,SaturatedMixture,48.04208811758167,0.011200095992704133,1.92264317749969E-05,true,3.088602211352644E-11,1.910991146933652E-12
D1-BOUNDED-IF97-SUBSET,exact-v9-5-to-6mwe,218784,2160,suction,REGION-4-MIXTURE,SaturatedMixture,269.6847838103771,5.475757122931954,0.0008820864372566563,true,REGION-4-MIXTURE,SaturatedMixture,269.68478380232773,5.475757122241668,0.0008820864377896834,true,1.2606221113262065E-10,1.48283960631664E-11
D1-BOUNDED-IF97-SUBSET,exact-v9-5-to-6mwe,218784,2160,pressure,REGION-4-MIXTURE,SaturatedMixture,270.0522645592689,5.507339741148836,0.0009078880252199767,true,REGION-4-MIXTURE,SaturatedMixture,270.05226456030493,5.507339741238072,0.0009078880251509418,true,1.6203135851407734E-11,1.90726037012691E-12
D1-BOUNDED-IF97-SUBSET,exact-v9-5-to-6mwe,218784,2160,outlet,REGION-4-MIXTURE,SaturatedMixture,279.20919802188894,6.340265239444113,0.11748938693648206,true,REGION-4-MIXTURE,SaturatedMixture,279.20919803278593,6.340265240489258,0.11748938695766992,true,1.6484252064617765E-10,1.9728099254034314E-11
D1-BOUNDED-IF97-SUBSET,exact-v9-5-to-6mwe,218784,2160,drum,REGION-4-MIXTURE,SaturatedMixture,271.36016235947625,5.620874977668143,0.03935034107829655,true,REGION-4-MIXTURE,SaturatedMixture,271.36016236106457,5.620874977807104,0.03935034107925258,true,2.4722437621032393E-11,2.9169681662619124E-12
D1-BOUNDED-IF97-SUBSET,exact-v9-5-to-6mwe,218784,2160,feedwater-inventory,REGION-4-MIXTURE,SaturatedMixture,48.07828054577118,0.0112205087299641,1.9964947844077434E-05,true,REGION-4-MIXTURE,SaturatedMixture,48.07828054365308,0.011220508728768577,1.996494784214881E-05,true,1.0654800741728162E-10,6.5937515526115844E-12
D1-BOUNDED-IF97-SUBSET,exact-v9-5-to-6mwe,224784,2220,suction,REGION-4-MIXTURE,SaturatedMixture,269.7038233816626,5.4773900471246595,0.0008808249942171053,true,REGION-4-MIXTURE,SaturatedMixture,269.7038233897979,5.477390047822439,0.0008808249936778362,true,1.273927191355136E-10,1.4986200833666137E-11
D1-BOUNDED-IF97-SUBSET,exact-v9-5-to-6mwe,224784,2220,pressure,REGION-4-MIXTURE,SaturatedMixture,270.086165201664,5.5102602757380295,0.0009083351710392996,true,REGION-4-MIXTURE,SaturatedMixture,270.0861652147446,5.510260276865132,0.000908335170167028,true,2.0454620999560612E-10,2.4078993654109593E-11
D1-BOUNDED-IF97-SUBSET,exact-v9-5-to-6mwe,224784,2220,outlet,REGION-4-MIXTURE,SaturatedMixture,279.42397137880334,6.3608899991217465,0.11435404180450633,true,REGION-4-MIXTURE,SaturatedMixture,279.42397137251294,6.360889998516906,0.11435404179262261,true,9.508742048912953E-11,1.1383826860824947E-11
D1-BOUNDED-IF97-SUBSET,exact-v9-5-to-6mwe,224784,2220,drum,REGION-4-MIXTURE,SaturatedMixture,271.4109251201154,5.625317290678886,0.03944595210764702,true,REGION-4-MIXTURE,SaturatedMixture,271.41092510406475,5.625317289273859,0.03944595209796167,true,2.4976852559412837E-10,2.9474477638127594E-11
D1-BOUNDED-IF97-SUBSET,exact-v9-5-to-6mwe,224784,2220,feedwater-inventory,REGION-4-MIXTURE,SaturatedMixture,48.11442436575891,0.011240925924257539,2.0711953301300457E-05,true,REGION-4-MIXTURE,SaturatedMixture,48.114424366106334,0.011240925924453938,2.0711953301628923E-05,true,1.747173270062824E-11,1.0814361931394984E-12
D1-BOUNDED-IF97-SUBSET,exact-v9-5-to-6mwe,230784,2280,suction,REGION-4-MIXTURE,SaturatedMixture,269.7228007018567,5.479018002333597,0.0008795664327853848,true,REGION-4-MIXTURE,SaturatedMixture,269.72280069959515,5.479018002139569,0.0008795664329354436,true,3.541289785347869E-11,4.165934008615313E-12
D1-BOUNDED-IF97-SUBSET,exact-v9-5-to-6mwe,230784,2280,pressure,REGION-4-MIXTURE,SaturatedMixture,270.11994096636784,5.51317122799742,0.0009087813796254093,true,REGION-4-MIXTURE,SaturatedMixture,270.1199409729152,5.513171228561819,0.0009087813791883373,true,1.0237287591961703E-10,1.2051722684268508E-11
D1-BOUNDED-IF97-SUBSET,exact-v9-5-to-6mwe,230784,2280,outlet,REGION-4-MIXTURE,SaturatedMixture,279.63773699402816,6.381468825344261,0.11136333814034974,true,REGION-4-MIXTURE,SaturatedMixture,279.63773700871434,6.381468826759829,0.11136333816731826,true,2.218248096041835E-10,2.6567484046547757E-11
D1-BOUNDED-IF97-SUBSET,exact-v9-5-to-6mwe,230784,2280,drum,REGION-4-MIXTURE,SaturatedMixture,271.46150371432316,5.629746152579223,0.03954158656193777,true,REGION-4-MIXTURE,SaturatedMixture,271.4615036985351,5.629746151196343,0.03954158655238649,true,2.456380005668328E-10,2.898953126630175E-11
D1-BOUNDED-IF97-SUBSET,exact-v9-5-to-6mwe,230784,2280,feedwater-inventory,REGION-4-MIXTURE,SaturatedMixture,48.15044099241493,0.011261302992122227,2.1467589256691103E-05,true,REGION-4-MIXTURE,SaturatedMixture,48.15044099532912,0.011261302993772277,2.146758925954988E-05,true,1.4652388711547723E-10,9.069989277748427E-12
D1-BOUNDED-IF97-SUBSET,exact-v9-5-to-6mwe,236784,2340,suction,REGION-4-MIXTURE,SaturatedMixture,269.7417052984239,5.480640086297664,0.00087831145985838,true,REGION-4-MIXTURE,SaturatedMixture,269.7417053145564,5.48064008768203,0.0008783114587868954,true,2.5259193986768766E-10,2.9715877357791927E-11
D1-BOUNDED-IF97-SUBSET,exact-v9-5-to-6mwe,236784,2340,pressure,REGION-4-MIXTURE,SaturatedMixture,270.1535745382308,5.516071092031928,0.0009092252942583847,true,REGION-4-MIXTURE,SaturatedMixture,270.153574558296,5.516071093762282,0.000909225292917541,true,3.136931357993939E-10,3.6931762211817895E-11
D1-BOUNDED-IF97-SUBSET,exact-v9-5-to-6mwe,236784,2340,outlet,REGION-4-MIXTURE,SaturatedMixture,279.8510682284831,6.402056488081979,0.10850801803531035,true,REGION-4-MIXTURE,SaturatedMixture,279.85106821182467,6.402056486472358,0.10850801800556001,true,2.5142247401647327E-10,3.0123664494673145E-11
D1-BOUNDED-IF97-SUBSET,exact-v9-5-to-6mwe,236784,2340,drum,REGION-4-MIXTURE,SaturatedMixture,271.51193360686295,5.6341646436292265,0.03963711015713397,true,REGION-4-MIXTURE,SaturatedMixture,271.5119335918506,5.634164642313494,0.039637110148028856,true,2.335275049866321E-10,2.756268796264971E-11
D1-BOUNDED-IF97-SUBSET,exact-v9-5-to-6mwe,236784,2340,feedwater-inventory,REGION-4-MIXTURE,SaturatedMixture,48.1862515375019,0.011281594901854998,2.223198383115482E-05,true,REGION-4-MIXTURE,SaturatedMixture,48.1862515417252,0.011281594904249969,2.223198383544894E-05,true,2.122901411398945E-10,1.3142916402659813E-11
D1-BOUNDED-IF97-SUBSET,exact-v9-5-to-6mwe,242784,2400,suction,REGION-4-MIXTURE,SaturatedMixture,269.7605286598206,5.482255564273977,0.0008770606546617512,true,REGION-4-MIXTURE,SaturatedMixture,269.76052865439226,5.4822555638080255,0.0008770606550226466,true,8.4992703493692E-11,9.998551954650016E-12
D1-BOUNDED-IF97-SUBSET,exact-v9-5-to-6mwe,242784,2400,pressure,REGION-4-MIXTURE,SaturatedMixture,270.1870496869085,5.518958453185912,0.000909668152802956,true,REGION-4-MIXTURE,SaturatedMixture,270.1870496952879,5.518958453908796,0.0009096681522424162,true,1.3098195629368007E-10,1.542210689651656E-11
D1-BOUNDED-IF97-SUBSET,exact-v9-5-to-6mwe,242784,2400,outlet,REGION-4-MIXTURE,SaturatedMixture,280.0627813100815,6.422538103653541,0.10577623997933351,true,REGION-4-MIXTURE,SaturatedMixture,280.06278130603357,6.422538103261452,0.10577623997229965,true,6.104892202801173E-11,7.317136697980503E-12
D1-BOUNDED-IF97-SUBSET,exact-v9-5-to-6mwe,242784,2400,drum,REGION-4-MIXTURE,SaturatedMixture,271.5621550083159,5.638567498270978,0.03973247198372388,true,REGION-4-MIXTURE,SaturatedMixture,271.56215499953646,5.6385674975010485,0.03973247197838553,true,1.3654707474035243E-10,1.611762462491362E-11
D1-BOUNDED-IF97-SUBSET,exact-v9-5-to-6mwe,242784,2400,feedwater-inventory,REGION-4-MIXTURE,SaturatedMixture,48.22177927196026,0.0113017575729875,2.300524806770802E-05,true,REGION-4-MIXTURE,SaturatedMixture,48.22177927033681,0.0113017575720655,2.30052480659987E-05,true,8.15802601813838E-11,5.051619797925185E-12
D1-BOUNDED-IF97-SUBSET,exact-v9-5-to-6mwe,248784,2460,suction,REGION-4-MIXTURE,SaturatedMixture,269.7792617738247,5.483863657895556,0.0008758146319084572,true,REGION-4-MIXTURE,SaturatedMixture,269.779261789511,5.483863659242271,0.0008758146308646002,true,2.4557772106278706E-10,2.8891945230404217E-11
D1-BOUNDED-IF97-SUBSET,exact-v9-5-to-6mwe,248784,2460,pressure,REGION-4-MIXTURE,SaturatedMixture,270.2203527688979,5.5218321178885645,0.0009101087419261354,true,REGION-4-MIXTURE,SaturatedMixture,270.2203527795282,5.521832118806022,0.000910108741214268,true,1.6615087197840356E-10,1.9563613853774055E-11
D1-BOUNDED-IF97-SUBSET,exact-v9-5-to-6mwe,248784,2460,outlet,REGION-4-MIXTURE,SaturatedMixture,280.2734861910343,6.442971835092438,0.10316011024773743,true,REGION-4-MIXTURE,SaturatedMixture,280.2734861971194,6.442971835683257,0.10316011025802932,true,9.169975664053261E-11,1.0995355529506762E-11
D1-BOUNDED-IF97-SUBSET,exact-v9-5-to-6mwe,248784,2460,drum,REGION-4-MIXTURE,SaturatedMixture,271.6121370434762,5.642951975668904,0.03982768743716165,true,REGION-4-MIXTURE,SaturatedMixture,271.61213703116505,5.642951974588634,0.03982768742965713,true,1.9143705285054044E-10,2.2599125048757338E-11
D1-BOUNDED-IF97-SUBSET,exact-v9-5-to-6mwe,248784,2460,feedwater-inventory,REGION-4-MIXTURE,SaturatedMixture,48.256951592117616,0.011321749007899265,2.378749059772209E-05,true,REGION-4-MIXTURE,SaturatedMixture,48.25695159189053,0.011321749007770106,2.3787490597474688E-05,true,1.1408028592908933E-11,7.065480607187257E-13
D1-BOUNDED-IF97-SUBSET,exact-v9-5-to-6mwe,254784,2520,suction,REGION-4-MIXTURE,SaturatedMixture,269.7978978395462,5.485463778013837,0.0008745738612883097,true,REGION-4-MIXTURE,SaturatedMixture,269.79789786329206,5.485463780052907,0.0008745738597065452,true,3.717224884717464E-10,4.373510529507405E-11
D1-BOUNDED-IF97-SUBSET,exact-v9-5-to-6mwe,254784,2520,pressure,REGION-4-MIXTURE,SaturatedMixture,270.25347097516044,5.524690962822038,0.0009105470487279202,true,REGION-4-MIXTURE,SaturatedMixture,270.25347098808436,5.524690963937917,0.0009105470478615743,true,2.019803374181514E-10,2.378328516930669E-11
D1-BOUNDED-IF97-SUBSET,exact-v9-5-to-6mwe,254784,2520,outlet,REGION-4-MIXTURE,SaturatedMixture,280.48288751244525,6.463328307597143,0.10065168323196329,true,REGION-4-MIXTURE,SaturatedMixture,280.4828875304122,6.4633283093458775,0.10065168326155584,true,2.705625348618102E-10,3.2452830299541397E-11
D1-BOUNDED-IF97-SUBSET,exact-v9-5-to-6mwe,254784,2520,drum,REGION-4-MIXTURE,SaturatedMixture,271.66190503835685,5.647320263100236,0.03992261055880085,true,REGION-4-MIXTURE,SaturatedMixture,271.6619050533915,5.647320264420286,0.039922610567988626,true,2.337480053741664E-10,2.759600038526019E-11
D1-BOUNDED-IF97-SUBSET,exact-v9-5-to-6mwe,254784,2520,feedwater-inventory,REGION-4-MIXTURE,SaturatedMixture,48.29170162081721,0.011341530226767585,2.4578808955240703E-05,true,REGION-4-MIXTURE,SaturatedMixture,48.29170161909843,0.011341530225788448,2.4578808953304345E-05,true,8.633199320216898E-11,5.347079882378711E-12
D1-BOUNDED-IF97-SUBSET,exact-v9-5-to-6mwe,260784,2580,suction,REGION-4-MIXTURE,SaturatedMixture,269.81642926335314,5.487055266897173,0.000873338867030893,true,REGION-4-MIXTURE,SaturatedMixture,269.81642925945687,5.487055266562519,0.0008733388672906871,true,6.098957961368805E-11,7.175904609206378E-12
D1-BOUNDED-IF97-SUBSET,exact-v9-5-to-6mwe,260784,2580,pressure,REGION-4-MIXTURE,SaturatedMixture,270.28639316558827,5.5275340071627355,0.0009109838422333178,true,REGION-4-MIXTURE,SaturatedMixture,270.28639317062004,5.527534007597334,0.0009109838418956957,true,7.862423545363673E-11,9.25918746120029E-12
D1-BOUNDED-IF97-SUBSET,exact-v9-5-to-6mwe,260784,2580,outlet,REGION-4-MIXTURE,SaturatedMixture,280.6903158664703,6.483541378687517,0.09824218240227715,true,REGION-4-MIXTURE,SaturatedMixture,280.69031584806555,6.4835413768919254,0.09824218237274879,true,2.76946058701759E-10,3.3231170847428464E-11
D1-BOUNDED-IF97-SUBSET,exact-v9-5-to-6mwe,260784,2580,drum,REGION-4-MIXTURE,SaturatedMixture,271.71136682629583,5.651664231423629,0.04001730164747268,true,REGION-4-MIXTURE,SaturatedMixture,271.71136680743143,5.651664229766396,0.04001730163591628,true,2.9322912783440086E-10,3.4622381383987836E-11
D1-BOUNDED-IF97-SUBSET,exact-v9-5-to-6mwe,260784,2580,feedwater-inventory,REGION-4-MIXTURE,SaturatedMixture,48.32596928700798,0.011361065913860425,2.537930359507157E-05,true,REGION-4-MIXTURE,SaturatedMixture,48.325969286879115,0.01136106591378692,2.5379303594921615E-05,true,6.4699420287571E-12,4.00851207769139E-13
D1-BOUNDED-IF97-SUBSET,exact-v9-5-to-6mwe,266784,2640,suction,REGION-4-MIXTURE,SaturatedMixture,269.8348390221596,5.488636656191929,0.000872110804543449,true,REGION-4-MIXTURE,SaturatedMixture,269.8348390062579,5.488636654825824,0.0008721108056046784,true,2.488968843044751E-10,2.9285751479309056E-11
D1-BOUNDED-IF97-SUBSET,exact-v9-5-to-6mwe,266784,2640,pressure,REGION-4-MIXTURE,SaturatedMixture,270.3190940141677,5.530359042915462,0.0009114177536872014,true,REGION-4-MIXTURE,SaturatedMixture,270.3190940316706,5.530359044427822,0.0009114177525115205,true,2.734650685901627E-10,3.220585065072818E-11
D1-BOUNDED-IF97-SUBSET,exact-v9-5-to-6mwe,266784,2640,outlet,REGION-4-MIXTURE,SaturatedMixture,280.8963150322435,6.503662931149712,0.09592737193640359,true,REGION-4-MIXTURE,SaturatedMixture,280.8963150192392,6.503662929877981,0.0959273719160722,true,1.9554075576844987E-10,2.3471496793017548E-11
D1-BOUNDED-IF97-SUBSET,exact-v9-5-to-6mwe,266784,2640,drum,REGION-4-MIXTURE,SaturatedMixture,271.76054902672774,5.6559861742030275,0.04011145274484312,true,REGION-4-MIXTURE,SaturatedMixture,271.7605490285156,5.6559861743601845,0.04011145274594112,true,2.7785950898146227E-11,3.280977425016671E-12
D1-BOUNDED-IF97-SUBSET,exact-v9-5-to-6mwe,266784,2640,feedwater-inventory,REGION-4-MIXTURE,SaturatedMixture,48.35970218628648,0.011380324944312396,2.6188901710217643E-05,true,REGION-4-MIXTURE,SaturatedMixture,48.359702183264574,0.011380324942585857,2.618890170658559E-05,true,1.5171263202638425E-10,9.399124856665588E-12
D1-BOUNDED-IF97-SUBSET,exact-v9-5-to-6mwe,272784,2700,suction,REGION-4-MIXTURE,SaturatedMixture,269.85314221978194,5.490209236889209,0.0008708886873087519,true,REGION-4-MIXTURE,SaturatedMixture,269.8531422121521,5.49020923623363,0.0008708886878184507,true,1.194086917544937E-10,1.4051234968586257E-11
D1-BOUNDED-IF97-SUBSET,exact-v9-5-to-6mwe,272784,2700,pressure,REGION-4-MIXTURE,SaturatedMixture,270.3515844941138,5.53316699652762,0.0009118489458522835,true,REGION-4-MIXTURE,SaturatedMixture,270.35158451693303,5.53316699850013,0.0009118489443179134,true,3.5648845524641976E-10,4.1985566773871854E-11
D1-BOUNDED-IF97-SUBSET,exact-v9-5-to-6mwe,272784,2700,outlet,REGION-4-MIXTURE,SaturatedMixture,281.1006812334059,6.523672077861695,0.09369971225579947,true,REGION-4-MIXTURE,SaturatedMixture,281.1006812166978,6.523672076223907,0.09369971223033643,true,2.510531724896239E-10,3.0145384314934043E-11
D1-BOUNDED-IF97-SUBSET,exact-v9-5-to-6mwe,272784,2700,drum,REGION-4-MIXTURE,SaturatedMixture,271.80945309996594,5.6602861778725595,0.04020544349334972,true,REGION-4-MIXTURE,SaturatedMixture,271.8094530905904,5.660286177047986,0.0402054434875781,true,1.456769627220614E-10,1.7204080193295426E-11
D1-BOUNDED-IF97-SUBSET,exact-v9-5-to-6mwe,272784,2700,feedwater-inventory,REGION-4-MIXTURE,SaturatedMixture,48.392855721712124,0.011399280503060171,2.700777724802077E-05,true,REGION-4-MIXTURE,SaturatedMixture,48.39285572110856,0.01139928050271486,2.7007777247272285E-05,true,3.029231411476291E-11,1.8770854669102946E-12
D1-BOUNDED-IF97-SUBSET,exact-v9-5-to-6mwe,278784,2760,suction,REGION-4-MIXTURE,SaturatedMixture,269.87132650613796,5.491771941587262,0.0008696733605962244,true,REGION-4-MIXTURE,SaturatedMixture,269.8713264878885,5.491771940018788,0.0008696733618164719,true,2.8560440165037306E-10,3.3607272951587125E-11
D1-BOUNDED-IF97-SUBSET,exact-v9-5-to-6mwe,278784,2760,pressure,REGION-4-MIXTURE,SaturatedMixture,270.38385555148113,5.535957064219906,0.0009122776238107948,true,REGION-4-MIXTURE,SaturatedMixture,270.3838555434106,5.5359570635220505,0.0009122776243540227,true,1.260586198446287E-10,1.4848228570474755E-11
D1-BOUNDED-IF97-SUBSET,exact-v9-5-to-6mwe,278784,2760,outlet,REGION-4-MIXTURE,SaturatedMixture,281.3032880485058,6.5435553494856205,0.09155373242258863,true,REGION-4-MIXTURE,SaturatedMixture,281.3032880663069,6.543555351234631,0.0915537324490411,true,2.6728752499565704E-10,3.210565332402416E-11
D1-BOUNDED-IF97-SUBSET,exact-v9-5-to-6mwe,278784,2760,drum,REGION-4-MIXTURE,SaturatedMixture,271.85805572271363,5.664562148327447,0.04029904069717619,true,REGION-4-MIXTURE,SaturatedMixture,271.8580557134544,5.664562147512595,0.040299040691461896,true,1.4385086867960666E-10,1.698915162998596E-11
D1-BOUNDED-IF97-SUBSET,exact-v9-5-to-6mwe,278784,2760,feedwater-inventory,REGION-4-MIXTURE,SaturatedMixture,48.42539348453289,0.011417910341151714,2.7836101094889847E-05,true,REGION-4-MIXTURE,SaturatedMixture,48.425393480210516,0.011417910338675166,2.7836101089361934E-05,true,2.1690032643305815E-10,1.3441244752402795E-11
D1-BOUNDED-IF97-SUBSET,exact-v9-5-to-6mwe,284784,2820,suction,REGION-4-MIXTURE,SaturatedMixture,269.8893888354303,5.493324501843102,0.0008684650499623678,true,REGION-4-MIXTURE,SaturatedMixture,269.88938884502863,5.493324502668254,0.0008684650493199829,true,1.5021002137829875E-10,1.767524148799712E-11
D1-BOUNDED-IF97-SUBSET,exact-v9-5-to-6mwe,284784,2820,pressure,REGION-4-MIXTURE,SaturatedMixture,270.4159002184865,5.538728621608807,0.0009127036546252036,true,REGION-4-MIXTURE,SaturatedMixture,270.4159001978011,5.538728619819384,0.0009127036560189014,true,3.230746538386447E-10,3.8055061588615553E-11
D1-BOUNDED-IF97-SUBSET,exact-v9-5-to-6mwe,284784,2820,outlet,REGION-4-MIXTURE,SaturatedMixture,281.5040671765804,6.563304891107259,0.08948431974989707,true,REGION-4-MIXTURE,SaturatedMixture,281.50406719723605,6.563304893141413,0.08948431977983348,true,3.0992833826568126E-10,3.7240595681464165E-11
D1-BOUNDED-IF97-SUBSET,exact-v9-5-to-6mwe,284784,2820,drum,REGION-4-MIXTURE,SaturatedMixture,271.90634704828267,5.668813173634164,0.04039223727257891,true,REGION-4-MIXTURE,SaturatedMixture,271.90634703038165,5.668813172057878,0.040392237261504274,true,2.7806274793284015E-10,3.284250495889045E-11
D1-BOUNDED-IF97-SUBSET,exact-v9-5-to-6mwe,284784,2820,feedwater-inventory,REGION-4-MIXTURE,SaturatedMixture,48.45728705078358,0.011436196697612457,2.8673972888121814E-05,true,REGION-4-MIXTURE,SaturatedMixture,48.45728705044661,0.01143619669741915,2.867397288767771E-05,true,1.6903099949509998E-11,1.0477616664004907E-12
D1-BOUNDED-IF97-SUBSET,exact-v9-5-to-6mwe,290784,2880,suction,REGION-4-MIXTURE,SaturatedMixture,269.90732603669187,5.494866638268398,0.0008672639899900221,true,REGION-4-MIXTURE,SaturatedMixture,269.9073260394871,5.494866638508749,0.0008672639898027496,true,4.3740979746364245E-11,5.147188234180112E-12
D1-BOUNDED-IF97-SUBSET,exact-v9-5-to-6mwe,290784,2880,pressure,REGION-4-MIXTURE,SaturatedMixture,270.4477130711076,5.54148117712994,0.0009131269735124795,true,REGION-4-MIXTURE,SaturatedMixture,270.4477130764552,5.541481177592708,0.0009131269731518167,true,8.350973092288553E-11,9.837424522148163E-12
D1-BOUNDED-IF97-SUBSET,exact-v9-5-to-6mwe,290784,2880,outlet,REGION-4-MIXTURE,SaturatedMixture,281.7029600799086,6.582913756731737,0.08748683051640017,true,REGION-4-MIXTURE,SaturatedMixture,281.7029601010388,6.582913758817331,0.08748683054627476,true,3.1681926831480955E-10,3.80824799356024E-11
D1-BOUNDED-IF97-SUBSET,exact-v9-5-to-6mwe,290784,2880,drum,REGION-4-MIXTURE,SaturatedMixture,271.95431818962084,5.673038424681676,0.04048500592771187,true,REGION-4-MIXTURE,SaturatedMixture,271.95431819921316,5.673038425526806,0.04048500593366045,true,1.4897311190017568E-10,1.7597231598933235E-11
D1-BOUNDED-IF97-SUBSET,exact-v9-5-to-6mwe,290784,2880,feedwater-inventory,REGION-4-MIXTURE,SaturatedMixture,48.48851566314704,0.011454126153000852,2.9521499235631006E-05,true,REGION-4-MIXTURE,SaturatedMixture,48.488515666320666,0.011454126154824152,2.9521499239939696E-05,true,1.5918282783239425E-10,9.86705498212633E-12
D1-BOUNDED-IF97-SUBSET,exact-v9-5-to-6mwe,296784,2940,suction,REGION-4-MIXTURE,SaturatedMixture,269.92513548135753,5.496398117933954,0.0008660703795524911,true,REGION-4-MIXTURE,SaturatedMixture,269.9251354576845,5.4963981158980575,0.0008660703811398247,true,3.704056257949192E-10,4.359067221479291E-11
D1-BOUNDED-IF97-SUBSET,exact-v9-5-to-6mwe,296784,2940,pressure,REGION-4-MIXTURE,SaturatedMixture,270.47928985357294,5.5442143397969605,0.0009135475255151004,true,REGION-4-MIXTURE,SaturatedMixture,270.47928986998716,5.54421434121797,0.0009135475244069775,true,2.5630486144374897E-10,3.019377289532326E-11
D1-BOUNDED-IF97-SUBSET,exact-v9-5-to-6mwe,296784,2940,outlet,REGION-4-MIXTURE,SaturatedMixture,281.8999184429648,6.602375966833371,0.08555699672178615,true,REGION-4-MIXTURE,SaturatedMixture,281.89991843721657,6.602375966264777,0.08555699671385701,true,8.611961263337977E-11,1.0356246704810606E-11
D1-BOUNDED-IF97-SUBSET,exact-v9-5-to-6mwe,296784,2940,drum,REGION-4-MIXTURE,SaturatedMixture,272.00196151137345,5.6772371811977065,0.04057732658586686,true,REGION-4-MIXTURE,SaturatedMixture,272.0019615098731,5.677237181065469,0.040577326584934466,true,2.3292550227322932E-11,2.7521229002876212E-12
D1-BOUNDED-IF97-SUBSET,exact-v9-5-to-6mwe,296784,2940,feedwater-inventory,REGION-4-MIXTURE,SaturatedMixture,48.51906575113537,0.011471689386895554,3.03787918349558E-05,true,REGION-4-MIXTURE,SaturatedMixture,48.519065748272794,0.011471689385248736,3.0378791830954612E-05,true,1.4355497634344657E-10,8.899139007125142E-12
D1-BOUNDED-IF97-SUBSET,exact-v9-5-to-6mwe,302784,3000,suction,REGION-4-MIXTURE,SaturatedMixture,269.9428149163722,5.4979187400670675,0.0008648843928346774,true,REGION-4-MIXTURE,SaturatedMixture,269.942814932701,5.497918741471674,0.0008648843917388113,true,2.554796233863489E-10,3.006639022552728E-11
D1-BOUNDED-IF97-SUBSET,exact-v9-5-to-6mwe,302784,3000,pressure,REGION-4-MIXTURE,SaturatedMixture,270.5106271028518,5.546927786882517,0.0009139652713696375,true,REGION-4-MIXTURE,SaturatedMixture,270.5106271135155,5.546927787806037,0.0009139652706490444,true,1.664921489301467E-10,1.9614647741324223E-11
D1-BOUNDED-IF97-SUBSET,exact-v9-5-to-6mwe,302784,3000,outlet,REGION-4-MIXTURE,SaturatedMixture,282.0949025034904,6.621686355326797,0.08369089475203428,true,REGION-4-MIXTURE,SaturatedMixture,282.0949024948785,6.621686354472977,0.083690894740439,true,1.2894300332204535E-10,1.551007781507008E-11
D1-BOUNDED-IF97-SUBSET,exact-v9-5-to-6mwe,302784,3000,drum,REGION-4-MIXTURE,SaturatedMixture,272.04927046298974,5.681408817366673,0.040669181416813076,true,REGION-4-MIXTURE,SaturatedMixture,272.0492704677853,5.681408817789641,0.040669181419801026,true,7.444763305155338E-11,8.795936547568706E-12
D1-BOUNDED-IF97-SUBSET,exact-v9-5-to-6mwe,302784,3000,feedwater-inventory,REGION-4-MIXTURE,SaturatedMixture,48.548930336534966,0.011488880865469404,3.124596940294339E-05,true,REGION-4-MIXTURE,SaturatedMixture,48.5489303393602,0.011488880867096794,3.1245969407006745E-05,true,1.416490617911658E-10,8.782222562146399E-12
D1-BOUNDED-IF97-SUBSET,exact-v9-5-to-6mwe,308784,3060,suction,REGION-4-MIXTURE,SaturatedMixture,269.9603627145292,5.499428357627526,0.0008637061623908476,true,REGION-4-MIXTURE,SaturatedMixture,269.96036270190837,5.499428356541641,0.0008637061632386388,true,1.974541877725249E-10,2.323805890896114E-11
D1-BOUNDED-IF97-SUBSET,exact-v9-5-to-6mwe,308784,3060,pressure,REGION-4-MIXTURE,SaturatedMixture,270.54172206521014,5.549621256826255,0.000914380182831246,true,REGION-4-MIXTURE,SaturatedMixture,270.5417220706805,5.549621257300196,0.0009143801824612282,true,8.540074228158116E-11,1.0061553331563516E-11
D1-BOUNDED-IF97-SUBSET,exact-v9-5-to-6mwe,308784,3060,outlet,REGION-4-MIXTURE,SaturatedMixture,282.28788021802904,6.64084049701058,0.08188491044554737,true,REGION-4-MIXTURE,SaturatedMixture,282.2878802270004,6.640840497901995,0.08188491045733855,true,1.3423224699686568E-10,1.6151886186812295E-11
D1-BOUNDED-IF97-SUBSET,exact-v9-5-to-6mwe,308784,3060,drum,REGION-4-MIXTURE,SaturatedMixture,272.09623962044714,5.6855528058038844,0.04076055509031608,true,REGION-4-MIXTURE,SaturatedMixture,272.0962396044225,5.685552804389692,0.04076055508030787,true,2.4873435655391016E-10,2.938968370578329E-11
D1-BOUNDED-IF97-SUBSET,exact-v9-5-to-6mwe,308784,3060,feedwater-inventory,REGION-4-MIXTURE,SaturatedMixture,48.578108470141956,0.011505698542849266,3.2123158629364795E-05,true,REGION-4-MIXTURE,SaturatedMixture,48.578108474004694,0.01150569854507703,3.212315863507847E-05,true,1.9362273740258945E-10,1.2006217621566101E-11
D1-BOUNDED-IF97-SUBSET,exact-v9-5-to-6mwe,314784,3120,suction,REGION-4-MIXTURE,SaturatedMixture,269.9777773737907,5.50092683428004,0.000862535812608351,true,REGION-4-MIXTURE,SaturatedMixture,269.9777773638566,5.500926833425173,0.0008625358132762687,true,1.5540422801881473E-10,1.8290483346271052E-11
D1-BOUNDED-IF97-SUBSET,exact-v9-5-to-6mwe,314784,3120,pressure,REGION-4-MIXTURE,SaturatedMixture,270.5725726544857,5.552294545740403,0.0009147922379160597,true,REGION-4-MIXTURE,SaturatedMixture,270.57257264515545,5.552294544931766,0.0009147922385477661,true,1.4564009644730195E-10,1.7159998942589518E-11
D1-BOUNDED-IF97-SUBSET,exact-v9-5-to-6mwe,314784,3120,outlet,REGION-4-MIXTURE,SaturatedMixture,282.4788263857366,6.659834629548312,0.08013570937283208,true,REGION-4-MIXTURE,SaturatedMixture,282.4788263897543,6.659834629948392,0.08013570937798775,true,6.007355909091934E-11,7.2308934567276934E-12
D1-BOUNDED-IF97-SUBSET,exact-v9-5-to-6mwe,314784,3120,drum,REGION-4-MIXTURE,SaturatedMixture,272.1428643941882,5.689668692063452,0.04085143439040568,true,REGION-4-MIXTURE,SaturatedMixture,272.1428643924463,5.689668691909647,0.04085143438931525,true,2.7032324215220883E-11,3.1944480504175223E-12
D1-BOUNDED-IF97-SUBSET,exact-v9-5-to-6mwe,314784,3120,feedwater-inventory,REGION-4-MIXTURE,SaturatedMixture,48.60660451203586,0.011522143468147986,3.301049466223114E-05,true,REGION-4-MIXTURE,SaturatedMixture,48.606604508064265,0.011522143465854605,3.30104946561917E-05,true,1.990411566575389E-10,1.2343469494306001E-11
D1-BOUNDED-IF97-SUBSET,exact-v9-5-to-6mwe,320784,3180,suction,REGION-4-MIXTURE,SaturatedMixture,269.99505785107624,5.502414073138238,0.0008613734372003052,true,REGION-4-MIXTURE,SaturatedMixture,269.9950578404107,5.502414072220237,0.0008613734379180326,true,1.6683600585057848E-10,1.9636615535177653E-11
D1-BOUNDED-IF97-SUBSET,exact-v9-5-to-6mwe,320784,3180,pressure,REGION-4-MIXTURE,SaturatedMixture,270.6031772851942,5.554947493052333,0.0009152014258355897,true,REGION-4-MIXTURE,SaturatedMixture,270.6031773073761,5.554947494975512,0.0009152014243323221,true,3.4621026391507614E-10,4.079404881082868E-11
D1-BOUNDED-IF97-SUBSET,exact-v9-5-to-6mwe,320784,3180,outlet,REGION-4-MIXTURE,SaturatedMixture,282.6677221894266,6.67866561574929,0.07844021084224058,true,REGION-4-MIXTURE,SaturatedMixture,282.66772220039286,6.678665616843697,0.07844021085598277,true,1.6386601849722244E-10,1.9729907717641492E-11
D1-BOUNDED-IF97-SUBSET,exact-v9-5-to-6mwe,320784,3180,drum,REGION-4-MIXTURE,SaturatedMixture,272.18914115428936,5.693756105917986,0.04094180813960483,true,REGION-4-MIXTURE,SaturatedMixture,272.189141158083,5.693756106253139,0.04094180814198514,true,5.88632938012695E-11,6.956434632406665E-12
D1-BOUNDED-IF97-SUBSET,exact-v9-5-to-6mwe,320784,3180,feedwater-inventory,REGION-4-MIXTURE,SaturatedMixture,48.634427432715825,0.01153821940010395,3.390812144640319E-05,true,REGION-4-MIXTURE,SaturatedMixture,48.6344274348553,0.011538219401340838,3.390812144974623E-05,true,1.0719915142707476E-10,6.648776064623108E-12
D1-BOUNDED-IF97-SUBSET,exact-v9-5-to-6mwe,326784,3240,suction,REGION-4-MIXTURE,SaturatedMixture,270.0122033536435,5.503889998846662,0.000860219113112955,true,REGION-4-MIXTURE,SaturatedMixture,270.0122033384928,5.503889997542312,0.0008602191141334327,true,2.3698700477943774E-10,2.7893516354970385E-11
D1-BOUNDED-IF97-SUBSET,exact-v9-5-to-6mwe,326784,3240,pressure,REGION-4-MIXTURE,SaturatedMixture,270.63353503942506,5.557579996063622,0.0009156077236940463,true,REGION-4-MIXTURE,SaturatedMixture,270.6335350338551,5.5575799955805385,0.0009156077240718726,true,8.692340830554671E-11,1.024299664926233E-11
D1-BOUNDED-IF97-SUBSET,exact-v9-5-to-6mwe,326784,3240,outlet,REGION-4-MIXTURE,SaturatedMixture,282.8545599937439,6.69733143083666,0.07679557124877807,true,REGION-4-MIXTURE,SaturatedMixture,282.85455998652196,6.69733143011439,0.07679557123993937,true,1.0784448269772898E-10,1.2989023626617233E-11
D1-BOUNDED-IF97-SUBSET,exact-v9-5-to-6mwe,326784,3240,drum,REGION-4-MIXTURE,SaturatedMixture,272.23506702184693,5.697814743164656,0.04103166677675099,true,REGION-4-MIXTURE,SaturatedMixture,272.23506703952546,5.697814744727415,0.04103166678786969,true,2.74273362980311E-10,3.241476840560171E-11
D1-BOUNDED-IF97-SUBSET,exact-v9-5-to-6mwe,326784,3240,feedwater-inventory,REGION-4-MIXTURE,SaturatedMixture,48.661590208113125,0.011553932471940021,3.4816192105850345E-05,true,REGION-4-MIXTURE,SaturatedMixture,48.66159020721807,0.011553932471421986,3.4816192104413886E-05,true,4.48362727338619E-11,2.781305896420501E-12
D1-BOUNDED-IF97-SUBSET,exact-v9-5-to-6mwe,332784,3300,suction,REGION-4-MIXTURE,SaturatedMixture,270.02921333909023,5.505354557604314,0.0008590729004464013,true,REGION-4-MIXTURE,SaturatedMixture,270.02921332411074,5.505354556314474,0.0008590729014562388,true,2.342883135179605E-10,2.757743863752498E-11
D1-BOUNDED-IF97-SUBSET,exact-v9-5-to-6mwe,332784,3300,pressure,REGION-4-MIXTURE,SaturatedMixture,270.6636452496051,5.560191973857533,0.0009160111196289211,true,REGION-4-MIXTURE,SaturatedMixture,270.6636452500737,5.560191973898183,0.0009160111195970903,true,7.310925612633694E-12,8.617237709682894E-13
D1-BOUNDED-IF97-SUBSET,exact-v9-5-to-6mwe,332784,3300,outlet,REGION-4-MIXTURE,SaturatedMixture,283.03934067487717,6.7158309071041336,0.07519916030673499,true,REGION-4-MIXTURE,SaturatedMixture,283.03934068064234,6.7158309076819105,0.07519916031362665,true,8.603208529174287E-11,1.0365486725627357E-11
D1-BOUNDED-IF97-SUBSET,exact-v9-5-to-6mwe,332784,3300,drum,REGION-4-MIXTURE,SaturatedMixture,272.2806400775909,5.701844384268872,0.04112100214620031,true,REGION-4-MIXTURE,SaturatedMixture,272.28064006773843,5.701844383397476,0.041121002139989725,true,1.5282709062773335E-10,1.806360276361966E-11
D1-BOUNDED-IF97-SUBSET,exact-v9-5-to-6mwe,332784,3300,feedwater-inventory,REGION-4-MIXTURE,SaturatedMixture,48.6881090790032,0.011569290774161642,3.573486890483215E-05,true,REGION-4-MIXTURE,SaturatedMixture,48.688109081431605,0.011569290775568869,3.573486890883402E-05,true,1.216346613755669E-10,7.545432404204395E-12
D1-BOUNDED-IF97-SUBSET,exact-v9-5-to-6mwe,338784,3360,suction,REGION-4-MIXTURE,SaturatedMixture,270.0460875153541,5.506807717187623,0.0008579348423767799,true,REGION-4-MIXTURE,SaturatedMixture,270.0460874918199,5.506807715160716,0.00085793484396474,true,3.6807305335525993E-10,4.3325419918914257E-11
D1-BOUNDED-IF97-SUBSET,exact-v9-5-to-6mwe,338784,3360,pressure,REGION-4-MIXTURE,SaturatedMixture,270.6935077905654,5.562783392689579,0.000916411596609241,true,REGION-4-MIXTURE,SaturatedMixture,270.69350777761167,5.562783391565264,0.000916411597489562,true,2.0211372330435428E-10,2.3818810886062572E-11
D1-BOUNDED-IF97-SUBSET,exact-v9-5-to-6mwe,338784,3360,outlet,REGION-4-MIXTURE,SaturatedMixture,283.2220691144465,6.7341632905138695,0.07364853708977144,true,REGION-4-MIXTURE,SaturatedMixture,283.22206910463876,6.734163289528864,0.07364853707831746,true,1.4626996883882063E-10,1.7628065883778836E-11
D1-BOUNDED-IF97-SUBSET,exact-v9-5-to-6mwe,338784,3360,drum,REGION-4-MIXTURE,SaturatedMixture,272.32585906982433,5.705844868757024,0.041209807109108106,true,REGION-4-MIXTURE,SaturatedMixture,272.32585907313546,5.7058448690500345,0.041209807111200016,true,5.135277168888773E-11,6.07016624766564E-12
D1-BOUNDED-IF97-SUBSET,exact-v9-5-to-6mwe,338784,3360,feedwater-inventory,REGION-4-MIXTURE,SaturatedMixture,48.71400299817316,0.011584304042502129,3.6664323410854114E-05,true,REGION-4-MIXTURE,SaturatedMixture,48.71400299485828,0.011584304040579087,3.6664323405247644E-05,true,1.6600406722979395E-10,1.0299010710761883E-11
D1-BOUNDED-IF97-SUBSET,exact-v9-5-to-6mwe,344784,3420,suction,REGION-4-MIXTURE,SaturatedMixture,270.06282575726516,5.508249459784203,0.0008568049707157653,true,REGION-4-MIXTURE,SaturatedMixture,270.0628257431159,5.5082494585653485,0.0008568049716712903,true,2.212779867144199E-10,2.6047316591673185E-11
D1-BOUNDED-IF97-SUBSET,exact-v9-5-to-6mwe,344784,3420,pressure,REGION-4-MIXTURE,SaturatedMixture,270.7231227874755,5.565354240714251,0.0009168091489883651,true,REGION-4-MIXTURE,SaturatedMixture,270.7231227896067,5.565354240899297,0.0009168091488433857,true,3.324959175857144E-11,3.9185121871929565E-12
D1-BOUNDED-IF97-SUBSET,exact-v9-5-to-6mwe,344784,3420,outlet,REGION-4-MIXTURE,SaturatedMixture,283.4027534067633,6.752328165142736,0.07214143270317529,true,REGION-4-MIXTURE,SaturatedMixture,283.40275342612745,6.752328167091485,0.07214143272526918,true,2.886039704068755E-10,3.479304569738173E-11
D1-BOUNDED-IF97-SUBSET,exact-v9-5-to-6mwe,344784,3420,drum,REGION-4-MIXTURE,SaturatedMixture,272.3707235813141,5.709816110157342,0.041298075654385466,true,REGION-4-MIXTURE,SaturatedMixture,272.37072356082945,5.709816108343628,0.041298075641414175,true,3.1764834256332263E-10,3.755065934138795E-11
D1-BOUNDED-IF97-SUBSET,exact-v9-5-to-6mwe,344784,3420,feedwater-inventory,REGION-4-MIXTURE,SaturatedMixture,48.739292983710754,0.011598983288564187,3.76047363253798E-05,true,REGION-4-MIXTURE,SaturatedMixture,48.73929298592731,0.01159898328985145,3.760473632922595E-05,true,1.1098073567207192E-10,6.886070221573095E-12
D1-BOUNDED-IF97-SUBSET,exact-v9-5-to-6mwe,350784,3480,suction,REGION-4-MIXTURE,SaturatedMixture,270.0794281482697,5.509679785602554,0.0008556833030399346,true,REGION-4-MIXTURE,SaturatedMixture,270.0794281641656,5.509679786972141,0.000855683301965538,true,2.4857835004641127E-10,2.9261892305976375E-11
D1-BOUNDED-IF97-SUBSET,exact-v9-5-to-6mwe,350784,3480,pressure,REGION-4-MIXTURE,SaturatedMixture,270.7524907827377,5.567904542519021,0.0009172037679597825,true,REGION-4-MIXTURE,SaturatedMixture,270.7524907719046,5.567904541578126,0.0009172037686973583,true,1.6898554104832558E-10,1.9917366188312535E-11
D1-BOUNDED-IF97-SUBSET,exact-v9-5-to-6mwe,350784,3480,outlet,REGION-4-MIXTURE,SaturatedMixture,283.581404775381,6.7703254480568225,0.0706757354364547,true,REGION-4-MIXTURE,SaturatedMixture,283.5814047621668,6.770325446724298,0.07067573542172334,true,1.9681835435192176E-10,2.3735255628749714E-11
D1-BOUNDED-IF97-SUBSET,exact-v9-5-to-6mwe,350784,3480,drum,REGION-4-MIXTURE,SaturatedMixture,272.41523357033736,5.713758055542784,0.04138580257893774,true,REGION-4-MIXTURE,SaturatedMixture,272.4152335768873,5.713758056123057,0.04138580258309492,true,1.0155710359512931E-10,1.2005811707663972E-11
D1-BOUNDED-IF97-SUBSET,exact-v9-5-to-6mwe,350784,3480,feedwater-inventory,REGION-4-MIXTURE,SaturatedMixture,48.76400166004896,0.011613340536697958,3.8556297528652304E-05,true,REGION-4-MIXTURE,SaturatedMixture,48.76400166214103,0.011613340537914235,3.8556297532375434E-05,true,1.0473102680568607E-10,6.498832535909585E-12
D1-BOUNDED-IF97-SUBSET,exact-v9-5-to-6mwe,356784,3540,suction,REGION-4-MIXTURE,SaturatedMixture,270.0950280129906,5.511024000382143,0.0008546284891913405,true,REGION-4-MIXTURE,SaturatedMixture,270.0950280229275,5.511024001238462,0.000854628488519187,true,1.5538284201768738E-10,1.829176748150183E-11
D1-BOUNDED-IF97-SUBSET,exact-v9-5-to-6mwe,356784,3540,pressure,REGION-4-MIXTURE,SaturatedMixture,270.78118436336524,5.570397140207878,0.0009176168266594888,true,REGION-4-MIXTURE,SaturatedMixture,270.7811843625889,5.570397140140419,0.0009176168267123901,true,1.2110254553689947E-11,1.4273265389437114E-12
D1-BOUNDED-IF97-SUBSET,exact-v9-5-to-6mwe,356784,3540,outlet,REGION-4-MIXTURE,SaturatedMixture,283.75422302484503,6.787769959667375,0.06929664510709205,true,REGION-4-MIXTURE,SaturatedMixture,283.75422300943376,6.787769958110221,0.06929664509029033,true,2.2940575866483047E-10,2.7673113971012225E-11
D1-BOUNDED-IF97-SUBSET,exact-v9-5-to-6mwe,356784,3540,drum,REGION-4-MIXTURE,SaturatedMixture,272.45532531738286,5.717310485824585,0.041453280580963016,true,REGION-4-MIXTURE,SaturatedMixture,272.4553253048365,5.71731048471261,0.041453280572987174,true,1.9449274329323905E-10,2.2995313905379324E-11
D1-BOUNDED-IF97-SUBSET,exact-v9-5-to-6mwe,356784,3540,feedwater-inventory,REGION-4-MIXTURE,SaturatedMixture,48.78828783631326,0.011627467147162403,3.9494772359180835E-05,true,REGION-4-MIXTURE,SaturatedMixture,48.78828783567798,0.011627467146792714,3.949477235802253E-05,true,3.179442693838212E-11,1.9733038075651134E-12
D1-BOUNDED-IF97-SUBSET,exact-v9-5-to-6mwe,362784,3600,suction,REGION-4-MIXTURE,SaturatedMixture,270.1072710335253,5.512079136764695,0.0008538000588545077,true,REGION-4-MIXTURE,SaturatedMixture,270.1072710331995,5.5120791367366095,0.0008538000588765853,true,5.095189875271304E-12,5.997645945728065E-13
D1-BOUNDED-IF97-SUBSET,exact-v9-5-to-6mwe,362784,3600,pressure,REGION-4-MIXTURE,SaturatedMixture,270.80531049966817,5.572493625460157,0.0009180126690343663,true,REGION-4-MIXTURE,SaturatedMixture,270.80531049730246,5.572493625254564,0.0009180126691957167,true,3.6894232613850456E-11,4.349087802775576E-12
D1-BOUNDED-IF97-SUBSET,exact-v9-5-to-6mwe,362784,3600,outlet,REGION-4-MIXTURE,SaturatedMixture,283.8935488522053,6.801858689105436,0.06827265782886191,true,REGION-4-MIXTURE,SaturatedMixture,283.8935488542471,6.801858689312066,0.0682726578310506,true,3.037850062690896E-11,3.665450591228296E-12
D1-BOUNDED-IF97-SUBSET,exact-v9-5-to-6mwe,362784,3600,drum,REGION-4-MIXTURE,SaturatedMixture,272.4857955574988,5.72001150588309,0.04148723189994979,true,REGION-4-MIXTURE,SaturatedMixture,272.48579557489563,5.720011507425494,0.041487231911017754,true,2.6965058108990185E-10,3.188356555261834E-11
D1-BOUNDED-IF97-SUBSET,exact-v9-5-to-6mwe,362784,3600,feedwater-inventory,REGION-4-MIXTURE,SaturatedMixture,48.81413910388949,0.0116425203302435,4.023817744488553E-05,true,REGION-4-MIXTURE,SaturatedMixture,48.81413910430871,0.01164252033048773,4.0238177445664394E-05,true,2.097741524443537E-11,1.3020711414173603E-12
