candidate_id,boundary_index,boundary_temperature_c,probe_side,reference_region,reference_phase,reference_temperature_c,reference_pressure_mpa,reference_quality,candidate_resolved,candidate_region,candidate_phase,candidate_temperature_c,candidate_pressure_mpa,candidate_quality,phase_matches,candidate_minus_reference_temperature_c,candidate_minus_reference_pressure_mpa
B1-PIECEWISE-REDUCED,0,47.25379668027165,R1-SIDE,REGION-1,SubcooledLiquid,47.25379668027165,0.01076344579292377,,true,REGION-1-REDUCED,SubcooledLiquid,47.253780952312184,0.01855352036233384,,true,-1.5727959464584274E-05,0.0077900745694100704
B1-PIECEWISE-REDUCED,0,47.25379668027165,R4-LIQUID-SIDE,REGION-4,SaturatedMixture,47.25379668027165,0.010763338159542174,1E-06,true,REGION-4-MIXTURE-TABLE,SaturatedMixture,47.25378179550171,0.01077434056047422,9.985149429421933E-07,true,-1.4884769939271791E-05,1.1002400932045783E-05
B1-PIECEWISE-REDUCED,0,47.25379668027165,R4-VAPOR-SIDE,REGION-4,SaturatedMixture,47.25379668027165,0.010763338159542174,0.999999,false,UNRESOLVED,Unspecified,,,,false,,
B1-PIECEWISE-REDUCED,0,47.25379668027165,R2-SIDE,REGION-2,SuperheatedVapor,47.25379668027165,0.010763230526160579,,false,UNRESOLVED,Unspecified,,,,false,,
B1-PIECEWISE-REDUCED,1,47.25636326000097,R1-SIDE,REGION-1,SubcooledLiquid,47.25636326000097,0.010764843736668937,,true,REGION-1-REDUCED,SubcooledLiquid,47.256347551929935,0.018543946447467704,,true,-1.5708071032349835E-05,0.007779102710798767
B1-PIECEWISE-REDUCED,1,47.25636326000097,R4-LIQUID-SIDE,REGION-4,SaturatedMixture,47.25636326000097,0.010764736089308044,1E-06,true,REGION-4-MIXTURE-TABLE,SaturatedMixture,47.25634837150574,0.010775723415231316,9.985169040799192E-07,true,-1.4888495229570253E-05,1.0987325923271507E-05
B1-PIECEWISE-REDUCED,1,47.25636326000097,R4-VAPOR-SIDE,REGION-4,SaturatedMixture,47.25636326000097,0.010764736089308044,0.999999,false,UNRESOLVED,Unspecified,,,,false,,
B1-PIECEWISE-REDUCED,1,47.25636326000097,R2-SIDE,REGION-2,SuperheatedVapor,47.25636326000097,0.01076462844194715,,false,UNRESOLVED,Unspecified,,,,false,,
B1-PIECEWISE-REDUCED,2,47.260731856524956,R1-SIDE,REGION-1,SubcooledLiquid,47.260731856524956,0.01076722354696915,,true,REGION-1-REDUCED,SubcooledLiquid,47.260716182829356,0.01852739916219584,,true,-1.567369560007137E-05,0.00776017561522669
B1-PIECEWISE-REDUCED,2,47.260731856524956,R4-LIQUID-SIDE,REGION-4,SaturatedMixture,47.260731856524956,0.010767115875810392,1E-06,true,REGION-4-MIXTURE-TABLE,SaturatedMixture,47.26071697473526,0.010778077190747155,9.98520291123524E-07,true,-1.4881789695664338E-05,1.0961314936762737E-05
B1-PIECEWISE-REDUCED,2,47.260731856524956,R4-VAPOR-SIDE,REGION-4,SaturatedMixture,47.260731856524956,0.010767115875810392,0.999999,false,UNRESOLVED,Unspecified,,,,false,,
B1-PIECEWISE-REDUCED,2,47.260731856524956,R2-SIDE,REGION-2,SuperheatedVapor,47.260731856524956,0.010767008204651634,,false,UNRESOLVED,Unspecified,,,,false,,
B1-PIECEWISE-REDUCED,3,47.26746165007364,R1-SIDE,REGION-1,SubcooledLiquid,47.26746165007364,0.010770890513210134,,true,REGION-1-REDUCED,SubcooledLiquid,47.2674460306236,0.018501288333030365,,true,-1.5619450039139338E-05,0.007730397819820231
B1-PIECEWISE-REDUCED,3,47.26746165007364,R4-LIQUID-SIDE,REGION-4,SaturatedMixture,47.26746165007364,0.01077078280538208,1E-06,true,REGION-4-MIXTURE-TABLE,SaturatedMixture,47.26744681596756,0.010781703186216598,9.985256297114128E-07,true,-1.483410608216218E-05,1.0920380834517768E-05
B1-PIECEWISE-REDUCED,3,47.26746165007364,R4-VAPOR-SIDE,REGION-4,SaturatedMixture,47.26746165007364,0.01077078280538208,0.999999,false,UNRESOLVED,Unspecified,,,,false,,
B1-PIECEWISE-REDUCED,3,47.26746165007364,R2-SIDE,REGION-2,SuperheatedVapor,47.26746165007364,0.010770675097554026,,false,UNRESOLVED,Unspecified,,,,false,,
B1-PIECEWISE-REDUCED,4,47.27766643762595,R1-SIDE,REGION-1,SubcooledLiquid,47.27766643762595,0.010776452999946404,,true,REGION-1-REDUCED,SubcooledLiquid,47.27765090342041,0.018460260856160562,,true,-1.5534205545009172E-05,0.007683807856214158
B1-PIECEWISE-REDUCED,4,47.27766643762595,R4-LIQUID-SIDE,REGION-4,SaturatedMixture,47.27766643762595,0.010776345236494038,1E-06,true,REGION-4-MIXTURE-TABLE,SaturatedMixture,47.27765166759491,0.010787201495090444,9.985340032646036E-07,true,-1.47700310435539E-05,1.0856258596406501E-05
B1-PIECEWISE-REDUCED,4,47.27766643762595,R4-VAPOR-SIDE,REGION-4,SaturatedMixture,47.27766643762595,0.010776345236494038,0.999999,false,UNRESOLVED,Unspecified,,,,false,,
B1-PIECEWISE-REDUCED,4,47.27766643762595,R2-SIDE,REGION-2,SuperheatedVapor,47.27766643762595,0.010776237473041673,,false,UNRESOLVED,Unspecified,,,,false,,
B1-PIECEWISE-REDUCED,5,47.28584959805005,R1-SIDE,REGION-1,SubcooledLiquid,47.28584959805005,0.010780915308942913,,true,REGION-1-REDUCED,SubcooledLiquid,47.28583413480766,0.018426112604508157,,true,-1.5463242391433596E-05,0.0076451972955652436
B1-PIECEWISE-REDUCED,5,47.28584959805005,R4-LIQUID-SIDE,REGION-4,SaturatedMixture,47.28584959805005,0.010780807500867904,1E-06,true,REGION-4-MIXTURE-TABLE,SaturatedMixture,47.28583490848541,0.010791610573012216,9.985409610884543E-07,true,-1.4689564636682917E-05,1.080307214431156E-05
B1-PIECEWISE-REDUCED,5,47.28584959805005,R4-VAPOR-SIDE,REGION-4,SaturatedMixture,47.28584959805005,0.010780807500867904,0.999999,false,UNRESOLVED,Unspecified,,,,false,,
B1-PIECEWISE-REDUCED,5,47.28584959805005,R2-SIDE,REGION-2,SuperheatedVapor,47.28584959805005,0.010780699692792895,,false,UNRESOLVED,Unspecified,,,,false,,
B1-PIECEWISE-REDUCED,6,47.30439080595971,R1-SIDE,REGION-1,SubcooledLiquid,47.30439080595971,0.010791031774868785,,true,REGION-1-REDUCED,SubcooledLiquid,47.30437551210099,0.018344629368873933,,true,-1.5293858723453013E-05,0.007553597594005148
B1-PIECEWISE-REDUCED,6,47.30439080595971,R4-LIQUID-SIDE,REGION-4,SaturatedMixture,47.30439080595971,0.010790923865630127,1E-06,true,REGION-4-MIXTURE-TABLE,SaturatedMixture,47.30437624454498,0.010801600526449283,9.985575250703152E-07,true,-1.4561414729996613E-05,1.0676660819155734E-05
B1-PIECEWISE-REDUCED,6,47.30439080595971,R4-VAPOR-SIDE,REGION-4,SaturatedMixture,47.30439080595971,0.010790923865630127,0.999999,false,UNRESOLVED,Unspecified,,,,false,,
B1-PIECEWISE-REDUCED,6,47.30439080595971,R2-SIDE,REGION-2,SuperheatedVapor,47.30439080595971,0.010790815956391472,,false,UNRESOLVED,Unspecified,,,,false,,
B1-PIECEWISE-REDUCED,7,47.31016860008242,R1-SIDE,REGION-1,SubcooledLiquid,47.31016860008242,0.010794185924890157,,true,REGION-1-REDUCED,SubcooledLiquid,47.31015336144873,0.01831807202161292,,true,-1.5238633693570591E-05,0.007523886096722764
B1-PIECEWISE-REDUCED,7,47.31016860008242,R4-LIQUID-SIDE,REGION-4,SaturatedMixture,47.31016860008242,0.010794077984110315,1E-06,true,REGION-4-MIXTURE-TABLE,SaturatedMixture,47.310154139995575,0.010804713619612046,9.985629147895948E-07,true,-1.4460086845247133E-05,1.0635635501731258E-05
B1-PIECEWISE-REDUCED,7,47.31016860008242,R4-VAPOR-SIDE,REGION-4,SaturatedMixture,47.31016860008242,0.010794077984110315,0.999999,false,UNRESOLVED,Unspecified,,,,false,,
B1-PIECEWISE-REDUCED,7,47.31016860008242,R2-SIDE,REGION-2,SuperheatedVapor,47.31016860008242,0.010793970043330475,,false,UNRESOLVED,Unspecified,,,,false,,
B1-PIECEWISE-REDUCED,8,47.339061117172264,R1-SIDE,REGION-1,SubcooledLiquid,47.339061117172264,0.010809970497312584,,true,REGION-1-REDUCED,SubcooledLiquid,47.33904617215455,0.018176960729677356,,true,-1.4945017710488173E-05,0.007366990232364772
B1-PIECEWISE-REDUCED,8,47.339061117172264,R4-LIQUID-SIDE,REGION-4,SaturatedMixture,47.339061117172264,0.010809862398688596,1E-06,true,REGION-4-MIXTURE-TABLE,SaturatedMixture,47.33904695510864,0.010820280883843594,9.985914849423463E-07,true,-1.416206362137018E-05,1.0418485154997659E-05
B1-PIECEWISE-REDUCED,8,47.339061117172264,R4-VAPOR-SIDE,REGION-4,SaturatedMixture,47.339061117172264,0.010809862398688596,0.999999,false,UNRESOLVED,Unspecified,,,,false,,
B1-PIECEWISE-REDUCED,8,47.339061117172264,R2-SIDE,REGION-2,SuperheatedVapor,47.339061117172264,0.01080975430006461,,false,UNRESOLVED,Unspecified,,,,false,,
B1-PIECEWISE-REDUCED,9,47.339702007174424,R1-SIDE,REGION-1,SubcooledLiquid,47.339702007174424,0.01081032085330431,,true,REGION-1-REDUCED,SubcooledLiquid,47.339687069000036,0.01817367364924496,,true,-1.493817438813494E-05,0.007363352795940652
B1-PIECEWISE-REDUCED,9,47.339702007174424,R4-LIQUID-SIDE,REGION-4,SaturatedMixture,47.339702007174424,0.010810212751176797,1E-06,true,REGION-4-MIXTURE-TABLE,SaturatedMixture,47.33968782424927,0.01082062618004304,9.985921489148684E-07,true,-1.4182925156092097E-05,1.0413428866241914E-05
B1-PIECEWISE-REDUCED,9,47.339702007174424,R4-VAPOR-SIDE,REGION-4,SaturatedMixture,47.339702007174424,0.010810212751176797,0.999999,false,UNRESOLVED,Unspecified,,,,false,,
B1-PIECEWISE-REDUCED,9,47.339702007174424,R2-SIDE,REGION-2,SuperheatedVapor,47.339702007174424,0.010810104649049286,,false,UNRESOLVED,Unspecified,,,,false,,
B1-PIECEWISE-REDUCED,10,47.37124681919806,R1-SIDE,REGION-1,SubcooledLiquid,47.37124681919806,0.010827577549085489,,true,REGION-1-REDUCED,SubcooledLiquid,47.371232235636,0.018003464473997123,,true,-1.4583562062853161E-05,0.0071758869249116345
B1-PIECEWISE-REDUCED,10,47.37124681919806,R4-LIQUID-SIDE,REGION-4,SaturatedMixture,47.37124681919806,0.010827469274392744,1E-06,true,REGION-4-MIXTURE-TABLE,SaturatedMixture,47.371232986450195,0.010837622511943791,9.986265005379604E-07,true,-1.3832747868036677E-05,1.0153237551047134E-05
B1-PIECEWISE-REDUCED,10,47.37124681919806,R4-VAPOR-SIDE,REGION-4,SaturatedMixture,47.37124681919806,0.010827469274392744,0.999999,false,UNRESOLVED,Unspecified,,,,false,,
B1-PIECEWISE-REDUCED,10,47.37124681919806,R2-SIDE,REGION-2,SuperheatedVapor,47.37124681919806,0.010827360999700001,,false,UNRESOLVED,Unspecified,,,,false,,
B1-PIECEWISE-REDUCED,11,47.38116506189107,R1-SIDE,REGION-1,SubcooledLiquid,47.38116506189107,0.010833008244981821,,true,REGION-1-REDUCED,SubcooledLiquid,47.381150597041824,0.017946538517393397,,true,-1.446484924372271E-05,0.007113530272411576
B1-PIECEWISE-REDUCED,11,47.38116506189107,R4-LIQUID-SIDE,REGION-4,SaturatedMixture,47.38116506189107,0.010832899915982661,1E-06,true,REGION-4-MIXTURE-TABLE,SaturatedMixture,47.38115131855011,0.010842966445926387,9.986379695899335E-07,true,-1.374334095771701E-05,1.0066529943725602E-05
B1-PIECEWISE-REDUCED,11,47.38116506189107,R4-VAPOR-SIDE,REGION-4,SaturatedMixture,47.38116506189107,0.010832899915982661,0.999999,false,UNRESOLVED,Unspecified,,,,false,,
B1-PIECEWISE-REDUCED,11,47.38116506189107,R2-SIDE,REGION-2,SuperheatedVapor,47.38116506189107,0.010832791586983501,,false,UNRESOLVED,Unspecified,,,,false,,
B1-PIECEWISE-REDUCED,12,47.405578786134754,R1-SIDE,REGION-1,SubcooledLiquid,47.405578786134754,0.010846385856276416,,true,REGION-1-REDUCED,SubcooledLiquid,47.40556462825418,0.017799468570670718,,true,-1.4157880571019632E-05,0.006953082714394302
B1-PIECEWISE-REDUCED,12,47.405578786134754,R4-LIQUID-SIDE,REGION-4,SaturatedMixture,47.405578786134754,0.01084627739350248,1E-06,true,REGION-4-MIXTURE-TABLE,SaturatedMixture,47.40556538105011,0.010856120586857811,9.986675681423326E-07,true,-1.3405084644091403E-05,9.84319335533071E-06
B1-PIECEWISE-REDUCED,12,47.405578786134754,R4-VAPOR-SIDE,REGION-4,SaturatedMixture,47.405578786134754,0.01084627739350248,0.999999,false,UNRESOLVED,Unspecified,,,,false,,
B1-PIECEWISE-REDUCED,12,47.405578786134754,R2-SIDE,REGION-2,SuperheatedVapor,47.405578786134754,0.010846168930728546,,false,UNRESOLVED,Unspecified,,,,false,,
B1-PIECEWISE-REDUCED,13,47.42490748912098,R1-SIDE,REGION-1,SubcooledLiquid,47.42490748912098,0.010856987170281312,,true,REGION-1-REDUCED,SubcooledLiquid,47.42489358919795,0.017676024957910062,,true,-1.3899923033022787E-05,0.00681903778762875
B1-PIECEWISE-REDUCED,13,47.42490748912098,R4-LIQUID-SIDE,REGION-4,SaturatedMixture,47.42490748912098,0.010856878601495297,1E-06,true,REGION-4-MIXTURE-TABLE,SaturatedMixture,47.42489433288574,0.010866534902644158,9.986923813178528E-07,true,-1.3156235240785463E-05,9.656301148861304E-06
B1-PIECEWISE-REDUCED,13,47.42490748912098,R4-VAPOR-SIDE,REGION-4,SaturatedMixture,47.42490748912098,0.010856878601495297,0.999999,false,UNRESOLVED,Unspecified,,,,false,,
B1-PIECEWISE-REDUCED,13,47.42490748912098,R2-SIDE,REGION-2,SuperheatedVapor,47.42490748912098,0.010856770032709281,,false,UNRESOLVED,Unspecified,,,,false,,
B1-PIECEWISE-REDUCED,14,47.44107317328451,R1-SIDE,REGION-1,SubcooledLiquid,47.44107317328451,0.01086586048125896,,true,REGION-1-REDUCED,SubcooledLiquid,47.44105949926558,0.017568028325571628,,true,-1.3674018930487364E-05,0.006702167844312669
B1-PIECEWISE-REDUCED,14,47.44107317328451,R4-LIQUID-SIDE,REGION-4,SaturatedMixture,47.44107317328451,0.010865751823740721,1E-06,true,REGION-4-MIXTURE-TABLE,SaturatedMixture,47.441060185432434,0.010875244960737763,9.987140715731488E-07,true,-1.298785207382025E-05,9.49313699704149E-06
B1-PIECEWISE-REDUCED,14,47.44107317328451,R4-VAPOR-SIDE,REGION-4,SaturatedMixture,47.44107317328451,0.010865751823740721,0.999999,false,UNRESOLVED,Unspecified,,,,false,,
B1-PIECEWISE-REDUCED,14,47.44107317328451,R2-SIDE,REGION-2,SuperheatedVapor,47.44107317328451,0.010865643166222485,,false,UNRESOLVED,Unspecified,,,,false,,
B1-PIECEWISE-REDUCED,15,47.46560525596135,R1-SIDE,REGION-1,SubcooledLiquid,47.46560525596135,0.010879337991507513,,true,REGION-1-REDUCED,SubcooledLiquid,47.46559194249215,0.01739586916851484,,true,-1.3313469196418737E-05,0.006516531177007326
B1-PIECEWISE-REDUCED,15,47.46560525596135,R4-LIQUID-SIDE,REGION-4,SaturatedMixture,47.46560525596135,0.01087922919921552,1E-06,true,REGION-4-MIXTURE-TABLE,SaturatedMixture,47.46559262275696,0.010888462881268528,9.987486246857097E-07,true,-1.263320439193194E-05,9.233682053008674E-06
B1-PIECEWISE-REDUCED,15,47.46560525596135,R4-VAPOR-SIDE,REGION-4,SaturatedMixture,47.46560525596135,0.01087922919921552,0.999999,false,UNRESOLVED,Unspecified,,,,false,,
B1-PIECEWISE-REDUCED,15,47.46560525596135,R2-SIDE,REGION-2,SuperheatedVapor,47.46560525596135,0.010879120406923529,,false,UNRESOLVED,Unspecified,,,,false,,
B1-PIECEWISE-REDUCED,16,47.476804162561905,R1-SIDE,REGION-1,SubcooledLiquid,47.476804162561905,0.01088549525332102,,true,REGION-1-REDUCED,SubcooledLiquid,47.47679102080855,0.017313964559780917,,true,-1.3141753356649133E-05,0.0064284693064598965
B1-PIECEWISE-REDUCED,16,47.476804162561905,R4-LIQUID-SIDE,REGION-4,SaturatedMixture,47.476804162561905,0.010885386399457025,1E-06,true,REGION-4-MIXTURE-TABLE,SaturatedMixture,47.47679167985916,0.01089449686170179,9.987650546576232E-07,true,-1.2482702743454865E-05,9.110462244764708E-06
B1-PIECEWISE-REDUCED,16,47.476804162561905,R4-VAPOR-SIDE,REGION-4,SaturatedMixture,47.476804162561905,0.010885386399457025,0.999999,false,UNRESOLVED,Unspecified,,,,false,,
B1-PIECEWISE-REDUCED,16,47.476804162561905,R2-SIDE,REGION-2,SuperheatedVapor,47.476804162561905,0.010885277545593031,,false,UNRESOLVED,Unspecified,,,,false,,
B1-PIECEWISE-REDUCED,17,47.497136956453346,R1-SIDE,REGION-1,SubcooledLiquid,47.497136956453346,0.010896682061926422,,true,REGION-1-REDUCED,SubcooledLiquid,47.497124137914795,0.017159949574227423,,true,-1.2818538550618541E-05,0.006263267512301001
B1-PIECEWISE-REDUCED,17,47.497136956453346,R4-LIQUID-SIDE,REGION-4,SaturatedMixture,47.497136956453346,0.01089657309619546,1E-06,true,REGION-4-MIXTURE-TABLE,SaturatedMixture,47.497124791145325,0.010905452212186067,9.987959396988836E-07,true,-1.2165308021394594E-05,8.879115990607575E-06
B1-PIECEWISE-REDUCED,17,47.497136956453346,R4-VAPOR-SIDE,REGION-4,SaturatedMixture,47.497136956453346,0.01089657309619546,0.999999,false,UNRESOLVED,Unspecified,,,,false,,
B1-PIECEWISE-REDUCED,17,47.497136956453346,R2-SIDE,REGION-2,SuperheatedVapor,47.497136956453346,0.010896464130464498,,false,UNRESOLVED,Unspecified,,,,false,,
B1-PIECEWISE-REDUCED,18,47.51263943389063,R1-SIDE,REGION-1,SubcooledLiquid,47.51263943389063,0.010905217934178663,,true,REGION-1-REDUCED,SubcooledLiquid,47.51262687172493,0.017037923740481728,,true,-1.2562165693452698E-05,0.006132705806303065
B1-PIECEWISE-REDUCED,18,47.51263943389063,R4-LIQUID-SIDE,REGION-4,SaturatedMixture,47.51263943389063,0.010905108883089832,1E-06,true,REGION-4-MIXTURE-TABLE,SaturatedMixture,47.512627482414246,0.010913804963219118,9.988204017987752E-07,true,-1.1951476381000248E-05,8.696080129285896E-06
B1-PIECEWISE-REDUCED,18,47.51263943389063,R4-VAPOR-SIDE,REGION-4,SaturatedMixture,47.51263943389063,0.010905108883089832,0.999999,false,UNRESOLVED,Unspecified,,,,false,,
B1-PIECEWISE-REDUCED,18,47.51263943389063,R2-SIDE,REGION-2,SuperheatedVapor,47.51263943389063,0.010904999832001001,,false,UNRESOLVED,Unspecified,,,,false,,
B1-PIECEWISE-REDUCED,19,47.514584347605705,R1-SIDE,REGION-1,SubcooledLiquid,47.514584347605705,0.010906289235178678,,true,REGION-1-REDUCED,SubcooledLiquid,47.5145718182124,0.01702233370340009,,true,-1.2529393302429526E-05,0.006116044468221411
B1-PIECEWISE-REDUCED,19,47.514584347605705,R4-LIQUID-SIDE,REGION-4,SaturatedMixture,47.514584347605705,0.010906180173376944,1E-06,true,REGION-4-MIXTURE-TABLE,SaturatedMixture,47.51457244157791,0.010914852894793173,9.988235270103552E-07,true,-1.1906027793884277E-05,8.672721416228338E-06
B1-PIECEWISE-REDUCED,19,47.514584347605705,R4-VAPOR-SIDE,REGION-4,SaturatedMixture,47.514584347605705,0.010906180173376944,0.999999,false,UNRESOLVED,Unspecified,,,,false,,
B1-PIECEWISE-REDUCED,19,47.514584347605705,R2-SIDE,REGION-2,SuperheatedVapor,47.514584347605705,0.01090607111157521,,false,UNRESOLVED,Unspecified,,,,false,,
B1-PIECEWISE-REDUCED,20,47.54827588349582,R1-SIDE,REGION-1,SubcooledLiquid,47.54827588349582,0.010924861622134425,,true,REGION-1-REDUCED,SubcooledLiquid,47.54826394339716,0.016742332475923372,,true,-1.1940098659124487E-05,0.0058174708537889475
B1-PIECEWISE-REDUCED,20,47.54827588349582,R4-LIQUID-SIDE,REGION-4,SaturatedMixture,47.54827588349582,0.010924752374610679,1E-06,true,REGION-4-MIXTURE-TABLE,SaturatedMixture,47.548264503479004,0.01093300596253916,9.988796429385743E-07,true,-1.1380016815110139E-05,8.253587928481673E-06
B1-PIECEWISE-REDUCED,20,47.54827588349582,R4-VAPOR-SIDE,REGION-4,SaturatedMixture,47.54827588349582,0.010924752374610679,0.999999,false,UNRESOLVED,Unspecified,,,,false,,
B1-PIECEWISE-REDUCED,20,47.54827588349582,R2-SIDE,REGION-2,SuperheatedVapor,47.54827588349582,0.010924643127086932,,false,UNRESOLVED,Unspecified,,,,false,,
B1-PIECEWISE-REDUCED,21,47.58362434357406,R1-SIDE,REGION-1,SubcooledLiquid,47.58362434357406,0.01094437658235262,,true,REGION-1-REDUCED,SubcooledLiquid,47.58361306576859,0.016428368521130172,,true,-1.1277805469944724E-05,0.005483991938777553
B1-PIECEWISE-REDUCED,21,47.58362434357406,R4-LIQUID-SIDE,REGION-4,SaturatedMixture,47.58362434357406,0.010944267139681222,1E-06,true,REGION-4-MIXTURE-TABLE,SaturatedMixture,47.5836136341095,0.010952051848332107,9.989425593592294E-07,true,-1.0709464561386994E-05,7.784708650884764E-06
B1-PIECEWISE-REDUCED,21,47.58362434357406,R4-VAPOR-SIDE,REGION-4,SaturatedMixture,47.58362434357406,0.010944267139681222,0.999999,false,UNRESOLVED,Unspecified,,,,false,,
B1-PIECEWISE-REDUCED,21,47.58362434357406,R2-SIDE,REGION-2,SuperheatedVapor,47.58362434357406,0.010944157697009826,,false,UNRESOLVED,Unspecified,,,,false,,
B1-PIECEWISE-REDUCED,22,47.61869406104091,R1-SIDE,REGION-1,SubcooledLiquid,47.61869406104091,0.010963767237899734,,true,REGION-1-REDUCED,SubcooledLiquid,47.61868348507414,0.01609645458024763,,true,-1.0575966769010847E-05,0.005132687342347897
B1-PIECEWISE-REDUCED,22,47.61869406104091,R4-LIQUID-SIDE,REGION-4,SaturatedMixture,47.61869406104091,0.01096365760132372,1E-06,true,REGION-4-MIXTURE-TABLE,SaturatedMixture,47.61868405342102,0.010970947566246645,9.990090810302822E-07,true,-1.0007619891894137E-05,7.289964922925149E-06
B1-PIECEWISE-REDUCED,22,47.61869406104091,R4-VAPOR-SIDE,REGION-4,SaturatedMixture,47.61869406104091,0.01096365760132372,0.999999,false,UNRESOLVED,Unspecified,,,,false,,
B1-PIECEWISE-REDUCED,22,47.61869406104091,R2-SIDE,REGION-2,SuperheatedVapor,47.61869406104091,0.010963547964747708,,false,UNRESOLVED,Unspecified,,,,false,,
B1-PIECEWISE-REDUCED,23,47.65354026705023,R1-SIDE,REGION-1,SubcooledLiquid,47.65354026705023,0.010983063530149202,,true,REGION-1-REDUCED,SubcooledLiquid,47.653530432840114,0.015746512576320516,,true,-9.834210118242481E-06,0.0047634490461713145
B1-PIECEWISE-REDUCED,23,47.65354026705023,R4-LIQUID-SIDE,REGION-4,SaturatedMixture,47.65354026705023,0.010982953700612195,1E-06,true,REGION-4-MIXTURE-TABLE,SaturatedMixture,47.653530955314636,0.01098972285440412,9.990792381936264E-07,true,-9.311735595929349E-06,6.7691537919255945E-06
B1-PIECEWISE-REDUCED,23,47.65354026705023,R4-VAPOR-SIDE,REGION-4,SaturatedMixture,47.65354026705023,0.010982953700612195,0.999999,false,UNRESOLVED,Unspecified,,,,false,,
B1-PIECEWISE-REDUCED,23,47.65354026705023,R2-SIDE,REGION-2,SuperheatedVapor,47.65354026705023,0.01098284387107519,,false,UNRESOLVED,Unspecified,,,,false,,
B1-PIECEWISE-REDUCED,24,47.68824782669549,R1-SIDE,REGION-1,SubcooledLiquid,47.68824782669549,0.01100231203510302,,true,REGION-1-REDUCED,SubcooledLiquid,47.688238775498235,0.01537801077409525,,true,-9.051197253029386E-06,0.004375698738992231
B1-PIECEWISE-REDUCED,24,47.68824782669549,R4-LIQUID-SIDE,REGION-4,SaturatedMixture,47.68824782669549,0.011002202013082888,1E-06,true,REGION-4-MIXTURE-TABLE,SaturatedMixture,47.688239216804504,0.01100842344399762,9.99153152536549E-07,true,-8.609890983279911E-06,6.221430914731679E-06
B1-PIECEWISE-REDUCED,24,47.68824782669549,R4-VAPOR-SIDE,REGION-4,SaturatedMixture,47.68824782669549,0.011002202013082888,0.999999,false,UNRESOLVED,Unspecified,,,,false,,
B1-PIECEWISE-REDUCED,24,47.68824782669549,R2-SIDE,REGION-2,SuperheatedVapor,47.68824782669549,0.011002091991062758,,false,UNRESOLVED,Unspecified,,,,false,,
B1-PIECEWISE-REDUCED,25,47.72291185855869,R1-SIDE,REGION-1,SubcooledLiquid,47.72291185855869,0.011021565312344302,,true,REGION-1-REDUCED,SubcooledLiquid,47.722903633649025,0.01499010336650124,,true,-8.224909663567814E-06,0.003968538054156938
B1-PIECEWISE-REDUCED,25,47.72291185855869,R4-LIQUID-SIDE,REGION-4,SaturatedMixture,47.72291185855869,0.011021455097793323,1E-06,true,REGION-4-MIXTURE-TABLE,SaturatedMixture,47.722904086112976,0.011027100654160947,9.99231010774395E-07,true,-7.772445712816989E-06,5.645556367624149E-06
B1-PIECEWISE-REDUCED,25,47.72291185855869,R4-VAPOR-SIDE,REGION-4,SaturatedMixture,47.72291185855869,0.011021455097793323,0.999999,false,UNRESOLVED,Unspecified,,,,false,,
B1-PIECEWISE-REDUCED,25,47.72291185855869,R2-SIDE,REGION-2,SuperheatedVapor,47.72291185855869,0.011021344883242346,,false,UNRESOLVED,Unspecified,,,,false,,
B1-PIECEWISE-REDUCED,26,47.757624070346424,R1-SIDE,REGION-1,SubcooledLiquid,47.757624070346424,0.01104087434015728,,true,REGION-1-REDUCED,SubcooledLiquid,47.75761671741435,0.014581767270659827,,true,-7.35293207299037E-06,0.003540892930502547
B1-PIECEWISE-REDUCED,26,47.757624070346424,R4-LIQUID-SIDE,REGION-4,SaturatedMixture,47.757624070346424,0.011040763932517954,1E-06,true,REGION-4-MIXTURE-TABLE,SaturatedMixture,47.757617115974426,0.011045803812922594,9.993130310418907E-07,true,-6.954371997380804E-06,5.0398804046399015E-06
B1-PIECEWISE-REDUCED,26,47.757624070346424,R4-VAPOR-SIDE,REGION-4,SaturatedMixture,47.757624070346424,0.011040763932517954,0.999999,false,UNRESOLVED,Unspecified,,,,false,,
B1-PIECEWISE-REDUCED,26,47.757624070346424,R2-SIDE,REGION-2,SuperheatedVapor,47.757624070346424,0.01104065352487863,,false,UNRESOLVED,Unspecified,,,,false,,
B1-PIECEWISE-REDUCED,27,47.79246309995665,R1-SIDE,REGION-1,SubcooledLiquid,47.79246309995665,0.011060283117221672,,true,REGION-1-REDUCED,SubcooledLiquid,47.792456667226475,0.014151934027926331,,true,-6.432730174310564E-06,0.003091650910704659
B1-PIECEWISE-REDUCED,27,47.79246309995665,R4-LIQUID-SIDE,REGION-4,SaturatedMixture,47.79246309995665,0.011060172515496517,1E-06,true,REGION-4-MIXTURE-TABLE,SaturatedMixture,47.79245698451996,0.01106457531155705,9.993994446074327E-07,true,-6.115436690379283E-06,4.402796060532302E-06
B1-PIECEWISE-REDUCED,27,47.79246309995665,R4-VAPOR-SIDE,REGION-4,SaturatedMixture,47.79246309995665,0.011060172515496517,0.999999,false,UNRESOLVED,Unspecified,,,,false,,
B1-PIECEWISE-REDUCED,27,47.79246309995665,R2-SIDE,REGION-2,SuperheatedVapor,47.79246309995665,0.011060061913771362,,false,UNRESOLVED,Unspecified,,,,false,,
B1-PIECEWISE-REDUCED,28,47.827488413453125,R1-SIDE,REGION-1,SubcooledLiquid,47.827488413453125,0.011079825203158315,,true,REGION-1-REDUCED,SubcooledLiquid,47.82748295155346,0.01369960693843816,,true,-5.461899661440839E-06,0.0026197817352798455
B1-PIECEWISE-REDUCED,28,47.827488413453125,R4-LIQUID-SIDE,REGION-4,SaturatedMixture,47.827488413453125,0.011079714406014254,1E-06,true,REGION-4-MIXTURE-TABLE,SaturatedMixture,47.8274832367897,0.011083447232551592,9.994904699922313E-07,true,-5.176663421480043E-06,3.732826537337919E-06
B1-PIECEWISE-REDUCED,28,47.827488413453125,R4-VAPOR-SIDE,REGION-4,SaturatedMixture,47.827488413453125,0.011079714406014254,0.999999,false,UNRESOLVED,Unspecified,,,,false,,
B1-PIECEWISE-REDUCED,28,47.827488413453125,R2-SIDE,REGION-2,SuperheatedVapor,47.827488413453125,0.011079603608870194,,false,UNRESOLVED,Unspecified,,,,false,,
B1-PIECEWISE-REDUCED,29,47.862737081945,R1-SIDE,REGION-1,SubcooledLiquid,47.862737081945,0.011099521838287791,,true,REGION-1-REDUCED,SubcooledLiquid,47.86273264356481,0.013223959320923148,,true,-4.438380187821167E-06,0.002124437482635357
B1-PIECEWISE-REDUCED,29,47.862737081945,R4-LIQUID-SIDE,REGION-4,SaturatedMixture,47.862737081945,0.011099410844179348,1E-06,true,REGION-4-MIXTURE-TABLE,SaturatedMixture,47.862732887268066,0.011102439519074,9.995862903887222E-07,true,-4.194676932911534E-06,3.0286748946509873E-06
B1-PIECEWISE-REDUCED,29,47.862737081945,R4-VAPOR-SIDE,REGION-4,SaturatedMixture,47.862737081945,0.011099410844179348,0.999999,false,UNRESOLVED,Unspecified,,,,false,,
B1-PIECEWISE-REDUCED,29,47.862737081945,R2-SIDE,REGION-2,SuperheatedVapor,47.862737081945,0.011099299850070908,,false,UNRESOLVED,Unspecified,,,,false,,
B1-PIECEWISE-REDUCED,30,47.89822296798229,R1-SIDE,REGION-1,SubcooledLiquid,47.89822296798229,0.011119381395374751,,true,REGION-1-REDUCED,SubcooledLiquid,47.89821960736043,0.012724409809186592,,true,-3.3606218607928895E-06,0.0016050284138118404
B1-PIECEWISE-REDUCED,30,47.89822296798229,R4-LIQUID-SIDE,REGION-4,SaturatedMixture,47.89822296798229,0.011119270202672725,1E-06,true,REGION-4-MIXTURE-TABLE,SaturatedMixture,47.89821982383728,0.0111215596538265,9.996870419754396E-07,true,-3.1441450119018555E-06,2.2894511537748657E-06
B1-PIECEWISE-REDUCED,30,47.89822296798229,R4-VAPOR-SIDE,REGION-4,SaturatedMixture,47.89822296798229,0.011119270202672725,0.999999,false,UNRESOLVED,Unspecified,,,,false,,
B1-PIECEWISE-REDUCED,30,47.89822296798229,R2-SIDE,REGION-2,SuperheatedVapor,47.89822296798229,0.011119159009970698,,false,UNRESOLVED,Unspecified,,,,false,,
B1-PIECEWISE-REDUCED,31,47.93393765389919,R1-SIDE,REGION-1,SubcooledLiquid,47.93393765389919,0.011139399802370956,,true,REGION-1-REDUCED,SubcooledLiquid,47.93393542619219,0.01220067549260049,,true,-2.2277070002019173E-06,0.0010612756902295337
B1-PIECEWISE-REDUCED,31,47.93393765389919,R4-LIQUID-SIDE,REGION-4,SaturatedMixture,47.93393765389919,0.01113928840948686,1E-06,true,REGION-4-MIXTURE-TABLE,SaturatedMixture,47.93393552303314,0.011140803044421025,9.997927994380706E-07,true,-2.130866050720215E-06,1.5146349341653431E-06
B1-PIECEWISE-REDUCED,31,47.93393765389919,R4-VAPOR-SIDE,REGION-4,SaturatedMixture,47.93393765389919,0.01113928840948686,0.999999,false,UNRESOLVED,Unspecified,,,,false,,
B1-PIECEWISE-REDUCED,31,47.93393765389919,R2-SIDE,REGION-2,SuperheatedVapor,47.93393765389919,0.011139177016602766,,false,UNRESOLVED,Unspecified,,,,false,,
B1-PIECEWISE-REDUCED,32,47.96985266357666,R1-SIDE,REGION-1,SubcooledLiquid,47.96985266357666,0.0111595616944032,,true,REGION-1-REDUCED,SubcooledLiquid,47.96985162415103,0.011652802846826071,,true,-1.0394256264589785E-06,0.0004932411524228714
B1-PIECEWISE-REDUCED,32,47.96985266357666,R4-LIQUID-SIDE,REGION-4,SaturatedMixture,47.96985266357666,0.0111594500999022,1E-06,true,REGION-4-MIXTURE-TABLE,SaturatedMixture,47.96985167264938,0.011160154436421692,9.999035759990016E-07,true,-9.90927276234288E-07,7.043365194917689E-07
B1-PIECEWISE-REDUCED,32,47.96985266357666,R4-VAPOR-SIDE,REGION-4,SaturatedMixture,47.96985266357666,0.0111594500999022,0.999999,false,UNRESOLVED,Unspecified,,,,false,,
B1-PIECEWISE-REDUCED,32,47.96985266357666,R2-SIDE,REGION-2,SuperheatedVapor,47.96985266357666,0.011159338505401201,,false,UNRESOLVED,Unspecified,,,,false,,
B1-PIECEWISE-REDUCED,33,48.00592249780897,R1-SIDE,REGION-1,SubcooledLiquid,48.00592249780897,0.011179842033210947,,true,REGION-1-REDUCED,SubcooledLiquid,48.00592224623341,0.011276745064875264,,true,-2.515755568310851E-07,9.690303166431762E-05
B1-PIECEWISE-REDUCED,33,48.00592249780897,R4-LIQUID-SIDE,REGION-4,SaturatedMixture,48.00592249780897,0.011179730235908587,1E-06,true,REGION-4-MIXTURE-TABLE,SaturatedMixture,48.00592225790024,0.011179877110922828,9.999820916762363E-07,true,-2.399087293269986E-07,1.4687501424109906E-07
B1-PIECEWISE-REDUCED,33,48.00592249780897,R4-VAPOR-SIDE,REGION-4,SaturatedMixture,48.00592249780897,0.011179730235908587,0.999999,false,UNRESOLVED,Unspecified,,,,false,,
B1-PIECEWISE-REDUCED,33,48.00592249780897,R2-SIDE,REGION-2,SuperheatedVapor,48.00592249780897,0.011179618438606228,,false,UNRESOLVED,Unspecified,,,,false,,
B1-PIECEWISE-REDUCED,34,48.042088118195466,R1-SIDE,REGION-1,SubcooledLiquid,48.042088118195466,0.01120020799400999,,true,REGION-1-REDUCED,SubcooledLiquid,48.04208638322564,0.011876288000364527,,true,-1.7349698282487225E-06,0.0006760800063545357
B1-PIECEWISE-REDUCED,34,48.042088118195466,R4-LIQUID-SIDE,REGION-4,SaturatedMixture,48.042088118195466,0.011200095993050059,1E-06,true,REGION-4-MIXTURE-TABLE,SaturatedMixture,48.042086482048035,0.01120112128300673,9.99874918923371E-07,true,-1.63614743087237E-06,1.0252899566715046E-06
B1-PIECEWISE-REDUCED,34,48.042088118195466,R4-VAPOR-SIDE,REGION-4,SaturatedMixture,48.042088118195466,0.011200095993050059,0.999999,false,UNRESOLVED,Unspecified,,,,false,,
B1-PIECEWISE-REDUCED,34,48.042088118195466,R2-SIDE,REGION-2,SuperheatedVapor,48.042088118195466,0.011199983992090129,,false,UNRESOLVED,Unspecified,,,,false,,
B1-PIECEWISE-REDUCED,35,48.07828054577118,R1-SIDE,REGION-1,SubcooledLiquid,48.07828054577118,0.0112206209350514,,true,REGION-1-REDUCED,SubcooledLiquid,48.078277376940434,0.012454675059962422,,true,-3.1688307444710517E-06,0.0012340541249110226
B1-PIECEWISE-REDUCED,35,48.07828054577118,R4-LIQUID-SIDE,REGION-4,SaturatedMixture,48.07828054577118,0.0112205087299641,1E-06,true,REGION-4-MIXTURE-TABLE,SaturatedMixture,48.078277468681335,0.011222381176341691,9.997714303635898E-07,true,-3.07708984337296E-06,1.8724463775911249E-06
B1-PIECEWISE-REDUCED,35,48.07828054577118,R4-VAPOR-SIDE,REGION-4,SaturatedMixture,48.07828054577118,0.0112205087299641,0.999999,false,UNRESOLVED,Unspecified,,,,false,,
B1-PIECEWISE-REDUCED,35,48.07828054577118,R2-SIDE,REGION-2,SuperheatedVapor,48.07828054577118,0.0112203965248768,,false,UNRESOLVED,Unspecified,,,,false,,
B1-PIECEWISE-REDUCED,36,48.11442436575891,R1-SIDE,REGION-1,SubcooledLiquid,48.11442436575891,0.011241038333516782,,true,REGION-1-REDUCED,SubcooledLiquid,48.11441981579219,0.013010728998113034,,true,-4.549966718059295E-06,0.0017696906645962521
B1-PIECEWISE-REDUCED,36,48.11442436575891,R4-LIQUID-SIDE,REGION-4,SaturatedMixture,48.11442436575891,0.011240925924257539,1E-06,true,REGION-4-MIXTURE-TABLE,SaturatedMixture,48.114419996738434,0.011243612603357909,9.996718508704918E-07,true,-4.369020473404817E-06,2.686679100369696E-06
B1-PIECEWISE-REDUCED,36,48.11442436575891,R4-VAPOR-SIDE,REGION-4,SaturatedMixture,48.11442436575891,0.011240925924257539,0.999999,false,UNRESOLVED,Unspecified,,,,false,,
B1-PIECEWISE-REDUCED,36,48.11442436575891,R2-SIDE,REGION-2,SuperheatedVapor,48.11442436575891,0.011240813514998296,,false,UNRESOLVED,Unspecified,,,,false,,
B1-PIECEWISE-REDUCED,37,48.15044099241493,R1-SIDE,REGION-1,SubcooledLiquid,48.15044099241493,0.01126141560515215,,true,REGION-1-REDUCED,SubcooledLiquid,48.150435116916185,0.013543406229054467,,true,-5.87549874353499E-06,0.002281990623902318
B1-PIECEWISE-REDUCED,37,48.15044099241493,R4-LIQUID-SIDE,REGION-4,SaturatedMixture,48.15044099241493,0.011261302992122227,1E-06,true,REGION-4-MIXTURE-TABLE,SaturatedMixture,48.15043532848358,0.011264769310664162,9.995763785452673E-07,true,-5.663931347044127E-06,3.4663185419347292E-06
B1-PIECEWISE-REDUCED,37,48.15044099241493,R4-VAPOR-SIDE,REGION-4,SaturatedMixture,48.15044099241493,0.011261302992122227,0.999999,false,UNRESOLVED,Unspecified,,,,false,,
B1-PIECEWISE-REDUCED,37,48.15044099241493,R2-SIDE,REGION-2,SuperheatedVapor,48.15044099241493,0.011261190379092307,,false,UNRESOLVED,Unspecified,,,,false,,
B1-PIECEWISE-REDUCED,38,48.1862515375019,R1-SIDE,REGION-1,SubcooledLiquid,48.1862515375019,0.011281707717804016,,true,REGION-1-REDUCED,SubcooledLiquid,48.186244394518894,0.01405184482529234,,true,-7.142983008634474E-06,0.0027701371074883244
B1-PIECEWISE-REDUCED,38,48.1862515375019,R4-LIQUID-SIDE,REGION-4,SaturatedMixture,48.1862515375019,0.011281594901854998,1E-06,true,REGION-4-MIXTURE-TABLE,SaturatedMixture,48.186244666576385,0.011285805009855304,9.994851820046531E-07,true,-6.8709255174326245E-06,4.210108000305898E-06
B1-PIECEWISE-REDUCED,38,48.1862515375019,R4-VAPOR-SIDE,REGION-4,SaturatedMixture,48.1862515375019,0.011281594901854998,0.999999,false,UNRESOLVED,Unspecified,,,,false,,
B1-PIECEWISE-REDUCED,38,48.1862515375019,R2-SIDE,REGION-2,SuperheatedVapor,48.1862515375019,0.01128148208590598,,false,UNRESOLVED,Unspecified,,,,false,,
B1-PIECEWISE-REDUCED,39,48.22177927196026,R1-SIDE,REGION-1,SubcooledLiquid,48.22177927196026,0.01130187059056323,,true,REGION-1-REDUCED,SubcooledLiquid,48.221770921465236,0.014535395841816184,,true,-8.350495022568794E-06,0.0032335252512529535
B1-PIECEWISE-REDUCED,39,48.22177927196026,R4-LIQUID-SIDE,REGION-4,SaturatedMixture,48.22177927196026,0.0113017575729875,1E-06,true,REGION-4-MIXTURE-TABLE,SaturatedMixture,48.221771240234375,0.011306674602999549,9.99398390573057E-07,true,-8.031725883483887E-06,4.917030012048518E-06
B1-PIECEWISE-REDUCED,39,48.22177927196026,R4-VAPOR-SIDE,REGION-4,SaturatedMixture,48.22177927196026,0.0113017575729875,0.999999,false,UNRESOLVED,Unspecified,,,,false,,
B1-PIECEWISE-REDUCED,39,48.22177927196026,R2-SIDE,REGION-2,SuperheatedVapor,48.22177927196026,0.011301644555411772,,false,UNRESOLVED,Unspecified,,,,false,,
B1-PIECEWISE-REDUCED,40,48.256951592117616,R1-SIDE,REGION-1,SubcooledLiquid,48.256951592117616,0.011321862225389345,,true,REGION-1-REDUCED,SubcooledLiquid,48.25694209544247,0.014993638765428282,,true,-9.496675147602218E-06,0.003671776540038937
B1-PIECEWISE-REDUCED,40,48.256951592117616,R4-LIQUID-SIDE,REGION-4,SaturatedMixture,48.256951592117616,0.011321749007899265,1E-06,true,REGION-4-MIXTURE-TABLE,SaturatedMixture,48.25694251060486,0.011327335478153573,9.993160937198958E-07,true,-9.081512757802557E-06,5.586470254307849E-06
B1-PIECEWISE-REDUCED,40,48.256951592117616,R4-VAPOR-SIDE,REGION-4,SaturatedMixture,48.256951592117616,0.011321749007899265,0.999999,false,UNRESOLVED,Unspecified,,,,false,,
B1-PIECEWISE-REDUCED,40,48.256951592117616,R2-SIDE,REGION-2,SuperheatedVapor,48.256951592117616,0.011321635790409186,,false,UNRESOLVED,Unspecified,,,,false,,
B1-PIECEWISE-REDUCED,41,48.29170162081721,R1-SIDE,REGION-1,SubcooledLiquid,48.29170162081721,0.011341643642069852,,true,REGION-1-REDUCED,SubcooledLiquid,48.29169104007275,0.01542638497112787,,true,-1.0580744458366098E-05,0.004084741329058018
B1-PIECEWISE-REDUCED,41,48.29170162081721,R4-LIQUID-SIDE,REGION-4,SaturatedMixture,48.29170162081721,0.011341530226767585,1E-06,true,REGION-4-MIXTURE-TABLE,SaturatedMixture,48.29169142246246,0.011347748244654916,9.992383364988673E-07,true,-1.0198354743806703E-05,6.218017887331048E-06
B1-PIECEWISE-REDUCED,41,48.29170162081721,R4-VAPOR-SIDE,REGION-4,SaturatedMixture,48.29170162081721,0.011341530226767585,0.999999,false,UNRESOLVED,Unspecified,,,,false,,
B1-PIECEWISE-REDUCED,41,48.29170162081721,R2-SIDE,REGION-2,SuperheatedVapor,48.29170162081721,0.011341416811465317,,false,UNRESOLVED,Unspecified,,,,false,,
B1-PIECEWISE-REDUCED,42,48.32596928700798,R1-SIDE,REGION-1,SubcooledLiquid,48.32596928700798,0.011361179524519564,,true,REGION-1-REDUCED,SubcooledLiquid,48.32595768451927,0.015833669300096588,,true,-1.1602488712014747E-05,0.004472489775577024
B1-PIECEWISE-REDUCED,42,48.32596928700798,R4-LIQUID-SIDE,REGION-4,SaturatedMixture,48.32596928700798,0.011361065913860425,1E-06,true,REGION-4-MIXTURE-TABLE,SaturatedMixture,48.325958132743835,0.011367877748525688,9.991651276043577E-07,true,-1.115426414344256E-05,6.811834665262917E-06
B1-PIECEWISE-REDUCED,42,48.32596928700798,R4-VAPOR-SIDE,REGION-4,SaturatedMixture,48.32596928700798,0.011361065913860425,0.999999,false,UNRESOLVED,Unspecified,,,,false,,
B1-PIECEWISE-REDUCED,42,48.32596928700798,R2-SIDE,REGION-2,SuperheatedVapor,48.32596928700798,0.011360952303201288,,false,UNRESOLVED,Unspecified,,,,false,,
B1-PIECEWISE-REDUCED,43,48.35970218628648,R1-SIDE,REGION-1,SubcooledLiquid,48.35970218628648,0.01138043874756184,,true,REGION-1-REDUCED,SubcooledLiquid,48.359689624058205,0.01621573556185365,,true,-1.2562228278056864E-05,0.004835296814291809
B1-PIECEWISE-REDUCED,43,48.35970218628648,R4-LIQUID-SIDE,REGION-4,SaturatedMixture,48.35970218628648,0.011380324944312396,1E-06,true,REGION-4-MIXTURE-TABLE,SaturatedMixture,48.35969007015228,0.011387693107486517,9.990964333652152E-07,true,-1.211613420082358E-05,7.368163174120701E-06
B1-PIECEWISE-REDUCED,43,48.35970218628648,R4-VAPOR-SIDE,REGION-4,SaturatedMixture,48.35970218628648,0.011380324944312396,0.999999,false,UNRESOLVED,Unspecified,,,,false,,
B1-PIECEWISE-REDUCED,43,48.35970218628648,R2-SIDE,REGION-2,SuperheatedVapor,48.35970218628648,0.011380211141062954,,false,UNRESOLVED,Unspecified,,,,false,,
B1-PIECEWISE-REDUCED,44,48.392855721712124,R1-SIDE,REGION-1,SubcooledLiquid,48.392855721712124,0.011399394495865203,,true,REGION-1-REDUCED,SubcooledLiquid,48.39284226095049,0.016573011962097244,,true,-1.3460761635997187E-05,0.005173617466232041
B1-PIECEWISE-REDUCED,44,48.392855721712124,R4-LIQUID-SIDE,REGION-4,SaturatedMixture,48.392855721712124,0.011399280503060171,1E-06,true,REGION-4-MIXTURE-TABLE,SaturatedMixture,48.3928427696228,0.011407168201151438,9.990321892626248E-07,true,-1.2952089321061067E-05,7.88769809126691E-06
B1-PIECEWISE-REDUCED,44,48.392855721712124,R4-VAPOR-SIDE,REGION-4,SaturatedMixture,48.392855721712124,0.011399280503060171,0.999999,false,UNRESOLVED,Unspecified,,,,false,,
B1-PIECEWISE-REDUCED,44,48.392855721712124,R2-SIDE,REGION-2,SuperheatedVapor,48.392855721712124,0.01139916651025514,,false,UNRESOLVED,Unspecified,,,,false,,
B1-PIECEWISE-REDUCED,45,48.42539348453289,R1-SIDE,REGION-1,SubcooledLiquid,48.42539348453289,0.011418024520255126,,true,REGION-1-REDUCED,SubcooledLiquid,48.42537918522049,0.016906089143176515,,true,-1.4299312397270114E-05,0.005488064622921389
B1-PIECEWISE-REDUCED,45,48.42539348453289,R4-LIQUID-SIDE,REGION-4,SaturatedMixture,48.42539348453289,0.011417910341151714,1E-06,true,REGION-4-MIXTURE-TABLE,SaturatedMixture,48.42537975311279,0.011426281601000067,9.989722985063938E-07,true,-1.3731420096974034E-05,8.371259848352977E-06
B1-PIECEWISE-REDUCED,45,48.42539348453289,R4-VAPOR-SIDE,REGION-4,SaturatedMixture,48.42539348453289,0.011417910341151714,0.999999,false,UNRESOLVED,Unspecified,,,,false,,
B1-PIECEWISE-REDUCED,45,48.42539348453289,R2-SIDE,REGION-2,SuperheatedVapor,48.42539348453289,0.011417796162048303,,false,UNRESOLVED,Unspecified,,,,false,,
B1-PIECEWISE-REDUCED,46,48.45728705078358,R1-SIDE,REGION-1,SubcooledLiquid,48.45728705078358,0.011436311059579433,,true,REGION-1-REDUCED,SubcooledLiquid,48.457271971320665,0.01721569234950866,,true,-1.5079462912126473E-05,0.0057793812899292266
B1-PIECEWISE-REDUCED,46,48.45728705078358,R4-LIQUID-SIDE,REGION-4,SaturatedMixture,48.45728705078358,0.011436196697612457,1E-06,true,REGION-4-MIXTURE-TABLE,SaturatedMixture,48.45727252960205,0.011445016570377596,9.98916639093553E-07,true,-1.4521181526561122E-05,8.81987276513986E-06
B1-PIECEWISE-REDUCED,46,48.45728705078358,R4-VAPOR-SIDE,REGION-4,SaturatedMixture,48.45728705078358,0.011436196697612457,0.999999,false,UNRESOLVED,Unspecified,,,,false,,
B1-PIECEWISE-REDUCED,46,48.45728705078358,R2-SIDE,REGION-2,SuperheatedVapor,48.45728705078358,0.01143608233564548,,false,UNRESOLVED,Unspecified,,,,false,,
B1-PIECEWISE-REDUCED,47,48.48851566314704,R1-SIDE,REGION-1,SubcooledLiquid,48.48851566314704,0.011454240694262383,,true,REGION-1-REDUCED,SubcooledLiquid,48.48849986005837,0.01750265430671579,,true,-1.5803088672328158E-05,0.006048413612453408
B1-PIECEWISE-REDUCED,47,48.48851566314704,R4-LIQUID-SIDE,REGION-4,SaturatedMixture,48.48851566314704,0.011454126153000852,1E-06,true,REGION-4-MIXTURE-TABLE,SaturatedMixture,48.488500475883484,0.011463360994466949,9.988650707547157E-07,true,-1.5187263556981634E-05,9.23484146609678E-06
B1-PIECEWISE-REDUCED,47,48.48851566314704,R4-VAPOR-SIDE,REGION-4,SaturatedMixture,48.48851566314704,0.011454126153000852,0.999999,false,UNRESOLVED,Unspecified,,,,false,,
B1-PIECEWISE-REDUCED,47,48.48851566314704,R2-SIDE,REGION-2,SuperheatedVapor,48.48851566314704,0.011454011611739322,,false,UNRESOLVED,Unspecified,,,,false,,
B1-PIECEWISE-REDUCED,48,48.51906575113537,R1-SIDE,REGION-1,SubcooledLiquid,48.51906575113537,0.011471804103789424,,true,REGION-1-REDUCED,SubcooledLiquid,48.5190492788451,0.01776788887147203,,true,-1.647229026957575E-05,0.006296084767682605
B1-PIECEWISE-REDUCED,48,48.51906575113537,R4-LIQUID-SIDE,REGION-4,SaturatedMixture,48.51906575113537,0.011471689386895554,1E-06,true,REGION-4-MIXTURE-TABLE,SaturatedMixture,48.519049882888794,0.011481306820066015,9.988174346979314E-07,true,-1.5868246578065737E-05,9.617433170461265E-06
B1-PIECEWISE-REDUCED,48,48.51906575113537,R4-VAPOR-SIDE,REGION-4,SaturatedMixture,48.51906575113537,0.011471689386895554,0.999999,false,UNRESOLVED,Unspecified,,,,false,,
B1-PIECEWISE-REDUCED,48,48.51906575113537,R2-SIDE,REGION-2,SuperheatedVapor,48.51906575113537,0.011471574670001686,,false,UNRESOLVED,Unspecified,,,,false,,
B1-PIECEWISE-REDUCED,49,48.548930336534966,R1-SIDE,REGION-1,SubcooledLiquid,48.548930336534966,0.01148899575427806,,true,REGION-1-REDUCED,SubcooledLiquid,48.54891324720057,0.018012366410617854,,true,-1.7089334392039746E-05,0.006523370656339794
B1-PIECEWISE-REDUCED,49,48.548930336534966,R4-LIQUID-SIDE,REGION-4,SaturatedMixture,48.548930336534966,0.011488880865469404,1E-06,true,REGION-4-MIXTURE-TABLE,SaturatedMixture,48.54891395568848,0.011498850055587664,9.987735643514802E-07,true,-1.6380846489028045E-05,9.969190118259974E-06
B1-PIECEWISE-REDUCED,49,48.548930336534966,R4-VAPOR-SIDE,REGION-4,SaturatedMixture,48.548930336534966,0.011488880865469404,0.999999,false,UNRESOLVED,Unspecified,,,,false,,
B1-PIECEWISE-REDUCED,49,48.548930336534966,R2-SIDE,REGION-2,SuperheatedVapor,48.548930336534966,0.01148876597666075,,false,UNRESOLVED,Unspecified,,,,false,,
B1-PIECEWISE-REDUCED,50,48.578108470141956,R1-SIDE,REGION-1,SubcooledLiquid,48.578108470141956,0.011505813599834694,,true,REGION-1-REDUCED,SubcooledLiquid,48.57809081354549,0.01823709232263974,,true,-1.7656596469350916E-05,0.006731278722805047
B1-PIECEWISE-REDUCED,50,48.578108470141956,R4-LIQUID-SIDE,REGION-4,SaturatedMixture,48.578108470141956,0.011505698542849266,1E-06,true,REGION-4-MIXTURE-TABLE,SaturatedMixture,48.578091502189636,0.011515990000753457,9.987332813785058E-07,true,-1.696795231964643E-05,1.0291457904191073E-05
B1-PIECEWISE-REDUCED,50,48.578108470141956,R4-VAPOR-SIDE,REGION-4,SaturatedMixture,48.578108470141956,0.011505698542849266,0.999999,false,UNRESOLVED,Unspecified,,,,false,,
B1-PIECEWISE-REDUCED,50,48.578108470141956,R2-SIDE,REGION-2,SuperheatedVapor,48.578108470141956,0.011505583485863837,,false,UNRESOLVED,Unspecified,,,,false,,
B1-PIECEWISE-REDUCED,51,48.60660451203586,R1-SIDE,REGION-1,SubcooledLiquid,48.60660451203586,0.011522258689582668,,true,REGION-1-REDUCED,SubcooledLiquid,48.60658633552447,0.01844308715601832,,true,-1.8176511389356165E-05,0.006920828466435653
B1-PIECEWISE-REDUCED,51,48.60660451203586,R4-LIQUID-SIDE,REGION-4,SaturatedMixture,48.60660451203586,0.011522143468147986,1E-06,true,REGION-4-MIXTURE-TABLE,SaturatedMixture,48.606587052345276,0.011532729316621474,9.986964082075537E-07,true,-1.7459690582199983E-05,1.0585848473488105E-05
B1-PIECEWISE-REDUCED,51,48.60660451203586,R4-VAPOR-SIDE,REGION-4,SaturatedMixture,48.60660451203586,0.011522143468147986,0.999999,false,UNRESOLVED,Unspecified,,,,false,,
B1-PIECEWISE-REDUCED,51,48.60660451203586,R2-SIDE,REGION-2,SuperheatedVapor,48.60660451203586,0.011522028246713304,,false,UNRESOLVED,Unspecified,,,,false,,
B1-PIECEWISE-REDUCED,52,48.634427432715825,R1-SIDE,REGION-1,SubcooledLiquid,48.634427432715825,0.011538334782297953,,true,REGION-1-REDUCED,SubcooledLiquid,48.63440878118661,0.018631369860362214,,true,-1.865152921709523E-05,0.007093035078064261
B1-PIECEWISE-REDUCED,52,48.634427432715825,R4-LIQUID-SIDE,REGION-4,SaturatedMixture,48.634427432715825,0.01153821940010395,1E-06,true,REGION-4-MIXTURE-TABLE,SaturatedMixture,48.63440954685211,0.01154907325528005,9.986627646511291E-07,true,-1.788586371276324E-05,1.0853855176099977E-05
B1-PIECEWISE-REDUCED,52,48.634427432715825,R4-VAPOR-SIDE,REGION-4,SaturatedMixture,48.634427432715825,0.01153821940010395,0.999999,false,UNRESOLVED,Unspecified,,,,false,,
B1-PIECEWISE-REDUCED,52,48.634427432715825,R2-SIDE,REGION-2,SuperheatedVapor,48.634427432715825,0.01153810401790995,,false,UNRESOLVED,Unspecified,,,,false,,
B1-PIECEWISE-REDUCED,53,48.661590208113125,R1-SIDE,REGION-1,SubcooledLiquid,48.661590208113125,0.011554048011264742,,true,REGION-1-REDUCED,SubcooledLiquid,48.661571124033856,0.018802944379043854,,true,-1.9084079269759968E-05,0.007248896367779112
B1-PIECEWISE-REDUCED,53,48.661590208113125,R4-LIQUID-SIDE,REGION-4,SaturatedMixture,48.661590208113125,0.011553932471940021,1E-06,true,REGION-4-MIXTURE-TABLE,SaturatedMixture,48.661571860313416,0.011565029379736375,9.986321717649124E-07,true,-1.8347799709772517E-05,1.1096907796354083E-05
B1-PIECEWISE-REDUCED,53,48.661590208113125,R4-VAPOR-SIDE,REGION-4,SaturatedMixture,48.661590208113125,0.011553932471940021,0.999999,false,UNRESOLVED,Unspecified,,,,false,,
B1-PIECEWISE-REDUCED,53,48.661590208113125,R2-SIDE,REGION-2,SuperheatedVapor,48.661590208113125,0.011553816932615302,,false,UNRESOLVED,Unspecified,,,,false,,
B1-PIECEWISE-REDUCED,54,48.6881090790032,R1-SIDE,REGION-1,SubcooledLiquid,48.6881090790032,0.011569406467069384,,true,REGION-1-REDUCED,SubcooledLiquid,48.68808960246412,0.018958787780537785,,true,-1.947653908018765E-05,0.007389381313468401
B1-PIECEWISE-REDUCED,54,48.6881090790032,R4-LIQUID-SIDE,REGION-4,SaturatedMixture,48.6881090790032,0.011569290774161642,1E-06,true,REGION-4-MIXTURE-TABLE,SaturatedMixture,48.688090324401855,0.011580607283805137,9.986044568807818E-07,true,-1.8754601342152455E-05,1.1316509643494871E-05
B1-PIECEWISE-REDUCED,54,48.6881090790032,R4-VAPOR-SIDE,REGION-4,SaturatedMixture,48.6881090790032,0.011569290774161642,0.999999,false,UNRESOLVED,Unspecified,,,,false,,
B1-PIECEWISE-REDUCED,54,48.6881090790032,R2-SIDE,REGION-2,SuperheatedVapor,48.6881090790032,0.0115691750812539,,false,UNRESOLVED,Unspecified,,,,false,,
B1-PIECEWISE-REDUCED,55,48.71400299817316,R1-SIDE,REGION-1,SubcooledLiquid,48.71400299817316,0.011584419885542555,,true,REGION-1-REDUCED,SubcooledLiquid,48.71398316696235,0.019099841878182935,,true,-1.9831210806842137E-05,0.007515421992640381
B1-PIECEWISE-REDUCED,55,48.71400299817316,R4-LIQUID-SIDE,REGION-4,SaturatedMixture,48.71400299817316,0.011584304042502129,1E-06,true,REGION-4-MIXTURE-TABLE,SaturatedMixture,48.71398389339447,0.01159581810191359,9.985794522152794E-07,true,-1.9104778687051294E-05,1.1514059411460789E-05
B1-PIECEWISE-REDUCED,55,48.71400299817316,R4-VAPOR-SIDE,REGION-4,SaturatedMixture,48.71400299817316,0.011584304042502129,0.999999,false,UNRESOLVED,Unspecified,,,,false,,
B1-PIECEWISE-REDUCED,55,48.71400299817316,R2-SIDE,REGION-2,SuperheatedVapor,48.71400299817316,0.011584188199461705,,false,UNRESOLVED,Unspecified,,,,false,,
B1-PIECEWISE-REDUCED,56,48.739292983710754,R1-SIDE,REGION-1,SubcooledLiquid,48.739292983710754,0.011599099278397073,,true,REGION-1-REDUCED,SubcooledLiquid,48.7392728334076,0.01922700624104666,,true,-2.0150303157606686E-05,0.007627906962649587
B1-PIECEWISE-REDUCED,56,48.739292983710754,R4-LIQUID-SIDE,REGION-4,SaturatedMixture,48.739292983710754,0.011598983288564187,1E-06,true,REGION-4-MIXTURE-TABLE,SaturatedMixture,48.739273607730865,0.01161067419397627,9.985569973855718E-07,true,-1.9375979888991424E-05,1.1690905412083813E-05
B1-PIECEWISE-REDUCED,56,48.739292983710754,R4-VAPOR-SIDE,REGION-4,SaturatedMixture,48.739292983710754,0.011598983288564187,0.999999,false,UNRESOLVED,Unspecified,,,,false,,
B1-PIECEWISE-REDUCED,56,48.739292983710754,R2-SIDE,REGION-2,SuperheatedVapor,48.739292983710754,0.0115988672987313,,false,UNRESOLVED,Unspecified,,,,false,,
B1-PIECEWISE-REDUCED,57,48.76400166004896,R1-SIDE,REGION-1,SubcooledLiquid,48.76400166004896,0.011613456670103326,,true,REGION-1-REDUCED,SubcooledLiquid,48.76398122413184,0.019341133955466737,,true,-2.043591712208581E-05,0.0077276772853634105
B1-PIECEWISE-REDUCED,57,48.76400166004896,R4-LIQUID-SIDE,REGION-4,SaturatedMixture,48.76400166004896,0.011613340536697958,1E-06,true,REGION-4-MIXTURE-TABLE,SaturatedMixture,48.76398205757141,0.011625188830269684,9.985369394262406E-07,true,-1.9602477550506592E-05,1.1848293571726023E-05
B1-PIECEWISE-REDUCED,57,48.76400166004896,R4-VAPOR-SIDE,REGION-4,SaturatedMixture,48.76400166004896,0.011613340536697958,0.999999,false,UNRESOLVED,Unspecified,,,,false,,
B1-PIECEWISE-REDUCED,57,48.76400166004896,R2-SIDE,REGION-2,SuperheatedVapor,48.76400166004896,0.011613224403292592,,false,UNRESOLVED,Unspecified,,,,false,,
B1-PIECEWISE-REDUCED,58,48.78828783631326,R1-SIDE,REGION-1,SubcooledLiquid,48.78828783631326,0.011627583421833875,,true,REGION-1-REDUCED,SubcooledLiquid,48.788267144923736,0.019443571574532817,,true,-2.069138952265348E-05,0.007815988152698941
B1-PIECEWISE-REDUCED,58,48.78828783631326,R4-LIQUID-SIDE,REGION-4,SaturatedMixture,48.78828783631326,0.011627467147162403,1E-06,true,REGION-4-MIXTURE-TABLE,SaturatedMixture,48.788267970085144,0.011639455252868653,9.985190389468891E-07,true,-1.986622811500638E-05,1.198810570625028E-05
B1-PIECEWISE-REDUCED,58,48.78828783631326,R4-VAPOR-SIDE,REGION-4,SaturatedMixture,48.78828783631326,0.011627467147162403,0.999999,false,UNRESOLVED,Unspecified,,,,false,,
B1-PIECEWISE-REDUCED,58,48.78828783631326,R2-SIDE,REGION-2,SuperheatedVapor,48.78828783631326,0.011627350872490932,,false,UNRESOLVED,Unspecified,,,,false,,
B1-PIECEWISE-REDUCED,59,48.81413910388949,R1-SIDE,REGION-1,SubcooledLiquid,48.81413910388949,0.011642636755446802,,true,REGION-1-REDUCED,SubcooledLiquid,48.814118168161315,0.019542005545674812,,true,-2.093572817329914E-05,0.00789936879022801
B1-PIECEWISE-REDUCED,59,48.81413910388949,R4-LIQUID-SIDE,REGION-4,SaturatedMixture,48.81413910388949,0.0116425203302435,1E-06,true,REGION-4-MIXTURE-TABLE,SaturatedMixture,48.81411898136139,0.011654641071036656,9.985019663981885E-07,true,-2.0122528098909243E-05,1.2120740793156864E-05
B1-PIECEWISE-REDUCED,59,48.81413910388949,R4-VAPOR-SIDE,REGION-4,SaturatedMixture,48.81413910388949,0.0116425203302435,0.999999,false,UNRESOLVED,Unspecified,,,,false,,
B1-PIECEWISE-REDUCED,59,48.81413910388949,R2-SIDE,REGION-2,SuperheatedVapor,48.81413910388949,0.011642403905040198,,false,UNRESOLVED,Unspecified,,,,false,,
B1-PIECEWISE-REDUCED,60,100,R1-SIDE,REGION-1,SubcooledLiquid,100,0.10141899210108919,,true,REGION-1-REDUCED,SubcooledLiquid,99.99999992964172,0.10141889755668768,,true,-7.035828275547829E-08,-9.454440151601684E-08
B1-PIECEWISE-REDUCED,60,100,R4-LIQUID-SIDE,REGION-4,SaturatedMixture,100,0.10141797792130998,1E-06,true,REGION-4-MIXTURE-TABLE,SaturatedMixture,100,0.10141797792130998,1.0000000000000148E-06,true,0,0
B1-PIECEWISE-REDUCED,60,100,R4-VAPOR-SIDE,REGION-4,SaturatedMixture,100,0.10141797792130998,0.999999,true,REGION-4-MIXTURE-TABLE,SaturatedMixture,100,0.10141797792130998,0.999999,true,0,0
B1-PIECEWISE-REDUCED,60,100,R2-SIDE,REGION-2,SuperheatedVapor,100,0.10141696374153077,,false,UNRESOLVED,Unspecified,,,,false,,
B1-PIECEWISE-REDUCED,61,125,R1-SIDE,REGION-1,SubcooledLiquid,125,0.2322265049218953,,true,REGION-1-REDUCED,SubcooledLiquid,124.99979453904973,0.23768432409836887,,true,-0.00020546095026929834,0.005457819176473561
B1-PIECEWISE-REDUCED,61,125,R4-LIQUID-SIDE,REGION-4,SaturatedMixture,125,0.2322241826800685,1E-06,false,UNRESOLVED,Unspecified,,,,false,,
B1-PIECEWISE-REDUCED,61,125,R4-VAPOR-SIDE,REGION-4,SaturatedMixture,125,0.2322241826800685,0.999999,false,UNRESOLVED,Unspecified,,,,false,,
B1-PIECEWISE-REDUCED,61,125,R2-SIDE,REGION-2,SuperheatedVapor,125,0.23222186043824172,,false,UNRESOLVED,Unspecified,,,,false,,
B1-PIECEWISE-REDUCED,62,150,R1-SIDE,REGION-1,SubcooledLiquid,150,0.4761061420953029,,true,REGION-1-REDUCED,SubcooledLiquid,149.99999947610894,0.4761053614645185,,true,-5.238910603111435E-07,-7.806307844027138E-07
B1-PIECEWISE-REDUCED,62,150,R4-LIQUID-SIDE,REGION-4,SaturatedMixture,150,0.476101381081492,1E-06,true,REGION-4-MIXTURE-TABLE,SaturatedMixture,150,0.476101381081492,9.999999999997312E-07,true,0,0
B1-PIECEWISE-REDUCED,62,150,R4-VAPOR-SIDE,REGION-4,SaturatedMixture,150,0.476101381081492,0.999999,true,REGION-4-MIXTURE-TABLE,SaturatedMixture,150,0.476101381081492,0.999999,true,0,0
B1-PIECEWISE-REDUCED,62,150,R2-SIDE,REGION-2,SuperheatedVapor,150,0.4760966200676812,,false,UNRESOLVED,Unspecified,,,,false,,
B1-PIECEWISE-REDUCED,63,175,R1-SIDE,REGION-1,SubcooledLiquid,175,0.8924564021491245,,true,REGION-1-REDUCED,SubcooledLiquid,174.99963089884443,0.8976074346702352,,true,-0.0003691011555702062,0.00515103252111071
B1-PIECEWISE-REDUCED,63,175,R4-LIQUID-SIDE,REGION-4,SaturatedMixture,175,0.8924474776743476,1E-06,false,UNRESOLVED,Unspecified,,,,false,,
B1-PIECEWISE-REDUCED,63,175,R4-VAPOR-SIDE,REGION-4,SaturatedMixture,175,0.8924474776743476,0.999999,false,UNRESOLVED,Unspecified,,,,false,,
B1-PIECEWISE-REDUCED,63,175,R2-SIDE,REGION-2,SuperheatedVapor,175,0.8924385531995709,,false,UNRESOLVED,Unspecified,,,,false,,
B1-PIECEWISE-REDUCED,64,200,R1-SIDE,REGION-1,SubcooledLiquid,200,1.5546874149885082,,true,REGION-1-REDUCED,SubcooledLiquid,199.99999737717104,1.5546837336011232,,true,-2.6228289584651066E-06,-3.6813873849350642E-06
B1-PIECEWISE-REDUCED,64,200,R4-LIQUID-SIDE,REGION-4,SaturatedMixture,200,1.5546718682698253,1E-06,true,REGION-4-MIXTURE-TABLE,SaturatedMixture,200,1.5546718682698253,1.0000000000006477E-06,true,0,0
B1-PIECEWISE-REDUCED,64,200,R4-VAPOR-SIDE,REGION-4,SaturatedMixture,200,1.5546718682698253,0.999999,true,REGION-4-MIXTURE-TABLE,SaturatedMixture,200,1.5546718682698253,0.999999,true,0,0
B1-PIECEWISE-REDUCED,64,200,R2-SIDE,REGION-2,SuperheatedVapor,200,1.5546563215511426,,false,UNRESOLVED,Unspecified,,,,false,,
B1-PIECEWISE-REDUCED,65,225,R1-SIDE,REGION-1,SubcooledLiquid,225,2.5494504436050214,,true,REGION-1-REDUCED,SubcooledLiquid,224.99934930840027,2.554644287627742,,true,-0.0006506915997306351,0.005193844022720828
B1-PIECEWISE-REDUCED,65,225,R4-LIQUID-SIDE,REGION-4,SaturatedMixture,225,2.5494249493555277,1E-06,false,UNRESOLVED,Unspecified,,,,false,,
B1-PIECEWISE-REDUCED,65,225,R4-VAPOR-SIDE,REGION-4,SaturatedMixture,225,2.5494249493555277,0.999999,false,UNRESOLVED,Unspecified,,,,false,,
B1-PIECEWISE-REDUCED,65,225,R2-SIDE,REGION-2,SuperheatedVapor,225,2.5493994551060344,,false,UNRESOLVED,Unspecified,,,,false,,
B1-PIECEWISE-REDUCED,66,250,R1-SIDE,REGION-1,SubcooledLiquid,250,3.975978830226036,,true,REGION-1-REDUCED,SubcooledLiquid,249.99998935299527,3.975966257912591,,true,-1.0647004728525644E-05,-1.2572313444980665E-05
B1-PIECEWISE-REDUCED,66,250,R4-LIQUID-SIDE,REGION-4,SaturatedMixture,250,3.9759390708353273,1E-06,true,REGION-4-MIXTURE-TABLE,SaturatedMixture,250,3.9759390708353273,9.999999999987154E-07,true,0,0
B1-PIECEWISE-REDUCED,66,250,R4-VAPOR-SIDE,REGION-4,SaturatedMixture,250,3.9759390708353273,0.999999,true,REGION-4-MIXTURE-TABLE,SaturatedMixture,250,3.9759390708353273,0.999999,true,0,0
B1-PIECEWISE-REDUCED,66,250,R2-SIDE,REGION-2,SuperheatedVapor,250,3.975899311444619,,false,UNRESOLVED,Unspecified,,,,false,,
B1-PIECEWISE-REDUCED,67,267.45358095765107,R1-SIDE,REGION-1,SubcooledLiquid,267.45358095765107,5.287010126605532,,true,REGION-1-REDUCED,SubcooledLiquid,267.4527092251826,5.291271658648817,,true,-0.0008717324684539562,0.004261532043285499
B1-PIECEWISE-REDUCED,67,267.45358095765107,R4-LIQUID-SIDE,REGION-4,SaturatedMixture,267.45358095765107,5.286957257032961,1E-06,false,UNRESOLVED,Unspecified,,,,false,,
B1-PIECEWISE-REDUCED,67,267.45358095765107,R4-VAPOR-SIDE,REGION-4,SaturatedMixture,267.45358095765107,5.286957257032961,0.999999,false,UNRESOLVED,Unspecified,,,,false,,
B1-PIECEWISE-REDUCED,67,267.45358095765107,R2-SIDE,REGION-2,SuperheatedVapor,267.45358095765107,5.286904387460392,,false,UNRESOLVED,Unspecified,,,,false,,
B1-PIECEWISE-REDUCED,68,267.50258015990255,R1-SIDE,REGION-1,SubcooledLiquid,267.50258015990255,5.291102216834221,,true,REGION-1-REDUCED,SubcooledLiquid,267.5017586182246,5.295109658676085,,true,-0.0008215416779648876,0.004007441841864079
B1-PIECEWISE-REDUCED,68,267.50258015990255,R4-LIQUID-SIDE,REGION-4,SaturatedMixture,267.50258015990255,5.291049306341158,1E-06,false,UNRESOLVED,Unspecified,,,,false,,
B1-PIECEWISE-REDUCED,68,267.50258015990255,R4-VAPOR-SIDE,REGION-4,SaturatedMixture,267.50258015990255,5.291049306341158,0.999999,false,UNRESOLVED,Unspecified,,,,false,,
B1-PIECEWISE-REDUCED,68,267.50258015990255,R2-SIDE,REGION-2,SuperheatedVapor,267.50258015990255,5.290996395848095,,false,UNRESOLVED,Unspecified,,,,false,,
B1-PIECEWISE-REDUCED,69,267.5165805220603,R1-SIDE,REGION-1,SubcooledLiquid,267.5165805220603,5.292271878884386,,true,REGION-1-REDUCED,SubcooledLiquid,267.5157742753687,5.296202007204272,,true,-0.0008062466915816913,0.003930128319885817
B1-PIECEWISE-REDUCED,69,267.5165805220603,R4-LIQUID-SIDE,REGION-4,SaturatedMixture,267.5165805220603,5.292218956694819,1E-06,false,UNRESOLVED,Unspecified,,,,false,,
B1-PIECEWISE-REDUCED,69,267.5165805220603,R4-VAPOR-SIDE,REGION-4,SaturatedMixture,267.5165805220603,5.292218956694819,0.999999,false,UNRESOLVED,Unspecified,,,,false,,
B1-PIECEWISE-REDUCED,69,267.5165805220603,R2-SIDE,REGION-2,SuperheatedVapor,267.5165805220603,5.292166034505252,,false,UNRESOLVED,Unspecified,,,,false,,
B1-PIECEWISE-REDUCED,70,267.61186883449557,R1-SIDE,REGION-1,SubcooledLiquid,267.61186883449557,5.300237999304759,,true,REGION-1-REDUCED,SubcooledLiquid,267.61117796241126,5.303586345521051,,true,-0.0006908720843057381,0.0033483462162919864
B1-PIECEWISE-REDUCED,70,267.61186883449557,R4-LIQUID-SIDE,REGION-4,SaturatedMixture,267.61186883449557,5.300184997454784,1E-06,false,UNRESOLVED,Unspecified,,,,false,,
B1-PIECEWISE-REDUCED,70,267.61186883449557,R4-VAPOR-SIDE,REGION-4,SaturatedMixture,267.61186883449557,5.300184997454784,0.999999,false,UNRESOLVED,Unspecified,,,,false,,
B1-PIECEWISE-REDUCED,70,267.61186883449557,R2-SIDE,REGION-2,SuperheatedVapor,267.61186883449557,5.30013199560481,,false,UNRESOLVED,Unspecified,,,,false,,
B1-PIECEWISE-REDUCED,71,267.7532800316808,R1-SIDE,REGION-1,SubcooledLiquid,267.7532800316808,5.3120768749258245,,true,REGION-1-REDUCED,SubcooledLiquid,267.75279666592576,5.31438357942257,,true,-0.000483365755030718,0.0023067044967453043
B1-PIECEWISE-REDUCED,71,267.7532800316808,R4-LIQUID-SIDE,REGION-4,SaturatedMixture,267.7532800316808,5.312023754688277,1E-06,false,UNRESOLVED,Unspecified,,,,false,,
B1-PIECEWISE-REDUCED,71,267.7532800316808,R4-VAPOR-SIDE,REGION-4,SaturatedMixture,267.7532800316808,5.312023754688277,0.999999,false,UNRESOLVED,Unspecified,,,,false,,
B1-PIECEWISE-REDUCED,71,267.7532800316808,R2-SIDE,REGION-2,SuperheatedVapor,267.7532800316808,5.311970634450731,,false,UNRESOLVED,Unspecified,,,,false,,
B1-PIECEWISE-REDUCED,72,267.76519510746004,R1-SIDE,REGION-1,SubcooledLiquid,267.76519510746004,5.313075320775099,,true,REGION-1-REDUCED,SubcooledLiquid,267.7647312089049,5.315284549254864,,true,-0.0004638985551537189,0.002209228479764569
B1-PIECEWISE-REDUCED,72,267.76519510746004,R4-LIQUID-SIDE,REGION-4,SaturatedMixture,267.76519510746004,5.313022190553194,1E-06,false,UNRESOLVED,Unspecified,,,,false,,
B1-PIECEWISE-REDUCED,72,267.76519510746004,R4-VAPOR-SIDE,REGION-4,SaturatedMixture,267.76519510746004,5.313022190553194,0.999999,false,UNRESOLVED,Unspecified,,,,false,,
B1-PIECEWISE-REDUCED,72,267.76519510746004,R2-SIDE,REGION-2,SuperheatedVapor,267.76519510746004,5.312969060331288,,false,UNRESOLVED,Unspecified,,,,false,,
B1-PIECEWISE-REDUCED,73,267.7772412359715,R1-SIDE,REGION-1,SubcooledLiquid,267.7772412359715,5.314084894103051,,true,REGION-1-REDUCED,SubcooledLiquid,267.77679733231514,5.316194042594097,,true,-0.00044390365633262263,0.002109148491045154
B1-PIECEWISE-REDUCED,73,267.7772412359715,R4-LIQUID-SIDE,REGION-4,SaturatedMixture,267.7772412359715,5.314031753785513,1E-06,false,UNRESOLVED,Unspecified,,,,false,,
B1-PIECEWISE-REDUCED,73,267.7772412359715,R4-VAPOR-SIDE,REGION-4,SaturatedMixture,267.7772412359715,5.314031753785513,0.999999,false,UNRESOLVED,Unspecified,,,,false,,
B1-PIECEWISE-REDUCED,73,267.7772412359715,R2-SIDE,REGION-2,SuperheatedVapor,267.7772412359715,5.313978613467976,,false,UNRESOLVED,Unspecified,,,,false,,
B1-PIECEWISE-REDUCED,74,267.78551645874984,R1-SIDE,REGION-1,SubcooledLiquid,267.78551645874984,5.314778516675194,,true,REGION-1-REDUCED,SubcooledLiquid,267.7850864735383,5.3168180218772925,,true,-0.0004299852115536851,0.0020395052020987237
B1-PIECEWISE-REDUCED,74,267.78551645874984,R4-LIQUID-SIDE,REGION-4,SaturatedMixture,267.78551645874984,5.314725369421499,1E-06,false,UNRESOLVED,Unspecified,,,,false,,
B1-PIECEWISE-REDUCED,74,267.78551645874984,R4-VAPOR-SIDE,REGION-4,SaturatedMixture,267.78551645874984,5.314725369421499,0.999999,false,UNRESOLVED,Unspecified,,,,false,,
B1-PIECEWISE-REDUCED,74,267.78551645874984,R2-SIDE,REGION-2,SuperheatedVapor,267.78551645874984,5.314672222167805,,false,UNRESOLVED,Unspecified,,,,false,,
B1-PIECEWISE-REDUCED,75,267.82730354666717,R1-SIDE,REGION-1,SubcooledLiquid,267.82730354666717,5.3182821331053525,,true,REGION-1-REDUCED,SubcooledLiquid,267.8269461187516,5.3199588697196605,,true,-0.00035742791556003795,0.0016767366143080054
B1-PIECEWISE-REDUCED,75,267.82730354666717,R4-LIQUID-SIDE,REGION-4,SaturatedMixture,267.82730354666717,5.318228950815844,1E-06,false,UNRESOLVED,Unspecified,,,,false,,
B1-PIECEWISE-REDUCED,75,267.82730354666717,R4-VAPOR-SIDE,REGION-4,SaturatedMixture,267.82730354666717,5.318228950815844,0.999999,false,UNRESOLVED,Unspecified,,,,false,,
B1-PIECEWISE-REDUCED,75,267.82730354666717,R2-SIDE,REGION-2,SuperheatedVapor,267.82730354666717,5.318175768526336,,false,UNRESOLVED,Unspecified,,,,false,,
B1-PIECEWISE-REDUCED,76,267.90293265581147,R1-SIDE,REGION-1,SubcooledLiquid,267.90293265581147,5.324627700384163,,true,REGION-1-REDUCED,SubcooledLiquid,267.9027162054489,5.325600833490324,,true,-0.000216450362586329,0.000973133106161761
B1-PIECEWISE-REDUCED,76,267.90293265581147,R4-LIQUID-SIDE,REGION-4,SaturatedMixture,267.90293265581147,5.324574454639616,1E-06,false,UNRESOLVED,Unspecified,,,,false,,
B1-PIECEWISE-REDUCED,76,267.90293265581147,R4-VAPOR-SIDE,REGION-4,SaturatedMixture,267.90293265581147,5.324574454639616,0.999999,false,UNRESOLVED,Unspecified,,,,false,,
B1-PIECEWISE-REDUCED,76,267.90293265581147,R2-SIDE,REGION-2,SuperheatedVapor,267.90293265581147,5.32452120889507,,false,UNRESOLVED,Unspecified,,,,false,,
B1-PIECEWISE-REDUCED,77,267.9171129286291,R1-SIDE,REGION-1,SubcooledLiquid,267.9171129286291,5.325818122064067,,true,REGION-1-REDUCED,SubcooledLiquid,267.91692429730597,5.326652592526221,,true,-0.0001886313231125314,0.0008344704621539023
B1-PIECEWISE-REDUCED,77,267.9171129286291,R4-LIQUID-SIDE,REGION-4,SaturatedMixture,267.9171129286291,5.325764864415422,1E-06,false,UNRESOLVED,Unspecified,,,,false,,
B1-PIECEWISE-REDUCED,77,267.9171129286291,R4-VAPOR-SIDE,REGION-4,SaturatedMixture,267.9171129286291,5.325764864415422,0.999999,false,UNRESOLVED,Unspecified,,,,false,,
B1-PIECEWISE-REDUCED,77,267.9171129286291,R2-SIDE,REGION-2,SuperheatedVapor,267.9171129286291,5.325711606766778,,false,UNRESOLVED,Unspecified,,,,false,,
B1-PIECEWISE-REDUCED,78,267.93677989244463,R1-SIDE,REGION-1,SubcooledLiquid,267.93677989244463,5.327469483105355,,true,REGION-1-REDUCED,SubcooledLiquid,267.9366305689466,5.328108119910778,,true,-0.00014932349802165845,0.0006386368054229763
B1-PIECEWISE-REDUCED,78,267.93677989244463,R4-LIQUID-SIDE,REGION-4,SaturatedMixture,267.93677989244463,5.327416208943265,1E-06,false,UNRESOLVED,Unspecified,,,,false,,
B1-PIECEWISE-REDUCED,78,267.93677989244463,R4-VAPOR-SIDE,REGION-4,SaturatedMixture,267.93677989244463,5.327416208943265,0.999999,false,UNRESOLVED,Unspecified,,,,false,,
B1-PIECEWISE-REDUCED,78,267.93677989244463,R2-SIDE,REGION-2,SuperheatedVapor,267.93677989244463,5.327362934781176,,false,UNRESOLVED,Unspecified,,,,false,,
B1-PIECEWISE-REDUCED,79,268.0753684282305,R1-SIDE,REGION-1,SubcooledLiquid,268.0753684282305,5.339117329894413,,true,REGION-1-REDUCED,SubcooledLiquid,268.0751920080272,5.339891340909938,,true,-0.0001764202032745743,0.0007740110155252111
B1-PIECEWISE-REDUCED,79,268.0753684282305,R4-LIQUID-SIDE,REGION-4,SaturatedMixture,268.0753684282305,5.33906393925502,1E-06,false,UNRESOLVED,Unspecified,,,,false,,
B1-PIECEWISE-REDUCED,79,268.0753684282305,R4-VAPOR-SIDE,REGION-4,SaturatedMixture,268.0753684282305,5.33906393925502,0.999999,false,UNRESOLVED,Unspecified,,,,false,,
B1-PIECEWISE-REDUCED,79,268.0753684282305,R2-SIDE,REGION-2,SuperheatedVapor,268.0753684282305,5.339010548615628,,false,UNRESOLVED,Unspecified,,,,false,,
B1-PIECEWISE-REDUCED,80,268.08787213563915,R1-SIDE,REGION-1,SubcooledLiquid,268.08787213563915,5.340169175189013,,true,REGION-1-REDUCED,SubcooledLiquid,268.0876704916186,5.341068636593173,,true,-0.000201644020535241,0.0008994614041597515
B1-PIECEWISE-REDUCED,80,268.08787213563915,R4-LIQUID-SIDE,REGION-4,SaturatedMixture,268.08787213563915,5.340115774031272,1E-06,false,UNRESOLVED,Unspecified,,,,false,,
B1-PIECEWISE-REDUCED,80,268.08787213563915,R4-VAPOR-SIDE,REGION-4,SaturatedMixture,268.08787213563915,5.340115774031272,0.999999,false,UNRESOLVED,Unspecified,,,,false,,
B1-PIECEWISE-REDUCED,80,268.08787213563915,R2-SIDE,REGION-2,SuperheatedVapor,268.08787213563915,5.340062372873532,,false,UNRESOLVED,Unspecified,,,,false,,
B1-PIECEWISE-REDUCED,81,268.18782694339745,R1-SIDE,REGION-1,SubcooledLiquid,268.18782694339745,5.348583330379774,,true,REGION-1-REDUCED,SubcooledLiquid,268.18743588569805,5.350423336352783,,true,-0.00039105769940306345,0.0018400059730092622
B1-PIECEWISE-REDUCED,81,268.18782694339745,R4-LIQUID-SIDE,REGION-4,SaturatedMixture,268.18782694339745,5.348529845081322,1E-06,false,UNRESOLVED,Unspecified,,,,false,,
B1-PIECEWISE-REDUCED,81,268.18782694339745,R4-VAPOR-SIDE,REGION-4,SaturatedMixture,268.18782694339745,5.348529845081322,0.999999,false,UNRESOLVED,Unspecified,,,,false,,
B1-PIECEWISE-REDUCED,81,268.18782694339745,R2-SIDE,REGION-2,SuperheatedVapor,268.18782694339745,5.348476359782872,,false,UNRESOLVED,Unspecified,,,,false,,
B1-PIECEWISE-REDUCED,82,268.22862460613226,R1-SIDE,REGION-1,SubcooledLiquid,268.22862460613226,5.352020568828329,,true,REGION-1-REDUCED,SubcooledLiquid,268.2281624877287,5.354212677232724,,true,-0.00046211840356136236,0.002192108404394766
B1-PIECEWISE-REDUCED,82,268.22862460613226,R4-LIQUID-SIDE,REGION-4,SaturatedMixture,268.22862460613226,5.351967049157837,1E-06,false,UNRESOLVED,Unspecified,,,,false,,
B1-PIECEWISE-REDUCED,82,268.22862460613226,R4-VAPOR-SIDE,REGION-4,SaturatedMixture,268.22862460613226,5.351967049157837,0.999999,false,UNRESOLVED,Unspecified,,,,false,,
B1-PIECEWISE-REDUCED,82,268.22862460613226,R2-SIDE,REGION-2,SuperheatedVapor,268.22862460613226,5.351913529487346,,false,UNRESOLVED,Unspecified,,,,false,,
B1-PIECEWISE-REDUCED,83,268.258955323696,R1-SIDE,REGION-1,SubcooledLiquid,268.258955323696,5.354577051008335,,true,REGION-1-REDUCED,SubcooledLiquid,268.2584427261421,5.357018999788496,,true,-0.0005125975538931016,0.0024419487801603523
B1-PIECEWISE-REDUCED,83,268.258955323696,R4-LIQUID-SIDE,REGION-4,SaturatedMixture,268.258955323696,5.354523505773277,1E-06,false,UNRESOLVED,Unspecified,,,,false,,
B1-PIECEWISE-REDUCED,83,268.258955323696,R4-VAPOR-SIDE,REGION-4,SaturatedMixture,268.258955323696,5.354523505773277,0.999999,false,UNRESOLVED,Unspecified,,,,false,,
B1-PIECEWISE-REDUCED,83,268.258955323696,R2-SIDE,REGION-2,SuperheatedVapor,268.258955323696,5.3544699605382196,,false,UNRESOLVED,Unspecified,,,,false,,
B1-PIECEWISE-REDUCED,84,268.32134410142896,R1-SIDE,REGION-1,SubcooledLiquid,268.32134410142896,5.359838539328691,,true,REGION-1-REDUCED,SubcooledLiquid,268.32073397737497,5.362762449550598,,true,-0.0006101240539919672,0.0029239102219067448
B1-PIECEWISE-REDUCED,84,268.32134410142896,R4-LIQUID-SIDE,REGION-4,SaturatedMixture,268.32134410142896,5.359784941479276,1E-06,false,UNRESOLVED,Unspecified,,,,false,,
B1-PIECEWISE-REDUCED,84,268.32134410142896,R4-VAPOR-SIDE,REGION-4,SaturatedMixture,268.32134410142896,5.359784941479276,0.999999,false,UNRESOLVED,Unspecified,,,,false,,
B1-PIECEWISE-REDUCED,84,268.32134410142896,R2-SIDE,REGION-2,SuperheatedVapor,268.32134410142896,5.3597313436298615,,false,UNRESOLVED,Unspecified,,,,false,,
B1-PIECEWISE-REDUCED,85,268.3765215992928,R1-SIDE,REGION-1,SubcooledLiquid,268.3765215992928,5.364495161255378,,true,REGION-1-REDUCED,SubcooledLiquid,268.37583229923325,5.3678095403433375,,true,-0.000689300059548259,0.003314379087959729
B1-PIECEWISE-REDUCED,85,268.3765215992928,R4-LIQUID-SIDE,REGION-4,SaturatedMixture,268.3765215992928,5.364441516840209,1E-06,false,UNRESOLVED,Unspecified,,,,false,,
B1-PIECEWISE-REDUCED,85,268.3765215992928,R4-VAPOR-SIDE,REGION-4,SaturatedMixture,268.3765215992928,5.364441516840209,0.999999,false,UNRESOLVED,Unspecified,,,,false,,
B1-PIECEWISE-REDUCED,85,268.3765215992928,R2-SIDE,REGION-2,SuperheatedVapor,268.3765215992928,5.364387872425041,,false,UNRESOLVED,Unspecified,,,,false,,
B1-PIECEWISE-REDUCED,86,268.3879977881908,R1-SIDE,REGION-1,SubcooledLiquid,268.3879977881908,5.365464064907552,,true,REGION-1-REDUCED,SubcooledLiquid,268.38729285572333,5.368855441098029,,true,-0.0007049324674426316,0.0033913761904775797
B1-PIECEWISE-REDUCED,86,268.3879977881908,R4-LIQUID-SIDE,REGION-4,SaturatedMixture,268.3879977881908,5.3654104108034435,1E-06,false,UNRESOLVED,Unspecified,,,,false,,
B1-PIECEWISE-REDUCED,86,268.3879977881908,R4-VAPOR-SIDE,REGION-4,SaturatedMixture,268.3879977881908,5.3654104108034435,0.999999,false,UNRESOLVED,Unspecified,,,,false,,
B1-PIECEWISE-REDUCED,86,268.3879977881908,R2-SIDE,REGION-2,SuperheatedVapor,268.3879977881908,5.365356756699335,,false,UNRESOLVED,Unspecified,,,,false,,
B1-PIECEWISE-REDUCED,87,268.4279694974422,R1-SIDE,REGION-1,SubcooledLiquid,268.4279694974422,5.368839811720812,,true,REGION-1-REDUCED,SubcooledLiquid,268.42721236359955,5.372488047058247,,true,-0.0007571338426259899,0.0036482353374349685
B1-PIECEWISE-REDUCED,87,268.4279694974422,R4-LIQUID-SIDE,REGION-4,SaturatedMixture,268.4279694974422,5.368786123859572,1E-06,false,UNRESOLVED,Unspecified,,,,false,,
B1-PIECEWISE-REDUCED,87,268.4279694974422,R4-VAPOR-SIDE,REGION-4,SaturatedMixture,268.4279694974422,5.368786123859572,0.999999,false,UNRESOLVED,Unspecified,,,,false,,
B1-PIECEWISE-REDUCED,87,268.4279694974422,R2-SIDE,REGION-2,SuperheatedVapor,268.4279694974422,5.368732435998334,,false,UNRESOLVED,Unspecified,,,,false,,
B1-PIECEWISE-REDUCED,88,268.4353395342828,R1-SIDE,REGION-1,SubcooledLiquid,268.4353395342828,5.369462413441171,,true,REGION-1-REDUCED,SubcooledLiquid,268.4345731567512,5.373156088641715,,true,-0.0007663775315904786,0.003693675200544533
B1-PIECEWISE-REDUCED,88,268.4353395342828,R4-LIQUID-SIDE,REGION-4,SaturatedMixture,268.4353395342828,5.369408719353976,1E-06,false,UNRESOLVED,Unspecified,,,,false,,
B1-PIECEWISE-REDUCED,88,268.4353395342828,R4-VAPOR-SIDE,REGION-4,SaturatedMixture,268.4353395342828,5.369408719353976,0.999999,false,UNRESOLVED,Unspecified,,,,false,,
B1-PIECEWISE-REDUCED,88,268.4353395342828,R2-SIDE,REGION-2,SuperheatedVapor,268.4353395342828,5.369355025266783,,false,UNRESOLVED,Unspecified,,,,false,,
B1-PIECEWISE-REDUCED,89,268.43746053576467,R1-SIDE,REGION-1,SubcooledLiquid,268.43746053576467,5.3696416003964496,,true,REGION-1-REDUCED,SubcooledLiquid,268.4366915200218,5.373348241861907,,true,-0.0007690157428896782,0.0037066414654578494
B1-PIECEWISE-REDUCED,89,268.43746053576467,R4-LIQUID-SIDE,REGION-4,SaturatedMixture,268.43746053576467,5.369587904517404,1E-06,false,UNRESOLVED,Unspecified,,,,false,,
B1-PIECEWISE-REDUCED,89,268.43746053576467,R4-VAPOR-SIDE,REGION-4,SaturatedMixture,268.43746053576467,5.369587904517404,0.999999,false,UNRESOLVED,Unspecified,,,,false,,
B1-PIECEWISE-REDUCED,89,268.43746053576467,R2-SIDE,REGION-2,SuperheatedVapor,268.43746053576467,5.369534208638359,,false,UNRESOLVED,Unspecified,,,,false,,
B1-PIECEWISE-REDUCED,90,268.495750629902,R1-SIDE,REGION-1,SubcooledLiquid,268.495750629902,5.374567865433893,,true,REGION-1-REDUCED,SubcooledLiquid,268.4949129602346,5.37861148927988,,true,-0.0008376696673622064,0.004043623845986666
B1-PIECEWISE-REDUCED,90,268.495750629902,R4-LIQUID-SIDE,REGION-4,SaturatedMixture,268.495750629902,5.37451412029269,1E-06,false,UNRESOLVED,Unspecified,,,,false,,
B1-PIECEWISE-REDUCED,90,268.495750629902,R4-VAPOR-SIDE,REGION-4,SaturatedMixture,268.495750629902,5.37451412029269,0.999999,false,UNRESOLVED,Unspecified,,,,false,,
B1-PIECEWISE-REDUCED,90,268.495750629902,R2-SIDE,REGION-2,SuperheatedVapor,268.495750629902,5.374460375151488,,false,UNRESOLVED,Unspecified,,,,false,,
B1-PIECEWISE-REDUCED,91,268.5486411511898,R1-SIDE,REGION-1,SubcooledLiquid,268.5486411511898,5.379040782541731,,true,REGION-1-REDUCED,SubcooledLiquid,268.5477476207019,5.383357871347045,,true,-0.0008935304879287287,0.004317088805314562
B1-PIECEWISE-REDUCED,91,268.5486411511898,R4-LIQUID-SIDE,REGION-4,SaturatedMixture,268.5486411511898,5.378986992671804,1E-06,false,UNRESOLVED,Unspecified,,,,false,,
B1-PIECEWISE-REDUCED,91,268.5486411511898,R4-VAPOR-SIDE,REGION-4,SaturatedMixture,268.5486411511898,5.378986992671804,0.999999,false,UNRESOLVED,Unspecified,,,,false,,
B1-PIECEWISE-REDUCED,91,268.5486411511898,R2-SIDE,REGION-2,SuperheatedVapor,268.5486411511898,5.3789332028018775,,false,UNRESOLVED,Unspecified,,,,false,,
B1-PIECEWISE-REDUCED,92,268.59354792833335,R1-SIDE,REGION-1,SubcooledLiquid,268.59354792833335,5.382840750357621,,true,REGION-1-REDUCED,SubcooledLiquid,268.5926117778869,5.387365930834408,,true,-0.0009361504464777681,0.004525180476786517
B1-PIECEWISE-REDUCED,92,268.59354792833335,R4-LIQUID-SIDE,REGION-4,SaturatedMixture,268.59354792833335,5.382786922488396,1E-06,false,UNRESOLVED,Unspecified,,,,false,,
B1-PIECEWISE-REDUCED,92,268.59354792833335,R4-VAPOR-SIDE,REGION-4,SaturatedMixture,268.59354792833335,5.382786922488396,0.999999,false,UNRESOLVED,Unspecified,,,,false,,
B1-PIECEWISE-REDUCED,92,268.59354792833335,R2-SIDE,REGION-2,SuperheatedVapor,268.59354792833335,5.382733094619171,,false,UNRESOLVED,Unspecified,,,,false,,
B1-PIECEWISE-REDUCED,93,268.64694446921374,R1-SIDE,REGION-1,SubcooledLiquid,268.64694446921374,5.387361781069,,true,REGION-1-REDUCED,SubcooledLiquid,268.64596339336117,5.392105631285127,,true,-0.0009810758525645724,0.004743850216127221
B1-PIECEWISE-REDUCED,93,268.64694446921374,R4-LIQUID-SIDE,REGION-4,SaturatedMixture,268.64694446921374,5.3873079079899195,1E-06,false,UNRESOLVED,Unspecified,,,,false,,
B1-PIECEWISE-REDUCED,93,268.64694446921374,R4-VAPOR-SIDE,REGION-4,SaturatedMixture,268.64694446921374,5.3873079079899195,0.999999,false,UNRESOLVED,Unspecified,,,,false,,
B1-PIECEWISE-REDUCED,93,268.64694446921374,R2-SIDE,REGION-2,SuperheatedVapor,268.64694446921374,5.38725403491084,,false,UNRESOLVED,Unspecified,,,,false,,
B1-PIECEWISE-REDUCED,94,268.6578054487708,R1-SIDE,REGION-1,SubcooledLiquid,268.6578054487708,5.388281723890629,,true,REGION-1-REDUCED,SubcooledLiquid,268.6568160001905,5.393066231262234,,true,-0.0009894485802988129,0.0047845073716050734
B1-PIECEWISE-REDUCED,94,268.6578054487708,R4-LIQUID-SIDE,REGION-4,SaturatedMixture,268.6578054487708,5.3882278416122125,1E-06,false,UNRESOLVED,Unspecified,,,,false,,
B1-PIECEWISE-REDUCED,94,268.6578054487708,R4-VAPOR-SIDE,REGION-4,SaturatedMixture,268.6578054487708,5.3882278416122125,0.999999,false,UNRESOLVED,Unspecified,,,,false,,
B1-PIECEWISE-REDUCED,94,268.6578054487708,R2-SIDE,REGION-2,SuperheatedVapor,268.6578054487708,5.3881739593337965,,false,UNRESOLVED,Unspecified,,,,false,,
B1-PIECEWISE-REDUCED,95,268.70778965353986,R1-SIDE,REGION-1,SubcooledLiquid,268.70778965353986,5.392517014602325,,true,REGION-1-REDUCED,SubcooledLiquid,268.7067650087263,5.397471998911642,,true,-0.0010246448135831088,0.0049549843093164014
B1-PIECEWISE-REDUCED,95,268.70778965353986,R4-LIQUID-SIDE,REGION-4,SaturatedMixture,268.70778965353986,5.392463089971425,1E-06,false,UNRESOLVED,Unspecified,,,,false,,
B1-PIECEWISE-REDUCED,95,268.70778965353986,R4-VAPOR-SIDE,REGION-4,SaturatedMixture,268.70778965353986,5.392463089971425,0.999999,false,UNRESOLVED,Unspecified,,,,false,,
B1-PIECEWISE-REDUCED,95,268.70778965353986,R2-SIDE,REGION-2,SuperheatedVapor,268.70778965353986,5.392409165340526,,false,UNRESOLVED,Unspecified,,,,false,,
B1-PIECEWISE-REDUCED,96,268.75488118529313,R1-SIDE,REGION-1,SubcooledLiquid,268.75488118529313,5.39650952678625,,true,REGION-1-REDUCED,SubcooledLiquid,268.75382839923645,5.401600140167414,,true,-0.0010527860566753589,0.005090613381163678
B1-PIECEWISE-REDUCED,96,268.75488118529313,R4-LIQUID-SIDE,REGION-4,SaturatedMixture,268.75488118529313,5.396455562230628,1E-06,false,UNRESOLVED,Unspecified,,,,false,,
B1-PIECEWISE-REDUCED,96,268.75488118529313,R4-VAPOR-SIDE,REGION-4,SaturatedMixture,268.75488118529313,5.396455562230628,0.999999,false,UNRESOLVED,Unspecified,,,,false,,
B1-PIECEWISE-REDUCED,96,268.75488118529313,R2-SIDE,REGION-2,SuperheatedVapor,268.75488118529313,5.3964015976750055,,false,UNRESOLVED,Unspecified,,,,false,,
B1-PIECEWISE-REDUCED,97,268.8133836925032,R1-SIDE,REGION-1,SubcooledLiquid,268.8133836925032,5.401472627137364,,true,REGION-1-REDUCED,SubcooledLiquid,268.81230273280096,5.40669801832226,,true,-0.0010809597022216622,0.0052253911848954004
B1-PIECEWISE-REDUCED,97,268.8133836925032,R4-LIQUID-SIDE,REGION-4,SaturatedMixture,268.8133836925032,5.401418612951234,1E-06,false,UNRESOLVED,Unspecified,,,,false,,
B1-PIECEWISE-REDUCED,97,268.8133836925032,R4-VAPOR-SIDE,REGION-4,SaturatedMixture,268.8133836925032,5.401418612951234,0.999999,false,UNRESOLVED,Unspecified,,,,false,,
B1-PIECEWISE-REDUCED,97,268.8133836925032,R2-SIDE,REGION-2,SuperheatedVapor,268.8133836925032,5.401364598765105,,false,UNRESOLVED,Unspecified,,,,false,,
B1-PIECEWISE-REDUCED,98,268.8640391409398,R1-SIDE,REGION-1,SubcooledLiquid,268.8640391409398,5.405772831662186,,true,REGION-1-REDUCED,SubcooledLiquid,268.86293986620694,5.4110847819858705,,true,-0.0010992747328373298,0.005311950323684478
B1-PIECEWISE-REDUCED,98,268.8640391409398,R4-LIQUID-SIDE,REGION-4,SaturatedMixture,268.8640391409398,5.405718774474441,1E-06,false,UNRESOLVED,Unspecified,,,,false,,
B1-PIECEWISE-REDUCED,98,268.8640391409398,R4-VAPOR-SIDE,REGION-4,SaturatedMixture,268.8640391409398,5.405718774474441,0.999999,false,UNRESOLVED,Unspecified,,,,false,,
B1-PIECEWISE-REDUCED,98,268.8640391409398,R2-SIDE,REGION-2,SuperheatedVapor,268.8640391409398,5.4056647172866965,,false,UNRESOLVED,Unspecified,,,,false,,
B1-PIECEWISE-REDUCED,99,268.91260992884634,R1-SIDE,REGION-1,SubcooledLiquid,268.91260992884634,5.409898521191045,,true,REGION-1-REDUCED,SubcooledLiquid,268.9114983962245,5.415267231528934,,true,-0.0011115326218487098,0.005368710337888771
B1-PIECEWISE-REDUCED,99,268.91260992884634,R4-LIQUID-SIDE,REGION-4,SaturatedMixture,268.91260992884634,5.409844422746818,1E-06,false,UNRESOLVED,Unspecified,,,,false,,
B1-PIECEWISE-REDUCED,99,268.91260992884634,R4-VAPOR-SIDE,REGION-4,SaturatedMixture,268.91260992884634,5.409844422746818,0.999999,false,UNRESOLVED,Unspecified,,,,false,,
B1-PIECEWISE-REDUCED,99,268.91260992884634,R2-SIDE,REGION-2,SuperheatedVapor,268.91260992884634,5.40979032430259,,false,UNRESOLVED,Unspecified,,,,false,,
B1-PIECEWISE-REDUCED,100,268.9904044747353,R1-SIDE,REGION-1,SubcooledLiquid,268.9904044747353,5.416511537830212,,true,REGION-1-REDUCED,SubcooledLiquid,268.9892841365903,5.421917720285832,,true,-0.0011203381450286543,0.00540618245562019
B1-PIECEWISE-REDUCED,100,268.9904044747353,R4-LIQUID-SIDE,REGION-4,SaturatedMixture,268.9904044747353,5.416457373256479,1E-06,false,UNRESOLVED,Unspecified,,,,false,,
B1-PIECEWISE-REDUCED,100,268.9904044747353,R4-VAPOR-SIDE,REGION-4,SaturatedMixture,268.9904044747353,5.416457373256479,0.999999,false,UNRESOLVED,Unspecified,,,,false,,
B1-PIECEWISE-REDUCED,100,268.9904044747353,R2-SIDE,REGION-2,SuperheatedVapor,268.9904044747353,5.416403208682747,,false,UNRESOLVED,Unspecified,,,,false,,
B1-PIECEWISE-REDUCED,101,269.0172909379006,R1-SIDE,REGION-1,SubcooledLiquid,269.0172909379006,5.418798487829589,,true,REGION-1-REDUCED,SubcooledLiquid,269.01617065894607,5.424202340563216,,true,-0.0011202789545450287,0.00540385273362709
B1-PIECEWISE-REDUCED,101,269.0172909379006,R4-LIQUID-SIDE,REGION-4,SaturatedMixture,269.0172909379006,5.418744300386585,1E-06,false,UNRESOLVED,Unspecified,,,,false,,
B1-PIECEWISE-REDUCED,101,269.0172909379006,R4-VAPOR-SIDE,REGION-4,SaturatedMixture,269.0172909379006,5.418744300386585,0.999999,false,UNRESOLVED,Unspecified,,,,false,,
B1-PIECEWISE-REDUCED,101,269.0172909379006,R2-SIDE,REGION-2,SuperheatedVapor,269.0172909379006,5.418690112943581,,false,UNRESOLVED,Unspecified,,,,false,,
B1-PIECEWISE-REDUCED,102,269.0666279315948,R1-SIDE,REGION-1,SubcooledLiquid,269.0666279315948,5.4229969872154795,,true,REGION-1-REDUCED,SubcooledLiquid,269.065511909987,5.428376173638568,,true,-0.0011160216077996665,0.0053791864230881
B1-PIECEWISE-REDUCED,102,269.0666279315948,R4-LIQUID-SIDE,REGION-4,SaturatedMixture,269.0666279315948,5.422942757787902,1E-06,false,UNRESOLVED,Unspecified,,,,false,,
B1-PIECEWISE-REDUCED,102,269.0666279315948,R4-VAPOR-SIDE,REGION-4,SaturatedMixture,269.0666279315948,5.422942757787902,0.999999,false,UNRESOLVED,Unspecified,,,,false,,
B1-PIECEWISE-REDUCED,102,269.0666279315948,R2-SIDE,REGION-2,SuperheatedVapor,269.0666279315948,5.422888528360324,,false,UNRESOLVED,Unspecified,,,,false,,
B1-PIECEWISE-REDUCED,103,269.16647517681133,R1-SIDE,REGION-1,SubcooledLiquid,269.16647517681133,5.431501428089641,,true,REGION-1-REDUCED,SubcooledLiquid,269.16538421915607,5.436750044290761,,true,-0.0010909576552649014,0.005248616201120271
B1-PIECEWISE-REDUCED,103,269.16647517681133,R4-LIQUID-SIDE,REGION-4,SaturatedMixture,269.16647517681133,5.431447113618504,1E-06,false,UNRESOLVED,Unspecified,,,,false,,
B1-PIECEWISE-REDUCED,103,269.16647517681133,R4-VAPOR-SIDE,REGION-4,SaturatedMixture,269.16647517681133,5.431447113618504,0.999999,false,UNRESOLVED,Unspecified,,,,false,,
B1-PIECEWISE-REDUCED,103,269.16647517681133,R2-SIDE,REGION-2,SuperheatedVapor,269.16647517681133,5.4313927991473685,,false,UNRESOLVED,Unspecified,,,,false,,
B1-PIECEWISE-REDUCED,104,269.1776982307432,R1-SIDE,REGION-1,SubcooledLiquid,269.1776982307432,5.432457982553435,,true,REGION-1-REDUCED,SubcooledLiquid,269.17661146794933,5.437685182007913,,true,-0.0010867627938750957,0.005227199454477471
B1-PIECEWISE-REDUCED,104,269.1776982307432,R4-LIQUID-SIDE,REGION-4,SaturatedMixture,269.1776982307432,5.43240365851685,1E-06,false,UNRESOLVED,Unspecified,,,,false,,
B1-PIECEWISE-REDUCED,104,269.1776982307432,R4-VAPOR-SIDE,REGION-4,SaturatedMixture,269.1776982307432,5.43240365851685,0.999999,false,UNRESOLVED,Unspecified,,,,false,,
B1-PIECEWISE-REDUCED,104,269.1776982307432,R2-SIDE,REGION-2,SuperheatedVapor,269.1776982307432,5.432349334480265,,false,UNRESOLVED,Unspecified,,,,false,,
B1-PIECEWISE-REDUCED,105,269.2148237466812,R1-SIDE,REGION-1,SubcooledLiquid,269.2148237466812,5.435623151754221,,true,REGION-1-REDUCED,SubcooledLiquid,269.2137528455986,5.440769811420993,,true,-0.0010709010825848964,0.005146659666771747
B1-PIECEWISE-REDUCED,105,269.2148237466812,R4-LIQUID-SIDE,REGION-4,SaturatedMixture,269.2148237466812,5.43556879606626,1E-06,false,UNRESOLVED,Unspecified,,,,false,,
B1-PIECEWISE-REDUCED,105,269.2148237466812,R4-VAPOR-SIDE,REGION-4,SaturatedMixture,269.2148237466812,5.43556879606626,0.999999,false,UNRESOLVED,Unspecified,,,,false,,
B1-PIECEWISE-REDUCED,105,269.2148237466812,R2-SIDE,REGION-2,SuperheatedVapor,269.2148237466812,5.4355144403783,,false,UNRESOLVED,Unspecified,,,,false,,
B1-PIECEWISE-REDUCED,106,269.2245281159875,R1-SIDE,REGION-1,SubcooledLiquid,269.2245281159875,5.436450738569575,,true,REGION-1-REDUCED,SubcooledLiquid,269.2234618638349,5.4415738925247,,true,-0.0010662521525546254,0.005123153955125304
B1-PIECEWISE-REDUCED,106,269.2245281159875,R4-LIQUID-SIDE,REGION-4,SaturatedMixture,269.2245281159875,5.436396374605828,1E-06,false,UNRESOLVED,Unspecified,,,,false,,
B1-PIECEWISE-REDUCED,106,269.2245281159875,R4-VAPOR-SIDE,REGION-4,SaturatedMixture,269.2245281159875,5.436396374605828,0.999999,false,UNRESOLVED,Unspecified,,,,false,,
B1-PIECEWISE-REDUCED,106,269.2245281159875,R2-SIDE,REGION-2,SuperheatedVapor,269.2245281159875,5.436342010642083,,false,UNRESOLVED,Unspecified,,,,false,,
B1-PIECEWISE-REDUCED,107,269.286198878288,R1-SIDE,REGION-1,SubcooledLiquid,269.286198878288,5.4417122584454365,,true,REGION-1-REDUCED,SubcooledLiquid,269.2851670424618,5.4466622956901425,,true,-0.001031835826211136,0.004950037244705996
B1-PIECEWISE-REDUCED,107,269.286198878288,R4-LIQUID-SIDE,REGION-4,SaturatedMixture,269.286198878288,5.441657841867017,1E-06,false,UNRESOLVED,Unspecified,,,,false,,
B1-PIECEWISE-REDUCED,107,269.286198878288,R4-VAPOR-SIDE,REGION-4,SaturatedMixture,269.286198878288,5.441657841867017,0.999999,false,UNRESOLVED,Unspecified,,,,false,,
B1-PIECEWISE-REDUCED,107,269.286198878288,R2-SIDE,REGION-2,SuperheatedVapor,269.286198878288,5.441603425288599,,false,UNRESOLVED,Unspecified,,,,false,,
B1-PIECEWISE-REDUCED,108,269.3115269780159,R1-SIDE,REGION-1,SubcooledLiquid,269.3115269780159,5.44387428362823,,true,REGION-1-REDUCED,SubcooledLiquid,269.31051171739375,5.448741347858568,,true,-0.0010152606221254246,0.004867064230337448
B1-PIECEWISE-REDUCED,108,269.3115269780159,R4-LIQUID-SIDE,REGION-4,SaturatedMixture,269.3115269780159,5.4438198454297755,1E-06,false,UNRESOLVED,Unspecified,,,,false,,
B1-PIECEWISE-REDUCED,108,269.3115269780159,R4-VAPOR-SIDE,REGION-4,SaturatedMixture,269.3115269780159,5.4438198454297755,0.999999,false,UNRESOLVED,Unspecified,,,,false,,
B1-PIECEWISE-REDUCED,108,269.3115269780159,R2-SIDE,REGION-2,SuperheatedVapor,269.3115269780159,5.4437654072313215,,false,UNRESOLVED,Unspecified,,,,false,,
B1-PIECEWISE-REDUCED,109,269.34476251006106,R1-SIDE,REGION-1,SubcooledLiquid,269.34476251006106,5.446712287971356,,true,REGION-1-REDUCED,SubcooledLiquid,269.3437711564749,5.451459996889456,,true,-0.0009913535861869605,0.00474770891810028
B1-PIECEWISE-REDUCED,109,269.34476251006106,R4-LIQUID-SIDE,REGION-4,SaturatedMixture,269.34476251006106,5.446657821393141,1E-06,false,UNRESOLVED,Unspecified,,,,false,,
B1-PIECEWISE-REDUCED,109,269.34476251006106,R4-VAPOR-SIDE,REGION-4,SaturatedMixture,269.34476251006106,5.446657821393141,0.999999,false,UNRESOLVED,Unspecified,,,,false,,
B1-PIECEWISE-REDUCED,109,269.34476251006106,R2-SIDE,REGION-2,SuperheatedVapor,269.34476251006106,5.446603354814927,,false,UNRESOLVED,Unspecified,,,,false,,
B1-PIECEWISE-REDUCED,110,269.35565841197956,R1-SIDE,REGION-1,SubcooledLiquid,269.35565841197956,5.44764294217726,,true,REGION-1-REDUCED,SubcooledLiquid,269.35467542914,5.452348934682633,,true,-0.0009829828395595541,0.004705992505373402
B1-PIECEWISE-REDUCED,110,269.35565841197956,R4-LIQUID-SIDE,REGION-4,SaturatedMixture,269.35565841197956,5.447588466292596,1E-06,false,UNRESOLVED,Unspecified,,,,false,,
B1-PIECEWISE-REDUCED,110,269.35565841197956,R4-VAPOR-SIDE,REGION-4,SaturatedMixture,269.35565841197956,5.447588466292596,0.999999,false,UNRESOLVED,Unspecified,,,,false,,
B1-PIECEWISE-REDUCED,110,269.35565841197956,R2-SIDE,REGION-2,SuperheatedVapor,269.35565841197956,5.447533990407933,,false,UNRESOLVED,Unspecified,,,,false,,
B1-PIECEWISE-REDUCED,111,269.35622538924224,R1-SIDE,REGION-1,SubcooledLiquid,269.35622538924224,5.447691372861352,,true,REGION-1-REDUCED,SubcooledLiquid,269.35524284918847,5.452395159665005,,true,-0.0009825400537692985,0.0047037868036525765
B1-PIECEWISE-REDUCED,111,269.35622538924224,R4-LIQUID-SIDE,REGION-4,SaturatedMixture,269.35622538924224,5.447636896492387,1E-06,false,UNRESOLVED,Unspecified,,,,false,,
B1-PIECEWISE-REDUCED,111,269.35622538924224,R4-VAPOR-SIDE,REGION-4,SaturatedMixture,269.35622538924224,5.447636896492387,0.999999,false,UNRESOLVED,Unspecified,,,,false,,
B1-PIECEWISE-REDUCED,111,269.35622538924224,R2-SIDE,REGION-2,SuperheatedVapor,269.35622538924224,5.447582420123423,,false,UNRESOLVED,Unspecified,,,,false,,
B1-PIECEWISE-REDUCED,112,269.3710194945336,R1-SIDE,REGION-1,SubcooledLiquid,269.3710194945336,5.448955188140975,,true,REGION-1-REDUCED,SubcooledLiquid,269.3700487600954,5.453600199736566,,true,-0.0009707344381695293,0.004645011595591164
B1-PIECEWISE-REDUCED,112,269.3710194945336,R4-LIQUID-SIDE,REGION-4,SaturatedMixture,269.3710194945336,5.448900699133983,1E-06,false,UNRESOLVED,Unspecified,,,,false,,
B1-PIECEWISE-REDUCED,112,269.3710194945336,R4-VAPOR-SIDE,REGION-4,SaturatedMixture,269.3710194945336,5.448900699133983,0.999999,false,UNRESOLVED,Unspecified,,,,false,,
B1-PIECEWISE-REDUCED,112,269.3710194945336,R2-SIDE,REGION-2,SuperheatedVapor,269.3710194945336,5.448846210126992,,false,UNRESOLVED,Unspecified,,,,false,,
B1-PIECEWISE-REDUCED,113,269.3758408248424,R1-SIDE,REGION-1,SubcooledLiquid,269.3758408248424,5.449367108043551,,true,REGION-1-REDUCED,SubcooledLiquid,269.3748740426961,5.453992456637743,,true,-0.000966782146292644,0.004625348594192502
B1-PIECEWISE-REDUCED,113,269.3758408248424,R4-LIQUID-SIDE,REGION-4,SaturatedMixture,269.3758408248424,5.449312614917401,1E-06,false,UNRESOLVED,Unspecified,,,,false,,
B1-PIECEWISE-REDUCED,113,269.3758408248424,R4-VAPOR-SIDE,REGION-4,SaturatedMixture,269.3758408248424,5.449312614917401,0.999999,false,UNRESOLVED,Unspecified,,,,false,,
B1-PIECEWISE-REDUCED,113,269.3758408248424,R2-SIDE,REGION-2,SuperheatedVapor,269.3758408248424,5.449258121791252,,false,UNRESOLVED,Unspecified,,,,false,,
B1-PIECEWISE-REDUCED,114,269.38479275703435,R1-SIDE,REGION-1,SubcooledLiquid,269.38479275703435,5.450131997156127,,true,REGION-1-REDUCED,SubcooledLiquid,269.383833450024,5.454720174065918,,true,-0.0009593070103619539,0.004588176909790853
B1-PIECEWISE-REDUCED,114,269.38479275703435,R4-LIQUID-SIDE,REGION-4,SaturatedMixture,269.38479275703435,5.450077496381163,1E-06,false,UNRESOLVED,Unspecified,,,,false,,
B1-PIECEWISE-REDUCED,114,269.38479275703435,R4-VAPOR-SIDE,REGION-4,SaturatedMixture,269.38479275703435,5.450077496381163,0.999999,false,UNRESOLVED,Unspecified,,,,false,,
B1-PIECEWISE-REDUCED,114,269.38479275703435,R2-SIDE,REGION-2,SuperheatedVapor,269.38479275703435,5.4500229956062,,false,UNRESOLVED,Unspecified,,,,false,,
B1-PIECEWISE-REDUCED,115,269.40271410346065,R1-SIDE,REGION-1,SubcooledLiquid,269.40271410346065,5.45166351544765,,true,REGION-1-REDUCED,SubcooledLiquid,269.4017702956694,5.456174688532202,,true,-0.0009438077912591325,0.004511173084551956
B1-PIECEWISE-REDUCED,115,269.40271410346065,R4-LIQUID-SIDE,REGION-4,SaturatedMixture,269.40271410346065,5.4516089993576555,1E-06,false,UNRESOLVED,Unspecified,,,,false,,
B1-PIECEWISE-REDUCED,115,269.40271410346065,R4-VAPOR-SIDE,REGION-4,SaturatedMixture,269.40271410346065,5.4516089993576555,0.999999,false,UNRESOLVED,Unspecified,,,,false,,
B1-PIECEWISE-REDUCED,115,269.40271410346065,R2-SIDE,REGION-2,SuperheatedVapor,269.40271410346065,5.451554483267662,,false,UNRESOLVED,Unspecified,,,,false,,
B1-PIECEWISE-REDUCED,116,269.4203418850898,R1-SIDE,REGION-1,SubcooledLiquid,269.4203418850898,5.453170266904046,,true,REGION-1-REDUCED,SubcooledLiquid,269.41941401807253,5.457602331536978,,true,-0.0009278670172534476,0.004432064632932331
B1-PIECEWISE-REDUCED,116,269.4203418850898,R4-LIQUID-SIDE,REGION-4,SaturatedMixture,269.4203418850898,5.453115735746688,1E-06,false,UNRESOLVED,Unspecified,,,,false,,
B1-PIECEWISE-REDUCED,116,269.4203418850898,R4-VAPOR-SIDE,REGION-4,SaturatedMixture,269.4203418850898,5.453115735746688,0.999999,false,UNRESOLVED,Unspecified,,,,false,,
B1-PIECEWISE-REDUCED,116,269.4203418850898,R2-SIDE,REGION-2,SuperheatedVapor,269.4203418850898,5.45306120458933,,false,UNRESOLVED,Unspecified,,,,false,,
B1-PIECEWISE-REDUCED,117,269.4265326142312,R1-SIDE,REGION-1,SubcooledLiquid,269.4265326142312,5.453699500822253,,true,REGION-1-REDUCED,SubcooledLiquid,269.4256105091566,5.458102991471658,,true,-0.0009221050745509274,0.0044034906494045956
B1-PIECEWISE-REDUCED,117,269.4265326142312,R4-LIQUID-SIDE,REGION-4,SaturatedMixture,269.4265326142312,5.453644964372609,1E-06,false,UNRESOLVED,Unspecified,,,,false,,
B1-PIECEWISE-REDUCED,117,269.4265326142312,R4-VAPOR-SIDE,REGION-4,SaturatedMixture,269.4265326142312,5.453644964372609,0.999999,false,UNRESOLVED,Unspecified,,,,false,,
B1-PIECEWISE-REDUCED,117,269.4265326142312,R2-SIDE,REGION-2,SuperheatedVapor,269.4265326142312,5.453590427922966,,false,UNRESOLVED,Unspecified,,,,false,,
B1-PIECEWISE-REDUCED,118,269.43838264346107,R1-SIDE,REGION-1,SubcooledLiquid,269.43838264346107,5.454712647159444,,true,REGION-1-REDUCED,SubcooledLiquid,269.43747180499963,5.459060295137706,,true,-0.0009108384614364695,0.004347647978262259
B1-PIECEWISE-REDUCED,118,269.43838264346107,R4-LIQUID-SIDE,REGION-4,SaturatedMixture,269.43838264346107,5.454658100578438,1E-06,false,UNRESOLVED,Unspecified,,,,false,,
B1-PIECEWISE-REDUCED,118,269.43838264346107,R4-VAPOR-SIDE,REGION-4,SaturatedMixture,269.43838264346107,5.454658100578438,0.999999,false,UNRESOLVED,Unspecified,,,,false,,
B1-PIECEWISE-REDUCED,118,269.43838264346107,R2-SIDE,REGION-2,SuperheatedVapor,269.43838264346107,5.4546035539974325,,false,UNRESOLVED,Unspecified,,,,false,,
B1-PIECEWISE-REDUCED,119,269.45672143101694,R1-SIDE,REGION-1,SubcooledLiquid,269.45672143101694,5.4562808485603576,,true,REGION-1-REDUCED,SubcooledLiquid,269.4558286432324,5.46053910500378,,true,-0.0008927877845508192,0.004258256443422148
B1-PIECEWISE-REDUCED,119,269.45672143101694,R4-LIQUID-SIDE,REGION-4,SaturatedMixture,269.45672143101694,5.456226286297494,1E-06,false,UNRESOLVED,Unspecified,,,,false,,
B1-PIECEWISE-REDUCED,119,269.45672143101694,R4-VAPOR-SIDE,REGION-4,SaturatedMixture,269.45672143101694,5.456226286297494,0.999999,false,UNRESOLVED,Unspecified,,,,false,,
B1-PIECEWISE-REDUCED,119,269.45672143101694,R2-SIDE,REGION-2,SuperheatedVapor,269.45672143101694,5.456171724034632,,false,UNRESOLVED,Unspecified,,,,false,,
B1-PIECEWISE-REDUCED,120,269.475270628929,R1-SIDE,REGION-1,SubcooledLiquid,269.475270628929,5.4578673929170325,,true,REGION-1-REDUCED,SubcooledLiquid,269.4743968589305,5.462031561856563,,true,-0.0008737699985204017,0.0041641689395301995
B1-PIECEWISE-REDUCED,120,269.475270628929,R4-LIQUID-SIDE,REGION-4,SaturatedMixture,269.475270628929,5.457812814788884,1E-06,false,UNRESOLVED,Unspecified,,,,false,,
B1-PIECEWISE-REDUCED,120,269.475270628929,R4-VAPOR-SIDE,REGION-4,SaturatedMixture,269.475270628929,5.457812814788884,0.999999,false,UNRESOLVED,Unspecified,,,,false,,
B1-PIECEWISE-REDUCED,120,269.475270628929,R2-SIDE,REGION-2,SuperheatedVapor,269.475270628929,5.4577582366607365,,false,UNRESOLVED,Unspecified,,,,false,,
B1-PIECEWISE-REDUCED,121,269.4799217283727,R1-SIDE,REGION-1,SubcooledLiquid,269.4799217283727,5.45826526457022,,true,REGION-1-REDUCED,SubcooledLiquid,269.47905284685,5.462405263016133,,true,-0.0008688815227060331,0.004139998445912951
B1-PIECEWISE-REDUCED,121,269.4799217283727,R4-LIQUID-SIDE,REGION-4,SaturatedMixture,269.4799217283727,5.4582106824633945,1E-06,false,UNRESOLVED,Unspecified,,,,false,,
B1-PIECEWISE-REDUCED,121,269.4799217283727,R4-VAPOR-SIDE,REGION-4,SaturatedMixture,269.4799217283727,5.4582106824633945,0.999999,false,UNRESOLVED,Unspecified,,,,false,,
B1-PIECEWISE-REDUCED,121,269.4799217283727,R2-SIDE,REGION-2,SuperheatedVapor,269.4799217283727,5.45815610035657,,false,UNRESOLVED,Unspecified,,,,false,,
B1-PIECEWISE-REDUCED,122,269.4845352351666,R1-SIDE,REGION-1,SubcooledLiquid,269.4845352351666,5.4586599422922175,,true,REGION-1-REDUCED,SubcooledLiquid,269.4836712501009,5.462775736464055,,true,-0.000863985065734596,0.004115794171837273
B1-PIECEWISE-REDUCED,122,269.4845352351666,R4-LIQUID-SIDE,REGION-4,SaturatedMixture,269.4845352351666,5.458605356238655,1E-06,false,UNRESOLVED,Unspecified,,,,false,,
B1-PIECEWISE-REDUCED,122,269.4845352351666,R4-VAPOR-SIDE,REGION-4,SaturatedMixture,269.4845352351666,5.458605356238655,0.999999,false,UNRESOLVED,Unspecified,,,,false,,
B1-PIECEWISE-REDUCED,122,269.4845352351666,R2-SIDE,REGION-2,SuperheatedVapor,269.4845352351666,5.458550770185092,,false,UNRESOLVED,Unspecified,,,,false,,
B1-PIECEWISE-REDUCED,123,269.4921368777751,R1-SIDE,REGION-1,SubcooledLiquid,269.4921368777751,5.459310297522943,,true,REGION-1-REDUCED,SubcooledLiquid,269.4912810637501,5.463385712760945,,true,-0.0008558140250443103,0.004075415238002478
B1-PIECEWISE-REDUCED,123,269.4921368777751,R4-LIQUID-SIDE,REGION-4,SaturatedMixture,269.4921368777751,5.4592557049658925,1E-06,false,UNRESOLVED,Unspecified,,,,false,,
B1-PIECEWISE-REDUCED,123,269.4921368777751,R4-VAPOR-SIDE,REGION-4,SaturatedMixture,269.4921368777751,5.4592557049658925,0.999999,false,UNRESOLVED,Unspecified,,,,false,,
B1-PIECEWISE-REDUCED,123,269.4921368777751,R2-SIDE,REGION-2,SuperheatedVapor,269.4921368777751,5.459201112408843,,false,UNRESOLVED,Unspecified,,,,false,,
B1-PIECEWISE-REDUCED,124,269.49399043321625,R1-SIDE,REGION-1,SubcooledLiquid,269.49399043321625,5.4594688866249665,,true,REGION-1-REDUCED,SubcooledLiquid,269.49313663106295,5.463534362088187,,true,-0.0008538021533013307,0.004065475463220558
B1-PIECEWISE-REDUCED,124,269.49399043321625,R4-LIQUID-SIDE,REGION-4,SaturatedMixture,269.49399043321625,5.459414292482041,1E-06,false,UNRESOLVED,Unspecified,,,,false,,
B1-PIECEWISE-REDUCED,124,269.49399043321625,R4-VAPOR-SIDE,REGION-4,SaturatedMixture,269.49399043321625,5.459414292482041,0.999999,false,UNRESOLVED,Unspecified,,,,false,,
B1-PIECEWISE-REDUCED,124,269.49399043321625,R2-SIDE,REGION-2,SuperheatedVapor,269.49399043321625,5.459359698339116,,false,UNRESOLVED,Unspecified,,,,false,,
B1-PIECEWISE-REDUCED,125,269.5075922548773,R1-SIDE,REGION-1,SubcooledLiquid,269.5075922548773,5.460632758023951,,true,REGION-1-REDUCED,SubcooledLiquid,269.50675344995693,5.464624166628348,,true,-0.0008388049203631454,0.003991408604397506
B1-PIECEWISE-REDUCED,125,269.5075922548773,R4-LIQUID-SIDE,REGION-4,SaturatedMixture,269.5075922548773,5.4605781522424275,1E-06,false,UNRESOLVED,Unspecified,,,,false,,
B1-PIECEWISE-REDUCED,125,269.5075922548773,R4-VAPOR-SIDE,REGION-4,SaturatedMixture,269.5075922548773,5.4605781522424275,0.999999,false,UNRESOLVED,Unspecified,,,,false,,
B1-PIECEWISE-REDUCED,125,269.5075922548773,R2-SIDE,REGION-2,SuperheatedVapor,269.5075922548773,5.460523546460905,,false,UNRESOLVED,Unspecified,,,,false,,
B1-PIECEWISE-REDUCED,126,269.512844836712,R1-SIDE,REGION-1,SubcooledLiquid,269.512844836712,5.461082258066538,,true,REGION-1-REDUCED,SubcooledLiquid,269.5120119333192,5.4650445338708895,,true,-0.0008329033928475837,0.003962275804351378
B1-PIECEWISE-REDUCED,126,269.512844836712,R4-LIQUID-SIDE,REGION-4,SaturatedMixture,269.512844836712,5.4610276477900594,1E-06,false,UNRESOLVED,Unspecified,,,,false,,
B1-PIECEWISE-REDUCED,126,269.512844836712,R4-VAPOR-SIDE,REGION-4,SaturatedMixture,269.512844836712,5.4610276477900594,0.999999,false,UNRESOLVED,Unspecified,,,,false,,
B1-PIECEWISE-REDUCED,126,269.512844836712,R2-SIDE,REGION-2,SuperheatedVapor,269.512844836712,5.460973037513582,,false,UNRESOLVED,Unspecified,,,,false,,
B1-PIECEWISE-REDUCED,127,269.5298897445201,R1-SIDE,REGION-1,SubcooledLiquid,269.5298897445201,5.462541104242954,,true,REGION-1-REDUCED,SubcooledLiquid,269.52907641443744,5.4664068069785525,,true,-0.0008133300826784762,0.0038657027355988305
B1-PIECEWISE-REDUCED,127,269.5298897445201,R4-LIQUID-SIDE,REGION-4,SaturatedMixture,269.5298897445201,5.46248647937816,1E-06,false,UNRESOLVED,Unspecified,,,,false,,
B1-PIECEWISE-REDUCED,127,269.5298897445201,R4-VAPOR-SIDE,REGION-4,SaturatedMixture,269.5298897445201,5.46248647937816,0.999999,false,UNRESOLVED,Unspecified,,,,false,,
B1-PIECEWISE-REDUCED,127,269.5298897445201,R2-SIDE,REGION-2,SuperheatedVapor,269.5298897445201,5.462431854513366,,false,UNRESOLVED,Unspecified,,,,false,,
B1-PIECEWISE-REDUCED,128,269.53180425763105,R1-SIDE,REGION-1,SubcooledLiquid,269.53180425763105,5.462704982919726,,true,REGION-1-REDUCED,SubcooledLiquid,269.53099316641635,5.466559644032704,,true,-0.0008110912147003546,0.003854661112978164
B1-PIECEWISE-REDUCED,128,269.53180425763105,R4-LIQUID-SIDE,REGION-4,SaturatedMixture,269.53180425763105,5.4626503564161615,1E-06,false,UNRESOLVED,Unspecified,,,,false,,
B1-PIECEWISE-REDUCED,128,269.53180425763105,R4-VAPOR-SIDE,REGION-4,SaturatedMixture,269.53180425763105,5.4626503564161615,0.999999,false,UNRESOLVED,Unspecified,,,,false,,
B1-PIECEWISE-REDUCED,128,269.53180425763105,R2-SIDE,REGION-2,SuperheatedVapor,269.53180425763105,5.462595729912597,,false,UNRESOLVED,Unspecified,,,,false,,
B1-PIECEWISE-REDUCED,129,269.53814047574997,R1-SIDE,REGION-1,SubcooledLiquid,269.53814047574997,5.463247377896969,,true,REGION-1-REDUCED,SubcooledLiquid,269.537336852366,5.467065216083533,,true,-0.0008036233839447959,0.0038178381865643374
B1-PIECEWISE-REDUCED,129,269.53814047574997,R4-LIQUID-SIDE,REGION-4,SaturatedMixture,269.53814047574997,5.463192745969509,1E-06,false,UNRESOLVED,Unspecified,,,,false,,
B1-PIECEWISE-REDUCED,129,269.53814047574997,R4-VAPOR-SIDE,REGION-4,SaturatedMixture,269.53814047574997,5.463192745969509,0.999999,false,UNRESOLVED,Unspecified,,,,false,,
B1-PIECEWISE-REDUCED,129,269.53814047574997,R2-SIDE,REGION-2,SuperheatedVapor,269.53814047574997,5.463138114042049,,false,UNRESOLVED,Unspecified,,,,false,,
B1-PIECEWISE-REDUCED,130,269.55084462165814,R1-SIDE,REGION-1,SubcooledLiquid,269.55084462165814,5.464335006150141,,true,REGION-1-REDUCED,SubcooledLiquid,269.55005624033674,5.468077719410972,,true,-0.0007883813213993562,0.0037427132608307545
B1-PIECEWISE-REDUCED,130,269.55084462165814,R4-LIQUID-SIDE,REGION-4,SaturatedMixture,269.55084462165814,5.464280363346507,1E-06,false,UNRESOLVED,Unspecified,,,,false,,
B1-PIECEWISE-REDUCED,130,269.55084462165814,R4-VAPOR-SIDE,REGION-4,SaturatedMixture,269.55084462165814,5.464280363346507,0.999999,false,UNRESOLVED,Unspecified,,,,false,,
B1-PIECEWISE-REDUCED,130,269.55084462165814,R2-SIDE,REGION-2,SuperheatedVapor,269.55084462165814,5.464225720542874,,false,UNRESOLVED,Unspecified,,,,false,,
B1-PIECEWISE-REDUCED,131,269.5699443995951,R1-SIDE,REGION-1,SubcooledLiquid,269.5699443995951,5.46597048883064,,true,REGION-1-REDUCED,SubcooledLiquid,269.56917960935914,5.469597006630894,,true,-0.0007647902359622094,0.0036265178002539145
B1-PIECEWISE-REDUCED,131,269.5699443995951,R4-LIQUID-SIDE,REGION-4,SaturatedMixture,269.5699443995951,5.465915829672343,1E-06,false,UNRESOLVED,Unspecified,,,,false,,
B1-PIECEWISE-REDUCED,131,269.5699443995951,R4-VAPOR-SIDE,REGION-4,SaturatedMixture,269.5699443995951,5.465915829672343,0.999999,false,UNRESOLVED,Unspecified,,,,false,,
B1-PIECEWISE-REDUCED,131,269.5699443995951,R2-SIDE,REGION-2,SuperheatedVapor,269.5699443995951,5.465861170514047,,false,UNRESOLVED,Unspecified,,,,false,,
B1-PIECEWISE-REDUCED,132,269.5759793758393,R1-SIDE,REGION-1,SubcooledLiquid,269.5759793758393,5.466487331653491,,true,REGION-1-REDUCED,SubcooledLiquid,269.5752222084751,5.470076323625974,,true,-0.0007571673642132737,0.0035889919724825248
B1-PIECEWISE-REDUCED,132,269.5759793758393,R4-LIQUID-SIDE,REGION-4,SaturatedMixture,269.5759793758393,5.466432667326818,1E-06,false,UNRESOLVED,Unspecified,,,,false,,
B1-PIECEWISE-REDUCED,132,269.5759793758393,R4-VAPOR-SIDE,REGION-4,SaturatedMixture,269.5759793758393,5.466432667326818,0.999999,false,UNRESOLVED,Unspecified,,,,false,,
B1-PIECEWISE-REDUCED,132,269.5759793758393,R2-SIDE,REGION-2,SuperheatedVapor,269.5759793758393,5.466378003000145,,false,UNRESOLVED,Unspecified,,,,false,,
B1-PIECEWISE-REDUCED,133,269.58908331394184,R1-SIDE,REGION-1,SubcooledLiquid,269.58908331394184,5.467609697582076,,true,REGION-1-REDUCED,SubcooledLiquid,269.5883429774623,5.471115867360028,,true,-0.0007403364795663947,0.0035061697779523726
B1-PIECEWISE-REDUCED,133,269.58908331394184,R4-LIQUID-SIDE,REGION-4,SaturatedMixture,269.58908331394184,5.467555022031855,1E-06,false,UNRESOLVED,Unspecified,,,,false,,
B1-PIECEWISE-REDUCED,133,269.58908331394184,R4-VAPOR-SIDE,REGION-4,SaturatedMixture,269.58908331394184,5.467555022031855,0.999999,false,UNRESOLVED,Unspecified,,,,false,,
B1-PIECEWISE-REDUCED,133,269.58908331394184,R2-SIDE,REGION-2,SuperheatedVapor,269.58908331394184,5.467500346481636,,false,UNRESOLVED,Unspecified,,,,false,,
B1-PIECEWISE-REDUCED,134,269.60824417471883,R1-SIDE,REGION-1,SubcooledLiquid,269.60824417471883,5.469251161973122,,true,REGION-1-REDUCED,SubcooledLiquid,269.60752913685053,5.472632922411295,,true,-0.0007150378683036251,0.003381760438172954
B1-PIECEWISE-REDUCED,134,269.60824417471883,R4-LIQUID-SIDE,REGION-4,SaturatedMixture,269.60824417471883,5.469196470008422,1E-06,false,UNRESOLVED,Unspecified,,,,false,,
B1-PIECEWISE-REDUCED,134,269.60824417471883,R4-VAPOR-SIDE,REGION-4,SaturatedMixture,269.60824417471883,5.469196470008422,0.999999,false,UNRESOLVED,Unspecified,,,,false,,
B1-PIECEWISE-REDUCED,134,269.60824417471883,R2-SIDE,REGION-2,SuperheatedVapor,269.60824417471883,5.4691417780437215,,false,UNRESOLVED,Unspecified,,,,false,,
B1-PIECEWISE-REDUCED,135,269.6106666266918,R1-SIDE,REGION-1,SubcooledLiquid,269.6106666266918,5.469458714337857,,true,REGION-1-REDUCED,SubcooledLiquid,269.6099548454607,5.4728244666389045,,true,-0.0007117812310752925,0.003365752301047742
B1-PIECEWISE-REDUCED,135,269.6106666266918,R4-LIQUID-SIDE,REGION-4,SaturatedMixture,269.6106666266918,5.469404020297653,1E-06,false,UNRESOLVED,Unspecified,,,,false,,
B1-PIECEWISE-REDUCED,135,269.6106666266918,R4-VAPOR-SIDE,REGION-4,SaturatedMixture,269.6106666266918,5.469404020297653,0.999999,false,UNRESOLVED,Unspecified,,,,false,,
B1-PIECEWISE-REDUCED,135,269.6106666266918,R2-SIDE,REGION-2,SuperheatedVapor,269.6106666266918,5.469349326257451,,false,UNRESOLVED,Unspecified,,,,false,,
B1-PIECEWISE-REDUCED,136,269.627409541607,R1-SIDE,REGION-1,SubcooledLiquid,269.627409541607,5.470893388772006,,true,REGION-1-REDUCED,SubcooledLiquid,269.62672062611716,5.474146785572392,,true,-0.0006889154898317429,0.0032533968003862768
B1-PIECEWISE-REDUCED,136,269.627409541607,R4-LIQUID-SIDE,REGION-4,SaturatedMixture,269.627409541607,5.470838680385202,1E-06,false,UNRESOLVED,Unspecified,,,,false,,
B1-PIECEWISE-REDUCED,136,269.627409541607,R4-VAPOR-SIDE,REGION-4,SaturatedMixture,269.627409541607,5.470838680385202,0.999999,false,UNRESOLVED,Unspecified,,,,false,,
B1-PIECEWISE-REDUCED,136,269.627409541607,R2-SIDE,REGION-2,SuperheatedVapor,269.627409541607,5.470783971998398,,false,UNRESOLVED,Unspecified,,,,false,,
B1-PIECEWISE-REDUCED,137,269.644376009703,R1-SIDE,REGION-1,SubcooledLiquid,269.644376009703,5.472347512237635,,true,REGION-1-REDUCED,SubcooledLiquid,269.64371090222755,5.475483998708812,,true,-0.0006651074754699948,0.003136486471177591
B1-PIECEWISE-REDUCED,137,269.644376009703,R4-LIQUID-SIDE,REGION-4,SaturatedMixture,269.644376009703,5.4722927893097415,1E-06,false,UNRESOLVED,Unspecified,,,,false,,
B1-PIECEWISE-REDUCED,137,269.644376009703,R4-VAPOR-SIDE,REGION-4,SaturatedMixture,269.644376009703,5.4722927893097415,0.999999,false,UNRESOLVED,Unspecified,,,,false,,
B1-PIECEWISE-REDUCED,137,269.644376009703,R2-SIDE,REGION-2,SuperheatedVapor,269.644376009703,5.472238066381848,,false,UNRESOLVED,Unspecified,,,,false,,
B1-PIECEWISE-REDUCED,138,269.6465640187264,R1-SIDE,REGION-1,SubcooledLiquid,269.6465640187264,5.472535058619946,,true,REGION-1-REDUCED,SubcooledLiquid,269.64590202823604,5.475656244471005,,true,-0.0006619904903573115,0.0031211858510591384
B1-PIECEWISE-REDUCED,138,269.6465640187264,R4-LIQUID-SIDE,REGION-4,SaturatedMixture,269.6465640187264,5.472480333816607,1E-06,false,UNRESOLVED,Unspecified,,,,false,,
B1-PIECEWISE-REDUCED,138,269.6465640187264,R4-VAPOR-SIDE,REGION-4,SaturatedMixture,269.6465640187264,5.472480333816607,0.999999,false,UNRESOLVED,Unspecified,,,,false,,
B1-PIECEWISE-REDUCED,138,269.6465640187264,R2-SIDE,REGION-2,SuperheatedVapor,269.6465640187264,5.4724256090132695,,false,UNRESOLVED,Unspecified,,,,false,,
B1-PIECEWISE-REDUCED,139,269.665693461895,R1-SIDE,REGION-1,SubcooledLiquid,269.665693461895,5.474174958265123,,true,REGION-1-REDUCED,SubcooledLiquid,269.6650591770913,5.477160196410938,,true,-0.0006342848037093063,0.0029852381458148614
B1-PIECEWISE-REDUCED,139,269.665693461895,R4-LIQUID-SIDE,REGION-4,SaturatedMixture,269.665693461895,5.474120217062952,1E-06,false,UNRESOLVED,Unspecified,,,,false,,
B1-PIECEWISE-REDUCED,139,269.665693461895,R4-VAPOR-SIDE,REGION-4,SaturatedMixture,269.665693461895,5.474120217062952,0.999999,false,UNRESOLVED,Unspecified,,,,false,,
B1-PIECEWISE-REDUCED,139,269.665693461895,R2-SIDE,REGION-2,SuperheatedVapor,269.665693461895,5.474065475860781,,false,UNRESOLVED,Unspecified,,,,false,,
B1-PIECEWISE-REDUCED,140,269.67791057229067,R1-SIDE,REGION-1,SubcooledLiquid,269.67791057229067,5.475222484340766,,true,REGION-1-REDUCED,SubcooledLiquid,269.6772944086123,5.478118855308001,,true,-0.0006161636783872382,0.002896370967234496
B1-PIECEWISE-REDUCED,140,269.67791057229067,R4-LIQUID-SIDE,REGION-4,SaturatedMixture,269.67791057229067,5.475167732663439,1E-06,false,UNRESOLVED,Unspecified,,,,false,,
B1-PIECEWISE-REDUCED,140,269.67791057229067,R4-VAPOR-SIDE,REGION-4,SaturatedMixture,269.67791057229067,5.475167732663439,0.999999,false,UNRESOLVED,Unspecified,,,,false,,
B1-PIECEWISE-REDUCED,140,269.67791057229067,R2-SIDE,REGION-2,SuperheatedVapor,269.67791057229067,5.475112980986113,,false,UNRESOLVED,Unspecified,,,,false,,
B1-PIECEWISE-REDUCED,141,269.6847838103771,R1-SIDE,REGION-1,SubcooledLiquid,269.6847838103771,5.4758118805031835,,true,REGION-1-REDUCED,SubcooledLiquid,269.6841779877292,5.478657555649995,,true,-0.0006058226479126461,0.0028456751468111108
B1-PIECEWISE-REDUCED,141,269.6847838103771,R4-LIQUID-SIDE,REGION-4,SaturatedMixture,269.6847838103771,5.475757122931954,1E-06,false,UNRESOLVED,Unspecified,,,,false,,
B1-PIECEWISE-REDUCED,141,269.6847838103771,R4-VAPOR-SIDE,REGION-4,SaturatedMixture,269.6847838103771,5.475757122931954,0.999999,false,UNRESOLVED,Unspecified,,,,false,,
B1-PIECEWISE-REDUCED,141,269.6847838103771,R2-SIDE,REGION-2,SuperheatedVapor,269.6847838103771,5.475702365360725,,false,UNRESOLVED,Unspecified,,,,false,,
B1-PIECEWISE-REDUCED,142,269.69983050823214,R1-SIDE,REGION-1,SubcooledLiquid,269.69983050823214,5.477102338976331,,true,REGION-1-REDUCED,SubcooledLiquid,269.69924769155216,5.479835273393574,,true,-0.0005828166799801693,0.0027329344172430936
B1-PIECEWISE-REDUCED,142,269.69983050823214,R4-LIQUID-SIDE,REGION-4,SaturatedMixture,269.69983050823214,5.4770475685006454,1E-06,false,UNRESOLVED,Unspecified,,,,false,,
B1-PIECEWISE-REDUCED,142,269.69983050823214,R4-VAPOR-SIDE,REGION-4,SaturatedMixture,269.69983050823214,5.4770475685006454,0.999999,false,UNRESOLVED,Unspecified,,,,false,,
B1-PIECEWISE-REDUCED,142,269.69983050823214,R2-SIDE,REGION-2,SuperheatedVapor,269.69983050823214,5.476992798024961,,false,UNRESOLVED,Unspecified,,,,false,,
B1-PIECEWISE-REDUCED,143,269.7038233816626,R1-SIDE,REGION-1,SubcooledLiquid,269.7038233816626,5.477444821025131,,true,REGION-1-REDUCED,SubcooledLiquid,269.7032467547308,5.480147432626405,,true,-0.0005766269317746264,0.00270261160127383
B1-PIECEWISE-REDUCED,143,269.7038233816626,R4-LIQUID-SIDE,REGION-4,SaturatedMixture,269.7038233816626,5.4773900471246595,1E-06,false,UNRESOLVED,Unspecified,,,,false,,
B1-PIECEWISE-REDUCED,143,269.7038233816626,R4-VAPOR-SIDE,REGION-4,SaturatedMixture,269.7038233816626,5.4773900471246595,0.999999,false,UNRESOLVED,Unspecified,,,,false,,
B1-PIECEWISE-REDUCED,143,269.7038233816626,R2-SIDE,REGION-2,SuperheatedVapor,269.7038233816626,5.477335273224188,,false,UNRESOLVED,Unspecified,,,,false,,
B1-PIECEWISE-REDUCED,144,269.7115400552751,R1-SIDE,REGION-1,SubcooledLiquid,269.7115400552751,5.478106752151417,,true,REGION-1-REDUCED,SubcooledLiquid,269.71097549147976,5.480750279876458,,true,-0.0005645637953648475,0.0026435277250405065
B1-PIECEWISE-REDUCED,144,269.7115400552751,R4-LIQUID-SIDE,REGION-4,SaturatedMixture,269.7115400552751,5.4780519716317,1E-06,false,UNRESOLVED,Unspecified,,,,false,,
B1-PIECEWISE-REDUCED,144,269.7115400552751,R4-VAPOR-SIDE,REGION-4,SaturatedMixture,269.7115400552751,5.4780519716317,0.999999,false,UNRESOLVED,Unspecified,,,,false,,
B1-PIECEWISE-REDUCED,144,269.7115400552751,R2-SIDE,REGION-2,SuperheatedVapor,269.7115400552751,5.477997191111984,,false,UNRESOLVED,Unspecified,,,,false,,
B1-PIECEWISE-REDUCED,145,269.7228007018567,R1-SIDE,REGION-1,SubcooledLiquid,269.7228007018567,5.479072792513621,,true,REGION-1-REDUCED,SubcooledLiquid,269.7222539796537,5.481628962528916,,true,-0.0005467222030119956,0.002556170015294512
B1-PIECEWISE-REDUCED,145,269.7228007018567,R4-LIQUID-SIDE,REGION-4,SaturatedMixture,269.7228007018567,5.479018002333597,1E-06,false,UNRESOLVED,Unspecified,,,,false,,
B1-PIECEWISE-REDUCED,145,269.7228007018567,R4-VAPOR-SIDE,REGION-4,SaturatedMixture,269.7228007018567,5.479018002333597,0.999999,false,UNRESOLVED,Unspecified,,,,false,,
B1-PIECEWISE-REDUCED,145,269.7228007018567,R2-SIDE,REGION-2,SuperheatedVapor,269.7228007018567,5.478963212153574,,false,UNRESOLVED,Unspecified,,,,false,,
B1-PIECEWISE-REDUCED,146,269.7417052984239,R1-SIDE,REGION-1,SubcooledLiquid,269.7417052984239,5.480694892698527,,true,REGION-1-REDUCED,SubcooledLiquid,269.7411891651317,5.483101366702408,,true,-0.000516133292194354,0.002406474003881165
B1-PIECEWISE-REDUCED,146,269.7417052984239,R4-LIQUID-SIDE,REGION-4,SaturatedMixture,269.7417052984239,5.480640086297664,1E-06,false,UNRESOLVED,Unspecified,,,,false,,
B1-PIECEWISE-REDUCED,146,269.7417052984239,R4-VAPOR-SIDE,REGION-4,SaturatedMixture,269.7417052984239,5.480640086297664,0.999999,false,UNRESOLVED,Unspecified,,,,false,,
B1-PIECEWISE-REDUCED,146,269.7417052984239,R2-SIDE,REGION-2,SuperheatedVapor,269.7417052984239,5.480585279896801,,false,UNRESOLVED,Unspecified,,,,false,,
B1-PIECEWISE-REDUCED,147,269.74532633423803,R1-SIDE,REGION-1,SubcooledLiquid,269.74532633423803,5.481005635844626,,true,REGION-1-REDUCED,SubcooledLiquid,269.744816151024,5.483383002252636,,true,-0.0005101832140326223,0.0023773664080097845
B1-PIECEWISE-REDUCED,147,269.74532633423803,R4-LIQUID-SIDE,REGION-4,SaturatedMixture,269.74532633423803,5.480950826336363,1E-06,false,UNRESOLVED,Unspecified,,,,false,,
B1-PIECEWISE-REDUCED,147,269.74532633423803,R4-VAPOR-SIDE,REGION-4,SaturatedMixture,269.74532633423803,5.480950826336363,0.999999,false,UNRESOLVED,Unspecified,,,,false,,
B1-PIECEWISE-REDUCED,147,269.74532633423803,R2-SIDE,REGION-2,SuperheatedVapor,269.74532633423803,5.480896016828099,,false,UNRESOLVED,Unspecified,,,,false,,
B1-PIECEWISE-REDUCED,148,269.7605286598206,R1-SIDE,REGION-1,SubcooledLiquid,269.7605286598206,5.48231038682962,,true,REGION-1-REDUCED,SubcooledLiquid,269.7600437763481,5.484564026137166,,true,-0.00048488347249531216,0.0022536393075460737
B1-PIECEWISE-REDUCED,148,269.7605286598206,R4-LIQUID-SIDE,REGION-4,SaturatedMixture,269.7605286598206,5.482255564273977,1E-06,false,UNRESOLVED,Unspecified,,,,false,,
B1-PIECEWISE-REDUCED,148,269.7605286598206,R4-VAPOR-SIDE,REGION-4,SaturatedMixture,269.7605286598206,5.482255564273977,0.999999,false,UNRESOLVED,Unspecified,,,,false,,
B1-PIECEWISE-REDUCED,148,269.7605286598206,R2-SIDE,REGION-2,SuperheatedVapor,269.7605286598206,5.4822007417183345,,false,UNRESOLVED,Unspecified,,,,false,,
B1-PIECEWISE-REDUCED,149,269.77926023006455,R1-SIDE,REGION-1,SubcooledLiquid,269.77926023006455,5.483918363996075,,true,REGION-1-REDUCED,SubcooledLiquid,269.7788072291298,5.486016169455467,,true,-0.00045300093472633307,0.002097805459391644
B1-PIECEWISE-REDUCED,149,269.77926023006455,R4-LIQUID-SIDE,REGION-4,SaturatedMixture,269.77926023006455,5.483863525360821,1E-06,false,UNRESOLVED,Unspecified,,,,false,,
B1-PIECEWISE-REDUCED,149,269.77926023006455,R4-VAPOR-SIDE,REGION-4,SaturatedMixture,269.77926023006455,5.483863525360821,0.999999,false,UNRESOLVED,Unspecified,,,,false,,
B1-PIECEWISE-REDUCED,149,269.77926023006455,R2-SIDE,REGION-2,SuperheatedVapor,269.77926023006455,5.483808686725568,,false,UNRESOLVED,Unspecified,,,,false,,
B1-PIECEWISE-REDUCED,150,269.7792617738247,R1-SIDE,REGION-1,SubcooledLiquid,269.7792617738247,5.4839184965321355,,true,REGION-1-REDUCED,SubcooledLiquid,269.7788087755498,5.486016288994894,,true,-0.00045299827490907774,0.002097792462758541
B1-PIECEWISE-REDUCED,150,269.7792617738247,R4-LIQUID-SIDE,REGION-4,SaturatedMixture,269.7792617738247,5.483863657895556,1E-06,false,UNRESOLVED,Unspecified,,,,false,,
B1-PIECEWISE-REDUCED,150,269.7792617738247,R4-VAPOR-SIDE,REGION-4,SaturatedMixture,269.7792617738247,5.483863657895556,0.999999,false,UNRESOLVED,Unspecified,,,,false,,
B1-PIECEWISE-REDUCED,150,269.7792617738247,R2-SIDE,REGION-2,SuperheatedVapor,269.7792617738247,5.483808819258978,,false,UNRESOLVED,Unspecified,,,,false,,
B1-PIECEWISE-REDUCED,151,269.7978978395462,R1-SIDE,REGION-1,SubcooledLiquid,269.7978978395462,5.485518632651617,,true,REGION-1-REDUCED,SubcooledLiquid,269.79747733875513,5.487457680496693,,true,-0.0004205007910513814,0.0019390478450755921
B1-PIECEWISE-REDUCED,151,269.7978978395462,R4-LIQUID-SIDE,REGION-4,SaturatedMixture,269.7978978395462,5.485463778013837,1E-06,false,UNRESOLVED,Unspecified,,,,false,,
B1-PIECEWISE-REDUCED,151,269.7978978395462,R4-VAPOR-SIDE,REGION-4,SaturatedMixture,269.7978978395462,5.485463778013837,0.999999,false,UNRESOLVED,Unspecified,,,,false,,
B1-PIECEWISE-REDUCED,151,269.7978978395462,R2-SIDE,REGION-2,SuperheatedVapor,269.7978978395462,5.485408923376057,,false,UNRESOLVED,Unspecified,,,,false,,
B1-PIECEWISE-REDUCED,152,269.81331082582483,R1-SIDE,REGION-1,SubcooledLiquid,269.81331082582483,5.486842296970016,,true,REGION-1-REDUCED,SubcooledLiquid,269.8129177881681,5.4886472640053485,,true,-0.00039303765674958413,0.0018049670353326164
B1-PIECEWISE-REDUCED,152,269.81331082582483,R4-LIQUID-SIDE,REGION-4,SaturatedMixture,269.81331082582483,5.486787429095725,1E-06,false,UNRESOLVED,Unspecified,,,,false,,
B1-PIECEWISE-REDUCED,152,269.81331082582483,R4-VAPOR-SIDE,REGION-4,SaturatedMixture,269.81331082582483,5.486787429095725,0.999999,false,UNRESOLVED,Unspecified,,,,false,,
B1-PIECEWISE-REDUCED,152,269.81331082582483,R2-SIDE,REGION-2,SuperheatedVapor,269.81331082582483,5.486732561221434,,false,UNRESOLVED,Unspecified,,,,false,,
B1-PIECEWISE-REDUCED,153,269.81642926335314,R1-SIDE,REGION-1,SubcooledLiquid,269.81642926335314,5.487110137449842,,true,REGION-1-REDUCED,SubcooledLiquid,269.81604184672983,5.488887669320163,,true,-0.00038741662331176485,0.0017775318703208143
B1-PIECEWISE-REDUCED,153,269.81642926335314,R4-LIQUID-SIDE,REGION-4,SaturatedMixture,269.81642926335314,5.487055266897173,1E-06,false,UNRESOLVED,Unspecified,,,,false,,
B1-PIECEWISE-REDUCED,153,269.81642926335314,R4-VAPOR-SIDE,REGION-4,SaturatedMixture,269.81642926335314,5.487055266897173,0.999999,false,UNRESOLVED,Unspecified,,,,false,,
B1-PIECEWISE-REDUCED,153,269.81642926335314,R2-SIDE,REGION-2,SuperheatedVapor,269.81642926335314,5.487000396344504,,false,UNRESOLVED,Unspecified,,,,false,,
B1-PIECEWISE-REDUCED,154,269.8348390221596,R1-SIDE,REGION-1,SubcooledLiquid,269.8348390221596,5.488691542558491,,true,REGION-1-REDUCED,SubcooledLiquid,269.8344852321736,5.490305004068329,,true,-0.00035378998597934697,0.00161346150983821
B1-PIECEWISE-REDUCED,154,269.8348390221596,R4-LIQUID-SIDE,REGION-4,SaturatedMixture,269.8348390221596,5.488636656191929,1E-06,false,UNRESOLVED,Unspecified,,,,false,,
B1-PIECEWISE-REDUCED,154,269.8348390221596,R4-VAPOR-SIDE,REGION-4,SaturatedMixture,269.8348390221596,5.488636656191929,0.999999,false,UNRESOLVED,Unspecified,,,,false,,
B1-PIECEWISE-REDUCED,154,269.8348390221596,R2-SIDE,REGION-2,SuperheatedVapor,269.8348390221596,5.488581769825367,,false,UNRESOLVED,Unspecified,,,,false,,
B1-PIECEWISE-REDUCED,155,269.8474434912206,R1-SIDE,REGION-1,SubcooledLiquid,269.8474434912206,5.4897744718036146,,true,REGION-1-REDUCED,SubcooledLiquid,269.84711316091455,5.491273523561577,,true,-0.00033033030604201485,0.0014990517579622775
B1-PIECEWISE-REDUCED,155,269.8474434912206,R4-LIQUID-SIDE,REGION-4,SaturatedMixture,269.8474434912206,5.489719574607868,1E-06,false,UNRESOLVED,Unspecified,,,,false,,
B1-PIECEWISE-REDUCED,155,269.8474434912206,R4-VAPOR-SIDE,REGION-4,SaturatedMixture,269.8474434912206,5.489719574607868,0.999999,false,UNRESOLVED,Unspecified,,,,false,,
B1-PIECEWISE-REDUCED,155,269.8474434912206,R2-SIDE,REGION-2,SuperheatedVapor,269.8474434912206,5.489664677412122,,false,UNRESOLVED,Unspecified,,,,false,,
B1-PIECEWISE-REDUCED,156,269.85314221978194,R1-SIDE,REGION-1,SubcooledLiquid,269.85314221978194,5.490264138981578,,true,REGION-1-REDUCED,SubcooledLiquid,269.85282261262546,5.491710909839776,,true,-0.00031960715648438054,0.0014467708581982208
B1-PIECEWISE-REDUCED,156,269.85314221978194,R4-LIQUID-SIDE,REGION-4,SaturatedMixture,269.85314221978194,5.490209236889209,1E-06,false,UNRESOLVED,Unspecified,,,,false,,
B1-PIECEWISE-REDUCED,156,269.85314221978194,R4-VAPOR-SIDE,REGION-4,SaturatedMixture,269.85314221978194,5.490209236889209,0.999999,false,UNRESOLVED,Unspecified,,,,false,,
B1-PIECEWISE-REDUCED,156,269.85314221978194,R2-SIDE,REGION-2,SuperheatedVapor,269.85314221978194,5.4901543347968405,,false,UNRESOLVED,Unspecified,,,,false,,
B1-PIECEWISE-REDUCED,157,269.86491042971613,R1-SIDE,REGION-1,SubcooledLiquid,269.86491042971613,5.491275436069505,,true,REGION-1-REDUCED,SubcooledLiquid,269.8646131962489,5.492613152301945,,true,-0.0002972334672222132,0.001337716232439945
B1-PIECEWISE-REDUCED,157,269.86491042971613,R4-LIQUID-SIDE,REGION-4,SaturatedMixture,269.86491042971613,5.491220523864266,1E-06,false,UNRESOLVED,Unspecified,,,,false,,
B1-PIECEWISE-REDUCED,157,269.86491042971613,R4-VAPOR-SIDE,REGION-4,SaturatedMixture,269.86491042971613,5.491220523864266,0.999999,false,UNRESOLVED,Unspecified,,,,false,,
B1-PIECEWISE-REDUCED,157,269.86491042971613,R2-SIDE,REGION-2,SuperheatedVapor,269.86491042971613,5.491165611659028,,false,UNRESOLVED,Unspecified,,,,false,,
B1-PIECEWISE-REDUCED,158,269.87132650613796,R1-SIDE,REGION-1,SubcooledLiquid,269.87132650613796,5.491826859306679,,true,REGION-1-REDUCED,SubcooledLiquid,269.8710416013221,5.493104499111124,,true,-0.00028490481588505645,0.0012776398044449522
B1-PIECEWISE-REDUCED,158,269.87132650613796,R4-LIQUID-SIDE,REGION-4,SaturatedMixture,269.87132650613796,5.491771941587262,1E-06,false,UNRESOLVED,Unspecified,,,,false,,
B1-PIECEWISE-REDUCED,158,269.87132650613796,R4-VAPOR-SIDE,REGION-4,SaturatedMixture,269.87132650613796,5.491771941587262,0.999999,false,UNRESOLVED,Unspecified,,,,false,,
B1-PIECEWISE-REDUCED,158,269.87132650613796,R2-SIDE,REGION-2,SuperheatedVapor,269.87132650613796,5.491717023867847,,false,UNRESOLVED,Unspecified,,,,false,,
B1-PIECEWISE-REDUCED,159,269.8816254317761,R1-SIDE,REGION-1,SubcooledLiquid,269.8816254317761,5.4927120785164485,,true,REGION-1-REDUCED,SubcooledLiquid,269.8813605090701,5.493892371455827,,true,-0.000264922706037396,0.001180292939378269
B1-PIECEWISE-REDUCED,159,269.8816254317761,R4-LIQUID-SIDE,REGION-4,SaturatedMixture,269.8816254317761,5.492657151944929,1E-06,false,UNRESOLVED,Unspecified,,,,false,,
B1-PIECEWISE-REDUCED,159,269.8816254317761,R4-VAPOR-SIDE,REGION-4,SaturatedMixture,269.8816254317761,5.492657151944929,0.999999,false,UNRESOLVED,Unspecified,,,,false,,
B1-PIECEWISE-REDUCED,159,269.8816254317761,R2-SIDE,REGION-2,SuperheatedVapor,269.8816254317761,5.4926022253734095,,false,UNRESOLVED,Unspecified,,,,false,,
B1-PIECEWISE-REDUCED,160,269.8893888354303,R1-SIDE,REGION-1,SubcooledLiquid,269.8893888354303,5.49337943508812,,true,REGION-1-REDUCED,SubcooledLiquid,269.88913913217846,5.494485603163308,,true,-0.0002497032518249398,0.0011061680751875969
B1-PIECEWISE-REDUCED,160,269.8893888354303,R4-LIQUID-SIDE,REGION-4,SaturatedMixture,269.8893888354303,5.493324501843102,1E-06,false,UNRESOLVED,Unspecified,,,,false,,
B1-PIECEWISE-REDUCED,160,269.8893888354303,R4-VAPOR-SIDE,REGION-4,SaturatedMixture,269.8893888354303,5.493324501843102,0.999999,false,UNRESOLVED,Unspecified,,,,false,,
B1-PIECEWISE-REDUCED,160,269.8893888354303,R2-SIDE,REGION-2,SuperheatedVapor,269.8893888354303,5.493269568598083,,false,UNRESOLVED,Unspecified,,,,false,,
B1-PIECEWISE-REDUCED,161,269.90732603669187,R1-SIDE,REGION-1,SubcooledLiquid,269.90732603669187,5.494921586934781,,true,REGION-1-REDUCED,SubcooledLiquid,269.907112013286,5.4958540453599145,,true,-0.00021402340587428625,0.0009324584251331203
B1-PIECEWISE-REDUCED,161,269.90732603669187,R4-LIQUID-SIDE,REGION-4,SaturatedMixture,269.90732603669187,5.494866638268398,1E-06,false,UNRESOLVED,Unspecified,,,,false,,
B1-PIECEWISE-REDUCED,161,269.90732603669187,R4-VAPOR-SIDE,REGION-4,SaturatedMixture,269.90732603669187,5.494866638268398,0.999999,false,UNRESOLVED,Unspecified,,,,false,,
B1-PIECEWISE-REDUCED,161,269.90732603669187,R2-SIDE,REGION-2,SuperheatedVapor,269.90732603669187,5.494811689602016,,false,UNRESOLVED,Unspecified,,,,false,,
B1-PIECEWISE-REDUCED,162,269.9158253133297,R1-SIDE,REGION-1,SubcooledLiquid,269.9158253133297,5.495652428115587,,true,REGION-1-REDUCED,SubcooledLiquid,269.9156284476278,5.49650138519957,,true,-0.0001968657019233433,0.0008489570839831373
B1-PIECEWISE-REDUCED,162,269.9158253133297,R4-LIQUID-SIDE,REGION-4,SaturatedMixture,269.9158253133297,5.495597472140865,1E-06,false,UNRESOLVED,Unspecified,,,,false,,
B1-PIECEWISE-REDUCED,162,269.9158253133297,R4-VAPOR-SIDE,REGION-4,SaturatedMixture,269.9158253133297,5.495597472140865,0.999999,false,UNRESOLVED,Unspecified,,,,false,,
B1-PIECEWISE-REDUCED,162,269.9158253133297,R2-SIDE,REGION-2,SuperheatedVapor,269.9158253133297,5.495542516166144,,false,UNRESOLVED,Unspecified,,,,false,,
B1-PIECEWISE-REDUCED,163,269.92513548135753,R1-SIDE,REGION-1,SubcooledLiquid,269.92513548135753,5.496453081915134,,true,REGION-1-REDUCED,SubcooledLiquid,269.9249575958348,5.497209691974693,,true,-0.00017788552270303626,0.0007566100595592928
B1-PIECEWISE-REDUCED,163,269.92513548135753,R4-LIQUID-SIDE,REGION-4,SaturatedMixture,269.92513548135753,5.496398117933954,1E-06,false,UNRESOLVED,Unspecified,,,,false,,
B1-PIECEWISE-REDUCED,163,269.92513548135753,R4-VAPOR-SIDE,REGION-4,SaturatedMixture,269.92513548135753,5.496398117933954,0.999999,false,UNRESOLVED,Unspecified,,,,false,,
B1-PIECEWISE-REDUCED,163,269.92513548135753,R2-SIDE,REGION-2,SuperheatedVapor,269.92513548135753,5.496343153952775,,false,UNRESOLVED,Unspecified,,,,false,,
B1-PIECEWISE-REDUCED,164,269.93746799826624,R1-SIDE,REGION-1,SubcooledLiquid,269.93746799826624,5.497513788137708,,true,REGION-1-REDUCED,SubcooledLiquid,269.93731555310285,5.498146657972562,,true,-0.0001524451633940771,0.0006328698348543327
B1-PIECEWISE-REDUCED,164,269.93746799826624,R4-LIQUID-SIDE,REGION-4,SaturatedMixture,269.93746799826624,5.497458813549572,1E-06,false,UNRESOLVED,Unspecified,,,,false,,
B1-PIECEWISE-REDUCED,164,269.93746799826624,R4-VAPOR-SIDE,REGION-4,SaturatedMixture,269.93746799826624,5.497458813549572,0.999999,false,UNRESOLVED,Unspecified,,,,false,,
B1-PIECEWISE-REDUCED,164,269.93746799826624,R2-SIDE,REGION-2,SuperheatedVapor,269.93746799826624,5.497403838961437,,false,UNRESOLVED,Unspecified,,,,false,,
B1-PIECEWISE-REDUCED,165,269.9428149163722,R1-SIDE,REGION-1,SubcooledLiquid,269.9428149163722,5.497973719254468,,true,REGION-1-REDUCED,SubcooledLiquid,269.9426736069904,5.498552439033085,,true,-0.0001413093817745903,0.0005787197786162324
B1-PIECEWISE-REDUCED,165,269.9428149163722,R4-LIQUID-SIDE,REGION-4,SaturatedMixture,269.9428149163722,5.4979187400670675,1E-06,false,UNRESOLVED,Unspecified,,,,false,,
B1-PIECEWISE-REDUCED,165,269.9428149163722,R4-VAPOR-SIDE,REGION-4,SaturatedMixture,269.9428149163722,5.4979187400670675,0.999999,false,UNRESOLVED,Unspecified,,,,false,,
B1-PIECEWISE-REDUCED,165,269.9428149163722,R2-SIDE,REGION-2,SuperheatedVapor,269.9428149163722,5.497863760879667,,false,UNRESOLVED,Unspecified,,,,false,,
B1-PIECEWISE-REDUCED,166,269.9500148475171,R1-SIDE,REGION-1,SubcooledLiquid,269.9500148475171,5.4985930892339265,,true,REGION-1-REDUCED,SubcooledLiquid,269.9498886342153,5.499098414267808,,true,-0.00012621330176898482,0.000505325033881121
B1-PIECEWISE-REDUCED,166,269.9500148475171,R4-LIQUID-SIDE,REGION-4,SaturatedMixture,269.9500148475171,5.498538103852888,1E-06,false,UNRESOLVED,Unspecified,,,,false,,
B1-PIECEWISE-REDUCED,166,269.9500148475171,R4-VAPOR-SIDE,REGION-4,SaturatedMixture,269.9500148475171,5.498538103852888,0.999999,false,UNRESOLVED,Unspecified,,,,false,,
B1-PIECEWISE-REDUCED,166,269.9500148475171,R2-SIDE,REGION-2,SuperheatedVapor,269.9500148475171,5.4984831184718495,,false,UNRESOLVED,Unspecified,,,,false,,
B1-PIECEWISE-REDUCED,167,269.9603627145292,R1-SIDE,REGION-1,SubcooledLiquid,269.9603627145292,5.499483351911103,,true,REGION-1-REDUCED,SubcooledLiquid,269.96025840084576,5.499882230912754,,true,-0.00010431368343688519,0.0003988790016515864
B1-PIECEWISE-REDUCED,167,269.9603627145292,R4-LIQUID-SIDE,REGION-4,SaturatedMixture,269.9603627145292,5.499428357627526,1E-06,false,UNRESOLVED,Unspecified,,,,false,,
B1-PIECEWISE-REDUCED,167,269.9603627145292,R4-VAPOR-SIDE,REGION-4,SaturatedMixture,269.9603627145292,5.499428357627526,0.999999,false,UNRESOLVED,Unspecified,,,,false,,
B1-PIECEWISE-REDUCED,167,269.9603627145292,R2-SIDE,REGION-2,SuperheatedVapor,269.9603627145292,5.49937336334395,,false,UNRESOLVED,Unspecified,,,,false,,
B1-PIECEWISE-REDUCED,168,269.9777773737907,R1-SIDE,REGION-1,SubcooledLiquid,269.9777773737907,5.5009818435483835,,true,REGION-1-REDUCED,SubcooledLiquid,269.9777104567844,5.501199021975316,,true,-6.691700627925457E-05,0.000217178426932918
B1-PIECEWISE-REDUCED,168,269.9777773737907,R4-LIQUID-SIDE,REGION-4,SaturatedMixture,269.9777773737907,5.50092683428004,1E-06,false,UNRESOLVED,Unspecified,,,,false,,
B1-PIECEWISE-REDUCED,168,269.9777773737907,R4-VAPOR-SIDE,REGION-4,SaturatedMixture,269.9777773737907,5.50092683428004,0.999999,false,UNRESOLVED,Unspecified,,,,false,,
B1-PIECEWISE-REDUCED,168,269.9777773737907,R2-SIDE,REGION-2,SuperheatedVapor,269.9777773737907,5.500871825011698,,false,UNRESOLVED,Unspecified,,,,false,,
B1-PIECEWISE-REDUCED,169,269.984167456627,R1-SIDE,REGION-1,SubcooledLiquid,269.984167456627,5.501531773754014,,true,REGION-1-REDUCED,SubcooledLiquid,269.984114432188,5.501681474263956,,true,-5.302443901200604E-05,0.0001497005099420079
B1-PIECEWISE-REDUCED,169,269.984167456627,R4-LIQUID-SIDE,REGION-4,SaturatedMixture,269.984167456627,5.501476758986423,1E-06,false,UNRESOLVED,Unspecified,,,,false,,
B1-PIECEWISE-REDUCED,169,269.984167456627,R4-VAPOR-SIDE,REGION-4,SaturatedMixture,269.984167456627,5.501476758986423,0.999999,false,UNRESOLVED,Unspecified,,,,false,,
B1-PIECEWISE-REDUCED,169,269.984167456627,R2-SIDE,REGION-2,SuperheatedVapor,269.984167456627,5.501421744218834,,false,UNRESOLVED,Unspecified,,,,false,,
B1-PIECEWISE-REDUCED,170,269.99505785107624,R1-SIDE,REGION-1,SubcooledLiquid,269.99505785107624,5.502469097278969,,true,REGION-1-REDUCED,SubcooledLiquid,269.99502871403524,5.502502801600913,,true,-2.9137040996829455E-05,3.3704321944050264E-05
B1-PIECEWISE-REDUCED,170,269.99505785107624,R4-LIQUID-SIDE,REGION-4,SaturatedMixture,269.99505785107624,5.502414073138238,1E-06,true,REGION-4-MIXTURE-TABLE,SaturatedMixture,269.99504804611206,5.502418279919147,9.966106123829593E-07,true,-9.804964179238596E-06,4.206780909399299E-06
B1-PIECEWISE-REDUCED,170,269.99505785107624,R4-VAPOR-SIDE,REGION-4,SaturatedMixture,269.99505785107624,5.502414073138238,0.999999,false,UNRESOLVED,Unspecified,,,,false,,
B1-PIECEWISE-REDUCED,170,269.99505785107624,R2-SIDE,REGION-2,SuperheatedVapor,269.99505785107624,5.502359048997507,,false,UNRESOLVED,Unspecified,,,,false,,
B1-PIECEWISE-REDUCED,171,270.0122033536435,R1-SIDE,REGION-1,SubcooledLiquid,270.0122033536435,5.503945037746651,,true,REGION-1-REDUCED,SubcooledLiquid,270.01215787389583,5.50405841151182,,true,-4.5479747655008396E-05,0.0001133737651688449
B1-PIECEWISE-REDUCED,171,270.0122033536435,R4-LIQUID-SIDE,REGION-4,SaturatedMixture,270.0122033536435,5.503889998846662,1E-06,false,UNRESOLVED,Unspecified,,,,false,,
B1-PIECEWISE-REDUCED,171,270.0122033536435,R4-VAPOR-SIDE,REGION-4,SaturatedMixture,270.0122033536435,5.503889998846662,0.999999,false,UNRESOLVED,Unspecified,,,,false,,
B1-PIECEWISE-REDUCED,171,270.0122033536435,R2-SIDE,REGION-2,SuperheatedVapor,270.0122033536435,5.5038349599466745,,false,UNRESOLVED,Unspecified,,,,false,,
B1-PIECEWISE-REDUCED,172,270.01825814843176,R1-SIDE,REGION-1,SubcooledLiquid,270.01825814843176,5.504466326335252,,true,REGION-1-REDUCED,SubcooledLiquid,270.0181992211303,5.504645131372065,,true,-5.892730143841618E-05,0.00017880503681322324
B1-PIECEWISE-REDUCED,172,270.01825814843176,R4-LIQUID-SIDE,REGION-4,SaturatedMixture,270.01825814843176,5.50441128222243,1E-06,false,UNRESOLVED,Unspecified,,,,false,,
B1-PIECEWISE-REDUCED,172,270.01825814843176,R4-VAPOR-SIDE,REGION-4,SaturatedMixture,270.01825814843176,5.50441128222243,0.999999,false,UNRESOLVED,Unspecified,,,,false,,
B1-PIECEWISE-REDUCED,172,270.01825814843176,R2-SIDE,REGION-2,SuperheatedVapor,270.01825814843176,5.504356238109608,,false,UNRESOLVED,Unspecified,,,,false,,
B1-PIECEWISE-REDUCED,173,270.02492635846113,R1-SIDE,REGION-1,SubcooledLiquid,270.02492635846113,5.505040470632559,,true,REGION-1-REDUCED,SubcooledLiquid,270.0248527158742,5.50529086277274,,true,-7.364258692632575E-05,0.00025039214018107714
B1-PIECEWISE-REDUCED,173,270.02492635846113,R4-LIQUID-SIDE,REGION-4,SaturatedMixture,270.02492635846113,5.50498542077835,1E-06,false,UNRESOLVED,Unspecified,,,,false,,
B1-PIECEWISE-REDUCED,173,270.02492635846113,R4-VAPOR-SIDE,REGION-4,SaturatedMixture,270.02492635846113,5.50498542077835,0.999999,false,UNRESOLVED,Unspecified,,,,false,,
B1-PIECEWISE-REDUCED,173,270.02492635846113,R2-SIDE,REGION-2,SuperheatedVapor,270.02492635846113,5.504930370924143,,false,UNRESOLVED,Unspecified,,,,false,,
B1-PIECEWISE-REDUCED,174,270.02921333909023,R1-SIDE,REGION-1,SubcooledLiquid,270.02921333909023,5.505409611149891,,true,REGION-1-REDUCED,SubcooledLiquid,270.02913028847126,5.505705764682414,,true,-8.305061896862753E-05,0.0002961535325232134
B1-PIECEWISE-REDUCED,174,270.02921333909023,R4-LIQUID-SIDE,REGION-4,SaturatedMixture,270.02921333909023,5.505354557604314,1E-06,false,UNRESOLVED,Unspecified,,,,false,,
B1-PIECEWISE-REDUCED,174,270.02921333909023,R4-VAPOR-SIDE,REGION-4,SaturatedMixture,270.02921333909023,5.505354557604314,0.999999,false,UNRESOLVED,Unspecified,,,,false,,
B1-PIECEWISE-REDUCED,174,270.02921333909023,R2-SIDE,REGION-2,SuperheatedVapor,270.02921333909023,5.505299504058739,,false,UNRESOLVED,Unspecified,,,,false,,
B1-PIECEWISE-REDUCED,175,270.0460875153541,R1-SIDE,REGION-1,SubcooledLiquid,270.0460875153541,5.506862785264795,,true,REGION-1-REDUCED,SubcooledLiquid,270.0459678318168,5.507337071967892,,true,-0.00011968353726388159,0.00047428670309646037
B1-PIECEWISE-REDUCED,175,270.0460875153541,R4-LIQUID-SIDE,REGION-4,SaturatedMixture,270.0460875153541,5.506807717187623,1E-06,false,UNRESOLVED,Unspecified,,,,false,,
B1-PIECEWISE-REDUCED,175,270.0460875153541,R4-VAPOR-SIDE,REGION-4,SaturatedMixture,270.0460875153541,5.506807717187623,0.999999,false,UNRESOLVED,Unspecified,,,,false,,
B1-PIECEWISE-REDUCED,175,270.0460875153541,R2-SIDE,REGION-2,SuperheatedVapor,270.0460875153541,5.506752649110451,,false,UNRESOLVED,Unspecified,,,,false,,
B1-PIECEWISE-REDUCED,176,270.0522645592689,R1-SIDE,REGION-1,SubcooledLiquid,270.0522645592689,5.507394814546248,,true,REGION-1-REDUCED,SubcooledLiquid,270.0521316246176,5.507933516076393,,true,-0.00013293465133301652,0.0005387015301447917
B1-PIECEWISE-REDUCED,176,270.0522645592689,R4-LIQUID-SIDE,REGION-4,SaturatedMixture,270.0522645592689,5.507339741148836,1E-06,false,UNRESOLVED,Unspecified,,,,false,,
B1-PIECEWISE-REDUCED,176,270.0522645592689,R4-VAPOR-SIDE,REGION-4,SaturatedMixture,270.0522645592689,5.507339741148836,0.999999,false,UNRESOLVED,Unspecified,,,,false,,
B1-PIECEWISE-REDUCED,176,270.0522645592689,R2-SIDE,REGION-2,SuperheatedVapor,270.0522645592689,5.507284667751424,,false,UNRESOLVED,Unspecified,,,,false,,
B1-PIECEWISE-REDUCED,177,270.06282575726516,R1-SIDE,REGION-1,SubcooledLiquid,270.06282575726516,5.508304542278801,,true,REGION-1-REDUCED,SubcooledLiquid,270.0626703638527,5.50895239218802,,true,-0.00015539341245585092,0.0006478499092184009
B1-PIECEWISE-REDUCED,177,270.06282575726516,R4-LIQUID-SIDE,REGION-4,SaturatedMixture,270.06282575726516,5.508249459784203,1E-06,false,UNRESOLVED,Unspecified,,,,false,,
B1-PIECEWISE-REDUCED,177,270.06282575726516,R4-VAPOR-SIDE,REGION-4,SaturatedMixture,270.06282575726516,5.508249459784203,0.999999,false,UNRESOLVED,Unspecified,,,,false,,
B1-PIECEWISE-REDUCED,177,270.06282575726516,R2-SIDE,REGION-2,SuperheatedVapor,270.06282575726516,5.508194377289605,,false,UNRESOLVED,Unspecified,,,,false,,
B1-PIECEWISE-REDUCED,178,270.0794281482697,R1-SIDE,REGION-1,SubcooledLiquid,270.0794281482697,5.50973488240041,,true,REGION-1-REDUCED,SubcooledLiquid,270.0792379527785,5.510551803703141,,true,-0.0001901954912000292,0.0008169213027304778
B1-PIECEWISE-REDUCED,178,270.0794281482697,R4-LIQUID-SIDE,REGION-4,SaturatedMixture,270.0794281482697,5.509679785602554,1E-06,false,UNRESOLVED,Unspecified,,,,false,,
B1-PIECEWISE-REDUCED,178,270.0794281482697,R4-VAPOR-SIDE,REGION-4,SaturatedMixture,270.0794281482697,5.509679785602554,0.999999,true,REGION-2-REDUCED,SuperheatedVapor,300.0077183047931,7.435755984864611,,false,29.928290156523417,1.9260761992620568
B1-PIECEWISE-REDUCED,178,270.0794281482697,R2-SIDE,REGION-2,SuperheatedVapor,270.0794281482697,5.509624688804698,,true,REGION-2-REDUCED,SuperheatedVapor,300.0086257855098,7.435656459853958,,true,29.929197637240122,1.92603177104926
B1-PIECEWISE-REDUCED,179,270.086165201664,R1-SIDE,REGION-1,SubcooledLiquid,270.086165201664,5.510315378340787,,true,REGION-1-REDUCED,SubcooledLiquid,270.0859610594815,5.511200031282982,,true,-0.00020414218249698024,0.0008846529421946414
B1-PIECEWISE-REDUCED,179,270.086165201664,R4-LIQUID-SIDE,REGION-4,SaturatedMixture,270.086165201664,5.5102602757380295,1E-06,false,UNRESOLVED,Unspecified,,,,false,,
B1-PIECEWISE-REDUCED,179,270.086165201664,R4-VAPOR-SIDE,REGION-4,SaturatedMixture,270.086165201664,5.5102602757380295,0.999999,true,REGION-2-REDUCED,SuperheatedVapor,300.02078910668695,7.436765190029238,,false,29.93462390502293,1.9265049142912085
B1-PIECEWISE-REDUCED,179,270.086165201664,R2-SIDE,REGION-2,SuperheatedVapor,270.086165201664,5.510205173135272,,true,REGION-2-REDUCED,SuperheatedVapor,300.021696339051,7.436665644673638,,true,29.935531137386988,1.9264604715383653
B1-PIECEWISE-REDUCED,180,270.0950280129906,R1-SIDE,REGION-1,SubcooledLiquid,270.0950280129906,5.5110791106221475,,true,REGION-1-REDUCED,SubcooledLiquid,270.0948056778967,5.512052097079847,,true,-0.00022233509389479877,0.0009729864576994984
B1-PIECEWISE-REDUCED,180,270.0950280129906,R4-LIQUID-SIDE,REGION-4,SaturatedMixture,270.0950280129906,5.511024000382143,1E-06,false,UNRESOLVED,Unspecified,,,,false,,
B1-PIECEWISE-REDUCED,180,270.0950280129906,R4-VAPOR-SIDE,REGION-4,SaturatedMixture,270.0950280129906,5.511024000382143,0.999999,true,REGION-2-REDUCED,SuperheatedVapor,300.03798653682077,7.43809305414263,,false,29.942958523830157,1.927069053760487
B1-PIECEWISE-REDUCED,180,270.0950280129906,R2-SIDE,REGION-2,SuperheatedVapor,270.0950280129906,5.51096889014214,,true,REGION-2-REDUCED,SuperheatedVapor,300.0388935208322,7.437993483033184,,true,29.943865507841565,1.927024592891044
B1-PIECEWISE-REDUCED,181,270.1072710335253,R1-SIDE,REGION-1,SubcooledLiquid,270.1072710335253,5.512134257556062,,true,REGION-1-REDUCED,SubcooledLiquid,270.10702385551167,5.5132278291573975,,true,-0.0002471780136374946,0.0010935716013351637
B1-PIECEWISE-REDUCED,181,270.1072710335253,R4-LIQUID-SIDE,REGION-4,SaturatedMixture,270.1072710335253,5.512079136764695,1E-06,false,UNRESOLVED,Unspecified,,,,false,,
B1-PIECEWISE-REDUCED,181,270.1072710335253,R4-VAPOR-SIDE,REGION-4,SaturatedMixture,270.1072710335253,5.512079136764695,0.999999,true,REGION-2-REDUCED,SuperheatedVapor,300.0617474317552,7.439927771715282,,false,29.954476398229872,1.9278486349505872
B1-PIECEWISE-REDUCED,181,270.1072710335253,R2-SIDE,REGION-2,SuperheatedVapor,270.1072710335253,5.512024015973327,,true,REGION-2-REDUCED,SuperheatedVapor,300.0626541674138,7.439828166247815,,true,29.955383133888517,1.927804150274488
B1-PIECEWISE-REDUCED,182,270.11994096636784,R1-SIDE,REGION-1,SubcooledLiquid,270.11994096636784,5.513226359709701,,true,REGION-1-REDUCED,SubcooledLiquid,270.1196684318028,5.514442965008401,,true,-0.00027253456505604845,0.0012166052987003795
B1-PIECEWISE-REDUCED,182,270.11994096636784,R4-LIQUID-SIDE,REGION-4,SaturatedMixture,270.11994096636784,5.51317122799742,1E-06,false,UNRESOLVED,Unspecified,,,,false,,
B1-PIECEWISE-REDUCED,182,270.11994096636784,R4-VAPOR-SIDE,REGION-4,SaturatedMixture,270.11994096636784,5.51317122799742,0.999999,true,REGION-2-REDUCED,SuperheatedVapor,300.0863388180734,7.441826928135945,,false,29.96639785170555,1.928655700138525
B1-PIECEWISE-REDUCED,182,270.11994096636784,R2-SIDE,REGION-2,SuperheatedVapor,270.11994096636784,5.51311609628514,,true,REGION-2-REDUCED,SuperheatedVapor,300.08724754055345,7.441727316229156,,true,29.967306574185613,1.928611219944016
B1-PIECEWISE-REDUCED,183,270.1535745382308,R1-SIDE,REGION-1,SubcooledLiquid,270.1535745382308,5.516126252742849,,true,REGION-1-REDUCED,SubcooledLiquid,270.15323643263037,5.517660802040147,,true,-0.00033810560046276805,0.0015345492972986818
B1-PIECEWISE-REDUCED,183,270.1535745382308,R4-LIQUID-SIDE,REGION-4,SaturatedMixture,270.1535745382308,5.516071092031928,1E-06,false,UNRESOLVED,Unspecified,,,,false,,
B1-PIECEWISE-REDUCED,183,270.1535745382308,R4-VAPOR-SIDE,REGION-4,SaturatedMixture,270.1535745382308,5.516071092031928,0.999999,true,REGION-2-REDUCED,SuperheatedVapor,300.15155375003826,7.446869733580341,,false,29.997979211807433,1.9307986415484129
B1-PIECEWISE-REDUCED,183,270.1535745382308,R2-SIDE,REGION-2,SuperheatedVapor,270.1535745382308,5.516015931321008,,true,REGION-2-REDUCED,SuperheatedVapor,300.15246172746026,7.446770026406619,,true,29.998887189229436,1.9307540950856108
B1-PIECEWISE-REDUCED,184,270.18390763401965,R1-SIDE,REGION-1,SubcooledLiquid,270.18390763401965,5.518742576771705,,true,REGION-1-REDUCED,SubcooledLiquid,270.18351256114363,5.520553086058102,,true,-0.00039507287601736607,0.0018105092863969219
B1-PIECEWISE-REDUCED,184,270.18390763401965,R4-LIQUID-SIDE,REGION-4,SaturatedMixture,270.18390763401965,5.5186873898978055,1E-06,false,UNRESOLVED,Unspecified,,,,false,,
B1-PIECEWISE-REDUCED,184,270.18390763401965,R4-VAPOR-SIDE,REGION-4,SaturatedMixture,270.18390763401965,5.5186873898978055,0.999999,true,REGION-2-REDUCED,SuperheatedVapor,300.2104046444099,7.451420837128922,,false,30.026497010390244,1.9327334472311168
B1-PIECEWISE-REDUCED,184,270.18390763401965,R2-SIDE,REGION-2,SuperheatedVapor,270.18390763401965,5.518632203023906,,true,REGION-2-REDUCED,SuperheatedVapor,300.21131187677395,7.451321043004156,,true,30.0274042427543,1.9326888399802495
B1-PIECEWISE-REDUCED,185,270.1870496869085,R1-SIDE,REGION-1,SubcooledLiquid,270.1870496869085,5.519013642770445,,true,REGION-1-REDUCED,SubcooledLiquid,270.18664883071165,5.520852153096063,,true,-0.00040085619684759877,0.0018385103256175483
B1-PIECEWISE-REDUCED,185,270.1870496869085,R4-LIQUID-SIDE,REGION-4,SaturatedMixture,270.1870496869085,5.518958453185912,1E-06,false,UNRESOLVED,Unspecified,,,,false,,
B1-PIECEWISE-REDUCED,185,270.1870496869085,R4-VAPOR-SIDE,REGION-4,SaturatedMixture,270.1870496869085,5.518958453185912,0.999999,true,REGION-2-REDUCED,SuperheatedVapor,300.2165026962758,7.451892434694328,,false,30.02945300936733,1.9329339815084152
B1-PIECEWISE-REDUCED,185,270.1870496869085,R2-SIDE,REGION-2,SuperheatedVapor,270.1870496869085,5.518903263601381,,true,REGION-2-REDUCED,SuperheatedVapor,300.21740992863977,7.451792632561223,,true,30.030360241731273,1.9328893689598425
B1-PIECEWISE-REDUCED,186,270.2203527688979,R1-SIDE,REGION-1,SubcooledLiquid,270.2203527688979,5.521887336209744,,true,REGION-1-REDUCED,SubcooledLiquid,270.2198919723369,5.524015895124103,,true,-0.00046079656101483124,0.0021285589143591466
B1-PIECEWISE-REDUCED,186,270.2203527688979,R4-LIQUID-SIDE,REGION-4,SaturatedMixture,270.2203527688979,5.5218321178885645,1E-06,false,UNRESOLVED,Unspecified,,,,false,,
B1-PIECEWISE-REDUCED,186,270.2203527688979,R4-VAPOR-SIDE,REGION-4,SaturatedMixture,270.2203527688979,5.5218321178885645,0.999999,true,REGION-2-REDUCED,SuperheatedVapor,300.28115858634317,7.456892933459447,,false,30.06080581744527,1.9350608155708828
B1-PIECEWISE-REDUCED,186,270.2203527688979,R2-SIDE,REGION-2,SuperheatedVapor,270.2203527688979,5.521776899567386,,true,REGION-2-REDUCED,SuperheatedVapor,300.28206507364916,7.456793036710508,,true,30.061712304751268,1.9350161371431218
B1-PIECEWISE-REDUCED,187,270.25347097516044,R1-SIDE,REGION-1,SubcooledLiquid,270.25347097516044,5.524746209731666,,true,REGION-1-REDUCED,SubcooledLiquid,270.2529530329349,5.527151001081511,,true,-0.000517942225542356,0.002404791349844615
B1-PIECEWISE-REDUCED,187,270.25347097516044,R4-LIQUID-SIDE,REGION-4,SaturatedMixture,270.25347097516044,5.524690962822038,1E-06,false,UNRESOLVED,Unspecified,,,,false,,
B1-PIECEWISE-REDUCED,187,270.25347097516044,R4-VAPOR-SIDE,REGION-4,SaturatedMixture,270.25347097516044,5.524690962822038,0.999999,true,REGION-2-REDUCED,SuperheatedVapor,300.34549633661914,7.461869257147277,,false,30.092025361458695,1.9371782943252391
B1-PIECEWISE-REDUCED,187,270.25347097516044,R2-SIDE,REGION-2,SuperheatedVapor,270.25347097516044,5.52463571591241,,true,REGION-2-REDUCED,SuperheatedVapor,300.3464023272197,7.461769269391263,,true,30.09293135205928,1.9371335534788532
B1-PIECEWISE-REDUCED,188,270.28639316558827,R1-SIDE,REGION-1,SubcooledLiquid,270.28639316558827,5.527589282502808,,true,REGION-1-REDUCED,SubcooledLiquid,270.2858208505486,5.5302566168467004,,true,-0.0005723150396761412,0.002667334343892769
B1-PIECEWISE-REDUCED,188,270.28639316558827,R4-LIQUID-SIDE,REGION-4,SaturatedMixture,270.28639316558827,5.5275340071627355,1E-06,false,UNRESOLVED,Unspecified,,,,false,,
B1-PIECEWISE-REDUCED,188,270.28639316558827,R4-VAPOR-SIDE,REGION-4,SaturatedMixture,270.28639316558827,5.5275340071627355,0.999999,true,REGION-2-REDUCED,SuperheatedVapor,300.40949334700906,7.466819669637362,,false,30.123100181420796,1.9392856624746262
B1-PIECEWISE-REDUCED,188,270.28639316558827,R2-SIDE,REGION-2,SuperheatedVapor,270.28639316558827,5.527478731822664,,true,REGION-2-REDUCED,SuperheatedVapor,300.41039834419894,7.4667195848189865,,true,30.124005178610673,1.9392408529963223
B1-PIECEWISE-REDUCED,189,270.3190940141677,R1-SIDE,REGION-1,SubcooledLiquid,270.3190940141677,5.530414346505892,,true,REGION-1-REDUCED,SubcooledLiquid,270.3184700961003,5.533330570413411,,true,-0.0006239180673901501,0.002916223907519111
B1-PIECEWISE-REDUCED,189,270.3190940141677,R4-LIQUID-SIDE,REGION-4,SaturatedMixture,270.3190940141677,5.530359042915462,1E-06,false,UNRESOLVED,Unspecified,,,,false,,
B1-PIECEWISE-REDUCED,189,270.3190940141677,R4-VAPOR-SIDE,REGION-4,SaturatedMixture,270.3190940141677,5.530359042915462,0.999999,true,REGION-2-REDUCED,SuperheatedVapor,300.47309969862306,7.471740299252176,,false,30.154005684455342,1.9413812563367143
B1-PIECEWISE-REDUCED,189,270.3190940141677,R2-SIDE,REGION-2,SuperheatedVapor,270.3190940141677,5.530303739325033,,true,REGION-2-REDUCED,SuperheatedVapor,300.4740041991075,7.47164012431126,,true,30.15491018493981,1.9413363849862266
B1-PIECEWISE-REDUCED,190,270.3355482459067,R1-SIDE,REGION-1,SubcooledLiquid,270.3355482459067,5.5318362633983105,,true,REGION-1-REDUCED,SubcooledLiquid,270.3348992690701,5.534873244402969,,true,-0.000648976836600923,0.0030369810046586565
B1-PIECEWISE-REDUCED,190,270.3355482459067,R4-LIQUID-SIDE,REGION-4,SaturatedMixture,270.3355482459067,5.531780945588854,1E-06,false,UNRESOLVED,Unspecified,,,,false,,
B1-PIECEWISE-REDUCED,190,270.3355482459067,R4-VAPOR-SIDE,REGION-4,SaturatedMixture,270.3355482459067,5.531780945588854,0.999999,true,REGION-2-REDUCED,SuperheatedVapor,300.5051198105018,7.474217555489498,,false,30.169571564595117,1.9424366099006445
B1-PIECEWISE-REDUCED,190,270.3355482459067,R2-SIDE,REGION-2,SuperheatedVapor,270.3355482459067,5.531725627779398,,true,REGION-2-REDUCED,SuperheatedVapor,300.5060240626336,7.474117335188352,,true,30.170475816726935,1.9423917074089543
B1-PIECEWISE-REDUCED,191,270.3515844941138,R1-SIDE,REGION-1,SubcooledLiquid,270.3515844941138,5.533222328197586,,true,REGION-1-REDUCED,SubcooledLiquid,270.3509116792653,5.536374115723758,,true,-0.0006728148484853591,0.0031517875261721784
B1-PIECEWISE-REDUCED,191,270.3515844941138,R4-LIQUID-SIDE,REGION-4,SaturatedMixture,270.3515844941138,5.53316699652762,1E-06,false,UNRESOLVED,Unspecified,,,,false,,
B1-PIECEWISE-REDUCED,191,270.3515844941138,R4-VAPOR-SIDE,REGION-4,SaturatedMixture,270.3515844941138,5.53316699652762,0.999999,true,REGION-2-REDUCED,SuperheatedVapor,300.53633600473415,7.476632731445639,,false,30.184751510620345,1.9434657349180187
B1-PIECEWISE-REDUCED,191,270.3515844941138,R2-SIDE,REGION-2,SuperheatedVapor,270.3515844941138,5.533111664857655,,true,REGION-2-REDUCED,SuperheatedVapor,300.5372400085132,7.476532466832848,,true,30.1856555143994,1.9434208019751926
B1-PIECEWISE-REDUCED,192,270.38385555148113,R1-SIDE,REGION-1,SubcooledLiquid,270.38385555148113,5.536012423790548,,true,REGION-1-REDUCED,SubcooledLiquid,270.3831365139773,5.539386624356958,,true,-0.0007190375038135244,0.003374200566409691
B1-PIECEWISE-REDUCED,192,270.38385555148113,R4-LIQUID-SIDE,REGION-4,SaturatedMixture,270.38385555148113,5.535957064219906,1E-06,false,UNRESOLVED,Unspecified,,,,false,,
B1-PIECEWISE-REDUCED,192,270.38385555148113,R4-VAPOR-SIDE,REGION-4,SaturatedMixture,270.38385555148113,5.535957064219906,0.999999,true,REGION-2-REDUCED,SuperheatedVapor,300.59918413559603,7.481495540591791,,false,30.2153285841149,1.945538476371885
B1-PIECEWISE-REDUCED,192,270.38385555148113,R2-SIDE,REGION-2,SuperheatedVapor,270.38385555148113,5.535901704649263,,true,REGION-2-REDUCED,SuperheatedVapor,300.6000871459644,7.481395180305742,,true,30.216231594483247,1.9454934756564786
B1-PIECEWISE-REDUCED,193,270.41057386994373,R1-SIDE,REGION-1,SubcooledLiquid,270.41057386994373,5.538323252653933,,true,REGION-1-REDUCED,SubcooledLiquid,270.40981833160356,5.541872885444005,,true,-0.0007555383401722793,0.0035496327900714775
B1-PIECEWISE-REDUCED,193,270.41057386994373,R4-LIQUID-SIDE,REGION-4,SaturatedMixture,270.41057386994373,5.5382678699752335,1E-06,false,UNRESOLVED,Unspecified,,,,false,,
B1-PIECEWISE-REDUCED,193,270.41057386994373,R4-VAPOR-SIDE,REGION-4,SaturatedMixture,270.41057386994373,5.5382678699752335,0.999999,true,REGION-2-REDUCED,SuperheatedVapor,300.6512473026912,7.485524203090444,,false,30.240673432747485,1.9472563331152104
B1-PIECEWISE-REDUCED,193,270.41057386994373,R2-SIDE,REGION-2,SuperheatedVapor,270.41057386994373,5.538212487296534,,true,REGION-2-REDUCED,SuperheatedVapor,300.65214981635415,7.485423767772455,,true,30.24157594641042,1.947211280475921
B1-PIECEWISE-REDUCED,194,270.4159002184865,R1-SIDE,REGION-1,SubcooledLiquid,270.4159002184865,5.538784008895023,,true,REGION-1-REDUCED,SubcooledLiquid,270.41513759521524,5.5423676715670345,,true,-0.000762623271270968,0.0035836626720113784
B1-PIECEWISE-REDUCED,194,270.4159002184865,R4-LIQUID-SIDE,REGION-4,SaturatedMixture,270.4159002184865,5.538728621608807,1E-06,false,UNRESOLVED,Unspecified,,,,false,,
B1-PIECEWISE-REDUCED,194,270.4159002184865,R4-VAPOR-SIDE,REGION-4,SaturatedMixture,270.4159002184865,5.538728621608807,0.999999,true,REGION-2-REDUCED,SuperheatedVapor,300.6616294384004,7.486327605096481,,false,30.24572921991387,1.9475989834876737
B1-PIECEWISE-REDUCED,194,270.4159002184865,R2-SIDE,REGION-2,SuperheatedVapor,270.4159002184865,5.538673234322591,,true,REGION-2-REDUCED,SuperheatedVapor,300.6625319520633,7.48622715610537,,true,30.246631733576805,1.947553921782779
B1-PIECEWISE-REDUCED,195,270.4477130711076,R1-SIDE,REGION-1,SubcooledLiquid,270.4477130711076,5.541536591941711,,true,REGION-1-REDUCED,SubcooledLiquid,270.44690945806985,5.5453169825369875,,true,-0.0008036130377604422,0.0037803905952760175
B1-PIECEWISE-REDUCED,195,270.4477130711076,R4-LIQUID-SIDE,REGION-4,SaturatedMixture,270.4477130711076,5.54148117712994,1E-06,false,UNRESOLVED,Unspecified,,,,false,,
B1-PIECEWISE-REDUCED,195,270.4477130711076,R4-VAPOR-SIDE,REGION-4,SaturatedMixture,270.4477130711076,5.54148117712994,0.999999,true,REGION-2-REDUCED,SuperheatedVapor,300.72366048892343,7.491128037048486,,false,30.275947417815814,1.9496468599185457
B1-PIECEWISE-REDUCED,195,270.4477130711076,R2-SIDE,REGION-2,SuperheatedVapor,270.4477130711076,5.541425762318169,,true,REGION-2-REDUCED,SuperheatedVapor,300.72456250588107,7.491027499862836,,true,30.276849434773453,1.9496017375446675
B1-PIECEWISE-REDUCED,196,270.47928985357294,R1-SIDE,REGION-1,SubcooledLiquid,270.47928985357294,5.544269781940359,,true,REGION-1-REDUCED,SubcooledLiquid,270.478447803259,5.548234395135364,,true,-0.0008420503139632274,0.0039646131950057395
B1-PIECEWISE-REDUCED,196,270.47928985357294,R4-LIQUID-SIDE,REGION-4,SaturatedMixture,270.47928985357294,5.5442143397969605,1E-06,false,UNRESOLVED,Unspecified,,,,false,,
B1-PIECEWISE-REDUCED,196,270.47928985357294,R4-VAPOR-SIDE,REGION-4,SaturatedMixture,270.47928985357294,5.5442143397969605,0.999999,true,REGION-2-REDUCED,SuperheatedVapor,300.7852688431741,7.49589613255644,,false,30.305978989601158,1.9516817927594792
B1-PIECEWISE-REDUCED,196,270.47928985357294,R2-SIDE,REGION-2,SuperheatedVapor,270.47928985357294,5.5441588976535625,,true,REGION-2-REDUCED,SuperheatedVapor,300.7861698667209,7.495795501212131,,true,30.306880013147975,1.9516366035585682
B1-PIECEWISE-REDUCED,197,270.48048021793363,R1-SIDE,REGION-1,SubcooledLiquid,270.48048021793363,5.544372836377528,,true,REGION-1-REDUCED,SubcooledLiquid,270.4796367624589,5.548344179171958,,true,-0.0008434554747509537,0.003971342794430122
B1-PIECEWISE-REDUCED,197,270.48048021793363,R4-LIQUID-SIDE,REGION-4,SaturatedMixture,270.48048021793363,5.544317393203595,1E-06,false,UNRESOLVED,Unspecified,,,,false,,
B1-PIECEWISE-REDUCED,197,270.48048021793363,R4-VAPOR-SIDE,REGION-4,SaturatedMixture,270.48048021793363,5.544317393203595,0.999999,true,REGION-2-REDUCED,SuperheatedVapor,300.7875919342042,7.496075940115058,,false,30.307111716270583,1.9517585469114627
B1-PIECEWISE-REDUCED,197,270.48048021793363,R2-SIDE,REGION-2,SuperheatedVapor,270.48048021793363,5.5442619500296635,,true,REGION-2-REDUCED,SuperheatedVapor,300.78849295775103,7.495975305708565,,true,30.3080127398174,1.9517133556789013
B1-PIECEWISE-REDUCED,198,270.50527734756463,R1-SIDE,REGION-1,SubcooledLiquid,270.50527734756463,5.5465199521956965,,true,REGION-1-REDUCED,SubcooledLiquid,270.5044053447201,5.5506279304644455,,true,-0.0008720028445168282,0.00410797826874898
B1-PIECEWISE-REDUCED,198,270.50527734756463,R4-LIQUID-SIDE,REGION-4,SaturatedMixture,270.50527734756463,5.54646448755082,1E-06,false,UNRESOLVED,Unspecified,,,,false,,
B1-PIECEWISE-REDUCED,198,270.50527734756463,R4-VAPOR-SIDE,REGION-4,SaturatedMixture,270.50527734756463,5.54646448755082,0.999999,true,REGION-2-REDUCED,SuperheatedVapor,300.8359995981058,7.499822694134153,,false,30.330722250541157,1.9533582065833324
B1-PIECEWISE-REDUCED,198,270.50527734756463,R2-SIDE,REGION-2,SuperheatedVapor,270.50527734756463,5.546409022905945,,true,REGION-2-REDUCED,SuperheatedVapor,300.8369001249473,7.499721989422895,,true,30.331622777382677,1.9533129665169495
B1-PIECEWISE-REDUCED,199,270.5106271028518,R1-SIDE,REGION-1,SubcooledLiquid,270.5106271028518,5.546983256160386,,true,REGION-1-REDUCED,SubcooledLiquid,270.5097491224734,5.551119823434192,,true,-0.0008779803783909301,0.004136567273805625
B1-PIECEWISE-REDUCED,199,270.5106271028518,R4-LIQUID-SIDE,REGION-4,SaturatedMixture,270.5106271028518,5.546927786882517,1E-06,false,UNRESOLVED,Unspecified,,,,false,,
B1-PIECEWISE-REDUCED,199,270.5106271028518,R4-VAPOR-SIDE,REGION-4,SaturatedMixture,270.5106271028518,5.546927786882517,0.999999,true,REGION-2-REDUCED,SuperheatedVapor,300.84644605716073,7.500631286196929,,false,30.335818954308934,1.953703499314412
B1-PIECEWISE-REDUCED,199,270.5106271028518,R2-SIDE,REGION-2,SuperheatedVapor,270.5106271028518,5.546872317604648,,true,REGION-2-REDUCED,SuperheatedVapor,300.84734658400225,7.5005305677114595,,true,30.336719481150453,1.9536582501068116
B1-PIECEWISE-REDUCED,200,270.54172206521014,R1-SIDE,REGION-1,SubcooledLiquid,270.54172206521014,5.549676753038823,,true,REGION-1-REDUCED,SubcooledLiquid,270.5408106153201,5.553973248728876,,true,-0.0009114498900544277,0.004296495690052637
B1-PIECEWISE-REDUCED,200,270.54172206521014,R4-LIQUID-SIDE,REGION-4,SaturatedMixture,270.54172206521014,5.549621256826255,1E-06,false,UNRESOLVED,Unspecified,,,,false,,
B1-PIECEWISE-REDUCED,200,270.54172206521014,R4-VAPOR-SIDE,REGION-4,SaturatedMixture,270.54172206521014,5.549621256826255,0.999999,true,REGION-2-REDUCED,SuperheatedVapor,300.9071866671245,7.505333019807544,,false,30.36546460191437,1.9557117629812897
B1-PIECEWISE-REDUCED,200,270.54172206521014,R2-SIDE,REGION-2,SuperheatedVapor,270.54172206521014,5.549565760613687,,true,REGION-2-REDUCED,SuperheatedVapor,300.90808644890797,7.50523221147645,,true,30.366364383697828,1.955666450862763
B1-PIECEWISE-REDUCED,201,270.5621895730495,R1-SIDE,REGION-1,SubcooledLiquid,270.5621895730495,5.551450227208336,,true,REGION-1-REDUCED,SubcooledLiquid,270.5612572797854,5.5558461811336874,,true,-0.000932293264099826,0.004395953925351748
B1-PIECEWISE-REDUCED,201,270.5621895730495,R4-LIQUID-SIDE,REGION-4,SaturatedMixture,270.5621895730495,5.551394713261203,1E-06,false,UNRESOLVED,Unspecified,,,,false,,
B1-PIECEWISE-REDUCED,201,270.5621895730495,R4-VAPOR-SIDE,REGION-4,SaturatedMixture,270.5621895730495,5.551394713261203,0.999999,true,REGION-2-REDUCED,SuperheatedVapor,300.94718734423327,7.508429555912983,,false,30.38499777118375,1.9570348426517796
B1-PIECEWISE-REDUCED,201,270.5621895730495,R2-SIDE,REGION-2,SuperheatedVapor,270.5621895730495,5.551339199314071,,true,REGION-2-REDUCED,SuperheatedVapor,300.94808687766397,7.508328691563032,,true,30.385897304614446,1.9569894922489617
B1-PIECEWISE-REDUCED,202,270.5725726544857,R1-SIDE,REGION-1,SubcooledLiquid,270.5725726544857,5.552350068685861,,true,REGION-1-REDUCED,SubcooledLiquid,270.57163014790183,5.556794714550076,,true,-0.0009425065838968294,0.004444645864214891
B1-PIECEWISE-REDUCED,202,270.5725726544857,R4-LIQUID-SIDE,REGION-4,SaturatedMixture,270.5725726544857,5.552294545740403,1E-06,false,UNRESOLVED,Unspecified,,,,false,,
B1-PIECEWISE-REDUCED,202,270.5725726544857,R4-VAPOR-SIDE,REGION-4,SaturatedMixture,270.5725726544857,5.552294545740403,0.999999,true,REGION-2-REDUCED,SuperheatedVapor,300.96748570601153,7.510000945135866,,false,30.394913051525805,1.9577063993954633
B1-PIECEWISE-REDUCED,202,270.5725726544857,R2-SIDE,REGION-2,SuperheatedVapor,270.5725726544857,5.552239022794946,,true,REGION-2-REDUCED,SuperheatedVapor,300.96838474273693,7.509900047505358,,true,30.395812088251205,1.9576610247104123
B1-PIECEWISE-REDUCED,203,270.60145553350435,R1-SIDE,REGION-1,SubcooledLiquid,270.60145553350435,5.554853766150931,,true,REGION-1-REDUCED,SubcooledLiquid,270.6004858928103,5.559427621397095,,true,-0.0009696406940520319,0.004573855246164271
B1-PIECEWISE-REDUCED,203,270.60145553350435,R4-LIQUID-SIDE,REGION-4,SaturatedMixture,270.60145553350435,5.554798218168749,1E-06,false,UNRESOLVED,Unspecified,,,,false,,
B1-PIECEWISE-REDUCED,203,270.60145553350435,R4-VAPOR-SIDE,REGION-4,SaturatedMixture,270.60145553350435,5.554798218168749,0.999999,true,REGION-2-REDUCED,SuperheatedVapor,301.02397054433834,7.514373973258813,,false,30.42251501083399,1.9595757550900643
B1-PIECEWISE-REDUCED,203,270.60145553350435,R2-SIDE,REGION-2,SuperheatedVapor,270.60145553350435,5.554742670186568,,true,REGION-2-REDUCED,SuperheatedVapor,301.02486908435833,7.514272994577672,,true,30.42341355085398,1.9595303243911042
B1-PIECEWISE-REDUCED,204,270.6031772851942,R1-SIDE,REGION-1,SubcooledLiquid,270.6031772851942,5.555003042527264,,true,REGION-1-REDUCED,SubcooledLiquid,270.60220608631903,5.559584310394071,,true,-0.0009711988751632816,0.004581267866807792
B1-PIECEWISE-REDUCED,204,270.6031772851942,R4-LIQUID-SIDE,REGION-4,SaturatedMixture,270.6031772851942,5.554947493052333,1E-06,false,UNRESOLVED,Unspecified,,,,false,,
B1-PIECEWISE-REDUCED,204,270.6031772851942,R4-VAPOR-SIDE,REGION-4,SaturatedMixture,270.6031772851942,5.554947493052333,0.999999,true,REGION-2-REDUCED,SuperheatedVapor,301.02733870347345,7.514634743112182,,false,30.424161418279255,1.959687250059849
B1-PIECEWISE-REDUCED,204,270.6031772851942,R2-SIDE,REGION-2,SuperheatedVapor,270.6031772851942,5.5548919435774025,,true,REGION-2-REDUCED,SuperheatedVapor,301.02823724349344,7.51453375998477,,true,30.425059958299244,1.959641816407368
B1-PIECEWISE-REDUCED,205,270.61141203641887,R1-SIDE,REGION-1,SubcooledLiquid,270.61141203641887,5.5557170402299905,,true,REGION-1-REDUCED,SubcooledLiquid,270.6104334774386,5.560333310305517,,true,-0.0009785589802504546,0.004616270075526785
B1-PIECEWISE-REDUCED,205,270.61141203641887,R4-LIQUID-SIDE,REGION-4,SaturatedMixture,270.61141203641887,5.555661483615154,1E-06,false,UNRESOLVED,Unspecified,,,,false,,
B1-PIECEWISE-REDUCED,205,270.61141203641887,R4-VAPOR-SIDE,REGION-4,SaturatedMixture,270.61141203641887,5.555661483615154,0.999999,true,REGION-2-REDUCED,SuperheatedVapor,301.04344934225094,7.515882081128044,,false,30.43203730583207,1.9602205975128904
B1-PIECEWISE-REDUCED,205,270.61141203641887,R2-SIDE,REGION-2,SuperheatedVapor,270.61141203641887,5.555605927000318,,true,REGION-2-REDUCED,SuperheatedVapor,301.04434763391816,7.5157810734812465,,true,30.432935597499295,1.9601751464809283
B1-PIECEWISE-REDUCED,206,270.63353503942506,R1-SIDE,REGION-1,SubcooledLiquid,270.63353503942506,5.5576355718635835,,true,REGION-1-REDUCED,SubcooledLiquid,270.63253746360976,5.562342186051781,,true,-0.0009975758152904746,0.004706614188197733
B1-PIECEWISE-REDUCED,206,270.63353503942506,R4-LIQUID-SIDE,REGION-4,SaturatedMixture,270.63353503942506,5.557579996063622,1E-06,false,UNRESOLVED,Unspecified,,,,false,,
B1-PIECEWISE-REDUCED,206,270.63353503942506,R4-VAPOR-SIDE,REGION-4,SaturatedMixture,270.63353503942506,5.557579996063622,0.999999,true,REGION-2-REDUCED,SuperheatedVapor,301.08674367268884,7.519234211094486,,false,30.453208633263785,1.9616542150308636
B1-PIECEWISE-REDUCED,206,270.63353503942506,R2-SIDE,REGION-2,SuperheatedVapor,270.63353503942506,5.557524420263662,,true,REGION-2-REDUCED,SuperheatedVapor,301.08764146765077,7.519133139777732,,true,30.454106428225714,1.9616087195140697
B1-PIECEWISE-REDUCED,207,270.6571163117886,R1-SIDE,REGION-1,SubcooledLiquid,270.6571163117886,5.5596811231734575,,true,REGION-1-REDUCED,SubcooledLiquid,270.6560996797964,5.564478116434851,,true,-0.0010166319922291223,0.004796993261393823
B1-PIECEWISE-REDUCED,207,270.6571163117886,R4-LIQUID-SIDE,REGION-4,SaturatedMixture,270.6571163117886,5.559625526918188,1E-06,false,UNRESOLVED,Unspecified,,,,false,,
B1-PIECEWISE-REDUCED,207,270.6571163117886,R4-VAPOR-SIDE,REGION-4,SaturatedMixture,270.6571163117886,5.559625526918188,0.999999,true,REGION-2-REDUCED,SuperheatedVapor,301.13291194041574,7.5228090768600575,,false,30.47579562862711,1.9631835499418697
B1-PIECEWISE-REDUCED,207,270.6571163117886,R2-SIDE,REGION-2,SuperheatedVapor,270.6571163117886,5.559569930662919,,true,REGION-2-REDUCED,SuperheatedVapor,301.13380923867237,7.522707938058595,,true,30.476692926883743,1.963138007395676
B1-PIECEWISE-REDUCED,208,270.6636452496051,R1-SIDE,REGION-1,SubcooledLiquid,270.6636452496051,5.560247575777272,,true,REGION-1-REDUCED,SubcooledLiquid,270.6626235630681,5.565068512858146,,true,-0.0010216865370011874,0.004820937080874721
B1-PIECEWISE-REDUCED,208,270.6636452496051,R4-LIQUID-SIDE,REGION-4,SaturatedMixture,270.6636452496051,5.560191973857533,1E-06,false,UNRESOLVED,Unspecified,,,,false,,
B1-PIECEWISE-REDUCED,208,270.6636452496051,R4-VAPOR-SIDE,REGION-4,SaturatedMixture,270.6636452496051,5.560191973857533,0.999999,true,REGION-2-REDUCED,SuperheatedVapor,301.1456981301309,7.523799171586152,,false,30.48205288052577,1.963607197728619
B1-PIECEWISE-REDUCED,208,270.6636452496051,R2-SIDE,REGION-2,SuperheatedVapor,270.6636452496051,5.560136371937794,,true,REGION-2-REDUCED,SuperheatedVapor,301.1465954283874,7.523698015893408,,true,30.48295017878229,1.9635616439556136
B1-PIECEWISE-REDUCED,209,270.6935077905654,R1-SIDE,REGION-1,SubcooledLiquid,270.6935077905654,5.562839020523507,,true,REGION-1-REDUCED,SubcooledLiquid,270.6924642101983,5.567763509616433,,true,-0.0010435803670816313,0.004924489092926088
B1-PIECEWISE-REDUCED,209,270.6935077905654,R4-LIQUID-SIDE,REGION-4,SaturatedMixture,270.6935077905654,5.562783392689579,1E-06,false,UNRESOLVED,Unspecified,,,,false,,
B1-PIECEWISE-REDUCED,209,270.6935077905654,R4-VAPOR-SIDE,REGION-4,SaturatedMixture,270.6935077905654,5.562783392689579,0.999999,true,REGION-2-REDUCED,SuperheatedVapor,301.20420157909405,7.528329541689482,,false,30.51069378852867,1.9655461489999029
B1-PIECEWISE-REDUCED,209,270.6935077905654,R2-SIDE,REGION-2,SuperheatedVapor,270.6935077905654,5.562727764855652,,true,REGION-2-REDUCED,SuperheatedVapor,301.20509788393986,7.528228295675289,,true,30.51159009337448,1.9655005308196367
B1-PIECEWISE-REDUCED,210,270.7052416622638,R1-SIDE,REGION-1,SubcooledLiquid,270.7052416622638,5.563857527797508,,true,REGION-1-REDUCED,SubcooledLiquid,270.70419002949916,5.568820027978992,,true,-0.001051632764642818,0.004962500181483698
B1-PIECEWISE-REDUCED,210,270.7052416622638,R4-LIQUID-SIDE,REGION-4,SaturatedMixture,270.7052416622638,5.563801889778611,1E-06,false,UNRESOLVED,Unspecified,,,,false,,
B1-PIECEWISE-REDUCED,210,270.7052416622638,R4-VAPOR-SIDE,REGION-4,SaturatedMixture,270.7052416622638,5.563801889778611,0.999999,true,REGION-2-REDUCED,SuperheatedVapor,301.2271980444591,7.530110457576744,,false,30.5219563821953,1.9663085677981336
B1-PIECEWISE-REDUCED,210,270.7052416622638,R2-SIDE,REGION-2,SuperheatedVapor,270.7052416622638,5.563746251759713,,true,REGION-2-REDUCED,SuperheatedVapor,301.2280943493049,7.530009181167613,,true,30.52285268704111,1.9662629294079004
B1-PIECEWISE-REDUCED,211,270.7231227874755,R1-SIDE,REGION-1,SubcooledLiquid,270.7231227874755,5.565409894256659,,true,REGION-1-REDUCED,SubcooledLiquid,270.7220594810175,5.5704274155620634,,true,-0.0010633064580360951,0.005017521305404671
B1-PIECEWISE-REDUCED,211,270.7231227874755,R4-LIQUID-SIDE,REGION-4,SaturatedMixture,270.7231227874755,5.565354240714251,1E-06,false,UNRESOLVED,Unspecified,,,,false,,
B1-PIECEWISE-REDUCED,211,270.7231227874755,R4-VAPOR-SIDE,REGION-4,SaturatedMixture,270.7231227874755,5.565354240714251,0.999999,true,REGION-2-REDUCED,SuperheatedVapor,301.2622525294622,7.532825257443842,,false,30.5391297419867,1.9674710167295908
B1-PIECEWISE-REDUCED,211,270.7231227874755,R2-SIDE,REGION-2,SuperheatedVapor,270.7231227874755,5.565298587171845,,true,REGION-2-REDUCED,SuperheatedVapor,301.2631485859554,7.532723931438821,,true,30.54002579847986,1.9674253442669762
B1-PIECEWISE-REDUCED,212,270.7234599530699,R1-SIDE,REGION-1,SubcooledLiquid,270.7234599530699,5.565439168776513,,true,REGION-1-REDUCED,SubcooledLiquid,270.72239643342266,5.570457693885496,,true,-0.0010635196472321695,0.005018525108982708
B1-PIECEWISE-REDUCED,212,270.7234599530699,R4-LIQUID-SIDE,REGION-4,SaturatedMixture,270.7234599530699,5.565383514941363,1E-06,false,UNRESOLVED,Unspecified,,,,false,,
B1-PIECEWISE-REDUCED,212,270.7234599530699,R4-VAPOR-SIDE,REGION-4,SaturatedMixture,270.7234599530699,5.565383514941363,0.999999,true,REGION-2-REDUCED,SuperheatedVapor,301.2629136443139,7.532876457902099,,false,30.539453691244034,1.9674929429607362
B1-PIECEWISE-REDUCED,212,270.7234599530699,R2-SIDE,REGION-2,SuperheatedVapor,270.7234599530699,5.565327861106214,,true,REGION-2-REDUCED,SuperheatedVapor,301.263809700807,7.5327751310230475,,true,30.540349747737082,1.9674472699168337
B1-PIECEWISE-REDUCED,213,270.7524907827377,R1-SIDE,REGION-1,SubcooledLiquid,270.7524907827377,5.567960221564447,,true,REGION-1-REDUCED,SubcooledLiquid,270.75140986894144,5.5730605049416,,true,-0.001080913796272398,0.005100283377153403
B1-PIECEWISE-REDUCED,213,270.7524907827377,R4-LIQUID-SIDE,REGION-4,SaturatedMixture,270.7524907827377,5.567904542519021,1E-06,false,UNRESOLVED,Unspecified,,,,false,,
B1-PIECEWISE-REDUCED,213,270.7524907827377,R4-VAPOR-SIDE,REGION-4,SaturatedMixture,270.7524907827377,5.567904542519021,0.999999,true,REGION-2-REDUCED,SuperheatedVapor,301.3198519746463,7.537286340566117,,false,30.567361191908617,1.9693817980470953
B1-PIECEWISE-REDUCED,213,270.7524907827377,R2-SIDE,REGION-2,SuperheatedVapor,270.7524907827377,5.567848863473596,,true,REGION-2-REDUCED,SuperheatedVapor,301.3207472860814,7.537184928623293,,true,30.56825650334372,1.9693360651496965
B1-PIECEWISE-REDUCED,214,270.7539018630981,R1-SIDE,REGION-1,SubcooledLiquid,270.7539018630981,5.56808278275514,,true,REGION-1-REDUCED,SubcooledLiquid,270.7528201523145,5.573186804773786,,true,-0.0010817107836373907,0.005104022018645793
B1-PIECEWISE-REDUCED,214,270.7539018630981,R4-LIQUID-SIDE,REGION-4,SaturatedMixture,270.7539018630981,5.568027102484115,1E-06,false,UNRESOLVED,Unspecified,,,,false,,
B1-PIECEWISE-REDUCED,214,270.7539018630981,R4-VAPOR-SIDE,REGION-4,SaturatedMixture,270.7539018630981,5.568027102484115,0.999999,true,REGION-2-REDUCED,SuperheatedVapor,301.32262061039614,7.53750076304933,,false,30.56871874729802,1.9694736605652148
B1-PIECEWISE-REDUCED,214,270.7539018630981,R2-SIDE,REGION-2,SuperheatedVapor,270.7539018630981,5.56797142221309,,true,REGION-2-REDUCED,SuperheatedVapor,301.3235156734785,7.537399344186558,,true,30.56961381038036,1.9694279219734678
B1-PIECEWISE-REDUCED,215,270.78118436336524,R1-SIDE,REGION-1,SubcooledLiquid,270.78118436336524,5.570452844179281,,true,REGION-1-REDUCED,SubcooledLiquid,270.7800881269692,5.575624864386166,,true,-0.0010962363960516086,0.0051720202068850085
B1-PIECEWISE-REDUCED,215,270.78118436336524,R4-LIQUID-SIDE,REGION-4,SaturatedMixture,270.78118436336524,5.570397140207878,1E-06,false,UNRESOLVED,Unspecified,,,,false,,
B1-PIECEWISE-REDUCED,215,270.78118436336524,R4-VAPOR-SIDE,REGION-4,SaturatedMixture,270.78118436336524,5.570397140207878,0.999999,true,REGION-2-REDUCED,SuperheatedVapor,301.376160234213,7.5416477358417096,,false,30.594975870847748,1.9712505956338315
B1-PIECEWISE-REDUCED,215,270.78118436336524,R2-SIDE,REGION-2,SuperheatedVapor,270.78118436336524,5.570341436236476,,true,REGION-2-REDUCED,SuperheatedVapor,301.3770548005899,7.541546239636311,,true,30.595870437224676,1.9712048033998348
B1-PIECEWISE-REDUCED,216,270.8030768454074,R1-SIDE,REGION-1,SubcooledLiquid,270.8030768454074,5.57235522563344,,true,REGION-1-REDUCED,SubcooledLiquid,270.80197016876014,5.577575917705048,,true,-0.0011066766472822565,0.005220692071608468
B1-PIECEWISE-REDUCED,216,270.8030768454074,R4-LIQUID-SIDE,REGION-4,SaturatedMixture,270.8030768454074,5.572299502638413,1E-06,false,UNRESOLVED,Unspecified,,,,false,,
B1-PIECEWISE-REDUCED,216,270.8030768454074,R4-VAPOR-SIDE,REGION-4,SaturatedMixture,270.8030768454074,5.572299502638413,0.999999,true,REGION-2-REDUCED,SuperheatedVapor,301.41914263367664,7.544977200606924,,false,30.616065788269225,1.9726776979685114
B1-PIECEWISE-REDUCED,216,270.8030768454074,R2-SIDE,REGION-2,SuperheatedVapor,270.8030768454074,5.572243779643387,,true,REGION-2-REDUCED,SuperheatedVapor,301.4200367033483,7.5448756410044515,,true,30.616959857940856,1.972631861361065
B1-PIECEWISE-REDUCED,217,270.80531049966817,R1-SIDE,REGION-1,SubcooledLiquid,270.80531049966817,5.572549350396412,,true,REGION-1-REDUCED,SubcooledLiquid,270.8042028186868,5.5777747135496,,true,-0.0011076809813630462,0.005225363153187779
B1-PIECEWISE-REDUCED,217,270.80531049966817,R4-LIQUID-SIDE,REGION-4,SaturatedMixture,270.80531049966817,5.572493625460157,1E-06,false,UNRESOLVED,Unspecified,,,,false,,
B1-PIECEWISE-REDUCED,217,270.80531049966817,R4-VAPOR-SIDE,REGION-4,SaturatedMixture,270.80531049966817,5.572493625460157,0.999999,true,REGION-2-REDUCED,SuperheatedVapor,301.42352928717935,7.545316992510924,,false,30.618218787511182,1.9728233670507667
B1-PIECEWISE-REDUCED,217,270.80531049966817,R2-SIDE,REGION-2,SuperheatedVapor,270.80531049966817,5.572437900523902,,true,REGION-2-REDUCED,SuperheatedVapor,301.42442310849833,7.545215423841921,,true,30.619112608830164,1.972777523318019
B1-PIECEWISE-REDUCED,218,270.85275713801377,R1-SIDE,REGION-1,SubcooledLiquid,270.85275713801377,5.576674112412128,,true,REGION-1-REDUCED,SubcooledLiquid,270.85163078666005,5.581985808922025,,true,-0.0011263513537187464,0.005311696509896713
B1-PIECEWISE-REDUCED,218,270.85275713801377,R4-LIQUID-SIDE,REGION-4,SaturatedMixture,270.85275713801377,5.576618346228665,1E-06,false,UNRESOLVED,Unspecified,,,,false,,
B1-PIECEWISE-REDUCED,218,270.85275713801377,R4-VAPOR-SIDE,REGION-4,SaturatedMixture,270.85275713801377,5.576618346228665,0.999999,true,REGION-2-REDUCED,SuperheatedVapor,301.51674896478664,7.552538596652687,,false,30.66399182677287,1.9759202504240214
B1-PIECEWISE-REDUCED,218,270.85275713801377,R2-SIDE,REGION-2,SuperheatedVapor,270.85275713801377,5.576562580045203,,true,REGION-2-REDUCED,SuperheatedVapor,301.51764204104745,7.552436894786561,,true,30.66488490303368,1.9758743147413584
B1-PIECEWISE-REDUCED,219,270.9028086423874,R1-SIDE,REGION-1,SubcooledLiquid,270.9028086423874,5.5810278540120715,,true,REGION-1-REDUCED,SubcooledLiquid,270.90166811248844,5.586403963412609,,true,-0.0011405298989757284,0.005376109400537565
B1-PIECEWISE-REDUCED,219,270.9028086423874,R4-LIQUID-SIDE,REGION-4,SaturatedMixture,270.9028086423874,5.580972044291628,1E-06,false,UNRESOLVED,Unspecified,,,,false,,
B1-PIECEWISE-REDUCED,219,270.9028086423874,R4-VAPOR-SIDE,REGION-4,SaturatedMixture,270.9028086423874,5.580972044291628,0.999999,true,REGION-2-REDUCED,SuperheatedVapor,301.6151785850526,7.560164766967357,,false,30.71236994266519,1.9791927226757284
B1-PIECEWISE-REDUCED,219,270.9028086423874,R2-SIDE,REGION-2,SuperheatedVapor,270.9028086423874,5.580916234571186,,true,REGION-2-REDUCED,SuperheatedVapor,301.6160706679027,7.560062921656702,,true,30.71326202551529,1.9791466870855166
B1-PIECEWISE-REDUCED,220,270.9531313061716,R1-SIDE,REGION-1,SubcooledLiquid,270.9531313061716,5.585407798326034,,true,REGION-1-REDUCED,SubcooledLiquid,270.95198223575574,5.590821108057133,,true,-0.001149070415863207,0.005413309731099325
B1-PIECEWISE-REDUCED,220,270.9531313061716,R4-LIQUID-SIDE,REGION-4,SaturatedMixture,270.9531313061716,5.585351944806585,1E-06,false,UNRESOLVED,Unspecified,,,,false,,
B1-PIECEWISE-REDUCED,220,270.9531313061716,R4-VAPOR-SIDE,REGION-4,SaturatedMixture,270.9531313061716,5.585351944806585,0.999999,true,REGION-2-REDUCED,SuperheatedVapor,301.7142367859682,7.567840639831631,,false,30.761105479796583,1.9824886950250455
B1-PIECEWISE-REDUCED,220,270.9531313061716,R2-SIDE,REGION-2,SuperheatedVapor,270.9531313061716,5.585296091287137,,true,REGION-2-REDUCED,SuperheatedVapor,301.7151276270549,7.567738646882446,,true,30.761996320883327,1.9824425555953082
B1-PIECEWISE-REDUCED,221,271.00374035835273,R1-SIDE,REGION-1,SubcooledLiquid,271.00374035835273,5.589815315528626,,true,REGION-1-REDUCED,SubcooledLiquid,271.00258848274564,5.595238199955218,,true,-0.0011518756070927338,0.005422884426591779
B1-PIECEWISE-REDUCED,221,271.00374035835273,R4-LIQUID-SIDE,REGION-4,SaturatedMixture,271.00374035835273,5.589759417934446,1E-06,false,UNRESOLVED,Unspecified,,,,false,,
B1-PIECEWISE-REDUCED,221,271.00374035835273,R4-VAPOR-SIDE,REGION-4,SaturatedMixture,271.00374035835273,5.589759417934446,0.999999,true,REGION-2-REDUCED,SuperheatedVapor,301.8139553566774,7.575568691068441,,false,30.810214998324682,1.9858092731339951
B1-PIECEWISE-REDUCED,221,271.00374035835273,R2-SIDE,REGION-2,SuperheatedVapor,271.00374035835273,5.589703520340267,,true,REGION-2-REDUCED,SuperheatedVapor,301.81484520435345,7.575466552779144,,true,30.811104846000717,1.9857630324388769
B1-PIECEWISE-REDUCED,222,271.0544894754886,R1-SIDE,REGION-1,SubcooledLiquid,271.0544894754886,5.594237697000598,,true,REGION-1-REDUCED,SubcooledLiquid,271.05334061606936,5.599642185737484,,true,-0.001148859419231485,0.005404488736886037
B1-PIECEWISE-REDUCED,222,271.0544894754886,R4-LIQUID-SIDE,REGION-4,SaturatedMixture,271.0544894754886,5.594181755183046,1E-06,false,UNRESOLVED,Unspecified,,,,false,,
B1-PIECEWISE-REDUCED,222,271.0544894754886,R4-VAPOR-SIDE,REGION-4,SaturatedMixture,271.0544894754886,5.594181755183046,0.999999,true,REGION-2-REDUCED,SuperheatedVapor,301.91404720147455,7.583326694740169,,false,30.85955772598595,1.9891449395571232
B1-PIECEWISE-REDUCED,222,271.0544894754886,R2-SIDE,REGION-2,SuperheatedVapor,271.0544894754886,5.594125813365494,,true,REGION-2-REDUCED,SuperheatedVapor,301.9149358073871,7.583224407246928,,true,30.860446331898515,1.989098593881434
B1-PIECEWISE-REDUCED,223,271.1053811609744,R1-SIDE,REGION-1,SubcooledLiquid,271.1053811609744,5.598675184310833,,true,REGION-1-REDUCED,SubcooledLiquid,271.1042411927841,5.6040331076707535,,true,-0.0011399681902730663,0.005357923359920136
B1-PIECEWISE-REDUCED,223,271.1053811609744,R4-LIQUID-SIDE,REGION-4,SaturatedMixture,271.1053811609744,5.598619198118851,1E-06,false,UNRESOLVED,Unspecified,,,,false,,
B1-PIECEWISE-REDUCED,223,271.1053811609744,R4-VAPOR-SIDE,REGION-4,SaturatedMixture,271.1053811609744,5.598619198118851,0.999999,true,REGION-2-REDUCED,SuperheatedVapor,302.01451828082406,7.591115118384806,,false,30.909137119849674,1.992495920265955
B1-PIECEWISE-REDUCED,223,271.1053811609744,R2-SIDE,REGION-2,SuperheatedVapor,271.1053811609744,5.59856321192687,,true,REGION-2-REDUCED,SuperheatedVapor,302.0154058933259,7.591012684362162,,true,30.91002473235153,1.9924494724352915
B1-PIECEWISE-REDUCED,224,271.15636810064314,R1-SIDE,REGION-1,SubcooledLiquid,271.15636810064314,5.603123671856725,,true,REGION-1-REDUCED,SubcooledLiquid,271.1552429364111,5.60840674222245,,true,-0.0011251642320075916,0.005283070365725173
B1-PIECEWISE-REDUCED,224,271.15636810064314,R4-LIQUID-SIDE,REGION-4,SaturatedMixture,271.15636810064314,5.603067641180313,1E-06,false,UNRESOLVED,Unspecified,,,,false,,
B1-PIECEWISE-REDUCED,224,271.15636810064314,R4-VAPOR-SIDE,REGION-4,SaturatedMixture,271.15636810064314,5.603067641180313,0.999999,true,REGION-2-REDUCED,SuperheatedVapor,302.1152764558793,7.598926799817997,,false,30.95890835523619,1.9958591586376846
B1-PIECEWISE-REDUCED,224,271.15636810064314,R2-SIDE,REGION-2,SuperheatedVapor,271.15636810064314,5.603011610503901,,true,REGION-2-REDUCED,SuperheatedVapor,302.11616257826495,7.598824212229262,,true,30.959794477621813,1.995812601725361
B1-PIECEWISE-REDUCED,225,271.20735141038915,R1-SIDE,REGION-1,SubcooledLiquid,271.20735141038915,5.607574540629314,,true,REGION-1-REDUCED,SubcooledLiquid,271.20624695483593,5.612754575729648,,true,-0.0011044555532180311,0.005180035100333491
B1-PIECEWISE-REDUCED,225,271.20735141038915,R4-LIQUID-SIDE,REGION-4,SaturatedMixture,271.20735141038915,5.6075184654446595,1E-06,false,UNRESOLVED,Unspecified,,,,false,,
B1-PIECEWISE-REDUCED,225,271.20735141038915,R4-VAPOR-SIDE,REGION-4,SaturatedMixture,271.20735141038915,5.6075184654446595,0.999999,true,REGION-2-REDUCED,SuperheatedVapor,302.21612602472317,7.606746615669079,,false,31.008774614334015,1.9992281502244191
B1-PIECEWISE-REDUCED,225,271.20735141038915,R2-SIDE,REGION-2,SuperheatedVapor,271.20735141038915,5.607462390260006,,true,REGION-2-REDUCED,SuperheatedVapor,302.2170111536981,7.60664388085296,,true,31.00965974330893,1.9991814905929548
B1-PIECEWISE-REDUCED,226,271.2583651363849,R1-SIDE,REGION-1,SubcooledLiquid,271.2583651363849,5.612030766131069,,true,REGION-1-REDUCED,SubcooledLiquid,271.2572873175329,5.617079528981043,,true,-0.0010778188519680043,0.005048762849974686
B1-PIECEWISE-REDUCED,226,271.2583651363849,R4-LIQUID-SIDE,REGION-4,SaturatedMixture,271.2583651363849,5.6119746463846045,1E-06,false,UNRESOLVED,Unspecified,,,,false,,
B1-PIECEWISE-REDUCED,226,271.2583651363849,R4-VAPOR-SIDE,REGION-4,SaturatedMixture,271.2583651363849,5.6119746463846045,0.999999,true,REGION-2-REDUCED,SuperheatedVapor,302.31713528434443,7.614579816939986,,false,31.058770147959535,2.0026051705553813
B1-PIECEWISE-REDUCED,226,271.2583651363849,R2-SIDE,REGION-2,SuperheatedVapor,271.2583651363849,5.611918526638141,,true,REGION-2-REDUCED,SuperheatedVapor,302.3180191715559,7.614476931303243,,true,31.05965403517098,2.002558404665102
B1-PIECEWISE-REDUCED,227,271.3093077659606,R1-SIDE,REGION-1,SubcooledLiquid,271.3093077659606,5.616483478774576,,true,REGION-1-REDUCED,SubcooledLiquid,271.3082624565685,5.621373063570973,,true,-0.0010453093921114487,0.004889584796396562
B1-PIECEWISE-REDUCED,227,271.3093077659606,R4-LIQUID-SIDE,REGION-4,SaturatedMixture,271.3093077659606,5.616427314501431,1E-06,false,UNRESOLVED,Unspecified,,,,false,,
B1-PIECEWISE-REDUCED,227,271.3093077659606,R4-VAPOR-SIDE,REGION-4,SaturatedMixture,271.3093077659606,5.616427314501431,0.999999,true,REGION-2-REDUCED,SuperheatedVapor,302.41810282071435,7.622410812553244,,false,31.108795054753728,2.0059834980518128
B1-PIECEWISE-REDUCED,227,271.3093077659606,R2-SIDE,REGION-2,SuperheatedVapor,271.3093077659606,5.616371150228286,,true,REGION-2-REDUCED,SuperheatedVapor,302.4189857145151,7.622307779339529,,true,31.109677948554463,2.0059366291112433
B1-PIECEWISE-REDUCED,228,271.36016235947625,R1-SIDE,REGION-1,SubcooledLiquid,271.36016235947625,5.62093118641792,,true,REGION-1-REDUCED,SubcooledLiquid,271.35915539862276,5.625633907955843,,true,-0.0010069608534877261,0.004702721537922727
B1-PIECEWISE-REDUCED,228,271.36016235947625,R4-LIQUID-SIDE,REGION-4,SaturatedMixture,271.36016235947625,5.620874977668143,1E-06,false,UNRESOLVED,Unspecified,,,,false,,
B1-PIECEWISE-REDUCED,228,271.36016235947625,R4-VAPOR-SIDE,REGION-4,SaturatedMixture,271.36016235947625,5.620874977668143,0.999999,true,REGION-2-REDUCED,SuperheatedVapor,302.51899510622036,7.630236975078725,,false,31.15883274674411,2.0093619974105827
B1-PIECEWISE-REDUCED,228,271.36016235947625,R2-SIDE,REGION-2,SuperheatedVapor,271.36016235947625,5.620818768918366,,true,REGION-2-REDUCED,SuperheatedVapor,302.5198767582576,7.630133791001769,,true,31.159714398781375,2.0093150220834026
B1-PIECEWISE-REDUCED,229,271.4109251201154,R1-SIDE,REGION-1,SubcooledLiquid,271.4109251201154,5.625373543851794,,true,REGION-1-REDUCED,SubcooledLiquid,271.40996231754843,5.629861915093243,,true,-0.0009628025669599083,0.004488371241449407
B1-PIECEWISE-REDUCED,229,271.4109251201154,R4-LIQUID-SIDE,REGION-4,SaturatedMixture,271.4109251201154,5.625317290678886,1E-06,false,UNRESOLVED,Unspecified,,,,false,,
B1-PIECEWISE-REDUCED,229,271.4109251201154,R4-VAPOR-SIDE,REGION-4,SaturatedMixture,271.4109251201154,5.625317290678886,0.999999,true,REGION-2-REDUCED,SuperheatedVapor,302.61980394522357,7.638057682841637,,false,31.208878825108172,2.012740392162751
B1-PIECEWISE-REDUCED,229,271.4109251201154,R2-SIDE,REGION-2,SuperheatedVapor,271.4109251201154,5.62526103750598,,true,REGION-2-REDUCED,SuperheatedVapor,302.6206846038501,7.6379543512067185,,true,31.20975948373473,2.012693313700739
B1-PIECEWISE-REDUCED,230,271.46150371432316,R1-SIDE,REGION-1,SubcooledLiquid,271.46150371432316,5.629802450040749,,true,REGION-1-REDUCED,SubcooledLiquid,271.4605907563407,5.6340496361487595,,true,-0.0009129579824502798,0.004247186108010226
B1-PIECEWISE-REDUCED,230,271.46150371432316,R4-LIQUID-SIDE,REGION-4,SaturatedMixture,271.46150371432316,5.629746152579223,1E-06,false,UNRESOLVED,Unspecified,,,,false,,
B1-PIECEWISE-REDUCED,230,271.46150371432316,R4-VAPOR-SIDE,REGION-4,SaturatedMixture,271.46150371432316,5.629746152579223,0.999999,true,REGION-2-REDUCED,SuperheatedVapor,302.72034530838334,7.645858652226518,,false,31.258841594060186,2.0161124996472948
B1-PIECEWISE-REDUCED,230,271.46150371432316,R2-SIDE,REGION-2,SuperheatedVapor,271.46150371432316,5.6296898551176975,,true,REGION-2-REDUCED,SuperheatedVapor,302.72122472524654,7.645755169998392,,true,31.259721010923386,2.016065314880694
B1-PIECEWISE-REDUCED,231,271.51193360686295,R1-SIDE,REGION-1,SubcooledLiquid,271.51193360686295,5.634220985275663,,true,REGION-1-REDUCED,SubcooledLiquid,271.5110761617973,5.638200289898712,,true,-0.0008574450656624322,0.0039793046230487406
B1-PIECEWISE-REDUCED,231,271.51193360686295,R4-LIQUID-SIDE,REGION-4,SaturatedMixture,271.51193360686295,5.6341646436292265,1E-06,false,UNRESOLVED,Unspecified,,,,false,,
B1-PIECEWISE-REDUCED,231,271.51193360686295,R4-VAPOR-SIDE,REGION-4,SaturatedMixture,271.51193360686295,5.6341646436292265,0.999999,true,REGION-2-REDUCED,SuperheatedVapor,302.8206892311574,7.653645285148377,,false,31.308755624294463,2.0194806415191504
B1-PIECEWISE-REDUCED,231,271.51193360686295,R2-SIDE,REGION-2,SuperheatedVapor,271.51193360686295,5.63410830198279,,true,REGION-2-REDUCED,SuperheatedVapor,302.8215676546098,7.653541655791273,,true,31.30963404774684,2.019433353808483
B1-PIECEWISE-REDUCED,232,271.5621550083159,R1-SIDE,REGION-1,SubcooledLiquid,271.5621550083159,5.638623883945962,,true,REGION-1-REDUCED,SubcooledLiquid,271.5613586216799,5.642309254040714,,true,-0.000796386636011448,0.003685370094752116
B1-PIECEWISE-REDUCED,232,271.5621550083159,R4-LIQUID-SIDE,REGION-4,SaturatedMixture,271.5621550083159,5.638567498270978,1E-06,false,UNRESOLVED,Unspecified,,,,false,,
B1-PIECEWISE-REDUCED,232,271.5621550083159,R4-VAPOR-SIDE,REGION-4,SaturatedMixture,271.5621550083159,5.638567498270978,0.999999,true,REGION-2-REDUCED,SuperheatedVapor,302.92070880532276,7.661408177182219,,false,31.358553797006834,2.0228406789112405
B1-PIECEWISE-REDUCED,232,271.5621550083159,R2-SIDE,REGION-2,SuperheatedVapor,271.5621550083159,5.638511112595996,,true,REGION-2-REDUCED,SuperheatedVapor,302.9215874771278,7.661304417542375,,true,31.35943246881186,2.0227933049463793
B1-PIECEWISE-REDUCED,233,271.6121370434762,R1-SIDE,REGION-1,SubcooledLiquid,271.6121370434762,5.643008405188661,,true,REGION-1-REDUCED,SubcooledLiquid,271.6114071507767,5.646374365564436,,true,-0.000729892699496304,0.003365960375774968
B1-PIECEWISE-REDUCED,233,271.6121370434762,R4-LIQUID-SIDE,REGION-4,SaturatedMixture,271.6121370434762,5.642951975668904,1E-06,false,UNRESOLVED,Unspecified,,,,false,,
B1-PIECEWISE-REDUCED,233,271.6121370434762,R4-VAPOR-SIDE,REGION-4,SaturatedMixture,271.6121370434762,5.642951975668904,0.999999,true,REGION-2-REDUCED,SuperheatedVapor,303.02025501926744,7.66914130413905,,false,31.408117975791242,2.0261893284701458
B1-PIECEWISE-REDUCED,233,271.6121370434762,R2-SIDE,REGION-2,SuperheatedVapor,271.6121370434762,5.6428955461491475,,true,REGION-2-REDUCED,SuperheatedVapor,303.0211324493091,7.669037394843749,,true,31.40899540583291,2.0261418486946017
B1-PIECEWISE-REDUCED,234,271.66190503835685,R1-SIDE,REGION-1,SubcooledLiquid,271.66190503835685,5.647376736302868,,true,REGION-1-REDUCED,SubcooledLiquid,271.66124703559615,5.650398049058883,,true,-0.0006580027607014927,0.0030213127560152486
B1-PIECEWISE-REDUCED,234,271.66190503835685,R4-LIQUID-SIDE,REGION-4,SaturatedMixture,271.66190503835685,5.647320263100236,1E-06,false,UNRESOLVED,Unspecified,,,,false,,
B1-PIECEWISE-REDUCED,234,271.66190503835685,R4-VAPOR-SIDE,REGION-4,SaturatedMixture,271.66190503835685,5.647320263100236,0.999999,true,REGION-2-REDUCED,SuperheatedVapor,303.1194706757864,7.676849724206577,,false,31.457565637429525,2.029529461106341
B1-PIECEWISE-REDUCED,234,271.66190503835685,R2-SIDE,REGION-2,SuperheatedVapor,271.66190503835685,5.647263789897606,,true,REGION-2-REDUCED,SuperheatedVapor,303.12034736077,7.6767456722169936,,true,31.458442322413134,2.029481882319388
B1-PIECEWISE-REDUCED,235,271.71136682629583,R1-SIDE,REGION-1,SubcooledLiquid,271.71136682629583,5.6517207480659435,,true,REGION-1-REDUCED,SubcooledLiquid,271.7107858919934,5.654373263307664,,true,-0.0005809343024338887,0.002652515241720721
B1-PIECEWISE-REDUCED,235,271.71136682629583,R4-LIQUID-SIDE,REGION-4,SaturatedMixture,271.71136682629583,5.651664231423629,1E-06,false,UNRESOLVED,Unspecified,,,,false,,
B1-PIECEWISE-REDUCED,235,271.71136682629583,R4-VAPOR-SIDE,REGION-4,SaturatedMixture,271.71136682629583,5.651664231423629,0.999999,true,REGION-2-REDUCED,SuperheatedVapor,303.21817100048077,7.684519046560534,,false,31.506804174184936,2.032854815136905
B1-PIECEWISE-REDUCED,235,271.71136682629583,R2-SIDE,REGION-2,SuperheatedVapor,271.71136682629583,5.651607714781315,,true,REGION-2-REDUCED,SuperheatedVapor,303.21904619534814,7.684414842547257,,true,31.507679369052312,2.032807127765942
B1-PIECEWISE-REDUCED,236,271.76054902672774,R1-SIDE,REGION-1,SubcooledLiquid,271.76054902672774,5.65604273406477,,true,REGION-1-REDUCED,SubcooledLiquid,271.7600502857272,5.6583026019370575,,true,-0.0004987410005696802,0.00225986787228738
B1-PIECEWISE-REDUCED,236,271.76054902672774,R4-LIQUID-SIDE,REGION-4,SaturatedMixture,271.76054902672774,5.6559861742030275,1E-06,false,UNRESOLVED,Unspecified,,,,false,,
B1-PIECEWISE-REDUCED,236,271.76054902672774,R4-VAPOR-SIDE,REGION-4,SaturatedMixture,271.76054902672774,5.6559861742030275,0.999999,true,REGION-2-REDUCED,SuperheatedVapor,303.3164074023565,7.692153260593885,,false,31.55585837562876,2.036167086390858
B1-PIECEWISE-REDUCED,236,271.76054902672774,R2-SIDE,REGION-2,SuperheatedVapor,271.76054902672774,5.655929614341286,,true,REGION-2-REDUCED,SuperheatedVapor,303.3172816038133,7.69204891170449,,true,31.55673257708554,2.0361192973632045
B1-PIECEWISE-REDUCED,237,271.80945309996594,R1-SIDE,REGION-1,SubcooledLiquid,271.80945309996594,5.6603427807343385,,true,REGION-1-REDUCED,SubcooledLiquid,271.8090415895779,5.662186612264982,,true,-0.0004115103880621973,0.0018438315306434916
B1-PIECEWISE-REDUCED,237,271.80945309996594,R4-LIQUID-SIDE,REGION-4,SaturatedMixture,271.80945309996594,5.6602861778725595,1E-06,false,UNRESOLVED,Unspecified,,,,false,,
B1-PIECEWISE-REDUCED,237,271.80945309996594,R4-VAPOR-SIDE,REGION-4,SaturatedMixture,271.80945309996594,5.6602861778725595,0.999999,true,REGION-2-REDUCED,SuperheatedVapor,303.41418137152993,7.699752465029761,,false,31.604728271564,2.039466287157201
B1-PIECEWISE-REDUCED,237,271.80945309996594,R2-SIDE,REGION-2,SuperheatedVapor,271.80945309996594,5.660229575010781,,true,REGION-2-REDUCED,SuperheatedVapor,303.41505433122325,7.699647968477594,,true,31.60560123125731,2.0394183934668124
B1-PIECEWISE-REDUCED,238,271.85805572271363,R1-SIDE,REGION-1,SubcooledLiquid,271.85805572271363,5.6646187939489305,,true,REGION-1-REDUCED,SubcooledLiquid,271.85773634539817,5.666023884575044,,true,-0.00031937731546349823,0.0014050906261138252
B1-PIECEWISE-REDUCED,238,271.85805572271363,R4-LIQUID-SIDE,REGION-4,SaturatedMixture,271.85805572271363,5.664562148327447,1E-06,false,UNRESOLVED,Unspecified,,,,false,,
B1-PIECEWISE-REDUCED,238,271.85805572271363,R4-VAPOR-SIDE,REGION-4,SaturatedMixture,271.85805572271363,5.664562148327447,0.999999,true,REGION-2-REDUCED,SuperheatedVapor,303.5114447275798,7.707312901809348,,false,31.6533890048662,2.0427507534819007
B1-PIECEWISE-REDUCED,238,271.85805572271363,R2-SIDE,REGION-2,SuperheatedVapor,271.85805572271363,5.664505502705964,,true,REGION-2-REDUCED,SuperheatedVapor,303.51231644550967,7.7072082581847186,,true,31.65426072279604,2.0427027554787545
B1-PIECEWISE-REDUCED,239,271.90634704828267,R1-SIDE,REGION-1,SubcooledLiquid,271.90634704828267,5.6688698617659,,true,REGION-1-REDUCED,SubcooledLiquid,271.906124589475,5.669814103696935,,true,-0.00022245880768423376,0.0009442419310348171
B1-PIECEWISE-REDUCED,239,271.90634704828267,R4-LIQUID-SIDE,REGION-4,SaturatedMixture,271.90634704828267,5.668813173634164,1E-06,false,UNRESOLVED,Unspecified,,,,false,,
B1-PIECEWISE-REDUCED,239,271.90634704828267,R4-VAPOR-SIDE,REGION-4,SaturatedMixture,271.90634704828267,5.668813173634164,0.999999,true,REGION-2-REDUCED,SuperheatedVapor,303.6081761121751,7.714832897421657,,false,31.701829063892433,2.0460197237874933
B1-PIECEWISE-REDUCED,239,271.90634704828267,R2-SIDE,REGION-2,SuperheatedVapor,271.90634704828267,5.668756485502428,,true,REGION-2-REDUCED,SuperheatedVapor,303.6090470850469,7.714728113988708,,true,31.702700036764213,2.0459716284862806
B1-PIECEWISE-REDUCED,240,271.95431818962084,R1-SIDE,REGION-1,SubcooledLiquid,271.95431818962084,5.673095155065923,,true,REGION-1-REDUCED,SubcooledLiquid,271.9541973159436,5.673557043430271,,true,-0.00012087367724689102,0.0004618883643479066
B1-PIECEWISE-REDUCED,240,271.95431818962084,R4-LIQUID-SIDE,REGION-4,SaturatedMixture,271.95431818962084,5.673038424681676,1E-06,false,UNRESOLVED,Unspecified,,,,false,,
B1-PIECEWISE-REDUCED,240,271.95431818962084,R4-VAPOR-SIDE,REGION-4,SaturatedMixture,271.95431818962084,5.673038424681676,0.999999,true,REGION-2-REDUCED,SuperheatedVapor,303.7043566505115,7.72231093048601,,false,31.750038460890664,2.0492725058043346
B1-PIECEWISE-REDUCED,240,271.95431818962084,R2-SIDE,REGION-2,SuperheatedVapor,271.95431818962084,5.672981694297429,,true,REGION-2-REDUCED,SuperheatedVapor,303.70522613326716,7.722205997929091,,true,31.750907943646325,2.0492243036316617
B1-PIECEWISE-REDUCED,241,272.00196151137345,R1-SIDE,REGION-1,SubcooledLiquid,272.00196151137345,5.677293953569519,,true,REGION-1-REDUCED,SubcooledLiquid,272.0019378434961,5.6772949484280115,,true,-2.3667877371735813E-05,9.948584924757142E-07
B1-PIECEWISE-REDUCED,241,272.00196151137345,R4-LIQUID-SIDE,REGION-4,SaturatedMixture,272.00196151137345,5.6772371811977065,1E-06,false,UNRESOLVED,Unspecified,,,,false,,
B1-PIECEWISE-REDUCED,241,272.00196151137345,R4-VAPOR-SIDE,REGION-4,SaturatedMixture,272.00196151137345,5.6772371811977065,0.999999,true,REGION-2-REDUCED,SuperheatedVapor,303.7999684611957,7.7297456503043,,false,31.798006949822252,2.052508469106593
B1-PIECEWISE-REDUCED,241,272.00196151137345,R2-SIDE,REGION-2,SuperheatedVapor,272.00196151137345,5.677180408825895,,true,REGION-2-REDUCED,SuperheatedVapor,303.8008371988933,7.729640579271905,,true,31.798875687519853,2.05246017044601
B1-PIECEWISE-REDUCED,242,272.04927046298974,R1-SIDE,REGION-1,SubcooledLiquid,272.04927046298974,5.681465631454847,,true,REGION-1-REDUCED,SubcooledLiquid,272.04913992048307,5.6819741794111005,,true,-0.00013054250666755252,0.0005085479562536577
B1-PIECEWISE-REDUCED,242,272.04927046298974,R4-LIQUID-SIDE,REGION-4,SaturatedMixture,272.04927046298974,5.681408817366673,1E-06,false,UNRESOLVED,Unspecified,,,,false,,
B1-PIECEWISE-REDUCED,242,272.04927046298974,R4-VAPOR-SIDE,REGION-4,SaturatedMixture,272.04927046298974,5.681408817366673,0.999999,true,REGION-2-REDUCED,SuperheatedVapor,303.8949971397718,7.737135889427248,,false,31.84572667678208,2.0557270720605745
B1-PIECEWISE-REDUCED,242,272.04927046298974,R2-SIDE,REGION-2,SuperheatedVapor,272.04927046298974,5.6813520032785,,true,REGION-2-REDUCED,SuperheatedVapor,303.8958648840587,7.737030677293271,,true,31.84659442106897,2.0556786740147714
B1-PIECEWISE-REDUCED,243,272.09623962044714,R1-SIDE,REGION-1,SubcooledLiquid,272.09623962044714,5.6856096613319425,,true,REGION-1-REDUCED,SubcooledLiquid,272.0960080504135,5.686597352101227,,true,-0.00023157003363394324,0.0009876907692847325
B1-PIECEWISE-REDUCED,243,272.09623962044714,R4-LIQUID-SIDE,REGION-4,SaturatedMixture,272.09623962044714,5.6855528058038844,1E-06,false,UNRESOLVED,Unspecified,,,,false,,
B1-PIECEWISE-REDUCED,243,272.09623962044714,R4-VAPOR-SIDE,REGION-4,SaturatedMixture,272.09623962044714,5.6855528058038844,0.999999,true,REGION-2-REDUCED,SuperheatedVapor,303.9894302686056,7.744480649937306,,false,31.893190648158452,2.0589278441334216
B1-PIECEWISE-REDUCED,243,272.09623962044714,R2-SIDE,REGION-2,SuperheatedVapor,272.09623962044714,5.685495950275826,,true,REGION-2-REDUCED,SuperheatedVapor,303.9902970194818,7.7443752974186495,,true,31.894057399034637,2.058879347142823
B1-PIECEWISE-REDUCED,244,272.1428643941882,R1-SIDE,REGION-1,SubcooledLiquid,272.1428643941882,5.689725588750373,,true,REGION-1-REDUCED,SubcooledLiquid,272.142537546805,5.691164532260569,,true,-0.00032684738323496276,0.0014389435101955783
B1-PIECEWISE-REDUCED,244,272.1428643941882,R4-LIQUID-SIDE,REGION-4,SaturatedMixture,272.1428643941882,5.689668692063452,1E-06,false,UNRESOLVED,Unspecified,,,,false,,
B1-PIECEWISE-REDUCED,244,272.1428643941882,R4-VAPOR-SIDE,REGION-4,SaturatedMixture,272.1428643941882,5.689668692063452,0.999999,true,REGION-2-REDUCED,SuperheatedVapor,304.08325692017877,7.751779059743061,,false,31.940392525990546,2.062110367679609
B1-PIECEWISE-REDUCED,244,272.1428643941882,R2-SIDE,REGION-2,SuperheatedVapor,272.1428643941882,5.689611795376532,,true,REGION-2-REDUCED,SuperheatedVapor,304.08412218093883,7.751673560902578,,true,31.94125778675061,2.062061765526046
B1-PIECEWISE-REDUCED,245,272.18914115428936,R1-SIDE,REGION-1,SubcooledLiquid,272.18914115428936,5.693813043479046,,true,REGION-1-REDUCED,SubcooledLiquid,272.188724679683,5.695675882831518,,true,-0.00041647460636795586,0.001862839352472001
B1-PIECEWISE-REDUCED,245,272.18914115428936,R4-LIQUID-SIDE,REGION-4,SaturatedMixture,272.18914115428936,5.693756105917986,1E-06,false,UNRESOLVED,Unspecified,,,,false,,
B1-PIECEWISE-REDUCED,245,272.18914115428936,R4-VAPOR-SIDE,REGION-4,SaturatedMixture,272.18914115428936,5.693756105917986,0.999999,true,REGION-2-REDUCED,SuperheatedVapor,304.17646765708935,7.759030389416749,,false,31.987326502799988,2.0652742834987627
B1-PIECEWISE-REDUCED,245,272.18914115428936,R2-SIDE,REGION-2,SuperheatedVapor,272.18914115428936,5.693699168356927,,true,REGION-2-REDUCED,SuperheatedVapor,304.1773319244386,7.758924751666381,,true,31.98819077014923,2.065225583309454
B1-PIECEWISE-REDUCED,246,272.23506702184693,R1-SIDE,REGION-1,SubcooledLiquid,272.23506702184693,5.697871721312088,,true,REGION-1-REDUCED,SubcooledLiquid,272.2345664678804,5.700131641352666,,true,-0.000500553966503503,0.002259920040577512
B1-PIECEWISE-REDUCED,246,272.23506702184693,R4-LIQUID-SIDE,REGION-4,SaturatedMixture,272.23506702184693,5.697814743164656,1E-06,false,UNRESOLVED,Unspecified,,,,false,,
B1-PIECEWISE-REDUCED,246,272.23506702184693,R4-VAPOR-SIDE,REGION-4,SaturatedMixture,272.23506702184693,5.697814743164656,0.999999,true,REGION-2-REDUCED,SuperheatedVapor,304.26905478040385,7.766234029120396,,false,32.03398775855692,2.0684192859557395
B1-PIECEWISE-REDUCED,246,272.23506702184693,R2-SIDE,REGION-2,SuperheatedVapor,272.23506702184693,5.697757765017225,,true,REGION-2-REDUCED,SuperheatedVapor,304.2699178059896,7.766128249878455,,true,32.03485078414269,2.06837048486123
B1-PIECEWISE-REDUCED,247,272.2806400775909,R1-SIDE,REGION-1,SubcooledLiquid,272.2806400775909,5.701901402712715,,true,REGION-1-REDUCED,SubcooledLiquid,272.28006088772497,5.704532138200581,,true,-0.0005791898659026629,0.002630735487866076
B1-PIECEWISE-REDUCED,247,272.2806400775909,R4-LIQUID-SIDE,REGION-4,SaturatedMixture,272.2806400775909,5.701844384268872,1E-06,false,UNRESOLVED,Unspecified,,,,false,,
B1-PIECEWISE-REDUCED,247,272.2806400775909,R4-VAPOR-SIDE,REGION-4,SaturatedMixture,272.2806400775909,5.701844384268872,0.999999,true,REGION-2-REDUCED,SuperheatedVapor,304.36101307471597,7.773389526286523,,false,32.080372997125096,2.0715451420176505
B1-PIECEWISE-REDUCED,247,272.2806400775909,R2-SIDE,REGION-2,SuperheatedVapor,272.2806400775909,5.701787365825029,,true,REGION-2-REDUCED,SuperheatedVapor,304.3618753552438,7.773283613001112,,true,32.08123527765292,2.071496247176083
B1-PIECEWISE-REDUCED,248,272.32585906982433,R1-SIDE,REGION-1,SubcooledLiquid,272.32585906982433,5.705901927205711,,true,REGION-1-REDUCED,SubcooledLiquid,272.32520658196086,5.708877766307185,,true,-0.0006524878634763809,0.0029758391014738095
B1-PIECEWISE-REDUCED,248,272.32585906982433,R4-LIQUID-SIDE,REGION-4,SaturatedMixture,272.32585906982433,5.705844868757024,1E-06,false,UNRESOLVED,Unspecified,,,,false,,
B1-PIECEWISE-REDUCED,248,272.32585906982433,R4-VAPOR-SIDE,REGION-4,SaturatedMixture,272.32585906982433,5.705844868757024,0.999999,true,REGION-2-REDUCED,SuperheatedVapor,304.45233806967747,7.7804965249172655,,false,32.126478999853134,2.074651656160242
B1-PIECEWISE-REDUCED,248,272.32585906982433,R2-SIDE,REGION-2,SuperheatedVapor,272.32585906982433,5.705787810308336,,true,REGION-2-REDUCED,SuperheatedVapor,304.4531991084417,7.780390471677672,,true,32.127340038617376,2.074602661369336
B1-PIECEWISE-REDUCED,249,272.3707235813141,R1-SIDE,REGION-1,SubcooledLiquid,272.3707235813141,5.709873208318444,,true,REGION-1-REDUCED,SubcooledLiquid,272.3700030267578,5.713168995524254,,true,-0.0007205545563238047,0.003295787205809475
B1-PIECEWISE-REDUCED,249,272.3707235813141,R4-LIQUID-SIDE,REGION-4,SaturatedMixture,272.3707235813141,5.709816110157342,1E-06,false,UNRESOLVED,Unspecified,,,,false,,
B1-PIECEWISE-REDUCED,249,272.3707235813141,R4-VAPOR-SIDE,REGION-4,SaturatedMixture,272.3707235813141,5.709816110157342,0.999999,true,REGION-2-REDUCED,SuperheatedVapor,304.5430272817613,7.787554804473537,,false,32.17230370044717,2.077738694316195
B1-PIECEWISE-REDUCED,249,272.3707235813141,R2-SIDE,REGION-2,SuperheatedVapor,272.3707235813141,5.7097590119962405,,true,REGION-2-REDUCED,SuperheatedVapor,304.54388707876217,7.787448612054614,,true,32.17316349744806,2.077689600058373
B1-PIECEWISE-REDUCED,250,272.41523357033736,R1-SIDE,REGION-1,SubcooledLiquid,272.41523357033736,5.71381519312334,,true,REGION-1-REDUCED,SubcooledLiquid,272.41445007382254,5.717406327135469,,true,-0.0007834965148276751,0.0035911340121295154
B1-PIECEWISE-REDUCED,250,272.41523357033736,R4-LIQUID-SIDE,REGION-4,SaturatedMixture,272.41523357033736,5.713758055542784,1E-06,false,UNRESOLVED,Unspecified,,,,false,,
B1-PIECEWISE-REDUCED,250,272.41523357033736,R4-VAPOR-SIDE,REGION-4,SaturatedMixture,272.41523357033736,5.713758055542784,0.999999,true,REGION-2-REDUCED,SuperheatedVapor,304.63307847579324,7.794564197219872,,false,32.21784490545588,2.0808061416770878
B1-PIECEWISE-REDUCED,250,272.41523357033736,R2-SIDE,REGION-2,SuperheatedVapor,272.41523357033736,5.713700917962229,,true,REGION-2-REDUCED,SuperheatedVapor,304.6339372793834,7.794457869750915,,true,32.21870370904605,2.080756951788686
B1-PIECEWISE-REDUCED,251,272.45532531738286,R1-SIDE,REGION-1,SubcooledLiquid,272.45532531738286,5.717367658929444,,true,REGION-1-REDUCED,SubcooledLiquid,272.45448904043053,5.721206022227252,,true,-0.0008362769523273528,0.0038383632978078452
B1-PIECEWISE-REDUCED,251,272.45532531738286,R4-LIQUID-SIDE,REGION-4,SaturatedMixture,272.45532531738286,5.717310485824585,1E-06,false,UNRESOLVED,Unspecified,,,,false,,
B1-PIECEWISE-REDUCED,251,272.45532531738286,R4-VAPOR-SIDE,REGION-4,SaturatedMixture,272.45532531738286,5.717310485824585,0.999999,true,REGION-2-REDUCED,SuperheatedVapor,304.71425826350855,7.8008836940128345,,false,32.2589329461257,2.083573208188249
B1-PIECEWISE-REDUCED,251,272.45532531738286,R2-SIDE,REGION-2,SuperheatedVapor,272.45532531738286,5.717253312719727,,true,REGION-2-REDUCED,SuperheatedVapor,304.71511632204067,7.800777246763943,,true,32.259791004657814,2.0835239340442158
B1-PIECEWISE-REDUCED,252,272.4857955574988,R1-SIDE,REGION-1,SubcooledLiquid,272.4857955574988,5.720068705998149,,true,REGION-1-REDUCED,SubcooledLiquid,272.4849216490892,5.72408306080081,,true,-0.0008739084096305305,0.004014354802660769
B1-PIECEWISE-REDUCED,252,272.4857955574988,R4-LIQUID-SIDE,REGION-4,SaturatedMixture,272.4857955574988,5.72001150588309,1E-06,false,UNRESOLVED,Unspecified,,,,false,,
B1-PIECEWISE-REDUCED,252,272.4857955574988,R4-VAPOR-SIDE,REGION-4,SaturatedMixture,272.4857955574988,5.72001150588309,0.999999,true,REGION-2-REDUCED,SuperheatedVapor,304.77599874138843,7.8056903267971185,,false,32.290203183889616,2.085678820914029
B1-PIECEWISE-REDUCED,252,272.4857955574988,R2-SIDE,REGION-2,SuperheatedVapor,272.4857955574988,5.719954305768031,,true,REGION-2-REDUCED,SuperheatedVapor,304.7768560548624,7.805583786001192,,true,32.29106049736356,2.0856294802331607
B1-PIECEWISE-REDUCED,253,273.6084401816131,R1-SIDE,REGION-1,SubcooledLiquid,273.6084401816131,5.820267174253091,,true,REGION-1-REDUCED,SubcooledLiquid,273.60768406752004,5.823668254312565,,true,-0.0007561140930647525,0.0034010800594739266
B1-PIECEWISE-REDUCED,253,273.6084401816131,R4-LIQUID-SIDE,REGION-4,SaturatedMixture,273.6084401816131,5.820208972163369,1E-06,false,UNRESOLVED,Unspecified,,,,false,,
B1-PIECEWISE-REDUCED,253,273.6084401816131,R4-VAPOR-SIDE,REGION-4,SaturatedMixture,273.6084401816131,5.820208972163369,0.999999,true,REGION-2-REDUCED,SuperheatedVapor,307.07637468973803,7.985053870816762,,false,33.46793450812493,2.164844898653393
B1-PIECEWISE-REDUCED,253,273.6084401816131,R2-SIDE,REGION-2,SuperheatedVapor,273.6084401816131,5.820150770073648,,true,REGION-2-REDUCED,SuperheatedVapor,307.07720518112194,7.984943830632297,,true,33.468764999508835,2.1647930605586483
B1-PIECEWISE-REDUCED,254,273.6215528190136,R1-SIDE,REGION-1,SubcooledLiquid,273.6215528190136,5.821445366863253,,true,REGION-1-REDUCED,SubcooledLiquid,273.62081549604375,5.8247584357247,,true,-0.000737322969825982,0.0033130688614466663
B1-PIECEWISE-REDUCED,254,273.6215528190136,R4-LIQUID-SIDE,REGION-4,SaturatedMixture,273.6215528190136,5.821387152991723,1E-06,false,UNRESOLVED,Unspecified,,,,false,,
B1-PIECEWISE-REDUCED,254,273.6215528190136,R4-VAPOR-SIDE,REGION-4,SaturatedMixture,273.6215528190136,5.821387152991723,0.999999,true,REGION-2-REDUCED,SuperheatedVapor,307.1035432318847,7.9871752718016795,,false,33.48199041287114,2.1657881188099566
B1-PIECEWISE-REDUCED,254,273.6215528190136,R2-SIDE,REGION-2,SuperheatedVapor,273.6215528190136,5.8213289391201934,,true,REGION-2-REDUCED,SuperheatedVapor,307.10437347491586,7.987065190922722,,true,33.48282065590229,2.165736251802529
B1-PIECEWISE-REDUCED,255,273.68795581161976,R1-SIDE,REGION-1,SubcooledLiquid,273.68795581161976,5.8274145841073945,,true,REGION-1-REDUCED,SubcooledLiquid,273.6873198624711,5.830253592069204,,true,-0.0006359491486591651,0.002839007961809692
B1-PIECEWISE-REDUCED,255,273.68795581161976,R4-LIQUID-SIDE,REGION-4,SaturatedMixture,273.68795581161976,5.827356310544289,1E-06,false,UNRESOLVED,Unspecified,,,,false,,
B1-PIECEWISE-REDUCED,255,273.68795581161976,R4-VAPOR-SIDE,REGION-4,SaturatedMixture,273.68795581161976,5.827356310544289,0.999999,true,REGION-2-REDUCED,SuperheatedVapor,307.24123492836964,7.997927634646014,,false,33.55327911674988,2.170571324101725
B1-PIECEWISE-REDUCED,255,273.68795581161976,R2-SIDE,REGION-2,SuperheatedVapor,273.68795581161976,5.827298036981183,,true,REGION-2-REDUCED,SuperheatedVapor,307.242063432932,7.997817340811369,,true,33.554107621312255,2.1705193038301855
B1-PIECEWISE-REDUCED,256,273.8153027057647,R1-SIDE,REGION-1,SubcooledLiquid,273.8153027057647,5.838875354157347,,true,REGION-1-REDUCED,SubcooledLiquid,273.81489024381256,5.840672890300926,,true,-0.00041246195212352177,0.001797536143579137
B1-PIECEWISE-REDUCED,256,273.8153027057647,R4-LIQUID-SIDE,REGION-4,SaturatedMixture,273.8153027057647,5.838816965987687,1E-06,false,UNRESOLVED,Unspecified,,,,false,,
B1-PIECEWISE-REDUCED,256,273.8153027057647,R4-VAPOR-SIDE,REGION-4,SaturatedMixture,273.8153027057647,5.838816965987687,0.999999,true,REGION-2-REDUCED,SuperheatedVapor,307.5058107574781,8.018592863911998,,false,33.69050805171344,2.179775897924311
B1-PIECEWISE-REDUCED,256,273.8153027057647,R2-SIDE,REGION-2,SuperheatedVapor,273.8153027057647,5.8387585778180275,,true,REGION-2-REDUCED,SuperheatedVapor,307.5066360334556,8.018482161909358,,true,33.69133332769093,2.17972358409133
B1-PIECEWISE-REDUCED,257,273.84035230278926,R1-SIDE,REGION-1,SubcooledLiquid,273.84035230278926,5.841131753297155,,true,REGION-1-REDUCED,SubcooledLiquid,273.83998830520704,5.842703994337148,,true,-0.0003639975822125052,0.001572241039992761
B1-PIECEWISE-REDUCED,257,273.84035230278926,R4-LIQUID-SIDE,REGION-4,SaturatedMixture,273.84035230278926,5.841073342563729,1E-06,false,UNRESOLVED,Unspecified,,,,false,,
B1-PIECEWISE-REDUCED,257,273.84035230278926,R4-VAPOR-SIDE,REGION-4,SaturatedMixture,273.84035230278926,5.841073342563729,0.999999,true,REGION-2-REDUCED,SuperheatedVapor,307.5579330325128,8.022664682383123,,false,33.71758072972352,2.181591339819394
B1-PIECEWISE-REDUCED,257,273.84035230278926,R2-SIDE,REGION-2,SuperheatedVapor,273.84035230278926,5.841014931830304,,true,REGION-2-REDUCED,SuperheatedVapor,307.5587580601375,8.022553905246447,,true,33.71840575734825,2.181538973416143
B1-PIECEWISE-REDUCED,258,273.96743665337556,R1-SIDE,REGION-1,SubcooledLiquid,273.96743665337556,5.852589422274065,,true,REGION-1-REDUCED,SubcooledLiquid,273.96734137417616,5.852915437336463,,true,-9.527919939955609E-05,0.00032601506239871014
B1-PIECEWISE-REDUCED,258,273.96743665337556,R4-LIQUID-SIDE,REGION-4,SaturatedMixture,273.96743665337556,5.852530896965095,1E-06,false,UNRESOLVED,Unspecified,,,,false,,
B1-PIECEWISE-REDUCED,258,273.96743665337556,R4-VAPOR-SIDE,REGION-4,SaturatedMixture,273.96743665337556,5.852530896965095,0.999999,true,REGION-2-REDUCED,SuperheatedVapor,307.8227708737056,8.043357321116195,,false,33.855334220330064,2.1908264241511004
B1-PIECEWISE-REDUCED,258,273.96743665337556,R2-SIDE,REGION-2,SuperheatedVapor,273.96743665337556,5.852472371656125,,true,REGION-2-REDUCED,SuperheatedVapor,307.82359217604005,8.043246127780751,,true,33.856155522664494,2.190773756124626
B1-PIECEWISE-REDUCED,259,274.1351564466953,R1-SIDE,REGION-1,SubcooledLiquid,274.1351564466953,5.867736958825487,,true,REGION-1-REDUCED,SubcooledLiquid,274.13483567699154,5.869107213272642,,true,-0.00032076970376238023,0.0013702544471545508
B1-PIECEWISE-REDUCED,259,274.1351564466953,R4-LIQUID-SIDE,REGION-4,SaturatedMixture,274.1351564466953,5.867678282042666,1E-06,false,UNRESOLVED,Unspecified,,,,false,,
B1-PIECEWISE-REDUCED,259,274.1351564466953,R4-VAPOR-SIDE,REGION-4,SaturatedMixture,274.1351564466953,5.867678282042666,0.999999,true,REGION-2-REDUCED,SuperheatedVapor,308.1733273963134,8.07075631783627,,false,34.03817094961812,2.203078035793604
B1-PIECEWISE-REDUCED,259,274.1351564466953,R2-SIDE,REGION-2,SuperheatedVapor,274.1351564466953,5.867619605259846,,true,REGION-2-REDUCED,SuperheatedVapor,308.1741447250049,8.070644585805471,,true,34.0389882783096,2.2030249805456252
B1-PIECEWISE-REDUCED,260,274.3160987555981,R1-SIDE,REGION-1,SubcooledLiquid,274.3160987555981,5.88411222739679,,true,REGION-1-REDUCED,SubcooledLiquid,274.3154431326956,5.887025345003484,,true,-0.0006556229025136417,0.0029131176066936604
B1-PIECEWISE-REDUCED,260,274.3160987555981,R4-LIQUID-SIDE,REGION-4,SaturatedMixture,274.3160987555981,5.884053386862921,1E-06,false,UNRESOLVED,Unspecified,,,,false,,
B1-PIECEWISE-REDUCED,260,274.3160987555981,R4-VAPOR-SIDE,REGION-4,SaturatedMixture,274.3160987555981,5.884053386862921,0.999999,true,REGION-2-REDUCED,SuperheatedVapor,308.5528515279293,8.10043057579436,,false,34.236752772331215,2.21637718893144
B1-PIECEWISE-REDUCED,260,274.3160987555981,R2-SIDE,REGION-2,SuperheatedVapor,274.3160987555981,5.883994546329053,,true,REGION-2-REDUCED,SuperheatedVapor,308.553663889567,8.100318249994013,,true,34.23756513396893,2.21632370366496
B1-PIECEWISE-REDUCED,261,274.4903302550314,R1-SIDE,REGION-1,SubcooledLiquid,274.4903302550314,5.899913120456926,,true,REGION-1-REDUCED,SubcooledLiquid,274.4894254951507,5.903966716156214,,true,-0.0009047598806546375,0.004053595699287982
B1-PIECEWISE-REDUCED,261,274.4903302550314,R4-LIQUID-SIDE,REGION-4,SaturatedMixture,274.4903302550314,5.899854121915706,1E-06,false,UNRESOLVED,Unspecified,,,,false,,
B1-PIECEWISE-REDUCED,261,274.4903302550314,R4-VAPOR-SIDE,REGION-4,SaturatedMixture,274.4903302550314,5.899854121915706,0.999999,true,REGION-2-REDUCED,SuperheatedVapor,308.9196667075157,8.129118621600995,,false,34.429336452484335,2.2292644996852884
B1-PIECEWISE-REDUCED,261,274.4903302550314,R2-SIDE,REGION-2,SuperheatedVapor,274.4903302550314,5.899795123374488,,true,REGION-2-REDUCED,SuperheatedVapor,308.9204743504524,8.129005721788605,,true,34.43014409542104,2.2292105984141175
B1-PIECEWISE-REDUCED,262,274.66211806535716,R1-SIDE,REGION-1,SubcooledLiquid,274.66211806535716,5.915524095625014,,true,REGION-1-REDUCED,SubcooledLiquid,274.6610382724067,5.920372078844372,,true,-0.001079792950463343,0.004847983219358198
B1-PIECEWISE-REDUCED,262,274.66211806535716,R4-LIQUID-SIDE,REGION-4,SaturatedMixture,274.66211806535716,5.915464940975604,1E-06,false,UNRESOLVED,Unspecified,,,,false,,
B1-PIECEWISE-REDUCED,262,274.66211806535716,R4-VAPOR-SIDE,REGION-4,SaturatedMixture,274.66211806535716,5.915464940975604,0.999999,true,REGION-2-REDUCED,SuperheatedVapor,309.2826555172602,8.157514696945757,,false,34.62053745190303,2.242049755970153
B1-PIECEWISE-REDUCED,262,274.66211806535716,R2-SIDE,REGION-2,SuperheatedVapor,274.66211806535716,5.915405786326195,,true,REGION-2-REDUCED,SuperheatedVapor,309.28345868984854,8.157401230673665,,true,34.62134062449138,2.24199544434747
B1-PIECEWISE-REDUCED,263,274.83064057230956,R1-SIDE,REGION-1,SubcooledLiquid,274.83064057230956,5.930868966071628,,true,REGION-1-REDUCED,SubcooledLiquid,274.8294573902157,5.936179135957878,,true,-0.0011831820938823512,0.0053101698862496605
B1-PIECEWISE-REDUCED,263,274.83064057230956,R4-LIQUID-SIDE,REGION-4,SaturatedMixture,274.83064057230956,5.930809657975048,1E-06,false,UNRESOLVED,Unspecified,,,,false,,
B1-PIECEWISE-REDUCED,263,274.83064057230956,R4-VAPOR-SIDE,REGION-4,SaturatedMixture,274.83064057230956,5.930809657975048,0.999999,true,REGION-2-REDUCED,SuperheatedVapor,309.6399776637554,8.185477440194566,,false,34.809337091445855,2.254667782219518
B1-PIECEWISE-REDUCED,263,274.83064057230956,R2-SIDE,REGION-2,SuperheatedVapor,274.83064057230956,5.930750349878468,,true,REGION-2-REDUCED,SuperheatedVapor,309.64077611764276,8.185363410610801,,true,34.810135545333196,2.254613060732333
B1-PIECEWISE-REDUCED,264,274.9943043649197,R1-SIDE,REGION-1,SubcooledLiquid,274.9943043649197,5.945800496543902,,true,REGION-1-REDUCED,SubcooledLiquid,274.99308571722827,5.95126020306929,,true,-0.0012186476914166633,0.005459706525387631
B1-PIECEWISE-REDUCED,264,274.9943043649197,R4-LIQUID-SIDE,REGION-4,SaturatedMixture,274.9943043649197,5.945741039133511,1E-06,false,UNRESOLVED,Unspecified,,,,false,,
B1-PIECEWISE-REDUCED,264,274.9943043649197,R4-VAPOR-SIDE,REGION-4,SaturatedMixture,274.9943043649197,5.945741039133511,0.999999,true,REGION-2-REDUCED,SuperheatedVapor,309.9881733457247,8.212735375184339,,false,34.99386898080502,2.2669943360508285
B1-PIECEWISE-REDUCED,264,274.9943043649197,R2-SIDE,REGION-2,SuperheatedVapor,274.9943043649197,5.94568158172312,,true,REGION-2-REDUCED,SuperheatedVapor,309.98896757761634,8.21262080078152,,true,34.99466321269665,2.2669392190584006
B1-PIECEWISE-REDUCED,265,275.1527390658854,R1-SIDE,REGION-1,SubcooledLiquid,275.1527390658854,5.960282286154091,,true,REGION-1-REDUCED,SubcooledLiquid,275.1515472088614,5.965606966034662,,true,-0.0011918570239686233,0.005324679880571281
B1-PIECEWISE-REDUCED,265,275.1527390658854,R4-LIQUID-SIDE,REGION-4,SaturatedMixture,275.1527390658854,5.960222683927252,1E-06,false,UNRESOLVED,Unspecified,,,,false,,
B1-PIECEWISE-REDUCED,265,275.1527390658854,R4-VAPOR-SIDE,REGION-4,SaturatedMixture,275.1527390658854,5.960222683927252,0.999999,true,REGION-2-REDUCED,SuperheatedVapor,310.32635420560837,8.23921806450954,,false,35.17361513972298,2.2789953805822885
B1-PIECEWISE-REDUCED,265,275.1527390658854,R2-SIDE,REGION-2,SuperheatedVapor,275.1527390658854,5.960163081700412,,true,REGION-2-REDUCED,SuperheatedVapor,310.32714396715164,8.239102954638735,,true,35.17440490126626,2.278939872938323
B1-PIECEWISE-REDUCED,266,275.1843705475329,R1-SIDE,REGION-1,SubcooledLiquid,275.1843705475329,5.963176797082566,,true,REGION-1-REDUCED,SubcooledLiquid,275.18319125425467,5.968441657296269,,true,-0.0011792932782555,0.005264860213703315
B1-PIECEWISE-REDUCED,266,275.1843705475329,R4-LIQUID-SIDE,REGION-4,SaturatedMixture,275.1843705475329,5.963117165910907,1E-06,false,UNRESOLVED,Unspecified,,,,false,,
B1-PIECEWISE-REDUCED,266,275.1843705475329,R4-VAPOR-SIDE,REGION-4,SaturatedMixture,275.1843705475329,5.963117165910907,0.999999,true,REGION-2-REDUCED,SuperheatedVapor,310.3940034906069,8.244516643955475,,false,35.209632943073984,2.281399478044568
B1-PIECEWISE-REDUCED,266,275.1843705475329,R2-SIDE,REGION-2,SuperheatedVapor,275.1843705475329,5.963057534739248,,true,REGION-2-REDUCED,SuperheatedVapor,310.39479225873947,8.24440142543651,,true,35.21042171120655,2.281343890697263
B1-PIECEWISE-REDUCED,267,275.18437056839457,R1-SIDE,REGION-1,SubcooledLiquid,275.18437056839457,5.963176798991923,,true,REGION-1-REDUCED,SubcooledLiquid,275.1831912751254,5.968441659163011,,true,-0.0011792932691605529,0.005264860171087626
B1-PIECEWISE-REDUCED,267,275.18437056839457,R4-LIQUID-SIDE,REGION-4,SaturatedMixture,275.18437056839457,5.963117167820244,1E-06,false,UNRESOLVED,Unspecified,,,,false,,
B1-PIECEWISE-REDUCED,267,275.18437056839457,R4-VAPOR-SIDE,REGION-4,SaturatedMixture,275.18437056839457,5.963117167820244,0.999999,true,REGION-2-REDUCED,SuperheatedVapor,310.3940034906069,8.244516646820708,,false,35.209632922212336,2.2813994790004637
B1-PIECEWISE-REDUCED,267,275.18437056839457,R2-SIDE,REGION-2,SuperheatedVapor,275.18437056839457,5.9630575366485665,,true,REGION-2-REDUCED,SuperheatedVapor,310.3947925070921,8.244401431810454,,true,35.21042193869755,2.2813438951618874
B1-PIECEWISE-REDUCED,268,275.1843705892562,R1-SIDE,REGION-1,SubcooledLiquid,275.1843705892562,5.963176800901273,,true,REGION-1-REDUCED,SubcooledLiquid,275.18319129599615,5.968441661029044,,true,-0.0011792932600656059,0.005264860127771165
B1-PIECEWISE-REDUCED,268,275.1843705892562,R4-LIQUID-SIDE,REGION-4,SaturatedMixture,275.1843705892562,5.963117169729576,1E-06,false,UNRESOLVED,Unspecified,,,,false,,
B1-PIECEWISE-REDUCED,268,275.1843705892562,R4-VAPOR-SIDE,REGION-4,SaturatedMixture,275.1843705892562,5.963117169729576,0.999999,true,REGION-2-REDUCED,SuperheatedVapor,310.3940034906069,8.244516649685927,,false,35.20963290135069,2.2813994799563515
B1-PIECEWISE-REDUCED,268,275.1843705892562,R2-SIDE,REGION-2,SuperheatedVapor,275.1843705892562,5.963057538557878,,true,REGION-2-REDUCED,SuperheatedVapor,310.3947925070921,8.24440143467562,,true,35.2104219178359,2.2813438961177415
B1-PIECEWISE-REDUCED,269,275.26000683307655,R1-SIDE,REGION-1,SubcooledLiquid,275.26000683307655,5.97010241956752,,true,REGION-1-REDUCED,SubcooledLiquid,275.2588673327916,5.975179995550407,,true,-0.0011395002849212688,0.005077575982887161
B1-PIECEWISE-REDUCED,269,275.26000683307655,R4-LIQUID-SIDE,REGION-4,SaturatedMixture,275.26000683307655,5.970042719140328,1E-06,false,UNRESOLVED,Unspecified,,,,false,,
B1-PIECEWISE-REDUCED,269,275.26000683307655,R4-VAPOR-SIDE,REGION-4,SaturatedMixture,275.26000683307655,5.970042719140328,0.999999,true,REGION-2-REDUCED,SuperheatedVapor,310.55594185988105,8.257201751341558,,false,35.2959350268045,2.28715903220123
B1-PIECEWISE-REDUCED,269,275.26000683307655,R2-SIDE,REGION-2,SuperheatedVapor,275.26000683307655,5.969983018713137,,true,REGION-2-REDUCED,SuperheatedVapor,310.5567286411921,8.257086278088938,,true,35.296721808115535,2.287103259375801
B1-PIECEWISE-REDUCED,270,275.3103550732136,R1-SIDE,REGION-1,SubcooledLiquid,275.3103550732136,5.974715950385823,,true,REGION-1-REDUCED,SubcooledLiquid,275.30924969164187,5.979634314175055,,true,-0.0011053815717332327,0.004918363789231606
B1-PIECEWISE-REDUCED,270,275.3103550732136,R4-LIQUID-SIDE,REGION-4,SaturatedMixture,275.3103550732136,5.974656203823785,1E-06,false,UNRESOLVED,Unspecified,,,,false,,
B1-PIECEWISE-REDUCED,270,275.3103550732136,R4-VAPOR-SIDE,REGION-4,SaturatedMixture,275.3103550732136,5.974656203823785,0.999999,true,REGION-2-REDUCED,SuperheatedVapor,310.663877427578,8.26565773556012,,false,35.35352235436437,2.2910015317363355
B1-PIECEWISE-REDUCED,270,275.3103550732136,R2-SIDE,REGION-2,SuperheatedVapor,275.3103550732136,5.974596457261747,,true,REGION-2-REDUCED,SuperheatedVapor,310.6646632154783,8.26554209706813,,true,35.3543081422647,2.2909456398063828
B1-PIECEWISE-REDUCED,271,275.46072360575204,R1-SIDE,REGION-1,SubcooledLiquid,275.46072360575204,5.988510788771929,,true,REGION-1-REDUCED,SubcooledLiquid,275.45975648226306,5.992789682969961,,true,-0.0009671234889765401,0.004278894198031402
B1-PIECEWISE-REDUCED,271,275.46072360575204,R4-LIQUID-SIDE,REGION-4,SaturatedMixture,275.46072360575204,5.988450904262886,1E-06,false,UNRESOLVED,Unspecified,,,,false,,
B1-PIECEWISE-REDUCED,271,275.46072360575204,R4-VAPOR-SIDE,REGION-4,SaturatedMixture,275.46072360575204,5.988450904262886,0.999999,true,REGION-2-REDUCED,SuperheatedVapor,310.9868995845318,8.290969307355565,,false,35.52617597877975,2.3025184030926793
B1-PIECEWISE-REDUCED,271,275.46072360575204,R2-SIDE,REGION-2,SuperheatedVapor,275.46072360575204,5.988391019753844,,true,REGION-2-REDUCED,SuperheatedVapor,310.9876811504364,8.290853156008719,,true,35.526957544684365,2.302462136254875
B1-PIECEWISE-REDUCED,272,275.6050840735436,R1-SIDE,REGION-1,SubcooledLiquid,275.6050840735436,6.001777314199232,,true,REGION-1-REDUCED,SubcooledLiquid,275.60430103902115,6.005211833972223,,true,-0.0007830345224419943,0.0034345197729912513
B1-PIECEWISE-REDUCED,272,275.6050840735436,R4-LIQUID-SIDE,REGION-4,SaturatedMixture,275.6050840735436,6.001717297026261,1E-06,false,UNRESOLVED,Unspecified,,,,false,,
B1-PIECEWISE-REDUCED,272,275.6050840735436,R4-VAPOR-SIDE,REGION-4,SaturatedMixture,275.6050840735436,6.001717297026261,0.999999,true,REGION-2-REDUCED,SuperheatedVapor,311.2979563573996,8.315350436178992,,false,35.69287228385599,2.3136331391527314
B1-PIECEWISE-REDUCED,272,275.6050840735436,R2-SIDE,REGION-2,SuperheatedVapor,275.6050840735436,6.001657279853291,,true,REGION-2-REDUCED,SuperheatedVapor,311.29873394966125,8.315233791334862,,true,35.69364987611766,2.313576511481571
B1-PIECEWISE-REDUCED,273,275.7495581537486,R1-SIDE,REGION-1,SubcooledLiquid,275.7495581537486,6.015076735461899,,true,REGION-1-REDUCED,SubcooledLiquid,275.74900984299563,6.017441064811611,,true,-0.0005483107529471454,0.00236432934971198
B1-PIECEWISE-REDUCED,273,275.7495581537486,R4-LIQUID-SIDE,REGION-4,SaturatedMixture,275.7495581537486,6.0150165852960455,1E-06,false,UNRESOLVED,Unspecified,,,,false,,
B1-PIECEWISE-REDUCED,273,275.7495581537486,R4-VAPOR-SIDE,REGION-4,SaturatedMixture,275.7495581537486,6.0150165852960455,0.999999,true,REGION-2-REDUCED,SuperheatedVapor,311.61018585165345,8.339830451592086,,false,35.860627697904874,2.32481386629604
B1-PIECEWISE-REDUCED,273,275.7495581537486,R2-SIDE,REGION-2,SuperheatedVapor,275.7495581537486,6.014956435130193,,true,REGION-2-REDUCED,SuperheatedVapor,311.61095947027206,8.339713310676276,,true,35.861401316523484,2.3247568755460826
B1-PIECEWISE-REDUCED,274,275.8048092722893,R1-SIDE,REGION-1,SubcooledLiquid,275.8048092722893,6.020168767202633,,true,REGION-1-REDUCED,SubcooledLiquid,275.8043641039933,6.022064465526737,,true,-0.00044516829598251206,0.001895698324103634
B1-PIECEWISE-REDUCED,274,275.8048092722893,R4-LIQUID-SIDE,REGION-4,SaturatedMixture,275.8048092722893,6.0201085661169715,1E-06,false,UNRESOLVED,Unspecified,,,,false,,
B1-PIECEWISE-REDUCED,274,275.8048092722893,R4-VAPOR-SIDE,REGION-4,SaturatedMixture,275.8048092722893,6.0201085661169715,0.999999,true,REGION-2-REDUCED,SuperheatedVapor,311.7298488815626,8.349213632781394,,false,35.92503960927331,2.3291050666644226
B1-PIECEWISE-REDUCED,274,275.8048092722893,R2-SIDE,REGION-2,SuperheatedVapor,275.8048092722893,6.020048365031311,,true,REGION-2-REDUCED,SuperheatedVapor,311.7306192715963,8.349096277163438,,true,35.925809999307035,2.3290479121321273
B1-PIECEWISE-REDUCED,275,275.8487251222133,R1-SIDE,REGION-1,SubcooledLiquid,275.8487251222133,6.0242184696131496,,true,REGION-1-REDUCED,SubcooledLiquid,275.8483672222295,6.025718305472242,,true,-0.0003578999837827723,0.0014998358590920802
B1-PIECEWISE-REDUCED,275,275.8487251222133,R4-LIQUID-SIDE,REGION-4,SaturatedMixture,275.8487251222133,6.024158228030869,1E-06,false,UNRESOLVED,Unspecified,,,,false,,
B1-PIECEWISE-REDUCED,275,275.8487251222133,R4-VAPOR-SIDE,REGION-4,SaturatedMixture,275.8487251222133,6.024158228030869,0.999999,true,REGION-2-REDUCED,SuperheatedVapor,311.825143545866,8.356681338291395,,false,35.97641842365272,2.332523110260526
B1-PIECEWISE-REDUCED,275,275.8487251222133,R2-SIDE,REGION-2,SuperheatedVapor,275.8487251222133,6.024097986448589,,true,REGION-2-REDUCED,SuperheatedVapor,311.82591269413626,8.356563830654526,,true,35.97718757192297,2.332465844205937
B1-PIECEWISE-REDUCED,276,275.95865174531946,R1-SIDE,REGION-1,SubcooledLiquid,275.95865174531946,6.034364478821478,,true,REGION-1-REDUCED,SubcooledLiquid,275.9585328406,6.03478282168886,,true,-0.00011890471944298042,0.0004183428673822931
B1-PIECEWISE-REDUCED,276,275.95865174531946,R4-LIQUID-SIDE,REGION-4,SaturatedMixture,275.95865174531946,6.034304135780119,1E-06,false,UNRESOLVED,Unspecified,,,,false,,
B1-PIECEWISE-REDUCED,276,275.95865174531946,R4-VAPOR-SIDE,REGION-4,SaturatedMixture,275.95865174531946,6.034304135780119,0.999999,true,REGION-2-REDUCED,SuperheatedVapor,312.0640580852827,8.375406484712606,,false,36.105406339963224,2.3411023489324867
B1-PIECEWISE-REDUCED,276,275.95865174531946,R2-SIDE,REGION-2,SuperheatedVapor,275.95865174531946,6.034243792738762,,true,REGION-2-REDUCED,SuperheatedVapor,312.06482450167334,8.375288601024446,,true,36.106172756353885,2.341044808285684
B1-PIECEWISE-REDUCED,277,276.1304154813289,R1-SIDE,REGION-1,SubcooledLiquid,276.1304154813289,6.050244046191057,,true,REGION-1-REDUCED,SubcooledLiquid,276.1300950531894,6.051573234121071,,true,-0.00032042813950283744,0.0013291879300139087
B1-PIECEWISE-REDUCED,277,276.1304154813289,R4-LIQUID-SIDE,REGION-4,SaturatedMixture,276.1304154813289,6.050183544355614,1E-06,false,UNRESOLVED,Unspecified,,,,false,,
B1-PIECEWISE-REDUCED,277,276.1304154813289,R4-VAPOR-SIDE,REGION-4,SaturatedMixture,276.1304154813289,6.050183544355614,0.999999,true,REGION-2-REDUCED,SuperheatedVapor,312.43846217791236,8.404758642558994,,false,36.30804669658346,2.35457509820338
B1-PIECEWISE-REDUCED,277,276.1304154813289,R2-SIDE,REGION-2,SuperheatedVapor,276.1304154813289,6.050123042520171,,true,REGION-2-REDUCED,SuperheatedVapor,312.4392233788967,8.40464015509684,,true,36.30880789756782,2.35451711257667
B1-PIECEWISE-REDUCED,278,276.3073304116723,R1-SIDE,REGION-1,SubcooledLiquid,276.3073304116723,6.066633178286155,,true,REGION-1-REDUCED,SubcooledLiquid,276.306670252597,6.069490054289797,,true,-0.0006601590753234632,0.0028568760036415952
B1-PIECEWISE-REDUCED,278,276.3073304116723,R4-LIQUID-SIDE,REGION-4,SaturatedMixture,276.3073304116723,6.066572512561029,1E-06,false,UNRESOLVED,Unspecified,,,,false,,
B1-PIECEWISE-REDUCED,278,276.3073304116723,R4-VAPOR-SIDE,REGION-4,SaturatedMixture,276.3073304116723,6.066572512561029,0.999999,true,REGION-2-REDUCED,SuperheatedVapor,312.8254947563013,8.435110883006127,,false,36.518164344628985,2.3685383704450977
B1-PIECEWISE-REDUCED,278,276.3073304116723,R2-SIDE,REGION-2,SuperheatedVapor,276.3073304116723,6.066511846835904,,true,REGION-2-REDUCED,SuperheatedVapor,312.82625099023187,8.434991776081457,,true,36.51892057855957,2.368479929245553
B1-PIECEWISE-REDUCED,279,276.49290496110916,R1-SIDE,REGION-1,SubcooledLiquid,276.49290496110916,6.083860930246919,,true,REGION-1-REDUCED,SubcooledLiquid,276.4919703943074,6.08794352862071,,true,-0.0009345668017886055,0.00408259837379088
B1-PIECEWISE-REDUCED,279,276.49290496110916,R4-LIQUID-SIDE,REGION-4,SaturatedMixture,276.49290496110916,6.083800092245996,1E-06,false,UNRESOLVED,Unspecified,,,,false,,
B1-PIECEWISE-REDUCED,279,276.49290496110916,R4-VAPOR-SIDE,REGION-4,SaturatedMixture,276.49290496110916,6.083800092245996,0.999999,true,REGION-2-REDUCED,SuperheatedVapor,313.23300898075104,8.467080188847918,,false,36.740104019641876,2.383280096601922
B1-PIECEWISE-REDUCED,279,276.49290496110916,R2-SIDE,REGION-2,SuperheatedVapor,276.49290496110916,6.0837392542450734,,true,REGION-2-REDUCED,SuperheatedVapor,313.2337595025698,8.466960421186997,,true,36.740854541460635,2.383221166941923
B1-PIECEWISE-REDUCED,280,276.68489103913305,R1-SIDE,REGION-1,SubcooledLiquid,276.68489103913305,6.101723182693757,,true,REGION-1-REDUCED,SubcooledLiquid,276.6837611656366,6.106669789195109,,true,-0.0011298734964384494,0.004946606501352591
B1-PIECEWISE-REDUCED,280,276.68489103913305,R4-LIQUID-SIDE,REGION-4,SaturatedMixture,276.68489103913305,6.101662166072096,1E-06,false,UNRESOLVED,Unspecified,,,,false,,
B1-PIECEWISE-REDUCED,280,276.68489103913305,R4-VAPOR-SIDE,REGION-4,SaturatedMixture,276.68489103913305,6.101662166072096,0.999999,true,REGION-2-REDUCED,SuperheatedVapor,313.65626975893974,8.500296409023214,,false,36.971378719806694,2.3986342429511183
B1-PIECEWISE-REDUCED,280,276.68489103913305,R2-SIDE,REGION-2,SuperheatedVapor,276.68489103913305,6.101601149450436,,true,REGION-2-REDUCED,SuperheatedVapor,313.6570150653521,8.500175963783859,,true,36.972124026219035,2.398574814333423
B1-PIECEWISE-REDUCED,281,276.88175147771847,R1-SIDE,REGION-1,SubcooledLiquid,276.88175147771847,6.120080496732066,,true,REGION-1-REDUCED,SubcooledLiquid,276.8805151846741,6.125488430803773,,true,-0.0012362930443714504,0.005407934071707032
B1-PIECEWISE-REDUCED,281,276.88175147771847,R4-LIQUID-SIDE,REGION-4,SaturatedMixture,276.88175147771847,6.1200192965391,1E-06,false,UNRESOLVED,Unspecified,,,,false,,
B1-PIECEWISE-REDUCED,281,276.88175147771847,R4-VAPOR-SIDE,REGION-4,SaturatedMixture,276.88175147771847,6.1200192965391,0.999999,true,REGION-2-REDUCED,SuperheatedVapor,314.0920499960581,8.534507234632972,,false,37.21029851833964,2.414487938093872
B1-PIECEWISE-REDUCED,281,276.88175147771847,R2-SIDE,REGION-2,SuperheatedVapor,276.88175147771847,6.119958096346135,,true,REGION-2-REDUCED,SuperheatedVapor,314.09278959035873,8.534386085057074,,true,37.21103811264027,2.4144279887109388
B1-PIECEWISE-REDUCED,282,277.0836132824419,R1-SIDE,REGION-1,SubcooledLiquid,277.0836132824419,6.138947952205528,,true,REGION-1-REDUCED,SubcooledLiquid,277.08236686622524,6.1443847397497064,,true,-0.0012464162166452297,0.005436787544178756
B1-PIECEWISE-REDUCED,282,277.0836132824419,R4-LIQUID-SIDE,REGION-4,SaturatedMixture,277.0836132824419,6.138886563339894,1E-06,false,UNRESOLVED,Unspecified,,,,false,,
B1-PIECEWISE-REDUCED,282,277.0836132824419,R4-VAPOR-SIDE,REGION-4,SaturatedMixture,277.0836132824419,6.138886563339894,0.999999,true,REGION-2-REDUCED,SuperheatedVapor,314.5407795906067,8.56974725184881,,false,37.4571663081648,2.4308606885089157
B1-PIECEWISE-REDUCED,282,277.0836132824419,R2-SIDE,REGION-2,SuperheatedVapor,277.0836132824419,6.138825174474261,,true,REGION-2-REDUCED,SuperheatedVapor,314.54151322444284,8.569625373986554,,true,37.45789994200095,2.4308001995122934
B1-PIECEWISE-REDUCED,283,277.28852211534956,R1-SIDE,REGION-1,SubcooledLiquid,277.28852211534956,6.158145598019165,,true,REGION-1-REDUCED,SubcooledLiquid,277.2873682928308,6.163154084640606,,true,-0.0011538225187450735,0.005008486621441044
B1-PIECEWISE-REDUCED,283,277.28852211534956,R4-LIQUID-SIDE,REGION-4,SaturatedMixture,277.28852211534956,6.158084017178993,1E-06,false,UNRESOLVED,Unspecified,,,,false,,
B1-PIECEWISE-REDUCED,283,277.28852211534956,R4-VAPOR-SIDE,REGION-4,SaturatedMixture,277.28852211534956,6.158084017178993,0.999999,true,REGION-2-REDUCED,SuperheatedVapor,314.99863316615426,8.605691718678022,,false,37.7101110508047,2.447607701499029
B1-PIECEWISE-REDUCED,283,277.28852211534956,R2-SIDE,REGION-2,SuperheatedVapor,277.28852211534956,6.158022436338822,,true,REGION-2-REDUCED,SuperheatedVapor,314.99935761094093,8.605569050765093,,true,37.71083549559137,2.4475466144262708
B1-PIECEWISE-REDUCED,284,277.4965558946134,R1-SIDE,REGION-1,SubcooledLiquid,277.4965558946134,6.177682878388666,,true,REGION-1-REDUCED,SubcooledLiquid,277.49560246691294,6.1817874573377845,,true,-0.0009534277004377145,0.004104578949118753
B1-PIECEWISE-REDUCED,284,277.4965558946134,R4-LIQUID-SIDE,REGION-4,SaturatedMixture,277.4965558946134,6.1776211021776435,1E-06,false,UNRESOLVED,Unspecified,,,,false,,
B1-PIECEWISE-REDUCED,284,277.4965558946134,R4-VAPOR-SIDE,REGION-4,SaturatedMixture,277.4965558946134,6.1776211021776435,0.999999,true,REGION-2-REDUCED,SuperheatedVapor,315.46590526898706,8.642363304206942,,false,37.96934937437368,2.4647422020292984
B1-PIECEWISE-REDUCED,284,277.4965558946134,R2-SIDE,REGION-2,SuperheatedVapor,277.4965558946134,6.177559325966622,,true,REGION-2-REDUCED,SuperheatedVapor,315.4666235049566,8.642239874651574,,true,37.97006761034322,2.464680548684952
B1-PIECEWISE-REDUCED,285,277.70717749595633,R1-SIDE,REGION-1,SubcooledLiquid,277.70717749595633,6.1975113740116035,,true,REGION-1-REDUCED,SubcooledLiquid,277.7065365413839,6.200221980029709,,true,-0.0006409545724181953,0.002710606018105466
B1-PIECEWISE-REDUCED,285,277.70717749595633,R4-LIQUID-SIDE,REGION-4,SaturatedMixture,277.70717749595633,6.197449399517608,1E-06,false,UNRESOLVED,Unspecified,,,,false,,
B1-PIECEWISE-REDUCED,285,277.70717749595633,R4-VAPOR-SIDE,REGION-4,SaturatedMixture,277.70717749595633,6.197449399517608,0.999999,true,REGION-2-REDUCED,SuperheatedVapor,315.9410998225212,8.679669987456908,,false,38.23392232656488,2.4822205879393
B1-PIECEWISE-REDUCED,285,277.70717749595633,R2-SIDE,REGION-2,SuperheatedVapor,277.70717749595633,6.197387425023614,,true,REGION-2-REDUCED,SuperheatedVapor,315.94181160132086,8.679545779136703,,true,38.234634105364535,2.482158354113089
B1-PIECEWISE-REDUCED,286,277.9191054522993,R1-SIDE,REGION-1,SubcooledLiquid,277.9191054522993,6.217511869087629,,true,REGION-1-REDUCED,SubcooledLiquid,277.91889059517484,6.218336327174963,,true,-0.00021485712443336524,0.0008244580873340013
B1-PIECEWISE-REDUCED,286,277.9191054522993,R4-LIQUID-SIDE,REGION-4,SaturatedMixture,277.9191054522993,6.217449694590683,1E-06,false,UNRESOLVED,Unspecified,,,,false,,
B1-PIECEWISE-REDUCED,286,277.9191054522993,R4-VAPOR-SIDE,REGION-4,SaturatedMixture,277.9191054522993,6.217449694590683,0.999999,true,REGION-2-REDUCED,SuperheatedVapor,316.42140125234926,8.717390986964585,,false,38.50229580004998,2.4999412923739017
B1-PIECEWISE-REDUCED,286,277.9191054522993,R2-SIDE,REGION-2,SuperheatedVapor,277.9191054522993,6.217387520093737,,true,REGION-2-REDUCED,SuperheatedVapor,316.4221063256264,8.71726598670215,,true,38.503000873327096,2.499878466608413
B1-PIECEWISE-REDUCED,287,278.13301288485525,R1-SIDE,REGION-1,SubcooledLiquid,278.13301288485525,6.237749119014367,,true,REGION-1-REDUCED,SubcooledLiquid,278.132676842244,6.239107876688303,,true,-0.00033604261125219637,0.0013587576739357843
B1-PIECEWISE-REDUCED,287,278.13301288485525,R4-LIQUID-SIDE,REGION-4,SaturatedMixture,278.13301288485525,6.237686742146946,1E-06,false,UNRESOLVED,Unspecified,,,,false,,
B1-PIECEWISE-REDUCED,287,278.13301288485525,R4-VAPOR-SIDE,REGION-4,SaturatedMixture,278.13301288485525,6.237686742146946,0.999999,true,REGION-2-REDUCED,SuperheatedVapor,316.90840274095535,8.755651641832957,,false,38.775389856100105,2.517964899686011
B1-PIECEWISE-REDUCED,287,278.13301288485525,R2-SIDE,REGION-2,SuperheatedVapor,278.13301288485525,6.237624365279524,,true,REGION-2-REDUCED,SuperheatedVapor,316.90910110870993,8.755525837736295,,true,38.776088223854686,2.5179014724567708
B1-PIECEWISE-REDUCED,288,278.3475722014904,R1-SIDE,REGION-1,SubcooledLiquid,278.3475722014904,6.258098534543138,,true,REGION-1-REDUCED,SubcooledLiquid,278.34682360472334,6.261265660980774,,true,-0.0007485967670390892,0.0031671264376358366
B1-PIECEWISE-REDUCED,288,278.3475722014904,R4-LIQUID-SIDE,REGION-4,SaturatedMixture,278.3475722014904,6.258035954183596,1E-06,false,UNRESOLVED,Unspecified,,,,false,,
B1-PIECEWISE-REDUCED,288,278.3475722014904,R4-VAPOR-SIDE,REGION-4,SaturatedMixture,278.3475722014904,6.258035954183596,0.999999,true,REGION-2-REDUCED,SuperheatedVapor,317.3991406957308,8.794219252077957,,false,39.05156849424043,2.536183297894361
B1-PIECEWISE-REDUCED,288,278.3475722014904,R2-SIDE,REGION-2,SuperheatedVapor,278.3475722014904,6.257973373824054,,true,REGION-2-REDUCED,SuperheatedVapor,317.39983186125755,8.79409262909134,,true,39.052259659767174,2.5361192552672858
B1-PIECEWISE-REDUCED,289,278.56269953846925,R1-SIDE,REGION-1,SubcooledLiquid,278.56269953846925,6.278552681062846,,true,REGION-1-REDUCED,SubcooledLiquid,278.56165325786117,6.283013601731762,,true,-0.0010462806080795417,0.004460920668916124
B1-PIECEWISE-REDUCED,289,278.56269953846925,R4-LIQUID-SIDE,REGION-4,SaturatedMixture,278.56269953846925,6.278489896163884,1E-06,false,UNRESOLVED,Unspecified,,,,false,,
B1-PIECEWISE-REDUCED,289,278.56269953846925,R4-VAPOR-SIDE,REGION-4,SaturatedMixture,278.56269953846925,6.278489896163884,0.999999,true,REGION-2-REDUCED,SuperheatedVapor,317.89348497986794,8.833082050217802,,false,39.33078544139869,2.5545921540539185
B1-PIECEWISE-REDUCED,289,278.56269953846925,R2-SIDE,REGION-2,SuperheatedVapor,278.56269953846925,6.278427111264922,,true,REGION-2-REDUCED,SuperheatedVapor,317.89416521787643,8.8329545451377,,true,39.33146567940719,2.554527433872777
B1-PIECEWISE-REDUCED,290,278.77853245735173,R1-SIDE,REGION-1,SubcooledLiquid,278.77853245735173,6.299125179139081,,true,REGION-1-REDUCED,SubcooledLiquid,278.77730463188425,6.30436442509171,,true,-0.001227825467481125,0.00523924595262848
B1-PIECEWISE-REDUCED,290,278.77853245735173,R4-LIQUID-SIDE,REGION-4,SaturatedMixture,278.77853245735173,6.299062188517196,1E-06,false,UNRESOLVED,Unspecified,,,,false,,
B1-PIECEWISE-REDUCED,290,278.77853245735173,R4-VAPOR-SIDE,REGION-4,SaturatedMixture,278.77853245735173,6.299062188517196,0.999999,true,REGION-2-REDUCED,SuperheatedVapor,318.3929805954298,8.872285798268289,,false,39.614448138078046,2.5732236097510928
B1-PIECEWISE-REDUCED,290,278.77853245735173,R2-SIDE,REGION-2,SuperheatedVapor,278.77853245735173,6.298999197895311,,true,REGION-2-REDUCED,SuperheatedVapor,318.393653879563,8.872157461929516,,true,39.615121422211246,2.5731582640342054
B1-PIECEWISE-REDUCED,291,278.99378421306585,R1-SIDE,REGION-1,SubcooledLiquid,278.99378421306585,6.319693513681139,,true,REGION-1-REDUCED,SubcooledLiquid,278.99249259475823,6.325193434268011,,true,-0.0012916183076185916,0.005499920586871987
B1-PIECEWISE-REDUCED,291,278.99378421306585,R4-LIQUID-SIDE,REGION-4,SaturatedMixture,278.99378421306585,6.319630317377965,1E-06,false,UNRESOLVED,Unspecified,,,,false,,
B1-PIECEWISE-REDUCED,291,278.99378421306585,R4-VAPOR-SIDE,REGION-4,SaturatedMixture,278.99378421306585,6.319630317377965,0.999999,true,REGION-2-REDUCED,SuperheatedVapor,318.8934688766798,8.911580407492227,,false,39.899684663613925,2.5919500901142625
B1-PIECEWISE-REDUCED,291,278.99378421306585,R2-SIDE,REGION-2,SuperheatedVapor,278.99378421306585,6.319567121074791,,true,REGION-2-REDUCED,SuperheatedVapor,318.89413495858514,8.911451232379106,,true,39.90035074551929,2.5918841113043145
B1-PIECEWISE-REDUCED,292,279.20919802188894,R1-SIDE,REGION-1,SubcooledLiquid,279.20919802188894,6.340328642096508,,true,REGION-1-REDUCED,SubcooledLiquid,279.20796023207606,6.3455769147802465,,true,-0.0012377898128761444,0.0052482726837386195
B1-PIECEWISE-REDUCED,292,279.20919802188894,R4-LIQUID-SIDE,REGION-4,SaturatedMixture,279.20919802188894,6.340265239444113,1E-06,false,UNRESOLVED,Unspecified,,,,false,,
B1-PIECEWISE-REDUCED,292,279.20919802188894,R4-VAPOR-SIDE,REGION-4,SaturatedMixture,279.20919802188894,6.340265239444113,0.999999,true,REGION-2-REDUCED,SuperheatedVapor,319.3966895341873,8.951102345148627,,false,40.18749151229838,2.6108371057045137
B1-PIECEWISE-REDUCED,292,279.20919802188894,R2-SIDE,REGION-2,SuperheatedVapor,279.20919802188894,6.340201836791719,,true,REGION-2-REDUCED,SuperheatedVapor,319.39734841386473,8.950972324901278,,true,40.188150391975796,2.6107704881095586
B1-PIECEWISE-REDUCED,293,279.42397137880334,R1-SIDE,REGION-1,SubcooledLiquid,279.42397137880334,6.360953608021738,,true,REGION-1-REDUCED,SubcooledLiquid,279.4229048785844,6.365443473840016,,true,-0.0010665002189398365,0.004489865818277927
B1-PIECEWISE-REDUCED,293,279.42397137880334,R4-LIQUID-SIDE,REGION-4,SaturatedMixture,279.42397137880334,6.3608899991217465,1E-06,false,UNRESOLVED,Unspecified,,,,false,,
B1-PIECEWISE-REDUCED,293,279.42397137880334,R4-VAPOR-SIDE,REGION-4,SaturatedMixture,279.42397137880334,6.3608899991217465,0.999999,true,REGION-2-REDUCED,SuperheatedVapor,319.9007799228033,8.990705109090863,,false,40.47680854399994,2.6298151099691163
B1-PIECEWISE-REDUCED,293,279.42397137880334,R2-SIDE,REGION-2,SuperheatedVapor,279.42397137880334,6.360826390221756,,true,REGION-2-REDUCED,SuperheatedVapor,319.90143110354745,8.990574232531834,,true,40.47745972474411,2.6297478423100786
B1-PIECEWISE-REDUCED,294,279.63773699402816,R1-SIDE,REGION-1,SubcooledLiquid,279.63773699402816,6.381532640032515,,true,REGION-1-REDUCED,SubcooledLiquid,279.6369580300974,6.384767369930123,,true,-0.00077896393077026,0.0032347298976080907
B1-PIECEWISE-REDUCED,294,279.63773699402816,R4-LIQUID-SIDE,REGION-4,SaturatedMixture,279.63773699402816,6.381468825344261,1E-06,false,UNRESOLVED,Unspecified,,,,false,,
B1-PIECEWISE-REDUCED,294,279.63773699402816,R4-VAPOR-SIDE,REGION-4,SaturatedMixture,279.63773699402816,6.381468825344261,0.999999,true,REGION-2-REDUCED,SuperheatedVapor,320.404868821303,9.030320057213986,,false,40.76713182727485,2.648851231869725
B1-PIECEWISE-REDUCED,294,279.63773699402816,R2-SIDE,REGION-2,SuperheatedVapor,279.63773699402816,6.3814050106560085,,true,REGION-2-REDUCED,SuperheatedVapor,320.405513048172,9.030188333256026,,true,40.76777605414384,2.6487833226000177
B1-PIECEWISE-REDUCED,295,279.8510682284831,R1-SIDE,REGION-1,SubcooledLiquid,279.8510682284831,6.402120508646861,,true,REGION-1-REDUCED,SubcooledLiquid,279.8506930644047,6.4036079544606315,,true,-0.0003751640783775656,0.0014874458137708046
B1-PIECEWISE-REDUCED,295,279.8510682284831,R4-LIQUID-SIDE,REGION-4,SaturatedMixture,279.8510682284831,6.402056488081979,1E-06,false,UNRESOLVED,Unspecified,,,,false,,
B1-PIECEWISE-REDUCED,295,279.8510682284831,R4-VAPOR-SIDE,REGION-4,SaturatedMixture,279.8510682284831,6.402056488081979,0.999999,true,REGION-2-REDUCED,SuperheatedVapor,320.91030428806937,9.070052835298416,,false,41.05923605958628,2.6679963472164365
B1-PIECEWISE-REDUCED,295,279.8510682284831,R2-SIDE,REGION-2,SuperheatedVapor,279.8510682284831,6.401992467517099,,true,REGION-2-REDUCED,SuperheatedVapor,320.91094106435776,9.069920252031721,,true,41.05987283587467,2.6679277845146228
B1-PIECEWISE-REDUCED,296,280,R1-SIDE,REGION-1,SubcooledLiquid,280,6.416523446273189,,true,REGION-1-REDUCED,SubcooledLiquid,279.99997615861037,6.416499679130103,,true,-2.3841389634071675E-05,-2.376714308560679E-05
B1-PIECEWISE-REDUCED,296,280,R4-LIQUID-SIDE,REGION-4,SaturatedMixture,280,6.416459281680371,1E-06,true,REGION-4-MIXTURE-TABLE,SaturatedMixture,280,6.416459281680371,1.000000000003524E-06,true,0,0
B1-PIECEWISE-REDUCED,296,280,R4-VAPOR-SIDE,REGION-4,SaturatedMixture,280,6.416459281680371,0.999999,true,REGION-4-MIXTURE-TABLE,SaturatedMixture,280,6.416459281680371,0.999999,true,0,0
B1-PIECEWISE-REDUCED,296,280,R2-SIDE,REGION-2,SuperheatedVapor,280,6.416395117087554,,true,REGION-2-REDUCED,SuperheatedVapor,321.2658613920212,9.097786273349952,,true,41.26586139202118,2.6813911562623973
B1-PIECEWISE-REDUCED,297,280.0627813100815,R1-SIDE,REGION-1,SubcooledLiquid,280.0627813100815,6.422602329034578,,true,REGION-1-REDUCED,SubcooledLiquid,280.0625995273814,6.423258163136038,,true,-0.0001817827001104888,0.0006558341014599733
B1-PIECEWISE-REDUCED,297,280.0627813100815,R4-LIQUID-SIDE,REGION-4,SaturatedMixture,280.0627813100815,6.422538103653541,1E-06,false,UNRESOLVED,Unspecified,,,,false,,
B1-PIECEWISE-REDUCED,297,280.0627813100815,R4-VAPOR-SIDE,REGION-4,SaturatedMixture,280.0627813100815,6.422538103653541,0.999999,true,REGION-2-REDUCED,SuperheatedVapor,321.41542211174965,9.109699188008507,,false,41.352640801668144,2.6871610843549663
B1-PIECEWISE-REDUCED,297,280.0627813100815,R2-SIDE,REGION-2,SuperheatedVapor,280.0627813100815,6.422473878272505,,true,REGION-2-REDUCED,SuperheatedVapor,321.4160457253456,9.109565657425597,,true,41.35326441526411,2.687091779153092
B1-PIECEWISE-REDUCED,298,280.2734861910343,R1-SIDE,REGION-1,SubcooledLiquid,280.2734861910343,6.4430362648107895,,true,REGION-1-REDUCED,SubcooledLiquid,280.2728480436548,6.445647559540457,,true,-0.0006381473795045167,0.0026112947296672573
B1-PIECEWISE-REDUCED,298,280.2734861910343,R4-LIQUID-SIDE,REGION-4,SaturatedMixture,280.2734861910343,6.442971835092438,1E-06,false,UNRESOLVED,Unspecified,,,,false,,
B1-PIECEWISE-REDUCED,298,280.2734861910343,R4-VAPOR-SIDE,REGION-4,SaturatedMixture,280.2734861910343,6.442971835092438,0.999999,true,REGION-2-REDUCED,SuperheatedVapor,321.9210083285967,9.149361319753403,,false,41.64752213756242,2.7063894846609653
B1-PIECEWISE-REDUCED,298,280.2734861910343,R2-SIDE,REGION-2,SuperheatedVapor,280.2734861910343,6.442907405374087,,true,REGION-2-REDUCED,SuperheatedVapor,321.92162424325943,9.149226922812186,,true,41.648138052225136,2.706319517438099
B1-PIECEWISE-REDUCED,299,280.48288751244525,R1-SIDE,REGION-1,SubcooledLiquid,280.48288751244525,6.46339294088022,,true,REGION-1-REDUCED,SubcooledLiquid,280.4819092982133,6.467450222123258,,true,-0.0009782142319636478,0.004057281243038169
B1-PIECEWISE-REDUCED,299,280.48288751244525,R4-LIQUID-SIDE,REGION-4,SaturatedMixture,280.48288751244525,6.463328307597143,1E-06,false,UNRESOLVED,Unspecified,,,,false,,
B1-PIECEWISE-REDUCED,299,280.48288751244525,R4-VAPOR-SIDE,REGION-4,SaturatedMixture,280.48288751244525,6.463328307597143,0.999999,true,REGION-2-REDUCED,SuperheatedVapor,322.4258234103521,9.188973959937652,,false,41.942935897906864,2.725645652340509
B1-PIECEWISE-REDUCED,299,280.48288751244525,R2-SIDE,REGION-2,SuperheatedVapor,280.48288751244525,6.463263674314067,,true,REGION-2-REDUCED,SuperheatedVapor,322.4264318744341,9.188838699220982,,true,41.94354436198887,2.725575024906915
B1-PIECEWISE-REDUCED,300,280.6903158664703,R1-SIDE,REGION-1,SubcooledLiquid,280.6903158664703,6.483606214101304,,true,REGION-1-REDUCED,SubcooledLiquid,280.68911272243156,6.488609674740826,,true,-0.0012031440387545445,0.005003460639522395
B1-PIECEWISE-REDUCED,300,280.6903158664703,R4-LIQUID-SIDE,REGION-4,SaturatedMixture,280.6903158664703,6.483541378687517,1E-06,false,UNRESOLVED,Unspecified,,,,false,,
B1-PIECEWISE-REDUCED,300,280.6903158664703,R4-VAPOR-SIDE,REGION-4,SaturatedMixture,280.6903158664703,6.483541378687517,0.999999,true,REGION-2-REDUCED,SuperheatedVapor,322.9282170534134,9.228407233900613,,false,42.23790118694308,2.7448658552130967
B1-PIECEWISE-REDUCED,300,280.6903158664703,R2-SIDE,REGION-2,SuperheatedVapor,280.6903158664703,6.4834765432737305,,true,REGION-2-REDUCED,SuperheatedVapor,322.9288175702095,9.22827110297004,,true,42.23850170373919,2.7447945596963104
B1-PIECEWISE-REDUCED,301,280.8963150322435,R1-SIDE,REGION-1,SubcooledLiquid,280.8963150322435,6.5037279677790245,,true,REGION-1-REDUCED,SubcooledLiquid,280.8949991600756,6.509194813614212,,true,-0.0013158721678792062,0.005466845835187861
B1-PIECEWISE-REDUCED,301,280.8963150322435,R4-LIQUID-SIDE,REGION-4,SaturatedMixture,280.8963150322435,6.503662931149712,1E-06,false,UNRESOLVED,Unspecified,,,,false,,
B1-PIECEWISE-REDUCED,301,280.8963150322435,R4-VAPOR-SIDE,REGION-4,SaturatedMixture,280.8963150322435,6.503662931149712,0.999999,true,REGION-2-REDUCED,SuperheatedVapor,323.4294667840004,9.267761075669853,,false,42.53315175175692,2.7640981445201405
B1-PIECEWISE-REDUCED,301,280.8963150322435,R2-SIDE,REGION-2,SuperheatedVapor,280.8963150322435,6.503597894520401,,true,REGION-2-REDUCED,SuperheatedVapor,323.4300603469213,9.267624089282046,,true,42.533745314677844,2.7640261947616453
B1-PIECEWISE-REDUCED,302,281.1006812334059,R1-SIDE,REGION-1,SubcooledLiquid,281.1006812334059,6.523737314582474,,true,REGION-1-REDUCED,SubcooledLiquid,281.0993628787694,6.529197441518514,,true,-0.0013183546365098664,0.0054601269360397
B1-PIECEWISE-REDUCED,302,281.1006812334059,R4-LIQUID-SIDE,REGION-4,SaturatedMixture,281.1006812334059,6.523672077861695,1E-06,false,UNRESOLVED,Unspecified,,,,false,,
B1-PIECEWISE-REDUCED,302,281.1006812334059,R4-VAPOR-SIDE,REGION-4,SaturatedMixture,281.1006812334059,6.523672077861695,0.999999,true,REGION-2-REDUCED,SuperheatedVapor,323.9290443559488,9.306993601958345,,false,42.828363122542896,2.7833215240966496
B1-PIECEWISE-REDUCED,302,281.1006812334059,R2-SIDE,REGION-2,SuperheatedVapor,281.1006812334059,6.523606841140917,,true,REGION-2-REDUCED,SuperheatedVapor,323.92962972323096,9.3068557409987,,true,42.82894848982505,2.7832488998577825
B1-PIECEWISE-REDUCED,303,281.3032880485058,R1-SIDE,REGION-1,SubcooledLiquid,281.3032880485058,6.543620785039116,,true,REGION-1-REDUCED,SubcooledLiquid,281.3020751301275,6.548618176505596,,true,-0.0012129183783144981,0.004997391466480039
B1-PIECEWISE-REDUCED,303,281.3032880485058,R4-LIQUID-SIDE,REGION-4,SaturatedMixture,281.3032880485058,6.5435553494856205,1E-06,false,UNRESOLVED,Unspecified,,,,false,,
B1-PIECEWISE-REDUCED,303,281.3032880485058,R4-VAPOR-SIDE,REGION-4,SaturatedMixture,281.3032880485058,6.5435553494856205,0.999999,true,REGION-2-REDUCED,SuperheatedVapor,324.4270560642084,9.346084207924806,,false,43.12376801570258,2.802528858439185
B1-PIECEWISE-REDUCED,303,281.3032880485058,R2-SIDE,REGION-2,SuperheatedVapor,281.3032880485058,6.543489913932126,,true,REGION-2-REDUCED,SuperheatedVapor,324.42762653032935,9.34594536806703,,true,43.12433848182354,2.802455454134904
B1-PIECEWISE-REDUCED,304,281.5040671765804,R1-SIDE,REGION-1,SubcooledLiquid,281.5040671765804,6.56337052415617,,true,REGION-1-REDUCED,SubcooledLiquid,281.50306509985774,6.567463842103076,,true,-0.0010020767226706084,0.004093317946906261
B1-PIECEWISE-REDUCED,304,281.5040671765804,R4-LIQUID-SIDE,REGION-4,SaturatedMixture,281.5040671765804,6.563304891107259,1E-06,false,UNRESOLVED,Unspecified,,,,false,,
B1-PIECEWISE-REDUCED,304,281.5040671765804,R4-VAPOR-SIDE,REGION-4,SaturatedMixture,281.5040671765804,6.563304891107259,0.999999,true,REGION-2-REDUCED,SuperheatedVapor,324.92445607980096,9.385034336211548,,false,43.420388903220555,2.82172944510429
B1-PIECEWISE-REDUCED,304,281.5040671765804,R2-SIDE,REGION-2,SuperheatedVapor,281.5040671765804,6.563239258058348,,true,REGION-2-REDUCED,SuperheatedVapor,324.9250188469887,9.384894630374808,,true,43.42095167040827,2.8216553723164592
B1-PIECEWISE-REDUCED,305,281.7029600799086,R1-SIDE,REGION-1,SubcooledLiquid,281.7029600799086,6.582979585869305,,true,REGION-1-REDUCED,SubcooledLiquid,281.70227161806815,6.5857424683233505,,true,-0.0006884618404683351,0.0027628824540455454
B1-PIECEWISE-REDUCED,305,281.7029600799086,R4-LIQUID-SIDE,REGION-4,SaturatedMixture,281.7029600799086,6.582913756731737,1E-06,false,UNRESOLVED,Unspecified,,,,false,,
B1-PIECEWISE-REDUCED,305,281.7029600799086,R4-VAPOR-SIDE,REGION-4,SaturatedMixture,281.7029600799086,6.582913756731737,0.999999,true,REGION-2-REDUCED,SuperheatedVapor,325.4194299379984,9.423803392509093,,false,43.716469858089795,2.840889635777356
B1-PIECEWISE-REDUCED,305,281.7029600799086,R2-SIDE,REGION-2,SuperheatedVapor,281.7029600799086,6.5828479275941705,,true,REGION-2-REDUCED,SuperheatedVapor,325.41998475790024,9.423662818156917,,true,43.71702467799162,2.840814890562746
B1-PIECEWISE-REDUCED,306,281.8999184429648,R1-SIDE,REGION-1,SubcooledLiquid,281.8999184429648,6.602441990593039,,true,REGION-1-REDUCED,SubcooledLiquid,281.8996436471657,6.603463220265355,,true,-0.00027479579910050234,0.001021229672315549
B1-PIECEWISE-REDUCED,306,281.8999184429648,R4-LIQUID-SIDE,REGION-4,SaturatedMixture,281.8999184429648,6.602375966833371,1E-06,false,UNRESOLVED,Unspecified,,,,false,,
B1-PIECEWISE-REDUCED,306,281.8999184429648,R4-VAPOR-SIDE,REGION-4,SaturatedMixture,281.8999184429648,6.602375966833371,0.999999,true,REGION-2-REDUCED,SuperheatedVapor,325.91181000073755,9.462377877833427,,false,44.01189155777274,2.8600019110000563
B1-PIECEWISE-REDUCED,306,281.8999184429648,R2-SIDE,REGION-2,SuperheatedVapor,281.8999184429648,6.602309943073703,,true,REGION-2-REDUCED,SuperheatedVapor,325.91235737005866,9.462236444445335,,true,44.012438927093854,2.859926501371632
B1-PIECEWISE-REDUCED,307,282.0949025034904,R1-SIDE,REGION-1,SubcooledLiquid,282.0949025034904,6.621752572190351,,true,REGION-1-REDUCED,SubcooledLiquid,282.0946353552182,6.622742440171339,,true,-0.00026714827220075676,0.0009898679809881017
B1-PIECEWISE-REDUCED,307,282.0949025034904,R4-LIQUID-SIDE,REGION-4,SaturatedMixture,282.0949025034904,6.621686355326797,1E-06,false,UNRESOLVED,Unspecified,,,,false,,
B1-PIECEWISE-REDUCED,307,282.0949025034904,R4-VAPOR-SIDE,REGION-4,SaturatedMixture,282.0949025034904,6.621686355326797,0.999999,true,REGION-2-REDUCED,SuperheatedVapor,326.4014482498169,9.50074580093589,,false,44.30654574632649,2.8790594456090934
B1-PIECEWISE-REDUCED,307,282.0949025034904,R2-SIDE,REGION-2,SuperheatedVapor,282.0949025034904,6.621620138463244,,true,REGION-2-REDUCED,SuperheatedVapor,326.4019876718521,9.500603502585209,,true,44.30708516836171,2.8789833641219653
B1-PIECEWISE-REDUCED,308,282.28788021802904,R1-SIDE,REGION-1,SubcooledLiquid,282.28788021802904,6.640906905415551,,true,REGION-1-REDUCED,SubcooledLiquid,282.2871943782774,6.643644327187489,,true,-0.000685839751668027,0.002737421771938031
B1-PIECEWISE-REDUCED,308,282.28788021802904,R4-LIQUID-SIDE,REGION-4,SaturatedMixture,282.28788021802904,6.64084049701058,1E-06,false,UNRESOLVED,Unspecified,,,,false,,
B1-PIECEWISE-REDUCED,308,282.28788021802904,R4-VAPOR-SIDE,REGION-4,SaturatedMixture,282.28788021802904,6.64084049701058,0.999999,true,REGION-2-REDUCED,SuperheatedVapor,326.8882130583128,9.538896528839205,,false,44.60033284028373,2.8980560318286246
B1-PIECEWISE-REDUCED,308,282.28788021802904,R2-SIDE,REGION-2,SuperheatedVapor,282.28788021802904,6.64077408860561,,true,REGION-2-REDUCED,SuperheatedVapor,326.88874478141463,9.538753371602281,,true,44.600864563385585,2.897979282996671
B1-PIECEWISE-REDUCED,309,282.4788263857366,R1-SIDE,REGION-1,SubcooledLiquid,282.4788263857366,6.659901227894608,,true,REGION-1-REDUCED,SubcooledLiquid,282.4778236875659,6.663951603244056,,true,-0.0010026981707369487,0.004050375349448743
B1-PIECEWISE-REDUCED,309,282.4788263857366,R4-LIQUID-SIDE,REGION-4,SaturatedMixture,282.4788263857366,6.659834629548312,1E-06,false,UNRESOLVED,Unspecified,,,,false,,
B1-PIECEWISE-REDUCED,309,282.4788263857366,R4-VAPOR-SIDE,REGION-4,SaturatedMixture,282.4788263857366,6.659834629548312,0.999999,true,REGION-2-REDUCED,SuperheatedVapor,327.37199018398917,9.576820693685903,,false,44.893163798252544,2.916986064137591
B1-PIECEWISE-REDUCED,309,282.4788263857366,R2-SIDE,REGION-2,SuperheatedVapor,282.4788263857366,6.659768031202017,,true,REGION-2-REDUCED,SuperheatedVapor,327.3725137114525,9.576676672007261,,true,44.89368732571586,2.9169086408052447
B1-PIECEWISE-REDUCED,310,282.6677221894266,R1-SIDE,REGION-1,SubcooledLiquid,282.6677221894266,6.678732402405449,,true,REGION-1-REDUCED,SubcooledLiquid,282.66650171114793,6.683676335668189,,true,-0.0012204782786966462,0.004943933262740785
B1-PIECEWISE-REDUCED,310,282.6677221894266,R4-LIQUID-SIDE,REGION-4,SaturatedMixture,282.6677221894266,6.67866561574929,1E-06,false,UNRESOLVED,Unspecified,,,,false,,
B1-PIECEWISE-REDUCED,310,282.6677221894266,R4-VAPOR-SIDE,REGION-4,SaturatedMixture,282.6677221894266,6.67866561574929,0.999999,true,REGION-2-REDUCED,SuperheatedVapor,327.85373379786813,9.614526960629178,,false,45.186011608441504,2.9358613448798874
B1-PIECEWISE-REDUCED,310,282.6677221894266,R2-SIDE,REGION-2,SuperheatedVapor,282.6677221894266,6.678598829093133,,true,REGION-2-REDUCED,SuperheatedVapor,327.8542404373487,9.614381937693702,,true,45.186518247922095,2.9357831086005692
B1-PIECEWISE-REDUCED,311,282.8545599937439,R1-SIDE,REGION-1,SubcooledLiquid,282.8545599937439,6.697398404150968,,true,REGION-1-REDUCED,SubcooledLiquid,282.85321803074135,6.702831616603071,,true,-0.0013419630025737206,0.005433212452102154
B1-PIECEWISE-REDUCED,311,282.8545599937439,R4-LIQUID-SIDE,REGION-4,SaturatedMixture,282.8545599937439,6.69733143083666,1E-06,false,UNRESOLVED,Unspecified,,,,false,,
B1-PIECEWISE-REDUCED,311,282.8545599937439,R4-VAPOR-SIDE,REGION-4,SaturatedMixture,282.8545599937439,6.69733143083666,0.999999,true,REGION-2-REDUCED,SuperheatedVapor,328.3337101340294,9.652014896196109,,false,45.47915014028547,2.954683465359449
B1-PIECEWISE-REDUCED,311,282.8545599937439,R2-SIDE,REGION-2,SuperheatedVapor,282.8545599937439,6.697264457522352,,true,REGION-2-REDUCED,SuperheatedVapor,328.33420882622397,9.65186901690956,,true,45.47964883248005,2.9546045593872075
B1-PIECEWISE-REDUCED,312,283.03934067487717,R1-SIDE,REGION-1,SubcooledLiquid,283.03934067487717,6.715898065413205,,true,REGION-1-REDUCED,SubcooledLiquid,283.03797074006854,6.7214311900279995,,true,-0.0013699348086220198,0.0055331246147947155
B1-PIECEWISE-REDUCED,312,283.03934067487717,R4-LIQUID-SIDE,REGION-4,SaturatedMixture,283.03934067487717,6.7158309071041336,1E-06,false,UNRESOLVED,Unspecified,,,,false,,
B1-PIECEWISE-REDUCED,312,283.03934067487717,R4-VAPOR-SIDE,REGION-4,SaturatedMixture,283.03934067487717,6.7158309071041336,0.999999,true,REGION-2-REDUCED,SuperheatedVapor,328.8104638457298,9.689257764126346,,false,45.77112317085266,2.973426857022212
B1-PIECEWISE-REDUCED,312,283.03934067487717,R2-SIDE,REGION-2,SuperheatedVapor,283.03934067487717,6.715763748795063,,true,REGION-2-REDUCED,SuperheatedVapor,328.8109545906385,9.689111031289167,,true,45.77161391576135,2.973347282494104
B1-PIECEWISE-REDUCED,313,283.2220691144465,R1-SIDE,REGION-1,SubcooledLiquid,283.2220691144465,6.734230632146775,,true,REGION-1-REDUCED,SubcooledLiquid,283.2207619577596,6.739488933508152,,true,-0.001307156686948474,0.005258301361377171
B1-PIECEWISE-REDUCED,313,283.2220691144465,R4-LIQUID-SIDE,REGION-4,SaturatedMixture,283.2220691144465,6.7341632905138695,1E-06,false,UNRESOLVED,Unspecified,,,,false,,
B1-PIECEWISE-REDUCED,313,283.2220691144465,R4-VAPOR-SIDE,REGION-4,SaturatedMixture,283.2220691144465,6.7341632905138695,0.999999,true,REGION-2-REDUCED,SuperheatedVapor,329.2839532097181,9.726252023024104,,false,46.06188409527158,2.9920887325102345
B1-PIECEWISE-REDUCED,313,283.2220691144465,R2-SIDE,REGION-2,SuperheatedVapor,283.2220691144465,6.734095948880965,,true,REGION-2-REDUCED,SuperheatedVapor,329.2844365040461,9.726104447558502,,true,46.06236738959956,2.992008498677537
B1-PIECEWISE-REDUCED,314,283.4027534067633,R1-SIDE,REGION-1,SubcooledLiquid,283.4027534067633,6.7523956884243885,,true,REGION-1-REDUCED,SubcooledLiquid,283.40159704391976,6.757018749227414,,true,-0.0011563628435169448,0.004623060803025325
B1-PIECEWISE-REDUCED,314,283.4027534067633,R4-LIQUID-SIDE,REGION-4,SaturatedMixture,283.4027534067633,6.752328165142736,1E-06,false,UNRESOLVED,Unspecified,,,,false,,
B1-PIECEWISE-REDUCED,314,283.4027534067633,R4-VAPOR-SIDE,REGION-4,SaturatedMixture,283.4027534067633,6.752328165142736,0.999999,true,REGION-2-REDUCED,SuperheatedVapor,329.7541464368502,9.762994827977659,,false,46.35139303008691,3.0106666628349226
B1-PIECEWISE-REDUCED,314,283.4027534067633,R2-SIDE,REGION-2,SuperheatedVapor,283.4027534067633,6.752260641861085,,true,REGION-2-REDUCED,SuperheatedVapor,329.7546217838923,9.762846404881012,,true,46.351868377128994,3.010585763019927
B1-PIECEWISE-REDUCED,315,283.581404775381,R1-SIDE,REGION-1,SubcooledLiquid,283.581404775381,6.770393151311303,,true,REGION-1-REDUCED,SubcooledLiquid,283.58048452454636,6.7740345321338795,,true,-0.0009202508346106697,0.0036413808225761457
B1-PIECEWISE-REDUCED,315,283.581404775381,R4-LIQUID-SIDE,REGION-4,SaturatedMixture,283.581404775381,6.7703254480568225,1E-06,false,UNRESOLVED,Unspecified,,,,false,,
B1-PIECEWISE-REDUCED,315,283.581404775381,R4-VAPOR-SIDE,REGION-4,SaturatedMixture,283.581404775381,6.7703254480568225,0.999999,true,REGION-2-REDUCED,SuperheatedVapor,330.221019188563,9.799483989107053,,false,46.63961441318202,3.02915854105023
B1-PIECEWISE-REDUCED,315,283.581404775381,R2-SIDE,REGION-2,SuperheatedVapor,283.581404775381,6.770257744802342,,true,REGION-2-REDUCED,SuperheatedVapor,330.2214865883192,9.79933472144838,,true,46.640081812938206,3.0290769766460377
B1-PIECEWISE-REDUCED,316,283.75422302484503,R1-SIDE,REGION-1,SubcooledLiquid,283.75422302484503,6.787837837366972,,true,REGION-1-REDUCED,SubcooledLiquid,283.7536137683286,6.790196700285092,,true,-0.000609256516440837,0.0023588629181201526
B1-PIECEWISE-REDUCED,316,283.75422302484503,R4-LIQUID-SIDE,REGION-4,SaturatedMixture,283.75422302484503,6.787769959667375,1E-06,false,UNRESOLVED,Unspecified,,,,false,,
B1-PIECEWISE-REDUCED,316,283.75422302484503,R4-VAPOR-SIDE,REGION-4,SaturatedMixture,283.75422302484503,6.787769959667375,0.999999,true,REGION-2-REDUCED,SuperheatedVapor,330.6745251019796,9.834933842730107,,false,46.92030207713458,3.0471638830627326
B1-PIECEWISE-REDUCED,316,283.75422302484503,R2-SIDE,REGION-2,SuperheatedVapor,283.75422302484503,6.787702081967779,,true,REGION-2-REDUCED,SuperheatedVapor,330.6749850511551,9.834783757160185,,true,46.92076202631006,3.0470816751924064
B1-PIECEWISE-REDUCED,317,283.8935488522053,R1-SIDE,REGION-1,SubcooledLiquid,283.8935488522053,6.801926707692328,,true,REGION-1-REDUCED,SubcooledLiquid,283.89324962673334,6.803014362010109,,true,-0.00029922547196292726,0.0010876543177813502
B1-PIECEWISE-REDUCED,317,283.8935488522053,R4-LIQUID-SIDE,REGION-4,SaturatedMixture,283.8935488522053,6.801858689105436,1E-06,false,UNRESOLVED,Unspecified,,,,false,,
B1-PIECEWISE-REDUCED,317,283.8935488522053,R4-VAPOR-SIDE,REGION-4,SaturatedMixture,283.8935488522053,6.801858689105436,0.999999,true,REGION-2-REDUCED,SuperheatedVapor,331.04149351517356,9.863622984627849,,false,47.14794466296826,3.061764295522413
B1-PIECEWISE-REDUCED,317,283.8935488522053,R2-SIDE,REGION-2,SuperheatedVapor,283.8935488522053,6.801790670518545,,true,REGION-2-REDUCED,SuperheatedVapor,331.04194700717926,9.86347222886856,,true,47.14839815497396,3.0616815583500143
B1-PIECEWISE-REDUCED,318,300,R1-SIDE,REGION-1,SubcooledLiquid,300,8.587794206640561,,true,REGION-1-REDUCED,SubcooledLiquid,299.99995854057556,8.587758874997737,,true,-4.145942443756212E-05,-3.533164282387702E-05
B1-PIECEWISE-REDUCED,318,300,R4-LIQUID-SIDE,REGION-4,SaturatedMixture,300,8.587708329557264,1E-06,true,REGION-4-MIXTURE-TABLE,SaturatedMixture,300,8.587708329557264,1.0000000000037563E-06,true,0,0
B1-PIECEWISE-REDUCED,318,300,R4-VAPOR-SIDE,REGION-4,SaturatedMixture,300,8.587708329557264,0.999999,true,REGION-4-MIXTURE-TABLE,SaturatedMixture,300,8.587708329557264,0.999999,true,0,0
B1-PIECEWISE-REDUCED,318,300,R2-SIDE,REGION-2,SuperheatedVapor,300,8.587622452473969,,true,REGION-2-REDUCED,SuperheatedVapor,389.5316342512767,14.118023221960339,,true,89.53163425127673,5.53040076948637
B1-PIECEWISE-REDUCED,319,340,R1-SIDE,REGION-1,SubcooledLiquid,340,14.600327058615827,,true,REGION-1-REDUCED,SubcooledLiquid,339.99984813707886,14.600250674493276,,true,-0.00015186292114321986,-7.638412255062121E-05
B1-PIECEWISE-REDUCED,319,340,R4-LIQUID-SIDE,REGION-4,SaturatedMixture,340,14.600181056805258,1E-06,true,REGION-4-MIXTURE-TABLE,SaturatedMixture,340,14.600181056805258,9.999999999909102E-07,true,0,0
B1-PIECEWISE-REDUCED,319,340,R4-VAPOR-SIDE,REGION-4,SaturatedMixture,340,14.600181056805258,0.999999,true,REGION-4-MIXTURE-TABLE,SaturatedMixture,340,14.600181056805258,0.999999,true,0,0
B1-PIECEWISE-REDUCED,319,340,R2-SIDE,REGION-2,SuperheatedVapor,340,14.600035054994692,,false,UNRESOLVED,Unspecified,,,,false,,
C1-TABULATED-SURROGATE,0,47.25379668027165,R1-SIDE,REGION-1,SubcooledLiquid,47.25379668027165,0.01076344579292377,,false,UNRESOLVED,Unspecified,,,,false,,
C1-TABULATED-SURROGATE,0,47.25379668027165,R4-LIQUID-SIDE,REGION-4,SaturatedMixture,47.25379668027165,0.010763338159542174,1E-06,true,REGION-4-MIXTURE-TABLE,SaturatedMixture,47.253793478012085,0.010765591662743535,9.99704398191965E-07,true,-3.202259563295229E-06,2.253503201361459E-06
C1-TABULATED-SURROGATE,0,47.25379668027165,R4-VAPOR-SIDE,REGION-4,SaturatedMixture,47.25379668027165,0.010763338159542174,0.999999,false,UNRESOLVED,Unspecified,,,,false,,
C1-TABULATED-SURROGATE,0,47.25379668027165,R2-SIDE,REGION-2,SuperheatedVapor,47.25379668027165,0.010763230526160579,,false,UNRESOLVED,Unspecified,,,,false,,
C1-TABULATED-SURROGATE,1,47.25636326000097,R1-SIDE,REGION-1,SubcooledLiquid,47.25636326000097,0.010764843736668937,,false,UNRESOLVED,Unspecified,,,,false,,
C1-TABULATED-SURROGATE,1,47.25636326000097,R4-LIQUID-SIDE,REGION-4,SaturatedMixture,47.25636326000097,0.010764736089308044,1E-06,true,REGION-4-MIXTURE-TABLE,SaturatedMixture,47.25636005401611,0.010767004630968594,9.997024136587552E-07,true,-3.2059848535936908E-06,2.2685416605494613E-06
C1-TABULATED-SURROGATE,1,47.25636326000097,R4-VAPOR-SIDE,REGION-4,SaturatedMixture,47.25636326000097,0.010764736089308044,0.999999,false,UNRESOLVED,Unspecified,,,,false,,
C1-TABULATED-SURROGATE,1,47.25636326000097,R2-SIDE,REGION-2,SuperheatedVapor,47.25636326000097,0.01076462844194715,,false,UNRESOLVED,Unspecified,,,,false,,
C1-TABULATED-SURROGATE,2,47.260731856524956,R1-SIDE,REGION-1,SubcooledLiquid,47.260731856524956,0.01076722354696915,,false,UNRESOLVED,Unspecified,,,,false,,
C1-TABULATED-SURROGATE,2,47.260731856524956,R4-LIQUID-SIDE,REGION-4,SaturatedMixture,47.260731856524956,0.010767115875810392,1E-06,true,REGION-4-MIXTURE-TABLE,SaturatedMixture,47.26072859764099,0.010769409630205732,9.996990816899919E-07,true,-3.258883964463166E-06,2.2937543953400336E-06
C1-TABULATED-SURROGATE,2,47.260731856524956,R4-VAPOR-SIDE,REGION-4,SaturatedMixture,47.260731856524956,0.010767115875810392,0.999999,false,UNRESOLVED,Unspecified,,,,false,,
C1-TABULATED-SURROGATE,2,47.260731856524956,R2-SIDE,REGION-2,SuperheatedVapor,47.260731856524956,0.010767008204651634,,false,UNRESOLVED,Unspecified,,,,false,,
C1-TABULATED-SURROGATE,3,47.26746165007364,R1-SIDE,REGION-1,SubcooledLiquid,47.26746165007364,0.010770890513210134,,false,UNRESOLVED,Unspecified,,,,false,,
C1-TABULATED-SURROGATE,3,47.26746165007364,R4-LIQUID-SIDE,REGION-4,SaturatedMixture,47.26746165007364,0.01077078280538208,1E-06,true,REGION-4-MIXTURE-TABLE,SaturatedMixture,47.267458319664,0.01077311452083319,9.996940638734617E-07,true,-3.330409640511789E-06,2.3317154511093285E-06
C1-TABULATED-SURROGATE,3,47.26746165007364,R4-VAPOR-SIDE,REGION-4,SaturatedMixture,47.26746165007364,0.01077078280538208,0.999999,false,UNRESOLVED,Unspecified,,,,false,,
C1-TABULATED-SURROGATE,3,47.26746165007364,R2-SIDE,REGION-2,SuperheatedVapor,47.26746165007364,0.010770675097554026,,false,UNRESOLVED,Unspecified,,,,false,,
C1-TABULATED-SURROGATE,4,47.27766643762595,R1-SIDE,REGION-1,SubcooledLiquid,47.27766643762595,0.010776452999946404,,false,UNRESOLVED,Unspecified,,,,false,,
C1-TABULATED-SURROGATE,4,47.27766643762595,R4-LIQUID-SIDE,REGION-4,SaturatedMixture,47.27766643762595,0.010776345236494038,1E-06,true,REGION-4-MIXTURE-TABLE,SaturatedMixture,47.27766305208206,0.010778732496934156,9.996867218802717E-07,true,-3.38554389145429E-06,2.387260440118652E-06
C1-TABULATED-SURROGATE,4,47.27766643762595,R4-VAPOR-SIDE,REGION-4,SaturatedMixture,47.27766643762595,0.010776345236494038,0.999999,false,UNRESOLVED,Unspecified,,,,false,,
C1-TABULATED-SURROGATE,4,47.27766643762595,R2-SIDE,REGION-2,SuperheatedVapor,47.27766643762595,0.010776237473041673,,false,UNRESOLVED,Unspecified,,,,false,,
C1-TABULATED-SURROGATE,5,47.28584959805005,R1-SIDE,REGION-1,SubcooledLiquid,47.28584959805005,0.010780915308942913,,false,UNRESOLVED,Unspecified,,,,false,,
C1-TABULATED-SURROGATE,5,47.28584959805005,R4-LIQUID-SIDE,REGION-4,SaturatedMixture,47.28584959805005,0.010780807500867904,1E-06,true,REGION-4-MIXTURE-TABLE,SaturatedMixture,47.28584611415863,0.010783237489842893,9.99681065416025E-07,true,-3.4838914189094794E-06,2.429988974988681E-06
C1-TABULATED-SURROGATE,5,47.28584959805005,R4-VAPOR-SIDE,REGION-4,SaturatedMixture,47.28584959805005,0.010780807500867904,0.999999,false,UNRESOLVED,Unspecified,,,,false,,
C1-TABULATED-SURROGATE,5,47.28584959805005,R2-SIDE,REGION-2,SuperheatedVapor,47.28584959805005,0.010780699692792895,,false,UNRESOLVED,Unspecified,,,,false,,
C1-TABULATED-SURROGATE,6,47.30439080595971,R1-SIDE,REGION-1,SubcooledLiquid,47.30439080595971,0.010791031774868785,,false,UNRESOLVED,Unspecified,,,,false,,
C1-TABULATED-SURROGATE,6,47.30439080595971,R4-LIQUID-SIDE,REGION-4,SaturatedMixture,47.30439080595971,0.010790923865630127,1E-06,true,REGION-4-MIXTURE-TABLE,SaturatedMixture,47.30438721179962,0.010793444856304402,9.996690149766595E-07,true,-3.5941600913247385E-06,2.520990674274165E-06
C1-TABULATED-SURROGATE,6,47.30439080595971,R4-VAPOR-SIDE,REGION-4,SaturatedMixture,47.30439080595971,0.010790923865630127,0.999999,false,UNRESOLVED,Unspecified,,,,false,,
C1-TABULATED-SURROGATE,6,47.30439080595971,R2-SIDE,REGION-2,SuperheatedVapor,47.30439080595971,0.010790815956391472,,false,UNRESOLVED,Unspecified,,,,false,,
C1-TABULATED-SURROGATE,7,47.31016860008242,R1-SIDE,REGION-1,SubcooledLiquid,47.31016860008242,0.010794185924890157,,false,UNRESOLVED,Unspecified,,,,false,,
C1-TABULATED-SURROGATE,7,47.31016860008242,R4-LIQUID-SIDE,REGION-4,SaturatedMixture,47.31016860008242,0.010794077984110315,1E-06,true,REGION-4-MIXTURE-TABLE,SaturatedMixture,47.310164988040924,0.010796625675507748,9.996654769826138E-07,true,-3.6120414961260394E-06,2.547691397432675E-06
C1-TABULATED-SURROGATE,7,47.31016860008242,R4-VAPOR-SIDE,REGION-4,SaturatedMixture,47.31016860008242,0.010794077984110315,0.999999,false,UNRESOLVED,Unspecified,,,,false,,
C1-TABULATED-SURROGATE,7,47.31016860008242,R2-SIDE,REGION-2,SuperheatedVapor,47.31016860008242,0.010793970043330475,,false,UNRESOLVED,Unspecified,,,,false,,
C1-TABULATED-SURROGATE,8,47.339061117172264,R1-SIDE,REGION-1,SubcooledLiquid,47.339061117172264,0.010809970497312584,,false,UNRESOLVED,Unspecified,,,,false,,
C1-TABULATED-SURROGATE,8,47.339061117172264,R4-LIQUID-SIDE,REGION-4,SaturatedMixture,47.339061117172264,0.010809862398688596,1E-06,true,REGION-4-MIXTURE-TABLE,SaturatedMixture,47.33905732631683,0.010812531674732954,9.996493323512941E-07,true,-3.7908554304522113E-06,2.6692760443577934E-06
C1-TABULATED-SURROGATE,8,47.339061117172264,R4-VAPOR-SIDE,REGION-4,SaturatedMixture,47.339061117172264,0.010809862398688596,0.999999,false,UNRESOLVED,Unspecified,,,,false,,
C1-TABULATED-SURROGATE,8,47.339061117172264,R2-SIDE,REGION-2,SuperheatedVapor,47.339061117172264,0.01080975430006461,,false,UNRESOLVED,Unspecified,,,,false,,
C1-TABULATED-SURROGATE,9,47.339702007174424,R1-SIDE,REGION-1,SubcooledLiquid,47.339702007174424,0.01081032085330431,,false,UNRESOLVED,Unspecified,,,,false,,
C1-TABULATED-SURROGATE,9,47.339702007174424,R4-LIQUID-SIDE,REGION-4,SaturatedMixture,47.339702007174424,0.010810212751176797,1E-06,true,REGION-4-MIXTURE-TABLE,SaturatedMixture,47.33969819545746,0.010812884490208004,9.996490032832285E-07,true,-3.811716965174128E-06,2.6717390312069877E-06
C1-TABULATED-SURROGATE,9,47.339702007174424,R4-VAPOR-SIDE,REGION-4,SaturatedMixture,47.339702007174424,0.010810212751176797,0.999999,false,UNRESOLVED,Unspecified,,,,false,,
C1-TABULATED-SURROGATE,9,47.339702007174424,R2-SIDE,REGION-2,SuperheatedVapor,47.339702007174424,0.010810104649049286,,false,UNRESOLVED,Unspecified,,,,false,,
C1-TABULATED-SURROGATE,10,47.37124681919806,R1-SIDE,REGION-1,SubcooledLiquid,47.37124681919806,0.010827577549085489,,false,UNRESOLVED,Unspecified,,,,false,,
C1-TABULATED-SURROGATE,10,47.37124681919806,R4-LIQUID-SIDE,REGION-4,SaturatedMixture,47.37124681919806,0.010827469274392744,1E-06,true,REGION-4-MIXTURE-TABLE,SaturatedMixture,47.37124288082123,0.010830250676916887,9.996343937690615E-07,true,-3.938376835321833E-06,2.781402524142801E-06
C1-TABULATED-SURROGATE,10,47.37124681919806,R4-VAPOR-SIDE,REGION-4,SaturatedMixture,47.37124681919806,0.010827469274392744,0.999999,false,UNRESOLVED,Unspecified,,,,false,,
C1-TABULATED-SURROGATE,10,47.37124681919806,R2-SIDE,REGION-2,SuperheatedVapor,47.37124681919806,0.010827360999700001,,false,UNRESOLVED,Unspecified,,,,false,,
C1-TABULATED-SURROGATE,11,47.38116506189107,R1-SIDE,REGION-1,SubcooledLiquid,47.38116506189107,0.010833008244981821,,false,UNRESOLVED,Unspecified,,,,false,,
C1-TABULATED-SURROGATE,11,47.38116506189107,R4-LIQUID-SIDE,REGION-4,SaturatedMixture,47.38116506189107,0.010832899915982661,1E-06,true,REGION-4-MIXTURE-TABLE,SaturatedMixture,47.38116109371185,0.010835710916411771,9.996304388605472E-07,true,-3.968179214552947E-06,2.8110004291100055E-06
C1-TABULATED-SURROGATE,11,47.38116506189107,R4-VAPOR-SIDE,REGION-4,SaturatedMixture,47.38116506189107,0.010832899915982661,0.999999,false,UNRESOLVED,Unspecified,,,,false,,
C1-TABULATED-SURROGATE,11,47.38116506189107,R2-SIDE,REGION-2,SuperheatedVapor,47.38116506189107,0.010832791586983501,,false,UNRESOLVED,Unspecified,,,,false,,
C1-TABULATED-SURROGATE,12,47.405578786134754,R1-SIDE,REGION-1,SubcooledLiquid,47.405578786134754,0.010846385856276416,,false,UNRESOLVED,Unspecified,,,,false,,
C1-TABULATED-SURROGATE,12,47.405578786134754,R4-LIQUID-SIDE,REGION-4,SaturatedMixture,47.405578786134754,0.01084627739350248,1E-06,true,REGION-4-MIXTURE-TABLE,SaturatedMixture,47.405574679374695,0.010849151243426128,9.996220066693887E-07,true,-4.106760059130465E-06,2.873849923647545E-06
C1-TABULATED-SURROGATE,12,47.405578786134754,R4-VAPOR-SIDE,REGION-4,SaturatedMixture,47.405578786134754,0.01084627739350248,0.999999,false,UNRESOLVED,Unspecified,,,,false,,
C1-TABULATED-SURROGATE,12,47.405578786134754,R2-SIDE,REGION-2,SuperheatedVapor,47.405578786134754,0.010846168930728546,,false,UNRESOLVED,Unspecified,,,,false,,
C1-TABULATED-SURROGATE,13,47.42490748912098,R1-SIDE,REGION-1,SubcooledLiquid,47.42490748912098,0.010856987170281312,,false,UNRESOLVED,Unspecified,,,,false,,
C1-TABULATED-SURROGATE,13,47.42490748912098,R4-LIQUID-SIDE,REGION-4,SaturatedMixture,47.42490748912098,0.010856878601495297,1E-06,true,REGION-4-MIXTURE-TABLE,SaturatedMixture,47.4249033331871,0.010859792180467238,9.996166488803588E-07,true,-4.155933879701479E-06,2.913578971941791E-06
C1-TABULATED-SURROGATE,13,47.42490748912098,R4-VAPOR-SIDE,REGION-4,SaturatedMixture,47.42490748912098,0.010856878601495297,0.999999,false,UNRESOLVED,Unspecified,,,,false,,
C1-TABULATED-SURROGATE,13,47.42490748912098,R2-SIDE,REGION-2,SuperheatedVapor,47.42490748912098,0.010856770032709281,,false,UNRESOLVED,Unspecified,,,,false,,
C1-TABULATED-SURROGATE,14,47.44107317328451,R1-SIDE,REGION-1,SubcooledLiquid,47.44107317328451,0.01086586048125896,,false,UNRESOLVED,Unspecified,,,,false,,
C1-TABULATED-SURROGATE,14,47.44107317328451,R4-LIQUID-SIDE,REGION-4,SaturatedMixture,47.44107317328451,0.010865751823740721,1E-06,true,REGION-4-MIXTURE-TABLE,SaturatedMixture,47.44106900691986,0.01086869181300694,9.996130638314793E-07,true,-4.166364647062437E-06,2.9399892662179683E-06
C1-TABULATED-SURROGATE,14,47.44107317328451,R4-VAPOR-SIDE,REGION-4,SaturatedMixture,47.44107317328451,0.010865751823740721,0.999999,false,UNRESOLVED,Unspecified,,,,false,,
C1-TABULATED-SURROGATE,14,47.44107317328451,R2-SIDE,REGION-2,SuperheatedVapor,47.44107317328451,0.010865643166222485,,false,UNRESOLVED,Unspecified,,,,false,,
C1-TABULATED-SURROGATE,15,47.46560525596135,R1-SIDE,REGION-1,SubcooledLiquid,47.46560525596135,0.010879337991507513,,false,UNRESOLVED,Unspecified,,,,false,,
C1-TABULATED-SURROGATE,15,47.46560525596135,R4-LIQUID-SIDE,REGION-4,SaturatedMixture,47.46560525596135,0.01087922919921552,1E-06,true,REGION-4-MIXTURE-TABLE,SaturatedMixture,47.46560102701187,0.01088219734131863,9.996091836947856E-07,true,-4.228949478601862E-06,2.9681421031095556E-06
C1-TABULATED-SURROGATE,15,47.46560525596135,R4-VAPOR-SIDE,REGION-4,SaturatedMixture,47.46560525596135,0.01087922919921552,0.999999,false,UNRESOLVED,Unspecified,,,,false,,
C1-TABULATED-SURROGATE,15,47.46560525596135,R2-SIDE,REGION-2,SuperheatedVapor,47.46560525596135,0.010879120406923529,,false,UNRESOLVED,Unspecified,,,,false,,
C1-TABULATED-SURROGATE,16,47.476804162561905,R1-SIDE,REGION-1,SubcooledLiquid,47.476804162561905,0.01088549525332102,,false,UNRESOLVED,Unspecified,,,,false,,
C1-TABULATED-SURROGATE,16,47.476804162561905,R4-LIQUID-SIDE,REGION-4,SaturatedMixture,47.476804162561905,0.010885386399457025,1E-06,true,REGION-4-MIXTURE-TABLE,SaturatedMixture,47.47679990530014,0.010888362621112719,9.996080390152934E-07,true,-4.257261764450959E-06,2.97622165569382E-06
C1-TABULATED-SURROGATE,16,47.476804162561905,R4-VAPOR-SIDE,REGION-4,SaturatedMixture,47.476804162561905,0.010885386399457025,0.999999,false,UNRESOLVED,Unspecified,,,,false,,
C1-TABULATED-SURROGATE,16,47.476804162561905,R2-SIDE,REGION-2,SuperheatedVapor,47.476804162561905,0.010885277545593031,,false,UNRESOLVED,Unspecified,,,,false,,
C1-TABULATED-SURROGATE,17,47.497136956453346,R1-SIDE,REGION-1,SubcooledLiquid,47.497136956453346,0.010896682061926422,,false,UNRESOLVED,Unspecified,,,,false,,
C1-TABULATED-SURROGATE,17,47.497136956453346,R4-LIQUID-SIDE,REGION-4,SaturatedMixture,47.497136956453346,0.01089657309619546,1E-06,true,REGION-4-MIXTURE-TABLE,SaturatedMixture,47.497132658958435,0.010899556341774808,9.996069665320673E-07,true,-4.297494911043032E-06,2.9832455793483287E-06
C1-TABULATED-SURROGATE,17,47.497136956453346,R4-VAPOR-SIDE,REGION-4,SaturatedMixture,47.497136956453346,0.01089657309619546,0.999999,false,UNRESOLVED,Unspecified,,,,false,,
C1-TABULATED-SURROGATE,17,47.497136956453346,R2-SIDE,REGION-2,SuperheatedVapor,47.497136956453346,0.010896464130464498,,false,UNRESOLVED,Unspecified,,,,false,,
C1-TABULATED-SURROGATE,18,47.51263943389063,R1-SIDE,REGION-1,SubcooledLiquid,47.51263943389063,0.010905217934178663,,false,UNRESOLVED,Unspecified,,,,false,,
C1-TABULATED-SURROGATE,18,47.51263943389063,R4-LIQUID-SIDE,REGION-4,SaturatedMixture,47.51263943389063,0.010905108883089832,1E-06,true,REGION-4-MIXTURE-TABLE,SaturatedMixture,47.51263517141342,0.010908090886426164,9.996070224059014E-07,true,-4.262477204974857E-06,2.982003336331543E-06
C1-TABULATED-SURROGATE,18,47.51263943389063,R4-VAPOR-SIDE,REGION-4,SaturatedMixture,47.51263943389063,0.010905108883089832,0.999999,false,UNRESOLVED,Unspecified,,,,false,,
C1-TABULATED-SURROGATE,18,47.51263943389063,R2-SIDE,REGION-2,SuperheatedVapor,47.51263943389063,0.010904999832001001,,false,UNRESOLVED,Unspecified,,,,false,,
C1-TABULATED-SURROGATE,19,47.514584347605705,R1-SIDE,REGION-1,SubcooledLiquid,47.514584347605705,0.010906289235178678,,false,UNRESOLVED,Unspecified,,,,false,,
C1-TABULATED-SURROGATE,19,47.514584347605705,R4-LIQUID-SIDE,REGION-4,SaturatedMixture,47.514584347605705,0.010906180173376944,1E-06,true,REGION-4-MIXTURE-TABLE,SaturatedMixture,47.51458007097244,0.010909161605264613,9.996070825062938E-07,true,-4.276633262634277E-06,2.981431887668848E-06
C1-TABULATED-SURROGATE,19,47.514584347605705,R4-VAPOR-SIDE,REGION-4,SaturatedMixture,47.514584347605705,0.010906180173376944,0.999999,false,UNRESOLVED,Unspecified,,,,false,,
C1-TABULATED-SURROGATE,19,47.514584347605705,R2-SIDE,REGION-2,SuperheatedVapor,47.514584347605705,0.01090607111157521,,false,UNRESOLVED,Unspecified,,,,false,,
C1-TABULATED-SURROGATE,20,47.54827588349582,R1-SIDE,REGION-1,SubcooledLiquid,47.54827588349582,0.010924861622134425,,false,UNRESOLVED,Unspecified,,,,false,,
C1-TABULATED-SURROGATE,20,47.54827588349582,R4-LIQUID-SIDE,REGION-4,SaturatedMixture,47.54827588349582,0.010924752374610679,1E-06,true,REGION-4-MIXTURE-TABLE,SaturatedMixture,47.54827165603638,0.010927709717252137,9.996100189062599E-07,true,-4.227459442063264E-06,2.9573426414582216E-06
C1-TABULATED-SURROGATE,20,47.54827588349582,R4-VAPOR-SIDE,REGION-4,SaturatedMixture,47.54827588349582,0.010924752374610679,0.999999,false,UNRESOLVED,Unspecified,,,,false,,
C1-TABULATED-SURROGATE,20,47.54827588349582,R2-SIDE,REGION-2,SuperheatedVapor,47.54827588349582,0.010924643127086932,,false,UNRESOLVED,Unspecified,,,,false,,
C1-TABULATED-SURROGATE,21,47.58362434357406,R1-SIDE,REGION-1,SubcooledLiquid,47.58362434357406,0.01094437658235262,,false,UNRESOLVED,Unspecified,,,,false,,
C1-TABULATED-SURROGATE,21,47.58362434357406,R4-LIQUID-SIDE,REGION-4,SaturatedMixture,47.58362434357406,0.010944267139681222,1E-06,true,REGION-4-MIXTURE-TABLE,SaturatedMixture,47.58362019062042,0.010947170023937483,9.996169519304709E-07,true,-4.1529536360940256E-06,2.9028842562610346E-06
C1-TABULATED-SURROGATE,21,47.58362434357406,R4-VAPOR-SIDE,REGION-4,SaturatedMixture,47.58362434357406,0.010944267139681222,0.999999,false,UNRESOLVED,Unspecified,,,,false,,
C1-TABULATED-SURROGATE,21,47.58362434357406,R2-SIDE,REGION-2,SuperheatedVapor,47.58362434357406,0.010944157697009826,,false,UNRESOLVED,Unspecified,,,,false,,
C1-TABULATED-SURROGATE,22,47.61869406104091,R1-SIDE,REGION-1,SubcooledLiquid,47.61869406104091,0.010963767237899734,,false,UNRESOLVED,Unspecified,,,,false,,
C1-TABULATED-SURROGATE,22,47.61869406104091,R4-LIQUID-SIDE,REGION-4,SaturatedMixture,47.61869406104091,0.01096365760132372,1E-06,true,REGION-4-MIXTURE-TABLE,SaturatedMixture,47.6186900138855,0.010966476892642798,9.996277408504446E-07,true,-4.047155414355075E-06,2.819291319077627E-06
C1-TABULATED-SURROGATE,22,47.61869406104091,R4-VAPOR-SIDE,REGION-4,SaturatedMixture,47.61869406104091,0.01096365760132372,0.999999,false,UNRESOLVED,Unspecified,,,,false,,
C1-TABULATED-SURROGATE,22,47.61869406104091,R2-SIDE,REGION-2,SuperheatedVapor,47.61869406104091,0.010963547964747708,,false,UNRESOLVED,Unspecified,,,,false,,
C1-TABULATED-SURROGATE,23,47.65354026705023,R1-SIDE,REGION-1,SubcooledLiquid,47.65354026705023,0.010983063530149202,,false,UNRESOLVED,Unspecified,,,,false,,
C1-TABULATED-SURROGATE,23,47.65354026705023,R4-LIQUID-SIDE,REGION-4,SaturatedMixture,47.65354026705023,0.010982953700612195,1E-06,true,REGION-4-MIXTURE-TABLE,SaturatedMixture,47.65353637933731,0.01098566074188978,9.996423316521536E-07,true,-3.887712921368802E-06,2.707041277584879E-06
C1-TABULATED-SURROGATE,23,47.65354026705023,R4-VAPOR-SIDE,REGION-4,SaturatedMixture,47.65354026705023,0.010982953700612195,0.999999,false,UNRESOLVED,Unspecified,,,,false,,
C1-TABULATED-SURROGATE,23,47.65354026705023,R2-SIDE,REGION-2,SuperheatedVapor,47.65354026705023,0.01098284387107519,,false,UNRESOLVED,Unspecified,,,,false,,
C1-TABULATED-SURROGATE,24,47.68824782669549,R1-SIDE,REGION-1,SubcooledLiquid,47.68824782669549,0.01100231203510302,,false,UNRESOLVED,Unspecified,,,,false,,
C1-TABULATED-SURROGATE,24,47.68824782669549,R4-LIQUID-SIDE,REGION-4,SaturatedMixture,47.68824782669549,0.011002202013082888,1E-06,true,REGION-4-MIXTURE-TABLE,SaturatedMixture,47.688244104385376,0.011004768265914011,9.996607112645856E-07,true,-3.7223101116978796E-06,2.566252831123078E-06
C1-TABULATED-SURROGATE,24,47.68824782669549,R4-VAPOR-SIDE,REGION-4,SaturatedMixture,47.68824782669549,0.011002202013082888,0.999999,false,UNRESOLVED,Unspecified,,,,false,,
C1-TABULATED-SURROGATE,24,47.68824782669549,R2-SIDE,REGION-2,SuperheatedVapor,47.68824782669549,0.011002091991062758,,false,UNRESOLVED,Unspecified,,,,false,,
C1-TABULATED-SURROGATE,25,47.72291185855869,R1-SIDE,REGION-1,SubcooledLiquid,47.72291185855869,0.011021565312344302,,false,UNRESOLVED,Unspecified,,,,false,,
C1-TABULATED-SURROGATE,25,47.72291185855869,R4-LIQUID-SIDE,REGION-4,SaturatedMixture,47.72291185855869,0.011021455097793323,1E-06,true,REGION-4-MIXTURE-TABLE,SaturatedMixture,47.7229083776474,0.011023851868576514,9.996829131224197E-07,true,-3.480911288988864E-06,2.396770783190741E-06
C1-TABULATED-SURROGATE,25,47.72291185855869,R4-VAPOR-SIDE,REGION-4,SaturatedMixture,47.72291185855869,0.011021455097793323,0.999999,false,UNRESOLVED,Unspecified,,,,false,,
C1-TABULATED-SURROGATE,25,47.72291185855869,R2-SIDE,REGION-2,SuperheatedVapor,47.72291185855869,0.011021344883242346,,false,UNRESOLVED,Unspecified,,,,false,,
C1-TABULATED-SURROGATE,26,47.757624070346424,R1-SIDE,REGION-1,SubcooledLiquid,47.757624070346424,0.01104087434015728,,false,UNRESOLVED,Unspecified,,,,false,,
C1-TABULATED-SURROGATE,26,47.757624070346424,R4-LIQUID-SIDE,REGION-4,SaturatedMixture,47.757624070346424,0.011040763932517954,1E-06,true,REGION-4-MIXTURE-TABLE,SaturatedMixture,47.75762093067169,0.01104296205052983,9.99709009475307E-07,true,-3.139674731755804E-06,2.198118011876443E-06
C1-TABULATED-SURROGATE,26,47.757624070346424,R4-VAPOR-SIDE,REGION-4,SaturatedMixture,47.757624070346424,0.011040763932517954,0.999999,false,UNRESOLVED,Unspecified,,,,false,,
C1-TABULATED-SURROGATE,26,47.757624070346424,R2-SIDE,REGION-2,SuperheatedVapor,47.757624070346424,0.01104065352487863,,false,UNRESOLVED,Unspecified,,,,false,,
C1-TABULATED-SURROGATE,27,47.79246309995665,R1-SIDE,REGION-1,SubcooledLiquid,47.79246309995665,0.011060283117221672,,false,UNRESOLVED,Unspecified,,,,false,,
C1-TABULATED-SURROGATE,27,47.79246309995665,R4-LIQUID-SIDE,REGION-4,SaturatedMixture,47.79246309995665,0.011060172515496517,1E-06,true,REGION-4-MIXTURE-TABLE,SaturatedMixture,47.79246026277542,0.011062142027731977,9.997390992097059E-07,true,-2.837181227732799E-06,1.9695122354598804E-06
C1-TABULATED-SURROGATE,27,47.79246309995665,R4-VAPOR-SIDE,REGION-4,SaturatedMixture,47.79246309995665,0.011060172515496517,0.999999,false,UNRESOLVED,Unspecified,,,,false,,
C1-TABULATED-SURROGATE,27,47.79246309995665,R2-SIDE,REGION-2,SuperheatedVapor,47.79246309995665,0.011060061913771362,,false,UNRESOLVED,Unspecified,,,,false,,
C1-TABULATED-SURROGATE,28,47.827488413453125,R1-SIDE,REGION-1,SubcooledLiquid,47.827488413453125,0.011079825203158315,,false,UNRESOLVED,Unspecified,,,,false,,
C1-TABULATED-SURROGATE,28,47.827488413453125,R4-LIQUID-SIDE,REGION-4,SaturatedMixture,47.827488413453125,0.011079714406014254,1E-06,true,REGION-4-MIXTURE-TABLE,SaturatedMixture,47.82748591899872,0.011081424581308286,9.997733003814425E-07,true,-2.494454406587465E-06,1.7101752940312798E-06
C1-TABULATED-SURROGATE,28,47.827488413453125,R4-VAPOR-SIDE,REGION-4,SaturatedMixture,47.827488413453125,0.011079714406014254,0.999999,false,UNRESOLVED,Unspecified,,,,false,,
C1-TABULATED-SURROGATE,28,47.827488413453125,R2-SIDE,REGION-2,SuperheatedVapor,47.827488413453125,0.011079603608870194,,false,UNRESOLVED,Unspecified,,,,false,,
C1-TABULATED-SURROGATE,29,47.862737081945,R1-SIDE,REGION-1,SubcooledLiquid,47.862737081945,0.011099521838287791,,false,UNRESOLVED,Unspecified,,,,false,,
C1-TABULATED-SURROGATE,29,47.862737081945,R4-LIQUID-SIDE,REGION-4,SaturatedMixture,47.862737081945,0.011099410844179348,1E-06,true,REGION-4-MIXTURE-TABLE,SaturatedMixture,47.86273503303528,0.011100830154342926,9.99811732804685E-07,true,-2.0489097209974716E-06,1.4193101635778804E-06
C1-TABULATED-SURROGATE,29,47.862737081945,R4-VAPOR-SIDE,REGION-4,SaturatedMixture,47.862737081945,0.011099410844179348,0.999999,false,UNRESOLVED,Unspecified,,,,false,,
C1-TABULATED-SURROGATE,29,47.862737081945,R2-SIDE,REGION-2,SuperheatedVapor,47.862737081945,0.011099299850070908,,false,UNRESOLVED,Unspecified,,,,false,,
C1-TABULATED-SURROGATE,30,47.89822296798229,R1-SIDE,REGION-1,SubcooledLiquid,47.89822296798229,0.011119381395374751,,false,UNRESOLVED,Unspecified,,,,false,,
C1-TABULATED-SURROGATE,30,47.89822296798229,R4-LIQUID-SIDE,REGION-4,SaturatedMixture,47.89822296798229,0.011119270202672725,1E-06,true,REGION-4-MIXTURE-TABLE,SaturatedMixture,47.898221373558044,0.011120366326855872,9.99854502631661E-07,true,-1.5944242477416992E-06,1.0961241831471819E-06
C1-TABULATED-SURROGATE,30,47.89822296798229,R4-VAPOR-SIDE,REGION-4,SaturatedMixture,47.89822296798229,0.011119270202672725,0.999999,false,UNRESOLVED,Unspecified,,,,false,,
C1-TABULATED-SURROGATE,30,47.89822296798229,R2-SIDE,REGION-2,SuperheatedVapor,47.89822296798229,0.011119159009970698,,false,UNRESOLVED,Unspecified,,,,false,,
C1-TABULATED-SURROGATE,31,47.93393765389919,R1-SIDE,REGION-1,SubcooledLiquid,47.93393765389919,0.011139399802370956,,false,UNRESOLVED,Unspecified,,,,false,,
C1-TABULATED-SURROGATE,31,47.93393765389919,R4-LIQUID-SIDE,REGION-4,SaturatedMixture,47.93393765389919,0.01113928840948686,1E-06,true,REGION-4-MIXTURE-TABLE,SaturatedMixture,47.93393659591675,0.011140028504895623,9.999016953444799E-07,true,-1.0579824447631836E-06,7.400954087632972E-07
C1-TABULATED-SURROGATE,31,47.93393765389919,R4-VAPOR-SIDE,REGION-4,SaturatedMixture,47.93393765389919,0.01113928840948686,0.999999,false,UNRESOLVED,Unspecified,,,,false,,
C1-TABULATED-SURROGATE,31,47.93393765389919,R2-SIDE,REGION-2,SuperheatedVapor,47.93393765389919,0.011139177016602766,,false,UNRESOLVED,Unspecified,,,,false,,
C1-TABULATED-SURROGATE,32,47.96985266357666,R1-SIDE,REGION-1,SubcooledLiquid,47.96985266357666,0.0111595616944032,,false,UNRESOLVED,Unspecified,,,,false,,
C1-TABULATED-SURROGATE,32,47.96985266357666,R4-LIQUID-SIDE,REGION-4,SaturatedMixture,47.96985266357666,0.0111594500999022,1E-06,true,REGION-4-MIXTURE-TABLE,SaturatedMixture,47.96985214948654,0.011159800970585273,9.99953361446749E-07,true,-5.14090118031163E-07,3.508706830721714E-07
C1-TABULATED-SURROGATE,32,47.96985266357666,R4-VAPOR-SIDE,REGION-4,SaturatedMixture,47.96985266357666,0.0111594500999022,0.999999,false,UNRESOLVED,Unspecified,,,,false,,
C1-TABULATED-SURROGATE,32,47.96985266357666,R2-SIDE,REGION-2,SuperheatedVapor,47.96985266357666,0.011159338505401201,,false,UNRESOLVED,Unspecified,,,,false,,
C1-TABULATED-SURROGATE,33,48.00592249780897,R1-SIDE,REGION-1,SubcooledLiquid,48.00592249780897,0.011179842033210947,,false,UNRESOLVED,Unspecified,,,,false,,
C1-TABULATED-SURROGATE,33,48.00592249780897,R4-LIQUID-SIDE,REGION-4,SaturatedMixture,48.00592249780897,0.011179730235908587,1E-06,true,REGION-4-MIXTURE-TABLE,SaturatedMixture,48.00592237710953,0.011179802594436525,9.999909195247712E-07,true,-1.2069943977621733E-07,7.235852793850694E-08
C1-TABULATED-SURROGATE,33,48.00592249780897,R4-VAPOR-SIDE,REGION-4,SaturatedMixture,48.00592249780897,0.011179730235908587,0.999999,false,UNRESOLVED,Unspecified,,,,false,,
C1-TABULATED-SURROGATE,33,48.00592249780897,R2-SIDE,REGION-2,SuperheatedVapor,48.00592249780897,0.011179618438606228,,false,UNRESOLVED,Unspecified,,,,false,,
C1-TABULATED-SURROGATE,34,48.042088118195466,R1-SIDE,REGION-1,SubcooledLiquid,48.042088118195466,0.01120020799400999,,false,UNRESOLVED,Unspecified,,,,false,,
C1-TABULATED-SURROGATE,34,48.042088118195466,R4-LIQUID-SIDE,REGION-4,SaturatedMixture,48.042088118195466,0.011200095993050059,1E-06,true,REGION-4-MIXTURE-TABLE,SaturatedMixture,48.04208731651306,0.011200591724849352,9.999377530489424E-07,true,-8.016824040169013E-07,4.957317992927007E-07
C1-TABULATED-SURROGATE,34,48.042088118195466,R4-VAPOR-SIDE,REGION-4,SaturatedMixture,48.042088118195466,0.011200095993050059,0.999999,false,UNRESOLVED,Unspecified,,,,false,,
C1-TABULATED-SURROGATE,34,48.042088118195466,R2-SIDE,REGION-2,SuperheatedVapor,48.042088118195466,0.011199983992090129,,false,UNRESOLVED,Unspecified,,,,false,,
C1-TABULATED-SURROGATE,35,48.07828054577118,R1-SIDE,REGION-1,SubcooledLiquid,48.07828054577118,0.0112206209350514,,false,UNRESOLVED,Unspecified,,,,false,,
C1-TABULATED-SURROGATE,35,48.07828054577118,R4-LIQUID-SIDE,REGION-4,SaturatedMixture,48.07828054577118,0.0112205087299641,1E-06,true,REGION-4-MIXTURE-TABLE,SaturatedMixture,48.07827913761139,0.011221396307992581,9.998884838565667E-07,true,-1.4081597896620224E-06,8.875780284807455E-07
C1-TABULATED-SURROGATE,35,48.07828054577118,R4-VAPOR-SIDE,REGION-4,SaturatedMixture,48.07828054577118,0.0112205087299641,0.999999,false,UNRESOLVED,Unspecified,,,,false,,
C1-TABULATED-SURROGATE,35,48.07828054577118,R2-SIDE,REGION-2,SuperheatedVapor,48.07828054577118,0.0112203965248768,,false,UNRESOLVED,Unspecified,,,,false,,
C1-TABULATED-SURROGATE,36,48.11442436575891,R1-SIDE,REGION-1,SubcooledLiquid,48.11442436575891,0.011241038333516782,,false,UNRESOLVED,Unspecified,,,,false,,
C1-TABULATED-SURROGATE,36,48.11442436575891,R4-LIQUID-SIDE,REGION-4,SaturatedMixture,48.11442436575891,0.011240925924257539,1E-06,true,REGION-4-MIXTURE-TABLE,SaturatedMixture,48.11442244052887,0.011242173000841904,9.99843223231329E-07,true,-1.925230037613801E-06,1.247076584364945E-06
C1-TABULATED-SURROGATE,36,48.11442436575891,R4-VAPOR-SIDE,REGION-4,SaturatedMixture,48.11442436575891,0.011240925924257539,0.999999,false,UNRESOLVED,Unspecified,,,,false,,
C1-TABULATED-SURROGATE,36,48.11442436575891,R2-SIDE,REGION-2,SuperheatedVapor,48.11442436575891,0.011240813514998296,,false,UNRESOLVED,Unspecified,,,,false,,
C1-TABULATED-SURROGATE,37,48.15044099241493,R1-SIDE,REGION-1,SubcooledLiquid,48.15044099241493,0.01126141560515215,,false,UNRESOLVED,Unspecified,,,,false,,
C1-TABULATED-SURROGATE,37,48.15044099241493,R4-LIQUID-SIDE,REGION-4,SaturatedMixture,48.15044099241493,0.011261302992122227,1E-06,true,REGION-4-MIXTURE-TABLE,SaturatedMixture,48.1504385471344,0.011262876575893697,9.998020517732236E-07,true,-2.445280529173033E-06,1.5735837714699052E-06
C1-TABULATED-SURROGATE,37,48.15044099241493,R4-VAPOR-SIDE,REGION-4,SaturatedMixture,48.15044099241493,0.011261302992122227,0.999999,false,UNRESOLVED,Unspecified,,,,false,,
C1-TABULATED-SURROGATE,37,48.15044099241493,R2-SIDE,REGION-2,SuperheatedVapor,48.15044099241493,0.011261190379092307,,false,UNRESOLVED,Unspecified,,,,false,,
C1-TABULATED-SURROGATE,38,48.1862515375019,R1-SIDE,REGION-1,SubcooledLiquid,48.1862515375019,0.011281707717804016,,false,UNRESOLVED,Unspecified,,,,false,,
C1-TABULATED-SURROGATE,38,48.1862515375019,R4-LIQUID-SIDE,REGION-4,SaturatedMixture,48.1862515375019,0.011281594901854998,1E-06,true,REGION-4-MIXTURE-TABLE,SaturatedMixture,48.18624860048294,0.01128346170285454,9.997650175613014E-07,true,-2.9370189622568432E-06,1.866800999542409E-06
C1-TABULATED-SURROGATE,38,48.1862515375019,R4-VAPOR-SIDE,REGION-4,SaturatedMixture,48.1862515375019,0.011281594901854998,0.999999,false,UNRESOLVED,Unspecified,,,,false,,
C1-TABULATED-SURROGATE,38,48.1862515375019,R2-SIDE,REGION-2,SuperheatedVapor,48.1862515375019,0.01128148208590598,,false,UNRESOLVED,Unspecified,,,,false,,
C1-TABULATED-SURROGATE,39,48.22177927196026,R1-SIDE,REGION-1,SubcooledLiquid,48.22177927196026,0.01130187059056323,,false,UNRESOLVED,Unspecified,,,,false,,
C1-TABULATED-SURROGATE,39,48.22177927196026,R4-LIQUID-SIDE,REGION-4,SaturatedMixture,48.22177927196026,0.0113017575729875,1E-06,true,REGION-4-MIXTURE-TABLE,SaturatedMixture,48.22177588939667,0.011303884284908399,9.99732132347623E-07,true,-3.382563591003418E-06,2.1267119208988328E-06
C1-TABULATED-SURROGATE,39,48.22177927196026,R4-VAPOR-SIDE,REGION-4,SaturatedMixture,48.22177927196026,0.0113017575729875,0.999999,false,UNRESOLVED,Unspecified,,,,false,,
C1-TABULATED-SURROGATE,39,48.22177927196026,R2-SIDE,REGION-2,SuperheatedVapor,48.22177927196026,0.011301644555411772,,false,UNRESOLVED,Unspecified,,,,false,,
C1-TABULATED-SURROGATE,40,48.256951592117616,R1-SIDE,REGION-1,SubcooledLiquid,48.256951592117616,0.011321862225389345,,false,UNRESOLVED,Unspecified,,,,false,,
C1-TABULATED-SURROGATE,40,48.256951592117616,R4-LIQUID-SIDE,REGION-4,SaturatedMixture,48.256951592117616,0.011321749007899265,1E-06,true,REGION-4-MIXTURE-TABLE,SaturatedMixture,48.25694787502289,0.01132410262366746,9.997033722674668E-07,true,-3.7170947280174005E-06,2.3536157681951914E-06
C1-TABULATED-SURROGATE,40,48.256951592117616,R4-VAPOR-SIDE,REGION-4,SaturatedMixture,48.256951592117616,0.011321749007899265,0.999999,false,UNRESOLVED,Unspecified,,,,false,,
C1-TABULATED-SURROGATE,40,48.256951592117616,R2-SIDE,REGION-2,SuperheatedVapor,48.256951592117616,0.011321635790409186,,false,UNRESOLVED,Unspecified,,,,false,,
C1-TABULATED-SURROGATE,41,48.29170162081721,R1-SIDE,REGION-1,SubcooledLiquid,48.29170162081721,0.011341643642069852,,false,UNRESOLVED,Unspecified,,,,false,,
C1-TABULATED-SURROGATE,41,48.29170162081721,R4-LIQUID-SIDE,REGION-4,SaturatedMixture,48.29170162081721,0.011341530226767585,1E-06,true,REGION-4-MIXTURE-TABLE,SaturatedMixture,48.29169762134552,0.011344078241490366,9.996786774418693E-07,true,-3.9994716871660785E-06,2.548014722781808E-06
C1-TABULATED-SURROGATE,41,48.29170162081721,R4-VAPOR-SIDE,REGION-4,SaturatedMixture,48.29170162081721,0.011341530226767585,0.999999,false,UNRESOLVED,Unspecified,,,,false,,
C1-TABULATED-SURROGATE,41,48.29170162081721,R2-SIDE,REGION-2,SuperheatedVapor,48.29170162081721,0.011341416811465317,,false,UNRESOLVED,Unspecified,,,,false,,
C1-TABULATED-SURROGATE,42,48.32596928700798,R1-SIDE,REGION-1,SubcooledLiquid,48.32596928700798,0.011361179524519564,,false,UNRESOLVED,Unspecified,,,,false,,
C1-TABULATED-SURROGATE,42,48.32596928700798,R4-LIQUID-SIDE,REGION-4,SaturatedMixture,48.32596928700798,0.011361065913860425,1E-06,true,REGION-4-MIXTURE-TABLE,SaturatedMixture,48.325964987277985,0.011363776566747466,9.996579563852383E-07,true,-4.299729994272639E-06,2.7106528870408236E-06
C1-TABULATED-SURROGATE,42,48.32596928700798,R4-VAPOR-SIDE,REGION-4,SaturatedMixture,48.32596928700798,0.011361065913860425,0.999999,false,UNRESOLVED,Unspecified,,,,false,,
C1-TABULATED-SURROGATE,42,48.32596928700798,R2-SIDE,REGION-2,SuperheatedVapor,48.32596928700798,0.011360952303201288,,false,UNRESOLVED,Unspecified,,,,false,,
C1-TABULATED-SURROGATE,43,48.35970218628648,R1-SIDE,REGION-1,SubcooledLiquid,48.35970218628648,0.01138043874756184,,false,UNRESOLVED,Unspecified,,,,false,,
C1-TABULATED-SURROGATE,43,48.35970218628648,R4-LIQUID-SIDE,REGION-4,SaturatedMixture,48.35970218628648,0.011380324944312396,1E-06,true,REGION-4-MIXTURE-TABLE,SaturatedMixture,48.359697699546814,0.011383167550559438,9.996410924562127E-07,true,-4.486739669573581E-06,2.842606247041579E-06
C1-TABULATED-SURROGATE,43,48.35970218628648,R4-VAPOR-SIDE,REGION-4,SaturatedMixture,48.35970218628648,0.011380324944312396,0.999999,false,UNRESOLVED,Unspecified,,,,false,,
C1-TABULATED-SURROGATE,43,48.35970218628648,R2-SIDE,REGION-2,SuperheatedVapor,48.35970218628648,0.011380211141062954,,false,UNRESOLVED,Unspecified,,,,false,,
C1-TABULATED-SURROGATE,44,48.392855721712124,R1-SIDE,REGION-1,SubcooledLiquid,48.392855721712124,0.011399394495865203,,false,UNRESOLVED,Unspecified,,,,false,,
C1-TABULATED-SURROGATE,44,48.392855721712124,R4-LIQUID-SIDE,REGION-4,SaturatedMixture,48.392855721712124,0.011399280503060171,1E-06,true,REGION-4-MIXTURE-TABLE,SaturatedMixture,48.39285105466843,0.011402225495481047,9.996279432402822E-07,true,-4.66704369728177E-06,2.944992420875897E-06
C1-TABULATED-SURROGATE,44,48.392855721712124,R4-VAPOR-SIDE,REGION-4,SaturatedMixture,48.392855721712124,0.011399280503060171,0.999999,false,UNRESOLVED,Unspecified,,,,false,,
C1-TABULATED-SURROGATE,44,48.392855721712124,R2-SIDE,REGION-2,SuperheatedVapor,48.392855721712124,0.01139916651025514,,false,UNRESOLVED,Unspecified,,,,false,,
C1-TABULATED-SURROGATE,45,48.42539348453289,R1-SIDE,REGION-1,SubcooledLiquid,48.42539348453289,0.011418024520255126,,false,UNRESOLVED,Unspecified,,,,false,,
C1-TABULATED-SURROGATE,45,48.42539348453289,R4-LIQUID-SIDE,REGION-4,SaturatedMixture,48.42539348453289,0.011417910341151714,1E-06,true,REGION-4-MIXTURE-TABLE,SaturatedMixture,48.42538869380951,0.01142092950092349,9.996183499159256E-07,true,-4.79072338066544E-06,3.019159771775609E-06
C1-TABULATED-SURROGATE,45,48.42539348453289,R4-VAPOR-SIDE,REGION-4,SaturatedMixture,48.42539348453289,0.011417910341151714,0.999999,false,UNRESOLVED,Unspecified,,,,false,,
C1-TABULATED-SURROGATE,45,48.42539348453289,R2-SIDE,REGION-2,SuperheatedVapor,48.42539348453289,0.011417796162048303,,false,UNRESOLVED,Unspecified,,,,false,,
C1-TABULATED-SURROGATE,46,48.45728705078358,R1-SIDE,REGION-1,SubcooledLiquid,48.45728705078358,0.011436311059579433,,false,UNRESOLVED,Unspecified,,,,false,,
C1-TABULATED-SURROGATE,46,48.45728705078358,R4-LIQUID-SIDE,REGION-4,SaturatedMixture,48.45728705078358,0.011436196697612457,1E-06,true,REGION-4-MIXTURE-TABLE,SaturatedMixture,48.457282185554504,0.011439263223311597,9.99612139502463E-07,true,-4.865229072947841E-06,3.0665256991399548E-06
C1-TABULATED-SURROGATE,46,48.45728705078358,R4-VAPOR-SIDE,REGION-4,SaturatedMixture,48.45728705078358,0.011436196697612457,0.999999,false,UNRESOLVED,Unspecified,,,,false,,
C1-TABULATED-SURROGATE,46,48.45728705078358,R2-SIDE,REGION-2,SuperheatedVapor,48.45728705078358,0.01143608233564548,,false,UNRESOLVED,Unspecified,,,,false,,
C1-TABULATED-SURROGATE,47,48.48851566314704,R1-SIDE,REGION-1,SubcooledLiquid,48.48851566314704,0.011454240694262383,,false,UNRESOLVED,Unspecified,,,,false,,
C1-TABULATED-SURROGATE,47,48.48851566314704,R4-LIQUID-SIDE,REGION-4,SaturatedMixture,48.48851566314704,0.011454126153000852,1E-06,true,REGION-4-MIXTURE-TABLE,SaturatedMixture,48.488510727882385,0.011457214704767509,9.996091296533046E-07,true,-4.935264655614446E-06,3.088551766656719E-06
C1-TABULATED-SURROGATE,47,48.48851566314704,R4-VAPOR-SIDE,REGION-4,SaturatedMixture,48.48851566314704,0.011454126153000852,0.999999,false,UNRESOLVED,Unspecified,,,,false,,
C1-TABULATED-SURROGATE,47,48.48851566314704,R2-SIDE,REGION-2,SuperheatedVapor,48.48851566314704,0.011454011611739322,,false,UNRESOLVED,Unspecified,,,,false,,
C1-TABULATED-SURROGATE,48,48.51906575113537,R1-SIDE,REGION-1,SubcooledLiquid,48.51906575113537,0.011471804103789424,,false,UNRESOLVED,Unspecified,,,,false,,
C1-TABULATED-SURROGATE,48,48.51906575113537,R4-LIQUID-SIDE,REGION-4,SaturatedMixture,48.51906575113537,0.011471689386895554,1E-06,true,REGION-4-MIXTURE-TABLE,SaturatedMixture,48.51906085014343,0.011474776201794393,9.996091350468904E-07,true,-4.900991939393862E-06,3.0868148988387467E-06
C1-TABULATED-SURROGATE,48,48.51906575113537,R4-VAPOR-SIDE,REGION-4,SaturatedMixture,48.51906575113537,0.011471689386895554,0.999999,false,UNRESOLVED,Unspecified,,,,false,,
C1-TABULATED-SURROGATE,48,48.51906575113537,R2-SIDE,REGION-2,SuperheatedVapor,48.51906575113537,0.011471574670001686,,false,UNRESOLVED,Unspecified,,,,false,,
C1-TABULATED-SURROGATE,49,48.548930336534966,R1-SIDE,REGION-1,SubcooledLiquid,48.548930336534966,0.01148899575427806,,false,UNRESOLVED,Unspecified,,,,false,,
C1-TABULATED-SURROGATE,49,48.548930336534966,R4-LIQUID-SIDE,REGION-4,SaturatedMixture,48.548930336534966,0.011488880865469404,1E-06,true,REGION-4-MIXTURE-TABLE,SaturatedMixture,48.54892545938492,0.011491943637064272,9.996119667403838E-07,true,-4.877150047377654E-06,3.0627715948677164E-06
C1-TABULATED-SURROGATE,49,48.548930336534966,R4-VAPOR-SIDE,REGION-4,SaturatedMixture,48.548930336534966,0.011488880865469404,0.999999,false,UNRESOLVED,Unspecified,,,,false,,
C1-TABULATED-SURROGATE,49,48.548930336534966,R2-SIDE,REGION-2,SuperheatedVapor,48.548930336534966,0.01148876597666075,,false,UNRESOLVED,Unspecified,,,,false,,
C1-TABULATED-SURROGATE,50,48.578108470141956,R1-SIDE,REGION-1,SubcooledLiquid,48.578108470141956,0.011505813599834694,,false,UNRESOLVED,Unspecified,,,,false,,
C1-TABULATED-SURROGATE,50,48.578108470141956,R4-LIQUID-SIDE,REGION-4,SaturatedMixture,48.578108470141956,0.011505698542849266,1E-06,true,REGION-4-MIXTURE-TABLE,SaturatedMixture,48.57810366153717,0.01150871649662824,9.996174400304626E-07,true,-4.808604785466741E-06,3.0179537789751937E-06
C1-TABULATED-SURROGATE,50,48.578108470141956,R4-VAPOR-SIDE,REGION-4,SaturatedMixture,48.578108470141956,0.011505698542849266,0.999999,false,UNRESOLVED,Unspecified,,,,false,,
C1-TABULATED-SURROGATE,50,48.578108470141956,R2-SIDE,REGION-2,SuperheatedVapor,48.578108470141956,0.011505583485863837,,false,UNRESOLVED,Unspecified,,,,false,,
C1-TABULATED-SURROGATE,51,48.60660451203586,R1-SIDE,REGION-1,SubcooledLiquid,48.60660451203586,0.011522258689582668,,false,UNRESOLVED,Unspecified,,,,false,,
C1-TABULATED-SURROGATE,51,48.60660451203586,R4-LIQUID-SIDE,REGION-4,SaturatedMixture,48.60660451203586,0.011522143468147986,1E-06,true,REGION-4-MIXTURE-TABLE,SaturatedMixture,48.60659980773926,0.0115250972817043,9.996253742718225E-07,true,-4.704296600266389E-06,2.9538135563143136E-06
C1-TABULATED-SURROGATE,51,48.60660451203586,R4-VAPOR-SIDE,REGION-4,SaturatedMixture,48.60660451203586,0.011522143468147986,0.999999,false,UNRESOLVED,Unspecified,,,,false,,
C1-TABULATED-SURROGATE,51,48.60660451203586,R2-SIDE,REGION-2,SuperheatedVapor,48.60660451203586,0.011522028246713304,,false,UNRESOLVED,Unspecified,,,,false,,
C1-TABULATED-SURROGATE,52,48.634427432715825,R1-SIDE,REGION-1,SubcooledLiquid,48.634427432715825,0.011538334782297953,,false,UNRESOLVED,Unspecified,,,,false,,
C1-TABULATED-SURROGATE,52,48.634427432715825,R4-LIQUID-SIDE,REGION-4,SaturatedMixture,48.634427432715825,0.01153821940010395,1E-06,true,REGION-4-MIXTURE-TABLE,SaturatedMixture,48.6344228386879,0.011541091131781507,9.996355955132765E-07,true,-4.59402792785113E-06,2.87173167755686E-06
C1-TABULATED-SURROGATE,52,48.634427432715825,R4-VAPOR-SIDE,REGION-4,SaturatedMixture,48.634427432715825,0.01153821940010395,0.999999,false,UNRESOLVED,Unspecified,,,,false,,
C1-TABULATED-SURROGATE,52,48.634427432715825,R2-SIDE,REGION-2,SuperheatedVapor,48.634427432715825,0.01153810401790995,,false,UNRESOLVED,Unspecified,,,,false,,
C1-TABULATED-SURROGATE,53,48.661590208113125,R1-SIDE,REGION-1,SubcooledLiquid,48.661590208113125,0.011554048011264742,,false,UNRESOLVED,Unspecified,,,,false,,
C1-TABULATED-SURROGATE,53,48.661590208113125,R4-LIQUID-SIDE,REGION-4,SaturatedMixture,48.661590208113125,0.011553932471940021,1E-06,true,REGION-4-MIXTURE-TABLE,SaturatedMixture,48.66158580780029,0.011556705550513864,9.996479397095223E-07,true,-4.40031283233111E-06,2.7730785738429298E-06
C1-TABULATED-SURROGATE,53,48.661590208113125,R4-VAPOR-SIDE,REGION-4,SaturatedMixture,48.661590208113125,0.011553932471940021,0.999999,false,UNRESOLVED,Unspecified,,,,false,,
C1-TABULATED-SURROGATE,53,48.661590208113125,R2-SIDE,REGION-2,SuperheatedVapor,48.661590208113125,0.011553816932615302,,false,UNRESOLVED,Unspecified,,,,false,,
C1-TABULATED-SURROGATE,54,48.6881090790032,R1-SIDE,REGION-1,SubcooledLiquid,48.6881090790032,0.011569406467069384,,false,UNRESOLVED,Unspecified,,,,false,,
C1-TABULATED-SURROGATE,54,48.6881090790032,R4-LIQUID-SIDE,REGION-4,SaturatedMixture,48.6881090790032,0.011569290774161642,1E-06,true,REGION-4-MIXTURE-TABLE,SaturatedMixture,48.688104808330536,0.011571949788981663,9.996622497930675E-07,true,-4.270672661732533E-06,2.6590148200205527E-06
C1-TABULATED-SURROGATE,54,48.6881090790032,R4-VAPOR-SIDE,REGION-4,SaturatedMixture,48.6881090790032,0.011569290774161642,0.999999,false,UNRESOLVED,Unspecified,,,,false,,
C1-TABULATED-SURROGATE,54,48.6881090790032,R2-SIDE,REGION-2,SuperheatedVapor,48.6881090790032,0.0115691750812539,,false,UNRESOLVED,Unspecified,,,,false,,
C1-TABULATED-SURROGATE,55,48.71400299817316,R1-SIDE,REGION-1,SubcooledLiquid,48.71400299817316,0.011584419885542555,,false,UNRESOLVED,Unspecified,,,,false,,
C1-TABULATED-SURROGATE,55,48.71400299817316,R4-LIQUID-SIDE,REGION-4,SaturatedMixture,48.71400299817316,0.011584304042502129,1E-06,true,REGION-4-MIXTURE-TABLE,SaturatedMixture,48.713998913764954,0.011586834811428207,9.996783824831875E-07,true,-4.084408203652856E-06,2.5307689260779115E-06
C1-TABULATED-SURROGATE,55,48.71400299817316,R4-VAPOR-SIDE,REGION-4,SaturatedMixture,48.71400299817316,0.011584304042502129,0.999999,false,UNRESOLVED,Unspecified,,,,false,,
C1-TABULATED-SURROGATE,55,48.71400299817316,R2-SIDE,REGION-2,SuperheatedVapor,48.71400299817316,0.011584188199461705,,false,UNRESOLVED,Unspecified,,,,false,,
C1-TABULATED-SURROGATE,56,48.739292983710754,R1-SIDE,REGION-1,SubcooledLiquid,48.739292983710754,0.011599099278397073,,false,UNRESOLVED,Unspecified,,,,false,,
C1-TABULATED-SURROGATE,56,48.739292983710754,R4-LIQUID-SIDE,REGION-4,SaturatedMixture,48.739292983710754,0.011598983288564187,1E-06,true,REGION-4-MIXTURE-TABLE,SaturatedMixture,48.73928916454315,0.011601372712784393,9.996962041651957E-07,true,-3.8191676026144705E-06,2.389424220206049E-06
C1-TABULATED-SURROGATE,56,48.739292983710754,R4-VAPOR-SIDE,REGION-4,SaturatedMixture,48.739292983710754,0.011598983288564187,0.999999,false,UNRESOLVED,Unspecified,,,,false,,
C1-TABULATED-SURROGATE,56,48.739292983710754,R2-SIDE,REGION-2,SuperheatedVapor,48.739292983710754,0.0115988672987313,,false,UNRESOLVED,Unspecified,,,,false,,
C1-TABULATED-SURROGATE,57,48.76400166004896,R1-SIDE,REGION-1,SubcooledLiquid,48.76400166004896,0.011613456670103326,,false,UNRESOLVED,Unspecified,,,,false,,
C1-TABULATED-SURROGATE,57,48.76400166004896,R4-LIQUID-SIDE,REGION-4,SaturatedMixture,48.76400166004896,0.011613340536697958,1E-06,true,REGION-4-MIXTURE-TABLE,SaturatedMixture,48.76399803161621,0.01161557641029936,9.997155900699314E-07,true,-3.6284327507019043E-06,2.2358736014010255E-06
C1-TABULATED-SURROGATE,57,48.76400166004896,R4-VAPOR-SIDE,REGION-4,SaturatedMixture,48.76400166004896,0.011613340536697958,0.999999,false,UNRESOLVED,Unspecified,,,,false,,
C1-TABULATED-SURROGATE,57,48.76400166004896,R2-SIDE,REGION-2,SuperheatedVapor,48.76400166004896,0.011613224403292592,,false,UNRESOLVED,Unspecified,,,,false,,
C1-TABULATED-SURROGATE,58,48.78828783631326,R1-SIDE,REGION-1,SubcooledLiquid,48.78828783631326,0.011627583421833875,,false,UNRESOLVED,Unspecified,,,,false,,
C1-TABULATED-SURROGATE,58,48.78828783631326,R4-LIQUID-SIDE,REGION-4,SaturatedMixture,48.78828783631326,0.011627467147162403,1E-06,true,REGION-4-MIXTURE-TABLE,SaturatedMixture,48.78828454017639,0.01162953731835166,9.997365526233036E-07,true,-3.2961368674477853E-06,2.070171189257064E-06
C1-TABULATED-SURROGATE,58,48.78828783631326,R4-VAPOR-SIDE,REGION-4,SaturatedMixture,48.78828783631326,0.011627467147162403,0.999999,false,UNRESOLVED,Unspecified,,,,false,,
C1-TABULATED-SURROGATE,58,48.78828783631326,R2-SIDE,REGION-2,SuperheatedVapor,48.78828783631326,0.011627350872490932,,false,UNRESOLVED,Unspecified,,,,false,,
C1-TABULATED-SURROGATE,59,48.81413910388949,R1-SIDE,REGION-1,SubcooledLiquid,48.81413910388949,0.011642636755446802,,false,UNRESOLVED,Unspecified,,,,false,,
C1-TABULATED-SURROGATE,59,48.81413910388949,R4-LIQUID-SIDE,REGION-4,SaturatedMixture,48.81413910388949,0.0116425203302435,1E-06,true,REGION-4-MIXTURE-TABLE,SaturatedMixture,48.81413608789444,0.011644397876830333,9.997609465380766E-07,true,-3.015995048372133E-06,1.8775465868339086E-06
C1-TABULATED-SURROGATE,59,48.81413910388949,R4-VAPOR-SIDE,REGION-4,SaturatedMixture,48.81413910388949,0.0116425203302435,0.999999,false,UNRESOLVED,Unspecified,,,,false,,
C1-TABULATED-SURROGATE,59,48.81413910388949,R2-SIDE,REGION-2,SuperheatedVapor,48.81413910388949,0.011642403905040198,,false,UNRESOLVED,Unspecified,,,,false,,
C1-TABULATED-SURROGATE,60,100,R1-SIDE,REGION-1,SubcooledLiquid,100,0.10141899210108919,,true,REGION-1-TABLE,SubcooledLiquid,100,0.10141899229060741,,true,0,1.895182205613466E-10
C1-TABULATED-SURROGATE,60,100,R4-LIQUID-SIDE,REGION-4,SaturatedMixture,100,0.10141797792130998,1E-06,true,REGION-4-MIXTURE-TABLE,SaturatedMixture,100,0.10141797792130998,1.0000000000000148E-06,true,0,0
C1-TABULATED-SURROGATE,60,100,R4-VAPOR-SIDE,REGION-4,SaturatedMixture,100,0.10141797792130998,0.999999,true,REGION-4-MIXTURE-TABLE,SaturatedMixture,100,0.10141797792130998,0.999999,true,0,0
C1-TABULATED-SURROGATE,60,100,R2-SIDE,REGION-2,SuperheatedVapor,100,0.10141696374153077,,true,REGION-2-TABLE,SuperheatedVapor,100,0.10141697789596764,,true,0,1.415443687258211E-08
C1-TABULATED-SURROGATE,61,125,R1-SIDE,REGION-1,SubcooledLiquid,125,0.2322265049218953,,true,REGION-1-TABLE,SubcooledLiquid,125,0.23222650631782996,,true,0,1.3959346456537958E-09
C1-TABULATED-SURROGATE,61,125,R4-LIQUID-SIDE,REGION-4,SaturatedMixture,125,0.2322241826800685,1E-06,true,REGION-4-MIXTURE-TABLE,SaturatedMixture,125,0.2322241826800685,1.0000000000000893E-06,true,0,0
C1-TABULATED-SURROGATE,61,125,R4-VAPOR-SIDE,REGION-4,SaturatedMixture,125,0.2322241826800685,0.999999,true,REGION-4-MIXTURE-TABLE,SaturatedMixture,125,0.2322241826800685,0.9999989999999999,true,0,0
C1-TABULATED-SURROGATE,61,125,R2-SIDE,REGION-2,SuperheatedVapor,125,0.23222186043824172,,false,UNRESOLVED,Unspecified,,,,false,,
C1-TABULATED-SURROGATE,62,150,R1-SIDE,REGION-1,SubcooledLiquid,150,0.4761061420953029,,true,REGION-1-TABLE,SubcooledLiquid,150,0.4761061424051904,,true,0,3.0988750454596925E-10
C1-TABULATED-SURROGATE,62,150,R4-LIQUID-SIDE,REGION-4,SaturatedMixture,150,0.476101381081492,1E-06,true,REGION-4-MIXTURE-TABLE,SaturatedMixture,150,0.476101381081492,9.999999999997312E-07,true,0,0
C1-TABULATED-SURROGATE,62,150,R4-VAPOR-SIDE,REGION-4,SaturatedMixture,150,0.476101381081492,0.999999,true,REGION-4-MIXTURE-TABLE,SaturatedMixture,150,0.476101381081492,0.999999,true,0,0
C1-TABULATED-SURROGATE,62,150,R2-SIDE,REGION-2,SuperheatedVapor,150,0.4760966200676812,,true,REGION-2-TABLE,SuperheatedVapor,150.00013091720837,0.47609962877744444,,true,0.0001309172083665544,3.0087097632192084E-06
C1-TABULATED-SURROGATE,63,175,R1-SIDE,REGION-1,SubcooledLiquid,175,0.8924564021491245,,true,REGION-1-TABLE,SubcooledLiquid,175,0.8924564053814479,,true,0,3.2323234089304265E-09
C1-TABULATED-SURROGATE,63,175,R4-LIQUID-SIDE,REGION-4,SaturatedMixture,175,0.8924474776743476,1E-06,true,REGION-4-MIXTURE-TABLE,SaturatedMixture,175,0.8924474776743476,9.999999999995182E-07,true,0,0
C1-TABULATED-SURROGATE,63,175,R4-VAPOR-SIDE,REGION-4,SaturatedMixture,175,0.8924474776743476,0.999999,true,REGION-4-MIXTURE-TABLE,SaturatedMixture,175,0.8924474776743476,0.999999,true,0,0
C1-TABULATED-SURROGATE,63,175,R2-SIDE,REGION-2,SuperheatedVapor,175,0.8924385531995709,,false,UNRESOLVED,Unspecified,,,,false,,
C1-TABULATED-SURROGATE,64,200,R1-SIDE,REGION-1,SubcooledLiquid,200,1.5546874149885082,,true,REGION-1-TABLE,SubcooledLiquid,200,1.5546874444632148,,true,0,2.9474706675358675E-08
C1-TABULATED-SURROGATE,64,200,R4-LIQUID-SIDE,REGION-4,SaturatedMixture,200,1.5546718682698253,1E-06,true,REGION-4-MIXTURE-TABLE,SaturatedMixture,200,1.5546718682698253,1.0000000000006477E-06,true,0,0
C1-TABULATED-SURROGATE,64,200,R4-VAPOR-SIDE,REGION-4,SaturatedMixture,200,1.5546718682698253,0.999999,true,REGION-4-MIXTURE-TABLE,SaturatedMixture,200,1.5546718682698253,0.999999,true,0,0
C1-TABULATED-SURROGATE,64,200,R2-SIDE,REGION-2,SuperheatedVapor,200,1.5546563215511426,,true,REGION-2-TABLE,SuperheatedVapor,200.00028918010463,1.5546663676245194,,true,0.0002891801046303044,1.004607337673491E-05
C1-TABULATED-SURROGATE,65,225,R1-SIDE,REGION-1,SubcooledLiquid,225,2.5494504436050214,,true,REGION-1-TABLE,SubcooledLiquid,225,2.5494507871183343,,true,0,3.435133129059409E-07
C1-TABULATED-SURROGATE,65,225,R4-LIQUID-SIDE,REGION-4,SaturatedMixture,225,2.5494249493555277,1E-06,true,REGION-4-MIXTURE-TABLE,SaturatedMixture,225,2.5494249493555277,1.0000000000001783E-06,true,0,0
C1-TABULATED-SURROGATE,65,225,R4-VAPOR-SIDE,REGION-4,SaturatedMixture,225,2.5494249493555277,0.999999,true,REGION-4-MIXTURE-TABLE,SaturatedMixture,225,2.5494249493555277,0.999999,true,0,0
C1-TABULATED-SURROGATE,65,225,R2-SIDE,REGION-2,SuperheatedVapor,225,2.5493994551060344,,false,UNRESOLVED,Unspecified,,,,false,,
C1-TABULATED-SURROGATE,66,250,R1-SIDE,REGION-1,SubcooledLiquid,250,3.975978830226036,,true,REGION-1-TABLE,SubcooledLiquid,250,3.975979133616954,,true,0,3.0339091816600217E-07
C1-TABULATED-SURROGATE,66,250,R4-LIQUID-SIDE,REGION-4,SaturatedMixture,250,3.9759390708353273,1E-06,true,REGION-4-MIXTURE-TABLE,SaturatedMixture,250,3.9759390708353273,9.999999999987154E-07,true,0,0
C1-TABULATED-SURROGATE,66,250,R4-VAPOR-SIDE,REGION-4,SaturatedMixture,250,3.9759390708353273,0.999999,true,REGION-4-MIXTURE-TABLE,SaturatedMixture,250,3.9759390708353273,0.999999,true,0,0
C1-TABULATED-SURROGATE,66,250,R2-SIDE,REGION-2,SuperheatedVapor,250,3.975899311444619,,true,REGION-2-TABLE,SuperheatedVapor,250.00147090663268,3.9759802804186393,,true,0.0014709066326759057,8.096897402021241E-05
C1-TABULATED-SURROGATE,67,267.45358095765107,R1-SIDE,REGION-1,SubcooledLiquid,267.45358095765107,5.287010126605532,,false,UNRESOLVED,Unspecified,,,,false,,
C1-TABULATED-SURROGATE,67,267.45358095765107,R4-LIQUID-SIDE,REGION-4,SaturatedMixture,267.45358095765107,5.286957257032961,1E-06,false,UNRESOLVED,Unspecified,,,,false,,
C1-TABULATED-SURROGATE,67,267.45358095765107,R4-VAPOR-SIDE,REGION-4,SaturatedMixture,267.45358095765107,5.286957257032961,0.999999,false,UNRESOLVED,Unspecified,,,,false,,
C1-TABULATED-SURROGATE,67,267.45358095765107,R2-SIDE,REGION-2,SuperheatedVapor,267.45358095765107,5.286904387460392,,false,UNRESOLVED,Unspecified,,,,false,,
C1-TABULATED-SURROGATE,68,267.50258015990255,R1-SIDE,REGION-1,SubcooledLiquid,267.50258015990255,5.291102216834221,,false,UNRESOLVED,Unspecified,,,,false,,
C1-TABULATED-SURROGATE,68,267.50258015990255,R4-LIQUID-SIDE,REGION-4,SaturatedMixture,267.50258015990255,5.291049306341158,1E-06,false,UNRESOLVED,Unspecified,,,,false,,
C1-TABULATED-SURROGATE,68,267.50258015990255,R4-VAPOR-SIDE,REGION-4,SaturatedMixture,267.50258015990255,5.291049306341158,0.999999,false,UNRESOLVED,Unspecified,,,,false,,
C1-TABULATED-SURROGATE,68,267.50258015990255,R2-SIDE,REGION-2,SuperheatedVapor,267.50258015990255,5.290996395848095,,false,UNRESOLVED,Unspecified,,,,false,,
C1-TABULATED-SURROGATE,69,267.5165805220603,R1-SIDE,REGION-1,SubcooledLiquid,267.5165805220603,5.292271878884386,,false,UNRESOLVED,Unspecified,,,,false,,
C1-TABULATED-SURROGATE,69,267.5165805220603,R4-LIQUID-SIDE,REGION-4,SaturatedMixture,267.5165805220603,5.292218956694819,1E-06,false,UNRESOLVED,Unspecified,,,,false,,
C1-TABULATED-SURROGATE,69,267.5165805220603,R4-VAPOR-SIDE,REGION-4,SaturatedMixture,267.5165805220603,5.292218956694819,0.999999,false,UNRESOLVED,Unspecified,,,,false,,
C1-TABULATED-SURROGATE,69,267.5165805220603,R2-SIDE,REGION-2,SuperheatedVapor,267.5165805220603,5.292166034505252,,false,UNRESOLVED,Unspecified,,,,false,,
C1-TABULATED-SURROGATE,70,267.61186883449557,R1-SIDE,REGION-1,SubcooledLiquid,267.61186883449557,5.300237999304759,,false,UNRESOLVED,Unspecified,,,,false,,
C1-TABULATED-SURROGATE,70,267.61186883449557,R4-LIQUID-SIDE,REGION-4,SaturatedMixture,267.61186883449557,5.300184997454784,1E-06,false,UNRESOLVED,Unspecified,,,,false,,
C1-TABULATED-SURROGATE,70,267.61186883449557,R4-VAPOR-SIDE,REGION-4,SaturatedMixture,267.61186883449557,5.300184997454784,0.999999,false,UNRESOLVED,Unspecified,,,,false,,
C1-TABULATED-SURROGATE,70,267.61186883449557,R2-SIDE,REGION-2,SuperheatedVapor,267.61186883449557,5.30013199560481,,false,UNRESOLVED,Unspecified,,,,false,,
C1-TABULATED-SURROGATE,71,267.7532800316808,R1-SIDE,REGION-1,SubcooledLiquid,267.7532800316808,5.3120768749258245,,false,UNRESOLVED,Unspecified,,,,false,,
C1-TABULATED-SURROGATE,71,267.7532800316808,R4-LIQUID-SIDE,REGION-4,SaturatedMixture,267.7532800316808,5.312023754688277,1E-06,false,UNRESOLVED,Unspecified,,,,false,,
C1-TABULATED-SURROGATE,71,267.7532800316808,R4-VAPOR-SIDE,REGION-4,SaturatedMixture,267.7532800316808,5.312023754688277,0.999999,false,UNRESOLVED,Unspecified,,,,false,,
C1-TABULATED-SURROGATE,71,267.7532800316808,R2-SIDE,REGION-2,SuperheatedVapor,267.7532800316808,5.311970634450731,,false,UNRESOLVED,Unspecified,,,,false,,
C1-TABULATED-SURROGATE,72,267.76519510746004,R1-SIDE,REGION-1,SubcooledLiquid,267.76519510746004,5.313075320775099,,false,UNRESOLVED,Unspecified,,,,false,,
C1-TABULATED-SURROGATE,72,267.76519510746004,R4-LIQUID-SIDE,REGION-4,SaturatedMixture,267.76519510746004,5.313022190553194,1E-06,false,UNRESOLVED,Unspecified,,,,false,,
C1-TABULATED-SURROGATE,72,267.76519510746004,R4-VAPOR-SIDE,REGION-4,SaturatedMixture,267.76519510746004,5.313022190553194,0.999999,false,UNRESOLVED,Unspecified,,,,false,,
C1-TABULATED-SURROGATE,72,267.76519510746004,R2-SIDE,REGION-2,SuperheatedVapor,267.76519510746004,5.312969060331288,,false,UNRESOLVED,Unspecified,,,,false,,
C1-TABULATED-SURROGATE,73,267.7772412359715,R1-SIDE,REGION-1,SubcooledLiquid,267.7772412359715,5.314084894103051,,false,UNRESOLVED,Unspecified,,,,false,,
C1-TABULATED-SURROGATE,73,267.7772412359715,R4-LIQUID-SIDE,REGION-4,SaturatedMixture,267.7772412359715,5.314031753785513,1E-06,false,UNRESOLVED,Unspecified,,,,false,,
C1-TABULATED-SURROGATE,73,267.7772412359715,R4-VAPOR-SIDE,REGION-4,SaturatedMixture,267.7772412359715,5.314031753785513,0.999999,false,UNRESOLVED,Unspecified,,,,false,,
C1-TABULATED-SURROGATE,73,267.7772412359715,R2-SIDE,REGION-2,SuperheatedVapor,267.7772412359715,5.313978613467976,,false,UNRESOLVED,Unspecified,,,,false,,
C1-TABULATED-SURROGATE,74,267.78551645874984,R1-SIDE,REGION-1,SubcooledLiquid,267.78551645874984,5.314778516675194,,false,UNRESOLVED,Unspecified,,,,false,,
C1-TABULATED-SURROGATE,74,267.78551645874984,R4-LIQUID-SIDE,REGION-4,SaturatedMixture,267.78551645874984,5.314725369421499,1E-06,false,UNRESOLVED,Unspecified,,,,false,,
C1-TABULATED-SURROGATE,74,267.78551645874984,R4-VAPOR-SIDE,REGION-4,SaturatedMixture,267.78551645874984,5.314725369421499,0.999999,false,UNRESOLVED,Unspecified,,,,false,,
C1-TABULATED-SURROGATE,74,267.78551645874984,R2-SIDE,REGION-2,SuperheatedVapor,267.78551645874984,5.314672222167805,,false,UNRESOLVED,Unspecified,,,,false,,
C1-TABULATED-SURROGATE,75,267.82730354666717,R1-SIDE,REGION-1,SubcooledLiquid,267.82730354666717,5.3182821331053525,,false,UNRESOLVED,Unspecified,,,,false,,
C1-TABULATED-SURROGATE,75,267.82730354666717,R4-LIQUID-SIDE,REGION-4,SaturatedMixture,267.82730354666717,5.318228950815844,1E-06,false,UNRESOLVED,Unspecified,,,,false,,
C1-TABULATED-SURROGATE,75,267.82730354666717,R4-VAPOR-SIDE,REGION-4,SaturatedMixture,267.82730354666717,5.318228950815844,0.999999,false,UNRESOLVED,Unspecified,,,,false,,
C1-TABULATED-SURROGATE,75,267.82730354666717,R2-SIDE,REGION-2,SuperheatedVapor,267.82730354666717,5.318175768526336,,false,UNRESOLVED,Unspecified,,,,false,,
C1-TABULATED-SURROGATE,76,267.90293265581147,R1-SIDE,REGION-1,SubcooledLiquid,267.90293265581147,5.324627700384163,,false,UNRESOLVED,Unspecified,,,,false,,
C1-TABULATED-SURROGATE,76,267.90293265581147,R4-LIQUID-SIDE,REGION-4,SaturatedMixture,267.90293265581147,5.324574454639616,1E-06,false,UNRESOLVED,Unspecified,,,,false,,
C1-TABULATED-SURROGATE,76,267.90293265581147,R4-VAPOR-SIDE,REGION-4,SaturatedMixture,267.90293265581147,5.324574454639616,0.999999,false,UNRESOLVED,Unspecified,,,,false,,
C1-TABULATED-SURROGATE,76,267.90293265581147,R2-SIDE,REGION-2,SuperheatedVapor,267.90293265581147,5.32452120889507,,false,UNRESOLVED,Unspecified,,,,false,,
C1-TABULATED-SURROGATE,77,267.9171129286291,R1-SIDE,REGION-1,SubcooledLiquid,267.9171129286291,5.325818122064067,,false,UNRESOLVED,Unspecified,,,,false,,
C1-TABULATED-SURROGATE,77,267.9171129286291,R4-LIQUID-SIDE,REGION-4,SaturatedMixture,267.9171129286291,5.325764864415422,1E-06,false,UNRESOLVED,Unspecified,,,,false,,
C1-TABULATED-SURROGATE,77,267.9171129286291,R4-VAPOR-SIDE,REGION-4,SaturatedMixture,267.9171129286291,5.325764864415422,0.999999,false,UNRESOLVED,Unspecified,,,,false,,
C1-TABULATED-SURROGATE,77,267.9171129286291,R2-SIDE,REGION-2,SuperheatedVapor,267.9171129286291,5.325711606766778,,false,UNRESOLVED,Unspecified,,,,false,,
C1-TABULATED-SURROGATE,78,267.93677989244463,R1-SIDE,REGION-1,SubcooledLiquid,267.93677989244463,5.327469483105355,,false,UNRESOLVED,Unspecified,,,,false,,
C1-TABULATED-SURROGATE,78,267.93677989244463,R4-LIQUID-SIDE,REGION-4,SaturatedMixture,267.93677989244463,5.327416208943265,1E-06,false,UNRESOLVED,Unspecified,,,,false,,
C1-TABULATED-SURROGATE,78,267.93677989244463,R4-VAPOR-SIDE,REGION-4,SaturatedMixture,267.93677989244463,5.327416208943265,0.999999,false,UNRESOLVED,Unspecified,,,,false,,
C1-TABULATED-SURROGATE,78,267.93677989244463,R2-SIDE,REGION-2,SuperheatedVapor,267.93677989244463,5.327362934781176,,false,UNRESOLVED,Unspecified,,,,false,,
C1-TABULATED-SURROGATE,79,268.0753684282305,R1-SIDE,REGION-1,SubcooledLiquid,268.0753684282305,5.339117329894413,,false,UNRESOLVED,Unspecified,,,,false,,
C1-TABULATED-SURROGATE,79,268.0753684282305,R4-LIQUID-SIDE,REGION-4,SaturatedMixture,268.0753684282305,5.33906393925502,1E-06,false,UNRESOLVED,Unspecified,,,,false,,
C1-TABULATED-SURROGATE,79,268.0753684282305,R4-VAPOR-SIDE,REGION-4,SaturatedMixture,268.0753684282305,5.33906393925502,0.999999,false,UNRESOLVED,Unspecified,,,,false,,
C1-TABULATED-SURROGATE,79,268.0753684282305,R2-SIDE,REGION-2,SuperheatedVapor,268.0753684282305,5.339010548615628,,false,UNRESOLVED,Unspecified,,,,false,,
C1-TABULATED-SURROGATE,80,268.08787213563915,R1-SIDE,REGION-1,SubcooledLiquid,268.08787213563915,5.340169175189013,,false,UNRESOLVED,Unspecified,,,,false,,
C1-TABULATED-SURROGATE,80,268.08787213563915,R4-LIQUID-SIDE,REGION-4,SaturatedMixture,268.08787213563915,5.340115774031272,1E-06,false,UNRESOLVED,Unspecified,,,,false,,
C1-TABULATED-SURROGATE,80,268.08787213563915,R4-VAPOR-SIDE,REGION-4,SaturatedMixture,268.08787213563915,5.340115774031272,0.999999,false,UNRESOLVED,Unspecified,,,,false,,
C1-TABULATED-SURROGATE,80,268.08787213563915,R2-SIDE,REGION-2,SuperheatedVapor,268.08787213563915,5.340062372873532,,false,UNRESOLVED,Unspecified,,,,false,,
C1-TABULATED-SURROGATE,81,268.18782694339745,R1-SIDE,REGION-1,SubcooledLiquid,268.18782694339745,5.348583330379774,,false,UNRESOLVED,Unspecified,,,,false,,
C1-TABULATED-SURROGATE,81,268.18782694339745,R4-LIQUID-SIDE,REGION-4,SaturatedMixture,268.18782694339745,5.348529845081322,1E-06,false,UNRESOLVED,Unspecified,,,,false,,
C1-TABULATED-SURROGATE,81,268.18782694339745,R4-VAPOR-SIDE,REGION-4,SaturatedMixture,268.18782694339745,5.348529845081322,0.999999,false,UNRESOLVED,Unspecified,,,,false,,
C1-TABULATED-SURROGATE,81,268.18782694339745,R2-SIDE,REGION-2,SuperheatedVapor,268.18782694339745,5.348476359782872,,false,UNRESOLVED,Unspecified,,,,false,,
C1-TABULATED-SURROGATE,82,268.22862460613226,R1-SIDE,REGION-1,SubcooledLiquid,268.22862460613226,5.352020568828329,,false,UNRESOLVED,Unspecified,,,,false,,
C1-TABULATED-SURROGATE,82,268.22862460613226,R4-LIQUID-SIDE,REGION-4,SaturatedMixture,268.22862460613226,5.351967049157837,1E-06,false,UNRESOLVED,Unspecified,,,,false,,
C1-TABULATED-SURROGATE,82,268.22862460613226,R4-VAPOR-SIDE,REGION-4,SaturatedMixture,268.22862460613226,5.351967049157837,0.999999,false,UNRESOLVED,Unspecified,,,,false,,
C1-TABULATED-SURROGATE,82,268.22862460613226,R2-SIDE,REGION-2,SuperheatedVapor,268.22862460613226,5.351913529487346,,false,UNRESOLVED,Unspecified,,,,false,,
C1-TABULATED-SURROGATE,83,268.258955323696,R1-SIDE,REGION-1,SubcooledLiquid,268.258955323696,5.354577051008335,,false,UNRESOLVED,Unspecified,,,,false,,
C1-TABULATED-SURROGATE,83,268.258955323696,R4-LIQUID-SIDE,REGION-4,SaturatedMixture,268.258955323696,5.354523505773277,1E-06,false,UNRESOLVED,Unspecified,,,,false,,
C1-TABULATED-SURROGATE,83,268.258955323696,R4-VAPOR-SIDE,REGION-4,SaturatedMixture,268.258955323696,5.354523505773277,0.999999,false,UNRESOLVED,Unspecified,,,,false,,
C1-TABULATED-SURROGATE,83,268.258955323696,R2-SIDE,REGION-2,SuperheatedVapor,268.258955323696,5.3544699605382196,,false,UNRESOLVED,Unspecified,,,,false,,
C1-TABULATED-SURROGATE,84,268.32134410142896,R1-SIDE,REGION-1,SubcooledLiquid,268.32134410142896,5.359838539328691,,false,UNRESOLVED,Unspecified,,,,false,,
C1-TABULATED-SURROGATE,84,268.32134410142896,R4-LIQUID-SIDE,REGION-4,SaturatedMixture,268.32134410142896,5.359784941479276,1E-06,false,UNRESOLVED,Unspecified,,,,false,,
C1-TABULATED-SURROGATE,84,268.32134410142896,R4-VAPOR-SIDE,REGION-4,SaturatedMixture,268.32134410142896,5.359784941479276,0.999999,false,UNRESOLVED,Unspecified,,,,false,,
C1-TABULATED-SURROGATE,84,268.32134410142896,R2-SIDE,REGION-2,SuperheatedVapor,268.32134410142896,5.3597313436298615,,false,UNRESOLVED,Unspecified,,,,false,,
C1-TABULATED-SURROGATE,85,268.3765215992928,R1-SIDE,REGION-1,SubcooledLiquid,268.3765215992928,5.364495161255378,,false,UNRESOLVED,Unspecified,,,,false,,
C1-TABULATED-SURROGATE,85,268.3765215992928,R4-LIQUID-SIDE,REGION-4,SaturatedMixture,268.3765215992928,5.364441516840209,1E-06,false,UNRESOLVED,Unspecified,,,,false,,
C1-TABULATED-SURROGATE,85,268.3765215992928,R4-VAPOR-SIDE,REGION-4,SaturatedMixture,268.3765215992928,5.364441516840209,0.999999,false,UNRESOLVED,Unspecified,,,,false,,
C1-TABULATED-SURROGATE,85,268.3765215992928,R2-SIDE,REGION-2,SuperheatedVapor,268.3765215992928,5.364387872425041,,false,UNRESOLVED,Unspecified,,,,false,,
C1-TABULATED-SURROGATE,86,268.3879977881908,R1-SIDE,REGION-1,SubcooledLiquid,268.3879977881908,5.365464064907552,,false,UNRESOLVED,Unspecified,,,,false,,
C1-TABULATED-SURROGATE,86,268.3879977881908,R4-LIQUID-SIDE,REGION-4,SaturatedMixture,268.3879977881908,5.3654104108034435,1E-06,false,UNRESOLVED,Unspecified,,,,false,,
C1-TABULATED-SURROGATE,86,268.3879977881908,R4-VAPOR-SIDE,REGION-4,SaturatedMixture,268.3879977881908,5.3654104108034435,0.999999,false,UNRESOLVED,Unspecified,,,,false,,
C1-TABULATED-SURROGATE,86,268.3879977881908,R2-SIDE,REGION-2,SuperheatedVapor,268.3879977881908,5.365356756699335,,false,UNRESOLVED,Unspecified,,,,false,,
C1-TABULATED-SURROGATE,87,268.4279694974422,R1-SIDE,REGION-1,SubcooledLiquid,268.4279694974422,5.368839811720812,,false,UNRESOLVED,Unspecified,,,,false,,
C1-TABULATED-SURROGATE,87,268.4279694974422,R4-LIQUID-SIDE,REGION-4,SaturatedMixture,268.4279694974422,5.368786123859572,1E-06,false,UNRESOLVED,Unspecified,,,,false,,
C1-TABULATED-SURROGATE,87,268.4279694974422,R4-VAPOR-SIDE,REGION-4,SaturatedMixture,268.4279694974422,5.368786123859572,0.999999,false,UNRESOLVED,Unspecified,,,,false,,
C1-TABULATED-SURROGATE,87,268.4279694974422,R2-SIDE,REGION-2,SuperheatedVapor,268.4279694974422,5.368732435998334,,false,UNRESOLVED,Unspecified,,,,false,,
C1-TABULATED-SURROGATE,88,268.4353395342828,R1-SIDE,REGION-1,SubcooledLiquid,268.4353395342828,5.369462413441171,,false,UNRESOLVED,Unspecified,,,,false,,
C1-TABULATED-SURROGATE,88,268.4353395342828,R4-LIQUID-SIDE,REGION-4,SaturatedMixture,268.4353395342828,5.369408719353976,1E-06,false,UNRESOLVED,Unspecified,,,,false,,
C1-TABULATED-SURROGATE,88,268.4353395342828,R4-VAPOR-SIDE,REGION-4,SaturatedMixture,268.4353395342828,5.369408719353976,0.999999,false,UNRESOLVED,Unspecified,,,,false,,
C1-TABULATED-SURROGATE,88,268.4353395342828,R2-SIDE,REGION-2,SuperheatedVapor,268.4353395342828,5.369355025266783,,false,UNRESOLVED,Unspecified,,,,false,,
C1-TABULATED-SURROGATE,89,268.43746053576467,R1-SIDE,REGION-1,SubcooledLiquid,268.43746053576467,5.3696416003964496,,false,UNRESOLVED,Unspecified,,,,false,,
C1-TABULATED-SURROGATE,89,268.43746053576467,R4-LIQUID-SIDE,REGION-4,SaturatedMixture,268.43746053576467,5.369587904517404,1E-06,false,UNRESOLVED,Unspecified,,,,false,,
C1-TABULATED-SURROGATE,89,268.43746053576467,R4-VAPOR-SIDE,REGION-4,SaturatedMixture,268.43746053576467,5.369587904517404,0.999999,false,UNRESOLVED,Unspecified,,,,false,,
C1-TABULATED-SURROGATE,89,268.43746053576467,R2-SIDE,REGION-2,SuperheatedVapor,268.43746053576467,5.369534208638359,,false,UNRESOLVED,Unspecified,,,,false,,
C1-TABULATED-SURROGATE,90,268.495750629902,R1-SIDE,REGION-1,SubcooledLiquid,268.495750629902,5.374567865433893,,false,UNRESOLVED,Unspecified,,,,false,,
C1-TABULATED-SURROGATE,90,268.495750629902,R4-LIQUID-SIDE,REGION-4,SaturatedMixture,268.495750629902,5.37451412029269,1E-06,false,UNRESOLVED,Unspecified,,,,false,,
C1-TABULATED-SURROGATE,90,268.495750629902,R4-VAPOR-SIDE,REGION-4,SaturatedMixture,268.495750629902,5.37451412029269,0.999999,false,UNRESOLVED,Unspecified,,,,false,,
C1-TABULATED-SURROGATE,90,268.495750629902,R2-SIDE,REGION-2,SuperheatedVapor,268.495750629902,5.374460375151488,,false,UNRESOLVED,Unspecified,,,,false,,
C1-TABULATED-SURROGATE,91,268.5486411511898,R1-SIDE,REGION-1,SubcooledLiquid,268.5486411511898,5.379040782541731,,false,UNRESOLVED,Unspecified,,,,false,,
C1-TABULATED-SURROGATE,91,268.5486411511898,R4-LIQUID-SIDE,REGION-4,SaturatedMixture,268.5486411511898,5.378986992671804,1E-06,false,UNRESOLVED,Unspecified,,,,false,,
C1-TABULATED-SURROGATE,91,268.5486411511898,R4-VAPOR-SIDE,REGION-4,SaturatedMixture,268.5486411511898,5.378986992671804,0.999999,false,UNRESOLVED,Unspecified,,,,false,,
C1-TABULATED-SURROGATE,91,268.5486411511898,R2-SIDE,REGION-2,SuperheatedVapor,268.5486411511898,5.3789332028018775,,false,UNRESOLVED,Unspecified,,,,false,,
C1-TABULATED-SURROGATE,92,268.59354792833335,R1-SIDE,REGION-1,SubcooledLiquid,268.59354792833335,5.382840750357621,,false,UNRESOLVED,Unspecified,,,,false,,
C1-TABULATED-SURROGATE,92,268.59354792833335,R4-LIQUID-SIDE,REGION-4,SaturatedMixture,268.59354792833335,5.382786922488396,1E-06,false,UNRESOLVED,Unspecified,,,,false,,
C1-TABULATED-SURROGATE,92,268.59354792833335,R4-VAPOR-SIDE,REGION-4,SaturatedMixture,268.59354792833335,5.382786922488396,0.999999,false,UNRESOLVED,Unspecified,,,,false,,
C1-TABULATED-SURROGATE,92,268.59354792833335,R2-SIDE,REGION-2,SuperheatedVapor,268.59354792833335,5.382733094619171,,false,UNRESOLVED,Unspecified,,,,false,,
C1-TABULATED-SURROGATE,93,268.64694446921374,R1-SIDE,REGION-1,SubcooledLiquid,268.64694446921374,5.387361781069,,false,UNRESOLVED,Unspecified,,,,false,,
C1-TABULATED-SURROGATE,93,268.64694446921374,R4-LIQUID-SIDE,REGION-4,SaturatedMixture,268.64694446921374,5.3873079079899195,1E-06,false,UNRESOLVED,Unspecified,,,,false,,
C1-TABULATED-SURROGATE,93,268.64694446921374,R4-VAPOR-SIDE,REGION-4,SaturatedMixture,268.64694446921374,5.3873079079899195,0.999999,false,UNRESOLVED,Unspecified,,,,false,,
C1-TABULATED-SURROGATE,93,268.64694446921374,R2-SIDE,REGION-2,SuperheatedVapor,268.64694446921374,5.38725403491084,,false,UNRESOLVED,Unspecified,,,,false,,
C1-TABULATED-SURROGATE,94,268.6578054487708,R1-SIDE,REGION-1,SubcooledLiquid,268.6578054487708,5.388281723890629,,false,UNRESOLVED,Unspecified,,,,false,,
C1-TABULATED-SURROGATE,94,268.6578054487708,R4-LIQUID-SIDE,REGION-4,SaturatedMixture,268.6578054487708,5.3882278416122125,1E-06,false,UNRESOLVED,Unspecified,,,,false,,
C1-TABULATED-SURROGATE,94,268.6578054487708,R4-VAPOR-SIDE,REGION-4,SaturatedMixture,268.6578054487708,5.3882278416122125,0.999999,false,UNRESOLVED,Unspecified,,,,false,,
C1-TABULATED-SURROGATE,94,268.6578054487708,R2-SIDE,REGION-2,SuperheatedVapor,268.6578054487708,5.3881739593337965,,false,UNRESOLVED,Unspecified,,,,false,,
C1-TABULATED-SURROGATE,95,268.70778965353986,R1-SIDE,REGION-1,SubcooledLiquid,268.70778965353986,5.392517014602325,,false,UNRESOLVED,Unspecified,,,,false,,
C1-TABULATED-SURROGATE,95,268.70778965353986,R4-LIQUID-SIDE,REGION-4,SaturatedMixture,268.70778965353986,5.392463089971425,1E-06,false,UNRESOLVED,Unspecified,,,,false,,
C1-TABULATED-SURROGATE,95,268.70778965353986,R4-VAPOR-SIDE,REGION-4,SaturatedMixture,268.70778965353986,5.392463089971425,0.999999,false,UNRESOLVED,Unspecified,,,,false,,
C1-TABULATED-SURROGATE,95,268.70778965353986,R2-SIDE,REGION-2,SuperheatedVapor,268.70778965353986,5.392409165340526,,false,UNRESOLVED,Unspecified,,,,false,,
C1-TABULATED-SURROGATE,96,268.75488118529313,R1-SIDE,REGION-1,SubcooledLiquid,268.75488118529313,5.39650952678625,,false,UNRESOLVED,Unspecified,,,,false,,
C1-TABULATED-SURROGATE,96,268.75488118529313,R4-LIQUID-SIDE,REGION-4,SaturatedMixture,268.75488118529313,5.396455562230628,1E-06,false,UNRESOLVED,Unspecified,,,,false,,
C1-TABULATED-SURROGATE,96,268.75488118529313,R4-VAPOR-SIDE,REGION-4,SaturatedMixture,268.75488118529313,5.396455562230628,0.999999,false,UNRESOLVED,Unspecified,,,,false,,
C1-TABULATED-SURROGATE,96,268.75488118529313,R2-SIDE,REGION-2,SuperheatedVapor,268.75488118529313,5.3964015976750055,,false,UNRESOLVED,Unspecified,,,,false,,
C1-TABULATED-SURROGATE,97,268.8133836925032,R1-SIDE,REGION-1,SubcooledLiquid,268.8133836925032,5.401472627137364,,false,UNRESOLVED,Unspecified,,,,false,,
C1-TABULATED-SURROGATE,97,268.8133836925032,R4-LIQUID-SIDE,REGION-4,SaturatedMixture,268.8133836925032,5.401418612951234,1E-06,false,UNRESOLVED,Unspecified,,,,false,,
C1-TABULATED-SURROGATE,97,268.8133836925032,R4-VAPOR-SIDE,REGION-4,SaturatedMixture,268.8133836925032,5.401418612951234,0.999999,false,UNRESOLVED,Unspecified,,,,false,,
C1-TABULATED-SURROGATE,97,268.8133836925032,R2-SIDE,REGION-2,SuperheatedVapor,268.8133836925032,5.401364598765105,,false,UNRESOLVED,Unspecified,,,,false,,
C1-TABULATED-SURROGATE,98,268.8640391409398,R1-SIDE,REGION-1,SubcooledLiquid,268.8640391409398,5.405772831662186,,false,UNRESOLVED,Unspecified,,,,false,,
C1-TABULATED-SURROGATE,98,268.8640391409398,R4-LIQUID-SIDE,REGION-4,SaturatedMixture,268.8640391409398,5.405718774474441,1E-06,false,UNRESOLVED,Unspecified,,,,false,,
C1-TABULATED-SURROGATE,98,268.8640391409398,R4-VAPOR-SIDE,REGION-4,SaturatedMixture,268.8640391409398,5.405718774474441,0.999999,false,UNRESOLVED,Unspecified,,,,false,,
C1-TABULATED-SURROGATE,98,268.8640391409398,R2-SIDE,REGION-2,SuperheatedVapor,268.8640391409398,5.4056647172866965,,false,UNRESOLVED,Unspecified,,,,false,,
C1-TABULATED-SURROGATE,99,268.91260992884634,R1-SIDE,REGION-1,SubcooledLiquid,268.91260992884634,5.409898521191045,,false,UNRESOLVED,Unspecified,,,,false,,
C1-TABULATED-SURROGATE,99,268.91260992884634,R4-LIQUID-SIDE,REGION-4,SaturatedMixture,268.91260992884634,5.409844422746818,1E-06,false,UNRESOLVED,Unspecified,,,,false,,
C1-TABULATED-SURROGATE,99,268.91260992884634,R4-VAPOR-SIDE,REGION-4,SaturatedMixture,268.91260992884634,5.409844422746818,0.999999,false,UNRESOLVED,Unspecified,,,,false,,
C1-TABULATED-SURROGATE,99,268.91260992884634,R2-SIDE,REGION-2,SuperheatedVapor,268.91260992884634,5.40979032430259,,false,UNRESOLVED,Unspecified,,,,false,,
C1-TABULATED-SURROGATE,100,268.9904044747353,R1-SIDE,REGION-1,SubcooledLiquid,268.9904044747353,5.416511537830212,,false,UNRESOLVED,Unspecified,,,,false,,
C1-TABULATED-SURROGATE,100,268.9904044747353,R4-LIQUID-SIDE,REGION-4,SaturatedMixture,268.9904044747353,5.416457373256479,1E-06,true,REGION-4-MIXTURE-TABLE,SaturatedMixture,268.9903950691223,5.416461409916165,9.96830864749349E-07,true,-9.405613013768743E-06,4.0366596856245E-06
C1-TABULATED-SURROGATE,100,268.9904044747353,R4-VAPOR-SIDE,REGION-4,SaturatedMixture,268.9904044747353,5.416457373256479,0.999999,false,UNRESOLVED,Unspecified,,,,false,,
C1-TABULATED-SURROGATE,100,268.9904044747353,R2-SIDE,REGION-2,SuperheatedVapor,268.9904044747353,5.416403208682747,,false,UNRESOLVED,Unspecified,,,,false,,
C1-TABULATED-SURROGATE,101,269.0172909379006,R1-SIDE,REGION-1,SubcooledLiquid,269.0172909379006,5.418798487829589,,false,UNRESOLVED,Unspecified,,,,false,,
C1-TABULATED-SURROGATE,101,269.0172909379006,R4-LIQUID-SIDE,REGION-4,SaturatedMixture,269.0172909379006,5.418744300386585,1E-06,false,UNRESOLVED,Unspecified,,,,false,,
C1-TABULATED-SURROGATE,101,269.0172909379006,R4-VAPOR-SIDE,REGION-4,SaturatedMixture,269.0172909379006,5.418744300386585,0.999999,false,UNRESOLVED,Unspecified,,,,false,,
C1-TABULATED-SURROGATE,101,269.0172909379006,R2-SIDE,REGION-2,SuperheatedVapor,269.0172909379006,5.418690112943581,,false,UNRESOLVED,Unspecified,,,,false,,
C1-TABULATED-SURROGATE,102,269.0666279315948,R1-SIDE,REGION-1,SubcooledLiquid,269.0666279315948,5.4229969872154795,,false,UNRESOLVED,Unspecified,,,,false,,
C1-TABULATED-SURROGATE,102,269.0666279315948,R4-LIQUID-SIDE,REGION-4,SaturatedMixture,269.0666279315948,5.422942757787902,1E-06,false,UNRESOLVED,Unspecified,,,,false,,
C1-TABULATED-SURROGATE,102,269.0666279315948,R4-VAPOR-SIDE,REGION-4,SaturatedMixture,269.0666279315948,5.422942757787902,0.999999,false,UNRESOLVED,Unspecified,,,,false,,
C1-TABULATED-SURROGATE,102,269.0666279315948,R2-SIDE,REGION-2,SuperheatedVapor,269.0666279315948,5.422888528360324,,false,UNRESOLVED,Unspecified,,,,false,,
C1-TABULATED-SURROGATE,103,269.16647517681133,R1-SIDE,REGION-1,SubcooledLiquid,269.16647517681133,5.431501428089641,,false,UNRESOLVED,Unspecified,,,,false,,
C1-TABULATED-SURROGATE,103,269.16647517681133,R4-LIQUID-SIDE,REGION-4,SaturatedMixture,269.16647517681133,5.431447113618504,1E-06,false,UNRESOLVED,Unspecified,,,,false,,
C1-TABULATED-SURROGATE,103,269.16647517681133,R4-VAPOR-SIDE,REGION-4,SaturatedMixture,269.16647517681133,5.431447113618504,0.999999,false,UNRESOLVED,Unspecified,,,,false,,
C1-TABULATED-SURROGATE,103,269.16647517681133,R2-SIDE,REGION-2,SuperheatedVapor,269.16647517681133,5.4313927991473685,,false,UNRESOLVED,Unspecified,,,,false,,
C1-TABULATED-SURROGATE,104,269.1776982307432,R1-SIDE,REGION-1,SubcooledLiquid,269.1776982307432,5.432457982553435,,false,UNRESOLVED,Unspecified,,,,false,,
C1-TABULATED-SURROGATE,104,269.1776982307432,R4-LIQUID-SIDE,REGION-4,SaturatedMixture,269.1776982307432,5.43240365851685,1E-06,false,UNRESOLVED,Unspecified,,,,false,,
C1-TABULATED-SURROGATE,104,269.1776982307432,R4-VAPOR-SIDE,REGION-4,SaturatedMixture,269.1776982307432,5.43240365851685,0.999999,false,UNRESOLVED,Unspecified,,,,false,,
C1-TABULATED-SURROGATE,104,269.1776982307432,R2-SIDE,REGION-2,SuperheatedVapor,269.1776982307432,5.432349334480265,,false,UNRESOLVED,Unspecified,,,,false,,
C1-TABULATED-SURROGATE,105,269.2148237466812,R1-SIDE,REGION-1,SubcooledLiquid,269.2148237466812,5.435623151754221,,false,UNRESOLVED,Unspecified,,,,false,,
C1-TABULATED-SURROGATE,105,269.2148237466812,R4-LIQUID-SIDE,REGION-4,SaturatedMixture,269.2148237466812,5.43556879606626,1E-06,false,UNRESOLVED,Unspecified,,,,false,,
C1-TABULATED-SURROGATE,105,269.2148237466812,R4-VAPOR-SIDE,REGION-4,SaturatedMixture,269.2148237466812,5.43556879606626,0.999999,false,UNRESOLVED,Unspecified,,,,false,,
C1-TABULATED-SURROGATE,105,269.2148237466812,R2-SIDE,REGION-2,SuperheatedVapor,269.2148237466812,5.4355144403783,,false,UNRESOLVED,Unspecified,,,,false,,
C1-TABULATED-SURROGATE,106,269.2245281159875,R1-SIDE,REGION-1,SubcooledLiquid,269.2245281159875,5.436450738569575,,false,UNRESOLVED,Unspecified,,,,false,,
C1-TABULATED-SURROGATE,106,269.2245281159875,R4-LIQUID-SIDE,REGION-4,SaturatedMixture,269.2245281159875,5.436396374605828,1E-06,false,UNRESOLVED,Unspecified,,,,false,,
C1-TABULATED-SURROGATE,106,269.2245281159875,R4-VAPOR-SIDE,REGION-4,SaturatedMixture,269.2245281159875,5.436396374605828,0.999999,false,UNRESOLVED,Unspecified,,,,false,,
C1-TABULATED-SURROGATE,106,269.2245281159875,R2-SIDE,REGION-2,SuperheatedVapor,269.2245281159875,5.436342010642083,,false,UNRESOLVED,Unspecified,,,,false,,
C1-TABULATED-SURROGATE,107,269.286198878288,R1-SIDE,REGION-1,SubcooledLiquid,269.286198878288,5.4417122584454365,,false,UNRESOLVED,Unspecified,,,,false,,
C1-TABULATED-SURROGATE,107,269.286198878288,R4-LIQUID-SIDE,REGION-4,SaturatedMixture,269.286198878288,5.441657841867017,1E-06,false,UNRESOLVED,Unspecified,,,,false,,
C1-TABULATED-SURROGATE,107,269.286198878288,R4-VAPOR-SIDE,REGION-4,SaturatedMixture,269.286198878288,5.441657841867017,0.999999,false,UNRESOLVED,Unspecified,,,,false,,
C1-TABULATED-SURROGATE,107,269.286198878288,R2-SIDE,REGION-2,SuperheatedVapor,269.286198878288,5.441603425288599,,false,UNRESOLVED,Unspecified,,,,false,,
C1-TABULATED-SURROGATE,108,269.3115269780159,R1-SIDE,REGION-1,SubcooledLiquid,269.3115269780159,5.44387428362823,,false,UNRESOLVED,Unspecified,,,,false,,
C1-TABULATED-SURROGATE,108,269.3115269780159,R4-LIQUID-SIDE,REGION-4,SaturatedMixture,269.3115269780159,5.4438198454297755,1E-06,false,UNRESOLVED,Unspecified,,,,false,,
C1-TABULATED-SURROGATE,108,269.3115269780159,R4-VAPOR-SIDE,REGION-4,SaturatedMixture,269.3115269780159,5.4438198454297755,0.999999,false,UNRESOLVED,Unspecified,,,,false,,
C1-TABULATED-SURROGATE,108,269.3115269780159,R2-SIDE,REGION-2,SuperheatedVapor,269.3115269780159,5.4437654072313215,,false,UNRESOLVED,Unspecified,,,,false,,
C1-TABULATED-SURROGATE,109,269.34476251006106,R1-SIDE,REGION-1,SubcooledLiquid,269.34476251006106,5.446712287971356,,false,UNRESOLVED,Unspecified,,,,false,,
C1-TABULATED-SURROGATE,109,269.34476251006106,R4-LIQUID-SIDE,REGION-4,SaturatedMixture,269.34476251006106,5.446657821393141,1E-06,false,UNRESOLVED,Unspecified,,,,false,,
C1-TABULATED-SURROGATE,109,269.34476251006106,R4-VAPOR-SIDE,REGION-4,SaturatedMixture,269.34476251006106,5.446657821393141,0.999999,false,UNRESOLVED,Unspecified,,,,false,,
C1-TABULATED-SURROGATE,109,269.34476251006106,R2-SIDE,REGION-2,SuperheatedVapor,269.34476251006106,5.446603354814927,,false,UNRESOLVED,Unspecified,,,,false,,
C1-TABULATED-SURROGATE,110,269.35565841197956,R1-SIDE,REGION-1,SubcooledLiquid,269.35565841197956,5.44764294217726,,false,UNRESOLVED,Unspecified,,,,false,,
C1-TABULATED-SURROGATE,110,269.35565841197956,R4-LIQUID-SIDE,REGION-4,SaturatedMixture,269.35565841197956,5.447588466292596,1E-06,false,UNRESOLVED,Unspecified,,,,false,,
C1-TABULATED-SURROGATE,110,269.35565841197956,R4-VAPOR-SIDE,REGION-4,SaturatedMixture,269.35565841197956,5.447588466292596,0.999999,false,UNRESOLVED,Unspecified,,,,false,,
C1-TABULATED-SURROGATE,110,269.35565841197956,R2-SIDE,REGION-2,SuperheatedVapor,269.35565841197956,5.447533990407933,,false,UNRESOLVED,Unspecified,,,,false,,
C1-TABULATED-SURROGATE,111,269.35622538924224,R1-SIDE,REGION-1,SubcooledLiquid,269.35622538924224,5.447691372861352,,false,UNRESOLVED,Unspecified,,,,false,,
C1-TABULATED-SURROGATE,111,269.35622538924224,R4-LIQUID-SIDE,REGION-4,SaturatedMixture,269.35622538924224,5.447636896492387,1E-06,false,UNRESOLVED,Unspecified,,,,false,,
C1-TABULATED-SURROGATE,111,269.35622538924224,R4-VAPOR-SIDE,REGION-4,SaturatedMixture,269.35622538924224,5.447636896492387,0.999999,false,UNRESOLVED,Unspecified,,,,false,,
C1-TABULATED-SURROGATE,111,269.35622538924224,R2-SIDE,REGION-2,SuperheatedVapor,269.35622538924224,5.447582420123423,,false,UNRESOLVED,Unspecified,,,,false,,
C1-TABULATED-SURROGATE,112,269.3710194945336,R1-SIDE,REGION-1,SubcooledLiquid,269.3710194945336,5.448955188140975,,false,UNRESOLVED,Unspecified,,,,false,,
C1-TABULATED-SURROGATE,112,269.3710194945336,R4-LIQUID-SIDE,REGION-4,SaturatedMixture,269.3710194945336,5.448900699133983,1E-06,false,UNRESOLVED,Unspecified,,,,false,,
C1-TABULATED-SURROGATE,112,269.3710194945336,R4-VAPOR-SIDE,REGION-4,SaturatedMixture,269.3710194945336,5.448900699133983,0.999999,false,UNRESOLVED,Unspecified,,,,false,,
C1-TABULATED-SURROGATE,112,269.3710194945336,R2-SIDE,REGION-2,SuperheatedVapor,269.3710194945336,5.448846210126992,,false,UNRESOLVED,Unspecified,,,,false,,
C1-TABULATED-SURROGATE,113,269.3758408248424,R1-SIDE,REGION-1,SubcooledLiquid,269.3758408248424,5.449367108043551,,false,UNRESOLVED,Unspecified,,,,false,,
C1-TABULATED-SURROGATE,113,269.3758408248424,R4-LIQUID-SIDE,REGION-4,SaturatedMixture,269.3758408248424,5.449312614917401,1E-06,false,UNRESOLVED,Unspecified,,,,false,,
C1-TABULATED-SURROGATE,113,269.3758408248424,R4-VAPOR-SIDE,REGION-4,SaturatedMixture,269.3758408248424,5.449312614917401,0.999999,false,UNRESOLVED,Unspecified,,,,false,,
C1-TABULATED-SURROGATE,113,269.3758408248424,R2-SIDE,REGION-2,SuperheatedVapor,269.3758408248424,5.449258121791252,,false,UNRESOLVED,Unspecified,,,,false,,
C1-TABULATED-SURROGATE,114,269.38479275703435,R1-SIDE,REGION-1,SubcooledLiquid,269.38479275703435,5.450131997156127,,false,UNRESOLVED,Unspecified,,,,false,,
C1-TABULATED-SURROGATE,114,269.38479275703435,R4-LIQUID-SIDE,REGION-4,SaturatedMixture,269.38479275703435,5.450077496381163,1E-06,false,UNRESOLVED,Unspecified,,,,false,,
C1-TABULATED-SURROGATE,114,269.38479275703435,R4-VAPOR-SIDE,REGION-4,SaturatedMixture,269.38479275703435,5.450077496381163,0.999999,false,UNRESOLVED,Unspecified,,,,false,,
C1-TABULATED-SURROGATE,114,269.38479275703435,R2-SIDE,REGION-2,SuperheatedVapor,269.38479275703435,5.4500229956062,,false,UNRESOLVED,Unspecified,,,,false,,
C1-TABULATED-SURROGATE,115,269.40271410346065,R1-SIDE,REGION-1,SubcooledLiquid,269.40271410346065,5.45166351544765,,false,UNRESOLVED,Unspecified,,,,false,,
C1-TABULATED-SURROGATE,115,269.40271410346065,R4-LIQUID-SIDE,REGION-4,SaturatedMixture,269.40271410346065,5.4516089993576555,1E-06,false,UNRESOLVED,Unspecified,,,,false,,
C1-TABULATED-SURROGATE,115,269.40271410346065,R4-VAPOR-SIDE,REGION-4,SaturatedMixture,269.40271410346065,5.4516089993576555,0.999999,false,UNRESOLVED,Unspecified,,,,false,,
C1-TABULATED-SURROGATE,115,269.40271410346065,R2-SIDE,REGION-2,SuperheatedVapor,269.40271410346065,5.451554483267662,,false,UNRESOLVED,Unspecified,,,,false,,
C1-TABULATED-SURROGATE,116,269.4203418850898,R1-SIDE,REGION-1,SubcooledLiquid,269.4203418850898,5.453170266904046,,false,UNRESOLVED,Unspecified,,,,false,,
C1-TABULATED-SURROGATE,116,269.4203418850898,R4-LIQUID-SIDE,REGION-4,SaturatedMixture,269.4203418850898,5.453115735746688,1E-06,false,UNRESOLVED,Unspecified,,,,false,,
C1-TABULATED-SURROGATE,116,269.4203418850898,R4-VAPOR-SIDE,REGION-4,SaturatedMixture,269.4203418850898,5.453115735746688,0.999999,false,UNRESOLVED,Unspecified,,,,false,,
C1-TABULATED-SURROGATE,116,269.4203418850898,R2-SIDE,REGION-2,SuperheatedVapor,269.4203418850898,5.45306120458933,,false,UNRESOLVED,Unspecified,,,,false,,
C1-TABULATED-SURROGATE,117,269.4265326142312,R1-SIDE,REGION-1,SubcooledLiquid,269.4265326142312,5.453699500822253,,false,UNRESOLVED,Unspecified,,,,false,,
C1-TABULATED-SURROGATE,117,269.4265326142312,R4-LIQUID-SIDE,REGION-4,SaturatedMixture,269.4265326142312,5.453644964372609,1E-06,false,UNRESOLVED,Unspecified,,,,false,,
C1-TABULATED-SURROGATE,117,269.4265326142312,R4-VAPOR-SIDE,REGION-4,SaturatedMixture,269.4265326142312,5.453644964372609,0.999999,false,UNRESOLVED,Unspecified,,,,false,,
C1-TABULATED-SURROGATE,117,269.4265326142312,R2-SIDE,REGION-2,SuperheatedVapor,269.4265326142312,5.453590427922966,,false,UNRESOLVED,Unspecified,,,,false,,
C1-TABULATED-SURROGATE,118,269.43838264346107,R1-SIDE,REGION-1,SubcooledLiquid,269.43838264346107,5.454712647159444,,false,UNRESOLVED,Unspecified,,,,false,,
C1-TABULATED-SURROGATE,118,269.43838264346107,R4-LIQUID-SIDE,REGION-4,SaturatedMixture,269.43838264346107,5.454658100578438,1E-06,false,UNRESOLVED,Unspecified,,,,false,,
C1-TABULATED-SURROGATE,118,269.43838264346107,R4-VAPOR-SIDE,REGION-4,SaturatedMixture,269.43838264346107,5.454658100578438,0.999999,false,UNRESOLVED,Unspecified,,,,false,,
C1-TABULATED-SURROGATE,118,269.43838264346107,R2-SIDE,REGION-2,SuperheatedVapor,269.43838264346107,5.4546035539974325,,false,UNRESOLVED,Unspecified,,,,false,,
C1-TABULATED-SURROGATE,119,269.45672143101694,R1-SIDE,REGION-1,SubcooledLiquid,269.45672143101694,5.4562808485603576,,false,UNRESOLVED,Unspecified,,,,false,,
C1-TABULATED-SURROGATE,119,269.45672143101694,R4-LIQUID-SIDE,REGION-4,SaturatedMixture,269.45672143101694,5.456226286297494,1E-06,false,UNRESOLVED,Unspecified,,,,false,,
C1-TABULATED-SURROGATE,119,269.45672143101694,R4-VAPOR-SIDE,REGION-4,SaturatedMixture,269.45672143101694,5.456226286297494,0.999999,false,UNRESOLVED,Unspecified,,,,false,,
C1-TABULATED-SURROGATE,119,269.45672143101694,R2-SIDE,REGION-2,SuperheatedVapor,269.45672143101694,5.456171724034632,,false,UNRESOLVED,Unspecified,,,,false,,
C1-TABULATED-SURROGATE,120,269.475270628929,R1-SIDE,REGION-1,SubcooledLiquid,269.475270628929,5.4578673929170325,,false,UNRESOLVED,Unspecified,,,,false,,
C1-TABULATED-SURROGATE,120,269.475270628929,R4-LIQUID-SIDE,REGION-4,SaturatedMixture,269.475270628929,5.457812814788884,1E-06,false,UNRESOLVED,Unspecified,,,,false,,
C1-TABULATED-SURROGATE,120,269.475270628929,R4-VAPOR-SIDE,REGION-4,SaturatedMixture,269.475270628929,5.457812814788884,0.999999,false,UNRESOLVED,Unspecified,,,,false,,
C1-TABULATED-SURROGATE,120,269.475270628929,R2-SIDE,REGION-2,SuperheatedVapor,269.475270628929,5.4577582366607365,,false,UNRESOLVED,Unspecified,,,,false,,
C1-TABULATED-SURROGATE,121,269.4799217283727,R1-SIDE,REGION-1,SubcooledLiquid,269.4799217283727,5.45826526457022,,false,UNRESOLVED,Unspecified,,,,false,,
C1-TABULATED-SURROGATE,121,269.4799217283727,R4-LIQUID-SIDE,REGION-4,SaturatedMixture,269.4799217283727,5.4582106824633945,1E-06,false,UNRESOLVED,Unspecified,,,,false,,
C1-TABULATED-SURROGATE,121,269.4799217283727,R4-VAPOR-SIDE,REGION-4,SaturatedMixture,269.4799217283727,5.4582106824633945,0.999999,false,UNRESOLVED,Unspecified,,,,false,,
C1-TABULATED-SURROGATE,121,269.4799217283727,R2-SIDE,REGION-2,SuperheatedVapor,269.4799217283727,5.45815610035657,,false,UNRESOLVED,Unspecified,,,,false,,
C1-TABULATED-SURROGATE,122,269.4845352351666,R1-SIDE,REGION-1,SubcooledLiquid,269.4845352351666,5.4586599422922175,,false,UNRESOLVED,Unspecified,,,,false,,
C1-TABULATED-SURROGATE,122,269.4845352351666,R4-LIQUID-SIDE,REGION-4,SaturatedMixture,269.4845352351666,5.458605356238655,1E-06,false,UNRESOLVED,Unspecified,,,,false,,
C1-TABULATED-SURROGATE,122,269.4845352351666,R4-VAPOR-SIDE,REGION-4,SaturatedMixture,269.4845352351666,5.458605356238655,0.999999,false,UNRESOLVED,Unspecified,,,,false,,
C1-TABULATED-SURROGATE,122,269.4845352351666,R2-SIDE,REGION-2,SuperheatedVapor,269.4845352351666,5.458550770185092,,false,UNRESOLVED,Unspecified,,,,false,,
C1-TABULATED-SURROGATE,123,269.4921368777751,R1-SIDE,REGION-1,SubcooledLiquid,269.4921368777751,5.459310297522943,,false,UNRESOLVED,Unspecified,,,,false,,
C1-TABULATED-SURROGATE,123,269.4921368777751,R4-LIQUID-SIDE,REGION-4,SaturatedMixture,269.4921368777751,5.4592557049658925,1E-06,false,UNRESOLVED,Unspecified,,,,false,,
C1-TABULATED-SURROGATE,123,269.4921368777751,R4-VAPOR-SIDE,REGION-4,SaturatedMixture,269.4921368777751,5.4592557049658925,0.999999,false,UNRESOLVED,Unspecified,,,,false,,
C1-TABULATED-SURROGATE,123,269.4921368777751,R2-SIDE,REGION-2,SuperheatedVapor,269.4921368777751,5.459201112408843,,false,UNRESOLVED,Unspecified,,,,false,,
C1-TABULATED-SURROGATE,124,269.49399043321625,R1-SIDE,REGION-1,SubcooledLiquid,269.49399043321625,5.4594688866249665,,false,UNRESOLVED,Unspecified,,,,false,,
C1-TABULATED-SURROGATE,124,269.49399043321625,R4-LIQUID-SIDE,REGION-4,SaturatedMixture,269.49399043321625,5.459414292482041,1E-06,false,UNRESOLVED,Unspecified,,,,false,,
C1-TABULATED-SURROGATE,124,269.49399043321625,R4-VAPOR-SIDE,REGION-4,SaturatedMixture,269.49399043321625,5.459414292482041,0.999999,false,UNRESOLVED,Unspecified,,,,false,,
C1-TABULATED-SURROGATE,124,269.49399043321625,R2-SIDE,REGION-2,SuperheatedVapor,269.49399043321625,5.459359698339116,,false,UNRESOLVED,Unspecified,,,,false,,
C1-TABULATED-SURROGATE,125,269.5075922548773,R1-SIDE,REGION-1,SubcooledLiquid,269.5075922548773,5.460632758023951,,false,UNRESOLVED,Unspecified,,,,false,,
C1-TABULATED-SURROGATE,125,269.5075922548773,R4-LIQUID-SIDE,REGION-4,SaturatedMixture,269.5075922548773,5.4605781522424275,1E-06,false,UNRESOLVED,Unspecified,,,,false,,
C1-TABULATED-SURROGATE,125,269.5075922548773,R4-VAPOR-SIDE,REGION-4,SaturatedMixture,269.5075922548773,5.4605781522424275,0.999999,false,UNRESOLVED,Unspecified,,,,false,,
C1-TABULATED-SURROGATE,125,269.5075922548773,R2-SIDE,REGION-2,SuperheatedVapor,269.5075922548773,5.460523546460905,,false,UNRESOLVED,Unspecified,,,,false,,
C1-TABULATED-SURROGATE,126,269.512844836712,R1-SIDE,REGION-1,SubcooledLiquid,269.512844836712,5.461082258066538,,false,UNRESOLVED,Unspecified,,,,false,,
C1-TABULATED-SURROGATE,126,269.512844836712,R4-LIQUID-SIDE,REGION-4,SaturatedMixture,269.512844836712,5.4610276477900594,1E-06,false,UNRESOLVED,Unspecified,,,,false,,
C1-TABULATED-SURROGATE,126,269.512844836712,R4-VAPOR-SIDE,REGION-4,SaturatedMixture,269.512844836712,5.4610276477900594,0.999999,false,UNRESOLVED,Unspecified,,,,false,,
C1-TABULATED-SURROGATE,126,269.512844836712,R2-SIDE,REGION-2,SuperheatedVapor,269.512844836712,5.460973037513582,,false,UNRESOLVED,Unspecified,,,,false,,
C1-TABULATED-SURROGATE,127,269.5298897445201,R1-SIDE,REGION-1,SubcooledLiquid,269.5298897445201,5.462541104242954,,false,UNRESOLVED,Unspecified,,,,false,,
C1-TABULATED-SURROGATE,127,269.5298897445201,R4-LIQUID-SIDE,REGION-4,SaturatedMixture,269.5298897445201,5.46248647937816,1E-06,false,UNRESOLVED,Unspecified,,,,false,,
C1-TABULATED-SURROGATE,127,269.5298897445201,R4-VAPOR-SIDE,REGION-4,SaturatedMixture,269.5298897445201,5.46248647937816,0.999999,false,UNRESOLVED,Unspecified,,,,false,,
C1-TABULATED-SURROGATE,127,269.5298897445201,R2-SIDE,REGION-2,SuperheatedVapor,269.5298897445201,5.462431854513366,,false,UNRESOLVED,Unspecified,,,,false,,
C1-TABULATED-SURROGATE,128,269.53180425763105,R1-SIDE,REGION-1,SubcooledLiquid,269.53180425763105,5.462704982919726,,false,UNRESOLVED,Unspecified,,,,false,,
C1-TABULATED-SURROGATE,128,269.53180425763105,R4-LIQUID-SIDE,REGION-4,SaturatedMixture,269.53180425763105,5.4626503564161615,1E-06,false,UNRESOLVED,Unspecified,,,,false,,
C1-TABULATED-SURROGATE,128,269.53180425763105,R4-VAPOR-SIDE,REGION-4,SaturatedMixture,269.53180425763105,5.4626503564161615,0.999999,false,UNRESOLVED,Unspecified,,,,false,,
C1-TABULATED-SURROGATE,128,269.53180425763105,R2-SIDE,REGION-2,SuperheatedVapor,269.53180425763105,5.462595729912597,,false,UNRESOLVED,Unspecified,,,,false,,
C1-TABULATED-SURROGATE,129,269.53814047574997,R1-SIDE,REGION-1,SubcooledLiquid,269.53814047574997,5.463247377896969,,false,UNRESOLVED,Unspecified,,,,false,,
C1-TABULATED-SURROGATE,129,269.53814047574997,R4-LIQUID-SIDE,REGION-4,SaturatedMixture,269.53814047574997,5.463192745969509,1E-06,false,UNRESOLVED,Unspecified,,,,false,,
C1-TABULATED-SURROGATE,129,269.53814047574997,R4-VAPOR-SIDE,REGION-4,SaturatedMixture,269.53814047574997,5.463192745969509,0.999999,false,UNRESOLVED,Unspecified,,,,false,,
C1-TABULATED-SURROGATE,129,269.53814047574997,R2-SIDE,REGION-2,SuperheatedVapor,269.53814047574997,5.463138114042049,,false,UNRESOLVED,Unspecified,,,,false,,
C1-TABULATED-SURROGATE,130,269.55084462165814,R1-SIDE,REGION-1,SubcooledLiquid,269.55084462165814,5.464335006150141,,false,UNRESOLVED,Unspecified,,,,false,,
C1-TABULATED-SURROGATE,130,269.55084462165814,R4-LIQUID-SIDE,REGION-4,SaturatedMixture,269.55084462165814,5.464280363346507,1E-06,false,UNRESOLVED,Unspecified,,,,false,,
C1-TABULATED-SURROGATE,130,269.55084462165814,R4-VAPOR-SIDE,REGION-4,SaturatedMixture,269.55084462165814,5.464280363346507,0.999999,false,UNRESOLVED,Unspecified,,,,false,,
C1-TABULATED-SURROGATE,130,269.55084462165814,R2-SIDE,REGION-2,SuperheatedVapor,269.55084462165814,5.464225720542874,,false,UNRESOLVED,Unspecified,,,,false,,
C1-TABULATED-SURROGATE,131,269.5699443995951,R1-SIDE,REGION-1,SubcooledLiquid,269.5699443995951,5.46597048883064,,false,UNRESOLVED,Unspecified,,,,false,,
C1-TABULATED-SURROGATE,131,269.5699443995951,R4-LIQUID-SIDE,REGION-4,SaturatedMixture,269.5699443995951,5.465915829672343,1E-06,false,UNRESOLVED,Unspecified,,,,false,,
C1-TABULATED-SURROGATE,131,269.5699443995951,R4-VAPOR-SIDE,REGION-4,SaturatedMixture,269.5699443995951,5.465915829672343,0.999999,false,UNRESOLVED,Unspecified,,,,false,,
C1-TABULATED-SURROGATE,131,269.5699443995951,R2-SIDE,REGION-2,SuperheatedVapor,269.5699443995951,5.465861170514047,,false,UNRESOLVED,Unspecified,,,,false,,
C1-TABULATED-SURROGATE,132,269.5759793758393,R1-SIDE,REGION-1,SubcooledLiquid,269.5759793758393,5.466487331653491,,false,UNRESOLVED,Unspecified,,,,false,,
C1-TABULATED-SURROGATE,132,269.5759793758393,R4-LIQUID-SIDE,REGION-4,SaturatedMixture,269.5759793758393,5.466432667326818,1E-06,false,UNRESOLVED,Unspecified,,,,false,,
C1-TABULATED-SURROGATE,132,269.5759793758393,R4-VAPOR-SIDE,REGION-4,SaturatedMixture,269.5759793758393,5.466432667326818,0.999999,false,UNRESOLVED,Unspecified,,,,false,,
C1-TABULATED-SURROGATE,132,269.5759793758393,R2-SIDE,REGION-2,SuperheatedVapor,269.5759793758393,5.466378003000145,,false,UNRESOLVED,Unspecified,,,,false,,
C1-TABULATED-SURROGATE,133,269.58908331394184,R1-SIDE,REGION-1,SubcooledLiquid,269.58908331394184,5.467609697582076,,false,UNRESOLVED,Unspecified,,,,false,,
C1-TABULATED-SURROGATE,133,269.58908331394184,R4-LIQUID-SIDE,REGION-4,SaturatedMixture,269.58908331394184,5.467555022031855,1E-06,false,UNRESOLVED,Unspecified,,,,false,,
C1-TABULATED-SURROGATE,133,269.58908331394184,R4-VAPOR-SIDE,REGION-4,SaturatedMixture,269.58908331394184,5.467555022031855,0.999999,false,UNRESOLVED,Unspecified,,,,false,,
C1-TABULATED-SURROGATE,133,269.58908331394184,R2-SIDE,REGION-2,SuperheatedVapor,269.58908331394184,5.467500346481636,,false,UNRESOLVED,Unspecified,,,,false,,
C1-TABULATED-SURROGATE,134,269.60824417471883,R1-SIDE,REGION-1,SubcooledLiquid,269.60824417471883,5.469251161973122,,false,UNRESOLVED,Unspecified,,,,false,,
C1-TABULATED-SURROGATE,134,269.60824417471883,R4-LIQUID-SIDE,REGION-4,SaturatedMixture,269.60824417471883,5.469196470008422,1E-06,false,UNRESOLVED,Unspecified,,,,false,,
C1-TABULATED-SURROGATE,134,269.60824417471883,R4-VAPOR-SIDE,REGION-4,SaturatedMixture,269.60824417471883,5.469196470008422,0.999999,false,UNRESOLVED,Unspecified,,,,false,,
C1-TABULATED-SURROGATE,134,269.60824417471883,R2-SIDE,REGION-2,SuperheatedVapor,269.60824417471883,5.4691417780437215,,false,UNRESOLVED,Unspecified,,,,false,,
C1-TABULATED-SURROGATE,135,269.6106666266918,R1-SIDE,REGION-1,SubcooledLiquid,269.6106666266918,5.469458714337857,,false,UNRESOLVED,Unspecified,,,,false,,
C1-TABULATED-SURROGATE,135,269.6106666266918,R4-LIQUID-SIDE,REGION-4,SaturatedMixture,269.6106666266918,5.469404020297653,1E-06,false,UNRESOLVED,Unspecified,,,,false,,
C1-TABULATED-SURROGATE,135,269.6106666266918,R4-VAPOR-SIDE,REGION-4,SaturatedMixture,269.6106666266918,5.469404020297653,0.999999,false,UNRESOLVED,Unspecified,,,,false,,
C1-TABULATED-SURROGATE,135,269.6106666266918,R2-SIDE,REGION-2,SuperheatedVapor,269.6106666266918,5.469349326257451,,false,UNRESOLVED,Unspecified,,,,false,,
C1-TABULATED-SURROGATE,136,269.627409541607,R1-SIDE,REGION-1,SubcooledLiquid,269.627409541607,5.470893388772006,,false,UNRESOLVED,Unspecified,,,,false,,
C1-TABULATED-SURROGATE,136,269.627409541607,R4-LIQUID-SIDE,REGION-4,SaturatedMixture,269.627409541607,5.470838680385202,1E-06,false,UNRESOLVED,Unspecified,,,,false,,
C1-TABULATED-SURROGATE,136,269.627409541607,R4-VAPOR-SIDE,REGION-4,SaturatedMixture,269.627409541607,5.470838680385202,0.999999,false,UNRESOLVED,Unspecified,,,,false,,
C1-TABULATED-SURROGATE,136,269.627409541607,R2-SIDE,REGION-2,SuperheatedVapor,269.627409541607,5.470783971998398,,false,UNRESOLVED,Unspecified,,,,false,,
C1-TABULATED-SURROGATE,137,269.644376009703,R1-SIDE,REGION-1,SubcooledLiquid,269.644376009703,5.472347512237635,,false,UNRESOLVED,Unspecified,,,,false,,
C1-TABULATED-SURROGATE,137,269.644376009703,R4-LIQUID-SIDE,REGION-4,SaturatedMixture,269.644376009703,5.4722927893097415,1E-06,false,UNRESOLVED,Unspecified,,,,false,,
C1-TABULATED-SURROGATE,137,269.644376009703,R4-VAPOR-SIDE,REGION-4,SaturatedMixture,269.644376009703,5.4722927893097415,0.999999,false,UNRESOLVED,Unspecified,,,,false,,
C1-TABULATED-SURROGATE,137,269.644376009703,R2-SIDE,REGION-2,SuperheatedVapor,269.644376009703,5.472238066381848,,false,UNRESOLVED,Unspecified,,,,false,,
C1-TABULATED-SURROGATE,138,269.6465640187264,R1-SIDE,REGION-1,SubcooledLiquid,269.6465640187264,5.472535058619946,,false,UNRESOLVED,Unspecified,,,,false,,
C1-TABULATED-SURROGATE,138,269.6465640187264,R4-LIQUID-SIDE,REGION-4,SaturatedMixture,269.6465640187264,5.472480333816607,1E-06,false,UNRESOLVED,Unspecified,,,,false,,
C1-TABULATED-SURROGATE,138,269.6465640187264,R4-VAPOR-SIDE,REGION-4,SaturatedMixture,269.6465640187264,5.472480333816607,0.999999,false,UNRESOLVED,Unspecified,,,,false,,
C1-TABULATED-SURROGATE,138,269.6465640187264,R2-SIDE,REGION-2,SuperheatedVapor,269.6465640187264,5.4724256090132695,,false,UNRESOLVED,Unspecified,,,,false,,
C1-TABULATED-SURROGATE,139,269.665693461895,R1-SIDE,REGION-1,SubcooledLiquid,269.665693461895,5.474174958265123,,false,UNRESOLVED,Unspecified,,,,false,,
C1-TABULATED-SURROGATE,139,269.665693461895,R4-LIQUID-SIDE,REGION-4,SaturatedMixture,269.665693461895,5.474120217062952,1E-06,false,UNRESOLVED,Unspecified,,,,false,,
C1-TABULATED-SURROGATE,139,269.665693461895,R4-VAPOR-SIDE,REGION-4,SaturatedMixture,269.665693461895,5.474120217062952,0.999999,false,UNRESOLVED,Unspecified,,,,false,,
C1-TABULATED-SURROGATE,139,269.665693461895,R2-SIDE,REGION-2,SuperheatedVapor,269.665693461895,5.474065475860781,,false,UNRESOLVED,Unspecified,,,,false,,
C1-TABULATED-SURROGATE,140,269.67791057229067,R1-SIDE,REGION-1,SubcooledLiquid,269.67791057229067,5.475222484340766,,false,UNRESOLVED,Unspecified,,,,false,,
C1-TABULATED-SURROGATE,140,269.67791057229067,R4-LIQUID-SIDE,REGION-4,SaturatedMixture,269.67791057229067,5.475167732663439,1E-06,false,UNRESOLVED,Unspecified,,,,false,,
C1-TABULATED-SURROGATE,140,269.67791057229067,R4-VAPOR-SIDE,REGION-4,SaturatedMixture,269.67791057229067,5.475167732663439,0.999999,false,UNRESOLVED,Unspecified,,,,false,,
C1-TABULATED-SURROGATE,140,269.67791057229067,R2-SIDE,REGION-2,SuperheatedVapor,269.67791057229067,5.475112980986113,,false,UNRESOLVED,Unspecified,,,,false,,
C1-TABULATED-SURROGATE,141,269.6847838103771,R1-SIDE,REGION-1,SubcooledLiquid,269.6847838103771,5.4758118805031835,,false,UNRESOLVED,Unspecified,,,,false,,
C1-TABULATED-SURROGATE,141,269.6847838103771,R4-LIQUID-SIDE,REGION-4,SaturatedMixture,269.6847838103771,5.475757122931954,1E-06,false,UNRESOLVED,Unspecified,,,,false,,
C1-TABULATED-SURROGATE,141,269.6847838103771,R4-VAPOR-SIDE,REGION-4,SaturatedMixture,269.6847838103771,5.475757122931954,0.999999,false,UNRESOLVED,Unspecified,,,,false,,
C1-TABULATED-SURROGATE,141,269.6847838103771,R2-SIDE,REGION-2,SuperheatedVapor,269.6847838103771,5.475702365360725,,false,UNRESOLVED,Unspecified,,,,false,,
C1-TABULATED-SURROGATE,142,269.69983050823214,R1-SIDE,REGION-1,SubcooledLiquid,269.69983050823214,5.477102338976331,,false,UNRESOLVED,Unspecified,,,,false,,
C1-TABULATED-SURROGATE,142,269.69983050823214,R4-LIQUID-SIDE,REGION-4,SaturatedMixture,269.69983050823214,5.4770475685006454,1E-06,false,UNRESOLVED,Unspecified,,,,false,,
C1-TABULATED-SURROGATE,142,269.69983050823214,R4-VAPOR-SIDE,REGION-4,SaturatedMixture,269.69983050823214,5.4770475685006454,0.999999,false,UNRESOLVED,Unspecified,,,,false,,
C1-TABULATED-SURROGATE,142,269.69983050823214,R2-SIDE,REGION-2,SuperheatedVapor,269.69983050823214,5.476992798024961,,false,UNRESOLVED,Unspecified,,,,false,,
C1-TABULATED-SURROGATE,143,269.7038233816626,R1-SIDE,REGION-1,SubcooledLiquid,269.7038233816626,5.477444821025131,,false,UNRESOLVED,Unspecified,,,,false,,
C1-TABULATED-SURROGATE,143,269.7038233816626,R4-LIQUID-SIDE,REGION-4,SaturatedMixture,269.7038233816626,5.4773900471246595,1E-06,false,UNRESOLVED,Unspecified,,,,false,,
C1-TABULATED-SURROGATE,143,269.7038233816626,R4-VAPOR-SIDE,REGION-4,SaturatedMixture,269.7038233816626,5.4773900471246595,0.999999,false,UNRESOLVED,Unspecified,,,,false,,
C1-TABULATED-SURROGATE,143,269.7038233816626,R2-SIDE,REGION-2,SuperheatedVapor,269.7038233816626,5.477335273224188,,false,UNRESOLVED,Unspecified,,,,false,,
C1-TABULATED-SURROGATE,144,269.7115400552751,R1-SIDE,REGION-1,SubcooledLiquid,269.7115400552751,5.478106752151417,,false,UNRESOLVED,Unspecified,,,,false,,
C1-TABULATED-SURROGATE,144,269.7115400552751,R4-LIQUID-SIDE,REGION-4,SaturatedMixture,269.7115400552751,5.4780519716317,1E-06,false,UNRESOLVED,Unspecified,,,,false,,
C1-TABULATED-SURROGATE,144,269.7115400552751,R4-VAPOR-SIDE,REGION-4,SaturatedMixture,269.7115400552751,5.4780519716317,0.999999,false,UNRESOLVED,Unspecified,,,,false,,
C1-TABULATED-SURROGATE,144,269.7115400552751,R2-SIDE,REGION-2,SuperheatedVapor,269.7115400552751,5.477997191111984,,false,UNRESOLVED,Unspecified,,,,false,,
C1-TABULATED-SURROGATE,145,269.7228007018567,R1-SIDE,REGION-1,SubcooledLiquid,269.7228007018567,5.479072792513621,,false,UNRESOLVED,Unspecified,,,,false,,
C1-TABULATED-SURROGATE,145,269.7228007018567,R4-LIQUID-SIDE,REGION-4,SaturatedMixture,269.7228007018567,5.479018002333597,1E-06,false,UNRESOLVED,Unspecified,,,,false,,
C1-TABULATED-SURROGATE,145,269.7228007018567,R4-VAPOR-SIDE,REGION-4,SaturatedMixture,269.7228007018567,5.479018002333597,0.999999,false,UNRESOLVED,Unspecified,,,,false,,
C1-TABULATED-SURROGATE,145,269.7228007018567,R2-SIDE,REGION-2,SuperheatedVapor,269.7228007018567,5.478963212153574,,false,UNRESOLVED,Unspecified,,,,false,,
C1-TABULATED-SURROGATE,146,269.7417052984239,R1-SIDE,REGION-1,SubcooledLiquid,269.7417052984239,5.480694892698527,,false,UNRESOLVED,Unspecified,,,,false,,
C1-TABULATED-SURROGATE,146,269.7417052984239,R4-LIQUID-SIDE,REGION-4,SaturatedMixture,269.7417052984239,5.480640086297664,1E-06,false,UNRESOLVED,Unspecified,,,,false,,
C1-TABULATED-SURROGATE,146,269.7417052984239,R4-VAPOR-SIDE,REGION-4,SaturatedMixture,269.7417052984239,5.480640086297664,0.999999,false,UNRESOLVED,Unspecified,,,,false,,
C1-TABULATED-SURROGATE,146,269.7417052984239,R2-SIDE,REGION-2,SuperheatedVapor,269.7417052984239,5.480585279896801,,false,UNRESOLVED,Unspecified,,,,false,,
C1-TABULATED-SURROGATE,147,269.74532633423803,R1-SIDE,REGION-1,SubcooledLiquid,269.74532633423803,5.481005635844626,,false,UNRESOLVED,Unspecified,,,,false,,
C1-TABULATED-SURROGATE,147,269.74532633423803,R4-LIQUID-SIDE,REGION-4,SaturatedMixture,269.74532633423803,5.480950826336363,1E-06,false,UNRESOLVED,Unspecified,,,,false,,
C1-TABULATED-SURROGATE,147,269.74532633423803,R4-VAPOR-SIDE,REGION-4,SaturatedMixture,269.74532633423803,5.480950826336363,0.999999,false,UNRESOLVED,Unspecified,,,,false,,
C1-TABULATED-SURROGATE,147,269.74532633423803,R2-SIDE,REGION-2,SuperheatedVapor,269.74532633423803,5.480896016828099,,false,UNRESOLVED,Unspecified,,,,false,,
C1-TABULATED-SURROGATE,148,269.7605286598206,R1-SIDE,REGION-1,SubcooledLiquid,269.7605286598206,5.48231038682962,,false,UNRESOLVED,Unspecified,,,,false,,
C1-TABULATED-SURROGATE,148,269.7605286598206,R4-LIQUID-SIDE,REGION-4,SaturatedMixture,269.7605286598206,5.482255564273977,1E-06,false,UNRESOLVED,Unspecified,,,,false,,
C1-TABULATED-SURROGATE,148,269.7605286598206,R4-VAPOR-SIDE,REGION-4,SaturatedMixture,269.7605286598206,5.482255564273977,0.999999,false,UNRESOLVED,Unspecified,,,,false,,
C1-TABULATED-SURROGATE,148,269.7605286598206,R2-SIDE,REGION-2,SuperheatedVapor,269.7605286598206,5.4822007417183345,,false,UNRESOLVED,Unspecified,,,,false,,
C1-TABULATED-SURROGATE,149,269.77926023006455,R1-SIDE,REGION-1,SubcooledLiquid,269.77926023006455,5.483918363996075,,false,UNRESOLVED,Unspecified,,,,false,,
C1-TABULATED-SURROGATE,149,269.77926023006455,R4-LIQUID-SIDE,REGION-4,SaturatedMixture,269.77926023006455,5.483863525360821,1E-06,false,UNRESOLVED,Unspecified,,,,false,,
C1-TABULATED-SURROGATE,149,269.77926023006455,R4-VAPOR-SIDE,REGION-4,SaturatedMixture,269.77926023006455,5.483863525360821,0.999999,false,UNRESOLVED,Unspecified,,,,false,,
C1-TABULATED-SURROGATE,149,269.77926023006455,R2-SIDE,REGION-2,SuperheatedVapor,269.77926023006455,5.483808686725568,,false,UNRESOLVED,Unspecified,,,,false,,
C1-TABULATED-SURROGATE,150,269.7792617738247,R1-SIDE,REGION-1,SubcooledLiquid,269.7792617738247,5.4839184965321355,,false,UNRESOLVED,Unspecified,,,,false,,
C1-TABULATED-SURROGATE,150,269.7792617738247,R4-LIQUID-SIDE,REGION-4,SaturatedMixture,269.7792617738247,5.483863657895556,1E-06,false,UNRESOLVED,Unspecified,,,,false,,
C1-TABULATED-SURROGATE,150,269.7792617738247,R4-VAPOR-SIDE,REGION-4,SaturatedMixture,269.7792617738247,5.483863657895556,0.999999,false,UNRESOLVED,Unspecified,,,,false,,
C1-TABULATED-SURROGATE,150,269.7792617738247,R2-SIDE,REGION-2,SuperheatedVapor,269.7792617738247,5.483808819258978,,false,UNRESOLVED,Unspecified,,,,false,,
C1-TABULATED-SURROGATE,151,269.7978978395462,R1-SIDE,REGION-1,SubcooledLiquid,269.7978978395462,5.485518632651617,,false,UNRESOLVED,Unspecified,,,,false,,
C1-TABULATED-SURROGATE,151,269.7978978395462,R4-LIQUID-SIDE,REGION-4,SaturatedMixture,269.7978978395462,5.485463778013837,1E-06,false,UNRESOLVED,Unspecified,,,,false,,
C1-TABULATED-SURROGATE,151,269.7978978395462,R4-VAPOR-SIDE,REGION-4,SaturatedMixture,269.7978978395462,5.485463778013837,0.999999,false,UNRESOLVED,Unspecified,,,,false,,
C1-TABULATED-SURROGATE,151,269.7978978395462,R2-SIDE,REGION-2,SuperheatedVapor,269.7978978395462,5.485408923376057,,false,UNRESOLVED,Unspecified,,,,false,,
C1-TABULATED-SURROGATE,152,269.81331082582483,R1-SIDE,REGION-1,SubcooledLiquid,269.81331082582483,5.486842296970016,,false,UNRESOLVED,Unspecified,,,,false,,
C1-TABULATED-SURROGATE,152,269.81331082582483,R4-LIQUID-SIDE,REGION-4,SaturatedMixture,269.81331082582483,5.486787429095725,1E-06,false,UNRESOLVED,Unspecified,,,,false,,
C1-TABULATED-SURROGATE,152,269.81331082582483,R4-VAPOR-SIDE,REGION-4,SaturatedMixture,269.81331082582483,5.486787429095725,0.999999,false,UNRESOLVED,Unspecified,,,,false,,
C1-TABULATED-SURROGATE,152,269.81331082582483,R2-SIDE,REGION-2,SuperheatedVapor,269.81331082582483,5.486732561221434,,false,UNRESOLVED,Unspecified,,,,false,,
C1-TABULATED-SURROGATE,153,269.81642926335314,R1-SIDE,REGION-1,SubcooledLiquid,269.81642926335314,5.487110137449842,,false,UNRESOLVED,Unspecified,,,,false,,
C1-TABULATED-SURROGATE,153,269.81642926335314,R4-LIQUID-SIDE,REGION-4,SaturatedMixture,269.81642926335314,5.487055266897173,1E-06,false,UNRESOLVED,Unspecified,,,,false,,
C1-TABULATED-SURROGATE,153,269.81642926335314,R4-VAPOR-SIDE,REGION-4,SaturatedMixture,269.81642926335314,5.487055266897173,0.999999,false,UNRESOLVED,Unspecified,,,,false,,
C1-TABULATED-SURROGATE,153,269.81642926335314,R2-SIDE,REGION-2,SuperheatedVapor,269.81642926335314,5.487000396344504,,false,UNRESOLVED,Unspecified,,,,false,,
C1-TABULATED-SURROGATE,154,269.8348390221596,R1-SIDE,REGION-1,SubcooledLiquid,269.8348390221596,5.488691542558491,,false,UNRESOLVED,Unspecified,,,,false,,
C1-TABULATED-SURROGATE,154,269.8348390221596,R4-LIQUID-SIDE,REGION-4,SaturatedMixture,269.8348390221596,5.488636656191929,1E-06,false,UNRESOLVED,Unspecified,,,,false,,
C1-TABULATED-SURROGATE,154,269.8348390221596,R4-VAPOR-SIDE,REGION-4,SaturatedMixture,269.8348390221596,5.488636656191929,0.999999,false,UNRESOLVED,Unspecified,,,,false,,
C1-TABULATED-SURROGATE,154,269.8348390221596,R2-SIDE,REGION-2,SuperheatedVapor,269.8348390221596,5.488581769825367,,false,UNRESOLVED,Unspecified,,,,false,,
C1-TABULATED-SURROGATE,155,269.8474434912206,R1-SIDE,REGION-1,SubcooledLiquid,269.8474434912206,5.4897744718036146,,false,UNRESOLVED,Unspecified,,,,false,,
C1-TABULATED-SURROGATE,155,269.8474434912206,R4-LIQUID-SIDE,REGION-4,SaturatedMixture,269.8474434912206,5.489719574607868,1E-06,false,UNRESOLVED,Unspecified,,,,false,,
C1-TABULATED-SURROGATE,155,269.8474434912206,R4-VAPOR-SIDE,REGION-4,SaturatedMixture,269.8474434912206,5.489719574607868,0.999999,false,UNRESOLVED,Unspecified,,,,false,,
C1-TABULATED-SURROGATE,155,269.8474434912206,R2-SIDE,REGION-2,SuperheatedVapor,269.8474434912206,5.489664677412122,,false,UNRESOLVED,Unspecified,,,,false,,
C1-TABULATED-SURROGATE,156,269.85314221978194,R1-SIDE,REGION-1,SubcooledLiquid,269.85314221978194,5.490264138981578,,false,UNRESOLVED,Unspecified,,,,false,,
C1-TABULATED-SURROGATE,156,269.85314221978194,R4-LIQUID-SIDE,REGION-4,SaturatedMixture,269.85314221978194,5.490209236889209,1E-06,false,UNRESOLVED,Unspecified,,,,false,,
C1-TABULATED-SURROGATE,156,269.85314221978194,R4-VAPOR-SIDE,REGION-4,SaturatedMixture,269.85314221978194,5.490209236889209,0.999999,false,UNRESOLVED,Unspecified,,,,false,,
C1-TABULATED-SURROGATE,156,269.85314221978194,R2-SIDE,REGION-2,SuperheatedVapor,269.85314221978194,5.4901543347968405,,false,UNRESOLVED,Unspecified,,,,false,,
C1-TABULATED-SURROGATE,157,269.86491042971613,R1-SIDE,REGION-1,SubcooledLiquid,269.86491042971613,5.491275436069505,,false,UNRESOLVED,Unspecified,,,,false,,
C1-TABULATED-SURROGATE,157,269.86491042971613,R4-LIQUID-SIDE,REGION-4,SaturatedMixture,269.86491042971613,5.491220523864266,1E-06,false,UNRESOLVED,Unspecified,,,,false,,
C1-TABULATED-SURROGATE,157,269.86491042971613,R4-VAPOR-SIDE,REGION-4,SaturatedMixture,269.86491042971613,5.491220523864266,0.999999,false,UNRESOLVED,Unspecified,,,,false,,
C1-TABULATED-SURROGATE,157,269.86491042971613,R2-SIDE,REGION-2,SuperheatedVapor,269.86491042971613,5.491165611659028,,false,UNRESOLVED,Unspecified,,,,false,,
C1-TABULATED-SURROGATE,158,269.87132650613796,R1-SIDE,REGION-1,SubcooledLiquid,269.87132650613796,5.491826859306679,,false,UNRESOLVED,Unspecified,,,,false,,
C1-TABULATED-SURROGATE,158,269.87132650613796,R4-LIQUID-SIDE,REGION-4,SaturatedMixture,269.87132650613796,5.491771941587262,1E-06,false,UNRESOLVED,Unspecified,,,,false,,
C1-TABULATED-SURROGATE,158,269.87132650613796,R4-VAPOR-SIDE,REGION-4,SaturatedMixture,269.87132650613796,5.491771941587262,0.999999,false,UNRESOLVED,Unspecified,,,,false,,
C1-TABULATED-SURROGATE,158,269.87132650613796,R2-SIDE,REGION-2,SuperheatedVapor,269.87132650613796,5.491717023867847,,false,UNRESOLVED,Unspecified,,,,false,,
C1-TABULATED-SURROGATE,159,269.8816254317761,R1-SIDE,REGION-1,SubcooledLiquid,269.8816254317761,5.4927120785164485,,false,UNRESOLVED,Unspecified,,,,false,,
C1-TABULATED-SURROGATE,159,269.8816254317761,R4-LIQUID-SIDE,REGION-4,SaturatedMixture,269.8816254317761,5.492657151944929,1E-06,false,UNRESOLVED,Unspecified,,,,false,,
C1-TABULATED-SURROGATE,159,269.8816254317761,R4-VAPOR-SIDE,REGION-4,SaturatedMixture,269.8816254317761,5.492657151944929,0.999999,false,UNRESOLVED,Unspecified,,,,false,,
C1-TABULATED-SURROGATE,159,269.8816254317761,R2-SIDE,REGION-2,SuperheatedVapor,269.8816254317761,5.4926022253734095,,false,UNRESOLVED,Unspecified,,,,false,,
C1-TABULATED-SURROGATE,160,269.8893888354303,R1-SIDE,REGION-1,SubcooledLiquid,269.8893888354303,5.49337943508812,,false,UNRESOLVED,Unspecified,,,,false,,
C1-TABULATED-SURROGATE,160,269.8893888354303,R4-LIQUID-SIDE,REGION-4,SaturatedMixture,269.8893888354303,5.493324501843102,1E-06,false,UNRESOLVED,Unspecified,,,,false,,
C1-TABULATED-SURROGATE,160,269.8893888354303,R4-VAPOR-SIDE,REGION-4,SaturatedMixture,269.8893888354303,5.493324501843102,0.999999,false,UNRESOLVED,Unspecified,,,,false,,
C1-TABULATED-SURROGATE,160,269.8893888354303,R2-SIDE,REGION-2,SuperheatedVapor,269.8893888354303,5.493269568598083,,false,UNRESOLVED,Unspecified,,,,false,,
C1-TABULATED-SURROGATE,161,269.90732603669187,R1-SIDE,REGION-1,SubcooledLiquid,269.90732603669187,5.494921586934781,,false,UNRESOLVED,Unspecified,,,,false,,
C1-TABULATED-SURROGATE,161,269.90732603669187,R4-LIQUID-SIDE,REGION-4,SaturatedMixture,269.90732603669187,5.494866638268398,1E-06,false,UNRESOLVED,Unspecified,,,,false,,
C1-TABULATED-SURROGATE,161,269.90732603669187,R4-VAPOR-SIDE,REGION-4,SaturatedMixture,269.90732603669187,5.494866638268398,0.999999,false,UNRESOLVED,Unspecified,,,,false,,
C1-TABULATED-SURROGATE,161,269.90732603669187,R2-SIDE,REGION-2,SuperheatedVapor,269.90732603669187,5.494811689602016,,false,UNRESOLVED,Unspecified,,,,false,,
C1-TABULATED-SURROGATE,162,269.9158253133297,R1-SIDE,REGION-1,SubcooledLiquid,269.9158253133297,5.495652428115587,,false,UNRESOLVED,Unspecified,,,,false,,
C1-TABULATED-SURROGATE,162,269.9158253133297,R4-LIQUID-SIDE,REGION-4,SaturatedMixture,269.9158253133297,5.495597472140865,1E-06,false,UNRESOLVED,Unspecified,,,,false,,
C1-TABULATED-SURROGATE,162,269.9158253133297,R4-VAPOR-SIDE,REGION-4,SaturatedMixture,269.9158253133297,5.495597472140865,0.999999,false,UNRESOLVED,Unspecified,,,,false,,
C1-TABULATED-SURROGATE,162,269.9158253133297,R2-SIDE,REGION-2,SuperheatedVapor,269.9158253133297,5.495542516166144,,false,UNRESOLVED,Unspecified,,,,false,,
C1-TABULATED-SURROGATE,163,269.92513548135753,R1-SIDE,REGION-1,SubcooledLiquid,269.92513548135753,5.496453081915134,,false,UNRESOLVED,Unspecified,,,,false,,
C1-TABULATED-SURROGATE,163,269.92513548135753,R4-LIQUID-SIDE,REGION-4,SaturatedMixture,269.92513548135753,5.496398117933954,1E-06,false,UNRESOLVED,Unspecified,,,,false,,
C1-TABULATED-SURROGATE,163,269.92513548135753,R4-VAPOR-SIDE,REGION-4,SaturatedMixture,269.92513548135753,5.496398117933954,0.999999,false,UNRESOLVED,Unspecified,,,,false,,
C1-TABULATED-SURROGATE,163,269.92513548135753,R2-SIDE,REGION-2,SuperheatedVapor,269.92513548135753,5.496343153952775,,false,UNRESOLVED,Unspecified,,,,false,,
C1-TABULATED-SURROGATE,164,269.93746799826624,R1-SIDE,REGION-1,SubcooledLiquid,269.93746799826624,5.497513788137708,,false,UNRESOLVED,Unspecified,,,,false,,
C1-TABULATED-SURROGATE,164,269.93746799826624,R4-LIQUID-SIDE,REGION-4,SaturatedMixture,269.93746799826624,5.497458813549572,1E-06,false,UNRESOLVED,Unspecified,,,,false,,
C1-TABULATED-SURROGATE,164,269.93746799826624,R4-VAPOR-SIDE,REGION-4,SaturatedMixture,269.93746799826624,5.497458813549572,0.999999,false,UNRESOLVED,Unspecified,,,,false,,
C1-TABULATED-SURROGATE,164,269.93746799826624,R2-SIDE,REGION-2,SuperheatedVapor,269.93746799826624,5.497403838961437,,false,UNRESOLVED,Unspecified,,,,false,,
C1-TABULATED-SURROGATE,165,269.9428149163722,R1-SIDE,REGION-1,SubcooledLiquid,269.9428149163722,5.497973719254468,,false,UNRESOLVED,Unspecified,,,,false,,
C1-TABULATED-SURROGATE,165,269.9428149163722,R4-LIQUID-SIDE,REGION-4,SaturatedMixture,269.9428149163722,5.4979187400670675,1E-06,false,UNRESOLVED,Unspecified,,,,false,,
C1-TABULATED-SURROGATE,165,269.9428149163722,R4-VAPOR-SIDE,REGION-4,SaturatedMixture,269.9428149163722,5.4979187400670675,0.999999,false,UNRESOLVED,Unspecified,,,,false,,
C1-TABULATED-SURROGATE,165,269.9428149163722,R2-SIDE,REGION-2,SuperheatedVapor,269.9428149163722,5.497863760879667,,false,UNRESOLVED,Unspecified,,,,false,,
C1-TABULATED-SURROGATE,166,269.9500148475171,R1-SIDE,REGION-1,SubcooledLiquid,269.9500148475171,5.4985930892339265,,false,UNRESOLVED,Unspecified,,,,false,,
C1-TABULATED-SURROGATE,166,269.9500148475171,R4-LIQUID-SIDE,REGION-4,SaturatedMixture,269.9500148475171,5.498538103852888,1E-06,false,UNRESOLVED,Unspecified,,,,false,,
C1-TABULATED-SURROGATE,166,269.9500148475171,R4-VAPOR-SIDE,REGION-4,SaturatedMixture,269.9500148475171,5.498538103852888,0.999999,false,UNRESOLVED,Unspecified,,,,false,,
C1-TABULATED-SURROGATE,166,269.9500148475171,R2-SIDE,REGION-2,SuperheatedVapor,269.9500148475171,5.4984831184718495,,false,UNRESOLVED,Unspecified,,,,false,,
C1-TABULATED-SURROGATE,167,269.9603627145292,R1-SIDE,REGION-1,SubcooledLiquid,269.9603627145292,5.499483351911103,,false,UNRESOLVED,Unspecified,,,,false,,
C1-TABULATED-SURROGATE,167,269.9603627145292,R4-LIQUID-SIDE,REGION-4,SaturatedMixture,269.9603627145292,5.499428357627526,1E-06,false,UNRESOLVED,Unspecified,,,,false,,
C1-TABULATED-SURROGATE,167,269.9603627145292,R4-VAPOR-SIDE,REGION-4,SaturatedMixture,269.9603627145292,5.499428357627526,0.999999,false,UNRESOLVED,Unspecified,,,,false,,
C1-TABULATED-SURROGATE,167,269.9603627145292,R2-SIDE,REGION-2,SuperheatedVapor,269.9603627145292,5.49937336334395,,false,UNRESOLVED,Unspecified,,,,false,,
C1-TABULATED-SURROGATE,168,269.9777773737907,R1-SIDE,REGION-1,SubcooledLiquid,269.9777773737907,5.5009818435483835,,false,UNRESOLVED,Unspecified,,,,false,,
C1-TABULATED-SURROGATE,168,269.9777773737907,R4-LIQUID-SIDE,REGION-4,SaturatedMixture,269.9777773737907,5.50092683428004,1E-06,false,UNRESOLVED,Unspecified,,,,false,,
C1-TABULATED-SURROGATE,168,269.9777773737907,R4-VAPOR-SIDE,REGION-4,SaturatedMixture,269.9777773737907,5.50092683428004,0.999999,false,UNRESOLVED,Unspecified,,,,false,,
C1-TABULATED-SURROGATE,168,269.9777773737907,R2-SIDE,REGION-2,SuperheatedVapor,269.9777773737907,5.500871825011698,,false,UNRESOLVED,Unspecified,,,,false,,
C1-TABULATED-SURROGATE,169,269.984167456627,R1-SIDE,REGION-1,SubcooledLiquid,269.984167456627,5.501531773754014,,false,UNRESOLVED,Unspecified,,,,false,,
C1-TABULATED-SURROGATE,169,269.984167456627,R4-LIQUID-SIDE,REGION-4,SaturatedMixture,269.984167456627,5.501476758986423,1E-06,false,UNRESOLVED,Unspecified,,,,false,,
C1-TABULATED-SURROGATE,169,269.984167456627,R4-VAPOR-SIDE,REGION-4,SaturatedMixture,269.984167456627,5.501476758986423,0.999999,false,UNRESOLVED,Unspecified,,,,false,,
C1-TABULATED-SURROGATE,169,269.984167456627,R2-SIDE,REGION-2,SuperheatedVapor,269.984167456627,5.501421744218834,,false,UNRESOLVED,Unspecified,,,,false,,
C1-TABULATED-SURROGATE,170,269.99505785107624,R1-SIDE,REGION-1,SubcooledLiquid,269.99505785107624,5.502469097278969,,false,UNRESOLVED,Unspecified,,,,false,,
C1-TABULATED-SURROGATE,170,269.99505785107624,R4-LIQUID-SIDE,REGION-4,SaturatedMixture,269.99505785107624,5.502414073138238,1E-06,true,REGION-4-MIXTURE-TABLE,SaturatedMixture,269.99505281448364,5.502416163199106,9.983108007905115E-07,true,-5.0365925972073455E-06,2.0900608683760424E-06
C1-TABULATED-SURROGATE,170,269.99505785107624,R4-VAPOR-SIDE,REGION-4,SaturatedMixture,269.99505785107624,5.502414073138238,0.999999,false,UNRESOLVED,Unspecified,,,,false,,
C1-TABULATED-SURROGATE,170,269.99505785107624,R2-SIDE,REGION-2,SuperheatedVapor,269.99505785107624,5.502359048997507,,false,UNRESOLVED,Unspecified,,,,false,,
C1-TABULATED-SURROGATE,171,270.0122033536435,R1-SIDE,REGION-1,SubcooledLiquid,270.0122033536435,5.503945037746651,,false,UNRESOLVED,Unspecified,,,,false,,
C1-TABULATED-SURROGATE,171,270.0122033536435,R4-LIQUID-SIDE,REGION-4,SaturatedMixture,270.0122033536435,5.503889998846662,1E-06,false,UNRESOLVED,Unspecified,,,,false,,
C1-TABULATED-SURROGATE,171,270.0122033536435,R4-VAPOR-SIDE,REGION-4,SaturatedMixture,270.0122033536435,5.503889998846662,0.999999,false,UNRESOLVED,Unspecified,,,,false,,
C1-TABULATED-SURROGATE,171,270.0122033536435,R2-SIDE,REGION-2,SuperheatedVapor,270.0122033536435,5.5038349599466745,,false,UNRESOLVED,Unspecified,,,,false,,
C1-TABULATED-SURROGATE,172,270.01825814843176,R1-SIDE,REGION-1,SubcooledLiquid,270.01825814843176,5.504466326335252,,false,UNRESOLVED,Unspecified,,,,false,,
C1-TABULATED-SURROGATE,172,270.01825814843176,R4-LIQUID-SIDE,REGION-4,SaturatedMixture,270.01825814843176,5.50441128222243,1E-06,false,UNRESOLVED,Unspecified,,,,false,,
C1-TABULATED-SURROGATE,172,270.01825814843176,R4-VAPOR-SIDE,REGION-4,SaturatedMixture,270.01825814843176,5.50441128222243,0.999999,false,UNRESOLVED,Unspecified,,,,false,,
C1-TABULATED-SURROGATE,172,270.01825814843176,R2-SIDE,REGION-2,SuperheatedVapor,270.01825814843176,5.504356238109608,,false,UNRESOLVED,Unspecified,,,,false,,
C1-TABULATED-SURROGATE,173,270.02492635846113,R1-SIDE,REGION-1,SubcooledLiquid,270.02492635846113,5.505040470632559,,false,UNRESOLVED,Unspecified,,,,false,,
C1-TABULATED-SURROGATE,173,270.02492635846113,R4-LIQUID-SIDE,REGION-4,SaturatedMixture,270.02492635846113,5.50498542077835,1E-06,false,UNRESOLVED,Unspecified,,,,false,,
C1-TABULATED-SURROGATE,173,270.02492635846113,R4-VAPOR-SIDE,REGION-4,SaturatedMixture,270.02492635846113,5.50498542077835,0.999999,false,UNRESOLVED,Unspecified,,,,false,,
C1-TABULATED-SURROGATE,173,270.02492635846113,R2-SIDE,REGION-2,SuperheatedVapor,270.02492635846113,5.504930370924143,,false,UNRESOLVED,Unspecified,,,,false,,
C1-TABULATED-SURROGATE,174,270.02921333909023,R1-SIDE,REGION-1,SubcooledLiquid,270.02921333909023,5.505409611149891,,false,UNRESOLVED,Unspecified,,,,false,,
C1-TABULATED-SURROGATE,174,270.02921333909023,R4-LIQUID-SIDE,REGION-4,SaturatedMixture,270.02921333909023,5.505354557604314,1E-06,false,UNRESOLVED,Unspecified,,,,false,,
C1-TABULATED-SURROGATE,174,270.02921333909023,R4-VAPOR-SIDE,REGION-4,SaturatedMixture,270.02921333909023,5.505354557604314,0.999999,false,UNRESOLVED,Unspecified,,,,false,,
C1-TABULATED-SURROGATE,174,270.02921333909023,R2-SIDE,REGION-2,SuperheatedVapor,270.02921333909023,5.505299504058739,,false,UNRESOLVED,Unspecified,,,,false,,
C1-TABULATED-SURROGATE,175,270.0460875153541,R1-SIDE,REGION-1,SubcooledLiquid,270.0460875153541,5.506862785264795,,false,UNRESOLVED,Unspecified,,,,false,,
C1-TABULATED-SURROGATE,175,270.0460875153541,R4-LIQUID-SIDE,REGION-4,SaturatedMixture,270.0460875153541,5.506807717187623,1E-06,false,UNRESOLVED,Unspecified,,,,false,,
C1-TABULATED-SURROGATE,175,270.0460875153541,R4-VAPOR-SIDE,REGION-4,SaturatedMixture,270.0460875153541,5.506807717187623,0.999999,false,UNRESOLVED,Unspecified,,,,false,,
C1-TABULATED-SURROGATE,175,270.0460875153541,R2-SIDE,REGION-2,SuperheatedVapor,270.0460875153541,5.506752649110451,,false,UNRESOLVED,Unspecified,,,,false,,
C1-TABULATED-SURROGATE,176,270.0522645592689,R1-SIDE,REGION-1,SubcooledLiquid,270.0522645592689,5.507394814546248,,false,UNRESOLVED,Unspecified,,,,false,,
C1-TABULATED-SURROGATE,176,270.0522645592689,R4-LIQUID-SIDE,REGION-4,SaturatedMixture,270.0522645592689,5.507339741148836,1E-06,false,UNRESOLVED,Unspecified,,,,false,,
C1-TABULATED-SURROGATE,176,270.0522645592689,R4-VAPOR-SIDE,REGION-4,SaturatedMixture,270.0522645592689,5.507339741148836,0.999999,false,UNRESOLVED,Unspecified,,,,false,,
C1-TABULATED-SURROGATE,176,270.0522645592689,R2-SIDE,REGION-2,SuperheatedVapor,270.0522645592689,5.507284667751424,,false,UNRESOLVED,Unspecified,,,,false,,
C1-TABULATED-SURROGATE,177,270.06282575726516,R1-SIDE,REGION-1,SubcooledLiquid,270.06282575726516,5.508304542278801,,false,UNRESOLVED,Unspecified,,,,false,,
C1-TABULATED-SURROGATE,177,270.06282575726516,R4-LIQUID-SIDE,REGION-4,SaturatedMixture,270.06282575726516,5.508249459784203,1E-06,false,UNRESOLVED,Unspecified,,,,false,,
C1-TABULATED-SURROGATE,177,270.06282575726516,R4-VAPOR-SIDE,REGION-4,SaturatedMixture,270.06282575726516,5.508249459784203,0.999999,false,UNRESOLVED,Unspecified,,,,false,,
C1-TABULATED-SURROGATE,177,270.06282575726516,R2-SIDE,REGION-2,SuperheatedVapor,270.06282575726516,5.508194377289605,,false,UNRESOLVED,Unspecified,,,,false,,
C1-TABULATED-SURROGATE,178,270.0794281482697,R1-SIDE,REGION-1,SubcooledLiquid,270.0794281482697,5.50973488240041,,false,UNRESOLVED,Unspecified,,,,false,,
C1-TABULATED-SURROGATE,178,270.0794281482697,R4-LIQUID-SIDE,REGION-4,SaturatedMixture,270.0794281482697,5.509679785602554,1E-06,false,UNRESOLVED,Unspecified,,,,false,,
C1-TABULATED-SURROGATE,178,270.0794281482697,R4-VAPOR-SIDE,REGION-4,SaturatedMixture,270.0794281482697,5.509679785602554,0.999999,false,UNRESOLVED,Unspecified,,,,false,,
C1-TABULATED-SURROGATE,178,270.0794281482697,R2-SIDE,REGION-2,SuperheatedVapor,270.0794281482697,5.509624688804698,,false,UNRESOLVED,Unspecified,,,,false,,
C1-TABULATED-SURROGATE,179,270.086165201664,R1-SIDE,REGION-1,SubcooledLiquid,270.086165201664,5.510315378340787,,false,UNRESOLVED,Unspecified,,,,false,,
C1-TABULATED-SURROGATE,179,270.086165201664,R4-LIQUID-SIDE,REGION-4,SaturatedMixture,270.086165201664,5.5102602757380295,1E-06,false,UNRESOLVED,Unspecified,,,,false,,
C1-TABULATED-SURROGATE,179,270.086165201664,R4-VAPOR-SIDE,REGION-4,SaturatedMixture,270.086165201664,5.5102602757380295,0.999999,false,UNRESOLVED,Unspecified,,,,false,,
C1-TABULATED-SURROGATE,179,270.086165201664,R2-SIDE,REGION-2,SuperheatedVapor,270.086165201664,5.510205173135272,,false,UNRESOLVED,Unspecified,,,,false,,
C1-TABULATED-SURROGATE,180,270.0950280129906,R1-SIDE,REGION-1,SubcooledLiquid,270.0950280129906,5.5110791106221475,,false,UNRESOLVED,Unspecified,,,,false,,
C1-TABULATED-SURROGATE,180,270.0950280129906,R4-LIQUID-SIDE,REGION-4,SaturatedMixture,270.0950280129906,5.511024000382143,1E-06,false,UNRESOLVED,Unspecified,,,,false,,
C1-TABULATED-SURROGATE,180,270.0950280129906,R4-VAPOR-SIDE,REGION-4,SaturatedMixture,270.0950280129906,5.511024000382143,0.999999,false,UNRESOLVED,Unspecified,,,,false,,
C1-TABULATED-SURROGATE,180,270.0950280129906,R2-SIDE,REGION-2,SuperheatedVapor,270.0950280129906,5.51096889014214,,false,UNRESOLVED,Unspecified,,,,false,,
C1-TABULATED-SURROGATE,181,270.1072710335253,R1-SIDE,REGION-1,SubcooledLiquid,270.1072710335253,5.512134257556062,,false,UNRESOLVED,Unspecified,,,,false,,
C1-TABULATED-SURROGATE,181,270.1072710335253,R4-LIQUID-SIDE,REGION-4,SaturatedMixture,270.1072710335253,5.512079136764695,1E-06,false,UNRESOLVED,Unspecified,,,,false,,
C1-TABULATED-SURROGATE,181,270.1072710335253,R4-VAPOR-SIDE,REGION-4,SaturatedMixture,270.1072710335253,5.512079136764695,0.999999,false,UNRESOLVED,Unspecified,,,,false,,
C1-TABULATED-SURROGATE,181,270.1072710335253,R2-SIDE,REGION-2,SuperheatedVapor,270.1072710335253,5.512024015973327,,false,UNRESOLVED,Unspecified,,,,false,,
C1-TABULATED-SURROGATE,182,270.11994096636784,R1-SIDE,REGION-1,SubcooledLiquid,270.11994096636784,5.513226359709701,,false,UNRESOLVED,Unspecified,,,,false,,
C1-TABULATED-SURROGATE,182,270.11994096636784,R4-LIQUID-SIDE,REGION-4,SaturatedMixture,270.11994096636784,5.51317122799742,1E-06,false,UNRESOLVED,Unspecified,,,,false,,
C1-TABULATED-SURROGATE,182,270.11994096636784,R4-VAPOR-SIDE,REGION-4,SaturatedMixture,270.11994096636784,5.51317122799742,0.999999,false,UNRESOLVED,Unspecified,,,,false,,
C1-TABULATED-SURROGATE,182,270.11994096636784,R2-SIDE,REGION-2,SuperheatedVapor,270.11994096636784,5.51311609628514,,false,UNRESOLVED,Unspecified,,,,false,,
C1-TABULATED-SURROGATE,183,270.1535745382308,R1-SIDE,REGION-1,SubcooledLiquid,270.1535745382308,5.516126252742849,,false,UNRESOLVED,Unspecified,,,,false,,
C1-TABULATED-SURROGATE,183,270.1535745382308,R4-LIQUID-SIDE,REGION-4,SaturatedMixture,270.1535745382308,5.516071092031928,1E-06,false,UNRESOLVED,Unspecified,,,,false,,
C1-TABULATED-SURROGATE,183,270.1535745382308,R4-VAPOR-SIDE,REGION-4,SaturatedMixture,270.1535745382308,5.516071092031928,0.999999,false,UNRESOLVED,Unspecified,,,,false,,
C1-TABULATED-SURROGATE,183,270.1535745382308,R2-SIDE,REGION-2,SuperheatedVapor,270.1535745382308,5.516015931321008,,false,UNRESOLVED,Unspecified,,,,false,,
C1-TABULATED-SURROGATE,184,270.18390763401965,R1-SIDE,REGION-1,SubcooledLiquid,270.18390763401965,5.518742576771705,,false,UNRESOLVED,Unspecified,,,,false,,
C1-TABULATED-SURROGATE,184,270.18390763401965,R4-LIQUID-SIDE,REGION-4,SaturatedMixture,270.18390763401965,5.5186873898978055,1E-06,false,UNRESOLVED,Unspecified,,,,false,,
C1-TABULATED-SURROGATE,184,270.18390763401965,R4-VAPOR-SIDE,REGION-4,SaturatedMixture,270.18390763401965,5.5186873898978055,0.999999,false,UNRESOLVED,Unspecified,,,,false,,
C1-TABULATED-SURROGATE,184,270.18390763401965,R2-SIDE,REGION-2,SuperheatedVapor,270.18390763401965,5.518632203023906,,false,UNRESOLVED,Unspecified,,,,false,,
C1-TABULATED-SURROGATE,185,270.1870496869085,R1-SIDE,REGION-1,SubcooledLiquid,270.1870496869085,5.519013642770445,,false,UNRESOLVED,Unspecified,,,,false,,
C1-TABULATED-SURROGATE,185,270.1870496869085,R4-LIQUID-SIDE,REGION-4,SaturatedMixture,270.1870496869085,5.518958453185912,1E-06,false,UNRESOLVED,Unspecified,,,,false,,
C1-TABULATED-SURROGATE,185,270.1870496869085,R4-VAPOR-SIDE,REGION-4,SaturatedMixture,270.1870496869085,5.518958453185912,0.999999,false,UNRESOLVED,Unspecified,,,,false,,
C1-TABULATED-SURROGATE,185,270.1870496869085,R2-SIDE,REGION-2,SuperheatedVapor,270.1870496869085,5.518903263601381,,false,UNRESOLVED,Unspecified,,,,false,,
C1-TABULATED-SURROGATE,186,270.2203527688979,R1-SIDE,REGION-1,SubcooledLiquid,270.2203527688979,5.521887336209744,,false,UNRESOLVED,Unspecified,,,,false,,
C1-TABULATED-SURROGATE,186,270.2203527688979,R4-LIQUID-SIDE,REGION-4,SaturatedMixture,270.2203527688979,5.5218321178885645,1E-06,false,UNRESOLVED,Unspecified,,,,false,,
C1-TABULATED-SURROGATE,186,270.2203527688979,R4-VAPOR-SIDE,REGION-4,SaturatedMixture,270.2203527688979,5.5218321178885645,0.999999,false,UNRESOLVED,Unspecified,,,,false,,
C1-TABULATED-SURROGATE,186,270.2203527688979,R2-SIDE,REGION-2,SuperheatedVapor,270.2203527688979,5.521776899567386,,false,UNRESOLVED,Unspecified,,,,false,,
C1-TABULATED-SURROGATE,187,270.25347097516044,R1-SIDE,REGION-1,SubcooledLiquid,270.25347097516044,5.524746209731666,,false,UNRESOLVED,Unspecified,,,,false,,
C1-TABULATED-SURROGATE,187,270.25347097516044,R4-LIQUID-SIDE,REGION-4,SaturatedMixture,270.25347097516044,5.524690962822038,1E-06,false,UNRESOLVED,Unspecified,,,,false,,
C1-TABULATED-SURROGATE,187,270.25347097516044,R4-VAPOR-SIDE,REGION-4,SaturatedMixture,270.25347097516044,5.524690962822038,0.999999,false,UNRESOLVED,Unspecified,,,,false,,
C1-TABULATED-SURROGATE,187,270.25347097516044,R2-SIDE,REGION-2,SuperheatedVapor,270.25347097516044,5.52463571591241,,false,UNRESOLVED,Unspecified,,,,false,,
C1-TABULATED-SURROGATE,188,270.28639316558827,R1-SIDE,REGION-1,SubcooledLiquid,270.28639316558827,5.527589282502808,,false,UNRESOLVED,Unspecified,,,,false,,
C1-TABULATED-SURROGATE,188,270.28639316558827,R4-LIQUID-SIDE,REGION-4,SaturatedMixture,270.28639316558827,5.5275340071627355,1E-06,false,UNRESOLVED,Unspecified,,,,false,,
C1-TABULATED-SURROGATE,188,270.28639316558827,R4-VAPOR-SIDE,REGION-4,SaturatedMixture,270.28639316558827,5.5275340071627355,0.999999,false,UNRESOLVED,Unspecified,,,,false,,
C1-TABULATED-SURROGATE,188,270.28639316558827,R2-SIDE,REGION-2,SuperheatedVapor,270.28639316558827,5.527478731822664,,false,UNRESOLVED,Unspecified,,,,false,,
C1-TABULATED-SURROGATE,189,270.3190940141677,R1-SIDE,REGION-1,SubcooledLiquid,270.3190940141677,5.530414346505892,,false,UNRESOLVED,Unspecified,,,,false,,
C1-TABULATED-SURROGATE,189,270.3190940141677,R4-LIQUID-SIDE,REGION-4,SaturatedMixture,270.3190940141677,5.530359042915462,1E-06,false,UNRESOLVED,Unspecified,,,,false,,
C1-TABULATED-SURROGATE,189,270.3190940141677,R4-VAPOR-SIDE,REGION-4,SaturatedMixture,270.3190940141677,5.530359042915462,0.999999,false,UNRESOLVED,Unspecified,,,,false,,
C1-TABULATED-SURROGATE,189,270.3190940141677,R2-SIDE,REGION-2,SuperheatedVapor,270.3190940141677,5.530303739325033,,false,UNRESOLVED,Unspecified,,,,false,,
C1-TABULATED-SURROGATE,190,270.3355482459067,R1-SIDE,REGION-1,SubcooledLiquid,270.3355482459067,5.5318362633983105,,false,UNRESOLVED,Unspecified,,,,false,,
C1-TABULATED-SURROGATE,190,270.3355482459067,R4-LIQUID-SIDE,REGION-4,SaturatedMixture,270.3355482459067,5.531780945588854,1E-06,false,UNRESOLVED,Unspecified,,,,false,,
C1-TABULATED-SURROGATE,190,270.3355482459067,R4-VAPOR-SIDE,REGION-4,SaturatedMixture,270.3355482459067,5.531780945588854,0.999999,false,UNRESOLVED,Unspecified,,,,false,,
C1-TABULATED-SURROGATE,190,270.3355482459067,R2-SIDE,REGION-2,SuperheatedVapor,270.3355482459067,5.531725627779398,,false,UNRESOLVED,Unspecified,,,,false,,
C1-TABULATED-SURROGATE,191,270.3515844941138,R1-SIDE,REGION-1,SubcooledLiquid,270.3515844941138,5.533222328197586,,false,UNRESOLVED,Unspecified,,,,false,,
C1-TABULATED-SURROGATE,191,270.3515844941138,R4-LIQUID-SIDE,REGION-4,SaturatedMixture,270.3515844941138,5.53316699652762,1E-06,false,UNRESOLVED,Unspecified,,,,false,,
C1-TABULATED-SURROGATE,191,270.3515844941138,R4-VAPOR-SIDE,REGION-4,SaturatedMixture,270.3515844941138,5.53316699652762,0.999999,false,UNRESOLVED,Unspecified,,,,false,,
C1-TABULATED-SURROGATE,191,270.3515844941138,R2-SIDE,REGION-2,SuperheatedVapor,270.3515844941138,5.533111664857655,,false,UNRESOLVED,Unspecified,,,,false,,
C1-TABULATED-SURROGATE,192,270.38385555148113,R1-SIDE,REGION-1,SubcooledLiquid,270.38385555148113,5.536012423790548,,false,UNRESOLVED,Unspecified,,,,false,,
C1-TABULATED-SURROGATE,192,270.38385555148113,R4-LIQUID-SIDE,REGION-4,SaturatedMixture,270.38385555148113,5.535957064219906,1E-06,false,UNRESOLVED,Unspecified,,,,false,,
C1-TABULATED-SURROGATE,192,270.38385555148113,R4-VAPOR-SIDE,REGION-4,SaturatedMixture,270.38385555148113,5.535957064219906,0.999999,false,UNRESOLVED,Unspecified,,,,false,,
C1-TABULATED-SURROGATE,192,270.38385555148113,R2-SIDE,REGION-2,SuperheatedVapor,270.38385555148113,5.535901704649263,,false,UNRESOLVED,Unspecified,,,,false,,
C1-TABULATED-SURROGATE,193,270.41057386994373,R1-SIDE,REGION-1,SubcooledLiquid,270.41057386994373,5.538323252653933,,false,UNRESOLVED,Unspecified,,,,false,,
C1-TABULATED-SURROGATE,193,270.41057386994373,R4-LIQUID-SIDE,REGION-4,SaturatedMixture,270.41057386994373,5.5382678699752335,1E-06,false,UNRESOLVED,Unspecified,,,,false,,
C1-TABULATED-SURROGATE,193,270.41057386994373,R4-VAPOR-SIDE,REGION-4,SaturatedMixture,270.41057386994373,5.5382678699752335,0.999999,false,UNRESOLVED,Unspecified,,,,false,,
C1-TABULATED-SURROGATE,193,270.41057386994373,R2-SIDE,REGION-2,SuperheatedVapor,270.41057386994373,5.538212487296534,,false,UNRESOLVED,Unspecified,,,,false,,
C1-TABULATED-SURROGATE,194,270.4159002184865,R1-SIDE,REGION-1,SubcooledLiquid,270.4159002184865,5.538784008895023,,false,UNRESOLVED,Unspecified,,,,false,,
C1-TABULATED-SURROGATE,194,270.4159002184865,R4-LIQUID-SIDE,REGION-4,SaturatedMixture,270.4159002184865,5.538728621608807,1E-06,false,UNRESOLVED,Unspecified,,,,false,,
C1-TABULATED-SURROGATE,194,270.4159002184865,R4-VAPOR-SIDE,REGION-4,SaturatedMixture,270.4159002184865,5.538728621608807,0.999999,false,UNRESOLVED,Unspecified,,,,false,,
C1-TABULATED-SURROGATE,194,270.4159002184865,R2-SIDE,REGION-2,SuperheatedVapor,270.4159002184865,5.538673234322591,,false,UNRESOLVED,Unspecified,,,,false,,
C1-TABULATED-SURROGATE,195,270.4477130711076,R1-SIDE,REGION-1,SubcooledLiquid,270.4477130711076,5.541536591941711,,false,UNRESOLVED,Unspecified,,,,false,,
C1-TABULATED-SURROGATE,195,270.4477130711076,R4-LIQUID-SIDE,REGION-4,SaturatedMixture,270.4477130711076,5.54148117712994,1E-06,false,UNRESOLVED,Unspecified,,,,false,,
C1-TABULATED-SURROGATE,195,270.4477130711076,R4-VAPOR-SIDE,REGION-4,SaturatedMixture,270.4477130711076,5.54148117712994,0.999999,false,UNRESOLVED,Unspecified,,,,false,,
C1-TABULATED-SURROGATE,195,270.4477130711076,R2-SIDE,REGION-2,SuperheatedVapor,270.4477130711076,5.541425762318169,,false,UNRESOLVED,Unspecified,,,,false,,
C1-TABULATED-SURROGATE,196,270.47928985357294,R1-SIDE,REGION-1,SubcooledLiquid,270.47928985357294,5.544269781940359,,false,UNRESOLVED,Unspecified,,,,false,,
C1-TABULATED-SURROGATE,196,270.47928985357294,R4-LIQUID-SIDE,REGION-4,SaturatedMixture,270.47928985357294,5.5442143397969605,1E-06,false,UNRESOLVED,Unspecified,,,,false,,
C1-TABULATED-SURROGATE,196,270.47928985357294,R4-VAPOR-SIDE,REGION-4,SaturatedMixture,270.47928985357294,5.5442143397969605,0.999999,false,UNRESOLVED,Unspecified,,,,false,,
C1-TABULATED-SURROGATE,196,270.47928985357294,R2-SIDE,REGION-2,SuperheatedVapor,270.47928985357294,5.5441588976535625,,false,UNRESOLVED,Unspecified,,,,false,,
C1-TABULATED-SURROGATE,197,270.48048021793363,R1-SIDE,REGION-1,SubcooledLiquid,270.48048021793363,5.544372836377528,,false,UNRESOLVED,Unspecified,,,,false,,
C1-TABULATED-SURROGATE,197,270.48048021793363,R4-LIQUID-SIDE,REGION-4,SaturatedMixture,270.48048021793363,5.544317393203595,1E-06,false,UNRESOLVED,Unspecified,,,,false,,
C1-TABULATED-SURROGATE,197,270.48048021793363,R4-VAPOR-SIDE,REGION-4,SaturatedMixture,270.48048021793363,5.544317393203595,0.999999,false,UNRESOLVED,Unspecified,,,,false,,
C1-TABULATED-SURROGATE,197,270.48048021793363,R2-SIDE,REGION-2,SuperheatedVapor,270.48048021793363,5.5442619500296635,,false,UNRESOLVED,Unspecified,,,,false,,
C1-TABULATED-SURROGATE,198,270.50527734756463,R1-SIDE,REGION-1,SubcooledLiquid,270.50527734756463,5.5465199521956965,,false,UNRESOLVED,Unspecified,,,,false,,
C1-TABULATED-SURROGATE,198,270.50527734756463,R4-LIQUID-SIDE,REGION-4,SaturatedMixture,270.50527734756463,5.54646448755082,1E-06,false,UNRESOLVED,Unspecified,,,,false,,
C1-TABULATED-SURROGATE,198,270.50527734756463,R4-VAPOR-SIDE,REGION-4,SaturatedMixture,270.50527734756463,5.54646448755082,0.999999,false,UNRESOLVED,Unspecified,,,,false,,
C1-TABULATED-SURROGATE,198,270.50527734756463,R2-SIDE,REGION-2,SuperheatedVapor,270.50527734756463,5.546409022905945,,false,UNRESOLVED,Unspecified,,,,false,,
C1-TABULATED-SURROGATE,199,270.5106271028518,R1-SIDE,REGION-1,SubcooledLiquid,270.5106271028518,5.546983256160386,,false,UNRESOLVED,Unspecified,,,,false,,
C1-TABULATED-SURROGATE,199,270.5106271028518,R4-LIQUID-SIDE,REGION-4,SaturatedMixture,270.5106271028518,5.546927786882517,1E-06,false,UNRESOLVED,Unspecified,,,,false,,
C1-TABULATED-SURROGATE,199,270.5106271028518,R4-VAPOR-SIDE,REGION-4,SaturatedMixture,270.5106271028518,5.546927786882517,0.999999,false,UNRESOLVED,Unspecified,,,,false,,
C1-TABULATED-SURROGATE,199,270.5106271028518,R2-SIDE,REGION-2,SuperheatedVapor,270.5106271028518,5.546872317604648,,false,UNRESOLVED,Unspecified,,,,false,,
C1-TABULATED-SURROGATE,200,270.54172206521014,R1-SIDE,REGION-1,SubcooledLiquid,270.54172206521014,5.549676753038823,,false,UNRESOLVED,Unspecified,,,,false,,
C1-TABULATED-SURROGATE,200,270.54172206521014,R4-LIQUID-SIDE,REGION-4,SaturatedMixture,270.54172206521014,5.549621256826255,1E-06,false,UNRESOLVED,Unspecified,,,,false,,
C1-TABULATED-SURROGATE,200,270.54172206521014,R4-VAPOR-SIDE,REGION-4,SaturatedMixture,270.54172206521014,5.549621256826255,0.999999,false,UNRESOLVED,Unspecified,,,,false,,
C1-TABULATED-SURROGATE,200,270.54172206521014,R2-SIDE,REGION-2,SuperheatedVapor,270.54172206521014,5.549565760613687,,false,UNRESOLVED,Unspecified,,,,false,,
C1-TABULATED-SURROGATE,201,270.5621895730495,R1-SIDE,REGION-1,SubcooledLiquid,270.5621895730495,5.551450227208336,,false,UNRESOLVED,Unspecified,,,,false,,
C1-TABULATED-SURROGATE,201,270.5621895730495,R4-LIQUID-SIDE,REGION-4,SaturatedMixture,270.5621895730495,5.551394713261203,1E-06,false,UNRESOLVED,Unspecified,,,,false,,
C1-TABULATED-SURROGATE,201,270.5621895730495,R4-VAPOR-SIDE,REGION-4,SaturatedMixture,270.5621895730495,5.551394713261203,0.999999,false,UNRESOLVED,Unspecified,,,,false,,
C1-TABULATED-SURROGATE,201,270.5621895730495,R2-SIDE,REGION-2,SuperheatedVapor,270.5621895730495,5.551339199314071,,false,UNRESOLVED,Unspecified,,,,false,,
C1-TABULATED-SURROGATE,202,270.5725726544857,R1-SIDE,REGION-1,SubcooledLiquid,270.5725726544857,5.552350068685861,,false,UNRESOLVED,Unspecified,,,,false,,
C1-TABULATED-SURROGATE,202,270.5725726544857,R4-LIQUID-SIDE,REGION-4,SaturatedMixture,270.5725726544857,5.552294545740403,1E-06,false,UNRESOLVED,Unspecified,,,,false,,
C1-TABULATED-SURROGATE,202,270.5725726544857,R4-VAPOR-SIDE,REGION-4,SaturatedMixture,270.5725726544857,5.552294545740403,0.999999,false,UNRESOLVED,Unspecified,,,,false,,
C1-TABULATED-SURROGATE,202,270.5725726544857,R2-SIDE,REGION-2,SuperheatedVapor,270.5725726544857,5.552239022794946,,false,UNRESOLVED,Unspecified,,,,false,,
C1-TABULATED-SURROGATE,203,270.60145553350435,R1-SIDE,REGION-1,SubcooledLiquid,270.60145553350435,5.554853766150931,,false,UNRESOLVED,Unspecified,,,,false,,
C1-TABULATED-SURROGATE,203,270.60145553350435,R4-LIQUID-SIDE,REGION-4,SaturatedMixture,270.60145553350435,5.554798218168749,1E-06,false,UNRESOLVED,Unspecified,,,,false,,
C1-TABULATED-SURROGATE,203,270.60145553350435,R4-VAPOR-SIDE,REGION-4,SaturatedMixture,270.60145553350435,5.554798218168749,0.999999,false,UNRESOLVED,Unspecified,,,,false,,
C1-TABULATED-SURROGATE,203,270.60145553350435,R2-SIDE,REGION-2,SuperheatedVapor,270.60145553350435,5.554742670186568,,false,UNRESOLVED,Unspecified,,,,false,,
C1-TABULATED-SURROGATE,204,270.6031772851942,R1-SIDE,REGION-1,SubcooledLiquid,270.6031772851942,5.555003042527264,,false,UNRESOLVED,Unspecified,,,,false,,
C1-TABULATED-SURROGATE,204,270.6031772851942,R4-LIQUID-SIDE,REGION-4,SaturatedMixture,270.6031772851942,5.554947493052333,1E-06,false,UNRESOLVED,Unspecified,,,,false,,
C1-TABULATED-SURROGATE,204,270.6031772851942,R4-VAPOR-SIDE,REGION-4,SaturatedMixture,270.6031772851942,5.554947493052333,0.999999,false,UNRESOLVED,Unspecified,,,,false,,
C1-TABULATED-SURROGATE,204,270.6031772851942,R2-SIDE,REGION-2,SuperheatedVapor,270.6031772851942,5.5548919435774025,,false,UNRESOLVED,Unspecified,,,,false,,
C1-TABULATED-SURROGATE,205,270.61141203641887,R1-SIDE,REGION-1,SubcooledLiquid,270.61141203641887,5.5557170402299905,,false,UNRESOLVED,Unspecified,,,,false,,
C1-TABULATED-SURROGATE,205,270.61141203641887,R4-LIQUID-SIDE,REGION-4,SaturatedMixture,270.61141203641887,5.555661483615154,1E-06,false,UNRESOLVED,Unspecified,,,,false,,
C1-TABULATED-SURROGATE,205,270.61141203641887,R4-VAPOR-SIDE,REGION-4,SaturatedMixture,270.61141203641887,5.555661483615154,0.999999,false,UNRESOLVED,Unspecified,,,,false,,
C1-TABULATED-SURROGATE,205,270.61141203641887,R2-SIDE,REGION-2,SuperheatedVapor,270.61141203641887,5.555605927000318,,false,UNRESOLVED,Unspecified,,,,false,,
C1-TABULATED-SURROGATE,206,270.63353503942506,R1-SIDE,REGION-1,SubcooledLiquid,270.63353503942506,5.5576355718635835,,false,UNRESOLVED,Unspecified,,,,false,,
C1-TABULATED-SURROGATE,206,270.63353503942506,R4-LIQUID-SIDE,REGION-4,SaturatedMixture,270.63353503942506,5.557579996063622,1E-06,false,UNRESOLVED,Unspecified,,,,false,,
C1-TABULATED-SURROGATE,206,270.63353503942506,R4-VAPOR-SIDE,REGION-4,SaturatedMixture,270.63353503942506,5.557579996063622,0.999999,false,UNRESOLVED,Unspecified,,,,false,,
C1-TABULATED-SURROGATE,206,270.63353503942506,R2-SIDE,REGION-2,SuperheatedVapor,270.63353503942506,5.557524420263662,,false,UNRESOLVED,Unspecified,,,,false,,
C1-TABULATED-SURROGATE,207,270.6571163117886,R1-SIDE,REGION-1,SubcooledLiquid,270.6571163117886,5.5596811231734575,,false,UNRESOLVED,Unspecified,,,,false,,
C1-TABULATED-SURROGATE,207,270.6571163117886,R4-LIQUID-SIDE,REGION-4,SaturatedMixture,270.6571163117886,5.559625526918188,1E-06,false,UNRESOLVED,Unspecified,,,,false,,
C1-TABULATED-SURROGATE,207,270.6571163117886,R4-VAPOR-SIDE,REGION-4,SaturatedMixture,270.6571163117886,5.559625526918188,0.999999,false,UNRESOLVED,Unspecified,,,,false,,
C1-TABULATED-SURROGATE,207,270.6571163117886,R2-SIDE,REGION-2,SuperheatedVapor,270.6571163117886,5.559569930662919,,false,UNRESOLVED,Unspecified,,,,false,,
C1-TABULATED-SURROGATE,208,270.6636452496051,R1-SIDE,REGION-1,SubcooledLiquid,270.6636452496051,5.560247575777272,,false,UNRESOLVED,Unspecified,,,,false,,
C1-TABULATED-SURROGATE,208,270.6636452496051,R4-LIQUID-SIDE,REGION-4,SaturatedMixture,270.6636452496051,5.560191973857533,1E-06,false,UNRESOLVED,Unspecified,,,,false,,
C1-TABULATED-SURROGATE,208,270.6636452496051,R4-VAPOR-SIDE,REGION-4,SaturatedMixture,270.6636452496051,5.560191973857533,0.999999,false,UNRESOLVED,Unspecified,,,,false,,
C1-TABULATED-SURROGATE,208,270.6636452496051,R2-SIDE,REGION-2,SuperheatedVapor,270.6636452496051,5.560136371937794,,false,UNRESOLVED,Unspecified,,,,false,,
C1-TABULATED-SURROGATE,209,270.6935077905654,R1-SIDE,REGION-1,SubcooledLiquid,270.6935077905654,5.562839020523507,,false,UNRESOLVED,Unspecified,,,,false,,
C1-TABULATED-SURROGATE,209,270.6935077905654,R4-LIQUID-SIDE,REGION-4,SaturatedMixture,270.6935077905654,5.562783392689579,1E-06,false,UNRESOLVED,Unspecified,,,,false,,
C1-TABULATED-SURROGATE,209,270.6935077905654,R4-VAPOR-SIDE,REGION-4,SaturatedMixture,270.6935077905654,5.562783392689579,0.999999,false,UNRESOLVED,Unspecified,,,,false,,
C1-TABULATED-SURROGATE,209,270.6935077905654,R2-SIDE,REGION-2,SuperheatedVapor,270.6935077905654,5.562727764855652,,false,UNRESOLVED,Unspecified,,,,false,,
C1-TABULATED-SURROGATE,210,270.7052416622638,R1-SIDE,REGION-1,SubcooledLiquid,270.7052416622638,5.563857527797508,,false,UNRESOLVED,Unspecified,,,,false,,
C1-TABULATED-SURROGATE,210,270.7052416622638,R4-LIQUID-SIDE,REGION-4,SaturatedMixture,270.7052416622638,5.563801889778611,1E-06,false,UNRESOLVED,Unspecified,,,,false,,
C1-TABULATED-SURROGATE,210,270.7052416622638,R4-VAPOR-SIDE,REGION-4,SaturatedMixture,270.7052416622638,5.563801889778611,0.999999,false,UNRESOLVED,Unspecified,,,,false,,
C1-TABULATED-SURROGATE,210,270.7052416622638,R2-SIDE,REGION-2,SuperheatedVapor,270.7052416622638,5.563746251759713,,false,UNRESOLVED,Unspecified,,,,false,,
C1-TABULATED-SURROGATE,211,270.7231227874755,R1-SIDE,REGION-1,SubcooledLiquid,270.7231227874755,5.565409894256659,,false,UNRESOLVED,Unspecified,,,,false,,
C1-TABULATED-SURROGATE,211,270.7231227874755,R4-LIQUID-SIDE,REGION-4,SaturatedMixture,270.7231227874755,5.565354240714251,1E-06,false,UNRESOLVED,Unspecified,,,,false,,
C1-TABULATED-SURROGATE,211,270.7231227874755,R4-VAPOR-SIDE,REGION-4,SaturatedMixture,270.7231227874755,5.565354240714251,0.999999,false,UNRESOLVED,Unspecified,,,,false,,
C1-TABULATED-SURROGATE,211,270.7231227874755,R2-SIDE,REGION-2,SuperheatedVapor,270.7231227874755,5.565298587171845,,false,UNRESOLVED,Unspecified,,,,false,,
C1-TABULATED-SURROGATE,212,270.7234599530699,R1-SIDE,REGION-1,SubcooledLiquid,270.7234599530699,5.565439168776513,,false,UNRESOLVED,Unspecified,,,,false,,
C1-TABULATED-SURROGATE,212,270.7234599530699,R4-LIQUID-SIDE,REGION-4,SaturatedMixture,270.7234599530699,5.565383514941363,1E-06,false,UNRESOLVED,Unspecified,,,,false,,
C1-TABULATED-SURROGATE,212,270.7234599530699,R4-VAPOR-SIDE,REGION-4,SaturatedMixture,270.7234599530699,5.565383514941363,0.999999,false,UNRESOLVED,Unspecified,,,,false,,
C1-TABULATED-SURROGATE,212,270.7234599530699,R2-SIDE,REGION-2,SuperheatedVapor,270.7234599530699,5.565327861106214,,false,UNRESOLVED,Unspecified,,,,false,,
C1-TABULATED-SURROGATE,213,270.7524907827377,R1-SIDE,REGION-1,SubcooledLiquid,270.7524907827377,5.567960221564447,,false,UNRESOLVED,Unspecified,,,,false,,
C1-TABULATED-SURROGATE,213,270.7524907827377,R4-LIQUID-SIDE,REGION-4,SaturatedMixture,270.7524907827377,5.567904542519021,1E-06,false,UNRESOLVED,Unspecified,,,,false,,
C1-TABULATED-SURROGATE,213,270.7524907827377,R4-VAPOR-SIDE,REGION-4,SaturatedMixture,270.7524907827377,5.567904542519021,0.999999,false,UNRESOLVED,Unspecified,,,,false,,
C1-TABULATED-SURROGATE,213,270.7524907827377,R2-SIDE,REGION-2,SuperheatedVapor,270.7524907827377,5.567848863473596,,false,UNRESOLVED,Unspecified,,,,false,,
C1-TABULATED-SURROGATE,214,270.7539018630981,R1-SIDE,REGION-1,SubcooledLiquid,270.7539018630981,5.56808278275514,,false,UNRESOLVED,Unspecified,,,,false,,
C1-TABULATED-SURROGATE,214,270.7539018630981,R4-LIQUID-SIDE,REGION-4,SaturatedMixture,270.7539018630981,5.568027102484115,1E-06,false,UNRESOLVED,Unspecified,,,,false,,
C1-TABULATED-SURROGATE,214,270.7539018630981,R4-VAPOR-SIDE,REGION-4,SaturatedMixture,270.7539018630981,5.568027102484115,0.999999,false,UNRESOLVED,Unspecified,,,,false,,
C1-TABULATED-SURROGATE,214,270.7539018630981,R2-SIDE,REGION-2,SuperheatedVapor,270.7539018630981,5.56797142221309,,false,UNRESOLVED,Unspecified,,,,false,,
C1-TABULATED-SURROGATE,215,270.78118436336524,R1-SIDE,REGION-1,SubcooledLiquid,270.78118436336524,5.570452844179281,,false,UNRESOLVED,Unspecified,,,,false,,
C1-TABULATED-SURROGATE,215,270.78118436336524,R4-LIQUID-SIDE,REGION-4,SaturatedMixture,270.78118436336524,5.570397140207878,1E-06,false,UNRESOLVED,Unspecified,,,,false,,
C1-TABULATED-SURROGATE,215,270.78118436336524,R4-VAPOR-SIDE,REGION-4,SaturatedMixture,270.78118436336524,5.570397140207878,0.999999,false,UNRESOLVED,Unspecified,,,,false,,
C1-TABULATED-SURROGATE,215,270.78118436336524,R2-SIDE,REGION-2,SuperheatedVapor,270.78118436336524,5.570341436236476,,false,UNRESOLVED,Unspecified,,,,false,,
C1-TABULATED-SURROGATE,216,270.8030768454074,R1-SIDE,REGION-1,SubcooledLiquid,270.8030768454074,5.57235522563344,,false,UNRESOLVED,Unspecified,,,,false,,
C1-TABULATED-SURROGATE,216,270.8030768454074,R4-LIQUID-SIDE,REGION-4,SaturatedMixture,270.8030768454074,5.572299502638413,1E-06,false,UNRESOLVED,Unspecified,,,,false,,
C1-TABULATED-SURROGATE,216,270.8030768454074,R4-VAPOR-SIDE,REGION-4,SaturatedMixture,270.8030768454074,5.572299502638413,0.999999,false,UNRESOLVED,Unspecified,,,,false,,
C1-TABULATED-SURROGATE,216,270.8030768454074,R2-SIDE,REGION-2,SuperheatedVapor,270.8030768454074,5.572243779643387,,false,UNRESOLVED,Unspecified,,,,false,,
C1-TABULATED-SURROGATE,217,270.80531049966817,R1-SIDE,REGION-1,SubcooledLiquid,270.80531049966817,5.572549350396412,,false,UNRESOLVED,Unspecified,,,,false,,
C1-TABULATED-SURROGATE,217,270.80531049966817,R4-LIQUID-SIDE,REGION-4,SaturatedMixture,270.80531049966817,5.572493625460157,1E-06,false,UNRESOLVED,Unspecified,,,,false,,
C1-TABULATED-SURROGATE,217,270.80531049966817,R4-VAPOR-SIDE,REGION-4,SaturatedMixture,270.80531049966817,5.572493625460157,0.999999,false,UNRESOLVED,Unspecified,,,,false,,
C1-TABULATED-SURROGATE,217,270.80531049966817,R2-SIDE,REGION-2,SuperheatedVapor,270.80531049966817,5.572437900523902,,false,UNRESOLVED,Unspecified,,,,false,,
C1-TABULATED-SURROGATE,218,270.85275713801377,R1-SIDE,REGION-1,SubcooledLiquid,270.85275713801377,5.576674112412128,,false,UNRESOLVED,Unspecified,,,,false,,
C1-TABULATED-SURROGATE,218,270.85275713801377,R4-LIQUID-SIDE,REGION-4,SaturatedMixture,270.85275713801377,5.576618346228665,1E-06,false,UNRESOLVED,Unspecified,,,,false,,
C1-TABULATED-SURROGATE,218,270.85275713801377,R4-VAPOR-SIDE,REGION-4,SaturatedMixture,270.85275713801377,5.576618346228665,0.999999,false,UNRESOLVED,Unspecified,,,,false,,
C1-TABULATED-SURROGATE,218,270.85275713801377,R2-SIDE,REGION-2,SuperheatedVapor,270.85275713801377,5.576562580045203,,false,UNRESOLVED,Unspecified,,,,false,,
C1-TABULATED-SURROGATE,219,270.9028086423874,R1-SIDE,REGION-1,SubcooledLiquid,270.9028086423874,5.5810278540120715,,false,UNRESOLVED,Unspecified,,,,false,,
C1-TABULATED-SURROGATE,219,270.9028086423874,R4-LIQUID-SIDE,REGION-4,SaturatedMixture,270.9028086423874,5.580972044291628,1E-06,false,UNRESOLVED,Unspecified,,,,false,,
C1-TABULATED-SURROGATE,219,270.9028086423874,R4-VAPOR-SIDE,REGION-4,SaturatedMixture,270.9028086423874,5.580972044291628,0.999999,false,UNRESOLVED,Unspecified,,,,false,,
C1-TABULATED-SURROGATE,219,270.9028086423874,R2-SIDE,REGION-2,SuperheatedVapor,270.9028086423874,5.580916234571186,,false,UNRESOLVED,Unspecified,,,,false,,
C1-TABULATED-SURROGATE,220,270.9531313061716,R1-SIDE,REGION-1,SubcooledLiquid,270.9531313061716,5.585407798326034,,false,UNRESOLVED,Unspecified,,,,false,,
C1-TABULATED-SURROGATE,220,270.9531313061716,R4-LIQUID-SIDE,REGION-4,SaturatedMixture,270.9531313061716,5.585351944806585,1E-06,false,UNRESOLVED,Unspecified,,,,false,,
C1-TABULATED-SURROGATE,220,270.9531313061716,R4-VAPOR-SIDE,REGION-4,SaturatedMixture,270.9531313061716,5.585351944806585,0.999999,false,UNRESOLVED,Unspecified,,,,false,,
C1-TABULATED-SURROGATE,220,270.9531313061716,R2-SIDE,REGION-2,SuperheatedVapor,270.9531313061716,5.585296091287137,,false,UNRESOLVED,Unspecified,,,,false,,
C1-TABULATED-SURROGATE,221,271.00374035835273,R1-SIDE,REGION-1,SubcooledLiquid,271.00374035835273,5.589815315528626,,false,UNRESOLVED,Unspecified,,,,false,,
C1-TABULATED-SURROGATE,221,271.00374035835273,R4-LIQUID-SIDE,REGION-4,SaturatedMixture,271.00374035835273,5.589759417934446,1E-06,false,UNRESOLVED,Unspecified,,,,false,,
C1-TABULATED-SURROGATE,221,271.00374035835273,R4-VAPOR-SIDE,REGION-4,SaturatedMixture,271.00374035835273,5.589759417934446,0.999999,false,UNRESOLVED,Unspecified,,,,false,,
C1-TABULATED-SURROGATE,221,271.00374035835273,R2-SIDE,REGION-2,SuperheatedVapor,271.00374035835273,5.589703520340267,,false,UNRESOLVED,Unspecified,,,,false,,
C1-TABULATED-SURROGATE,222,271.0544894754886,R1-SIDE,REGION-1,SubcooledLiquid,271.0544894754886,5.594237697000598,,false,UNRESOLVED,Unspecified,,,,false,,
C1-TABULATED-SURROGATE,222,271.0544894754886,R4-LIQUID-SIDE,REGION-4,SaturatedMixture,271.0544894754886,5.594181755183046,1E-06,false,UNRESOLVED,Unspecified,,,,false,,
C1-TABULATED-SURROGATE,222,271.0544894754886,R4-VAPOR-SIDE,REGION-4,SaturatedMixture,271.0544894754886,5.594181755183046,0.999999,false,UNRESOLVED,Unspecified,,,,false,,
C1-TABULATED-SURROGATE,222,271.0544894754886,R2-SIDE,REGION-2,SuperheatedVapor,271.0544894754886,5.594125813365494,,false,UNRESOLVED,Unspecified,,,,false,,
C1-TABULATED-SURROGATE,223,271.1053811609744,R1-SIDE,REGION-1,SubcooledLiquid,271.1053811609744,5.598675184310833,,false,UNRESOLVED,Unspecified,,,,false,,
C1-TABULATED-SURROGATE,223,271.1053811609744,R4-LIQUID-SIDE,REGION-4,SaturatedMixture,271.1053811609744,5.598619198118851,1E-06,false,UNRESOLVED,Unspecified,,,,false,,
C1-TABULATED-SURROGATE,223,271.1053811609744,R4-VAPOR-SIDE,REGION-4,SaturatedMixture,271.1053811609744,5.598619198118851,0.999999,false,UNRESOLVED,Unspecified,,,,false,,
C1-TABULATED-SURROGATE,223,271.1053811609744,R2-SIDE,REGION-2,SuperheatedVapor,271.1053811609744,5.59856321192687,,false,UNRESOLVED,Unspecified,,,,false,,
C1-TABULATED-SURROGATE,224,271.15636810064314,R1-SIDE,REGION-1,SubcooledLiquid,271.15636810064314,5.603123671856725,,false,UNRESOLVED,Unspecified,,,,false,,
C1-TABULATED-SURROGATE,224,271.15636810064314,R4-LIQUID-SIDE,REGION-4,SaturatedMixture,271.15636810064314,5.603067641180313,1E-06,false,UNRESOLVED,Unspecified,,,,false,,
C1-TABULATED-SURROGATE,224,271.15636810064314,R4-VAPOR-SIDE,REGION-4,SaturatedMixture,271.15636810064314,5.603067641180313,0.999999,false,UNRESOLVED,Unspecified,,,,false,,
C1-TABULATED-SURROGATE,224,271.15636810064314,R2-SIDE,REGION-2,SuperheatedVapor,271.15636810064314,5.603011610503901,,false,UNRESOLVED,Unspecified,,,,false,,
C1-TABULATED-SURROGATE,225,271.20735141038915,R1-SIDE,REGION-1,SubcooledLiquid,271.20735141038915,5.607574540629314,,false,UNRESOLVED,Unspecified,,,,false,,
C1-TABULATED-SURROGATE,225,271.20735141038915,R4-LIQUID-SIDE,REGION-4,SaturatedMixture,271.20735141038915,5.6075184654446595,1E-06,false,UNRESOLVED,Unspecified,,,,false,,
C1-TABULATED-SURROGATE,225,271.20735141038915,R4-VAPOR-SIDE,REGION-4,SaturatedMixture,271.20735141038915,5.6075184654446595,0.999999,false,UNRESOLVED,Unspecified,,,,false,,
C1-TABULATED-SURROGATE,225,271.20735141038915,R2-SIDE,REGION-2,SuperheatedVapor,271.20735141038915,5.607462390260006,,false,UNRESOLVED,Unspecified,,,,false,,
C1-TABULATED-SURROGATE,226,271.2583651363849,R1-SIDE,REGION-1,SubcooledLiquid,271.2583651363849,5.612030766131069,,false,UNRESOLVED,Unspecified,,,,false,,
C1-TABULATED-SURROGATE,226,271.2583651363849,R4-LIQUID-SIDE,REGION-4,SaturatedMixture,271.2583651363849,5.6119746463846045,1E-06,false,UNRESOLVED,Unspecified,,,,false,,
C1-TABULATED-SURROGATE,226,271.2583651363849,R4-VAPOR-SIDE,REGION-4,SaturatedMixture,271.2583651363849,5.6119746463846045,0.999999,false,UNRESOLVED,Unspecified,,,,false,,
C1-TABULATED-SURROGATE,226,271.2583651363849,R2-SIDE,REGION-2,SuperheatedVapor,271.2583651363849,5.611918526638141,,false,UNRESOLVED,Unspecified,,,,false,,
C1-TABULATED-SURROGATE,227,271.3093077659606,R1-SIDE,REGION-1,SubcooledLiquid,271.3093077659606,5.616483478774576,,false,UNRESOLVED,Unspecified,,,,false,,
C1-TABULATED-SURROGATE,227,271.3093077659606,R4-LIQUID-SIDE,REGION-4,SaturatedMixture,271.3093077659606,5.616427314501431,1E-06,false,UNRESOLVED,Unspecified,,,,false,,
C1-TABULATED-SURROGATE,227,271.3093077659606,R4-VAPOR-SIDE,REGION-4,SaturatedMixture,271.3093077659606,5.616427314501431,0.999999,false,UNRESOLVED,Unspecified,,,,false,,
C1-TABULATED-SURROGATE,227,271.3093077659606,R2-SIDE,REGION-2,SuperheatedVapor,271.3093077659606,5.616371150228286,,false,UNRESOLVED,Unspecified,,,,false,,
C1-TABULATED-SURROGATE,228,271.36016235947625,R1-SIDE,REGION-1,SubcooledLiquid,271.36016235947625,5.62093118641792,,false,UNRESOLVED,Unspecified,,,,false,,
C1-TABULATED-SURROGATE,228,271.36016235947625,R4-LIQUID-SIDE,REGION-4,SaturatedMixture,271.36016235947625,5.620874977668143,1E-06,false,UNRESOLVED,Unspecified,,,,false,,
C1-TABULATED-SURROGATE,228,271.36016235947625,R4-VAPOR-SIDE,REGION-4,SaturatedMixture,271.36016235947625,5.620874977668143,0.999999,false,UNRESOLVED,Unspecified,,,,false,,
C1-TABULATED-SURROGATE,228,271.36016235947625,R2-SIDE,REGION-2,SuperheatedVapor,271.36016235947625,5.620818768918366,,false,UNRESOLVED,Unspecified,,,,false,,
C1-TABULATED-SURROGATE,229,271.4109251201154,R1-SIDE,REGION-1,SubcooledLiquid,271.4109251201154,5.625373543851794,,false,UNRESOLVED,Unspecified,,,,false,,
C1-TABULATED-SURROGATE,229,271.4109251201154,R4-LIQUID-SIDE,REGION-4,SaturatedMixture,271.4109251201154,5.625317290678886,1E-06,false,UNRESOLVED,Unspecified,,,,false,,
C1-TABULATED-SURROGATE,229,271.4109251201154,R4-VAPOR-SIDE,REGION-4,SaturatedMixture,271.4109251201154,5.625317290678886,0.999999,false,UNRESOLVED,Unspecified,,,,false,,
C1-TABULATED-SURROGATE,229,271.4109251201154,R2-SIDE,REGION-2,SuperheatedVapor,271.4109251201154,5.62526103750598,,false,UNRESOLVED,Unspecified,,,,false,,
C1-TABULATED-SURROGATE,230,271.46150371432316,R1-SIDE,REGION-1,SubcooledLiquid,271.46150371432316,5.629802450040749,,false,UNRESOLVED,Unspecified,,,,false,,
C1-TABULATED-SURROGATE,230,271.46150371432316,R4-LIQUID-SIDE,REGION-4,SaturatedMixture,271.46150371432316,5.629746152579223,1E-06,false,UNRESOLVED,Unspecified,,,,false,,
C1-TABULATED-SURROGATE,230,271.46150371432316,R4-VAPOR-SIDE,REGION-4,SaturatedMixture,271.46150371432316,5.629746152579223,0.999999,false,UNRESOLVED,Unspecified,,,,false,,
C1-TABULATED-SURROGATE,230,271.46150371432316,R2-SIDE,REGION-2,SuperheatedVapor,271.46150371432316,5.6296898551176975,,false,UNRESOLVED,Unspecified,,,,false,,
C1-TABULATED-SURROGATE,231,271.51193360686295,R1-SIDE,REGION-1,SubcooledLiquid,271.51193360686295,5.634220985275663,,false,UNRESOLVED,Unspecified,,,,false,,
C1-TABULATED-SURROGATE,231,271.51193360686295,R4-LIQUID-SIDE,REGION-4,SaturatedMixture,271.51193360686295,5.6341646436292265,1E-06,false,UNRESOLVED,Unspecified,,,,false,,
C1-TABULATED-SURROGATE,231,271.51193360686295,R4-VAPOR-SIDE,REGION-4,SaturatedMixture,271.51193360686295,5.6341646436292265,0.999999,false,UNRESOLVED,Unspecified,,,,false,,
C1-TABULATED-SURROGATE,231,271.51193360686295,R2-SIDE,REGION-2,SuperheatedVapor,271.51193360686295,5.63410830198279,,false,UNRESOLVED,Unspecified,,,,false,,
C1-TABULATED-SURROGATE,232,271.5621550083159,R1-SIDE,REGION-1,SubcooledLiquid,271.5621550083159,5.638623883945962,,false,UNRESOLVED,Unspecified,,,,false,,
C1-TABULATED-SURROGATE,232,271.5621550083159,R4-LIQUID-SIDE,REGION-4,SaturatedMixture,271.5621550083159,5.638567498270978,1E-06,false,UNRESOLVED,Unspecified,,,,false,,
C1-TABULATED-SURROGATE,232,271.5621550083159,R4-VAPOR-SIDE,REGION-4,SaturatedMixture,271.5621550083159,5.638567498270978,0.999999,false,UNRESOLVED,Unspecified,,,,false,,
C1-TABULATED-SURROGATE,232,271.5621550083159,R2-SIDE,REGION-2,SuperheatedVapor,271.5621550083159,5.638511112595996,,false,UNRESOLVED,Unspecified,,,,false,,
C1-TABULATED-SURROGATE,233,271.6121370434762,R1-SIDE,REGION-1,SubcooledLiquid,271.6121370434762,5.643008405188661,,false,UNRESOLVED,Unspecified,,,,false,,
C1-TABULATED-SURROGATE,233,271.6121370434762,R4-LIQUID-SIDE,REGION-4,SaturatedMixture,271.6121370434762,5.642951975668904,1E-06,false,UNRESOLVED,Unspecified,,,,false,,
C1-TABULATED-SURROGATE,233,271.6121370434762,R4-VAPOR-SIDE,REGION-4,SaturatedMixture,271.6121370434762,5.642951975668904,0.999999,false,UNRESOLVED,Unspecified,,,,false,,
C1-TABULATED-SURROGATE,233,271.6121370434762,R2-SIDE,REGION-2,SuperheatedVapor,271.6121370434762,5.6428955461491475,,false,UNRESOLVED,Unspecified,,,,false,,
C1-TABULATED-SURROGATE,234,271.66190503835685,R1-SIDE,REGION-1,SubcooledLiquid,271.66190503835685,5.647376736302868,,false,UNRESOLVED,Unspecified,,,,false,,
C1-TABULATED-SURROGATE,234,271.66190503835685,R4-LIQUID-SIDE,REGION-4,SaturatedMixture,271.66190503835685,5.647320263100236,1E-06,false,UNRESOLVED,Unspecified,,,,false,,
C1-TABULATED-SURROGATE,234,271.66190503835685,R4-VAPOR-SIDE,REGION-4,SaturatedMixture,271.66190503835685,5.647320263100236,0.999999,false,UNRESOLVED,Unspecified,,,,false,,
C1-TABULATED-SURROGATE,234,271.66190503835685,R2-SIDE,REGION-2,SuperheatedVapor,271.66190503835685,5.647263789897606,,false,UNRESOLVED,Unspecified,,,,false,,
C1-TABULATED-SURROGATE,235,271.71136682629583,R1-SIDE,REGION-1,SubcooledLiquid,271.71136682629583,5.6517207480659435,,false,UNRESOLVED,Unspecified,,,,false,,
C1-TABULATED-SURROGATE,235,271.71136682629583,R4-LIQUID-SIDE,REGION-4,SaturatedMixture,271.71136682629583,5.651664231423629,1E-06,false,UNRESOLVED,Unspecified,,,,false,,
C1-TABULATED-SURROGATE,235,271.71136682629583,R4-VAPOR-SIDE,REGION-4,SaturatedMixture,271.71136682629583,5.651664231423629,0.999999,false,UNRESOLVED,Unspecified,,,,false,,
C1-TABULATED-SURROGATE,235,271.71136682629583,R2-SIDE,REGION-2,SuperheatedVapor,271.71136682629583,5.651607714781315,,false,UNRESOLVED,Unspecified,,,,false,,
C1-TABULATED-SURROGATE,236,271.76054902672774,R1-SIDE,REGION-1,SubcooledLiquid,271.76054902672774,5.65604273406477,,false,UNRESOLVED,Unspecified,,,,false,,
C1-TABULATED-SURROGATE,236,271.76054902672774,R4-LIQUID-SIDE,REGION-4,SaturatedMixture,271.76054902672774,5.6559861742030275,1E-06,false,UNRESOLVED,Unspecified,,,,false,,
C1-TABULATED-SURROGATE,236,271.76054902672774,R4-VAPOR-SIDE,REGION-4,SaturatedMixture,271.76054902672774,5.6559861742030275,0.999999,false,UNRESOLVED,Unspecified,,,,false,,
C1-TABULATED-SURROGATE,236,271.76054902672774,R2-SIDE,REGION-2,SuperheatedVapor,271.76054902672774,5.655929614341286,,false,UNRESOLVED,Unspecified,,,,false,,
C1-TABULATED-SURROGATE,237,271.80945309996594,R1-SIDE,REGION-1,SubcooledLiquid,271.80945309996594,5.6603427807343385,,false,UNRESOLVED,Unspecified,,,,false,,
C1-TABULATED-SURROGATE,237,271.80945309996594,R4-LIQUID-SIDE,REGION-4,SaturatedMixture,271.80945309996594,5.6602861778725595,1E-06,false,UNRESOLVED,Unspecified,,,,false,,
C1-TABULATED-SURROGATE,237,271.80945309996594,R4-VAPOR-SIDE,REGION-4,SaturatedMixture,271.80945309996594,5.6602861778725595,0.999999,false,UNRESOLVED,Unspecified,,,,false,,
C1-TABULATED-SURROGATE,237,271.80945309996594,R2-SIDE,REGION-2,SuperheatedVapor,271.80945309996594,5.660229575010781,,false,UNRESOLVED,Unspecified,,,,false,,
C1-TABULATED-SURROGATE,238,271.85805572271363,R1-SIDE,REGION-1,SubcooledLiquid,271.85805572271363,5.6646187939489305,,false,UNRESOLVED,Unspecified,,,,false,,
C1-TABULATED-SURROGATE,238,271.85805572271363,R4-LIQUID-SIDE,REGION-4,SaturatedMixture,271.85805572271363,5.664562148327447,1E-06,false,UNRESOLVED,Unspecified,,,,false,,
C1-TABULATED-SURROGATE,238,271.85805572271363,R4-VAPOR-SIDE,REGION-4,SaturatedMixture,271.85805572271363,5.664562148327447,0.999999,false,UNRESOLVED,Unspecified,,,,false,,
C1-TABULATED-SURROGATE,238,271.85805572271363,R2-SIDE,REGION-2,SuperheatedVapor,271.85805572271363,5.664505502705964,,false,UNRESOLVED,Unspecified,,,,false,,
C1-TABULATED-SURROGATE,239,271.90634704828267,R1-SIDE,REGION-1,SubcooledLiquid,271.90634704828267,5.6688698617659,,false,UNRESOLVED,Unspecified,,,,false,,
C1-TABULATED-SURROGATE,239,271.90634704828267,R4-LIQUID-SIDE,REGION-4,SaturatedMixture,271.90634704828267,5.668813173634164,1E-06,false,UNRESOLVED,Unspecified,,,,false,,
C1-TABULATED-SURROGATE,239,271.90634704828267,R4-VAPOR-SIDE,REGION-4,SaturatedMixture,271.90634704828267,5.668813173634164,0.999999,false,UNRESOLVED,Unspecified,,,,false,,
C1-TABULATED-SURROGATE,239,271.90634704828267,R2-SIDE,REGION-2,SuperheatedVapor,271.90634704828267,5.668756485502428,,false,UNRESOLVED,Unspecified,,,,false,,
C1-TABULATED-SURROGATE,240,271.95431818962084,R1-SIDE,REGION-1,SubcooledLiquid,271.95431818962084,5.673095155065923,,false,UNRESOLVED,Unspecified,,,,false,,
C1-TABULATED-SURROGATE,240,271.95431818962084,R4-LIQUID-SIDE,REGION-4,SaturatedMixture,271.95431818962084,5.673038424681676,1E-06,false,UNRESOLVED,Unspecified,,,,false,,
C1-TABULATED-SURROGATE,240,271.95431818962084,R4-VAPOR-SIDE,REGION-4,SaturatedMixture,271.95431818962084,5.673038424681676,0.999999,false,UNRESOLVED,Unspecified,,,,false,,
C1-TABULATED-SURROGATE,240,271.95431818962084,R2-SIDE,REGION-2,SuperheatedVapor,271.95431818962084,5.672981694297429,,false,UNRESOLVED,Unspecified,,,,false,,
C1-TABULATED-SURROGATE,241,272.00196151137345,R1-SIDE,REGION-1,SubcooledLiquid,272.00196151137345,5.677293953569519,,false,UNRESOLVED,Unspecified,,,,false,,
C1-TABULATED-SURROGATE,241,272.00196151137345,R4-LIQUID-SIDE,REGION-4,SaturatedMixture,272.00196151137345,5.6772371811977065,1E-06,false,UNRESOLVED,Unspecified,,,,false,,
C1-TABULATED-SURROGATE,241,272.00196151137345,R4-VAPOR-SIDE,REGION-4,SaturatedMixture,272.00196151137345,5.6772371811977065,0.999999,false,UNRESOLVED,Unspecified,,,,false,,
C1-TABULATED-SURROGATE,241,272.00196151137345,R2-SIDE,REGION-2,SuperheatedVapor,272.00196151137345,5.677180408825895,,false,UNRESOLVED,Unspecified,,,,false,,
C1-TABULATED-SURROGATE,242,272.04927046298974,R1-SIDE,REGION-1,SubcooledLiquid,272.04927046298974,5.681465631454847,,false,UNRESOLVED,Unspecified,,,,false,,
C1-TABULATED-SURROGATE,242,272.04927046298974,R4-LIQUID-SIDE,REGION-4,SaturatedMixture,272.04927046298974,5.681408817366673,1E-06,false,UNRESOLVED,Unspecified,,,,false,,
C1-TABULATED-SURROGATE,242,272.04927046298974,R4-VAPOR-SIDE,REGION-4,SaturatedMixture,272.04927046298974,5.681408817366673,0.999999,false,UNRESOLVED,Unspecified,,,,false,,
C1-TABULATED-SURROGATE,242,272.04927046298974,R2-SIDE,REGION-2,SuperheatedVapor,272.04927046298974,5.6813520032785,,false,UNRESOLVED,Unspecified,,,,false,,
C1-TABULATED-SURROGATE,243,272.09623962044714,R1-SIDE,REGION-1,SubcooledLiquid,272.09623962044714,5.6856096613319425,,false,UNRESOLVED,Unspecified,,,,false,,
C1-TABULATED-SURROGATE,243,272.09623962044714,R4-LIQUID-SIDE,REGION-4,SaturatedMixture,272.09623962044714,5.6855528058038844,1E-06,false,UNRESOLVED,Unspecified,,,,false,,
C1-TABULATED-SURROGATE,243,272.09623962044714,R4-VAPOR-SIDE,REGION-4,SaturatedMixture,272.09623962044714,5.6855528058038844,0.999999,false,UNRESOLVED,Unspecified,,,,false,,
C1-TABULATED-SURROGATE,243,272.09623962044714,R2-SIDE,REGION-2,SuperheatedVapor,272.09623962044714,5.685495950275826,,false,UNRESOLVED,Unspecified,,,,false,,
C1-TABULATED-SURROGATE,244,272.1428643941882,R1-SIDE,REGION-1,SubcooledLiquid,272.1428643941882,5.689725588750373,,false,UNRESOLVED,Unspecified,,,,false,,
C1-TABULATED-SURROGATE,244,272.1428643941882,R4-LIQUID-SIDE,REGION-4,SaturatedMixture,272.1428643941882,5.689668692063452,1E-06,false,UNRESOLVED,Unspecified,,,,false,,
C1-TABULATED-SURROGATE,244,272.1428643941882,R4-VAPOR-SIDE,REGION-4,SaturatedMixture,272.1428643941882,5.689668692063452,0.999999,false,UNRESOLVED,Unspecified,,,,false,,
C1-TABULATED-SURROGATE,244,272.1428643941882,R2-SIDE,REGION-2,SuperheatedVapor,272.1428643941882,5.689611795376532,,false,UNRESOLVED,Unspecified,,,,false,,
C1-TABULATED-SURROGATE,245,272.18914115428936,R1-SIDE,REGION-1,SubcooledLiquid,272.18914115428936,5.693813043479046,,false,UNRESOLVED,Unspecified,,,,false,,
C1-TABULATED-SURROGATE,245,272.18914115428936,R4-LIQUID-SIDE,REGION-4,SaturatedMixture,272.18914115428936,5.693756105917986,1E-06,false,UNRESOLVED,Unspecified,,,,false,,
C1-TABULATED-SURROGATE,245,272.18914115428936,R4-VAPOR-SIDE,REGION-4,SaturatedMixture,272.18914115428936,5.693756105917986,0.999999,false,UNRESOLVED,Unspecified,,,,false,,
C1-TABULATED-SURROGATE,245,272.18914115428936,R2-SIDE,REGION-2,SuperheatedVapor,272.18914115428936,5.693699168356927,,false,UNRESOLVED,Unspecified,,,,false,,
C1-TABULATED-SURROGATE,246,272.23506702184693,R1-SIDE,REGION-1,SubcooledLiquid,272.23506702184693,5.697871721312088,,false,UNRESOLVED,Unspecified,,,,false,,
C1-TABULATED-SURROGATE,246,272.23506702184693,R4-LIQUID-SIDE,REGION-4,SaturatedMixture,272.23506702184693,5.697814743164656,1E-06,false,UNRESOLVED,Unspecified,,,,false,,
C1-TABULATED-SURROGATE,246,272.23506702184693,R4-VAPOR-SIDE,REGION-4,SaturatedMixture,272.23506702184693,5.697814743164656,0.999999,false,UNRESOLVED,Unspecified,,,,false,,
C1-TABULATED-SURROGATE,246,272.23506702184693,R2-SIDE,REGION-2,SuperheatedVapor,272.23506702184693,5.697757765017225,,false,UNRESOLVED,Unspecified,,,,false,,
C1-TABULATED-SURROGATE,247,272.2806400775909,R1-SIDE,REGION-1,SubcooledLiquid,272.2806400775909,5.701901402712715,,false,UNRESOLVED,Unspecified,,,,false,,
C1-TABULATED-SURROGATE,247,272.2806400775909,R4-LIQUID-SIDE,REGION-4,SaturatedMixture,272.2806400775909,5.701844384268872,1E-06,false,UNRESOLVED,Unspecified,,,,false,,
C1-TABULATED-SURROGATE,247,272.2806400775909,R4-VAPOR-SIDE,REGION-4,SaturatedMixture,272.2806400775909,5.701844384268872,0.999999,false,UNRESOLVED,Unspecified,,,,false,,
C1-TABULATED-SURROGATE,247,272.2806400775909,R2-SIDE,REGION-2,SuperheatedVapor,272.2806400775909,5.701787365825029,,false,UNRESOLVED,Unspecified,,,,false,,
C1-TABULATED-SURROGATE,248,272.32585906982433,R1-SIDE,REGION-1,SubcooledLiquid,272.32585906982433,5.705901927205711,,false,UNRESOLVED,Unspecified,,,,false,,
C1-TABULATED-SURROGATE,248,272.32585906982433,R4-LIQUID-SIDE,REGION-4,SaturatedMixture,272.32585906982433,5.705844868757024,1E-06,false,UNRESOLVED,Unspecified,,,,false,,
C1-TABULATED-SURROGATE,248,272.32585906982433,R4-VAPOR-SIDE,REGION-4,SaturatedMixture,272.32585906982433,5.705844868757024,0.999999,false,UNRESOLVED,Unspecified,,,,false,,
C1-TABULATED-SURROGATE,248,272.32585906982433,R2-SIDE,REGION-2,SuperheatedVapor,272.32585906982433,5.705787810308336,,false,UNRESOLVED,Unspecified,,,,false,,
C1-TABULATED-SURROGATE,249,272.3707235813141,R1-SIDE,REGION-1,SubcooledLiquid,272.3707235813141,5.709873208318444,,false,UNRESOLVED,Unspecified,,,,false,,
C1-TABULATED-SURROGATE,249,272.3707235813141,R4-LIQUID-SIDE,REGION-4,SaturatedMixture,272.3707235813141,5.709816110157342,1E-06,false,UNRESOLVED,Unspecified,,,,false,,
C1-TABULATED-SURROGATE,249,272.3707235813141,R4-VAPOR-SIDE,REGION-4,SaturatedMixture,272.3707235813141,5.709816110157342,0.999999,false,UNRESOLVED,Unspecified,,,,false,,
C1-TABULATED-SURROGATE,249,272.3707235813141,R2-SIDE,REGION-2,SuperheatedVapor,272.3707235813141,5.7097590119962405,,false,UNRESOLVED,Unspecified,,,,false,,
C1-TABULATED-SURROGATE,250,272.41523357033736,R1-SIDE,REGION-1,SubcooledLiquid,272.41523357033736,5.71381519312334,,false,UNRESOLVED,Unspecified,,,,false,,
C1-TABULATED-SURROGATE,250,272.41523357033736,R4-LIQUID-SIDE,REGION-4,SaturatedMixture,272.41523357033736,5.713758055542784,1E-06,false,UNRESOLVED,Unspecified,,,,false,,
C1-TABULATED-SURROGATE,250,272.41523357033736,R4-VAPOR-SIDE,REGION-4,SaturatedMixture,272.41523357033736,5.713758055542784,0.999999,false,UNRESOLVED,Unspecified,,,,false,,
C1-TABULATED-SURROGATE,250,272.41523357033736,R2-SIDE,REGION-2,SuperheatedVapor,272.41523357033736,5.713700917962229,,false,UNRESOLVED,Unspecified,,,,false,,
C1-TABULATED-SURROGATE,251,272.45532531738286,R1-SIDE,REGION-1,SubcooledLiquid,272.45532531738286,5.717367658929444,,false,UNRESOLVED,Unspecified,,,,false,,
C1-TABULATED-SURROGATE,251,272.45532531738286,R4-LIQUID-SIDE,REGION-4,SaturatedMixture,272.45532531738286,5.717310485824585,1E-06,false,UNRESOLVED,Unspecified,,,,false,,
C1-TABULATED-SURROGATE,251,272.45532531738286,R4-VAPOR-SIDE,REGION-4,SaturatedMixture,272.45532531738286,5.717310485824585,0.999999,false,UNRESOLVED,Unspecified,,,,false,,
C1-TABULATED-SURROGATE,251,272.45532531738286,R2-SIDE,REGION-2,SuperheatedVapor,272.45532531738286,5.717253312719727,,false,UNRESOLVED,Unspecified,,,,false,,
C1-TABULATED-SURROGATE,252,272.4857955574988,R1-SIDE,REGION-1,SubcooledLiquid,272.4857955574988,5.720068705998149,,false,UNRESOLVED,Unspecified,,,,false,,
C1-TABULATED-SURROGATE,252,272.4857955574988,R4-LIQUID-SIDE,REGION-4,SaturatedMixture,272.4857955574988,5.72001150588309,1E-06,false,UNRESOLVED,Unspecified,,,,false,,
C1-TABULATED-SURROGATE,252,272.4857955574988,R4-VAPOR-SIDE,REGION-4,SaturatedMixture,272.4857955574988,5.72001150588309,0.999999,false,UNRESOLVED,Unspecified,,,,false,,
C1-TABULATED-SURROGATE,252,272.4857955574988,R2-SIDE,REGION-2,SuperheatedVapor,272.4857955574988,5.719954305768031,,false,UNRESOLVED,Unspecified,,,,false,,
C1-TABULATED-SURROGATE,253,273.6084401816131,R1-SIDE,REGION-1,SubcooledLiquid,273.6084401816131,5.820267174253091,,false,UNRESOLVED,Unspecified,,,,false,,
C1-TABULATED-SURROGATE,253,273.6084401816131,R4-LIQUID-SIDE,REGION-4,SaturatedMixture,273.6084401816131,5.820208972163369,1E-06,false,UNRESOLVED,Unspecified,,,,false,,
C1-TABULATED-SURROGATE,253,273.6084401816131,R4-VAPOR-SIDE,REGION-4,SaturatedMixture,273.6084401816131,5.820208972163369,0.999999,false,UNRESOLVED,Unspecified,,,,false,,
C1-TABULATED-SURROGATE,253,273.6084401816131,R2-SIDE,REGION-2,SuperheatedVapor,273.6084401816131,5.820150770073648,,false,UNRESOLVED,Unspecified,,,,false,,
C1-TABULATED-SURROGATE,254,273.6215528190136,R1-SIDE,REGION-1,SubcooledLiquid,273.6215528190136,5.821445366863253,,false,UNRESOLVED,Unspecified,,,,false,,
C1-TABULATED-SURROGATE,254,273.6215528190136,R4-LIQUID-SIDE,REGION-4,SaturatedMixture,273.6215528190136,5.821387152991723,1E-06,false,UNRESOLVED,Unspecified,,,,false,,
C1-TABULATED-SURROGATE,254,273.6215528190136,R4-VAPOR-SIDE,REGION-4,SaturatedMixture,273.6215528190136,5.821387152991723,0.999999,false,UNRESOLVED,Unspecified,,,,false,,
C1-TABULATED-SURROGATE,254,273.6215528190136,R2-SIDE,REGION-2,SuperheatedVapor,273.6215528190136,5.8213289391201934,,false,UNRESOLVED,Unspecified,,,,false,,
C1-TABULATED-SURROGATE,255,273.68795581161976,R1-SIDE,REGION-1,SubcooledLiquid,273.68795581161976,5.8274145841073945,,false,UNRESOLVED,Unspecified,,,,false,,
C1-TABULATED-SURROGATE,255,273.68795581161976,R4-LIQUID-SIDE,REGION-4,SaturatedMixture,273.68795581161976,5.827356310544289,1E-06,false,UNRESOLVED,Unspecified,,,,false,,
C1-TABULATED-SURROGATE,255,273.68795581161976,R4-VAPOR-SIDE,REGION-4,SaturatedMixture,273.68795581161976,5.827356310544289,0.999999,false,UNRESOLVED,Unspecified,,,,false,,
C1-TABULATED-SURROGATE,255,273.68795581161976,R2-SIDE,REGION-2,SuperheatedVapor,273.68795581161976,5.827298036981183,,false,UNRESOLVED,Unspecified,,,,false,,
C1-TABULATED-SURROGATE,256,273.8153027057647,R1-SIDE,REGION-1,SubcooledLiquid,273.8153027057647,5.838875354157347,,false,UNRESOLVED,Unspecified,,,,false,,
C1-TABULATED-SURROGATE,256,273.8153027057647,R4-LIQUID-SIDE,REGION-4,SaturatedMixture,273.8153027057647,5.838816965987687,1E-06,false,UNRESOLVED,Unspecified,,,,false,,
C1-TABULATED-SURROGATE,256,273.8153027057647,R4-VAPOR-SIDE,REGION-4,SaturatedMixture,273.8153027057647,5.838816965987687,0.999999,false,UNRESOLVED,Unspecified,,,,false,,
C1-TABULATED-SURROGATE,256,273.8153027057647,R2-SIDE,REGION-2,SuperheatedVapor,273.8153027057647,5.8387585778180275,,false,UNRESOLVED,Unspecified,,,,false,,
C1-TABULATED-SURROGATE,257,273.84035230278926,R1-SIDE,REGION-1,SubcooledLiquid,273.84035230278926,5.841131753297155,,false,UNRESOLVED,Unspecified,,,,false,,
C1-TABULATED-SURROGATE,257,273.84035230278926,R4-LIQUID-SIDE,REGION-4,SaturatedMixture,273.84035230278926,5.841073342563729,1E-06,false,UNRESOLVED,Unspecified,,,,false,,
C1-TABULATED-SURROGATE,257,273.84035230278926,R4-VAPOR-SIDE,REGION-4,SaturatedMixture,273.84035230278926,5.841073342563729,0.999999,false,UNRESOLVED,Unspecified,,,,false,,
C1-TABULATED-SURROGATE,257,273.84035230278926,R2-SIDE,REGION-2,SuperheatedVapor,273.84035230278926,5.841014931830304,,false,UNRESOLVED,Unspecified,,,,false,,
C1-TABULATED-SURROGATE,258,273.96743665337556,R1-SIDE,REGION-1,SubcooledLiquid,273.96743665337556,5.852589422274065,,false,UNRESOLVED,Unspecified,,,,false,,
C1-TABULATED-SURROGATE,258,273.96743665337556,R4-LIQUID-SIDE,REGION-4,SaturatedMixture,273.96743665337556,5.852530896965095,1E-06,false,UNRESOLVED,Unspecified,,,,false,,
C1-TABULATED-SURROGATE,258,273.96743665337556,R4-VAPOR-SIDE,REGION-4,SaturatedMixture,273.96743665337556,5.852530896965095,0.999999,false,UNRESOLVED,Unspecified,,,,false,,
C1-TABULATED-SURROGATE,258,273.96743665337556,R2-SIDE,REGION-2,SuperheatedVapor,273.96743665337556,5.852472371656125,,false,UNRESOLVED,Unspecified,,,,false,,
C1-TABULATED-SURROGATE,259,274.1351564466953,R1-SIDE,REGION-1,SubcooledLiquid,274.1351564466953,5.867736958825487,,false,UNRESOLVED,Unspecified,,,,false,,
C1-TABULATED-SURROGATE,259,274.1351564466953,R4-LIQUID-SIDE,REGION-4,SaturatedMixture,274.1351564466953,5.867678282042666,1E-06,false,UNRESOLVED,Unspecified,,,,false,,
C1-TABULATED-SURROGATE,259,274.1351564466953,R4-VAPOR-SIDE,REGION-4,SaturatedMixture,274.1351564466953,5.867678282042666,0.999999,false,UNRESOLVED,Unspecified,,,,false,,
C1-TABULATED-SURROGATE,259,274.1351564466953,R2-SIDE,REGION-2,SuperheatedVapor,274.1351564466953,5.867619605259846,,false,UNRESOLVED,Unspecified,,,,false,,
C1-TABULATED-SURROGATE,260,274.3160987555981,R1-SIDE,REGION-1,SubcooledLiquid,274.3160987555981,5.88411222739679,,false,UNRESOLVED,Unspecified,,,,false,,
C1-TABULATED-SURROGATE,260,274.3160987555981,R4-LIQUID-SIDE,REGION-4,SaturatedMixture,274.3160987555981,5.884053386862921,1E-06,false,UNRESOLVED,Unspecified,,,,false,,
C1-TABULATED-SURROGATE,260,274.3160987555981,R4-VAPOR-SIDE,REGION-4,SaturatedMixture,274.3160987555981,5.884053386862921,0.999999,false,UNRESOLVED,Unspecified,,,,false,,
C1-TABULATED-SURROGATE,260,274.3160987555981,R2-SIDE,REGION-2,SuperheatedVapor,274.3160987555981,5.883994546329053,,false,UNRESOLVED,Unspecified,,,,false,,
C1-TABULATED-SURROGATE,261,274.4903302550314,R1-SIDE,REGION-1,SubcooledLiquid,274.4903302550314,5.899913120456926,,false,UNRESOLVED,Unspecified,,,,false,,
C1-TABULATED-SURROGATE,261,274.4903302550314,R4-LIQUID-SIDE,REGION-4,SaturatedMixture,274.4903302550314,5.899854121915706,1E-06,false,UNRESOLVED,Unspecified,,,,false,,
C1-TABULATED-SURROGATE,261,274.4903302550314,R4-VAPOR-SIDE,REGION-4,SaturatedMixture,274.4903302550314,5.899854121915706,0.999999,false,UNRESOLVED,Unspecified,,,,false,,
C1-TABULATED-SURROGATE,261,274.4903302550314,R2-SIDE,REGION-2,SuperheatedVapor,274.4903302550314,5.899795123374488,,false,UNRESOLVED,Unspecified,,,,false,,
C1-TABULATED-SURROGATE,262,274.66211806535716,R1-SIDE,REGION-1,SubcooledLiquid,274.66211806535716,5.915524095625014,,false,UNRESOLVED,Unspecified,,,,false,,
C1-TABULATED-SURROGATE,262,274.66211806535716,R4-LIQUID-SIDE,REGION-4,SaturatedMixture,274.66211806535716,5.915464940975604,1E-06,false,UNRESOLVED,Unspecified,,,,false,,
C1-TABULATED-SURROGATE,262,274.66211806535716,R4-VAPOR-SIDE,REGION-4,SaturatedMixture,274.66211806535716,5.915464940975604,0.999999,false,UNRESOLVED,Unspecified,,,,false,,
C1-TABULATED-SURROGATE,262,274.66211806535716,R2-SIDE,REGION-2,SuperheatedVapor,274.66211806535716,5.915405786326195,,false,UNRESOLVED,Unspecified,,,,false,,
C1-TABULATED-SURROGATE,263,274.83064057230956,R1-SIDE,REGION-1,SubcooledLiquid,274.83064057230956,5.930868966071628,,false,UNRESOLVED,Unspecified,,,,false,,
C1-TABULATED-SURROGATE,263,274.83064057230956,R4-LIQUID-SIDE,REGION-4,SaturatedMixture,274.83064057230956,5.930809657975048,1E-06,false,UNRESOLVED,Unspecified,,,,false,,
C1-TABULATED-SURROGATE,263,274.83064057230956,R4-VAPOR-SIDE,REGION-4,SaturatedMixture,274.83064057230956,5.930809657975048,0.999999,false,UNRESOLVED,Unspecified,,,,false,,
C1-TABULATED-SURROGATE,263,274.83064057230956,R2-SIDE,REGION-2,SuperheatedVapor,274.83064057230956,5.930750349878468,,false,UNRESOLVED,Unspecified,,,,false,,
C1-TABULATED-SURROGATE,264,274.9943043649197,R1-SIDE,REGION-1,SubcooledLiquid,274.9943043649197,5.945800496543902,,false,UNRESOLVED,Unspecified,,,,false,,
C1-TABULATED-SURROGATE,264,274.9943043649197,R4-LIQUID-SIDE,REGION-4,SaturatedMixture,274.9943043649197,5.945741039133511,1E-06,true,REGION-4-MIXTURE-TABLE,SaturatedMixture,274.99429845809937,5.945743527079285,9.976537952470973E-07,true,-5.9068203199785785E-06,2.48794577473177E-06
C1-TABULATED-SURROGATE,264,274.9943043649197,R4-VAPOR-SIDE,REGION-4,SaturatedMixture,274.9943043649197,5.945741039133511,0.999999,false,UNRESOLVED,Unspecified,,,,false,,
C1-TABULATED-SURROGATE,264,274.9943043649197,R2-SIDE,REGION-2,SuperheatedVapor,274.9943043649197,5.94568158172312,,false,UNRESOLVED,Unspecified,,,,false,,
C1-TABULATED-SURROGATE,265,275.1527390658854,R1-SIDE,REGION-1,SubcooledLiquid,275.1527390658854,5.960282286154091,,false,UNRESOLVED,Unspecified,,,,false,,
C1-TABULATED-SURROGATE,265,275.1527390658854,R4-LIQUID-SIDE,REGION-4,SaturatedMixture,275.1527390658854,5.960222683927252,1E-06,false,UNRESOLVED,Unspecified,,,,false,,
C1-TABULATED-SURROGATE,265,275.1527390658854,R4-VAPOR-SIDE,REGION-4,SaturatedMixture,275.1527390658854,5.960222683927252,0.999999,false,UNRESOLVED,Unspecified,,,,false,,
C1-TABULATED-SURROGATE,265,275.1527390658854,R2-SIDE,REGION-2,SuperheatedVapor,275.1527390658854,5.960163081700412,,false,UNRESOLVED,Unspecified,,,,false,,
C1-TABULATED-SURROGATE,266,275.1843705475329,R1-SIDE,REGION-1,SubcooledLiquid,275.1843705475329,5.963176797082566,,false,UNRESOLVED,Unspecified,,,,false,,
C1-TABULATED-SURROGATE,266,275.1843705475329,R4-LIQUID-SIDE,REGION-4,SaturatedMixture,275.1843705475329,5.963117165910907,1E-06,false,UNRESOLVED,Unspecified,,,,false,,
C1-TABULATED-SURROGATE,266,275.1843705475329,R4-VAPOR-SIDE,REGION-4,SaturatedMixture,275.1843705475329,5.963117165910907,0.999999,false,UNRESOLVED,Unspecified,,,,false,,
C1-TABULATED-SURROGATE,266,275.1843705475329,R2-SIDE,REGION-2,SuperheatedVapor,275.1843705475329,5.963057534739248,,false,UNRESOLVED,Unspecified,,,,false,,
C1-TABULATED-SURROGATE,267,275.18437056839457,R1-SIDE,REGION-1,SubcooledLiquid,275.18437056839457,5.963176798991923,,false,UNRESOLVED,Unspecified,,,,false,,
C1-TABULATED-SURROGATE,267,275.18437056839457,R4-LIQUID-SIDE,REGION-4,SaturatedMixture,275.18437056839457,5.963117167820244,1E-06,false,UNRESOLVED,Unspecified,,,,false,,
C1-TABULATED-SURROGATE,267,275.18437056839457,R4-VAPOR-SIDE,REGION-4,SaturatedMixture,275.18437056839457,5.963117167820244,0.999999,false,UNRESOLVED,Unspecified,,,,false,,
C1-TABULATED-SURROGATE,267,275.18437056839457,R2-SIDE,REGION-2,SuperheatedVapor,275.18437056839457,5.9630575366485665,,false,UNRESOLVED,Unspecified,,,,false,,
C1-TABULATED-SURROGATE,268,275.1843705892562,R1-SIDE,REGION-1,SubcooledLiquid,275.1843705892562,5.963176800901273,,false,UNRESOLVED,Unspecified,,,,false,,
C1-TABULATED-SURROGATE,268,275.1843705892562,R4-LIQUID-SIDE,REGION-4,SaturatedMixture,275.1843705892562,5.963117169729576,1E-06,false,UNRESOLVED,Unspecified,,,,false,,
C1-TABULATED-SURROGATE,268,275.1843705892562,R4-VAPOR-SIDE,REGION-4,SaturatedMixture,275.1843705892562,5.963117169729576,0.999999,false,UNRESOLVED,Unspecified,,,,false,,
C1-TABULATED-SURROGATE,268,275.1843705892562,R2-SIDE,REGION-2,SuperheatedVapor,275.1843705892562,5.963057538557878,,false,UNRESOLVED,Unspecified,,,,false,,
C1-TABULATED-SURROGATE,269,275.26000683307655,R1-SIDE,REGION-1,SubcooledLiquid,275.26000683307655,5.97010241956752,,false,UNRESOLVED,Unspecified,,,,false,,
C1-TABULATED-SURROGATE,269,275.26000683307655,R4-LIQUID-SIDE,REGION-4,SaturatedMixture,275.26000683307655,5.970042719140328,1E-06,false,UNRESOLVED,Unspecified,,,,false,,
C1-TABULATED-SURROGATE,269,275.26000683307655,R4-VAPOR-SIDE,REGION-4,SaturatedMixture,275.26000683307655,5.970042719140328,0.999999,false,UNRESOLVED,Unspecified,,,,false,,
C1-TABULATED-SURROGATE,269,275.26000683307655,R2-SIDE,REGION-2,SuperheatedVapor,275.26000683307655,5.969983018713137,,false,UNRESOLVED,Unspecified,,,,false,,
C1-TABULATED-SURROGATE,270,275.3103550732136,R1-SIDE,REGION-1,SubcooledLiquid,275.3103550732136,5.974715950385823,,false,UNRESOLVED,Unspecified,,,,false,,
C1-TABULATED-SURROGATE,270,275.3103550732136,R4-LIQUID-SIDE,REGION-4,SaturatedMixture,275.3103550732136,5.974656203823785,1E-06,false,UNRESOLVED,Unspecified,,,,false,,
C1-TABULATED-SURROGATE,270,275.3103550732136,R4-VAPOR-SIDE,REGION-4,SaturatedMixture,275.3103550732136,5.974656203823785,0.999999,false,UNRESOLVED,Unspecified,,,,false,,
C1-TABULATED-SURROGATE,270,275.3103550732136,R2-SIDE,REGION-2,SuperheatedVapor,275.3103550732136,5.974596457261747,,false,UNRESOLVED,Unspecified,,,,false,,
C1-TABULATED-SURROGATE,271,275.46072360575204,R1-SIDE,REGION-1,SubcooledLiquid,275.46072360575204,5.988510788771929,,false,UNRESOLVED,Unspecified,,,,false,,
C1-TABULATED-SURROGATE,271,275.46072360575204,R4-LIQUID-SIDE,REGION-4,SaturatedMixture,275.46072360575204,5.988450904262886,1E-06,false,UNRESOLVED,Unspecified,,,,false,,
C1-TABULATED-SURROGATE,271,275.46072360575204,R4-VAPOR-SIDE,REGION-4,SaturatedMixture,275.46072360575204,5.988450904262886,0.999999,false,UNRESOLVED,Unspecified,,,,false,,
C1-TABULATED-SURROGATE,271,275.46072360575204,R2-SIDE,REGION-2,SuperheatedVapor,275.46072360575204,5.988391019753844,,false,UNRESOLVED,Unspecified,,,,false,,
C1-TABULATED-SURROGATE,272,275.6050840735436,R1-SIDE,REGION-1,SubcooledLiquid,275.6050840735436,6.001777314199232,,false,UNRESOLVED,Unspecified,,,,false,,
C1-TABULATED-SURROGATE,272,275.6050840735436,R4-LIQUID-SIDE,REGION-4,SaturatedMixture,275.6050840735436,6.001717297026261,1E-06,false,UNRESOLVED,Unspecified,,,,false,,
C1-TABULATED-SURROGATE,272,275.6050840735436,R4-VAPOR-SIDE,REGION-4,SaturatedMixture,275.6050840735436,6.001717297026261,0.999999,false,UNRESOLVED,Unspecified,,,,false,,
C1-TABULATED-SURROGATE,272,275.6050840735436,R2-SIDE,REGION-2,SuperheatedVapor,275.6050840735436,6.001657279853291,,false,UNRESOLVED,Unspecified,,,,false,,
C1-TABULATED-SURROGATE,273,275.7495581537486,R1-SIDE,REGION-1,SubcooledLiquid,275.7495581537486,6.015076735461899,,false,UNRESOLVED,Unspecified,,,,false,,
C1-TABULATED-SURROGATE,273,275.7495581537486,R4-LIQUID-SIDE,REGION-4,SaturatedMixture,275.7495581537486,6.0150165852960455,1E-06,false,UNRESOLVED,Unspecified,,,,false,,
C1-TABULATED-SURROGATE,273,275.7495581537486,R4-VAPOR-SIDE,REGION-4,SaturatedMixture,275.7495581537486,6.0150165852960455,0.999999,false,UNRESOLVED,Unspecified,,,,false,,
C1-TABULATED-SURROGATE,273,275.7495581537486,R2-SIDE,REGION-2,SuperheatedVapor,275.7495581537486,6.014956435130193,,false,UNRESOLVED,Unspecified,,,,false,,
C1-TABULATED-SURROGATE,274,275.8048092722893,R1-SIDE,REGION-1,SubcooledLiquid,275.8048092722893,6.020168767202633,,false,UNRESOLVED,Unspecified,,,,false,,
C1-TABULATED-SURROGATE,274,275.8048092722893,R4-LIQUID-SIDE,REGION-4,SaturatedMixture,275.8048092722893,6.0201085661169715,1E-06,false,UNRESOLVED,Unspecified,,,,false,,
C1-TABULATED-SURROGATE,274,275.8048092722893,R4-VAPOR-SIDE,REGION-4,SaturatedMixture,275.8048092722893,6.0201085661169715,0.999999,false,UNRESOLVED,Unspecified,,,,false,,
C1-TABULATED-SURROGATE,274,275.8048092722893,R2-SIDE,REGION-2,SuperheatedVapor,275.8048092722893,6.020048365031311,,false,UNRESOLVED,Unspecified,,,,false,,
C1-TABULATED-SURROGATE,275,275.8487251222133,R1-SIDE,REGION-1,SubcooledLiquid,275.8487251222133,6.0242184696131496,,false,UNRESOLVED,Unspecified,,,,false,,
C1-TABULATED-SURROGATE,275,275.8487251222133,R4-LIQUID-SIDE,REGION-4,SaturatedMixture,275.8487251222133,6.024158228030869,1E-06,false,UNRESOLVED,Unspecified,,,,false,,
C1-TABULATED-SURROGATE,275,275.8487251222133,R4-VAPOR-SIDE,REGION-4,SaturatedMixture,275.8487251222133,6.024158228030869,0.999999,false,UNRESOLVED,Unspecified,,,,false,,
C1-TABULATED-SURROGATE,275,275.8487251222133,R2-SIDE,REGION-2,SuperheatedVapor,275.8487251222133,6.024097986448589,,false,UNRESOLVED,Unspecified,,,,false,,
C1-TABULATED-SURROGATE,276,275.95865174531946,R1-SIDE,REGION-1,SubcooledLiquid,275.95865174531946,6.034364478821478,,false,UNRESOLVED,Unspecified,,,,false,,
C1-TABULATED-SURROGATE,276,275.95865174531946,R4-LIQUID-SIDE,REGION-4,SaturatedMixture,275.95865174531946,6.034304135780119,1E-06,false,UNRESOLVED,Unspecified,,,,false,,
C1-TABULATED-SURROGATE,276,275.95865174531946,R4-VAPOR-SIDE,REGION-4,SaturatedMixture,275.95865174531946,6.034304135780119,0.999999,false,UNRESOLVED,Unspecified,,,,false,,
C1-TABULATED-SURROGATE,276,275.95865174531946,R2-SIDE,REGION-2,SuperheatedVapor,275.95865174531946,6.034243792738762,,false,UNRESOLVED,Unspecified,,,,false,,
C1-TABULATED-SURROGATE,277,276.1304154813289,R1-SIDE,REGION-1,SubcooledLiquid,276.1304154813289,6.050244046191057,,false,UNRESOLVED,Unspecified,,,,false,,
C1-TABULATED-SURROGATE,277,276.1304154813289,R4-LIQUID-SIDE,REGION-4,SaturatedMixture,276.1304154813289,6.050183544355614,1E-06,false,UNRESOLVED,Unspecified,,,,false,,
C1-TABULATED-SURROGATE,277,276.1304154813289,R4-VAPOR-SIDE,REGION-4,SaturatedMixture,276.1304154813289,6.050183544355614,0.999999,false,UNRESOLVED,Unspecified,,,,false,,
C1-TABULATED-SURROGATE,277,276.1304154813289,R2-SIDE,REGION-2,SuperheatedVapor,276.1304154813289,6.050123042520171,,false,UNRESOLVED,Unspecified,,,,false,,
C1-TABULATED-SURROGATE,278,276.3073304116723,R1-SIDE,REGION-1,SubcooledLiquid,276.3073304116723,6.066633178286155,,false,UNRESOLVED,Unspecified,,,,false,,
C1-TABULATED-SURROGATE,278,276.3073304116723,R4-LIQUID-SIDE,REGION-4,SaturatedMixture,276.3073304116723,6.066572512561029,1E-06,false,UNRESOLVED,Unspecified,,,,false,,
C1-TABULATED-SURROGATE,278,276.3073304116723,R4-VAPOR-SIDE,REGION-4,SaturatedMixture,276.3073304116723,6.066572512561029,0.999999,false,UNRESOLVED,Unspecified,,,,false,,
C1-TABULATED-SURROGATE,278,276.3073304116723,R2-SIDE,REGION-2,SuperheatedVapor,276.3073304116723,6.066511846835904,,false,UNRESOLVED,Unspecified,,,,false,,
C1-TABULATED-SURROGATE,279,276.49290496110916,R1-SIDE,REGION-1,SubcooledLiquid,276.49290496110916,6.083860930246919,,false,UNRESOLVED,Unspecified,,,,false,,
C1-TABULATED-SURROGATE,279,276.49290496110916,R4-LIQUID-SIDE,REGION-4,SaturatedMixture,276.49290496110916,6.083800092245996,1E-06,false,UNRESOLVED,Unspecified,,,,false,,
C1-TABULATED-SURROGATE,279,276.49290496110916,R4-VAPOR-SIDE,REGION-4,SaturatedMixture,276.49290496110916,6.083800092245996,0.999999,false,UNRESOLVED,Unspecified,,,,false,,
C1-TABULATED-SURROGATE,279,276.49290496110916,R2-SIDE,REGION-2,SuperheatedVapor,276.49290496110916,6.0837392542450734,,false,UNRESOLVED,Unspecified,,,,false,,
C1-TABULATED-SURROGATE,280,276.68489103913305,R1-SIDE,REGION-1,SubcooledLiquid,276.68489103913305,6.101723182693757,,false,UNRESOLVED,Unspecified,,,,false,,
C1-TABULATED-SURROGATE,280,276.68489103913305,R4-LIQUID-SIDE,REGION-4,SaturatedMixture,276.68489103913305,6.101662166072096,1E-06,false,UNRESOLVED,Unspecified,,,,false,,
C1-TABULATED-SURROGATE,280,276.68489103913305,R4-VAPOR-SIDE,REGION-4,SaturatedMixture,276.68489103913305,6.101662166072096,0.999999,false,UNRESOLVED,Unspecified,,,,false,,
C1-TABULATED-SURROGATE,280,276.68489103913305,R2-SIDE,REGION-2,SuperheatedVapor,276.68489103913305,6.101601149450436,,false,UNRESOLVED,Unspecified,,,,false,,
C1-TABULATED-SURROGATE,281,276.88175147771847,R1-SIDE,REGION-1,SubcooledLiquid,276.88175147771847,6.120080496732066,,false,UNRESOLVED,Unspecified,,,,false,,
C1-TABULATED-SURROGATE,281,276.88175147771847,R4-LIQUID-SIDE,REGION-4,SaturatedMixture,276.88175147771847,6.1200192965391,1E-06,false,UNRESOLVED,Unspecified,,,,false,,
C1-TABULATED-SURROGATE,281,276.88175147771847,R4-VAPOR-SIDE,REGION-4,SaturatedMixture,276.88175147771847,6.1200192965391,0.999999,false,UNRESOLVED,Unspecified,,,,false,,
C1-TABULATED-SURROGATE,281,276.88175147771847,R2-SIDE,REGION-2,SuperheatedVapor,276.88175147771847,6.119958096346135,,false,UNRESOLVED,Unspecified,,,,false,,
C1-TABULATED-SURROGATE,282,277.0836132824419,R1-SIDE,REGION-1,SubcooledLiquid,277.0836132824419,6.138947952205528,,false,UNRESOLVED,Unspecified,,,,false,,
C1-TABULATED-SURROGATE,282,277.0836132824419,R4-LIQUID-SIDE,REGION-4,SaturatedMixture,277.0836132824419,6.138886563339894,1E-06,false,UNRESOLVED,Unspecified,,,,false,,
C1-TABULATED-SURROGATE,282,277.0836132824419,R4-VAPOR-SIDE,REGION-4,SaturatedMixture,277.0836132824419,6.138886563339894,0.999999,false,UNRESOLVED,Unspecified,,,,false,,
C1-TABULATED-SURROGATE,282,277.0836132824419,R2-SIDE,REGION-2,SuperheatedVapor,277.0836132824419,6.138825174474261,,false,UNRESOLVED,Unspecified,,,,false,,
C1-TABULATED-SURROGATE,283,277.28852211534956,R1-SIDE,REGION-1,SubcooledLiquid,277.28852211534956,6.158145598019165,,false,UNRESOLVED,Unspecified,,,,false,,
C1-TABULATED-SURROGATE,283,277.28852211534956,R4-LIQUID-SIDE,REGION-4,SaturatedMixture,277.28852211534956,6.158084017178993,1E-06,false,UNRESOLVED,Unspecified,,,,false,,
C1-TABULATED-SURROGATE,283,277.28852211534956,R4-VAPOR-SIDE,REGION-4,SaturatedMixture,277.28852211534956,6.158084017178993,0.999999,false,UNRESOLVED,Unspecified,,,,false,,
C1-TABULATED-SURROGATE,283,277.28852211534956,R2-SIDE,REGION-2,SuperheatedVapor,277.28852211534956,6.158022436338822,,false,UNRESOLVED,Unspecified,,,,false,,
C1-TABULATED-SURROGATE,284,277.4965558946134,R1-SIDE,REGION-1,SubcooledLiquid,277.4965558946134,6.177682878388666,,false,UNRESOLVED,Unspecified,,,,false,,
C1-TABULATED-SURROGATE,284,277.4965558946134,R4-LIQUID-SIDE,REGION-4,SaturatedMixture,277.4965558946134,6.1776211021776435,1E-06,false,UNRESOLVED,Unspecified,,,,false,,
C1-TABULATED-SURROGATE,284,277.4965558946134,R4-VAPOR-SIDE,REGION-4,SaturatedMixture,277.4965558946134,6.1776211021776435,0.999999,false,UNRESOLVED,Unspecified,,,,false,,
C1-TABULATED-SURROGATE,284,277.4965558946134,R2-SIDE,REGION-2,SuperheatedVapor,277.4965558946134,6.177559325966622,,false,UNRESOLVED,Unspecified,,,,false,,
C1-TABULATED-SURROGATE,285,277.70717749595633,R1-SIDE,REGION-1,SubcooledLiquid,277.70717749595633,6.1975113740116035,,false,UNRESOLVED,Unspecified,,,,false,,
C1-TABULATED-SURROGATE,285,277.70717749595633,R4-LIQUID-SIDE,REGION-4,SaturatedMixture,277.70717749595633,6.197449399517608,1E-06,false,UNRESOLVED,Unspecified,,,,false,,
C1-TABULATED-SURROGATE,285,277.70717749595633,R4-VAPOR-SIDE,REGION-4,SaturatedMixture,277.70717749595633,6.197449399517608,0.999999,false,UNRESOLVED,Unspecified,,,,false,,
C1-TABULATED-SURROGATE,285,277.70717749595633,R2-SIDE,REGION-2,SuperheatedVapor,277.70717749595633,6.197387425023614,,false,UNRESOLVED,Unspecified,,,,false,,
C1-TABULATED-SURROGATE,286,277.9191054522993,R1-SIDE,REGION-1,SubcooledLiquid,277.9191054522993,6.217511869087629,,false,UNRESOLVED,Unspecified,,,,false,,
C1-TABULATED-SURROGATE,286,277.9191054522993,R4-LIQUID-SIDE,REGION-4,SaturatedMixture,277.9191054522993,6.217449694590683,1E-06,false,UNRESOLVED,Unspecified,,,,false,,
C1-TABULATED-SURROGATE,286,277.9191054522993,R4-VAPOR-SIDE,REGION-4,SaturatedMixture,277.9191054522993,6.217449694590683,0.999999,false,UNRESOLVED,Unspecified,,,,false,,
C1-TABULATED-SURROGATE,286,277.9191054522993,R2-SIDE,REGION-2,SuperheatedVapor,277.9191054522993,6.217387520093737,,false,UNRESOLVED,Unspecified,,,,false,,
C1-TABULATED-SURROGATE,287,278.13301288485525,R1-SIDE,REGION-1,SubcooledLiquid,278.13301288485525,6.237749119014367,,false,UNRESOLVED,Unspecified,,,,false,,
C1-TABULATED-SURROGATE,287,278.13301288485525,R4-LIQUID-SIDE,REGION-4,SaturatedMixture,278.13301288485525,6.237686742146946,1E-06,false,UNRESOLVED,Unspecified,,,,false,,
C1-TABULATED-SURROGATE,287,278.13301288485525,R4-VAPOR-SIDE,REGION-4,SaturatedMixture,278.13301288485525,6.237686742146946,0.999999,false,UNRESOLVED,Unspecified,,,,false,,
C1-TABULATED-SURROGATE,287,278.13301288485525,R2-SIDE,REGION-2,SuperheatedVapor,278.13301288485525,6.237624365279524,,false,UNRESOLVED,Unspecified,,,,false,,
C1-TABULATED-SURROGATE,288,278.3475722014904,R1-SIDE,REGION-1,SubcooledLiquid,278.3475722014904,6.258098534543138,,false,UNRESOLVED,Unspecified,,,,false,,
C1-TABULATED-SURROGATE,288,278.3475722014904,R4-LIQUID-SIDE,REGION-4,SaturatedMixture,278.3475722014904,6.258035954183596,1E-06,false,UNRESOLVED,Unspecified,,,,false,,
C1-TABULATED-SURROGATE,288,278.3475722014904,R4-VAPOR-SIDE,REGION-4,SaturatedMixture,278.3475722014904,6.258035954183596,0.999999,false,UNRESOLVED,Unspecified,,,,false,,
C1-TABULATED-SURROGATE,288,278.3475722014904,R2-SIDE,REGION-2,SuperheatedVapor,278.3475722014904,6.257973373824054,,false,UNRESOLVED,Unspecified,,,,false,,
C1-TABULATED-SURROGATE,289,278.56269953846925,R1-SIDE,REGION-1,SubcooledLiquid,278.56269953846925,6.278552681062846,,false,UNRESOLVED,Unspecified,,,,false,,
C1-TABULATED-SURROGATE,289,278.56269953846925,R4-LIQUID-SIDE,REGION-4,SaturatedMixture,278.56269953846925,6.278489896163884,1E-06,false,UNRESOLVED,Unspecified,,,,false,,
C1-TABULATED-SURROGATE,289,278.56269953846925,R4-VAPOR-SIDE,REGION-4,SaturatedMixture,278.56269953846925,6.278489896163884,0.999999,false,UNRESOLVED,Unspecified,,,,false,,
C1-TABULATED-SURROGATE,289,278.56269953846925,R2-SIDE,REGION-2,SuperheatedVapor,278.56269953846925,6.278427111264922,,false,UNRESOLVED,Unspecified,,,,false,,
C1-TABULATED-SURROGATE,290,278.77853245735173,R1-SIDE,REGION-1,SubcooledLiquid,278.77853245735173,6.299125179139081,,false,UNRESOLVED,Unspecified,,,,false,,
C1-TABULATED-SURROGATE,290,278.77853245735173,R4-LIQUID-SIDE,REGION-4,SaturatedMixture,278.77853245735173,6.299062188517196,1E-06,false,UNRESOLVED,Unspecified,,,,false,,
C1-TABULATED-SURROGATE,290,278.77853245735173,R4-VAPOR-SIDE,REGION-4,SaturatedMixture,278.77853245735173,6.299062188517196,0.999999,false,UNRESOLVED,Unspecified,,,,false,,
C1-TABULATED-SURROGATE,290,278.77853245735173,R2-SIDE,REGION-2,SuperheatedVapor,278.77853245735173,6.298999197895311,,false,UNRESOLVED,Unspecified,,,,false,,
C1-TABULATED-SURROGATE,291,278.99378421306585,R1-SIDE,REGION-1,SubcooledLiquid,278.99378421306585,6.319693513681139,,false,UNRESOLVED,Unspecified,,,,false,,
C1-TABULATED-SURROGATE,291,278.99378421306585,R4-LIQUID-SIDE,REGION-4,SaturatedMixture,278.99378421306585,6.319630317377965,1E-06,true,REGION-4-MIXTURE-TABLE,SaturatedMixture,278.99377727508545,6.319633064677197,9.970572302074502E-07,true,-6.937980401744426E-06,2.747299232552791E-06
C1-TABULATED-SURROGATE,291,278.99378421306585,R4-VAPOR-SIDE,REGION-4,SaturatedMixture,278.99378421306585,6.319630317377965,0.999999,false,UNRESOLVED,Unspecified,,,,false,,
C1-TABULATED-SURROGATE,291,278.99378421306585,R2-SIDE,REGION-2,SuperheatedVapor,278.99378421306585,6.319567121074791,,false,UNRESOLVED,Unspecified,,,,false,,
C1-TABULATED-SURROGATE,292,279.20919802188894,R1-SIDE,REGION-1,SubcooledLiquid,279.20919802188894,6.340328642096508,,false,UNRESOLVED,Unspecified,,,,false,,
C1-TABULATED-SURROGATE,292,279.20919802188894,R4-LIQUID-SIDE,REGION-4,SaturatedMixture,279.20919802188894,6.340265239444113,1E-06,false,UNRESOLVED,Unspecified,,,,false,,
C1-TABULATED-SURROGATE,292,279.20919802188894,R4-VAPOR-SIDE,REGION-4,SaturatedMixture,279.20919802188894,6.340265239444113,0.999999,false,UNRESOLVED,Unspecified,,,,false,,
C1-TABULATED-SURROGATE,292,279.20919802188894,R2-SIDE,REGION-2,SuperheatedVapor,279.20919802188894,6.340201836791719,,false,UNRESOLVED,Unspecified,,,,false,,
C1-TABULATED-SURROGATE,293,279.42397137880334,R1-SIDE,REGION-1,SubcooledLiquid,279.42397137880334,6.360953608021738,,false,UNRESOLVED,Unspecified,,,,false,,
C1-TABULATED-SURROGATE,293,279.42397137880334,R4-LIQUID-SIDE,REGION-4,SaturatedMixture,279.42397137880334,6.3608899991217465,1E-06,false,UNRESOLVED,Unspecified,,,,false,,
C1-TABULATED-SURROGATE,293,279.42397137880334,R4-VAPOR-SIDE,REGION-4,SaturatedMixture,279.42397137880334,6.3608899991217465,0.999999,false,UNRESOLVED,Unspecified,,,,false,,
C1-TABULATED-SURROGATE,293,279.42397137880334,R2-SIDE,REGION-2,SuperheatedVapor,279.42397137880334,6.360826390221756,,false,UNRESOLVED,Unspecified,,,,false,,
C1-TABULATED-SURROGATE,294,279.63773699402816,R1-SIDE,REGION-1,SubcooledLiquid,279.63773699402816,6.381532640032515,,false,UNRESOLVED,Unspecified,,,,false,,
C1-TABULATED-SURROGATE,294,279.63773699402816,R4-LIQUID-SIDE,REGION-4,SaturatedMixture,279.63773699402816,6.381468825344261,1E-06,false,UNRESOLVED,Unspecified,,,,false,,
C1-TABULATED-SURROGATE,294,279.63773699402816,R4-VAPOR-SIDE,REGION-4,SaturatedMixture,279.63773699402816,6.381468825344261,0.999999,false,UNRESOLVED,Unspecified,,,,false,,
C1-TABULATED-SURROGATE,294,279.63773699402816,R2-SIDE,REGION-2,SuperheatedVapor,279.63773699402816,6.3814050106560085,,false,UNRESOLVED,Unspecified,,,,false,,
C1-TABULATED-SURROGATE,295,279.8510682284831,R1-SIDE,REGION-1,SubcooledLiquid,279.8510682284831,6.402120508646861,,false,UNRESOLVED,Unspecified,,,,false,,
C1-TABULATED-SURROGATE,295,279.8510682284831,R4-LIQUID-SIDE,REGION-4,SaturatedMixture,279.8510682284831,6.402056488081979,1E-06,false,UNRESOLVED,Unspecified,,,,false,,
C1-TABULATED-SURROGATE,295,279.8510682284831,R4-VAPOR-SIDE,REGION-4,SaturatedMixture,279.8510682284831,6.402056488081979,0.999999,false,UNRESOLVED,Unspecified,,,,false,,
C1-TABULATED-SURROGATE,295,279.8510682284831,R2-SIDE,REGION-2,SuperheatedVapor,279.8510682284831,6.401992467517099,,false,UNRESOLVED,Unspecified,,,,false,,
C1-TABULATED-SURROGATE,296,280,R1-SIDE,REGION-1,SubcooledLiquid,280,6.416523446273189,,true,REGION-1-TABLE,SubcooledLiquid,280,6.416523889876099,,true,0,4.436029099608163E-07
C1-TABULATED-SURROGATE,296,280,R4-LIQUID-SIDE,REGION-4,SaturatedMixture,280,6.416459281680371,1E-06,true,REGION-4-MIXTURE-TABLE,SaturatedMixture,280,6.416459281680371,1.000000000003524E-06,true,0,0
C1-TABULATED-SURROGATE,296,280,R4-VAPOR-SIDE,REGION-4,SaturatedMixture,280,6.416459281680371,0.999999,true,REGION-4-MIXTURE-TABLE,SaturatedMixture,280,6.416459281680371,0.999999,true,0,0
C1-TABULATED-SURROGATE,296,280,R2-SIDE,REGION-2,SuperheatedVapor,280,6.416395117087554,,true,REGION-2-TABLE,SuperheatedVapor,280.000679042545,6.416435280101594,,true,0.0006790425450162729,4.016301403986233E-05
C1-TABULATED-SURROGATE,297,280.0627813100815,R1-SIDE,REGION-1,SubcooledLiquid,280.0627813100815,6.422602329034578,,false,UNRESOLVED,Unspecified,,,,false,,
C1-TABULATED-SURROGATE,297,280.0627813100815,R4-LIQUID-SIDE,REGION-4,SaturatedMixture,280.0627813100815,6.422538103653541,1E-06,false,UNRESOLVED,Unspecified,,,,false,,
C1-TABULATED-SURROGATE,297,280.0627813100815,R4-VAPOR-SIDE,REGION-4,SaturatedMixture,280.0627813100815,6.422538103653541,0.999999,false,UNRESOLVED,Unspecified,,,,false,,
C1-TABULATED-SURROGATE,297,280.0627813100815,R2-SIDE,REGION-2,SuperheatedVapor,280.0627813100815,6.422473878272505,,false,UNRESOLVED,Unspecified,,,,false,,
C1-TABULATED-SURROGATE,298,280.2734861910343,R1-SIDE,REGION-1,SubcooledLiquid,280.2734861910343,6.4430362648107895,,false,UNRESOLVED,Unspecified,,,,false,,
C1-TABULATED-SURROGATE,298,280.2734861910343,R4-LIQUID-SIDE,REGION-4,SaturatedMixture,280.2734861910343,6.442971835092438,1E-06,false,UNRESOLVED,Unspecified,,,,false,,
C1-TABULATED-SURROGATE,298,280.2734861910343,R4-VAPOR-SIDE,REGION-4,SaturatedMixture,280.2734861910343,6.442971835092438,0.999999,false,UNRESOLVED,Unspecified,,,,false,,
C1-TABULATED-SURROGATE,298,280.2734861910343,R2-SIDE,REGION-2,SuperheatedVapor,280.2734861910343,6.442907405374087,,false,UNRESOLVED,Unspecified,,,,false,,
C1-TABULATED-SURROGATE,299,280.48288751244525,R1-SIDE,REGION-1,SubcooledLiquid,280.48288751244525,6.46339294088022,,false,UNRESOLVED,Unspecified,,,,false,,
C1-TABULATED-SURROGATE,299,280.48288751244525,R4-LIQUID-SIDE,REGION-4,SaturatedMixture,280.48288751244525,6.463328307597143,1E-06,false,UNRESOLVED,Unspecified,,,,false,,
C1-TABULATED-SURROGATE,299,280.48288751244525,R4-VAPOR-SIDE,REGION-4,SaturatedMixture,280.48288751244525,6.463328307597143,0.999999,false,UNRESOLVED,Unspecified,,,,false,,
C1-TABULATED-SURROGATE,299,280.48288751244525,R2-SIDE,REGION-2,SuperheatedVapor,280.48288751244525,6.463263674314067,,false,UNRESOLVED,Unspecified,,,,false,,
C1-TABULATED-SURROGATE,300,280.6903158664703,R1-SIDE,REGION-1,SubcooledLiquid,280.6903158664703,6.483606214101304,,false,UNRESOLVED,Unspecified,,,,false,,
C1-TABULATED-SURROGATE,300,280.6903158664703,R4-LIQUID-SIDE,REGION-4,SaturatedMixture,280.6903158664703,6.483541378687517,1E-06,false,UNRESOLVED,Unspecified,,,,false,,
C1-TABULATED-SURROGATE,300,280.6903158664703,R4-VAPOR-SIDE,REGION-4,SaturatedMixture,280.6903158664703,6.483541378687517,0.999999,false,UNRESOLVED,Unspecified,,,,false,,
C1-TABULATED-SURROGATE,300,280.6903158664703,R2-SIDE,REGION-2,SuperheatedVapor,280.6903158664703,6.4834765432737305,,false,UNRESOLVED,Unspecified,,,,false,,
C1-TABULATED-SURROGATE,301,280.8963150322435,R1-SIDE,REGION-1,SubcooledLiquid,280.8963150322435,6.5037279677790245,,false,UNRESOLVED,Unspecified,,,,false,,
C1-TABULATED-SURROGATE,301,280.8963150322435,R4-LIQUID-SIDE,REGION-4,SaturatedMixture,280.8963150322435,6.503662931149712,1E-06,false,UNRESOLVED,Unspecified,,,,false,,
C1-TABULATED-SURROGATE,301,280.8963150322435,R4-VAPOR-SIDE,REGION-4,SaturatedMixture,280.8963150322435,6.503662931149712,0.999999,false,UNRESOLVED,Unspecified,,,,false,,
C1-TABULATED-SURROGATE,301,280.8963150322435,R2-SIDE,REGION-2,SuperheatedVapor,280.8963150322435,6.503597894520401,,false,UNRESOLVED,Unspecified,,,,false,,
C1-TABULATED-SURROGATE,302,281.1006812334059,R1-SIDE,REGION-1,SubcooledLiquid,281.1006812334059,6.523737314582474,,false,UNRESOLVED,Unspecified,,,,false,,
C1-TABULATED-SURROGATE,302,281.1006812334059,R4-LIQUID-SIDE,REGION-4,SaturatedMixture,281.1006812334059,6.523672077861695,1E-06,false,UNRESOLVED,Unspecified,,,,false,,
C1-TABULATED-SURROGATE,302,281.1006812334059,R4-VAPOR-SIDE,REGION-4,SaturatedMixture,281.1006812334059,6.523672077861695,0.999999,false,UNRESOLVED,Unspecified,,,,false,,
C1-TABULATED-SURROGATE,302,281.1006812334059,R2-SIDE,REGION-2,SuperheatedVapor,281.1006812334059,6.523606841140917,,false,UNRESOLVED,Unspecified,,,,false,,
C1-TABULATED-SURROGATE,303,281.3032880485058,R1-SIDE,REGION-1,SubcooledLiquid,281.3032880485058,6.543620785039116,,false,UNRESOLVED,Unspecified,,,,false,,
C1-TABULATED-SURROGATE,303,281.3032880485058,R4-LIQUID-SIDE,REGION-4,SaturatedMixture,281.3032880485058,6.5435553494856205,1E-06,false,UNRESOLVED,Unspecified,,,,false,,
C1-TABULATED-SURROGATE,303,281.3032880485058,R4-VAPOR-SIDE,REGION-4,SaturatedMixture,281.3032880485058,6.5435553494856205,0.999999,false,UNRESOLVED,Unspecified,,,,false,,
C1-TABULATED-SURROGATE,303,281.3032880485058,R2-SIDE,REGION-2,SuperheatedVapor,281.3032880485058,6.543489913932126,,false,UNRESOLVED,Unspecified,,,,false,,
C1-TABULATED-SURROGATE,304,281.5040671765804,R1-SIDE,REGION-1,SubcooledLiquid,281.5040671765804,6.56337052415617,,false,UNRESOLVED,Unspecified,,,,false,,
C1-TABULATED-SURROGATE,304,281.5040671765804,R4-LIQUID-SIDE,REGION-4,SaturatedMixture,281.5040671765804,6.563304891107259,1E-06,false,UNRESOLVED,Unspecified,,,,false,,
C1-TABULATED-SURROGATE,304,281.5040671765804,R4-VAPOR-SIDE,REGION-4,SaturatedMixture,281.5040671765804,6.563304891107259,0.999999,false,UNRESOLVED,Unspecified,,,,false,,
C1-TABULATED-SURROGATE,304,281.5040671765804,R2-SIDE,REGION-2,SuperheatedVapor,281.5040671765804,6.563239258058348,,false,UNRESOLVED,Unspecified,,,,false,,
C1-TABULATED-SURROGATE,305,281.7029600799086,R1-SIDE,REGION-1,SubcooledLiquid,281.7029600799086,6.582979585869305,,false,UNRESOLVED,Unspecified,,,,false,,
C1-TABULATED-SURROGATE,305,281.7029600799086,R4-LIQUID-SIDE,REGION-4,SaturatedMixture,281.7029600799086,6.582913756731737,1E-06,false,UNRESOLVED,Unspecified,,,,false,,
C1-TABULATED-SURROGATE,305,281.7029600799086,R4-VAPOR-SIDE,REGION-4,SaturatedMixture,281.7029600799086,6.582913756731737,0.999999,false,UNRESOLVED,Unspecified,,,,false,,
C1-TABULATED-SURROGATE,305,281.7029600799086,R2-SIDE,REGION-2,SuperheatedVapor,281.7029600799086,6.5828479275941705,,false,UNRESOLVED,Unspecified,,,,false,,
C1-TABULATED-SURROGATE,306,281.8999184429648,R1-SIDE,REGION-1,SubcooledLiquid,281.8999184429648,6.602441990593039,,false,UNRESOLVED,Unspecified,,,,false,,
C1-TABULATED-SURROGATE,306,281.8999184429648,R4-LIQUID-SIDE,REGION-4,SaturatedMixture,281.8999184429648,6.602375966833371,1E-06,false,UNRESOLVED,Unspecified,,,,false,,
C1-TABULATED-SURROGATE,306,281.8999184429648,R4-VAPOR-SIDE,REGION-4,SaturatedMixture,281.8999184429648,6.602375966833371,0.999999,false,UNRESOLVED,Unspecified,,,,false,,
C1-TABULATED-SURROGATE,306,281.8999184429648,R2-SIDE,REGION-2,SuperheatedVapor,281.8999184429648,6.602309943073703,,false,UNRESOLVED,Unspecified,,,,false,,
C1-TABULATED-SURROGATE,307,282.0949025034904,R1-SIDE,REGION-1,SubcooledLiquid,282.0949025034904,6.621752572190351,,false,UNRESOLVED,Unspecified,,,,false,,
C1-TABULATED-SURROGATE,307,282.0949025034904,R4-LIQUID-SIDE,REGION-4,SaturatedMixture,282.0949025034904,6.621686355326797,1E-06,false,UNRESOLVED,Unspecified,,,,false,,
C1-TABULATED-SURROGATE,307,282.0949025034904,R4-VAPOR-SIDE,REGION-4,SaturatedMixture,282.0949025034904,6.621686355326797,0.999999,false,UNRESOLVED,Unspecified,,,,false,,
C1-TABULATED-SURROGATE,307,282.0949025034904,R2-SIDE,REGION-2,SuperheatedVapor,282.0949025034904,6.621620138463244,,false,UNRESOLVED,Unspecified,,,,false,,
C1-TABULATED-SURROGATE,308,282.28788021802904,R1-SIDE,REGION-1,SubcooledLiquid,282.28788021802904,6.640906905415551,,false,UNRESOLVED,Unspecified,,,,false,,
C1-TABULATED-SURROGATE,308,282.28788021802904,R4-LIQUID-SIDE,REGION-4,SaturatedMixture,282.28788021802904,6.64084049701058,1E-06,false,UNRESOLVED,Unspecified,,,,false,,
C1-TABULATED-SURROGATE,308,282.28788021802904,R4-VAPOR-SIDE,REGION-4,SaturatedMixture,282.28788021802904,6.64084049701058,0.999999,false,UNRESOLVED,Unspecified,,,,false,,
C1-TABULATED-SURROGATE,308,282.28788021802904,R2-SIDE,REGION-2,SuperheatedVapor,282.28788021802904,6.64077408860561,,false,UNRESOLVED,Unspecified,,,,false,,
C1-TABULATED-SURROGATE,309,282.4788263857366,R1-SIDE,REGION-1,SubcooledLiquid,282.4788263857366,6.659901227894608,,false,UNRESOLVED,Unspecified,,,,false,,
C1-TABULATED-SURROGATE,309,282.4788263857366,R4-LIQUID-SIDE,REGION-4,SaturatedMixture,282.4788263857366,6.659834629548312,1E-06,false,UNRESOLVED,Unspecified,,,,false,,
C1-TABULATED-SURROGATE,309,282.4788263857366,R4-VAPOR-SIDE,REGION-4,SaturatedMixture,282.4788263857366,6.659834629548312,0.999999,false,UNRESOLVED,Unspecified,,,,false,,
C1-TABULATED-SURROGATE,309,282.4788263857366,R2-SIDE,REGION-2,SuperheatedVapor,282.4788263857366,6.659768031202017,,false,UNRESOLVED,Unspecified,,,,false,,
C1-TABULATED-SURROGATE,310,282.6677221894266,R1-SIDE,REGION-1,SubcooledLiquid,282.6677221894266,6.678732402405449,,false,UNRESOLVED,Unspecified,,,,false,,
C1-TABULATED-SURROGATE,310,282.6677221894266,R4-LIQUID-SIDE,REGION-4,SaturatedMixture,282.6677221894266,6.67866561574929,1E-06,false,UNRESOLVED,Unspecified,,,,false,,
C1-TABULATED-SURROGATE,310,282.6677221894266,R4-VAPOR-SIDE,REGION-4,SaturatedMixture,282.6677221894266,6.67866561574929,0.999999,false,UNRESOLVED,Unspecified,,,,false,,
C1-TABULATED-SURROGATE,310,282.6677221894266,R2-SIDE,REGION-2,SuperheatedVapor,282.6677221894266,6.678598829093133,,false,UNRESOLVED,Unspecified,,,,false,,
C1-TABULATED-SURROGATE,311,282.8545599937439,R1-SIDE,REGION-1,SubcooledLiquid,282.8545599937439,6.697398404150968,,false,UNRESOLVED,Unspecified,,,,false,,
C1-TABULATED-SURROGATE,311,282.8545599937439,R4-LIQUID-SIDE,REGION-4,SaturatedMixture,282.8545599937439,6.69733143083666,1E-06,false,UNRESOLVED,Unspecified,,,,false,,
C1-TABULATED-SURROGATE,311,282.8545599937439,R4-VAPOR-SIDE,REGION-4,SaturatedMixture,282.8545599937439,6.69733143083666,0.999999,false,UNRESOLVED,Unspecified,,,,false,,
C1-TABULATED-SURROGATE,311,282.8545599937439,R2-SIDE,REGION-2,SuperheatedVapor,282.8545599937439,6.697264457522352,,false,UNRESOLVED,Unspecified,,,,false,,
C1-TABULATED-SURROGATE,312,283.03934067487717,R1-SIDE,REGION-1,SubcooledLiquid,283.03934067487717,6.715898065413205,,false,UNRESOLVED,Unspecified,,,,false,,
C1-TABULATED-SURROGATE,312,283.03934067487717,R4-LIQUID-SIDE,REGION-4,SaturatedMixture,283.03934067487717,6.7158309071041336,1E-06,false,UNRESOLVED,Unspecified,,,,false,,
C1-TABULATED-SURROGATE,312,283.03934067487717,R4-VAPOR-SIDE,REGION-4,SaturatedMixture,283.03934067487717,6.7158309071041336,0.999999,false,UNRESOLVED,Unspecified,,,,false,,
C1-TABULATED-SURROGATE,312,283.03934067487717,R2-SIDE,REGION-2,SuperheatedVapor,283.03934067487717,6.715763748795063,,false,UNRESOLVED,Unspecified,,,,false,,
C1-TABULATED-SURROGATE,313,283.2220691144465,R1-SIDE,REGION-1,SubcooledLiquid,283.2220691144465,6.734230632146775,,false,UNRESOLVED,Unspecified,,,,false,,
C1-TABULATED-SURROGATE,313,283.2220691144465,R4-LIQUID-SIDE,REGION-4,SaturatedMixture,283.2220691144465,6.7341632905138695,1E-06,false,UNRESOLVED,Unspecified,,,,false,,
C1-TABULATED-SURROGATE,313,283.2220691144465,R4-VAPOR-SIDE,REGION-4,SaturatedMixture,283.2220691144465,6.7341632905138695,0.999999,false,UNRESOLVED,Unspecified,,,,false,,
C1-TABULATED-SURROGATE,313,283.2220691144465,R2-SIDE,REGION-2,SuperheatedVapor,283.2220691144465,6.734095948880965,,false,UNRESOLVED,Unspecified,,,,false,,
C1-TABULATED-SURROGATE,314,283.4027534067633,R1-SIDE,REGION-1,SubcooledLiquid,283.4027534067633,6.7523956884243885,,false,UNRESOLVED,Unspecified,,,,false,,
C1-TABULATED-SURROGATE,314,283.4027534067633,R4-LIQUID-SIDE,REGION-4,SaturatedMixture,283.4027534067633,6.752328165142736,1E-06,false,UNRESOLVED,Unspecified,,,,false,,
C1-TABULATED-SURROGATE,314,283.4027534067633,R4-VAPOR-SIDE,REGION-4,SaturatedMixture,283.4027534067633,6.752328165142736,0.999999,false,UNRESOLVED,Unspecified,,,,false,,
C1-TABULATED-SURROGATE,314,283.4027534067633,R2-SIDE,REGION-2,SuperheatedVapor,283.4027534067633,6.752260641861085,,false,UNRESOLVED,Unspecified,,,,false,,
C1-TABULATED-SURROGATE,315,283.581404775381,R1-SIDE,REGION-1,SubcooledLiquid,283.581404775381,6.770393151311303,,false,UNRESOLVED,Unspecified,,,,false,,
C1-TABULATED-SURROGATE,315,283.581404775381,R4-LIQUID-SIDE,REGION-4,SaturatedMixture,283.581404775381,6.7703254480568225,1E-06,false,UNRESOLVED,Unspecified,,,,false,,
C1-TABULATED-SURROGATE,315,283.581404775381,R4-VAPOR-SIDE,REGION-4,SaturatedMixture,283.581404775381,6.7703254480568225,0.999999,false,UNRESOLVED,Unspecified,,,,false,,
C1-TABULATED-SURROGATE,315,283.581404775381,R2-SIDE,REGION-2,SuperheatedVapor,283.581404775381,6.770257744802342,,false,UNRESOLVED,Unspecified,,,,false,,
C1-TABULATED-SURROGATE,316,283.75422302484503,R1-SIDE,REGION-1,SubcooledLiquid,283.75422302484503,6.787837837366972,,false,UNRESOLVED,Unspecified,,,,false,,
C1-TABULATED-SURROGATE,316,283.75422302484503,R4-LIQUID-SIDE,REGION-4,SaturatedMixture,283.75422302484503,6.787769959667375,1E-06,false,UNRESOLVED,Unspecified,,,,false,,
C1-TABULATED-SURROGATE,316,283.75422302484503,R4-VAPOR-SIDE,REGION-4,SaturatedMixture,283.75422302484503,6.787769959667375,0.999999,false,UNRESOLVED,Unspecified,,,,false,,
C1-TABULATED-SURROGATE,316,283.75422302484503,R2-SIDE,REGION-2,SuperheatedVapor,283.75422302484503,6.787702081967779,,false,UNRESOLVED,Unspecified,,,,false,,
C1-TABULATED-SURROGATE,317,283.8935488522053,R1-SIDE,REGION-1,SubcooledLiquid,283.8935488522053,6.801926707692328,,false,UNRESOLVED,Unspecified,,,,false,,
C1-TABULATED-SURROGATE,317,283.8935488522053,R4-LIQUID-SIDE,REGION-4,SaturatedMixture,283.8935488522053,6.801858689105436,1E-06,false,UNRESOLVED,Unspecified,,,,false,,
C1-TABULATED-SURROGATE,317,283.8935488522053,R4-VAPOR-SIDE,REGION-4,SaturatedMixture,283.8935488522053,6.801858689105436,0.999999,false,UNRESOLVED,Unspecified,,,,false,,
C1-TABULATED-SURROGATE,317,283.8935488522053,R2-SIDE,REGION-2,SuperheatedVapor,283.8935488522053,6.801790670518545,,false,UNRESOLVED,Unspecified,,,,false,,
C1-TABULATED-SURROGATE,318,300,R1-SIDE,REGION-1,SubcooledLiquid,300,8.587794206640561,,true,REGION-1-TABLE,SubcooledLiquid,300,8.587796330410638,,true,0,2.123770077133713E-06
C1-TABULATED-SURROGATE,318,300,R4-LIQUID-SIDE,REGION-4,SaturatedMixture,300,8.587708329557264,1E-06,true,REGION-4-MIXTURE-TABLE,SaturatedMixture,300,8.587708329557264,1.0000000000037563E-06,true,0,0
C1-TABULATED-SURROGATE,318,300,R4-VAPOR-SIDE,REGION-4,SaturatedMixture,300,8.587708329557264,0.999999,true,REGION-4-MIXTURE-TABLE,SaturatedMixture,300,8.587708329557264,0.999999,true,0,0
C1-TABULATED-SURROGATE,318,300,R2-SIDE,REGION-2,SuperheatedVapor,300,8.587622452473969,,true,REGION-2-TABLE,SuperheatedVapor,300.00601159388145,8.588078765675503,,true,0.0060115938814533365,0.00045631320153383115
C1-TABULATED-SURROGATE,319,340,R1-SIDE,REGION-1,SubcooledLiquid,340,14.600327058615827,,true,REGION-1-TABLE,SubcooledLiquid,340,14.600330953393836,,true,0,3.894778009438937E-06
C1-TABULATED-SURROGATE,319,340,R4-LIQUID-SIDE,REGION-4,SaturatedMixture,340,14.600181056805258,1E-06,true,REGION-4-MIXTURE-TABLE,SaturatedMixture,340,14.600181056805258,9.999999999909102E-07,true,0,0
C1-TABULATED-SURROGATE,319,340,R4-VAPOR-SIDE,REGION-4,SaturatedMixture,340,14.600181056805258,0.999999,true,REGION-4-MIXTURE-TABLE,SaturatedMixture,340,14.600181056805258,0.999999,true,0,0
C1-TABULATED-SURROGATE,319,340,R2-SIDE,REGION-2,SuperheatedVapor,340,14.600035054994692,,true,REGION-2-TABLE,SuperheatedVapor,340.0017676804184,14.600192188122673,,true,0.0017676804184247885,0.00015713312798126822
D1-BOUNDED-IF97-SUBSET,0,47.25379668027165,R1-SIDE,REGION-1,SubcooledLiquid,47.25379668027165,0.01076344579292377,,true,REGION-1,SubcooledLiquid,47.253796674886985,0.010763338156609478,,true,-5.384663381846622E-09,-1.076363142921144E-07
D1-BOUNDED-IF97-SUBSET,0,47.25379668027165,R4-LIQUID-SIDE,REGION-4,SaturatedMixture,47.25379668027165,0.010763338159542174,1E-06,true,REGION-4-MIXTURE,SaturatedMixture,47.25379668027159,0.010763338159542167,1.00000000000001E-06,true,-5.684341886080802E-14,-6.938893903907228E-18
D1-BOUNDED-IF97-SUBSET,0,47.25379668027165,R4-VAPOR-SIDE,REGION-4,SaturatedMixture,47.25379668027165,0.010763338159542174,0.999999,false,UNRESOLVED,Unspecified,,,,false,,
D1-BOUNDED-IF97-SUBSET,0,47.25379668027165,R2-SIDE,REGION-2,SuperheatedVapor,47.25379668027165,0.010763230526160579,,false,UNRESOLVED,Unspecified,,,,false,,
D1-BOUNDED-IF97-SUBSET,1,47.25636326000097,R1-SIDE,REGION-1,SubcooledLiquid,47.25636326000097,0.010764843736668937,,true,REGION-1,SubcooledLiquid,47.25636326011204,0.010764736089368515,,true,1.1107204045401886E-10,-1.0764730042252257E-07
D1-BOUNDED-IF97-SUBSET,1,47.25636326000097,R4-LIQUID-SIDE,REGION-4,SaturatedMixture,47.25636326000097,0.010764736089308044,1E-06,true,REGION-4-MIXTURE,SaturatedMixture,47.256363260000796,0.01076473608930794,9.999999999999896E-07,true,-1.7053025658242404E-13,-1.0408340855860843E-16
D1-BOUNDED-IF97-SUBSET,1,47.25636326000097,R4-VAPOR-SIDE,REGION-4,SaturatedMixture,47.25636326000097,0.010764736089308044,0.999999,false,UNRESOLVED,Unspecified,,,,false,,
D1-BOUNDED-IF97-SUBSET,1,47.25636326000097,R2-SIDE,REGION-2,SuperheatedVapor,47.25636326000097,0.01076462844194715,,false,UNRESOLVED,Unspecified,,,,false,,
D1-BOUNDED-IF97-SUBSET,2,47.260731856524956,R1-SIDE,REGION-1,SubcooledLiquid,47.260731856524956,0.01076722354696915,,true,REGION-1,SubcooledLiquid,47.26073185494306,0.01076711587494857,,true,-1.5818955034774262E-09,-1.0767202058073466E-07
D1-BOUNDED-IF97-SUBSET,2,47.260731856524956,R4-LIQUID-SIDE,REGION-4,SaturatedMixture,47.260731856524956,0.010767115875810392,1E-06,true,REGION-4-MIXTURE,SaturatedMixture,47.2607318565249,0.010767115875810347,1.000000000000011E-06,true,-5.684341886080802E-14,-4.5102810375396984E-17
D1-BOUNDED-IF97-SUBSET,2,47.260731856524956,R4-VAPOR-SIDE,REGION-4,SaturatedMixture,47.260731856524956,0.010767115875810392,0.999999,false,UNRESOLVED,Unspecified,,,,false,,
D1-BOUNDED-IF97-SUBSET,2,47.260731856524956,R2-SIDE,REGION-2,SuperheatedVapor,47.260731856524956,0.010767008204651634,,false,UNRESOLVED,Unspecified,,,,false,,
D1-BOUNDED-IF97-SUBSET,3,47.26746165007364,R1-SIDE,REGION-1,SubcooledLiquid,47.26746165007364,0.010770890513210134,,true,REGION-1,SubcooledLiquid,47.267461645883486,0.010770782803098603,,true,-4.190155777905602E-09,-1.077101115312673E-07
D1-BOUNDED-IF97-SUBSET,3,47.26746165007364,R4-LIQUID-SIDE,REGION-4,SaturatedMixture,47.26746165007364,0.01077078280538208,1E-06,true,REGION-4-MIXTURE,SaturatedMixture,47.26746165007364,0.01077078280538208,9.999999999999921E-07,true,0,0
D1-BOUNDED-IF97-SUBSET,3,47.26746165007364,R4-VAPOR-SIDE,REGION-4,SaturatedMixture,47.26746165007364,0.01077078280538208,0.999999,false,UNRESOLVED,Unspecified,,,,false,,
D1-BOUNDED-IF97-SUBSET,3,47.26746165007364,R2-SIDE,REGION-2,SuperheatedVapor,47.26746165007364,0.010770675097554026,,false,UNRESOLVED,Unspecified,,,,false,,
D1-BOUNDED-IF97-SUBSET,4,47.27766643762595,R1-SIDE,REGION-1,SubcooledLiquid,47.27766643762595,0.010776452999946404,,true,REGION-1,SubcooledLiquid,47.27766642948228,0.010776345232054051,,true,-8.14367240309366E-09,-1.0776789235306117E-07
D1-BOUNDED-IF97-SUBSET,4,47.27766643762595,R4-LIQUID-SIDE,REGION-4,SaturatedMixture,47.27766643762595,0.010776345236494038,1E-06,true,REGION-4-MIXTURE,SaturatedMixture,47.277666437625896,0.010776345236493979,9.99999999999972E-07,true,-5.684341886080802E-14,-5.898059818321144E-17
D1-BOUNDED-IF97-SUBSET,4,47.27766643762595,R4-VAPOR-SIDE,REGION-4,SaturatedMixture,47.27766643762595,0.010776345236494038,0.999999,false,UNRESOLVED,Unspecified,,,,false,,
D1-BOUNDED-IF97-SUBSET,4,47.27766643762595,R2-SIDE,REGION-2,SuperheatedVapor,47.27766643762595,0.010776237473041673,,false,UNRESOLVED,Unspecified,,,,false,,
D1-BOUNDED-IF97-SUBSET,5,47.28584959805005,R1-SIDE,REGION-1,SubcooledLiquid,47.28584959805005,0.010780915308942913,,true,REGION-1,SubcooledLiquid,47.285849592987404,0.010780807498106787,,true,-5.062645414000144E-09,-1.0781083612659836E-07
D1-BOUNDED-IF97-SUBSET,5,47.28584959805005,R4-LIQUID-SIDE,REGION-4,SaturatedMixture,47.28584959805005,0.010780807500867904,1E-06,true,REGION-4-MIXTURE,SaturatedMixture,47.28584959805016,0.010780807500867965,1.0000000000000076E-06,true,1.1368683772161603E-13,6.071532165918825E-17
D1-BOUNDED-IF97-SUBSET,5,47.28584959805005,R4-VAPOR-SIDE,REGION-4,SaturatedMixture,47.28584959805005,0.010780807500867904,0.999999,false,UNRESOLVED,Unspecified,,,,false,,
D1-BOUNDED-IF97-SUBSET,5,47.28584959805005,R2-SIDE,REGION-2,SuperheatedVapor,47.28584959805005,0.010780699692792895,,false,UNRESOLVED,Unspecified,,,,false,,
D1-BOUNDED-IF97-SUBSET,6,47.30439080595971,R1-SIDE,REGION-1,SubcooledLiquid,47.30439080595971,0.010791031774868785,,true,REGION-1,SubcooledLiquid,47.30439079968812,0.010790923862206828,,true,-6.271591246331809E-09,-1.0791266195735172E-07
D1-BOUNDED-IF97-SUBSET,6,47.30439080595971,R4-LIQUID-SIDE,REGION-4,SaturatedMixture,47.30439080595971,0.010790923865630127,1E-06,true,REGION-4-MIXTURE,SaturatedMixture,47.30439080595977,0.01079092386563012,9.99999999999968E-07,true,5.684341886080802E-14,-6.938893903907228E-18
D1-BOUNDED-IF97-SUBSET,6,47.30439080595971,R4-VAPOR-SIDE,REGION-4,SaturatedMixture,47.30439080595971,0.010790923865630127,0.999999,false,UNRESOLVED,Unspecified,,,,false,,
D1-BOUNDED-IF97-SUBSET,6,47.30439080595971,R2-SIDE,REGION-2,SuperheatedVapor,47.30439080595971,0.010790815956391472,,false,UNRESOLVED,Unspecified,,,,false,,
D1-BOUNDED-IF97-SUBSET,7,47.31016860008242,R1-SIDE,REGION-1,SubcooledLiquid,47.31016860008242,0.010794185924890157,,true,REGION-1,SubcooledLiquid,47.31016859755721,0.010794077982731631,,true,-2.5252120394725353E-09,-1.0794215852573397E-07
D1-BOUNDED-IF97-SUBSET,7,47.31016860008242,R4-LIQUID-SIDE,REGION-4,SaturatedMixture,47.31016860008242,0.010794077984110315,1E-06,true,REGION-4-MIXTURE,SaturatedMixture,47.31016860008231,0.010794077984110263,1.0000000000000112E-06,true,-1.1368683772161603E-13,-5.204170427930421E-17
D1-BOUNDED-IF97-SUBSET,7,47.31016860008242,R4-VAPOR-SIDE,REGION-4,SaturatedMixture,47.31016860008242,0.010794077984110315,0.999999,false,UNRESOLVED,Unspecified,,,,false,,
D1-BOUNDED-IF97-SUBSET,7,47.31016860008242,R2-SIDE,REGION-2,SuperheatedVapor,47.31016860008242,0.010793970043330475,,false,UNRESOLVED,Unspecified,,,,false,,
D1-BOUNDED-IF97-SUBSET,8,47.339061117172264,R1-SIDE,REGION-1,SubcooledLiquid,47.339061117172264,0.010809970497312584,,true,REGION-1,SubcooledLiquid,47.33906111451654,0.010809862397236827,,true,-2.6557245291769505E-09,-1.0810007575710878E-07
D1-BOUNDED-IF97-SUBSET,8,47.339061117172264,R4-LIQUID-SIDE,REGION-4,SaturatedMixture,47.339061117172264,0.010809862398688596,1E-06,true,REGION-4-MIXTURE,SaturatedMixture,47.339061117172264,0.010809862398688596,1.0000000000000023E-06,true,0,0
D1-BOUNDED-IF97-SUBSET,8,47.339061117172264,R4-VAPOR-SIDE,REGION-4,SaturatedMixture,47.339061117172264,0.010809862398688596,0.999999,false,UNRESOLVED,Unspecified,,,,false,,
D1-BOUNDED-IF97-SUBSET,8,47.339061117172264,R2-SIDE,REGION-2,SuperheatedVapor,47.339061117172264,0.01080975430006461,,false,UNRESOLVED,Unspecified,,,,false,,
D1-BOUNDED-IF97-SUBSET,9,47.339702007174424,R1-SIDE,REGION-1,SubcooledLiquid,47.339702007174424,0.01081032085330431,,true,REGION-1,SubcooledLiquid,47.339702004246305,0.010810212749576055,,true,-2.9281181923579425E-09,-1.0810372825381664E-07
D1-BOUNDED-IF97-SUBSET,9,47.339702007174424,R4-LIQUID-SIDE,REGION-4,SaturatedMixture,47.339702007174424,0.010810212751176797,1E-06,true,REGION-4-MIXTURE,SaturatedMixture,47.33970200717448,0.010810212751176797,9.999999999999936E-07,true,5.684341886080802E-14,0
D1-BOUNDED-IF97-SUBSET,9,47.339702007174424,R4-VAPOR-SIDE,REGION-4,SaturatedMixture,47.339702007174424,0.010810212751176797,0.999999,false,UNRESOLVED,Unspecified,,,,false,,
D1-BOUNDED-IF97-SUBSET,9,47.339702007174424,R2-SIDE,REGION-2,SuperheatedVapor,47.339702007174424,0.010810104649049286,,false,UNRESOLVED,Unspecified,,,,false,,
D1-BOUNDED-IF97-SUBSET,10,47.37124681919806,R1-SIDE,REGION-1,SubcooledLiquid,47.37124681919806,0.010827577549085489,,true,REGION-1,SubcooledLiquid,47.37124681971909,0.010827469274677995,,true,5.210267772781663E-10,-1.0827440749365536E-07
D1-BOUNDED-IF97-SUBSET,10,47.37124681919806,R4-LIQUID-SIDE,REGION-4,SaturatedMixture,47.37124681919806,0.010827469274392744,1E-06,true,REGION-4-MIXTURE,SaturatedMixture,47.37124681919806,0.010827469274392744,9.99999999999994E-07,true,0,0
D1-BOUNDED-IF97-SUBSET,10,47.37124681919806,R4-VAPOR-SIDE,REGION-4,SaturatedMixture,47.37124681919806,0.010827469274392744,0.999999,false,UNRESOLVED,Unspecified,,,,false,,
D1-BOUNDED-IF97-SUBSET,10,47.37124681919806,R2-SIDE,REGION-2,SuperheatedVapor,47.37124681919806,0.010827360999700001,,false,UNRESOLVED,Unspecified,,,,false,,
D1-BOUNDED-IF97-SUBSET,11,47.38116506189107,R1-SIDE,REGION-1,SubcooledLiquid,47.38116506189107,0.010833008244981821,,true,REGION-1,SubcooledLiquid,47.38116505797825,0.010832899913839768,,true,-3.91281673728372E-09,-1.0833114205341388E-07
D1-BOUNDED-IF97-SUBSET,11,47.38116506189107,R4-LIQUID-SIDE,REGION-4,SaturatedMixture,47.38116506189107,0.010832899915982661,1E-06,true,REGION-4-MIXTURE,SaturatedMixture,47.381165061890954,0.01083289991598258,1.0000000000000216E-06,true,-1.1368683772161603E-13,-8.153200337090993E-17
D1-BOUNDED-IF97-SUBSET,11,47.38116506189107,R4-VAPOR-SIDE,REGION-4,SaturatedMixture,47.38116506189107,0.010832899915982661,0.999999,false,UNRESOLVED,Unspecified,,,,false,,
D1-BOUNDED-IF97-SUBSET,11,47.38116506189107,R2-SIDE,REGION-2,SuperheatedVapor,47.38116506189107,0.010832791586983501,,false,UNRESOLVED,Unspecified,,,,false,,
D1-BOUNDED-IF97-SUBSET,12,47.405578786134754,R1-SIDE,REGION-1,SubcooledLiquid,47.405578786134754,0.010846385856276416,,true,REGION-1,SubcooledLiquid,47.40557878202526,0.010846277391249519,,true,-4.1094949665421154E-09,-1.084650268975973E-07
D1-BOUNDED-IF97-SUBSET,12,47.405578786134754,R4-LIQUID-SIDE,REGION-4,SaturatedMixture,47.405578786134754,0.01084627739350248,1E-06,true,REGION-4-MIXTURE,SaturatedMixture,47.40557878613481,0.01084627739350251,9.999999999999758E-07,true,5.684341886080802E-14,2.949029909160572E-17
D1-BOUNDED-IF97-SUBSET,12,47.405578786134754,R4-VAPOR-SIDE,REGION-4,SaturatedMixture,47.405578786134754,0.01084627739350248,0.999999,false,UNRESOLVED,Unspecified,,,,false,,
D1-BOUNDED-IF97-SUBSET,12,47.405578786134754,R2-SIDE,REGION-2,SuperheatedVapor,47.405578786134754,0.010846168930728546,,false,UNRESOLVED,Unspecified,,,,false,,
D1-BOUNDED-IF97-SUBSET,13,47.42490748912098,R1-SIDE,REGION-1,SubcooledLiquid,47.42490748912098,0.010856987170281312,,true,REGION-1,SubcooledLiquid,47.42490748651221,0.010856878600063857,,true,-2.608771865197923E-09,-1.0857021745525053E-07
D1-BOUNDED-IF97-SUBSET,13,47.42490748912098,R4-LIQUID-SIDE,REGION-4,SaturatedMixture,47.42490748912098,0.010856878601495297,1E-06,true,REGION-4-MIXTURE,SaturatedMixture,47.42490748912098,0.010856878601495297,9.99999999999992E-07,true,0,0
D1-BOUNDED-IF97-SUBSET,13,47.42490748912098,R4-VAPOR-SIDE,REGION-4,SaturatedMixture,47.42490748912098,0.010856878601495297,0.999999,false,UNRESOLVED,Unspecified,,,,false,,
D1-BOUNDED-IF97-SUBSET,13,47.42490748912098,R2-SIDE,REGION-2,SuperheatedVapor,47.42490748912098,0.010856770032709281,,false,UNRESOLVED,Unspecified,,,,false,,
D1-BOUNDED-IF97-SUBSET,14,47.44107317328451,R1-SIDE,REGION-1,SubcooledLiquid,47.44107317328451,0.01086586048125896,,true,REGION-1,SubcooledLiquid,47.44107317315843,0.0108657518236715,,true,-1.2607870303327218E-10,-1.0865758745884357E-07
D1-BOUNDED-IF97-SUBSET,14,47.44107317328451,R4-LIQUID-SIDE,REGION-4,SaturatedMixture,47.44107317328451,0.010865751823740721,1E-06,true,REGION-4-MIXTURE,SaturatedMixture,47.44107317328434,0.010865751823740647,9.999999999999767E-07,true,-1.7053025658242404E-13,-7.45931094670027E-17
D1-BOUNDED-IF97-SUBSET,14,47.44107317328451,R4-VAPOR-SIDE,REGION-4,SaturatedMixture,47.44107317328451,0.010865751823740721,0.999999,false,UNRESOLVED,Unspecified,,,,false,,
D1-BOUNDED-IF97-SUBSET,14,47.44107317328451,R2-SIDE,REGION-2,SuperheatedVapor,47.44107317328451,0.010865643166222485,,false,UNRESOLVED,Unspecified,,,,false,,
D1-BOUNDED-IF97-SUBSET,15,47.46560525596135,R1-SIDE,REGION-1,SubcooledLiquid,47.46560525596135,0.010879337991507513,,true,REGION-1,SubcooledLiquid,47.46560525359325,0.010879229197913835,,true,-2.368096829741262E-09,-1.087935936772838E-07
D1-BOUNDED-IF97-SUBSET,15,47.46560525596135,R4-LIQUID-SIDE,REGION-4,SaturatedMixture,47.46560525596135,0.01087922919921552,1E-06,true,REGION-4-MIXTURE,SaturatedMixture,47.46560525596135,0.01087922919921552,1.0000000000000072E-06,true,0,0
D1-BOUNDED-IF97-SUBSET,15,47.46560525596135,R4-VAPOR-SIDE,REGION-4,SaturatedMixture,47.46560525596135,0.01087922919921552,0.999999,false,UNRESOLVED,Unspecified,,,,false,,
D1-BOUNDED-IF97-SUBSET,15,47.46560525596135,R2-SIDE,REGION-2,SuperheatedVapor,47.46560525596135,0.010879120406923529,,false,UNRESOLVED,Unspecified,,,,false,,
D1-BOUNDED-IF97-SUBSET,16,47.476804162561905,R1-SIDE,REGION-1,SubcooledLiquid,47.476804162561905,0.01088549525332102,,true,REGION-1,SubcooledLiquid,47.47680415451782,0.01088538639503332,,true,-8.044082733249525E-09,-1.0885828769999217E-07
D1-BOUNDED-IF97-SUBSET,16,47.476804162561905,R4-LIQUID-SIDE,REGION-4,SaturatedMixture,47.476804162561905,0.010885386399457025,1E-06,true,REGION-4-MIXTURE,SaturatedMixture,47.476804162561905,0.010885386399457025,1.000000000000003E-06,true,0,0
D1-BOUNDED-IF97-SUBSET,16,47.476804162561905,R4-VAPOR-SIDE,REGION-4,SaturatedMixture,47.476804162561905,0.010885386399457025,0.999999,false,UNRESOLVED,Unspecified,,,,false,,
D1-BOUNDED-IF97-SUBSET,16,47.476804162561905,R2-SIDE,REGION-2,SuperheatedVapor,47.476804162561905,0.010885277545593031,,false,UNRESOLVED,Unspecified,,,,false,,
D1-BOUNDED-IF97-SUBSET,17,47.497136956453346,R1-SIDE,REGION-1,SubcooledLiquid,47.497136956453346,0.010896682061926422,,true,REGION-1,SubcooledLiquid,47.497136956817826,0.010896573096396097,,true,3.64480001735501E-10,-1.0896553032449519E-07
D1-BOUNDED-IF97-SUBSET,17,47.497136956453346,R4-LIQUID-SIDE,REGION-4,SaturatedMixture,47.497136956453346,0.01089657309619546,1E-06,true,REGION-4-MIXTURE,SaturatedMixture,47.497136956453346,0.01089657309619546,1.0000000000000016E-06,true,0,0
D1-BOUNDED-IF97-SUBSET,17,47.497136956453346,R4-VAPOR-SIDE,REGION-4,SaturatedMixture,47.497136956453346,0.01089657309619546,0.999999,false,UNRESOLVED,Unspecified,,,,false,,
D1-BOUNDED-IF97-SUBSET,17,47.497136956453346,R2-SIDE,REGION-2,SuperheatedVapor,47.497136956453346,0.010896464130464498,,false,UNRESOLVED,Unspecified,,,,false,,
D1-BOUNDED-IF97-SUBSET,18,47.51263943389063,R1-SIDE,REGION-1,SubcooledLiquid,47.51263943389063,0.010905217934178663,,true,REGION-1,SubcooledLiquid,47.512639425937266,0.010905108878709175,,true,-7.953360636747675E-09,-1.0905546948825062E-07
D1-BOUNDED-IF97-SUBSET,18,47.51263943389063,R4-LIQUID-SIDE,REGION-4,SaturatedMixture,47.51263943389063,0.010905108883089832,1E-06,true,REGION-4-MIXTURE,SaturatedMixture,47.51263943389063,0.010905108883089832,1.0000000000000076E-06,true,0,0
D1-BOUNDED-IF97-SUBSET,18,47.51263943389063,R4-VAPOR-SIDE,REGION-4,SaturatedMixture,47.51263943389063,0.010905108883089832,0.999999,false,UNRESOLVED,Unspecified,,,,false,,
D1-BOUNDED-IF97-SUBSET,18,47.51263943389063,R2-SIDE,REGION-2,SuperheatedVapor,47.51263943389063,0.010904999832001001,,false,UNRESOLVED,Unspecified,,,,false,,
D1-BOUNDED-IF97-SUBSET,19,47.514584347605705,R1-SIDE,REGION-1,SubcooledLiquid,47.514584347605705,0.010906289235178678,,true,REGION-1,SubcooledLiquid,47.51458434770433,0.010906180173431288,,true,9.86233317235019E-11,-1.0906174739006014E-07
D1-BOUNDED-IF97-SUBSET,19,47.514584347605705,R4-LIQUID-SIDE,REGION-4,SaturatedMixture,47.514584347605705,0.010906180173376944,1E-06,true,REGION-4-MIXTURE,SaturatedMixture,47.51458434760565,0.01090618017337696,1.0000000000000324E-06,true,-5.684341886080802E-14,1.5612511283791264E-17
D1-BOUNDED-IF97-SUBSET,19,47.514584347605705,R4-VAPOR-SIDE,REGION-4,SaturatedMixture,47.514584347605705,0.010906180173376944,0.999999,false,UNRESOLVED,Unspecified,,,,false,,
D1-BOUNDED-IF97-SUBSET,19,47.514584347605705,R2-SIDE,REGION-2,SuperheatedVapor,47.514584347605705,0.01090607111157521,,false,UNRESOLVED,Unspecified,,,,false,,
D1-BOUNDED-IF97-SUBSET,20,47.54827588349582,R1-SIDE,REGION-1,SubcooledLiquid,47.54827588349582,0.010924861622134425,,true,REGION-1,SubcooledLiquid,47.54827588220178,0.010924752373896843,,true,-1.2940404303662945E-09,-1.0924823758140523E-07
D1-BOUNDED-IF97-SUBSET,20,47.54827588349582,R4-LIQUID-SIDE,REGION-4,SaturatedMixture,47.54827588349582,0.010924752374610679,1E-06,true,REGION-4-MIXTURE,SaturatedMixture,47.548275883495705,0.010924752374610627,9.999999999999595E-07,true,-1.1368683772161603E-13,-5.204170427930421E-17
D1-BOUNDED-IF97-SUBSET,20,47.54827588349582,R4-VAPOR-SIDE,REGION-4,SaturatedMixture,47.54827588349582,0.010924752374610679,0.999999,false,UNRESOLVED,Unspecified,,,,false,,
D1-BOUNDED-IF97-SUBSET,20,47.54827588349582,R2-SIDE,REGION-2,SuperheatedVapor,47.54827588349582,0.010924643127086932,,false,UNRESOLVED,Unspecified,,,,false,,
D1-BOUNDED-IF97-SUBSET,21,47.58362434357406,R1-SIDE,REGION-1,SubcooledLiquid,47.58362434357406,0.01094437658235262,,true,REGION-1,SubcooledLiquid,47.58362433786567,0.01094426713652739,,true,-5.708386652258923E-09,-1.0944582522903756E-07
D1-BOUNDED-IF97-SUBSET,21,47.58362434357406,R4-LIQUID-SIDE,REGION-4,SaturatedMixture,47.58362434357406,0.010944267139681222,1E-06,true,REGION-4-MIXTURE,SaturatedMixture,47.58362434357406,0.010944267139681222,9.999999999999991E-07,true,0,0
D1-BOUNDED-IF97-SUBSET,21,47.58362434357406,R4-VAPOR-SIDE,REGION-4,SaturatedMixture,47.58362434357406,0.010944267139681222,0.999999,false,UNRESOLVED,Unspecified,,,,false,,
D1-BOUNDED-IF97-SUBSET,21,47.58362434357406,R2-SIDE,REGION-2,SuperheatedVapor,47.58362434357406,0.010944157697009826,,false,UNRESOLVED,Unspecified,,,,false,,
D1-BOUNDED-IF97-SUBSET,22,47.61869406104091,R1-SIDE,REGION-1,SubcooledLiquid,47.61869406104091,0.010963767237899734,,true,REGION-1,SubcooledLiquid,47.61869405653556,0.010963657598830763,,true,-4.5053525354887825E-09,-1.0963906897122622E-07
D1-BOUNDED-IF97-SUBSET,22,47.61869406104091,R4-LIQUID-SIDE,REGION-4,SaturatedMixture,47.61869406104091,0.01096365760132372,1E-06,true,REGION-4-MIXTURE,SaturatedMixture,47.618694061040856,0.010963657601323675,1.000000000000012E-06,true,-5.684341886080802E-14,-4.5102810375396984E-17
D1-BOUNDED-IF97-SUBSET,22,47.61869406104091,R4-VAPOR-SIDE,REGION-4,SaturatedMixture,47.61869406104091,0.01096365760132372,0.999999,false,UNRESOLVED,Unspecified,,,,false,,
D1-BOUNDED-IF97-SUBSET,22,47.61869406104091,R2-SIDE,REGION-2,SuperheatedVapor,47.61869406104091,0.010963547964747708,,false,UNRESOLVED,Unspecified,,,,false,,
D1-BOUNDED-IF97-SUBSET,23,47.65354026705023,R1-SIDE,REGION-1,SubcooledLiquid,47.65354026705023,0.010983063530149202,,true,REGION-1,SubcooledLiquid,47.65354026779238,0.010982953701023502,,true,7.421476766467094E-10,-1.0982912570026149E-07
D1-BOUNDED-IF97-SUBSET,23,47.65354026705023,R4-LIQUID-SIDE,REGION-4,SaturatedMixture,47.65354026705023,0.010982953700612195,1E-06,true,REGION-4-MIXTURE,SaturatedMixture,47.65354026705029,0.010982953700612263,1.0000000000000237E-06,true,5.684341886080802E-14,6.765421556309548E-17
D1-BOUNDED-IF97-SUBSET,23,47.65354026705023,R4-VAPOR-SIDE,REGION-4,SaturatedMixture,47.65354026705023,0.010982953700612195,0.999999,false,UNRESOLVED,Unspecified,,,,false,,
D1-BOUNDED-IF97-SUBSET,23,47.65354026705023,R2-SIDE,REGION-2,SuperheatedVapor,47.65354026705023,0.01098284387107519,,false,UNRESOLVED,Unspecified,,,,false,,
D1-BOUNDED-IF97-SUBSET,24,47.68824782669549,R1-SIDE,REGION-1,SubcooledLiquid,47.68824782669549,0.01100231203510302,,true,REGION-1,SubcooledLiquid,47.68824782213096,0.011002202010549597,,true,-4.564526534522884E-09,-1.100245534228772E-07
D1-BOUNDED-IF97-SUBSET,24,47.68824782669549,R4-LIQUID-SIDE,REGION-4,SaturatedMixture,47.68824782669549,0.011002202013082888,1E-06,true,REGION-4-MIXTURE,SaturatedMixture,47.68824782669543,0.011002202013082857,9.999999999999923E-07,true,-5.684341886080802E-14,-3.122502256758253E-17
D1-BOUNDED-IF97-SUBSET,24,47.68824782669549,R4-VAPOR-SIDE,REGION-4,SaturatedMixture,47.68824782669549,0.011002202013082888,0.999999,false,UNRESOLVED,Unspecified,,,,false,,
D1-BOUNDED-IF97-SUBSET,24,47.68824782669549,R2-SIDE,REGION-2,SuperheatedVapor,47.68824782669549,0.011002091991062758,,false,UNRESOLVED,Unspecified,,,,false,,
D1-BOUNDED-IF97-SUBSET,25,47.72291185855869,R1-SIDE,REGION-1,SubcooledLiquid,47.72291185855869,0.011021565312344302,,true,REGION-1,SubcooledLiquid,47.72291185760275,0.011021455097262009,,true,-9.559357749822084E-10,-1.1021508229333565E-07
D1-BOUNDED-IF97-SUBSET,25,47.72291185855869,R4-LIQUID-SIDE,REGION-4,SaturatedMixture,47.72291185855869,0.011021455097793323,1E-06,true,REGION-4-MIXTURE,SaturatedMixture,47.722911858558746,0.011021455097793368,1.000000000000002E-06,true,5.684341886080802E-14,4.5102810375396984E-17
D1-BOUNDED-IF97-SUBSET,25,47.72291185855869,R4-VAPOR-SIDE,REGION-4,SaturatedMixture,47.72291185855869,0.011021455097793323,0.999999,false,UNRESOLVED,Unspecified,,,,false,,
D1-BOUNDED-IF97-SUBSET,25,47.72291185855869,R2-SIDE,REGION-2,SuperheatedVapor,47.72291185855869,0.011021344883242346,,false,UNRESOLVED,Unspecified,,,,false,,
D1-BOUNDED-IF97-SUBSET,26,47.757624070346424,R1-SIDE,REGION-1,SubcooledLiquid,47.757624070346424,0.01104087434015728,,true,REGION-1,SubcooledLiquid,47.757624062313994,0.011040763928046489,,true,-8.032429832383059E-09,-1.1041211079101942E-07
D1-BOUNDED-IF97-SUBSET,26,47.757624070346424,R4-LIQUID-SIDE,REGION-4,SaturatedMixture,47.757624070346424,0.011040763932517954,1E-06,true,REGION-4-MIXTURE,SaturatedMixture,47.75762407034648,0.011040763932517983,1.0000000000000025E-06,true,5.684341886080802E-14,2.949029909160572E-17
D1-BOUNDED-IF97-SUBSET,26,47.757624070346424,R4-VAPOR-SIDE,REGION-4,SaturatedMixture,47.757624070346424,0.011040763932517954,0.999999,false,UNRESOLVED,Unspecified,,,,false,,
D1-BOUNDED-IF97-SUBSET,26,47.757624070346424,R2-SIDE,REGION-2,SuperheatedVapor,47.757624070346424,0.01104065352487863,,false,UNRESOLVED,Unspecified,,,,false,,
D1-BOUNDED-IF97-SUBSET,27,47.79246309995665,R1-SIDE,REGION-1,SubcooledLiquid,47.79246309995665,0.011060283117221672,,true,REGION-1,SubcooledLiquid,47.79246310040901,0.01106017251574877,,true,4.523599272943102E-10,-1.1060147290208044E-07
D1-BOUNDED-IF97-SUBSET,27,47.79246309995665,R4-LIQUID-SIDE,REGION-4,SaturatedMixture,47.79246309995665,0.011060172515496517,1E-06,true,REGION-4-MIXTURE,SaturatedMixture,47.79246309995665,0.011060172515496517,1.0000000000000016E-06,true,0,0
D1-BOUNDED-IF97-SUBSET,27,47.79246309995665,R4-VAPOR-SIDE,REGION-4,SaturatedMixture,47.79246309995665,0.011060172515496517,0.999999,false,UNRESOLVED,Unspecified,,,,false,,
D1-BOUNDED-IF97-SUBSET,27,47.79246309995665,R2-SIDE,REGION-2,SuperheatedVapor,47.79246309995665,0.011060061913771362,,false,UNRESOLVED,Unspecified,,,,false,,
D1-BOUNDED-IF97-SUBSET,28,47.827488413453125,R1-SIDE,REGION-1,SubcooledLiquid,47.827488413453125,0.011079825203158315,,true,REGION-1,SubcooledLiquid,47.82748841387513,0.011079714406249887,,true,4.220055416226387E-10,-1.1079690842748235E-07
D1-BOUNDED-IF97-SUBSET,28,47.827488413453125,R4-LIQUID-SIDE,REGION-4,SaturatedMixture,47.827488413453125,0.011079714406014254,1E-06,true,REGION-4-MIXTURE,SaturatedMixture,47.82748841345307,0.011079714406014232,9.999999999999781E-07,true,-5.684341886080802E-14,-2.2551405187698492E-17
D1-BOUNDED-IF97-SUBSET,28,47.827488413453125,R4-VAPOR-SIDE,REGION-4,SaturatedMixture,47.827488413453125,0.011079714406014254,0.999999,false,UNRESOLVED,Unspecified,,,,false,,
D1-BOUNDED-IF97-SUBSET,28,47.827488413453125,R2-SIDE,REGION-2,SuperheatedVapor,47.827488413453125,0.011079603608870194,,false,UNRESOLVED,Unspecified,,,,false,,
D1-BOUNDED-IF97-SUBSET,29,47.862737081945,R1-SIDE,REGION-1,SubcooledLiquid,47.862737081945,0.011099521838287791,,true,REGION-1,SubcooledLiquid,47.862737073703045,0.01109941083957034,,true,-8.241954674303997E-09,-1.1099871745010037E-07
D1-BOUNDED-IF97-SUBSET,29,47.862737081945,R4-LIQUID-SIDE,REGION-4,SaturatedMixture,47.862737081945,0.011099410844179348,1E-06,true,REGION-4-MIXTURE,SaturatedMixture,47.862737081945056,0.011099410844179371,9.999999999999928E-07,true,5.684341886080802E-14,2.2551405187698492E-17
D1-BOUNDED-IF97-SUBSET,29,47.862737081945,R4-VAPOR-SIDE,REGION-4,SaturatedMixture,47.862737081945,0.011099410844179348,0.999999,false,UNRESOLVED,Unspecified,,,,false,,
D1-BOUNDED-IF97-SUBSET,29,47.862737081945,R2-SIDE,REGION-2,SuperheatedVapor,47.862737081945,0.011099299850070908,,false,UNRESOLVED,Unspecified,,,,false,,
D1-BOUNDED-IF97-SUBSET,30,47.89822296798229,R1-SIDE,REGION-1,SubcooledLiquid,47.89822296798229,0.011119381395374751,,true,REGION-1,SubcooledLiquid,47.89822296262412,0.01111927019967175,,true,-5.358174348657485E-09,-1.1119570300123505E-07
D1-BOUNDED-IF97-SUBSET,30,47.89822296798229,R4-LIQUID-SIDE,REGION-4,SaturatedMixture,47.89822296798229,0.011119270202672725,1E-06,true,REGION-4-MIXTURE,SaturatedMixture,47.89822296798229,0.011119270202672725,1.000000000000007E-06,true,0,0
D1-BOUNDED-IF97-SUBSET,30,47.89822296798229,R4-VAPOR-SIDE,REGION-4,SaturatedMixture,47.89822296798229,0.011119270202672725,0.999999,false,UNRESOLVED,Unspecified,,,,false,,
D1-BOUNDED-IF97-SUBSET,30,47.89822296798229,R2-SIDE,REGION-2,SuperheatedVapor,47.89822296798229,0.011119159009970698,,false,UNRESOLVED,Unspecified,,,,false,,
D1-BOUNDED-IF97-SUBSET,31,47.93393765389919,R1-SIDE,REGION-1,SubcooledLiquid,47.93393765389919,0.011139399802370956,,true,REGION-1,SubcooledLiquid,47.933937647624816,0.011139288405967323,,true,-6.274376573855989E-09,-1.1139640363269643E-07
D1-BOUNDED-IF97-SUBSET,31,47.93393765389919,R4-LIQUID-SIDE,REGION-4,SaturatedMixture,47.93393765389919,0.01113928840948686,1E-06,true,REGION-4-MIXTURE,SaturatedMixture,47.933937653898965,0.011139288409486761,1.0000000000000226E-06,true,-2.2737367544323206E-13,-9.8879238130678E-17
D1-BOUNDED-IF97-SUBSET,31,47.93393765389919,R4-VAPOR-SIDE,REGION-4,SaturatedMixture,47.93393765389919,0.01113928840948686,0.999999,false,UNRESOLVED,Unspecified,,,,false,,
D1-BOUNDED-IF97-SUBSET,31,47.93393765389919,R2-SIDE,REGION-2,SuperheatedVapor,47.93393765389919,0.011139177016602766,,false,UNRESOLVED,Unspecified,,,,false,,
D1-BOUNDED-IF97-SUBSET,32,47.96985266357666,R1-SIDE,REGION-1,SubcooledLiquid,47.96985266357666,0.0111595616944032,,true,REGION-1,SubcooledLiquid,47.969852659943626,0.011159450097861115,,true,-3.6330334296508227E-09,-1.1159654208538206E-07
D1-BOUNDED-IF97-SUBSET,32,47.96985266357666,R4-LIQUID-SIDE,REGION-4,SaturatedMixture,47.96985266357666,0.0111594500999022,1E-06,true,REGION-4-MIXTURE,SaturatedMixture,47.96985266357672,0.011159450099902223,9.999999999999682E-07,true,5.684341886080802E-14,2.2551405187698492E-17
D1-BOUNDED-IF97-SUBSET,32,47.96985266357666,R4-VAPOR-SIDE,REGION-4,SaturatedMixture,47.96985266357666,0.0111594500999022,0.999999,false,UNRESOLVED,Unspecified,,,,false,,
D1-BOUNDED-IF97-SUBSET,32,47.96985266357666,R2-SIDE,REGION-2,SuperheatedVapor,47.96985266357666,0.011159338505401201,,false,UNRESOLVED,Unspecified,,,,false,,
D1-BOUNDED-IF97-SUBSET,33,48.00592249780897,R1-SIDE,REGION-1,SubcooledLiquid,48.00592249780897,0.011179842033210947,,true,REGION-1,SubcooledLiquid,48.005922494842025,0.011179730234239139,,true,-2.9669422474398743E-09,-1.1179897180767229E-07
D1-BOUNDED-IF97-SUBSET,33,48.00592249780897,R4-LIQUID-SIDE,REGION-4,SaturatedMixture,48.00592249780897,0.011179730235908587,1E-06,true,REGION-4-MIXTURE,SaturatedMixture,48.005922497808854,0.011179730235908495,1.0000000000000012E-06,true,-1.1368683772161603E-13,-9.194034422677078E-17
D1-BOUNDED-IF97-SUBSET,33,48.00592249780897,R4-VAPOR-SIDE,REGION-4,SaturatedMixture,48.00592249780897,0.011179730235908587,0.999999,false,UNRESOLVED,Unspecified,,,,false,,
D1-BOUNDED-IF97-SUBSET,33,48.00592249780897,R2-SIDE,REGION-2,SuperheatedVapor,48.00592249780897,0.011179618438606228,,false,UNRESOLVED,Unspecified,,,,false,,
D1-BOUNDED-IF97-SUBSET,34,48.042088118195466,R1-SIDE,REGION-1,SubcooledLiquid,48.042088118195466,0.01120020799400999,,true,REGION-1,SubcooledLiquid,48.042088117683534,0.011200095992761566,,true,-5.11931830260437E-10,-1.1200124842500325E-07
D1-BOUNDED-IF97-SUBSET,34,48.042088118195466,R4-LIQUID-SIDE,REGION-4,SaturatedMixture,48.042088118195466,0.011200095993050059,1E-06,true,REGION-4-MIXTURE,SaturatedMixture,48.042088118195636,0.011200095993050144,1.000000000000008E-06,true,1.7053025658242404E-13,8.500145032286355E-17
D1-BOUNDED-IF97-SUBSET,34,48.042088118195466,R4-VAPOR-SIDE,REGION-4,SaturatedMixture,48.042088118195466,0.011200095993050059,0.999999,false,UNRESOLVED,Unspecified,,,,false,,
D1-BOUNDED-IF97-SUBSET,34,48.042088118195466,R2-SIDE,REGION-2,SuperheatedVapor,48.042088118195466,0.011199983992090129,,false,UNRESOLVED,Unspecified,,,,false,,
D1-BOUNDED-IF97-SUBSET,35,48.07828054577118,R1-SIDE,REGION-1,SubcooledLiquid,48.07828054577118,0.0112206209350514,,true,REGION-1,SubcooledLiquid,48.078280543362894,0.01122050872860475,,true,-2.408285126875853E-09,-1.1220644664973467E-07
D1-BOUNDED-IF97-SUBSET,35,48.07828054577118,R4-LIQUID-SIDE,REGION-4,SaturatedMixture,48.07828054577118,0.0112205087299641,1E-06,true,REGION-4-MIXTURE,SaturatedMixture,48.07828054577101,0.011220508729964001,1.0000000000000281E-06,true,-1.7053025658242404E-13,-9.8879238130678E-17
D1-BOUNDED-IF97-SUBSET,35,48.07828054577118,R4-VAPOR-SIDE,REGION-4,SaturatedMixture,48.07828054577118,0.0112205087299641,0.999999,false,UNRESOLVED,Unspecified,,,,false,,
D1-BOUNDED-IF97-SUBSET,35,48.07828054577118,R2-SIDE,REGION-2,SuperheatedVapor,48.07828054577118,0.0112203965248768,,false,UNRESOLVED,Unspecified,,,,false,,
D1-BOUNDED-IF97-SUBSET,36,48.11442436575891,R1-SIDE,REGION-1,SubcooledLiquid,48.11442436575891,0.011241038333516782,,true,REGION-1,SubcooledLiquid,48.11442436201173,0.01124092592213918,,true,-3.747175014723325E-09,-1.124113776021507E-07
D1-BOUNDED-IF97-SUBSET,36,48.11442436575891,R4-LIQUID-SIDE,REGION-4,SaturatedMixture,48.11442436575891,0.011240925924257539,1E-06,true,REGION-4-MIXTURE,SaturatedMixture,48.114424365758794,0.011240925924257478,9.999999999999875E-07,true,-1.1368683772161603E-13,-6.071532165918825E-17
D1-BOUNDED-IF97-SUBSET,36,48.11442436575891,R4-VAPOR-SIDE,REGION-4,SaturatedMixture,48.11442436575891,0.011240925924257539,0.999999,false,UNRESOLVED,Unspecified,,,,false,,
D1-BOUNDED-IF97-SUBSET,36,48.11442436575891,R2-SIDE,REGION-2,SuperheatedVapor,48.11442436575891,0.011240813514998296,,false,UNRESOLVED,Unspecified,,,,false,,
D1-BOUNDED-IF97-SUBSET,37,48.15044099241493,R1-SIDE,REGION-1,SubcooledLiquid,48.15044099241493,0.01126141560515215,,true,REGION-1,SubcooledLiquid,48.150440984962984,0.011261302987902884,,true,-7.451944838976488E-09,-1.1261724926561745E-07
D1-BOUNDED-IF97-SUBSET,37,48.15044099241493,R4-LIQUID-SIDE,REGION-4,SaturatedMixture,48.15044099241493,0.011261302992122227,1E-06,true,REGION-4-MIXTURE,SaturatedMixture,48.150440992414985,0.011261302992122272,1.000000000000028E-06,true,5.684341886080802E-14,4.5102810375396984E-17
D1-BOUNDED-IF97-SUBSET,37,48.15044099241493,R4-VAPOR-SIDE,REGION-4,SaturatedMixture,48.15044099241493,0.011261302992122227,0.999999,false,UNRESOLVED,Unspecified,,,,false,,
D1-BOUNDED-IF97-SUBSET,37,48.15044099241493,R2-SIDE,REGION-2,SuperheatedVapor,48.15044099241493,0.011261190379092307,,false,UNRESOLVED,Unspecified,,,,false,,
D1-BOUNDED-IF97-SUBSET,38,48.1862515375019,R1-SIDE,REGION-1,SubcooledLiquid,48.1862515375019,0.011281707717804016,,true,REGION-1,SubcooledLiquid,48.186251534352664,0.011281594900069114,,true,-3.1492390917264856E-09,-1.1281773490239011E-07
D1-BOUNDED-IF97-SUBSET,38,48.1862515375019,R4-LIQUID-SIDE,REGION-4,SaturatedMixture,48.1862515375019,0.011281594901854998,1E-06,true,REGION-4-MIXTURE,SaturatedMixture,48.1862515375019,0.011281594901854998,1.000000000000006E-06,true,0,0
D1-BOUNDED-IF97-SUBSET,38,48.1862515375019,R4-VAPOR-SIDE,REGION-4,SaturatedMixture,48.1862515375019,0.011281594901854998,0.999999,false,UNRESOLVED,Unspecified,,,,false,,
D1-BOUNDED-IF97-SUBSET,38,48.1862515375019,R2-SIDE,REGION-2,SuperheatedVapor,48.1862515375019,0.01128148208590598,,false,UNRESOLVED,Unspecified,,,,false,,
D1-BOUNDED-IF97-SUBSET,39,48.22177927196026,R1-SIDE,REGION-1,SubcooledLiquid,48.22177927196026,0.01130187059056323,,true,REGION-1,SubcooledLiquid,48.22177927163443,0.011301757572802482,,true,-3.2582647691015154E-10,-1.1301776074897074E-07
D1-BOUNDED-IF97-SUBSET,39,48.22177927196026,R4-LIQUID-SIDE,REGION-4,SaturatedMixture,48.22177927196026,0.0113017575729875,1E-06,true,REGION-4-MIXTURE,SaturatedMixture,48.2217792719602,0.011301757572987516,1.0000000000000374E-06,true,-5.684341886080802E-14,1.5612511283791264E-17
D1-BOUNDED-IF97-SUBSET,39,48.22177927196026,R4-VAPOR-SIDE,REGION-4,SaturatedMixture,48.22177927196026,0.0113017575729875,0.999999,false,UNRESOLVED,Unspecified,,,,false,,
D1-BOUNDED-IF97-SUBSET,39,48.22177927196026,R2-SIDE,REGION-2,SuperheatedVapor,48.22177927196026,0.011301644555411772,,false,UNRESOLVED,Unspecified,,,,false,,
D1-BOUNDED-IF97-SUBSET,40,48.256951592117616,R1-SIDE,REGION-1,SubcooledLiquid,48.256951592117616,0.011321862225389345,,true,REGION-1,SubcooledLiquid,48.25695158765211,0.01132174900535915,,true,-4.465505298867356E-09,-1.1322003019495486E-07
D1-BOUNDED-IF97-SUBSET,40,48.256951592117616,R4-LIQUID-SIDE,REGION-4,SaturatedMixture,48.256951592117616,0.011321749007899265,1E-06,true,REGION-4-MIXTURE,SaturatedMixture,48.256951592117616,0.011321749007899265,9.999999999999928E-07,true,0,0
D1-BOUNDED-IF97-SUBSET,40,48.256951592117616,R4-VAPOR-SIDE,REGION-4,SaturatedMixture,48.256951592117616,0.011321749007899265,0.999999,false,UNRESOLVED,Unspecified,,,,false,,
D1-BOUNDED-IF97-SUBSET,40,48.256951592117616,R2-SIDE,REGION-2,SuperheatedVapor,48.256951592117616,0.011321635790409186,,false,UNRESOLVED,Unspecified,,,,false,,
D1-BOUNDED-IF97-SUBSET,41,48.29170162081721,R1-SIDE,REGION-1,SubcooledLiquid,48.29170162081721,0.011341643642069852,,true,REGION-1,SubcooledLiquid,48.291701616637056,0.011341530224386283,,true,-4.1801513361861E-09,-1.1341768356952497E-07
D1-BOUNDED-IF97-SUBSET,41,48.29170162081721,R4-LIQUID-SIDE,REGION-4,SaturatedMixture,48.29170162081721,0.011341530226767585,1E-06,true,REGION-4-MIXTURE,SaturatedMixture,48.29170162081715,0.011341530226767555,9.999999999999978E-07,true,-5.684341886080802E-14,-2.949029909160572E-17
D1-BOUNDED-IF97-SUBSET,41,48.29170162081721,R4-VAPOR-SIDE,REGION-4,SaturatedMixture,48.29170162081721,0.011341530226767585,0.999999,false,UNRESOLVED,Unspecified,,,,false,,
D1-BOUNDED-IF97-SUBSET,41,48.29170162081721,R2-SIDE,REGION-2,SuperheatedVapor,48.29170162081721,0.011341416811465317,,false,UNRESOLVED,Unspecified,,,,false,,
D1-BOUNDED-IF97-SUBSET,42,48.32596928700798,R1-SIDE,REGION-1,SubcooledLiquid,48.32596928700798,0.011361179524519564,,true,REGION-1,SubcooledLiquid,48.32596928179606,0.01136106591088695,,true,-5.211916231928626E-09,-1.1361363261470914E-07
D1-BOUNDED-IF97-SUBSET,42,48.32596928700798,R4-LIQUID-SIDE,REGION-4,SaturatedMixture,48.32596928700798,0.011361065913860425,1E-06,true,REGION-4-MIXTURE,SaturatedMixture,48.32596928700798,0.011361065913860425,1.000000000000007E-06,true,0,0
D1-BOUNDED-IF97-SUBSET,42,48.32596928700798,R4-VAPOR-SIDE,REGION-4,SaturatedMixture,48.32596928700798,0.011361065913860425,0.999999,false,UNRESOLVED,Unspecified,,,,false,,
D1-BOUNDED-IF97-SUBSET,42,48.32596928700798,R2-SIDE,REGION-2,SuperheatedVapor,48.32596928700798,0.011360952303201288,,false,UNRESOLVED,Unspecified,,,,false,,
D1-BOUNDED-IF97-SUBSET,43,48.35970218628648,R1-SIDE,REGION-1,SubcooledLiquid,48.35970218628648,0.01138043874756184,,true,REGION-1,SubcooledLiquid,48.359702183555214,0.011380324942751957,,true,-2.7312694328429643E-09,-1.1380480988316954E-07
D1-BOUNDED-IF97-SUBSET,43,48.35970218628648,R4-LIQUID-SIDE,REGION-4,SaturatedMixture,48.35970218628648,0.011380324944312396,1E-06,true,REGION-4-MIXTURE,SaturatedMixture,48.35970218628671,0.011380324944312575,9.999999999999972E-07,true,2.2737367544323206E-13,1.7867651802561113E-16
D1-BOUNDED-IF97-SUBSET,43,48.35970218628648,R4-VAPOR-SIDE,REGION-4,SaturatedMixture,48.35970218628648,0.011380324944312396,0.999999,false,UNRESOLVED,Unspecified,,,,false,,
D1-BOUNDED-IF97-SUBSET,43,48.35970218628648,R2-SIDE,REGION-2,SuperheatedVapor,48.35970218628648,0.011380211141062954,,false,UNRESOLVED,Unspecified,,,,false,,
D1-BOUNDED-IF97-SUBSET,44,48.392855721712124,R1-SIDE,REGION-1,SubcooledLiquid,48.392855721712124,0.011399394495865203,,true,REGION-1,SubcooledLiquid,48.39285571977132,0.011399280501949759,,true,-1.940804850164568E-09,-1.1399391544424098E-07
D1-BOUNDED-IF97-SUBSET,44,48.392855721712124,R4-LIQUID-SIDE,REGION-4,SaturatedMixture,48.392855721712124,0.011399280503060171,1E-06,true,REGION-4-MIXTURE,SaturatedMixture,48.392855721712294,0.011399280503060287,9.999999999999752E-07,true,1.7053025658242404E-13,1.1622647289044608E-16
D1-BOUNDED-IF97-SUBSET,44,48.392855721712124,R4-VAPOR-SIDE,REGION-4,SaturatedMixture,48.392855721712124,0.011399280503060171,0.999999,false,UNRESOLVED,Unspecified,,,,false,,
D1-BOUNDED-IF97-SUBSET,44,48.392855721712124,R2-SIDE,REGION-2,SuperheatedVapor,48.392855721712124,0.01139916651025514,,false,UNRESOLVED,Unspecified,,,,false,,
D1-BOUNDED-IF97-SUBSET,45,48.42539348453289,R1-SIDE,REGION-1,SubcooledLiquid,48.42539348453289,0.011418024520255126,,true,REGION-1,SubcooledLiquid,48.42539348176501,0.011417910339565825,,true,-2.7678765945893247E-09,-1.1418068930103831E-07
D1-BOUNDED-IF97-SUBSET,45,48.42539348453289,R4-LIQUID-SIDE,REGION-4,SaturatedMixture,48.42539348453289,0.011417910341151714,1E-06,true,REGION-4-MIXTURE,SaturatedMixture,48.42539348453283,0.011417910341151643,1.0000000000000262E-06,true,-5.684341886080802E-14,-7.112366251504909E-17
D1-BOUNDED-IF97-SUBSET,45,48.42539348453289,R4-VAPOR-SIDE,REGION-4,SaturatedMixture,48.42539348453289,0.011417910341151714,0.999999,false,UNRESOLVED,Unspecified,,,,false,,
D1-BOUNDED-IF97-SUBSET,45,48.42539348453289,R2-SIDE,REGION-2,SuperheatedVapor,48.42539348453289,0.011417796162048303,,false,UNRESOLVED,Unspecified,,,,false,,
D1-BOUNDED-IF97-SUBSET,46,48.45728705078358,R1-SIDE,REGION-1,SubcooledLiquid,48.45728705078358,0.011436311059579433,,true,REGION-1,SubcooledLiquid,48.457287045641976,0.01143619669466245,,true,-5.1416009227978066E-09,-1.143649169827593E-07
D1-BOUNDED-IF97-SUBSET,46,48.45728705078358,R4-LIQUID-SIDE,REGION-4,SaturatedMixture,48.45728705078358,0.011436196697612457,1E-06,true,REGION-4-MIXTURE,SaturatedMixture,48.45728705078386,0.011436196697612642,9.999999999999875E-07,true,2.8421709430404007E-13,1.8561541192951836E-16
D1-BOUNDED-IF97-SUBSET,46,48.45728705078358,R4-VAPOR-SIDE,REGION-4,SaturatedMixture,48.45728705078358,0.011436196697612457,0.999999,false,UNRESOLVED,Unspecified,,,,false,,
D1-BOUNDED-IF97-SUBSET,46,48.45728705078358,R2-SIDE,REGION-2,SuperheatedVapor,48.45728705078358,0.01143608233564548,,false,UNRESOLVED,Unspecified,,,,false,,
D1-BOUNDED-IF97-SUBSET,47,48.48851566314704,R1-SIDE,REGION-1,SubcooledLiquid,48.48851566314704,0.011454240694262383,,true,REGION-1,SubcooledLiquid,48.4885156617778,0.011454126152214169,,true,-1.3692442735191435E-09,-1.1454204821431668E-07
D1-BOUNDED-IF97-SUBSET,47,48.48851566314704,R4-LIQUID-SIDE,REGION-4,SaturatedMixture,48.48851566314704,0.011454126153000852,1E-06,true,REGION-4-MIXTURE,SaturatedMixture,48.48851566314704,0.011454126153000852,9.999999999999983E-07,true,0,0
D1-BOUNDED-IF97-SUBSET,47,48.48851566314704,R4-VAPOR-SIDE,REGION-4,SaturatedMixture,48.48851566314704,0.011454126153000852,0.999999,false,UNRESOLVED,Unspecified,,,,false,,
D1-BOUNDED-IF97-SUBSET,47,48.48851566314704,R2-SIDE,REGION-2,SuperheatedVapor,48.48851566314704,0.011454011611739322,,false,UNRESOLVED,Unspecified,,,,false,,
D1-BOUNDED-IF97-SUBSET,48,48.51906575113537,R1-SIDE,REGION-1,SubcooledLiquid,48.51906575113537,0.011471804103789424,,true,REGION-1,SubcooledLiquid,48.519065744055524,0.011471689382822675,,true,-7.079847819113638E-09,-1.147209667488186E-07
D1-BOUNDED-IF97-SUBSET,48,48.51906575113537,R4-LIQUID-SIDE,REGION-4,SaturatedMixture,48.51906575113537,0.011471689386895554,1E-06,true,REGION-4-MIXTURE,SaturatedMixture,48.5190657511356,0.011471689386895679,1.00000000000005E-06,true,2.2737367544323206E-13,1.249000902703301E-16
D1-BOUNDED-IF97-SUBSET,48,48.51906575113537,R4-VAPOR-SIDE,REGION-4,SaturatedMixture,48.51906575113537,0.011471689386895554,0.999999,false,UNRESOLVED,Unspecified,,,,false,,
D1-BOUNDED-IF97-SUBSET,48,48.51906575113537,R2-SIDE,REGION-2,SuperheatedVapor,48.51906575113537,0.011471574670001686,,false,UNRESOLVED,Unspecified,,,,false,,
D1-BOUNDED-IF97-SUBSET,49,48.548930336534966,R1-SIDE,REGION-1,SubcooledLiquid,48.548930336534966,0.01148899575427806,,true,REGION-1,SubcooledLiquid,48.54893033585711,0.011488880865078916,,true,-6.778577699151356E-10,-1.1488919914384721E-07
D1-BOUNDED-IF97-SUBSET,49,48.548930336534966,R4-LIQUID-SIDE,REGION-4,SaturatedMixture,48.548930336534966,0.011488880865469404,1E-06,true,REGION-4-MIXTURE,SaturatedMixture,48.54893033653485,0.011488880865469333,1.0000000000000137E-06,true,-1.1368683772161603E-13,-7.112366251504909E-17
D1-BOUNDED-IF97-SUBSET,49,48.548930336534966,R4-VAPOR-SIDE,REGION-4,SaturatedMixture,48.548930336534966,0.011488880865469404,0.999999,false,UNRESOLVED,Unspecified,,,,false,,
D1-BOUNDED-IF97-SUBSET,49,48.548930336534966,R2-SIDE,REGION-2,SuperheatedVapor,48.548930336534966,0.01148876597666075,,false,UNRESOLVED,Unspecified,,,,false,,
D1-BOUNDED-IF97-SUBSET,50,48.578108470141956,R1-SIDE,REGION-1,SubcooledLiquid,48.578108470141956,0.011505813599834694,,true,REGION-1,SubcooledLiquid,48.578108466570825,0.011505698540789634,,true,-3.5711309465114027E-09,-1.1505904506069198E-07
D1-BOUNDED-IF97-SUBSET,50,48.578108470141956,R4-LIQUID-SIDE,REGION-4,SaturatedMixture,48.578108470141956,0.011505698542849266,1E-06,true,REGION-4-MIXTURE,SaturatedMixture,48.578108470141956,0.011505698542849266,9.99999999999999E-07,true,0,0
D1-BOUNDED-IF97-SUBSET,50,48.578108470141956,R4-VAPOR-SIDE,REGION-4,SaturatedMixture,48.578108470141956,0.011505698542849266,0.999999,false,UNRESOLVED,Unspecified,,,,false,,
D1-BOUNDED-IF97-SUBSET,50,48.578108470141956,R2-SIDE,REGION-2,SuperheatedVapor,48.578108470141956,0.011505583485863837,,false,UNRESOLVED,Unspecified,,,,false,,
D1-BOUNDED-IF97-SUBSET,51,48.60660451203586,R1-SIDE,REGION-1,SubcooledLiquid,48.60660451203586,0.011522258689582668,,true,REGION-1,SubcooledLiquid,48.606604503532935,0.011522143463237957,,true,-8.502922810293967E-09,-1.1522634471052007E-07
D1-BOUNDED-IF97-SUBSET,51,48.60660451203586,R4-LIQUID-SIDE,REGION-4,SaturatedMixture,48.60660451203586,0.011522143468147986,1E-06,true,REGION-4-MIXTURE,SaturatedMixture,48.606604512035915,0.011522143468148017,9.999999999999743E-07,true,5.684341886080802E-14,3.122502256758253E-17
D1-BOUNDED-IF97-SUBSET,51,48.60660451203586,R4-VAPOR-SIDE,REGION-4,SaturatedMixture,48.60660451203586,0.011522143468147986,0.999999,false,UNRESOLVED,Unspecified,,,,false,,
D1-BOUNDED-IF97-SUBSET,51,48.60660451203586,R2-SIDE,REGION-2,SuperheatedVapor,48.60660451203586,0.011522028246713304,,false,UNRESOLVED,Unspecified,,,,false,,
D1-BOUNDED-IF97-SUBSET,52,48.634427432715825,R1-SIDE,REGION-1,SubcooledLiquid,48.634427432715825,0.011538334782297953,,true,REGION-1,SubcooledLiquid,48.634427428220874,0.01153821939750525,,true,-4.4949501898372546E-09,-1.1538479270309376E-07
D1-BOUNDED-IF97-SUBSET,52,48.634427432715825,R4-LIQUID-SIDE,REGION-4,SaturatedMixture,48.634427432715825,0.01153821940010395,1E-06,true,REGION-4-MIXTURE,SaturatedMixture,48.63442743271594,0.011538219400104029,1.0000000000000137E-06,true,1.1368683772161603E-13,7.806255641895632E-17
D1-BOUNDED-IF97-SUBSET,52,48.634427432715825,R4-VAPOR-SIDE,REGION-4,SaturatedMixture,48.634427432715825,0.01153821940010395,0.999999,false,UNRESOLVED,Unspecified,,,,false,,
D1-BOUNDED-IF97-SUBSET,52,48.634427432715825,R2-SIDE,REGION-2,SuperheatedVapor,48.634427432715825,0.01153810401790995,,false,UNRESOLVED,Unspecified,,,,false,,
D1-BOUNDED-IF97-SUBSET,53,48.661590208113125,R1-SIDE,REGION-1,SubcooledLiquid,48.661590208113125,0.011554048011264742,,true,REGION-1,SubcooledLiquid,48.661590204128856,0.011553932469633882,,true,-3.984268914791755E-09,-1.1554163086013869E-07
D1-BOUNDED-IF97-SUBSET,53,48.661590208113125,R4-LIQUID-SIDE,REGION-4,SaturatedMixture,48.661590208113125,0.011553932471940021,1E-06,true,REGION-4-MIXTURE,SaturatedMixture,48.66159020811307,0.011553932471940013,1.000000000000002E-06,true,-5.684341886080802E-14,-8.673617379884035E-18
D1-BOUNDED-IF97-SUBSET,53,48.661590208113125,R4-VAPOR-SIDE,REGION-4,SaturatedMixture,48.661590208113125,0.011553932471940021,0.999999,false,UNRESOLVED,Unspecified,,,,false,,
D1-BOUNDED-IF97-SUBSET,53,48.661590208113125,R2-SIDE,REGION-2,SuperheatedVapor,48.661590208113125,0.011553816932615302,,false,UNRESOLVED,Unspecified,,,,false,,
D1-BOUNDED-IF97-SUBSET,54,48.6881090790032,R1-SIDE,REGION-1,SubcooledLiquid,48.6881090790032,0.011569406467069384,,true,REGION-1,SubcooledLiquid,48.68810907681018,0.01156929077289084,,true,-2.1930190996499732E-09,-1.1569417854469244E-07
D1-BOUNDED-IF97-SUBSET,54,48.6881090790032,R4-LIQUID-SIDE,REGION-4,SaturatedMixture,48.6881090790032,0.011569290774161642,1E-06,true,REGION-4-MIXTURE,SaturatedMixture,48.688109079003084,0.011569290774161564,1.0000000000000203E-06,true,-1.1368683772161603E-13,-7.806255641895632E-17
D1-BOUNDED-IF97-SUBSET,54,48.6881090790032,R4-VAPOR-SIDE,REGION-4,SaturatedMixture,48.6881090790032,0.011569290774161642,0.999999,false,UNRESOLVED,Unspecified,,,,false,,
D1-BOUNDED-IF97-SUBSET,54,48.6881090790032,R2-SIDE,REGION-2,SuperheatedVapor,48.6881090790032,0.0115691750812539,,false,UNRESOLVED,Unspecified,,,,false,,
D1-BOUNDED-IF97-SUBSET,55,48.71400299817316,R1-SIDE,REGION-1,SubcooledLiquid,48.71400299817316,0.011584419885542555,,true,REGION-1,SubcooledLiquid,48.71400299375608,0.011584304039939665,,true,-4.417074705997948E-09,-1.1584560288997736E-07
D1-BOUNDED-IF97-SUBSET,55,48.71400299817316,R4-LIQUID-SIDE,REGION-4,SaturatedMixture,48.71400299817316,0.011584304042502129,1E-06,true,REGION-4-MIXTURE,SaturatedMixture,48.71400299817327,0.011584304042502193,9.999999999999483E-07,true,1.1368683772161603E-13,6.418476861114186E-17
D1-BOUNDED-IF97-SUBSET,55,48.71400299817316,R4-VAPOR-SIDE,REGION-4,SaturatedMixture,48.71400299817316,0.011584304042502129,0.999999,false,UNRESOLVED,Unspecified,,,,false,,
D1-BOUNDED-IF97-SUBSET,55,48.71400299817316,R2-SIDE,REGION-2,SuperheatedVapor,48.71400299817316,0.011584188199461705,,false,UNRESOLVED,Unspecified,,,,false,,
D1-BOUNDED-IF97-SUBSET,56,48.739292983710754,R1-SIDE,REGION-1,SubcooledLiquid,48.739292983710754,0.011599099278397073,,true,REGION-1,SubcooledLiquid,48.7392929809663,0.011598983286970342,,true,-2.7444571060186718E-09,-1.1599142673082707E-07
D1-BOUNDED-IF97-SUBSET,56,48.739292983710754,R4-LIQUID-SIDE,REGION-4,SaturatedMixture,48.739292983710754,0.011598983288564187,1E-06,true,REGION-4-MIXTURE,SaturatedMixture,48.739292983710754,0.011598983288564187,9.999999999999997E-07,true,0,0
D1-BOUNDED-IF97-SUBSET,56,48.739292983710754,R4-VAPOR-SIDE,REGION-4,SaturatedMixture,48.739292983710754,0.011598983288564187,0.999999,false,UNRESOLVED,Unspecified,,,,false,,
D1-BOUNDED-IF97-SUBSET,56,48.739292983710754,R2-SIDE,REGION-2,SuperheatedVapor,48.739292983710754,0.0115988672987313,,false,UNRESOLVED,Unspecified,,,,false,,
D1-BOUNDED-IF97-SUBSET,57,48.76400166004896,R1-SIDE,REGION-1,SubcooledLiquid,48.76400166004896,0.011613456670103326,,true,REGION-1,SubcooledLiquid,48.76400166079418,0.011613340537131188,,true,7.452172212651931E-10,-1.1613297213816653E-07
D1-BOUNDED-IF97-SUBSET,57,48.76400166004896,R4-LIQUID-SIDE,REGION-4,SaturatedMixture,48.76400166004896,0.011613340536697958,1E-06,true,REGION-4-MIXTURE,SaturatedMixture,48.764001660048905,0.011613340536697903,9.999999999999902E-07,true,-5.684341886080802E-14,-5.551115123125783E-17
D1-BOUNDED-IF97-SUBSET,57,48.76400166004896,R4-VAPOR-SIDE,REGION-4,SaturatedMixture,48.76400166004896,0.011613340536697958,0.999999,false,UNRESOLVED,Unspecified,,,,false,,
D1-BOUNDED-IF97-SUBSET,57,48.76400166004896,R2-SIDE,REGION-2,SuperheatedVapor,48.76400166004896,0.011613224403292592,,false,UNRESOLVED,Unspecified,,,,false,,
D1-BOUNDED-IF97-SUBSET,58,48.78828783631326,R1-SIDE,REGION-1,SubcooledLiquid,48.78828783631326,0.011627583421833875,,true,REGION-1,SubcooledLiquid,48.78828782754198,0.011627467142057738,,true,-8.771280590735842E-09,-1.1627977613767881E-07
D1-BOUNDED-IF97-SUBSET,58,48.78828783631326,R4-LIQUID-SIDE,REGION-4,SaturatedMixture,48.78828783631326,0.011627467147162403,1E-06,true,REGION-4-MIXTURE,SaturatedMixture,48.78828783631309,0.011627467147162309,9.99999999999997E-07,true,-1.7053025658242404E-13,-9.367506770274758E-17
D1-BOUNDED-IF97-SUBSET,58,48.78828783631326,R4-VAPOR-SIDE,REGION-4,SaturatedMixture,48.78828783631326,0.011627467147162403,0.999999,false,UNRESOLVED,Unspecified,,,,false,,
D1-BOUNDED-IF97-SUBSET,58,48.78828783631326,R2-SIDE,REGION-2,SuperheatedVapor,48.78828783631326,0.011627350872490932,,false,UNRESOLVED,Unspecified,,,,false,,
D1-BOUNDED-IF97-SUBSET,59,48.81413910388949,R1-SIDE,REGION-1,SubcooledLiquid,48.81413910388949,0.011642636755446802,,true,REGION-1,SubcooledLiquid,48.814139099356396,0.011642520327602433,,true,-4.533092123892857E-09,-1.1642784436896592E-07
D1-BOUNDED-IF97-SUBSET,59,48.81413910388949,R4-LIQUID-SIDE,REGION-4,SaturatedMixture,48.81413910388949,0.0116425203302435,1E-06,true,REGION-4-MIXTURE,SaturatedMixture,48.814139103889545,0.011642520330243484,1.0000000000000108E-06,true,5.684341886080802E-14,-1.5612511283791264E-17
D1-BOUNDED-IF97-SUBSET,59,48.81413910388949,R4-VAPOR-SIDE,REGION-4,SaturatedMixture,48.81413910388949,0.0116425203302435,0.999999,false,UNRESOLVED,Unspecified,,,,false,,
D1-BOUNDED-IF97-SUBSET,59,48.81413910388949,R2-SIDE,REGION-2,SuperheatedVapor,48.81413910388949,0.011642403905040198,,false,UNRESOLVED,Unspecified,,,,false,,
D1-BOUNDED-IF97-SUBSET,60,100,R1-SIDE,REGION-1,SubcooledLiquid,100,0.10141899210108919,,true,REGION-1,SubcooledLiquid,100,0.10141899229060741,,true,0,1.895182205613466E-10
D1-BOUNDED-IF97-SUBSET,60,100,R4-LIQUID-SIDE,REGION-4,SaturatedMixture,100,0.10141797792130998,1E-06,true,REGION-4-MIXTURE,SaturatedMixture,100,0.10141797792130998,1.0000000000000148E-06,true,0,0
D1-BOUNDED-IF97-SUBSET,60,100,R4-VAPOR-SIDE,REGION-4,SaturatedMixture,100,0.10141797792130998,0.999999,true,REGION-4-MIXTURE,SaturatedMixture,100,0.10141797792130998,0.999999,true,0,0
D1-BOUNDED-IF97-SUBSET,60,100,R2-SIDE,REGION-2,SuperheatedVapor,100,0.10141696374153077,,true,REGION-2,SuperheatedVapor,100.00000000009987,0.10141696374265392,,true,9.987388693843968E-11,1.1231571228620396E-12
D1-BOUNDED-IF97-SUBSET,61,125,R1-SIDE,REGION-1,SubcooledLiquid,125,0.2322265049218953,,true,REGION-1,SubcooledLiquid,125,0.23222650631782996,,true,0,1.3959346456537958E-09
D1-BOUNDED-IF97-SUBSET,61,125,R4-LIQUID-SIDE,REGION-4,SaturatedMixture,125,0.2322241826800685,1E-06,true,REGION-4-MIXTURE,SaturatedMixture,125,0.2322241826800685,1.0000000000000893E-06,true,0,0
D1-BOUNDED-IF97-SUBSET,61,125,R4-VAPOR-SIDE,REGION-4,SaturatedMixture,125,0.2322241826800685,0.999999,true,REGION-4-MIXTURE,SaturatedMixture,125,0.2322241826800685,0.9999989999999999,true,0,0
D1-BOUNDED-IF97-SUBSET,61,125,R2-SIDE,REGION-2,SuperheatedVapor,125,0.23222186043824172,,false,UNRESOLVED,Unspecified,,,,false,,
D1-BOUNDED-IF97-SUBSET,62,150,R1-SIDE,REGION-1,SubcooledLiquid,150,0.4761061420953029,,true,REGION-1,SubcooledLiquid,150,0.4761061424051904,,true,0,3.0988750454596925E-10
D1-BOUNDED-IF97-SUBSET,62,150,R4-LIQUID-SIDE,REGION-4,SaturatedMixture,150,0.476101381081492,1E-06,true,REGION-4-MIXTURE,SaturatedMixture,150,0.476101381081492,9.999999999997312E-07,true,0,0
D1-BOUNDED-IF97-SUBSET,62,150,R4-VAPOR-SIDE,REGION-4,SaturatedMixture,150,0.476101381081492,0.999999,true,REGION-4-MIXTURE,SaturatedMixture,150,0.476101381081492,0.999999,true,0,0
D1-BOUNDED-IF97-SUBSET,62,150,R2-SIDE,REGION-2,SuperheatedVapor,150,0.4760966200676812,,true,REGION-2,SuperheatedVapor,150.00000000400564,0.4760966202301854,,true,4.005642040283419E-09,1.6250417678165263E-10
D1-BOUNDED-IF97-SUBSET,63,175,R1-SIDE,REGION-1,SubcooledLiquid,175,0.8924564021491245,,true,REGION-1,SubcooledLiquid,175,0.8924564053814479,,true,0,3.2323234089304265E-09
D1-BOUNDED-IF97-SUBSET,63,175,R4-LIQUID-SIDE,REGION-4,SaturatedMixture,175,0.8924474776743476,1E-06,true,REGION-4-MIXTURE,SaturatedMixture,175,0.8924474776743476,9.999999999995182E-07,true,0,0
D1-BOUNDED-IF97-SUBSET,63,175,R4-VAPOR-SIDE,REGION-4,SaturatedMixture,175,0.8924474776743476,0.999999,true,REGION-4-MIXTURE,SaturatedMixture,175,0.8924474776743476,0.999999,true,0,0
D1-BOUNDED-IF97-SUBSET,63,175,R2-SIDE,REGION-2,SuperheatedVapor,175,0.8924385531995709,,false,UNRESOLVED,Unspecified,,,,false,,
D1-BOUNDED-IF97-SUBSET,64,200,R1-SIDE,REGION-1,SubcooledLiquid,200,1.5546874149885082,,true,REGION-1,SubcooledLiquid,200,1.5546874444632148,,true,0,2.9474706675358675E-08
D1-BOUNDED-IF97-SUBSET,64,200,R4-LIQUID-SIDE,REGION-4,SaturatedMixture,200,1.5546718682698253,1E-06,true,REGION-4-MIXTURE,SaturatedMixture,200,1.5546718682698253,1.0000000000006477E-06,true,0,0
D1-BOUNDED-IF97-SUBSET,64,200,R4-VAPOR-SIDE,REGION-4,SaturatedMixture,200,1.5546718682698253,0.999999,true,REGION-4-MIXTURE,SaturatedMixture,200,1.5546718682698253,0.999999,true,0,0
D1-BOUNDED-IF97-SUBSET,64,200,R2-SIDE,REGION-2,SuperheatedVapor,200,1.5546563215511426,,true,REGION-2,SuperheatedVapor,200.00000001628763,1.5546563222534884,,true,1.6287629023281625E-08,7.023457371246877E-10
D1-BOUNDED-IF97-SUBSET,65,225,R1-SIDE,REGION-1,SubcooledLiquid,225,2.5494504436050214,,true,REGION-1,SubcooledLiquid,225,2.5494507871183343,,true,0,3.435133129059409E-07
D1-BOUNDED-IF97-SUBSET,65,225,R4-LIQUID-SIDE,REGION-4,SaturatedMixture,225,2.5494249493555277,1E-06,true,REGION-4-MIXTURE,SaturatedMixture,225,2.5494249493555277,1.0000000000001783E-06,true,0,0
D1-BOUNDED-IF97-SUBSET,65,225,R4-VAPOR-SIDE,REGION-4,SaturatedMixture,225,2.5494249493555277,0.999999,true,REGION-4-MIXTURE,SaturatedMixture,225,2.5494249493555277,0.999999,true,0,0
D1-BOUNDED-IF97-SUBSET,65,225,R2-SIDE,REGION-2,SuperheatedVapor,225,2.5493994551060344,,false,UNRESOLVED,Unspecified,,,,false,,
D1-BOUNDED-IF97-SUBSET,66,250,R1-SIDE,REGION-1,SubcooledLiquid,250,3.975978830226036,,true,REGION-1,SubcooledLiquid,250,3.975979133616954,,true,0,3.0339091816600217E-07
D1-BOUNDED-IF97-SUBSET,66,250,R4-LIQUID-SIDE,REGION-4,SaturatedMixture,250,3.9759390708353273,1E-06,true,REGION-4-MIXTURE,SaturatedMixture,250,3.9759390708353273,9.999999999987154E-07,true,0,0
D1-BOUNDED-IF97-SUBSET,66,250,R4-VAPOR-SIDE,REGION-4,SaturatedMixture,250,3.9759390708353273,0.999999,true,REGION-4-MIXTURE,SaturatedMixture,250,3.9759390708353273,0.999999,true,0,0
D1-BOUNDED-IF97-SUBSET,66,250,R2-SIDE,REGION-2,SuperheatedVapor,250,3.975899311444619,,true,REGION-2,SuperheatedVapor,250.00000000000966,3.975899311444984,,true,9.663381206337363E-12,3.6504133049675147E-13
D1-BOUNDED-IF97-SUBSET,67,267.45358095765107,R1-SIDE,REGION-1,SubcooledLiquid,267.45358095765107,5.287010126605532,,true,REGION-1,SubcooledLiquid,267.45358094495293,5.287010092801324,,true,-1.269813765247818E-08,-3.38042074332634E-08
D1-BOUNDED-IF97-SUBSET,67,267.45358095765107,R4-LIQUID-SIDE,REGION-4,SaturatedMixture,267.45358095765107,5.286957257032961,1E-06,false,UNRESOLVED,Unspecified,,,,false,,
D1-BOUNDED-IF97-SUBSET,67,267.45358095765107,R4-VAPOR-SIDE,REGION-4,SaturatedMixture,267.45358095765107,5.286957257032961,0.999999,false,UNRESOLVED,Unspecified,,,,false,,
D1-BOUNDED-IF97-SUBSET,67,267.45358095765107,R2-SIDE,REGION-2,SuperheatedVapor,267.45358095765107,5.286904387460392,,false,UNRESOLVED,Unspecified,,,,false,,
D1-BOUNDED-IF97-SUBSET,68,267.50258015990255,R1-SIDE,REGION-1,SubcooledLiquid,267.50258015990255,5.291102216834221,,true,REGION-1,SubcooledLiquid,267.50258018634236,5.291102231300128,,true,2.6439806788403075E-08,1.446590669473835E-08
D1-BOUNDED-IF97-SUBSET,68,267.50258015990255,R4-LIQUID-SIDE,REGION-4,SaturatedMixture,267.50258015990255,5.291049306341158,1E-06,false,UNRESOLVED,Unspecified,,,,false,,
D1-BOUNDED-IF97-SUBSET,68,267.50258015990255,R4-VAPOR-SIDE,REGION-4,SaturatedMixture,267.50258015990255,5.291049306341158,0.999999,false,UNRESOLVED,Unspecified,,,,false,,
D1-BOUNDED-IF97-SUBSET,68,267.50258015990255,R2-SIDE,REGION-2,SuperheatedVapor,267.50258015990255,5.290996395848095,,false,UNRESOLVED,Unspecified,,,,false,,
D1-BOUNDED-IF97-SUBSET,69,267.5165805220603,R1-SIDE,REGION-1,SubcooledLiquid,267.5165805220603,5.292271878884386,,true,REGION-1,SubcooledLiquid,267.5165805225089,5.2922718788289895,,true,4.4860826164949685E-10,-5.539657621511651E-11
D1-BOUNDED-IF97-SUBSET,69,267.5165805220603,R4-LIQUID-SIDE,REGION-4,SaturatedMixture,267.5165805220603,5.292218956694819,1E-06,false,UNRESOLVED,Unspecified,,,,false,,
D1-BOUNDED-IF97-SUBSET,69,267.5165805220603,R4-VAPOR-SIDE,REGION-4,SaturatedMixture,267.5165805220603,5.292218956694819,0.999999,false,UNRESOLVED,Unspecified,,,,false,,
D1-BOUNDED-IF97-SUBSET,69,267.5165805220603,R2-SIDE,REGION-2,SuperheatedVapor,267.5165805220603,5.292166034505252,,false,UNRESOLVED,Unspecified,,,,false,,
D1-BOUNDED-IF97-SUBSET,70,267.61186883449557,R1-SIDE,REGION-1,SubcooledLiquid,267.61186883449557,5.300237999304759,,true,REGION-1,SubcooledLiquid,267.6118688456146,5.300238004226231,,true,1.1119027476524934E-08,4.9214721187240684E-09
D1-BOUNDED-IF97-SUBSET,70,267.61186883449557,R4-LIQUID-SIDE,REGION-4,SaturatedMixture,267.61186883449557,5.300184997454784,1E-06,false,UNRESOLVED,Unspecified,,,,false,,
D1-BOUNDED-IF97-SUBSET,70,267.61186883449557,R4-VAPOR-SIDE,REGION-4,SaturatedMixture,267.61186883449557,5.300184997454784,0.999999,false,UNRESOLVED,Unspecified,,,,false,,
D1-BOUNDED-IF97-SUBSET,70,267.61186883449557,R2-SIDE,REGION-2,SuperheatedVapor,267.61186883449557,5.30013199560481,,false,UNRESOLVED,Unspecified,,,,false,,
D1-BOUNDED-IF97-SUBSET,71,267.7532800316808,R1-SIDE,REGION-1,SubcooledLiquid,267.7532800316808,5.3120768749258245,,true,REGION-1,SubcooledLiquid,267.75328003831635,5.312076842644254,,true,6.635559657297563E-09,-3.2281570305769947E-08
D1-BOUNDED-IF97-SUBSET,71,267.7532800316808,R4-LIQUID-SIDE,REGION-4,SaturatedMixture,267.7532800316808,5.312023754688277,1E-06,false,UNRESOLVED,Unspecified,,,,false,,
D1-BOUNDED-IF97-SUBSET,71,267.7532800316808,R4-VAPOR-SIDE,REGION-4,SaturatedMixture,267.7532800316808,5.312023754688277,0.999999,false,UNRESOLVED,Unspecified,,,,false,,
D1-BOUNDED-IF97-SUBSET,71,267.7532800316808,R2-SIDE,REGION-2,SuperheatedVapor,267.7532800316808,5.311970634450731,,false,UNRESOLVED,Unspecified,,,,false,,
D1-BOUNDED-IF97-SUBSET,72,267.76519510746004,R1-SIDE,REGION-1,SubcooledLiquid,267.76519510746004,5.313075320775099,,true,REGION-1,SubcooledLiquid,267.76519513698224,5.3130753680515195,,true,2.952219801954925E-08,4.727642011204125E-08
D1-BOUNDED-IF97-SUBSET,72,267.76519510746004,R4-LIQUID-SIDE,REGION-4,SaturatedMixture,267.76519510746004,5.313022190553194,1E-06,false,UNRESOLVED,Unspecified,,,,false,,
D1-BOUNDED-IF97-SUBSET,72,267.76519510746004,R4-VAPOR-SIDE,REGION-4,SaturatedMixture,267.76519510746004,5.313022190553194,0.999999,false,UNRESOLVED,Unspecified,,,,false,,
D1-BOUNDED-IF97-SUBSET,72,267.76519510746004,R2-SIDE,REGION-2,SuperheatedVapor,267.76519510746004,5.312969060331288,,false,UNRESOLVED,Unspecified,,,,false,,
D1-BOUNDED-IF97-SUBSET,73,267.7772412359715,R1-SIDE,REGION-1,SubcooledLiquid,267.7772412359715,5.314084894103051,,true,REGION-1,SubcooledLiquid,267.77724121209997,5.3140848380589425,,true,-2.3871507437434047E-08,-5.6044108909247825E-08
D1-BOUNDED-IF97-SUBSET,73,267.7772412359715,R4-LIQUID-SIDE,REGION-4,SaturatedMixture,267.7772412359715,5.314031753785513,1E-06,false,UNRESOLVED,Unspecified,,,,false,,
D1-BOUNDED-IF97-SUBSET,73,267.7772412359715,R4-VAPOR-SIDE,REGION-4,SaturatedMixture,267.7772412359715,5.314031753785513,0.999999,false,UNRESOLVED,Unspecified,,,,false,,
D1-BOUNDED-IF97-SUBSET,73,267.7772412359715,R2-SIDE,REGION-2,SuperheatedVapor,267.7772412359715,5.313978613467976,,false,UNRESOLVED,Unspecified,,,,false,,
D1-BOUNDED-IF97-SUBSET,74,267.78551645874984,R1-SIDE,REGION-1,SubcooledLiquid,267.78551645874984,5.314778516675194,,true,REGION-1,SubcooledLiquid,267.7855164761055,5.3147785449441525,,true,1.7355660020257346E-08,2.826895872942714E-08
D1-BOUNDED-IF97-SUBSET,74,267.78551645874984,R4-LIQUID-SIDE,REGION-4,SaturatedMixture,267.78551645874984,5.314725369421499,1E-06,false,UNRESOLVED,Unspecified,,,,false,,
D1-BOUNDED-IF97-SUBSET,74,267.78551645874984,R4-VAPOR-SIDE,REGION-4,SaturatedMixture,267.78551645874984,5.314725369421499,0.999999,false,UNRESOLVED,Unspecified,,,,false,,
D1-BOUNDED-IF97-SUBSET,74,267.78551645874984,R2-SIDE,REGION-2,SuperheatedVapor,267.78551645874984,5.314672222167805,,false,UNRESOLVED,Unspecified,,,,false,,
D1-BOUNDED-IF97-SUBSET,75,267.82730354666717,R1-SIDE,REGION-1,SubcooledLiquid,267.82730354666717,5.3182821331053525,,true,REGION-1,SubcooledLiquid,267.82730350278996,5.318282031057096,,true,-4.3877207644982263E-08,-1.0204825606763279E-07
D1-BOUNDED-IF97-SUBSET,75,267.82730354666717,R4-LIQUID-SIDE,REGION-4,SaturatedMixture,267.82730354666717,5.318228950815844,1E-06,false,UNRESOLVED,Unspecified,,,,false,,
D1-BOUNDED-IF97-SUBSET,75,267.82730354666717,R4-VAPOR-SIDE,REGION-4,SaturatedMixture,267.82730354666717,5.318228950815844,0.999999,false,UNRESOLVED,Unspecified,,,,false,,
D1-BOUNDED-IF97-SUBSET,75,267.82730354666717,R2-SIDE,REGION-2,SuperheatedVapor,267.82730354666717,5.318175768526336,,false,UNRESOLVED,Unspecified,,,,false,,
D1-BOUNDED-IF97-SUBSET,76,267.90293265581147,R1-SIDE,REGION-1,SubcooledLiquid,267.90293265581147,5.324627700384163,,true,REGION-1,SubcooledLiquid,267.90293267320214,5.3246277128095,,true,1.7390675566275604E-08,1.2425337203580966E-08
D1-BOUNDED-IF97-SUBSET,76,267.90293265581147,R4-LIQUID-SIDE,REGION-4,SaturatedMixture,267.90293265581147,5.324574454639616,1E-06,false,UNRESOLVED,Unspecified,,,,false,,
D1-BOUNDED-IF97-SUBSET,76,267.90293265581147,R4-VAPOR-SIDE,REGION-4,SaturatedMixture,267.90293265581147,5.324574454639616,0.999999,false,UNRESOLVED,Unspecified,,,,false,,
D1-BOUNDED-IF97-SUBSET,76,267.90293265581147,R2-SIDE,REGION-2,SuperheatedVapor,267.90293265581147,5.32452120889507,,false,UNRESOLVED,Unspecified,,,,false,,
D1-BOUNDED-IF97-SUBSET,77,267.9171129286291,R1-SIDE,REGION-1,SubcooledLiquid,267.9171129286291,5.325818122064067,,true,REGION-1,SubcooledLiquid,267.917112907499,5.325818118681902,,true,-2.1130063032615E-08,-3.382165658649683E-09
D1-BOUNDED-IF97-SUBSET,77,267.9171129286291,R4-LIQUID-SIDE,REGION-4,SaturatedMixture,267.9171129286291,5.325764864415422,1E-06,false,UNRESOLVED,Unspecified,,,,false,,
D1-BOUNDED-IF97-SUBSET,77,267.9171129286291,R4-VAPOR-SIDE,REGION-4,SaturatedMixture,267.9171129286291,5.325764864415422,0.999999,false,UNRESOLVED,Unspecified,,,,false,,
D1-BOUNDED-IF97-SUBSET,77,267.9171129286291,R2-SIDE,REGION-2,SuperheatedVapor,267.9171129286291,5.325711606766778,,false,UNRESOLVED,Unspecified,,,,false,,
D1-BOUNDED-IF97-SUBSET,78,267.93677989244463,R1-SIDE,REGION-1,SubcooledLiquid,267.93677989244463,5.327469483105355,,true,REGION-1,SubcooledLiquid,267.93677987704984,5.327469462762021,,true,-1.5394789443234913E-08,-2.034333324019144E-08
D1-BOUNDED-IF97-SUBSET,78,267.93677989244463,R4-LIQUID-SIDE,REGION-4,SaturatedMixture,267.93677989244463,5.327416208943265,1E-06,false,UNRESOLVED,Unspecified,,,,false,,
D1-BOUNDED-IF97-SUBSET,78,267.93677989244463,R4-VAPOR-SIDE,REGION-4,SaturatedMixture,267.93677989244463,5.327416208943265,0.999999,false,UNRESOLVED,Unspecified,,,,false,,
D1-BOUNDED-IF97-SUBSET,78,267.93677989244463,R2-SIDE,REGION-2,SuperheatedVapor,267.93677989244463,5.327362934781176,,false,UNRESOLVED,Unspecified,,,,false,,
D1-BOUNDED-IF97-SUBSET,79,268.0753684282305,R1-SIDE,REGION-1,SubcooledLiquid,268.0753684282305,5.339117329894413,,true,REGION-1,SubcooledLiquid,268.07536843929563,5.339117365064977,,true,1.1065139915444888E-08,3.51705642387401E-08
D1-BOUNDED-IF97-SUBSET,79,268.0753684282305,R4-LIQUID-SIDE,REGION-4,SaturatedMixture,268.0753684282305,5.33906393925502,1E-06,false,UNRESOLVED,Unspecified,,,,false,,
D1-BOUNDED-IF97-SUBSET,79,268.0753684282305,R4-VAPOR-SIDE,REGION-4,SaturatedMixture,268.0753684282305,5.33906393925502,0.999999,false,UNRESOLVED,Unspecified,,,,false,,
D1-BOUNDED-IF97-SUBSET,79,268.0753684282305,R2-SIDE,REGION-2,SuperheatedVapor,268.0753684282305,5.339010548615628,,false,UNRESOLVED,Unspecified,,,,false,,
D1-BOUNDED-IF97-SUBSET,80,268.08787213563915,R1-SIDE,REGION-1,SubcooledLiquid,268.08787213563915,5.340169175189013,,true,REGION-1,SubcooledLiquid,268.08787210028675,5.340169107183808,,true,-3.5352400118426885E-08,-6.800520502281415E-08
D1-BOUNDED-IF97-SUBSET,80,268.08787213563915,R4-LIQUID-SIDE,REGION-4,SaturatedMixture,268.08787213563915,5.340115774031272,1E-06,true,REGION-4-MIXTURE,SaturatedMixture,268.08787213563915,5.340115774031272,9.9999999999758E-07,true,0,0
D1-BOUNDED-IF97-SUBSET,80,268.08787213563915,R4-VAPOR-SIDE,REGION-4,SaturatedMixture,268.08787213563915,5.340115774031272,0.999999,false,UNRESOLVED,Unspecified,,,,false,,
D1-BOUNDED-IF97-SUBSET,80,268.08787213563915,R2-SIDE,REGION-2,SuperheatedVapor,268.08787213563915,5.340062372873532,,false,UNRESOLVED,Unspecified,,,,false,,
D1-BOUNDED-IF97-SUBSET,81,268.18782694339745,R1-SIDE,REGION-1,SubcooledLiquid,268.18782694339745,5.348583330379774,,true,REGION-1,SubcooledLiquid,268.1878269119767,5.348583261971596,,true,-3.142076820950024E-08,-6.840817778908104E-08
D1-BOUNDED-IF97-SUBSET,81,268.18782694339745,R4-LIQUID-SIDE,REGION-4,SaturatedMixture,268.18782694339745,5.348529845081322,1E-06,false,UNRESOLVED,Unspecified,,,,false,,
D1-BOUNDED-IF97-SUBSET,81,268.18782694339745,R4-VAPOR-SIDE,REGION-4,SaturatedMixture,268.18782694339745,5.348529845081322,0.999999,false,UNRESOLVED,Unspecified,,,,false,,
D1-BOUNDED-IF97-SUBSET,81,268.18782694339745,R2-SIDE,REGION-2,SuperheatedVapor,268.18782694339745,5.348476359782872,,false,UNRESOLVED,Unspecified,,,,false,,
D1-BOUNDED-IF97-SUBSET,82,268.22862460613226,R1-SIDE,REGION-1,SubcooledLiquid,268.22862460613226,5.352020568828329,,true,REGION-1,SubcooledLiquid,268.22862462739783,5.352020644842536,,true,2.1265577743179165E-08,7.601420737302078E-08
D1-BOUNDED-IF97-SUBSET,82,268.22862460613226,R4-LIQUID-SIDE,REGION-4,SaturatedMixture,268.22862460613226,5.351967049157837,1E-06,false,UNRESOLVED,Unspecified,,,,false,,
D1-BOUNDED-IF97-SUBSET,82,268.22862460613226,R4-VAPOR-SIDE,REGION-4,SaturatedMixture,268.22862460613226,5.351967049157837,0.999999,false,UNRESOLVED,Unspecified,,,,false,,
D1-BOUNDED-IF97-SUBSET,82,268.22862460613226,R2-SIDE,REGION-2,SuperheatedVapor,268.22862460613226,5.351913529487346,,false,UNRESOLVED,Unspecified,,,,false,,
D1-BOUNDED-IF97-SUBSET,83,268.258955323696,R1-SIDE,REGION-1,SubcooledLiquid,268.258955323696,5.354577051008335,,true,REGION-1,SubcooledLiquid,268.25895532032996,5.354577097934562,,true,-3.3660398912616074E-09,4.6926226460186626E-08
D1-BOUNDED-IF97-SUBSET,83,268.258955323696,R4-LIQUID-SIDE,REGION-4,SaturatedMixture,268.258955323696,5.354523505773277,1E-06,false,UNRESOLVED,Unspecified,,,,false,,
D1-BOUNDED-IF97-SUBSET,83,268.258955323696,R4-VAPOR-SIDE,REGION-4,SaturatedMixture,268.258955323696,5.354523505773277,0.999999,false,UNRESOLVED,Unspecified,,,,false,,
D1-BOUNDED-IF97-SUBSET,83,268.258955323696,R2-SIDE,REGION-2,SuperheatedVapor,268.258955323696,5.3544699605382196,,false,UNRESOLVED,Unspecified,,,,false,,
D1-BOUNDED-IF97-SUBSET,84,268.32134410142896,R1-SIDE,REGION-1,SubcooledLiquid,268.32134410142896,5.359838539328691,,true,REGION-1,SubcooledLiquid,268.3213441137908,5.3598385319879664,,true,1.236185198649764E-08,-7.340724472726379E-09
D1-BOUNDED-IF97-SUBSET,84,268.32134410142896,R4-LIQUID-SIDE,REGION-4,SaturatedMixture,268.32134410142896,5.359784941479276,1E-06,false,UNRESOLVED,Unspecified,,,,false,,
D1-BOUNDED-IF97-SUBSET,84,268.32134410142896,R4-VAPOR-SIDE,REGION-4,SaturatedMixture,268.32134410142896,5.359784941479276,0.999999,false,UNRESOLVED,Unspecified,,,,false,,
D1-BOUNDED-IF97-SUBSET,84,268.32134410142896,R2-SIDE,REGION-2,SuperheatedVapor,268.32134410142896,5.3597313436298615,,false,UNRESOLVED,Unspecified,,,,false,,
D1-BOUNDED-IF97-SUBSET,85,268.3765215992928,R1-SIDE,REGION-1,SubcooledLiquid,268.3765215992928,5.364495161255378,,true,REGION-1,SubcooledLiquid,268.3765215893617,5.364495102830858,,true,-9.931113709171768E-09,-5.842451944459981E-08
D1-BOUNDED-IF97-SUBSET,85,268.3765215992928,R4-LIQUID-SIDE,REGION-4,SaturatedMixture,268.3765215992928,5.364441516840209,1E-06,false,UNRESOLVED,Unspecified,,,,false,,
D1-BOUNDED-IF97-SUBSET,85,268.3765215992928,R4-VAPOR-SIDE,REGION-4,SaturatedMixture,268.3765215992928,5.364441516840209,0.999999,false,UNRESOLVED,Unspecified,,,,false,,
D1-BOUNDED-IF97-SUBSET,85,268.3765215992928,R2-SIDE,REGION-2,SuperheatedVapor,268.3765215992928,5.364387872425041,,false,UNRESOLVED,Unspecified,,,,false,,
D1-BOUNDED-IF97-SUBSET,86,268.3879977881908,R1-SIDE,REGION-1,SubcooledLiquid,268.3879977881908,5.365464064907552,,true,REGION-1,SubcooledLiquid,268.3879977526186,5.365463994080408,,true,-3.557215677574277E-08,-7.082714326145378E-08
D1-BOUNDED-IF97-SUBSET,86,268.3879977881908,R4-LIQUID-SIDE,REGION-4,SaturatedMixture,268.3879977881908,5.3654104108034435,1E-06,false,UNRESOLVED,Unspecified,,,,false,,
D1-BOUNDED-IF97-SUBSET,86,268.3879977881908,R4-VAPOR-SIDE,REGION-4,SaturatedMixture,268.3879977881908,5.3654104108034435,0.999999,false,UNRESOLVED,Unspecified,,,,false,,
D1-BOUNDED-IF97-SUBSET,86,268.3879977881908,R2-SIDE,REGION-2,SuperheatedVapor,268.3879977881908,5.365356756699335,,false,UNRESOLVED,Unspecified,,,,false,,
D1-BOUNDED-IF97-SUBSET,87,268.4279694974422,R1-SIDE,REGION-1,SubcooledLiquid,268.4279694974422,5.368839811720812,,true,REGION-1,SubcooledLiquid,268.42796951791104,5.36883988622194,,true,2.046886038442608E-08,7.450112793350172E-08
D1-BOUNDED-IF97-SUBSET,87,268.4279694974422,R4-LIQUID-SIDE,REGION-4,SaturatedMixture,268.4279694974422,5.368786123859572,1E-06,false,UNRESOLVED,Unspecified,,,,false,,
D1-BOUNDED-IF97-SUBSET,87,268.4279694974422,R4-VAPOR-SIDE,REGION-4,SaturatedMixture,268.4279694974422,5.368786123859572,0.999999,false,UNRESOLVED,Unspecified,,,,false,,
D1-BOUNDED-IF97-SUBSET,87,268.4279694974422,R2-SIDE,REGION-2,SuperheatedVapor,268.4279694974422,5.368732435998334,,false,UNRESOLVED,Unspecified,,,,false,,
D1-BOUNDED-IF97-SUBSET,88,268.4353395342828,R1-SIDE,REGION-1,SubcooledLiquid,268.4353395342828,5.369462413441171,,true,REGION-1,SubcooledLiquid,268.4353395122987,5.369462389644771,,true,-2.1984078557579778E-08,-2.3796399517550526E-08
D1-BOUNDED-IF97-SUBSET,88,268.4353395342828,R4-LIQUID-SIDE,REGION-4,SaturatedMixture,268.4353395342828,5.369408719353976,1E-06,false,UNRESOLVED,Unspecified,,,,false,,
D1-BOUNDED-IF97-SUBSET,88,268.4353395342828,R4-VAPOR-SIDE,REGION-4,SaturatedMixture,268.4353395342828,5.369408719353976,0.999999,false,UNRESOLVED,Unspecified,,,,false,,
D1-BOUNDED-IF97-SUBSET,88,268.4353395342828,R2-SIDE,REGION-2,SuperheatedVapor,268.4353395342828,5.369355025266783,,false,UNRESOLVED,Unspecified,,,,false,,
D1-BOUNDED-IF97-SUBSET,89,268.43746053576467,R1-SIDE,REGION-1,SubcooledLiquid,268.43746053576467,5.3696416003964496,,true,REGION-1,SubcooledLiquid,268.43746052440736,5.369641575604278,,true,-1.1357315088389441E-08,-2.4792171871013124E-08
D1-BOUNDED-IF97-SUBSET,89,268.43746053576467,R4-LIQUID-SIDE,REGION-4,SaturatedMixture,268.43746053576467,5.369587904517404,1E-06,false,UNRESOLVED,Unspecified,,,,false,,
D1-BOUNDED-IF97-SUBSET,89,268.43746053576467,R4-VAPOR-SIDE,REGION-4,SaturatedMixture,268.43746053576467,5.369587904517404,0.999999,false,UNRESOLVED,Unspecified,,,,false,,
D1-BOUNDED-IF97-SUBSET,89,268.43746053576467,R2-SIDE,REGION-2,SuperheatedVapor,268.43746053576467,5.369534208638359,,false,UNRESOLVED,Unspecified,,,,false,,
D1-BOUNDED-IF97-SUBSET,90,268.495750629902,R1-SIDE,REGION-1,SubcooledLiquid,268.495750629902,5.374567865433893,,true,REGION-1,SubcooledLiquid,268.49575063696886,5.374567878269322,,true,7.066887519613374E-09,1.2835428719881747E-08
D1-BOUNDED-IF97-SUBSET,90,268.495750629902,R4-LIQUID-SIDE,REGION-4,SaturatedMixture,268.495750629902,5.37451412029269,1E-06,false,UNRESOLVED,Unspecified,,,,false,,
D1-BOUNDED-IF97-SUBSET,90,268.495750629902,R4-VAPOR-SIDE,REGION-4,SaturatedMixture,268.495750629902,5.37451412029269,0.999999,false,UNRESOLVED,Unspecified,,,,false,,
D1-BOUNDED-IF97-SUBSET,90,268.495750629902,R2-SIDE,REGION-2,SuperheatedVapor,268.495750629902,5.374460375151488,,false,UNRESOLVED,Unspecified,,,,false,,
D1-BOUNDED-IF97-SUBSET,91,268.5486411511898,R1-SIDE,REGION-1,SubcooledLiquid,268.5486411511898,5.379040782541731,,true,REGION-1,SubcooledLiquid,268.54864115377416,5.3790407477285305,,true,2.5843291950877756E-09,-3.4813200322503235E-08
D1-BOUNDED-IF97-SUBSET,91,268.5486411511898,R4-LIQUID-SIDE,REGION-4,SaturatedMixture,268.5486411511898,5.378986992671804,1E-06,false,UNRESOLVED,Unspecified,,,,false,,
D1-BOUNDED-IF97-SUBSET,91,268.5486411511898,R4-VAPOR-SIDE,REGION-4,SaturatedMixture,268.5486411511898,5.378986992671804,0.999999,false,UNRESOLVED,Unspecified,,,,false,,
D1-BOUNDED-IF97-SUBSET,91,268.5486411511898,R2-SIDE,REGION-2,SuperheatedVapor,268.5486411511898,5.3789332028018775,,false,UNRESOLVED,Unspecified,,,,false,,
D1-BOUNDED-IF97-SUBSET,92,268.59354792833335,R1-SIDE,REGION-1,SubcooledLiquid,268.59354792833335,5.382840750357621,,true,REGION-1,SubcooledLiquid,268.59354792851366,5.382840763302169,,true,1.8030732462648302E-10,1.2944547655990846E-08
D1-BOUNDED-IF97-SUBSET,92,268.59354792833335,R4-LIQUID-SIDE,REGION-4,SaturatedMixture,268.59354792833335,5.382786922488396,1E-06,false,UNRESOLVED,Unspecified,,,,false,,
D1-BOUNDED-IF97-SUBSET,92,268.59354792833335,R4-VAPOR-SIDE,REGION-4,SaturatedMixture,268.59354792833335,5.382786922488396,0.999999,false,UNRESOLVED,Unspecified,,,,false,,
D1-BOUNDED-IF97-SUBSET,92,268.59354792833335,R2-SIDE,REGION-2,SuperheatedVapor,268.59354792833335,5.382733094619171,,false,UNRESOLVED,Unspecified,,,,false,,
D1-BOUNDED-IF97-SUBSET,93,268.64694446921374,R1-SIDE,REGION-1,SubcooledLiquid,268.64694446921374,5.387361781069,,true,REGION-1,SubcooledLiquid,268.6469444580745,5.387361745272349,,true,-1.1139263733639382E-08,-3.5796650976749333E-08
D1-BOUNDED-IF97-SUBSET,93,268.64694446921374,R4-LIQUID-SIDE,REGION-4,SaturatedMixture,268.64694446921374,5.3873079079899195,1E-06,false,UNRESOLVED,Unspecified,,,,false,,
D1-BOUNDED-IF97-SUBSET,93,268.64694446921374,R4-VAPOR-SIDE,REGION-4,SaturatedMixture,268.64694446921374,5.3873079079899195,0.999999,false,UNRESOLVED,Unspecified,,,,false,,
D1-BOUNDED-IF97-SUBSET,93,268.64694446921374,R2-SIDE,REGION-2,SuperheatedVapor,268.64694446921374,5.38725403491084,,false,UNRESOLVED,Unspecified,,,,false,,
D1-BOUNDED-IF97-SUBSET,94,268.6578054487708,R1-SIDE,REGION-1,SubcooledLiquid,268.6578054487708,5.388281723890629,,true,REGION-1,SubcooledLiquid,268.65780542941513,5.388281677675096,,true,-1.9355638869456016E-08,-4.62155336222736E-08
D1-BOUNDED-IF97-SUBSET,94,268.6578054487708,R4-LIQUID-SIDE,REGION-4,SaturatedMixture,268.6578054487708,5.3882278416122125,1E-06,false,UNRESOLVED,Unspecified,,,,false,,
D1-BOUNDED-IF97-SUBSET,94,268.6578054487708,R4-VAPOR-SIDE,REGION-4,SaturatedMixture,268.6578054487708,5.3882278416122125,0.999999,false,UNRESOLVED,Unspecified,,,,false,,
D1-BOUNDED-IF97-SUBSET,94,268.6578054487708,R2-SIDE,REGION-2,SuperheatedVapor,268.6578054487708,5.3881739593337965,,false,UNRESOLVED,Unspecified,,,,false,,
D1-BOUNDED-IF97-SUBSET,95,268.70778965353986,R1-SIDE,REGION-1,SubcooledLiquid,268.70778965353986,5.392517014602325,,true,REGION-1,SubcooledLiquid,268.7077896686999,5.392517014658905,,true,1.5160026123339776E-08,5.657962987015708E-11
D1-BOUNDED-IF97-SUBSET,95,268.70778965353986,R4-LIQUID-SIDE,REGION-4,SaturatedMixture,268.70778965353986,5.392463089971425,1E-06,false,UNRESOLVED,Unspecified,,,,false,,
D1-BOUNDED-IF97-SUBSET,95,268.70778965353986,R4-VAPOR-SIDE,REGION-4,SaturatedMixture,268.70778965353986,5.392463089971425,0.999999,false,UNRESOLVED,Unspecified,,,,false,,
D1-BOUNDED-IF97-SUBSET,95,268.70778965353986,R2-SIDE,REGION-2,SuperheatedVapor,268.70778965353986,5.392409165340526,,false,UNRESOLVED,Unspecified,,,,false,,
D1-BOUNDED-IF97-SUBSET,96,268.75488118529313,R1-SIDE,REGION-1,SubcooledLiquid,268.75488118529313,5.39650952678625,,true,REGION-1,SubcooledLiquid,268.7548811904295,5.396509483793177,,true,5.136371328262612E-09,-4.299307310162703E-08
D1-BOUNDED-IF97-SUBSET,96,268.75488118529313,R4-LIQUID-SIDE,REGION-4,SaturatedMixture,268.75488118529313,5.396455562230628,1E-06,false,UNRESOLVED,Unspecified,,,,false,,
D1-BOUNDED-IF97-SUBSET,96,268.75488118529313,R4-VAPOR-SIDE,REGION-4,SaturatedMixture,268.75488118529313,5.396455562230628,0.999999,false,UNRESOLVED,Unspecified,,,,false,,
D1-BOUNDED-IF97-SUBSET,96,268.75488118529313,R2-SIDE,REGION-2,SuperheatedVapor,268.75488118529313,5.3964015976750055,,false,UNRESOLVED,Unspecified,,,,false,,
D1-BOUNDED-IF97-SUBSET,97,268.8133836925032,R1-SIDE,REGION-1,SubcooledLiquid,268.8133836925032,5.401472627137364,,true,REGION-1,SubcooledLiquid,268.81338373689744,5.4014727112204675,,true,4.439425538294017E-08,8.408310314678147E-08
D1-BOUNDED-IF97-SUBSET,97,268.8133836925032,R4-LIQUID-SIDE,REGION-4,SaturatedMixture,268.8133836925032,5.401418612951234,1E-06,false,UNRESOLVED,Unspecified,,,,false,,
D1-BOUNDED-IF97-SUBSET,97,268.8133836925032,R4-VAPOR-SIDE,REGION-4,SaturatedMixture,268.8133836925032,5.401418612951234,0.999999,false,UNRESOLVED,Unspecified,,,,false,,
D1-BOUNDED-IF97-SUBSET,97,268.8133836925032,R2-SIDE,REGION-2,SuperheatedVapor,268.8133836925032,5.401364598765105,,false,UNRESOLVED,Unspecified,,,,false,,
D1-BOUNDED-IF97-SUBSET,98,268.8640391409398,R1-SIDE,REGION-1,SubcooledLiquid,268.8640391409398,5.405772831662186,,true,REGION-1,SubcooledLiquid,268.8640391303155,5.405772865615045,,true,-1.0624262358760461E-08,3.395285919083335E-08
D1-BOUNDED-IF97-SUBSET,98,268.8640391409398,R4-LIQUID-SIDE,REGION-4,SaturatedMixture,268.8640391409398,5.405718774474441,1E-06,false,UNRESOLVED,Unspecified,,,,false,,
D1-BOUNDED-IF97-SUBSET,98,268.8640391409398,R4-VAPOR-SIDE,REGION-4,SaturatedMixture,268.8640391409398,5.405718774474441,0.999999,false,UNRESOLVED,Unspecified,,,,false,,
D1-BOUNDED-IF97-SUBSET,98,268.8640391409398,R2-SIDE,REGION-2,SuperheatedVapor,268.8640391409398,5.4056647172866965,,false,UNRESOLVED,Unspecified,,,,false,,
D1-BOUNDED-IF97-SUBSET,99,268.91260992884634,R1-SIDE,REGION-1,SubcooledLiquid,268.91260992884634,5.409898521191045,,true,REGION-1,SubcooledLiquid,268.91260993143453,5.40989851265031,,true,2.5881945475703105E-09,-8.54073523015586E-09
D1-BOUNDED-IF97-SUBSET,99,268.91260992884634,R4-LIQUID-SIDE,REGION-4,SaturatedMixture,268.91260992884634,5.409844422746818,1E-06,false,UNRESOLVED,Unspecified,,,,false,,
D1-BOUNDED-IF97-SUBSET,99,268.91260992884634,R4-VAPOR-SIDE,REGION-4,SaturatedMixture,268.91260992884634,5.409844422746818,0.999999,false,UNRESOLVED,Unspecified,,,,false,,
D1-BOUNDED-IF97-SUBSET,99,268.91260992884634,R2-SIDE,REGION-2,SuperheatedVapor,268.91260992884634,5.40979032430259,,false,UNRESOLVED,Unspecified,,,,false,,
D1-BOUNDED-IF97-SUBSET,100,268.9904044747353,R1-SIDE,REGION-1,SubcooledLiquid,268.9904044747353,5.416511537830212,,true,REGION-1,SubcooledLiquid,268.9904044718015,5.4165115469968805,,true,-2.9338025342440233E-09,9.166668313298487E-09
D1-BOUNDED-IF97-SUBSET,100,268.9904044747353,R4-LIQUID-SIDE,REGION-4,SaturatedMixture,268.9904044747353,5.416457373256479,1E-06,true,REGION-4-MIXTURE,SaturatedMixture,268.99040447473544,5.416457373256511,9.999999999898131E-07,true,1.1368683772161603E-13,3.197442310920451E-14
D1-BOUNDED-IF97-SUBSET,100,268.9904044747353,R4-VAPOR-SIDE,REGION-4,SaturatedMixture,268.9904044747353,5.416457373256479,0.999999,false,UNRESOLVED,Unspecified,,,,false,,
D1-BOUNDED-IF97-SUBSET,100,268.9904044747353,R2-SIDE,REGION-2,SuperheatedVapor,268.9904044747353,5.416403208682747,,false,UNRESOLVED,Unspecified,,,,false,,
D1-BOUNDED-IF97-SUBSET,101,269.0172909379006,R1-SIDE,REGION-1,SubcooledLiquid,269.0172909379006,5.418798487829589,,true,REGION-1,SubcooledLiquid,269.01729093604627,5.41879847290885,,true,-1.854346010077279E-09,-1.4920739310753106E-08
D1-BOUNDED-IF97-SUBSET,101,269.0172909379006,R4-LIQUID-SIDE,REGION-4,SaturatedMixture,269.0172909379006,5.418744300386585,1E-06,false,UNRESOLVED,Unspecified,,,,false,,
D1-BOUNDED-IF97-SUBSET,101,269.0172909379006,R4-VAPOR-SIDE,REGION-4,SaturatedMixture,269.0172909379006,5.418744300386585,0.999999,false,UNRESOLVED,Unspecified,,,,false,,
D1-BOUNDED-IF97-SUBSET,101,269.0172909379006,R2-SIDE,REGION-2,SuperheatedVapor,269.0172909379006,5.418690112943581,,false,UNRESOLVED,Unspecified,,,,false,,
D1-BOUNDED-IF97-SUBSET,102,269.0666279315948,R1-SIDE,REGION-1,SubcooledLiquid,269.0666279315948,5.4229969872154795,,true,REGION-1,SubcooledLiquid,269.06662793477676,5.4229970164158,,true,3.181980900990311E-09,2.9200320383893086E-08
D1-BOUNDED-IF97-SUBSET,102,269.0666279315948,R4-LIQUID-SIDE,REGION-4,SaturatedMixture,269.0666279315948,5.422942757787902,1E-06,false,UNRESOLVED,Unspecified,,,,false,,
D1-BOUNDED-IF97-SUBSET,102,269.0666279315948,R4-VAPOR-SIDE,REGION-4,SaturatedMixture,269.0666279315948,5.422942757787902,0.999999,false,UNRESOLVED,Unspecified,,,,false,,
D1-BOUNDED-IF97-SUBSET,102,269.0666279315948,R2-SIDE,REGION-2,SuperheatedVapor,269.0666279315948,5.422888528360324,,false,UNRESOLVED,Unspecified,,,,false,,
D1-BOUNDED-IF97-SUBSET,103,269.16647517681133,R1-SIDE,REGION-1,SubcooledLiquid,269.16647517681133,5.431501428089641,,true,REGION-1,SubcooledLiquid,269.1664751803295,5.431501455470313,,true,3.5181528801331297E-09,2.7380671951959812E-08
D1-BOUNDED-IF97-SUBSET,103,269.16647517681133,R4-LIQUID-SIDE,REGION-4,SaturatedMixture,269.16647517681133,5.431447113618504,1E-06,false,UNRESOLVED,Unspecified,,,,false,,
D1-BOUNDED-IF97-SUBSET,103,269.16647517681133,R4-VAPOR-SIDE,REGION-4,SaturatedMixture,269.16647517681133,5.431447113618504,0.999999,false,UNRESOLVED,Unspecified,,,,false,,
D1-BOUNDED-IF97-SUBSET,103,269.16647517681133,R2-SIDE,REGION-2,SuperheatedVapor,269.16647517681133,5.4313927991473685,,false,UNRESOLVED,Unspecified,,,,false,,
D1-BOUNDED-IF97-SUBSET,104,269.1776982307432,R1-SIDE,REGION-1,SubcooledLiquid,269.1776982307432,5.432457982553435,,true,REGION-1,SubcooledLiquid,269.17769823371896,5.432457999772787,,true,2.9757529773632996E-09,1.7219351278185968E-08
D1-BOUNDED-IF97-SUBSET,104,269.1776982307432,R4-LIQUID-SIDE,REGION-4,SaturatedMixture,269.1776982307432,5.43240365851685,1E-06,false,UNRESOLVED,Unspecified,,,,false,,
D1-BOUNDED-IF97-SUBSET,104,269.1776982307432,R4-VAPOR-SIDE,REGION-4,SaturatedMixture,269.1776982307432,5.43240365851685,0.999999,false,UNRESOLVED,Unspecified,,,,false,,
D1-BOUNDED-IF97-SUBSET,104,269.1776982307432,R2-SIDE,REGION-2,SuperheatedVapor,269.1776982307432,5.432349334480265,,false,UNRESOLVED,Unspecified,,,,false,,
D1-BOUNDED-IF97-SUBSET,105,269.2148237466812,R1-SIDE,REGION-1,SubcooledLiquid,269.2148237466812,5.435623151754221,,true,REGION-1,SubcooledLiquid,269.2148237313303,5.435623133940783,,true,-1.535090632387437E-08,-1.7813438724090247E-08
D1-BOUNDED-IF97-SUBSET,105,269.2148237466812,R4-LIQUID-SIDE,REGION-4,SaturatedMixture,269.2148237466812,5.43556879606626,1E-06,false,UNRESOLVED,Unspecified,,,,false,,
D1-BOUNDED-IF97-SUBSET,105,269.2148237466812,R4-VAPOR-SIDE,REGION-4,SaturatedMixture,269.2148237466812,5.43556879606626,0.999999,false,UNRESOLVED,Unspecified,,,,false,,
D1-BOUNDED-IF97-SUBSET,105,269.2148237466812,R2-SIDE,REGION-2,SuperheatedVapor,269.2148237466812,5.4355144403783,,false,UNRESOLVED,Unspecified,,,,false,,
D1-BOUNDED-IF97-SUBSET,106,269.2245281159875,R1-SIDE,REGION-1,SubcooledLiquid,269.2245281159875,5.436450738569575,,true,REGION-1,SubcooledLiquid,269.2245281108428,5.43645071287506,,true,-5.14467046741629E-09,-2.5694514960150627E-08
D1-BOUNDED-IF97-SUBSET,106,269.2245281159875,R4-LIQUID-SIDE,REGION-4,SaturatedMixture,269.2245281159875,5.436396374605828,1E-06,false,UNRESOLVED,Unspecified,,,,false,,
D1-BOUNDED-IF97-SUBSET,106,269.2245281159875,R4-VAPOR-SIDE,REGION-4,SaturatedMixture,269.2245281159875,5.436396374605828,0.999999,false,UNRESOLVED,Unspecified,,,,false,,
D1-BOUNDED-IF97-SUBSET,106,269.2245281159875,R2-SIDE,REGION-2,SuperheatedVapor,269.2245281159875,5.436342010642083,,false,UNRESOLVED,Unspecified,,,,false,,
D1-BOUNDED-IF97-SUBSET,107,269.286198878288,R1-SIDE,REGION-1,SubcooledLiquid,269.286198878288,5.4417122584454365,,true,REGION-1,SubcooledLiquid,269.2861988920664,5.441712266791903,,true,1.3778389984508976E-08,8.346466628950111E-09
D1-BOUNDED-IF97-SUBSET,107,269.286198878288,R4-LIQUID-SIDE,REGION-4,SaturatedMixture,269.286198878288,5.441657841867017,1E-06,false,UNRESOLVED,Unspecified,,,,false,,
D1-BOUNDED-IF97-SUBSET,107,269.286198878288,R4-VAPOR-SIDE,REGION-4,SaturatedMixture,269.286198878288,5.441657841867017,0.999999,false,UNRESOLVED,Unspecified,,,,false,,
D1-BOUNDED-IF97-SUBSET,107,269.286198878288,R2-SIDE,REGION-2,SuperheatedVapor,269.286198878288,5.441603425288599,,false,UNRESOLVED,Unspecified,,,,false,,
D1-BOUNDED-IF97-SUBSET,108,269.3115269780159,R1-SIDE,REGION-1,SubcooledLiquid,269.3115269780159,5.44387428362823,,true,REGION-1,SubcooledLiquid,269.31152701535314,5.443874359184255,,true,3.733725861820858E-08,7.555602454800692E-08
D1-BOUNDED-IF97-SUBSET,108,269.3115269780159,R4-LIQUID-SIDE,REGION-4,SaturatedMixture,269.3115269780159,5.4438198454297755,1E-06,false,UNRESOLVED,Unspecified,,,,false,,
D1-BOUNDED-IF97-SUBSET,108,269.3115269780159,R4-VAPOR-SIDE,REGION-4,SaturatedMixture,269.3115269780159,5.4438198454297755,0.999999,false,UNRESOLVED,Unspecified,,,,false,,
D1-BOUNDED-IF97-SUBSET,108,269.3115269780159,R2-SIDE,REGION-2,SuperheatedVapor,269.3115269780159,5.4437654072313215,,false,UNRESOLVED,Unspecified,,,,false,,
D1-BOUNDED-IF97-SUBSET,109,269.34476251006106,R1-SIDE,REGION-1,SubcooledLiquid,269.34476251006106,5.446712287971356,,true,REGION-1,SubcooledLiquid,269.3447625228008,5.446712331412012,,true,1.2739747035084292E-08,4.3440656405380196E-08
D1-BOUNDED-IF97-SUBSET,109,269.34476251006106,R4-LIQUID-SIDE,REGION-4,SaturatedMixture,269.34476251006106,5.446657821393141,1E-06,false,UNRESOLVED,Unspecified,,,,false,,
D1-BOUNDED-IF97-SUBSET,109,269.34476251006106,R4-VAPOR-SIDE,REGION-4,SaturatedMixture,269.34476251006106,5.446657821393141,0.999999,false,UNRESOLVED,Unspecified,,,,false,,
D1-BOUNDED-IF97-SUBSET,109,269.34476251006106,R2-SIDE,REGION-2,SuperheatedVapor,269.34476251006106,5.446603354814927,,false,UNRESOLVED,Unspecified,,,,false,,
D1-BOUNDED-IF97-SUBSET,110,269.35565841197956,R1-SIDE,REGION-1,SubcooledLiquid,269.35565841197956,5.44764294217726,,true,REGION-1,SubcooledLiquid,269.3556584306558,5.447642976282205,,true,1.8676246327231638E-08,3.410494553435228E-08
D1-BOUNDED-IF97-SUBSET,110,269.35565841197956,R4-LIQUID-SIDE,REGION-4,SaturatedMixture,269.35565841197956,5.447588466292596,1E-06,false,UNRESOLVED,Unspecified,,,,false,,
D1-BOUNDED-IF97-SUBSET,110,269.35565841197956,R4-VAPOR-SIDE,REGION-4,SaturatedMixture,269.35565841197956,5.447588466292596,0.999999,false,UNRESOLVED,Unspecified,,,,false,,
D1-BOUNDED-IF97-SUBSET,110,269.35565841197956,R2-SIDE,REGION-2,SuperheatedVapor,269.35565841197956,5.447533990407933,,false,UNRESOLVED,Unspecified,,,,false,,
D1-BOUNDED-IF97-SUBSET,111,269.35622538924224,R1-SIDE,REGION-1,SubcooledLiquid,269.35622538924224,5.447691372861352,,true,REGION-1,SubcooledLiquid,269.3562253565883,5.447691314010777,,true,-3.265392933826661E-08,-5.885057507981628E-08
D1-BOUNDED-IF97-SUBSET,111,269.35622538924224,R4-LIQUID-SIDE,REGION-4,SaturatedMixture,269.35622538924224,5.447636896492387,1E-06,false,UNRESOLVED,Unspecified,,,,false,,
D1-BOUNDED-IF97-SUBSET,111,269.35622538924224,R4-VAPOR-SIDE,REGION-4,SaturatedMixture,269.35622538924224,5.447636896492387,0.999999,false,UNRESOLVED,Unspecified,,,,false,,
D1-BOUNDED-IF97-SUBSET,111,269.35622538924224,R2-SIDE,REGION-2,SuperheatedVapor,269.35622538924224,5.447582420123423,,false,UNRESOLVED,Unspecified,,,,false,,
D1-BOUNDED-IF97-SUBSET,112,269.3710194945336,R1-SIDE,REGION-1,SubcooledLiquid,269.3710194945336,5.448955188140975,,true,REGION-1,SubcooledLiquid,269.371019513079,5.448955208356221,,true,1.8545392777014058E-08,2.0215246365751227E-08
D1-BOUNDED-IF97-SUBSET,112,269.3710194945336,R4-LIQUID-SIDE,REGION-4,SaturatedMixture,269.3710194945336,5.448900699133983,1E-06,false,UNRESOLVED,Unspecified,,,,false,,
D1-BOUNDED-IF97-SUBSET,112,269.3710194945336,R4-VAPOR-SIDE,REGION-4,SaturatedMixture,269.3710194945336,5.448900699133983,0.999999,false,UNRESOLVED,Unspecified,,,,false,,
D1-BOUNDED-IF97-SUBSET,112,269.3710194945336,R2-SIDE,REGION-2,SuperheatedVapor,269.3710194945336,5.448846210126992,,false,UNRESOLVED,Unspecified,,,,false,,
D1-BOUNDED-IF97-SUBSET,113,269.3758408248424,R1-SIDE,REGION-1,SubcooledLiquid,269.3758408248424,5.449367108043551,,true,REGION-1,SubcooledLiquid,269.37584082652904,5.449367122461899,,true,1.6866579244378954E-09,1.4418348293077088E-08
D1-BOUNDED-IF97-SUBSET,113,269.3758408248424,R4-LIQUID-SIDE,REGION-4,SaturatedMixture,269.3758408248424,5.449312614917401,1E-06,false,UNRESOLVED,Unspecified,,,,false,,
D1-BOUNDED-IF97-SUBSET,113,269.3758408248424,R4-VAPOR-SIDE,REGION-4,SaturatedMixture,269.3758408248424,5.449312614917401,0.999999,false,UNRESOLVED,Unspecified,,,,false,,
D1-BOUNDED-IF97-SUBSET,113,269.3758408248424,R2-SIDE,REGION-2,SuperheatedVapor,269.3758408248424,5.449258121791252,,false,UNRESOLVED,Unspecified,,,,false,,
D1-BOUNDED-IF97-SUBSET,114,269.38479275703435,R1-SIDE,REGION-1,SubcooledLiquid,269.38479275703435,5.450131997156127,,true,REGION-1,SubcooledLiquid,269.384792707711,5.450131911069538,,true,-4.932337560603628E-08,-8.608658941255953E-08
D1-BOUNDED-IF97-SUBSET,114,269.38479275703435,R4-LIQUID-SIDE,REGION-4,SaturatedMixture,269.38479275703435,5.450077496381163,1E-06,false,UNRESOLVED,Unspecified,,,,false,,
D1-BOUNDED-IF97-SUBSET,114,269.38479275703435,R4-VAPOR-SIDE,REGION-4,SaturatedMixture,269.38479275703435,5.450077496381163,0.999999,false,UNRESOLVED,Unspecified,,,,false,,
D1-BOUNDED-IF97-SUBSET,114,269.38479275703435,R2-SIDE,REGION-2,SuperheatedVapor,269.38479275703435,5.4500229956062,,false,UNRESOLVED,Unspecified,,,,false,,
D1-BOUNDED-IF97-SUBSET,115,269.40271410346065,R1-SIDE,REGION-1,SubcooledLiquid,269.40271410346065,5.45166351544765,,true,REGION-1,SubcooledLiquid,269.4027141195544,5.451663506809641,,true,1.609373612154741E-08,-8.638008530681418E-09
D1-BOUNDED-IF97-SUBSET,115,269.40271410346065,R4-LIQUID-SIDE,REGION-4,SaturatedMixture,269.40271410346065,5.4516089993576555,1E-06,false,UNRESOLVED,Unspecified,,,,false,,
D1-BOUNDED-IF97-SUBSET,115,269.40271410346065,R4-VAPOR-SIDE,REGION-4,SaturatedMixture,269.40271410346065,5.4516089993576555,0.999999,false,UNRESOLVED,Unspecified,,,,false,,
D1-BOUNDED-IF97-SUBSET,115,269.40271410346065,R2-SIDE,REGION-2,SuperheatedVapor,269.40271410346065,5.451554483267662,,false,UNRESOLVED,Unspecified,,,,false,,
D1-BOUNDED-IF97-SUBSET,116,269.4203418850898,R1-SIDE,REGION-1,SubcooledLiquid,269.4203418850898,5.453170266904046,,true,REGION-1,SubcooledLiquid,269.42034187372747,5.45317023998331,,true,-1.1362317309249192E-08,-2.692073586274546E-08
D1-BOUNDED-IF97-SUBSET,116,269.4203418850898,R4-LIQUID-SIDE,REGION-4,SaturatedMixture,269.4203418850898,5.453115735746688,1E-06,false,UNRESOLVED,Unspecified,,,,false,,
D1-BOUNDED-IF97-SUBSET,116,269.4203418850898,R4-VAPOR-SIDE,REGION-4,SaturatedMixture,269.4203418850898,5.453115735746688,0.999999,false,UNRESOLVED,Unspecified,,,,false,,
D1-BOUNDED-IF97-SUBSET,116,269.4203418850898,R2-SIDE,REGION-2,SuperheatedVapor,269.4203418850898,5.45306120458933,,false,UNRESOLVED,Unspecified,,,,false,,
D1-BOUNDED-IF97-SUBSET,117,269.4265326142312,R1-SIDE,REGION-1,SubcooledLiquid,269.4265326142312,5.453699500822253,,true,REGION-1,SubcooledLiquid,269.4265325927199,5.45369946743641,,true,-2.1511254999495577E-08,-3.338584342316153E-08
D1-BOUNDED-IF97-SUBSET,117,269.4265326142312,R4-LIQUID-SIDE,REGION-4,SaturatedMixture,269.4265326142312,5.453644964372609,1E-06,false,UNRESOLVED,Unspecified,,,,false,,
D1-BOUNDED-IF97-SUBSET,117,269.4265326142312,R4-VAPOR-SIDE,REGION-4,SaturatedMixture,269.4265326142312,5.453644964372609,0.999999,false,UNRESOLVED,Unspecified,,,,false,,
D1-BOUNDED-IF97-SUBSET,117,269.4265326142312,R2-SIDE,REGION-2,SuperheatedVapor,269.4265326142312,5.453590427922966,,false,UNRESOLVED,Unspecified,,,,false,,
D1-BOUNDED-IF97-SUBSET,118,269.43838264346107,R1-SIDE,REGION-1,SubcooledLiquid,269.43838264346107,5.454712647159444,,true,REGION-1,SubcooledLiquid,269.4383826536513,5.454712693820692,,true,1.0190206012339331E-08,4.666124819863171E-08
D1-BOUNDED-IF97-SUBSET,118,269.43838264346107,R4-LIQUID-SIDE,REGION-4,SaturatedMixture,269.43838264346107,5.454658100578438,1E-06,false,UNRESOLVED,Unspecified,,,,false,,
D1-BOUNDED-IF97-SUBSET,118,269.43838264346107,R4-VAPOR-SIDE,REGION-4,SaturatedMixture,269.43838264346107,5.454658100578438,0.999999,false,UNRESOLVED,Unspecified,,,,false,,
D1-BOUNDED-IF97-SUBSET,118,269.43838264346107,R2-SIDE,REGION-2,SuperheatedVapor,269.43838264346107,5.4546035539974325,,false,UNRESOLVED,Unspecified,,,,false,,
D1-BOUNDED-IF97-SUBSET,119,269.45672143101694,R1-SIDE,REGION-1,SubcooledLiquid,269.45672143101694,5.4562808485603576,,true,REGION-1,SubcooledLiquid,269.45672142347087,5.456280877117598,,true,-7.546077540609986E-09,2.8557240128179728E-08
D1-BOUNDED-IF97-SUBSET,119,269.45672143101694,R4-LIQUID-SIDE,REGION-4,SaturatedMixture,269.45672143101694,5.456226286297494,1E-06,false,UNRESOLVED,Unspecified,,,,false,,
D1-BOUNDED-IF97-SUBSET,119,269.45672143101694,R4-VAPOR-SIDE,REGION-4,SaturatedMixture,269.45672143101694,5.456226286297494,0.999999,false,UNRESOLVED,Unspecified,,,,false,,
D1-BOUNDED-IF97-SUBSET,119,269.45672143101694,R2-SIDE,REGION-2,SuperheatedVapor,269.45672143101694,5.456171724034632,,false,UNRESOLVED,Unspecified,,,,false,,
D1-BOUNDED-IF97-SUBSET,120,269.475270628929,R1-SIDE,REGION-1,SubcooledLiquid,269.475270628929,5.4578673929170325,,true,REGION-1,SubcooledLiquid,269.4752705920937,5.457867314138078,,true,-3.6835331229667645E-08,-7.87789549150375E-08
D1-BOUNDED-IF97-SUBSET,120,269.475270628929,R4-LIQUID-SIDE,REGION-4,SaturatedMixture,269.475270628929,5.457812814788884,1E-06,false,UNRESOLVED,Unspecified,,,,false,,
D1-BOUNDED-IF97-SUBSET,120,269.475270628929,R4-VAPOR-SIDE,REGION-4,SaturatedMixture,269.475270628929,5.457812814788884,0.999999,false,UNRESOLVED,Unspecified,,,,false,,
D1-BOUNDED-IF97-SUBSET,120,269.475270628929,R2-SIDE,REGION-2,SuperheatedVapor,269.475270628929,5.4577582366607365,,false,UNRESOLVED,Unspecified,,,,false,,
D1-BOUNDED-IF97-SUBSET,121,269.4799217283727,R1-SIDE,REGION-1,SubcooledLiquid,269.4799217283727,5.45826526457022,,true,REGION-1,SubcooledLiquid,269.4799217507124,5.458265274694091,,true,2.2339690985972993E-08,1.0123871518885608E-08
D1-BOUNDED-IF97-SUBSET,121,269.4799217283727,R4-LIQUID-SIDE,REGION-4,SaturatedMixture,269.4799217283727,5.4582106824633945,1E-06,false,UNRESOLVED,Unspecified,,,,false,,
D1-BOUNDED-IF97-SUBSET,121,269.4799217283727,R4-VAPOR-SIDE,REGION-4,SaturatedMixture,269.4799217283727,5.4582106824633945,0.999999,false,UNRESOLVED,Unspecified,,,,false,,
D1-BOUNDED-IF97-SUBSET,121,269.4799217283727,R2-SIDE,REGION-2,SuperheatedVapor,269.4799217283727,5.45815610035657,,false,UNRESOLVED,Unspecified,,,,false,,
D1-BOUNDED-IF97-SUBSET,122,269.4845352351666,R1-SIDE,REGION-1,SubcooledLiquid,269.4845352351666,5.4586599422922175,,true,REGION-1,SubcooledLiquid,269.4845352600296,5.458659948457425,,true,2.486297034920426E-08,6.165207899755387E-09
D1-BOUNDED-IF97-SUBSET,122,269.4845352351666,R4-LIQUID-SIDE,REGION-4,SaturatedMixture,269.4845352351666,5.458605356238655,1E-06,false,UNRESOLVED,Unspecified,,,,false,,
D1-BOUNDED-IF97-SUBSET,122,269.4845352351666,R4-VAPOR-SIDE,REGION-4,SaturatedMixture,269.4845352351666,5.458605356238655,0.999999,false,UNRESOLVED,Unspecified,,,,false,,
D1-BOUNDED-IF97-SUBSET,122,269.4845352351666,R2-SIDE,REGION-2,SuperheatedVapor,269.4845352351666,5.458550770185092,,false,UNRESOLVED,Unspecified,,,,false,,
D1-BOUNDED-IF97-SUBSET,123,269.4921368777751,R1-SIDE,REGION-1,SubcooledLiquid,269.4921368777751,5.459310297522943,,true,REGION-1,SubcooledLiquid,269.4921368259903,5.459310202203609,,true,-5.178480932954699E-08,-9.531933375939161E-08
D1-BOUNDED-IF97-SUBSET,123,269.4921368777751,R4-LIQUID-SIDE,REGION-4,SaturatedMixture,269.4921368777751,5.4592557049658925,1E-06,true,REGION-4-MIXTURE,SaturatedMixture,269.4921368777751,5.4592557049658925,1.0000000000027702E-06,true,0,0
D1-BOUNDED-IF97-SUBSET,123,269.4921368777751,R4-VAPOR-SIDE,REGION-4,SaturatedMixture,269.4921368777751,5.4592557049658925,0.999999,false,UNRESOLVED,Unspecified,,,,false,,
D1-BOUNDED-IF97-SUBSET,123,269.4921368777751,R2-SIDE,REGION-2,SuperheatedVapor,269.4921368777751,5.459201112408843,,false,UNRESOLVED,Unspecified,,,,false,,
D1-BOUNDED-IF97-SUBSET,124,269.49399043321625,R1-SIDE,REGION-1,SubcooledLiquid,269.49399043321625,5.4594688866249665,,true,REGION-1,SubcooledLiquid,269.49399042769926,5.459468881634656,,true,-5.516994860954583E-09,-4.990310387142927E-09
D1-BOUNDED-IF97-SUBSET,124,269.49399043321625,R4-LIQUID-SIDE,REGION-4,SaturatedMixture,269.49399043321625,5.459414292482041,1E-06,true,REGION-4-MIXTURE,SaturatedMixture,269.49399043321625,5.459414292482041,1.0000000000017808E-06,true,0,0
D1-BOUNDED-IF97-SUBSET,124,269.49399043321625,R4-VAPOR-SIDE,REGION-4,SaturatedMixture,269.49399043321625,5.459414292482041,0.999999,false,UNRESOLVED,Unspecified,,,,false,,
D1-BOUNDED-IF97-SUBSET,124,269.49399043321625,R2-SIDE,REGION-2,SuperheatedVapor,269.49399043321625,5.459359698339116,,false,UNRESOLVED,Unspecified,,,,false,,
D1-BOUNDED-IF97-SUBSET,125,269.5075922548773,R1-SIDE,REGION-1,SubcooledLiquid,269.5075922548773,5.460632758023951,,true,REGION-1,SubcooledLiquid,269.5075922451907,5.460632740366125,,true,-9.686573321232572E-09,-1.7657825424066687E-08
D1-BOUNDED-IF97-SUBSET,125,269.5075922548773,R4-LIQUID-SIDE,REGION-4,SaturatedMixture,269.5075922548773,5.4605781522424275,1E-06,false,UNRESOLVED,Unspecified,,,,false,,
D1-BOUNDED-IF97-SUBSET,125,269.5075922548773,R4-VAPOR-SIDE,REGION-4,SaturatedMixture,269.5075922548773,5.4605781522424275,0.999999,false,UNRESOLVED,Unspecified,,,,false,,
D1-BOUNDED-IF97-SUBSET,125,269.5075922548773,R2-SIDE,REGION-2,SuperheatedVapor,269.5075922548773,5.460523546460905,,false,UNRESOLVED,Unspecified,,,,false,,
D1-BOUNDED-IF97-SUBSET,126,269.512844836712,R1-SIDE,REGION-1,SubcooledLiquid,269.512844836712,5.461082258066538,,true,REGION-1,SubcooledLiquid,269.512844839326,5.461082236706833,,true,2.6140014597331174E-09,-2.1359705115742145E-08
D1-BOUNDED-IF97-SUBSET,126,269.512844836712,R4-LIQUID-SIDE,REGION-4,SaturatedMixture,269.512844836712,5.4610276477900594,1E-06,false,UNRESOLVED,Unspecified,,,,false,,
D1-BOUNDED-IF97-SUBSET,126,269.512844836712,R4-VAPOR-SIDE,REGION-4,SaturatedMixture,269.512844836712,5.4610276477900594,0.999999,false,UNRESOLVED,Unspecified,,,,false,,
D1-BOUNDED-IF97-SUBSET,126,269.512844836712,R2-SIDE,REGION-2,SuperheatedVapor,269.512844836712,5.460973037513582,,false,UNRESOLVED,Unspecified,,,,false,,
D1-BOUNDED-IF97-SUBSET,127,269.5298897445201,R1-SIDE,REGION-1,SubcooledLiquid,269.5298897445201,5.462541104242954,,true,REGION-1,SubcooledLiquid,269.5298897374772,5.462541066626005,,true,-7.042899596854113E-09,-3.761694866710741E-08
D1-BOUNDED-IF97-SUBSET,127,269.5298897445201,R4-LIQUID-SIDE,REGION-4,SaturatedMixture,269.5298897445201,5.46248647937816,1E-06,false,UNRESOLVED,Unspecified,,,,false,,
D1-BOUNDED-IF97-SUBSET,127,269.5298897445201,R4-VAPOR-SIDE,REGION-4,SaturatedMixture,269.5298897445201,5.46248647937816,0.999999,false,UNRESOLVED,Unspecified,,,,false,,
D1-BOUNDED-IF97-SUBSET,127,269.5298897445201,R2-SIDE,REGION-2,SuperheatedVapor,269.5298897445201,5.462431854513366,,false,UNRESOLVED,Unspecified,,,,false,,
D1-BOUNDED-IF97-SUBSET,128,269.53180425763105,R1-SIDE,REGION-1,SubcooledLiquid,269.53180425763105,5.462704982919726,,true,REGION-1,SubcooledLiquid,269.5318042906116,5.462705035040095,,true,3.298055162304081E-08,5.212036935375863E-08
D1-BOUNDED-IF97-SUBSET,128,269.53180425763105,R4-LIQUID-SIDE,REGION-4,SaturatedMixture,269.53180425763105,5.4626503564161615,1E-06,false,UNRESOLVED,Unspecified,,,,false,,
D1-BOUNDED-IF97-SUBSET,128,269.53180425763105,R4-VAPOR-SIDE,REGION-4,SaturatedMixture,269.53180425763105,5.4626503564161615,0.999999,false,UNRESOLVED,Unspecified,,,,false,,
D1-BOUNDED-IF97-SUBSET,128,269.53180425763105,R2-SIDE,REGION-2,SuperheatedVapor,269.53180425763105,5.462595729912597,,false,UNRESOLVED,Unspecified,,,,false,,
D1-BOUNDED-IF97-SUBSET,129,269.53814047574997,R1-SIDE,REGION-1,SubcooledLiquid,269.53814047574997,5.463247377896969,,true,REGION-1,SubcooledLiquid,269.5381404403299,5.463247330380302,,true,-3.542004378687125E-08,-4.7516667045499617E-08
D1-BOUNDED-IF97-SUBSET,129,269.53814047574997,R4-LIQUID-SIDE,REGION-4,SaturatedMixture,269.53814047574997,5.463192745969509,1E-06,false,UNRESOLVED,Unspecified,,,,false,,
D1-BOUNDED-IF97-SUBSET,129,269.53814047574997,R4-VAPOR-SIDE,REGION-4,SaturatedMixture,269.53814047574997,5.463192745969509,0.999999,false,UNRESOLVED,Unspecified,,,,false,,
D1-BOUNDED-IF97-SUBSET,129,269.53814047574997,R2-SIDE,REGION-2,SuperheatedVapor,269.53814047574997,5.463138114042049,,false,UNRESOLVED,Unspecified,,,,false,,
D1-BOUNDED-IF97-SUBSET,130,269.55084462165814,R1-SIDE,REGION-1,SubcooledLiquid,269.55084462165814,5.464335006150141,,true,REGION-1,SubcooledLiquid,269.5508446304701,5.4643350389590815,,true,8.81198047864018E-09,3.280894045332161E-08
D1-BOUNDED-IF97-SUBSET,130,269.55084462165814,R4-LIQUID-SIDE,REGION-4,SaturatedMixture,269.55084462165814,5.464280363346507,1E-06,false,UNRESOLVED,Unspecified,,,,false,,
D1-BOUNDED-IF97-SUBSET,130,269.55084462165814,R4-VAPOR-SIDE,REGION-4,SaturatedMixture,269.55084462165814,5.464280363346507,0.999999,false,UNRESOLVED,Unspecified,,,,false,,
D1-BOUNDED-IF97-SUBSET,130,269.55084462165814,R2-SIDE,REGION-2,SuperheatedVapor,269.55084462165814,5.464225720542874,,false,UNRESOLVED,Unspecified,,,,false,,
D1-BOUNDED-IF97-SUBSET,131,269.5699443995951,R1-SIDE,REGION-1,SubcooledLiquid,269.5699443995951,5.46597048883064,,true,REGION-1,SubcooledLiquid,269.56994442666644,5.465970505902902,,true,2.7071337171946652E-08,1.707226182645627E-08
D1-BOUNDED-IF97-SUBSET,131,269.5699443995951,R4-LIQUID-SIDE,REGION-4,SaturatedMixture,269.5699443995951,5.465915829672343,1E-06,false,UNRESOLVED,Unspecified,,,,false,,
D1-BOUNDED-IF97-SUBSET,131,269.5699443995951,R4-VAPOR-SIDE,REGION-4,SaturatedMixture,269.5699443995951,5.465915829672343,0.999999,false,UNRESOLVED,Unspecified,,,,false,,
D1-BOUNDED-IF97-SUBSET,131,269.5699443995951,R2-SIDE,REGION-2,SuperheatedVapor,269.5699443995951,5.465861170514047,,false,UNRESOLVED,Unspecified,,,,false,,
D1-BOUNDED-IF97-SUBSET,132,269.5759793758393,R1-SIDE,REGION-1,SubcooledLiquid,269.5759793758393,5.466487331653491,,true,REGION-1,SubcooledLiquid,269.5759794171639,5.466487432520578,,true,4.132459707761882E-08,1.0086708712719883E-07
D1-BOUNDED-IF97-SUBSET,132,269.5759793758393,R4-LIQUID-SIDE,REGION-4,SaturatedMixture,269.5759793758393,5.466432667326818,1E-06,false,UNRESOLVED,Unspecified,,,,false,,
D1-BOUNDED-IF97-SUBSET,132,269.5759793758393,R4-VAPOR-SIDE,REGION-4,SaturatedMixture,269.5759793758393,5.466432667326818,0.999999,false,UNRESOLVED,Unspecified,,,,false,,
D1-BOUNDED-IF97-SUBSET,132,269.5759793758393,R2-SIDE,REGION-2,SuperheatedVapor,269.5759793758393,5.466378003000145,,false,UNRESOLVED,Unspecified,,,,false,,
D1-BOUNDED-IF97-SUBSET,133,269.58908331394184,R1-SIDE,REGION-1,SubcooledLiquid,269.58908331394184,5.467609697582076,,true,REGION-1,SubcooledLiquid,269.58908330218526,5.467609693989032,,true,-1.1756583262467757E-08,-3.5930440844822442E-09
D1-BOUNDED-IF97-SUBSET,133,269.58908331394184,R4-LIQUID-SIDE,REGION-4,SaturatedMixture,269.58908331394184,5.467555022031855,1E-06,false,UNRESOLVED,Unspecified,,,,false,,
D1-BOUNDED-IF97-SUBSET,133,269.58908331394184,R4-VAPOR-SIDE,REGION-4,SaturatedMixture,269.58908331394184,5.467555022031855,0.999999,false,UNRESOLVED,Unspecified,,,,false,,
D1-BOUNDED-IF97-SUBSET,133,269.58908331394184,R2-SIDE,REGION-2,SuperheatedVapor,269.58908331394184,5.467500346481636,,false,UNRESOLVED,Unspecified,,,,false,,
D1-BOUNDED-IF97-SUBSET,134,269.60824417471883,R1-SIDE,REGION-1,SubcooledLiquid,269.60824417471883,5.469251161973122,,true,REGION-1,SubcooledLiquid,269.60824415938134,5.469251140709252,,true,-1.533749127702322E-08,-2.126386977607808E-08
D1-BOUNDED-IF97-SUBSET,134,269.60824417471883,R4-LIQUID-SIDE,REGION-4,SaturatedMixture,269.60824417471883,5.469196470008422,1E-06,false,UNRESOLVED,Unspecified,,,,false,,
D1-BOUNDED-IF97-SUBSET,134,269.60824417471883,R4-VAPOR-SIDE,REGION-4,SaturatedMixture,269.60824417471883,5.469196470008422,0.999999,false,UNRESOLVED,Unspecified,,,,false,,
D1-BOUNDED-IF97-SUBSET,134,269.60824417471883,R2-SIDE,REGION-2,SuperheatedVapor,269.60824417471883,5.4691417780437215,,false,UNRESOLVED,Unspecified,,,,false,,
D1-BOUNDED-IF97-SUBSET,135,269.6106666266918,R1-SIDE,REGION-1,SubcooledLiquid,269.6106666266918,5.469458714337857,,true,REGION-1,SubcooledLiquid,269.61066663915244,5.46945878129862,,true,1.2460645848477725E-08,6.696076315648725E-08
D1-BOUNDED-IF97-SUBSET,135,269.6106666266918,R4-LIQUID-SIDE,REGION-4,SaturatedMixture,269.6106666266918,5.469404020297653,1E-06,false,UNRESOLVED,Unspecified,,,,false,,
D1-BOUNDED-IF97-SUBSET,135,269.6106666266918,R4-VAPOR-SIDE,REGION-4,SaturatedMixture,269.6106666266918,5.469404020297653,0.999999,false,UNRESOLVED,Unspecified,,,,false,,
D1-BOUNDED-IF97-SUBSET,135,269.6106666266918,R2-SIDE,REGION-2,SuperheatedVapor,269.6106666266918,5.469349326257451,,false,UNRESOLVED,Unspecified,,,,false,,
D1-BOUNDED-IF97-SUBSET,136,269.627409541607,R1-SIDE,REGION-1,SubcooledLiquid,269.627409541607,5.470893388772006,,true,REGION-1,SubcooledLiquid,269.6274095521236,5.4708934403886715,,true,1.0516600923438091E-08,5.16166656083783E-08
D1-BOUNDED-IF97-SUBSET,136,269.627409541607,R4-LIQUID-SIDE,REGION-4,SaturatedMixture,269.627409541607,5.470838680385202,1E-06,false,UNRESOLVED,Unspecified,,,,false,,
D1-BOUNDED-IF97-SUBSET,136,269.627409541607,R4-VAPOR-SIDE,REGION-4,SaturatedMixture,269.627409541607,5.470838680385202,0.999999,false,UNRESOLVED,Unspecified,,,,false,,
D1-BOUNDED-IF97-SUBSET,136,269.627409541607,R2-SIDE,REGION-2,SuperheatedVapor,269.627409541607,5.470783971998398,,false,UNRESOLVED,Unspecified,,,,false,,
D1-BOUNDED-IF97-SUBSET,137,269.644376009703,R1-SIDE,REGION-1,SubcooledLiquid,269.644376009703,5.472347512237635,,true,REGION-1,SubcooledLiquid,269.6443760425241,5.472347550382864,,true,3.282104898971738E-08,3.8145229197539265E-08
D1-BOUNDED-IF97-SUBSET,137,269.644376009703,R4-LIQUID-SIDE,REGION-4,SaturatedMixture,269.644376009703,5.4722927893097415,1E-06,false,UNRESOLVED,Unspecified,,,,false,,
D1-BOUNDED-IF97-SUBSET,137,269.644376009703,R4-VAPOR-SIDE,REGION-4,SaturatedMixture,269.644376009703,5.4722927893097415,0.999999,false,UNRESOLVED,Unspecified,,,,false,,
D1-BOUNDED-IF97-SUBSET,137,269.644376009703,R2-SIDE,REGION-2,SuperheatedVapor,269.644376009703,5.472238066381848,,false,UNRESOLVED,Unspecified,,,,false,,
D1-BOUNDED-IF97-SUBSET,138,269.6465640187264,R1-SIDE,REGION-1,SubcooledLiquid,269.6465640187264,5.472535058619946,,true,REGION-1,SubcooledLiquid,269.64656399184776,5.472535001628366,,true,-2.6878637982008513E-08,-5.699158034389029E-08
D1-BOUNDED-IF97-SUBSET,138,269.6465640187264,R4-LIQUID-SIDE,REGION-4,SaturatedMixture,269.6465640187264,5.472480333816607,1E-06,false,UNRESOLVED,Unspecified,,,,false,,
D1-BOUNDED-IF97-SUBSET,138,269.6465640187264,R4-VAPOR-SIDE,REGION-4,SaturatedMixture,269.6465640187264,5.472480333816607,0.999999,false,UNRESOLVED,Unspecified,,,,false,,
D1-BOUNDED-IF97-SUBSET,138,269.6465640187264,R2-SIDE,REGION-2,SuperheatedVapor,269.6465640187264,5.4724256090132695,,false,UNRESOLVED,Unspecified,,,,false,,
D1-BOUNDED-IF97-SUBSET,139,269.665693461895,R1-SIDE,REGION-1,SubcooledLiquid,269.665693461895,5.474174958265123,,true,REGION-1,SubcooledLiquid,269.6656934199606,5.474174882634936,,true,-4.193441327515757E-08,-7.563018655787346E-08
D1-BOUNDED-IF97-SUBSET,139,269.665693461895,R4-LIQUID-SIDE,REGION-4,SaturatedMixture,269.665693461895,5.474120217062952,1E-06,false,UNRESOLVED,Unspecified,,,,false,,
D1-BOUNDED-IF97-SUBSET,139,269.665693461895,R4-VAPOR-SIDE,REGION-4,SaturatedMixture,269.665693461895,5.474120217062952,0.999999,false,UNRESOLVED,Unspecified,,,,false,,
D1-BOUNDED-IF97-SUBSET,139,269.665693461895,R2-SIDE,REGION-2,SuperheatedVapor,269.665693461895,5.474065475860781,,false,UNRESOLVED,Unspecified,,,,false,,
D1-BOUNDED-IF97-SUBSET,140,269.67791057229067,R1-SIDE,REGION-1,SubcooledLiquid,269.67791057229067,5.475222484340766,,true,REGION-1,SubcooledLiquid,269.67791056140993,5.475222488324964,,true,-1.0880739864660427E-08,3.984197860518179E-09
D1-BOUNDED-IF97-SUBSET,140,269.67791057229067,R4-LIQUID-SIDE,REGION-4,SaturatedMixture,269.67791057229067,5.475167732663439,1E-06,false,UNRESOLVED,Unspecified,,,,false,,
D1-BOUNDED-IF97-SUBSET,140,269.67791057229067,R4-VAPOR-SIDE,REGION-4,SaturatedMixture,269.67791057229067,5.475167732663439,0.999999,false,UNRESOLVED,Unspecified,,,,false,,
D1-BOUNDED-IF97-SUBSET,140,269.67791057229067,R2-SIDE,REGION-2,SuperheatedVapor,269.67791057229067,5.475112980986113,,false,UNRESOLVED,Unspecified,,,,false,,
D1-BOUNDED-IF97-SUBSET,141,269.6847838103771,R1-SIDE,REGION-1,SubcooledLiquid,269.6847838103771,5.4758118805031835,,true,REGION-1,SubcooledLiquid,269.68478381115756,5.475811879251965,,true,7.80460140958894E-10,-1.2512186842172923E-09
D1-BOUNDED-IF97-SUBSET,141,269.6847838103771,R4-LIQUID-SIDE,REGION-4,SaturatedMixture,269.6847838103771,5.475757122931954,1E-06,false,UNRESOLVED,Unspecified,,,,false,,
D1-BOUNDED-IF97-SUBSET,141,269.6847838103771,R4-VAPOR-SIDE,REGION-4,SaturatedMixture,269.6847838103771,5.475757122931954,0.999999,false,UNRESOLVED,Unspecified,,,,false,,
D1-BOUNDED-IF97-SUBSET,141,269.6847838103771,R2-SIDE,REGION-2,SuperheatedVapor,269.6847838103771,5.475702365360725,,false,UNRESOLVED,Unspecified,,,,false,,
D1-BOUNDED-IF97-SUBSET,142,269.69983050823214,R1-SIDE,REGION-1,SubcooledLiquid,269.69983050823214,5.477102338976331,,true,REGION-1,SubcooledLiquid,269.6998304893458,5.477102322386302,,true,-1.8886339603341185E-08,-1.6590028906193766E-08
D1-BOUNDED-IF97-SUBSET,142,269.69983050823214,R4-LIQUID-SIDE,REGION-4,SaturatedMixture,269.69983050823214,5.4770475685006454,1E-06,false,UNRESOLVED,Unspecified,,,,false,,
D1-BOUNDED-IF97-SUBSET,142,269.69983050823214,R4-VAPOR-SIDE,REGION-4,SaturatedMixture,269.69983050823214,5.4770475685006454,0.999999,false,UNRESOLVED,Unspecified,,,,false,,
D1-BOUNDED-IF97-SUBSET,142,269.69983050823214,R2-SIDE,REGION-2,SuperheatedVapor,269.69983050823214,5.476992798024961,,false,UNRESOLVED,Unspecified,,,,false,,
D1-BOUNDED-IF97-SUBSET,143,269.7038233816626,R1-SIDE,REGION-1,SubcooledLiquid,269.7038233816626,5.477444821025131,,true,REGION-1,SubcooledLiquid,269.703823353747,5.477444800037352,,true,-2.7915575628867373E-08,-2.0987778626135878E-08
D1-BOUNDED-IF97-SUBSET,143,269.7038233816626,R4-LIQUID-SIDE,REGION-4,SaturatedMixture,269.7038233816626,5.4773900471246595,1E-06,false,UNRESOLVED,Unspecified,,,,false,,
D1-BOUNDED-IF97-SUBSET,143,269.7038233816626,R4-VAPOR-SIDE,REGION-4,SaturatedMixture,269.7038233816626,5.4773900471246595,0.999999,false,UNRESOLVED,Unspecified,,,,false,,
D1-BOUNDED-IF97-SUBSET,143,269.7038233816626,R2-SIDE,REGION-2,SuperheatedVapor,269.7038233816626,5.477335273224188,,false,UNRESOLVED,Unspecified,,,,false,,
D1-BOUNDED-IF97-SUBSET,144,269.7115400552751,R1-SIDE,REGION-1,SubcooledLiquid,269.7115400552751,5.478106752151417,,true,REGION-1,SubcooledLiquid,269.7115400982192,5.478106818269708,,true,4.294406608096324E-08,6.611829128644331E-08
D1-BOUNDED-IF97-SUBSET,144,269.7115400552751,R4-LIQUID-SIDE,REGION-4,SaturatedMixture,269.7115400552751,5.4780519716317,1E-06,false,UNRESOLVED,Unspecified,,,,false,,
D1-BOUNDED-IF97-SUBSET,144,269.7115400552751,R4-VAPOR-SIDE,REGION-4,SaturatedMixture,269.7115400552751,5.4780519716317,0.999999,false,UNRESOLVED,Unspecified,,,,false,,
D1-BOUNDED-IF97-SUBSET,144,269.7115400552751,R2-SIDE,REGION-2,SuperheatedVapor,269.7115400552751,5.477997191111984,,false,UNRESOLVED,Unspecified,,,,false,,
D1-BOUNDED-IF97-SUBSET,145,269.7228007018567,R1-SIDE,REGION-1,SubcooledLiquid,269.7228007018567,5.479072792513621,,true,REGION-1,SubcooledLiquid,269.72280069162355,5.479072755819791,,true,-1.0233179636998102E-08,-3.66938301965547E-08
D1-BOUNDED-IF97-SUBSET,145,269.7228007018567,R4-LIQUID-SIDE,REGION-4,SaturatedMixture,269.7228007018567,5.479018002333597,1E-06,false,UNRESOLVED,Unspecified,,,,false,,
D1-BOUNDED-IF97-SUBSET,145,269.7228007018567,R4-VAPOR-SIDE,REGION-4,SaturatedMixture,269.7228007018567,5.479018002333597,0.999999,false,UNRESOLVED,Unspecified,,,,false,,
D1-BOUNDED-IF97-SUBSET,145,269.7228007018567,R2-SIDE,REGION-2,SuperheatedVapor,269.7228007018567,5.478963212153574,,false,UNRESOLVED,Unspecified,,,,false,,
D1-BOUNDED-IF97-SUBSET,146,269.7417052984239,R1-SIDE,REGION-1,SubcooledLiquid,269.7417052984239,5.480694892698527,,true,REGION-1,SubcooledLiquid,269.7417053055307,5.480694928360004,,true,7.106791599653661E-09,3.566147643851991E-08
D1-BOUNDED-IF97-SUBSET,146,269.7417052984239,R4-LIQUID-SIDE,REGION-4,SaturatedMixture,269.7417052984239,5.480640086297664,1E-06,false,UNRESOLVED,Unspecified,,,,false,,
D1-BOUNDED-IF97-SUBSET,146,269.7417052984239,R4-VAPOR-SIDE,REGION-4,SaturatedMixture,269.7417052984239,5.480640086297664,0.999999,false,UNRESOLVED,Unspecified,,,,false,,
D1-BOUNDED-IF97-SUBSET,146,269.7417052984239,R2-SIDE,REGION-2,SuperheatedVapor,269.7417052984239,5.480585279896801,,false,UNRESOLVED,Unspecified,,,,false,,
D1-BOUNDED-IF97-SUBSET,147,269.74532633423803,R1-SIDE,REGION-1,SubcooledLiquid,269.74532633423803,5.481005635844626,,true,REGION-1,SubcooledLiquid,269.745326361969,5.481005669988356,,true,2.773094820440747E-08,3.414372962140533E-08
D1-BOUNDED-IF97-SUBSET,147,269.74532633423803,R4-LIQUID-SIDE,REGION-4,SaturatedMixture,269.74532633423803,5.480950826336363,1E-06,false,UNRESOLVED,Unspecified,,,,false,,
D1-BOUNDED-IF97-SUBSET,147,269.74532633423803,R4-VAPOR-SIDE,REGION-4,SaturatedMixture,269.74532633423803,5.480950826336363,0.999999,false,UNRESOLVED,Unspecified,,,,false,,
D1-BOUNDED-IF97-SUBSET,147,269.74532633423803,R2-SIDE,REGION-2,SuperheatedVapor,269.74532633423803,5.480896016828099,,false,UNRESOLVED,Unspecified,,,,false,,
D1-BOUNDED-IF97-SUBSET,148,269.7605286598206,R1-SIDE,REGION-1,SubcooledLiquid,269.7605286598206,5.48231038682962,,true,REGION-1,SubcooledLiquid,269.76052867833585,5.482310406378341,,true,1.851526576501783E-08,1.9548720864293045E-08
D1-BOUNDED-IF97-SUBSET,148,269.7605286598206,R4-LIQUID-SIDE,REGION-4,SaturatedMixture,269.7605286598206,5.482255564273977,1E-06,false,UNRESOLVED,Unspecified,,,,false,,
D1-BOUNDED-IF97-SUBSET,148,269.7605286598206,R4-VAPOR-SIDE,REGION-4,SaturatedMixture,269.7605286598206,5.482255564273977,0.999999,false,UNRESOLVED,Unspecified,,,,false,,
D1-BOUNDED-IF97-SUBSET,148,269.7605286598206,R2-SIDE,REGION-2,SuperheatedVapor,269.7605286598206,5.4822007417183345,,false,UNRESOLVED,Unspecified,,,,false,,
D1-BOUNDED-IF97-SUBSET,149,269.77926023006455,R1-SIDE,REGION-1,SubcooledLiquid,269.77926023006455,5.483918363996075,,true,REGION-1,SubcooledLiquid,269.77926024877354,5.48391836654922,,true,1.8708988136495464E-08,2.553145250772104E-09
D1-BOUNDED-IF97-SUBSET,149,269.77926023006455,R4-LIQUID-SIDE,REGION-4,SaturatedMixture,269.77926023006455,5.483863525360821,1E-06,false,UNRESOLVED,Unspecified,,,,false,,
D1-BOUNDED-IF97-SUBSET,149,269.77926023006455,R4-VAPOR-SIDE,REGION-4,SaturatedMixture,269.77926023006455,5.483863525360821,0.999999,false,UNRESOLVED,Unspecified,,,,false,,
D1-BOUNDED-IF97-SUBSET,149,269.77926023006455,R2-SIDE,REGION-2,SuperheatedVapor,269.77926023006455,5.483808686725568,,false,UNRESOLVED,Unspecified,,,,false,,
D1-BOUNDED-IF97-SUBSET,150,269.7792617738247,R1-SIDE,REGION-1,SubcooledLiquid,269.7792617738247,5.4839184965321355,,true,REGION-1,SubcooledLiquid,269.7792617924066,5.483918499073001,,true,1.8581886251922697E-08,2.5408652959413303E-09
D1-BOUNDED-IF97-SUBSET,150,269.7792617738247,R4-LIQUID-SIDE,REGION-4,SaturatedMixture,269.7792617738247,5.483863657895556,1E-06,false,UNRESOLVED,Unspecified,,,,false,,
D1-BOUNDED-IF97-SUBSET,150,269.7792617738247,R4-VAPOR-SIDE,REGION-4,SaturatedMixture,269.7792617738247,5.483863657895556,0.999999,false,UNRESOLVED,Unspecified,,,,false,,
D1-BOUNDED-IF97-SUBSET,150,269.7792617738247,R2-SIDE,REGION-2,SuperheatedVapor,269.7792617738247,5.483808819258978,,false,UNRESOLVED,Unspecified,,,,false,,
D1-BOUNDED-IF97-SUBSET,151,269.7978978395462,R1-SIDE,REGION-1,SubcooledLiquid,269.7978978395462,5.485518632651617,,true,REGION-1,SubcooledLiquid,269.79789784140837,5.4855186168274646,,true,1.8621904018800706E-09,-1.5824152654886348E-08
D1-BOUNDED-IF97-SUBSET,151,269.7978978395462,R4-LIQUID-SIDE,REGION-4,SaturatedMixture,269.7978978395462,5.485463778013837,1E-06,false,UNRESOLVED,Unspecified,,,,false,,
D1-BOUNDED-IF97-SUBSET,151,269.7978978395462,R4-VAPOR-SIDE,REGION-4,SaturatedMixture,269.7978978395462,5.485463778013837,0.999999,false,UNRESOLVED,Unspecified,,,,false,,
D1-BOUNDED-IF97-SUBSET,151,269.7978978395462,R2-SIDE,REGION-2,SuperheatedVapor,269.7978978395462,5.485408923376057,,false,UNRESOLVED,Unspecified,,,,false,,
D1-BOUNDED-IF97-SUBSET,152,269.81331082582483,R1-SIDE,REGION-1,SubcooledLiquid,269.81331082582483,5.486842296970016,,true,REGION-1,SubcooledLiquid,269.8133108608607,5.486842358012858,,true,3.5035895962209906E-08,6.104284189234477E-08
D1-BOUNDED-IF97-SUBSET,152,269.81331082582483,R4-LIQUID-SIDE,REGION-4,SaturatedMixture,269.81331082582483,5.486787429095725,1E-06,false,UNRESOLVED,Unspecified,,,,false,,
D1-BOUNDED-IF97-SUBSET,152,269.81331082582483,R4-VAPOR-SIDE,REGION-4,SaturatedMixture,269.81331082582483,5.486787429095725,0.999999,false,UNRESOLVED,Unspecified,,,,false,,
D1-BOUNDED-IF97-SUBSET,152,269.81331082582483,R2-SIDE,REGION-2,SuperheatedVapor,269.81331082582483,5.486732561221434,,false,UNRESOLVED,Unspecified,,,,false,,
D1-BOUNDED-IF97-SUBSET,153,269.81642926335314,R1-SIDE,REGION-1,SubcooledLiquid,269.81642926335314,5.487110137449842,,true,REGION-1,SubcooledLiquid,269.81642929306395,5.487110195201376,,true,2.971080448332941E-08,5.775153422149515E-08
D1-BOUNDED-IF97-SUBSET,153,269.81642926335314,R4-LIQUID-SIDE,REGION-4,SaturatedMixture,269.81642926335314,5.487055266897173,1E-06,false,UNRESOLVED,Unspecified,,,,false,,
D1-BOUNDED-IF97-SUBSET,153,269.81642926335314,R4-VAPOR-SIDE,REGION-4,SaturatedMixture,269.81642926335314,5.487055266897173,0.999999,false,UNRESOLVED,Unspecified,,,,false,,
D1-BOUNDED-IF97-SUBSET,153,269.81642926335314,R2-SIDE,REGION-2,SuperheatedVapor,269.81642926335314,5.487000396344504,,false,UNRESOLVED,Unspecified,,,,false,,
D1-BOUNDED-IF97-SUBSET,154,269.8348390221596,R1-SIDE,REGION-1,SubcooledLiquid,269.8348390221596,5.488691542558491,,true,REGION-1,SubcooledLiquid,269.83483898467966,5.488691489784852,,true,-3.747993559954921E-08,-5.277363879230279E-08
D1-BOUNDED-IF97-SUBSET,154,269.8348390221596,R4-LIQUID-SIDE,REGION-4,SaturatedMixture,269.8348390221596,5.488636656191929,1E-06,false,UNRESOLVED,Unspecified,,,,false,,
D1-BOUNDED-IF97-SUBSET,154,269.8348390221596,R4-VAPOR-SIDE,REGION-4,SaturatedMixture,269.8348390221596,5.488636656191929,0.999999,false,UNRESOLVED,Unspecified,,,,false,,
D1-BOUNDED-IF97-SUBSET,154,269.8348390221596,R2-SIDE,REGION-2,SuperheatedVapor,269.8348390221596,5.488581769825367,,false,UNRESOLVED,Unspecified,,,,false,,
D1-BOUNDED-IF97-SUBSET,155,269.8474434912206,R1-SIDE,REGION-1,SubcooledLiquid,269.8474434912206,5.4897744718036146,,true,REGION-1,SubcooledLiquid,269.84744350850303,5.489774500296795,,true,1.7282445696764626E-08,2.8493180259658857E-08
D1-BOUNDED-IF97-SUBSET,155,269.8474434912206,R4-LIQUID-SIDE,REGION-4,SaturatedMixture,269.8474434912206,5.489719574607868,1E-06,false,UNRESOLVED,Unspecified,,,,false,,
D1-BOUNDED-IF97-SUBSET,155,269.8474434912206,R4-VAPOR-SIDE,REGION-4,SaturatedMixture,269.8474434912206,5.489719574607868,0.999999,false,UNRESOLVED,Unspecified,,,,false,,
D1-BOUNDED-IF97-SUBSET,155,269.8474434912206,R2-SIDE,REGION-2,SuperheatedVapor,269.8474434912206,5.489664677412122,,false,UNRESOLVED,Unspecified,,,,false,,
D1-BOUNDED-IF97-SUBSET,156,269.85314221978194,R1-SIDE,REGION-1,SubcooledLiquid,269.85314221978194,5.490264138981578,,true,REGION-1,SubcooledLiquid,269.8531422063544,5.490264159654856,,true,-1.342755240330007E-08,2.0673278200433742E-08
D1-BOUNDED-IF97-SUBSET,156,269.85314221978194,R4-LIQUID-SIDE,REGION-4,SaturatedMixture,269.85314221978194,5.490209236889209,1E-06,false,UNRESOLVED,Unspecified,,,,false,,
D1-BOUNDED-IF97-SUBSET,156,269.85314221978194,R4-VAPOR-SIDE,REGION-4,SaturatedMixture,269.85314221978194,5.490209236889209,0.999999,false,UNRESOLVED,Unspecified,,,,false,,
D1-BOUNDED-IF97-SUBSET,156,269.85314221978194,R2-SIDE,REGION-2,SuperheatedVapor,269.85314221978194,5.4901543347968405,,false,UNRESOLVED,Unspecified,,,,false,,
D1-BOUNDED-IF97-SUBSET,157,269.86491042971613,R1-SIDE,REGION-1,SubcooledLiquid,269.86491042971613,5.491275436069505,,true,REGION-1,SubcooledLiquid,269.864910438851,5.491275447981054,,true,9.13485109776957E-09,1.1911549080423356E-08
D1-BOUNDED-IF97-SUBSET,157,269.86491042971613,R4-LIQUID-SIDE,REGION-4,SaturatedMixture,269.86491042971613,5.491220523864266,1E-06,false,UNRESOLVED,Unspecified,,,,false,,
D1-BOUNDED-IF97-SUBSET,157,269.86491042971613,R4-VAPOR-SIDE,REGION-4,SaturatedMixture,269.86491042971613,5.491220523864266,0.999999,false,UNRESOLVED,Unspecified,,,,false,,
D1-BOUNDED-IF97-SUBSET,157,269.86491042971613,R2-SIDE,REGION-2,SuperheatedVapor,269.86491042971613,5.491165611659028,,false,UNRESOLVED,Unspecified,,,,false,,
D1-BOUNDED-IF97-SUBSET,158,269.87132650613796,R1-SIDE,REGION-1,SubcooledLiquid,269.87132650613796,5.491826859306679,,true,REGION-1,SubcooledLiquid,269.87132653055164,5.491826866696819,,true,2.4413679966528434E-08,7.390140055463235E-09
D1-BOUNDED-IF97-SUBSET,158,269.87132650613796,R4-LIQUID-SIDE,REGION-4,SaturatedMixture,269.87132650613796,5.491771941587262,1E-06,false,UNRESOLVED,Unspecified,,,,false,,
D1-BOUNDED-IF97-SUBSET,158,269.87132650613796,R4-VAPOR-SIDE,REGION-4,SaturatedMixture,269.87132650613796,5.491771941587262,0.999999,false,UNRESOLVED,Unspecified,,,,false,,
D1-BOUNDED-IF97-SUBSET,158,269.87132650613796,R2-SIDE,REGION-2,SuperheatedVapor,269.87132650613796,5.491717023867847,,false,UNRESOLVED,Unspecified,,,,false,,
D1-BOUNDED-IF97-SUBSET,159,269.8816254317761,R1-SIDE,REGION-1,SubcooledLiquid,269.8816254317761,5.4927120785164485,,true,REGION-1,SubcooledLiquid,269.88162542628663,5.492712073969894,,true,-5.489482646225952E-09,-4.5465542442002516E-09
D1-BOUNDED-IF97-SUBSET,159,269.8816254317761,R4-LIQUID-SIDE,REGION-4,SaturatedMixture,269.8816254317761,5.492657151944929,1E-06,false,UNRESOLVED,Unspecified,,,,false,,
D1-BOUNDED-IF97-SUBSET,159,269.8816254317761,R4-VAPOR-SIDE,REGION-4,SaturatedMixture,269.8816254317761,5.492657151944929,0.999999,false,UNRESOLVED,Unspecified,,,,false,,
D1-BOUNDED-IF97-SUBSET,159,269.8816254317761,R2-SIDE,REGION-2,SuperheatedVapor,269.8816254317761,5.4926022253734095,,false,UNRESOLVED,Unspecified,,,,false,,
D1-BOUNDED-IF97-SUBSET,160,269.8893888354303,R1-SIDE,REGION-1,SubcooledLiquid,269.8893888354303,5.49337943508812,,true,REGION-1,SubcooledLiquid,269.8893888421122,5.493379424526555,,true,6.681943887087982E-09,-1.056156495593541E-08
D1-BOUNDED-IF97-SUBSET,160,269.8893888354303,R4-LIQUID-SIDE,REGION-4,SaturatedMixture,269.8893888354303,5.493324501843102,1E-06,false,UNRESOLVED,Unspecified,,,,false,,
D1-BOUNDED-IF97-SUBSET,160,269.8893888354303,R4-VAPOR-SIDE,REGION-4,SaturatedMixture,269.8893888354303,5.493324501843102,0.999999,false,UNRESOLVED,Unspecified,,,,false,,
D1-BOUNDED-IF97-SUBSET,160,269.8893888354303,R2-SIDE,REGION-2,SuperheatedVapor,269.8893888354303,5.493269568598083,,false,UNRESOLVED,Unspecified,,,,false,,
D1-BOUNDED-IF97-SUBSET,161,269.90732603669187,R1-SIDE,REGION-1,SubcooledLiquid,269.90732603669187,5.494921586934781,,true,REGION-1,SubcooledLiquid,269.90732602100604,5.494921558132518,,true,-1.568582774780225E-08,-2.880226368517924E-08
D1-BOUNDED-IF97-SUBSET,161,269.90732603669187,R4-LIQUID-SIDE,REGION-4,SaturatedMixture,269.90732603669187,5.494866638268398,1E-06,false,UNRESOLVED,Unspecified,,,,false,,
D1-BOUNDED-IF97-SUBSET,161,269.90732603669187,R4-VAPOR-SIDE,REGION-4,SaturatedMixture,269.90732603669187,5.494866638268398,0.999999,false,UNRESOLVED,Unspecified,,,,false,,
D1-BOUNDED-IF97-SUBSET,161,269.90732603669187,R2-SIDE,REGION-2,SuperheatedVapor,269.90732603669187,5.494811689602016,,false,UNRESOLVED,Unspecified,,,,false,,
D1-BOUNDED-IF97-SUBSET,162,269.9158253133297,R1-SIDE,REGION-1,SubcooledLiquid,269.9158253133297,5.495652428115587,,true,REGION-1,SubcooledLiquid,269.91582528509355,5.495652390500863,,true,-2.823617251124233E-08,-3.761472378016606E-08
D1-BOUNDED-IF97-SUBSET,162,269.9158253133297,R4-LIQUID-SIDE,REGION-4,SaturatedMixture,269.9158253133297,5.495597472140865,1E-06,false,UNRESOLVED,Unspecified,,,,false,,
D1-BOUNDED-IF97-SUBSET,162,269.9158253133297,R4-VAPOR-SIDE,REGION-4,SaturatedMixture,269.9158253133297,5.495597472140865,0.999999,false,UNRESOLVED,Unspecified,,,,false,,
D1-BOUNDED-IF97-SUBSET,162,269.9158253133297,R2-SIDE,REGION-2,SuperheatedVapor,269.9158253133297,5.495542516166144,,false,UNRESOLVED,Unspecified,,,,false,,
D1-BOUNDED-IF97-SUBSET,163,269.92513548135753,R1-SIDE,REGION-1,SubcooledLiquid,269.92513548135753,5.496453081915134,,true,REGION-1,SubcooledLiquid,269.9251354811903,5.496453038242384,,true,-1.6723333828849718E-10,-4.3672749860945714E-08
D1-BOUNDED-IF97-SUBSET,163,269.92513548135753,R4-LIQUID-SIDE,REGION-4,SaturatedMixture,269.92513548135753,5.496398117933954,1E-06,false,UNRESOLVED,Unspecified,,,,false,,
D1-BOUNDED-IF97-SUBSET,163,269.92513548135753,R4-VAPOR-SIDE,REGION-4,SaturatedMixture,269.92513548135753,5.496398117933954,0.999999,false,UNRESOLVED,Unspecified,,,,false,,
D1-BOUNDED-IF97-SUBSET,163,269.92513548135753,R2-SIDE,REGION-2,SuperheatedVapor,269.92513548135753,5.496343153952775,,false,UNRESOLVED,Unspecified,,,,false,,
D1-BOUNDED-IF97-SUBSET,164,269.93746799826624,R1-SIDE,REGION-1,SubcooledLiquid,269.93746799826624,5.497513788137708,,true,REGION-1,SubcooledLiquid,269.9374679615827,5.49751373010063,,true,-3.668355930130929E-08,-5.80370773661798E-08
D1-BOUNDED-IF97-SUBSET,164,269.93746799826624,R4-LIQUID-SIDE,REGION-4,SaturatedMixture,269.93746799826624,5.497458813549572,1E-06,false,UNRESOLVED,Unspecified,,,,false,,
D1-BOUNDED-IF97-SUBSET,164,269.93746799826624,R4-VAPOR-SIDE,REGION-4,SaturatedMixture,269.93746799826624,5.497458813549572,0.999999,false,UNRESOLVED,Unspecified,,,,false,,
D1-BOUNDED-IF97-SUBSET,164,269.93746799826624,R2-SIDE,REGION-2,SuperheatedVapor,269.93746799826624,5.497403838961437,,false,UNRESOLVED,Unspecified,,,,false,,
D1-BOUNDED-IF97-SUBSET,165,269.9428149163722,R1-SIDE,REGION-1,SubcooledLiquid,269.9428149163722,5.497973719254468,,true,REGION-1,SubcooledLiquid,269.94281490082994,5.497973658169245,,true,-1.554224127175985E-08,-6.10852231019976E-08
D1-BOUNDED-IF97-SUBSET,165,269.9428149163722,R4-LIQUID-SIDE,REGION-4,SaturatedMixture,269.9428149163722,5.4979187400670675,1E-06,false,UNRESOLVED,Unspecified,,,,false,,
D1-BOUNDED-IF97-SUBSET,165,269.9428149163722,R4-VAPOR-SIDE,REGION-4,SaturatedMixture,269.9428149163722,5.4979187400670675,0.999999,false,UNRESOLVED,Unspecified,,,,false,,
D1-BOUNDED-IF97-SUBSET,165,269.9428149163722,R2-SIDE,REGION-2,SuperheatedVapor,269.9428149163722,5.497863760879667,,false,UNRESOLVED,Unspecified,,,,false,,
D1-BOUNDED-IF97-SUBSET,166,269.9500148475171,R1-SIDE,REGION-1,SubcooledLiquid,269.9500148475171,5.4985930892339265,,true,REGION-1,SubcooledLiquid,269.9500148282326,5.498593021273063,,true,-1.9284470909042284E-08,-6.796086360338904E-08
D1-BOUNDED-IF97-SUBSET,166,269.9500148475171,R4-LIQUID-SIDE,REGION-4,SaturatedMixture,269.9500148475171,5.498538103852888,1E-06,false,UNRESOLVED,Unspecified,,,,false,,
D1-BOUNDED-IF97-SUBSET,166,269.9500148475171,R4-VAPOR-SIDE,REGION-4,SaturatedMixture,269.9500148475171,5.498538103852888,0.999999,false,UNRESOLVED,Unspecified,,,,false,,
D1-BOUNDED-IF97-SUBSET,166,269.9500148475171,R2-SIDE,REGION-2,SuperheatedVapor,269.9500148475171,5.4984831184718495,,false,UNRESOLVED,Unspecified,,,,false,,
D1-BOUNDED-IF97-SUBSET,167,269.9603627145292,R1-SIDE,REGION-1,SubcooledLiquid,269.9603627145292,5.499483351911103,,true,REGION-1,SubcooledLiquid,269.96036269141985,5.49948327420103,,true,-2.3109350877348334E-08,-7.771007304313571E-08
D1-BOUNDED-IF97-SUBSET,167,269.9603627145292,R4-LIQUID-SIDE,REGION-4,SaturatedMixture,269.9603627145292,5.499428357627526,1E-06,false,UNRESOLVED,Unspecified,,,,false,,
D1-BOUNDED-IF97-SUBSET,167,269.9603627145292,R4-VAPOR-SIDE,REGION-4,SaturatedMixture,269.9603627145292,5.499428357627526,0.999999,false,UNRESOLVED,Unspecified,,,,false,,
D1-BOUNDED-IF97-SUBSET,167,269.9603627145292,R2-SIDE,REGION-2,SuperheatedVapor,269.9603627145292,5.49937336334395,,false,UNRESOLVED,Unspecified,,,,false,,
D1-BOUNDED-IF97-SUBSET,168,269.9777773737907,R1-SIDE,REGION-1,SubcooledLiquid,269.9777773737907,5.5009818435483835,,true,REGION-1,SubcooledLiquid,269.97777738152183,5.500981840645439,,true,7.731159712420776E-09,-2.902944551408382E-09
D1-BOUNDED-IF97-SUBSET,168,269.9777773737907,R4-LIQUID-SIDE,REGION-4,SaturatedMixture,269.9777773737907,5.50092683428004,1E-06,false,UNRESOLVED,Unspecified,,,,false,,
D1-BOUNDED-IF97-SUBSET,168,269.9777773737907,R4-VAPOR-SIDE,REGION-4,SaturatedMixture,269.9777773737907,5.50092683428004,0.999999,false,UNRESOLVED,Unspecified,,,,false,,
D1-BOUNDED-IF97-SUBSET,168,269.9777773737907,R2-SIDE,REGION-2,SuperheatedVapor,269.9777773737907,5.500871825011698,,false,UNRESOLVED,Unspecified,,,,false,,
D1-BOUNDED-IF97-SUBSET,169,269.984167456627,R1-SIDE,REGION-1,SubcooledLiquid,269.984167456627,5.501531773754014,,true,REGION-1,SubcooledLiquid,269.9841674696862,5.501531765490293,,true,1.3059207049082033E-08,-8.263720374657169E-09
D1-BOUNDED-IF97-SUBSET,169,269.984167456627,R4-LIQUID-SIDE,REGION-4,SaturatedMixture,269.984167456627,5.501476758986423,1E-06,false,UNRESOLVED,Unspecified,,,,false,,
D1-BOUNDED-IF97-SUBSET,169,269.984167456627,R4-VAPOR-SIDE,REGION-4,SaturatedMixture,269.984167456627,5.501476758986423,0.999999,false,UNRESOLVED,Unspecified,,,,false,,
D1-BOUNDED-IF97-SUBSET,169,269.984167456627,R2-SIDE,REGION-2,SuperheatedVapor,269.984167456627,5.501421744218834,,false,UNRESOLVED,Unspecified,,,,false,,
D1-BOUNDED-IF97-SUBSET,170,269.99505785107624,R1-SIDE,REGION-1,SubcooledLiquid,269.99505785107624,5.502469097278969,,true,REGION-1,SubcooledLiquid,269.99505786007444,5.502469078747161,,true,8.998199518828187E-09,-1.8531808088084745E-08
D1-BOUNDED-IF97-SUBSET,170,269.99505785107624,R4-LIQUID-SIDE,REGION-4,SaturatedMixture,269.99505785107624,5.502414073138238,1E-06,true,REGION-4-MIXTURE,SaturatedMixture,269.99505785107624,5.502414073138238,1.0000000000013239E-06,true,0,0
D1-BOUNDED-IF97-SUBSET,170,269.99505785107624,R4-VAPOR-SIDE,REGION-4,SaturatedMixture,269.99505785107624,5.502414073138238,0.999999,false,UNRESOLVED,Unspecified,,,,false,,
D1-BOUNDED-IF97-SUBSET,170,269.99505785107624,R2-SIDE,REGION-2,SuperheatedVapor,269.99505785107624,5.502359048997507,,false,UNRESOLVED,Unspecified,,,,false,,
D1-BOUNDED-IF97-SUBSET,171,270.0122033536435,R1-SIDE,REGION-1,SubcooledLiquid,270.0122033536435,5.503945037746651,,true,REGION-1,SubcooledLiquid,270.0122033614124,5.503945091497137,,true,7.768903742544353E-09,5.375048583999842E-08
D1-BOUNDED-IF97-SUBSET,171,270.0122033536435,R4-LIQUID-SIDE,REGION-4,SaturatedMixture,270.0122033536435,5.503889998846662,1E-06,false,UNRESOLVED,Unspecified,,,,false,,
D1-BOUNDED-IF97-SUBSET,171,270.0122033536435,R4-VAPOR-SIDE,REGION-4,SaturatedMixture,270.0122033536435,5.503889998846662,0.999999,false,UNRESOLVED,Unspecified,,,,false,,
D1-BOUNDED-IF97-SUBSET,171,270.0122033536435,R2-SIDE,REGION-2,SuperheatedVapor,270.0122033536435,5.5038349599466745,,false,UNRESOLVED,Unspecified,,,,false,,
D1-BOUNDED-IF97-SUBSET,172,270.01825814843176,R1-SIDE,REGION-1,SubcooledLiquid,270.01825814843176,5.504466326335252,,true,REGION-1,SubcooledLiquid,270.0182581480516,5.504466373867439,,true,-3.80168785341084E-10,4.7532187075205456E-08
D1-BOUNDED-IF97-SUBSET,172,270.01825814843176,R4-LIQUID-SIDE,REGION-4,SaturatedMixture,270.01825814843176,5.50441128222243,1E-06,false,UNRESOLVED,Unspecified,,,,false,,
D1-BOUNDED-IF97-SUBSET,172,270.01825814843176,R4-VAPOR-SIDE,REGION-4,SaturatedMixture,270.01825814843176,5.50441128222243,0.999999,false,UNRESOLVED,Unspecified,,,,false,,
D1-BOUNDED-IF97-SUBSET,172,270.01825814843176,R2-SIDE,REGION-2,SuperheatedVapor,270.01825814843176,5.504356238109608,,false,UNRESOLVED,Unspecified,,,,false,,
D1-BOUNDED-IF97-SUBSET,173,270.02492635846113,R1-SIDE,REGION-1,SubcooledLiquid,270.02492635846113,5.505040470632559,,true,REGION-1,SubcooledLiquid,270.02492632050337,5.5050404208476955,,true,-3.795776137849316E-08,-4.978486334294985E-08
D1-BOUNDED-IF97-SUBSET,173,270.02492635846113,R4-LIQUID-SIDE,REGION-4,SaturatedMixture,270.02492635846113,5.50498542077835,1E-06,false,UNRESOLVED,Unspecified,,,,false,,
D1-BOUNDED-IF97-SUBSET,173,270.02492635846113,R4-VAPOR-SIDE,REGION-4,SaturatedMixture,270.02492635846113,5.50498542077835,0.999999,false,UNRESOLVED,Unspecified,,,,false,,
D1-BOUNDED-IF97-SUBSET,173,270.02492635846113,R2-SIDE,REGION-2,SuperheatedVapor,270.02492635846113,5.504930370924143,,false,UNRESOLVED,Unspecified,,,,false,,
D1-BOUNDED-IF97-SUBSET,174,270.02921333909023,R1-SIDE,REGION-1,SubcooledLiquid,270.02921333909023,5.505409611149891,,true,REGION-1,SubcooledLiquid,270.0292133623725,5.505409650736923,,true,2.328226855752291E-08,3.958703231887739E-08
D1-BOUNDED-IF97-SUBSET,174,270.02921333909023,R4-LIQUID-SIDE,REGION-4,SaturatedMixture,270.02921333909023,5.505354557604314,1E-06,false,UNRESOLVED,Unspecified,,,,false,,
D1-BOUNDED-IF97-SUBSET,174,270.02921333909023,R4-VAPOR-SIDE,REGION-4,SaturatedMixture,270.02921333909023,5.505354557604314,0.999999,false,UNRESOLVED,Unspecified,,,,false,,
D1-BOUNDED-IF97-SUBSET,174,270.02921333909023,R2-SIDE,REGION-2,SuperheatedVapor,270.02921333909023,5.505299504058739,,false,UNRESOLVED,Unspecified,,,,false,,
D1-BOUNDED-IF97-SUBSET,175,270.0460875153541,R1-SIDE,REGION-1,SubcooledLiquid,270.0460875153541,5.506862785264795,,true,REGION-1,SubcooledLiquid,270.0460875040186,5.506862806491953,,true,-1.1335487215546891E-08,2.1227157809278197E-08
D1-BOUNDED-IF97-SUBSET,175,270.0460875153541,R4-LIQUID-SIDE,REGION-4,SaturatedMixture,270.0460875153541,5.506807717187623,1E-06,false,UNRESOLVED,Unspecified,,,,false,,
D1-BOUNDED-IF97-SUBSET,175,270.0460875153541,R4-VAPOR-SIDE,REGION-4,SaturatedMixture,270.0460875153541,5.506807717187623,0.999999,false,UNRESOLVED,Unspecified,,,,false,,
D1-BOUNDED-IF97-SUBSET,175,270.0460875153541,R2-SIDE,REGION-2,SuperheatedVapor,270.0460875153541,5.506752649110451,,false,UNRESOLVED,Unspecified,,,,false,,
D1-BOUNDED-IF97-SUBSET,176,270.0522645592689,R1-SIDE,REGION-1,SubcooledLiquid,270.0522645592689,5.507394814546248,,true,REGION-1,SubcooledLiquid,270.0522645532511,5.507394830600919,,true,-6.017785381118301E-09,1.6054671370113738E-08
D1-BOUNDED-IF97-SUBSET,176,270.0522645592689,R4-LIQUID-SIDE,REGION-4,SaturatedMixture,270.0522645592689,5.507339741148836,1E-06,false,UNRESOLVED,Unspecified,,,,false,,
D1-BOUNDED-IF97-SUBSET,176,270.0522645592689,R4-VAPOR-SIDE,REGION-4,SaturatedMixture,270.0522645592689,5.507339741148836,0.999999,false,UNRESOLVED,Unspecified,,,,false,,
D1-BOUNDED-IF97-SUBSET,176,270.0522645592689,R2-SIDE,REGION-2,SuperheatedVapor,270.0522645592689,5.507284667751424,,false,UNRESOLVED,Unspecified,,,,false,,
D1-BOUNDED-IF97-SUBSET,177,270.06282575726516,R1-SIDE,REGION-1,SubcooledLiquid,270.06282575726516,5.508304542278801,,true,REGION-1,SubcooledLiquid,270.06282571441534,5.508304457530734,,true,-4.284981969249202E-08,-8.474806723057782E-08
D1-BOUNDED-IF97-SUBSET,177,270.06282575726516,R4-LIQUID-SIDE,REGION-4,SaturatedMixture,270.06282575726516,5.508249459784203,1E-06,false,UNRESOLVED,Unspecified,,,,false,,
D1-BOUNDED-IF97-SUBSET,177,270.06282575726516,R4-VAPOR-SIDE,REGION-4,SaturatedMixture,270.06282575726516,5.508249459784203,0.999999,false,UNRESOLVED,Unspecified,,,,false,,
D1-BOUNDED-IF97-SUBSET,177,270.06282575726516,R2-SIDE,REGION-2,SuperheatedVapor,270.06282575726516,5.508194377289605,,false,UNRESOLVED,Unspecified,,,,false,,
D1-BOUNDED-IF97-SUBSET,178,270.0794281482697,R1-SIDE,REGION-1,SubcooledLiquid,270.0794281482697,5.50973488240041,,true,REGION-1,SubcooledLiquid,270.0794281500097,5.509734874358605,,true,1.7399770513293333E-09,-8.041805443781413E-09
D1-BOUNDED-IF97-SUBSET,178,270.0794281482697,R4-LIQUID-SIDE,REGION-4,SaturatedMixture,270.0794281482697,5.509679785602554,1E-06,false,UNRESOLVED,Unspecified,,,,false,,
D1-BOUNDED-IF97-SUBSET,178,270.0794281482697,R4-VAPOR-SIDE,REGION-4,SaturatedMixture,270.0794281482697,5.509679785602554,0.999999,false,UNRESOLVED,Unspecified,,,,false,,
D1-BOUNDED-IF97-SUBSET,178,270.0794281482697,R2-SIDE,REGION-2,SuperheatedVapor,270.0794281482697,5.509624688804698,,false,UNRESOLVED,Unspecified,,,,false,,
D1-BOUNDED-IF97-SUBSET,179,270.086165201664,R1-SIDE,REGION-1,SubcooledLiquid,270.086165201664,5.510315378340787,,true,REGION-1,SubcooledLiquid,270.0861651907452,5.510315363064905,,true,-1.0918824955297168E-08,-1.527588278094072E-08
D1-BOUNDED-IF97-SUBSET,179,270.086165201664,R4-LIQUID-SIDE,REGION-4,SaturatedMixture,270.086165201664,5.5102602757380295,1E-06,false,UNRESOLVED,Unspecified,,,,false,,
D1-BOUNDED-IF97-SUBSET,179,270.086165201664,R4-VAPOR-SIDE,REGION-4,SaturatedMixture,270.086165201664,5.5102602757380295,0.999999,false,UNRESOLVED,Unspecified,,,,false,,
D1-BOUNDED-IF97-SUBSET,179,270.086165201664,R2-SIDE,REGION-2,SuperheatedVapor,270.086165201664,5.510205173135272,,false,UNRESOLVED,Unspecified,,,,false,,
D1-BOUNDED-IF97-SUBSET,180,270.0950280129906,R1-SIDE,REGION-1,SubcooledLiquid,270.0950280129906,5.5110791106221475,,true,REGION-1,SubcooledLiquid,270.0950280040362,5.511079087432917,,true,-8.954430086305365E-09,-2.3189230091702484E-08
D1-BOUNDED-IF97-SUBSET,180,270.0950280129906,R4-LIQUID-SIDE,REGION-4,SaturatedMixture,270.0950280129906,5.511024000382143,1E-06,false,UNRESOLVED,Unspecified,,,,false,,
D1-BOUNDED-IF97-SUBSET,180,270.0950280129906,R4-VAPOR-SIDE,REGION-4,SaturatedMixture,270.0950280129906,5.511024000382143,0.999999,false,UNRESOLVED,Unspecified,,,,false,,
D1-BOUNDED-IF97-SUBSET,180,270.0950280129906,R2-SIDE,REGION-2,SuperheatedVapor,270.0950280129906,5.51096889014214,,false,UNRESOLVED,Unspecified,,,,false,,
D1-BOUNDED-IF97-SUBSET,181,270.1072710335253,R1-SIDE,REGION-1,SubcooledLiquid,270.1072710335253,5.512134257556062,,true,REGION-1,SubcooledLiquid,270.1072710572158,5.5121343140125685,,true,2.3690517991781235E-08,5.645650613672615E-08
D1-BOUNDED-IF97-SUBSET,181,270.1072710335253,R4-LIQUID-SIDE,REGION-4,SaturatedMixture,270.1072710335253,5.512079136764695,1E-06,false,UNRESOLVED,Unspecified,,,,false,,
D1-BOUNDED-IF97-SUBSET,181,270.1072710335253,R4-VAPOR-SIDE,REGION-4,SaturatedMixture,270.1072710335253,5.512079136764695,0.999999,false,UNRESOLVED,Unspecified,,,,false,,
D1-BOUNDED-IF97-SUBSET,181,270.1072710335253,R2-SIDE,REGION-2,SuperheatedVapor,270.1072710335253,5.512024015973327,,false,UNRESOLVED,Unspecified,,,,false,,
D1-BOUNDED-IF97-SUBSET,182,270.11994096636784,R1-SIDE,REGION-1,SubcooledLiquid,270.11994096636784,5.513226359709701,,true,REGION-1,SubcooledLiquid,270.11994098602656,5.513226404260409,,true,1.9658727978821844E-08,4.455070801157035E-08
D1-BOUNDED-IF97-SUBSET,182,270.11994096636784,R4-LIQUID-SIDE,REGION-4,SaturatedMixture,270.11994096636784,5.51317122799742,1E-06,false,UNRESOLVED,Unspecified,,,,false,,
D1-BOUNDED-IF97-SUBSET,182,270.11994096636784,R4-VAPOR-SIDE,REGION-4,SaturatedMixture,270.11994096636784,5.51317122799742,0.999999,false,UNRESOLVED,Unspecified,,,,false,,
D1-BOUNDED-IF97-SUBSET,182,270.11994096636784,R2-SIDE,REGION-2,SuperheatedVapor,270.11994096636784,5.51311609628514,,false,UNRESOLVED,Unspecified,,,,false,,
D1-BOUNDED-IF97-SUBSET,183,270.1535745382308,R1-SIDE,REGION-1,SubcooledLiquid,270.1535745382308,5.516126252742849,,true,REGION-1,SubcooledLiquid,270.15357454904176,5.516126265839194,,true,1.0810936146299355E-08,1.3096345341523374E-08
D1-BOUNDED-IF97-SUBSET,183,270.1535745382308,R4-LIQUID-SIDE,REGION-4,SaturatedMixture,270.1535745382308,5.516071092031928,1E-06,false,UNRESOLVED,Unspecified,,,,false,,
D1-BOUNDED-IF97-SUBSET,183,270.1535745382308,R4-VAPOR-SIDE,REGION-4,SaturatedMixture,270.1535745382308,5.516071092031928,0.999999,false,UNRESOLVED,Unspecified,,,,false,,
D1-BOUNDED-IF97-SUBSET,183,270.1535745382308,R2-SIDE,REGION-2,SuperheatedVapor,270.1535745382308,5.516015931321008,,false,UNRESOLVED,Unspecified,,,,false,,
D1-BOUNDED-IF97-SUBSET,184,270.18390763401965,R1-SIDE,REGION-1,SubcooledLiquid,270.18390763401965,5.518742576771705,,true,REGION-1,SubcooledLiquid,270.183907643676,5.518742562078085,,true,9.656332622398622E-09,-1.4693619654337908E-08
D1-BOUNDED-IF97-SUBSET,184,270.18390763401965,R4-LIQUID-SIDE,REGION-4,SaturatedMixture,270.18390763401965,5.5186873898978055,1E-06,false,UNRESOLVED,Unspecified,,,,false,,
D1-BOUNDED-IF97-SUBSET,184,270.18390763401965,R4-VAPOR-SIDE,REGION-4,SaturatedMixture,270.18390763401965,5.5186873898978055,0.999999,false,UNRESOLVED,Unspecified,,,,false,,
D1-BOUNDED-IF97-SUBSET,184,270.18390763401965,R2-SIDE,REGION-2,SuperheatedVapor,270.18390763401965,5.518632203023906,,false,UNRESOLVED,Unspecified,,,,false,,
D1-BOUNDED-IF97-SUBSET,185,270.1870496869085,R1-SIDE,REGION-1,SubcooledLiquid,270.1870496869085,5.519013642770445,,true,REGION-1,SubcooledLiquid,270.1870496992093,5.5190136254360596,,true,1.2300802154641133E-08,-1.733438548257027E-08
D1-BOUNDED-IF97-SUBSET,185,270.1870496869085,R4-LIQUID-SIDE,REGION-4,SaturatedMixture,270.1870496869085,5.518958453185912,1E-06,false,UNRESOLVED,Unspecified,,,,false,,
D1-BOUNDED-IF97-SUBSET,185,270.1870496869085,R4-VAPOR-SIDE,REGION-4,SaturatedMixture,270.1870496869085,5.518958453185912,0.999999,false,UNRESOLVED,Unspecified,,,,false,,
D1-BOUNDED-IF97-SUBSET,185,270.1870496869085,R2-SIDE,REGION-2,SuperheatedVapor,270.1870496869085,5.518903263601381,,false,UNRESOLVED,Unspecified,,,,false,,
D1-BOUNDED-IF97-SUBSET,186,270.2203527688979,R1-SIDE,REGION-1,SubcooledLiquid,270.2203527688979,5.521887336209744,,true,REGION-1,SubcooledLiquid,270.22035278221495,5.521887376538476,,true,1.3317048797034658E-08,4.032873235360057E-08
D1-BOUNDED-IF97-SUBSET,186,270.2203527688979,R4-LIQUID-SIDE,REGION-4,SaturatedMixture,270.2203527688979,5.5218321178885645,1E-06,false,UNRESOLVED,Unspecified,,,,false,,
D1-BOUNDED-IF97-SUBSET,186,270.2203527688979,R4-VAPOR-SIDE,REGION-4,SaturatedMixture,270.2203527688979,5.5218321178885645,0.999999,false,UNRESOLVED,Unspecified,,,,false,,
D1-BOUNDED-IF97-SUBSET,186,270.2203527688979,R2-SIDE,REGION-2,SuperheatedVapor,270.2203527688979,5.521776899567386,,false,UNRESOLVED,Unspecified,,,,false,,
D1-BOUNDED-IF97-SUBSET,187,270.25347097516044,R1-SIDE,REGION-1,SubcooledLiquid,270.25347097516044,5.524746209731666,,true,REGION-1,SubcooledLiquid,270.25347097875033,5.524746218960487,,true,3.5898892747354694E-09,9.228820374573843E-09
D1-BOUNDED-IF97-SUBSET,187,270.25347097516044,R4-LIQUID-SIDE,REGION-4,SaturatedMixture,270.25347097516044,5.524690962822038,1E-06,false,UNRESOLVED,Unspecified,,,,false,,
D1-BOUNDED-IF97-SUBSET,187,270.25347097516044,R4-VAPOR-SIDE,REGION-4,SaturatedMixture,270.25347097516044,5.524690962822038,0.999999,false,UNRESOLVED,Unspecified,,,,false,,
D1-BOUNDED-IF97-SUBSET,187,270.25347097516044,R2-SIDE,REGION-2,SuperheatedVapor,270.25347097516044,5.52463571591241,,false,UNRESOLVED,Unspecified,,,,false,,
D1-BOUNDED-IF97-SUBSET,188,270.28639316558827,R1-SIDE,REGION-1,SubcooledLiquid,270.28639316558827,5.527589282502808,,true,REGION-1,SubcooledLiquid,270.28639317673753,5.527589262291395,,true,1.1149268175358884E-08,-2.02114129876918E-08
D1-BOUNDED-IF97-SUBSET,188,270.28639316558827,R4-LIQUID-SIDE,REGION-4,SaturatedMixture,270.28639316558827,5.5275340071627355,1E-06,false,UNRESOLVED,Unspecified,,,,false,,
D1-BOUNDED-IF97-SUBSET,188,270.28639316558827,R4-VAPOR-SIDE,REGION-4,SaturatedMixture,270.28639316558827,5.5275340071627355,0.999999,false,UNRESOLVED,Unspecified,,,,false,,
D1-BOUNDED-IF97-SUBSET,188,270.28639316558827,R2-SIDE,REGION-2,SuperheatedVapor,270.28639316558827,5.527478731822664,,false,UNRESOLVED,Unspecified,,,,false,,
D1-BOUNDED-IF97-SUBSET,189,270.3190940141677,R1-SIDE,REGION-1,SubcooledLiquid,270.3190940141677,5.530414346505892,,true,REGION-1,SubcooledLiquid,270.31909404378337,5.530414385969587,,true,2.961564860015642E-08,3.946369542262573E-08
D1-BOUNDED-IF97-SUBSET,189,270.3190940141677,R4-LIQUID-SIDE,REGION-4,SaturatedMixture,270.3190940141677,5.530359042915462,1E-06,false,UNRESOLVED,Unspecified,,,,false,,
D1-BOUNDED-IF97-SUBSET,189,270.3190940141677,R4-VAPOR-SIDE,REGION-4,SaturatedMixture,270.3190940141677,5.530359042915462,0.999999,false,UNRESOLVED,Unspecified,,,,false,,
D1-BOUNDED-IF97-SUBSET,189,270.3190940141677,R2-SIDE,REGION-2,SuperheatedVapor,270.3190940141677,5.530303739325033,,false,UNRESOLVED,Unspecified,,,,false,,
D1-BOUNDED-IF97-SUBSET,190,270.3355482459067,R1-SIDE,REGION-1,SubcooledLiquid,270.3355482459067,5.5318362633983105,,true,REGION-1,SubcooledLiquid,270.3355482743167,5.531836287706337,,true,2.840999968611868E-08,2.4308026702613006E-08
D1-BOUNDED-IF97-SUBSET,190,270.3355482459067,R4-LIQUID-SIDE,REGION-4,SaturatedMixture,270.3355482459067,5.531780945588854,1E-06,false,UNRESOLVED,Unspecified,,,,false,,
D1-BOUNDED-IF97-SUBSET,190,270.3355482459067,R4-VAPOR-SIDE,REGION-4,SaturatedMixture,270.3355482459067,5.531780945588854,0.999999,false,UNRESOLVED,Unspecified,,,,false,,
D1-BOUNDED-IF97-SUBSET,190,270.3355482459067,R2-SIDE,REGION-2,SuperheatedVapor,270.3355482459067,5.531725627779398,,false,UNRESOLVED,Unspecified,,,,false,,
D1-BOUNDED-IF97-SUBSET,191,270.3515844941138,R1-SIDE,REGION-1,SubcooledLiquid,270.3515844941138,5.533222328197586,,true,REGION-1,SubcooledLiquid,270.351584480985,5.533222334242984,,true,-1.3128783393767662E-08,6.0453979600083585E-09
D1-BOUNDED-IF97-SUBSET,191,270.3515844941138,R4-LIQUID-SIDE,REGION-4,SaturatedMixture,270.3515844941138,5.53316699652762,1E-06,false,UNRESOLVED,Unspecified,,,,false,,
D1-BOUNDED-IF97-SUBSET,191,270.3515844941138,R4-VAPOR-SIDE,REGION-4,SaturatedMixture,270.3515844941138,5.53316699652762,0.999999,false,UNRESOLVED,Unspecified,,,,false,,
D1-BOUNDED-IF97-SUBSET,191,270.3515844941138,R2-SIDE,REGION-2,SuperheatedVapor,270.3515844941138,5.533111664857655,,false,UNRESOLVED,Unspecified,,,,false,,
D1-BOUNDED-IF97-SUBSET,192,270.38385555148113,R1-SIDE,REGION-1,SubcooledLiquid,270.38385555148113,5.536012423790548,,true,REGION-1,SubcooledLiquid,270.3838555760468,5.5360124915365,,true,2.4565679268562235E-08,6.774595195935262E-08
D1-BOUNDED-IF97-SUBSET,192,270.38385555148113,R4-LIQUID-SIDE,REGION-4,SaturatedMixture,270.38385555148113,5.535957064219906,1E-06,false,UNRESOLVED,Unspecified,,,,false,,
D1-BOUNDED-IF97-SUBSET,192,270.38385555148113,R4-VAPOR-SIDE,REGION-4,SaturatedMixture,270.38385555148113,5.535957064219906,0.999999,false,UNRESOLVED,Unspecified,,,,false,,
D1-BOUNDED-IF97-SUBSET,192,270.38385555148113,R2-SIDE,REGION-2,SuperheatedVapor,270.38385555148113,5.535901704649263,,false,UNRESOLVED,Unspecified,,,,false,,
D1-BOUNDED-IF97-SUBSET,193,270.41057386994373,R1-SIDE,REGION-1,SubcooledLiquid,270.41057386994373,5.538323252653933,,true,REGION-1,SubcooledLiquid,270.41057385728243,5.5383232047421185,,true,-1.2661303117056377E-08,-4.791181495988894E-08
D1-BOUNDED-IF97-SUBSET,193,270.41057386994373,R4-LIQUID-SIDE,REGION-4,SaturatedMixture,270.41057386994373,5.5382678699752335,1E-06,false,UNRESOLVED,Unspecified,,,,false,,
D1-BOUNDED-IF97-SUBSET,193,270.41057386994373,R4-VAPOR-SIDE,REGION-4,SaturatedMixture,270.41057386994373,5.5382678699752335,0.999999,false,UNRESOLVED,Unspecified,,,,false,,
D1-BOUNDED-IF97-SUBSET,193,270.41057386994373,R2-SIDE,REGION-2,SuperheatedVapor,270.41057386994373,5.538212487296534,,false,UNRESOLVED,Unspecified,,,,false,,
D1-BOUNDED-IF97-SUBSET,194,270.4159002184865,R1-SIDE,REGION-1,SubcooledLiquid,270.4159002184865,5.538784008895023,,true,REGION-1,SubcooledLiquid,270.41590018794545,5.538783954558985,,true,-3.0541059459210373E-08,-5.433603789128938E-08
D1-BOUNDED-IF97-SUBSET,194,270.4159002184865,R4-LIQUID-SIDE,REGION-4,SaturatedMixture,270.4159002184865,5.538728621608807,1E-06,false,UNRESOLVED,Unspecified,,,,false,,
D1-BOUNDED-IF97-SUBSET,194,270.4159002184865,R4-VAPOR-SIDE,REGION-4,SaturatedMixture,270.4159002184865,5.538728621608807,0.999999,false,UNRESOLVED,Unspecified,,,,false,,
D1-BOUNDED-IF97-SUBSET,194,270.4159002184865,R2-SIDE,REGION-2,SuperheatedVapor,270.4159002184865,5.538673234322591,,false,UNRESOLVED,Unspecified,,,,false,,
D1-BOUNDED-IF97-SUBSET,195,270.4477130711076,R1-SIDE,REGION-1,SubcooledLiquid,270.4477130711076,5.541536591941711,,true,REGION-1,SubcooledLiquid,270.4477130535478,5.541536597561381,,true,-1.755984158080537E-08,5.619669174450337E-09
D1-BOUNDED-IF97-SUBSET,195,270.4477130711076,R4-LIQUID-SIDE,REGION-4,SaturatedMixture,270.4477130711076,5.54148117712994,1E-06,false,UNRESOLVED,Unspecified,,,,false,,
D1-BOUNDED-IF97-SUBSET,195,270.4477130711076,R4-VAPOR-SIDE,REGION-4,SaturatedMixture,270.4477130711076,5.54148117712994,0.999999,false,UNRESOLVED,Unspecified,,,,false,,
D1-BOUNDED-IF97-SUBSET,195,270.4477130711076,R2-SIDE,REGION-2,SuperheatedVapor,270.4477130711076,5.541425762318169,,false,UNRESOLVED,Unspecified,,,,false,,
D1-BOUNDED-IF97-SUBSET,196,270.47928985357294,R1-SIDE,REGION-1,SubcooledLiquid,270.47928985357294,5.544269781940359,,true,REGION-1,SubcooledLiquid,270.47928989626234,5.544269851808918,,true,4.268940756446682E-08,6.986855982660245E-08
D1-BOUNDED-IF97-SUBSET,196,270.47928985357294,R4-LIQUID-SIDE,REGION-4,SaturatedMixture,270.47928985357294,5.5442143397969605,1E-06,false,UNRESOLVED,Unspecified,,,,false,,
D1-BOUNDED-IF97-SUBSET,196,270.47928985357294,R4-VAPOR-SIDE,REGION-4,SaturatedMixture,270.47928985357294,5.5442143397969605,0.999999,false,UNRESOLVED,Unspecified,,,,false,,
D1-BOUNDED-IF97-SUBSET,196,270.47928985357294,R2-SIDE,REGION-2,SuperheatedVapor,270.47928985357294,5.5441588976535625,,false,UNRESOLVED,Unspecified,,,,false,,
D1-BOUNDED-IF97-SUBSET,197,270.48048021793363,R1-SIDE,REGION-1,SubcooledLiquid,270.48048021793363,5.544372836377528,,true,REGION-1,SubcooledLiquid,270.48048022944056,5.544372814486774,,true,1.1506926966831088E-08,-2.1890754098308207E-08
D1-BOUNDED-IF97-SUBSET,197,270.48048021793363,R4-LIQUID-SIDE,REGION-4,SaturatedMixture,270.48048021793363,5.544317393203595,1E-06,false,UNRESOLVED,Unspecified,,,,false,,
D1-BOUNDED-IF97-SUBSET,197,270.48048021793363,R4-VAPOR-SIDE,REGION-4,SaturatedMixture,270.48048021793363,5.544317393203595,0.999999,false,UNRESOLVED,Unspecified,,,,false,,
D1-BOUNDED-IF97-SUBSET,197,270.48048021793363,R2-SIDE,REGION-2,SuperheatedVapor,270.48048021793363,5.5442619500296635,,false,UNRESOLVED,Unspecified,,,,false,,
D1-BOUNDED-IF97-SUBSET,198,270.50527734756463,R1-SIDE,REGION-1,SubcooledLiquid,270.50527734756463,5.5465199521956965,,true,REGION-1,SubcooledLiquid,270.50527735056767,5.546519906838113,,true,3.0030378184164874E-09,-4.5357583466909546E-08
D1-BOUNDED-IF97-SUBSET,198,270.50527734756463,R4-LIQUID-SIDE,REGION-4,SaturatedMixture,270.50527734756463,5.54646448755082,1E-06,false,UNRESOLVED,Unspecified,,,,false,,
D1-BOUNDED-IF97-SUBSET,198,270.50527734756463,R4-VAPOR-SIDE,REGION-4,SaturatedMixture,270.50527734756463,5.54646448755082,0.999999,false,UNRESOLVED,Unspecified,,,,false,,
D1-BOUNDED-IF97-SUBSET,198,270.50527734756463,R2-SIDE,REGION-2,SuperheatedVapor,270.50527734756463,5.546409022905945,,false,UNRESOLVED,Unspecified,,,,false,,
D1-BOUNDED-IF97-SUBSET,199,270.5106271028518,R1-SIDE,REGION-1,SubcooledLiquid,270.5106271028518,5.546983256160386,,true,REGION-1,SubcooledLiquid,270.51062710034637,5.546983205420911,,true,-2.505430529708974E-09,-5.073947484390828E-08
D1-BOUNDED-IF97-SUBSET,199,270.5106271028518,R4-LIQUID-SIDE,REGION-4,SaturatedMixture,270.5106271028518,5.546927786882517,1E-06,false,UNRESOLVED,Unspecified,,,,false,,
D1-BOUNDED-IF97-SUBSET,199,270.5106271028518,R4-VAPOR-SIDE,REGION-4,SaturatedMixture,270.5106271028518,5.546927786882517,0.999999,false,UNRESOLVED,Unspecified,,,,false,,
D1-BOUNDED-IF97-SUBSET,199,270.5106271028518,R2-SIDE,REGION-2,SuperheatedVapor,270.5106271028518,5.546872317604648,,false,UNRESOLVED,Unspecified,,,,false,,
D1-BOUNDED-IF97-SUBSET,200,270.54172206521014,R1-SIDE,REGION-1,SubcooledLiquid,270.54172206521014,5.549676753038823,,true,REGION-1,SubcooledLiquid,270.54172211967955,5.549676854647885,,true,5.446941031550523E-08,1.016090616090537E-07
D1-BOUNDED-IF97-SUBSET,200,270.54172206521014,R4-LIQUID-SIDE,REGION-4,SaturatedMixture,270.54172206521014,5.549621256826255,1E-06,false,UNRESOLVED,Unspecified,,,,false,,
D1-BOUNDED-IF97-SUBSET,200,270.54172206521014,R4-VAPOR-SIDE,REGION-4,SaturatedMixture,270.54172206521014,5.549621256826255,0.999999,false,UNRESOLVED,Unspecified,,,,false,,
D1-BOUNDED-IF97-SUBSET,200,270.54172206521014,R2-SIDE,REGION-2,SuperheatedVapor,270.54172206521014,5.549565760613687,,false,UNRESOLVED,Unspecified,,,,false,,
D1-BOUNDED-IF97-SUBSET,201,270.5621895730495,R1-SIDE,REGION-1,SubcooledLiquid,270.5621895730495,5.551450227208336,,true,REGION-1,SubcooledLiquid,270.5621895794875,5.551450217915719,,true,6.437971933337394E-09,-9.292616454104063E-09
D1-BOUNDED-IF97-SUBSET,201,270.5621895730495,R4-LIQUID-SIDE,REGION-4,SaturatedMixture,270.5621895730495,5.551394713261203,1E-06,false,UNRESOLVED,Unspecified,,,,false,,
D1-BOUNDED-IF97-SUBSET,201,270.5621895730495,R4-VAPOR-SIDE,REGION-4,SaturatedMixture,270.5621895730495,5.551394713261203,0.999999,false,UNRESOLVED,Unspecified,,,,false,,
D1-BOUNDED-IF97-SUBSET,201,270.5621895730495,R2-SIDE,REGION-2,SuperheatedVapor,270.5621895730495,5.551339199314071,,false,UNRESOLVED,Unspecified,,,,false,,
D1-BOUNDED-IF97-SUBSET,202,270.5725726544857,R1-SIDE,REGION-1,SubcooledLiquid,270.5725726544857,5.552350068685861,,true,REGION-1,SubcooledLiquid,270.57257263520125,5.552350047636854,,true,-1.9284470909042284E-08,-2.1049006981854745E-08
D1-BOUNDED-IF97-SUBSET,202,270.5725726544857,R4-LIQUID-SIDE,REGION-4,SaturatedMixture,270.5725726544857,5.552294545740403,1E-06,false,UNRESOLVED,Unspecified,,,,false,,
D1-BOUNDED-IF97-SUBSET,202,270.5725726544857,R4-VAPOR-SIDE,REGION-4,SaturatedMixture,270.5725726544857,5.552294545740403,0.999999,false,UNRESOLVED,Unspecified,,,,false,,
D1-BOUNDED-IF97-SUBSET,202,270.5725726544857,R2-SIDE,REGION-2,SuperheatedVapor,270.5725726544857,5.552239022794946,,false,UNRESOLVED,Unspecified,,,,false,,
D1-BOUNDED-IF97-SUBSET,203,270.60145553350435,R1-SIDE,REGION-1,SubcooledLiquid,270.60145553350435,5.554853766150931,,true,REGION-1,SubcooledLiquid,270.60145555467307,5.554853810059491,,true,2.1168716557440348E-08,4.390856034319768E-08
D1-BOUNDED-IF97-SUBSET,203,270.60145553350435,R4-LIQUID-SIDE,REGION-4,SaturatedMixture,270.60145553350435,5.554798218168749,1E-06,false,UNRESOLVED,Unspecified,,,,false,,
D1-BOUNDED-IF97-SUBSET,203,270.60145553350435,R4-VAPOR-SIDE,REGION-4,SaturatedMixture,270.60145553350435,5.554798218168749,0.999999,false,UNRESOLVED,Unspecified,,,,false,,
D1-BOUNDED-IF97-SUBSET,203,270.60145553350435,R2-SIDE,REGION-2,SuperheatedVapor,270.60145553350435,5.554742670186568,,false,UNRESOLVED,Unspecified,,,,false,,
D1-BOUNDED-IF97-SUBSET,204,270.6031772851942,R1-SIDE,REGION-1,SubcooledLiquid,270.6031772851942,5.555003042527264,,true,REGION-1,SubcooledLiquid,270.6031772510863,5.555002992103949,,true,-3.4107870305888355E-08,-5.042331441273973E-08
D1-BOUNDED-IF97-SUBSET,204,270.6031772851942,R4-LIQUID-SIDE,REGION-4,SaturatedMixture,270.6031772851942,5.554947493052333,1E-06,false,UNRESOLVED,Unspecified,,,,false,,
D1-BOUNDED-IF97-SUBSET,204,270.6031772851942,R4-VAPOR-SIDE,REGION-4,SaturatedMixture,270.6031772851942,5.554947493052333,0.999999,false,UNRESOLVED,Unspecified,,,,false,,
D1-BOUNDED-IF97-SUBSET,204,270.6031772851942,R2-SIDE,REGION-2,SuperheatedVapor,270.6031772851942,5.5548919435774025,,false,UNRESOLVED,Unspecified,,,,false,,
D1-BOUNDED-IF97-SUBSET,205,270.61141203641887,R1-SIDE,REGION-1,SubcooledLiquid,270.61141203641887,5.5557170402299905,,true,REGION-1,SubcooledLiquid,270.61141205332,5.555717074627966,,true,1.6901140043046325E-08,3.439797513493659E-08
D1-BOUNDED-IF97-SUBSET,205,270.61141203641887,R4-LIQUID-SIDE,REGION-4,SaturatedMixture,270.61141203641887,5.555661483615154,1E-06,false,UNRESOLVED,Unspecified,,,,false,,
D1-BOUNDED-IF97-SUBSET,205,270.61141203641887,R4-VAPOR-SIDE,REGION-4,SaturatedMixture,270.61141203641887,5.555661483615154,0.999999,false,UNRESOLVED,Unspecified,,,,false,,
D1-BOUNDED-IF97-SUBSET,205,270.61141203641887,R2-SIDE,REGION-2,SuperheatedVapor,270.61141203641887,5.555605927000318,,false,UNRESOLVED,Unspecified,,,,false,,
D1-BOUNDED-IF97-SUBSET,206,270.63353503942506,R1-SIDE,REGION-1,SubcooledLiquid,270.63353503942506,5.5576355718635835,,true,REGION-1,SubcooledLiquid,270.63353505596206,5.557635585916,,true,1.653700110182399E-08,1.4052416119625377E-08
D1-BOUNDED-IF97-SUBSET,206,270.63353503942506,R4-LIQUID-SIDE,REGION-4,SaturatedMixture,270.63353503942506,5.557579996063622,1E-06,false,UNRESOLVED,Unspecified,,,,false,,
D1-BOUNDED-IF97-SUBSET,206,270.63353503942506,R4-VAPOR-SIDE,REGION-4,SaturatedMixture,270.63353503942506,5.557579996063622,0.999999,false,UNRESOLVED,Unspecified,,,,false,,
D1-BOUNDED-IF97-SUBSET,206,270.63353503942506,R2-SIDE,REGION-2,SuperheatedVapor,270.63353503942506,5.557524420263662,,false,UNRESOLVED,Unspecified,,,,false,,
D1-BOUNDED-IF97-SUBSET,207,270.6571163117886,R1-SIDE,REGION-1,SubcooledLiquid,270.6571163117886,5.5596811231734575,,true,REGION-1,SubcooledLiquid,270.65711629400596,5.559681112589536,,true,-1.7782667782739736E-08,-1.0583921294937682E-08
D1-BOUNDED-IF97-SUBSET,207,270.6571163117886,R4-LIQUID-SIDE,REGION-4,SaturatedMixture,270.6571163117886,5.559625526918188,1E-06,false,UNRESOLVED,Unspecified,,,,false,,
D1-BOUNDED-IF97-SUBSET,207,270.6571163117886,R4-VAPOR-SIDE,REGION-4,SaturatedMixture,270.6571163117886,5.559625526918188,0.999999,false,UNRESOLVED,Unspecified,,,,false,,
D1-BOUNDED-IF97-SUBSET,207,270.6571163117886,R2-SIDE,REGION-2,SuperheatedVapor,270.6571163117886,5.559569930662919,,false,UNRESOLVED,Unspecified,,,,false,,
D1-BOUNDED-IF97-SUBSET,208,270.6636452496051,R1-SIDE,REGION-1,SubcooledLiquid,270.6636452496051,5.560247575777272,,true,REGION-1,SubcooledLiquid,270.6636452423262,5.560247560106679,,true,-7.278913471964188E-09,-1.5670592823369134E-08
D1-BOUNDED-IF97-SUBSET,208,270.6636452496051,R4-LIQUID-SIDE,REGION-4,SaturatedMixture,270.6636452496051,5.560191973857533,1E-06,false,UNRESOLVED,Unspecified,,,,false,,
D1-BOUNDED-IF97-SUBSET,208,270.6636452496051,R4-VAPOR-SIDE,REGION-4,SaturatedMixture,270.6636452496051,5.560191973857533,0.999999,false,UNRESOLVED,Unspecified,,,,false,,
D1-BOUNDED-IF97-SUBSET,208,270.6636452496051,R2-SIDE,REGION-2,SuperheatedVapor,270.6636452496051,5.560136371937794,,false,UNRESOLVED,Unspecified,,,,false,,
D1-BOUNDED-IF97-SUBSET,209,270.6935077905654,R1-SIDE,REGION-1,SubcooledLiquid,270.6935077905654,5.562839020523507,,true,REGION-1,SubcooledLiquid,270.693507766057,5.562838975917802,,true,-2.450838110235054E-08,-4.46057049074966E-08
D1-BOUNDED-IF97-SUBSET,209,270.6935077905654,R4-LIQUID-SIDE,REGION-4,SaturatedMixture,270.6935077905654,5.562783392689579,1E-06,false,UNRESOLVED,Unspecified,,,,false,,
D1-BOUNDED-IF97-SUBSET,209,270.6935077905654,R4-VAPOR-SIDE,REGION-4,SaturatedMixture,270.6935077905654,5.562783392689579,0.999999,false,UNRESOLVED,Unspecified,,,,false,,
D1-BOUNDED-IF97-SUBSET,209,270.6935077905654,R2-SIDE,REGION-2,SuperheatedVapor,270.6935077905654,5.562727764855652,,false,UNRESOLVED,Unspecified,,,,false,,
D1-BOUNDED-IF97-SUBSET,210,270.7052416622638,R1-SIDE,REGION-1,SubcooledLiquid,270.7052416622638,5.563857527797508,,true,REGION-1,SubcooledLiquid,270.7052416263465,5.563857471416662,,true,-3.5917310015065596E-08,-5.638084665804399E-08
D1-BOUNDED-IF97-SUBSET,210,270.7052416622638,R4-LIQUID-SIDE,REGION-4,SaturatedMixture,270.7052416622638,5.563801889778611,1E-06,false,UNRESOLVED,Unspecified,,,,false,,
D1-BOUNDED-IF97-SUBSET,210,270.7052416622638,R4-VAPOR-SIDE,REGION-4,SaturatedMixture,270.7052416622638,5.563801889778611,0.999999,false,UNRESOLVED,Unspecified,,,,false,,
D1-BOUNDED-IF97-SUBSET,210,270.7052416622638,R2-SIDE,REGION-2,SuperheatedVapor,270.7052416622638,5.563746251759713,,false,UNRESOLVED,Unspecified,,,,false,,
D1-BOUNDED-IF97-SUBSET,211,270.7231227874755,R1-SIDE,REGION-1,SubcooledLiquid,270.7231227874755,5.565409894256659,,true,REGION-1,SubcooledLiquid,270.7231227497067,5.565409821277208,,true,-3.7768813854199834E-08,-7.297945092687996E-08
D1-BOUNDED-IF97-SUBSET,211,270.7231227874755,R4-LIQUID-SIDE,REGION-4,SaturatedMixture,270.7231227874755,5.565354240714251,1E-06,false,UNRESOLVED,Unspecified,,,,false,,
D1-BOUNDED-IF97-SUBSET,211,270.7231227874755,R4-VAPOR-SIDE,REGION-4,SaturatedMixture,270.7231227874755,5.565354240714251,0.999999,false,UNRESOLVED,Unspecified,,,,false,,
D1-BOUNDED-IF97-SUBSET,211,270.7231227874755,R2-SIDE,REGION-2,SuperheatedVapor,270.7231227874755,5.565298587171845,,false,UNRESOLVED,Unspecified,,,,false,,
D1-BOUNDED-IF97-SUBSET,212,270.7234599530699,R1-SIDE,REGION-1,SubcooledLiquid,270.7234599530699,5.565439168776513,,true,REGION-1,SubcooledLiquid,270.72346000897426,5.5654392795184116,,true,5.5904365581227466E-08,1.1074189831816739E-07
D1-BOUNDED-IF97-SUBSET,212,270.7234599530699,R4-LIQUID-SIDE,REGION-4,SaturatedMixture,270.7234599530699,5.565383514941363,1E-06,false,UNRESOLVED,Unspecified,,,,false,,
D1-BOUNDED-IF97-SUBSET,212,270.7234599530699,R4-VAPOR-SIDE,REGION-4,SaturatedMixture,270.7234599530699,5.565383514941363,0.999999,false,UNRESOLVED,Unspecified,,,,false,,
D1-BOUNDED-IF97-SUBSET,212,270.7234599530699,R2-SIDE,REGION-2,SuperheatedVapor,270.7234599530699,5.565327861106214,,false,UNRESOLVED,Unspecified,,,,false,,
D1-BOUNDED-IF97-SUBSET,213,270.7524907827377,R1-SIDE,REGION-1,SubcooledLiquid,270.7524907827377,5.567960221564447,,true,REGION-1,SubcooledLiquid,270.7524908156041,5.567960303608228,,true,3.286641003796831E-08,8.204378065812534E-08
D1-BOUNDED-IF97-SUBSET,213,270.7524907827377,R4-LIQUID-SIDE,REGION-4,SaturatedMixture,270.7524907827377,5.567904542519021,1E-06,false,UNRESOLVED,Unspecified,,,,false,,
D1-BOUNDED-IF97-SUBSET,213,270.7524907827377,R4-VAPOR-SIDE,REGION-4,SaturatedMixture,270.7524907827377,5.567904542519021,0.999999,false,UNRESOLVED,Unspecified,,,,false,,
D1-BOUNDED-IF97-SUBSET,213,270.7524907827377,R2-SIDE,REGION-2,SuperheatedVapor,270.7524907827377,5.567848863473596,,false,UNRESOLVED,Unspecified,,,,false,,
D1-BOUNDED-IF97-SUBSET,214,270.7539018630981,R1-SIDE,REGION-1,SubcooledLiquid,270.7539018630981,5.56808278275514,,true,REGION-1,SubcooledLiquid,270.75390187277924,5.568082773540574,,true,9.681116353021935E-09,-9.214565999116076E-09
D1-BOUNDED-IF97-SUBSET,214,270.7539018630981,R4-LIQUID-SIDE,REGION-4,SaturatedMixture,270.7539018630981,5.568027102484115,1E-06,false,UNRESOLVED,Unspecified,,,,false,,
D1-BOUNDED-IF97-SUBSET,214,270.7539018630981,R4-VAPOR-SIDE,REGION-4,SaturatedMixture,270.7539018630981,5.568027102484115,0.999999,false,UNRESOLVED,Unspecified,,,,false,,
D1-BOUNDED-IF97-SUBSET,214,270.7539018630981,R2-SIDE,REGION-2,SuperheatedVapor,270.7539018630981,5.56797142221309,,false,UNRESOLVED,Unspecified,,,,false,,
D1-BOUNDED-IF97-SUBSET,215,270.78118436336524,R1-SIDE,REGION-1,SubcooledLiquid,270.78118436336524,5.570452844179281,,true,REGION-1,SubcooledLiquid,270.78118436991303,5.570452897539576,,true,6.547793418576475E-09,5.336029573754786E-08
D1-BOUNDED-IF97-SUBSET,215,270.78118436336524,R4-LIQUID-SIDE,REGION-4,SaturatedMixture,270.78118436336524,5.570397140207878,1E-06,false,UNRESOLVED,Unspecified,,,,false,,
D1-BOUNDED-IF97-SUBSET,215,270.78118436336524,R4-VAPOR-SIDE,REGION-4,SaturatedMixture,270.78118436336524,5.570397140207878,0.999999,false,UNRESOLVED,Unspecified,,,,false,,
D1-BOUNDED-IF97-SUBSET,215,270.78118436336524,R2-SIDE,REGION-2,SuperheatedVapor,270.78118436336524,5.570341436236476,,false,UNRESOLVED,Unspecified,,,,false,,
D1-BOUNDED-IF97-SUBSET,216,270.8030768454074,R1-SIDE,REGION-1,SubcooledLiquid,270.8030768454074,5.57235522563344,,true,REGION-1,SubcooledLiquid,270.8030768150477,5.572355167696854,,true,-3.0359728953044396E-08,-5.793658619523967E-08
D1-BOUNDED-IF97-SUBSET,216,270.8030768454074,R4-LIQUID-SIDE,REGION-4,SaturatedMixture,270.8030768454074,5.572299502638413,1E-06,false,UNRESOLVED,Unspecified,,,,false,,
D1-BOUNDED-IF97-SUBSET,216,270.8030768454074,R4-VAPOR-SIDE,REGION-4,SaturatedMixture,270.8030768454074,5.572299502638413,0.999999,false,UNRESOLVED,Unspecified,,,,false,,
D1-BOUNDED-IF97-SUBSET,216,270.8030768454074,R2-SIDE,REGION-2,SuperheatedVapor,270.8030768454074,5.572243779643387,,false,UNRESOLVED,Unspecified,,,,false,,
D1-BOUNDED-IF97-SUBSET,217,270.80531049966817,R1-SIDE,REGION-1,SubcooledLiquid,270.80531049966817,5.572549350396412,,true,REGION-1,SubcooledLiquid,270.8053105119211,5.572549382049983,,true,1.2252939995960332E-08,3.16535713196231E-08
D1-BOUNDED-IF97-SUBSET,217,270.80531049966817,R4-LIQUID-SIDE,REGION-4,SaturatedMixture,270.80531049966817,5.572493625460157,1E-06,false,UNRESOLVED,Unspecified,,,,false,,
D1-BOUNDED-IF97-SUBSET,217,270.80531049966817,R4-VAPOR-SIDE,REGION-4,SaturatedMixture,270.80531049966817,5.572493625460157,0.999999,false,UNRESOLVED,Unspecified,,,,false,,
D1-BOUNDED-IF97-SUBSET,217,270.80531049966817,R2-SIDE,REGION-2,SuperheatedVapor,270.80531049966817,5.572437900523902,,false,UNRESOLVED,Unspecified,,,,false,,
D1-BOUNDED-IF97-SUBSET,218,270.85275713801377,R1-SIDE,REGION-1,SubcooledLiquid,270.85275713801377,5.576674112412128,,true,REGION-1,SubcooledLiquid,270.85275711108113,5.5766740969761095,,true,-2.693263922992628E-08,-1.5436018685477393E-08
D1-BOUNDED-IF97-SUBSET,218,270.85275713801377,R4-LIQUID-SIDE,REGION-4,SaturatedMixture,270.85275713801377,5.576618346228665,1E-06,false,UNRESOLVED,Unspecified,,,,false,,
D1-BOUNDED-IF97-SUBSET,218,270.85275713801377,R4-VAPOR-SIDE,REGION-4,SaturatedMixture,270.85275713801377,5.576618346228665,0.999999,false,UNRESOLVED,Unspecified,,,,false,,
D1-BOUNDED-IF97-SUBSET,218,270.85275713801377,R2-SIDE,REGION-2,SuperheatedVapor,270.85275713801377,5.576562580045203,,false,UNRESOLVED,Unspecified,,,,false,,
D1-BOUNDED-IF97-SUBSET,219,270.9028086423874,R1-SIDE,REGION-1,SubcooledLiquid,270.9028086423874,5.5810278540120715,,true,REGION-1,SubcooledLiquid,270.9028086714537,5.5810278852740565,,true,2.906631380028557E-08,3.126198500069677E-08
D1-BOUNDED-IF97-SUBSET,219,270.9028086423874,R4-LIQUID-SIDE,REGION-4,SaturatedMixture,270.9028086423874,5.580972044291628,1E-06,false,UNRESOLVED,Unspecified,,,,false,,
D1-BOUNDED-IF97-SUBSET,219,270.9028086423874,R4-VAPOR-SIDE,REGION-4,SaturatedMixture,270.9028086423874,5.580972044291628,0.999999,false,UNRESOLVED,Unspecified,,,,false,,
D1-BOUNDED-IF97-SUBSET,219,270.9028086423874,R2-SIDE,REGION-2,SuperheatedVapor,270.9028086423874,5.580916234571186,,false,UNRESOLVED,Unspecified,,,,false,,
D1-BOUNDED-IF97-SUBSET,220,270.9531313061716,R1-SIDE,REGION-1,SubcooledLiquid,270.9531313061716,5.585407798326034,,true,REGION-1,SubcooledLiquid,270.9531313266622,5.585407870384168,,true,2.049057457043091E-08,7.205813457034083E-08
D1-BOUNDED-IF97-SUBSET,220,270.9531313061716,R4-LIQUID-SIDE,REGION-4,SaturatedMixture,270.9531313061716,5.585351944806585,1E-06,false,UNRESOLVED,Unspecified,,,,false,,
D1-BOUNDED-IF97-SUBSET,220,270.9531313061716,R4-VAPOR-SIDE,REGION-4,SaturatedMixture,270.9531313061716,5.585351944806585,0.999999,false,UNRESOLVED,Unspecified,,,,false,,
D1-BOUNDED-IF97-SUBSET,220,270.9531313061716,R2-SIDE,REGION-2,SuperheatedVapor,270.9531313061716,5.585296091287137,,false,UNRESOLVED,Unspecified,,,,false,,
D1-BOUNDED-IF97-SUBSET,221,271.00374035835273,R1-SIDE,REGION-1,SubcooledLiquid,271.00374035835273,5.589815315528626,,true,REGION-1,SubcooledLiquid,271.003740363372,5.589815339554704,,true,5.019273885409348E-09,2.402607801599288E-08
D1-BOUNDED-IF97-SUBSET,221,271.00374035835273,R4-LIQUID-SIDE,REGION-4,SaturatedMixture,271.00374035835273,5.589759417934446,1E-06,false,UNRESOLVED,Unspecified,,,,false,,
D1-BOUNDED-IF97-SUBSET,221,271.00374035835273,R4-VAPOR-SIDE,REGION-4,SaturatedMixture,271.00374035835273,5.589759417934446,0.999999,false,UNRESOLVED,Unspecified,,,,false,,
D1-BOUNDED-IF97-SUBSET,221,271.00374035835273,R2-SIDE,REGION-2,SuperheatedVapor,271.00374035835273,5.589703520340267,,false,UNRESOLVED,Unspecified,,,,false,,
D1-BOUNDED-IF97-SUBSET,222,271.0544894754886,R1-SIDE,REGION-1,SubcooledLiquid,271.0544894754886,5.594237697000598,,true,REGION-1,SubcooledLiquid,271.05448948819765,5.59423767485443,,true,1.2709051588899456E-08,-2.2146168454639792E-08
D1-BOUNDED-IF97-SUBSET,222,271.0544894754886,R4-LIQUID-SIDE,REGION-4,SaturatedMixture,271.0544894754886,5.594181755183046,1E-06,false,UNRESOLVED,Unspecified,,,,false,,
D1-BOUNDED-IF97-SUBSET,222,271.0544894754886,R4-VAPOR-SIDE,REGION-4,SaturatedMixture,271.0544894754886,5.594181755183046,0.999999,false,UNRESOLVED,Unspecified,,,,false,,
D1-BOUNDED-IF97-SUBSET,222,271.0544894754886,R2-SIDE,REGION-2,SuperheatedVapor,271.0544894754886,5.594125813365494,,false,UNRESOLVED,Unspecified,,,,false,,
D1-BOUNDED-IF97-SUBSET,223,271.1053811609744,R1-SIDE,REGION-1,SubcooledLiquid,271.1053811609744,5.598675184310833,,true,REGION-1,SubcooledLiquid,271.1053811305337,5.598675111398975,,true,-3.0440673981502187E-08,-7.291185877278394E-08
D1-BOUNDED-IF97-SUBSET,223,271.1053811609744,R4-LIQUID-SIDE,REGION-4,SaturatedMixture,271.1053811609744,5.598619198118851,1E-06,false,UNRESOLVED,Unspecified,,,,false,,
D1-BOUNDED-IF97-SUBSET,223,271.1053811609744,R4-VAPOR-SIDE,REGION-4,SaturatedMixture,271.1053811609744,5.598619198118851,0.999999,false,UNRESOLVED,Unspecified,,,,false,,
D1-BOUNDED-IF97-SUBSET,223,271.1053811609744,R2-SIDE,REGION-2,SuperheatedVapor,271.1053811609744,5.59856321192687,,false,UNRESOLVED,Unspecified,,,,false,,
D1-BOUNDED-IF97-SUBSET,224,271.15636810064314,R1-SIDE,REGION-1,SubcooledLiquid,271.15636810064314,5.603123671856725,,true,REGION-1,SubcooledLiquid,271.15636811007187,5.603123731131387,,true,9.428731573279947E-09,5.927466162347628E-08
D1-BOUNDED-IF97-SUBSET,224,271.15636810064314,R4-LIQUID-SIDE,REGION-4,SaturatedMixture,271.15636810064314,5.603067641180313,1E-06,false,UNRESOLVED,Unspecified,,,,false,,
D1-BOUNDED-IF97-SUBSET,224,271.15636810064314,R4-VAPOR-SIDE,REGION-4,SaturatedMixture,271.15636810064314,5.603067641180313,0.999999,false,UNRESOLVED,Unspecified,,,,false,,
D1-BOUNDED-IF97-SUBSET,224,271.15636810064314,R2-SIDE,REGION-2,SuperheatedVapor,271.15636810064314,5.603011610503901,,false,UNRESOLVED,Unspecified,,,,false,,
D1-BOUNDED-IF97-SUBSET,225,271.20735141038915,R1-SIDE,REGION-1,SubcooledLiquid,271.20735141038915,5.607574540629314,,true,REGION-1,SubcooledLiquid,271.2073513611648,5.607574459719855,,true,-4.922435437038075E-08,-8.090945957661688E-08
D1-BOUNDED-IF97-SUBSET,225,271.20735141038915,R4-LIQUID-SIDE,REGION-4,SaturatedMixture,271.20735141038915,5.6075184654446595,1E-06,false,UNRESOLVED,Unspecified,,,,false,,
D1-BOUNDED-IF97-SUBSET,225,271.20735141038915,R4-VAPOR-SIDE,REGION-4,SaturatedMixture,271.20735141038915,5.6075184654446595,0.999999,false,UNRESOLVED,Unspecified,,,,false,,
D1-BOUNDED-IF97-SUBSET,225,271.20735141038915,R2-SIDE,REGION-2,SuperheatedVapor,271.20735141038915,5.607462390260006,,false,UNRESOLVED,Unspecified,,,,false,,
D1-BOUNDED-IF97-SUBSET,226,271.2583651363849,R1-SIDE,REGION-1,SubcooledLiquid,271.2583651363849,5.612030766131069,,true,REGION-1,SubcooledLiquid,271.2583651732574,5.6120308213480055,,true,3.6872506825602613E-08,5.521693680066164E-08
D1-BOUNDED-IF97-SUBSET,226,271.2583651363849,R4-LIQUID-SIDE,REGION-4,SaturatedMixture,271.2583651363849,5.6119746463846045,1E-06,false,UNRESOLVED,Unspecified,,,,false,,
D1-BOUNDED-IF97-SUBSET,226,271.2583651363849,R4-VAPOR-SIDE,REGION-4,SaturatedMixture,271.2583651363849,5.6119746463846045,0.999999,false,UNRESOLVED,Unspecified,,,,false,,
D1-BOUNDED-IF97-SUBSET,226,271.2583651363849,R2-SIDE,REGION-2,SuperheatedVapor,271.2583651363849,5.611918526638141,,false,UNRESOLVED,Unspecified,,,,false,,
D1-BOUNDED-IF97-SUBSET,227,271.3093077659606,R1-SIDE,REGION-1,SubcooledLiquid,271.3093077659606,5.616483478774576,,true,REGION-1,SubcooledLiquid,271.30930773132775,5.616483392663515,,true,-3.463287612248678E-08,-8.611106139255753E-08
D1-BOUNDED-IF97-SUBSET,227,271.3093077659606,R4-LIQUID-SIDE,REGION-4,SaturatedMixture,271.3093077659606,5.616427314501431,1E-06,false,UNRESOLVED,Unspecified,,,,false,,
D1-BOUNDED-IF97-SUBSET,227,271.3093077659606,R4-VAPOR-SIDE,REGION-4,SaturatedMixture,271.3093077659606,5.616427314501431,0.999999,false,UNRESOLVED,Unspecified,,,,false,,
D1-BOUNDED-IF97-SUBSET,227,271.3093077659606,R2-SIDE,REGION-2,SuperheatedVapor,271.3093077659606,5.616371150228286,,false,UNRESOLVED,Unspecified,,,,false,,
D1-BOUNDED-IF97-SUBSET,228,271.36016235947625,R1-SIDE,REGION-1,SubcooledLiquid,271.36016235947625,5.62093118641792,,true,REGION-1,SubcooledLiquid,271.3601623506063,5.620931143336978,,true,-8.869960765878204E-09,-4.3080941480866386E-08
D1-BOUNDED-IF97-SUBSET,228,271.36016235947625,R4-LIQUID-SIDE,REGION-4,SaturatedMixture,271.36016235947625,5.620874977668143,1E-06,false,UNRESOLVED,Unspecified,,,,false,,
D1-BOUNDED-IF97-SUBSET,228,271.36016235947625,R4-VAPOR-SIDE,REGION-4,SaturatedMixture,271.36016235947625,5.620874977668143,0.999999,false,UNRESOLVED,Unspecified,,,,false,,
D1-BOUNDED-IF97-SUBSET,228,271.36016235947625,R2-SIDE,REGION-2,SuperheatedVapor,271.36016235947625,5.620818768918366,,false,UNRESOLVED,Unspecified,,,,false,,
D1-BOUNDED-IF97-SUBSET,229,271.4109251201154,R1-SIDE,REGION-1,SubcooledLiquid,271.4109251201154,5.625373543851794,,true,REGION-1,SubcooledLiquid,271.4109251021506,5.625373540800657,,true,-1.7964794096769765E-08,-3.051136232556928E-09
D1-BOUNDED-IF97-SUBSET,229,271.4109251201154,R4-LIQUID-SIDE,REGION-4,SaturatedMixture,271.4109251201154,5.625317290678886,1E-06,false,UNRESOLVED,Unspecified,,,,false,,
D1-BOUNDED-IF97-SUBSET,229,271.4109251201154,R4-VAPOR-SIDE,REGION-4,SaturatedMixture,271.4109251201154,5.625317290678886,0.999999,false,UNRESOLVED,Unspecified,,,,false,,
D1-BOUNDED-IF97-SUBSET,229,271.4109251201154,R2-SIDE,REGION-2,SuperheatedVapor,271.4109251201154,5.62526103750598,,false,UNRESOLVED,Unspecified,,,,false,,
D1-BOUNDED-IF97-SUBSET,230,271.46150371432316,R1-SIDE,REGION-1,SubcooledLiquid,271.46150371432316,5.629802450040749,,true,REGION-1,SubcooledLiquid,271.4615036977111,5.629802400178768,,true,-1.6612034414720256E-08,-4.986198121059715E-08
D1-BOUNDED-IF97-SUBSET,230,271.46150371432316,R4-LIQUID-SIDE,REGION-4,SaturatedMixture,271.46150371432316,5.629746152579223,1E-06,false,UNRESOLVED,Unspecified,,,,false,,
D1-BOUNDED-IF97-SUBSET,230,271.46150371432316,R4-VAPOR-SIDE,REGION-4,SaturatedMixture,271.46150371432316,5.629746152579223,0.999999,false,UNRESOLVED,Unspecified,,,,false,,
D1-BOUNDED-IF97-SUBSET,230,271.46150371432316,R2-SIDE,REGION-2,SuperheatedVapor,271.46150371432316,5.6296898551176975,,false,UNRESOLVED,Unspecified,,,,false,,
D1-BOUNDED-IF97-SUBSET,231,271.51193360686295,R1-SIDE,REGION-1,SubcooledLiquid,271.51193360686295,5.634220985275663,,true,REGION-1,SubcooledLiquid,271.51193360322134,5.634220977616062,,true,-3.6416167858988047E-09,-7.659600953502377E-09
D1-BOUNDED-IF97-SUBSET,231,271.51193360686295,R4-LIQUID-SIDE,REGION-4,SaturatedMixture,271.51193360686295,5.6341646436292265,1E-06,false,UNRESOLVED,Unspecified,,,,false,,
D1-BOUNDED-IF97-SUBSET,231,271.51193360686295,R4-VAPOR-SIDE,REGION-4,SaturatedMixture,271.51193360686295,5.6341646436292265,0.999999,false,UNRESOLVED,Unspecified,,,,false,,
D1-BOUNDED-IF97-SUBSET,231,271.51193360686295,R2-SIDE,REGION-2,SuperheatedVapor,271.51193360686295,5.63410830198279,,false,UNRESOLVED,Unspecified,,,,false,,
D1-BOUNDED-IF97-SUBSET,232,271.5621550083159,R1-SIDE,REGION-1,SubcooledLiquid,271.5621550083159,5.638623883945962,,true,REGION-1,SubcooledLiquid,271.56215500285714,5.63862391735078,,true,-5.458787200041115E-09,3.3404818466920005E-08
D1-BOUNDED-IF97-SUBSET,232,271.5621550083159,R4-LIQUID-SIDE,REGION-4,SaturatedMixture,271.5621550083159,5.638567498270978,1E-06,false,UNRESOLVED,Unspecified,,,,false,,
D1-BOUNDED-IF97-SUBSET,232,271.5621550083159,R4-VAPOR-SIDE,REGION-4,SaturatedMixture,271.5621550083159,5.638567498270978,0.999999,false,UNRESOLVED,Unspecified,,,,false,,
D1-BOUNDED-IF97-SUBSET,232,271.5621550083159,R2-SIDE,REGION-2,SuperheatedVapor,271.5621550083159,5.638511112595996,,false,UNRESOLVED,Unspecified,,,,false,,
D1-BOUNDED-IF97-SUBSET,233,271.6121370434762,R1-SIDE,REGION-1,SubcooledLiquid,271.6121370434762,5.643008405188661,,true,REGION-1,SubcooledLiquid,271.6121370508731,5.643008393254936,,true,7.396920409519225E-09,-1.1933725119206429E-08
D1-BOUNDED-IF97-SUBSET,233,271.6121370434762,R4-LIQUID-SIDE,REGION-4,SaturatedMixture,271.6121370434762,5.642951975668904,1E-06,false,UNRESOLVED,Unspecified,,,,false,,
D1-BOUNDED-IF97-SUBSET,233,271.6121370434762,R4-VAPOR-SIDE,REGION-4,SaturatedMixture,271.6121370434762,5.642951975668904,0.999999,false,UNRESOLVED,Unspecified,,,,false,,
D1-BOUNDED-IF97-SUBSET,233,271.6121370434762,R2-SIDE,REGION-2,SuperheatedVapor,271.6121370434762,5.6428955461491475,,false,UNRESOLVED,Unspecified,,,,false,,
D1-BOUNDED-IF97-SUBSET,234,271.66190503835685,R1-SIDE,REGION-1,SubcooledLiquid,271.66190503835685,5.647376736302868,,true,REGION-1,SubcooledLiquid,271.66190502798077,5.647376676514391,,true,-1.0376083992014173E-08,-5.97884772801649E-08
D1-BOUNDED-IF97-SUBSET,234,271.66190503835685,R4-LIQUID-SIDE,REGION-4,SaturatedMixture,271.66190503835685,5.647320263100236,1E-06,false,UNRESOLVED,Unspecified,,,,false,,
D1-BOUNDED-IF97-SUBSET,234,271.66190503835685,R4-VAPOR-SIDE,REGION-4,SaturatedMixture,271.66190503835685,5.647320263100236,0.999999,false,UNRESOLVED,Unspecified,,,,false,,
D1-BOUNDED-IF97-SUBSET,234,271.66190503835685,R2-SIDE,REGION-2,SuperheatedVapor,271.66190503835685,5.647263789897606,,false,UNRESOLVED,Unspecified,,,,false,,
D1-BOUNDED-IF97-SUBSET,235,271.71136682629583,R1-SIDE,REGION-1,SubcooledLiquid,271.71136682629583,5.6517207480659435,,true,REGION-1,SubcooledLiquid,271.7113668638142,5.65172082218497,,true,3.7518361750699114E-08,7.411902647191937E-08
D1-BOUNDED-IF97-SUBSET,235,271.71136682629583,R4-LIQUID-SIDE,REGION-4,SaturatedMixture,271.71136682629583,5.651664231423629,1E-06,false,UNRESOLVED,Unspecified,,,,false,,
D1-BOUNDED-IF97-SUBSET,235,271.71136682629583,R4-VAPOR-SIDE,REGION-4,SaturatedMixture,271.71136682629583,5.651664231423629,0.999999,false,UNRESOLVED,Unspecified,,,,false,,
D1-BOUNDED-IF97-SUBSET,235,271.71136682629583,R2-SIDE,REGION-2,SuperheatedVapor,271.71136682629583,5.651607714781315,,false,UNRESOLVED,Unspecified,,,,false,,
D1-BOUNDED-IF97-SUBSET,236,271.76054902672774,R1-SIDE,REGION-1,SubcooledLiquid,271.76054902672774,5.65604273406477,,true,REGION-1,SubcooledLiquid,271.76054901437533,5.656042757990367,,true,-1.2352415978966746E-08,2.3925596615015365E-08
D1-BOUNDED-IF97-SUBSET,236,271.76054902672774,R4-LIQUID-SIDE,REGION-4,SaturatedMixture,271.76054902672774,5.6559861742030275,1E-06,false,UNRESOLVED,Unspecified,,,,false,,
D1-BOUNDED-IF97-SUBSET,236,271.76054902672774,R4-VAPOR-SIDE,REGION-4,SaturatedMixture,271.76054902672774,5.6559861742030275,0.999999,false,UNRESOLVED,Unspecified,,,,false,,
D1-BOUNDED-IF97-SUBSET,236,271.76054902672774,R2-SIDE,REGION-2,SuperheatedVapor,271.76054902672774,5.655929614341286,,false,UNRESOLVED,Unspecified,,,,false,,
D1-BOUNDED-IF97-SUBSET,237,271.80945309996594,R1-SIDE,REGION-1,SubcooledLiquid,271.80945309996594,5.6603427807343385,,true,REGION-1,SubcooledLiquid,271.8094530805962,5.6603427584630905,,true,-1.9369736037333496E-08,-2.22712479569509E-08
D1-BOUNDED-IF97-SUBSET,237,271.80945309996594,R4-LIQUID-SIDE,REGION-4,SaturatedMixture,271.80945309996594,5.6602861778725595,1E-06,false,UNRESOLVED,Unspecified,,,,false,,
D1-BOUNDED-IF97-SUBSET,237,271.80945309996594,R4-VAPOR-SIDE,REGION-4,SaturatedMixture,271.80945309996594,5.6602861778725595,0.999999,false,UNRESOLVED,Unspecified,,,,false,,
D1-BOUNDED-IF97-SUBSET,237,271.80945309996594,R2-SIDE,REGION-2,SuperheatedVapor,271.80945309996594,5.660229575010781,,false,UNRESOLVED,Unspecified,,,,false,,
D1-BOUNDED-IF97-SUBSET,238,271.85805572271363,R1-SIDE,REGION-1,SubcooledLiquid,271.85805572271363,5.6646187939489305,,true,REGION-1,SubcooledLiquid,271.8580557415668,5.664618817572805,,true,1.8853143046726473E-08,2.3623874412237456E-08
D1-BOUNDED-IF97-SUBSET,238,271.85805572271363,R4-LIQUID-SIDE,REGION-4,SaturatedMixture,271.85805572271363,5.664562148327447,1E-06,false,UNRESOLVED,Unspecified,,,,false,,
D1-BOUNDED-IF97-SUBSET,238,271.85805572271363,R4-VAPOR-SIDE,REGION-4,SaturatedMixture,271.85805572271363,5.664562148327447,0.999999,false,UNRESOLVED,Unspecified,,,,false,,
D1-BOUNDED-IF97-SUBSET,238,271.85805572271363,R2-SIDE,REGION-2,SuperheatedVapor,271.85805572271363,5.664505502705964,,false,UNRESOLVED,Unspecified,,,,false,,
D1-BOUNDED-IF97-SUBSET,239,271.90634704828267,R1-SIDE,REGION-1,SubcooledLiquid,271.90634704828267,5.6688698617659,,true,REGION-1,SubcooledLiquid,271.90634704907075,5.668869838736194,,true,7.880771590862423E-10,-2.3029706142096984E-08
D1-BOUNDED-IF97-SUBSET,239,271.90634704828267,R4-LIQUID-SIDE,REGION-4,SaturatedMixture,271.90634704828267,5.668813173634164,1E-06,false,UNRESOLVED,Unspecified,,,,false,,
D1-BOUNDED-IF97-SUBSET,239,271.90634704828267,R4-VAPOR-SIDE,REGION-4,SaturatedMixture,271.90634704828267,5.668813173634164,0.999999,false,UNRESOLVED,Unspecified,,,,false,,
D1-BOUNDED-IF97-SUBSET,239,271.90634704828267,R2-SIDE,REGION-2,SuperheatedVapor,271.90634704828267,5.668756485502428,,false,UNRESOLVED,Unspecified,,,,false,,
D1-BOUNDED-IF97-SUBSET,240,271.95431818962084,R1-SIDE,REGION-1,SubcooledLiquid,271.95431818962084,5.673095155065923,,true,REGION-1,SubcooledLiquid,271.9543181965256,5.673095175633362,,true,6.9047700890223496E-09,2.0567439307228597E-08
D1-BOUNDED-IF97-SUBSET,240,271.95431818962084,R4-LIQUID-SIDE,REGION-4,SaturatedMixture,271.95431818962084,5.673038424681676,1E-06,false,UNRESOLVED,Unspecified,,,,false,,
D1-BOUNDED-IF97-SUBSET,240,271.95431818962084,R4-VAPOR-SIDE,REGION-4,SaturatedMixture,271.95431818962084,5.673038424681676,0.999999,false,UNRESOLVED,Unspecified,,,,false,,
D1-BOUNDED-IF97-SUBSET,240,271.95431818962084,R2-SIDE,REGION-2,SuperheatedVapor,271.95431818962084,5.672981694297429,,false,UNRESOLVED,Unspecified,,,,false,,
D1-BOUNDED-IF97-SUBSET,241,272.00196151137345,R1-SIDE,REGION-1,SubcooledLiquid,272.00196151137345,5.677293953569519,,true,REGION-1,SubcooledLiquid,272.00196153857587,5.677294019257861,,true,2.7202418095839676E-08,6.568834187703487E-08
D1-BOUNDED-IF97-SUBSET,241,272.00196151137345,R4-LIQUID-SIDE,REGION-4,SaturatedMixture,272.00196151137345,5.6772371811977065,1E-06,false,UNRESOLVED,Unspecified,,,,false,,
D1-BOUNDED-IF97-SUBSET,241,272.00196151137345,R4-VAPOR-SIDE,REGION-4,SaturatedMixture,272.00196151137345,5.6772371811977065,0.999999,false,UNRESOLVED,Unspecified,,,,false,,
D1-BOUNDED-IF97-SUBSET,241,272.00196151137345,R2-SIDE,REGION-2,SuperheatedVapor,272.00196151137345,5.677180408825895,,false,UNRESOLVED,Unspecified,,,,false,,
D1-BOUNDED-IF97-SUBSET,242,272.04927046298974,R1-SIDE,REGION-1,SubcooledLiquid,272.04927046298974,5.681465631454847,,true,REGION-1,SubcooledLiquid,272.0492704597783,5.681465650231863,,true,-3.2114257919602096E-09,1.8777016386195555E-08
D1-BOUNDED-IF97-SUBSET,242,272.04927046298974,R4-LIQUID-SIDE,REGION-4,SaturatedMixture,272.04927046298974,5.681408817366673,1E-06,false,UNRESOLVED,Unspecified,,,,false,,
D1-BOUNDED-IF97-SUBSET,242,272.04927046298974,R4-VAPOR-SIDE,REGION-4,SaturatedMixture,272.04927046298974,5.681408817366673,0.999999,false,UNRESOLVED,Unspecified,,,,false,,
D1-BOUNDED-IF97-SUBSET,242,272.04927046298974,R2-SIDE,REGION-2,SuperheatedVapor,272.04927046298974,5.6813520032785,,false,UNRESOLVED,Unspecified,,,,false,,
D1-BOUNDED-IF97-SUBSET,243,272.09623962044714,R1-SIDE,REGION-1,SubcooledLiquid,272.09623962044714,5.6856096613319425,,true,REGION-1,SubcooledLiquid,272.0962396081786,5.685609635372575,,true,-1.2268515092728194E-08,-2.5959367100369946E-08
D1-BOUNDED-IF97-SUBSET,243,272.09623962044714,R4-LIQUID-SIDE,REGION-4,SaturatedMixture,272.09623962044714,5.6855528058038844,1E-06,false,UNRESOLVED,Unspecified,,,,false,,
D1-BOUNDED-IF97-SUBSET,243,272.09623962044714,R4-VAPOR-SIDE,REGION-4,SaturatedMixture,272.09623962044714,5.6855528058038844,0.999999,false,UNRESOLVED,Unspecified,,,,false,,
D1-BOUNDED-IF97-SUBSET,243,272.09623962044714,R2-SIDE,REGION-2,SuperheatedVapor,272.09623962044714,5.685495950275826,,false,UNRESOLVED,Unspecified,,,,false,,
D1-BOUNDED-IF97-SUBSET,244,272.1428643941882,R1-SIDE,REGION-1,SubcooledLiquid,272.1428643941882,5.689725588750373,,true,REGION-1,SubcooledLiquid,272.14286439031446,5.689725607726086,,true,-3.873765308526345E-09,1.897571255682351E-08
D1-BOUNDED-IF97-SUBSET,244,272.1428643941882,R4-LIQUID-SIDE,REGION-4,SaturatedMixture,272.1428643941882,5.689668692063452,1E-06,false,UNRESOLVED,Unspecified,,,,false,,
D1-BOUNDED-IF97-SUBSET,244,272.1428643941882,R4-VAPOR-SIDE,REGION-4,SaturatedMixture,272.1428643941882,5.689668692063452,0.999999,false,UNRESOLVED,Unspecified,,,,false,,
D1-BOUNDED-IF97-SUBSET,244,272.1428643941882,R2-SIDE,REGION-2,SuperheatedVapor,272.1428643941882,5.689611795376532,,false,UNRESOLVED,Unspecified,,,,false,,
D1-BOUNDED-IF97-SUBSET,245,272.18914115428936,R1-SIDE,REGION-1,SubcooledLiquid,272.18914115428936,5.693813043479046,,true,REGION-1,SubcooledLiquid,272.18914115768564,5.693813019755996,,true,3.3962805900955573E-09,-2.372304930275959E-08
D1-BOUNDED-IF97-SUBSET,245,272.18914115428936,R4-LIQUID-SIDE,REGION-4,SaturatedMixture,272.18914115428936,5.693756105917986,1E-06,false,UNRESOLVED,Unspecified,,,,false,,
D1-BOUNDED-IF97-SUBSET,245,272.18914115428936,R4-VAPOR-SIDE,REGION-4,SaturatedMixture,272.18914115428936,5.693756105917986,0.999999,false,UNRESOLVED,Unspecified,,,,false,,
D1-BOUNDED-IF97-SUBSET,245,272.18914115428936,R2-SIDE,REGION-2,SuperheatedVapor,272.18914115428936,5.693699168356927,,false,UNRESOLVED,Unspecified,,,,false,,
D1-BOUNDED-IF97-SUBSET,246,272.23506702184693,R1-SIDE,REGION-1,SubcooledLiquid,272.23506702184693,5.697871721312088,,true,REGION-1,SubcooledLiquid,272.23506700970245,5.697871741005455,,true,-1.214448275277391E-08,1.969336693719015E-08
D1-BOUNDED-IF97-SUBSET,246,272.23506702184693,R4-LIQUID-SIDE,REGION-4,SaturatedMixture,272.23506702184693,5.697814743164656,1E-06,false,UNRESOLVED,Unspecified,,,,false,,
D1-BOUNDED-IF97-SUBSET,246,272.23506702184693,R4-VAPOR-SIDE,REGION-4,SaturatedMixture,272.23506702184693,5.697814743164656,0.999999,false,UNRESOLVED,Unspecified,,,,false,,
D1-BOUNDED-IF97-SUBSET,246,272.23506702184693,R2-SIDE,REGION-2,SuperheatedVapor,272.23506702184693,5.697757765017225,,false,UNRESOLVED,Unspecified,,,,false,,
D1-BOUNDED-IF97-SUBSET,247,272.2806400775909,R1-SIDE,REGION-1,SubcooledLiquid,272.2806400775909,5.701901402712715,,true,REGION-1,SubcooledLiquid,272.280640110617,5.701901471490597,,true,3.302614004496718E-08,6.877788205628121E-08
D1-BOUNDED-IF97-SUBSET,247,272.2806400775909,R4-LIQUID-SIDE,REGION-4,SaturatedMixture,272.2806400775909,5.701844384268872,1E-06,false,UNRESOLVED,Unspecified,,,,false,,
D1-BOUNDED-IF97-SUBSET,247,272.2806400775909,R4-VAPOR-SIDE,REGION-4,SaturatedMixture,272.2806400775909,5.701844384268872,0.999999,false,UNRESOLVED,Unspecified,,,,false,,
D1-BOUNDED-IF97-SUBSET,247,272.2806400775909,R2-SIDE,REGION-2,SuperheatedVapor,272.2806400775909,5.701787365825029,,false,UNRESOLVED,Unspecified,,,,false,,
D1-BOUNDED-IF97-SUBSET,248,272.32585906982433,R1-SIDE,REGION-1,SubcooledLiquid,272.32585906982433,5.705901927205711,,true,REGION-1,SubcooledLiquid,272.32585905972394,5.7059019497421755,,true,-1.0100393410539255E-08,2.2536464250322297E-08
D1-BOUNDED-IF97-SUBSET,248,272.32585906982433,R4-LIQUID-SIDE,REGION-4,SaturatedMixture,272.32585906982433,5.705844868757024,1E-06,false,UNRESOLVED,Unspecified,,,,false,,
D1-BOUNDED-IF97-SUBSET,248,272.32585906982433,R4-VAPOR-SIDE,REGION-4,SaturatedMixture,272.32585906982433,5.705844868757024,0.999999,false,UNRESOLVED,Unspecified,,,,false,,
D1-BOUNDED-IF97-SUBSET,248,272.32585906982433,R2-SIDE,REGION-2,SuperheatedVapor,272.32585906982433,5.705787810308336,,false,UNRESOLVED,Unspecified,,,,false,,
D1-BOUNDED-IF97-SUBSET,249,272.3707235813141,R1-SIDE,REGION-1,SubcooledLiquid,272.3707235813141,5.709873208318444,,true,REGION-1,SubcooledLiquid,272.37072357584464,5.70987318914799,,true,-5.469473762786947E-09,-1.917045455712696E-08
D1-BOUNDED-IF97-SUBSET,249,272.3707235813141,R4-LIQUID-SIDE,REGION-4,SaturatedMixture,272.3707235813141,5.709816110157342,1E-06,false,UNRESOLVED,Unspecified,,,,false,,
D1-BOUNDED-IF97-SUBSET,249,272.3707235813141,R4-VAPOR-SIDE,REGION-4,SaturatedMixture,272.3707235813141,5.709816110157342,0.999999,false,UNRESOLVED,Unspecified,,,,false,,
D1-BOUNDED-IF97-SUBSET,249,272.3707235813141,R2-SIDE,REGION-2,SuperheatedVapor,272.3707235813141,5.7097590119962405,,false,UNRESOLVED,Unspecified,,,,false,,
D1-BOUNDED-IF97-SUBSET,250,272.41523357033736,R1-SIDE,REGION-1,SubcooledLiquid,272.41523357033736,5.71381519312334,,true,REGION-1,SubcooledLiquid,272.41523359653866,5.713815222763435,,true,2.6201291802863125E-08,2.9640094822980245E-08
D1-BOUNDED-IF97-SUBSET,250,272.41523357033736,R4-LIQUID-SIDE,REGION-4,SaturatedMixture,272.41523357033736,5.713758055542784,1E-06,false,UNRESOLVED,Unspecified,,,,false,,
D1-BOUNDED-IF97-SUBSET,250,272.41523357033736,R4-VAPOR-SIDE,REGION-4,SaturatedMixture,272.41523357033736,5.713758055542784,0.999999,false,UNRESOLVED,Unspecified,,,,false,,
D1-BOUNDED-IF97-SUBSET,250,272.41523357033736,R2-SIDE,REGION-2,SuperheatedVapor,272.41523357033736,5.713700917962229,,false,UNRESOLVED,Unspecified,,,,false,,
D1-BOUNDED-IF97-SUBSET,251,272.45532531738286,R1-SIDE,REGION-1,SubcooledLiquid,272.45532531738286,5.717367658929444,,true,REGION-1,SubcooledLiquid,272.4553252971717,5.7173676467790315,,true,-2.0211132323311176E-08,-1.2150412231903829E-08
D1-BOUNDED-IF97-SUBSET,251,272.45532531738286,R4-LIQUID-SIDE,REGION-4,SaturatedMixture,272.45532531738286,5.717310485824585,1E-06,false,UNRESOLVED,Unspecified,,,,false,,
D1-BOUNDED-IF97-SUBSET,251,272.45532531738286,R4-VAPOR-SIDE,REGION-4,SaturatedMixture,272.45532531738286,5.717310485824585,0.999999,false,UNRESOLVED,Unspecified,,,,false,,
D1-BOUNDED-IF97-SUBSET,251,272.45532531738286,R2-SIDE,REGION-2,SuperheatedVapor,272.45532531738286,5.717253312719727,,false,UNRESOLVED,Unspecified,,,,false,,
D1-BOUNDED-IF97-SUBSET,252,272.4857955574988,R1-SIDE,REGION-1,SubcooledLiquid,272.4857955574988,5.720068705998149,,true,REGION-1,SubcooledLiquid,272.48579558340055,5.720068757092762,,true,2.5901726985466667E-08,5.109461298502538E-08
D1-BOUNDED-IF97-SUBSET,252,272.4857955574988,R4-LIQUID-SIDE,REGION-4,SaturatedMixture,272.4857955574988,5.72001150588309,1E-06,false,UNRESOLVED,Unspecified,,,,false,,
D1-BOUNDED-IF97-SUBSET,252,272.4857955574988,R4-VAPOR-SIDE,REGION-4,SaturatedMixture,272.4857955574988,5.72001150588309,0.999999,false,UNRESOLVED,Unspecified,,,,false,,
D1-BOUNDED-IF97-SUBSET,252,272.4857955574988,R2-SIDE,REGION-2,SuperheatedVapor,272.4857955574988,5.719954305768031,,false,UNRESOLVED,Unspecified,,,,false,,
D1-BOUNDED-IF97-SUBSET,253,273.6084401816131,R1-SIDE,REGION-1,SubcooledLiquid,273.6084401816131,5.820267174253091,,true,REGION-1,SubcooledLiquid,273.6084401851797,5.820267213096075,,true,3.566583473002538E-09,3.884298394041252E-08
D1-BOUNDED-IF97-SUBSET,253,273.6084401816131,R4-LIQUID-SIDE,REGION-4,SaturatedMixture,273.6084401816131,5.820208972163369,1E-06,false,UNRESOLVED,Unspecified,,,,false,,
D1-BOUNDED-IF97-SUBSET,253,273.6084401816131,R4-VAPOR-SIDE,REGION-4,SaturatedMixture,273.6084401816131,5.820208972163369,0.999999,false,UNRESOLVED,Unspecified,,,,false,,
D1-BOUNDED-IF97-SUBSET,253,273.6084401816131,R2-SIDE,REGION-2,SuperheatedVapor,273.6084401816131,5.820150770073648,,false,UNRESOLVED,Unspecified,,,,false,,
D1-BOUNDED-IF97-SUBSET,254,273.6215528190136,R1-SIDE,REGION-1,SubcooledLiquid,273.6215528190136,5.821445366863253,,true,REGION-1,SubcooledLiquid,273.62155282402796,5.821445393325968,,true,5.014385351387318E-09,2.646271468620398E-08
D1-BOUNDED-IF97-SUBSET,254,273.6215528190136,R4-LIQUID-SIDE,REGION-4,SaturatedMixture,273.6215528190136,5.821387152991723,1E-06,false,UNRESOLVED,Unspecified,,,,false,,
D1-BOUNDED-IF97-SUBSET,254,273.6215528190136,R4-VAPOR-SIDE,REGION-4,SaturatedMixture,273.6215528190136,5.821387152991723,0.999999,false,UNRESOLVED,Unspecified,,,,false,,
D1-BOUNDED-IF97-SUBSET,254,273.6215528190136,R2-SIDE,REGION-2,SuperheatedVapor,273.6215528190136,5.8213289391201934,,false,UNRESOLVED,Unspecified,,,,false,,
D1-BOUNDED-IF97-SUBSET,255,273.68795581161976,R1-SIDE,REGION-1,SubcooledLiquid,273.68795581161976,5.8274145841073945,,true,REGION-1,SubcooledLiquid,273.68795581057054,5.8274145466423075,,true,-1.0492158253327943E-09,-3.746508703272866E-08
D1-BOUNDED-IF97-SUBSET,255,273.68795581161976,R4-LIQUID-SIDE,REGION-4,SaturatedMixture,273.68795581161976,5.827356310544289,1E-06,false,UNRESOLVED,Unspecified,,,,false,,
D1-BOUNDED-IF97-SUBSET,255,273.68795581161976,R4-VAPOR-SIDE,REGION-4,SaturatedMixture,273.68795581161976,5.827356310544289,0.999999,false,UNRESOLVED,Unspecified,,,,false,,
D1-BOUNDED-IF97-SUBSET,255,273.68795581161976,R2-SIDE,REGION-2,SuperheatedVapor,273.68795581161976,5.827298036981183,,false,UNRESOLVED,Unspecified,,,,false,,
D1-BOUNDED-IF97-SUBSET,256,273.8153027057647,R1-SIDE,REGION-1,SubcooledLiquid,273.8153027057647,5.838875354157347,,true,REGION-1,SubcooledLiquid,273.8153027308124,5.838875372737559,,true,2.5047711460501887E-08,1.8580212035601562E-08
D1-BOUNDED-IF97-SUBSET,256,273.8153027057647,R4-LIQUID-SIDE,REGION-4,SaturatedMixture,273.8153027057647,5.838816965987687,1E-06,false,UNRESOLVED,Unspecified,,,,false,,
D1-BOUNDED-IF97-SUBSET,256,273.8153027057647,R4-VAPOR-SIDE,REGION-4,SaturatedMixture,273.8153027057647,5.838816965987687,0.999999,false,UNRESOLVED,Unspecified,,,,false,,
D1-BOUNDED-IF97-SUBSET,256,273.8153027057647,R2-SIDE,REGION-2,SuperheatedVapor,273.8153027057647,5.8387585778180275,,false,UNRESOLVED,Unspecified,,,,false,,
D1-BOUNDED-IF97-SUBSET,257,273.84035230278926,R1-SIDE,REGION-1,SubcooledLiquid,273.84035230278926,5.841131753297155,,true,REGION-1,SubcooledLiquid,273.84035234976125,5.841131837582214,,true,4.6971990741440095E-08,8.428505893220972E-08
D1-BOUNDED-IF97-SUBSET,257,273.84035230278926,R4-LIQUID-SIDE,REGION-4,SaturatedMixture,273.84035230278926,5.841073342563729,1E-06,false,UNRESOLVED,Unspecified,,,,false,,
D1-BOUNDED-IF97-SUBSET,257,273.84035230278926,R4-VAPOR-SIDE,REGION-4,SaturatedMixture,273.84035230278926,5.841073342563729,0.999999,false,UNRESOLVED,Unspecified,,,,false,,
D1-BOUNDED-IF97-SUBSET,257,273.84035230278926,R2-SIDE,REGION-2,SuperheatedVapor,273.84035230278926,5.841014931830304,,false,UNRESOLVED,Unspecified,,,,false,,
D1-BOUNDED-IF97-SUBSET,258,273.96743665337556,R1-SIDE,REGION-1,SubcooledLiquid,273.96743665337556,5.852589422274065,,true,REGION-1,SubcooledLiquid,273.9674366348935,5.8525893789669805,,true,-1.8482069208403118E-08,-4.3307084141019914E-08
D1-BOUNDED-IF97-SUBSET,258,273.96743665337556,R4-LIQUID-SIDE,REGION-4,SaturatedMixture,273.96743665337556,5.852530896965095,1E-06,false,UNRESOLVED,Unspecified,,,,false,,
D1-BOUNDED-IF97-SUBSET,258,273.96743665337556,R4-VAPOR-SIDE,REGION-4,SaturatedMixture,273.96743665337556,5.852530896965095,0.999999,false,UNRESOLVED,Unspecified,,,,false,,
D1-BOUNDED-IF97-SUBSET,258,273.96743665337556,R2-SIDE,REGION-2,SuperheatedVapor,273.96743665337556,5.852472371656125,,false,UNRESOLVED,Unspecified,,,,false,,
D1-BOUNDED-IF97-SUBSET,259,274.1351564466953,R1-SIDE,REGION-1,SubcooledLiquid,274.1351564466953,5.867736958825487,,true,REGION-1,SubcooledLiquid,274.13515647811835,5.8677370221460405,,true,3.142304194625467E-08,6.332055324520525E-08
D1-BOUNDED-IF97-SUBSET,259,274.1351564466953,R4-LIQUID-SIDE,REGION-4,SaturatedMixture,274.1351564466953,5.867678282042666,1E-06,false,UNRESOLVED,Unspecified,,,,false,,
D1-BOUNDED-IF97-SUBSET,259,274.1351564466953,R4-VAPOR-SIDE,REGION-4,SaturatedMixture,274.1351564466953,5.867678282042666,0.999999,false,UNRESOLVED,Unspecified,,,,false,,
D1-BOUNDED-IF97-SUBSET,259,274.1351564466953,R2-SIDE,REGION-2,SuperheatedVapor,274.1351564466953,5.867619605259846,,false,UNRESOLVED,Unspecified,,,,false,,
D1-BOUNDED-IF97-SUBSET,260,274.3160987555981,R1-SIDE,REGION-1,SubcooledLiquid,274.3160987555981,5.88411222739679,,true,REGION-1,SubcooledLiquid,274.3160987670848,5.884112202600719,,true,1.148669070971664E-08,-2.4796070974275608E-08
D1-BOUNDED-IF97-SUBSET,260,274.3160987555981,R4-LIQUID-SIDE,REGION-4,SaturatedMixture,274.3160987555981,5.884053386862921,1E-06,false,UNRESOLVED,Unspecified,,,,false,,
D1-BOUNDED-IF97-SUBSET,260,274.3160987555981,R4-VAPOR-SIDE,REGION-4,SaturatedMixture,274.3160987555981,5.884053386862921,0.999999,false,UNRESOLVED,Unspecified,,,,false,,
D1-BOUNDED-IF97-SUBSET,260,274.3160987555981,R2-SIDE,REGION-2,SuperheatedVapor,274.3160987555981,5.883994546329053,,false,UNRESOLVED,Unspecified,,,,false,,
D1-BOUNDED-IF97-SUBSET,261,274.4903302550314,R1-SIDE,REGION-1,SubcooledLiquid,274.4903302550314,5.899913120456926,,true,REGION-1,SubcooledLiquid,274.4903302282636,5.899913099583847,,true,-2.6767793315229937E-08,-2.0873079265015804E-08
D1-BOUNDED-IF97-SUBSET,261,274.4903302550314,R4-LIQUID-SIDE,REGION-4,SaturatedMixture,274.4903302550314,5.899854121915706,1E-06,false,UNRESOLVED,Unspecified,,,,false,,
D1-BOUNDED-IF97-SUBSET,261,274.4903302550314,R4-VAPOR-SIDE,REGION-4,SaturatedMixture,274.4903302550314,5.899854121915706,0.999999,false,UNRESOLVED,Unspecified,,,,false,,
D1-BOUNDED-IF97-SUBSET,261,274.4903302550314,R2-SIDE,REGION-2,SuperheatedVapor,274.4903302550314,5.899795123374488,,false,UNRESOLVED,Unspecified,,,,false,,
D1-BOUNDED-IF97-SUBSET,262,274.66211806535716,R1-SIDE,REGION-1,SubcooledLiquid,274.66211806535716,5.915524095625014,,true,REGION-1,SubcooledLiquid,274.6621180483919,5.9155240849921125,,true,-1.6965259419521317E-08,-1.0632901670248884E-08
D1-BOUNDED-IF97-SUBSET,262,274.66211806535716,R4-LIQUID-SIDE,REGION-4,SaturatedMixture,274.66211806535716,5.915464940975604,1E-06,false,UNRESOLVED,Unspecified,,,,false,,
D1-BOUNDED-IF97-SUBSET,262,274.66211806535716,R4-VAPOR-SIDE,REGION-4,SaturatedMixture,274.66211806535716,5.915464940975604,0.999999,false,UNRESOLVED,Unspecified,,,,false,,
D1-BOUNDED-IF97-SUBSET,262,274.66211806535716,R2-SIDE,REGION-2,SuperheatedVapor,274.66211806535716,5.915405786326195,,false,UNRESOLVED,Unspecified,,,,false,,
D1-BOUNDED-IF97-SUBSET,263,274.83064057230956,R1-SIDE,REGION-1,SubcooledLiquid,274.83064057230956,5.930868966071628,,true,REGION-1,SubcooledLiquid,274.830640622179,5.93086906126001,,true,4.98694134876132E-08,9.518838162136944E-08
D1-BOUNDED-IF97-SUBSET,263,274.83064057230956,R4-LIQUID-SIDE,REGION-4,SaturatedMixture,274.83064057230956,5.930809657975048,1E-06,false,UNRESOLVED,Unspecified,,,,false,,
D1-BOUNDED-IF97-SUBSET,263,274.83064057230956,R4-VAPOR-SIDE,REGION-4,SaturatedMixture,274.83064057230956,5.930809657975048,0.999999,false,UNRESOLVED,Unspecified,,,,false,,
D1-BOUNDED-IF97-SUBSET,263,274.83064057230956,R2-SIDE,REGION-2,SuperheatedVapor,274.83064057230956,5.930750349878468,,false,UNRESOLVED,Unspecified,,,,false,,
D1-BOUNDED-IF97-SUBSET,264,274.9943043649197,R1-SIDE,REGION-1,SubcooledLiquid,274.9943043649197,5.945800496543902,,true,REGION-1,SubcooledLiquid,274.9943043782562,5.945800517257693,,true,1.3336489246285055E-08,2.0713790682691524E-08
D1-BOUNDED-IF97-SUBSET,264,274.9943043649197,R4-LIQUID-SIDE,REGION-4,SaturatedMixture,274.9943043649197,5.945741039133511,1E-06,true,REGION-4-MIXTURE,SaturatedMixture,274.9943043649198,5.945741039133517,9.999999999849554E-07,true,1.1368683772161603E-13,6.217248937900877E-15
D1-BOUNDED-IF97-SUBSET,264,274.9943043649197,R4-VAPOR-SIDE,REGION-4,SaturatedMixture,274.9943043649197,5.945741039133511,0.999999,false,UNRESOLVED,Unspecified,,,,false,,
D1-BOUNDED-IF97-SUBSET,264,274.9943043649197,R2-SIDE,REGION-2,SuperheatedVapor,274.9943043649197,5.94568158172312,,false,UNRESOLVED,Unspecified,,,,false,,
D1-BOUNDED-IF97-SUBSET,265,275.1527390658854,R1-SIDE,REGION-1,SubcooledLiquid,275.1527390658854,5.960282286154091,,true,REGION-1,SubcooledLiquid,275.1527390300565,5.960282235979204,,true,-3.582886165531818E-08,-5.0174887356035924E-08
D1-BOUNDED-IF97-SUBSET,265,275.1527390658854,R4-LIQUID-SIDE,REGION-4,SaturatedMixture,275.1527390658854,5.960222683927252,1E-06,false,UNRESOLVED,Unspecified,,,,false,,
D1-BOUNDED-IF97-SUBSET,265,275.1527390658854,R4-VAPOR-SIDE,REGION-4,SaturatedMixture,275.1527390658854,5.960222683927252,0.999999,false,UNRESOLVED,Unspecified,,,,false,,
D1-BOUNDED-IF97-SUBSET,265,275.1527390658854,R2-SIDE,REGION-2,SuperheatedVapor,275.1527390658854,5.960163081700412,,false,UNRESOLVED,Unspecified,,,,false,,
D1-BOUNDED-IF97-SUBSET,266,275.1843705475329,R1-SIDE,REGION-1,SubcooledLiquid,275.1843705475329,5.963176797082566,,true,REGION-1,SubcooledLiquid,275.1843705162473,5.963176716544423,,true,-3.128559455944924E-08,-8.053814326558495E-08
D1-BOUNDED-IF97-SUBSET,266,275.1843705475329,R4-LIQUID-SIDE,REGION-4,SaturatedMixture,275.1843705475329,5.963117165910907,1E-06,false,UNRESOLVED,Unspecified,,,,false,,
D1-BOUNDED-IF97-SUBSET,266,275.1843705475329,R4-VAPOR-SIDE,REGION-4,SaturatedMixture,275.1843705475329,5.963117165910907,0.999999,false,UNRESOLVED,Unspecified,,,,false,,
D1-BOUNDED-IF97-SUBSET,266,275.1843705475329,R2-SIDE,REGION-2,SuperheatedVapor,275.1843705475329,5.963057534739248,,false,UNRESOLVED,Unspecified,,,,false,,
D1-BOUNDED-IF97-SUBSET,267,275.18437056839457,R1-SIDE,REGION-1,SubcooledLiquid,275.18437056839457,5.963176798991923,,true,REGION-1,SubcooledLiquid,275.1843705371059,5.963176718453468,,true,-3.128866410406772E-08,-8.053845501621026E-08
D1-BOUNDED-IF97-SUBSET,267,275.18437056839457,R4-LIQUID-SIDE,REGION-4,SaturatedMixture,275.18437056839457,5.963117167820244,1E-06,false,UNRESOLVED,Unspecified,,,,false,,
D1-BOUNDED-IF97-SUBSET,267,275.18437056839457,R4-VAPOR-SIDE,REGION-4,SaturatedMixture,275.18437056839457,5.963117167820244,0.999999,false,UNRESOLVED,Unspecified,,,,false,,
D1-BOUNDED-IF97-SUBSET,267,275.18437056839457,R2-SIDE,REGION-2,SuperheatedVapor,275.18437056839457,5.9630575366485665,,false,UNRESOLVED,Unspecified,,,,false,,
D1-BOUNDED-IF97-SUBSET,268,275.1843705892562,R1-SIDE,REGION-1,SubcooledLiquid,275.1843705892562,5.963176800901273,,true,REGION-1,SubcooledLiquid,275.18437055796505,5.963176720362581,,true,-3.1291165214497596E-08,-8.053869215984832E-08
D1-BOUNDED-IF97-SUBSET,268,275.1843705892562,R4-LIQUID-SIDE,REGION-4,SaturatedMixture,275.1843705892562,5.963117169729576,1E-06,false,UNRESOLVED,Unspecified,,,,false,,
D1-BOUNDED-IF97-SUBSET,268,275.1843705892562,R4-VAPOR-SIDE,REGION-4,SaturatedMixture,275.1843705892562,5.963117169729576,0.999999,false,UNRESOLVED,Unspecified,,,,false,,
D1-BOUNDED-IF97-SUBSET,268,275.1843705892562,R2-SIDE,REGION-2,SuperheatedVapor,275.1843705892562,5.963057538557878,,false,UNRESOLVED,Unspecified,,,,false,,
D1-BOUNDED-IF97-SUBSET,269,275.26000683307655,R1-SIDE,REGION-1,SubcooledLiquid,275.26000683307655,5.97010241956752,,true,REGION-1,SubcooledLiquid,275.2600067878908,5.970102351684218,,true,-4.5185743147158064E-08,-6.788330164653189E-08
D1-BOUNDED-IF97-SUBSET,269,275.26000683307655,R4-LIQUID-SIDE,REGION-4,SaturatedMixture,275.26000683307655,5.970042719140328,1E-06,false,UNRESOLVED,Unspecified,,,,false,,
D1-BOUNDED-IF97-SUBSET,269,275.26000683307655,R4-VAPOR-SIDE,REGION-4,SaturatedMixture,275.26000683307655,5.970042719140328,0.999999,false,UNRESOLVED,Unspecified,,,,false,,
D1-BOUNDED-IF97-SUBSET,269,275.26000683307655,R2-SIDE,REGION-2,SuperheatedVapor,275.26000683307655,5.969983018713137,,false,UNRESOLVED,Unspecified,,,,false,,
D1-BOUNDED-IF97-SUBSET,270,275.3103550732136,R1-SIDE,REGION-1,SubcooledLiquid,275.3103550732136,5.974715950385823,,true,REGION-1,SubcooledLiquid,275.3103550432918,5.974715922406244,,true,-2.992180725414073E-08,-2.7979579542147803E-08
D1-BOUNDED-IF97-SUBSET,270,275.3103550732136,R4-LIQUID-SIDE,REGION-4,SaturatedMixture,275.3103550732136,5.974656203823785,1E-06,false,UNRESOLVED,Unspecified,,,,false,,
D1-BOUNDED-IF97-SUBSET,270,275.3103550732136,R4-VAPOR-SIDE,REGION-4,SaturatedMixture,275.3103550732136,5.974656203823785,0.999999,false,UNRESOLVED,Unspecified,,,,false,,
D1-BOUNDED-IF97-SUBSET,270,275.3103550732136,R2-SIDE,REGION-2,SuperheatedVapor,275.3103550732136,5.974596457261747,,false,UNRESOLVED,Unspecified,,,,false,,
D1-BOUNDED-IF97-SUBSET,271,275.46072360575204,R1-SIDE,REGION-1,SubcooledLiquid,275.46072360575204,5.988510788771929,,true,REGION-1,SubcooledLiquid,275.4607236180302,5.988510793063616,,true,1.2278178473934531E-08,4.291687005775202E-09
D1-BOUNDED-IF97-SUBSET,271,275.46072360575204,R4-LIQUID-SIDE,REGION-4,SaturatedMixture,275.46072360575204,5.988450904262886,1E-06,false,UNRESOLVED,Unspecified,,,,false,,
D1-BOUNDED-IF97-SUBSET,271,275.46072360575204,R4-VAPOR-SIDE,REGION-4,SaturatedMixture,275.46072360575204,5.988450904262886,0.999999,false,UNRESOLVED,Unspecified,,,,false,,
D1-BOUNDED-IF97-SUBSET,271,275.46072360575204,R2-SIDE,REGION-2,SuperheatedVapor,275.46072360575204,5.988391019753844,,false,UNRESOLVED,Unspecified,,,,false,,
D1-BOUNDED-IF97-SUBSET,272,275.6050840735436,R1-SIDE,REGION-1,SubcooledLiquid,275.6050840735436,6.001777314199232,,true,REGION-1,SubcooledLiquid,275.6050840685592,6.001777350875546,,true,-4.984372026228812E-09,3.6676314429939794E-08
D1-BOUNDED-IF97-SUBSET,272,275.6050840735436,R4-LIQUID-SIDE,REGION-4,SaturatedMixture,275.6050840735436,6.001717297026261,1E-06,false,UNRESOLVED,Unspecified,,,,false,,
D1-BOUNDED-IF97-SUBSET,272,275.6050840735436,R4-VAPOR-SIDE,REGION-4,SaturatedMixture,275.6050840735436,6.001717297026261,0.999999,false,UNRESOLVED,Unspecified,,,,false,,
D1-BOUNDED-IF97-SUBSET,272,275.6050840735436,R2-SIDE,REGION-2,SuperheatedVapor,275.6050840735436,6.001657279853291,,false,UNRESOLVED,Unspecified,,,,false,,
D1-BOUNDED-IF97-SUBSET,273,275.7495581537486,R1-SIDE,REGION-1,SubcooledLiquid,275.7495581537486,6.015076735461899,,true,REGION-1,SubcooledLiquid,275.74955814439977,6.01507671777604,,true,-9.348809726361651E-09,-1.768585899952768E-08
D1-BOUNDED-IF97-SUBSET,273,275.7495581537486,R4-LIQUID-SIDE,REGION-4,SaturatedMixture,275.7495581537486,6.0150165852960455,1E-06,false,UNRESOLVED,Unspecified,,,,false,,
D1-BOUNDED-IF97-SUBSET,273,275.7495581537486,R4-VAPOR-SIDE,REGION-4,SaturatedMixture,275.7495581537486,6.0150165852960455,0.999999,false,UNRESOLVED,Unspecified,,,,false,,
D1-BOUNDED-IF97-SUBSET,273,275.7495581537486,R2-SIDE,REGION-2,SuperheatedVapor,275.7495581537486,6.014956435130193,,false,UNRESOLVED,Unspecified,,,,false,,
D1-BOUNDED-IF97-SUBSET,274,275.8048092722893,R1-SIDE,REGION-1,SubcooledLiquid,275.8048092722893,6.020168767202633,,true,REGION-1,SubcooledLiquid,275.8048092893092,6.020168785295052,,true,1.7019942788465414E-08,1.8092419118431735E-08
D1-BOUNDED-IF97-SUBSET,274,275.8048092722893,R4-LIQUID-SIDE,REGION-4,SaturatedMixture,275.8048092722893,6.0201085661169715,1E-06,false,UNRESOLVED,Unspecified,,,,false,,
D1-BOUNDED-IF97-SUBSET,274,275.8048092722893,R4-VAPOR-SIDE,REGION-4,SaturatedMixture,275.8048092722893,6.0201085661169715,0.999999,false,UNRESOLVED,Unspecified,,,,false,,
D1-BOUNDED-IF97-SUBSET,274,275.8048092722893,R2-SIDE,REGION-2,SuperheatedVapor,275.8048092722893,6.020048365031311,,false,UNRESOLVED,Unspecified,,,,false,,
D1-BOUNDED-IF97-SUBSET,275,275.8487251222133,R1-SIDE,REGION-1,SubcooledLiquid,275.8487251222133,6.0242184696131496,,true,REGION-1,SubcooledLiquid,275.84872509856643,6.024218440863878,,true,-2.3646862246096134E-08,-2.8749271407946253E-08
D1-BOUNDED-IF97-SUBSET,275,275.8487251222133,R4-LIQUID-SIDE,REGION-4,SaturatedMixture,275.8487251222133,6.024158228030869,1E-06,false,UNRESOLVED,Unspecified,,,,false,,
D1-BOUNDED-IF97-SUBSET,275,275.8487251222133,R4-VAPOR-SIDE,REGION-4,SaturatedMixture,275.8487251222133,6.024158228030869,0.999999,false,UNRESOLVED,Unspecified,,,,false,,
D1-BOUNDED-IF97-SUBSET,275,275.8487251222133,R2-SIDE,REGION-2,SuperheatedVapor,275.8487251222133,6.024097986448589,,false,UNRESOLVED,Unspecified,,,,false,,
D1-BOUNDED-IF97-SUBSET,276,275.95865174531946,R1-SIDE,REGION-1,SubcooledLiquid,275.95865174531946,6.034364478821478,,true,REGION-1,SubcooledLiquid,275.9586517069207,6.034364428259311,,true,-3.839875262201531E-08,-5.056216689780513E-08
D1-BOUNDED-IF97-SUBSET,276,275.95865174531946,R4-LIQUID-SIDE,REGION-4,SaturatedMixture,275.95865174531946,6.034304135780119,1E-06,false,UNRESOLVED,Unspecified,,,,false,,
D1-BOUNDED-IF97-SUBSET,276,275.95865174531946,R4-VAPOR-SIDE,REGION-4,SaturatedMixture,275.95865174531946,6.034304135780119,0.999999,false,UNRESOLVED,Unspecified,,,,false,,
D1-BOUNDED-IF97-SUBSET,276,275.95865174531946,R2-SIDE,REGION-2,SuperheatedVapor,275.95865174531946,6.034243792738762,,false,UNRESOLVED,Unspecified,,,,false,,
D1-BOUNDED-IF97-SUBSET,277,276.1304154813289,R1-SIDE,REGION-1,SubcooledLiquid,276.1304154813289,6.050244046191057,,true,REGION-1,SubcooledLiquid,276.1304155082373,6.050244095174514,,true,2.6908423933491576E-08,4.8983456402140746E-08
D1-BOUNDED-IF97-SUBSET,277,276.1304154813289,R4-LIQUID-SIDE,REGION-4,SaturatedMixture,276.1304154813289,6.050183544355614,1E-06,false,UNRESOLVED,Unspecified,,,,false,,
D1-BOUNDED-IF97-SUBSET,277,276.1304154813289,R4-VAPOR-SIDE,REGION-4,SaturatedMixture,276.1304154813289,6.050183544355614,0.999999,false,UNRESOLVED,Unspecified,,,,false,,
D1-BOUNDED-IF97-SUBSET,277,276.1304154813289,R2-SIDE,REGION-2,SuperheatedVapor,276.1304154813289,6.050123042520171,,false,UNRESOLVED,Unspecified,,,,false,,
D1-BOUNDED-IF97-SUBSET,278,276.3073304116723,R1-SIDE,REGION-1,SubcooledLiquid,276.3073304116723,6.066633178286155,,true,REGION-1,SubcooledLiquid,276.3073303911908,6.0666331359105286,,true,-2.048147962341318E-08,-4.237562656328464E-08
D1-BOUNDED-IF97-SUBSET,278,276.3073304116723,R4-LIQUID-SIDE,REGION-4,SaturatedMixture,276.3073304116723,6.066572512561029,1E-06,false,UNRESOLVED,Unspecified,,,,false,,
D1-BOUNDED-IF97-SUBSET,278,276.3073304116723,R4-VAPOR-SIDE,REGION-4,SaturatedMixture,276.3073304116723,6.066572512561029,0.999999,false,UNRESOLVED,Unspecified,,,,false,,
D1-BOUNDED-IF97-SUBSET,278,276.3073304116723,R2-SIDE,REGION-2,SuperheatedVapor,276.3073304116723,6.066511846835904,,false,UNRESOLVED,Unspecified,,,,false,,
D1-BOUNDED-IF97-SUBSET,279,276.49290496110916,R1-SIDE,REGION-1,SubcooledLiquid,276.49290496110916,6.083860930246919,,true,REGION-1,SubcooledLiquid,276.49290499801543,6.083860972204706,,true,3.6906271816405933E-08,4.1957786578450396E-08
D1-BOUNDED-IF97-SUBSET,279,276.49290496110916,R4-LIQUID-SIDE,REGION-4,SaturatedMixture,276.49290496110916,6.083800092245996,1E-06,true,REGION-4-MIXTURE,SaturatedMixture,276.49290496110916,6.083800092245996,9.999999999980626E-07,true,0,0
D1-BOUNDED-IF97-SUBSET,279,276.49290496110916,R4-VAPOR-SIDE,REGION-4,SaturatedMixture,276.49290496110916,6.083800092245996,0.999999,false,UNRESOLVED,Unspecified,,,,false,,
D1-BOUNDED-IF97-SUBSET,279,276.49290496110916,R2-SIDE,REGION-2,SuperheatedVapor,276.49290496110916,6.0837392542450734,,false,UNRESOLVED,Unspecified,,,,false,,
D1-BOUNDED-IF97-SUBSET,280,276.68489103913305,R1-SIDE,REGION-1,SubcooledLiquid,276.68489103913305,6.101723182693757,,true,REGION-1,SubcooledLiquid,276.68489105598155,6.1017232074913474,,true,1.6848503037181217E-08,2.4797590647551715E-08
D1-BOUNDED-IF97-SUBSET,280,276.68489103913305,R4-LIQUID-SIDE,REGION-4,SaturatedMixture,276.68489103913305,6.101662166072096,1E-06,false,UNRESOLVED,Unspecified,,,,false,,
D1-BOUNDED-IF97-SUBSET,280,276.68489103913305,R4-VAPOR-SIDE,REGION-4,SaturatedMixture,276.68489103913305,6.101662166072096,0.999999,false,UNRESOLVED,Unspecified,,,,false,,
D1-BOUNDED-IF97-SUBSET,280,276.68489103913305,R2-SIDE,REGION-2,SuperheatedVapor,276.68489103913305,6.101601149450436,,false,UNRESOLVED,Unspecified,,,,false,,
D1-BOUNDED-IF97-SUBSET,281,276.88175147771847,R1-SIDE,REGION-1,SubcooledLiquid,276.88175147771847,6.120080496732066,,true,REGION-1,SubcooledLiquid,276.8817514819617,6.1200804997169485,,true,4.243247531121597E-09,2.984882563339397E-09
D1-BOUNDED-IF97-SUBSET,281,276.88175147771847,R4-LIQUID-SIDE,REGION-4,SaturatedMixture,276.88175147771847,6.1200192965391,1E-06,false,UNRESOLVED,Unspecified,,,,false,,
D1-BOUNDED-IF97-SUBSET,281,276.88175147771847,R4-VAPOR-SIDE,REGION-4,SaturatedMixture,276.88175147771847,6.1200192965391,0.999999,false,UNRESOLVED,Unspecified,,,,false,,
D1-BOUNDED-IF97-SUBSET,281,276.88175147771847,R2-SIDE,REGION-2,SuperheatedVapor,276.88175147771847,6.119958096346135,,false,UNRESOLVED,Unspecified,,,,false,,
D1-BOUNDED-IF97-SUBSET,282,277.0836132824419,R1-SIDE,REGION-1,SubcooledLiquid,277.0836132824419,6.138947952205528,,true,REGION-1,SubcooledLiquid,277.08361331035564,6.138948018678538,,true,2.7913756639463827E-08,6.64730102073463E-08
D1-BOUNDED-IF97-SUBSET,282,277.0836132824419,R4-LIQUID-SIDE,REGION-4,SaturatedMixture,277.0836132824419,6.138886563339894,1E-06,false,UNRESOLVED,Unspecified,,,,false,,
D1-BOUNDED-IF97-SUBSET,282,277.0836132824419,R4-VAPOR-SIDE,REGION-4,SaturatedMixture,277.0836132824419,6.138886563339894,0.999999,false,UNRESOLVED,Unspecified,,,,false,,
D1-BOUNDED-IF97-SUBSET,282,277.0836132824419,R2-SIDE,REGION-2,SuperheatedVapor,277.0836132824419,6.138825174474261,,false,UNRESOLVED,Unspecified,,,,false,,
D1-BOUNDED-IF97-SUBSET,283,277.28852211534956,R1-SIDE,REGION-1,SubcooledLiquid,277.28852211534956,6.158145598019165,,true,REGION-1,SubcooledLiquid,277.28852212937136,6.158145633446072,,true,1.4021793504070956E-08,3.542690674152027E-08
D1-BOUNDED-IF97-SUBSET,283,277.28852211534956,R4-LIQUID-SIDE,REGION-4,SaturatedMixture,277.28852211534956,6.158084017178993,1E-06,false,UNRESOLVED,Unspecified,,,,false,,
D1-BOUNDED-IF97-SUBSET,283,277.28852211534956,R4-VAPOR-SIDE,REGION-4,SaturatedMixture,277.28852211534956,6.158084017178993,0.999999,false,UNRESOLVED,Unspecified,,,,false,,
D1-BOUNDED-IF97-SUBSET,283,277.28852211534956,R2-SIDE,REGION-2,SuperheatedVapor,277.28852211534956,6.158022436338822,,false,UNRESOLVED,Unspecified,,,,false,,
D1-BOUNDED-IF97-SUBSET,284,277.4965558946134,R1-SIDE,REGION-1,SubcooledLiquid,277.4965558946134,6.177682878388666,,true,REGION-1,SubcooledLiquid,277.49655587702557,6.177682877405836,,true,-1.7587808542884886E-08,-9.828298175307282E-10
D1-BOUNDED-IF97-SUBSET,284,277.4965558946134,R4-LIQUID-SIDE,REGION-4,SaturatedMixture,277.4965558946134,6.1776211021776435,1E-06,false,UNRESOLVED,Unspecified,,,,false,,
D1-BOUNDED-IF97-SUBSET,284,277.4965558946134,R4-VAPOR-SIDE,REGION-4,SaturatedMixture,277.4965558946134,6.1776211021776435,0.999999,false,UNRESOLVED,Unspecified,,,,false,,
D1-BOUNDED-IF97-SUBSET,284,277.4965558946134,R2-SIDE,REGION-2,SuperheatedVapor,277.4965558946134,6.177559325966622,,false,UNRESOLVED,Unspecified,,,,false,,
D1-BOUNDED-IF97-SUBSET,285,277.70717749595633,R1-SIDE,REGION-1,SubcooledLiquid,277.70717749595633,6.1975113740116035,,true,REGION-1,SubcooledLiquid,277.7071775068533,6.197511426452116,,true,1.0896997082454618E-08,5.2440512376961124E-08
D1-BOUNDED-IF97-SUBSET,285,277.70717749595633,R4-LIQUID-SIDE,REGION-4,SaturatedMixture,277.70717749595633,6.197449399517608,1E-06,false,UNRESOLVED,Unspecified,,,,false,,
D1-BOUNDED-IF97-SUBSET,285,277.70717749595633,R4-VAPOR-SIDE,REGION-4,SaturatedMixture,277.70717749595633,6.197449399517608,0.999999,false,UNRESOLVED,Unspecified,,,,false,,
D1-BOUNDED-IF97-SUBSET,285,277.70717749595633,R2-SIDE,REGION-2,SuperheatedVapor,277.70717749595633,6.197387425023614,,false,UNRESOLVED,Unspecified,,,,false,,
D1-BOUNDED-IF97-SUBSET,286,277.9191054522993,R1-SIDE,REGION-1,SubcooledLiquid,277.9191054522993,6.217511869087629,,true,REGION-1,SubcooledLiquid,277.9191054053616,6.217511790179774,,true,-4.693765731644817E-08,-7.890785536091016E-08
D1-BOUNDED-IF97-SUBSET,286,277.9191054522993,R4-LIQUID-SIDE,REGION-4,SaturatedMixture,277.9191054522993,6.217449694590683,1E-06,false,UNRESOLVED,Unspecified,,,,false,,
D1-BOUNDED-IF97-SUBSET,286,277.9191054522993,R4-VAPOR-SIDE,REGION-4,SaturatedMixture,277.9191054522993,6.217449694590683,0.999999,false,UNRESOLVED,Unspecified,,,,false,,
D1-BOUNDED-IF97-SUBSET,286,277.9191054522993,R2-SIDE,REGION-2,SuperheatedVapor,277.9191054522993,6.217387520093737,,false,UNRESOLVED,Unspecified,,,,false,,
D1-BOUNDED-IF97-SUBSET,287,278.13301288485525,R1-SIDE,REGION-1,SubcooledLiquid,278.13301288485525,6.237749119014367,,true,REGION-1,SubcooledLiquid,278.1330129288599,6.237749182230924,,true,4.4004650590068195E-08,6.321655643404256E-08
D1-BOUNDED-IF97-SUBSET,287,278.13301288485525,R4-LIQUID-SIDE,REGION-4,SaturatedMixture,278.13301288485525,6.237686742146946,1E-06,false,UNRESOLVED,Unspecified,,,,false,,
D1-BOUNDED-IF97-SUBSET,287,278.13301288485525,R4-VAPOR-SIDE,REGION-4,SaturatedMixture,278.13301288485525,6.237686742146946,0.999999,false,UNRESOLVED,Unspecified,,,,false,,
D1-BOUNDED-IF97-SUBSET,287,278.13301288485525,R2-SIDE,REGION-2,SuperheatedVapor,278.13301288485525,6.237624365279524,,false,UNRESOLVED,Unspecified,,,,false,,
D1-BOUNDED-IF97-SUBSET,288,278.3475722014904,R1-SIDE,REGION-1,SubcooledLiquid,278.3475722014904,6.258098534543138,,true,REGION-1,SubcooledLiquid,278.3475722240174,6.258098553296,,true,2.2527046894538216E-08,1.875286148589339E-08
D1-BOUNDED-IF97-SUBSET,288,278.3475722014904,R4-LIQUID-SIDE,REGION-4,SaturatedMixture,278.3475722014904,6.258035954183596,1E-06,false,UNRESOLVED,Unspecified,,,,false,,
D1-BOUNDED-IF97-SUBSET,288,278.3475722014904,R4-VAPOR-SIDE,REGION-4,SaturatedMixture,278.3475722014904,6.258035954183596,0.999999,false,UNRESOLVED,Unspecified,,,,false,,
D1-BOUNDED-IF97-SUBSET,288,278.3475722014904,R2-SIDE,REGION-2,SuperheatedVapor,278.3475722014904,6.257973373824054,,false,UNRESOLVED,Unspecified,,,,false,,
D1-BOUNDED-IF97-SUBSET,289,278.56269953846925,R1-SIDE,REGION-1,SubcooledLiquid,278.56269953846925,6.278552681062846,,true,REGION-1,SubcooledLiquid,278.562699576957,6.278552744997636,,true,3.8487769415951334E-08,6.393479079491726E-08
D1-BOUNDED-IF97-SUBSET,289,278.56269953846925,R4-LIQUID-SIDE,REGION-4,SaturatedMixture,278.56269953846925,6.278489896163884,1E-06,false,UNRESOLVED,Unspecified,,,,false,,
D1-BOUNDED-IF97-SUBSET,289,278.56269953846925,R4-VAPOR-SIDE,REGION-4,SaturatedMixture,278.56269953846925,6.278489896163884,0.999999,false,UNRESOLVED,Unspecified,,,,false,,
D1-BOUNDED-IF97-SUBSET,289,278.56269953846925,R2-SIDE,REGION-2,SuperheatedVapor,278.56269953846925,6.278427111264922,,false,UNRESOLVED,Unspecified,,,,false,,
D1-BOUNDED-IF97-SUBSET,290,278.77853245735173,R1-SIDE,REGION-1,SubcooledLiquid,278.77853245735173,6.299125179139081,,true,REGION-1,SubcooledLiquid,278.7785324485177,6.299125193580737,,true,-8.834035725158174E-09,1.4441655871166859E-08
D1-BOUNDED-IF97-SUBSET,290,278.77853245735173,R4-LIQUID-SIDE,REGION-4,SaturatedMixture,278.77853245735173,6.299062188517196,1E-06,false,UNRESOLVED,Unspecified,,,,false,,
D1-BOUNDED-IF97-SUBSET,290,278.77853245735173,R4-VAPOR-SIDE,REGION-4,SaturatedMixture,278.77853245735173,6.299062188517196,0.999999,false,UNRESOLVED,Unspecified,,,,false,,
D1-BOUNDED-IF97-SUBSET,290,278.77853245735173,R2-SIDE,REGION-2,SuperheatedVapor,278.77853245735173,6.298999197895311,,false,UNRESOLVED,Unspecified,,,,false,,
D1-BOUNDED-IF97-SUBSET,291,278.99378421306585,R1-SIDE,REGION-1,SubcooledLiquid,278.99378421306585,6.319693513681139,,true,REGION-1,SubcooledLiquid,278.9937841906477,6.319693481802748,,true,-2.2418134904000908E-08,-3.187839148210969E-08
D1-BOUNDED-IF97-SUBSET,291,278.99378421306585,R4-LIQUID-SIDE,REGION-4,SaturatedMixture,278.99378421306585,6.319630317377965,1E-06,false,UNRESOLVED,Unspecified,,,,false,,
D1-BOUNDED-IF97-SUBSET,291,278.99378421306585,R4-VAPOR-SIDE,REGION-4,SaturatedMixture,278.99378421306585,6.319630317377965,0.999999,false,UNRESOLVED,Unspecified,,,,false,,
D1-BOUNDED-IF97-SUBSET,291,278.99378421306585,R2-SIDE,REGION-2,SuperheatedVapor,278.99378421306585,6.319567121074791,,false,UNRESOLVED,Unspecified,,,,false,,
D1-BOUNDED-IF97-SUBSET,292,279.20919802188894,R1-SIDE,REGION-1,SubcooledLiquid,279.20919802188894,6.340328642096508,,true,REGION-1,SubcooledLiquid,279.20919802097376,6.340328653694563,,true,-9.15179043659009E-10,1.159805496087074E-08
D1-BOUNDED-IF97-SUBSET,292,279.20919802188894,R4-LIQUID-SIDE,REGION-4,SaturatedMixture,279.20919802188894,6.340265239444113,1E-06,false,UNRESOLVED,Unspecified,,,,false,,
D1-BOUNDED-IF97-SUBSET,292,279.20919802188894,R4-VAPOR-SIDE,REGION-4,SaturatedMixture,279.20919802188894,6.340265239444113,0.999999,false,UNRESOLVED,Unspecified,,,,false,,
D1-BOUNDED-IF97-SUBSET,292,279.20919802188894,R2-SIDE,REGION-2,SuperheatedVapor,279.20919802188894,6.340201836791719,,false,UNRESOLVED,Unspecified,,,,false,,
D1-BOUNDED-IF97-SUBSET,293,279.42397137880334,R1-SIDE,REGION-1,SubcooledLiquid,279.42397137880334,6.360953608021738,,true,REGION-1,SubcooledLiquid,279.42397137845444,6.360953573878383,,true,-3.489049049676396E-10,-3.4143354810112214E-08
D1-BOUNDED-IF97-SUBSET,293,279.42397137880334,R4-LIQUID-SIDE,REGION-4,SaturatedMixture,279.42397137880334,6.3608899991217465,1E-06,false,UNRESOLVED,Unspecified,,,,false,,
D1-BOUNDED-IF97-SUBSET,293,279.42397137880334,R4-VAPOR-SIDE,REGION-4,SaturatedMixture,279.42397137880334,6.3608899991217465,0.999999,false,UNRESOLVED,Unspecified,,,,false,,
D1-BOUNDED-IF97-SUBSET,293,279.42397137880334,R2-SIDE,REGION-2,SuperheatedVapor,279.42397137880334,6.360826390221756,,false,UNRESOLVED,Unspecified,,,,false,,
D1-BOUNDED-IF97-SUBSET,294,279.63773699402816,R1-SIDE,REGION-1,SubcooledLiquid,279.63773699402816,6.381532640032515,,true,REGION-1,SubcooledLiquid,279.63773698286604,6.381532646654074,,true,-1.1162114788021427E-08,6.62155930086783E-09
D1-BOUNDED-IF97-SUBSET,294,279.63773699402816,R4-LIQUID-SIDE,REGION-4,SaturatedMixture,279.63773699402816,6.381468825344261,1E-06,false,UNRESOLVED,Unspecified,,,,false,,
D1-BOUNDED-IF97-SUBSET,294,279.63773699402816,R4-VAPOR-SIDE,REGION-4,SaturatedMixture,279.63773699402816,6.381468825344261,0.999999,false,UNRESOLVED,Unspecified,,,,false,,
D1-BOUNDED-IF97-SUBSET,294,279.63773699402816,R2-SIDE,REGION-2,SuperheatedVapor,279.63773699402816,6.3814050106560085,,false,UNRESOLVED,Unspecified,,,,false,,
D1-BOUNDED-IF97-SUBSET,295,279.8510682284831,R1-SIDE,REGION-1,SubcooledLiquid,279.8510682284831,6.402120508646861,,true,REGION-1,SubcooledLiquid,279.8510682286626,6.402120470789567,,true,1.795115167624317E-10,-3.785729330019194E-08
D1-BOUNDED-IF97-SUBSET,295,279.8510682284831,R4-LIQUID-SIDE,REGION-4,SaturatedMixture,279.8510682284831,6.402056488081979,1E-06,false,UNRESOLVED,Unspecified,,,,false,,
D1-BOUNDED-IF97-SUBSET,295,279.8510682284831,R4-VAPOR-SIDE,REGION-4,SaturatedMixture,279.8510682284831,6.402056488081979,0.999999,false,UNRESOLVED,Unspecified,,,,false,,
D1-BOUNDED-IF97-SUBSET,295,279.8510682284831,R2-SIDE,REGION-2,SuperheatedVapor,279.8510682284831,6.401992467517099,,false,UNRESOLVED,Unspecified,,,,false,,
D1-BOUNDED-IF97-SUBSET,296,280,R1-SIDE,REGION-1,SubcooledLiquid,280,6.416523446273189,,true,REGION-1,SubcooledLiquid,280,6.416523889876099,,true,0,4.436029099608163E-07
D1-BOUNDED-IF97-SUBSET,296,280,R4-LIQUID-SIDE,REGION-4,SaturatedMixture,280,6.416459281680371,1E-06,true,REGION-4-MIXTURE,SaturatedMixture,280,6.416459281680371,1.000000000003524E-06,true,0,0
D1-BOUNDED-IF97-SUBSET,296,280,R4-VAPOR-SIDE,REGION-4,SaturatedMixture,280,6.416459281680371,0.999999,true,REGION-4-MIXTURE,SaturatedMixture,280,6.416459281680371,0.999999,true,0,0
D1-BOUNDED-IF97-SUBSET,296,280,R2-SIDE,REGION-2,SuperheatedVapor,280,6.416395117087554,,true,REGION-2,SuperheatedVapor,280.0000000852772,6.416395118906474,,true,8.527717909601051E-08,1.8189192374507002E-09
D1-BOUNDED-IF97-SUBSET,297,280.0627813100815,R1-SIDE,REGION-1,SubcooledLiquid,280.0627813100815,6.422602329034578,,true,REGION-1,SubcooledLiquid,280.0627813005027,6.422602332867384,,true,-9.57879819907248E-09,3.832806072523454E-09
D1-BOUNDED-IF97-SUBSET,297,280.0627813100815,R4-LIQUID-SIDE,REGION-4,SaturatedMixture,280.0627813100815,6.422538103653541,1E-06,false,UNRESOLVED,Unspecified,,,,false,,
D1-BOUNDED-IF97-SUBSET,297,280.0627813100815,R4-VAPOR-SIDE,REGION-4,SaturatedMixture,280.0627813100815,6.422538103653541,0.999999,false,UNRESOLVED,Unspecified,,,,false,,
D1-BOUNDED-IF97-SUBSET,297,280.0627813100815,R2-SIDE,REGION-2,SuperheatedVapor,280.0627813100815,6.422473878272505,,false,UNRESOLVED,Unspecified,,,,false,,
D1-BOUNDED-IF97-SUBSET,298,280.2734861910343,R1-SIDE,REGION-1,SubcooledLiquid,280.2734861910343,6.4430362648107895,,true,REGION-1,SubcooledLiquid,280.2734861915511,6.443036225522327,,true,5.168203642824665E-10,-3.9288462261311E-08
D1-BOUNDED-IF97-SUBSET,298,280.2734861910343,R4-LIQUID-SIDE,REGION-4,SaturatedMixture,280.2734861910343,6.442971835092438,1E-06,false,UNRESOLVED,Unspecified,,,,false,,
D1-BOUNDED-IF97-SUBSET,298,280.2734861910343,R4-VAPOR-SIDE,REGION-4,SaturatedMixture,280.2734861910343,6.442971835092438,0.999999,false,UNRESOLVED,Unspecified,,,,false,,
D1-BOUNDED-IF97-SUBSET,298,280.2734861910343,R2-SIDE,REGION-2,SuperheatedVapor,280.2734861910343,6.442907405374087,,false,UNRESOLVED,Unspecified,,,,false,,
D1-BOUNDED-IF97-SUBSET,299,280.48288751244525,R1-SIDE,REGION-1,SubcooledLiquid,280.48288751244525,6.46339294088022,,true,REGION-1,SubcooledLiquid,280.4828875671435,6.463393037741638,,true,5.469826191983884E-08,9.686141844156282E-08
D1-BOUNDED-IF97-SUBSET,299,280.48288751244525,R4-LIQUID-SIDE,REGION-4,SaturatedMixture,280.48288751244525,6.463328307597143,1E-06,false,UNRESOLVED,Unspecified,,,,false,,
D1-BOUNDED-IF97-SUBSET,299,280.48288751244525,R4-VAPOR-SIDE,REGION-4,SaturatedMixture,280.48288751244525,6.463328307597143,0.999999,false,UNRESOLVED,Unspecified,,,,false,,
D1-BOUNDED-IF97-SUBSET,299,280.48288751244525,R2-SIDE,REGION-2,SuperheatedVapor,280.48288751244525,6.463263674314067,,false,UNRESOLVED,Unspecified,,,,false,,
D1-BOUNDED-IF97-SUBSET,300,280.6903158664703,R1-SIDE,REGION-1,SubcooledLiquid,280.6903158664703,6.483606214101304,,true,REGION-1,SubcooledLiquid,280.6903158907454,6.483606266077691,,true,2.4275095711345784E-08,5.1976387638319466E-08
D1-BOUNDED-IF97-SUBSET,300,280.6903158664703,R4-LIQUID-SIDE,REGION-4,SaturatedMixture,280.6903158664703,6.483541378687517,1E-06,false,UNRESOLVED,Unspecified,,,,false,,
D1-BOUNDED-IF97-SUBSET,300,280.6903158664703,R4-VAPOR-SIDE,REGION-4,SaturatedMixture,280.6903158664703,6.483541378687517,0.999999,false,UNRESOLVED,Unspecified,,,,false,,
D1-BOUNDED-IF97-SUBSET,300,280.6903158664703,R2-SIDE,REGION-2,SuperheatedVapor,280.6903158664703,6.4834765432737305,,false,UNRESOLVED,Unspecified,,,,false,,
D1-BOUNDED-IF97-SUBSET,301,280.8963150322435,R1-SIDE,REGION-1,SubcooledLiquid,280.8963150322435,6.5037279677790245,,true,REGION-1,SubcooledLiquid,280.8963150495996,6.503727978058307,,true,1.7356114767608233E-08,1.0279282314229476E-08
D1-BOUNDED-IF97-SUBSET,301,280.8963150322435,R4-LIQUID-SIDE,REGION-4,SaturatedMixture,280.8963150322435,6.503662931149712,1E-06,false,UNRESOLVED,Unspecified,,,,false,,
D1-BOUNDED-IF97-SUBSET,301,280.8963150322435,R4-VAPOR-SIDE,REGION-4,SaturatedMixture,280.8963150322435,6.503662931149712,0.999999,false,UNRESOLVED,Unspecified,,,,false,,
D1-BOUNDED-IF97-SUBSET,301,280.8963150322435,R2-SIDE,REGION-2,SuperheatedVapor,280.8963150322435,6.503597894520401,,false,UNRESOLVED,Unspecified,,,,false,,
D1-BOUNDED-IF97-SUBSET,302,281.1006812334059,R1-SIDE,REGION-1,SubcooledLiquid,281.1006812334059,6.523737314582474,,true,REGION-1,SubcooledLiquid,281.1006812249243,6.523737282434473,,true,-8.481606528221164E-09,-3.214800159412334E-08
D1-BOUNDED-IF97-SUBSET,302,281.1006812334059,R4-LIQUID-SIDE,REGION-4,SaturatedMixture,281.1006812334059,6.523672077861695,1E-06,false,UNRESOLVED,Unspecified,,,,false,,
D1-BOUNDED-IF97-SUBSET,302,281.1006812334059,R4-VAPOR-SIDE,REGION-4,SaturatedMixture,281.1006812334059,6.523672077861695,0.999999,false,UNRESOLVED,Unspecified,,,,false,,
D1-BOUNDED-IF97-SUBSET,302,281.1006812334059,R2-SIDE,REGION-2,SuperheatedVapor,281.1006812334059,6.523606841140917,,false,UNRESOLVED,Unspecified,,,,false,,
D1-BOUNDED-IF97-SUBSET,303,281.3032880485058,R1-SIDE,REGION-1,SubcooledLiquid,281.3032880485058,6.543620785039116,,true,REGION-1,SubcooledLiquid,281.30328803831276,6.543620801132846,,true,-1.0193048183282372E-08,1.609372990429847E-08
D1-BOUNDED-IF97-SUBSET,303,281.3032880485058,R4-LIQUID-SIDE,REGION-4,SaturatedMixture,281.3032880485058,6.5435553494856205,1E-06,false,UNRESOLVED,Unspecified,,,,false,,
D1-BOUNDED-IF97-SUBSET,303,281.3032880485058,R4-VAPOR-SIDE,REGION-4,SaturatedMixture,281.3032880485058,6.5435553494856205,0.999999,false,UNRESOLVED,Unspecified,,,,false,,
D1-BOUNDED-IF97-SUBSET,303,281.3032880485058,R2-SIDE,REGION-2,SuperheatedVapor,281.3032880485058,6.543489913932126,,false,UNRESOLVED,Unspecified,,,,false,,
D1-BOUNDED-IF97-SUBSET,304,281.5040671765804,R1-SIDE,REGION-1,SubcooledLiquid,281.5040671765804,6.56337052415617,,true,REGION-1,SubcooledLiquid,281.50406720186663,6.563370593473506,,true,2.5286226446041837E-08,6.93173358712329E-08
D1-BOUNDED-IF97-SUBSET,304,281.5040671765804,R4-LIQUID-SIDE,REGION-4,SaturatedMixture,281.5040671765804,6.563304891107259,1E-06,false,UNRESOLVED,Unspecified,,,,false,,
D1-BOUNDED-IF97-SUBSET,304,281.5040671765804,R4-VAPOR-SIDE,REGION-4,SaturatedMixture,281.5040671765804,6.563304891107259,0.999999,false,UNRESOLVED,Unspecified,,,,false,,
D1-BOUNDED-IF97-SUBSET,304,281.5040671765804,R2-SIDE,REGION-2,SuperheatedVapor,281.5040671765804,6.563239258058348,,false,UNRESOLVED,Unspecified,,,,false,,
D1-BOUNDED-IF97-SUBSET,305,281.7029600799086,R1-SIDE,REGION-1,SubcooledLiquid,281.7029600799086,6.582979585869305,,true,REGION-1,SubcooledLiquid,281.7029601067569,6.582979619472771,,true,2.684828359633684E-08,3.3603465787734876E-08
D1-BOUNDED-IF97-SUBSET,305,281.7029600799086,R4-LIQUID-SIDE,REGION-4,SaturatedMixture,281.7029600799086,6.582913756731737,1E-06,false,UNRESOLVED,Unspecified,,,,false,,
D1-BOUNDED-IF97-SUBSET,305,281.7029600799086,R4-VAPOR-SIDE,REGION-4,SaturatedMixture,281.7029600799086,6.582913756731737,0.999999,false,UNRESOLVED,Unspecified,,,,false,,
D1-BOUNDED-IF97-SUBSET,305,281.7029600799086,R2-SIDE,REGION-2,SuperheatedVapor,281.7029600799086,6.5828479275941705,,false,UNRESOLVED,Unspecified,,,,false,,
D1-BOUNDED-IF97-SUBSET,306,281.8999184429648,R1-SIDE,REGION-1,SubcooledLiquid,281.8999184429648,6.602441990593039,,true,REGION-1,SubcooledLiquid,281.8999184563055,6.602441988489708,,true,1.3340695659280755E-08,-2.1033317310070743E-09
D1-BOUNDED-IF97-SUBSET,306,281.8999184429648,R4-LIQUID-SIDE,REGION-4,SaturatedMixture,281.8999184429648,6.602375966833371,1E-06,false,UNRESOLVED,Unspecified,,,,false,,
D1-BOUNDED-IF97-SUBSET,306,281.8999184429648,R4-VAPOR-SIDE,REGION-4,SaturatedMixture,281.8999184429648,6.602375966833371,0.999999,false,UNRESOLVED,Unspecified,,,,false,,
D1-BOUNDED-IF97-SUBSET,306,281.8999184429648,R2-SIDE,REGION-2,SuperheatedVapor,281.8999184429648,6.602309943073703,,false,UNRESOLVED,Unspecified,,,,false,,
D1-BOUNDED-IF97-SUBSET,307,282.0949025034904,R1-SIDE,REGION-1,SubcooledLiquid,282.0949025034904,6.621752572190351,,true,REGION-1,SubcooledLiquid,282.0949025085682,6.621752536447531,,true,5.07782260683598E-09,-3.574282025908815E-08
D1-BOUNDED-IF97-SUBSET,307,282.0949025034904,R4-LIQUID-SIDE,REGION-4,SaturatedMixture,282.0949025034904,6.621686355326797,1E-06,true,REGION-4-MIXTURE,SaturatedMixture,282.0949025034904,6.621686355326797,9.999999999980969E-07,true,0,0
D1-BOUNDED-IF97-SUBSET,307,282.0949025034904,R4-VAPOR-SIDE,REGION-4,SaturatedMixture,282.0949025034904,6.621686355326797,0.999999,false,UNRESOLVED,Unspecified,,,,false,,
D1-BOUNDED-IF97-SUBSET,307,282.0949025034904,R2-SIDE,REGION-2,SuperheatedVapor,282.0949025034904,6.621620138463244,,false,UNRESOLVED,Unspecified,,,,false,,
D1-BOUNDED-IF97-SUBSET,308,282.28788021802904,R1-SIDE,REGION-1,SubcooledLiquid,282.28788021802904,6.640906905415551,,true,REGION-1,SubcooledLiquid,282.28788021338846,6.640906924433901,,true,-4.640583028958645E-09,1.9018350450039634E-08
D1-BOUNDED-IF97-SUBSET,308,282.28788021802904,R4-LIQUID-SIDE,REGION-4,SaturatedMixture,282.28788021802904,6.64084049701058,1E-06,false,UNRESOLVED,Unspecified,,,,false,,
D1-BOUNDED-IF97-SUBSET,308,282.28788021802904,R4-VAPOR-SIDE,REGION-4,SaturatedMixture,282.28788021802904,6.64084049701058,0.999999,false,UNRESOLVED,Unspecified,,,,false,,
D1-BOUNDED-IF97-SUBSET,308,282.28788021802904,R2-SIDE,REGION-2,SuperheatedVapor,282.28788021802904,6.64077408860561,,false,UNRESOLVED,Unspecified,,,,false,,
D1-BOUNDED-IF97-SUBSET,309,282.4788263857366,R1-SIDE,REGION-1,SubcooledLiquid,282.4788263857366,6.659901227894608,,true,REGION-1,SubcooledLiquid,282.4788263952911,6.659901218728949,,true,9.554469215800054E-09,-9.165658454435288E-09
D1-BOUNDED-IF97-SUBSET,309,282.4788263857366,R4-LIQUID-SIDE,REGION-4,SaturatedMixture,282.4788263857366,6.659834629548312,1E-06,false,UNRESOLVED,Unspecified,,,,false,,
D1-BOUNDED-IF97-SUBSET,309,282.4788263857366,R4-VAPOR-SIDE,REGION-4,SaturatedMixture,282.4788263857366,6.659834629548312,0.999999,false,UNRESOLVED,Unspecified,,,,false,,
D1-BOUNDED-IF97-SUBSET,309,282.4788263857366,R2-SIDE,REGION-2,SuperheatedVapor,282.4788263857366,6.659768031202017,,false,UNRESOLVED,Unspecified,,,,false,,
D1-BOUNDED-IF97-SUBSET,310,282.6677221894266,R1-SIDE,REGION-1,SubcooledLiquid,282.6677221894266,6.678732402405449,,true,REGION-1,SubcooledLiquid,282.6677221539054,6.678732360824195,,true,-3.5521225072443485E-08,-4.1581253995559564E-08
D1-BOUNDED-IF97-SUBSET,310,282.6677221894266,R4-LIQUID-SIDE,REGION-4,SaturatedMixture,282.6677221894266,6.67866561574929,1E-06,false,UNRESOLVED,Unspecified,,,,false,,
D1-BOUNDED-IF97-SUBSET,310,282.6677221894266,R4-VAPOR-SIDE,REGION-4,SaturatedMixture,282.6677221894266,6.67866561574929,0.999999,false,UNRESOLVED,Unspecified,,,,false,,
D1-BOUNDED-IF97-SUBSET,310,282.6677221894266,R2-SIDE,REGION-2,SuperheatedVapor,282.6677221894266,6.678598829093133,,false,UNRESOLVED,Unspecified,,,,false,,
D1-BOUNDED-IF97-SUBSET,311,282.8545599937439,R1-SIDE,REGION-1,SubcooledLiquid,282.8545599937439,6.697398404150968,,true,REGION-1,SubcooledLiquid,282.854560000162,6.697398427432199,,true,6.418076736736111E-09,2.3281230276950282E-08
D1-BOUNDED-IF97-SUBSET,311,282.8545599937439,R4-LIQUID-SIDE,REGION-4,SaturatedMixture,282.8545599937439,6.69733143083666,1E-06,false,UNRESOLVED,Unspecified,,,,false,,
D1-BOUNDED-IF97-SUBSET,311,282.8545599937439,R4-VAPOR-SIDE,REGION-4,SaturatedMixture,282.8545599937439,6.69733143083666,0.999999,false,UNRESOLVED,Unspecified,,,,false,,
D1-BOUNDED-IF97-SUBSET,311,282.8545599937439,R2-SIDE,REGION-2,SuperheatedVapor,282.8545599937439,6.697264457522352,,false,UNRESOLVED,Unspecified,,,,false,,
D1-BOUNDED-IF97-SUBSET,312,283.03934067487717,R1-SIDE,REGION-1,SubcooledLiquid,283.03934067487717,6.715898065413205,,true,REGION-1,SubcooledLiquid,283.0393406523457,6.715898061271383,,true,-2.253148068120936E-08,-4.141821996483941E-09
D1-BOUNDED-IF97-SUBSET,312,283.03934067487717,R4-LIQUID-SIDE,REGION-4,SaturatedMixture,283.03934067487717,6.7158309071041336,1E-06,false,UNRESOLVED,Unspecified,,,,false,,
D1-BOUNDED-IF97-SUBSET,312,283.03934067487717,R4-VAPOR-SIDE,REGION-4,SaturatedMixture,283.03934067487717,6.7158309071041336,0.999999,false,UNRESOLVED,Unspecified,,,,false,,
D1-BOUNDED-IF97-SUBSET,312,283.03934067487717,R2-SIDE,REGION-2,SuperheatedVapor,283.03934067487717,6.715763748795063,,false,UNRESOLVED,Unspecified,,,,false,,
D1-BOUNDED-IF97-SUBSET,313,283.2220691144465,R1-SIDE,REGION-1,SubcooledLiquid,283.2220691144465,6.734230632146775,,true,REGION-1,SubcooledLiquid,283.22206913802063,6.734230696690862,,true,2.35741026699543E-08,6.454408651990207E-08
D1-BOUNDED-IF97-SUBSET,313,283.2220691144465,R4-LIQUID-SIDE,REGION-4,SaturatedMixture,283.2220691144465,6.7341632905138695,1E-06,false,UNRESOLVED,Unspecified,,,,false,,
D1-BOUNDED-IF97-SUBSET,313,283.2220691144465,R4-VAPOR-SIDE,REGION-4,SaturatedMixture,283.2220691144465,6.7341632905138695,0.999999,false,UNRESOLVED,Unspecified,,,,false,,
D1-BOUNDED-IF97-SUBSET,313,283.2220691144465,R2-SIDE,REGION-2,SuperheatedVapor,283.2220691144465,6.734095948880965,,false,UNRESOLVED,Unspecified,,,,false,,
D1-BOUNDED-IF97-SUBSET,314,283.4027534067633,R1-SIDE,REGION-1,SubcooledLiquid,283.4027534067633,6.7523956884243885,,true,REGION-1,SubcooledLiquid,283.4027534091924,6.752395729756085,,true,2.4291466615977697E-09,4.133169628772748E-08
D1-BOUNDED-IF97-SUBSET,314,283.4027534067633,R4-LIQUID-SIDE,REGION-4,SaturatedMixture,283.4027534067633,6.752328165142736,1E-06,false,UNRESOLVED,Unspecified,,,,false,,
D1-BOUNDED-IF97-SUBSET,314,283.4027534067633,R4-VAPOR-SIDE,REGION-4,SaturatedMixture,283.4027534067633,6.752328165142736,0.999999,false,UNRESOLVED,Unspecified,,,,false,,
D1-BOUNDED-IF97-SUBSET,314,283.4027534067633,R2-SIDE,REGION-2,SuperheatedVapor,283.4027534067633,6.752260641861085,,false,UNRESOLVED,Unspecified,,,,false,,
D1-BOUNDED-IF97-SUBSET,315,283.581404775381,R1-SIDE,REGION-1,SubcooledLiquid,283.581404775381,6.770393151311303,,true,REGION-1,SubcooledLiquid,283.5814047943044,6.770393174947505,,true,1.892340151243843E-08,2.3636201440524474E-08
D1-BOUNDED-IF97-SUBSET,315,283.581404775381,R4-LIQUID-SIDE,REGION-4,SaturatedMixture,283.581404775381,6.7703254480568225,1E-06,false,UNRESOLVED,Unspecified,,,,false,,
D1-BOUNDED-IF97-SUBSET,315,283.581404775381,R4-VAPOR-SIDE,REGION-4,SaturatedMixture,283.581404775381,6.7703254480568225,0.999999,false,UNRESOLVED,Unspecified,,,,false,,
D1-BOUNDED-IF97-SUBSET,315,283.581404775381,R2-SIDE,REGION-2,SuperheatedVapor,283.581404775381,6.770257744802342,,false,UNRESOLVED,Unspecified,,,,false,,
D1-BOUNDED-IF97-SUBSET,316,283.75422302484503,R1-SIDE,REGION-1,SubcooledLiquid,283.75422302484503,6.787837837366972,,true,REGION-1,SubcooledLiquid,283.7542230407563,6.787837847206552,,true,1.5911268747004215E-08,9.839579817594313E-09
D1-BOUNDED-IF97-SUBSET,316,283.75422302484503,R4-LIQUID-SIDE,REGION-4,SaturatedMixture,283.75422302484503,6.787769959667375,1E-06,false,UNRESOLVED,Unspecified,,,,false,,
D1-BOUNDED-IF97-SUBSET,316,283.75422302484503,R4-VAPOR-SIDE,REGION-4,SaturatedMixture,283.75422302484503,6.787769959667375,0.999999,false,UNRESOLVED,Unspecified,,,,false,,
D1-BOUNDED-IF97-SUBSET,316,283.75422302484503,R2-SIDE,REGION-2,SuperheatedVapor,283.75422302484503,6.787702081967779,,false,UNRESOLVED,Unspecified,,,,false,,
D1-BOUNDED-IF97-SUBSET,317,283.8935488522053,R1-SIDE,REGION-1,SubcooledLiquid,283.8935488522053,6.801926707692328,,true,REGION-1,SubcooledLiquid,283.8935488391885,6.801926693655148,,true,-1.301680185861187E-08,-1.4037179418835422E-08
D1-BOUNDED-IF97-SUBSET,317,283.8935488522053,R4-LIQUID-SIDE,REGION-4,SaturatedMixture,283.8935488522053,6.801858689105436,1E-06,false,UNRESOLVED,Unspecified,,,,false,,
D1-BOUNDED-IF97-SUBSET,317,283.8935488522053,R4-VAPOR-SIDE,REGION-4,SaturatedMixture,283.8935488522053,6.801858689105436,0.999999,false,UNRESOLVED,Unspecified,,,,false,,
D1-BOUNDED-IF97-SUBSET,317,283.8935488522053,R2-SIDE,REGION-2,SuperheatedVapor,283.8935488522053,6.801790670518545,,false,UNRESOLVED,Unspecified,,,,false,,
D1-BOUNDED-IF97-SUBSET,318,300,R1-SIDE,REGION-1,SubcooledLiquid,300,8.587794206640561,,true,REGION-1,SubcooledLiquid,299.999999999995,8.587794206606759,,true,-5.002220859751105E-12,-3.3802294296947366E-11
D1-BOUNDED-IF97-SUBSET,318,300,R4-LIQUID-SIDE,REGION-4,SaturatedMixture,300,8.587708329557264,1E-06,true,REGION-4-MIXTURE,SaturatedMixture,300,8.587708329557264,1.0000000000037563E-06,true,0,0
D1-BOUNDED-IF97-SUBSET,318,300,R4-VAPOR-SIDE,REGION-4,SaturatedMixture,300,8.587708329557264,0.999999,true,REGION-4-MIXTURE,SaturatedMixture,300,8.587708329557264,0.999999,true,0,0
D1-BOUNDED-IF97-SUBSET,318,300,R2-SIDE,REGION-2,SuperheatedVapor,300,8.587622452473969,,true,REGION-2,SuperheatedVapor,300.0000000000432,8.58762245246872,,true,4.320099833421409E-11,-5.24913446042774E-12
D1-BOUNDED-IF97-SUBSET,319,340,R1-SIDE,REGION-1,SubcooledLiquid,340,14.600327058615827,,true,REGION-1,SubcooledLiquid,339.9999999998279,14.600327058162275,,true,-1.7212187231052667E-10,-4.5355186273354775E-10
D1-BOUNDED-IF97-SUBSET,319,340,R4-LIQUID-SIDE,REGION-4,SaturatedMixture,340,14.600181056805258,1E-06,true,REGION-4-MIXTURE,SaturatedMixture,340,14.600181056805258,9.999999999909102E-07,true,0,0
D1-BOUNDED-IF97-SUBSET,319,340,R4-VAPOR-SIDE,REGION-4,SaturatedMixture,340,14.600181056805258,0.999999,true,REGION-4-MIXTURE,SaturatedMixture,340,14.600181056805258,0.999999,true,0,0
D1-BOUNDED-IF97-SUBSET,319,340,R2-SIDE,REGION-2,SuperheatedVapor,340,14.600035054994692,,true,REGION-2,SuperheatedVapor,340.0000000003157,14.600035054921657,,true,3.157083483529277E-10,-7.30349114519413E-11
