candidate_id,probe_id,logical_step,elapsed_s,path_id,from_node,to_node,candidate_resolved,candidate_driving_pa,candidate_flow_kg_s,canonical_flow_kg_s,if97_counterfactual_flow_kg_s,abs_candidate_minus_canonical_flow_kg_s,abs_candidate_minus_if97_flow_kg_s,driving_sign_changed_from_production
B1-PIECEWISE-REDUCED,background-reference,0,0,MCP,suction,pressure,true,988494.808517376,140.60546280407286,99.99999997333269,140.60207245483593,40.605462830740166,0.0033903492369233845,false
B1-PIECEWISE-REDUCED,background-reference,0,0,CHANNEL,pressure,outlet,true,-505498.3677952745,-142.19681681321484,99.99999996288139,-142.11354382289005,242.19681677609623,0.08327299032478663,true
B1-PIECEWISE-REDUCED,background-reference,0,0,RETURN,outlet,drum,true,425396.06027194933,130.44478682905643,100.00000029567853,130.36092910618171,30.444786533377894,0.08385772287471127,false
B1-PIECEWISE-REDUCED,background-reference,0,0,FEEDWATER-PUMP,feedwater-inventory,drum,true,1163471.6526455898,34.109700271998726,13.339237172210026,34.06551370276052,20.7704630997887,0.04418656923820663,false
B1-PIECEWISE-REDUCED,background-reference,6000,60,MCP,suction,pressure,true,988494.808517376,140.60546280407286,100.000000003839,140.60207245483593,40.60546280023385,0.0033903492369233845,false
B1-PIECEWISE-REDUCED,background-reference,6000,60,CHANNEL,pressure,outlet,true,-505498.3677952745,-142.19681681321484,100.00000043029934,-142.11354382289005,242.19681724351418,0.08327299032478663,true
B1-PIECEWISE-REDUCED,background-reference,6000,60,RETURN,outlet,drum,true,425396.06027194933,130.44478682905643,99.99999987008255,130.36092910618171,30.44478695897388,0.08385772287471127,false
B1-PIECEWISE-REDUCED,background-reference,6000,60,FEEDWATER-PUMP,feedwater-inventory,drum,true,1163471.652799978,34.10970027426183,13.339237023112535,34.065513705715254,20.770463251149298,0.04418656854657854,false
B1-PIECEWISE-REDUCED,background-reference,12000,120,MCP,suction,pressure,true,988494.808517376,140.60546280407286,100.00000010143063,140.60207245483593,40.60546270264223,0.0033903492369233845,false
B1-PIECEWISE-REDUCED,background-reference,12000,120,CHANNEL,pressure,outlet,true,-505498.3677952745,-142.19681681321484,100.00000009932015,-142.11354382289005,242.19681691253498,0.08327299032478663,true
B1-PIECEWISE-REDUCED,background-reference,12000,120,RETURN,outlet,drum,true,425396.06027194933,130.44478682905643,100.00000029567853,130.36092910618171,30.444786533377894,0.08385772287471127,false
B1-PIECEWISE-REDUCED,background-reference,12000,120,FEEDWATER-PUMP,feedwater-inventory,drum,true,1163471.6527637504,34.10970027373079,13.339237176842365,34.06551370675567,20.77046309688842,0.04418656697512091,false
B1-PIECEWISE-REDUCED,background-reference,18000,180,MCP,suction,pressure,true,988494.808517376,140.60546280407286,100.00000009616716,140.60207245483593,40.6054627079057,0.0033903492369233845,false
B1-PIECEWISE-REDUCED,background-reference,18000,180,CHANNEL,pressure,outlet,true,-505498.3677952745,-142.19681681321484,100.00000009680781,-142.11354382289005,242.19681691002265,0.08327299032478663,true
B1-PIECEWISE-REDUCED,background-reference,18000,180,RETURN,outlet,drum,true,425396.06027194933,130.44478682905643,100.00000029567853,130.36092910618171,30.444786533377894,0.08385772287471127,false
B1-PIECEWISE-REDUCED,background-reference,18000,180,FEEDWATER-PUMP,feedwater-inventory,drum,true,1163471.6531195538,34.10970027894636,13.339237190766049,34.06551371802623,20.770463088180314,0.04418656092013151,false
B1-PIECEWISE-REDUCED,background-reference,24000,240,MCP,suction,pressure,true,988494.808517376,140.60546280407286,100.00000018385984,140.60207245483593,40.60546262021302,0.0033903492369233845,false
B1-PIECEWISE-REDUCED,background-reference,24000,240,CHANNEL,pressure,outlet,true,-505498.3677952745,-142.19681681321484,99.99999976134636,-142.11354436030103,242.19681657456118,0.08327245291380336,true
B1-PIECEWISE-REDUCED,background-reference,24000,240,RETURN,outlet,drum,true,425396.06027194933,130.44478682905643,100.00000072127246,130.36092969204267,30.44478610778397,0.08385713701375153,false
B1-PIECEWISE-REDUCED,background-reference,24000,240,FEEDWATER-PUMP,feedwater-inventory,drum,true,1163471.652800179,34.10970027426478,13.339237178719115,34.065513713317145,20.770463095545665,0.04418656094763662,false
B1-PIECEWISE-REDUCED,background-reference,30000,300,MCP,suction,pressure,true,988494.808517376,140.60546280407286,100.00000033101328,140.60207245483593,40.605462473059575,0.0033903492369233845,false
B1-PIECEWISE-REDUCED,background-reference,30000,300,CHANNEL,pressure,outlet,true,-505498.3677952745,-142.19681681321484,99.99999990880563,-142.113544091596,242.19681672202046,0.08327272161884025,true
B1-PIECEWISE-REDUCED,background-reference,30000,300,RETURN,outlet,drum,true,425396.06027194933,130.44478682905643,100.00000072127246,130.36092939911268,30.44478610778397,0.08385742994374823,false
B1-PIECEWISE-REDUCED,background-reference,30000,300,FEEDWATER-PUMP,feedwater-inventory,drum,true,1163471.6529008057,34.10970027573983,13.339237182691566,34.06551371772178,20.770463093048267,0.04418655801805471,false
B1-PIECEWISE-REDUCED,background-reference,36000,360,MCP,suction,pressure,true,988494.808517376,140.60546280407286,100.00000036006765,140.60207245483593,40.60546244400521,0.0033903492369233845,false
B1-PIECEWISE-REDUCED,background-reference,36000,360,CHANNEL,pressure,outlet,true,-505498.3677952745,-142.19681681321484,100.00000035644844,-142.113544091596,242.1968171696633,0.08327272161884025,true
B1-PIECEWISE-REDUCED,background-reference,36000,360,RETURN,outlet,drum,true,425396.06027194933,130.44478682905643,99.99999989456386,130.36092939911268,30.44478693449257,0.08385742994374823,false
B1-PIECEWISE-REDUCED,background-reference,36000,360,FEEDWATER-PUMP,feedwater-inventory,drum,true,1163471.6536418637,34.10970028660269,13.339237210683912,34.065513731489276,20.770463075918776,0.04418655511341285,false
B1-PIECEWISE-REDUCED,background-reference,42000,420,MCP,suction,pressure,true,988494.808517376,140.60546280407286,100.00000053991201,140.60207245483593,40.60546226416085,0.0033903492369233845,false
B1-PIECEWISE-REDUCED,background-reference,42000,420,CHANNEL,pressure,outlet,true,-505498.3677952745,-142.19681681321484,100.00000011285562,-142.113544091596,242.19681692607045,0.08327272161884025,true
B1-PIECEWISE-REDUCED,background-reference,42000,420,RETURN,outlet,drum,true,425396.06027194933,130.44478682905643,100.00000114687066,130.36092939911268,30.444785682185767,0.08385742994374823,false
B1-PIECEWISE-REDUCED,background-reference,42000,420,FEEDWATER-PUMP,feedwater-inventory,drum,true,1163471.6531653246,34.1097002796173,13.339237038396698,34.065513730895894,20.770463241220604,0.04418654872140593,false
B1-PIECEWISE-REDUCED,background-reference,48000,480,MCP,suction,pressure,true,988494.808517376,140.60546280407286,100.00000075982659,140.60207245483593,40.605462044246266,0.0033903492369233845,false
B1-PIECEWISE-REDUCED,background-reference,48000,480,CHANNEL,pressure,outlet,true,-505498.3677952745,-142.19681681321484,100.00000037672613,-142.113544091596,242.196817189941,0.08327272161884025,true
B1-PIECEWISE-REDUCED,background-reference,48000,480,RETURN,outlet,drum,true,425396.06027194933,130.44478682905643,100.00000114687066,130.36092939911268,30.444785682185767,0.08385742994374823,false
B1-PIECEWISE-REDUCED,background-reference,48000,480,FEEDWATER-PUMP,feedwater-inventory,drum,true,1163471.6534684664,34.109700284060935,13.339237050124458,34.06551374016744,20.770463233936475,0.04418654389349541,false
B1-PIECEWISE-REDUCED,background-reference,54000,540,MCP,suction,pressure,true,988494.808517376,140.60546280407286,100.00000083033684,140.60207245483593,40.60546197373601,0.0033903492369233845,false
B1-PIECEWISE-REDUCED,background-reference,54000,540,CHANNEL,pressure,outlet,true,-505498.3677952745,-142.19681681321484,100.00000083172098,-142.11354436030103,242.19681764493583,0.08327245291380336,true
B1-PIECEWISE-REDUCED,background-reference,54000,540,RETURN,outlet,drum,true,425396.06027194933,130.44478682905643,100.00000032016206,130.36092969204267,30.444786508894367,0.08385713701375153,false
B1-PIECEWISE-REDUCED,background-reference,54000,540,FEEDWATER-PUMP,feedwater-inventory,drum,true,1163471.6543308664,34.1097002967025,13.339237237770089,34.06551375831395,20.77046305893241,0.044186538388551355,false
B1-PIECEWISE-REDUCED,background-reference,60000,600,MCP,suction,pressure,true,988494.808517376,140.60546280407286,100.00000097387097,140.60207245483593,40.60546183020189,0.0033903492369233845,false
B1-PIECEWISE-REDUCED,background-reference,60000,600,CHANNEL,pressure,outlet,true,-505498.3677952745,-142.19681681321484,100.00000135723388,-142.11354436030103,242.19681817044872,0.08327245291380336,true
B1-PIECEWISE-REDUCED,background-reference,60000,600,RETURN,outlet,drum,true,425396.06027194933,130.44478682905643,100.00000032016206,130.36092969204267,30.444786508894367,0.08385713701375153,false
B1-PIECEWISE-REDUCED,background-reference,60000,600,FEEDWATER-PUMP,feedwater-inventory,drum,true,1163471.6548150955,34.10970030380061,13.339237256604022,34.06551377376177,20.770463047196586,0.04418653003883577,false
B1-PIECEWISE-REDUCED,exact-v9-5-to-6mwe,2784,0,MCP,suction,pressure,true,990747.2746293076,140.76556927241174,107.86984523242108,140.76272650661087,32.895724039990654,0.0028427658008638446,false
B1-PIECEWISE-REDUCED,exact-v9-5-to-6mwe,2784,0,CHANNEL,pressure,outlet,true,-565494.4287197612,-150.39872721798693,107.84867014590101,-150.40649876813353,258.24739736388796,0.007771550146600248,true
B1-PIECEWISE-REDUCED,exact-v9-5-to-6mwe,2784,0,RETURN,outlet,drum,true,458512.5386399174,135.42710786839058,106.24742123397387,135.46582049941685,29.17968663441671,0.03871263102627154,false
B1-PIECEWISE-REDUCED,exact-v9-5-to-6mwe,2784,0,FEEDWATER-PUMP,feedwater-inventory,drum,true,1174088.1942198193,34.264970366539345,13.364068550512673,34.24043673887731,20.90090181602667,0.024533627662037816,false
B1-PIECEWISE-REDUCED,exact-v9-5-to-6mwe,8784,60,MCP,suction,pressure,true,981154.8765415568,140.0824668930096,101.88596059705775,140.0770994577336,38.19650629595186,0.005367435276014021,false
B1-PIECEWISE-REDUCED,exact-v9-5-to-6mwe,8784,60,CHANNEL,pressure,outlet,true,-510088.90760796354,-142.84101758360077,101.87204702968509,-142.75357325095587,244.71306461328587,0.08744433264490681,true
B1-PIECEWISE-REDUCED,exact-v9-5-to-6mwe,8784,60,RETURN,outlet,drum,true,473457.4661778348,137.61649118878665,103.39170488316243,137.48947677415262,34.22478630562422,0.12701441463403285,false
B1-PIECEWISE-REDUCED,exact-v9-5-to-6mwe,8784,60,FEEDWATER-PUMP,feedwater-inventory,drum,true,1086842.2459903117,32.96729054669661,14.844986146362718,32.96820780885821,18.122304400333892,0.000917262161600263,false
B1-PIECEWISE-REDUCED,exact-v9-5-to-6mwe,14784,120,MCP,suction,pressure,true,933077.1337524055,136.60725703654293,105.4283494310372,136.6156308708177,31.178907605505728,0.008373834274777892,false
B1-PIECEWISE-REDUCED,exact-v9-5-to-6mwe,14784,120,CHANNEL,pressure,outlet,true,-404561.67097397964,-127.2103252057756,105.24942188936794,-127.22845089961612,232.45974709514354,0.018125693840516988,true
B1-PIECEWISE-REDUCED,exact-v9-5-to-6mwe,14784,120,RETURN,outlet,drum,true,471573.7241236395,137.34245143052303,105.44361352904157,137.35568764485186,31.898837901481457,0.0132362143288276,false
B1-PIECEWISE-REDUCED,exact-v9-5-to-6mwe,14784,120,FEEDWATER-PUMP,feedwater-inventory,drum,true,1130505.9848702904,33.62299785667974,17.28422915929627,33.62855361896356,16.33876869738347,0.0055557622838193765,false
B1-PIECEWISE-REDUCED,exact-v9-5-to-6mwe,20784,180,MCP,suction,pressure,true,926282.7180739981,136.1089797238961,102.40247734510908,136.124760995881,33.706502378787036,0.015781271984877776,false
B1-PIECEWISE-REDUCED,exact-v9-5-to-6mwe,20784,180,CHANNEL,pressure,outlet,true,-433393.1015850148,-131.66519685703048,102.20690760511592,-131.62967923375192,233.8721044621464,0.035517623278565225,true
B1-PIECEWISE-REDUCED,exact-v9-5-to-6mwe,20784,180,RETURN,outlet,drum,true,461911.8201198145,135.92818988271924,102.44235749603615,135.88262751543286,33.485832386683086,0.04556236728637941,false
B1-PIECEWISE-REDUCED,exact-v9-5-to-6mwe,20784,180,FEEDWATER-PUMP,feedwater-inventory,drum,true,1095968.2076757113,33.10541054987404,16.300026961658304,33.10983003962199,16.805383588215733,0.0044194897479528095,false
B1-PIECEWISE-REDUCED,exact-v9-5-to-6mwe,26784,240,MCP,suction,pressure,true,943855.3495831332,137.39398455413783,100.62036726164747,137.38188465831266,36.77361729249036,0.012099895825173235,false
B1-PIECEWISE-REDUCED,exact-v9-5-to-6mwe,26784,240,CHANNEL,pressure,outlet,true,-472163.04593719903,-137.42824250308945,100.48674934486715,-137.3577994992708,237.9149918479566,0.07044300381863877,true
B1-PIECEWISE-REDUCED,exact-v9-5-to-6mwe,26784,240,RETURN,outlet,drum,true,456054.5286770843,135.06361888785364,100.57260301236511,135.02110284294974,34.49101587548853,0.04251604490389127,false
B1-PIECEWISE-REDUCED,exact-v9-5-to-6mwe,26784,240,FEEDWATER-PUMP,feedwater-inventory,drum,true,1090575.7551224083,33.02386644719858,16.093376058894673,33.02890140500069,16.930490388303905,0.00503495780210983,false
B1-PIECEWISE-REDUCED,exact-v9-5-to-6mwe,32784,300,MCP,suction,pressure,true,962641.9139060251,138.75459732246892,99.61536509407972,138.73592198081545,39.139232228389204,0.018675341653477062,false
B1-PIECEWISE-REDUCED,exact-v9-5-to-6mwe,32784,300,CHANNEL,pressure,outlet,true,-503230.37542828784,-141.87746479667416,99.54485995603764,-141.81422437889267,241.4223247527118,0.06324041778148626,true
B1-PIECEWISE-REDUCED,exact-v9-5-to-6mwe,32784,300,RETURN,outlet,drum,true,452951.10765418835,134.6032849011031,99.5653970684299,134.58710045938264,35.037887832673206,0.016184441720469067,false
B1-PIECEWISE-REDUCED,exact-v9-5-to-6mwe,32784,300,FEEDWATER-PUMP,feedwater-inventory,drum,true,1088268.8110399516,32.98891951913478,15.940684017938445,32.99510262322218,17.048235501196338,0.006183104087398306,false
B1-PIECEWISE-REDUCED,exact-v9-5-to-6mwe,38784,360,MCP,suction,pressure,true,977167.168176039,139.79750843101883,99.06867970955915,139.78680571181565,40.72882872145968,0.010702719203180777,false
B1-PIECEWISE-REDUCED,exact-v9-5-to-6mwe,38784,360,CHANNEL,pressure,outlet,true,-524952.8211662753,-144.90725601794762,99.04604583727536,-144.88412089696698,243.95330185522297,0.023135120980640522,true
B1-PIECEWISE-REDUCED,exact-v9-5-to-6mwe,38784,360,RETURN,outlet,drum,true,451353.07586507703,134.3656318952249,99.02374177853561,134.38884745361383,35.3418901166893,0.023215558388926638,false
B1-PIECEWISE-REDUCED,exact-v9-5-to-6mwe,38784,360,FEEDWATER-PUMP,feedwater-inventory,drum,true,1088247.464181901,32.98859597166725,15.83831803398749,32.995888922765396,17.15027793767976,0.007292951098143874,false
B1-PIECEWISE-REDUCED,exact-v9-5-to-6mwe,44784,420,MCP,suction,pressure,true,987252.8481233038,140.5171055867081,98.78350507314344,140.51069759285878,41.73360051356467,0.006407993849336435,false
B1-PIECEWISE-REDUCED,exact-v9-5-to-6mwe,44784,420,CHANNEL,pressure,outlet,true,-539396.9322632985,-146.88729451702739,98.7934329082542,-146.90251276433648,245.6807274252816,0.015218247309093158,true
B1-PIECEWISE-REDUCED,exact-v9-5-to-6mwe,44784,420,RETURN,outlet,drum,true,450633.18778294546,134.25843553132077,98.74923970121107,134.32978582784395,35.509195830109704,0.07135029652317826,false
B1-PIECEWISE-REDUCED,exact-v9-5-to-6mwe,44784,420,FEEDWATER-PUMP,feedwater-inventory,drum,true,1089757.6828570748,33.01147804714407,15.773589759107407,33.019543614796525,17.237888288036658,0.008065567652458583,false
B1-PIECEWISE-REDUCED,exact-v9-5-to-6mwe,50784,480,MCP,suction,pressure,true,993844.7621597613,140.9854433734037,98.62455534822769,140.98189982210008,42.360888025176024,0.00354355130363615,false
B1-PIECEWISE-REDUCED,exact-v9-5-to-6mwe,50784,480,CHANNEL,pressure,outlet,true,-549570.9270738107,-148.26610227207172,98.65495291261486,-148.24969898476314,246.92105518468657,0.01640328730857732,true
B1-PIECEWISE-REDUCED,exact-v9-5-to-6mwe,50784,480,RETURN,outlet,drum,true,450912.34173215256,134.3000136607815,98.61135315104987,134.34595770415825,35.68866050973163,0.04594404337674973,false
B1-PIECEWISE-REDUCED,exact-v9-5-to-6mwe,50784,480,FEEDWATER-PUMP,feedwater-inventory,drum,true,1091992.5985287847,33.045311294172805,15.723547196156069,33.05368186204745,17.321764098016736,0.008370567874642632,false
B1-PIECEWISE-REDUCED,exact-v9-5-to-6mwe,56784,540,MCP,suction,pressure,true,998364.2756646747,141.3056457233521,98.54258587463916,141.30454030017276,42.76305984871293,0.0011054231793252711,false
B1-PIECEWISE-REDUCED,exact-v9-5-to-6mwe,56784,540,CHANNEL,pressure,outlet,true,-557125.0433317844,-149.281618872758,98.58632152358805,-149.21624280481748,247.86794039634606,0.06537606794051953,true
B1-PIECEWISE-REDUCED,exact-v9-5-to-6mwe,56784,540,RETURN,outlet,drum,true,451641.82473893533,134.40860459642238,98.54556376875348,134.40978064799768,35.8630408276689,0.0011760515752996525,false
B1-PIECEWISE-REDUCED,exact-v9-5-to-6mwe,56784,540,FEEDWATER-PUMP,feedwater-inventory,drum,true,1095484.4436186124,33.09810332358355,15.70571078154846,33.106211492565286,17.39239254203509,0.008108168981735275,false
B1-PIECEWISE-REDUCED,exact-v9-5-to-6mwe,62784,600,MCP,suction,pressure,true,1001061.7662161137,141.49641452815078,98.55861504974044,141.49571264008333,42.93779947841034,0.0007018880674536376,false
B1-PIECEWISE-REDUCED,exact-v9-5-to-6mwe,62784,600,CHANNEL,pressure,outlet,true,-561479.091157361,-149.86381700161797,98.60974108585756,-149.77185084797296,248.47355808747554,0.09196615364501781,true
B1-PIECEWISE-REDUCED,exact-v9-5-to-6mwe,62784,600,RETURN,outlet,drum,true,452521.18878075277,134.53939033320358,98.55726779984087,134.50139859839527,35.98212253336271,0.037991734808315414,false
B1-PIECEWISE-REDUCED,exact-v9-5-to-6mwe,62784,600,FEEDWATER-PUMP,feedwater-inventory,drum,true,1099295.1859888053,33.15562072995777,15.70334192093351,33.16292329351062,17.452278809024257,0.00730256355285519,false
B1-PIECEWISE-REDUCED,exact-v9-5-to-6mwe,68784,660,MCP,suction,pressure,true,1002576.3212338124,141.60341247539287,98.59693104423935,141.60200963372236,43.00648143115352,0.0014028416705116342,false
B1-PIECEWISE-REDUCED,exact-v9-5-to-6mwe,68784,660,CHANNEL,pressure,outlet,true,-564223.4680572731,-150.22961998983732,98.65176799644979,-150.13299328498942,248.8813879862871,0.0966267048478926,true
B1-PIECEWISE-REDUCED,exact-v9-5-to-6mwe,68784,660,RETURN,outlet,drum,true,453468.2204516569,134.6800980771334,98.59751138598376,134.60734921949017,36.08258669114964,0.07274885764323358,false
B1-PIECEWISE-REDUCED,exact-v9-5-to-6mwe,68784,660,FEEDWATER-PUMP,feedwater-inventory,drum,true,1103151.4253704287,33.21372344935793,15.703666507078486,33.219711888245556,17.51005694227944,0.005988438887627012,false
B1-PIECEWISE-REDUCED,exact-v9-5-to-6mwe,74784,720,MCP,suction,pressure,true,1003396.2810333143,141.66130601073212,98.64537771566397,141.65985409113824,43.01592829506815,0.0014519195938760276,false
B1-PIECEWISE-REDUCED,exact-v9-5-to-6mwe,74784,720,CHANNEL,pressure,outlet,true,-566117.2761830118,-150.48153058538603,98.70150009586416,-150.38606945746062,249.1830306812502,0.09546112792540384,true
B1-PIECEWISE-REDUCED,exact-v9-5-to-6mwe,74784,720,RETURN,outlet,drum,true,454456.7754377162,134.82681861376338,98.65933081941434,134.72373057103226,36.16748779434904,0.10308804273111605,false
B1-PIECEWISE-REDUCED,exact-v9-5-to-6mwe,74784,720,FEEDWATER-PUMP,feedwater-inventory,drum,true,1107104.6378944376,33.27318196227162,15.708868040400247,33.27738591298189,17.564313921871374,0.004203950710270021,false
B1-PIECEWISE-REDUCED,exact-v9-5-to-6mwe,80784,780,MCP,suction,pressure,true,1003816.7857175546,141.69098670822746,98.70453446573217,141.68979707915403,42.98645224249529,0.0011896290734227932,false
B1-PIECEWISE-REDUCED,exact-v9-5-to-6mwe,80784,780,CHANNEL,pressure,outlet,true,-567428.0895781356,-150.6556457061116,98.76044244956803,-150.56613782145132,249.41608815567963,0.0895078846602928,true
B1-PIECEWISE-REDUCED,exact-v9-5-to-6mwe,80784,780,RETURN,outlet,drum,true,455391.17062543164,134.96535416549415,98.72069274565064,134.8362733494581,36.24466141984351,0.12908081603603705,false
B1-PIECEWISE-REDUCED,exact-v9-5-to-6mwe,80784,780,FEEDWATER-PUMP,feedwater-inventory,drum,true,1111098.2138662208,33.33313987409858,15.717618890018285,33.335136151207784,17.61552098408029,0.001996277109206801,false
B1-PIECEWISE-REDUCED,exact-v9-5-to-6mwe,86784,840,MCP,suction,pressure,true,1004003.6766883266,141.70417613382654,98.77053345414275,141.70338544009473,42.933642679683786,0.0007906937318011842,false
B1-PIECEWISE-REDUCED,exact-v9-5-to-6mwe,86784,840,CHANNEL,pressure,outlet,true,-568359.2939083901,-150.77921526634765,98.82570231362976,-150.6996475053378,249.6049175799774,0.07956776100985508,true
B1-PIECEWISE-REDUCED,exact-v9-5-to-6mwe,86784,840,RETURN,outlet,drum,true,456199.9550244078,135.0851516672958,98.77742532872517,134.9425452774478,36.30772633857063,0.14260638984799812,false
B1-PIECEWISE-REDUCED,exact-v9-5-to-6mwe,86784,840,FEEDWATER-PUMP,feedwater-inventory,drum,true,1115001.198851427,33.3916336655071,15.727760946968045,33.391898126624945,17.663872718539054,0.00026446111784395043,false
B1-PIECEWISE-REDUCED,exact-v9-5-to-6mwe,92784,900,MCP,suction,pressure,true,1004130.6230291501,141.71313439686176,98.81669314030025,141.7127833522704,42.896441256561516,0.000351044591354821,false
B1-PIECEWISE-REDUCED,exact-v9-5-to-6mwe,92784,900,CHANNEL,pressure,outlet,true,-569434.3446790589,-150.92174723068362,98.87092449545497,-150.85588213249673,249.7926717261386,0.06586509818689024,true
B1-PIECEWISE-REDUCED,exact-v9-5-to-6mwe,92784,900,RETURN,outlet,drum,true,456693.5718838758,135.15821423559515,98.83477976193345,135.05092579112213,36.323434473661706,0.10728844447302777,false
B1-PIECEWISE-REDUCED,exact-v9-5-to-6mwe,92784,900,FEEDWATER-PUMP,feedwater-inventory,drum,true,1118447.1220608633,33.44319246215683,15.732581783068744,33.44591117501852,17.710610679088084,0.0027187128616930067,false
B1-PIECEWISE-REDUCED,exact-v9-5-to-6mwe,98784,960,MCP,suction,pressure,true,1004196.8946971709,141.71781078588327,98.88752565577155,141.71792105455938,42.83028513011172,0.00011026867611008129,false
B1-PIECEWISE-REDUCED,exact-v9-5-to-6mwe,98784,960,CHANNEL,pressure,outlet,true,-570077.9242229927,-151.0070096681598,98.94087432528579,-150.95782243743463,249.9478839934456,0.04918723072518105,true
B1-PIECEWISE-REDUCED,exact-v9-5-to-6mwe,98784,960,RETURN,outlet,drum,true,457147.17833241634,135.22531986760708,98.8967865236066,135.15472003212207,36.32853334400049,0.07059983548501236,false
B1-PIECEWISE-REDUCED,exact-v9-5-to-6mwe,98784,960,FEEDWATER-PUMP,feedwater-inventory,drum,true,1122072.0650829142,33.49734414969214,15.747141305451722,33.502001972535965,17.75020284424042,0.004657822843824988,false
B1-PIECEWISE-REDUCED,exact-v9-5-to-6mwe,104784,1020,MCP,suction,pressure,true,1004113.9537173009,141.71195812049885,98.95815158606004,141.7125035025319,42.75380653443881,0.0005453820330387771,false
B1-PIECEWISE-REDUCED,exact-v9-5-to-6mwe,104784,1020,CHANNEL,pressure,outlet,true,-570496.9676919633,-151.06249934275064,99.00991784680633,-151.03247113223784,250.07241718955697,0.03002821051279625,true
B1-PIECEWISE-REDUCED,exact-v9-5-to-6mwe,104784,1020,RETURN,outlet,drum,true,457621.1061707651,135.29539625142684,98.97372381585679,135.26269313046598,36.32167243557005,0.03270312096086059,false
B1-PIECEWISE-REDUCED,exact-v9-5-to-6mwe,104784,1020,FEEDWATER-PUMP,feedwater-inventory,drum,true,1125524.3864880307,33.54883584400554,15.759644825253183,33.554979702223704,17.789191018752355,0.006143858218166542,false
B1-PIECEWISE-REDUCED,exact-v9-5-to-6mwe,110784,1080,MCP,suction,pressure,true,1003804.3344310878,141.69010794202168,103.35291123901287,141.69100543525067,38.337196703008814,0.0008974932289902426,false
B1-PIECEWISE-REDUCED,exact-v9-5-to-6mwe,110784,1080,CHANNEL,pressure,outlet,true,-571253.1517645649,-151.16258158215808,103.39386446922852,-151.15511765947855,254.55644605138662,0.007463922679534107,true
B1-PIECEWISE-REDUCED,exact-v9-5-to-6mwe,110784,1080,RETURN,outlet,drum,true,460174.0698841494,135.6722624391809,100.1518209113018,135.67879231881403,35.520441527879115,0.006529879633120572,false
B1-PIECEWISE-REDUCED,exact-v9-5-to-6mwe,110784,1080,FEEDWATER-PUMP,feedwater-inventory,drum,true,1146283.28978902,33.85680566428292,16.342835448928604,33.8638673386822,17.51397021535432,0.007061674399274409,false
B1-PIECEWISE-REDUCED,exact-v9-5-to-6mwe,116784,1140,MCP,suction,pressure,true,995274.6759499221,141.08682971489026,107.63222171227824,141.08548718853925,33.45460800261202,0.001342526351010065,false
B1-PIECEWISE-REDUCED,exact-v9-5-to-6mwe,116784,1140,CHANNEL,pressure,outlet,true,-566461.8381462123,-150.5273182045322,107.66330833044553,-150.5275525270191,258.19062653497775,0.00023432248690369306,true
B1-PIECEWISE-REDUCED,exact-v9-5-to-6mwe,116784,1140,RETURN,outlet,drum,true,473555.3594404909,137.63071742027518,106.70858891241942,137.64360916020055,30.92212850785576,0.012891739925379397,false
B1-PIECEWISE-REDUCED,exact-v9-5-to-6mwe,116784,1140,FEEDWATER-PUMP,feedwater-inventory,drum,true,1159314.1977909263,34.04870332025768,16.811237513859524,34.0549965470956,17.237465806398156,0.006293226837918553,false
B1-PIECEWISE-REDUCED,exact-v9-5-to-6mwe,122784,1200,MCP,suction,pressure,true,990862.0941471593,140.77372582603326,111.13471839841384,140.77086285274171,29.63900742761942,0.002862973291541948,false
B1-PIECEWISE-REDUCED,exact-v9-5-to-6mwe,122784,1200,CHANNEL,pressure,outlet,true,-574802.7298834363,-151.63149143676407,111.15035496051603,-151.66389561319158,262.7818463972801,0.03240417642751936,true
B1-PIECEWISE-REDUCED,exact-v9-5-to-6mwe,122784,1200,RETURN,outlet,drum,true,482520.2662439541,138.92735745618342,110.45025114711893,138.98336915169614,28.47710630906448,0.05601169551272278,false
B1-PIECEWISE-REDUCED,exact-v9-5-to-6mwe,122784,1200,FEEDWATER-PUMP,feedwater-inventory,drum,true,1145599.0582543043,33.84669937016465,16.347497105315348,33.85348982463352,17.499202264849302,0.006790454468870166,false
B1-PIECEWISE-REDUCED,exact-v9-5-to-6mwe,128784,1260,MCP,suction,pressure,true,988470.7982190468,140.60375515746702,115.80175047925907,140.599875774351,24.80200467820795,0.0038793831160148784,false
B1-PIECEWISE-REDUCED,exact-v9-5-to-6mwe,128784,1260,CHANNEL,pressure,outlet,true,-586923.9717488571,-153.2219268575953,115.81314695687205,-153.23064946492983,269.03507381446735,0.00872260733453345,true
B1-PIECEWISE-REDUCED,exact-v9-5-to-6mwe,128784,1260,RETURN,outlet,drum,true,494267.5156908374,140.60832346498376,114.90123858831122,140.64452506094358,25.70708487667254,0.03620159595982386,false
B1-PIECEWISE-REDUCED,exact-v9-5-to-6mwe,128784,1260,FEEDWATER-PUMP,feedwater-inventory,drum,true,1148976.1757899113,33.89655108989573,16.420487344436587,33.90369178076959,17.476063745459143,0.007140690873860933,false
B1-PIECEWISE-REDUCED,exact-v9-5-to-6mwe,134784,1320,MCP,suction,pressure,true,986749.4382838169,140.48127549846754,120.16715072912918,140.47655095565736,20.314124769338363,0.00472454281018031,false
B1-PIECEWISE-REDUCED,exact-v9-5-to-6mwe,134784,1320,CHANNEL,pressure,outlet,true,-600353.7495628768,-154.9649959910788,120.17677097685305,-154.9373867385417,275.14176696793186,0.027609252537104112,true
B1-PIECEWISE-REDUCED,exact-v9-5-to-6mwe,134784,1320,RETURN,outlet,drum,true,506935.39094481553,142.39879085790238,119.30584756378143,142.40041933124232,23.092943294120957,0.0016284733399345441,false
B1-PIECEWISE-REDUCED,exact-v9-5-to-6mwe,134784,1320,FEEDWATER-PUMP,feedwater-inventory,drum,true,1150200.1604063185,33.914600991406616,16.428040622367472,33.92203577359503,17.486560369039143,0.007434782188411759,false
B1-PIECEWISE-REDUCED,exact-v9-5-to-6mwe,140784,1380,MCP,suction,pressure,true,985331.4517126073,140.38030144664936,124.47831904568578,140.37478977941765,15.901982400963576,0.005511667231701267,false
B1-PIECEWISE-REDUCED,exact-v9-5-to-6mwe,140784,1380,CHANNEL,pressure,outlet,true,-614832.500020813,-156.82251114183995,124.48703333297755,-156.76684240595554,281.30954447481747,0.055668735884410125,true
B1-PIECEWISE-REDUCED,exact-v9-5-to-6mwe,140784,1380,RETURN,outlet,drum,true,520173.3453226787,144.2460876866584,123.62305936996192,144.22180174542063,20.623028316696477,0.024285941237764064,false
B1-PIECEWISE-REDUCED,exact-v9-5-to-6mwe,140784,1380,FEEDWATER-PUMP,feedwater-inventory,drum,true,1151104.8309618607,33.927935848823175,16.423848784460432,33.9356423603236,17.504087064362743,0.007706511500423119,false
B1-PIECEWISE-REDUCED,exact-v9-5-to-6mwe,146784,1440,MCP,suction,pressure,true,984021.9576211746,140.28698853572806,128.71391884782844,140.28068270348223,11.573069687899618,0.006305832245828924,false
B1-PIECEWISE-REDUCED,exact-v9-5-to-6mwe,146784,1440,CHANNEL,pressure,outlet,true,-629963.0375153437,-158.74042176022385,128.72262416092812,-158.6656077116089,287.463045921152,0.07481404861493957,true
B1-PIECEWISE-REDUCED,exact-v9-5-to-6mwe,146784,1440,RETURN,outlet,drum,true,533933.667197914,146.1415296482029,127.86707211614517,146.1006589427961,18.274457532057724,0.040870705406803154,false
B1-PIECEWISE-REDUCED,exact-v9-5-to-6mwe,146784,1440,FEEDWATER-PUMP,feedwater-inventory,drum,true,1152097.9943274893,33.9425690590369,16.421962570710534,33.950510448422875,17.520606488326365,0.00794138938597655,false
B1-PIECEWISE-REDUCED,exact-v9-5-to-6mwe,152784,1500,MCP,suction,pressure,true,982745.1532264497,140.1959452499572,132.86333866833917,140.18880712278317,7.332606581618023,0.0071381271740165175,false
B1-PIECEWISE-REDUCED,exact-v9-5-to-6mwe,152784,1500,CHANNEL,pressure,outlet,true,-645533.0131355606,-160.69013823325446,132.87192057516725,-160.60530051971023,293.56205880842174,0.08483771354423197,true
B1-PIECEWISE-REDUCED,exact-v9-5-to-6mwe,152784,1500,RETURN,outlet,drum,true,548074.0923963623,148.06405267942145,132.01834626403868,148.01618747970605,16.045706415382767,0.04786519971540315,false
B1-PIECEWISE-REDUCED,exact-v9-5-to-6mwe,152784,1500,FEEDWATER-PUMP,feedwater-inventory,drum,true,1153085.5297093783,33.95711309445163,16.419441567432013,33.96525166589855,17.537671527019615,0.00813857144692065,false
B1-PIECEWISE-REDUCED,exact-v9-5-to-6mwe,158784,1560,MCP,suction,pressure,true,981474.6353118622,140.10529149977614,136.92069811946743,140.0972748379026,3.184593380308712,0.008016661873540443,false
B1-PIECEWISE-REDUCED,exact-v9-5-to-6mwe,158784,1560,CHANNEL,pressure,outlet,true,-661531.804908602,-162.66921096613237,136.92925813576554,-162.58346677423185,299.5984691018979,0.08574419190051685,true
B1-PIECEWISE-REDUCED,exact-v9-5-to-6mwe,158784,1560,RETURN,outlet,drum,true,562607.9496984282,150.01439260263373,136.09110412795604,149.96909243057104,13.92328847467769,0.045300172062695765,false
B1-PIECEWISE-REDUCED,exact-v9-5-to-6mwe,158784,1560,FEEDWATER-PUMP,feedwater-inventory,drum,true,1154085.4942317028,33.97183383674927,16.416851659857087,33.98012940172462,17.55498217689218,0.008295564975348668,false
B1-PIECEWISE-REDUCED,exact-v9-5-to-6mwe,164784,1620,MCP,suction,pressure,true,980202.089500457,140.01443422022297,140.8927455803511,140.00548713916154,0.8783113601281229,0.008947081061421613,false
B1-PIECEWISE-REDUCED,exact-v9-5-to-6mwe,164784,1620,CHANNEL,pressure,outlet,true,-677772.2991575432,-164.65385499981994,140.90150434519612,-164.5762061590472,305.5553593450161,0.07764884077275269,true
B1-PIECEWISE-REDUCED,exact-v9-5-to-6mwe,164784,1620,RETURN,outlet,drum,true,577364.9891412873,151.96907437255612,140.06636104370293,151.9357723365192,11.902713328853196,0.03330203603692894,false
B1-PIECEWISE-REDUCED,exact-v9-5-to-6mwe,164784,1620,FEEDWATER-PUMP,feedwater-inventory,drum,true,1155104.5685983934,33.98682934017813,16.414492529597748,33.99524053289019,17.572336810580385,0.008411192712060256,false
B1-PIECEWISE-REDUCED,exact-v9-5-to-6mwe,170784,1680,MCP,suction,pressure,true,978925.8529168414,139.9232541729102,144.77693985505076,139.91331824064073,4.853685682140565,0.009935932269456771,false
B1-PIECEWISE-REDUCED,exact-v9-5-to-6mwe,170784,1680,CHANNEL,pressure,outlet,true,-694263.6916993808,-166.64497492566414,144.7855420476597,-166.58422216006204,311.43051697332385,0.06075276560210341,true
B1-PIECEWISE-REDUCED,exact-v9-5-to-6mwe,170784,1680,RETURN,outlet,drum,true,592362.3174725794,153.93015526173934,143.95812946795363,153.91805058160767,9.972025793785718,0.012104680131670875,false
B1-PIECEWISE-REDUCED,exact-v9-5-to-6mwe,170784,1680,FEEDWATER-PUMP,feedwater-inventory,drum,true,1156158.8664974915,34.002336191760286,16.41293717349613,34.01082122950651,17.589399018264157,0.008485037746225998,false
B1-PIECEWISE-REDUCED,exact-v9-5-to-6mwe,176784,1740,MCP,suction,pressure,true,977646.3716983175,139.8317826317263,148.5750087198545,139.8208091988301,8.74322608812821,0.010973432896207669,false
B1-PIECEWISE-REDUCED,exact-v9-5-to-6mwe,176784,1740,CHANNEL,pressure,outlet,true,-710959.6357678213,-168.6368448196089,148.58377412806254,-168.60153859581274,317.2206189476715,0.035306223796169434,true
B1-PIECEWISE-REDUCED,exact-v9-5-to-6mwe,176784,1740,RETURN,outlet,drum,true,607549.7450847517,155.89095484790022,147.76756501488813,155.90894542432926,8.123389833012084,0.01799057642904245,false
B1-PIECEWISE-REDUCED,exact-v9-5-to-6mwe,176784,1740,FEEDWATER-PUMP,feedwater-inventory,drum,true,1157221.8647765303,34.01796385406585,16.411340061304806,34.02647991723724,17.60662379276104,0.008516063171391863,false
B1-PIECEWISE-REDUCED,exact-v9-5-to-6mwe,182784,1800,MCP,suction,pressure,true,976364.8220250403,139.74010319339544,152.29338743305206,139.72803978189026,12.55328423965662,0.01206341150518142,false
B1-PIECEWISE-REDUCED,exact-v9-5-to-6mwe,182784,1800,CHANNEL,pressure,outlet,true,-727745.3133568378,-170.61597971548127,152.30216273752558,-170.61419870372043,322.91814245300685,0.0017810117608405562,true
B1-PIECEWISE-REDUCED,exact-v9-5-to-6mwe,182784,1800,RETURN,outlet,drum,true,622822.2465202808,157.8381761831124,151.48619472621914,157.89464074599076,6.35198145689327,0.05646456287834667,false
B1-PIECEWISE-REDUCED,exact-v9-5-to-6mwe,182784,1800,FEEDWATER-PUMP,feedwater-inventory,drum,true,1158314.8223120673,34.034024480100314,16.410467189362862,34.042527494485455,17.623557290737452,0.008503014385141228,false
B1-PIECEWISE-REDUCED,exact-v9-5-to-6mwe,188784,1860,MCP,suction,pressure,true,975082.3395192265,139.64829676864852,155.92840142112064,139.6350865711714,16.28010465247212,0.01321019747712171,false
B1-PIECEWISE-REDUCED,exact-v9-5-to-6mwe,188784,1860,CHANNEL,pressure,outlet,true,-745151.3059895616,-172.64429396763296,155.93706518758083,-172.63019321103906,328.5813591552138,0.014100756593904862,true
B1-PIECEWISE-REDUCED,exact-v9-5-to-6mwe,188784,1860,RETURN,outlet,drum,true,638707.3150161875,159.83833270103733,155.13273815760718,159.88340051776413,4.705594543430152,0.04506781672679949,false
B1-PIECEWISE-REDUCED,exact-v9-5-to-6mwe,188784,1860,FEEDWATER-PUMP,feedwater-inventory,drum,true,1159425.6864320422,34.0503404745392,16.409937947346798,34.05878659881361,17.6404025271924,0.008446124274414046,false
B1-PIECEWISE-REDUCED,exact-v9-5-to-6mwe,194784,1920,MCP,suction,pressure,true,973799.9786872189,139.55643866817604,159.48691835719436,139.54203652430735,19.930479689018313,0.014402143868693429,false
B1-PIECEWISE-REDUCED,exact-v9-5-to-6mwe,194784,1920,CHANNEL,pressure,outlet,true,-762866.976683621,-174.68451295791746,159.4957672940925,-174.63544680765477,334.18028025201,0.049066150262689234,true
B1-PIECEWISE-REDUCED,exact-v9-5-to-6mwe,194784,1920,RETURN,outlet,drum,true,654895.87074447,161.85127379720805,158.69547252121015,161.86022525664336,3.155801275997902,0.008951459435309062,false
B1-PIECEWISE-REDUCED,exact-v9-5-to-6mwe,194784,1920,FEEDWATER-PUMP,feedwater-inventory,drum,true,1160544.8483928721,34.066770442659696,16.40948347850072,34.07511584191745,17.657286964158974,0.008345399257756014,false
B1-PIECEWISE-REDUCED,exact-v9-5-to-6mwe,200784,1980,MCP,suction,pressure,true,972518.7940353655,139.46460440092787,162.96973652337766,139.4489567212544,23.505132122449794,0.0156476796734637,false
B1-PIECEWISE-REDUCED,exact-v9-5-to-6mwe,200784,1980,CHANNEL,pressure,outlet,true,-780604.2733665305,-176.7036245657152,162.9784178140301,-176.62975879630204,339.6820423797453,0.07386576941314615,true
B1-PIECEWISE-REDUCED,exact-v9-5-to-6mwe,200784,1980,RETURN,outlet,drum,true,671106.0285720283,163.84212261467175,162.1815713898335,163.82569160168066,1.6605512248382581,0.01643101299109162,false
B1-PIECEWISE-REDUCED,exact-v9-5-to-6mwe,200784,1980,FEEDWATER-PUMP,feedwater-inventory,drum,true,1161690.087859802,34.08357504517098,16.40972877085598,34.09177496736032,17.673846274315,0.00819992218934118,false
B1-PIECEWISE-REDUCED,exact-v9-5-to-6mwe,206784,2040,MCP,suction,pressure,true,971239.7183962063,139.37286094474823,166.37642816906947,139.35591661857663,27.003567224321245,0.016944326171596913,false
B1-PIECEWISE-REDUCED,exact-v9-5-to-6mwe,206784,2040,CHANNEL,pressure,outlet,true,-798380.9389991201,-178.70432999780618,166.38516181282728,-178.61527700964132,345.0894918106335,0.08905298816486606,true
B1-PIECEWISE-REDUCED,exact-v9-5-to-6mwe,206784,2040,RETURN,outlet,drum,true,687350.2684679433,165.8131802322051,165.59886353731875,165.78148776417603,0.21431669488634952,0.031692468029064,false
B1-PIECEWISE-REDUCED,exact-v9-5-to-6mwe,206784,2040,FEEDWATER-PUMP,feedwater-inventory,drum,true,1162837.3565649902,34.10040112029461,16.409887236633583,34.10840756984613,17.69051388366103,0.00800644955151597,false
B1-PIECEWISE-REDUCED,exact-v9-5-to-6mwe,212784,2100,MCP,suction,pressure,true,969932.1761541171,139.27901321836805,169.71383809689866,139.2629839433668,30.434824878530605,0.016029275001244514,false
B1-PIECEWISE-REDUCED,exact-v9-5-to-6mwe,212784,2100,CHANNEL,pressure,outlet,true,-816046.5961519731,-180.6705948572676,169.72262645054232,-180.57896169327537,350.3932213078099,0.09163316399221344,true
B1-PIECEWISE-REDUCED,exact-v9-5-to-6mwe,212784,2100,RETURN,outlet,drum,true,703516.4611039058,167.7517762772014,168.93605143390815,167.71440044033594,1.1842751567067467,0.03737583686546486,false
B1-PIECEWISE-REDUCED,exact-v9-5-to-6mwe,212784,2100,FEEDWATER-PUMP,feedwater-inventory,drum,true,1163999.9883688241,34.117444048006064,16.41041106115947,34.125191423851874,17.707032986846595,0.007747375845809756,false
B1-PIECEWISE-REDUCED,exact-v9-5-to-6mwe,218784,2160,MCP,suction,pressure,true,968601.2753122526,139.1834239636497,172.97901217650644,139.1702110211175,33.79558821285676,0.013212942532192073,false
B1-PIECEWISE-REDUCED,exact-v9-5-to-6mwe,218784,2160,CHANNEL,pressure,outlet,true,-833681.0019355187,-182.6122670507673,172.98761671656112,-182.5295042775581,355.5998837673284,0.0827627732091969,true
B1-PIECEWISE-REDUCED,exact-v9-5-to-6mwe,218784,2160,RETURN,outlet,drum,true,719679.5342325064,169.66785602847776,172.20916123198225,169.63375392603567,2.5413052035044927,0.03410210244209111,false
B1-PIECEWISE-REDUCED,exact-v9-5-to-6mwe,218784,2160,FEEDWATER-PUMP,feedwater-inventory,drum,true,1165175.3704537852,34.13466523131266,16.411275531313677,34.14210948972004,17.723389699998982,0.007444258407382165,false
B1-PIECEWISE-REDUCED,exact-v9-5-to-6mwe,224784,2220,MCP,suction,pressure,true,967275.0881874954,139.08810791634886,176.1763330458534,139.07765970037244,37.088225129504536,0.010448215976424535,false
B1-PIECEWISE-REDUCED,exact-v9-5-to-6mwe,224784,2220,CHANNEL,pressure,outlet,true,-851238.5834551868,-184.52518347967433,176.18508532755888,-184.4591795909021,360.7102688072332,0.0660038887722294,true
B1-PIECEWISE-REDUCED,exact-v9-5-to-6mwe,224784,2220,RETURN,outlet,drum,true,735765.1600208124,171.5535088560782,175.41189798439535,171.53107105627953,3.8583891283171567,0.022437799798666447,false
B1-PIECEWISE-REDUCED,exact-v9-5-to-6mwe,224784,2220,FEEDWATER-PUMP,feedwater-inventory,drum,true,1166348.005322204,34.15183751018683,16.411998822332006,34.158935548047495,17.739838687854824,0.007098037860664874,false
B1-PIECEWISE-REDUCED,exact-v9-5-to-6mwe,230784,2280,MCP,suction,pressure,true,965954.3029264945,138.99311514794496,179.3084599433659,138.98537867964222,40.31534479542094,0.007736468302738331,false
B1-PIECEWISE-REDUCED,exact-v9-5-to-6mwe,230784,2280,CHANNEL,pressure,outlet,true,-868688.1299138367,-186.40688076504438,179.31706892067535,-186.3649749654523,365.72394968571973,0.04190579959208662,true
B1-PIECEWISE-REDUCED,exact-v9-5-to-6mwe,230784,2280,RETURN,outlet,drum,true,751748.5661280041,173.4068702362169,178.5448361716075,173.40388378176982,5.137965935390611,0.002986454447068354,false
B1-PIECEWISE-REDUCED,exact-v9-5-to-6mwe,230784,2280,FEEDWATER-PUMP,feedwater-inventory,drum,true,1167536.6189014157,34.16923497682404,16.41323357442894,34.175943736351975,17.756001402395103,0.006708759527931818,false
B1-PIECEWISE-REDUCED,exact-v9-5-to-6mwe,236784,2340,MCP,suction,pressure,true,964639.6057149067,138.89849572366916,182.3735065866,138.89341195792812,43.475010862930844,0.005083765741034085,false
B1-PIECEWISE-REDUCED,exact-v9-5-to-6mwe,236784,2340,CHANNEL,pressure,outlet,true,-886087.8851973375,-188.26448259800227,182.38206583436227,-188.25359449955278,370.6465484323645,0.010888098449498784,true
B1-PIECEWISE-REDUCED,exact-v9-5-to-6mwe,236784,2340,RETURN,outlet,drum,true,767683.2610591777,175.23507195298293,181.61942845004094,175.25887646025268,6.384356497058008,0.02380450726974459,false
B1-PIECEWISE-REDUCED,exact-v9-5-to-6mwe,236784,2340,FEEDWATER-PUMP,feedwater-inventory,drum,true,1168723.4808364678,34.18659797108317,16.41440040071494,34.192875654500725,17.772197570368228,0.0062776834175579665,false
B1-PIECEWISE-REDUCED,exact-v9-5-to-6mwe,242784,2400,MCP,suction,pressure,true,963331.5967200637,138.80429364541024,185.37785372417375,138.80180914441027,46.57356007876351,0.002484500999969441,false
B1-PIECEWISE-REDUCED,exact-v9-5-to-6mwe,242784,2400,CHANNEL,pressure,outlet,true,-903532.2663064828,-190.10862855814648,185.38650144188568,-190.1136134491824,375.4951300000322,0.0049848910359173715,true
B1-PIECEWISE-REDUCED,exact-v9-5-to-6mwe,242784,2400,RETURN,outlet,drum,true,783667.5248889105,177.0499957513595,184.6243056277255,177.0842291546667,7.574309876366016,0.03423340330721203,false
B1-PIECEWISE-REDUCED,exact-v9-5-to-6mwe,242784,2400,FEEDWATER-PUMP,feedwater-inventory,drum,true,1169912.6766422363,34.20398626830265,16.41567134810297,34.20979160687153,17.78831492019968,0.005805338568883656,false
B1-PIECEWISE-REDUCED,exact-v9-5-to-6mwe,248784,2460,MCP,suction,pressure,true,962030.7089750915,138.71054098193775,188.31987894319357,138.71060089315392,49.60933796125582,5.9911216169439285E-05,false
B1-PIECEWISE-REDUCED,exact-v9-5-to-6mwe,248784,2460,CHANNEL,pressure,outlet,true,-921351.7810896139,-191.9741421222779,188.32830960963838,-191.95204788736933,380.3024517319163,0.02209423490856466,true
B1-PIECEWISE-REDUCED,exact-v9-5-to-6mwe,248784,2460,RETURN,outlet,drum,true,800033.4023873848,178.88917266144253,187.5713974220553,178.88765853725448,8.682224760612769,0.0015141241880485268,false
B1-PIECEWISE-REDUCED,exact-v9-5-to-6mwe,248784,2460,FEEDWATER-PUMP,feedwater-inventory,drum,true,1171111.161792555,34.22150145438617,16.41728764558612,34.22679383196006,17.80421380880005,0.005292377573887563,false
B1-PIECEWISE-REDUCED,exact-v9-5-to-6mwe,254784,2520,MCP,suction,pressure,true,960737.5377448602,138.6172815881815,191.20184153307503,138.6198265178397,52.58455994489353,0.002544929658199635,false
B1-PIECEWISE-REDUCED,exact-v9-5-to-6mwe,254784,2520,CHANNEL,pressure,outlet,true,-939033.4620653765,-193.80747788105353,191.2103694478374,-193.76659616921646,385.0178473288909,0.04088171183707345,true
B1-PIECEWISE-REDUCED,exact-v9-5-to-6mwe,254784,2520,RETURN,outlet,drum,true,816264.519922159,180.69471712500717,190.45978790825336,180.6663271887605,9.765070783246188,0.028389936246668412,false
B1-PIECEWISE-REDUCED,exact-v9-5-to-6mwe,254784,2520,FEEDWATER-PUMP,feedwater-inventory,drum,true,1172301.2770884987,34.2388854533628,16.418678845056256,34.24362517489446,17.820206608306542,0.004739721531663577,false
B1-PIECEWISE-REDUCED,exact-v9-5-to-6mwe,260784,2580,MCP,suction,pressure,true,959452.431024661,138.5245415819638,194.02772446979117,138.529510194358,55.503182887827364,0.004968612394208094,false
B1-PIECEWISE-REDUCED,exact-v9-5-to-6mwe,260784,2580,CHANNEL,pressure,outlet,true,-956514.9274263707,-195.6031622879723,194.03619064566877,-195.55125890924674,389.6393529336411,0.05190337872556938,true
B1-PIECEWISE-REDUCED,exact-v9-5-to-6mwe,260784,2580,RETURN,outlet,drum,true,832305.5987569994,182.46156841998254,193.28486942237242,182.4145988964576,10.823301002389883,0.04696952352495032,false
B1-PIECEWISE-REDUCED,exact-v9-5-to-6mwe,260784,2580,FEEDWATER-PUMP,feedwater-inventory,drum,true,1173503.0926817888,34.25643140611393,16.420541830614425,34.26057921727215,17.835889575499507,0.004147811158219383,false
B1-PIECEWISE-REDUCED,exact-v9-5-to-6mwe,266784,2640,MCP,suction,pressure,true,958176.0066306719,138.43236663661224,196.79409050281456,138.43970624618262,58.36172386620231,0.007339609570379935,false
B1-PIECEWISE-REDUCED,exact-v9-5-to-6mwe,266784,2640,CHANNEL,pressure,outlet,true,-973853.8308065952,-197.36806538106364,196.80245938528338,-197.31232989696818,394.17052476634706,0.05573548409546447,true
B1-PIECEWISE-REDUCED,exact-v9-5-to-6mwe,266784,2640,RETURN,outlet,drum,true,848209.806375694,184.1966130389692,196.05575640558573,184.13872563333166,11.859143366616536,0.05788740563752981,false
B1-PIECEWISE-REDUCED,exact-v9-5-to-6mwe,266784,2640,FEEDWATER-PUMP,feedwater-inventory,drum,true,1174684.4304335685,34.27366963769081,16.421848646560143,34.27718747670878,17.851820991130666,0.003517839017973756,false
B1-PIECEWISE-REDUCED,exact-v9-5-to-6mwe,272784,2700,MCP,suction,pressure,true,956908.6891293778,138.34078857151118,199.5071667007628,138.35044202037005,61.166378129251626,0.009653448858870206,false
B1-PIECEWISE-REDUCED,exact-v9-5-to-6mwe,272784,2700,CHANNEL,pressure,outlet,true,-991031.3302337884,-199.10111302891184,199.51544541097397,-199.0482435324738,398.6165584398858,0.05286949643803496,true
B1-PIECEWISE-REDUCED,exact-v9-5-to-6mwe,272784,2700,RETURN,outlet,drum,true,863959.0484976836,185.8987948855703,198.77279864194966,185.83712223225325,12.874003756379352,0.06167265331706062,false
B1-PIECEWISE-REDUCED,exact-v9-5-to-6mwe,272784,2700,FEEDWATER-PUMP,feedwater-inventory,drum,true,1175880.2663638508,34.29111060265985,16.423700985890665,34.2939615558624,17.867409616769184,0.0028509532025537965,false
B1-PIECEWISE-REDUCED,exact-v9-5-to-6mwe,278784,2760,MCP,suction,pressure,true,955650.2547829897,138.24979238921046,202.16704390239858,138.26169949536688,63.91725151318812,0.011907106156428426,false
B1-PIECEWISE-REDUCED,exact-v9-5-to-6mwe,278784,2760,CHANNEL,pressure,outlet,true,-1008037.7984025155,-200.80217114389131,202.17524003685767,-200.75839063568077,402.97741118074896,0.04378050821054558,true
B1-PIECEWISE-REDUCED,exact-v9-5-to-6mwe,278784,2760,RETURN,outlet,drum,true,879544.9855087973,187.56811941359302,201.4369258659373,187.5092745608252,13.868806452344273,0.0588448527678338,false
B1-PIECEWISE-REDUCED,exact-v9-5-to-6mwe,278784,2760,FEEDWATER-PUMP,feedwater-inventory,drum,true,1177072.9753568722,34.30849713054875,16.425560531850916,34.31064400046073,17.882936598697835,0.0021468699119751022,false
B1-PIECEWISE-REDUCED,exact-v9-5-to-6mwe,284784,2820,MCP,suction,pressure,true,954400.9606660096,138.15939784654606,204.77541611689645,138.17350543677284,66.6160182703504,0.01410759022678576,false
B1-PIECEWISE-REDUCED,exact-v9-5-to-6mwe,284784,2820,CHANNEL,pressure,outlet,true,-1024868.9146285823,-202.4716192090716,204.78353857736138,-202.44270987105975,407.25515778643296,0.028909338011857244,true
B1-PIECEWISE-REDUCED,exact-v9-5-to-6mwe,284784,2820,RETURN,outlet,drum,true,894963.4628785556,189.2050171510846,204.04960365234342,189.1551445214319,14.844586501258817,0.04987262965269679,false
B1-PIECEWISE-REDUCED,exact-v9-5-to-6mwe,284784,2820,FEEDWATER-PUMP,feedwater-inventory,drum,true,1178263.5867439564,34.32584429761279,16.427472295447043,34.32725231184904,17.898372002165747,0.001408014236247368,false
B1-PIECEWISE-REDUCED,exact-v9-5-to-6mwe,290784,2880,MCP,suction,pressure,true,953161.0609114604,138.0696245313545,207.33377758786918,138.08587626100348,69.26415305651469,0.016251729648985247,false
B1-PIECEWISE-REDUCED,exact-v9-5-to-6mwe,290784,2880,CHANNEL,pressure,outlet,true,-1041521.2140569547,-204.1098933473784,207.3418342501813,-204.1012081886628,411.45172759755974,0.008685158715593388,true
B1-PIECEWISE-REDUCED,exact-v9-5-to-6mwe,290784,2880,RETURN,outlet,drum,true,910211.431136199,190.81000300154068,206.61224207490923,190.7747710836065,15.802239073368554,0.03523191793416913,false
B1-PIECEWISE-REDUCED,exact-v9-5-to-6mwe,290784,2880,FEEDWATER-PUMP,feedwater-inventory,drum,true,1179451.3387750136,34.34314107321888,16.429417397149464,34.34377486218361,17.913723676069417,0.000633788964726989,false
B1-PIECEWISE-REDUCED,exact-v9-5-to-6mwe,296784,2940,MCP,suction,pressure,true,951930.7275560056,137.9804861243796,209.8436045137642,137.99882449767415,71.8631183893846,0.018338373294540133,false
B1-PIECEWISE-REDUCED,exact-v9-5-to-6mwe,296784,2940,CHANNEL,pressure,outlet,true,-1057991.9839872697,-205.7174746089665,209.85160473395024,-205.73396676644433,415.5690793429168,0.016492157477813407,true
B1-PIECEWISE-REDUCED,exact-v9-5-to-6mwe,296784,2940,RETURN,outlet,drum,true,925281.6973830509,192.3831278863145,209.12622814022464,192.3682703187472,16.743100253910143,0.014857567567304386,false
B1-PIECEWISE-REDUCED,exact-v9-5-to-6mwe,296784,2940,FEEDWATER-PUMP,feedwater-inventory,drum,true,1180631.1294943448,34.36031329156277,16.431391715743757,34.36020714422042,17.92892157581901,0.00010614734235048218,false
B1-PIECEWISE-REDUCED,exact-v9-5-to-6mwe,302784,3000,MCP,suction,pressure,true,950710.0475984683,137.89199016610561,212.3063297738344,137.9123600831014,74.41433960772878,0.02036991699577584,false
B1-PIECEWISE-REDUCED,exact-v9-5-to-6mwe,302784,3000,CHANNEL,pressure,outlet,true,-1074567.7129610502,-207.32271587658215,212.3142823291833,-207.34112649875135,419.63699820576545,0.018410622169199087,true
B1-PIECEWISE-REDUCED,exact-v9-5-to-6mwe,302784,3000,RETURN,outlet,drum,true,940358.1736312478,193.94413356750422,211.5929155973646,193.93581803886806,17.64878202986037,0.008315528636160252,false
B1-PIECEWISE-REDUCED,exact-v9-5-to-6mwe,302784,3000,FEEDWATER-PUMP,feedwater-inventory,drum,true,1181699.735989374,34.375859785456626,16.433391890320323,34.376545342342254,17.942467895136303,0.0006855568856281025,false
B1-PIECEWISE-REDUCED,exact-v9-5-to-6mwe,308784,3060,MCP,suction,pressure,true,949499.0684602236,137.80414133546375,214.72334342118245,137.82649243169988,76.9192020857187,0.022351096236121748,false
B1-PIECEWISE-REDUCED,exact-v9-5-to-6mwe,308784,3060,CHANNEL,pressure,outlet,true,-1091251.0352622035,-208.92592326106433,214.7312569384328,-208.92287956892855,423.65718019949713,0.003043692135776155,true
B1-PIECEWISE-REDUCED,exact-v9-5-to-6mwe,308784,3060,RETURN,outlet,drum,true,955551.9331222398,195.50467340933207,214.01362114662973,195.47763976544178,18.50894773729766,0.027033643890291614,false
B1-PIECEWISE-REDUCED,exact-v9-5-to-6mwe,308784,3060,FEEDWATER-PUMP,feedwater-inventory,drum,true,1182765.1570417928,34.391352939973046,16.435415497454027,34.392786609690084,17.95593744251902,0.0014336697170378443,false
B1-PIECEWISE-REDUCED,exact-v9-5-to-6mwe,314784,3120,MCP,suction,pressure,true,948297.9562949802,137.71695293572105,217.09599205078763,137.74122756383707,79.37903911506658,0.024274628116017993,false
B1-PIECEWISE-REDUCED,exact-v9-5-to-6mwe,314784,3120,CHANNEL,pressure,outlet,true,-1107734.9115776531,-210.49797258668818,217.1038756993173,-210.4794606424018,427.6018482860055,0.018511944286387916,true
B1-PIECEWISE-REDUCED,exact-v9-5-to-6mwe,314784,3120,RETURN,outlet,drum,true,970556.1532052797,197.03361674651154,216.3896248928349,196.9940037143121,19.356008146323347,0.03961303219944057,false
B1-PIECEWISE-REDUCED,exact-v9-5-to-6mwe,314784,3120,FEEDWATER-PUMP,feedwater-inventory,drum,true,1183827.1859543528,34.40678982343969,16.437462004386028,34.40892909945247,17.96932781905366,0.002139276012783853,false
B1-PIECEWISE-REDUCED,exact-v9-5-to-6mwe,320784,3180,MCP,suction,pressure,true,947106.6734862834,137.6304234888699,219.425578629579,137.65657122607007,81.79515514070911,0.02614773720017638,false
B1-PIECEWISE-REDUCED,exact-v9-5-to-6mwe,320784,3180,CHANNEL,pressure,outlet,true,-1124019.1799112367,-212.03954158705747,219.4334397897596,-212.0111433577922,431.4729813768171,0.028398229265263808,true
B1-PIECEWISE-REDUCED,exact-v9-5-to-6mwe,320784,3180,RETURN,outlet,drum,true,985370.8450147227,198.53169470033976,218.72217172213612,198.48521454569902,20.19047702179637,0.04648015464073296,false
B1-PIECEWISE-REDUCED,exact-v9-5-to-6mwe,320784,3180,FEEDWATER-PUMP,feedwater-inventory,drum,true,1184885.661456122,34.42216816901751,16.43953152434204,34.424971638271415,17.98263664467547,0.0028034692539051775,false
B1-PIECEWISE-REDUCED,exact-v9-5-to-6mwe,326784,3240,MCP,suction,pressure,true,945946.2929933142,137.54608631242942,221.71334574242326,137.57252652932127,84.16725942999383,0.026440216891842283,false
B1-PIECEWISE-REDUCED,exact-v9-5-to-6mwe,326784,3240,CHANNEL,pressure,outlet,true,-1140104.7707138492,-213.55137749158624,221.72117740411193,-213.51828350499986,435.27255489569814,0.03309398658637974,true
B1-PIECEWISE-REDUCED,exact-v9-5-to-6mwe,326784,3240,RETURN,outlet,drum,true,999997.070593567,199.99970705914217,221.01253280736856,199.95166292601857,21.01282574822639,0.048044133123596566,false
B1-PIECEWISE-REDUCED,exact-v9-5-to-6mwe,326784,3240,FEEDWATER-PUMP,feedwater-inventory,drum,true,1185940.5235788552,34.4374871844456,16.44162482218305,34.440913567188886,17.99586236226255,0.0034263827432852167,false
B1-PIECEWISE-REDUCED,exact-v9-5-to-6mwe,332784,3300,MCP,suction,pressure,true,944804.0693026893,137.46301824874132,223.9604741032654,137.4890965674574,86.49745585452408,0.026078318716088233,false
B1-PIECEWISE-REDUCED,exact-v9-5-to-6mwe,332784,3300,CHANNEL,pressure,outlet,true,-1155993.266578589,-215.0342546273583,223.9682665717751,-215.0012961120561,439.0025211991334,0.032958515302198066,true
B1-PIECEWISE-REDUCED,exact-v9-5-to-6mwe,332784,3300,RETURN,outlet,drum,true,1014436.581678682,201.43848506962934,223.261986263734,201.39379561796449,21.823501194104665,0.044689451664851276,false
B1-PIECEWISE-REDUCED,exact-v9-5-to-6mwe,332784,3300,FEEDWATER-PUMP,feedwater-inventory,drum,true,1186991.6099330876,34.45274459216693,16.443741387639363,34.45675398362455,18.009003204527566,0.004009391457621803,false
B1-PIECEWISE-REDUCED,exact-v9-5-to-6mwe,338784,3360,MCP,suction,pressure,true,943671.4825273374,137.38060143465214,226.16810379717262,137.406282570925,88.78750236252048,0.02568113627285129,false
B1-PIECEWISE-REDUCED,exact-v9-5-to-6mwe,338784,3360,CHANNEL,pressure,outlet,true,-1171686.476481125,-216.48893518894909,226.1758475394781,-216.46061053450723,442.6647827284272,0.028324654441860275,true
B1-PIECEWISE-REDUCED,exact-v9-5-to-6mwe,338784,3360,RETURN,outlet,drum,true,1028691.3158477704,202.84884183527106,225.47176585884353,202.81207279221283,22.622924023572466,0.03676904305822859,false
B1-PIECEWISE-REDUCED,exact-v9-5-to-6mwe,338784,3360,FEEDWATER-PUMP,feedwater-inventory,drum,true,1188038.8477334036,34.467939418152106,16.445879819863432,34.47249181029934,18.022059598288674,0.004552392147232354,false
B1-PIECEWISE-REDUCED,exact-v9-5-to-6mwe,344784,3420,MCP,suction,pressure,true,942548.5326672618,137.29883704294525,228.33733714772254,137.3240852195966,91.03850010477728,0.0252481766513597,false
B1-PIECEWISE-REDUCED,exact-v9-5-to-6mwe,344784,3420,CHANNEL,pressure,outlet,true,-1187186.543777159,-217.91618056281723,228.34502287175533,-217.89666582382438,446.26120343457256,0.01951473899285361,true
B1-PIECEWISE-REDUCED,exact-v9-5-to-6mwe,344784,3420,RETURN,outlet,drum,true,1042763.3323829877,204.23156782270343,227.64306057827056,204.2069592335574,23.41149275556714,0.024608589146026816,false
B1-PIECEWISE-REDUCED,exact-v9-5-to-6mwe,344784,3420,FEEDWATER-PUMP,feedwater-inventory,drum,true,1189081.99852488,34.48306828756513,16.448037570856112,34.48812558186693,18.03503071670902,0.005057294301799686,false
B1-PIECEWISE-REDUCED,exact-v9-5-to-6mwe,350784,3480,MCP,suction,pressure,true,941435.1366456,137.21772018552122,230.46923942892704,137.24250384509403,93.25151924340582,0.024783659572818806,false
B1-PIECEWISE-REDUCED,exact-v9-5-to-6mwe,350784,3480,CHANNEL,pressure,outlet,true,-1202495.6367429586,-219.3167240994593,230.4768574094089,-219.30990908190185,449.7935815088682,0.0068150175574430705,true
B1-PIECEWISE-REDUCED,exact-v9-5-to-6mwe,350784,3480,RETURN,outlet,drum,true,1056655.009246123,205.58745187837928,229.77701658030506,205.57892815306127,24.189564701925775,0.00852372531801393,false
B1-PIECEWISE-REDUCED,exact-v9-5-to-6mwe,350784,3480,FEEDWATER-PUMP,feedwater-inventory,drum,true,1190120.997132048,34.49813034255694,16.45021166642716,34.50365401094259,18.047918676129783,0.005523668385649216,false
B1-PIECEWISE-REDUCED,exact-v9-5-to-6mwe,356784,3540,MCP,suction,pressure,true,940293.2452624011,137.13447744913756,232.43091089359083,137.15880286545703,95.29643344445327,0.024325416319470605,false
B1-PIECEWISE-REDUCED,exact-v9-5-to-6mwe,356784,3540,CHANNEL,pressure,outlet,true,-1217272.4670519682,-220.6601429394958,232.43803736559047,-220.66923840531075,453.0981803050863,0.009095465814937143,true
B1-PIECEWISE-REDUCED,exact-v9-5-to-6mwe,356784,3540,RETURN,outlet,drum,true,1070350.5811367116,206.9154978378093,231.8514229713291,206.92602290120877,24.93592513351979,0.010525063399455803,false
B1-PIECEWISE-REDUCED,exact-v9-5-to-6mwe,356784,3540,FEEDWATER-PUMP,feedwater-inventory,drum,true,1190028.8796739131,34.496795208742405,16.41975547436674,34.502711809890684,18.077039734375663,0.005916601148278744,false
B1-PIECEWISE-REDUCED,exact-v9-5-to-6mwe,362784,3600,MCP,suction,pressure,true,939257.0691782219,137.0588974987193,233.94763612278393,137.0828589798548,96.88873862406464,0.023961481135501117,false
B1-PIECEWISE-REDUCED,exact-v9-5-to-6mwe,362784,3600,CHANNEL,pressure,outlet,true,-1229094.0269697907,-221.72902624327656,233.95344100357076,-221.75347245491142,455.6824672468473,0.024446211634852943,true
B1-PIECEWISE-REDUCED,exact-v9-5-to-6mwe,362784,3600,RETURN,outlet,drum,true,1081552.4861352567,207.99543130898397,233.50781392423573,208.02376625975663,25.512382615251767,0.028334950772659795,false
B1-PIECEWISE-REDUCED,exact-v9-5-to-6mwe,362784,3600,FEEDWATER-PUMP,feedwater-inventory,drum,true,1188441.2931821235,34.47377689174952,16.348579196418328,34.47997742903201,18.125197695331195,0.006200537282488483,false
C1-TABULATED-SURROGATE,background-reference,0,0,MCP,suction,pressure,true,988436.9417533528,140.60134720217675,99.99999997333269,140.60207245483593,40.60134722884406,0.0007252526591798869,false
C1-TABULATED-SURROGATE,background-reference,0,0,CHANNEL,pressure,outlet,true,-504943.2074449243,-142.11871199035323,99.99999996288139,-142.11354382289005,242.11871195323462,0.005168167463182272,true
C1-TABULATED-SURROGATE,background-reference,0,0,RETURN,outlet,drum,true,424854.1834307567,130.36167894450526,100.00000029567853,130.36092910618171,30.361678648826725,0.0007498383235429174,false
C1-TABULATED-SURROGATE,background-reference,0,0,FEEDWATER-PUMP,feedwater-inventory,drum,false,,,13.339237172210026,34.06551370276052,,,false
C1-TABULATED-SURROGATE,background-reference,6000,60,MCP,suction,pressure,true,988436.9417533528,140.60134720217675,100.000000003839,140.60207245483593,40.60134719833775,0.0007252526591798869,false
C1-TABULATED-SURROGATE,background-reference,6000,60,CHANNEL,pressure,outlet,true,-504943.2074449243,-142.11871199035323,100.00000043029934,-142.11354382289005,242.11871242065257,0.005168167463182272,true
C1-TABULATED-SURROGATE,background-reference,6000,60,RETURN,outlet,drum,true,424854.1834307567,130.36167894450526,99.99999987008255,130.36092910618171,30.36167907442271,0.0007498383235429174,false
C1-TABULATED-SURROGATE,background-reference,6000,60,FEEDWATER-PUMP,feedwater-inventory,drum,false,,,13.339237023112535,34.065513705715254,,,false
C1-TABULATED-SURROGATE,background-reference,12000,120,MCP,suction,pressure,true,988436.9417533528,140.60134720217675,100.00000010143063,140.60207245483593,40.601347100746125,0.0007252526591798869,false
C1-TABULATED-SURROGATE,background-reference,12000,120,CHANNEL,pressure,outlet,true,-504943.2074449243,-142.11871199035323,100.00000009932015,-142.11354382289005,242.11871208967338,0.005168167463182272,true
C1-TABULATED-SURROGATE,background-reference,12000,120,RETURN,outlet,drum,true,424854.1834307567,130.36167894450526,100.00000029567853,130.36092910618171,30.361678648826725,0.0007498383235429174,false
C1-TABULATED-SURROGATE,background-reference,12000,120,FEEDWATER-PUMP,feedwater-inventory,drum,false,,,13.339237176842365,34.06551370675567,,,false
C1-TABULATED-SURROGATE,background-reference,18000,180,MCP,suction,pressure,true,988436.9417533528,140.60134720217675,100.00000009616716,140.60207245483593,40.6013471060096,0.0007252526591798869,false
C1-TABULATED-SURROGATE,background-reference,18000,180,CHANNEL,pressure,outlet,true,-504943.2074449243,-142.11871199035323,100.00000009680781,-142.11354382289005,242.11871208716104,0.005168167463182272,true
C1-TABULATED-SURROGATE,background-reference,18000,180,RETURN,outlet,drum,true,424854.1834307567,130.36167894450526,100.00000029567853,130.36092910618171,30.361678648826725,0.0007498383235429174,false
C1-TABULATED-SURROGATE,background-reference,18000,180,FEEDWATER-PUMP,feedwater-inventory,drum,false,,,13.339237190766049,34.06551371802623,,,false
C1-TABULATED-SURROGATE,background-reference,24000,240,MCP,suction,pressure,true,988436.9417533528,140.60134720217675,100.00000018385984,140.60207245483593,40.601347018316915,0.0007252526591798869,false
C1-TABULATED-SURROGATE,background-reference,24000,240,CHANNEL,pressure,outlet,true,-504943.2074449243,-142.11871199035323,99.99999976134636,-142.11354436030103,242.1187117516996,0.0051676300521990015,true
C1-TABULATED-SURROGATE,background-reference,24000,240,RETURN,outlet,drum,true,424854.1834307567,130.36167894450526,100.00000072127246,130.36092969204267,30.3616782232328,0.000749252462583172,false
C1-TABULATED-SURROGATE,background-reference,24000,240,FEEDWATER-PUMP,feedwater-inventory,drum,false,,,13.339237178719115,34.065513713317145,,,false
C1-TABULATED-SURROGATE,background-reference,30000,300,MCP,suction,pressure,true,988436.9417533528,140.60134720217675,100.00000033101328,140.60207245483593,40.60134687116347,0.0007252526591798869,false
C1-TABULATED-SURROGATE,background-reference,30000,300,CHANNEL,pressure,outlet,true,-504943.2074449243,-142.11871199035323,99.99999990880563,-142.113544091596,242.11871189915888,0.005167898757235889,true
C1-TABULATED-SURROGATE,background-reference,30000,300,RETURN,outlet,drum,true,424854.1834307567,130.36167894450526,100.00000072127246,130.36092939911268,30.3616782232328,0.0007495453925798756,false
C1-TABULATED-SURROGATE,background-reference,30000,300,FEEDWATER-PUMP,feedwater-inventory,drum,false,,,13.339237182691566,34.06551371772178,,,false
C1-TABULATED-SURROGATE,background-reference,36000,360,MCP,suction,pressure,true,988436.9417533528,140.60134720217675,100.00000036006765,140.60207245483593,40.60134684210911,0.0007252526591798869,false
C1-TABULATED-SURROGATE,background-reference,36000,360,CHANNEL,pressure,outlet,true,-504943.2074449243,-142.11871199035323,100.00000035644844,-142.113544091596,242.11871234680166,0.005167898757235889,true
C1-TABULATED-SURROGATE,background-reference,36000,360,RETURN,outlet,drum,true,424854.1834307567,130.36167894450526,99.99999989456386,130.36092939911268,30.3616790499414,0.0007495453925798756,false
C1-TABULATED-SURROGATE,background-reference,36000,360,FEEDWATER-PUMP,feedwater-inventory,drum,false,,,13.339237210683912,34.065513731489276,,,false
C1-TABULATED-SURROGATE,background-reference,42000,420,MCP,suction,pressure,true,988436.9417533528,140.60134720217675,100.00000053991201,140.60207245483593,40.601346662264746,0.0007252526591798869,false
C1-TABULATED-SURROGATE,background-reference,42000,420,CHANNEL,pressure,outlet,true,-504943.2074449243,-142.11871199035323,100.00000011285562,-142.113544091596,242.11871210320885,0.005167898757235889,true
C1-TABULATED-SURROGATE,background-reference,42000,420,RETURN,outlet,drum,true,424854.1834307567,130.36167894450526,100.00000114687066,130.36092939911268,30.3616777976346,0.0007495453925798756,false
C1-TABULATED-SURROGATE,background-reference,42000,420,FEEDWATER-PUMP,feedwater-inventory,drum,false,,,13.339237038396698,34.065513730895894,,,false
C1-TABULATED-SURROGATE,background-reference,48000,480,MCP,suction,pressure,true,988436.9417533528,140.60134720217675,100.00000075982659,140.60207245483593,40.60134644235016,0.0007252526591798869,false
C1-TABULATED-SURROGATE,background-reference,48000,480,CHANNEL,pressure,outlet,true,-504943.2074449243,-142.11871199035323,100.00000037672613,-142.113544091596,242.11871236707935,0.005167898757235889,true
C1-TABULATED-SURROGATE,background-reference,48000,480,RETURN,outlet,drum,true,424854.1834307567,130.36167894450526,100.00000114687066,130.36092939911268,30.3616777976346,0.0007495453925798756,false
C1-TABULATED-SURROGATE,background-reference,48000,480,FEEDWATER-PUMP,feedwater-inventory,drum,false,,,13.339237050124458,34.06551374016744,,,false
C1-TABULATED-SURROGATE,background-reference,54000,540,MCP,suction,pressure,true,988436.9417533528,140.60134720217675,100.00000083033684,140.60207245483593,40.60134637183991,0.0007252526591798869,false
C1-TABULATED-SURROGATE,background-reference,54000,540,CHANNEL,pressure,outlet,true,-504943.2074449243,-142.11871199035323,100.00000083172098,-142.11354436030103,242.1187128220742,0.0051676300521990015,true
C1-TABULATED-SURROGATE,background-reference,54000,540,RETURN,outlet,drum,true,424854.1834307567,130.36167894450526,100.00000032016206,130.36092969204267,30.3616786243432,0.000749252462583172,false
C1-TABULATED-SURROGATE,background-reference,54000,540,FEEDWATER-PUMP,feedwater-inventory,drum,false,,,13.339237237770089,34.06551375831395,,,false
C1-TABULATED-SURROGATE,background-reference,60000,600,MCP,suction,pressure,true,988436.9417533528,140.60134720217675,100.00000097387097,140.60207245483593,40.601346228305786,0.0007252526591798869,false
C1-TABULATED-SURROGATE,background-reference,60000,600,CHANNEL,pressure,outlet,true,-504943.2074449243,-142.11871199035323,100.00000135723388,-142.11354436030103,242.11871334758712,0.0051676300521990015,true
C1-TABULATED-SURROGATE,background-reference,60000,600,RETURN,outlet,drum,true,424854.1834307567,130.36167894450526,100.00000032016206,130.36092969204267,30.3616786243432,0.000749252462583172,false
C1-TABULATED-SURROGATE,background-reference,60000,600,FEEDWATER-PUMP,feedwater-inventory,drum,false,,,13.339237256604022,34.06551377376177,,,false
C1-TABULATED-SURROGATE,exact-v9-5-to-6mwe,2784,0,MCP,suction,pressure,true,990700.7063861464,140.76226102092465,107.86984523242108,140.76272650661087,32.89241578850357,0.0004654856862202905,false
C1-TABULATED-SURROGATE,exact-v9-5-to-6mwe,2784,0,CHANNEL,pressure,outlet,true,-565569.7711508871,-150.40874590939015,107.84867014590101,-150.40649876813353,258.2574160552912,0.002247141256617624,true
C1-TABULATED-SURROGATE,exact-v9-5-to-6mwe,2784,0,RETURN,outlet,drum,true,458783.74547963485,135.46715402334763,106.24742123397387,135.46582049941685,29.219732789373765,0.0013335239307821212,false
C1-TABULATED-SURROGATE,exact-v9-5-to-6mwe,2784,0,FEEDWATER-PUMP,feedwater-inventory,drum,false,,,13.364068550512673,34.24043673887731,,,false
C1-TABULATED-SURROGATE,exact-v9-5-to-6mwe,8784,60,MCP,suction,pressure,true,981060.0711916679,140.07569890538957,101.88596059705775,140.0770994577336,38.189738308331826,0.0014005523440232537,false
C1-TABULATED-SURROGATE,exact-v9-5-to-6mwe,8784,60,CHANNEL,pressure,outlet,true,-509552.36712415976,-142.76587367072844,101.87204702968509,-142.75357325095587,244.63792070041353,0.012300419772572013,true
C1-TABULATED-SURROGATE,exact-v9-5-to-6mwe,8784,60,RETURN,outlet,drum,true,472745.53630990203,137.51298648635364,103.39170488316243,137.48947677415262,34.12128160319121,0.02350971220101883,false
C1-TABULATED-SURROGATE,exact-v9-5-to-6mwe,8784,60,FEEDWATER-PUMP,feedwater-inventory,drum,true,1086872.2285058089,32.96774527482595,14.844986146362718,32.96820780885821,18.122759128463233,0.0004625340322590432,false
C1-TABULATED-SURROGATE,exact-v9-5-to-6mwe,14784,120,MCP,suction,pressure,true,933222.0519619145,136.61786500761272,105.4283494310372,136.6156308708177,31.189515576575516,0.0022341367950104996,false
C1-TABULATED-SURROGATE,exact-v9-5-to-6mwe,14784,120,CHANNEL,pressure,outlet,true,-404735.84892876336,-127.23770650695702,105.24942188936794,-127.22845089961612,232.48712839632498,0.009255607340904248,true
C1-TABULATED-SURROGATE,exact-v9-5-to-6mwe,14784,120,RETURN,outlet,drum,true,471660.2607194238,137.35505243265334,105.44361352904157,137.35568764485186,31.911438903611767,0.0006352121985173653,false
C1-TABULATED-SURROGATE,exact-v9-5-to-6mwe,14784,120,FEEDWATER-PUMP,feedwater-inventory,drum,true,1130744.6741237622,33.62654716327209,17.28422915929627,33.62855361896356,16.342318003975823,0.002006455691464737,false
C1-TABULATED-SURROGATE,exact-v9-5-to-6mwe,20784,180,MCP,suction,pressure,true,926473.1160785153,136.12296764899855,102.40247734510908,136.124760995881,33.72049030388948,0.0017933468824367083,false
C1-TABULATED-SURROGATE,exact-v9-5-to-6mwe,20784,180,CHANNEL,pressure,outlet,true,-433298.2352283601,-131.650785828017,102.20690760511592,-131.62967923375192,233.8576934331329,0.02110659426509187,true
C1-TABULATED-SURROGATE,exact-v9-5-to-6mwe,20784,180,RETURN,outlet,drum,true,461715.34778447665,135.8992785535636,102.44235749603615,135.88262751543286,33.45692105752744,0.016651038130731877,false
C1-TABULATED-SURROGATE,exact-v9-5-to-6mwe,20784,180,FEEDWATER-PUMP,feedwater-inventory,drum,true,1096141.8659910168,33.1080332546501,16.300026961658304,33.10983003962199,16.8080062929918,0.0017967849718871776,false
C1-TABULATED-SURROGATE,exact-v9-5-to-6mwe,26784,240,MCP,suction,pressure,true,943730.3324061208,137.3848850788267,100.62036726164747,137.38188465831266,36.764517817179225,0.0030004205140414797,false
C1-TABULATED-SURROGATE,exact-v9-5-to-6mwe,26784,240,CHANNEL,pressure,outlet,true,-471852.83966229006,-137.383090613407,100.48674934486715,-137.3577994992708,237.86983995827416,0.025291114136194892,true
C1-TABULATED-SURROGATE,exact-v9-5-to-6mwe,26784,240,RETURN,outlet,drum,true,455874.9464249452,135.0370240230353,100.57260301236511,135.02110284294974,34.46442101067018,0.015921180085541664,false
C1-TABULATED-SURROGATE,exact-v9-5-to-6mwe,26784,240,FEEDWATER-PUMP,feedwater-inventory,drum,true,1090779.9529010002,33.02695797225352,16.093376058894673,33.02890140500069,16.933581913358847,0.001943432747168572,false
C1-TABULATED-SURROGATE,exact-v9-5-to-6mwe,32784,300,MCP,suction,pressure,true,962451.0149455627,138.74083861254138,99.61536509407972,138.73592198081545,39.12547351846166,0.004916631725933485,false
C1-TABULATED-SURROGATE,exact-v9-5-to-6mwe,32784,300,CHANNEL,pressure,outlet,true,-502960.0532859275,-141.83935325373244,99.54485995603764,-141.81422437889267,241.38421320977008,0.025128874839765558,true
C1-TABULATED-SURROGATE,exact-v9-5-to-6mwe,32784,300,RETURN,outlet,drum,true,452917.6291515844,134.598310413108,99.5653970684299,134.58710045938264,35.03291334467811,0.011209953725369814,false
C1-TABULATED-SURROGATE,exact-v9-5-to-6mwe,32784,300,FEEDWATER-PUMP,feedwater-inventory,drum,true,1088539.5966474367,32.993023454170384,15.940684017938445,32.99510262322218,17.05233943623194,0.0020791690517967254,false
C1-TABULATED-SURROGATE,exact-v9-5-to-6mwe,38784,360,MCP,suction,pressure,true,977050.3353389106,139.78915089082633,99.06867970955915,139.78680571181565,40.720471181267186,0.0023451790106889803,false
C1-TABULATED-SURROGATE,exact-v9-5-to-6mwe,38784,360,CHANNEL,pressure,outlet,true,-524862.8322563524,-144.89483527805294,99.04604583727536,-144.88412089696698,243.9408811153283,0.010714381085961122,true
C1-TABULATED-SURROGATE,exact-v9-5-to-6mwe,38784,360,RETURN,outlet,drum,true,451532.10977183987,134.39227801802303,99.02374177853561,134.38884745361383,35.368536239487426,0.0034305644092000875,false
C1-TABULATED-SURROGATE,exact-v9-5-to-6mwe,38784,360,FEEDWATER-PUMP,feedwater-inventory,drum,true,1088603.1981720515,32.993987303326215,15.83831803398749,32.995888922765396,17.155669269338723,0.0019016194391809904,false
C1-TABULATED-SURROGATE,exact-v9-5-to-6mwe,44784,420,MCP,suction,pressure,true,987187.5694721864,140.5124599081652,98.78350507314344,140.51069759285878,41.72895483502175,0.0017623153064221242,false
C1-TABULATED-SURROGATE,exact-v9-5-to-6mwe,44784,420,CHANNEL,pressure,outlet,true,-539464.0119835277,-146.8964277283185,98.7934329082542,-146.90251276433648,245.68986063657272,0.006085036017964285,true
C1-TABULATED-SURROGATE,exact-v9-5-to-6mwe,44784,420,RETURN,outlet,drum,true,451058.5831628235,134.32179021481565,98.74923970121107,134.32978582784395,35.57255051360458,0.007995613028299431,false
C1-TABULATED-SURROGATE,exact-v9-5-to-6mwe,44784,420,FEEDWATER-PUMP,feedwater-inventory,drum,true,1090207.4292837847,33.018289314920374,15.773589759107407,33.019543614796525,17.244699555812964,0.0012542998761517765,false
C1-TABULATED-SURROGATE,exact-v9-5-to-6mwe,50784,480,MCP,suction,pressure,true,993813.2025431434,140.98320485385082,98.62455534822769,140.98189982210008,42.358649505623134,0.001305031750746366,false
C1-TABULATED-SURROGATE,exact-v9-5-to-6mwe,50784,480,CHANNEL,pressure,outlet,true,-549506.764994021,-148.25744702968834,98.65495291261486,-148.24969898476314,246.91239994230318,0.007748044925193653,true
C1-TABULATED-SURROGATE,exact-v9-5-to-6mwe,50784,480,RETURN,outlet,drum,true,451333.70345600724,134.36274832795095,98.61135315104987,134.34595770415825,35.751395176901084,0.016790623792701354,false
C1-TABULATED-SURROGATE,exact-v9-5-to-6mwe,50784,480,FEEDWATER-PUMP,feedwater-inventory,drum,true,1092542.90514436,33.05363679149936,15.723547196156069,33.05368186204745,17.33008959534329,4.507054809010924E-05,false
C1-TABULATED-SURROGATE,exact-v9-5-to-6mwe,56784,540,MCP,suction,pressure,true,998355.8701272904,141.3050508741489,98.54258587463916,141.30454030017276,42.76246499950973,0.0005105739761290806,false
C1-TABULATED-SURROGATE,exact-v9-5-to-6mwe,56784,540,CHANNEL,pressure,outlet,true,-556830.5993162257,-149.24216553189328,98.58632152358805,-149.21624280481748,247.82848705548133,0.025922727075794683,true
C1-TABULATED-SURROGATE,exact-v9-5-to-6mwe,56784,540,RETURN,outlet,drum,true,451785.5868078424,134.42999468985224,98.54556376875348,134.40978064799768,35.884430921098755,0.020214041854558218,false
C1-TABULATED-SURROGATE,exact-v9-5-to-6mwe,56784,540,FEEDWATER-PUMP,feedwater-inventory,drum,true,1095940.8044554368,33.104996669014135,15.70571078154846,33.106211492565286,17.399285887465673,0.0012148235511517669,false
C1-TABULATED-SURROGATE,exact-v9-5-to-6mwe,62784,600,MCP,suction,pressure,true,1001056.3289967021,141.49603026210326,98.55861504974044,141.49571264008333,42.93741521236282,0.0003176220199350155,false
C1-TABULATED-SURROGATE,exact-v9-5-to-6mwe,62784,600,CHANNEL,pressure,outlet,true,-561013.1593094892,-149.80162339700985,98.60974108585756,-149.77185084797296,248.4113644828674,0.02977254903689186,true
C1-TABULATED-SURROGATE,exact-v9-5-to-6mwe,62784,600,RETURN,outlet,drum,true,452388.3145791547,134.51963642221975,98.55726779984087,134.50139859839527,35.962368622378875,0.018237823824478028,false
C1-TABULATED-SURROGATE,exact-v9-5-to-6mwe,62784,600,FEEDWATER-PUMP,feedwater-inventory,drum,true,1099651.6805313248,33.16099637422442,15.70334192093351,33.16292329351062,17.457654453290907,0.0019269192862054751,false
C1-TABULATED-SURROGATE,exact-v9-5-to-6mwe,68784,660,MCP,suction,pressure,true,1002563.1761423312,141.60248416905202,98.59693104423935,141.60200963372236,43.005553124812664,0.00047453532965846534,false
C1-TABULATED-SURROGATE,exact-v9-5-to-6mwe,68784,660,CHANNEL,pressure,outlet,true,-563648.8689548944,-150.1531043908043,98.65176799644979,-150.13299328498942,248.80487238725408,0.02011110581486264,true
C1-TABULATED-SURROGATE,exact-v9-5-to-6mwe,68784,660,RETURN,outlet,drum,true,453062.97891411517,134.61990624185046,98.59751138598376,134.60734921949017,36.02239485586669,0.012557022360283554,false
C1-TABULATED-SURROGATE,exact-v9-5-to-6mwe,68784,660,FEEDWATER-PUMP,feedwater-inventory,drum,true,1103409.8024873314,33.21761283547226,15.703666507078486,33.219711888245556,17.51394632839377,0.0020990527732962505,false
C1-TABULATED-SURROGATE,exact-v9-5-to-6mwe,74784,720,MCP,suction,pressure,true,1003378.9869039982,141.66008519720705,98.64537771566397,141.65985409113824,43.014707481543084,0.0002311060688100497,false
C1-TABULATED-SURROGATE,exact-v9-5-to-6mwe,74784,720,CHANNEL,pressure,outlet,true,-565440.1589220272,-150.39151025533684,98.70150009586416,-150.38606945746062,249.093010351201,0.005440797876218539,true
C1-TABULATED-SURROGATE,exact-v9-5-to-6mwe,74784,720,RETURN,outlet,drum,true,453784.56510240375,134.72706708043543,98.65933081941434,134.72373057103226,36.067736261021096,0.00333650940316943,false
C1-TABULATED-SURROGATE,exact-v9-5-to-6mwe,74784,720,FEEDWATER-PUMP,feedwater-inventory,drum,true,1107266.9417089894,33.27562083130816,15.708868040400247,33.27738591298189,17.566752790907913,0.0017650816737315722,false
C1-TABULATED-SURROGATE,exact-v9-5-to-6mwe,80784,780,MCP,suction,pressure,true,1003797.3338240338,141.68961386241645,98.70453446573217,141.68979707915403,42.985079396684284,0.00018321673758237011,false
C1-TABULATED-SURROGATE,exact-v9-5-to-6mwe,80784,780,CHANNEL,pressure,outlet,true,-566654.0203351955,-150.55285056553336,98.76044244956803,-150.56613782145132,249.3132930151014,0.013287255917958873,true
C1-TABULATED-SURROGATE,exact-v9-5-to-6mwe,80784,780,RETURN,outlet,drum,true,454459.464321852,134.82721747805255,98.72069274565064,134.8362733494581,36.10652473240191,0.00905587140556463,false
C1-TABULATED-SURROGATE,exact-v9-5-to-6mwe,80784,780,FEEDWATER-PUMP,feedwater-inventory,drum,true,1111166.946810308,33.334170858299565,15.717618890018285,33.335136151207784,17.61655196828128,0.0009652929082193396,false
C1-TABULATED-SURROGATE,exact-v9-5-to-6mwe,86784,840,MCP,suction,pressure,true,1003983.2657884951,141.70273573848144,98.77053345414275,141.70338544009473,42.932202284338686,0.000649701613298248,false
C1-TABULATED-SURROGATE,exact-v9-5-to-6mwe,86784,840,CHANNEL,pressure,outlet,true,-567802.9409381384,-150.70540016046385,98.82570231362976,-150.6996475053378,249.53110247409361,0.0057526551260593806,true
C1-TABULATED-SURROGATE,exact-v9-5-to-6mwe,86784,840,RETURN,outlet,drum,true,455355.01506430533,134.95999630472807,98.77742532872517,134.9425452774478,36.18257097600289,0.017451027280259268,false
C1-TABULATED-SURROGATE,exact-v9-5-to-6mwe,86784,840,FEEDWATER-PUMP,feedwater-inventory,drum,true,1115007.449278568,33.39172725808846,15.727760946968045,33.391898126624945,17.66396631112041,0.00017086853648606848,false
C1-TABULATED-SURROGATE,exact-v9-5-to-6mwe,92784,900,MCP,suction,pressure,true,1004109.5318146631,141.71164608561028,98.81669314030025,141.7127833522704,42.89495294531004,0.0011372666601232595,false
C1-TABULATED-SURROGATE,exact-v9-5-to-6mwe,92784,900,CHANNEL,pressure,outlet,true,-569105.0682962171,-150.8781055416878,98.87092449545497,-150.85588213249673,249.74903003714277,0.022223409191070687,true
C1-TABULATED-SURROGATE,exact-v9-5-to-6mwe,92784,900,RETURN,outlet,drum,true,456100.31846116873,135.0703991940749,98.83477976193345,135.05092579112213,36.23561943214145,0.019473402952769447,false
C1-TABULATED-SURROGATE,exact-v9-5-to-6mwe,92784,900,FEEDWATER-PUMP,feedwater-inventory,drum,true,1118545.292620523,33.44466015106931,15.732581783068744,33.44591117501852,17.71207836800056,0.0012510239492158348,false
C1-TABULATED-SURROGATE,exact-v9-5-to-6mwe,98784,960,MCP,suction,pressure,true,1004217.8492994207,141.71928939275844,98.88752565577155,141.71792105455938,42.831763736986886,0.0013683381990574617,false
C1-TABULATED-SURROGATE,exact-v9-5-to-6mwe,98784,960,CHANNEL,pressure,outlet,true,-569952.2479453858,-150.99036365879587,98.94087432528579,-150.95782243743463,249.93123798408166,0.03254122136124238,true
C1-TABULATED-SURROGATE,exact-v9-5-to-6mwe,98784,960,RETURN,outlet,drum,true,456794.3480340997,135.1731257364569,98.8967865236066,135.15472003212207,36.27633921285032,0.0184057043348389,false
C1-TABULATED-SURROGATE,exact-v9-5-to-6mwe,98784,960,FEEDWATER-PUMP,feedwater-inventory,drum,true,1122258.3927511899,33.500125264708934,15.747141305451722,33.502001972535965,17.752983959257215,0.0018767078270300885,false
C1-TABULATED-SURROGATE,exact-v9-5-to-6mwe,104784,1020,MCP,suction,pressure,true,1004134.5335562184,141.71341034328532,98.95815158606004,141.7125035025319,42.75525875722528,0.0009068407534300604,false
C1-TABULATED-SURROGATE,exact-v9-5-to-6mwe,104784,1020,CHANNEL,pressure,outlet,true,-570453.9302957832,-151.05680127631237,99.00991784680633,-151.03247113223784,250.0667191231187,0.024330144074525606,true
C1-TABULATED-SURROGATE,exact-v9-5-to-6mwe,104784,1020,RETURN,outlet,drum,true,457498.97285207995,135.2773407266834,98.97372381585679,135.26269313046598,36.30361691082662,0.014647596217429282,false
C1-TABULATED-SURROGATE,exact-v9-5-to-6mwe,104784,1020,FEEDWATER-PUMP,feedwater-inventory,drum,true,1125795.341085812,33.55287381262315,15.759644825253183,33.554979702223704,17.793228987369964,0.0021058896005570205,false
C1-TABULATED-SURROGATE,exact-v9-5-to-6mwe,110784,1080,MCP,suction,pressure,true,1003823.425553314,141.6914553212941,103.35291123901287,141.69100543525067,38.33854408228122,0.0004498860434125618,false
C1-TABULATED-SURROGATE,exact-v9-5-to-6mwe,110784,1080,CHANNEL,pressure,outlet,true,-571295.2376257636,-151.1681497704809,103.39386446922852,-151.15511765947855,254.5620142397094,0.013032111002360125,true
C1-TABULATED-SURROGATE,exact-v9-5-to-6mwe,110784,1080,RETURN,outlet,drum,true,460270.07742770197,135.6864145635372,100.1518209113018,135.67879231881403,35.5345936522354,0.00762224472316575,false
C1-TABULATED-SURROGATE,exact-v9-5-to-6mwe,110784,1080,FEEDWATER-PUMP,feedwater-inventory,drum,true,1146625.6042722985,33.861860614447906,16.342835448928604,33.8638673386822,17.519025165519302,0.0020067242342918234,false
C1-TABULATED-SURROGATE,exact-v9-5-to-6mwe,116784,1140,MCP,suction,pressure,true,995250.8802342432,141.08514310403086,107.63222171227824,141.08548718853925,33.452921391752625,0.0003440845083844124,false
C1-TABULATED-SURROGATE,exact-v9-5-to-6mwe,116784,1140,CHANNEL,pressure,outlet,true,-566514.6337900531,-150.5343328002025,107.66330833044553,-150.5275525270191,258.19764113064804,0.006780273183380814,true
C1-TABULATED-SURROGATE,exact-v9-5-to-6mwe,116784,1140,RETURN,outlet,drum,true,473655.3787831461,137.64525110342834,106.70858891241942,137.64360916020055,30.93666219100892,0.0016419432277814394,false
C1-TABULATED-SURROGATE,exact-v9-5-to-6mwe,116784,1140,FEEDWATER-PUMP,feedwater-inventory,drum,true,1159601.0223610643,34.05291503470833,16.811237513859524,34.0549965470956,17.241677520848803,0.002081512387270834,false
C1-TABULATED-SURROGATE,exact-v9-5-to-6mwe,122784,1200,MCP,suction,pressure,true,990816.0917543061,140.77045796290543,111.13471839841384,140.77086285274171,29.635739564491587,0.0004048898362896125,false
C1-TABULATED-SURROGATE,exact-v9-5-to-6mwe,122784,1200,CHANNEL,pressure,outlet,true,-574980.0024231231,-151.65487165575962,111.15035496051603,-151.66389561319158,262.80522661627566,0.009023957431963936,true
C1-TABULATED-SURROGATE,exact-v9-5-to-6mwe,122784,1200,RETURN,outlet,drum,true,482805.79708035185,138.96845643243677,110.45025114711893,138.98336915169614,28.518205285317833,0.014912719259370988,false
C1-TABULATED-SURROGATE,exact-v9-5-to-6mwe,122784,1200,FEEDWATER-PUMP,feedwater-inventory,drum,true,1145919.2458776021,33.85142900791047,16.347497105315348,33.85348982463352,17.50393190259512,0.002060816723052028,false
C1-TABULATED-SURROGATE,exact-v9-5-to-6mwe,128784,1260,MCP,suction,pressure,true,988412.7875320114,140.59962926921332,115.80175047925907,140.599875774351,24.797878789954254,0.00024650513768165183,false
C1-TABULATED-SURROGATE,exact-v9-5-to-6mwe,128784,1260,CHANNEL,pressure,outlet,true,-586994.4138707846,-153.23112136518282,115.81314695687205,-153.23064946492983,269.04426832205485,0.0004719002529895988,true
C1-TABULATED-SURROGATE,exact-v9-5-to-6mwe,128784,1260,RETURN,outlet,drum,true,494494.73125411815,140.6406386865643,114.90123858831122,140.64452506094358,25.739400098253086,0.003886374379277413,false
C1-TABULATED-SURROGATE,exact-v9-5-to-6mwe,128784,1260,FEEDWATER-PUMP,feedwater-inventory,drum,true,1149325.6129608508,33.90170516302758,16.420487344436587,33.90369178076959,17.48121781859099,0.0019866177420126974,false
C1-TABULATED-SURROGATE,exact-v9-5-to-6mwe,134784,1320,MCP,suction,pressure,true,986682.7822295754,140.47653058283973,120.16715072912918,140.47655095565736,20.309379853710553,2.037281763023202E-05,false
C1-TABULATED-SURROGATE,exact-v9-5-to-6mwe,134784,1320,CHANNEL,pressure,outlet,true,-600239.2695072469,-154.95022032991716,120.17677097685305,-154.9373867385417,275.1269913067702,0.012833591375454034,true
C1-TABULATED-SURROGATE,exact-v9-5-to-6mwe,134784,1320,RETURN,outlet,drum,true,507020.6537338846,142.41076556691698,119.30584756378143,142.40041933124232,23.104918003135552,0.01034623567466042,false
C1-TABULATED-SURROGATE,exact-v9-5-to-6mwe,134784,1320,FEEDWATER-PUMP,feedwater-inventory,drum,true,1150576.7696449412,33.92015285409164,16.428040622367472,33.92203577359503,17.492112231724168,0.0018829195033873702,false
C1-TABULATED-SURROGATE,exact-v9-5-to-6mwe,140784,1380,MCP,suction,pressure,true,985257.6423694561,140.37504353477195,124.47831904568578,140.37478977941765,15.896724489086168,0.0002537553542936166,false
C1-TABULATED-SURROGATE,exact-v9-5-to-6mwe,140784,1380,CHANNEL,pressure,outlet,true,-614530.7162842357,-156.78401911983704,124.48703333297755,-156.76684240595554,281.2710524528146,0.017176713881497108,true
C1-TABULATED-SURROGATE,exact-v9-5-to-6mwe,140784,1380,RETURN,outlet,drum,true,520114.37087547564,144.23791053332346,123.62305936996192,144.22180174542063,20.614851163361536,0.016108787902822996,false
C1-TABULATED-SURROGATE,exact-v9-5-to-6mwe,140784,1380,FEEDWATER-PUMP,feedwater-inventory,drum,true,1151510.0279614236,33.933906759485026,16.423848784460432,33.9356423603236,17.510057975024594,0.001735600838571827,false
C1-TABULATED-SURROGATE,exact-v9-5-to-6mwe,146784,1440,MCP,suction,pressure,true,983941.5637148195,140.28125774420613,128.71391884782844,140.28068270348223,11.567338896377692,0.0005750407239020205,false
C1-TABULATED-SURROGATE,exact-v9-5-to-6mwe,146784,1440,CHANNEL,pressure,outlet,true,-629472.8026485066,-158.67864413946907,128.72262416092812,-158.6656077116089,287.4012683003972,0.013036427860157573,true
C1-TABULATED-SURROGATE,exact-v9-5-to-6mwe,146784,1440,RETURN,outlet,drum,true,533729.2093594196,146.1135461700139,127.86707211614517,146.1006589427961,18.246474053868738,0.012887227217817099,false
C1-TABULATED-SURROGATE,exact-v9-5-to-6mwe,146784,1440,FEEDWATER-PUMP,feedwater-inventory,drum,true,1152532.1348217335,33.94896367817041,16.421962570710534,33.950510448422875,17.527001107459874,0.001546770252467411,false
C1-TABULATED-SURROGATE,exact-v9-5-to-6mwe,152784,1500,MCP,suction,pressure,true,982658.3707061225,140.18975502554548,132.86333866833917,140.18880712278317,7.326416357206313,0.00094790276230583,false
C1-TABULATED-SURROGATE,exact-v9-5-to-6mwe,152784,1500,CHANNEL,pressure,outlet,true,-644854.1588455647,-160.60562366811004,132.87192057516725,-160.60530051971023,293.4775442432773,0.00032314839981495425,true
C1-TABULATED-SURROGATE,exact-v9-5-to-6mwe,152784,1500,RETURN,outlet,drum,true,547724.2839241372,148.01679417203133,132.01834626403868,148.01618747970605,15.998447907992642,0.0006066923252774359,false
C1-TABULATED-SURROGATE,exact-v9-5-to-6mwe,152784,1500,FEEDWATER-PUMP,feedwater-inventory,drum,true,1153549.0013728878,33.96393677671786,16.419441567432013,33.96525166589855,17.544495209285845,0.0013148891806906704,false
C1-TABULATED-SURROGATE,exact-v9-5-to-6mwe,158784,1560,MCP,suction,pressure,true,981381.4610590601,140.09864103973743,136.92069811946743,140.0972748379026,3.1779429202699987,0.0013662018348270522,false
C1-TABULATED-SURROGATE,exact-v9-5-to-6mwe,158784,1560,CHANNEL,pressure,outlet,true,-660816.7167502508,-162.58126789396752,136.92925813576554,-162.58346677423185,299.51052602973306,0.0021988802643306826,true
C1-TABULATED-SURROGATE,exact-v9-5-to-6mwe,158784,1560,RETURN,outlet,drum,true,562265.5272663995,149.96873371025035,136.09110412795604,149.96909243057104,13.877629582294304,0.00035872032069050874,false
C1-TABULATED-SURROGATE,exact-v9-5-to-6mwe,158784,1560,FEEDWATER-PUMP,feedwater-inventory,drum,true,1154578.5978663024,33.97909059798838,16.416851659857087,33.98012940172462,17.562238938131294,0.0010388037362361047,false
C1-TABULATED-SURROGATE,exact-v9-5-to-6mwe,164784,1620,MCP,suction,pressure,true,980102.5521605684,140.00732496270103,140.8927455803511,140.00548713916154,0.8854206176500554,0.0018378235394891362,false
C1-TABULATED-SURROGATE,exact-v9-5-to-6mwe,164784,1620,CHANNEL,pressure,outlet,true,-677237.8549805253,-164.58892489842995,140.90150434519612,-164.5762061590472,305.49042924362607,0.012718739382762578,true
C1-TABULATED-SURROGATE,exact-v9-5-to-6mwe,164784,1620,RETURN,outlet,drum,true,577247.143390859,151.95356440582222,140.06636104370293,151.9357723365192,11.887203362119294,0.017792069303027347,false
C1-TABULATED-SURROGATE,exact-v9-5-to-6mwe,164784,1620,FEEDWATER-PUMP,feedwater-inventory,drum,true,1155627.5366369793,33.99452215632659,16.414492529597748,33.99524053289019,17.58002962672884,0.0007183765636042949,false
C1-TABULATED-SURROGATE,exact-v9-5-to-6mwe,170784,1680,MCP,suction,pressure,true,978819.8079634203,139.91567517354304,144.77693985505076,139.91331824064073,4.86126468150772,0.002356932902301878,false
C1-TABULATED-SURROGATE,exact-v9-5-to-6mwe,170784,1680,CHANNEL,pressure,outlet,true,-693907.9462915139,-166.602274449242,144.7855420476597,-166.58422216006204,311.3878164969017,0.0180522891799626,true
C1-TABULATED-SURROGATE,exact-v9-5-to-6mwe,170784,1680,RETURN,outlet,drum,true,592467.4418045371,153.9438133611789,143.95812946795363,153.91805058160767,9.985683893225286,0.02576277957123807,false
C1-TABULATED-SURROGATE,exact-v9-5-to-6mwe,170784,1680,FEEDWATER-PUMP,feedwater-inventory,drum,true,1156711.9219026305,34.01046782834118,16.41293717349613,34.01082122950651,17.59753065484505,0.00035340116533433275,false
C1-TABULATED-SURROGATE,exact-v9-5-to-6mwe,176784,1740,MCP,suction,pressure,true,977533.9220854545,139.82374062264637,148.5750087198545,139.8208091988301,8.75126809720814,0.0029314238162783113,false
C1-TABULATED-SURROGATE,exact-v9-5-to-6mwe,176784,1740,CHANNEL,pressure,outlet,true,-710780.5642121665,-168.61560594585146,148.58377412806254,-168.60153859581274,317.19938007391397,0.014067350038715176,true
C1-TABULATED-SURROGATE,exact-v9-5-to-6mwe,176784,1740,RETURN,outlet,drum,true,607871.6475682704,155.93224779605666,147.76756501488813,155.90894542432926,8.164682781168523,0.023302371727396576,false
C1-TABULATED-SURROGATE,exact-v9-5-to-6mwe,176784,1740,FEEDWATER-PUMP,feedwater-inventory,drum,true,1157800.86336538,34.02647297862916,16.411340061304806,34.02647991723724,17.615132917324352,6.9386080809863415E-06,false
C1-TABULATED-SURROGATE,exact-v9-5-to-6mwe,182784,1800,MCP,suction,pressure,true,976245.9553539618,139.7315966668929,152.29338743305206,139.72803978189026,12.561790766159163,0.003556885002637955,false
C1-TABULATED-SURROGATE,exact-v9-5-to-6mwe,182784,1800,CHANNEL,pressure,outlet,true,-727739.894640031,-170.6153445197742,152.30216273752558,-170.61419870372043,322.9175072572998,0.0011458160537642925,true
C1-TABULATED-SURROGATE,exact-v9-5-to-6mwe,182784,1800,RETURN,outlet,drum,true,623303.1883865437,157.89910555624357,151.48619472621914,157.89464074599076,6.41291083002443,0.0044648102528128675,false
C1-TABULATED-SURROGATE,exact-v9-5-to-6mwe,182784,1800,FEEDWATER-PUMP,feedwater-inventory,drum,true,1158865.0058857426,34.042106366759135,16.410467189362862,34.042527494485455,17.631639177396274,0.00042112772631952566,false
C1-TABULATED-SURROGATE,exact-v9-5-to-6mwe,188784,1860,MCP,suction,pressure,true,974956.9685962278,139.63931886085865,155.92840142112064,139.6350865711714,16.28908256026199,0.004232289687251978,false
C1-TABULATED-SURROGATE,exact-v9-5-to-6mwe,188784,1860,CHANNEL,pressure,outlet,true,-745085.4764758521,-172.63666777088258,155.93706518758083,-172.63019321103906,328.57373295846344,0.006474559843525185,true
C1-TABULATED-SURROGATE,exact-v9-5-to-6mwe,188784,1860,RETURN,outlet,drum,true,639113.1857407597,159.88910979059952,155.13273815760718,159.88340051776413,4.756371632992341,0.005709272835389356,false
C1-TABULATED-SURROGATE,exact-v9-5-to-6mwe,188784,1860,FEEDWATER-PUMP,feedwater-inventory,drum,true,1159946.944103172,34.057993835561895,16.409937947346798,34.05878659881361,17.648055888215097,0.0007927632517166217,false
C1-TABULATED-SURROGATE,exact-v9-5-to-6mwe,194784,1920,MCP,suction,pressure,true,973668.1858437457,139.5469946536826,159.48691835719436,139.54203652430735,19.939923703511766,0.0049581293752396505,false
C1-TABULATED-SURROGATE,exact-v9-5-to-6mwe,194784,1920,CHANNEL,pressure,outlet,true,-762601.5166007454,-174.65411722610438,159.4957672940925,-174.63544680765477,334.1498845201969,0.018670418449602266,true
C1-TABULATED-SURROGATE,exact-v9-5-to-6mwe,194784,1920,RETURN,outlet,drum,true,655087.3312148697,161.87493088367572,158.69547252121015,161.86022525664336,3.1794583624655672,0.014705627032356006,false
C1-TABULATED-SURROGATE,exact-v9-5-to-6mwe,194784,1920,FEEDWATER-PUMP,feedwater-inventory,drum,true,1161037.0936749978,34.07399438978351,16.40948347850072,34.07511584191745,17.664510911282786,0.0011214521339439898,false
C1-TABULATED-SURROGATE,exact-v9-5-to-6mwe,200784,1980,MCP,suction,pressure,true,972380.5863216982,139.454694171383,162.96973652337766,139.4489567212544,23.51504235199465,0.00573745012860627,false
C1-TABULATED-SURROGATE,exact-v9-5-to-6mwe,200784,1980,CHANNEL,pressure,outlet,true,-780142.2869023931,-176.65132741107757,162.9784178140301,-176.62975879630204,339.6297452251077,0.02156861477553207,true
C1-TABULATED-SURROGATE,exact-v9-5-to-6mwe,200784,1980,RETURN,outlet,drum,true,671086.0992303411,163.8396898471602,162.1815713898335,163.82569160168066,1.658118457326708,0.013998245479541538,false
C1-TABULATED-SURROGATE,exact-v9-5-to-6mwe,200784,1980,FEEDWATER-PUMP,feedwater-inventory,drum,true,1162153.2437000992,34.09036878210764,16.40972877085598,34.09177496736032,17.680640011251658,0.001406185252683656,false
C1-TABULATED-SURROGATE,exact-v9-5-to-6mwe,206784,2040,MCP,suction,pressure,true,971095.0268521295,139.36247894265728,166.37642816906947,139.35591661857663,27.013949226412194,0.006562324080647386,false
C1-TABULATED-SURROGATE,exact-v9-5-to-6mwe,206784,2040,CHANNEL,pressure,outlet,true,-797725.1864387576,-178.63092525526005,166.38516181282728,-178.61527700964132,345.01608706808736,0.01564824561873479,true
C1-TABULATED-SURROGATE,exact-v9-5-to-6mwe,206784,2040,RETURN,outlet,drum,true,687121.7397060238,165.78561333312658,165.59886353731875,165.78148776417603,0.18674979580782747,0.004125568950541947,false
C1-TABULATED-SURROGATE,exact-v9-5-to-6mwe,206784,2040,FEEDWATER-PUMP,feedwater-inventory,drum,true,1163271.2877892582,34.10676307991214,16.409887236633583,34.10840756984613,17.69687584327856,0.0016444899339873587,false
C1-TABULATED-SURROGATE,exact-v9-5-to-6mwe,212784,2100,MCP,suction,pressure,true,969796.7935914979,139.26929263778845,169.71383809689866,139.2629839433668,30.444545459110202,0.006308694421647942,false
C1-TABULATED-SURROGATE,exact-v9-5-to-6mwe,212784,2100,CHANNEL,pressure,outlet,true,-815216.524365038,-180.57868361077817,169.72262645054232,-180.57896169327537,350.30131006132046,0.0002780824972035134,true
C1-TABULATED-SURROGATE,exact-v9-5-to-6mwe,212784,2100,RETURN,outlet,drum,true,703082.950950292,167.70008359572063,168.93605143390815,167.71440044033594,1.2359678381875199,0.014316844615308355,false
C1-TABULATED-SURROGATE,exact-v9-5-to-6mwe,212784,2100,FEEDWATER-PUMP,feedwater-inventory,drum,true,1164403.9370225165,34.12336350687775,16.41041106115947,34.125191423851874,17.712952445718283,0.0018279169741219903,false
C1-TABULATED-SURROGATE,exact-v9-5-to-6mwe,218784,2160,MCP,suction,pressure,true,968488.7478676663,139.17533889792878,172.97901217650644,139.1702110211175,33.80367327857766,0.005127876811286569,false
C1-TABULATED-SURROGATE,exact-v9-5-to-6mwe,218784,2160,CHANNEL,pressure,outlet,true,-833042.6726117146,-182.54234277139258,172.98761671656112,-182.5295042775581,355.5299594879537,0.012838493834493647,true
C1-TABULATED-SURROGATE,exact-v9-5-to-6mwe,218784,2160,RETURN,outlet,drum,true,719393.5646157153,169.63414333390733,172.20916123198225,169.63375392603567,2.5750178980749183,0.0003894078716655258,false
C1-TABULATED-SURROGATE,exact-v9-5-to-6mwe,218784,2160,FEEDWATER-PUMP,feedwater-inventory,drum,true,1165549.3214641074,34.14014237615461,16.411275531313677,34.14210948972004,17.72886684484093,0.001967113565434886,false
C1-TABULATED-SURROGATE,exact-v9-5-to-6mwe,224784,2220,MCP,suction,pressure,true,967185.3782434461,139.08165790235935,176.1763330458534,139.07765970037244,37.094675143494044,0.003998201986917138,false
C1-TABULATED-SURROGATE,exact-v9-5-to-6mwe,224784,2220,CHANNEL,pressure,outlet,true,-850798.5729996914,-184.4774862144095,176.18508532755888,-184.4591795909021,360.6625715419684,0.018306623507413633,true
C1-TABULATED-SURROGATE,exact-v9-5-to-6mwe,224784,2220,RETURN,outlet,drum,true,735633.3482186716,171.53814132357522,175.41189798439535,171.53107105627953,3.873756660820135,0.007070267295688382,false
C1-TABULATED-SURROGATE,exact-v9-5-to-6mwe,224784,2220,FEEDWATER-PUMP,feedwater-inventory,drum,true,1166691.9880137108,34.15687321775386,16.411998822332006,34.158935548047495,17.744874395421856,0.002062330293632897,false
C1-TABULATED-SURROGATE,exact-v9-5-to-6mwe,230784,2280,MCP,suction,pressure,true,965887.3571452276,138.98829858266686,179.3084599433659,138.98537867964222,40.320161360699046,0.002919903024633186,false
C1-TABULATED-SURROGATE,exact-v9-5-to-6mwe,230784,2280,CHANNEL,pressure,outlet,true,-868442.3805455666,-186.3805119153359,179.31706892067535,-186.3649749654523,365.69758083601124,0.015536949883596662,true
C1-TABULATED-SURROGATE,exact-v9-5-to-6mwe,230784,2280,RETURN,outlet,drum,true,751766.932416837,173.4089885117651,178.5448361716075,173.40388378176982,5.135847659842398,0.005104729995281332,false
C1-TABULATED-SURROGATE,exact-v9-5-to-6mwe,230784,2280,FEEDWATER-PUMP,feedwater-inventory,drum,true,1167850.690955772,34.17383049872771,16.41323357442894,34.175943736351975,17.76059692429877,0.002113237624264741,false
C1-TABULATED-SURROGATE,exact-v9-5-to-6mwe,236784,2340,MCP,suction,pressure,true,964595.2326352907,138.89530104616864,182.3735065866,138.89341195792812,43.47820554043136,0.001889088240517367,false
C1-TABULATED-SURROGATE,exact-v9-5-to-6mwe,236784,2340,CHANNEL,pressure,outlet,true,-886032.9188812405,-188.2586432418167,182.38206583436227,-188.25359449955278,370.64070907617895,0.005048742263937811,true
C1-TABULATED-SURROGATE,exact-v9-5-to-6mwe,236784,2340,RETURN,outlet,drum,true,767848.5204382159,175.25393238820246,181.61942845004094,175.25887646025268,6.365496061838485,0.004944072050221848,false
C1-TABULATED-SURROGATE,exact-v9-5-to-6mwe,236784,2340,FEEDWATER-PUMP,feedwater-inventory,drum,true,1169007.7238637283,34.19075494726211,16.41440040071494,34.192875654500725,17.776354546547168,0.0021207072386175696,false
C1-TABULATED-SURROGATE,exact-v9-5-to-6mwe,242784,2400,MCP,suction,pressure,true,963309.7970919753,138.8027231067154,185.37785372417375,138.80180914441027,46.57513061745834,0.000913962305133964,false
C1-TABULATED-SURROGATE,exact-v9-5-to-6mwe,242784,2400,CHANNEL,pressure,outlet,true,-903561.9229630969,-190.11174850209514,185.38650144188568,-190.1136134491824,375.4982499439808,0.0018649470872560414,true
C1-TABULATED-SURROGATE,exact-v9-5-to-6mwe,242784,2400,RETURN,outlet,drum,true,783873.6252398508,177.07327581991032,184.6243056277255,177.0842291546667,7.551029807815183,0.010953334756379718,false
C1-TABULATED-SURROGATE,exact-v9-5-to-6mwe,242784,2400,FEEDWATER-PUMP,feedwater-inventory,drum,true,1170167.1626417236,34.207706187958934,16.41567134810297,34.20979160687153,17.792034839855965,0.0020854189125998346,false
C1-TABULATED-SURROGATE,exact-v9-5-to-6mwe,248784,2460,MCP,suction,pressure,true,962031.3493591101,138.71058714886257,188.31987894319357,138.71060089315392,49.609291794331,1.3744291351258653E-05,false
C1-TABULATED-SURROGATE,exact-v9-5-to-6mwe,248784,2460,CHANNEL,pressure,outlet,true,-921225.8828810018,-191.96102551101376,188.32830960963838,-191.95204788736933,380.28933512065214,0.008977623644426558,true
C1-TABULATED-SURROGATE,exact-v9-5-to-6mwe,248784,2460,RETURN,outlet,drum,true,800040.3381086007,178.88994808077962,187.5713974220553,178.88765853725448,8.68144934127568,0.0022895435251371055,false
C1-TABULATED-SURROGATE,exact-v9-5-to-6mwe,248784,2460,FEEDWATER-PUMP,feedwater-inventory,drum,true,1171335.9797418825,34.22478604377071,16.41728764558612,34.22679383196006,17.807498398184592,0.0020077881893456606,false
C1-TABULATED-SURROGATE,exact-v9-5-to-6mwe,254784,2520,MCP,suction,pressure,true,960760.4748683407,138.61893628709902,191.20184153307503,138.6198265178397,52.58290524597601,0.0008902307406799537,false
C1-TABULATED-SURROGATE,exact-v9-5-to-6mwe,254784,2520,CHANNEL,pressure,outlet,true,-938755.6466133207,-193.7788065412026,191.2103694478374,-193.76659616921646,384.98917598904,0.012210371986157043,true
C1-TABULATED-SURROGATE,exact-v9-5-to-6mwe,254784,2520,RETURN,outlet,drum,true,816076.0949404269,180.6738603052945,190.45978790825336,180.6663271887605,9.78592760295885,0.0075331165340060124,false
C1-TABULATED-SURROGATE,exact-v9-5-to-6mwe,254784,2520,FEEDWATER-PUMP,feedwater-inventory,drum,true,1172496.545247619,34.24173689005303,16.418678845056256,34.24362517489446,17.823058044996777,0.0018882848414278897,false
C1-TABULATED-SURROGATE,exact-v9-5-to-6mwe,260784,2580,MCP,suction,pressure,true,959497.470012293,138.52779288015043,194.02772446979117,138.529510194358,55.49993158964074,0.0017173142075819214,false
C1-TABULATED-SURROGATE,exact-v9-5-to-6mwe,260784,2580,CHANNEL,pressure,outlet,true,-956089.1076742868,-195.55961829317286,194.03619064566877,-195.55125890924674,389.5958089388416,0.00835938392611979,true
C1-TABULATED-SURROGATE,exact-v9-5-to-6mwe,260784,2580,RETURN,outlet,drum,true,831925.9872410622,182.41995364992968,193.28486942237242,182.4145988964576,10.864915772442743,0.005354753472090579,false
C1-TABULATED-SURROGATE,exact-v9-5-to-6mwe,260784,2580,FEEDWATER-PUMP,feedwater-inventory,drum,true,1173668.9363351958,34.25885194128951,16.420541830614425,34.26057921727215,17.83831011067508,0.0017272759826454376,false
C1-TABULATED-SURROGATE,exact-v9-5-to-6mwe,266784,2640,MCP,suction,pressure,true,958243.095682814,138.437212893269,196.79409050281456,138.43970624618262,58.35687760954556,0.002493352913631952,false
C1-TABULATED-SURROGATE,exact-v9-5-to-6mwe,266784,2640,CHANNEL,pressure,outlet,true,-973283.503270185,-197.3102636225683,196.80245938528338,-197.31232989696818,394.1127230078517,0.0020662743998798305,true
C1-TABULATED-SURROGATE,exact-v9-5-to-6mwe,266784,2640,RETURN,outlet,drum,true,847642.6407098776,184.13502010317077,196.05575640558573,184.13872563333166,11.920736302414952,0.003705530160885928,false
C1-TABULATED-SURROGATE,exact-v9-5-to-6mwe,266784,2640,FEEDWATER-PUMP,feedwater-inventory,drum,true,1174820.9616465298,34.27566135972477,16.421848646560143,34.27718747670878,17.85381271316463,0.001526116984010173,false
C1-TABULATED-SURROGATE,exact-v9-5-to-6mwe,272784,2700,MCP,suction,pressure,true,956997.7486148842,138.3472261098779,199.5071667007628,138.35044202037005,61.1599405908849,0.003215910492144758,false
C1-TABULATED-SURROGATE,exact-v9-5-to-6mwe,272784,2700,CHANNEL,pressure,outlet,true,-990477.8458464234,-199.04550694214862,199.51544541097397,-199.0482435324738,398.5609523531226,0.0027365903251848067,true
C1-TABULATED-SURROGATE,exact-v9-5-to-6mwe,272784,2700,RETURN,outlet,drum,true,863365.9339208073,185.83497344911237,198.77279864194966,185.83712223225325,12.937825192837295,0.00214878314088196,false
C1-TABULATED-SURROGATE,exact-v9-5-to-6mwe,272784,2700,FEEDWATER-PUMP,feedwater-inventory,drum,true,1175987.68020715,34.29267677226655,16.423700985890665,34.2939615558624,17.868975786375888,0.0012847835958496034,false
C1-TABULATED-SURROGATE,exact-v9-5-to-6mwe,278784,2760,MCP,suction,pressure,true,955761.0296223275,138.2578048156651,202.16704390239858,138.26169949536688,63.909239086733464,0.0038946797017729295,false
C1-TABULATED-SURROGATE,exact-v9-5-to-6mwe,278784,2760,CHANNEL,pressure,outlet,true,-1007661.0675656772,-200.76464505143102,202.17524003685767,-200.75839063568077,402.9398850882887,0.006254415750248654,true
C1-TABULATED-SURROGATE,exact-v9-5-to-6mwe,278784,2760,RETURN,outlet,drum,true,879086.0615004972,187.51917891250454,201.4369258659373,187.5092745608252,13.917746953432754,0.009904351679352885,false
C1-TABULATED-SURROGATE,exact-v9-5-to-6mwe,278784,2760,FEEDWATER-PUMP,feedwater-inventory,drum,true,1177151.3547466202,34.309639385260525,16.425560531850916,34.31064400046073,17.88407885340961,0.001004615200201897,false
C1-TABULATED-SURROGATE,exact-v9-5-to-6mwe,284784,2820,MCP,suction,pressure,true,954533.354559473,138.16898020608483,204.77541611689645,138.17350543677284,66.60643591081163,0.0045252306880172455,false
C1-TABULATED-SURROGATE,exact-v9-5-to-6mwe,284784,2820,CHANNEL,pressure,outlet,true,-1024665.1611963031,-202.4514915920654,204.78353857736138,-202.44270987105975,407.23503016942675,0.008781721005647114,true
C1-TABULATED-SURROGATE,exact-v9-5-to-6mwe,284784,2820,RETURN,outlet,drum,true,894635.2330535703,189.1703182905363,204.04960365234342,189.1551445214319,14.87928536180712,0.015173769104393386,false
C1-TABULATED-SURROGATE,exact-v9-5-to-6mwe,284784,2820,FEEDWATER-PUMP,feedwater-inventory,drum,true,1178313.1445509298,34.32656616311818,16.427472295447043,34.32725231184904,17.899093867671137,0.0006861487308569281,false
C1-TABULATED-SURROGATE,exact-v9-5-to-6mwe,290784,2880,MCP,suction,pressure,true,953314.891532921,138.08076560715622,207.33377758786918,138.08587626100348,69.25301198071296,0.005110653847253843,false
C1-TABULATED-SURROGATE,exact-v9-5-to-6mwe,290784,2880,CHANNEL,pressure,outlet,true,-1041486.5953598724,-204.10650115661406,207.3418342501813,-204.1012081886628,411.44833540679537,0.005292967951248784,true
C1-TABULATED-SURROGATE,exact-v9-5-to-6mwe,290784,2880,RETURN,outlet,drum,true,910010.2564288939,190.7889154462485,206.61224207490923,190.7747710836065,15.823326628660737,0.014144362641985708,false
C1-TABULATED-SURROGATE,exact-v9-5-to-6mwe,290784,2880,FEEDWATER-PUMP,feedwater-inventory,drum,true,1179472.168103735,34.343444324990685,16.429417397149464,34.34377486218361,17.91402692784122,0.000330537192922975,false
C1-TABULATED-SURROGATE,exact-v9-5-to-6mwe,296784,2940,MCP,suction,pressure,true,952105.8499405566,137.99317736327086,209.8436045137642,137.99882449767415,71.85042715049335,0.005647134403290011,false
C1-TABULATED-SURROGATE,exact-v9-5-to-6mwe,296784,2940,CHANNEL,pressure,outlet,true,-1058122.8190862273,-205.7301940976314,209.85160473395024,-205.73396676644433,415.58179883158164,0.0037726688129282593,true
C1-TABULATED-SURROGATE,exact-v9-5-to-6mwe,296784,2940,RETURN,outlet,drum,true,925206.492651597,192.37530950219127,209.12622814022464,192.3682703187472,16.75091863803337,0.00703918344407839,false
C1-TABULATED-SURROGATE,exact-v9-5-to-6mwe,296784,2940,FEEDWATER-PUMP,feedwater-inventory,drum,true,1180625.7546332479,34.3602350782594,16.431391715743757,34.36020714422042,17.928843362515643,2.7934038982380116E-05,false
C1-TABULATED-SURROGATE,exact-v9-5-to-6mwe,302784,3000,MCP,suction,pressure,true,950906.2730346338,137.9062198042303,212.3063297738344,137.9123600831014,74.4001099696041,0.006140278871100691,false
C1-TABULATED-SURROGATE,exact-v9-5-to-6mwe,302784,3000,CHANNEL,pressure,outlet,true,-1074716.0981856377,-207.33702980274776,212.3142823291833,-207.34112649875135,419.65131213193104,0.004096696003585976,true
C1-TABULATED-SURROGATE,exact-v9-5-to-6mwe,302784,3000,RETURN,outlet,drum,true,940315.1097423956,193.93969266165146,211.5929155973646,193.93581803886806,17.65322293571313,0.0038746227833996727,false
C1-TABULATED-SURROGATE,exact-v9-5-to-6mwe,302784,3000,FEEDWATER-PUMP,feedwater-inventory,drum,true,1181722.117280431,34.37618532182463,16.433391890320323,34.376545342342254,17.942793431504306,0.00036002051762551446,false
C1-TABULATED-SURROGATE,exact-v9-5-to-6mwe,308784,3060,MCP,suction,pressure,true,949716.2871402152,137.81990328977997,214.72334342118245,137.82649243169988,76.90344013140248,0.006589141919903341,false
C1-TABULATED-SURROGATE,exact-v9-5-to-6mwe,308784,3060,CHANNEL,pressure,outlet,true,-1091267.1314212484,-208.9274641038127,214.7312569384328,-208.92287956892855,423.6587210422455,0.0045845348841453415,true
C1-TABULATED-SURROGATE,exact-v9-5-to-6mwe,308784,3060,RETURN,outlet,drum,true,955391.0732791007,195.48821686015768,214.01362114662973,195.47763976544178,18.525404286472053,0.010577094715898738,false
C1-TABULATED-SURROGATE,exact-v9-5-to-6mwe,308784,3060,FEEDWATER-PUMP,feedwater-inventory,drum,true,1182815.1221888987,34.392079352503515,16.435415497454027,34.392786609690084,17.956663855049488,0.0007072571865691657,false
C1-TABULATED-SURROGATE,exact-v9-5-to-6mwe,314784,3120,MCP,suction,pressure,true,948536.0166214098,137.73423805440748,217.09599205078763,137.74122756383707,79.36175399638014,0.006989509429587315,false
C1-TABULATED-SURROGATE,exact-v9-5-to-6mwe,314784,3120,CHANNEL,pressure,outlet,true,-1107622.0292345784,-210.48724704690102,217.1038756993173,-210.4794606424018,427.59112274621833,0.007786404499228183,true
C1-TABULATED-SURROGATE,exact-v9-5-to-6mwe,314784,3120,RETURN,outlet,drum,true,970280.7090932062,197.00565566431905,216.3896248928349,196.9940037143121,19.383969228515838,0.011651950006950074,false
C1-TABULATED-SURROGATE,exact-v9-5-to-6mwe,314784,3120,FEEDWATER-PUMP,feedwater-inventory,drum,true,1183904.560414981,34.407914211921955,16.437462004386028,34.40892909945247,17.970452207535928,0.001014887530516262,false
C1-TABULATED-SURROGATE,exact-v9-5-to-6mwe,320784,3180,MCP,suction,pressure,true,947365.3808566027,137.6492194570389,219.425578629579,137.65657122607007,81.77635917254011,0.0073517690311746264,false
C1-TABULATED-SURROGATE,exact-v9-5-to-6mwe,320784,3180,CHANNEL,pressure,outlet,true,-1123780.5417347078,-212.0170315549869,219.4334397897596,-212.0111433577922,431.45047134474646,0.0058881971946789236,true
C1-TABULATED-SURROGATE,exact-v9-5-to-6mwe,320784,3180,RETURN,outlet,drum,true,984984.022982447,198.49272258523203,218.72217172213612,198.48521454569902,20.229449136904094,0.007508039533007604,false
C1-TABULATED-SURROGATE,exact-v9-5-to-6mwe,320784,3180,FEEDWATER-PUMP,feedwater-inventory,drum,true,1184990.3110990701,34.42368822626463,16.43953152434204,34.424971638271415,17.98415670192259,0.0012834120067850563,false
C1-TABULATED-SURROGATE,exact-v9-5-to-6mwe,326784,3240,MCP,suction,pressure,true,946214.9986115529,137.5656206042449,221.71334574242326,137.57252652932127,84.14772513817834,0.0069059250763530144,false
C1-TABULATED-SURROGATE,exact-v9-5-to-6mwe,326784,3240,CHANNEL,pressure,outlet,true,-1139743.4990337868,-213.51754017258506,221.72117740411193,-213.51828350499986,435.238717576697,0.0007433324147996245,true
C1-TABULATED-SURROGATE,exact-v9-5-to-6mwe,326784,3240,RETURN,outlet,drum,true,999501.9335972391,199.95018715642544,221.01253280736856,199.95166292601857,21.062345650943115,0.0014757695931280068,false
C1-TABULATED-SURROGATE,exact-v9-5-to-6mwe,326784,3240,FEEDWATER-PUMP,feedwater-inventory,drum,true,1186072.2699641036,34.43939996521576,16.44162482218305,34.440913567188886,17.99777514303271,0.0015136019731230022,false
C1-TABULATED-SURROGATE,exact-v9-5-to-6mwe,332784,3300,MCP,suction,pressure,true,945078.4558687406,137.48297755494974,223.9604741032654,137.4890965674574,86.47749654831566,0.006119012507667776,false
C1-TABULATED-SURROGATE,exact-v9-5-to-6mwe,332784,3300,CHANNEL,pressure,outlet,true,-1155570.518979844,-214.9949319383919,223.9682665717751,-215.0012961120561,438.963198510167,0.006364173664223927,true
C1-TABULATED-SURROGATE,exact-v9-5-to-6mwe,332784,3300,RETURN,outlet,drum,true,1013894.2279212291,201.384629792964,223.261986263734,201.39379561796449,21.877356470769996,0.0091658250004798,false
C1-TABULATED-SURROGATE,exact-v9-5-to-6mwe,332784,3300,FEEDWATER-PUMP,feedwater-inventory,drum,true,1187150.3161195228,34.45504775964652,16.443741387639363,34.45675398362455,18.011306372007155,0.0017062239780329946,false
C1-TABULATED-SURROGATE,exact-v9-5-to-6mwe,338784,3360,MCP,suction,pressure,true,943951.4927050867,137.40098199831664,226.16810379717262,137.406282570925,88.76712179885598,0.005300572608348375,false
C1-TABULATED-SURROGATE,exact-v9-5-to-6mwe,338784,3360,CHANNEL,pressure,outlet,true,-1171415.1113389367,-216.4638640825703,226.1758475394781,-216.46061053450723,442.63971162204837,0.003253548063071321,true
C1-TABULATED-SURROGATE,exact-v9-5-to-6mwe,338784,3360,RETURN,outlet,drum,true,1028314.4589969915,202.81168201038042,225.47176585884353,202.81207279221283,22.660083848463103,0.0003907818324080381,false
C1-TABULATED-SURROGATE,exact-v9-5-to-6mwe,338784,3360,FEEDWATER-PUMP,feedwater-inventory,drum,true,1188224.2908299956,34.47062939416679,16.445879819863432,34.47249181029934,18.02474957430336,0.0018624161325462296,false
C1-TABULATED-SURROGATE,exact-v9-5-to-6mwe,344784,3420,MCP,suction,pressure,true,942834.1091205912,137.3196350942276,228.33733714772254,137.3240852195966,91.01770205349493,0.004450125369004354,false
C1-TABULATED-SURROGATE,exact-v9-5-to-6mwe,344784,3420,CHANNEL,pressure,outlet,true,-1187063.2712161075,-217.90486650977832,228.34502287175533,-217.89666582382438,446.24988938153365,0.008200685953937636,true
C1-TABULATED-SURROGATE,exact-v9-5-to-6mwe,344784,3420,RETURN,outlet,drum,true,1042548.747788663,204.21055288977237,227.64306057827056,204.2069592335574,23.43250768849819,0.0035936562149743168,false
C1-TABULATED-SURROGATE,exact-v9-5-to-6mwe,344784,3420,FEEDWATER-PUMP,feedwater-inventory,drum,true,1189294.0825478118,34.48614334117127,16.448037570856112,34.48812558186693,18.03810577031516,0.001982240695660664,false
C1-TABULATED-SURROGATE,exact-v9-5-to-6mwe,350784,3480,MCP,suction,pressure,true,941726.3051152576,137.23893799612833,230.46923942892704,137.24250384509403,93.23030143279871,0.003565848965706664,false
C1-TABULATED-SURROGATE,exact-v9-5-to-6mwe,350784,3480,CHANNEL,pressure,outlet,true,-1202517.328596695,-219.31870222091823,230.4768574094089,-219.30990908190185,449.79555963032715,0.008793139016376017,true
C1-TABULATED-SURROGATE,exact-v9-5-to-6mwe,350784,3480,RETURN,outlet,drum,true,1056599.3819976826,205.58204026594177,229.77701658030506,205.57892815306127,24.194976314363288,0.003112112880501172,false
C1-TABULATED-SURROGATE,exact-v9-5-to-6mwe,350784,3480,FEEDWATER-PUMP,feedwater-inventory,drum,true,1190359.4984238558,34.5015868971828,16.45021166642716,34.50365401094259,18.05137523075564,0.00206711375979296,false
C1-TABULATED-SURROGATE,exact-v9-5-to-6mwe,356784,3540,MCP,suction,pressure,true,940590.0927027595,137.15612218947862,232.43091089359083,137.15880286545703,95.27478870411221,0.002680675978410818,false
C1-TABULATED-SURROGATE,exact-v9-5-to-6mwe,356784,3540,CHANNEL,pressure,outlet,true,-1217432.9728269856,-220.67469024126765,232.43803736559047,-220.66923840531075,453.11272760685813,0.0054518359569044605,true
C1-TABULATED-SURROGATE,exact-v9-5-to-6mwe,356784,3540,RETURN,outlet,drum,true,1070445.3983975793,206.92466246415185,231.8514229713291,206.92602290120877,24.92676050717725,0.0013604370569169077,false
C1-TABULATED-SURROGATE,exact-v9-5-to-6mwe,356784,3540,FEEDWATER-PUMP,feedwater-inventory,drum,true,1190291.133722647,34.500596135757526,16.41975547436674,34.502711809890684,18.080840661390784,0.002115674133158052,false
C1-TABULATED-SURROGATE,exact-v9-5-to-6mwe,362784,3600,MCP,suction,pressure,true,939559.0492045595,137.08092859362748,233.94763612278393,137.0828589798548,96.86670752915646,0.0019303862273147843,false
C1-TABULATED-SURROGATE,exact-v9-5-to-6mwe,362784,3600,CHANNEL,pressure,outlet,true,-1229365.7982035463,-221.75353870489158,233.95344100357076,-221.75347245491142,455.7069797084623,6.62499801649119E-05,true
C1-TABULATED-SURROGATE,exact-v9-5-to-6mwe,362784,3600,RETURN,outlet,drum,true,1081766.44241788,208.01600346299128,233.50781392423573,208.02376625975663,25.491810461244455,0.007762796765348412,false
C1-TABULATED-SURROGATE,exact-v9-5-to-6mwe,362784,3600,FEEDWATER-PUMP,feedwater-inventory,drum,true,1188721.529369467,34.47784113556803,16.348579196418328,34.47997742903201,18.1292619391497,0.002136293463983918,false
D1-BOUNDED-IF97-SUBSET,background-reference,0,0,MCP,suction,pressure,true,988447.1381135489,140.60207239678573,99.99999997333269,140.60207245483593,40.60207242345304,5.805020464322297E-08,false
D1-BOUNDED-IF97-SUBSET,background-reference,0,0,CHANNEL,pressure,outlet,true,-504906.48395518266,-142.1135438943358,99.99999996288139,-142.11354382289005,242.1135438572172,7.14457542017044E-08,true
D1-BOUNDED-IF97-SUBSET,background-reference,0,0,RETURN,outlet,drum,true,424849.29815661587,130.36092944691916,100.00000029567853,130.36092910618171,30.360929151240626,3.407374435937527E-07,false
D1-BOUNDED-IF97-SUBSET,background-reference,0,0,FEEDWATER-PUMP,feedwater-inventory,drum,true,1160459.2252276083,34.065513723230545,13.339237172210026,34.06551370276052,20.72627655102052,2.0470025674512726E-08,false
D1-BOUNDED-IF97-SUBSET,background-reference,6000,60,MCP,suction,pressure,true,988447.13812354,140.60207239749633,100.000000003839,140.60207245483593,40.60207239365732,5.733960506404401E-08,false
D1-BOUNDED-IF97-SUBSET,background-reference,6000,60,CHANNEL,pressure,outlet,true,-504906.48282240436,-142.11354373491702,100.00000043029934,-142.11354382289005,242.11354416521635,8.79730350789032E-08,true
D1-BOUNDED-IF97-SUBSET,background-reference,6000,60,RETURN,outlet,drum,true,424849.2965776576,130.36092920467507,99.99999987008255,130.36092910618171,30.360929334592527,9.849335924627667E-08,false
D1-BOUNDED-IF97-SUBSET,background-reference,6000,60,FEEDWATER-PUMP,feedwater-inventory,drum,true,1160459.2249854235,34.06551371967585,13.339237023112535,34.065513705715254,20.726276696563314,1.3960594458239939E-08,false
D1-BOUNDED-IF97-SUBSET,background-reference,12000,120,MCP,suction,pressure,true,988447.1381304571,140.6020723979883,100.00000010143063,140.60207245483593,40.60207229655768,5.6847625273803715E-08,false
D1-BOUNDED-IF97-SUBSET,background-reference,12000,120,CHANNEL,pressure,outlet,true,-504906.48272832227,-142.11354372167662,100.00000009932015,-142.11354382289005,242.11354382099677,1.0121343052560405E-07,true
D1-BOUNDED-IF97-SUBSET,background-reference,12000,120,RETURN,outlet,drum,true,424849.2965304527,130.36092919743288,100.00000029567853,130.36092910618171,30.36092890175435,9.125116662289656E-08,false
D1-BOUNDED-IF97-SUBSET,background-reference,12000,120,FEEDWATER-PUMP,feedwater-inventory,drum,true,1160459.2250899049,34.065513721209385,13.339237176842365,34.06551370675567,20.726276544367018,1.4453718222284806E-08,false
D1-BOUNDED-IF97-SUBSET,background-reference,18000,180,MCP,suction,pressure,true,988447.1381106739,140.60207239658126,100.00000009616716,140.60207245483593,40.60207230041411,5.8254670420865295E-08,false
D1-BOUNDED-IF97-SUBSET,background-reference,18000,180,CHANNEL,pressure,outlet,true,-504906.4841095792,-142.1135439160644,100.00000009680781,-142.11354382289005,242.1135440128722,9.317435001321428E-08,true
D1-BOUNDED-IF97-SUBSET,background-reference,18000,180,RETURN,outlet,drum,true,424849.29791079654,130.3609294092055,100.00000029567853,130.36092910618171,30.36092911352698,3.0302379627755727E-07,false
D1-BOUNDED-IF97-SUBSET,background-reference,18000,180,FEEDWATER-PUMP,feedwater-inventory,drum,true,1160459.2258379934,34.06551373218953,13.339237190766049,34.06551371802623,20.72627654142348,1.416329808989758E-08,false
D1-BOUNDED-IF97-SUBSET,background-reference,24000,240,MCP,suction,pressure,true,988447.1381151637,140.60207239690058,100.00000018385984,140.60207245483593,40.60207221304074,5.7935352515414706E-08,false
D1-BOUNDED-IF97-SUBSET,background-reference,24000,240,CHANNEL,pressure,outlet,true,-504906.4855152947,-142.11354411389433,99.99999976134636,-142.11354436030103,242.11354387524068,2.4640669948894356E-07,true
D1-BOUNDED-IF97-SUBSET,background-reference,24000,240,RETURN,outlet,drum,true,424849.29932235804,130.36092962576754,100.00000072127246,130.36092969204267,30.360928904495083,6.627513471357815E-08,false
D1-BOUNDED-IF97-SUBSET,background-reference,24000,240,FEEDWATER-PUMP,feedwater-inventory,drum,true,1160459.225508985,34.065513727360475,13.339237178719115,34.065513713317145,20.72627654864136,1.4043330054391845E-08,false
D1-BOUNDED-IF97-SUBSET,background-reference,30000,300,MCP,suction,pressure,true,988447.138109092,140.60207239646874,100.00000033101328,140.60207245483593,40.60207206545546,5.8367191968500265E-08,false
D1-BOUNDED-IF97-SUBSET,background-reference,30000,300,CHANNEL,pressure,outlet,true,-504906.48527219583,-142.1135440796824,99.99999990880563,-142.113544091596,242.11354398848806,1.1913584785361309E-08,true
D1-BOUNDED-IF97-SUBSET,background-reference,30000,300,RETURN,outlet,drum,true,424849.2991086898,130.36092959298654,100.00000072127246,130.36092939911268,30.36092887171408,1.9387385918889777E-07,false
D1-BOUNDED-IF97-SUBSET,background-reference,30000,300,FEEDWATER-PUMP,feedwater-inventory,drum,true,1160459.2258016132,34.06551373165556,13.339237182691566,34.06551371772178,20.72627654896399,1.3933778575392353E-08,false
D1-BOUNDED-IF97-SUBSET,background-reference,36000,360,MCP,suction,pressure,true,988447.1380954034,140.60207239549518,100.00000036006765,140.60207245483593,40.60207203542754,5.9340749203329324E-08,false
D1-BOUNDED-IF97-SUBSET,background-reference,36000,360,CHANNEL,pressure,outlet,true,-504906.4849867939,-142.11354403951708,100.00000035644844,-142.113544091596,242.1135443959655,5.207891717873281E-08,true
D1-BOUNDED-IF97-SUBSET,background-reference,36000,360,RETURN,outlet,drum,true,424849.2988798542,130.36092955787853,99.99999989456386,130.36092939911268,30.36092966331468,1.5876585734986293E-07,false
D1-BOUNDED-IF97-SUBSET,background-reference,36000,360,FEEDWATER-PUMP,feedwater-inventory,drum,true,1160459.2267468078,34.06551374552875,13.339237210683912,34.065513731489276,20.726276534844835,1.4039471807336668E-08,false
D1-BOUNDED-IF97-SUBSET,background-reference,42000,420,MCP,suction,pressure,true,988447.1380761743,140.60207239412756,100.00000053991201,140.60207245483593,40.60207185421555,6.070837343941093E-08,false
D1-BOUNDED-IF97-SUBSET,background-reference,42000,420,CHANNEL,pressure,outlet,true,-504906.4850114995,-142.11354404299394,100.00000011285562,-142.113544091596,242.11354415584955,4.8602061042402056E-08,true
D1-BOUNDED-IF97-SUBSET,background-reference,42000,420,RETURN,outlet,drum,true,424849.2988961852,130.36092956038402,100.00000114687066,130.36092939911268,30.360928413513363,1.6127134472299076E-07,false
D1-BOUNDED-IF97-SUBSET,background-reference,42000,420,FEEDWATER-PUMP,feedwater-inventory,drum,true,1160459.22664141,34.065513743981754,13.339237038396698,34.065513730895894,20.726276705585057,1.3085859507100395E-08,false
D1-BOUNDED-IF97-SUBSET,background-reference,48000,480,MCP,suction,pressure,true,988447.1380576469,140.60207239280984,100.00000075982659,140.60207245483593,40.602071632983254,6.202608915373276E-08,false
D1-BOUNDED-IF97-SUBSET,background-reference,48000,480,CHANNEL,pressure,outlet,true,-504906.4846450424,-142.1135439914215,100.00000037672613,-142.113544091596,242.11354436814764,1.0017450335908507E-07,true
D1-BOUNDED-IF97-SUBSET,background-reference,48000,480,RETURN,outlet,drum,true,424849.29858832475,130.36092951315203,100.00000114687066,130.36092939911268,30.36092836628137,1.1403935218368133E-07,false
D1-BOUNDED-IF97-SUBSET,background-reference,48000,480,FEEDWATER-PUMP,feedwater-inventory,drum,true,1160459.2272640709,34.065513753120925,13.339237050124458,34.06551374016744,20.726276702996465,1.2953485395428288E-08,false
D1-BOUNDED-IF97-SUBSET,background-reference,54000,540,MCP,suction,pressure,true,988447.1380201569,140.60207239014343,100.00000083033684,140.60207245483593,40.60207155980659,6.469250024565554E-08,false
D1-BOUNDED-IF97-SUBSET,background-reference,54000,540,CHANNEL,pressure,outlet,true,-504906.48536746186,-142.11354409308944,100.00000083172098,-142.11354436030103,242.1135449248104,2.672115897439653E-07,true
D1-BOUNDED-IF97-SUBSET,background-reference,54000,540,RETURN,outlet,drum,true,424849.29942460335,130.36092964145405,100.00000032016206,130.36092969204267,30.36092932129199,5.0588624844749575E-08,false
D1-BOUNDED-IF97-SUBSET,background-reference,54000,540,FEEDWATER-PUMP,feedwater-inventory,drum,true,1160459.2285347907,34.065513771772046,13.339237237770089,34.06551375831395,20.726276534001958,1.3458098635510396E-08,false
D1-BOUNDED-IF97-SUBSET,background-reference,60000,600,MCP,suction,pressure,true,988447.1380074063,140.60207238923658,100.00000097387097,140.60207245483593,40.602071415365614,6.559935172845144E-08,false
D1-BOUNDED-IF97-SUBSET,background-reference,60000,600,CHANNEL,pressure,outlet,true,-504906.48685597786,-142.11354430257208,100.00000135723388,-142.11354436030103,242.11354565980596,5.772895406153111E-08,true
D1-BOUNDED-IF97-SUBSET,background-reference,60000,600,RETURN,outlet,drum,true,424849.30092703266,130.36092987195704,100.00000032016206,130.36092969204267,30.36092955179498,1.7991436607189826E-07,false
D1-BOUNDED-IF97-SUBSET,background-reference,60000,600,FEEDWATER-PUMP,feedwater-inventory,drum,true,1160459.2295317473,34.06551378640497,13.339237256604022,34.06551377376177,20.72627652980095,1.264319848814921E-08,false
D1-BOUNDED-IF97-SUBSET,exact-v9-5-to-6mwe,2784,0,MCP,suction,pressure,true,990707.2588075714,140.76272651576278,107.86984523242108,140.76272650661087,32.892881283341694,9.151904123427812E-09,false
D1-BOUNDED-IF97-SUBSET,exact-v9-5-to-6mwe,2784,0,CHANNEL,pressure,outlet,true,-565552.8726266717,-150.40649887909387,107.84867014590101,-150.40649876813353,258.25516902499487,1.1096034313595737E-07,true
D1-BOUNDED-IF97-SUBSET,exact-v9-5-to-6mwe,2784,0,RETURN,outlet,drum,true,458774.71364012925,135.46582058071021,106.24742123397387,135.46582049941685,29.218399346736348,8.129336492856964E-08,false
D1-BOUNDED-IF97-SUBSET,exact-v9-5-to-6mwe,2784,0,FEEDWATER-PUMP,feedwater-inventory,drum,true,1172407.508305749,34.2404367423336,13.364068550512673,34.24043673887731,20.876368191820927,3.4562930295578553E-09,false
D1-BOUNDED-IF97-SUBSET,exact-v9-5-to-6mwe,8784,60,MCP,suction,pressure,true,981079.6894986238,140.077099448741,101.88596059705775,140.0770994577336,38.19113885168325,8.992600442070398E-09,false
D1-BOUNDED-IF97-SUBSET,exact-v9-5-to-6mwe,8784,60,CHANNEL,pressure,outlet,true,-509464.5656961099,-142.7535730825831,101.87204702968509,-142.75357325095587,244.6256201122682,1.6837276461956208E-07,true
D1-BOUNDED-IF97-SUBSET,exact-v9-5-to-6mwe,8784,60,RETURN,outlet,drum,true,472583.90520433214,137.48947671794116,103.39170488316243,137.48947677415262,34.097771834778726,5.621146215162298E-08,false
D1-BOUNDED-IF97-SUBSET,exact-v9-5-to-6mwe,8784,60,FEEDWATER-PUMP,feedwater-inventory,drum,true,1086902.7261115788,32.96820780860826,14.844986146362718,32.96820780885821,18.123221662245545,2.4994761815833044E-10,false
D1-BOUNDED-IF97-SUBSET,exact-v9-5-to-6mwe,14784,120,MCP,suction,pressure,true,933191.5300927971,136.61563088408275,105.4283494310372,136.6156308708177,31.187281453045543,1.3265037068777019E-08,false
D1-BOUNDED-IF97-SUBSET,exact-v9-5-to-6mwe,14784,120,CHANNEL,pressure,outlet,true,-404676.966794673,-127.22845071675957,105.24942188936794,-127.22845089961612,232.4778726061275,1.8285655301042425E-07,true
D1-BOUNDED-IF97-SUBSET,exact-v9-5-to-6mwe,14784,120,RETURN,outlet,drum,true,471664.6206698929,137.35568727502954,105.44361352904157,137.35568764485186,31.912073745987968,3.698223167702963E-07,false
D1-BOUNDED-IF97-SUBSET,exact-v9-5-to-6mwe,14784,120,FEEDWATER-PUMP,feedwater-inventory,drum,true,1130879.6170699522,33.62855359764901,17.28422915929627,33.62855361896356,16.34432443835274,2.131454834852775E-08,false
D1-BOUNDED-IF97-SUBSET,exact-v9-5-to-6mwe,20784,180,MCP,suction,pressure,true,926497.5272985811,136.12476095836357,102.40247734510908,136.124760995881,33.72228361325449,3.751742383428791E-08,false
D1-BOUNDED-IF97-SUBSET,exact-v9-5-to-6mwe,20784,180,CHANNEL,pressure,outlet,true,-433159.3123811954,-131.62967938594934,102.20690760511592,-131.62967923375192,233.83658699106525,1.5219742977023998E-07,true
D1-BOUNDED-IF97-SUBSET,exact-v9-5-to-6mwe,20784,180,RETURN,outlet,drum,true,461602.21083765675,135.8826274161133,102.44235749603615,135.88262751543286,33.44026992007716,9.931954991770908E-08,false
D1-BOUNDED-IF97-SUBSET,exact-v9-5-to-6mwe,20784,180,FEEDWATER-PUMP,feedwater-inventory,drum,true,1096260.8444025004,33.10983002678359,16.300026961658304,33.10983003962199,16.809803065125287,1.2838398788517225E-08,false
D1-BOUNDED-IF97-SUBSET,exact-v9-5-to-6mwe,26784,240,MCP,suction,pressure,true,943689.1118838364,137.38188467799068,100.62036726164747,137.38188465831266,36.76151741634321,1.9678026319525088E-08,false
D1-BOUNDED-IF97-SUBSET,exact-v9-5-to-6mwe,26784,240,CHANNEL,pressure,outlet,true,-471679.12586523197,-137.3577993220963,100.48674934486715,-137.3577994992708,237.84454866696345,1.771745132828073E-07,true
D1-BOUNDED-IF97-SUBSET,exact-v9-5-to-6mwe,26784,240,RETURN,outlet,drum,true,455767.45589309465,135.02110292737126,100.57260301236511,135.02110284294974,34.44849991500615,8.442151511189877E-08,false
D1-BOUNDED-IF97-SUBSET,exact-v9-5-to-6mwe,26784,240,FEEDWATER-PUMP,feedwater-inventory,drum,true,1090908.3281690562,33.028901407238116,16.093376058894673,33.02890140500069,16.935525348343443,2.2374280206349795E-09,false
D1-BOUNDED-IF97-SUBSET,exact-v9-5-to-6mwe,32784,300,MCP,suction,pressure,true,962382.800778573,138.73592186442363,99.61536509407972,138.73592198081545,39.12055677034391,1.1639181707323587E-07,false
D1-BOUNDED-IF97-SUBSET,exact-v9-5-to-6mwe,32784,300,CHANNEL,pressure,outlet,true,-502781.8552968917,-141.81422429317755,99.54485995603764,-141.81422437889267,241.3590842492152,8.571512921662361E-08,true
D1-BOUNDED-IF97-SUBSET,exact-v9-5-to-6mwe,32784,300,RETURN,outlet,drum,true,452842.19007303595,134.5871004328477,99.5653970684299,134.58710045938264,35.0217033644178,2.6534934249866637E-08,false
D1-BOUNDED-IF97-SUBSET,exact-v9-5-to-6mwe,32784,300,FEEDWATER-PUMP,feedwater-inventory,drum,true,1088676.7964307265,32.99510261282311,15.940684017938445,32.99510262322218,17.054418594884666,1.0399070049516013E-08,false
D1-BOUNDED-IF97-SUBSET,exact-v9-5-to-6mwe,38784,360,MCP,suction,pressure,true,977017.5537775093,139.7868057992248,99.06867970955915,139.78680571181565,40.718126089665645,8.740914836380398E-08,false
D1-BOUNDED-IF97-SUBSET,exact-v9-5-to-6mwe,38784,360,CHANNEL,pressure,outlet,true,-524785.2149556706,-144.88412127706343,99.04604583727536,-144.88412089696698,243.9301671143388,3.800964520905836E-07,true
D1-BOUNDED-IF97-SUBSET,exact-v9-5-to-6mwe,38784,360,RETURN,outlet,drum,true,451509.059547516,134.38884768425035,99.02374177853561,134.38884745361383,35.36510590571474,2.3063651610755187E-07,false
D1-BOUNDED-IF97-SUBSET,exact-v9-5-to-6mwe,38784,360,FEEDWATER-PUMP,feedwater-inventory,drum,true,1088728.6859974032,32.995888925704115,15.83831803398749,32.995888922765396,17.157570891716624,2.938719489975483E-09,false
D1-BOUNDED-IF97-SUBSET,exact-v9-5-to-6mwe,44784,420,MCP,suction,pressure,true,987162.8095452287,140.51069778100376,98.78350507314344,140.51069759285878,41.72719270786031,1.8814498048413952E-07,false
D1-BOUNDED-IF97-SUBSET,exact-v9-5-to-6mwe,44784,420,CHANNEL,pressure,outlet,true,-539508.7090055802,-146.90251311745217,98.7934329082542,-146.90251276433648,245.69594602570638,3.5311569490659167E-07,true
D1-BOUNDED-IF97-SUBSET,exact-v9-5-to-6mwe,44784,420,RETURN,outlet,drum,true,451112.28480158426,134.329785945126,98.74923970121107,134.32978582784395,35.580546243914924,1.1728204185601498E-07,false
D1-BOUNDED-IF97-SUBSET,exact-v9-5-to-6mwe,44784,420,FEEDWATER-PUMP,feedwater-inventory,drum,true,1090290.2599402834,33.01954360587504,15.773589759107407,33.019543614796525,17.245953846767634,8.921482219648169E-09,false
D1-BOUNDED-IF97-SUBSET,exact-v9-5-to-6mwe,50784,480,MCP,suction,pressure,true,993794.8046670115,140.98189987846038,98.62455534822769,140.98189982210008,42.357344530232695,5.636030664391001E-08,false
D1-BOUNDED-IF97-SUBSET,exact-v9-5-to-6mwe,50784,480,CHANNEL,pressure,outlet,true,-549449.3319028199,-148.24969907596034,98.65495291261486,-148.24969898476314,246.9046519885752,9.119719379668823E-08,true
D1-BOUNDED-IF97-SUBSET,exact-v9-5-to-6mwe,50784,480,RETURN,outlet,drum,true,451220.91054431925,134.3459579658903,98.61135315104987,134.34595770415825,35.73460481484044,2.6173205469604E-07,false
D1-BOUNDED-IF97-SUBSET,exact-v9-5-to-6mwe,50784,480,FEEDWATER-PUMP,feedwater-inventory,drum,true,1092545.8857030664,33.05368187816701,15.723547196156069,33.05368186204745,17.330134682010943,1.6119564349992288E-08,false
D1-BOUNDED-IF97-SUBSET,exact-v9-5-to-6mwe,56784,540,MCP,suction,pressure,true,998348.6567910402,141.30454039350894,98.54258587463916,141.30454030017276,42.761954518869786,9.3336183226711E-08,false
D1-BOUNDED-IF97-SUBSET,exact-v9-5-to-6mwe,56784,540,CHANNEL,pressure,outlet,true,-556637.1777524326,-149.2162427824039,98.58632152358805,-149.21624280481748,247.80256430599195,2.2413587430492043E-08,true
D1-BOUNDED-IF97-SUBSET,exact-v9-5-to-6mwe,56784,540,RETURN,outlet,drum,true,451649.7267928754,134.40978041688416,98.54556376875348,134.40978064799768,35.86421664813068,2.3111351765692234E-07,false
D1-BOUNDED-IF97-SUBSET,exact-v9-5-to-6mwe,56784,540,FEEDWATER-PUMP,feedwater-inventory,drum,true,1096021.2378734872,33.10621146965456,15.70571078154846,33.106211492565286,17.4005006881061,2.2910725760993955E-08,false
D1-BOUNDED-IF97-SUBSET,exact-v9-5-to-6mwe,62784,600,MCP,suction,pressure,true,1001051.8329341603,141.49571250989624,98.55861504974044,141.49571264008333,42.9370974601558,1.301870895531465E-07,false
D1-BOUNDED-IF97-SUBSET,exact-v9-5-to-6mwe,62784,600,CHANNEL,pressure,outlet,true,-560790.1818079854,-149.7718507341063,98.60974108585756,-149.77185084797296,248.38159181996386,1.138666618771822E-07,true
D1-BOUNDED-IF97-SUBSET,exact-v9-5-to-6mwe,62784,600,RETURN,outlet,drum,true,452265.6555495983,134.50139858746425,98.55726779984087,134.50139859839527,35.94413078762338,1.0931017868642812E-08,false
D1-BOUNDED-IF97-SUBSET,exact-v9-5-to-6mwe,62784,600,FEEDWATER-PUMP,feedwater-inventory,drum,true,1099779.480728061,33.162923283812916,15.70334192093351,33.16292329351062,17.459581362879405,9.697707525901933E-09,false
D1-BOUNDED-IF97-SUBSET,exact-v9-5-to-6mwe,68784,660,MCP,suction,pressure,true,1002556.4539792278,141.60200944755184,98.59693104423935,141.60200963372236,43.00507840331248,1.8617052433000936E-07,false
D1-BOUNDED-IF97-SUBSET,exact-v9-5-to-6mwe,68784,660,CHANNEL,pressure,outlet,true,-563497.8921351203,-150.13299332726572,98.65176799644979,-150.13299328498942,248.78476132371551,4.22762980178959E-08,true
D1-BOUNDED-IF97-SUBSET,exact-v9-5-to-6mwe,68784,660,RETURN,outlet,drum,true,452978.46257200814,134.60734936429114,98.59751138598376,134.60734921949017,36.009837978307374,1.4480096410807164E-07,false
D1-BOUNDED-IF97-SUBSET,exact-v9-5-to-6mwe,68784,660,FEEDWATER-PUMP,feedwater-inventory,drum,true,1103549.2576026767,33.21971188319785,15.703666507078486,33.219711888245556,17.516045376119365,5.047702700267109E-09,false
D1-BOUNDED-IF97-SUBSET,exact-v9-5-to-6mwe,74784,720,MCP,suction,pressure,true,1003375.7115668944,141.65985398601077,98.64537771566397,141.65985409113824,43.014476270346805,1.0512746939639328E-07,false
D1-BOUNDED-IF97-SUBSET,exact-v9-5-to-6mwe,74784,720,CHANNEL,pressure,outlet,true,-565399.2452334213,-150.38606919969965,98.70150009586416,-150.38606945746062,249.0875692955638,2.5776097345442395E-07,true
D1-BOUNDED-IF97-SUBSET,exact-v9-5-to-6mwe,74784,720,RETURN,outlet,drum,true,453762.08943119954,134.72373056461873,98.65933081941434,134.72373057103226,36.0643997452044,6.413529263227247E-09,false
D1-BOUNDED-IF97-SUBSET,exact-v9-5-to-6mwe,74784,720,FEEDWATER-PUMP,feedwater-inventory,drum,true,1107384.4137320593,33.27738592095328,15.708868040400247,33.27738591298189,17.56851788055303,7.971387105953909E-09,false
D1-BOUNDED-IF97-SUBSET,exact-v9-5-to-6mwe,80784,780,MCP,suction,pressure,true,1003799.9272416016,141.68979689741965,98.70453446573217,141.68979707915403,42.98526243168749,1.817343786569836E-07,false
D1-BOUNDED-IF97-SUBSET,exact-v9-5-to-6mwe,80784,780,CHANNEL,pressure,outlet,true,-566754.0471397592,-150.56613791151835,98.76044244956803,-150.56613782145132,249.32658036108637,9.006703294289764E-08,true
D1-BOUNDED-IF97-SUBSET,exact-v9-5-to-6mwe,80784,780,RETURN,outlet,drum,true,454520.51753891265,134.83627368611351,98.72069274565064,134.8362733494581,36.11558094046288,3.3665540399852034E-07,false
D1-BOUNDED-IF97-SUBSET,exact-v9-5-to-6mwe,80784,780,FEEDWATER-PUMP,feedwater-inventory,drum,true,1111231.3029920608,33.33513616279467,15.717618890018285,33.335136151207784,17.617517272776382,1.1586884340886172E-08,false
D1-BOUNDED-IF97-SUBSET,exact-v9-5-to-6mwe,86784,840,MCP,suction,pressure,true,1003992.4715976154,141.70338539340656,98.77053345414275,141.70338544009473,42.93285193926381,4.668817155106808E-08,false
D1-BOUNDED-IF97-SUBSET,exact-v9-5-to-6mwe,86784,840,CHANNEL,pressure,outlet,true,-567759.5933999174,-150.6996474315607,98.82570231362976,-150.6996475053378,249.52534974519045,7.377710176115215E-08,true
D1-BOUNDED-IF97-SUBSET,exact-v9-5-to-6mwe,86784,840,RETURN,outlet,drum,true,455237.2626301402,134.94254520056157,98.77742532872517,134.9425452774478,36.165119871836396,7.688623782087234E-08,false
D1-BOUNDED-IF97-SUBSET,exact-v9-5-to-6mwe,86784,840,FEEDWATER-PUMP,feedwater-inventory,drum,true,1115018.8590538763,33.391898104987625,15.727760946968045,33.391898126624945,17.664137158019578,2.1637319491674134E-08,false
D1-BOUNDED-IF97-SUBSET,exact-v9-5-to-6mwe,92784,900,MCP,suction,pressure,true,1004125.6492737212,141.71278342293056,98.81669314030025,141.7127833522704,42.89609028263031,7.06601497313386E-08,false
D1-BOUNDED-IF97-SUBSET,exact-v9-5-to-6mwe,92784,900,CHANNEL,pressure,outlet,true,-568937.4297718377,-150.85588218850967,98.87092449545497,-150.85588213249673,249.72680668396464,5.601293651125161E-08,true
D1-BOUNDED-IF97-SUBSET,exact-v9-5-to-6mwe,92784,900,RETURN,outlet,drum,true,455968.812376768,135.05092556169586,98.83477976193345,135.05092579112213,36.216145799762415,2.294262628765864E-07,false
D1-BOUNDED-IF97-SUBSET,exact-v9-5-to-6mwe,92784,900,FEEDWATER-PUMP,feedwater-inventory,drum,true,1118628.9733734075,33.44591116075936,15.732581783068744,33.44591117501852,17.713329377690613,1.4259164515806333E-08,false
D1-BOUNDED-IF97-SUBSET,exact-v9-5-to-6mwe,98784,960,MCP,suction,pressure,true,1004198.4578825982,141.71792108851992,98.88752565577155,141.71792105455938,42.83039543274836,3.396053216420114E-08,false
D1-BOUNDED-IF97-SUBSET,exact-v9-5-to-6mwe,98784,960,CHANNEL,pressure,outlet,true,-569706.6040543932,-150.9578224610296,98.94087432528579,-150.95782243743463,249.89869678631538,2.3594964204676216E-08,true
D1-BOUNDED-IF97-SUBSET,exact-v9-5-to-6mwe,98784,960,RETURN,outlet,drum,true,456669.96135864756,135.15472042938754,98.8967865236066,135.15472003212207,36.257933905780945,3.972654667450115E-07,false
D1-BOUNDED-IF97-SUBSET,exact-v9-5-to-6mwe,98784,960,FEEDWATER-PUMP,feedwater-inventory,drum,true,1122384.138062166,33.50200200080834,15.747141305451722,33.502001972535965,17.75486069535662,2.8272374663629307E-08,false
D1-BOUNDED-IF97-SUBSET,exact-v9-5-to-6mwe,104784,1020,MCP,suction,pressure,true,1004121.6800742223,141.71250333504256,98.95815158606004,141.7125035025319,42.754351748982515,1.6748933262533683E-07,false
D1-BOUNDED-IF97-SUBSET,exact-v9-5-to-6mwe,104784,1020,CHANNEL,pressure,outlet,true,-570270.1826058432,-151.032471026047,99.00991784680633,-151.03247113223784,250.04238887285334,1.0619083923302242E-07,true
D1-BOUNDED-IF97-SUBSET,exact-v9-5-to-6mwe,104784,1020,RETURN,outlet,drum,true,457399.90607628657,135.2626934636874,98.97372381585679,135.26269313046598,36.288969647830626,3.3322143622172007E-07,false
D1-BOUNDED-IF97-SUBSET,exact-v9-5-to-6mwe,104784,1020,FEEDWATER-PUMP,feedwater-inventory,drum,true,1125936.6638869885,33.55497971817281,15.759644825253183,33.554979702223704,17.795334892919627,1.594910514768344E-08,false
D1-BOUNDED-IF97-SUBSET,exact-v9-5-to-6mwe,110784,1080,MCP,suction,pressure,true,1003817.0495840317,141.69100533089824,103.35291123901287,141.69100543525067,38.33809409188537,1.043524378019356E-07,false
D1-BOUNDED-IF97-SUBSET,exact-v9-5-to-6mwe,110784,1080,CHANNEL,pressure,outlet,true,-571196.7393430868,-151.15511759025387,103.39386446922852,-151.15511765947855,254.5489820594824,6.922468287484662E-08,true
D1-BOUNDED-IF97-SUBSET,exact-v9-5-to-6mwe,110784,1080,RETURN,outlet,drum,true,460218.3680860934,135.67879246014735,100.1518209113018,135.67879231881403,35.52697154884555,1.4133331660559634E-07,false
D1-BOUNDED-IF97-SUBSET,exact-v9-5-to-6mwe,110784,1080,FEEDWATER-PUMP,feedwater-inventory,drum,true,1146761.5120479772,33.863867352208565,16.342835448928604,33.8638673386822,17.52103190327996,1.3526367581562226E-08,false
D1-BOUNDED-IF97-SUBSET,exact-v9-5-to-6mwe,116784,1140,MCP,suction,pressure,true,995255.7369726751,141.08548734527412,107.63222171227824,141.08548718853925,33.45326563299588,1.5673487041567569E-07,false
D1-BOUNDED-IF97-SUBSET,exact-v9-5-to-6mwe,116784,1140,CHANNEL,pressure,outlet,true,-566463.6009913986,-150.52755242697577,107.66330833044553,-150.5275525270191,258.1908607574213,1.0004333717006375E-07,true
D1-BOUNDED-IF97-SUBSET,exact-v9-5-to-6mwe,116784,1140,RETURN,outlet,drum,true,473644.079413158,137.643609283273,106.70858891241942,137.64360916020055,30.935020370853593,1.2307245356169005E-07,false
D1-BOUNDED-IF97-SUBSET,exact-v9-5-to-6mwe,116784,1140,FEEDWATER-PUMP,feedwater-inventory,drum,true,1159742.7916790107,34.0549965743503,16.811237513859524,34.0549965470956,17.243759060490774,2.7254699830336904E-08,false
D1-BOUNDED-IF97-SUBSET,exact-v9-5-to-6mwe,122784,1200,MCP,suction,pressure,true,990821.7919121274,140.77086288803713,111.13471839841384,140.77086285274171,29.63614448962329,3.5295414591018925E-08,false
D1-BOUNDED-IF97-SUBSET,exact-v9-5-to-6mwe,122784,1200,CHANNEL,pressure,outlet,true,-575048.4307632311,-151.66389560646675,111.15035496051603,-151.66389561319158,262.81425056698276,6.724832246618462E-09,true
D1-BOUNDED-IF97-SUBSET,exact-v9-5-to-6mwe,122784,1200,RETURN,outlet,drum,true,482909.42077251576,138.98336890038544,110.45025114711893,138.98336915169614,28.53311775326651,2.513106949209032E-07,false
D1-BOUNDED-IF97-SUBSET,exact-v9-5-to-6mwe,122784,1200,FEEDWATER-PUMP,feedwater-inventory,drum,true,1146058.7728765374,33.85348981828221,16.347497105315348,33.85348982463352,17.505992712966865,6.351307035856735E-09,false
D1-BOUNDED-IF97-SUBSET,exact-v9-5-to-6mwe,128784,1260,MCP,suction,pressure,true,988416.2527561671,140.5998757294022,115.80175047925907,140.599875774351,24.798125250143144,4.4948791355636786E-08,false
D1-BOUNDED-IF97-SUBSET,exact-v9-5-to-6mwe,128784,1260,CHANNEL,pressure,outlet,true,-586990.7996164878,-153.2306496255221,115.81314695687205,-153.23064946492983,269.0437965823941,1.6059226481957012E-07,true
D1-BOUNDED-IF97-SUBSET,exact-v9-5-to-6mwe,128784,1260,RETURN,outlet,drum,true,494522.0625343296,140.64452531603632,114.90123858831122,140.64452506094358,25.743286727725106,2.550927433730976E-07,false
D1-BOUNDED-IF97-SUBSET,exact-v9-5-to-6mwe,128784,1260,FEEDWATER-PUMP,feedwater-inventory,drum,true,1149460.3173097447,33.903691794696115,16.420487344436587,33.90369178076959,17.483204450259528,1.3926523934060242E-08,false
D1-BOUNDED-IF97-SUBSET,exact-v9-5-to-6mwe,134784,1320,MCP,suction,pressure,true,986683.0698869933,140.4765510600964,120.16715072912918,140.47655095565736,20.30940033096722,1.0443903875057003E-07,false
D1-BOUNDED-IF97-SUBSET,exact-v9-5-to-6mwe,134784,1320,CHANNEL,pressure,outlet,true,-600139.8443853203,-154.93738662896317,120.17677097685305,-154.9373867385417,275.1141576058162,1.0957853646686999E-07,true
D1-BOUNDED-IF97-SUBSET,exact-v9-5-to-6mwe,134784,1320,RETURN,outlet,drum,true,506946.98622919974,142.40041941359578,119.30584756378143,142.40041933124232,23.094571849814358,8.235346626861428E-08,false
D1-BOUNDED-IF97-SUBSET,exact-v9-5-to-6mwe,134784,1320,FEEDWATER-PUMP,feedwater-inventory,drum,true,1150704.5120346816,33.922035788476514,16.428040622367472,33.92203577359503,17.49399516610904,1.4881486265494459E-08,false
D1-BOUNDED-IF97-SUBSET,exact-v9-5-to-6mwe,140784,1380,MCP,suction,pressure,true,985254.0783777757,140.37478964385133,124.47831904568578,140.37478977941765,15.89647059816555,1.3556632438849192E-07,false
D1-BOUNDED-IF97-SUBSET,exact-v9-5-to-6mwe,140784,1380,CHANNEL,pressure,outlet,true,-614396.0723485708,-156.76684245701585,124.48703333297755,-156.76684240595554,281.2538757899934,5.106031153445656E-08,true
D1-BOUNDED-IF97-SUBSET,exact-v9-5-to-6mwe,140784,1380,RETURN,outlet,drum,true,519998.20585230074,144.22180221482475,123.62305936996192,144.22180174542063,20.598742844862826,4.6940411380091973E-07,false
D1-BOUNDED-IF97-SUBSET,exact-v9-5-to-6mwe,140784,1380,FEEDWATER-PUMP,feedwater-inventory,drum,true,1151627.8240507813,33.935642384531064,16.423848784460432,33.9356423603236,17.511793600070632,2.4207466253756138E-08,false
D1-BOUNDED-IF97-SUBSET,exact-v9-5-to-6mwe,146784,1440,MCP,suction,pressure,true,983933.498495345,140.2806828109519,128.71391884782844,140.28068270348223,11.566763963123464,1.0746967404884344E-07,false
D1-BOUNDED-IF97-SUBSET,exact-v9-5-to-6mwe,146784,1440,CHANNEL,pressure,outlet,true,-629369.3786229974,-158.66560794614534,128.72262416092812,-158.6656077116089,287.38823210707346,2.3453642938875419E-07,true
D1-BOUNDED-IF97-SUBSET,exact-v9-5-to-6mwe,146784,1440,RETURN,outlet,drum,true,533635.0636664866,146.10065895354293,127.86707211614517,146.1006589427961,18.233586837397766,1.0746845191533794E-08,false
D1-BOUNDED-IF97-SUBSET,exact-v9-5-to-6mwe,146784,1440,FEEDWATER-PUMP,feedwater-inventory,drum,true,1152637.1579920435,33.9505104231445,16.421962570710534,33.950510448422875,17.528547852433967,2.5278374948811688E-08,false
D1-BOUNDED-IF97-SUBSET,exact-v9-5-to-6mwe,152784,1500,MCP,suction,pressure,true,982645.0830221649,140.18880718674833,132.86333866833917,140.18880712278317,7.325468518409167,6.396516027962207E-08,false
D1-BOUNDED-IF97-SUBSET,exact-v9-5-to-6mwe,152784,1500,CHANNEL,pressure,outlet,true,-644851.5658190975,-160.60530076172424,132.87192057516725,-160.60530051971023,293.4772213368915,2.420140106096369E-07,true
D1-BOUNDED-IF97-SUBSET,exact-v9-5-to-6mwe,152784,1500,RETURN,outlet,drum,true,547719.7951887804,148.01618765375366,132.01834626403868,148.01618747970605,15.997841389714978,1.7404761365469312E-07,false
D1-BOUNDED-IF97-SUBSET,exact-v9-5-to-6mwe,152784,1500,FEEDWATER-PUMP,feedwater-inventory,drum,true,1153638.3215374919,33.96525167781761,16.419441567432013,33.96525166589855,17.5458101103856,1.1919063069854019E-08,false
D1-BOUNDED-IF97-SUBSET,exact-v9-5-to-6mwe,158784,1560,MCP,suction,pressure,true,981362.3194452834,140.09727473761103,136.92069811946743,140.0972748379026,3.1765766181435993,1.002915723802289E-07,false
D1-BOUNDED-IF97-SUBSET,exact-v9-5-to-6mwe,158784,1560,CHANNEL,pressure,outlet,true,-660834.5905895127,-162.5834666366187,136.92925813576554,-162.58346677423185,299.5127247723842,1.376131422148319E-07,true
D1-BOUNDED-IF97-SUBSET,exact-v9-5-to-6mwe,158784,1560,RETURN,outlet,drum,true,562268.2170180378,149.969092418143,136.09110412795604,149.96909243057104,13.877988290186948,1.2428046147761052E-08,false
D1-BOUNDED-IF97-SUBSET,exact-v9-5-to-6mwe,158784,1560,FEEDWATER-PUMP,feedwater-inventory,drum,true,1154649.1952400682,33.980129417647426,16.416851659857087,33.98012940172462,17.56327775779034,1.592280796103296E-08,false
D1-BOUNDED-IF97-SUBSET,exact-v9-5-to-6mwe,164784,1620,MCP,suction,pressure,true,980076.819598719,140.00548700666835,140.8927455803511,140.00548713916154,0.8872585736827432,1.3249319863462006E-07,false
D1-BOUNDED-IF97-SUBSET,exact-v9-5-to-6mwe,164784,1620,CHANNEL,pressure,outlet,true,-677133.1912225174,-164.5762062052127,140.90150434519612,-164.5762061590472,305.4777105504088,4.616552473635238E-08,true
D1-BOUNDED-IF97-SUBSET,exact-v9-5-to-6mwe,164784,1620,RETURN,outlet,drum,true,577111.9724859623,151.93577228368076,140.06636104370293,151.9357723365192,11.869411239977836,5.2838430519841495E-08,false
D1-BOUNDED-IF97-SUBSET,exact-v9-5-to-6mwe,164784,1620,FEEDWATER-PUMP,feedwater-inventory,drum,true,1155676.3782336665,33.9952405232507,16.414492529597748,33.99524053289019,17.580747993652952,9.639492759561108E-09,false
D1-BOUNDED-IF97-SUBSET,exact-v9-5-to-6mwe,170784,1680,MCP,suction,pressure,true,978786.8322918678,139.91331832901884,144.77693985505076,139.91331824064073,4.86362152603192,8.837810128170531E-08,false
D1-BOUNDED-IF97-SUBSET,exact-v9-5-to-6mwe,170784,1680,CHANNEL,pressure,outlet,true,-693757.5769084257,-166.58422217105985,144.7855420476597,-166.58422216006204,311.3697642187195,1.0997808885804261E-08,true
D1-BOUNDED-IF97-SUBSET,exact-v9-5-to-6mwe,170784,1680,RETURN,outlet,drum,true,592269.1561674735,153.91805042521472,143.95812946795363,153.91805058160767,9.95992095726109,1.5639295725122793E-07,false
D1-BOUNDED-IF97-SUBSET,exact-v9-5-to-6mwe,170784,1680,FEEDWATER-PUMP,feedwater-inventory,drum,true,1156735.9601540472,34.010821221400214,16.41293717349613,34.01082122950651,17.597884047904085,8.106297855192679E-09,false
D1-BOUNDED-IF97-SUBSET,exact-v9-5-to-6mwe,176784,1740,MCP,suction,pressure,true,977492.9334667916,139.82080914275897,148.5750087198545,139.8208091988301,8.754199577095534,5.607111575045565E-08,false
D1-BOUNDED-IF97-SUBSET,exact-v9-5-to-6mwe,176784,1740,CHANNEL,pressure,outlet,true,-710661.9708307065,-168.60153864430853,148.58377412806254,-168.60153859581274,317.18531277237105,4.8495792270841775E-08,true
D1-BOUNDED-IF97-SUBSET,exact-v9-5-to-6mwe,176784,1740,RETURN,outlet,drum,true,607689.9818715624,155.90894546132526,147.76756501488813,155.90894542432926,8.141380446437125,3.699599915307772E-08,false
D1-BOUNDED-IF97-SUBSET,exact-v9-5-to-6mwe,176784,1740,FEEDWATER-PUMP,feedwater-inventory,drum,true,1157801.3345526932,34.026479902462626,16.411340061304806,34.02647991723724,17.61513984115782,1.4774613532608782E-08,false
D1-BOUNDED-IF97-SUBSET,exact-v9-5-to-6mwe,182784,1800,MCP,suction,pressure,true,976196.2556505734,139.7280398238359,152.29338743305206,139.72803978189026,12.565347609216161,4.194563985038258E-08,false
D1-BOUNDED-IF97-SUBSET,exact-v9-5-to-6mwe,182784,1800,CHANNEL,pressure,outlet,true,-727730.1208189391,-170.61419880173386,152.30216273752558,-170.61419870372043,322.91636153925947,9.801343026083487E-08,true
D1-BOUNDED-IF97-SUBSET,exact-v9-5-to-6mwe,182784,1800,RETURN,outlet,drum,true,623267.9379929813,157.89464056680092,151.48619472621914,157.89464074599076,6.408445840581777,1.791898398550984E-07,false
D1-BOUNDED-IF97-SUBSET,exact-v9-5-to-6mwe,182784,1800,FEEDWATER-PUMP,feedwater-inventory,drum,true,1158893.6772354748,34.04252748013101,16.410467189362862,34.042527494485455,17.632060290768145,1.4354448296671762E-08,false
D1-BOUNDED-IF97-SUBSET,exact-v9-5-to-6mwe,188784,1860,MCP,suction,pressure,true,974897.8707320894,139.6350866173749,155.92840142112064,139.6350865711714,16.293314803745744,4.62034961401514E-08,false
D1-BOUNDED-IF97-SUBSET,exact-v9-5-to-6mwe,188784,1860,CHANNEL,pressure,outlet,true,-745029.5885035958,-172.6301930142692,155.93706518758083,-172.63019321103906,328.56725820185,1.9676986084959935E-07,true
D1-BOUNDED-IF97-SUBSET,exact-v9-5-to-6mwe,188784,1860,RETURN,outlet,drum,true,639067.544502157,159.88340057706517,155.13273815760718,159.88340051776413,4.750662419457996,5.930104407525505E-08,false
D1-BOUNDED-IF97-SUBSET,exact-v9-5-to-6mwe,188784,1860,FEEDWATER-PUMP,feedwater-inventory,drum,true,1160000.946049261,34.05878662033134,16.409937947346798,34.05878659881361,17.648848672984542,2.151772804381835E-08,false
D1-BOUNDED-IF97-SUBSET,exact-v9-5-to-6mwe,194784,1920,MCP,suction,pressure,true,973598.996130657,139.54203639983595,159.48691835719436,139.54203652430735,19.944881957358405,1.2447139852156397E-07,false
D1-BOUNDED-IF97-SUBSET,exact-v9-5-to-6mwe,194784,1920,CHANNEL,pressure,outlet,true,-762438.483086818,-174.63544692722814,159.4957672940925,-174.63544680765477,334.13121422132065,1.1957337164858473E-07,true
D1-BOUNDED-IF97-SUBSET,exact-v9-5-to-6mwe,194784,1920,RETURN,outlet,drum,true,654968.3139512918,161.86022537378253,158.69547252121015,161.86022525664336,3.164752852572377,1.1713916592270834E-07,false
D1-BOUNDED-IF97-SUBSET,exact-v9-5-to-6mwe,194784,1920,FEEDWATER-PUMP,feedwater-inventory,drum,true,1161113.5187378516,34.075115828678435,16.40948347850072,34.07511584191745,17.665632350177713,1.3239016993793484E-08,false
D1-BOUNDED-IF97-SUBSET,exact-v9-5-to-6mwe,200784,1980,MCP,suction,pressure,true,972300.5789650055,139.4489568957047,162.96973652337766,139.4489567212544,23.520779627672965,1.744502924339031E-07,false
D1-BOUNDED-IF97-SUBSET,exact-v9-5-to-6mwe,200784,1980,CHANNEL,pressure,outlet,true,-779951.7930935753,-176.62975888491445,162.9784178140301,-176.62975879630204,339.6081766989446,8.861240985424956E-08,true
D1-BOUNDED-IF97-SUBSET,exact-v9-5-to-6mwe,200784,1980,RETURN,outlet,drum,true,670971.4303495478,163.82569155655017,162.1815713898335,163.82569160168066,1.6441201667166752,4.513049134402536E-08,false
D1-BOUNDED-IF97-SUBSET,exact-v9-5-to-6mwe,200784,1980,FEEDWATER-PUMP,feedwater-inventory,drum,true,1162249.119758049,34.09177495757663,16.40972877085598,34.09177496736032,17.68204618672065,9.783690302356263E-09,false
D1-BOUNDED-IF97-SUBSET,exact-v9-5-to-6mwe,206784,2040,MCP,suction,pressure,true,971003.5732979927,139.35591650862855,166.37642816906947,139.35591661857663,27.020511660440917,1.099480755328841E-07,false
D1-BOUNDED-IF97-SUBSET,exact-v9-5-to-6mwe,206784,2040,CHANNEL,pressure,outlet,true,-797585.4292244762,-178.61527697534456,166.38516181282728,-178.61527700964132,345.00043878817183,3.429676098676282E-08,true
D1-BOUNDED-IF97-SUBSET,exact-v9-5-to-6mwe,206784,2040,RETURN,outlet,drum,true,687087.5443300406,165.78148802927794,165.59886353731875,165.78148776417603,0.18262449195918862,2.651019030963653E-07,false
D1-BOUNDED-IF97-SUBSET,exact-v9-5-to-6mwe,206784,2040,FEEDWATER-PUMP,feedwater-inventory,drum,true,1163383.4684697492,34.10840759211355,16.409887236633583,34.10840756984613,17.698520355479967,2.2267421684318833E-08,false
D1-BOUNDED-IF97-SUBSET,exact-v9-5-to-6mwe,212784,2100,MCP,suction,pressure,true,969708.9351961212,139.26298396890118,169.71383809689866,139.2629839433668,30.450854127997474,2.5534376391078695E-08,false
D1-BOUNDED-IF97-SUBSET,exact-v9-5-to-6mwe,212784,2100,CHANNEL,pressure,outlet,true,-815219.0346268631,-180.57896163472233,169.72262645054232,-180.57896169327537,350.30158808526465,5.855304152646568E-08,true
D1-BOUNDED-IF97-SUBSET,exact-v9-5-to-6mwe,212784,2100,RETURN,outlet,drum,true,703203.0003636747,167.71440014067662,168.93605143390815,167.71440044033594,1.221651293231531,2.9965931958031433E-07,false
D1-BOUNDED-IF97-SUBSET,exact-v9-5-to-6mwe,212784,2100,FEEDWATER-PUMP,feedwater-inventory,drum,true,1164528.6880440516,34.125191399376085,16.41041106115947,34.125191423851874,17.714780338216617,2.4475788507061225E-08,false
D1-BOUNDED-IF97-SUBSET,exact-v9-5-to-6mwe,218784,2160,MCP,suction,pressure,true,968417.3810035964,139.17021096510535,172.97901217650644,139.1702110211175,33.80880121140109,5.601214070338756E-08,false
D1-BOUNDED-IF97-SUBSET,exact-v9-5-to-6mwe,218784,2160,CHANNEL,pressure,outlet,true,-832925.4992511865,-182.5295043822983,172.98761671656112,-182.5295042775581,355.51712109885943,1.0474022360540403E-07,true
D1-BOUNDED-IF97-SUBSET,exact-v9-5-to-6mwe,218784,2160,RETURN,outlet,drum,true,719390.262682154,169.63375403287566,172.20916123198225,169.63375392603567,2.5754071991065928,1.0683999107641284E-07,false
D1-BOUNDED-IF97-SUBSET,exact-v9-5-to-6mwe,218784,2160,FEEDWATER-PUMP,feedwater-inventory,drum,true,1165683.640267875,34.1421094876675,16.411275531313677,34.14210948972004,17.73083395635382,2.0525448007902014E-09,false
D1-BOUNDED-IF97-SUBSET,exact-v9-5-to-6mwe,224784,2220,MCP,suction,pressure,true,967129.7709573068,139.07765966950313,176.1763330458534,139.07765970037244,37.09867337635026,3.086930178142211E-08,false
D1-BOUNDED-IF97-SUBSET,exact-v9-5-to-6mwe,224784,2220,CHANNEL,pressure,outlet,true,-850629.7216517736,-184.45917940311602,176.18508532755888,-184.4591795909021,360.6442647306749,1.8778607113745238E-07,true
D1-BOUNDED-IF97-SUBSET,exact-v9-5-to-6mwe,224784,2220,RETURN,outlet,drum,true,735572.7092430468,171.53107114957882,175.41189798439535,171.53107105627953,3.8808268348165313,9.329929184787034E-08,false
D1-BOUNDED-IF97-SUBSET,exact-v9-5-to-6mwe,224784,2220,FEEDWATER-PUMP,feedwater-inventory,drum,true,1166832.8791808877,34.158935568616414,16.411998822332006,34.158935548047495,17.74693674628441,2.0568919012475817E-08,false
D1-BOUNDED-IF97-SUBSET,exact-v9-5-to-6mwe,230784,2280,MCP,suction,pressure,true,965846.7735777503,138.9853786250734,179.3084599433659,138.98537867964222,40.32308131829251,5.456882945509278E-08,false
D1-BOUNDED-IF97-SUBSET,exact-v9-5-to-6mwe,230784,2280,CHANNEL,pressure,outlet,true,-868297.5981980104,-186.3649750567966,179.31706892067535,-186.3649749654523,365.68204397747195,9.13443045647E-08,true
D1-BOUNDED-IF97-SUBSET,exact-v9-5-to-6mwe,230784,2280,RETURN,outlet,drum,true,751722.6755634861,173.40388410453625,178.5448361716075,173.40388378176982,5.140952067071254,3.2276642514261766E-07,false
D1-BOUNDED-IF97-SUBSET,exact-v9-5-to-6mwe,230784,2280,FEEDWATER-PUMP,feedwater-inventory,drum,true,1167995.131654825,34.17594375660788,16.41323357442894,34.175943736351975,17.76271018217894,2.025590362109142E-08,false
D1-BOUNDED-IF97-SUBSET,exact-v9-5-to-6mwe,236784,2340,MCP,suction,pressure,true,964568.9939197481,138.89341193301777,182.3735065866,138.89341195792812,43.48009465358223,2.4910349338824744E-08,false
D1-BOUNDED-IF97-SUBSET,exact-v9-5-to-6mwe,236784,2340,CHANNEL,pressure,outlet,true,-885985.3927100766,-188.25359414471498,182.38206583436227,-188.25359449955278,370.6356599790772,3.548377947026893E-07,true
D1-BOUNDED-IF97-SUBSET,exact-v9-5-to-6mwe,236784,2340,RETURN,outlet,drum,true,767891.8441588642,175.25887642671503,181.61942845004094,175.25887646025268,6.3605520233259085,3.353764554958616E-08,false
D1-BOUNDED-IF97-SUBSET,exact-v9-5-to-6mwe,236784,2340,FEEDWATER-PUMP,feedwater-inventory,drum,true,1169152.7468422754,34.1928756737756,16.41440040071494,34.192875654500725,17.778475273060664,1.9274878582109523E-08,false
D1-BOUNDED-IF97-SUBSET,exact-v9-5-to-6mwe,242784,2400,MCP,suction,pressure,true,963297.1098992291,138.8018090587604,185.37785372417375,138.80180914441027,46.57604466541335,8.56498729717714E-08,false
D1-BOUNDED-IF97-SUBSET,exact-v9-5-to-6mwe,242784,2400,CHANNEL,pressure,outlet,true,-903579.6493526557,-190.11361333188697,185.38650144188568,-190.1136134491824,375.5001147737727,1.172954284811567E-07,true
D1-BOUNDED-IF97-SUBSET,exact-v9-5-to-6mwe,242784,2400,RETURN,outlet,drum,true,783970.6057604037,177.08422919734028,184.6243056277255,177.0842291546667,7.540076430385227,4.2673576672314084E-08,false
D1-BOUNDED-IF97-SUBSET,exact-v9-5-to-6mwe,242784,2400,FEEDWATER-PUMP,feedwater-inventory,drum,true,1170309.842554585,34.209791618111105,16.41567134810297,34.20979160687153,17.794120270008136,1.1239571051646635E-08,false
D1-BOUNDED-IF97-SUBSET,exact-v9-5-to-6mwe,248784,2460,MCP,suction,pressure,true,962031.5404362492,138.7106009241002,188.31987894319357,138.71060089315392,49.60927801909338,3.0946267770559643E-08,false
D1-BOUNDED-IF97-SUBSET,exact-v9-5-to-6mwe,248784,2460,CHANNEL,pressure,outlet,true,-921139.7168772351,-191.95204785333604,188.32830960963838,-191.95204788736933,380.2803574629744,3.4033291740342975E-08,true
D1-BOUNDED-IF97-SUBSET,exact-v9-5-to-6mwe,248784,2460,RETURN,outlet,drum,true,800019.861094623,178.8876587240856,187.5713974220553,178.88765853725448,8.683738697969687,1.8683113012230024E-07,false
D1-BOUNDED-IF97-SUBSET,exact-v9-5-to-6mwe,248784,2460,FEEDWATER-PUMP,feedwater-inventory,drum,true,1171473.4170956407,34.22679384773924,16.41728764558612,34.22679383196006,17.809506202153116,1.5779178852426412E-08,false
D1-BOUNDED-IF97-SUBSET,exact-v9-5-to-6mwe,254784,2520,MCP,suction,pressure,true,960772.8161149903,138.6198265844385,191.20184153307503,138.6198265178397,52.58201494863653,6.65988011405716E-08,false
D1-BOUNDED-IF97-SUBSET,exact-v9-5-to-6mwe,254784,2520,CHANNEL,pressure,outlet,true,-938637.3454079608,-193.7665962345379,191.2103694478374,-193.76659616921646,384.9769656823753,6.532144425364095E-08,true
D1-BOUNDED-IF97-SUBSET,exact-v9-5-to-6mwe,254784,2520,RETURN,outlet,drum,true,816008.0449255913,180.66632723621646,190.45978790825336,180.6663271887605,9.7934606720369,4.7455955609621014E-08,false
D1-BOUNDED-IF97-SUBSET,exact-v9-5-to-6mwe,254784,2520,FEEDWATER-PUMP,feedwater-inventory,drum,true,1172625.8637976376,34.24362515560579,16.418678845056256,34.24362517489446,17.824946310549535,1.9288670216610626E-08,false
D1-BOUNDED-IF97-SUBSET,exact-v9-5-to-6mwe,260784,2580,MCP,suction,pressure,true,959521.2589651858,138.52951013882824,194.02772446979117,138.529510194358,55.498214330962924,5.552976745093474E-08,false
D1-BOUNDED-IF97-SUBSET,exact-v9-5-to-6mwe,260784,2580,CHANNEL,pressure,outlet,true,-956007.3692945918,-195.55125868115417,194.03619064566877,-195.55125890924674,389.58744932682293,2.280925741615647E-07,true
D1-BOUNDED-IF97-SUBSET,exact-v9-5-to-6mwe,260784,2580,RETURN,outlet,drum,true,831877.1471255291,182.4145988812879,193.28486942237242,182.4145988964576,10.870270541084523,1.5169689504546113E-08,false
D1-BOUNDED-IF97-SUBSET,exact-v9-5-to-6mwe,260784,2580,FEEDWATER-PUMP,feedwater-inventory,drum,true,1173787.2899601404,34.260579241456796,16.420541830614425,34.26057921727215,17.84003741084237,2.4184643621083524E-08,false
D1-BOUNDED-IF97-SUBSET,exact-v9-5-to-6mwe,266784,2640,MCP,suction,pressure,true,958277.6103980022,138.43970603826074,196.79409050281456,138.43970624618262,58.35438446455382,2.07921885930773E-07,false
D1-BOUNDED-IF97-SUBSET,exact-v9-5-to-6mwe,266784,2640,CHANNEL,pressure,outlet,true,-973303.885450159,-197.31232961476675,196.80245938528338,-197.31232989696818,394.1147890000501,2.822014266712358E-07,true
D1-BOUNDED-IF97-SUBSET,exact-v9-5-to-6mwe,266784,2640,RETURN,outlet,drum,true,847676.7555177966,184.13872547813475,196.05575640558573,184.13872563333166,11.91703092745098,1.5519691487497767E-07,false
D1-BOUNDED-IF97-SUBSET,exact-v9-5-to-6mwe,266784,2640,FEEDWATER-PUMP,feedwater-inventory,drum,true,1174925.5811545579,34.277187474391155,16.421848646560143,34.27718747670878,17.855338827831012,2.317626979220222E-09,false
D1-BOUNDED-IF97-SUBSET,exact-v9-5-to-6mwe,272784,2700,MCP,suction,pressure,true,957042.2377335,138.35044183041123,199.5071667007628,138.35044202037005,61.15672487035158,1.8995882555827848E-07,false
D1-BOUNDED-IF97-SUBSET,exact-v9-5-to-6mwe,272784,2700,CHANNEL,pressure,outlet,true,-990505.0777237765,-199.04824316971767,199.51544541097397,-199.0482435324738,398.56368858069163,3.627561397934187E-07,true
D1-BOUNDED-IF97-SUBSET,exact-v9-5-to-6mwe,272784,2700,RETURN,outlet,drum,true,863385.8991759204,185.83712214473408,198.77279864194966,185.83712223225325,12.935676497215582,8.751916880100907E-08,false
D1-BOUNDED-IF97-SUBSET,exact-v9-5-to-6mwe,272784,2700,FEEDWATER-PUMP,feedwater-inventory,drum,true,1176075.8000191962,34.2939615678795,16.423700985890665,34.2939615558624,17.870260581988834,1.201709665110684E-08,false
D1-BOUNDED-IF97-SUBSET,exact-v9-5-to-6mwe,278784,2760,MCP,suction,pressure,true,955814.8764967376,138.26169943239796,202.16704390239858,138.26169949536688,63.905344470000614,6.296892252066755E-08,false
D1-BOUNDED-IF97-SUBSET,exact-v9-5-to-6mwe,278784,2760,CHANNEL,pressure,outlet,true,-1007598.2877125806,-200.75839087944303,202.17524003685767,-200.75839063568077,402.9336309163007,2.437622583784105E-07,true
D1-BOUNDED-IF97-SUBSET,exact-v9-5-to-6mwe,278784,2760,RETURN,outlet,drum,true,878993.2037220361,187.50927483429038,201.4369258659373,187.5092745608252,13.927651031646917,2.7346519004822767E-07,false
D1-BOUNDED-IF97-SUBSET,exact-v9-5-to-6mwe,278784,2760,FEEDWATER-PUMP,feedwater-inventory,drum,true,1177220.2925387276,34.310644012299264,16.425560531850916,34.31064400046073,17.885083480448348,1.1838537261610327E-08,false
D1-BOUNDED-IF97-SUBSET,exact-v9-5-to-6mwe,284784,2820,MCP,suction,pressure,true,954595.8828488699,138.1735056259969,204.77541611689645,138.17350543677284,66.60191049089954,1.8922406752608367E-07,false
D1-BOUNDED-IF97-SUBSET,exact-v9-5-to-6mwe,284784,2820,CHANNEL,pressure,outlet,true,-1024576.2733220287,-202.44271024880385,204.78353857736138,-202.44270987105975,407.22624882616526,3.777441008878668E-07,true
D1-BOUNDED-IF97-SUBSET,exact-v9-5-to-6mwe,284784,2820,RETURN,outlet,drum,true,894491.7210835345,189.15514490317565,204.04960365234342,189.1551445214319,14.894458749167768,3.817437459474604E-07,false
D1-BOUNDED-IF97-SUBSET,exact-v9-5-to-6mwe,284784,2820,FEEDWATER-PUMP,feedwater-inventory,drum,true,1178360.2528574374,34.327252334805905,16.427472295447043,34.32725231184904,17.899780039358863,2.2956868406254216E-08,false
D1-BOUNDED-IF97-SUBSET,exact-v9-5-to-6mwe,290784,2880,MCP,suction,pressure,true,953385.4609160413,138.08587624489633,207.33377758786918,138.08587626100348,69.24790134297285,1.610715116839856E-08,false
D1-BOUNDED-IF97-SUBSET,exact-v9-5-to-6mwe,290784,2880,CHANNEL,pressure,outlet,true,-1041432.5812246235,-204.10120834768458,207.3418342501813,-204.1012081886628,411.4430425978659,1.5902176642157428E-07,true
D1-BOUNDED-IF97-SUBSET,exact-v9-5-to-6mwe,290784,2880,RETURN,outlet,drum,true,909875.3332905254,190.77477121365135,206.61224207490923,190.7747710836065,15.837470861257884,1.3004483889744733E-07,false
D1-BOUNDED-IF97-SUBSET,exact-v9-5-to-6mwe,290784,2880,FEEDWATER-PUMP,feedwater-inventory,drum,true,1179494.8709410476,34.34377484990617,16.429417397149464,34.34377486218361,17.914357452756704,1.227743950948934E-08,false
D1-BOUNDED-IF97-SUBSET,exact-v9-5-to-6mwe,296784,2940,MCP,suction,pressure,true,952183.7746800878,137.9988242471716,209.8436045137642,137.99882449767415,71.84478026659261,2.505025520349591E-07,false
D1-BOUNDED-IF97-SUBSET,exact-v9-5-to-6mwe,296784,2940,CHANNEL,pressure,outlet,true,-1058161.6250468073,-205.7339665730292,209.85160473395024,-205.73396676644433,415.58557130697943,1.9341513279869105E-07,true
D1-BOUNDED-IF97-SUBSET,exact-v9-5-to-6mwe,296784,2940,RETURN,outlet,drum,true,925138.7851993078,192.36827027338038,209.12622814022464,192.3682703187472,16.757957866844265,4.536681785793917E-08,false
D1-BOUNDED-IF97-SUBSET,exact-v9-5-to-6mwe,296784,2940,FEEDWATER-PUMP,feedwater-inventory,drum,true,1180623.835124326,34.36020714612073,16.431391715743757,34.36020714422042,17.92881543037697,1.9003110196536E-09,false
D1-BOUNDED-IF97-SUBSET,exact-v9-5-to-6mwe,302784,3000,MCP,suction,pressure,true,950990.9536656372,137.91236011798486,212.3063297738344,137.9123600831014,74.39396965584953,3.488347033453465E-08,false
D1-BOUNDED-IF97-SUBSET,exact-v9-5-to-6mwe,302784,3000,CHANNEL,pressure,outlet,true,-1074758.5666669402,-207.3411263273102,212.3142823291833,-207.34112649875135,419.6554086564935,1.7144114394795906E-07,true
D1-BOUNDED-IF97-SUBSET,exact-v9-5-to-6mwe,302784,3000,RETURN,outlet,drum,true,940277.536683336,193.93581790719693,211.5929155973646,193.93581803886806,17.65709769016766,1.3167112911105505E-07,false
D1-BOUNDED-IF97-SUBSET,exact-v9-5-to-6mwe,302784,3000,FEEDWATER-PUMP,feedwater-inventory,drum,true,1181746.869252773,34.37654533621395,16.433391890320323,34.376545342342254,17.94315344589363,6.128303198238427E-09,false
D1-BOUNDED-IF97-SUBSET,exact-v9-5-to-6mwe,308784,3060,MCP,suction,pressure,true,949807.0992414443,137.82649231852665,214.72334342118245,137.82649243169988,76.8968511026558,1.131732290104992E-07,false
D1-BOUNDED-IF97-SUBSET,exact-v9-5-to-6mwe,308784,3060,CHANNEL,pressure,outlet,true,-1091219.2406017988,-208.92287960889288,214.7312569384328,-208.92287956892855,423.6541365473257,3.996433406427968E-08,true
D1-BOUNDED-IF97-SUBSET,exact-v9-5-to-6mwe,308784,3060,RETURN,outlet,drum,true,955287.6935123029,195.4776400013365,214.01362114662973,195.47763976544178,18.53598114529322,2.3589473130414262E-07,false
D1-BOUNDED-IF97-SUBSET,exact-v9-5-to-6mwe,308784,3060,FEEDWATER-PUMP,feedwater-inventory,drum,true,1182863.7721960982,34.39278663028191,16.435415497454027,34.392786609690084,17.957371132827884,2.0591826910276723E-08,false
D1-BOUNDED-IF97-SUBSET,exact-v9-5-to-6mwe,314784,3120,MCP,suction,pressure,true,948632.2884934068,137.74122756048072,217.09599205078763,137.74122756383707,79.3547644903069,3.3563480883458396E-09,false
D1-BOUNDED-IF97-SUBSET,exact-v9-5-to-6mwe,314784,3120,CHANNEL,pressure,outlet,true,-1107540.085016626,-210.47946075725545,217.1038756993173,-210.4794606424018,427.58333645657274,1.1485366258057184E-07,true
D1-BOUNDED-IF97-SUBSET,exact-v9-5-to-6mwe,314784,3120,RETURN,outlet,drum,true,970165.9380387451,196.9940037705458,216.3896248928349,196.9940037143121,19.3956211222891,5.623368792839756E-08,false
D1-BOUNDED-IF97-SUBSET,exact-v9-5-to-6mwe,314784,3120,FEEDWATER-PUMP,feedwater-inventory,drum,true,1183974.401922659,34.40892910165411,16.437462004386028,34.40892909945247,17.971467097268082,2.2016379830347432E-09,false
D1-BOUNDED-IF97-SUBSET,exact-v9-5-to-6mwe,320784,3180,MCP,suction,pressure,true,947466.5772447244,137.65657101967378,219.425578629579,137.65657122607007,81.76900760990523,2.063962938336772E-07,false
D1-BOUNDED-IF97-SUBSET,exact-v9-5-to-6mwe,320784,3180,CHANNEL,pressure,outlet,true,-1123718.1218681843,-212.0111432796101,219.4334397897596,-212.0111433577922,431.44458306936974,7.818209724064218E-08,true
D1-BOUNDED-IF97-SUBSET,exact-v9-5-to-6mwe,320784,3180,RETURN,outlet,drum,true,984909.5105905575,198.48521462220378,218.72217172213612,198.48521454569902,20.23695709993234,7.650476163689746E-08,false
D1-BOUNDED-IF97-SUBSET,exact-v9-5-to-6mwe,320784,3180,FEEDWATER-PUMP,feedwater-inventory,drum,true,1185078.6719618738,34.424971633421485,16.43953152434204,34.424971638271415,17.985440109079445,4.849930235195643E-09,false
D1-BOUNDED-IF97-SUBSET,exact-v9-5-to-6mwe,326784,3240,MCP,suction,pressure,true,946310.0019617734,137.57252646962425,221.71334574242326,137.57252652932127,84.140819272799,5.969701533103944E-08,false
D1-BOUNDED-IF97-SUBSET,exact-v9-5-to-6mwe,326784,3240,CHANNEL,pressure,outlet,true,-1139751.434533851,-213.51828348259556,221.72117740411193,-213.51828350499986,435.2394608867075,2.24042935315083E-08,true
D1-BOUNDED-IF97-SUBSET,exact-v9-5-to-6mwe,326784,3240,RETURN,outlet,drum,true,999516.6853869746,199.95166269746042,221.01253280736856,199.95166292601857,21.060870109908137,2.2855815018374415E-07,false
D1-BOUNDED-IF97-SUBSET,exact-v9-5-to-6mwe,326784,3240,FEEDWATER-PUMP,feedwater-inventory,drum,true,1186176.5257792994,34.440913544493846,16.44162482218305,34.440913567188886,17.999288722310794,2.2695040513553977E-08,false
D1-BOUNDED-IF97-SUBSET,exact-v9-5-to-6mwe,332784,3300,MCP,suction,pressure,true,945162.582416291,137.4890964706868,223.9604741032654,137.4890965674574,86.4713776325786,9.677060575086216E-08,false
D1-BOUNDED-IF97-SUBSET,exact-v9-5-to-6mwe,332784,3300,CHANNEL,pressure,outlet,true,-1155638.9337837275,-215.00129616202108,223.9682665717751,-215.0012961120561,438.9695627337962,4.996496727471822E-08,true
D1-BOUNDED-IF97-SUBSET,exact-v9-5-to-6mwe,332784,3300,RETURN,outlet,drum,true,1013986.5242844346,201.3937957618789,223.261986263734,201.39379561796449,21.86819050185511,1.4391440572580905E-07,false
D1-BOUNDED-IF97-SUBSET,exact-v9-5-to-6mwe,332784,3300,FEEDWATER-PUMP,feedwater-inventory,drum,true,1187267.8959608292,34.45675399628974,16.443741387639363,34.45675398362455,18.013012608650378,1.2665189785820985E-08,false
D1-BOUNDED-IF97-SUBSET,exact-v9-5-to-6mwe,338784,3360,MCP,suction,pressure,true,944024.3235954515,137.4062825052371,226.16810379717262,137.406282570925,88.76182129193552,6.568788535332715E-08,false
D1-BOUNDED-IF97-SUBSET,exact-v9-5-to-6mwe,338784,3360,CHANNEL,pressure,outlet,true,-1171379.8979635995,-216.46061054737876,226.1758475394781,-216.46061053450723,442.63645808685686,1.2871538501713076E-08,true
D1-BOUNDED-IF97-SUBSET,exact-v9-5-to-6mwe,338784,3360,RETURN,outlet,drum,true,1028318.4204788292,202.81207266618318,225.47176585884353,202.81207279221283,22.65969319266034,1.260296471627953E-07,false
D1-BOUNDED-IF97-SUBSET,exact-v9-5-to-6mwe,338784,3360,FEEDWATER-PUMP,feedwater-inventory,drum,true,1188352.691316221,34.47249180602152,16.445879819863432,34.47249181029934,18.02661198615809,4.2778154352163256E-09,false
D1-BOUNDED-IF97-SUBSET,exact-v9-5-to-6mwe,344784,3420,MCP,suction,pressure,true,942895.2176660515,137.32408511736398,228.33733714772254,137.3240852195966,91.01325203035856,1.0223263302577834E-07,false
D1-BOUNDED-IF97-SUBSET,exact-v9-5-to-6mwe,344784,3420,CHANNEL,pressure,outlet,true,-1186973.926192188,-217.89666598570872,228.34502287175533,-217.89666582382438,446.24168885746406,1.6188434415198572E-07,true
D1-BOUNDED-IF97-SUBSET,exact-v9-5-to-6mwe,344784,3420,RETURN,outlet,drum,true,1042512.0587478566,204.20695960205242,227.64306057827056,204.2069592335574,23.436100976218142,3.6849502293989644E-07,false
D1-BOUNDED-IF97-SUBSET,exact-v9-5-to-6mwe,344784,3420,FEEDWATER-PUMP,feedwater-inventory,drum,true,1189430.807965625,34.48812560818035,16.448037570856112,34.48812558186693,18.040088037324235,2.631341544656607E-08,false
D1-BOUNDED-IF97-SUBSET,exact-v9-5-to-6mwe,350784,3480,MCP,suction,pressure,true,941775.2453940151,137.2425040134444,230.46923942892704,137.24250384509403,93.22673541548264,1.6835036831253092E-07,false
D1-BOUNDED-IF97-SUBSET,exact-v9-5-to-6mwe,350784,3480,CHANNEL,pressure,outlet,true,-1202420.9051461723,-219.3099090461872,230.4768574094089,-219.30990908190185,449.7867664555961,3.5714663226826815E-08,true
D1-BOUNDED-IF97-SUBSET,exact-v9-5-to-6mwe,350784,3480,RETURN,outlet,drum,true,1056567.3906012415,205.5789279669725,229.77701658030506,205.57892815306127,24.198088613332573,1.8608878349368752E-07,false
D1-BOUNDED-IF97-SUBSET,exact-v9-5-to-6mwe,350784,3480,FEEDWATER-PUMP,feedwater-inventory,drum,true,1190502.1395277781,34.50365400255136,16.45021166642716,34.50365401094259,18.0534423361242,8.391232597659837E-09,false
D1-BOUNDED-IF97-SUBSET,exact-v9-5-to-6mwe,356784,3540,MCP,suction,pressure,true,940626.8610980426,137.15880293280796,232.43091089359083,137.15880286545703,95.27210796078288,6.735092483722838E-08,false
D1-BOUNDED-IF97-SUBSET,exact-v9-5-to-6mwe,356784,3540,CHANNEL,pressure,outlet,true,-1217372.8179698023,-220.6692382702947,232.43803736559047,-220.66923840531075,453.1072756358852,1.3501605167220987E-07,true
D1-BOUNDED-IF97-SUBSET,exact-v9-5-to-6mwe,356784,3540,RETURN,outlet,drum,true,1070459.4733976114,206.92602285818103,231.8514229713291,206.92602290120877,24.925400113148072,4.302773959352635E-08,false
D1-BOUNDED-IF97-SUBSET,exact-v9-5-to-6mwe,356784,3540,FEEDWATER-PUMP,feedwater-inventory,drum,true,1190437.1233479762,34.502711825999654,16.41975547436674,34.502711809890684,18.082956351632912,1.6108970157802105E-08,false
D1-BOUNDED-IF97-SUBSET,exact-v9-5-to-6mwe,362784,3600,MCP,suction,pressure,true,939585.5114820453,137.08285899280372,233.94763612278393,137.0828589798548,96.86477712998021,1.2948930816492066E-08,false
D1-BOUNDED-IF97-SUBSET,exact-v9-5-to-6mwe,362784,3600,CHANNEL,pressure,outlet,true,-1229365.064057502,-221.7534724920899,233.95344100357076,-221.75347245491142,455.7069134956607,3.717849494933034E-08,true
D1-BOUNDED-IF97-SUBSET,exact-v9-5-to-6mwe,362784,3600,RETURN,outlet,drum,true,1081847.1818865722,208.02376613133146,233.50781392423573,208.02376625975663,25.484047792904278,1.284251709421369E-07,false
D1-BOUNDED-IF97-SUBSET,exact-v9-5-to-6mwe,362784,3600,FEEDWATER-PUMP,feedwater-inventory,drum,true,1188868.8419643957,34.479977406668866,16.348579196418328,34.47997742903201,18.131398210250538,2.2363146001680434E-08,false
