mode_id,row_index,probe_id,logical_step,node_id,resolution_path,calls_over_100us,calls_over_max_ceiling,max_us,run_indices,run_pass_pairs
AMBIENT-UNSET-CONTROL,105,exact-v9-5-to-6mwe,62784,suction,C2-MIXTURE-PREFIX,1,0,132.9,4,4:32
AMBIENT-UNSET-CONTROL,120,exact-v9-5-to-6mwe,80784,suction,C2-MIXTURE-PREFIX,1,0,154,1,1:2
AMBIENT-UNSET-CONTROL,168,exact-v9-5-to-6mwe,134784,drum,C2-MIXTURE-PREFIX,1,0,106.4,5,5:47
AMBIENT-UNSET-CONTROL,178,exact-v9-5-to-6mwe,146784,drum,C2-MIXTURE-PREFIX,1,0,159.1,2,2:34
AMBIENT-UNSET-CONTROL,183,exact-v9-5-to-6mwe,152784,drum,C2-MIXTURE-PREFIX,2,0,297.7,1|2,1:7|2:3
AMBIENT-UNSET-CONTROL,2,background-reference,0,outlet,C2-MIXTURE-PREFIX,1,0,162.2,2,2:3
AMBIENT-UNSET-CONTROL,212,exact-v9-5-to-6mwe,188784,outlet,C2-MIXTURE-PREFIX,1,0,112.6,5,5:55
AMBIENT-UNSET-CONTROL,232,exact-v9-5-to-6mwe,212784,outlet,C2-MIXTURE-PREFIX,1,0,100.8,2,2:42
AMBIENT-UNSET-CONTROL,26,background-reference,30000,pressure,C2-MIXTURE-PREFIX,1,0,108.4,2,2:3
AMBIENT-UNSET-CONTROL,276,exact-v9-5-to-6mwe,266784,pressure,C2-MIXTURE-PREFIX,1,1,697.2,2,2:42
AMBIENT-UNSET-CONTROL,287,exact-v9-5-to-6mwe,278784,outlet,C2-MIXTURE-PREFIX,1,1,724.2,5,5:17
AMBIENT-UNSET-CONTROL,311,exact-v9-5-to-6mwe,308784,pressure,C2-MIXTURE-PREFIX,1,0,128.4,2,2:63
AMBIENT-UNSET-CONTROL,315,exact-v9-5-to-6mwe,314784,suction,C2-MIXTURE-PREFIX,1,0,114.1,2,2:7
AMBIENT-UNSET-CONTROL,351,exact-v9-5-to-6mwe,356784,pressure,C2-MIXTURE-PREFIX,1,0,282.2,2,2:43
AMBIENT-UNSET-CONTROL,83,exact-v9-5-to-6mwe,32784,drum,C2-MIXTURE-PREFIX,1,0,105.8,2,2:49
TIERING-OFF,0,background-reference,0,suction,C2-MIXTURE-PREFIX,315,1,442.9,1|2|3|4|5,1:0|1:1|1:10|1:11|1:12|1:13|1:14|1:15|1:16|1:17|1:18|1:19|1:2|1:20|1:21|1:22|1:23|1:24|1:25|1:26|1:27|1:28|1:29|1:3|1:30|1:31|1:32|1:33|1:34|1:35|1:36|1:37|1:38|1:39|1:4|1:40|1:41|1:42|1:43|1:44|1:45|1:46|1:47|1:48|1:49|1:5|1:50|1:51|1:52|1:53|1:54|1:55|1:56|1:57|1:58|1:59|1:6|1:60|1:61|1:62|1:63|1:7|1:8|1:9|2:0|2:1|2:10|2:11|2:12|2:13|2:14|2:15|2:16|2:17|2:18|2:19|2:2|2:20|2:21|2:22|2:23|2:24|2:25|2:26|2:27|2:28|2:29|2:3|2:30|2:31|2:32|2:33|2:34|2:35|2:36|2:37|2:38|2:39|2:4|2:40|2:41|2:42|2:43|2:44|2:45|2:46|2:47|2:48|2:49|2:5|2:51|2:52|2:53|2:54|2:55|2:56|2:57|2:58|2:59|2:6|2:60|2:62|2:63|2:7|2:8|2:9|3:0|3:1|3:10|3:11|3:12|3:13|3:14|3:15|3:16|3:17|3:18|3:19|3:2|3:20|3:21|3:22|3:23|3:24|3:25|3:26|3:27|3:28|3:29|3:3|3:30|3:31|3:32|3:33|3:34|3:35|3:36|3:37|3:38|3:39|3:4|3:40|3:41|3:42|3:43|3:44|3:45|3:46|3:47|3:48|3:49|3:5|3:50|3:52|3:53|3:54|3:55|3:56|3:57|3:58|3:59|3:6|3:60|3:61|3:62|3:63|3:7|3:8|3:9|4:0|4:1|4:10|4:11|4:12|4:13|4:14|4:15|4:16|4:17|4:18|4:19|4:2|4:20|4:21|4:22|4:23|4:24|4:25|4:26|4:27|4:28|4:29|4:3|4:30|4:31|4:32|4:33|4:34|4:35|4:36|4:37|4:38|4:39|4:4|4:40|4:41|4:42|4:43|4:44|4:45|4:46|4:47|4:48|4:49|4:5|4:50|4:51|4:52|4:53|4:54|4:55|4:56|4:57|4:58|4:59|4:6|4:60|4:61|4:62|4:63|4:7|4:8|4:9|5:0|5:1|5:10|5:11|5:12|5:13|5:14|5:15|5:16|5:17|5:18|5:19|5:2|5:20|5:21|5:22|5:23|5:24|5:25|5:26|5:27|5:28|5:29|5:3|5:30|5:31|5:32|5:33|5:34|5:35|5:36|5:37|5:38|5:39|5:4|5:40|5:41|5:42|5:43|5:44|5:45|5:46|5:47|5:48|5:49|5:5|5:52|5:53|5:54|5:55|5:56|5:57|5:58|5:59|5:6|5:60|5:61|5:62|5:63|5:7|5:8|5:9
TIERING-OFF,1,background-reference,0,pressure,C2-MIXTURE-PREFIX,315,0,254.7,1|2|3|4|5,1:0|1:1|1:10|1:11|1:12|1:13|1:14|1:15|1:16|1:17|1:18|1:19|1:2|1:20|1:21|1:22|1:23|1:24|1:25|1:26|1:27|1:28|1:29|1:3|1:30|1:31|1:32|1:33|1:34|1:35|1:36|1:37|1:38|1:39|1:4|1:40|1:41|1:42|1:43|1:44|1:45|1:46|1:47|1:48|1:49|1:5|1:50|1:51|1:52|1:53|1:54|1:55|1:56|1:57|1:58|1:59|1:6|1:60|1:61|1:62|1:63|1:7|1:8|1:9|2:0|2:1|2:10|2:11|2:12|2:13|2:14|2:15|2:16|2:17|2:18|2:19|2:2|2:20|2:21|2:22|2:23|2:24|2:25|2:26|2:27|2:28|2:29|2:3|2:30|2:31|2:32|2:33|2:34|2:35|2:36|2:37|2:38|2:39|2:4|2:40|2:41|2:42|2:43|2:44|2:45|2:46|2:47|2:48|2:49|2:5|2:51|2:52|2:53|2:54|2:55|2:56|2:57|2:58|2:59|2:6|2:60|2:62|2:63|2:7|2:8|2:9|3:0|3:1|3:10|3:11|3:12|3:13|3:14|3:15|3:16|3:17|3:18|3:19|3:2|3:20|3:21|3:22|3:23|3:24|3:25|3:26|3:27|3:28|3:29|3:3|3:30|3:31|3:32|3:33|3:34|3:35|3:36|3:37|3:38|3:39|3:4|3:40|3:41|3:42|3:43|3:44|3:45|3:46|3:47|3:48|3:49|3:5|3:50|3:52|3:53|3:54|3:55|3:56|3:57|3:58|3:59|3:6|3:60|3:61|3:62|3:63|3:7|3:8|3:9|4:0|4:1|4:10|4:11|4:12|4:13|4:14|4:15|4:16|4:17|4:18|4:19|4:2|4:20|4:21|4:22|4:23|4:24|4:25|4:26|4:27|4:28|4:29|4:3|4:30|4:31|4:32|4:33|4:34|4:35|4:36|4:37|4:38|4:39|4:4|4:40|4:41|4:42|4:43|4:44|4:45|4:46|4:47|4:48|4:49|4:5|4:50|4:51|4:52|4:53|4:54|4:55|4:56|4:57|4:58|4:59|4:6|4:60|4:61|4:62|4:63|4:7|4:8|4:9|5:0|5:1|5:10|5:11|5:12|5:13|5:14|5:15|5:16|5:17|5:18|5:19|5:2|5:20|5:21|5:22|5:23|5:24|5:25|5:26|5:27|5:28|5:29|5:3|5:30|5:31|5:32|5:33|5:34|5:35|5:36|5:37|5:38|5:39|5:4|5:40|5:41|5:42|5:43|5:44|5:45|5:46|5:47|5:48|5:49|5:5|5:52|5:53|5:54|5:55|5:56|5:57|5:58|5:59|5:6|5:60|5:61|5:62|5:63|5:7|5:8|5:9
TIERING-OFF,10,background-reference,12000,suction,C2-MIXTURE-PREFIX,317,0,221.2,1|2|3|4|5,1:0|1:1|1:10|1:11|1:12|1:13|1:14|1:15|1:16|1:17|1:18|1:19|1:2|1:20|1:21|1:22|1:23|1:24|1:25|1:26|1:27|1:28|1:29|1:3|1:30|1:31|1:32|1:33|1:34|1:35|1:36|1:37|1:38|1:39|1:4|1:40|1:41|1:42|1:43|1:44|1:45|1:46|1:47|1:48|1:49|1:5|1:50|1:51|1:52|1:53|1:54|1:55|1:56|1:57|1:58|1:59|1:6|1:60|1:61|1:62|1:63|1:7|1:8|1:9|2:0|2:1|2:10|2:11|2:12|2:13|2:14|2:15|2:16|2:17|2:18|2:19|2:2|2:20|2:21|2:22|2:23|2:24|2:25|2:26|2:27|2:28|2:29|2:3|2:30|2:31|2:32|2:33|2:34|2:35|2:36|2:37|2:38|2:39|2:4|2:40|2:41|2:42|2:43|2:44|2:45|2:46|2:47|2:48|2:49|2:5|2:51|2:52|2:53|2:54|2:55|2:56|2:57|2:58|2:59|2:6|2:60|2:61|2:62|2:63|2:7|2:8|2:9|3:0|3:1|3:10|3:11|3:12|3:13|3:14|3:15|3:16|3:17|3:18|3:19|3:2|3:20|3:21|3:22|3:23|3:24|3:25|3:26|3:27|3:28|3:29|3:3|3:30|3:31|3:32|3:33|3:34|3:35|3:36|3:37|3:38|3:39|3:4|3:40|3:41|3:42|3:43|3:44|3:45|3:46|3:47|3:48|3:49|3:5|3:50|3:51|3:52|3:53|3:54|3:55|3:56|3:57|3:58|3:59|3:6|3:60|3:61|3:62|3:63|3:7|3:8|3:9|4:0|4:1|4:10|4:11|4:12|4:13|4:14|4:15|4:16|4:17|4:18|4:19|4:2|4:20|4:21|4:22|4:23|4:24|4:25|4:26|4:27|4:28|4:29|4:3|4:30|4:31|4:32|4:33|4:34|4:35|4:36|4:37|4:38|4:39|4:4|4:40|4:41|4:42|4:43|4:44|4:45|4:46|4:47|4:48|4:49|4:5|4:50|4:51|4:52|4:53|4:54|4:55|4:56|4:57|4:58|4:59|4:6|4:60|4:61|4:62|4:63|4:7|4:8|4:9|5:0|5:1|5:10|5:11|5:12|5:13|5:14|5:15|5:16|5:17|5:18|5:19|5:2|5:20|5:21|5:22|5:23|5:24|5:25|5:26|5:27|5:28|5:29|5:3|5:30|5:31|5:32|5:33|5:34|5:35|5:36|5:37|5:38|5:39|5:4|5:40|5:41|5:42|5:43|5:44|5:45|5:46|5:47|5:48|5:49|5:5|5:52|5:53|5:54|5:55|5:56|5:57|5:58|5:59|5:6|5:60|5:61|5:62|5:63|5:7|5:8|5:9
TIERING-OFF,100,exact-v9-5-to-6mwe,56784,suction,C2-MIXTURE-PREFIX,317,0,233.9,1|2|3|4|5,1:0|1:1|1:10|1:11|1:12|1:13|1:14|1:15|1:16|1:17|1:18|1:19|1:2|1:20|1:21|1:22|1:23|1:24|1:25|1:26|1:27|1:28|1:29|1:3|1:30|1:31|1:32|1:33|1:34|1:35|1:36|1:37|1:38|1:39|1:4|1:40|1:41|1:42|1:43|1:44|1:45|1:46|1:47|1:48|1:49|1:5|1:50|1:51|1:52|1:53|1:54|1:55|1:56|1:57|1:58|1:59|1:6|1:60|1:61|1:62|1:63|1:7|1:8|1:9|2:0|2:1|2:10|2:11|2:12|2:13|2:14|2:15|2:16|2:17|2:18|2:19|2:2|2:20|2:21|2:22|2:23|2:24|2:25|2:26|2:27|2:28|2:29|2:3|2:30|2:31|2:32|2:33|2:34|2:35|2:36|2:37|2:38|2:39|2:4|2:40|2:41|2:42|2:43|2:44|2:45|2:46|2:47|2:48|2:49|2:5|2:50|2:52|2:53|2:54|2:55|2:56|2:57|2:58|2:59|2:6|2:60|2:61|2:62|2:63|2:7|2:8|2:9|3:0|3:1|3:10|3:11|3:12|3:13|3:14|3:15|3:16|3:17|3:18|3:19|3:2|3:20|3:21|3:22|3:23|3:24|3:25|3:26|3:27|3:28|3:29|3:3|3:30|3:31|3:33|3:34|3:35|3:36|3:37|3:38|3:39|3:4|3:40|3:41|3:42|3:43|3:44|3:45|3:46|3:47|3:48|3:49|3:5|3:50|3:51|3:52|3:53|3:54|3:55|3:56|3:57|3:58|3:59|3:6|3:60|3:61|3:62|3:63|3:7|3:8|3:9|4:0|4:1|4:10|4:11|4:12|4:13|4:14|4:15|4:16|4:17|4:18|4:19|4:2|4:20|4:21|4:22|4:23|4:24|4:25|4:26|4:27|4:28|4:29|4:3|4:30|4:31|4:32|4:33|4:34|4:35|4:36|4:37|4:38|4:39|4:4|4:40|4:41|4:42|4:43|4:44|4:45|4:46|4:47|4:48|4:49|4:5|4:50|4:51|4:52|4:53|4:54|4:55|4:56|4:57|4:58|4:59|4:6|4:60|4:61|4:62|4:63|4:7|4:8|4:9|5:0|5:1|5:10|5:11|5:12|5:13|5:14|5:15|5:16|5:17|5:18|5:19|5:2|5:20|5:21|5:22|5:23|5:24|5:25|5:26|5:27|5:28|5:29|5:3|5:30|5:31|5:32|5:33|5:34|5:35|5:36|5:37|5:38|5:39|5:4|5:40|5:41|5:42|5:43|5:44|5:45|5:46|5:47|5:48|5:49|5:5|5:50|5:52|5:53|5:54|5:55|5:56|5:57|5:58|5:59|5:6|5:60|5:61|5:62|5:63|5:7|5:8|5:9
TIERING-OFF,101,exact-v9-5-to-6mwe,56784,pressure,C2-MIXTURE-PREFIX,317,0,224.5,1|2|3|4|5,1:0|1:1|1:10|1:11|1:12|1:13|1:14|1:15|1:16|1:17|1:18|1:19|1:2|1:20|1:21|1:22|1:23|1:24|1:25|1:26|1:27|1:28|1:29|1:3|1:30|1:31|1:32|1:33|1:34|1:35|1:36|1:37|1:38|1:39|1:4|1:40|1:41|1:42|1:43|1:44|1:45|1:46|1:47|1:48|1:49|1:5|1:50|1:51|1:52|1:53|1:54|1:55|1:56|1:57|1:58|1:59|1:6|1:60|1:61|1:62|1:63|1:7|1:8|1:9|2:0|2:1|2:10|2:11|2:12|2:13|2:14|2:15|2:16|2:17|2:18|2:19|2:2|2:20|2:21|2:22|2:23|2:24|2:25|2:26|2:27|2:28|2:29|2:3|2:30|2:31|2:32|2:33|2:34|2:35|2:36|2:37|2:38|2:39|2:4|2:40|2:41|2:42|2:43|2:44|2:45|2:46|2:47|2:48|2:49|2:5|2:50|2:52|2:53|2:54|2:55|2:56|2:57|2:58|2:59|2:6|2:60|2:61|2:62|2:63|2:7|2:8|2:9|3:0|3:1|3:10|3:11|3:12|3:13|3:14|3:15|3:16|3:17|3:18|3:19|3:2|3:20|3:21|3:22|3:23|3:24|3:25|3:26|3:27|3:28|3:29|3:3|3:30|3:31|3:33|3:34|3:35|3:36|3:37|3:38|3:39|3:4|3:40|3:41|3:42|3:43|3:44|3:45|3:46|3:47|3:48|3:49|3:5|3:50|3:51|3:52|3:53|3:54|3:55|3:56|3:57|3:58|3:59|3:6|3:60|3:61|3:62|3:63|3:7|3:8|3:9|4:0|4:1|4:10|4:11|4:12|4:13|4:14|4:15|4:16|4:17|4:18|4:19|4:2|4:20|4:21|4:22|4:23|4:24|4:25|4:26|4:27|4:28|4:29|4:3|4:30|4:31|4:32|4:33|4:34|4:35|4:36|4:37|4:38|4:39|4:4|4:40|4:41|4:42|4:43|4:44|4:45|4:46|4:47|4:48|4:49|4:5|4:50|4:51|4:52|4:53|4:54|4:55|4:56|4:57|4:58|4:59|4:6|4:60|4:61|4:62|4:63|4:7|4:8|4:9|5:0|5:1|5:10|5:11|5:12|5:13|5:14|5:15|5:16|5:17|5:18|5:19|5:2|5:20|5:21|5:22|5:23|5:24|5:25|5:26|5:27|5:28|5:29|5:3|5:30|5:31|5:32|5:33|5:34|5:35|5:36|5:37|5:38|5:39|5:4|5:40|5:41|5:42|5:43|5:44|5:45|5:46|5:47|5:48|5:49|5:5|5:50|5:52|5:53|5:54|5:55|5:56|5:57|5:58|5:59|5:6|5:60|5:61|5:62|5:63|5:7|5:8|5:9
TIERING-OFF,102,exact-v9-5-to-6mwe,56784,outlet,C2-MIXTURE-PREFIX,317,0,270.9,1|2|3|4|5,1:0|1:1|1:10|1:11|1:12|1:13|1:14|1:15|1:16|1:17|1:18|1:19|1:2|1:20|1:21|1:22|1:23|1:24|1:25|1:26|1:27|1:28|1:29|1:3|1:30|1:31|1:32|1:33|1:34|1:35|1:36|1:37|1:38|1:39|1:4|1:40|1:41|1:42|1:43|1:44|1:45|1:46|1:47|1:48|1:49|1:5|1:50|1:51|1:52|1:53|1:54|1:55|1:56|1:57|1:58|1:59|1:6|1:60|1:61|1:62|1:63|1:7|1:8|1:9|2:0|2:1|2:10|2:11|2:12|2:13|2:14|2:15|2:16|2:17|2:18|2:19|2:2|2:20|2:21|2:22|2:23|2:24|2:25|2:26|2:27|2:28|2:29|2:3|2:30|2:31|2:32|2:33|2:34|2:35|2:36|2:37|2:38|2:39|2:4|2:40|2:41|2:42|2:43|2:44|2:45|2:46|2:47|2:48|2:49|2:5|2:50|2:52|2:53|2:54|2:55|2:56|2:57|2:58|2:59|2:6|2:60|2:61|2:62|2:63|2:7|2:8|2:9|3:0|3:1|3:10|3:11|3:12|3:13|3:14|3:15|3:16|3:17|3:18|3:19|3:2|3:20|3:21|3:22|3:23|3:24|3:25|3:26|3:27|3:28|3:29|3:3|3:30|3:31|3:33|3:34|3:35|3:36|3:37|3:38|3:39|3:4|3:40|3:41|3:42|3:43|3:44|3:45|3:46|3:47|3:48|3:49|3:5|3:50|3:51|3:52|3:53|3:54|3:55|3:56|3:57|3:58|3:59|3:6|3:60|3:61|3:62|3:63|3:7|3:8|3:9|4:0|4:1|4:10|4:11|4:12|4:13|4:14|4:15|4:16|4:17|4:18|4:19|4:2|4:20|4:21|4:22|4:23|4:24|4:25|4:26|4:27|4:28|4:29|4:3|4:30|4:31|4:32|4:33|4:34|4:35|4:36|4:37|4:38|4:39|4:4|4:40|4:41|4:42|4:43|4:44|4:45|4:46|4:47|4:48|4:49|4:5|4:50|4:51|4:52|4:53|4:54|4:55|4:56|4:57|4:58|4:59|4:6|4:60|4:61|4:62|4:63|4:7|4:8|4:9|5:0|5:1|5:10|5:11|5:12|5:13|5:14|5:15|5:16|5:17|5:18|5:19|5:2|5:20|5:21|5:22|5:23|5:24|5:25|5:26|5:27|5:28|5:29|5:3|5:30|5:31|5:32|5:33|5:34|5:35|5:36|5:37|5:38|5:39|5:4|5:40|5:41|5:42|5:43|5:44|5:45|5:46|5:47|5:48|5:49|5:5|5:50|5:52|5:53|5:54|5:55|5:56|5:57|5:58|5:59|5:6|5:60|5:61|5:62|5:63|5:7|5:8|5:9
TIERING-OFF,103,exact-v9-5-to-6mwe,56784,drum,C2-MIXTURE-PREFIX,317,0,245.1,1|2|3|4|5,1:0|1:1|1:10|1:11|1:12|1:13|1:14|1:15|1:16|1:17|1:18|1:19|1:2|1:20|1:21|1:22|1:23|1:24|1:25|1:26|1:27|1:28|1:29|1:3|1:30|1:31|1:32|1:33|1:34|1:35|1:36|1:37|1:38|1:39|1:4|1:40|1:41|1:42|1:43|1:44|1:45|1:46|1:47|1:48|1:49|1:5|1:50|1:51|1:52|1:53|1:54|1:55|1:56|1:57|1:58|1:59|1:6|1:60|1:61|1:62|1:63|1:7|1:8|1:9|2:0|2:1|2:10|2:11|2:12|2:13|2:14|2:15|2:16|2:17|2:18|2:19|2:2|2:20|2:21|2:22|2:23|2:24|2:25|2:26|2:27|2:28|2:29|2:3|2:30|2:31|2:32|2:33|2:34|2:35|2:36|2:37|2:38|2:39|2:4|2:40|2:41|2:42|2:43|2:44|2:45|2:46|2:47|2:48|2:49|2:5|2:50|2:52|2:53|2:54|2:55|2:56|2:57|2:58|2:59|2:6|2:60|2:61|2:62|2:63|2:7|2:8|2:9|3:0|3:1|3:10|3:11|3:12|3:13|3:14|3:15|3:16|3:17|3:18|3:19|3:2|3:20|3:21|3:22|3:23|3:24|3:25|3:26|3:27|3:28|3:29|3:3|3:30|3:31|3:33|3:34|3:35|3:36|3:37|3:38|3:39|3:4|3:40|3:41|3:42|3:43|3:44|3:45|3:46|3:47|3:48|3:49|3:5|3:50|3:51|3:52|3:53|3:54|3:55|3:56|3:57|3:58|3:59|3:6|3:60|3:61|3:62|3:63|3:7|3:8|3:9|4:0|4:1|4:10|4:11|4:12|4:13|4:14|4:15|4:16|4:17|4:18|4:19|4:2|4:20|4:21|4:22|4:23|4:24|4:25|4:26|4:27|4:28|4:29|4:3|4:30|4:31|4:32|4:33|4:34|4:35|4:36|4:37|4:38|4:39|4:4|4:40|4:41|4:42|4:43|4:44|4:45|4:46|4:47|4:48|4:49|4:5|4:50|4:51|4:52|4:53|4:54|4:55|4:56|4:57|4:58|4:59|4:6|4:60|4:61|4:62|4:63|4:7|4:8|4:9|5:0|5:1|5:10|5:11|5:12|5:13|5:14|5:15|5:16|5:17|5:18|5:19|5:2|5:20|5:21|5:22|5:23|5:24|5:25|5:26|5:27|5:28|5:29|5:3|5:30|5:31|5:32|5:33|5:34|5:35|5:36|5:37|5:38|5:39|5:4|5:40|5:41|5:42|5:43|5:44|5:45|5:46|5:47|5:48|5:49|5:5|5:50|5:52|5:53|5:54|5:55|5:56|5:57|5:58|5:59|5:6|5:60|5:61|5:62|5:63|5:7|5:8|5:9
TIERING-OFF,105,exact-v9-5-to-6mwe,62784,suction,C2-MIXTURE-PREFIX,318,0,238.5,1|2|3|4|5,1:0|1:1|1:10|1:11|1:12|1:13|1:14|1:15|1:16|1:17|1:18|1:19|1:2|1:20|1:21|1:22|1:23|1:24|1:25|1:26|1:27|1:28|1:29|1:3|1:30|1:31|1:32|1:33|1:34|1:35|1:36|1:37|1:38|1:39|1:4|1:40|1:41|1:42|1:43|1:44|1:45|1:46|1:47|1:48|1:49|1:5|1:50|1:51|1:52|1:53|1:54|1:55|1:56|1:57|1:58|1:59|1:6|1:60|1:61|1:62|1:63|1:7|1:8|1:9|2:0|2:1|2:10|2:11|2:12|2:13|2:14|2:15|2:16|2:17|2:18|2:19|2:2|2:20|2:21|2:22|2:23|2:24|2:25|2:26|2:27|2:28|2:29|2:3|2:30|2:31|2:32|2:33|2:34|2:35|2:36|2:37|2:38|2:39|2:4|2:40|2:41|2:42|2:43|2:44|2:45|2:46|2:47|2:48|2:49|2:5|2:50|2:52|2:53|2:54|2:55|2:56|2:57|2:58|2:59|2:6|2:60|2:61|2:62|2:63|2:7|2:8|2:9|3:0|3:1|3:10|3:11|3:12|3:13|3:14|3:15|3:16|3:17|3:18|3:19|3:2|3:20|3:21|3:22|3:23|3:24|3:25|3:26|3:27|3:28|3:29|3:3|3:30|3:31|3:32|3:33|3:34|3:35|3:36|3:37|3:38|3:39|3:4|3:40|3:41|3:42|3:43|3:44|3:45|3:46|3:47|3:48|3:49|3:5|3:50|3:51|3:52|3:53|3:54|3:55|3:56|3:57|3:58|3:59|3:6|3:60|3:61|3:62|3:63|3:7|3:8|3:9|4:0|4:1|4:10|4:11|4:12|4:13|4:14|4:15|4:16|4:17|4:18|4:19|4:2|4:20|4:21|4:22|4:23|4:24|4:25|4:26|4:27|4:28|4:29|4:3|4:30|4:31|4:32|4:33|4:34|4:35|4:36|4:37|4:38|4:39|4:4|4:40|4:41|4:42|4:43|4:44|4:45|4:46|4:47|4:48|4:49|4:5|4:50|4:51|4:52|4:53|4:54|4:55|4:56|4:57|4:58|4:59|4:6|4:60|4:61|4:62|4:63|4:7|4:8|4:9|5:0|5:1|5:10|5:11|5:12|5:13|5:14|5:15|5:16|5:17|5:18|5:19|5:2|5:20|5:21|5:22|5:23|5:24|5:25|5:26|5:27|5:28|5:29|5:3|5:30|5:31|5:32|5:33|5:34|5:35|5:36|5:37|5:38|5:39|5:4|5:40|5:41|5:42|5:43|5:44|5:45|5:46|5:47|5:48|5:49|5:5|5:50|5:52|5:53|5:54|5:55|5:56|5:57|5:58|5:59|5:6|5:60|5:61|5:62|5:63|5:7|5:8|5:9
TIERING-OFF,106,exact-v9-5-to-6mwe,62784,pressure,C2-MIXTURE-PREFIX,318,0,156.8,1|2|3|4|5,1:0|1:1|1:10|1:11|1:12|1:13|1:14|1:15|1:16|1:17|1:18|1:19|1:2|1:20|1:21|1:22|1:23|1:24|1:25|1:26|1:27|1:28|1:29|1:3|1:30|1:31|1:32|1:33|1:34|1:35|1:36|1:37|1:38|1:39|1:4|1:40|1:41|1:42|1:43|1:44|1:45|1:46|1:47|1:48|1:49|1:5|1:50|1:51|1:52|1:53|1:54|1:55|1:56|1:57|1:58|1:59|1:6|1:60|1:61|1:62|1:63|1:7|1:8|1:9|2:0|2:1|2:10|2:11|2:12|2:13|2:14|2:15|2:16|2:17|2:18|2:19|2:2|2:20|2:21|2:22|2:23|2:24|2:25|2:26|2:27|2:28|2:29|2:3|2:30|2:31|2:32|2:33|2:34|2:35|2:36|2:37|2:38|2:39|2:4|2:40|2:41|2:42|2:43|2:44|2:45|2:46|2:47|2:48|2:49|2:5|2:50|2:52|2:53|2:54|2:55|2:56|2:57|2:58|2:59|2:6|2:60|2:61|2:62|2:63|2:7|2:8|2:9|3:0|3:1|3:10|3:11|3:12|3:13|3:14|3:15|3:16|3:17|3:18|3:19|3:2|3:20|3:21|3:22|3:23|3:24|3:25|3:26|3:27|3:28|3:29|3:3|3:30|3:31|3:32|3:33|3:34|3:35|3:36|3:37|3:38|3:39|3:4|3:40|3:41|3:42|3:43|3:44|3:45|3:46|3:47|3:48|3:49|3:5|3:50|3:51|3:52|3:53|3:54|3:55|3:56|3:57|3:58|3:59|3:6|3:60|3:61|3:62|3:63|3:7|3:8|3:9|4:0|4:1|4:10|4:11|4:12|4:13|4:14|4:15|4:16|4:17|4:18|4:19|4:2|4:20|4:21|4:22|4:23|4:24|4:25|4:26|4:27|4:28|4:29|4:3|4:30|4:31|4:32|4:33|4:34|4:35|4:36|4:37|4:38|4:39|4:4|4:40|4:41|4:42|4:43|4:44|4:45|4:46|4:47|4:48|4:49|4:5|4:50|4:51|4:52|4:53|4:54|4:55|4:56|4:57|4:58|4:59|4:6|4:60|4:61|4:62|4:63|4:7|4:8|4:9|5:0|5:1|5:10|5:11|5:12|5:13|5:14|5:15|5:16|5:17|5:18|5:19|5:2|5:20|5:21|5:22|5:23|5:24|5:25|5:26|5:27|5:28|5:29|5:3|5:30|5:31|5:32|5:33|5:34|5:35|5:36|5:37|5:38|5:39|5:4|5:40|5:41|5:42|5:43|5:44|5:45|5:46|5:47|5:48|5:49|5:5|5:50|5:52|5:53|5:54|5:55|5:56|5:57|5:58|5:59|5:6|5:60|5:61|5:62|5:63|5:7|5:8|5:9
TIERING-OFF,107,exact-v9-5-to-6mwe,62784,outlet,C2-MIXTURE-PREFIX,318,0,260.4,1|2|3|4|5,1:0|1:1|1:10|1:11|1:12|1:13|1:14|1:15|1:16|1:17|1:18|1:19|1:2|1:20|1:21|1:22|1:23|1:24|1:25|1:26|1:27|1:28|1:29|1:3|1:30|1:31|1:32|1:33|1:34|1:35|1:36|1:37|1:38|1:39|1:4|1:40|1:41|1:42|1:43|1:44|1:45|1:46|1:47|1:48|1:49|1:5|1:50|1:51|1:52|1:53|1:54|1:55|1:56|1:57|1:58|1:59|1:6|1:60|1:61|1:62|1:63|1:7|1:8|1:9|2:0|2:1|2:10|2:11|2:12|2:13|2:14|2:15|2:16|2:17|2:18|2:19|2:2|2:20|2:21|2:22|2:23|2:24|2:25|2:26|2:27|2:28|2:29|2:3|2:30|2:31|2:32|2:33|2:34|2:35|2:36|2:37|2:38|2:39|2:4|2:40|2:41|2:42|2:43|2:44|2:45|2:46|2:47|2:48|2:49|2:5|2:50|2:52|2:53|2:54|2:55|2:56|2:57|2:58|2:59|2:6|2:60|2:61|2:62|2:63|2:7|2:8|2:9|3:0|3:1|3:10|3:11|3:12|3:13|3:14|3:15|3:16|3:17|3:18|3:19|3:2|3:20|3:21|3:22|3:23|3:24|3:25|3:26|3:27|3:28|3:29|3:3|3:30|3:31|3:32|3:33|3:34|3:35|3:36|3:37|3:38|3:39|3:4|3:40|3:41|3:42|3:43|3:44|3:45|3:46|3:47|3:48|3:49|3:5|3:50|3:51|3:52|3:53|3:54|3:55|3:56|3:57|3:58|3:59|3:6|3:60|3:61|3:62|3:63|3:7|3:8|3:9|4:0|4:1|4:10|4:11|4:12|4:13|4:14|4:15|4:16|4:17|4:18|4:19|4:2|4:20|4:21|4:22|4:23|4:24|4:25|4:26|4:27|4:28|4:29|4:3|4:30|4:31|4:32|4:33|4:34|4:35|4:36|4:37|4:38|4:39|4:4|4:40|4:41|4:42|4:43|4:44|4:45|4:46|4:47|4:48|4:49|4:5|4:50|4:51|4:52|4:53|4:54|4:55|4:56|4:57|4:58|4:59|4:6|4:60|4:61|4:62|4:63|4:7|4:8|4:9|5:0|5:1|5:10|5:11|5:12|5:13|5:14|5:15|5:16|5:17|5:18|5:19|5:2|5:20|5:21|5:22|5:23|5:24|5:25|5:26|5:27|5:28|5:29|5:3|5:30|5:31|5:32|5:33|5:34|5:35|5:36|5:37|5:38|5:39|5:4|5:40|5:41|5:42|5:43|5:44|5:45|5:46|5:47|5:48|5:49|5:5|5:50|5:52|5:53|5:54|5:55|5:56|5:57|5:58|5:59|5:6|5:60|5:61|5:62|5:63|5:7|5:8|5:9
TIERING-OFF,108,exact-v9-5-to-6mwe,62784,drum,C2-MIXTURE-PREFIX,318,1,421.9,1|2|3|4|5,1:0|1:1|1:10|1:11|1:12|1:13|1:14|1:15|1:16|1:17|1:18|1:19|1:2|1:20|1:21|1:22|1:23|1:24|1:25|1:26|1:27|1:28|1:29|1:3|1:30|1:31|1:32|1:33|1:34|1:35|1:36|1:37|1:38|1:39|1:4|1:40|1:41|1:42|1:43|1:44|1:45|1:46|1:47|1:48|1:49|1:5|1:50|1:51|1:52|1:53|1:54|1:55|1:56|1:57|1:58|1:59|1:6|1:60|1:61|1:62|1:63|1:7|1:8|1:9|2:0|2:1|2:10|2:11|2:12|2:13|2:14|2:15|2:16|2:17|2:18|2:19|2:2|2:20|2:21|2:22|2:23|2:24|2:25|2:26|2:27|2:28|2:29|2:3|2:30|2:31|2:32|2:33|2:34|2:35|2:36|2:37|2:38|2:39|2:4|2:40|2:41|2:42|2:43|2:44|2:45|2:46|2:47|2:48|2:49|2:5|2:50|2:52|2:53|2:54|2:55|2:56|2:57|2:58|2:59|2:6|2:60|2:61|2:62|2:63|2:7|2:8|2:9|3:0|3:1|3:10|3:11|3:12|3:13|3:14|3:15|3:16|3:17|3:18|3:19|3:2|3:20|3:21|3:22|3:23|3:24|3:25|3:26|3:27|3:28|3:29|3:3|3:30|3:31|3:32|3:33|3:34|3:35|3:36|3:37|3:38|3:39|3:4|3:40|3:41|3:42|3:43|3:44|3:45|3:46|3:47|3:48|3:49|3:5|3:50|3:51|3:52|3:53|3:54|3:55|3:56|3:57|3:58|3:59|3:6|3:60|3:61|3:62|3:63|3:7|3:8|3:9|4:0|4:1|4:10|4:11|4:12|4:13|4:14|4:15|4:16|4:17|4:18|4:19|4:2|4:20|4:21|4:22|4:23|4:24|4:25|4:26|4:27|4:28|4:29|4:3|4:30|4:31|4:32|4:33|4:34|4:35|4:36|4:37|4:38|4:39|4:4|4:40|4:41|4:42|4:43|4:44|4:45|4:46|4:47|4:48|4:49|4:5|4:50|4:51|4:52|4:53|4:54|4:55|4:56|4:57|4:58|4:59|4:6|4:60|4:61|4:62|4:63|4:7|4:8|4:9|5:0|5:1|5:10|5:11|5:12|5:13|5:14|5:15|5:16|5:17|5:18|5:19|5:2|5:20|5:21|5:22|5:23|5:24|5:25|5:26|5:27|5:28|5:29|5:3|5:30|5:31|5:32|5:33|5:34|5:35|5:36|5:37|5:38|5:39|5:4|5:40|5:41|5:42|5:43|5:44|5:45|5:46|5:47|5:48|5:49|5:5|5:50|5:52|5:53|5:54|5:55|5:56|5:57|5:58|5:59|5:6|5:60|5:61|5:62|5:63|5:7|5:8|5:9
TIERING-OFF,109,exact-v9-5-to-6mwe,62784,feedwater-inventory,C2-MIXTURE-PREFIX,1,0,109.1,5,5:7
TIERING-OFF,11,background-reference,12000,pressure,C2-MIXTURE-PREFIX,317,0,271.3,1|2|3|4|5,1:0|1:1|1:10|1:11|1:12|1:13|1:14|1:15|1:16|1:17|1:18|1:19|1:2|1:20|1:21|1:22|1:23|1:24|1:25|1:26|1:27|1:28|1:29|1:3|1:30|1:31|1:32|1:33|1:34|1:35|1:36|1:37|1:38|1:39|1:4|1:40|1:41|1:42|1:43|1:44|1:45|1:46|1:47|1:48|1:49|1:5|1:50|1:51|1:52|1:53|1:54|1:55|1:56|1:57|1:58|1:59|1:6|1:60|1:61|1:62|1:63|1:7|1:8|1:9|2:0|2:1|2:10|2:11|2:12|2:13|2:14|2:15|2:16|2:17|2:18|2:19|2:2|2:20|2:21|2:22|2:23|2:24|2:25|2:26|2:27|2:28|2:29|2:3|2:30|2:31|2:32|2:33|2:34|2:35|2:36|2:37|2:38|2:39|2:4|2:40|2:41|2:42|2:43|2:44|2:45|2:46|2:47|2:48|2:49|2:5|2:51|2:52|2:53|2:54|2:55|2:56|2:57|2:58|2:59|2:6|2:60|2:61|2:62|2:63|2:7|2:8|2:9|3:0|3:1|3:10|3:11|3:12|3:13|3:14|3:15|3:16|3:17|3:18|3:19|3:2|3:20|3:21|3:22|3:23|3:24|3:25|3:26|3:27|3:28|3:29|3:3|3:30|3:31|3:32|3:33|3:34|3:35|3:36|3:37|3:38|3:39|3:4|3:40|3:41|3:42|3:43|3:44|3:45|3:46|3:47|3:48|3:49|3:5|3:50|3:51|3:52|3:53|3:54|3:55|3:56|3:57|3:58|3:59|3:6|3:60|3:61|3:62|3:63|3:7|3:8|3:9|4:0|4:1|4:10|4:11|4:12|4:13|4:14|4:15|4:16|4:17|4:18|4:19|4:2|4:20|4:21|4:22|4:23|4:24|4:25|4:26|4:27|4:28|4:29|4:3|4:30|4:31|4:32|4:33|4:34|4:35|4:36|4:37|4:38|4:39|4:4|4:40|4:41|4:42|4:43|4:44|4:45|4:46|4:47|4:48|4:49|4:5|4:50|4:51|4:52|4:53|4:54|4:55|4:56|4:57|4:58|4:59|4:6|4:60|4:61|4:62|4:63|4:7|4:8|4:9|5:0|5:1|5:10|5:11|5:12|5:13|5:14|5:15|5:16|5:17|5:18|5:19|5:2|5:20|5:21|5:22|5:23|5:24|5:25|5:26|5:27|5:28|5:29|5:3|5:30|5:31|5:32|5:33|5:34|5:35|5:36|5:37|5:38|5:39|5:4|5:40|5:41|5:42|5:43|5:44|5:45|5:46|5:47|5:48|5:49|5:5|5:52|5:53|5:54|5:55|5:56|5:57|5:58|5:59|5:6|5:60|5:61|5:62|5:63|5:7|5:8|5:9
TIERING-OFF,110,exact-v9-5-to-6mwe,68784,suction,C2-MIXTURE-PREFIX,318,0,331,1|2|3|4|5,1:0|1:1|1:10|1:11|1:12|1:13|1:14|1:15|1:16|1:17|1:18|1:19|1:2|1:20|1:21|1:22|1:23|1:24|1:25|1:26|1:27|1:28|1:29|1:3|1:30|1:31|1:32|1:33|1:34|1:35|1:36|1:37|1:38|1:39|1:4|1:40|1:41|1:42|1:43|1:44|1:45|1:46|1:47|1:48|1:49|1:5|1:50|1:51|1:52|1:53|1:54|1:55|1:56|1:57|1:58|1:59|1:6|1:60|1:61|1:62|1:63|1:7|1:8|1:9|2:0|2:1|2:10|2:11|2:12|2:13|2:14|2:15|2:16|2:17|2:18|2:19|2:2|2:20|2:21|2:22|2:23|2:24|2:25|2:26|2:27|2:28|2:29|2:3|2:30|2:31|2:32|2:33|2:34|2:35|2:36|2:37|2:38|2:39|2:4|2:40|2:41|2:42|2:43|2:44|2:45|2:46|2:47|2:48|2:49|2:5|2:50|2:52|2:53|2:54|2:55|2:56|2:57|2:58|2:59|2:6|2:60|2:61|2:62|2:63|2:7|2:8|2:9|3:0|3:1|3:10|3:11|3:12|3:13|3:14|3:15|3:16|3:17|3:18|3:19|3:2|3:20|3:21|3:22|3:23|3:24|3:25|3:26|3:27|3:28|3:29|3:3|3:30|3:31|3:32|3:33|3:34|3:35|3:36|3:37|3:38|3:39|3:4|3:40|3:41|3:42|3:43|3:44|3:45|3:46|3:47|3:48|3:49|3:5|3:50|3:51|3:52|3:53|3:54|3:55|3:56|3:57|3:58|3:59|3:6|3:60|3:61|3:62|3:63|3:7|3:8|3:9|4:0|4:1|4:10|4:11|4:12|4:13|4:14|4:15|4:16|4:17|4:18|4:19|4:2|4:20|4:21|4:22|4:23|4:24|4:25|4:26|4:27|4:28|4:29|4:3|4:30|4:31|4:32|4:33|4:34|4:35|4:36|4:37|4:38|4:39|4:4|4:40|4:41|4:42|4:43|4:44|4:45|4:46|4:47|4:48|4:49|4:5|4:50|4:51|4:52|4:53|4:54|4:55|4:56|4:57|4:58|4:59|4:6|4:60|4:61|4:62|4:63|4:7|4:8|4:9|5:0|5:1|5:10|5:11|5:12|5:13|5:14|5:15|5:16|5:17|5:18|5:19|5:2|5:20|5:21|5:22|5:23|5:24|5:25|5:26|5:27|5:28|5:29|5:3|5:30|5:31|5:32|5:33|5:34|5:35|5:36|5:37|5:38|5:39|5:4|5:40|5:41|5:42|5:43|5:44|5:45|5:46|5:47|5:48|5:49|5:5|5:50|5:52|5:53|5:54|5:55|5:56|5:57|5:58|5:59|5:6|5:60|5:61|5:62|5:63|5:7|5:8|5:9
TIERING-OFF,111,exact-v9-5-to-6mwe,68784,pressure,C2-MIXTURE-PREFIX,318,0,238.2,1|2|3|4|5,1:0|1:1|1:10|1:11|1:12|1:13|1:14|1:15|1:16|1:17|1:18|1:19|1:2|1:20|1:21|1:22|1:23|1:24|1:25|1:26|1:27|1:28|1:29|1:3|1:30|1:31|1:32|1:33|1:34|1:35|1:36|1:37|1:38|1:39|1:4|1:40|1:41|1:42|1:43|1:44|1:45|1:46|1:47|1:48|1:49|1:5|1:50|1:51|1:52|1:53|1:54|1:55|1:56|1:57|1:58|1:59|1:6|1:60|1:61|1:62|1:63|1:7|1:8|1:9|2:0|2:1|2:10|2:11|2:12|2:13|2:14|2:15|2:16|2:17|2:18|2:19|2:2|2:20|2:21|2:22|2:23|2:24|2:25|2:26|2:27|2:28|2:29|2:3|2:30|2:31|2:32|2:33|2:34|2:35|2:36|2:37|2:38|2:39|2:4|2:40|2:41|2:42|2:43|2:44|2:45|2:46|2:47|2:48|2:49|2:5|2:50|2:52|2:53|2:54|2:55|2:56|2:57|2:58|2:59|2:6|2:60|2:61|2:62|2:63|2:7|2:8|2:9|3:0|3:1|3:10|3:11|3:12|3:13|3:14|3:15|3:16|3:17|3:18|3:19|3:2|3:20|3:21|3:22|3:23|3:24|3:25|3:26|3:27|3:28|3:29|3:3|3:30|3:31|3:32|3:33|3:34|3:35|3:36|3:37|3:38|3:39|3:4|3:40|3:41|3:42|3:43|3:44|3:45|3:46|3:47|3:48|3:49|3:5|3:50|3:51|3:52|3:53|3:54|3:55|3:56|3:57|3:58|3:59|3:6|3:60|3:61|3:62|3:63|3:7|3:8|3:9|4:0|4:1|4:10|4:11|4:12|4:13|4:14|4:15|4:16|4:17|4:18|4:19|4:2|4:20|4:21|4:22|4:23|4:24|4:25|4:26|4:27|4:28|4:29|4:3|4:30|4:31|4:32|4:33|4:34|4:35|4:36|4:37|4:38|4:39|4:4|4:40|4:41|4:42|4:43|4:44|4:45|4:46|4:47|4:48|4:49|4:5|4:50|4:51|4:52|4:53|4:54|4:55|4:56|4:57|4:58|4:59|4:6|4:60|4:61|4:62|4:63|4:7|4:8|4:9|5:0|5:1|5:10|5:11|5:12|5:13|5:14|5:15|5:16|5:17|5:18|5:19|5:2|5:20|5:21|5:22|5:23|5:24|5:25|5:26|5:27|5:28|5:29|5:3|5:30|5:31|5:32|5:33|5:34|5:35|5:36|5:37|5:38|5:39|5:4|5:40|5:41|5:42|5:43|5:44|5:45|5:46|5:47|5:48|5:49|5:5|5:50|5:52|5:53|5:54|5:55|5:56|5:57|5:58|5:59|5:6|5:60|5:61|5:62|5:63|5:7|5:8|5:9
TIERING-OFF,112,exact-v9-5-to-6mwe,68784,outlet,C2-MIXTURE-PREFIX,318,0,290.8,1|2|3|4|5,1:0|1:1|1:10|1:11|1:12|1:13|1:14|1:15|1:16|1:17|1:18|1:19|1:2|1:20|1:21|1:22|1:23|1:24|1:25|1:26|1:27|1:28|1:29|1:3|1:30|1:31|1:32|1:33|1:34|1:35|1:36|1:37|1:38|1:39|1:4|1:40|1:41|1:42|1:43|1:44|1:45|1:46|1:47|1:48|1:49|1:5|1:50|1:51|1:52|1:53|1:54|1:55|1:56|1:57|1:58|1:59|1:6|1:60|1:61|1:62|1:63|1:7|1:8|1:9|2:0|2:1|2:10|2:11|2:12|2:13|2:14|2:15|2:16|2:17|2:18|2:19|2:2|2:20|2:21|2:22|2:23|2:24|2:25|2:26|2:27|2:28|2:29|2:3|2:30|2:31|2:32|2:33|2:34|2:35|2:36|2:37|2:38|2:39|2:4|2:40|2:41|2:42|2:43|2:44|2:45|2:46|2:47|2:48|2:49|2:5|2:50|2:52|2:53|2:54|2:55|2:56|2:57|2:58|2:59|2:6|2:60|2:61|2:62|2:63|2:7|2:8|2:9|3:0|3:1|3:10|3:11|3:12|3:13|3:14|3:15|3:16|3:17|3:18|3:19|3:2|3:20|3:21|3:22|3:23|3:24|3:25|3:26|3:27|3:28|3:29|3:3|3:30|3:31|3:32|3:33|3:34|3:35|3:36|3:37|3:38|3:39|3:4|3:40|3:41|3:42|3:43|3:44|3:45|3:46|3:47|3:48|3:49|3:5|3:50|3:51|3:52|3:53|3:54|3:55|3:56|3:57|3:58|3:59|3:6|3:60|3:61|3:62|3:63|3:7|3:8|3:9|4:0|4:1|4:10|4:11|4:12|4:13|4:14|4:15|4:16|4:17|4:18|4:19|4:2|4:20|4:21|4:22|4:23|4:24|4:25|4:26|4:27|4:28|4:29|4:3|4:30|4:31|4:32|4:33|4:34|4:35|4:36|4:37|4:38|4:39|4:4|4:40|4:41|4:42|4:43|4:44|4:45|4:46|4:47|4:48|4:49|4:5|4:50|4:51|4:52|4:53|4:54|4:55|4:56|4:57|4:58|4:59|4:6|4:60|4:61|4:62|4:63|4:7|4:8|4:9|5:0|5:1|5:10|5:11|5:12|5:13|5:14|5:15|5:16|5:17|5:18|5:19|5:2|5:20|5:21|5:22|5:23|5:24|5:25|5:26|5:27|5:28|5:29|5:3|5:30|5:31|5:32|5:33|5:34|5:35|5:36|5:37|5:38|5:39|5:4|5:40|5:41|5:42|5:43|5:44|5:45|5:46|5:47|5:48|5:49|5:5|5:50|5:52|5:53|5:54|5:55|5:56|5:57|5:58|5:59|5:6|5:60|5:61|5:62|5:63|5:7|5:8|5:9
TIERING-OFF,113,exact-v9-5-to-6mwe,68784,drum,C2-MIXTURE-PREFIX,317,1,491,1|2|3|4|5,1:0|1:1|1:10|1:11|1:12|1:13|1:14|1:15|1:16|1:17|1:18|1:19|1:20|1:21|1:22|1:23|1:24|1:25|1:26|1:27|1:28|1:29|1:3|1:30|1:31|1:32|1:33|1:34|1:35|1:36|1:37|1:38|1:39|1:4|1:40|1:41|1:42|1:43|1:44|1:45|1:46|1:47|1:48|1:49|1:5|1:50|1:51|1:52|1:53|1:54|1:55|1:56|1:57|1:58|1:59|1:6|1:60|1:61|1:62|1:63|1:7|1:8|1:9|2:0|2:1|2:10|2:11|2:12|2:13|2:14|2:15|2:16|2:17|2:18|2:19|2:2|2:20|2:21|2:22|2:23|2:24|2:25|2:26|2:27|2:28|2:29|2:3|2:30|2:31|2:32|2:33|2:34|2:35|2:36|2:37|2:38|2:39|2:4|2:40|2:41|2:42|2:43|2:44|2:45|2:46|2:47|2:48|2:49|2:5|2:50|2:52|2:53|2:54|2:55|2:56|2:57|2:58|2:59|2:6|2:60|2:61|2:62|2:63|2:7|2:8|2:9|3:0|3:1|3:10|3:11|3:12|3:13|3:14|3:15|3:16|3:17|3:18|3:19|3:2|3:20|3:21|3:22|3:23|3:24|3:25|3:26|3:27|3:28|3:29|3:3|3:30|3:31|3:32|3:33|3:34|3:35|3:36|3:37|3:38|3:39|3:4|3:40|3:41|3:42|3:43|3:44|3:45|3:46|3:47|3:48|3:49|3:5|3:50|3:51|3:52|3:53|3:54|3:55|3:56|3:57|3:58|3:59|3:6|3:60|3:61|3:62|3:63|3:7|3:8|3:9|4:0|4:1|4:10|4:11|4:12|4:13|4:14|4:15|4:16|4:17|4:18|4:19|4:2|4:20|4:21|4:22|4:23|4:24|4:25|4:26|4:27|4:28|4:29|4:3|4:30|4:31|4:32|4:33|4:34|4:35|4:36|4:37|4:38|4:39|4:4|4:40|4:41|4:42|4:43|4:44|4:45|4:46|4:47|4:48|4:49|4:5|4:50|4:51|4:52|4:53|4:54|4:55|4:56|4:57|4:58|4:59|4:6|4:60|4:61|4:62|4:63|4:7|4:8|4:9|5:0|5:1|5:10|5:11|5:12|5:13|5:14|5:15|5:16|5:17|5:18|5:19|5:2|5:20|5:21|5:22|5:23|5:24|5:25|5:26|5:27|5:28|5:29|5:3|5:30|5:31|5:32|5:33|5:34|5:35|5:36|5:37|5:38|5:39|5:4|5:40|5:41|5:42|5:43|5:44|5:45|5:46|5:47|5:48|5:49|5:5|5:50|5:52|5:53|5:54|5:55|5:56|5:57|5:58|5:59|5:6|5:60|5:61|5:62|5:63|5:7|5:8|5:9
TIERING-OFF,114,exact-v9-5-to-6mwe,68784,feedwater-inventory,C2-MIXTURE-PREFIX,1,0,139.9,2,2:36
TIERING-OFF,115,exact-v9-5-to-6mwe,74784,suction,C2-MIXTURE-PREFIX,317,0,222.9,1|2|3|4|5,1:0|1:1|1:10|1:11|1:12|1:13|1:14|1:15|1:16|1:17|1:18|1:19|1:20|1:21|1:22|1:23|1:24|1:25|1:26|1:27|1:28|1:29|1:3|1:30|1:31|1:32|1:33|1:34|1:35|1:36|1:37|1:38|1:39|1:4|1:40|1:41|1:42|1:43|1:44|1:45|1:46|1:47|1:48|1:49|1:5|1:50|1:51|1:52|1:53|1:54|1:55|1:56|1:57|1:58|1:59|1:6|1:60|1:61|1:62|1:63|1:7|1:8|1:9|2:0|2:1|2:10|2:11|2:12|2:13|2:14|2:15|2:16|2:17|2:18|2:19|2:2|2:20|2:21|2:22|2:23|2:24|2:25|2:26|2:27|2:28|2:29|2:3|2:30|2:31|2:32|2:33|2:34|2:35|2:36|2:37|2:38|2:39|2:4|2:40|2:41|2:42|2:43|2:44|2:45|2:46|2:47|2:48|2:49|2:5|2:50|2:52|2:53|2:54|2:55|2:56|2:57|2:58|2:59|2:6|2:60|2:61|2:62|2:63|2:7|2:8|2:9|3:0|3:1|3:10|3:11|3:12|3:13|3:14|3:15|3:16|3:17|3:18|3:19|3:2|3:20|3:21|3:22|3:23|3:24|3:25|3:26|3:27|3:28|3:29|3:3|3:30|3:31|3:32|3:33|3:34|3:35|3:36|3:37|3:38|3:39|3:4|3:40|3:41|3:42|3:43|3:44|3:45|3:46|3:47|3:48|3:49|3:5|3:50|3:51|3:52|3:53|3:54|3:55|3:56|3:57|3:58|3:59|3:6|3:60|3:61|3:62|3:63|3:7|3:8|3:9|4:0|4:1|4:10|4:11|4:12|4:13|4:14|4:15|4:16|4:17|4:18|4:19|4:2|4:20|4:21|4:22|4:23|4:24|4:25|4:26|4:27|4:28|4:29|4:3|4:30|4:31|4:32|4:33|4:34|4:35|4:36|4:37|4:38|4:39|4:4|4:40|4:41|4:42|4:43|4:44|4:45|4:46|4:47|4:48|4:49|4:5|4:50|4:51|4:52|4:53|4:54|4:55|4:56|4:57|4:58|4:59|4:6|4:60|4:61|4:62|4:63|4:7|4:8|4:9|5:0|5:1|5:10|5:11|5:12|5:13|5:14|5:15|5:16|5:17|5:18|5:19|5:2|5:20|5:21|5:22|5:23|5:24|5:25|5:26|5:27|5:28|5:29|5:3|5:30|5:31|5:32|5:33|5:34|5:35|5:36|5:37|5:38|5:39|5:4|5:40|5:41|5:42|5:43|5:44|5:45|5:46|5:47|5:48|5:49|5:5|5:50|5:52|5:53|5:54|5:55|5:56|5:57|5:58|5:59|5:6|5:60|5:61|5:62|5:63|5:7|5:8|5:9
TIERING-OFF,116,exact-v9-5-to-6mwe,74784,pressure,C2-MIXTURE-PREFIX,316,0,291.5,1|2|3|4|5,1:0|1:1|1:10|1:11|1:12|1:13|1:14|1:15|1:16|1:17|1:18|1:19|1:20|1:21|1:22|1:23|1:24|1:25|1:26|1:27|1:28|1:29|1:3|1:30|1:31|1:32|1:33|1:34|1:35|1:36|1:37|1:38|1:39|1:4|1:40|1:41|1:42|1:43|1:44|1:45|1:46|1:47|1:48|1:49|1:5|1:50|1:51|1:52|1:53|1:54|1:55|1:56|1:57|1:59|1:6|1:60|1:61|1:62|1:63|1:7|1:8|1:9|2:0|2:1|2:10|2:11|2:12|2:13|2:14|2:15|2:16|2:17|2:18|2:19|2:2|2:20|2:21|2:22|2:23|2:24|2:25|2:26|2:27|2:28|2:29|2:3|2:30|2:31|2:32|2:33|2:34|2:35|2:36|2:37|2:38|2:39|2:4|2:40|2:41|2:42|2:43|2:44|2:45|2:46|2:47|2:48|2:49|2:5|2:50|2:52|2:53|2:54|2:55|2:56|2:57|2:58|2:59|2:6|2:60|2:61|2:62|2:63|2:7|2:8|2:9|3:0|3:1|3:10|3:11|3:12|3:13|3:14|3:15|3:16|3:17|3:18|3:19|3:2|3:20|3:21|3:22|3:23|3:24|3:25|3:26|3:27|3:28|3:29|3:3|3:30|3:31|3:32|3:33|3:34|3:35|3:36|3:37|3:38|3:39|3:4|3:40|3:41|3:42|3:43|3:44|3:45|3:46|3:47|3:48|3:49|3:5|3:50|3:51|3:52|3:53|3:54|3:55|3:56|3:57|3:58|3:59|3:6|3:60|3:61|3:62|3:63|3:7|3:8|3:9|4:0|4:1|4:10|4:11|4:12|4:13|4:14|4:15|4:16|4:17|4:18|4:19|4:2|4:20|4:21|4:22|4:23|4:24|4:25|4:26|4:27|4:28|4:29|4:3|4:30|4:31|4:32|4:33|4:34|4:35|4:36|4:37|4:38|4:39|4:4|4:40|4:41|4:42|4:43|4:44|4:45|4:46|4:47|4:48|4:49|4:5|4:50|4:51|4:52|4:53|4:54|4:55|4:56|4:57|4:58|4:59|4:6|4:60|4:61|4:62|4:63|4:7|4:8|4:9|5:0|5:1|5:10|5:11|5:12|5:13|5:14|5:15|5:16|5:17|5:18|5:19|5:2|5:20|5:21|5:22|5:23|5:24|5:25|5:26|5:27|5:28|5:29|5:3|5:30|5:31|5:32|5:33|5:34|5:35|5:36|5:37|5:38|5:39|5:4|5:40|5:41|5:42|5:43|5:44|5:45|5:46|5:47|5:48|5:49|5:5|5:50|5:52|5:53|5:54|5:55|5:56|5:57|5:58|5:59|5:6|5:60|5:61|5:62|5:63|5:7|5:8|5:9
TIERING-OFF,117,exact-v9-5-to-6mwe,74784,outlet,C2-MIXTURE-PREFIX,316,0,240.9,1|2|3|4|5,1:0|1:1|1:10|1:11|1:12|1:13|1:14|1:15|1:16|1:17|1:18|1:19|1:20|1:21|1:22|1:23|1:24|1:25|1:26|1:27|1:28|1:29|1:3|1:30|1:31|1:32|1:33|1:34|1:35|1:36|1:37|1:38|1:39|1:4|1:40|1:41|1:42|1:43|1:44|1:45|1:46|1:47|1:48|1:49|1:5|1:50|1:51|1:52|1:53|1:54|1:55|1:56|1:57|1:59|1:6|1:60|1:61|1:62|1:63|1:7|1:8|1:9|2:0|2:1|2:10|2:11|2:12|2:13|2:14|2:15|2:16|2:17|2:18|2:19|2:2|2:20|2:21|2:22|2:23|2:24|2:25|2:26|2:27|2:28|2:29|2:3|2:30|2:31|2:32|2:33|2:34|2:35|2:36|2:37|2:38|2:39|2:4|2:40|2:41|2:42|2:43|2:44|2:45|2:46|2:47|2:48|2:49|2:5|2:50|2:52|2:53|2:54|2:55|2:56|2:57|2:58|2:59|2:6|2:60|2:61|2:62|2:63|2:7|2:8|2:9|3:0|3:1|3:10|3:11|3:12|3:13|3:14|3:15|3:16|3:17|3:18|3:19|3:2|3:20|3:21|3:22|3:23|3:24|3:25|3:26|3:27|3:28|3:29|3:3|3:30|3:31|3:32|3:33|3:34|3:35|3:36|3:37|3:38|3:39|3:4|3:40|3:41|3:42|3:43|3:44|3:45|3:46|3:47|3:48|3:49|3:5|3:50|3:51|3:52|3:53|3:54|3:55|3:56|3:57|3:58|3:59|3:6|3:60|3:61|3:62|3:63|3:7|3:8|3:9|4:0|4:1|4:10|4:11|4:12|4:13|4:14|4:15|4:16|4:17|4:18|4:19|4:2|4:20|4:21|4:22|4:23|4:24|4:25|4:26|4:27|4:28|4:29|4:3|4:30|4:31|4:32|4:33|4:34|4:35|4:36|4:37|4:38|4:39|4:4|4:40|4:41|4:42|4:43|4:44|4:45|4:46|4:47|4:48|4:49|4:5|4:50|4:51|4:52|4:53|4:54|4:55|4:56|4:57|4:58|4:59|4:6|4:60|4:61|4:62|4:63|4:7|4:8|4:9|5:0|5:1|5:10|5:11|5:12|5:13|5:14|5:15|5:16|5:17|5:18|5:19|5:2|5:20|5:21|5:22|5:23|5:24|5:25|5:26|5:27|5:28|5:29|5:3|5:30|5:31|5:32|5:33|5:34|5:35|5:36|5:37|5:38|5:39|5:4|5:40|5:41|5:42|5:43|5:44|5:45|5:46|5:47|5:48|5:49|5:5|5:50|5:52|5:53|5:54|5:55|5:56|5:57|5:58|5:59|5:6|5:60|5:61|5:62|5:63|5:7|5:8|5:9
TIERING-OFF,118,exact-v9-5-to-6mwe,74784,drum,C2-MIXTURE-PREFIX,317,0,275.9,1|2|3|4|5,1:0|1:1|1:10|1:11|1:12|1:13|1:14|1:15|1:16|1:17|1:18|1:19|1:20|1:21|1:22|1:23|1:24|1:25|1:26|1:27|1:28|1:29|1:3|1:30|1:31|1:32|1:33|1:34|1:35|1:36|1:37|1:38|1:39|1:4|1:40|1:41|1:42|1:43|1:44|1:45|1:46|1:47|1:48|1:49|1:5|1:50|1:51|1:52|1:53|1:54|1:55|1:56|1:57|1:58|1:59|1:6|1:60|1:61|1:62|1:63|1:7|1:8|1:9|2:0|2:1|2:10|2:11|2:12|2:13|2:14|2:15|2:16|2:17|2:18|2:19|2:2|2:20|2:21|2:22|2:23|2:24|2:25|2:26|2:27|2:28|2:29|2:3|2:30|2:31|2:32|2:33|2:34|2:35|2:36|2:37|2:38|2:39|2:4|2:40|2:41|2:42|2:43|2:44|2:45|2:46|2:47|2:48|2:49|2:5|2:50|2:52|2:53|2:54|2:55|2:56|2:57|2:58|2:59|2:6|2:60|2:61|2:62|2:63|2:7|2:8|2:9|3:0|3:1|3:10|3:11|3:12|3:13|3:14|3:15|3:16|3:17|3:18|3:19|3:2|3:20|3:21|3:22|3:23|3:24|3:25|3:26|3:27|3:28|3:29|3:3|3:30|3:31|3:32|3:33|3:34|3:35|3:36|3:37|3:38|3:39|3:4|3:40|3:41|3:42|3:43|3:44|3:45|3:46|3:47|3:48|3:49|3:5|3:50|3:51|3:52|3:53|3:54|3:55|3:56|3:57|3:58|3:59|3:6|3:60|3:61|3:62|3:63|3:7|3:8|3:9|4:0|4:1|4:10|4:11|4:12|4:13|4:14|4:15|4:16|4:17|4:18|4:19|4:2|4:20|4:21|4:22|4:23|4:24|4:25|4:26|4:27|4:28|4:29|4:3|4:30|4:31|4:32|4:33|4:34|4:35|4:36|4:37|4:38|4:39|4:4|4:40|4:41|4:42|4:43|4:44|4:45|4:46|4:47|4:48|4:49|4:5|4:50|4:51|4:52|4:53|4:54|4:55|4:56|4:57|4:58|4:59|4:6|4:60|4:61|4:62|4:63|4:7|4:8|4:9|5:0|5:1|5:10|5:11|5:12|5:13|5:14|5:15|5:16|5:17|5:18|5:19|5:2|5:20|5:21|5:22|5:23|5:24|5:25|5:26|5:27|5:28|5:29|5:3|5:30|5:31|5:32|5:33|5:34|5:35|5:36|5:37|5:38|5:39|5:4|5:40|5:41|5:42|5:43|5:44|5:45|5:46|5:47|5:48|5:49|5:5|5:50|5:52|5:53|5:54|5:55|5:56|5:57|5:58|5:59|5:6|5:60|5:61|5:62|5:63|5:7|5:8|5:9
TIERING-OFF,119,exact-v9-5-to-6mwe,74784,feedwater-inventory,C2-MIXTURE-PREFIX,1,0,179.4,1,1:4
TIERING-OFF,12,background-reference,12000,outlet,C2-MIXTURE-PREFIX,317,0,272.9,1|2|3|4|5,1:0|1:1|1:10|1:11|1:12|1:13|1:14|1:15|1:16|1:17|1:18|1:19|1:2|1:20|1:21|1:22|1:23|1:24|1:25|1:26|1:27|1:28|1:29|1:3|1:30|1:31|1:32|1:33|1:34|1:35|1:36|1:37|1:38|1:39|1:4|1:40|1:41|1:42|1:43|1:44|1:45|1:46|1:47|1:48|1:49|1:5|1:50|1:51|1:52|1:53|1:54|1:55|1:56|1:57|1:58|1:59|1:6|1:60|1:61|1:62|1:63|1:7|1:8|1:9|2:0|2:1|2:10|2:11|2:12|2:13|2:14|2:15|2:16|2:17|2:18|2:19|2:2|2:20|2:21|2:22|2:23|2:24|2:25|2:26|2:27|2:28|2:29|2:3|2:30|2:31|2:32|2:33|2:34|2:35|2:36|2:37|2:38|2:39|2:4|2:40|2:41|2:42|2:43|2:44|2:45|2:46|2:47|2:48|2:49|2:5|2:51|2:52|2:53|2:54|2:55|2:56|2:57|2:58|2:59|2:6|2:60|2:61|2:62|2:63|2:7|2:8|2:9|3:0|3:1|3:10|3:11|3:12|3:13|3:14|3:15|3:16|3:17|3:18|3:19|3:2|3:20|3:21|3:22|3:23|3:24|3:25|3:26|3:27|3:28|3:29|3:3|3:30|3:31|3:32|3:33|3:34|3:35|3:36|3:37|3:38|3:39|3:4|3:40|3:41|3:42|3:43|3:44|3:45|3:46|3:47|3:48|3:49|3:5|3:50|3:51|3:52|3:53|3:54|3:55|3:56|3:57|3:58|3:59|3:6|3:60|3:61|3:62|3:63|3:7|3:8|3:9|4:0|4:1|4:10|4:11|4:12|4:13|4:14|4:15|4:16|4:17|4:18|4:19|4:2|4:20|4:21|4:22|4:23|4:24|4:25|4:26|4:27|4:28|4:29|4:3|4:30|4:31|4:32|4:33|4:34|4:35|4:36|4:37|4:38|4:39|4:4|4:40|4:41|4:42|4:43|4:44|4:45|4:46|4:47|4:48|4:49|4:5|4:50|4:51|4:52|4:53|4:54|4:55|4:56|4:57|4:58|4:59|4:6|4:60|4:61|4:62|4:63|4:7|4:8|4:9|5:0|5:1|5:10|5:11|5:12|5:13|5:14|5:15|5:16|5:17|5:18|5:19|5:2|5:20|5:21|5:22|5:23|5:24|5:25|5:26|5:27|5:28|5:29|5:3|5:30|5:31|5:32|5:33|5:34|5:35|5:36|5:37|5:38|5:39|5:4|5:40|5:41|5:42|5:43|5:44|5:45|5:46|5:47|5:48|5:49|5:5|5:52|5:53|5:54|5:55|5:56|5:57|5:58|5:59|5:6|5:60|5:61|5:62|5:63|5:7|5:8|5:9
TIERING-OFF,120,exact-v9-5-to-6mwe,80784,suction,C2-MIXTURE-PREFIX,317,0,245.4,1|2|3|4|5,1:0|1:1|1:10|1:11|1:12|1:13|1:14|1:15|1:16|1:17|1:18|1:19|1:20|1:21|1:22|1:23|1:24|1:25|1:26|1:27|1:28|1:29|1:3|1:30|1:31|1:32|1:33|1:34|1:35|1:36|1:37|1:38|1:39|1:4|1:40|1:41|1:42|1:43|1:44|1:45|1:46|1:47|1:48|1:49|1:5|1:50|1:51|1:52|1:53|1:54|1:55|1:56|1:57|1:58|1:59|1:6|1:60|1:61|1:62|1:63|1:7|1:8|1:9|2:0|2:1|2:10|2:11|2:12|2:13|2:14|2:15|2:16|2:17|2:18|2:19|2:2|2:20|2:21|2:22|2:23|2:24|2:25|2:26|2:27|2:28|2:29|2:3|2:30|2:31|2:32|2:33|2:34|2:35|2:36|2:37|2:38|2:39|2:4|2:40|2:41|2:42|2:43|2:44|2:45|2:46|2:47|2:48|2:49|2:5|2:50|2:52|2:53|2:54|2:55|2:56|2:57|2:58|2:59|2:6|2:60|2:61|2:62|2:63|2:7|2:8|2:9|3:0|3:1|3:10|3:11|3:12|3:13|3:14|3:15|3:16|3:17|3:18|3:19|3:2|3:20|3:21|3:22|3:23|3:24|3:25|3:26|3:27|3:28|3:29|3:3|3:30|3:31|3:32|3:33|3:34|3:35|3:36|3:37|3:38|3:39|3:4|3:40|3:41|3:42|3:43|3:44|3:45|3:46|3:47|3:48|3:49|3:5|3:50|3:51|3:52|3:53|3:54|3:55|3:56|3:57|3:58|3:59|3:6|3:60|3:61|3:62|3:63|3:7|3:8|3:9|4:0|4:1|4:10|4:11|4:12|4:13|4:14|4:15|4:16|4:17|4:18|4:19|4:2|4:20|4:21|4:22|4:23|4:24|4:25|4:26|4:27|4:28|4:29|4:3|4:30|4:31|4:32|4:33|4:34|4:35|4:36|4:37|4:38|4:39|4:4|4:40|4:41|4:42|4:43|4:44|4:45|4:46|4:47|4:48|4:49|4:5|4:50|4:51|4:52|4:53|4:54|4:55|4:56|4:57|4:58|4:59|4:6|4:60|4:61|4:62|4:63|4:7|4:8|4:9|5:0|5:1|5:10|5:11|5:12|5:13|5:14|5:15|5:16|5:17|5:18|5:19|5:2|5:20|5:21|5:22|5:23|5:24|5:25|5:26|5:27|5:28|5:29|5:3|5:30|5:31|5:32|5:33|5:34|5:35|5:36|5:37|5:38|5:39|5:4|5:40|5:41|5:42|5:43|5:44|5:45|5:46|5:47|5:48|5:49|5:5|5:50|5:52|5:53|5:54|5:55|5:56|5:57|5:58|5:59|5:6|5:60|5:61|5:62|5:63|5:7|5:8|5:9
TIERING-OFF,121,exact-v9-5-to-6mwe,80784,pressure,C2-MIXTURE-PREFIX,317,0,234.2,1|2|3|4|5,1:0|1:1|1:10|1:11|1:12|1:13|1:14|1:15|1:16|1:17|1:18|1:19|1:20|1:21|1:22|1:23|1:24|1:25|1:26|1:27|1:28|1:29|1:3|1:30|1:31|1:32|1:33|1:34|1:35|1:36|1:37|1:38|1:39|1:4|1:40|1:41|1:42|1:43|1:44|1:45|1:46|1:47|1:48|1:49|1:5|1:50|1:51|1:52|1:53|1:54|1:55|1:56|1:57|1:58|1:59|1:6|1:60|1:61|1:62|1:63|1:7|1:8|1:9|2:0|2:1|2:10|2:11|2:12|2:13|2:14|2:15|2:16|2:17|2:18|2:19|2:2|2:20|2:21|2:22|2:23|2:24|2:25|2:26|2:27|2:28|2:29|2:3|2:30|2:31|2:32|2:33|2:34|2:35|2:36|2:37|2:38|2:39|2:4|2:40|2:41|2:42|2:43|2:44|2:45|2:46|2:47|2:48|2:49|2:5|2:50|2:52|2:53|2:54|2:55|2:56|2:57|2:58|2:59|2:6|2:60|2:61|2:62|2:63|2:7|2:8|2:9|3:0|3:1|3:10|3:11|3:12|3:13|3:14|3:15|3:16|3:17|3:18|3:19|3:2|3:20|3:21|3:22|3:23|3:24|3:25|3:26|3:27|3:28|3:29|3:3|3:30|3:31|3:32|3:33|3:34|3:35|3:36|3:37|3:38|3:39|3:4|3:40|3:41|3:42|3:43|3:44|3:45|3:46|3:47|3:48|3:49|3:5|3:50|3:51|3:52|3:53|3:54|3:55|3:56|3:57|3:58|3:59|3:6|3:60|3:61|3:62|3:63|3:7|3:8|3:9|4:0|4:1|4:10|4:11|4:12|4:13|4:14|4:15|4:16|4:17|4:18|4:19|4:2|4:20|4:21|4:22|4:23|4:24|4:25|4:26|4:27|4:28|4:29|4:3|4:30|4:31|4:32|4:33|4:34|4:35|4:36|4:37|4:38|4:39|4:4|4:40|4:41|4:42|4:43|4:44|4:45|4:46|4:47|4:48|4:49|4:5|4:50|4:51|4:52|4:53|4:54|4:55|4:56|4:57|4:58|4:59|4:6|4:60|4:61|4:62|4:63|4:7|4:8|4:9|5:0|5:1|5:10|5:11|5:12|5:13|5:14|5:15|5:16|5:17|5:18|5:19|5:2|5:20|5:21|5:22|5:23|5:24|5:25|5:26|5:27|5:28|5:29|5:3|5:30|5:31|5:32|5:33|5:34|5:35|5:36|5:37|5:38|5:39|5:4|5:40|5:41|5:42|5:43|5:44|5:45|5:46|5:47|5:48|5:49|5:5|5:50|5:52|5:53|5:54|5:55|5:56|5:57|5:58|5:59|5:6|5:60|5:61|5:62|5:63|5:7|5:8|5:9
TIERING-OFF,122,exact-v9-5-to-6mwe,80784,outlet,C2-MIXTURE-PREFIX,317,1,453,1|2|3|4|5,1:0|1:1|1:10|1:11|1:12|1:13|1:14|1:15|1:16|1:17|1:18|1:19|1:20|1:21|1:22|1:23|1:24|1:25|1:26|1:27|1:28|1:29|1:3|1:30|1:31|1:32|1:33|1:34|1:35|1:36|1:37|1:38|1:39|1:4|1:40|1:41|1:42|1:43|1:44|1:45|1:46|1:47|1:48|1:49|1:5|1:50|1:51|1:52|1:53|1:54|1:55|1:56|1:57|1:58|1:59|1:6|1:60|1:61|1:62|1:63|1:7|1:8|1:9|2:0|2:1|2:10|2:11|2:12|2:13|2:14|2:15|2:16|2:17|2:18|2:19|2:2|2:20|2:21|2:22|2:23|2:24|2:25|2:26|2:27|2:28|2:29|2:3|2:30|2:31|2:32|2:33|2:34|2:35|2:36|2:37|2:38|2:39|2:4|2:40|2:41|2:42|2:43|2:44|2:45|2:46|2:47|2:48|2:49|2:5|2:50|2:52|2:53|2:54|2:55|2:56|2:57|2:58|2:59|2:6|2:60|2:61|2:62|2:63|2:7|2:8|2:9|3:0|3:1|3:10|3:11|3:12|3:13|3:14|3:15|3:16|3:17|3:18|3:19|3:2|3:20|3:21|3:22|3:23|3:24|3:25|3:26|3:27|3:28|3:29|3:3|3:30|3:31|3:32|3:33|3:34|3:35|3:36|3:37|3:38|3:39|3:4|3:40|3:41|3:42|3:43|3:44|3:45|3:46|3:47|3:48|3:49|3:5|3:50|3:51|3:52|3:53|3:54|3:55|3:56|3:57|3:58|3:59|3:6|3:60|3:61|3:62|3:63|3:7|3:8|3:9|4:0|4:1|4:10|4:11|4:12|4:13|4:14|4:15|4:16|4:17|4:18|4:19|4:2|4:20|4:21|4:22|4:23|4:24|4:25|4:26|4:27|4:28|4:29|4:3|4:30|4:31|4:32|4:33|4:34|4:35|4:36|4:37|4:38|4:39|4:4|4:40|4:41|4:42|4:43|4:44|4:45|4:46|4:47|4:48|4:49|4:5|4:50|4:51|4:52|4:53|4:54|4:55|4:56|4:57|4:58|4:59|4:6|4:60|4:61|4:62|4:63|4:7|4:8|4:9|5:0|5:1|5:10|5:11|5:12|5:13|5:14|5:15|5:16|5:17|5:18|5:19|5:2|5:20|5:21|5:22|5:23|5:24|5:25|5:26|5:27|5:28|5:29|5:3|5:30|5:31|5:32|5:33|5:34|5:35|5:36|5:37|5:38|5:39|5:4|5:40|5:41|5:42|5:43|5:44|5:45|5:46|5:47|5:48|5:49|5:5|5:50|5:52|5:53|5:54|5:55|5:56|5:57|5:58|5:59|5:6|5:60|5:61|5:62|5:63|5:7|5:8|5:9
TIERING-OFF,123,exact-v9-5-to-6mwe,80784,drum,C2-MIXTURE-PREFIX,317,0,247.5,1|2|3|4|5,1:0|1:1|1:10|1:11|1:12|1:13|1:14|1:15|1:16|1:17|1:18|1:19|1:20|1:21|1:22|1:23|1:24|1:25|1:26|1:27|1:28|1:29|1:3|1:30|1:31|1:32|1:33|1:34|1:35|1:36|1:37|1:38|1:39|1:4|1:40|1:41|1:42|1:43|1:44|1:45|1:46|1:47|1:48|1:49|1:5|1:50|1:51|1:52|1:53|1:54|1:55|1:56|1:57|1:58|1:59|1:6|1:60|1:61|1:62|1:63|1:7|1:8|1:9|2:0|2:1|2:10|2:11|2:12|2:13|2:14|2:15|2:16|2:17|2:18|2:19|2:2|2:20|2:21|2:22|2:23|2:24|2:25|2:26|2:27|2:28|2:29|2:3|2:30|2:31|2:32|2:33|2:34|2:35|2:36|2:37|2:38|2:39|2:4|2:40|2:41|2:42|2:43|2:44|2:45|2:46|2:47|2:48|2:49|2:5|2:50|2:52|2:53|2:54|2:55|2:56|2:57|2:58|2:59|2:6|2:60|2:61|2:62|2:63|2:7|2:8|2:9|3:0|3:1|3:10|3:11|3:12|3:13|3:14|3:15|3:16|3:17|3:18|3:19|3:2|3:20|3:21|3:22|3:23|3:24|3:25|3:26|3:27|3:28|3:29|3:3|3:30|3:31|3:32|3:33|3:34|3:35|3:36|3:37|3:38|3:39|3:4|3:40|3:41|3:42|3:43|3:44|3:45|3:46|3:47|3:48|3:49|3:5|3:50|3:51|3:52|3:53|3:54|3:55|3:56|3:57|3:58|3:59|3:6|3:60|3:61|3:62|3:63|3:7|3:8|3:9|4:0|4:1|4:10|4:11|4:12|4:13|4:14|4:15|4:16|4:17|4:18|4:19|4:2|4:20|4:21|4:22|4:23|4:24|4:25|4:26|4:27|4:28|4:29|4:3|4:30|4:31|4:32|4:33|4:34|4:35|4:36|4:37|4:38|4:39|4:4|4:40|4:41|4:42|4:43|4:44|4:45|4:46|4:47|4:48|4:49|4:5|4:50|4:51|4:52|4:53|4:54|4:55|4:56|4:57|4:58|4:59|4:6|4:60|4:61|4:62|4:63|4:7|4:8|4:9|5:0|5:1|5:10|5:11|5:12|5:13|5:14|5:15|5:16|5:17|5:18|5:19|5:2|5:20|5:21|5:22|5:23|5:24|5:25|5:26|5:27|5:28|5:29|5:3|5:30|5:31|5:32|5:33|5:34|5:35|5:36|5:37|5:38|5:39|5:4|5:40|5:41|5:42|5:43|5:44|5:45|5:46|5:47|5:48|5:49|5:5|5:50|5:52|5:53|5:54|5:55|5:56|5:57|5:58|5:59|5:6|5:60|5:61|5:62|5:63|5:7|5:8|5:9
TIERING-OFF,124,exact-v9-5-to-6mwe,80784,feedwater-inventory,C2-MIXTURE-PREFIX,1,0,107.9,2,2:42
TIERING-OFF,125,exact-v9-5-to-6mwe,86784,suction,C2-MIXTURE-PREFIX,317,0,297.5,1|2|3|4|5,1:0|1:1|1:10|1:11|1:12|1:13|1:14|1:15|1:16|1:17|1:18|1:19|1:20|1:21|1:22|1:23|1:24|1:25|1:26|1:27|1:28|1:29|1:3|1:30|1:31|1:32|1:33|1:34|1:35|1:36|1:37|1:38|1:39|1:4|1:40|1:41|1:42|1:43|1:44|1:45|1:46|1:47|1:48|1:49|1:5|1:50|1:51|1:52|1:53|1:54|1:55|1:56|1:57|1:58|1:59|1:6|1:60|1:61|1:62|1:63|1:7|1:8|1:9|2:0|2:1|2:10|2:11|2:12|2:13|2:14|2:15|2:16|2:17|2:18|2:19|2:2|2:20|2:21|2:22|2:23|2:24|2:25|2:26|2:27|2:28|2:29|2:3|2:30|2:31|2:32|2:33|2:34|2:35|2:36|2:37|2:38|2:39|2:4|2:40|2:41|2:42|2:43|2:44|2:45|2:46|2:47|2:48|2:49|2:5|2:50|2:52|2:53|2:54|2:55|2:56|2:57|2:58|2:59|2:6|2:60|2:61|2:62|2:63|2:7|2:8|2:9|3:0|3:1|3:10|3:11|3:12|3:13|3:14|3:15|3:16|3:17|3:18|3:19|3:2|3:20|3:21|3:22|3:23|3:24|3:25|3:26|3:27|3:28|3:29|3:3|3:30|3:31|3:32|3:33|3:34|3:35|3:36|3:37|3:38|3:39|3:4|3:40|3:41|3:42|3:43|3:44|3:45|3:46|3:47|3:48|3:49|3:5|3:50|3:51|3:52|3:53|3:54|3:55|3:56|3:57|3:58|3:59|3:6|3:60|3:61|3:62|3:63|3:7|3:8|3:9|4:0|4:1|4:10|4:11|4:12|4:13|4:14|4:15|4:16|4:17|4:18|4:19|4:2|4:20|4:21|4:22|4:23|4:24|4:25|4:26|4:27|4:28|4:29|4:3|4:30|4:31|4:32|4:33|4:34|4:35|4:36|4:37|4:38|4:39|4:4|4:40|4:41|4:42|4:43|4:44|4:45|4:46|4:47|4:48|4:49|4:5|4:50|4:51|4:52|4:53|4:54|4:55|4:56|4:57|4:58|4:59|4:6|4:60|4:61|4:62|4:63|4:7|4:8|4:9|5:0|5:1|5:10|5:11|5:12|5:13|5:14|5:15|5:16|5:17|5:18|5:19|5:2|5:20|5:21|5:22|5:23|5:24|5:25|5:26|5:27|5:28|5:29|5:3|5:30|5:31|5:32|5:33|5:34|5:35|5:36|5:37|5:38|5:39|5:4|5:40|5:41|5:42|5:43|5:44|5:45|5:46|5:47|5:48|5:49|5:5|5:50|5:52|5:53|5:54|5:55|5:56|5:57|5:58|5:59|5:6|5:60|5:61|5:62|5:63|5:7|5:8|5:9
TIERING-OFF,126,exact-v9-5-to-6mwe,86784,pressure,C2-MIXTURE-PREFIX,317,0,357.5,1|2|3|4|5,1:0|1:1|1:10|1:11|1:12|1:13|1:14|1:15|1:16|1:17|1:18|1:19|1:20|1:21|1:22|1:23|1:24|1:25|1:26|1:27|1:28|1:29|1:3|1:30|1:31|1:32|1:33|1:34|1:35|1:36|1:37|1:38|1:39|1:4|1:40|1:41|1:42|1:43|1:44|1:45|1:46|1:47|1:48|1:49|1:5|1:50|1:51|1:52|1:53|1:54|1:55|1:56|1:57|1:58|1:59|1:6|1:60|1:61|1:62|1:63|1:7|1:8|1:9|2:0|2:1|2:10|2:11|2:12|2:13|2:14|2:15|2:16|2:17|2:18|2:19|2:2|2:20|2:21|2:22|2:23|2:24|2:25|2:26|2:27|2:28|2:29|2:3|2:30|2:31|2:32|2:33|2:34|2:35|2:36|2:37|2:38|2:39|2:4|2:40|2:41|2:42|2:43|2:44|2:45|2:46|2:47|2:48|2:49|2:5|2:50|2:52|2:53|2:54|2:55|2:56|2:57|2:58|2:59|2:6|2:60|2:61|2:62|2:63|2:7|2:8|2:9|3:0|3:1|3:10|3:11|3:12|3:13|3:14|3:15|3:16|3:17|3:18|3:19|3:2|3:20|3:21|3:22|3:23|3:24|3:25|3:26|3:27|3:28|3:29|3:3|3:30|3:31|3:32|3:33|3:34|3:35|3:36|3:37|3:38|3:39|3:4|3:40|3:41|3:42|3:43|3:44|3:45|3:46|3:47|3:48|3:49|3:5|3:50|3:51|3:52|3:53|3:54|3:55|3:56|3:57|3:58|3:59|3:6|3:60|3:61|3:62|3:63|3:7|3:8|3:9|4:0|4:1|4:10|4:11|4:12|4:13|4:14|4:15|4:16|4:17|4:18|4:19|4:2|4:20|4:21|4:22|4:23|4:24|4:25|4:26|4:27|4:28|4:29|4:3|4:30|4:31|4:32|4:33|4:34|4:35|4:36|4:37|4:38|4:39|4:4|4:40|4:41|4:42|4:43|4:44|4:45|4:46|4:47|4:48|4:49|4:5|4:50|4:51|4:52|4:53|4:54|4:55|4:56|4:57|4:58|4:59|4:6|4:60|4:61|4:62|4:63|4:7|4:8|4:9|5:0|5:1|5:10|5:11|5:12|5:13|5:14|5:15|5:16|5:17|5:18|5:19|5:2|5:20|5:21|5:22|5:23|5:24|5:25|5:26|5:27|5:28|5:29|5:3|5:30|5:31|5:32|5:33|5:34|5:35|5:36|5:37|5:38|5:39|5:4|5:40|5:41|5:42|5:43|5:44|5:45|5:46|5:47|5:48|5:49|5:5|5:50|5:52|5:53|5:54|5:55|5:56|5:57|5:58|5:59|5:6|5:60|5:61|5:62|5:63|5:7|5:8|5:9
TIERING-OFF,127,exact-v9-5-to-6mwe,86784,outlet,C2-MIXTURE-PREFIX,317,0,349.3,1|2|3|4|5,1:0|1:1|1:10|1:11|1:12|1:13|1:14|1:15|1:16|1:17|1:18|1:19|1:20|1:21|1:22|1:23|1:24|1:25|1:26|1:27|1:28|1:29|1:3|1:30|1:31|1:32|1:33|1:34|1:35|1:36|1:37|1:38|1:39|1:4|1:40|1:41|1:42|1:43|1:44|1:45|1:46|1:47|1:48|1:49|1:5|1:50|1:51|1:52|1:53|1:54|1:55|1:56|1:57|1:58|1:59|1:6|1:60|1:61|1:62|1:63|1:7|1:8|1:9|2:0|2:1|2:10|2:11|2:12|2:13|2:14|2:15|2:16|2:17|2:18|2:19|2:2|2:20|2:21|2:22|2:23|2:24|2:25|2:26|2:27|2:28|2:29|2:3|2:30|2:31|2:32|2:33|2:34|2:35|2:36|2:37|2:38|2:39|2:4|2:40|2:41|2:42|2:43|2:44|2:45|2:46|2:47|2:48|2:49|2:5|2:50|2:52|2:53|2:54|2:55|2:56|2:57|2:58|2:59|2:6|2:60|2:61|2:62|2:63|2:7|2:8|2:9|3:0|3:1|3:10|3:11|3:12|3:13|3:14|3:15|3:16|3:17|3:18|3:19|3:2|3:20|3:21|3:22|3:23|3:24|3:25|3:26|3:27|3:28|3:29|3:3|3:30|3:31|3:32|3:33|3:34|3:35|3:36|3:37|3:38|3:39|3:4|3:40|3:41|3:42|3:43|3:44|3:45|3:46|3:47|3:48|3:49|3:5|3:50|3:51|3:52|3:53|3:54|3:55|3:56|3:57|3:58|3:59|3:6|3:60|3:61|3:62|3:63|3:7|3:8|3:9|4:0|4:1|4:10|4:11|4:12|4:13|4:14|4:15|4:16|4:17|4:18|4:19|4:2|4:20|4:21|4:22|4:23|4:24|4:25|4:26|4:27|4:28|4:29|4:3|4:30|4:31|4:32|4:33|4:34|4:35|4:36|4:37|4:38|4:39|4:4|4:40|4:41|4:42|4:43|4:44|4:45|4:46|4:47|4:48|4:49|4:5|4:50|4:51|4:52|4:53|4:54|4:55|4:56|4:57|4:58|4:59|4:6|4:60|4:61|4:62|4:63|4:7|4:8|4:9|5:0|5:1|5:10|5:11|5:12|5:13|5:14|5:15|5:16|5:17|5:18|5:19|5:2|5:20|5:21|5:22|5:23|5:24|5:25|5:26|5:27|5:28|5:29|5:3|5:30|5:31|5:32|5:33|5:34|5:35|5:36|5:37|5:38|5:39|5:4|5:40|5:41|5:42|5:43|5:44|5:45|5:46|5:47|5:48|5:49|5:5|5:50|5:52|5:53|5:54|5:55|5:56|5:57|5:58|5:59|5:6|5:60|5:61|5:62|5:63|5:7|5:8|5:9
TIERING-OFF,128,exact-v9-5-to-6mwe,86784,drum,C2-MIXTURE-PREFIX,317,0,387.8,1|2|3|4|5,1:0|1:1|1:10|1:11|1:12|1:13|1:14|1:15|1:16|1:17|1:18|1:19|1:20|1:21|1:22|1:23|1:24|1:25|1:26|1:27|1:28|1:29|1:3|1:30|1:31|1:32|1:33|1:34|1:35|1:36|1:37|1:38|1:39|1:4|1:40|1:41|1:42|1:43|1:44|1:45|1:46|1:47|1:48|1:49|1:5|1:50|1:51|1:52|1:53|1:54|1:55|1:56|1:57|1:58|1:59|1:6|1:60|1:61|1:62|1:63|1:7|1:8|1:9|2:0|2:1|2:10|2:11|2:12|2:13|2:14|2:15|2:16|2:17|2:18|2:19|2:2|2:20|2:21|2:22|2:23|2:24|2:25|2:26|2:27|2:28|2:29|2:3|2:30|2:31|2:32|2:33|2:34|2:35|2:36|2:37|2:38|2:39|2:4|2:40|2:41|2:42|2:43|2:44|2:45|2:46|2:47|2:48|2:49|2:5|2:50|2:52|2:53|2:54|2:55|2:56|2:57|2:58|2:59|2:6|2:60|2:61|2:62|2:63|2:7|2:8|2:9|3:0|3:1|3:10|3:11|3:12|3:13|3:14|3:15|3:16|3:17|3:18|3:19|3:2|3:20|3:21|3:22|3:23|3:24|3:25|3:26|3:27|3:28|3:29|3:3|3:30|3:31|3:32|3:33|3:34|3:35|3:36|3:37|3:38|3:39|3:4|3:40|3:41|3:42|3:43|3:44|3:45|3:46|3:47|3:48|3:49|3:5|3:50|3:51|3:52|3:53|3:54|3:55|3:56|3:57|3:58|3:59|3:6|3:60|3:61|3:62|3:63|3:7|3:8|3:9|4:0|4:1|4:10|4:11|4:12|4:13|4:14|4:15|4:16|4:17|4:18|4:19|4:2|4:20|4:21|4:22|4:23|4:24|4:25|4:26|4:27|4:28|4:29|4:3|4:30|4:31|4:32|4:33|4:34|4:35|4:36|4:37|4:38|4:39|4:4|4:40|4:41|4:42|4:43|4:44|4:45|4:46|4:47|4:48|4:49|4:5|4:50|4:51|4:52|4:53|4:54|4:55|4:56|4:57|4:58|4:59|4:6|4:60|4:61|4:62|4:63|4:7|4:8|4:9|5:0|5:1|5:10|5:11|5:12|5:13|5:14|5:15|5:16|5:17|5:18|5:19|5:2|5:20|5:21|5:22|5:23|5:24|5:25|5:26|5:27|5:28|5:29|5:3|5:30|5:31|5:32|5:33|5:34|5:35|5:36|5:37|5:38|5:39|5:4|5:40|5:41|5:42|5:43|5:44|5:45|5:46|5:47|5:48|5:49|5:5|5:50|5:52|5:53|5:54|5:55|5:56|5:57|5:58|5:59|5:6|5:60|5:61|5:62|5:63|5:7|5:8|5:9
TIERING-OFF,13,background-reference,12000,drum,C2-MIXTURE-PREFIX,317,0,273.3,1|2|3|4|5,1:0|1:1|1:10|1:11|1:12|1:13|1:14|1:15|1:16|1:17|1:18|1:19|1:2|1:20|1:21|1:22|1:23|1:24|1:25|1:26|1:27|1:28|1:29|1:3|1:30|1:31|1:32|1:33|1:34|1:35|1:36|1:37|1:38|1:39|1:4|1:40|1:41|1:42|1:43|1:44|1:45|1:46|1:47|1:48|1:49|1:5|1:50|1:51|1:52|1:53|1:54|1:55|1:56|1:57|1:58|1:59|1:6|1:60|1:61|1:62|1:63|1:7|1:8|1:9|2:0|2:1|2:10|2:11|2:12|2:13|2:14|2:15|2:16|2:17|2:18|2:19|2:2|2:20|2:21|2:22|2:23|2:24|2:25|2:26|2:27|2:28|2:29|2:3|2:30|2:31|2:32|2:33|2:34|2:35|2:36|2:37|2:38|2:39|2:4|2:40|2:41|2:42|2:43|2:44|2:45|2:46|2:47|2:48|2:49|2:5|2:51|2:52|2:53|2:54|2:55|2:56|2:57|2:58|2:59|2:6|2:60|2:61|2:62|2:63|2:7|2:8|2:9|3:0|3:1|3:10|3:11|3:12|3:13|3:14|3:15|3:16|3:17|3:18|3:19|3:2|3:20|3:21|3:22|3:23|3:24|3:25|3:26|3:27|3:28|3:29|3:3|3:30|3:31|3:32|3:33|3:34|3:35|3:36|3:37|3:38|3:39|3:4|3:40|3:41|3:42|3:43|3:44|3:45|3:46|3:47|3:48|3:49|3:5|3:50|3:51|3:52|3:53|3:54|3:55|3:56|3:57|3:58|3:59|3:6|3:60|3:61|3:62|3:63|3:7|3:8|3:9|4:0|4:1|4:10|4:11|4:12|4:13|4:14|4:15|4:16|4:17|4:18|4:19|4:2|4:20|4:21|4:22|4:23|4:24|4:25|4:26|4:27|4:28|4:29|4:3|4:30|4:31|4:32|4:33|4:34|4:35|4:36|4:37|4:38|4:39|4:4|4:40|4:41|4:42|4:43|4:44|4:45|4:46|4:47|4:48|4:49|4:5|4:50|4:51|4:52|4:53|4:54|4:55|4:56|4:57|4:58|4:59|4:6|4:60|4:61|4:62|4:63|4:7|4:8|4:9|5:0|5:1|5:10|5:11|5:12|5:13|5:14|5:15|5:16|5:17|5:18|5:19|5:2|5:20|5:21|5:22|5:23|5:24|5:25|5:26|5:27|5:28|5:29|5:3|5:30|5:31|5:32|5:33|5:34|5:35|5:36|5:37|5:38|5:39|5:4|5:40|5:41|5:42|5:43|5:44|5:45|5:46|5:47|5:48|5:49|5:5|5:52|5:53|5:54|5:55|5:56|5:57|5:58|5:59|5:6|5:60|5:61|5:62|5:63|5:7|5:8|5:9
TIERING-OFF,130,exact-v9-5-to-6mwe,92784,suction,C2-MIXTURE-PREFIX,317,0,236,1|2|3|4|5,1:0|1:1|1:10|1:11|1:12|1:13|1:14|1:15|1:16|1:17|1:18|1:19|1:20|1:21|1:22|1:23|1:24|1:25|1:26|1:27|1:28|1:29|1:3|1:30|1:31|1:32|1:33|1:34|1:35|1:36|1:37|1:38|1:39|1:4|1:40|1:41|1:42|1:43|1:44|1:45|1:46|1:47|1:48|1:49|1:5|1:50|1:51|1:52|1:53|1:54|1:55|1:56|1:57|1:58|1:59|1:6|1:60|1:61|1:62|1:63|1:7|1:8|1:9|2:0|2:1|2:10|2:11|2:12|2:13|2:14|2:15|2:16|2:17|2:18|2:19|2:2|2:20|2:21|2:22|2:23|2:24|2:25|2:26|2:27|2:28|2:29|2:3|2:30|2:31|2:32|2:33|2:34|2:35|2:36|2:37|2:38|2:39|2:4|2:40|2:41|2:42|2:43|2:44|2:45|2:46|2:47|2:48|2:49|2:5|2:50|2:52|2:53|2:54|2:55|2:56|2:57|2:58|2:59|2:6|2:60|2:61|2:62|2:63|2:7|2:8|2:9|3:0|3:1|3:10|3:11|3:12|3:13|3:14|3:15|3:16|3:17|3:18|3:19|3:2|3:20|3:21|3:22|3:23|3:24|3:25|3:26|3:27|3:28|3:29|3:3|3:30|3:31|3:32|3:33|3:34|3:35|3:36|3:37|3:38|3:39|3:4|3:40|3:41|3:42|3:43|3:44|3:45|3:46|3:47|3:48|3:49|3:5|3:50|3:51|3:52|3:53|3:54|3:55|3:56|3:57|3:58|3:59|3:6|3:60|3:61|3:62|3:63|3:7|3:8|3:9|4:0|4:1|4:10|4:11|4:12|4:13|4:14|4:15|4:16|4:17|4:18|4:19|4:2|4:20|4:21|4:22|4:23|4:24|4:25|4:26|4:27|4:28|4:29|4:3|4:30|4:31|4:32|4:33|4:34|4:35|4:36|4:37|4:38|4:39|4:4|4:40|4:41|4:42|4:43|4:44|4:45|4:46|4:47|4:48|4:49|4:5|4:50|4:51|4:52|4:53|4:54|4:55|4:56|4:57|4:58|4:59|4:6|4:60|4:61|4:62|4:63|4:7|4:8|4:9|5:0|5:1|5:10|5:11|5:12|5:13|5:14|5:15|5:16|5:17|5:18|5:19|5:2|5:20|5:21|5:22|5:23|5:24|5:25|5:26|5:27|5:28|5:29|5:3|5:30|5:31|5:32|5:33|5:34|5:35|5:36|5:37|5:38|5:39|5:4|5:40|5:41|5:42|5:43|5:44|5:45|5:46|5:47|5:48|5:49|5:5|5:50|5:52|5:53|5:54|5:55|5:56|5:57|5:58|5:59|5:6|5:60|5:61|5:62|5:63|5:7|5:8|5:9
TIERING-OFF,131,exact-v9-5-to-6mwe,92784,pressure,C2-MIXTURE-PREFIX,316,0,304.8,1|2|3|4|5,1:0|1:1|1:10|1:11|1:12|1:13|1:14|1:15|1:16|1:17|1:18|1:19|1:20|1:21|1:22|1:23|1:24|1:25|1:26|1:27|1:28|1:29|1:3|1:30|1:31|1:32|1:33|1:34|1:35|1:36|1:37|1:38|1:39|1:4|1:40|1:41|1:42|1:43|1:44|1:45|1:46|1:47|1:48|1:49|1:5|1:50|1:51|1:52|1:53|1:54|1:55|1:56|1:57|1:58|1:59|1:6|1:60|1:61|1:62|1:63|1:7|1:8|1:9|2:0|2:1|2:10|2:11|2:12|2:13|2:14|2:15|2:16|2:17|2:18|2:19|2:2|2:20|2:21|2:22|2:23|2:24|2:25|2:26|2:27|2:28|2:29|2:3|2:30|2:31|2:32|2:33|2:34|2:35|2:36|2:37|2:38|2:39|2:4|2:40|2:41|2:42|2:43|2:44|2:45|2:46|2:47|2:48|2:49|2:5|2:50|2:52|2:53|2:54|2:55|2:56|2:57|2:58|2:59|2:6|2:60|2:61|2:62|2:63|2:8|2:9|3:0|3:1|3:10|3:11|3:12|3:13|3:14|3:15|3:16|3:17|3:18|3:19|3:2|3:20|3:21|3:22|3:23|3:24|3:25|3:26|3:27|3:28|3:29|3:3|3:30|3:31|3:32|3:33|3:34|3:35|3:36|3:37|3:38|3:39|3:4|3:40|3:41|3:42|3:43|3:44|3:45|3:46|3:47|3:48|3:49|3:5|3:50|3:51|3:52|3:53|3:54|3:55|3:56|3:57|3:58|3:59|3:6|3:60|3:61|3:62|3:63|3:7|3:8|3:9|4:0|4:1|4:10|4:11|4:12|4:13|4:14|4:15|4:16|4:17|4:18|4:19|4:2|4:20|4:21|4:22|4:23|4:24|4:25|4:26|4:27|4:28|4:29|4:3|4:30|4:31|4:32|4:33|4:34|4:35|4:36|4:37|4:38|4:39|4:4|4:40|4:41|4:42|4:43|4:44|4:45|4:46|4:47|4:48|4:49|4:5|4:50|4:51|4:52|4:53|4:54|4:55|4:56|4:57|4:58|4:59|4:6|4:60|4:61|4:62|4:63|4:7|4:8|4:9|5:0|5:1|5:10|5:11|5:12|5:13|5:14|5:15|5:16|5:17|5:18|5:19|5:2|5:20|5:21|5:22|5:23|5:24|5:25|5:26|5:27|5:28|5:29|5:3|5:30|5:31|5:32|5:33|5:34|5:35|5:36|5:37|5:38|5:39|5:4|5:40|5:41|5:42|5:43|5:44|5:45|5:46|5:47|5:48|5:49|5:5|5:50|5:52|5:53|5:54|5:55|5:56|5:57|5:58|5:59|5:6|5:60|5:61|5:62|5:63|5:7|5:8|5:9
TIERING-OFF,132,exact-v9-5-to-6mwe,92784,outlet,C2-MIXTURE-PREFIX,316,0,229.2,1|2|3|4|5,1:0|1:1|1:10|1:11|1:12|1:13|1:14|1:15|1:16|1:17|1:18|1:19|1:20|1:21|1:22|1:23|1:24|1:25|1:26|1:27|1:28|1:29|1:3|1:30|1:31|1:32|1:33|1:34|1:35|1:36|1:37|1:38|1:39|1:4|1:40|1:41|1:42|1:43|1:44|1:45|1:46|1:47|1:48|1:49|1:5|1:50|1:51|1:52|1:53|1:54|1:55|1:56|1:57|1:58|1:59|1:6|1:60|1:61|1:62|1:63|1:7|1:8|1:9|2:0|2:1|2:10|2:11|2:12|2:13|2:14|2:15|2:16|2:17|2:18|2:19|2:2|2:20|2:21|2:22|2:23|2:24|2:25|2:26|2:27|2:28|2:29|2:3|2:30|2:31|2:32|2:33|2:34|2:35|2:36|2:37|2:38|2:39|2:4|2:40|2:41|2:42|2:43|2:44|2:45|2:46|2:47|2:48|2:49|2:5|2:50|2:52|2:53|2:54|2:55|2:56|2:57|2:58|2:59|2:6|2:60|2:61|2:62|2:63|2:8|2:9|3:0|3:1|3:10|3:11|3:12|3:13|3:14|3:15|3:16|3:17|3:18|3:19|3:2|3:20|3:21|3:22|3:23|3:24|3:25|3:26|3:27|3:28|3:29|3:3|3:30|3:31|3:32|3:33|3:34|3:35|3:36|3:37|3:38|3:39|3:4|3:40|3:41|3:42|3:43|3:44|3:45|3:46|3:47|3:48|3:49|3:5|3:50|3:51|3:52|3:53|3:54|3:55|3:56|3:57|3:58|3:59|3:6|3:60|3:61|3:62|3:63|3:7|3:8|3:9|4:0|4:1|4:10|4:11|4:12|4:13|4:14|4:15|4:16|4:17|4:18|4:19|4:2|4:20|4:21|4:22|4:23|4:24|4:25|4:26|4:27|4:28|4:29|4:3|4:30|4:31|4:32|4:33|4:34|4:35|4:36|4:37|4:38|4:39|4:4|4:40|4:41|4:42|4:43|4:44|4:45|4:46|4:47|4:48|4:49|4:5|4:50|4:51|4:52|4:53|4:54|4:55|4:56|4:57|4:58|4:59|4:6|4:60|4:61|4:62|4:63|4:7|4:8|4:9|5:0|5:1|5:10|5:11|5:12|5:13|5:14|5:15|5:16|5:17|5:18|5:19|5:2|5:20|5:21|5:22|5:23|5:24|5:25|5:26|5:27|5:28|5:29|5:3|5:30|5:31|5:32|5:33|5:34|5:35|5:36|5:37|5:38|5:39|5:4|5:40|5:41|5:42|5:43|5:44|5:45|5:46|5:47|5:48|5:49|5:5|5:50|5:52|5:53|5:54|5:55|5:56|5:57|5:58|5:59|5:6|5:60|5:61|5:62|5:63|5:7|5:8|5:9
TIERING-OFF,133,exact-v9-5-to-6mwe,92784,drum,C2-MIXTURE-PREFIX,317,0,383.1,1|2|3|4|5,1:0|1:1|1:10|1:11|1:12|1:13|1:14|1:15|1:16|1:17|1:18|1:19|1:20|1:21|1:22|1:23|1:24|1:25|1:26|1:27|1:28|1:29|1:3|1:30|1:31|1:32|1:33|1:34|1:35|1:36|1:37|1:38|1:39|1:4|1:40|1:41|1:42|1:43|1:44|1:45|1:46|1:47|1:48|1:49|1:5|1:50|1:51|1:52|1:53|1:54|1:55|1:56|1:57|1:58|1:59|1:6|1:60|1:61|1:62|1:63|1:7|1:8|1:9|2:0|2:1|2:10|2:11|2:12|2:13|2:14|2:15|2:16|2:17|2:18|2:19|2:2|2:20|2:21|2:22|2:23|2:24|2:25|2:26|2:27|2:28|2:29|2:3|2:30|2:31|2:32|2:33|2:34|2:35|2:36|2:37|2:38|2:39|2:4|2:40|2:41|2:42|2:43|2:44|2:45|2:46|2:47|2:48|2:49|2:5|2:50|2:52|2:53|2:54|2:55|2:56|2:57|2:58|2:59|2:6|2:60|2:61|2:62|2:63|2:7|2:8|2:9|3:0|3:1|3:10|3:11|3:12|3:13|3:14|3:15|3:16|3:17|3:18|3:19|3:2|3:20|3:21|3:22|3:23|3:24|3:25|3:26|3:27|3:28|3:29|3:3|3:30|3:31|3:32|3:33|3:34|3:35|3:36|3:37|3:38|3:39|3:4|3:40|3:41|3:42|3:43|3:44|3:45|3:46|3:47|3:48|3:49|3:5|3:50|3:51|3:52|3:53|3:54|3:55|3:56|3:57|3:58|3:59|3:6|3:60|3:61|3:62|3:63|3:7|3:8|3:9|4:0|4:1|4:10|4:11|4:12|4:13|4:14|4:15|4:16|4:17|4:18|4:19|4:2|4:20|4:21|4:22|4:23|4:24|4:25|4:26|4:27|4:28|4:29|4:3|4:30|4:31|4:32|4:33|4:34|4:35|4:36|4:37|4:38|4:39|4:4|4:40|4:41|4:42|4:43|4:44|4:45|4:46|4:47|4:48|4:49|4:5|4:50|4:51|4:52|4:53|4:54|4:55|4:56|4:57|4:58|4:59|4:6|4:60|4:61|4:62|4:63|4:7|4:8|4:9|5:0|5:1|5:10|5:11|5:12|5:13|5:14|5:15|5:16|5:17|5:18|5:19|5:2|5:20|5:21|5:22|5:23|5:24|5:25|5:26|5:27|5:28|5:29|5:3|5:30|5:31|5:32|5:33|5:34|5:35|5:36|5:37|5:38|5:39|5:4|5:40|5:41|5:42|5:43|5:44|5:45|5:46|5:47|5:48|5:49|5:5|5:50|5:52|5:53|5:54|5:55|5:56|5:57|5:58|5:59|5:6|5:60|5:61|5:62|5:63|5:7|5:8|5:9
TIERING-OFF,135,exact-v9-5-to-6mwe,98784,suction,C2-MIXTURE-PREFIX,317,0,319.8,1|2|3|4|5,1:0|1:1|1:10|1:11|1:12|1:13|1:14|1:15|1:16|1:17|1:18|1:19|1:20|1:21|1:22|1:23|1:24|1:25|1:26|1:27|1:28|1:29|1:3|1:30|1:31|1:32|1:33|1:34|1:35|1:36|1:37|1:38|1:39|1:4|1:40|1:41|1:42|1:43|1:44|1:45|1:46|1:47|1:48|1:49|1:5|1:50|1:51|1:52|1:53|1:54|1:55|1:56|1:57|1:58|1:59|1:6|1:60|1:61|1:62|1:63|1:7|1:8|1:9|2:0|2:1|2:10|2:11|2:12|2:13|2:14|2:15|2:16|2:17|2:18|2:19|2:2|2:20|2:21|2:22|2:23|2:24|2:25|2:26|2:27|2:28|2:29|2:3|2:30|2:31|2:32|2:33|2:34|2:35|2:36|2:37|2:38|2:39|2:4|2:40|2:41|2:42|2:43|2:44|2:45|2:46|2:47|2:48|2:49|2:5|2:50|2:52|2:53|2:54|2:55|2:56|2:57|2:58|2:59|2:6|2:60|2:61|2:62|2:63|2:7|2:8|2:9|3:0|3:1|3:10|3:11|3:12|3:13|3:14|3:15|3:16|3:17|3:18|3:19|3:2|3:20|3:21|3:22|3:23|3:24|3:25|3:26|3:27|3:28|3:29|3:3|3:30|3:31|3:32|3:33|3:34|3:35|3:36|3:37|3:38|3:39|3:4|3:40|3:41|3:42|3:43|3:44|3:45|3:46|3:47|3:48|3:49|3:5|3:50|3:51|3:52|3:53|3:54|3:55|3:56|3:57|3:58|3:59|3:6|3:60|3:61|3:62|3:63|3:7|3:8|3:9|4:0|4:1|4:10|4:11|4:12|4:13|4:14|4:15|4:16|4:17|4:18|4:19|4:2|4:20|4:21|4:22|4:23|4:24|4:25|4:26|4:27|4:28|4:29|4:3|4:30|4:31|4:32|4:33|4:34|4:35|4:36|4:37|4:38|4:39|4:4|4:40|4:41|4:42|4:43|4:44|4:45|4:46|4:47|4:48|4:49|4:5|4:50|4:51|4:52|4:53|4:54|4:55|4:56|4:57|4:58|4:59|4:6|4:60|4:61|4:62|4:63|4:7|4:8|4:9|5:0|5:1|5:10|5:11|5:12|5:13|5:14|5:15|5:16|5:17|5:18|5:19|5:2|5:20|5:21|5:22|5:23|5:24|5:25|5:26|5:27|5:28|5:29|5:3|5:30|5:31|5:32|5:33|5:34|5:35|5:36|5:37|5:38|5:39|5:4|5:40|5:41|5:42|5:43|5:44|5:45|5:46|5:47|5:48|5:49|5:5|5:50|5:52|5:53|5:54|5:55|5:56|5:57|5:58|5:59|5:6|5:60|5:61|5:62|5:63|5:7|5:8|5:9
TIERING-OFF,136,exact-v9-5-to-6mwe,98784,pressure,C2-MIXTURE-PREFIX,317,0,236.4,1|2|3|4|5,1:0|1:1|1:10|1:11|1:12|1:13|1:14|1:15|1:16|1:17|1:18|1:19|1:20|1:21|1:22|1:23|1:24|1:25|1:26|1:27|1:28|1:29|1:3|1:30|1:31|1:32|1:33|1:34|1:35|1:36|1:37|1:38|1:39|1:4|1:40|1:41|1:42|1:43|1:44|1:45|1:46|1:47|1:48|1:49|1:5|1:50|1:51|1:52|1:53|1:54|1:55|1:56|1:57|1:58|1:59|1:6|1:60|1:61|1:62|1:63|1:7|1:8|1:9|2:0|2:1|2:10|2:11|2:12|2:13|2:14|2:15|2:16|2:17|2:18|2:19|2:2|2:20|2:21|2:22|2:23|2:24|2:25|2:26|2:27|2:28|2:29|2:3|2:30|2:31|2:32|2:33|2:34|2:35|2:36|2:37|2:38|2:39|2:4|2:40|2:41|2:42|2:43|2:44|2:45|2:46|2:47|2:48|2:49|2:5|2:50|2:52|2:53|2:54|2:55|2:56|2:57|2:58|2:59|2:6|2:60|2:61|2:62|2:63|2:7|2:8|2:9|3:0|3:1|3:10|3:11|3:12|3:13|3:14|3:15|3:16|3:17|3:18|3:19|3:2|3:20|3:21|3:22|3:23|3:24|3:25|3:26|3:27|3:28|3:29|3:3|3:30|3:31|3:32|3:33|3:34|3:35|3:36|3:37|3:38|3:39|3:4|3:40|3:41|3:42|3:43|3:44|3:45|3:46|3:47|3:48|3:49|3:5|3:50|3:51|3:52|3:53|3:54|3:55|3:56|3:57|3:58|3:59|3:6|3:60|3:61|3:62|3:63|3:7|3:8|3:9|4:0|4:1|4:10|4:11|4:12|4:13|4:14|4:15|4:16|4:17|4:18|4:19|4:2|4:20|4:21|4:22|4:23|4:24|4:25|4:26|4:27|4:28|4:29|4:3|4:30|4:31|4:32|4:33|4:34|4:35|4:36|4:37|4:38|4:39|4:4|4:40|4:41|4:42|4:43|4:44|4:45|4:46|4:47|4:48|4:49|4:5|4:50|4:51|4:52|4:53|4:54|4:55|4:56|4:57|4:58|4:59|4:6|4:60|4:61|4:62|4:63|4:7|4:8|4:9|5:0|5:1|5:10|5:11|5:12|5:13|5:14|5:15|5:16|5:17|5:18|5:19|5:2|5:20|5:21|5:22|5:23|5:24|5:25|5:26|5:27|5:28|5:29|5:3|5:30|5:31|5:32|5:33|5:34|5:35|5:36|5:37|5:38|5:39|5:4|5:40|5:41|5:42|5:43|5:44|5:45|5:46|5:47|5:48|5:49|5:5|5:50|5:52|5:53|5:54|5:55|5:56|5:57|5:58|5:59|5:6|5:60|5:61|5:62|5:63|5:7|5:8|5:9
TIERING-OFF,137,exact-v9-5-to-6mwe,98784,outlet,C2-MIXTURE-PREFIX,316,1,11088.3,1|2|3|4|5,1:0|1:1|1:10|1:11|1:12|1:13|1:14|1:15|1:16|1:17|1:18|1:19|1:20|1:21|1:22|1:23|1:24|1:25|1:26|1:27|1:28|1:29|1:3|1:30|1:31|1:32|1:33|1:34|1:35|1:36|1:37|1:38|1:39|1:4|1:40|1:41|1:42|1:43|1:44|1:45|1:46|1:47|1:48|1:49|1:5|1:50|1:51|1:52|1:53|1:54|1:55|1:56|1:57|1:58|1:59|1:6|1:60|1:61|1:62|1:63|1:7|1:8|1:9|2:0|2:1|2:10|2:11|2:12|2:13|2:14|2:15|2:16|2:17|2:18|2:19|2:2|2:20|2:21|2:22|2:23|2:24|2:25|2:26|2:27|2:28|2:29|2:3|2:30|2:31|2:32|2:33|2:34|2:35|2:36|2:37|2:38|2:39|2:4|2:40|2:41|2:42|2:43|2:44|2:45|2:46|2:47|2:48|2:49|2:5|2:50|2:52|2:53|2:54|2:55|2:56|2:57|2:58|2:59|2:6|2:60|2:61|2:62|2:63|2:7|2:8|2:9|3:0|3:1|3:10|3:11|3:12|3:13|3:14|3:15|3:16|3:17|3:18|3:19|3:2|3:20|3:21|3:22|3:23|3:24|3:25|3:26|3:27|3:28|3:29|3:3|3:31|3:32|3:33|3:34|3:35|3:36|3:37|3:38|3:39|3:4|3:40|3:41|3:42|3:43|3:44|3:45|3:46|3:47|3:48|3:49|3:5|3:50|3:51|3:52|3:53|3:54|3:55|3:56|3:57|3:58|3:59|3:6|3:60|3:61|3:62|3:63|3:7|3:8|3:9|4:0|4:1|4:10|4:11|4:12|4:13|4:14|4:15|4:16|4:17|4:18|4:19|4:2|4:20|4:21|4:22|4:23|4:24|4:25|4:26|4:27|4:28|4:29|4:3|4:30|4:31|4:32|4:33|4:34|4:35|4:36|4:37|4:38|4:39|4:4|4:40|4:41|4:42|4:43|4:44|4:45|4:46|4:47|4:48|4:49|4:5|4:50|4:51|4:52|4:53|4:54|4:55|4:56|4:57|4:58|4:59|4:6|4:60|4:61|4:62|4:63|4:7|4:8|4:9|5:0|5:1|5:10|5:11|5:12|5:13|5:14|5:15|5:16|5:17|5:18|5:19|5:2|5:20|5:21|5:22|5:23|5:24|5:25|5:26|5:27|5:28|5:29|5:3|5:30|5:31|5:32|5:33|5:34|5:35|5:36|5:37|5:38|5:39|5:4|5:40|5:41|5:42|5:43|5:44|5:45|5:46|5:47|5:48|5:49|5:5|5:50|5:52|5:53|5:54|5:55|5:56|5:57|5:58|5:59|5:6|5:60|5:61|5:62|5:63|5:7|5:8|5:9
TIERING-OFF,138,exact-v9-5-to-6mwe,98784,drum,C2-MIXTURE-PREFIX,315,1,933.5,1|2|3|4|5,1:0|1:1|1:10|1:11|1:12|1:13|1:14|1:15|1:16|1:17|1:18|1:19|1:20|1:21|1:22|1:23|1:24|1:25|1:26|1:27|1:28|1:29|1:3|1:30|1:31|1:32|1:33|1:34|1:35|1:36|1:37|1:38|1:39|1:4|1:40|1:41|1:42|1:43|1:44|1:45|1:46|1:47|1:48|1:49|1:5|1:50|1:51|1:52|1:53|1:54|1:55|1:56|1:57|1:58|1:59|1:6|1:60|1:61|1:62|1:63|1:7|1:8|1:9|2:0|2:1|2:10|2:11|2:12|2:13|2:14|2:15|2:16|2:17|2:18|2:19|2:2|2:20|2:21|2:22|2:23|2:24|2:25|2:26|2:27|2:28|2:29|2:3|2:30|2:31|2:32|2:33|2:34|2:35|2:36|2:37|2:38|2:39|2:4|2:40|2:41|2:42|2:43|2:44|2:45|2:46|2:47|2:48|2:49|2:5|2:50|2:52|2:53|2:54|2:55|2:56|2:57|2:58|2:59|2:6|2:60|2:61|2:62|2:63|2:7|2:8|2:9|3:0|3:1|3:10|3:11|3:12|3:13|3:14|3:15|3:16|3:17|3:18|3:19|3:2|3:20|3:21|3:22|3:23|3:24|3:25|3:26|3:27|3:28|3:29|3:3|3:31|3:32|3:33|3:34|3:35|3:36|3:37|3:38|3:39|3:4|3:40|3:41|3:42|3:43|3:44|3:45|3:46|3:47|3:48|3:49|3:5|3:50|3:52|3:53|3:54|3:55|3:56|3:57|3:58|3:59|3:6|3:60|3:61|3:62|3:63|3:7|3:8|3:9|4:0|4:1|4:10|4:11|4:12|4:13|4:14|4:15|4:16|4:17|4:18|4:19|4:2|4:20|4:21|4:22|4:23|4:24|4:25|4:26|4:27|4:28|4:29|4:3|4:30|4:31|4:32|4:33|4:34|4:35|4:36|4:37|4:38|4:39|4:4|4:40|4:41|4:42|4:43|4:44|4:45|4:46|4:47|4:48|4:49|4:5|4:50|4:51|4:52|4:53|4:54|4:55|4:56|4:57|4:58|4:59|4:6|4:60|4:61|4:62|4:63|4:7|4:8|4:9|5:0|5:1|5:10|5:11|5:12|5:13|5:14|5:15|5:16|5:17|5:18|5:19|5:2|5:20|5:21|5:22|5:23|5:24|5:25|5:26|5:27|5:28|5:29|5:3|5:30|5:31|5:32|5:33|5:34|5:35|5:36|5:37|5:38|5:39|5:4|5:40|5:41|5:42|5:43|5:44|5:45|5:46|5:47|5:48|5:49|5:5|5:50|5:52|5:53|5:54|5:55|5:56|5:57|5:58|5:59|5:6|5:60|5:61|5:62|5:63|5:7|5:8|5:9
TIERING-OFF,139,exact-v9-5-to-6mwe,98784,feedwater-inventory,C2-MIXTURE-PREFIX,1,0,105.3,3,3:50
TIERING-OFF,14,background-reference,12000,feedwater-inventory,C2-NEAR-BOUNDARY-LIQUID-PREFIX,2,0,171.8,1|4,1:53|4:34
TIERING-OFF,140,exact-v9-5-to-6mwe,104784,suction,C2-MIXTURE-PREFIX,315,0,320.9,1|2|3|4|5,1:0|1:1|1:10|1:11|1:12|1:13|1:14|1:15|1:16|1:17|1:18|1:19|1:20|1:21|1:22|1:23|1:24|1:25|1:26|1:27|1:28|1:29|1:3|1:30|1:31|1:32|1:33|1:34|1:35|1:36|1:37|1:38|1:39|1:4|1:40|1:41|1:42|1:43|1:44|1:45|1:46|1:47|1:48|1:49|1:5|1:50|1:51|1:52|1:53|1:54|1:55|1:56|1:57|1:58|1:59|1:6|1:60|1:61|1:62|1:63|1:7|1:8|1:9|2:0|2:1|2:10|2:11|2:12|2:13|2:14|2:15|2:16|2:17|2:18|2:19|2:2|2:20|2:21|2:22|2:23|2:24|2:25|2:26|2:27|2:28|2:29|2:3|2:30|2:31|2:32|2:33|2:34|2:35|2:36|2:37|2:38|2:39|2:4|2:40|2:41|2:42|2:43|2:44|2:45|2:46|2:47|2:48|2:49|2:5|2:50|2:52|2:53|2:54|2:55|2:56|2:57|2:58|2:59|2:6|2:60|2:61|2:62|2:63|2:7|2:8|2:9|3:0|3:1|3:10|3:11|3:12|3:13|3:14|3:15|3:16|3:17|3:18|3:19|3:2|3:20|3:21|3:22|3:23|3:24|3:25|3:26|3:27|3:28|3:29|3:3|3:31|3:32|3:33|3:34|3:35|3:36|3:37|3:38|3:39|3:4|3:40|3:41|3:42|3:43|3:44|3:45|3:46|3:47|3:48|3:49|3:5|3:50|3:52|3:53|3:54|3:55|3:56|3:57|3:58|3:59|3:6|3:60|3:61|3:62|3:63|3:7|3:8|3:9|4:0|4:1|4:10|4:11|4:12|4:13|4:14|4:15|4:16|4:17|4:18|4:19|4:2|4:20|4:21|4:22|4:23|4:24|4:25|4:26|4:27|4:28|4:29|4:3|4:30|4:31|4:32|4:33|4:34|4:35|4:36|4:37|4:38|4:39|4:4|4:40|4:41|4:42|4:43|4:44|4:45|4:46|4:47|4:48|4:49|4:5|4:50|4:51|4:52|4:53|4:54|4:55|4:56|4:57|4:58|4:59|4:6|4:60|4:61|4:62|4:63|4:7|4:8|4:9|5:0|5:1|5:10|5:11|5:12|5:13|5:14|5:15|5:16|5:17|5:18|5:19|5:2|5:20|5:21|5:22|5:23|5:24|5:25|5:26|5:27|5:28|5:29|5:3|5:30|5:31|5:32|5:33|5:34|5:35|5:36|5:37|5:38|5:39|5:4|5:40|5:41|5:42|5:43|5:44|5:45|5:46|5:47|5:48|5:49|5:5|5:50|5:52|5:53|5:54|5:55|5:56|5:57|5:58|5:59|5:6|5:60|5:61|5:62|5:63|5:7|5:8|5:9
TIERING-OFF,141,exact-v9-5-to-6mwe,104784,pressure,C2-MIXTURE-PREFIX,314,0,319.6,1|2|3|4|5,1:0|1:1|1:10|1:11|1:12|1:13|1:14|1:15|1:16|1:17|1:18|1:19|1:20|1:21|1:22|1:23|1:24|1:25|1:26|1:27|1:28|1:29|1:3|1:30|1:31|1:32|1:33|1:34|1:35|1:36|1:37|1:38|1:39|1:4|1:40|1:41|1:42|1:43|1:44|1:45|1:46|1:47|1:48|1:49|1:5|1:50|1:51|1:52|1:53|1:54|1:55|1:56|1:57|1:58|1:59|1:6|1:60|1:61|1:62|1:63|1:7|1:8|1:9|2:0|2:1|2:10|2:11|2:12|2:13|2:14|2:15|2:16|2:17|2:18|2:19|2:2|2:20|2:21|2:22|2:23|2:24|2:25|2:26|2:27|2:28|2:29|2:3|2:30|2:31|2:32|2:33|2:34|2:35|2:36|2:37|2:38|2:39|2:4|2:40|2:41|2:42|2:43|2:44|2:45|2:46|2:47|2:48|2:49|2:5|2:50|2:52|2:53|2:54|2:55|2:56|2:57|2:58|2:59|2:6|2:60|2:61|2:62|2:63|2:7|2:8|2:9|3:0|3:1|3:10|3:11|3:12|3:13|3:14|3:15|3:16|3:17|3:18|3:19|3:2|3:20|3:21|3:22|3:23|3:24|3:25|3:26|3:27|3:28|3:29|3:3|3:31|3:32|3:34|3:35|3:36|3:37|3:38|3:39|3:4|3:40|3:41|3:42|3:43|3:44|3:45|3:46|3:47|3:48|3:49|3:5|3:50|3:52|3:53|3:54|3:55|3:56|3:57|3:58|3:59|3:6|3:60|3:61|3:62|3:63|3:7|3:8|3:9|4:0|4:1|4:10|4:11|4:12|4:13|4:14|4:15|4:16|4:17|4:18|4:19|4:2|4:20|4:21|4:22|4:23|4:24|4:25|4:26|4:27|4:28|4:29|4:3|4:30|4:31|4:32|4:33|4:34|4:35|4:36|4:37|4:38|4:39|4:4|4:40|4:41|4:42|4:43|4:44|4:45|4:46|4:47|4:48|4:49|4:5|4:50|4:51|4:52|4:53|4:54|4:55|4:56|4:57|4:58|4:59|4:6|4:60|4:61|4:62|4:63|4:7|4:8|4:9|5:0|5:1|5:10|5:11|5:12|5:13|5:14|5:15|5:16|5:17|5:18|5:19|5:2|5:20|5:21|5:22|5:23|5:24|5:25|5:26|5:27|5:28|5:29|5:3|5:30|5:31|5:32|5:33|5:34|5:35|5:36|5:37|5:38|5:39|5:4|5:40|5:41|5:42|5:43|5:44|5:45|5:46|5:47|5:48|5:49|5:5|5:50|5:52|5:53|5:54|5:55|5:56|5:57|5:58|5:59|5:6|5:60|5:61|5:62|5:63|5:7|5:8|5:9
TIERING-OFF,142,exact-v9-5-to-6mwe,104784,outlet,C2-MIXTURE-PREFIX,314,0,245.3,1|2|3|4|5,1:0|1:1|1:10|1:11|1:12|1:13|1:14|1:15|1:16|1:17|1:18|1:19|1:20|1:21|1:22|1:23|1:24|1:25|1:26|1:27|1:28|1:29|1:3|1:30|1:31|1:32|1:33|1:34|1:35|1:36|1:37|1:38|1:39|1:4|1:40|1:41|1:42|1:43|1:44|1:45|1:46|1:47|1:48|1:49|1:5|1:50|1:51|1:52|1:53|1:54|1:55|1:56|1:57|1:58|1:59|1:6|1:60|1:61|1:62|1:63|1:7|1:8|1:9|2:0|2:1|2:10|2:11|2:12|2:13|2:14|2:15|2:16|2:17|2:18|2:19|2:2|2:20|2:21|2:22|2:23|2:24|2:25|2:26|2:27|2:28|2:29|2:3|2:30|2:31|2:32|2:33|2:34|2:35|2:36|2:37|2:38|2:39|2:4|2:40|2:41|2:42|2:43|2:44|2:45|2:46|2:47|2:48|2:49|2:5|2:50|2:52|2:53|2:54|2:55|2:56|2:57|2:58|2:59|2:6|2:60|2:61|2:62|2:63|2:7|2:8|2:9|3:0|3:1|3:10|3:11|3:12|3:13|3:14|3:15|3:16|3:17|3:18|3:19|3:2|3:20|3:21|3:22|3:23|3:24|3:25|3:26|3:27|3:28|3:29|3:3|3:31|3:32|3:34|3:35|3:36|3:37|3:38|3:39|3:4|3:40|3:41|3:42|3:43|3:44|3:45|3:46|3:47|3:48|3:49|3:5|3:50|3:52|3:53|3:54|3:55|3:56|3:57|3:58|3:59|3:6|3:60|3:61|3:62|3:63|3:7|3:8|3:9|4:0|4:1|4:10|4:11|4:12|4:13|4:14|4:15|4:16|4:17|4:18|4:19|4:2|4:20|4:21|4:22|4:23|4:24|4:25|4:26|4:27|4:28|4:29|4:3|4:30|4:31|4:32|4:33|4:34|4:35|4:36|4:37|4:38|4:39|4:4|4:40|4:41|4:42|4:43|4:44|4:45|4:46|4:47|4:48|4:49|4:5|4:50|4:51|4:52|4:53|4:54|4:55|4:56|4:57|4:58|4:59|4:6|4:60|4:61|4:62|4:63|4:7|4:8|4:9|5:0|5:1|5:10|5:11|5:12|5:13|5:14|5:15|5:16|5:17|5:18|5:19|5:2|5:20|5:21|5:22|5:23|5:24|5:25|5:26|5:27|5:28|5:29|5:3|5:30|5:31|5:32|5:33|5:34|5:35|5:36|5:37|5:38|5:39|5:4|5:40|5:41|5:42|5:43|5:44|5:45|5:46|5:47|5:48|5:49|5:5|5:50|5:52|5:53|5:54|5:55|5:56|5:57|5:58|5:59|5:6|5:60|5:61|5:62|5:63|5:7|5:8|5:9
TIERING-OFF,143,exact-v9-5-to-6mwe,104784,drum,C2-MIXTURE-PREFIX,314,0,241,1|2|3|4|5,1:0|1:1|1:10|1:11|1:12|1:13|1:14|1:15|1:16|1:17|1:18|1:19|1:20|1:21|1:22|1:23|1:24|1:25|1:26|1:27|1:28|1:29|1:3|1:30|1:31|1:32|1:33|1:34|1:35|1:36|1:37|1:38|1:39|1:4|1:40|1:41|1:42|1:43|1:44|1:45|1:46|1:47|1:48|1:49|1:5|1:50|1:51|1:52|1:53|1:54|1:55|1:56|1:57|1:58|1:59|1:6|1:60|1:61|1:62|1:63|1:7|1:8|1:9|2:0|2:1|2:10|2:11|2:12|2:13|2:14|2:15|2:16|2:17|2:18|2:19|2:2|2:20|2:21|2:22|2:23|2:24|2:25|2:26|2:27|2:28|2:29|2:3|2:30|2:31|2:32|2:33|2:34|2:35|2:36|2:37|2:38|2:39|2:4|2:40|2:41|2:42|2:43|2:44|2:45|2:46|2:47|2:48|2:49|2:5|2:50|2:52|2:53|2:54|2:55|2:56|2:57|2:58|2:59|2:6|2:60|2:61|2:62|2:63|2:7|2:8|2:9|3:0|3:1|3:10|3:11|3:12|3:13|3:14|3:15|3:16|3:17|3:18|3:19|3:2|3:20|3:21|3:22|3:23|3:24|3:25|3:26|3:27|3:28|3:29|3:3|3:31|3:32|3:34|3:35|3:36|3:37|3:38|3:39|3:4|3:40|3:41|3:42|3:43|3:44|3:45|3:46|3:47|3:48|3:49|3:5|3:50|3:52|3:53|3:54|3:55|3:56|3:57|3:58|3:59|3:6|3:60|3:61|3:62|3:63|3:7|3:8|3:9|4:0|4:1|4:10|4:11|4:12|4:13|4:14|4:15|4:16|4:17|4:18|4:19|4:2|4:20|4:21|4:22|4:23|4:24|4:25|4:26|4:27|4:28|4:29|4:3|4:30|4:31|4:32|4:33|4:34|4:35|4:36|4:37|4:38|4:39|4:4|4:40|4:41|4:42|4:43|4:44|4:45|4:46|4:47|4:48|4:49|4:5|4:50|4:51|4:52|4:53|4:54|4:55|4:56|4:57|4:58|4:59|4:6|4:60|4:61|4:62|4:63|4:7|4:8|4:9|5:0|5:1|5:10|5:11|5:12|5:13|5:14|5:15|5:16|5:17|5:18|5:19|5:2|5:20|5:21|5:22|5:23|5:24|5:25|5:26|5:27|5:28|5:29|5:3|5:30|5:31|5:32|5:33|5:34|5:35|5:36|5:37|5:38|5:39|5:4|5:40|5:41|5:42|5:43|5:44|5:45|5:46|5:47|5:48|5:49|5:5|5:50|5:52|5:53|5:54|5:55|5:56|5:57|5:58|5:59|5:6|5:60|5:61|5:62|5:63|5:7|5:8|5:9
TIERING-OFF,145,exact-v9-5-to-6mwe,110784,suction,C2-MIXTURE-PREFIX,315,0,261.9,1|2|3|4|5,1:0|1:1|1:10|1:11|1:12|1:13|1:14|1:15|1:16|1:17|1:18|1:19|1:20|1:21|1:22|1:23|1:24|1:25|1:26|1:27|1:28|1:29|1:3|1:30|1:31|1:32|1:33|1:34|1:35|1:36|1:37|1:38|1:39|1:4|1:40|1:41|1:42|1:43|1:44|1:45|1:46|1:47|1:48|1:49|1:5|1:50|1:51|1:52|1:53|1:54|1:55|1:56|1:57|1:58|1:59|1:6|1:60|1:61|1:62|1:63|1:7|1:8|1:9|2:0|2:1|2:10|2:11|2:12|2:13|2:14|2:15|2:16|2:17|2:18|2:19|2:2|2:20|2:21|2:22|2:23|2:24|2:25|2:26|2:27|2:28|2:29|2:3|2:30|2:31|2:32|2:33|2:34|2:35|2:36|2:37|2:38|2:39|2:4|2:40|2:41|2:42|2:43|2:44|2:45|2:46|2:47|2:48|2:49|2:5|2:50|2:52|2:53|2:54|2:55|2:56|2:57|2:58|2:59|2:6|2:60|2:61|2:62|2:63|2:7|2:8|2:9|3:0|3:1|3:10|3:11|3:12|3:13|3:14|3:15|3:16|3:17|3:18|3:19|3:2|3:20|3:21|3:22|3:23|3:24|3:25|3:26|3:27|3:28|3:29|3:3|3:30|3:31|3:32|3:34|3:35|3:36|3:37|3:38|3:39|3:4|3:40|3:41|3:42|3:43|3:44|3:45|3:46|3:47|3:48|3:49|3:5|3:50|3:52|3:53|3:54|3:55|3:56|3:57|3:58|3:59|3:6|3:60|3:61|3:62|3:63|3:7|3:8|3:9|4:0|4:1|4:10|4:11|4:12|4:13|4:14|4:15|4:16|4:17|4:18|4:19|4:2|4:20|4:21|4:22|4:23|4:24|4:25|4:26|4:27|4:28|4:29|4:3|4:30|4:31|4:32|4:33|4:34|4:35|4:36|4:37|4:38|4:39|4:4|4:40|4:41|4:42|4:43|4:44|4:45|4:46|4:47|4:48|4:49|4:5|4:50|4:51|4:52|4:53|4:54|4:55|4:56|4:57|4:58|4:59|4:6|4:60|4:61|4:62|4:63|4:7|4:8|4:9|5:0|5:1|5:10|5:11|5:12|5:13|5:14|5:15|5:16|5:17|5:18|5:19|5:2|5:20|5:21|5:22|5:23|5:24|5:25|5:26|5:27|5:28|5:29|5:3|5:30|5:31|5:32|5:33|5:34|5:35|5:36|5:37|5:38|5:39|5:4|5:40|5:41|5:42|5:43|5:44|5:45|5:46|5:47|5:48|5:49|5:5|5:50|5:52|5:53|5:54|5:55|5:56|5:57|5:58|5:59|5:6|5:60|5:61|5:62|5:63|5:7|5:8|5:9
TIERING-OFF,146,exact-v9-5-to-6mwe,110784,pressure,C2-MIXTURE-PREFIX,316,0,256,1|2|3|4|5,1:0|1:1|1:10|1:11|1:12|1:13|1:14|1:15|1:16|1:17|1:18|1:19|1:2|1:20|1:21|1:22|1:23|1:24|1:25|1:26|1:27|1:28|1:29|1:3|1:30|1:31|1:32|1:33|1:34|1:35|1:36|1:37|1:38|1:39|1:4|1:40|1:41|1:42|1:43|1:44|1:45|1:46|1:47|1:48|1:49|1:5|1:50|1:51|1:52|1:53|1:54|1:55|1:56|1:57|1:58|1:59|1:6|1:60|1:61|1:62|1:63|1:7|1:8|1:9|2:0|2:1|2:10|2:11|2:12|2:13|2:14|2:15|2:16|2:17|2:18|2:19|2:2|2:20|2:21|2:22|2:23|2:24|2:25|2:26|2:27|2:28|2:29|2:3|2:30|2:31|2:32|2:33|2:34|2:35|2:36|2:37|2:38|2:39|2:4|2:40|2:41|2:42|2:43|2:44|2:45|2:46|2:47|2:48|2:49|2:5|2:50|2:52|2:53|2:54|2:55|2:56|2:57|2:58|2:59|2:6|2:60|2:61|2:62|2:63|2:7|2:8|2:9|3:0|3:1|3:10|3:11|3:12|3:13|3:14|3:15|3:16|3:17|3:18|3:19|3:2|3:20|3:21|3:22|3:23|3:24|3:25|3:26|3:27|3:28|3:29|3:3|3:30|3:31|3:32|3:34|3:35|3:36|3:37|3:38|3:39|3:4|3:40|3:41|3:42|3:43|3:44|3:45|3:46|3:47|3:48|3:49|3:5|3:50|3:52|3:53|3:54|3:55|3:56|3:57|3:58|3:59|3:6|3:60|3:61|3:62|3:63|3:7|3:8|3:9|4:0|4:1|4:10|4:11|4:12|4:13|4:14|4:15|4:16|4:17|4:18|4:19|4:2|4:20|4:21|4:22|4:23|4:24|4:25|4:26|4:27|4:28|4:29|4:3|4:30|4:31|4:32|4:33|4:34|4:35|4:36|4:37|4:38|4:39|4:4|4:40|4:41|4:42|4:43|4:44|4:45|4:46|4:47|4:48|4:49|4:5|4:50|4:51|4:52|4:53|4:54|4:55|4:56|4:57|4:58|4:59|4:6|4:60|4:61|4:62|4:63|4:7|4:8|4:9|5:0|5:1|5:10|5:11|5:12|5:13|5:14|5:15|5:16|5:17|5:18|5:19|5:2|5:20|5:21|5:22|5:23|5:24|5:25|5:26|5:27|5:28|5:29|5:3|5:30|5:31|5:32|5:33|5:34|5:35|5:36|5:37|5:38|5:39|5:4|5:40|5:41|5:42|5:43|5:44|5:45|5:46|5:47|5:48|5:49|5:5|5:50|5:52|5:53|5:54|5:55|5:56|5:57|5:58|5:59|5:6|5:60|5:61|5:62|5:63|5:7|5:8|5:9
TIERING-OFF,147,exact-v9-5-to-6mwe,110784,outlet,C2-MIXTURE-PREFIX,316,1,505.4,1|2|3|4|5,1:0|1:1|1:10|1:11|1:12|1:13|1:14|1:15|1:16|1:17|1:18|1:19|1:2|1:20|1:21|1:22|1:23|1:24|1:25|1:26|1:27|1:28|1:29|1:3|1:30|1:31|1:32|1:33|1:34|1:35|1:36|1:37|1:38|1:39|1:4|1:40|1:41|1:42|1:43|1:44|1:45|1:46|1:47|1:48|1:49|1:5|1:50|1:51|1:52|1:53|1:54|1:55|1:56|1:57|1:58|1:59|1:6|1:60|1:61|1:62|1:63|1:7|1:8|1:9|2:0|2:1|2:10|2:11|2:12|2:13|2:14|2:15|2:16|2:17|2:18|2:19|2:2|2:20|2:21|2:22|2:23|2:24|2:25|2:26|2:27|2:28|2:29|2:3|2:30|2:31|2:32|2:33|2:34|2:35|2:36|2:37|2:38|2:39|2:4|2:40|2:41|2:42|2:43|2:44|2:45|2:46|2:47|2:48|2:49|2:5|2:50|2:52|2:53|2:54|2:55|2:56|2:57|2:58|2:59|2:6|2:60|2:61|2:62|2:63|2:7|2:8|2:9|3:0|3:1|3:10|3:11|3:12|3:13|3:14|3:15|3:16|3:17|3:18|3:19|3:2|3:20|3:21|3:22|3:23|3:24|3:25|3:26|3:27|3:28|3:29|3:3|3:30|3:31|3:32|3:34|3:35|3:36|3:37|3:38|3:39|3:4|3:40|3:41|3:42|3:43|3:44|3:45|3:46|3:47|3:48|3:49|3:5|3:50|3:52|3:53|3:54|3:55|3:56|3:57|3:58|3:59|3:6|3:60|3:61|3:62|3:63|3:7|3:8|3:9|4:0|4:1|4:10|4:11|4:12|4:13|4:14|4:15|4:16|4:17|4:18|4:19|4:2|4:20|4:21|4:22|4:23|4:24|4:25|4:26|4:27|4:28|4:29|4:3|4:30|4:31|4:32|4:33|4:34|4:35|4:36|4:37|4:38|4:39|4:4|4:40|4:41|4:42|4:43|4:44|4:45|4:46|4:47|4:48|4:49|4:5|4:50|4:51|4:52|4:53|4:54|4:55|4:56|4:57|4:58|4:59|4:6|4:60|4:61|4:62|4:63|4:7|4:8|4:9|5:0|5:1|5:10|5:11|5:12|5:13|5:14|5:15|5:16|5:17|5:18|5:19|5:2|5:20|5:21|5:22|5:23|5:24|5:25|5:26|5:27|5:28|5:29|5:3|5:30|5:31|5:32|5:33|5:34|5:35|5:36|5:37|5:38|5:39|5:4|5:40|5:41|5:42|5:43|5:44|5:45|5:46|5:47|5:48|5:49|5:5|5:50|5:52|5:53|5:54|5:55|5:56|5:57|5:58|5:59|5:6|5:60|5:61|5:62|5:63|5:7|5:8|5:9
TIERING-OFF,148,exact-v9-5-to-6mwe,110784,drum,C2-MIXTURE-PREFIX,315,0,313.3,1|2|3|4|5,1:0|1:1|1:10|1:11|1:12|1:13|1:14|1:15|1:16|1:17|1:18|1:19|1:2|1:20|1:21|1:22|1:23|1:24|1:25|1:26|1:27|1:28|1:29|1:3|1:30|1:31|1:32|1:33|1:34|1:35|1:36|1:37|1:38|1:39|1:4|1:40|1:41|1:42|1:43|1:44|1:45|1:46|1:47|1:48|1:49|1:5|1:50|1:51|1:52|1:53|1:54|1:55|1:56|1:57|1:58|1:59|1:6|1:60|1:61|1:62|1:63|1:7|1:8|1:9|2:0|2:1|2:10|2:11|2:12|2:13|2:14|2:15|2:16|2:17|2:18|2:19|2:2|2:20|2:21|2:22|2:23|2:24|2:25|2:26|2:27|2:28|2:29|2:3|2:30|2:31|2:32|2:33|2:34|2:35|2:36|2:37|2:38|2:39|2:4|2:40|2:41|2:42|2:43|2:44|2:45|2:46|2:47|2:48|2:49|2:5|2:50|2:52|2:53|2:54|2:55|2:56|2:57|2:58|2:59|2:6|2:60|2:61|2:62|2:63|2:7|2:8|2:9|3:0|3:1|3:10|3:11|3:12|3:13|3:14|3:15|3:16|3:17|3:18|3:19|3:2|3:20|3:21|3:22|3:23|3:24|3:25|3:26|3:27|3:28|3:29|3:3|3:30|3:31|3:32|3:34|3:35|3:36|3:37|3:38|3:39|3:4|3:40|3:41|3:42|3:43|3:44|3:45|3:46|3:47|3:48|3:49|3:5|3:50|3:52|3:53|3:54|3:55|3:56|3:57|3:58|3:59|3:6|3:60|3:61|3:62|3:63|3:7|3:8|3:9|4:0|4:1|4:10|4:11|4:12|4:13|4:14|4:15|4:16|4:17|4:18|4:19|4:2|4:20|4:21|4:22|4:23|4:24|4:25|4:26|4:27|4:28|4:29|4:3|4:30|4:31|4:32|4:33|4:34|4:35|4:36|4:37|4:38|4:39|4:4|4:40|4:41|4:42|4:43|4:44|4:45|4:46|4:47|4:48|4:49|4:5|4:50|4:51|4:52|4:53|4:54|4:55|4:56|4:57|4:58|4:59|4:6|4:60|4:61|4:62|4:63|4:7|4:8|4:9|5:0|5:1|5:10|5:11|5:12|5:13|5:14|5:15|5:16|5:18|5:19|5:2|5:20|5:21|5:22|5:23|5:24|5:25|5:26|5:27|5:28|5:29|5:3|5:30|5:31|5:32|5:33|5:34|5:35|5:36|5:37|5:38|5:39|5:4|5:40|5:41|5:42|5:43|5:44|5:45|5:46|5:47|5:48|5:49|5:5|5:50|5:52|5:53|5:54|5:55|5:56|5:57|5:58|5:59|5:6|5:60|5:61|5:62|5:63|5:7|5:8|5:9
TIERING-OFF,15,background-reference,18000,suction,C2-MIXTURE-PREFIX,316,0,273.7,1|2|3|4|5,1:0|1:1|1:10|1:11|1:12|1:13|1:14|1:15|1:16|1:17|1:18|1:19|1:2|1:20|1:21|1:22|1:23|1:24|1:25|1:26|1:27|1:28|1:29|1:3|1:30|1:31|1:32|1:33|1:34|1:35|1:36|1:37|1:38|1:39|1:4|1:40|1:41|1:42|1:43|1:44|1:45|1:46|1:47|1:48|1:49|1:5|1:50|1:51|1:52|1:53|1:54|1:55|1:56|1:57|1:58|1:59|1:6|1:60|1:61|1:62|1:63|1:7|1:8|1:9|2:0|2:1|2:10|2:11|2:12|2:13|2:14|2:15|2:16|2:17|2:18|2:19|2:2|2:20|2:21|2:22|2:23|2:24|2:25|2:26|2:27|2:28|2:29|2:3|2:30|2:31|2:32|2:33|2:34|2:35|2:36|2:37|2:38|2:39|2:4|2:40|2:42|2:43|2:44|2:45|2:46|2:47|2:48|2:49|2:5|2:51|2:52|2:53|2:54|2:55|2:56|2:57|2:58|2:59|2:6|2:60|2:61|2:62|2:63|2:7|2:8|2:9|3:0|3:1|3:10|3:11|3:12|3:13|3:14|3:15|3:16|3:17|3:18|3:19|3:2|3:20|3:21|3:22|3:23|3:24|3:25|3:26|3:27|3:28|3:29|3:3|3:30|3:31|3:32|3:33|3:34|3:35|3:36|3:37|3:38|3:39|3:4|3:40|3:41|3:42|3:43|3:44|3:45|3:46|3:47|3:48|3:49|3:5|3:50|3:51|3:52|3:53|3:54|3:55|3:56|3:57|3:58|3:59|3:6|3:60|3:61|3:62|3:63|3:7|3:8|3:9|4:0|4:1|4:10|4:11|4:12|4:13|4:14|4:15|4:16|4:17|4:18|4:19|4:2|4:20|4:21|4:22|4:23|4:24|4:25|4:26|4:27|4:28|4:29|4:3|4:30|4:31|4:32|4:33|4:34|4:35|4:36|4:37|4:38|4:39|4:4|4:40|4:41|4:42|4:43|4:44|4:45|4:46|4:47|4:48|4:49|4:5|4:50|4:51|4:52|4:53|4:54|4:55|4:56|4:57|4:58|4:59|4:6|4:60|4:61|4:62|4:63|4:7|4:8|4:9|5:0|5:1|5:10|5:11|5:12|5:13|5:14|5:15|5:16|5:17|5:18|5:19|5:2|5:20|5:21|5:22|5:23|5:24|5:25|5:26|5:27|5:28|5:29|5:3|5:30|5:31|5:32|5:33|5:34|5:35|5:36|5:37|5:38|5:39|5:4|5:40|5:41|5:42|5:43|5:44|5:45|5:46|5:47|5:48|5:49|5:5|5:52|5:53|5:54|5:55|5:56|5:57|5:58|5:59|5:6|5:60|5:61|5:62|5:63|5:7|5:8|5:9
TIERING-OFF,150,exact-v9-5-to-6mwe,116784,suction,C2-MIXTURE-PREFIX,315,0,204.2,1|2|3|4|5,1:0|1:1|1:10|1:11|1:12|1:13|1:14|1:15|1:16|1:17|1:18|1:19|1:2|1:20|1:21|1:22|1:23|1:24|1:25|1:26|1:27|1:28|1:29|1:3|1:30|1:31|1:32|1:33|1:34|1:35|1:36|1:37|1:38|1:39|1:4|1:40|1:41|1:42|1:43|1:44|1:45|1:46|1:47|1:48|1:49|1:5|1:50|1:51|1:52|1:53|1:54|1:55|1:56|1:57|1:58|1:59|1:6|1:60|1:61|1:62|1:63|1:7|1:8|1:9|2:0|2:1|2:10|2:11|2:12|2:13|2:14|2:15|2:16|2:17|2:18|2:19|2:2|2:20|2:21|2:22|2:23|2:24|2:25|2:26|2:27|2:28|2:29|2:3|2:30|2:31|2:32|2:33|2:34|2:35|2:36|2:37|2:38|2:39|2:4|2:40|2:41|2:42|2:43|2:44|2:45|2:46|2:47|2:48|2:49|2:5|2:50|2:52|2:53|2:54|2:55|2:56|2:57|2:58|2:59|2:6|2:60|2:61|2:62|2:63|2:7|2:8|2:9|3:0|3:1|3:10|3:11|3:12|3:13|3:14|3:15|3:16|3:17|3:18|3:19|3:2|3:20|3:21|3:22|3:23|3:24|3:25|3:26|3:27|3:28|3:29|3:3|3:30|3:31|3:32|3:34|3:35|3:36|3:37|3:38|3:39|3:4|3:40|3:41|3:42|3:43|3:44|3:45|3:46|3:47|3:48|3:49|3:5|3:50|3:52|3:53|3:54|3:55|3:56|3:57|3:58|3:59|3:6|3:60|3:61|3:62|3:63|3:7|3:8|3:9|4:0|4:1|4:10|4:11|4:12|4:13|4:14|4:15|4:16|4:17|4:18|4:19|4:2|4:20|4:21|4:22|4:23|4:24|4:25|4:26|4:27|4:28|4:29|4:3|4:30|4:31|4:32|4:33|4:34|4:35|4:36|4:37|4:38|4:39|4:4|4:40|4:41|4:42|4:43|4:44|4:45|4:46|4:47|4:48|4:49|4:5|4:50|4:51|4:52|4:53|4:54|4:55|4:56|4:57|4:58|4:59|4:6|4:60|4:61|4:62|4:63|4:7|4:8|4:9|5:0|5:1|5:10|5:11|5:12|5:13|5:14|5:15|5:16|5:18|5:19|5:2|5:20|5:21|5:22|5:23|5:24|5:25|5:26|5:27|5:28|5:29|5:3|5:30|5:31|5:32|5:33|5:34|5:35|5:36|5:37|5:38|5:39|5:4|5:40|5:41|5:42|5:43|5:44|5:45|5:46|5:47|5:48|5:49|5:5|5:50|5:52|5:53|5:54|5:55|5:56|5:57|5:58|5:59|5:6|5:60|5:61|5:62|5:63|5:7|5:8|5:9
TIERING-OFF,151,exact-v9-5-to-6mwe,116784,pressure,C2-MIXTURE-PREFIX,315,0,220,1|2|3|4|5,1:0|1:1|1:10|1:11|1:12|1:13|1:14|1:15|1:16|1:17|1:18|1:19|1:2|1:20|1:21|1:22|1:23|1:24|1:25|1:26|1:27|1:28|1:29|1:3|1:30|1:31|1:32|1:33|1:34|1:35|1:36|1:37|1:38|1:39|1:4|1:40|1:41|1:42|1:43|1:44|1:45|1:46|1:47|1:48|1:49|1:5|1:50|1:51|1:52|1:53|1:54|1:55|1:56|1:57|1:58|1:59|1:6|1:60|1:61|1:62|1:63|1:7|1:8|1:9|2:0|2:1|2:10|2:11|2:12|2:13|2:14|2:15|2:16|2:17|2:18|2:19|2:2|2:20|2:21|2:22|2:23|2:24|2:25|2:26|2:27|2:28|2:29|2:3|2:30|2:31|2:32|2:33|2:34|2:35|2:36|2:37|2:38|2:39|2:4|2:40|2:41|2:42|2:43|2:44|2:45|2:46|2:47|2:48|2:49|2:5|2:50|2:52|2:53|2:54|2:55|2:56|2:57|2:58|2:59|2:6|2:60|2:61|2:62|2:63|2:7|2:8|2:9|3:0|3:1|3:10|3:11|3:12|3:13|3:14|3:15|3:16|3:17|3:18|3:19|3:2|3:20|3:21|3:22|3:23|3:24|3:25|3:26|3:27|3:28|3:29|3:3|3:30|3:31|3:32|3:34|3:35|3:36|3:37|3:38|3:39|3:4|3:40|3:41|3:42|3:43|3:44|3:45|3:46|3:47|3:48|3:49|3:5|3:50|3:52|3:53|3:54|3:55|3:56|3:57|3:58|3:59|3:6|3:60|3:61|3:62|3:63|3:7|3:8|3:9|4:0|4:1|4:10|4:11|4:12|4:13|4:14|4:15|4:16|4:17|4:18|4:19|4:2|4:20|4:21|4:22|4:23|4:24|4:25|4:26|4:27|4:28|4:29|4:3|4:30|4:31|4:32|4:33|4:34|4:35|4:36|4:37|4:38|4:39|4:4|4:40|4:41|4:42|4:43|4:44|4:45|4:46|4:47|4:48|4:49|4:5|4:50|4:51|4:52|4:53|4:54|4:55|4:56|4:57|4:58|4:59|4:6|4:60|4:61|4:62|4:63|4:7|4:8|4:9|5:0|5:1|5:10|5:11|5:12|5:13|5:14|5:15|5:16|5:18|5:19|5:2|5:20|5:21|5:22|5:23|5:24|5:25|5:26|5:27|5:28|5:29|5:3|5:30|5:31|5:32|5:33|5:34|5:35|5:36|5:37|5:38|5:39|5:4|5:40|5:41|5:42|5:43|5:44|5:45|5:46|5:47|5:48|5:49|5:5|5:50|5:52|5:53|5:54|5:55|5:56|5:57|5:58|5:59|5:6|5:60|5:61|5:62|5:63|5:7|5:8|5:9
TIERING-OFF,152,exact-v9-5-to-6mwe,116784,outlet,C2-MIXTURE-PREFIX,315,0,280.7,1|2|3|4|5,1:0|1:1|1:10|1:11|1:12|1:13|1:14|1:15|1:16|1:17|1:18|1:19|1:2|1:20|1:21|1:22|1:23|1:24|1:25|1:26|1:27|1:28|1:29|1:3|1:30|1:31|1:32|1:33|1:34|1:35|1:36|1:37|1:38|1:39|1:4|1:40|1:41|1:42|1:43|1:44|1:45|1:46|1:47|1:48|1:49|1:5|1:50|1:51|1:52|1:53|1:54|1:55|1:56|1:57|1:58|1:59|1:6|1:60|1:61|1:62|1:63|1:7|1:8|1:9|2:0|2:1|2:10|2:11|2:12|2:13|2:14|2:15|2:16|2:17|2:18|2:19|2:2|2:20|2:21|2:22|2:23|2:24|2:25|2:26|2:27|2:28|2:29|2:3|2:30|2:31|2:32|2:33|2:34|2:35|2:36|2:37|2:38|2:39|2:4|2:40|2:41|2:42|2:43|2:44|2:45|2:46|2:47|2:48|2:49|2:5|2:50|2:52|2:53|2:54|2:55|2:56|2:57|2:58|2:59|2:6|2:60|2:61|2:62|2:63|2:7|2:8|2:9|3:0|3:1|3:10|3:11|3:12|3:13|3:14|3:15|3:16|3:17|3:18|3:19|3:2|3:20|3:21|3:22|3:23|3:24|3:25|3:26|3:27|3:28|3:29|3:3|3:30|3:31|3:32|3:34|3:35|3:36|3:37|3:38|3:39|3:4|3:40|3:41|3:42|3:43|3:44|3:45|3:46|3:47|3:48|3:49|3:5|3:50|3:52|3:53|3:54|3:55|3:56|3:57|3:58|3:59|3:6|3:60|3:61|3:62|3:63|3:7|3:8|3:9|4:0|4:1|4:10|4:11|4:12|4:13|4:14|4:15|4:16|4:17|4:18|4:19|4:2|4:20|4:21|4:22|4:23|4:24|4:25|4:26|4:27|4:28|4:29|4:3|4:30|4:31|4:32|4:33|4:34|4:35|4:36|4:37|4:38|4:39|4:4|4:40|4:41|4:42|4:43|4:44|4:45|4:46|4:47|4:48|4:49|4:5|4:50|4:51|4:52|4:53|4:54|4:55|4:56|4:57|4:58|4:59|4:6|4:60|4:61|4:62|4:63|4:7|4:8|4:9|5:0|5:1|5:10|5:11|5:12|5:13|5:14|5:15|5:16|5:18|5:19|5:2|5:20|5:21|5:22|5:23|5:24|5:25|5:26|5:27|5:28|5:29|5:3|5:30|5:31|5:32|5:33|5:34|5:35|5:36|5:37|5:38|5:39|5:4|5:40|5:41|5:42|5:43|5:44|5:45|5:46|5:47|5:48|5:49|5:5|5:50|5:52|5:53|5:54|5:55|5:56|5:57|5:58|5:59|5:6|5:60|5:61|5:62|5:63|5:7|5:8|5:9
TIERING-OFF,153,exact-v9-5-to-6mwe,116784,drum,C2-MIXTURE-PREFIX,315,2,484.7,1|2|3|4|5,1:0|1:1|1:10|1:11|1:12|1:13|1:14|1:15|1:16|1:17|1:18|1:19|1:2|1:20|1:21|1:22|1:23|1:24|1:25|1:26|1:27|1:28|1:29|1:3|1:30|1:31|1:32|1:33|1:34|1:35|1:36|1:37|1:38|1:39|1:4|1:40|1:41|1:42|1:43|1:44|1:45|1:46|1:47|1:48|1:49|1:5|1:50|1:51|1:52|1:53|1:54|1:55|1:56|1:57|1:58|1:59|1:6|1:60|1:61|1:62|1:63|1:7|1:8|1:9|2:0|2:1|2:10|2:11|2:12|2:13|2:14|2:15|2:16|2:17|2:18|2:19|2:2|2:20|2:21|2:22|2:23|2:24|2:25|2:26|2:27|2:28|2:29|2:3|2:30|2:31|2:32|2:33|2:34|2:35|2:36|2:37|2:38|2:39|2:4|2:40|2:41|2:42|2:43|2:44|2:45|2:46|2:47|2:48|2:49|2:5|2:50|2:52|2:53|2:54|2:55|2:56|2:57|2:58|2:59|2:6|2:60|2:61|2:62|2:63|2:7|2:8|2:9|3:0|3:1|3:10|3:11|3:12|3:13|3:14|3:15|3:16|3:17|3:18|3:19|3:2|3:20|3:21|3:22|3:23|3:24|3:25|3:26|3:27|3:28|3:29|3:3|3:30|3:31|3:32|3:34|3:35|3:36|3:37|3:38|3:39|3:4|3:40|3:41|3:42|3:43|3:44|3:45|3:46|3:47|3:48|3:49|3:5|3:50|3:52|3:53|3:54|3:55|3:56|3:57|3:58|3:59|3:6|3:60|3:61|3:62|3:63|3:7|3:8|3:9|4:0|4:1|4:10|4:11|4:12|4:13|4:14|4:15|4:16|4:17|4:18|4:19|4:2|4:20|4:21|4:22|4:23|4:24|4:25|4:26|4:27|4:28|4:29|4:3|4:30|4:31|4:32|4:33|4:34|4:35|4:36|4:37|4:38|4:39|4:4|4:40|4:41|4:42|4:43|4:44|4:45|4:46|4:47|4:48|4:49|4:5|4:50|4:51|4:52|4:53|4:54|4:55|4:56|4:57|4:58|4:59|4:6|4:60|4:61|4:62|4:63|4:7|4:8|4:9|5:0|5:1|5:10|5:11|5:12|5:13|5:14|5:15|5:16|5:18|5:19|5:2|5:20|5:21|5:22|5:23|5:24|5:25|5:26|5:27|5:28|5:29|5:3|5:30|5:31|5:32|5:33|5:34|5:35|5:36|5:37|5:38|5:39|5:4|5:40|5:41|5:42|5:43|5:44|5:45|5:46|5:47|5:48|5:49|5:5|5:50|5:52|5:53|5:54|5:55|5:56|5:57|5:58|5:59|5:6|5:60|5:61|5:62|5:63|5:7|5:8|5:9
TIERING-OFF,155,exact-v9-5-to-6mwe,122784,suction,C2-MIXTURE-PREFIX,316,0,262.5,1|2|3|4|5,1:0|1:1|1:10|1:11|1:12|1:13|1:14|1:15|1:16|1:17|1:18|1:19|1:2|1:20|1:21|1:22|1:23|1:24|1:25|1:26|1:27|1:28|1:29|1:3|1:30|1:31|1:32|1:33|1:34|1:35|1:36|1:37|1:38|1:39|1:4|1:40|1:41|1:42|1:43|1:44|1:45|1:46|1:47|1:48|1:49|1:5|1:50|1:51|1:52|1:53|1:54|1:55|1:56|1:57|1:58|1:59|1:6|1:60|1:61|1:62|1:63|1:7|1:8|1:9|2:0|2:1|2:10|2:11|2:12|2:13|2:14|2:15|2:16|2:17|2:18|2:19|2:2|2:20|2:21|2:22|2:23|2:24|2:25|2:26|2:27|2:28|2:29|2:3|2:30|2:31|2:32|2:33|2:34|2:35|2:36|2:37|2:38|2:39|2:4|2:40|2:41|2:42|2:43|2:44|2:45|2:46|2:47|2:48|2:49|2:5|2:50|2:52|2:53|2:54|2:55|2:56|2:57|2:58|2:59|2:6|2:60|2:61|2:62|2:63|2:7|2:8|2:9|3:0|3:1|3:10|3:11|3:12|3:13|3:14|3:15|3:16|3:17|3:18|3:19|3:2|3:20|3:21|3:22|3:23|3:24|3:25|3:26|3:27|3:28|3:29|3:3|3:30|3:31|3:32|3:34|3:35|3:36|3:37|3:38|3:39|3:4|3:40|3:41|3:42|3:43|3:44|3:45|3:46|3:47|3:48|3:49|3:5|3:50|3:52|3:53|3:54|3:55|3:56|3:57|3:58|3:59|3:6|3:60|3:61|3:62|3:63|3:7|3:8|3:9|4:0|4:1|4:10|4:11|4:12|4:13|4:14|4:15|4:16|4:17|4:18|4:19|4:2|4:20|4:21|4:22|4:23|4:24|4:25|4:26|4:27|4:28|4:29|4:3|4:30|4:31|4:32|4:33|4:34|4:35|4:36|4:37|4:38|4:39|4:4|4:40|4:41|4:42|4:43|4:44|4:45|4:46|4:47|4:48|4:49|4:5|4:50|4:51|4:52|4:53|4:54|4:55|4:56|4:57|4:58|4:59|4:6|4:60|4:61|4:62|4:63|4:7|4:8|4:9|5:0|5:1|5:10|5:11|5:12|5:13|5:14|5:15|5:16|5:17|5:18|5:19|5:2|5:20|5:21|5:22|5:23|5:24|5:25|5:26|5:27|5:28|5:29|5:3|5:30|5:31|5:32|5:33|5:34|5:35|5:36|5:37|5:38|5:39|5:4|5:40|5:41|5:42|5:43|5:44|5:45|5:46|5:47|5:48|5:49|5:5|5:50|5:52|5:53|5:54|5:55|5:56|5:57|5:58|5:59|5:6|5:60|5:61|5:62|5:63|5:7|5:8|5:9
TIERING-OFF,156,exact-v9-5-to-6mwe,122784,pressure,C2-MIXTURE-PREFIX,316,0,210.2,1|2|3|4|5,1:0|1:1|1:10|1:11|1:12|1:13|1:14|1:15|1:16|1:17|1:18|1:19|1:2|1:20|1:21|1:22|1:23|1:24|1:25|1:26|1:27|1:28|1:29|1:3|1:30|1:31|1:32|1:33|1:34|1:35|1:36|1:37|1:38|1:39|1:4|1:40|1:41|1:42|1:43|1:44|1:45|1:46|1:47|1:48|1:49|1:5|1:50|1:51|1:52|1:53|1:54|1:55|1:56|1:57|1:58|1:59|1:6|1:60|1:61|1:62|1:63|1:7|1:8|1:9|2:0|2:1|2:10|2:11|2:12|2:13|2:14|2:15|2:16|2:17|2:18|2:19|2:2|2:20|2:21|2:22|2:23|2:24|2:25|2:26|2:27|2:28|2:29|2:3|2:30|2:31|2:32|2:33|2:34|2:35|2:36|2:37|2:38|2:39|2:4|2:40|2:41|2:42|2:43|2:44|2:45|2:46|2:47|2:48|2:49|2:5|2:50|2:52|2:53|2:54|2:55|2:56|2:57|2:58|2:59|2:6|2:60|2:61|2:62|2:63|2:7|2:8|2:9|3:0|3:1|3:10|3:11|3:12|3:13|3:14|3:15|3:16|3:17|3:18|3:19|3:2|3:20|3:21|3:22|3:23|3:24|3:25|3:26|3:27|3:28|3:29|3:3|3:30|3:31|3:32|3:34|3:35|3:36|3:37|3:38|3:39|3:4|3:40|3:41|3:42|3:43|3:44|3:45|3:46|3:47|3:48|3:49|3:5|3:50|3:52|3:53|3:54|3:55|3:56|3:57|3:58|3:59|3:6|3:60|3:61|3:62|3:63|3:7|3:8|3:9|4:0|4:1|4:10|4:11|4:12|4:13|4:14|4:15|4:16|4:17|4:18|4:19|4:2|4:20|4:21|4:22|4:23|4:24|4:25|4:26|4:27|4:28|4:29|4:3|4:30|4:31|4:32|4:33|4:34|4:35|4:36|4:37|4:38|4:39|4:4|4:40|4:41|4:42|4:43|4:44|4:45|4:46|4:47|4:48|4:49|4:5|4:50|4:51|4:52|4:53|4:54|4:55|4:56|4:57|4:58|4:59|4:6|4:60|4:61|4:62|4:63|4:7|4:8|4:9|5:0|5:1|5:10|5:11|5:12|5:13|5:14|5:15|5:16|5:17|5:18|5:19|5:2|5:20|5:21|5:22|5:23|5:24|5:25|5:26|5:27|5:28|5:29|5:3|5:30|5:31|5:32|5:33|5:34|5:35|5:36|5:37|5:38|5:39|5:4|5:40|5:41|5:42|5:43|5:44|5:45|5:46|5:47|5:48|5:49|5:5|5:50|5:52|5:53|5:54|5:55|5:56|5:57|5:58|5:59|5:6|5:60|5:61|5:62|5:63|5:7|5:8|5:9
TIERING-OFF,157,exact-v9-5-to-6mwe,122784,outlet,C2-MIXTURE-PREFIX,316,0,247.8,1|2|3|4|5,1:0|1:1|1:10|1:11|1:12|1:13|1:14|1:15|1:16|1:17|1:18|1:19|1:2|1:20|1:21|1:22|1:23|1:24|1:25|1:26|1:27|1:28|1:29|1:3|1:30|1:31|1:32|1:33|1:34|1:35|1:36|1:37|1:38|1:39|1:4|1:40|1:41|1:42|1:43|1:44|1:45|1:46|1:47|1:48|1:49|1:5|1:50|1:51|1:52|1:53|1:54|1:55|1:56|1:57|1:58|1:59|1:6|1:60|1:61|1:62|1:63|1:7|1:8|1:9|2:0|2:1|2:10|2:11|2:12|2:13|2:14|2:15|2:16|2:17|2:18|2:19|2:2|2:20|2:21|2:22|2:23|2:24|2:25|2:26|2:27|2:28|2:29|2:3|2:30|2:31|2:32|2:33|2:34|2:35|2:36|2:37|2:38|2:39|2:4|2:40|2:41|2:42|2:43|2:44|2:45|2:46|2:47|2:48|2:49|2:5|2:50|2:52|2:53|2:54|2:55|2:56|2:57|2:58|2:59|2:6|2:60|2:61|2:62|2:63|2:7|2:8|2:9|3:0|3:1|3:10|3:11|3:12|3:13|3:14|3:15|3:16|3:17|3:18|3:19|3:2|3:20|3:21|3:22|3:23|3:24|3:25|3:26|3:27|3:28|3:29|3:3|3:30|3:31|3:32|3:34|3:35|3:36|3:37|3:38|3:39|3:4|3:40|3:41|3:42|3:43|3:44|3:45|3:46|3:47|3:48|3:49|3:5|3:50|3:52|3:53|3:54|3:55|3:56|3:57|3:58|3:59|3:6|3:60|3:61|3:62|3:63|3:7|3:8|3:9|4:0|4:1|4:10|4:11|4:12|4:13|4:14|4:15|4:16|4:17|4:18|4:19|4:2|4:20|4:21|4:22|4:23|4:24|4:25|4:26|4:27|4:28|4:29|4:3|4:30|4:31|4:32|4:33|4:34|4:35|4:36|4:37|4:38|4:39|4:4|4:40|4:41|4:42|4:43|4:44|4:45|4:46|4:47|4:48|4:49|4:5|4:50|4:51|4:52|4:53|4:54|4:55|4:56|4:57|4:58|4:59|4:6|4:60|4:61|4:62|4:63|4:7|4:8|4:9|5:0|5:1|5:10|5:11|5:12|5:13|5:14|5:15|5:16|5:17|5:18|5:19|5:2|5:20|5:21|5:22|5:23|5:24|5:25|5:26|5:27|5:28|5:29|5:3|5:30|5:31|5:32|5:33|5:34|5:35|5:36|5:37|5:38|5:39|5:4|5:40|5:41|5:42|5:43|5:44|5:45|5:46|5:47|5:48|5:49|5:5|5:50|5:52|5:53|5:54|5:55|5:56|5:57|5:58|5:59|5:6|5:60|5:61|5:62|5:63|5:7|5:8|5:9
TIERING-OFF,158,exact-v9-5-to-6mwe,122784,drum,C2-MIXTURE-PREFIX,316,0,401.2,1|2|3|4|5,1:0|1:1|1:10|1:11|1:12|1:13|1:14|1:15|1:16|1:17|1:18|1:19|1:2|1:20|1:21|1:22|1:23|1:24|1:25|1:26|1:27|1:28|1:29|1:3|1:30|1:31|1:32|1:33|1:34|1:35|1:36|1:37|1:38|1:39|1:4|1:40|1:41|1:42|1:43|1:44|1:45|1:46|1:47|1:48|1:49|1:5|1:50|1:51|1:52|1:53|1:54|1:55|1:56|1:57|1:58|1:59|1:6|1:60|1:61|1:62|1:63|1:7|1:8|1:9|2:0|2:1|2:10|2:11|2:12|2:13|2:14|2:15|2:16|2:17|2:18|2:19|2:2|2:20|2:21|2:22|2:23|2:24|2:25|2:26|2:27|2:28|2:29|2:3|2:30|2:31|2:32|2:33|2:34|2:35|2:36|2:37|2:38|2:39|2:4|2:40|2:41|2:42|2:43|2:44|2:45|2:46|2:47|2:48|2:49|2:5|2:50|2:52|2:53|2:54|2:55|2:56|2:57|2:58|2:59|2:6|2:60|2:61|2:62|2:63|2:7|2:8|2:9|3:0|3:1|3:10|3:11|3:12|3:13|3:14|3:15|3:16|3:17|3:18|3:19|3:2|3:20|3:21|3:22|3:23|3:24|3:25|3:26|3:27|3:28|3:29|3:3|3:30|3:31|3:32|3:34|3:35|3:36|3:37|3:38|3:39|3:4|3:40|3:41|3:42|3:43|3:44|3:45|3:46|3:47|3:48|3:49|3:5|3:50|3:52|3:53|3:54|3:55|3:56|3:57|3:58|3:59|3:6|3:60|3:61|3:62|3:63|3:7|3:8|3:9|4:0|4:1|4:10|4:11|4:12|4:13|4:14|4:15|4:16|4:17|4:18|4:19|4:2|4:20|4:21|4:22|4:23|4:24|4:25|4:26|4:27|4:28|4:29|4:3|4:30|4:31|4:32|4:33|4:34|4:35|4:36|4:37|4:38|4:39|4:4|4:40|4:41|4:42|4:43|4:44|4:45|4:46|4:47|4:48|4:49|4:5|4:50|4:51|4:52|4:53|4:54|4:55|4:56|4:57|4:58|4:59|4:6|4:60|4:61|4:62|4:63|4:7|4:8|4:9|5:0|5:1|5:10|5:11|5:12|5:13|5:14|5:15|5:16|5:17|5:18|5:19|5:2|5:20|5:21|5:22|5:23|5:24|5:25|5:26|5:27|5:28|5:29|5:3|5:30|5:31|5:32|5:33|5:34|5:35|5:36|5:37|5:38|5:39|5:4|5:40|5:41|5:42|5:43|5:44|5:45|5:46|5:47|5:48|5:49|5:5|5:50|5:52|5:53|5:54|5:55|5:56|5:57|5:58|5:59|5:6|5:60|5:61|5:62|5:63|5:7|5:8|5:9
TIERING-OFF,159,exact-v9-5-to-6mwe,122784,feedwater-inventory,C2-MIXTURE-PREFIX,2,0,302.9,2,2:2|2:44
TIERING-OFF,16,background-reference,18000,pressure,C2-MIXTURE-PREFIX,316,1,1330.2,1|2|3|4|5,1:0|1:1|1:10|1:11|1:12|1:13|1:14|1:15|1:16|1:17|1:18|1:19|1:2|1:20|1:21|1:22|1:23|1:24|1:25|1:26|1:27|1:28|1:29|1:3|1:30|1:31|1:32|1:33|1:34|1:35|1:36|1:37|1:38|1:39|1:4|1:40|1:41|1:42|1:43|1:44|1:45|1:46|1:47|1:48|1:49|1:5|1:50|1:51|1:52|1:53|1:54|1:55|1:56|1:57|1:58|1:59|1:6|1:60|1:61|1:62|1:63|1:7|1:8|1:9|2:0|2:1|2:10|2:11|2:12|2:13|2:14|2:15|2:16|2:17|2:18|2:19|2:2|2:20|2:21|2:22|2:23|2:24|2:25|2:26|2:27|2:28|2:29|2:3|2:30|2:31|2:32|2:33|2:34|2:35|2:36|2:37|2:38|2:39|2:4|2:40|2:42|2:43|2:44|2:45|2:46|2:47|2:48|2:49|2:5|2:51|2:52|2:53|2:54|2:55|2:56|2:57|2:58|2:59|2:6|2:60|2:61|2:62|2:63|2:7|2:8|2:9|3:0|3:1|3:10|3:11|3:12|3:13|3:14|3:15|3:16|3:17|3:18|3:19|3:2|3:20|3:21|3:22|3:23|3:24|3:25|3:26|3:27|3:28|3:29|3:3|3:30|3:31|3:32|3:33|3:34|3:35|3:36|3:37|3:38|3:39|3:4|3:40|3:41|3:42|3:43|3:44|3:45|3:46|3:47|3:48|3:49|3:5|3:50|3:51|3:52|3:53|3:54|3:55|3:56|3:57|3:58|3:59|3:6|3:60|3:61|3:62|3:63|3:7|3:8|3:9|4:0|4:1|4:10|4:11|4:12|4:13|4:14|4:15|4:16|4:17|4:18|4:19|4:2|4:20|4:21|4:22|4:23|4:24|4:25|4:26|4:27|4:28|4:29|4:3|4:30|4:31|4:32|4:33|4:34|4:35|4:36|4:37|4:38|4:39|4:4|4:40|4:41|4:42|4:43|4:44|4:45|4:46|4:47|4:48|4:49|4:5|4:50|4:51|4:52|4:53|4:54|4:55|4:56|4:57|4:58|4:59|4:6|4:60|4:61|4:62|4:63|4:7|4:8|4:9|5:0|5:1|5:10|5:11|5:12|5:13|5:14|5:15|5:16|5:17|5:18|5:19|5:2|5:20|5:21|5:22|5:23|5:24|5:25|5:26|5:27|5:28|5:29|5:3|5:30|5:31|5:32|5:33|5:34|5:35|5:36|5:37|5:38|5:39|5:4|5:40|5:41|5:42|5:43|5:44|5:45|5:46|5:47|5:48|5:49|5:5|5:52|5:53|5:54|5:55|5:56|5:57|5:58|5:59|5:6|5:60|5:61|5:62|5:63|5:7|5:8|5:9
TIERING-OFF,160,exact-v9-5-to-6mwe,128784,suction,C2-MIXTURE-PREFIX,316,0,314.1,1|2|3|4|5,1:0|1:1|1:10|1:11|1:12|1:13|1:14|1:15|1:16|1:17|1:18|1:19|1:2|1:20|1:21|1:22|1:23|1:24|1:25|1:26|1:27|1:28|1:29|1:3|1:30|1:31|1:32|1:33|1:34|1:35|1:36|1:37|1:38|1:39|1:4|1:40|1:41|1:42|1:43|1:44|1:45|1:46|1:47|1:48|1:49|1:5|1:50|1:51|1:52|1:53|1:54|1:55|1:56|1:57|1:58|1:59|1:6|1:60|1:61|1:62|1:63|1:7|1:8|1:9|2:0|2:1|2:10|2:11|2:12|2:13|2:14|2:15|2:16|2:17|2:18|2:19|2:2|2:20|2:21|2:22|2:23|2:24|2:25|2:26|2:27|2:28|2:29|2:3|2:30|2:31|2:32|2:33|2:34|2:35|2:36|2:37|2:38|2:39|2:4|2:40|2:41|2:42|2:43|2:44|2:45|2:46|2:47|2:48|2:49|2:5|2:50|2:52|2:53|2:54|2:55|2:56|2:57|2:58|2:59|2:6|2:60|2:61|2:62|2:63|2:7|2:8|2:9|3:0|3:1|3:10|3:11|3:12|3:13|3:14|3:15|3:16|3:17|3:18|3:19|3:2|3:20|3:21|3:22|3:23|3:24|3:25|3:26|3:27|3:28|3:29|3:3|3:30|3:31|3:32|3:34|3:35|3:36|3:37|3:38|3:39|3:4|3:40|3:41|3:42|3:43|3:44|3:45|3:46|3:47|3:48|3:49|3:5|3:50|3:52|3:53|3:54|3:55|3:56|3:57|3:58|3:59|3:6|3:60|3:61|3:62|3:63|3:7|3:8|3:9|4:0|4:1|4:10|4:11|4:12|4:13|4:14|4:15|4:16|4:17|4:18|4:19|4:2|4:20|4:21|4:22|4:23|4:24|4:25|4:26|4:27|4:28|4:29|4:3|4:30|4:31|4:32|4:33|4:34|4:35|4:36|4:37|4:38|4:39|4:4|4:40|4:41|4:42|4:43|4:44|4:45|4:46|4:47|4:48|4:49|4:5|4:50|4:51|4:52|4:53|4:54|4:55|4:56|4:57|4:58|4:59|4:6|4:60|4:61|4:62|4:63|4:7|4:8|4:9|5:0|5:1|5:10|5:11|5:12|5:13|5:14|5:15|5:16|5:17|5:18|5:19|5:2|5:20|5:21|5:22|5:23|5:24|5:25|5:26|5:27|5:28|5:29|5:3|5:30|5:31|5:32|5:33|5:34|5:35|5:36|5:37|5:38|5:39|5:4|5:40|5:41|5:42|5:43|5:44|5:45|5:46|5:47|5:48|5:49|5:5|5:50|5:52|5:53|5:54|5:55|5:56|5:57|5:58|5:59|5:6|5:60|5:61|5:62|5:63|5:7|5:8|5:9
TIERING-OFF,161,exact-v9-5-to-6mwe,128784,pressure,C2-MIXTURE-PREFIX,316,0,346.5,1|2|3|4|5,1:0|1:1|1:10|1:11|1:12|1:13|1:14|1:15|1:16|1:17|1:18|1:19|1:2|1:20|1:21|1:22|1:23|1:24|1:25|1:26|1:27|1:28|1:29|1:3|1:30|1:31|1:32|1:33|1:34|1:35|1:36|1:37|1:38|1:39|1:4|1:40|1:41|1:42|1:43|1:44|1:45|1:46|1:47|1:48|1:49|1:5|1:50|1:51|1:52|1:53|1:54|1:55|1:56|1:57|1:58|1:59|1:6|1:60|1:61|1:62|1:63|1:7|1:8|1:9|2:0|2:1|2:10|2:11|2:12|2:13|2:14|2:15|2:16|2:17|2:18|2:19|2:2|2:20|2:21|2:22|2:23|2:24|2:25|2:26|2:27|2:28|2:29|2:3|2:30|2:31|2:32|2:33|2:34|2:35|2:36|2:37|2:38|2:39|2:4|2:40|2:41|2:42|2:43|2:44|2:45|2:46|2:47|2:48|2:49|2:5|2:50|2:52|2:53|2:54|2:55|2:56|2:57|2:58|2:59|2:6|2:60|2:61|2:62|2:63|2:7|2:8|2:9|3:0|3:1|3:10|3:11|3:12|3:13|3:14|3:15|3:16|3:17|3:18|3:19|3:2|3:20|3:21|3:22|3:23|3:24|3:25|3:26|3:27|3:28|3:29|3:3|3:30|3:31|3:32|3:34|3:35|3:36|3:37|3:38|3:39|3:4|3:40|3:41|3:42|3:43|3:44|3:45|3:46|3:47|3:48|3:49|3:5|3:50|3:52|3:53|3:54|3:55|3:56|3:57|3:58|3:59|3:6|3:60|3:61|3:62|3:63|3:7|3:8|3:9|4:0|4:1|4:10|4:11|4:12|4:13|4:14|4:15|4:16|4:17|4:18|4:19|4:2|4:20|4:21|4:22|4:23|4:24|4:25|4:26|4:27|4:28|4:29|4:3|4:30|4:31|4:32|4:33|4:34|4:35|4:36|4:37|4:38|4:39|4:4|4:40|4:41|4:42|4:43|4:44|4:45|4:46|4:47|4:48|4:49|4:5|4:50|4:51|4:52|4:53|4:54|4:55|4:56|4:57|4:58|4:59|4:6|4:60|4:61|4:62|4:63|4:7|4:8|4:9|5:0|5:1|5:10|5:11|5:12|5:13|5:14|5:15|5:16|5:17|5:18|5:19|5:2|5:20|5:21|5:22|5:23|5:24|5:25|5:26|5:27|5:28|5:29|5:3|5:30|5:31|5:32|5:33|5:34|5:35|5:36|5:37|5:38|5:39|5:4|5:40|5:41|5:42|5:43|5:44|5:45|5:46|5:47|5:48|5:49|5:5|5:50|5:52|5:53|5:54|5:55|5:56|5:57|5:58|5:59|5:6|5:60|5:61|5:62|5:63|5:7|5:8|5:9
TIERING-OFF,162,exact-v9-5-to-6mwe,128784,outlet,C2-MIXTURE-PREFIX,316,0,344.9,1|2|3|4|5,1:0|1:1|1:10|1:11|1:12|1:13|1:14|1:15|1:16|1:17|1:18|1:19|1:2|1:20|1:21|1:22|1:23|1:24|1:25|1:26|1:27|1:28|1:29|1:3|1:30|1:31|1:32|1:33|1:34|1:35|1:36|1:37|1:38|1:39|1:4|1:40|1:41|1:42|1:43|1:44|1:45|1:46|1:47|1:48|1:49|1:5|1:50|1:51|1:52|1:53|1:54|1:55|1:56|1:57|1:58|1:59|1:6|1:60|1:61|1:62|1:63|1:7|1:8|1:9|2:0|2:1|2:10|2:11|2:12|2:13|2:14|2:15|2:16|2:17|2:18|2:19|2:2|2:20|2:21|2:22|2:23|2:24|2:25|2:26|2:27|2:28|2:29|2:3|2:30|2:31|2:32|2:33|2:34|2:35|2:36|2:37|2:38|2:39|2:4|2:40|2:41|2:42|2:43|2:44|2:45|2:46|2:47|2:48|2:49|2:5|2:50|2:52|2:53|2:54|2:55|2:56|2:57|2:58|2:59|2:6|2:60|2:61|2:62|2:63|2:7|2:8|2:9|3:0|3:1|3:10|3:11|3:12|3:13|3:14|3:15|3:16|3:17|3:18|3:19|3:2|3:20|3:21|3:22|3:23|3:24|3:25|3:26|3:27|3:28|3:29|3:3|3:30|3:31|3:32|3:34|3:35|3:36|3:37|3:38|3:39|3:4|3:40|3:41|3:42|3:43|3:44|3:45|3:46|3:47|3:48|3:49|3:5|3:50|3:52|3:53|3:54|3:55|3:56|3:57|3:58|3:59|3:6|3:60|3:61|3:62|3:63|3:7|3:8|3:9|4:0|4:1|4:10|4:11|4:12|4:13|4:14|4:15|4:16|4:17|4:18|4:19|4:2|4:20|4:21|4:22|4:23|4:24|4:25|4:26|4:27|4:28|4:29|4:3|4:30|4:31|4:32|4:33|4:34|4:35|4:36|4:37|4:38|4:39|4:4|4:40|4:41|4:42|4:43|4:44|4:45|4:46|4:47|4:48|4:49|4:5|4:50|4:51|4:52|4:53|4:54|4:55|4:56|4:57|4:58|4:59|4:6|4:60|4:61|4:62|4:63|4:7|4:8|4:9|5:0|5:1|5:10|5:11|5:12|5:13|5:14|5:15|5:16|5:17|5:18|5:19|5:2|5:20|5:21|5:22|5:23|5:24|5:25|5:26|5:27|5:28|5:29|5:3|5:30|5:31|5:32|5:33|5:34|5:35|5:36|5:37|5:38|5:39|5:4|5:40|5:41|5:42|5:43|5:44|5:45|5:46|5:47|5:48|5:49|5:5|5:50|5:52|5:53|5:54|5:55|5:56|5:57|5:58|5:59|5:6|5:60|5:61|5:62|5:63|5:7|5:8|5:9
TIERING-OFF,163,exact-v9-5-to-6mwe,128784,drum,C2-MIXTURE-PREFIX,316,0,252.4,1|2|3|4|5,1:0|1:1|1:10|1:11|1:12|1:13|1:14|1:15|1:16|1:17|1:18|1:19|1:2|1:20|1:21|1:22|1:23|1:24|1:25|1:26|1:27|1:28|1:29|1:3|1:30|1:31|1:32|1:33|1:34|1:35|1:36|1:37|1:38|1:39|1:4|1:40|1:41|1:42|1:43|1:44|1:45|1:46|1:47|1:48|1:49|1:5|1:50|1:51|1:52|1:53|1:54|1:55|1:56|1:57|1:58|1:59|1:6|1:60|1:61|1:62|1:63|1:7|1:8|1:9|2:0|2:1|2:10|2:11|2:12|2:13|2:14|2:15|2:16|2:17|2:18|2:19|2:2|2:20|2:21|2:22|2:23|2:24|2:25|2:26|2:27|2:28|2:29|2:3|2:30|2:31|2:32|2:33|2:34|2:35|2:36|2:37|2:38|2:39|2:4|2:40|2:41|2:42|2:43|2:44|2:45|2:46|2:47|2:48|2:49|2:5|2:50|2:52|2:53|2:54|2:55|2:56|2:57|2:58|2:59|2:6|2:60|2:61|2:62|2:63|2:7|2:8|2:9|3:0|3:1|3:10|3:11|3:12|3:13|3:14|3:15|3:16|3:17|3:18|3:19|3:2|3:20|3:21|3:22|3:23|3:24|3:25|3:26|3:27|3:28|3:29|3:3|3:30|3:31|3:32|3:34|3:35|3:36|3:37|3:38|3:39|3:4|3:40|3:41|3:42|3:43|3:44|3:45|3:46|3:47|3:48|3:49|3:5|3:50|3:52|3:53|3:54|3:55|3:56|3:57|3:58|3:59|3:6|3:60|3:61|3:62|3:63|3:7|3:8|3:9|4:0|4:1|4:10|4:11|4:12|4:13|4:14|4:15|4:16|4:17|4:18|4:19|4:2|4:20|4:21|4:22|4:23|4:24|4:25|4:26|4:27|4:28|4:29|4:3|4:30|4:31|4:32|4:33|4:34|4:35|4:36|4:37|4:38|4:39|4:4|4:40|4:41|4:42|4:43|4:44|4:45|4:46|4:47|4:48|4:49|4:5|4:50|4:51|4:52|4:53|4:54|4:55|4:56|4:57|4:58|4:59|4:6|4:60|4:61|4:62|4:63|4:7|4:8|4:9|5:0|5:1|5:10|5:11|5:12|5:13|5:14|5:15|5:16|5:17|5:18|5:19|5:2|5:20|5:21|5:22|5:23|5:24|5:25|5:26|5:27|5:28|5:29|5:3|5:30|5:31|5:32|5:33|5:34|5:35|5:36|5:37|5:38|5:39|5:4|5:40|5:41|5:42|5:43|5:44|5:45|5:46|5:47|5:48|5:49|5:5|5:50|5:52|5:53|5:54|5:55|5:56|5:57|5:58|5:59|5:6|5:60|5:61|5:62|5:63|5:7|5:8|5:9
TIERING-OFF,165,exact-v9-5-to-6mwe,134784,suction,C2-MIXTURE-PREFIX,316,0,209.1,1|2|3|4|5,1:0|1:1|1:10|1:11|1:12|1:13|1:14|1:15|1:16|1:17|1:18|1:19|1:2|1:20|1:21|1:22|1:23|1:24|1:25|1:26|1:27|1:28|1:29|1:3|1:30|1:31|1:32|1:33|1:34|1:35|1:36|1:37|1:38|1:39|1:4|1:40|1:41|1:42|1:43|1:44|1:45|1:46|1:47|1:48|1:49|1:5|1:50|1:51|1:52|1:53|1:54|1:55|1:56|1:57|1:58|1:59|1:6|1:60|1:61|1:62|1:63|1:7|1:8|1:9|2:0|2:1|2:10|2:11|2:12|2:13|2:14|2:15|2:16|2:17|2:18|2:19|2:2|2:20|2:21|2:22|2:23|2:24|2:25|2:26|2:27|2:28|2:29|2:3|2:30|2:31|2:32|2:33|2:34|2:35|2:36|2:37|2:38|2:39|2:4|2:40|2:41|2:42|2:43|2:44|2:45|2:46|2:47|2:48|2:49|2:5|2:50|2:52|2:53|2:54|2:55|2:56|2:57|2:58|2:59|2:6|2:60|2:61|2:62|2:63|2:7|2:8|2:9|3:0|3:1|3:10|3:11|3:12|3:13|3:14|3:15|3:16|3:17|3:18|3:19|3:2|3:20|3:21|3:22|3:23|3:24|3:25|3:26|3:27|3:28|3:29|3:3|3:30|3:31|3:32|3:34|3:35|3:36|3:37|3:38|3:39|3:4|3:40|3:41|3:42|3:43|3:44|3:45|3:46|3:47|3:48|3:49|3:5|3:50|3:52|3:53|3:54|3:55|3:56|3:57|3:58|3:59|3:6|3:60|3:61|3:62|3:63|3:7|3:8|3:9|4:0|4:1|4:10|4:11|4:12|4:13|4:14|4:15|4:16|4:17|4:18|4:19|4:2|4:20|4:21|4:22|4:23|4:24|4:25|4:26|4:27|4:28|4:29|4:3|4:30|4:31|4:32|4:33|4:34|4:35|4:36|4:37|4:38|4:39|4:4|4:40|4:41|4:42|4:43|4:44|4:45|4:46|4:47|4:48|4:49|4:5|4:50|4:51|4:52|4:53|4:54|4:55|4:56|4:57|4:58|4:59|4:6|4:60|4:61|4:62|4:63|4:7|4:8|4:9|5:0|5:1|5:10|5:11|5:12|5:13|5:14|5:15|5:16|5:17|5:18|5:19|5:2|5:20|5:21|5:22|5:23|5:24|5:25|5:26|5:27|5:28|5:29|5:3|5:30|5:31|5:32|5:33|5:34|5:35|5:36|5:37|5:38|5:39|5:4|5:40|5:41|5:42|5:43|5:44|5:45|5:46|5:47|5:48|5:49|5:5|5:50|5:52|5:53|5:54|5:55|5:56|5:57|5:58|5:59|5:6|5:60|5:61|5:62|5:63|5:7|5:8|5:9
TIERING-OFF,166,exact-v9-5-to-6mwe,134784,pressure,C2-MIXTURE-PREFIX,315,0,240,1|2|3|4|5,1:0|1:1|1:10|1:11|1:12|1:13|1:14|1:15|1:16|1:17|1:18|1:19|1:2|1:20|1:21|1:22|1:23|1:24|1:25|1:26|1:27|1:28|1:29|1:3|1:30|1:31|1:32|1:33|1:34|1:35|1:36|1:37|1:38|1:39|1:4|1:40|1:41|1:42|1:43|1:44|1:45|1:46|1:47|1:48|1:49|1:5|1:50|1:51|1:52|1:53|1:54|1:55|1:56|1:57|1:58|1:59|1:6|1:60|1:61|1:62|1:63|1:7|1:8|1:9|2:0|2:1|2:10|2:11|2:12|2:13|2:14|2:15|2:16|2:17|2:18|2:19|2:2|2:20|2:21|2:22|2:23|2:24|2:25|2:26|2:27|2:28|2:29|2:3|2:30|2:31|2:32|2:33|2:34|2:35|2:36|2:37|2:38|2:39|2:4|2:40|2:41|2:42|2:43|2:44|2:45|2:46|2:47|2:48|2:49|2:5|2:50|2:53|2:54|2:55|2:56|2:57|2:58|2:59|2:6|2:60|2:61|2:62|2:63|2:7|2:8|2:9|3:0|3:1|3:10|3:11|3:12|3:13|3:14|3:15|3:16|3:17|3:18|3:19|3:2|3:20|3:21|3:22|3:23|3:24|3:25|3:26|3:27|3:28|3:29|3:3|3:30|3:31|3:32|3:34|3:35|3:36|3:37|3:38|3:39|3:4|3:40|3:41|3:42|3:43|3:44|3:45|3:46|3:47|3:48|3:49|3:5|3:50|3:52|3:53|3:54|3:55|3:56|3:57|3:58|3:59|3:6|3:60|3:61|3:62|3:63|3:7|3:8|3:9|4:0|4:1|4:10|4:11|4:12|4:13|4:14|4:15|4:16|4:17|4:18|4:19|4:2|4:20|4:21|4:22|4:23|4:24|4:25|4:26|4:27|4:28|4:29|4:3|4:30|4:31|4:32|4:33|4:34|4:35|4:36|4:37|4:38|4:39|4:4|4:40|4:41|4:42|4:43|4:44|4:45|4:46|4:47|4:48|4:49|4:5|4:50|4:51|4:52|4:53|4:54|4:55|4:56|4:57|4:58|4:59|4:6|4:60|4:61|4:62|4:63|4:7|4:8|4:9|5:0|5:1|5:10|5:11|5:12|5:13|5:14|5:15|5:16|5:17|5:18|5:19|5:2|5:20|5:21|5:22|5:23|5:24|5:25|5:26|5:27|5:28|5:29|5:3|5:30|5:31|5:32|5:33|5:34|5:35|5:36|5:37|5:38|5:39|5:4|5:40|5:41|5:42|5:43|5:44|5:45|5:46|5:47|5:48|5:49|5:5|5:50|5:52|5:53|5:54|5:55|5:56|5:57|5:58|5:59|5:6|5:60|5:61|5:62|5:63|5:7|5:8|5:9
TIERING-OFF,167,exact-v9-5-to-6mwe,134784,outlet,C2-MIXTURE-PREFIX,315,1,1003.2,1|2|3|4|5,1:0|1:1|1:10|1:11|1:12|1:13|1:14|1:15|1:16|1:17|1:18|1:19|1:2|1:20|1:21|1:22|1:23|1:24|1:25|1:26|1:27|1:28|1:29|1:3|1:30|1:31|1:32|1:33|1:34|1:35|1:36|1:37|1:38|1:39|1:4|1:40|1:41|1:42|1:43|1:44|1:45|1:46|1:47|1:48|1:49|1:5|1:50|1:51|1:52|1:53|1:54|1:55|1:56|1:57|1:58|1:59|1:6|1:60|1:61|1:62|1:63|1:7|1:8|1:9|2:0|2:1|2:10|2:11|2:12|2:13|2:14|2:15|2:16|2:17|2:18|2:19|2:2|2:20|2:21|2:22|2:23|2:24|2:25|2:26|2:27|2:28|2:29|2:3|2:30|2:31|2:32|2:33|2:34|2:35|2:36|2:37|2:38|2:39|2:4|2:40|2:41|2:42|2:43|2:44|2:45|2:46|2:47|2:48|2:49|2:5|2:50|2:53|2:54|2:55|2:56|2:57|2:58|2:59|2:6|2:60|2:61|2:62|2:63|2:7|2:8|2:9|3:0|3:1|3:10|3:11|3:12|3:13|3:14|3:15|3:16|3:17|3:18|3:19|3:2|3:20|3:21|3:22|3:23|3:24|3:25|3:26|3:27|3:28|3:29|3:3|3:30|3:31|3:32|3:34|3:35|3:36|3:37|3:38|3:39|3:4|3:40|3:41|3:42|3:43|3:44|3:45|3:46|3:47|3:48|3:49|3:5|3:50|3:52|3:53|3:54|3:55|3:56|3:57|3:58|3:59|3:6|3:60|3:61|3:62|3:63|3:7|3:8|3:9|4:0|4:1|4:10|4:11|4:12|4:13|4:14|4:15|4:16|4:17|4:18|4:19|4:2|4:20|4:21|4:22|4:23|4:24|4:25|4:26|4:27|4:28|4:29|4:3|4:30|4:31|4:32|4:33|4:34|4:35|4:36|4:37|4:38|4:39|4:4|4:40|4:41|4:42|4:43|4:44|4:45|4:46|4:47|4:48|4:49|4:5|4:50|4:51|4:52|4:53|4:54|4:55|4:56|4:57|4:58|4:59|4:6|4:60|4:61|4:62|4:63|4:7|4:8|4:9|5:0|5:1|5:10|5:11|5:12|5:13|5:14|5:15|5:16|5:17|5:18|5:19|5:2|5:20|5:21|5:22|5:23|5:24|5:25|5:26|5:27|5:28|5:29|5:3|5:30|5:31|5:32|5:33|5:34|5:35|5:36|5:37|5:38|5:39|5:4|5:40|5:41|5:42|5:43|5:44|5:45|5:46|5:47|5:48|5:49|5:5|5:50|5:52|5:53|5:54|5:55|5:56|5:57|5:58|5:59|5:6|5:60|5:61|5:62|5:63|5:7|5:8|5:9
TIERING-OFF,168,exact-v9-5-to-6mwe,134784,drum,C2-MIXTURE-PREFIX,315,0,158.1,1|2|3|4|5,1:0|1:1|1:10|1:11|1:12|1:13|1:14|1:15|1:16|1:17|1:18|1:19|1:2|1:20|1:21|1:22|1:23|1:24|1:25|1:26|1:27|1:28|1:29|1:3|1:30|1:31|1:32|1:33|1:34|1:35|1:36|1:37|1:38|1:39|1:4|1:40|1:41|1:42|1:43|1:44|1:45|1:46|1:47|1:48|1:49|1:5|1:50|1:51|1:52|1:53|1:54|1:55|1:56|1:57|1:58|1:59|1:6|1:60|1:61|1:62|1:63|1:7|1:8|1:9|2:0|2:1|2:10|2:11|2:12|2:13|2:14|2:15|2:16|2:17|2:18|2:19|2:2|2:20|2:21|2:22|2:23|2:24|2:25|2:26|2:27|2:28|2:29|2:3|2:30|2:31|2:32|2:33|2:34|2:35|2:36|2:37|2:38|2:39|2:4|2:40|2:41|2:42|2:43|2:44|2:45|2:46|2:47|2:48|2:49|2:5|2:50|2:53|2:54|2:55|2:56|2:57|2:58|2:59|2:6|2:60|2:61|2:62|2:63|2:7|2:8|2:9|3:0|3:1|3:10|3:11|3:12|3:13|3:14|3:15|3:16|3:17|3:18|3:19|3:2|3:20|3:21|3:22|3:23|3:24|3:25|3:26|3:27|3:28|3:29|3:3|3:30|3:31|3:32|3:34|3:35|3:36|3:37|3:38|3:39|3:4|3:40|3:41|3:42|3:43|3:44|3:45|3:46|3:47|3:48|3:49|3:5|3:50|3:52|3:53|3:54|3:55|3:56|3:57|3:58|3:59|3:6|3:60|3:61|3:62|3:63|3:7|3:8|3:9|4:0|4:1|4:10|4:11|4:12|4:13|4:14|4:15|4:16|4:17|4:18|4:19|4:2|4:20|4:21|4:22|4:23|4:24|4:25|4:26|4:27|4:28|4:29|4:3|4:30|4:31|4:32|4:33|4:34|4:35|4:36|4:37|4:38|4:39|4:4|4:40|4:41|4:42|4:43|4:44|4:45|4:46|4:47|4:48|4:49|4:5|4:50|4:51|4:52|4:53|4:54|4:55|4:56|4:57|4:58|4:59|4:6|4:60|4:61|4:62|4:63|4:7|4:8|4:9|5:0|5:1|5:10|5:11|5:12|5:13|5:14|5:15|5:16|5:17|5:18|5:19|5:2|5:20|5:21|5:22|5:23|5:24|5:25|5:26|5:27|5:28|5:29|5:3|5:30|5:31|5:32|5:33|5:34|5:35|5:36|5:37|5:38|5:39|5:4|5:40|5:41|5:42|5:43|5:44|5:45|5:46|5:47|5:48|5:49|5:5|5:50|5:52|5:53|5:54|5:55|5:56|5:57|5:58|5:59|5:6|5:60|5:61|5:62|5:63|5:7|5:8|5:9
TIERING-OFF,169,exact-v9-5-to-6mwe,134784,feedwater-inventory,C2-MIXTURE-PREFIX,1,0,136.4,3,3:22
TIERING-OFF,17,background-reference,18000,outlet,C2-MIXTURE-PREFIX,316,0,378.9,1|2|3|4|5,1:0|1:1|1:10|1:11|1:12|1:13|1:14|1:15|1:16|1:17|1:18|1:19|1:2|1:20|1:21|1:22|1:23|1:24|1:25|1:26|1:27|1:28|1:29|1:3|1:30|1:31|1:32|1:33|1:34|1:35|1:36|1:37|1:38|1:39|1:4|1:40|1:41|1:42|1:43|1:44|1:45|1:46|1:47|1:48|1:49|1:5|1:50|1:51|1:52|1:53|1:54|1:55|1:56|1:57|1:58|1:59|1:6|1:60|1:61|1:62|1:63|1:7|1:8|1:9|2:0|2:1|2:10|2:11|2:12|2:13|2:14|2:15|2:16|2:17|2:18|2:19|2:2|2:20|2:21|2:22|2:23|2:24|2:25|2:26|2:27|2:28|2:29|2:3|2:30|2:31|2:32|2:33|2:34|2:35|2:36|2:37|2:38|2:39|2:4|2:40|2:42|2:43|2:44|2:45|2:46|2:47|2:48|2:49|2:5|2:51|2:52|2:53|2:54|2:55|2:56|2:57|2:58|2:59|2:6|2:60|2:61|2:62|2:63|2:7|2:8|2:9|3:0|3:1|3:10|3:11|3:12|3:13|3:14|3:15|3:16|3:17|3:18|3:19|3:2|3:20|3:21|3:22|3:23|3:24|3:25|3:26|3:27|3:28|3:29|3:3|3:30|3:31|3:32|3:33|3:34|3:35|3:36|3:37|3:38|3:39|3:4|3:40|3:41|3:42|3:43|3:44|3:45|3:46|3:47|3:48|3:49|3:5|3:50|3:51|3:52|3:53|3:54|3:55|3:56|3:57|3:58|3:59|3:6|3:60|3:61|3:62|3:63|3:7|3:8|3:9|4:0|4:1|4:10|4:11|4:12|4:13|4:14|4:15|4:16|4:17|4:18|4:19|4:2|4:20|4:21|4:22|4:23|4:24|4:25|4:26|4:27|4:28|4:29|4:3|4:30|4:31|4:32|4:33|4:34|4:35|4:36|4:37|4:38|4:39|4:4|4:40|4:41|4:42|4:43|4:44|4:45|4:46|4:47|4:48|4:49|4:5|4:50|4:51|4:52|4:53|4:54|4:55|4:56|4:57|4:58|4:59|4:6|4:60|4:61|4:62|4:63|4:7|4:8|4:9|5:0|5:1|5:10|5:11|5:12|5:13|5:14|5:15|5:16|5:17|5:18|5:19|5:2|5:20|5:21|5:22|5:23|5:24|5:25|5:26|5:27|5:28|5:29|5:3|5:30|5:31|5:32|5:33|5:34|5:35|5:36|5:37|5:38|5:39|5:4|5:40|5:41|5:42|5:43|5:44|5:45|5:46|5:47|5:48|5:49|5:5|5:52|5:53|5:54|5:55|5:56|5:57|5:58|5:59|5:6|5:60|5:61|5:62|5:63|5:7|5:8|5:9
TIERING-OFF,170,exact-v9-5-to-6mwe,140784,suction,C2-MIXTURE-PREFIX,316,0,263.4,1|2|3|4|5,1:0|1:1|1:10|1:11|1:12|1:13|1:14|1:15|1:16|1:17|1:18|1:19|1:2|1:20|1:21|1:22|1:23|1:24|1:25|1:26|1:27|1:28|1:29|1:3|1:30|1:31|1:32|1:33|1:34|1:35|1:36|1:37|1:38|1:39|1:4|1:40|1:41|1:42|1:43|1:44|1:45|1:46|1:47|1:48|1:49|1:5|1:50|1:51|1:52|1:53|1:54|1:55|1:56|1:57|1:58|1:59|1:6|1:60|1:61|1:62|1:63|1:7|1:8|1:9|2:0|2:1|2:10|2:11|2:12|2:13|2:14|2:15|2:16|2:17|2:18|2:19|2:2|2:20|2:21|2:22|2:23|2:24|2:25|2:26|2:27|2:28|2:29|2:3|2:30|2:31|2:32|2:33|2:34|2:35|2:36|2:37|2:38|2:39|2:4|2:40|2:41|2:42|2:43|2:44|2:45|2:46|2:47|2:48|2:49|2:5|2:50|2:52|2:53|2:54|2:55|2:56|2:57|2:58|2:59|2:6|2:60|2:61|2:62|2:63|2:7|2:8|2:9|3:0|3:1|3:10|3:11|3:12|3:13|3:14|3:15|3:16|3:17|3:18|3:19|3:2|3:20|3:21|3:22|3:23|3:24|3:25|3:26|3:27|3:28|3:29|3:3|3:30|3:31|3:32|3:34|3:35|3:36|3:37|3:38|3:39|3:4|3:40|3:41|3:42|3:43|3:44|3:45|3:46|3:47|3:48|3:49|3:5|3:50|3:52|3:53|3:54|3:55|3:56|3:57|3:58|3:59|3:6|3:60|3:61|3:62|3:63|3:7|3:8|3:9|4:0|4:1|4:10|4:11|4:12|4:13|4:14|4:15|4:16|4:17|4:18|4:19|4:2|4:20|4:21|4:22|4:23|4:24|4:25|4:26|4:27|4:28|4:29|4:3|4:30|4:31|4:32|4:33|4:34|4:35|4:36|4:37|4:38|4:39|4:4|4:40|4:41|4:42|4:43|4:44|4:45|4:46|4:47|4:48|4:49|4:5|4:50|4:51|4:52|4:53|4:54|4:55|4:56|4:57|4:58|4:59|4:6|4:60|4:61|4:62|4:63|4:7|4:8|4:9|5:0|5:1|5:10|5:11|5:12|5:13|5:14|5:15|5:16|5:17|5:18|5:19|5:2|5:20|5:21|5:22|5:23|5:24|5:25|5:26|5:27|5:28|5:29|5:3|5:30|5:31|5:32|5:33|5:34|5:35|5:36|5:37|5:38|5:39|5:4|5:40|5:41|5:42|5:43|5:44|5:45|5:46|5:47|5:48|5:49|5:5|5:50|5:52|5:53|5:54|5:55|5:56|5:57|5:58|5:59|5:6|5:60|5:61|5:62|5:63|5:7|5:8|5:9
TIERING-OFF,171,exact-v9-5-to-6mwe,140784,pressure,C2-MIXTURE-PREFIX,316,0,385.3,1|2|3|4|5,1:0|1:1|1:10|1:11|1:12|1:13|1:14|1:15|1:16|1:17|1:18|1:19|1:2|1:20|1:21|1:22|1:23|1:24|1:25|1:26|1:27|1:28|1:29|1:3|1:30|1:31|1:32|1:33|1:34|1:35|1:36|1:37|1:38|1:39|1:4|1:40|1:41|1:42|1:43|1:44|1:45|1:46|1:47|1:48|1:49|1:5|1:50|1:51|1:52|1:53|1:54|1:55|1:56|1:57|1:58|1:59|1:6|1:60|1:61|1:62|1:63|1:7|1:8|1:9|2:0|2:1|2:10|2:11|2:12|2:13|2:14|2:15|2:16|2:17|2:18|2:19|2:2|2:20|2:21|2:22|2:23|2:24|2:25|2:26|2:27|2:28|2:29|2:3|2:30|2:31|2:32|2:33|2:34|2:35|2:36|2:37|2:38|2:39|2:4|2:40|2:41|2:42|2:43|2:44|2:45|2:46|2:47|2:48|2:49|2:5|2:50|2:52|2:53|2:54|2:55|2:56|2:57|2:58|2:59|2:6|2:60|2:61|2:62|2:63|2:7|2:8|2:9|3:0|3:1|3:10|3:11|3:12|3:13|3:14|3:15|3:16|3:17|3:18|3:19|3:2|3:20|3:21|3:22|3:23|3:24|3:25|3:26|3:27|3:28|3:29|3:3|3:30|3:31|3:32|3:34|3:35|3:36|3:37|3:38|3:39|3:4|3:40|3:41|3:42|3:43|3:44|3:45|3:46|3:47|3:48|3:49|3:5|3:50|3:52|3:53|3:54|3:55|3:56|3:57|3:58|3:59|3:6|3:60|3:61|3:62|3:63|3:7|3:8|3:9|4:0|4:1|4:10|4:11|4:12|4:13|4:14|4:15|4:16|4:17|4:18|4:19|4:2|4:20|4:21|4:22|4:23|4:24|4:25|4:26|4:27|4:28|4:29|4:3|4:30|4:31|4:32|4:33|4:34|4:35|4:36|4:37|4:38|4:39|4:4|4:40|4:41|4:42|4:43|4:44|4:45|4:46|4:47|4:48|4:49|4:5|4:50|4:51|4:52|4:53|4:54|4:55|4:56|4:57|4:58|4:59|4:6|4:60|4:61|4:62|4:63|4:7|4:8|4:9|5:0|5:1|5:10|5:11|5:12|5:13|5:14|5:15|5:16|5:17|5:18|5:19|5:2|5:20|5:21|5:22|5:23|5:24|5:25|5:26|5:27|5:28|5:29|5:3|5:30|5:31|5:32|5:33|5:34|5:35|5:36|5:37|5:38|5:39|5:4|5:40|5:41|5:42|5:43|5:44|5:45|5:46|5:47|5:48|5:49|5:5|5:50|5:52|5:53|5:54|5:55|5:56|5:57|5:58|5:59|5:6|5:60|5:61|5:62|5:63|5:7|5:8|5:9
TIERING-OFF,172,exact-v9-5-to-6mwe,140784,outlet,C2-MIXTURE-PREFIX,316,0,219.8,1|2|3|4|5,1:0|1:1|1:10|1:11|1:12|1:13|1:14|1:15|1:16|1:17|1:18|1:19|1:2|1:20|1:21|1:22|1:23|1:24|1:25|1:26|1:27|1:28|1:29|1:3|1:30|1:31|1:32|1:33|1:34|1:35|1:36|1:37|1:38|1:39|1:4|1:40|1:41|1:42|1:43|1:44|1:45|1:46|1:47|1:48|1:49|1:5|1:50|1:51|1:52|1:53|1:54|1:55|1:56|1:57|1:58|1:59|1:6|1:60|1:61|1:62|1:63|1:7|1:8|1:9|2:0|2:1|2:10|2:11|2:12|2:13|2:14|2:15|2:16|2:17|2:18|2:19|2:2|2:20|2:21|2:22|2:23|2:24|2:25|2:26|2:27|2:28|2:29|2:3|2:30|2:31|2:32|2:33|2:34|2:35|2:36|2:37|2:38|2:39|2:4|2:40|2:41|2:42|2:43|2:44|2:45|2:46|2:47|2:48|2:49|2:5|2:50|2:52|2:53|2:54|2:55|2:56|2:57|2:58|2:59|2:6|2:60|2:61|2:62|2:63|2:7|2:8|2:9|3:0|3:1|3:10|3:11|3:12|3:13|3:14|3:15|3:16|3:17|3:18|3:19|3:2|3:20|3:21|3:22|3:23|3:24|3:25|3:26|3:27|3:28|3:29|3:3|3:30|3:31|3:32|3:34|3:35|3:36|3:37|3:38|3:39|3:4|3:40|3:41|3:42|3:43|3:44|3:45|3:46|3:47|3:48|3:49|3:5|3:50|3:52|3:53|3:54|3:55|3:56|3:57|3:58|3:59|3:6|3:60|3:61|3:62|3:63|3:7|3:8|3:9|4:0|4:1|4:10|4:11|4:12|4:13|4:14|4:15|4:16|4:17|4:18|4:19|4:2|4:20|4:21|4:22|4:23|4:24|4:25|4:26|4:27|4:28|4:29|4:3|4:30|4:31|4:32|4:33|4:34|4:35|4:36|4:37|4:38|4:39|4:4|4:40|4:41|4:42|4:43|4:44|4:45|4:46|4:47|4:48|4:49|4:5|4:50|4:51|4:52|4:53|4:54|4:55|4:56|4:57|4:58|4:59|4:6|4:60|4:61|4:62|4:63|4:7|4:8|4:9|5:0|5:1|5:10|5:11|5:12|5:13|5:14|5:15|5:16|5:17|5:18|5:19|5:2|5:20|5:21|5:22|5:23|5:24|5:25|5:26|5:27|5:28|5:29|5:3|5:30|5:31|5:32|5:33|5:34|5:35|5:36|5:37|5:38|5:39|5:4|5:40|5:41|5:42|5:43|5:44|5:45|5:46|5:47|5:48|5:49|5:5|5:50|5:52|5:53|5:54|5:55|5:56|5:57|5:58|5:59|5:6|5:60|5:61|5:62|5:63|5:7|5:8|5:9
TIERING-OFF,173,exact-v9-5-to-6mwe,140784,drum,C2-MIXTURE-PREFIX,317,0,379.2,1|2|3|4|5,1:0|1:1|1:10|1:11|1:12|1:13|1:14|1:15|1:16|1:17|1:18|1:19|1:2|1:20|1:21|1:22|1:23|1:24|1:25|1:26|1:27|1:28|1:29|1:3|1:30|1:31|1:32|1:33|1:34|1:35|1:36|1:37|1:38|1:39|1:4|1:40|1:41|1:42|1:43|1:44|1:45|1:46|1:47|1:48|1:49|1:5|1:50|1:51|1:52|1:53|1:54|1:55|1:56|1:57|1:58|1:59|1:6|1:60|1:61|1:62|1:63|1:7|1:8|1:9|2:0|2:1|2:10|2:11|2:12|2:13|2:14|2:15|2:16|2:17|2:18|2:19|2:2|2:20|2:21|2:22|2:23|2:24|2:25|2:26|2:27|2:28|2:29|2:3|2:30|2:31|2:32|2:33|2:34|2:35|2:36|2:37|2:38|2:39|2:4|2:40|2:41|2:42|2:43|2:44|2:45|2:46|2:47|2:48|2:49|2:5|2:50|2:52|2:53|2:54|2:55|2:56|2:57|2:58|2:59|2:6|2:60|2:61|2:62|2:63|2:7|2:8|2:9|3:0|3:1|3:10|3:11|3:12|3:13|3:14|3:15|3:16|3:17|3:18|3:19|3:2|3:20|3:21|3:22|3:23|3:24|3:25|3:26|3:27|3:28|3:29|3:3|3:30|3:31|3:32|3:33|3:34|3:35|3:36|3:37|3:38|3:39|3:4|3:40|3:41|3:42|3:43|3:44|3:45|3:46|3:47|3:48|3:49|3:5|3:50|3:52|3:53|3:54|3:55|3:56|3:57|3:58|3:59|3:6|3:60|3:61|3:62|3:63|3:7|3:8|3:9|4:0|4:1|4:10|4:11|4:12|4:13|4:14|4:15|4:16|4:17|4:18|4:19|4:2|4:20|4:21|4:22|4:23|4:24|4:25|4:26|4:27|4:28|4:29|4:3|4:30|4:31|4:32|4:33|4:34|4:35|4:36|4:37|4:38|4:39|4:4|4:40|4:41|4:42|4:43|4:44|4:45|4:46|4:47|4:48|4:49|4:5|4:50|4:51|4:52|4:53|4:54|4:55|4:56|4:57|4:58|4:59|4:6|4:60|4:61|4:62|4:63|4:7|4:8|4:9|5:0|5:1|5:10|5:11|5:12|5:13|5:14|5:15|5:16|5:17|5:18|5:19|5:2|5:20|5:21|5:22|5:23|5:24|5:25|5:26|5:27|5:28|5:29|5:3|5:30|5:31|5:32|5:33|5:34|5:35|5:36|5:37|5:38|5:39|5:4|5:40|5:41|5:42|5:43|5:44|5:45|5:46|5:47|5:48|5:49|5:5|5:50|5:52|5:53|5:54|5:55|5:56|5:57|5:58|5:59|5:6|5:60|5:61|5:62|5:63|5:7|5:8|5:9
TIERING-OFF,174,exact-v9-5-to-6mwe,140784,feedwater-inventory,C2-MIXTURE-PREFIX,1,0,110.4,2,2:19
TIERING-OFF,175,exact-v9-5-to-6mwe,146784,suction,C2-MIXTURE-PREFIX,316,0,261.9,1|2|3|4|5,1:0|1:1|1:10|1:11|1:12|1:13|1:14|1:15|1:16|1:17|1:18|1:19|1:2|1:20|1:21|1:22|1:23|1:24|1:25|1:26|1:27|1:28|1:29|1:3|1:30|1:31|1:32|1:33|1:34|1:35|1:36|1:37|1:38|1:39|1:4|1:40|1:41|1:42|1:43|1:44|1:45|1:46|1:47|1:48|1:49|1:5|1:50|1:51|1:52|1:53|1:54|1:55|1:56|1:57|1:58|1:59|1:6|1:60|1:61|1:62|1:63|1:7|1:8|1:9|2:0|2:1|2:10|2:11|2:12|2:13|2:14|2:15|2:16|2:17|2:18|2:19|2:2|2:20|2:21|2:22|2:23|2:24|2:25|2:26|2:27|2:28|2:29|2:3|2:30|2:31|2:32|2:33|2:34|2:35|2:36|2:37|2:38|2:39|2:4|2:40|2:41|2:42|2:43|2:44|2:45|2:46|2:47|2:48|2:49|2:5|2:50|2:52|2:53|2:54|2:55|2:56|2:57|2:58|2:59|2:6|2:60|2:61|2:62|2:63|2:7|2:8|2:9|3:0|3:1|3:10|3:11|3:12|3:13|3:14|3:15|3:16|3:17|3:18|3:19|3:2|3:20|3:21|3:22|3:23|3:24|3:25|3:26|3:27|3:28|3:29|3:3|3:30|3:31|3:32|3:34|3:35|3:36|3:37|3:38|3:39|3:4|3:40|3:41|3:42|3:43|3:44|3:45|3:46|3:47|3:48|3:49|3:5|3:50|3:52|3:53|3:54|3:55|3:56|3:57|3:58|3:59|3:6|3:60|3:61|3:62|3:63|3:7|3:8|3:9|4:0|4:1|4:10|4:11|4:12|4:13|4:14|4:15|4:16|4:17|4:18|4:19|4:2|4:20|4:21|4:22|4:23|4:24|4:25|4:26|4:27|4:28|4:29|4:3|4:30|4:31|4:32|4:33|4:34|4:35|4:36|4:37|4:38|4:39|4:4|4:40|4:41|4:42|4:43|4:44|4:45|4:46|4:47|4:48|4:49|4:5|4:50|4:51|4:52|4:53|4:54|4:55|4:56|4:57|4:58|4:59|4:6|4:60|4:61|4:62|4:63|4:7|4:8|4:9|5:0|5:1|5:10|5:11|5:12|5:13|5:14|5:15|5:16|5:17|5:18|5:19|5:2|5:20|5:21|5:22|5:23|5:24|5:25|5:26|5:27|5:28|5:29|5:3|5:30|5:31|5:32|5:33|5:34|5:35|5:36|5:37|5:38|5:39|5:4|5:40|5:41|5:42|5:43|5:44|5:45|5:46|5:47|5:48|5:49|5:5|5:50|5:52|5:53|5:54|5:55|5:56|5:57|5:58|5:59|5:6|5:60|5:61|5:62|5:63|5:7|5:8|5:9
TIERING-OFF,176,exact-v9-5-to-6mwe,146784,pressure,C2-MIXTURE-PREFIX,316,0,205.1,1|2|3|4|5,1:0|1:1|1:10|1:11|1:12|1:13|1:14|1:15|1:16|1:17|1:18|1:19|1:2|1:20|1:21|1:22|1:23|1:24|1:25|1:26|1:27|1:28|1:29|1:3|1:30|1:31|1:32|1:33|1:34|1:35|1:36|1:37|1:38|1:39|1:4|1:40|1:41|1:42|1:43|1:44|1:45|1:46|1:47|1:48|1:49|1:5|1:50|1:51|1:52|1:53|1:54|1:55|1:56|1:57|1:58|1:59|1:6|1:60|1:61|1:62|1:63|1:7|1:8|1:9|2:0|2:1|2:10|2:11|2:12|2:13|2:14|2:15|2:16|2:17|2:18|2:19|2:2|2:20|2:21|2:22|2:23|2:24|2:25|2:26|2:27|2:28|2:29|2:3|2:30|2:31|2:32|2:33|2:34|2:35|2:36|2:37|2:38|2:39|2:4|2:40|2:41|2:42|2:43|2:44|2:45|2:46|2:47|2:48|2:49|2:5|2:50|2:52|2:53|2:54|2:55|2:56|2:57|2:58|2:59|2:6|2:60|2:61|2:62|2:63|2:7|2:8|2:9|3:0|3:1|3:10|3:11|3:12|3:13|3:14|3:15|3:16|3:17|3:18|3:19|3:2|3:20|3:21|3:22|3:23|3:24|3:25|3:26|3:27|3:28|3:29|3:3|3:30|3:31|3:32|3:34|3:35|3:36|3:37|3:38|3:39|3:4|3:40|3:41|3:42|3:43|3:44|3:45|3:46|3:47|3:48|3:49|3:5|3:50|3:52|3:53|3:54|3:55|3:56|3:57|3:58|3:59|3:6|3:60|3:61|3:62|3:63|3:7|3:8|3:9|4:0|4:1|4:10|4:11|4:12|4:13|4:14|4:15|4:16|4:17|4:18|4:19|4:2|4:20|4:21|4:22|4:23|4:24|4:25|4:26|4:27|4:28|4:29|4:3|4:30|4:31|4:32|4:33|4:34|4:35|4:36|4:37|4:38|4:39|4:4|4:40|4:41|4:42|4:43|4:44|4:45|4:46|4:47|4:48|4:49|4:5|4:50|4:51|4:52|4:53|4:54|4:55|4:56|4:57|4:58|4:59|4:6|4:60|4:61|4:62|4:63|4:7|4:8|4:9|5:0|5:1|5:10|5:11|5:12|5:13|5:14|5:15|5:16|5:17|5:18|5:19|5:2|5:20|5:21|5:22|5:23|5:24|5:25|5:26|5:27|5:28|5:29|5:3|5:30|5:31|5:32|5:33|5:34|5:35|5:36|5:37|5:38|5:39|5:4|5:40|5:41|5:42|5:43|5:44|5:45|5:46|5:47|5:48|5:49|5:5|5:50|5:52|5:53|5:54|5:55|5:56|5:57|5:58|5:59|5:6|5:60|5:61|5:62|5:63|5:7|5:8|5:9
TIERING-OFF,177,exact-v9-5-to-6mwe,146784,outlet,C2-MIXTURE-PREFIX,316,0,252.8,1|2|3|4|5,1:0|1:1|1:10|1:11|1:12|1:13|1:14|1:15|1:16|1:17|1:18|1:19|1:2|1:20|1:21|1:22|1:23|1:24|1:25|1:26|1:27|1:28|1:29|1:3|1:30|1:31|1:32|1:33|1:34|1:35|1:36|1:37|1:38|1:39|1:4|1:40|1:41|1:42|1:43|1:44|1:45|1:46|1:47|1:48|1:49|1:5|1:50|1:51|1:52|1:53|1:54|1:55|1:56|1:57|1:58|1:59|1:6|1:60|1:61|1:62|1:63|1:7|1:8|1:9|2:0|2:1|2:10|2:11|2:12|2:13|2:14|2:15|2:16|2:17|2:18|2:19|2:2|2:20|2:21|2:22|2:23|2:24|2:25|2:26|2:27|2:28|2:29|2:3|2:30|2:31|2:32|2:33|2:34|2:35|2:36|2:37|2:38|2:39|2:4|2:40|2:41|2:42|2:43|2:44|2:45|2:46|2:47|2:48|2:49|2:5|2:50|2:52|2:53|2:54|2:55|2:56|2:57|2:58|2:59|2:6|2:60|2:61|2:62|2:63|2:7|2:8|2:9|3:0|3:1|3:10|3:11|3:12|3:13|3:14|3:15|3:16|3:17|3:18|3:19|3:2|3:20|3:21|3:22|3:23|3:24|3:25|3:26|3:27|3:28|3:29|3:3|3:30|3:31|3:32|3:34|3:35|3:36|3:37|3:38|3:39|3:4|3:40|3:41|3:42|3:43|3:44|3:45|3:46|3:47|3:48|3:49|3:5|3:50|3:52|3:53|3:54|3:55|3:56|3:57|3:58|3:59|3:6|3:60|3:61|3:62|3:63|3:7|3:8|3:9|4:0|4:1|4:10|4:11|4:12|4:13|4:14|4:15|4:16|4:17|4:18|4:19|4:2|4:20|4:21|4:22|4:23|4:24|4:25|4:26|4:27|4:28|4:29|4:3|4:30|4:31|4:32|4:33|4:34|4:35|4:36|4:37|4:38|4:39|4:4|4:40|4:41|4:42|4:43|4:44|4:45|4:46|4:47|4:48|4:49|4:5|4:50|4:51|4:52|4:53|4:54|4:55|4:56|4:57|4:58|4:59|4:6|4:60|4:61|4:62|4:63|4:7|4:8|4:9|5:0|5:1|5:10|5:11|5:12|5:13|5:14|5:15|5:16|5:17|5:18|5:19|5:2|5:20|5:21|5:22|5:23|5:24|5:25|5:26|5:27|5:28|5:29|5:3|5:30|5:31|5:32|5:33|5:34|5:35|5:36|5:37|5:38|5:39|5:4|5:40|5:41|5:42|5:43|5:44|5:45|5:46|5:47|5:48|5:49|5:5|5:50|5:52|5:53|5:54|5:55|5:56|5:57|5:58|5:59|5:6|5:60|5:61|5:62|5:63|5:7|5:8|5:9
TIERING-OFF,178,exact-v9-5-to-6mwe,146784,drum,C2-MIXTURE-PREFIX,317,0,301.3,1|2|3|4|5,1:0|1:1|1:10|1:11|1:12|1:13|1:14|1:15|1:16|1:17|1:18|1:19|1:2|1:20|1:21|1:22|1:23|1:24|1:25|1:26|1:27|1:28|1:29|1:3|1:30|1:31|1:32|1:33|1:34|1:35|1:36|1:37|1:38|1:39|1:4|1:40|1:41|1:42|1:43|1:44|1:45|1:46|1:47|1:48|1:49|1:5|1:50|1:51|1:52|1:53|1:54|1:55|1:56|1:57|1:58|1:59|1:6|1:60|1:61|1:62|1:63|1:7|1:8|1:9|2:0|2:1|2:10|2:11|2:12|2:13|2:14|2:15|2:16|2:17|2:18|2:19|2:2|2:20|2:21|2:22|2:23|2:24|2:25|2:26|2:27|2:28|2:29|2:3|2:30|2:31|2:32|2:33|2:34|2:35|2:36|2:37|2:38|2:39|2:4|2:40|2:41|2:42|2:43|2:44|2:45|2:46|2:47|2:48|2:49|2:5|2:50|2:52|2:53|2:54|2:55|2:56|2:57|2:58|2:59|2:6|2:60|2:61|2:62|2:63|2:7|2:8|2:9|3:0|3:1|3:10|3:11|3:12|3:13|3:14|3:15|3:16|3:17|3:18|3:19|3:2|3:20|3:21|3:22|3:23|3:24|3:25|3:26|3:27|3:28|3:29|3:3|3:30|3:31|3:32|3:33|3:34|3:35|3:36|3:37|3:38|3:39|3:4|3:40|3:41|3:42|3:43|3:44|3:45|3:46|3:47|3:48|3:49|3:5|3:50|3:52|3:53|3:54|3:55|3:56|3:57|3:58|3:59|3:6|3:60|3:61|3:62|3:63|3:7|3:8|3:9|4:0|4:1|4:10|4:11|4:12|4:13|4:14|4:15|4:16|4:17|4:18|4:19|4:2|4:20|4:21|4:22|4:23|4:24|4:25|4:26|4:27|4:28|4:29|4:3|4:30|4:31|4:32|4:33|4:34|4:35|4:36|4:37|4:38|4:39|4:4|4:40|4:41|4:42|4:43|4:44|4:45|4:46|4:47|4:48|4:49|4:5|4:50|4:51|4:52|4:53|4:54|4:55|4:56|4:57|4:58|4:59|4:6|4:60|4:61|4:62|4:63|4:7|4:8|4:9|5:0|5:1|5:10|5:11|5:12|5:13|5:14|5:15|5:16|5:17|5:18|5:19|5:2|5:20|5:21|5:22|5:23|5:24|5:25|5:26|5:27|5:28|5:29|5:3|5:30|5:31|5:32|5:33|5:34|5:35|5:36|5:37|5:38|5:39|5:4|5:40|5:41|5:42|5:43|5:44|5:45|5:46|5:47|5:48|5:49|5:5|5:50|5:52|5:53|5:54|5:55|5:56|5:57|5:58|5:59|5:6|5:60|5:61|5:62|5:63|5:7|5:8|5:9
TIERING-OFF,179,exact-v9-5-to-6mwe,146784,feedwater-inventory,C2-MIXTURE-PREFIX,2,0,128.5,3|4,3:31|4:33
TIERING-OFF,18,background-reference,18000,drum,C2-MIXTURE-PREFIX,316,0,388.8,1|2|3|4|5,1:0|1:1|1:10|1:11|1:12|1:13|1:14|1:15|1:16|1:17|1:18|1:19|1:2|1:20|1:21|1:22|1:23|1:24|1:25|1:26|1:27|1:28|1:29|1:3|1:30|1:31|1:32|1:33|1:34|1:35|1:36|1:37|1:38|1:39|1:4|1:40|1:41|1:42|1:43|1:44|1:45|1:46|1:47|1:48|1:49|1:5|1:50|1:51|1:52|1:53|1:54|1:55|1:56|1:57|1:58|1:59|1:6|1:60|1:61|1:62|1:63|1:7|1:8|1:9|2:0|2:1|2:10|2:11|2:12|2:13|2:14|2:15|2:16|2:17|2:18|2:19|2:2|2:20|2:21|2:22|2:23|2:24|2:25|2:26|2:27|2:28|2:29|2:3|2:30|2:31|2:32|2:33|2:34|2:35|2:36|2:37|2:38|2:39|2:4|2:40|2:42|2:43|2:44|2:45|2:46|2:47|2:48|2:49|2:5|2:51|2:52|2:53|2:54|2:55|2:56|2:57|2:58|2:59|2:6|2:60|2:61|2:62|2:63|2:7|2:8|2:9|3:0|3:1|3:10|3:11|3:12|3:13|3:14|3:15|3:16|3:17|3:18|3:19|3:2|3:20|3:21|3:22|3:23|3:24|3:25|3:26|3:27|3:28|3:29|3:3|3:30|3:31|3:32|3:33|3:34|3:35|3:36|3:37|3:38|3:39|3:4|3:40|3:41|3:42|3:43|3:44|3:45|3:46|3:47|3:48|3:49|3:5|3:50|3:51|3:52|3:53|3:54|3:55|3:56|3:57|3:58|3:59|3:6|3:60|3:61|3:62|3:63|3:7|3:8|3:9|4:0|4:1|4:10|4:11|4:12|4:13|4:14|4:15|4:16|4:17|4:18|4:19|4:2|4:20|4:21|4:22|4:23|4:24|4:25|4:26|4:27|4:28|4:29|4:3|4:30|4:31|4:32|4:33|4:34|4:35|4:36|4:37|4:38|4:39|4:4|4:40|4:41|4:42|4:43|4:44|4:45|4:46|4:47|4:48|4:49|4:5|4:50|4:51|4:52|4:53|4:54|4:55|4:56|4:57|4:58|4:59|4:6|4:60|4:61|4:62|4:63|4:7|4:8|4:9|5:0|5:1|5:10|5:11|5:12|5:13|5:14|5:15|5:16|5:17|5:18|5:19|5:2|5:20|5:21|5:22|5:23|5:24|5:25|5:26|5:27|5:28|5:29|5:3|5:30|5:31|5:32|5:33|5:34|5:35|5:36|5:37|5:38|5:39|5:4|5:40|5:41|5:42|5:43|5:44|5:45|5:46|5:47|5:48|5:49|5:5|5:52|5:53|5:54|5:55|5:56|5:57|5:58|5:59|5:6|5:60|5:61|5:62|5:63|5:7|5:8|5:9
TIERING-OFF,180,exact-v9-5-to-6mwe,152784,suction,C2-MIXTURE-PREFIX,317,0,292.6,1|2|3|4|5,1:0|1:1|1:10|1:11|1:12|1:13|1:14|1:15|1:16|1:17|1:18|1:19|1:2|1:20|1:21|1:22|1:23|1:24|1:25|1:26|1:27|1:28|1:29|1:3|1:30|1:31|1:32|1:33|1:34|1:35|1:36|1:37|1:38|1:39|1:4|1:40|1:41|1:42|1:43|1:44|1:45|1:46|1:47|1:48|1:49|1:5|1:50|1:51|1:52|1:53|1:54|1:55|1:56|1:57|1:58|1:59|1:6|1:60|1:61|1:62|1:63|1:7|1:8|1:9|2:0|2:1|2:10|2:11|2:12|2:13|2:14|2:15|2:16|2:17|2:18|2:19|2:2|2:20|2:21|2:22|2:23|2:24|2:25|2:26|2:27|2:28|2:29|2:3|2:30|2:31|2:32|2:33|2:34|2:35|2:36|2:37|2:38|2:39|2:4|2:40|2:41|2:42|2:43|2:44|2:45|2:46|2:47|2:48|2:49|2:5|2:50|2:52|2:53|2:54|2:55|2:56|2:57|2:58|2:59|2:6|2:60|2:61|2:62|2:63|2:7|2:8|2:9|3:0|3:1|3:10|3:11|3:12|3:13|3:14|3:15|3:16|3:17|3:18|3:19|3:2|3:20|3:21|3:22|3:23|3:24|3:25|3:26|3:27|3:28|3:29|3:3|3:30|3:31|3:32|3:33|3:34|3:35|3:36|3:37|3:38|3:39|3:4|3:40|3:41|3:42|3:43|3:44|3:45|3:46|3:47|3:48|3:49|3:5|3:50|3:52|3:53|3:54|3:55|3:56|3:57|3:58|3:59|3:6|3:60|3:61|3:62|3:63|3:7|3:8|3:9|4:0|4:1|4:10|4:11|4:12|4:13|4:14|4:15|4:16|4:17|4:18|4:19|4:2|4:20|4:21|4:22|4:23|4:24|4:25|4:26|4:27|4:28|4:29|4:3|4:30|4:31|4:32|4:33|4:34|4:35|4:36|4:37|4:38|4:39|4:4|4:40|4:41|4:42|4:43|4:44|4:45|4:46|4:47|4:48|4:49|4:5|4:50|4:51|4:52|4:53|4:54|4:55|4:56|4:57|4:58|4:59|4:6|4:60|4:61|4:62|4:63|4:7|4:8|4:9|5:0|5:1|5:10|5:11|5:12|5:13|5:14|5:15|5:16|5:17|5:18|5:19|5:2|5:20|5:21|5:22|5:23|5:24|5:25|5:26|5:27|5:28|5:29|5:3|5:30|5:31|5:32|5:33|5:34|5:35|5:36|5:37|5:38|5:39|5:4|5:40|5:41|5:42|5:43|5:44|5:45|5:46|5:47|5:48|5:49|5:5|5:50|5:52|5:53|5:54|5:55|5:56|5:57|5:58|5:59|5:6|5:60|5:61|5:62|5:63|5:7|5:8|5:9
TIERING-OFF,181,exact-v9-5-to-6mwe,152784,pressure,C2-MIXTURE-PREFIX,317,0,235.7,1|2|3|4|5,1:0|1:1|1:10|1:11|1:12|1:13|1:14|1:15|1:16|1:17|1:18|1:19|1:2|1:20|1:21|1:22|1:23|1:24|1:25|1:26|1:27|1:28|1:29|1:3|1:30|1:31|1:32|1:33|1:34|1:35|1:36|1:37|1:38|1:39|1:4|1:40|1:41|1:42|1:43|1:44|1:45|1:46|1:47|1:48|1:49|1:5|1:50|1:51|1:52|1:53|1:54|1:55|1:56|1:57|1:58|1:59|1:6|1:60|1:61|1:62|1:63|1:7|1:8|1:9|2:0|2:1|2:10|2:11|2:12|2:13|2:14|2:15|2:16|2:17|2:18|2:19|2:2|2:20|2:21|2:22|2:23|2:24|2:25|2:26|2:27|2:28|2:29|2:3|2:30|2:31|2:32|2:33|2:34|2:35|2:36|2:37|2:38|2:39|2:4|2:40|2:41|2:42|2:43|2:44|2:45|2:46|2:47|2:48|2:49|2:5|2:50|2:52|2:53|2:54|2:55|2:56|2:57|2:58|2:59|2:6|2:60|2:61|2:62|2:63|2:7|2:8|2:9|3:0|3:1|3:10|3:11|3:12|3:13|3:14|3:15|3:16|3:17|3:18|3:19|3:2|3:20|3:21|3:22|3:23|3:24|3:25|3:26|3:27|3:28|3:29|3:3|3:30|3:31|3:32|3:33|3:34|3:35|3:36|3:37|3:38|3:39|3:4|3:40|3:41|3:42|3:43|3:44|3:45|3:46|3:47|3:48|3:49|3:5|3:50|3:52|3:53|3:54|3:55|3:56|3:57|3:58|3:59|3:6|3:60|3:61|3:62|3:63|3:7|3:8|3:9|4:0|4:1|4:10|4:11|4:12|4:13|4:14|4:15|4:16|4:17|4:18|4:19|4:2|4:20|4:21|4:22|4:23|4:24|4:25|4:26|4:27|4:28|4:29|4:3|4:30|4:31|4:32|4:33|4:34|4:35|4:36|4:37|4:38|4:39|4:4|4:40|4:41|4:42|4:43|4:44|4:45|4:46|4:47|4:48|4:49|4:5|4:50|4:51|4:52|4:53|4:54|4:55|4:56|4:57|4:58|4:59|4:6|4:60|4:61|4:62|4:63|4:7|4:8|4:9|5:0|5:1|5:10|5:11|5:12|5:13|5:14|5:15|5:16|5:17|5:18|5:19|5:2|5:20|5:21|5:22|5:23|5:24|5:25|5:26|5:27|5:28|5:29|5:3|5:30|5:31|5:32|5:33|5:34|5:35|5:36|5:37|5:38|5:39|5:4|5:40|5:41|5:42|5:43|5:44|5:45|5:46|5:47|5:48|5:49|5:5|5:50|5:52|5:53|5:54|5:55|5:56|5:57|5:58|5:59|5:6|5:60|5:61|5:62|5:63|5:7|5:8|5:9
TIERING-OFF,182,exact-v9-5-to-6mwe,152784,outlet,C2-MIXTURE-PREFIX,317,0,264.1,1|2|3|4|5,1:0|1:1|1:10|1:11|1:12|1:13|1:14|1:15|1:16|1:17|1:18|1:19|1:2|1:20|1:21|1:22|1:23|1:24|1:25|1:26|1:27|1:28|1:29|1:3|1:30|1:31|1:32|1:33|1:34|1:35|1:36|1:37|1:38|1:39|1:4|1:40|1:41|1:42|1:43|1:44|1:45|1:46|1:47|1:48|1:49|1:5|1:50|1:51|1:52|1:53|1:54|1:55|1:56|1:57|1:58|1:59|1:6|1:60|1:61|1:62|1:63|1:7|1:8|1:9|2:0|2:1|2:10|2:11|2:12|2:13|2:14|2:15|2:16|2:17|2:18|2:19|2:2|2:20|2:21|2:22|2:23|2:24|2:25|2:26|2:27|2:28|2:29|2:3|2:30|2:31|2:32|2:33|2:34|2:35|2:36|2:37|2:38|2:39|2:4|2:40|2:41|2:42|2:43|2:44|2:45|2:46|2:47|2:48|2:49|2:5|2:50|2:52|2:53|2:54|2:55|2:56|2:57|2:58|2:59|2:6|2:60|2:61|2:62|2:63|2:7|2:8|2:9|3:0|3:1|3:10|3:11|3:12|3:13|3:14|3:15|3:16|3:17|3:18|3:19|3:2|3:20|3:21|3:22|3:23|3:24|3:25|3:26|3:27|3:28|3:29|3:3|3:30|3:31|3:32|3:33|3:34|3:35|3:36|3:37|3:38|3:39|3:4|3:40|3:41|3:42|3:43|3:44|3:45|3:46|3:47|3:48|3:49|3:5|3:50|3:52|3:53|3:54|3:55|3:56|3:57|3:58|3:59|3:6|3:60|3:61|3:62|3:63|3:7|3:8|3:9|4:0|4:1|4:10|4:11|4:12|4:13|4:14|4:15|4:16|4:17|4:18|4:19|4:2|4:20|4:21|4:22|4:23|4:24|4:25|4:26|4:27|4:28|4:29|4:3|4:30|4:31|4:32|4:33|4:34|4:35|4:36|4:37|4:38|4:39|4:4|4:40|4:41|4:42|4:43|4:44|4:45|4:46|4:47|4:48|4:49|4:5|4:50|4:51|4:52|4:53|4:54|4:55|4:56|4:57|4:58|4:59|4:6|4:60|4:61|4:62|4:63|4:7|4:8|4:9|5:0|5:1|5:10|5:11|5:12|5:13|5:14|5:15|5:16|5:17|5:18|5:19|5:2|5:20|5:21|5:22|5:23|5:24|5:25|5:26|5:27|5:28|5:29|5:3|5:30|5:31|5:32|5:33|5:34|5:35|5:36|5:37|5:38|5:39|5:4|5:40|5:41|5:42|5:43|5:44|5:45|5:46|5:47|5:48|5:49|5:5|5:50|5:52|5:53|5:54|5:55|5:56|5:57|5:58|5:59|5:6|5:60|5:61|5:62|5:63|5:7|5:8|5:9
TIERING-OFF,183,exact-v9-5-to-6mwe,152784,drum,C2-MIXTURE-PREFIX,317,0,227.4,1|2|3|4|5,1:0|1:1|1:10|1:11|1:12|1:13|1:14|1:15|1:16|1:17|1:18|1:19|1:2|1:20|1:21|1:22|1:23|1:24|1:25|1:26|1:27|1:28|1:29|1:3|1:30|1:31|1:32|1:33|1:34|1:35|1:36|1:37|1:38|1:39|1:4|1:40|1:41|1:42|1:43|1:44|1:45|1:46|1:47|1:48|1:49|1:5|1:50|1:51|1:52|1:53|1:54|1:55|1:56|1:57|1:58|1:59|1:6|1:60|1:61|1:62|1:63|1:7|1:8|1:9|2:0|2:1|2:10|2:11|2:12|2:13|2:14|2:15|2:16|2:17|2:18|2:19|2:2|2:20|2:21|2:22|2:23|2:24|2:25|2:26|2:27|2:28|2:29|2:3|2:30|2:31|2:32|2:33|2:34|2:35|2:36|2:37|2:38|2:39|2:4|2:40|2:41|2:42|2:43|2:44|2:45|2:46|2:47|2:48|2:49|2:5|2:50|2:52|2:53|2:54|2:55|2:56|2:57|2:58|2:59|2:6|2:60|2:61|2:62|2:63|2:7|2:8|2:9|3:0|3:1|3:10|3:11|3:12|3:13|3:14|3:15|3:16|3:17|3:18|3:19|3:2|3:20|3:21|3:22|3:23|3:24|3:25|3:26|3:27|3:28|3:29|3:3|3:30|3:31|3:32|3:33|3:34|3:35|3:36|3:37|3:38|3:39|3:4|3:40|3:41|3:42|3:43|3:44|3:45|3:46|3:47|3:48|3:49|3:5|3:50|3:52|3:53|3:54|3:55|3:56|3:57|3:58|3:59|3:6|3:60|3:61|3:62|3:63|3:7|3:8|3:9|4:0|4:1|4:10|4:11|4:12|4:13|4:14|4:15|4:16|4:17|4:18|4:19|4:2|4:20|4:21|4:22|4:23|4:24|4:25|4:26|4:27|4:28|4:29|4:3|4:30|4:31|4:32|4:33|4:34|4:35|4:36|4:37|4:38|4:39|4:4|4:40|4:41|4:42|4:43|4:44|4:45|4:46|4:47|4:48|4:49|4:5|4:50|4:51|4:52|4:53|4:54|4:55|4:56|4:57|4:58|4:59|4:6|4:60|4:61|4:62|4:63|4:7|4:8|4:9|5:0|5:1|5:10|5:11|5:12|5:13|5:14|5:15|5:16|5:17|5:18|5:19|5:2|5:20|5:21|5:22|5:23|5:24|5:25|5:26|5:27|5:28|5:29|5:3|5:30|5:31|5:32|5:33|5:34|5:35|5:36|5:37|5:38|5:39|5:4|5:40|5:41|5:42|5:43|5:44|5:45|5:46|5:47|5:48|5:49|5:5|5:50|5:52|5:53|5:54|5:55|5:56|5:57|5:58|5:59|5:6|5:60|5:61|5:62|5:63|5:7|5:8|5:9
TIERING-OFF,184,exact-v9-5-to-6mwe,152784,feedwater-inventory,C2-MIXTURE-PREFIX,1,0,154.4,5,5:1
TIERING-OFF,185,exact-v9-5-to-6mwe,158784,suction,C2-MIXTURE-PREFIX,317,0,384.6,1|2|3|4|5,1:0|1:1|1:10|1:11|1:12|1:13|1:14|1:15|1:16|1:17|1:18|1:19|1:2|1:20|1:21|1:22|1:23|1:24|1:25|1:26|1:27|1:28|1:29|1:3|1:30|1:31|1:32|1:33|1:34|1:35|1:36|1:37|1:38|1:39|1:4|1:40|1:41|1:42|1:43|1:44|1:45|1:46|1:47|1:48|1:49|1:5|1:50|1:51|1:52|1:53|1:54|1:55|1:56|1:57|1:58|1:59|1:6|1:60|1:61|1:62|1:63|1:7|1:8|1:9|2:0|2:1|2:10|2:11|2:12|2:13|2:14|2:15|2:16|2:17|2:18|2:19|2:2|2:20|2:21|2:22|2:23|2:24|2:25|2:26|2:27|2:28|2:29|2:3|2:30|2:31|2:32|2:33|2:34|2:35|2:36|2:37|2:38|2:39|2:4|2:40|2:41|2:42|2:43|2:44|2:45|2:46|2:47|2:48|2:49|2:5|2:50|2:52|2:53|2:54|2:55|2:56|2:57|2:58|2:59|2:6|2:60|2:61|2:62|2:63|2:7|2:8|2:9|3:0|3:1|3:10|3:11|3:12|3:13|3:14|3:15|3:16|3:17|3:18|3:19|3:2|3:20|3:21|3:22|3:23|3:24|3:25|3:26|3:27|3:28|3:29|3:3|3:30|3:31|3:32|3:33|3:34|3:35|3:36|3:37|3:38|3:39|3:4|3:40|3:41|3:42|3:43|3:44|3:45|3:46|3:47|3:48|3:49|3:5|3:50|3:52|3:53|3:54|3:55|3:56|3:57|3:58|3:59|3:6|3:60|3:61|3:62|3:63|3:7|3:8|3:9|4:0|4:1|4:10|4:11|4:12|4:13|4:14|4:15|4:16|4:17|4:18|4:19|4:2|4:20|4:21|4:22|4:23|4:24|4:25|4:26|4:27|4:28|4:29|4:3|4:30|4:31|4:32|4:33|4:34|4:35|4:36|4:37|4:38|4:39|4:4|4:40|4:41|4:42|4:43|4:44|4:45|4:46|4:47|4:48|4:49|4:5|4:50|4:51|4:52|4:53|4:54|4:55|4:56|4:57|4:58|4:59|4:6|4:60|4:61|4:62|4:63|4:7|4:8|4:9|5:0|5:1|5:10|5:11|5:12|5:13|5:14|5:15|5:16|5:17|5:18|5:19|5:2|5:20|5:21|5:22|5:23|5:24|5:25|5:26|5:27|5:28|5:29|5:3|5:30|5:31|5:32|5:33|5:34|5:35|5:36|5:37|5:38|5:39|5:4|5:40|5:41|5:42|5:43|5:44|5:45|5:46|5:47|5:48|5:49|5:5|5:50|5:52|5:53|5:54|5:55|5:56|5:57|5:58|5:59|5:6|5:60|5:61|5:62|5:63|5:7|5:8|5:9
TIERING-OFF,186,exact-v9-5-to-6mwe,158784,pressure,C2-MIXTURE-PREFIX,317,1,812.4,1|2|3|4|5,1:0|1:1|1:10|1:11|1:12|1:13|1:14|1:15|1:16|1:17|1:18|1:19|1:2|1:20|1:21|1:22|1:23|1:24|1:25|1:26|1:27|1:28|1:29|1:3|1:30|1:31|1:32|1:33|1:34|1:35|1:36|1:37|1:38|1:39|1:4|1:40|1:41|1:42|1:43|1:44|1:45|1:46|1:47|1:48|1:49|1:5|1:50|1:51|1:52|1:53|1:54|1:55|1:56|1:57|1:58|1:59|1:6|1:60|1:61|1:62|1:63|1:7|1:8|1:9|2:0|2:1|2:10|2:11|2:12|2:13|2:14|2:15|2:16|2:17|2:18|2:19|2:2|2:20|2:21|2:22|2:23|2:24|2:25|2:26|2:27|2:28|2:29|2:3|2:30|2:31|2:32|2:33|2:34|2:35|2:36|2:37|2:38|2:39|2:4|2:40|2:41|2:42|2:43|2:44|2:45|2:46|2:47|2:48|2:49|2:5|2:50|2:52|2:53|2:54|2:55|2:56|2:57|2:58|2:59|2:6|2:60|2:61|2:62|2:63|2:7|2:8|2:9|3:0|3:1|3:10|3:11|3:12|3:13|3:14|3:15|3:16|3:17|3:18|3:19|3:2|3:20|3:21|3:22|3:23|3:24|3:25|3:26|3:27|3:28|3:29|3:3|3:30|3:31|3:32|3:33|3:34|3:35|3:36|3:37|3:38|3:39|3:4|3:40|3:41|3:42|3:43|3:44|3:45|3:46|3:47|3:48|3:49|3:5|3:50|3:52|3:53|3:54|3:55|3:56|3:57|3:58|3:59|3:6|3:60|3:61|3:62|3:63|3:7|3:8|3:9|4:0|4:1|4:10|4:11|4:12|4:13|4:14|4:15|4:16|4:17|4:18|4:19|4:2|4:20|4:21|4:22|4:23|4:24|4:25|4:26|4:27|4:28|4:29|4:3|4:30|4:31|4:32|4:33|4:34|4:35|4:36|4:37|4:38|4:39|4:4|4:40|4:41|4:42|4:43|4:44|4:45|4:46|4:47|4:48|4:49|4:5|4:50|4:51|4:52|4:53|4:54|4:55|4:56|4:57|4:58|4:59|4:6|4:60|4:61|4:62|4:63|4:7|4:8|4:9|5:0|5:1|5:10|5:11|5:12|5:13|5:14|5:15|5:16|5:17|5:18|5:19|5:2|5:20|5:21|5:22|5:23|5:24|5:25|5:26|5:27|5:28|5:29|5:3|5:30|5:31|5:32|5:33|5:34|5:35|5:36|5:37|5:38|5:39|5:4|5:40|5:41|5:42|5:43|5:44|5:45|5:46|5:47|5:48|5:49|5:5|5:50|5:52|5:53|5:54|5:55|5:56|5:57|5:58|5:59|5:6|5:60|5:61|5:62|5:63|5:7|5:8|5:9
TIERING-OFF,187,exact-v9-5-to-6mwe,158784,outlet,C2-MIXTURE-PREFIX,317,0,336.2,1|2|3|4|5,1:0|1:1|1:10|1:11|1:12|1:13|1:14|1:15|1:16|1:17|1:18|1:19|1:2|1:20|1:21|1:22|1:23|1:24|1:25|1:26|1:27|1:28|1:29|1:3|1:30|1:31|1:32|1:33|1:34|1:35|1:36|1:37|1:38|1:39|1:4|1:40|1:41|1:42|1:43|1:44|1:45|1:46|1:47|1:48|1:49|1:5|1:50|1:51|1:52|1:53|1:54|1:55|1:56|1:57|1:58|1:59|1:6|1:60|1:61|1:62|1:63|1:7|1:8|1:9|2:0|2:1|2:10|2:11|2:12|2:13|2:14|2:15|2:16|2:17|2:18|2:19|2:2|2:20|2:21|2:22|2:23|2:24|2:25|2:26|2:27|2:28|2:29|2:3|2:30|2:31|2:32|2:33|2:34|2:35|2:36|2:37|2:38|2:39|2:4|2:40|2:41|2:42|2:43|2:44|2:45|2:46|2:47|2:48|2:49|2:5|2:50|2:52|2:53|2:54|2:55|2:56|2:57|2:58|2:59|2:6|2:60|2:61|2:62|2:63|2:7|2:8|2:9|3:0|3:1|3:10|3:11|3:12|3:13|3:14|3:15|3:16|3:17|3:18|3:19|3:2|3:20|3:21|3:22|3:23|3:24|3:25|3:26|3:27|3:28|3:29|3:3|3:30|3:31|3:32|3:33|3:34|3:35|3:36|3:37|3:38|3:39|3:4|3:40|3:41|3:42|3:43|3:44|3:45|3:46|3:47|3:48|3:49|3:5|3:50|3:52|3:53|3:54|3:55|3:56|3:57|3:58|3:59|3:6|3:60|3:61|3:62|3:63|3:7|3:8|3:9|4:0|4:1|4:10|4:11|4:12|4:13|4:14|4:15|4:16|4:17|4:18|4:19|4:2|4:20|4:21|4:22|4:23|4:24|4:25|4:26|4:27|4:28|4:29|4:3|4:30|4:31|4:32|4:33|4:34|4:35|4:36|4:37|4:38|4:39|4:4|4:40|4:41|4:42|4:43|4:44|4:45|4:46|4:47|4:48|4:49|4:5|4:50|4:51|4:52|4:53|4:54|4:55|4:56|4:57|4:58|4:59|4:6|4:60|4:61|4:62|4:63|4:7|4:8|4:9|5:0|5:1|5:10|5:11|5:12|5:13|5:14|5:15|5:16|5:17|5:18|5:19|5:2|5:20|5:21|5:22|5:23|5:24|5:25|5:26|5:27|5:28|5:29|5:3|5:30|5:31|5:32|5:33|5:34|5:35|5:36|5:37|5:38|5:39|5:4|5:40|5:41|5:42|5:43|5:44|5:45|5:46|5:47|5:48|5:49|5:5|5:50|5:52|5:53|5:54|5:55|5:56|5:57|5:58|5:59|5:6|5:60|5:61|5:62|5:63|5:7|5:8|5:9
TIERING-OFF,188,exact-v9-5-to-6mwe,158784,drum,C2-MIXTURE-PREFIX,316,0,282.3,1|2|3|4|5,1:0|1:1|1:10|1:11|1:12|1:13|1:14|1:15|1:16|1:17|1:18|1:19|1:2|1:20|1:21|1:22|1:23|1:24|1:25|1:26|1:27|1:28|1:29|1:3|1:30|1:31|1:32|1:33|1:34|1:35|1:36|1:37|1:38|1:39|1:4|1:40|1:41|1:42|1:43|1:44|1:45|1:46|1:47|1:48|1:49|1:5|1:50|1:51|1:52|1:53|1:54|1:55|1:56|1:57|1:58|1:59|1:6|1:60|1:61|1:62|1:63|1:7|1:8|1:9|2:0|2:1|2:10|2:11|2:12|2:13|2:14|2:15|2:16|2:17|2:18|2:19|2:20|2:21|2:22|2:23|2:24|2:25|2:26|2:27|2:28|2:29|2:3|2:30|2:31|2:32|2:33|2:34|2:35|2:36|2:37|2:38|2:39|2:4|2:40|2:41|2:42|2:43|2:44|2:45|2:46|2:47|2:48|2:49|2:5|2:50|2:52|2:53|2:54|2:55|2:56|2:57|2:58|2:59|2:6|2:60|2:61|2:62|2:63|2:7|2:8|2:9|3:0|3:1|3:10|3:11|3:12|3:13|3:14|3:15|3:16|3:17|3:18|3:19|3:2|3:20|3:21|3:22|3:23|3:24|3:25|3:26|3:27|3:28|3:29|3:3|3:30|3:31|3:32|3:33|3:34|3:35|3:36|3:37|3:38|3:39|3:4|3:40|3:41|3:42|3:43|3:44|3:45|3:46|3:47|3:48|3:49|3:5|3:50|3:52|3:53|3:54|3:55|3:56|3:57|3:58|3:59|3:6|3:60|3:61|3:62|3:63|3:7|3:8|3:9|4:0|4:1|4:10|4:11|4:12|4:13|4:14|4:15|4:16|4:17|4:18|4:19|4:2|4:20|4:21|4:22|4:23|4:24|4:25|4:26|4:27|4:28|4:29|4:3|4:30|4:31|4:32|4:33|4:34|4:35|4:36|4:37|4:38|4:39|4:4|4:40|4:41|4:42|4:43|4:44|4:45|4:46|4:47|4:48|4:49|4:5|4:50|4:51|4:52|4:53|4:54|4:55|4:56|4:57|4:58|4:59|4:6|4:60|4:61|4:62|4:63|4:7|4:8|4:9|5:0|5:1|5:10|5:11|5:12|5:13|5:14|5:15|5:16|5:17|5:18|5:19|5:2|5:20|5:21|5:22|5:23|5:24|5:25|5:26|5:27|5:28|5:29|5:3|5:30|5:31|5:32|5:33|5:34|5:35|5:36|5:37|5:38|5:39|5:4|5:40|5:41|5:42|5:43|5:44|5:45|5:46|5:47|5:48|5:49|5:5|5:50|5:52|5:53|5:54|5:55|5:56|5:57|5:58|5:59|5:6|5:60|5:61|5:62|5:63|5:7|5:8|5:9
TIERING-OFF,19,background-reference,18000,feedwater-inventory,C2-NEAR-BOUNDARY-LIQUID-PREFIX,1,0,147.7,4,4:57
TIERING-OFF,190,exact-v9-5-to-6mwe,164784,suction,C2-MIXTURE-PREFIX,316,0,286.7,1|2|3|4|5,1:0|1:1|1:10|1:11|1:12|1:13|1:14|1:15|1:16|1:17|1:18|1:19|1:2|1:20|1:21|1:22|1:23|1:24|1:25|1:26|1:27|1:28|1:29|1:3|1:30|1:31|1:32|1:33|1:34|1:35|1:36|1:37|1:38|1:39|1:4|1:40|1:41|1:42|1:43|1:44|1:45|1:46|1:47|1:48|1:49|1:5|1:50|1:51|1:52|1:53|1:54|1:55|1:56|1:57|1:58|1:59|1:6|1:60|1:61|1:62|1:63|1:7|1:8|1:9|2:0|2:1|2:10|2:11|2:12|2:13|2:14|2:15|2:16|2:17|2:18|2:19|2:20|2:21|2:22|2:23|2:24|2:25|2:26|2:27|2:28|2:29|2:3|2:30|2:31|2:32|2:33|2:34|2:35|2:36|2:37|2:38|2:39|2:4|2:40|2:41|2:42|2:43|2:44|2:45|2:46|2:47|2:48|2:49|2:5|2:50|2:52|2:53|2:54|2:55|2:56|2:57|2:58|2:59|2:6|2:60|2:61|2:62|2:63|2:7|2:8|2:9|3:0|3:1|3:10|3:11|3:12|3:13|3:14|3:15|3:16|3:17|3:18|3:19|3:2|3:20|3:21|3:22|3:23|3:24|3:25|3:26|3:27|3:28|3:29|3:3|3:30|3:31|3:32|3:33|3:34|3:35|3:36|3:37|3:38|3:39|3:4|3:40|3:41|3:42|3:43|3:44|3:45|3:46|3:47|3:48|3:49|3:5|3:50|3:52|3:53|3:54|3:55|3:56|3:57|3:58|3:59|3:6|3:60|3:61|3:62|3:63|3:7|3:8|3:9|4:0|4:1|4:10|4:11|4:12|4:13|4:14|4:15|4:16|4:17|4:18|4:19|4:2|4:20|4:21|4:22|4:23|4:24|4:25|4:26|4:27|4:28|4:29|4:3|4:30|4:31|4:32|4:33|4:34|4:35|4:36|4:37|4:38|4:39|4:4|4:40|4:41|4:42|4:43|4:44|4:45|4:46|4:47|4:48|4:49|4:5|4:50|4:51|4:52|4:53|4:54|4:55|4:56|4:57|4:58|4:59|4:6|4:60|4:61|4:62|4:63|4:7|4:8|4:9|5:0|5:1|5:10|5:11|5:12|5:13|5:14|5:15|5:16|5:17|5:18|5:19|5:2|5:20|5:21|5:22|5:23|5:24|5:25|5:26|5:27|5:28|5:29|5:3|5:30|5:31|5:32|5:33|5:34|5:35|5:36|5:37|5:38|5:39|5:4|5:40|5:41|5:42|5:43|5:44|5:45|5:46|5:47|5:48|5:49|5:5|5:50|5:52|5:53|5:54|5:55|5:56|5:57|5:58|5:59|5:6|5:60|5:61|5:62|5:63|5:7|5:8|5:9
TIERING-OFF,191,exact-v9-5-to-6mwe,164784,pressure,C2-MIXTURE-PREFIX,316,0,297,1|2|3|4|5,1:0|1:1|1:10|1:11|1:12|1:13|1:14|1:15|1:16|1:17|1:18|1:19|1:2|1:20|1:21|1:22|1:23|1:24|1:25|1:26|1:27|1:28|1:29|1:3|1:30|1:31|1:32|1:33|1:34|1:35|1:36|1:37|1:38|1:39|1:4|1:40|1:41|1:42|1:43|1:44|1:45|1:46|1:47|1:48|1:49|1:5|1:50|1:51|1:52|1:53|1:54|1:55|1:56|1:57|1:58|1:59|1:6|1:60|1:61|1:62|1:63|1:7|1:8|1:9|2:0|2:1|2:10|2:11|2:12|2:13|2:14|2:15|2:16|2:17|2:18|2:19|2:20|2:21|2:22|2:23|2:24|2:25|2:26|2:27|2:28|2:29|2:3|2:30|2:31|2:32|2:33|2:34|2:35|2:36|2:37|2:38|2:39|2:4|2:40|2:41|2:42|2:43|2:44|2:45|2:46|2:47|2:48|2:49|2:5|2:50|2:52|2:53|2:54|2:55|2:56|2:57|2:58|2:59|2:6|2:60|2:61|2:62|2:63|2:7|2:8|2:9|3:0|3:1|3:10|3:11|3:12|3:13|3:14|3:15|3:16|3:17|3:18|3:19|3:2|3:20|3:21|3:22|3:23|3:24|3:25|3:26|3:27|3:28|3:29|3:3|3:30|3:31|3:32|3:33|3:34|3:35|3:36|3:37|3:38|3:39|3:4|3:40|3:41|3:42|3:43|3:44|3:45|3:46|3:47|3:48|3:49|3:5|3:50|3:52|3:53|3:54|3:55|3:56|3:57|3:58|3:59|3:6|3:60|3:61|3:62|3:63|3:7|3:8|3:9|4:0|4:1|4:10|4:11|4:12|4:13|4:14|4:15|4:16|4:17|4:18|4:19|4:2|4:20|4:21|4:22|4:23|4:24|4:25|4:26|4:27|4:28|4:29|4:3|4:30|4:31|4:32|4:33|4:34|4:35|4:36|4:37|4:38|4:39|4:4|4:40|4:41|4:42|4:43|4:44|4:45|4:46|4:47|4:48|4:49|4:5|4:50|4:51|4:52|4:53|4:54|4:55|4:56|4:57|4:58|4:59|4:6|4:60|4:61|4:62|4:63|4:7|4:8|4:9|5:0|5:1|5:10|5:11|5:12|5:13|5:14|5:15|5:16|5:17|5:18|5:19|5:2|5:20|5:21|5:22|5:23|5:24|5:25|5:26|5:27|5:28|5:29|5:3|5:30|5:31|5:32|5:33|5:34|5:35|5:36|5:37|5:38|5:39|5:4|5:40|5:41|5:42|5:43|5:44|5:45|5:46|5:47|5:48|5:49|5:5|5:50|5:52|5:53|5:54|5:55|5:56|5:57|5:58|5:59|5:6|5:60|5:61|5:62|5:63|5:7|5:8|5:9
TIERING-OFF,192,exact-v9-5-to-6mwe,164784,outlet,C2-MIXTURE-PREFIX,316,0,232.5,1|2|3|4|5,1:0|1:1|1:10|1:11|1:12|1:13|1:14|1:15|1:16|1:17|1:18|1:19|1:2|1:20|1:21|1:22|1:23|1:24|1:25|1:26|1:27|1:28|1:29|1:3|1:30|1:31|1:32|1:33|1:34|1:35|1:36|1:37|1:38|1:39|1:4|1:40|1:41|1:42|1:43|1:44|1:45|1:46|1:47|1:48|1:49|1:5|1:50|1:51|1:52|1:53|1:54|1:55|1:56|1:57|1:58|1:59|1:6|1:60|1:61|1:62|1:63|1:7|1:8|1:9|2:0|2:1|2:10|2:11|2:12|2:13|2:14|2:15|2:16|2:17|2:18|2:19|2:20|2:21|2:22|2:23|2:24|2:25|2:26|2:27|2:28|2:29|2:3|2:30|2:31|2:32|2:33|2:34|2:35|2:36|2:37|2:38|2:39|2:4|2:40|2:41|2:42|2:43|2:44|2:45|2:46|2:47|2:48|2:49|2:5|2:50|2:52|2:53|2:54|2:55|2:56|2:57|2:58|2:59|2:6|2:60|2:61|2:62|2:63|2:7|2:8|2:9|3:0|3:1|3:10|3:11|3:12|3:13|3:14|3:15|3:16|3:17|3:18|3:19|3:2|3:20|3:21|3:22|3:23|3:24|3:25|3:26|3:27|3:28|3:29|3:3|3:30|3:31|3:32|3:33|3:34|3:35|3:36|3:37|3:38|3:39|3:4|3:40|3:41|3:42|3:43|3:44|3:45|3:46|3:47|3:48|3:49|3:5|3:50|3:52|3:53|3:54|3:55|3:56|3:57|3:58|3:59|3:6|3:60|3:61|3:62|3:63|3:7|3:8|3:9|4:0|4:1|4:10|4:11|4:12|4:13|4:14|4:15|4:16|4:17|4:18|4:19|4:2|4:20|4:21|4:22|4:23|4:24|4:25|4:26|4:27|4:28|4:29|4:3|4:30|4:31|4:32|4:33|4:34|4:35|4:36|4:37|4:38|4:39|4:4|4:40|4:41|4:42|4:43|4:44|4:45|4:46|4:47|4:48|4:49|4:5|4:50|4:51|4:52|4:53|4:54|4:55|4:56|4:57|4:58|4:59|4:6|4:60|4:61|4:62|4:63|4:7|4:8|4:9|5:0|5:1|5:10|5:11|5:12|5:13|5:14|5:15|5:16|5:17|5:18|5:19|5:2|5:20|5:21|5:22|5:23|5:24|5:25|5:26|5:27|5:28|5:29|5:3|5:30|5:31|5:32|5:33|5:34|5:35|5:36|5:37|5:38|5:39|5:4|5:40|5:41|5:42|5:43|5:44|5:45|5:46|5:47|5:48|5:49|5:5|5:50|5:52|5:53|5:54|5:55|5:56|5:57|5:58|5:59|5:6|5:60|5:61|5:62|5:63|5:7|5:8|5:9
TIERING-OFF,193,exact-v9-5-to-6mwe,164784,drum,C2-MIXTURE-PREFIX,316,0,369.9,1|2|3|4|5,1:0|1:1|1:10|1:11|1:12|1:13|1:14|1:15|1:16|1:17|1:18|1:19|1:2|1:20|1:21|1:22|1:23|1:24|1:25|1:26|1:27|1:28|1:29|1:3|1:30|1:31|1:32|1:33|1:34|1:35|1:36|1:37|1:38|1:39|1:4|1:40|1:41|1:42|1:43|1:44|1:45|1:46|1:47|1:48|1:49|1:5|1:50|1:51|1:52|1:53|1:54|1:55|1:56|1:57|1:58|1:59|1:6|1:60|1:61|1:62|1:63|1:7|1:8|1:9|2:0|2:1|2:10|2:11|2:12|2:13|2:14|2:15|2:16|2:17|2:18|2:19|2:20|2:21|2:22|2:23|2:24|2:25|2:26|2:27|2:28|2:29|2:3|2:30|2:31|2:32|2:33|2:34|2:35|2:36|2:37|2:38|2:39|2:4|2:40|2:41|2:42|2:43|2:44|2:45|2:46|2:47|2:48|2:49|2:5|2:50|2:52|2:53|2:54|2:55|2:56|2:57|2:58|2:59|2:6|2:60|2:61|2:62|2:63|2:7|2:8|2:9|3:0|3:1|3:10|3:11|3:12|3:13|3:14|3:15|3:16|3:17|3:18|3:19|3:2|3:20|3:21|3:22|3:23|3:24|3:25|3:26|3:27|3:28|3:29|3:3|3:30|3:31|3:32|3:33|3:34|3:35|3:36|3:37|3:38|3:39|3:4|3:40|3:41|3:42|3:43|3:44|3:45|3:46|3:47|3:48|3:49|3:5|3:50|3:52|3:53|3:54|3:55|3:56|3:57|3:58|3:59|3:6|3:60|3:61|3:62|3:63|3:7|3:8|3:9|4:0|4:1|4:10|4:11|4:12|4:13|4:14|4:15|4:16|4:17|4:18|4:19|4:2|4:20|4:21|4:22|4:23|4:24|4:25|4:26|4:27|4:28|4:29|4:3|4:30|4:31|4:32|4:33|4:34|4:35|4:36|4:37|4:38|4:39|4:4|4:40|4:41|4:42|4:43|4:44|4:45|4:46|4:47|4:48|4:49|4:5|4:50|4:51|4:52|4:53|4:54|4:55|4:56|4:57|4:58|4:59|4:6|4:60|4:61|4:62|4:63|4:7|4:8|4:9|5:0|5:1|5:10|5:11|5:12|5:13|5:14|5:15|5:16|5:17|5:18|5:19|5:2|5:20|5:21|5:22|5:23|5:24|5:25|5:26|5:27|5:28|5:29|5:3|5:30|5:31|5:32|5:33|5:34|5:35|5:36|5:37|5:38|5:39|5:4|5:40|5:41|5:42|5:43|5:44|5:45|5:46|5:47|5:48|5:49|5:5|5:50|5:52|5:53|5:54|5:55|5:56|5:57|5:58|5:59|5:6|5:60|5:61|5:62|5:63|5:7|5:8|5:9
TIERING-OFF,195,exact-v9-5-to-6mwe,170784,suction,C2-MIXTURE-PREFIX,317,0,406.9,1|2|3|4|5,1:0|1:1|1:10|1:11|1:12|1:13|1:14|1:15|1:16|1:17|1:18|1:19|1:2|1:20|1:21|1:22|1:23|1:24|1:25|1:26|1:27|1:28|1:29|1:3|1:30|1:31|1:32|1:33|1:34|1:35|1:36|1:37|1:38|1:39|1:4|1:40|1:41|1:42|1:43|1:44|1:45|1:46|1:47|1:48|1:49|1:5|1:50|1:51|1:52|1:53|1:54|1:55|1:56|1:57|1:58|1:59|1:6|1:60|1:61|1:62|1:63|1:7|1:8|1:9|2:0|2:1|2:10|2:11|2:12|2:13|2:14|2:15|2:16|2:17|2:18|2:19|2:2|2:20|2:21|2:22|2:23|2:24|2:25|2:26|2:27|2:28|2:29|2:3|2:30|2:31|2:32|2:33|2:34|2:35|2:36|2:37|2:38|2:39|2:4|2:40|2:41|2:42|2:43|2:44|2:45|2:46|2:47|2:48|2:49|2:5|2:50|2:52|2:53|2:54|2:55|2:56|2:57|2:58|2:59|2:6|2:60|2:61|2:62|2:63|2:7|2:8|2:9|3:0|3:1|3:10|3:11|3:12|3:13|3:14|3:15|3:16|3:17|3:18|3:19|3:2|3:20|3:21|3:22|3:23|3:24|3:25|3:26|3:27|3:28|3:29|3:3|3:30|3:31|3:32|3:33|3:34|3:35|3:36|3:37|3:38|3:39|3:4|3:40|3:41|3:42|3:43|3:44|3:45|3:46|3:47|3:48|3:49|3:5|3:50|3:52|3:53|3:54|3:55|3:56|3:57|3:58|3:59|3:6|3:60|3:61|3:62|3:63|3:7|3:8|3:9|4:0|4:1|4:10|4:11|4:12|4:13|4:14|4:15|4:16|4:17|4:18|4:19|4:2|4:20|4:21|4:22|4:23|4:24|4:25|4:26|4:27|4:28|4:29|4:3|4:30|4:31|4:32|4:33|4:34|4:35|4:36|4:37|4:38|4:39|4:4|4:40|4:41|4:42|4:43|4:44|4:45|4:46|4:47|4:48|4:49|4:5|4:50|4:51|4:52|4:53|4:54|4:55|4:56|4:57|4:58|4:59|4:6|4:60|4:61|4:62|4:63|4:7|4:8|4:9|5:0|5:1|5:10|5:11|5:12|5:13|5:14|5:15|5:16|5:17|5:18|5:19|5:2|5:20|5:21|5:22|5:23|5:24|5:25|5:26|5:27|5:28|5:29|5:3|5:30|5:31|5:32|5:33|5:34|5:35|5:36|5:37|5:38|5:39|5:4|5:40|5:41|5:42|5:43|5:44|5:45|5:46|5:47|5:48|5:49|5:5|5:50|5:52|5:53|5:54|5:55|5:56|5:57|5:58|5:59|5:6|5:60|5:61|5:62|5:63|5:7|5:8|5:9
TIERING-OFF,196,exact-v9-5-to-6mwe,170784,pressure,C2-MIXTURE-PREFIX,317,0,378.1,1|2|3|4|5,1:0|1:1|1:10|1:11|1:12|1:13|1:14|1:15|1:16|1:17|1:18|1:19|1:2|1:20|1:21|1:22|1:23|1:24|1:25|1:26|1:27|1:28|1:29|1:3|1:30|1:31|1:32|1:33|1:34|1:35|1:36|1:37|1:38|1:39|1:4|1:40|1:41|1:42|1:43|1:44|1:45|1:46|1:47|1:48|1:49|1:5|1:50|1:51|1:52|1:53|1:54|1:55|1:56|1:57|1:58|1:59|1:6|1:60|1:61|1:62|1:63|1:7|1:8|1:9|2:0|2:1|2:10|2:11|2:12|2:13|2:14|2:15|2:16|2:17|2:18|2:19|2:2|2:20|2:21|2:22|2:23|2:24|2:25|2:26|2:27|2:28|2:29|2:3|2:30|2:31|2:32|2:33|2:34|2:35|2:36|2:37|2:38|2:39|2:4|2:40|2:41|2:42|2:43|2:44|2:45|2:46|2:47|2:48|2:49|2:5|2:50|2:52|2:53|2:54|2:55|2:56|2:57|2:58|2:59|2:6|2:60|2:61|2:62|2:63|2:7|2:8|2:9|3:0|3:1|3:10|3:11|3:12|3:13|3:14|3:15|3:16|3:17|3:18|3:19|3:2|3:20|3:21|3:22|3:23|3:24|3:25|3:26|3:27|3:28|3:29|3:3|3:30|3:31|3:32|3:33|3:34|3:35|3:36|3:37|3:38|3:39|3:4|3:40|3:41|3:42|3:43|3:44|3:45|3:46|3:47|3:48|3:49|3:5|3:50|3:52|3:53|3:54|3:55|3:56|3:57|3:58|3:59|3:6|3:60|3:61|3:62|3:63|3:7|3:8|3:9|4:0|4:1|4:10|4:11|4:12|4:13|4:14|4:15|4:16|4:17|4:18|4:19|4:2|4:20|4:21|4:22|4:23|4:24|4:25|4:26|4:27|4:28|4:29|4:3|4:30|4:31|4:32|4:33|4:34|4:35|4:36|4:37|4:38|4:39|4:4|4:40|4:41|4:42|4:43|4:44|4:45|4:46|4:47|4:48|4:49|4:5|4:50|4:51|4:52|4:53|4:54|4:55|4:56|4:57|4:58|4:59|4:6|4:60|4:61|4:62|4:63|4:7|4:8|4:9|5:0|5:1|5:10|5:11|5:12|5:13|5:14|5:15|5:16|5:17|5:18|5:19|5:2|5:20|5:21|5:22|5:23|5:24|5:25|5:26|5:27|5:28|5:29|5:3|5:30|5:31|5:32|5:33|5:34|5:35|5:36|5:37|5:38|5:39|5:4|5:40|5:41|5:42|5:43|5:44|5:45|5:46|5:47|5:48|5:49|5:5|5:50|5:52|5:53|5:54|5:55|5:56|5:57|5:58|5:59|5:6|5:60|5:61|5:62|5:63|5:7|5:8|5:9
TIERING-OFF,197,exact-v9-5-to-6mwe,170784,outlet,C2-MIXTURE-PREFIX,317,0,259.5,1|2|3|4|5,1:0|1:1|1:10|1:11|1:12|1:13|1:14|1:15|1:16|1:17|1:18|1:19|1:2|1:20|1:21|1:22|1:23|1:24|1:25|1:26|1:27|1:28|1:29|1:3|1:30|1:31|1:32|1:33|1:34|1:35|1:36|1:37|1:38|1:39|1:4|1:40|1:41|1:42|1:43|1:44|1:45|1:46|1:47|1:48|1:49|1:5|1:50|1:51|1:52|1:53|1:54|1:55|1:56|1:57|1:58|1:59|1:6|1:60|1:61|1:62|1:63|1:7|1:8|1:9|2:0|2:1|2:10|2:11|2:12|2:13|2:14|2:15|2:16|2:17|2:18|2:19|2:2|2:20|2:21|2:22|2:23|2:24|2:25|2:26|2:27|2:28|2:29|2:3|2:30|2:31|2:32|2:33|2:34|2:35|2:36|2:37|2:38|2:39|2:4|2:40|2:41|2:42|2:43|2:44|2:45|2:46|2:47|2:48|2:49|2:5|2:50|2:52|2:53|2:54|2:55|2:56|2:57|2:58|2:59|2:6|2:60|2:61|2:62|2:63|2:7|2:8|2:9|3:0|3:1|3:10|3:11|3:12|3:13|3:14|3:15|3:16|3:17|3:18|3:19|3:2|3:20|3:21|3:22|3:23|3:24|3:25|3:26|3:27|3:28|3:29|3:3|3:30|3:31|3:32|3:33|3:34|3:35|3:36|3:37|3:38|3:39|3:4|3:40|3:41|3:42|3:43|3:44|3:45|3:46|3:47|3:48|3:49|3:5|3:50|3:52|3:53|3:54|3:55|3:56|3:57|3:58|3:59|3:6|3:60|3:61|3:62|3:63|3:7|3:8|3:9|4:0|4:1|4:10|4:11|4:12|4:13|4:14|4:15|4:16|4:17|4:18|4:19|4:2|4:20|4:21|4:22|4:23|4:24|4:25|4:26|4:27|4:28|4:29|4:3|4:30|4:31|4:32|4:33|4:34|4:35|4:36|4:37|4:38|4:39|4:4|4:40|4:41|4:42|4:43|4:44|4:45|4:46|4:47|4:48|4:49|4:5|4:50|4:51|4:52|4:53|4:54|4:55|4:56|4:57|4:58|4:59|4:6|4:60|4:61|4:62|4:63|4:7|4:8|4:9|5:0|5:1|5:10|5:11|5:12|5:13|5:14|5:15|5:16|5:17|5:18|5:19|5:2|5:20|5:21|5:22|5:23|5:24|5:25|5:26|5:27|5:28|5:29|5:3|5:30|5:31|5:32|5:33|5:34|5:35|5:36|5:37|5:38|5:39|5:4|5:40|5:41|5:42|5:43|5:44|5:45|5:46|5:47|5:48|5:49|5:5|5:50|5:52|5:53|5:54|5:55|5:56|5:57|5:58|5:59|5:6|5:60|5:61|5:62|5:63|5:7|5:8|5:9
TIERING-OFF,198,exact-v9-5-to-6mwe,170784,drum,C2-MIXTURE-PREFIX,317,2,620,1|2|3|4|5,1:0|1:1|1:10|1:11|1:12|1:13|1:14|1:15|1:16|1:17|1:18|1:19|1:2|1:20|1:21|1:22|1:23|1:24|1:25|1:26|1:27|1:28|1:29|1:3|1:30|1:31|1:32|1:33|1:34|1:35|1:36|1:37|1:38|1:39|1:4|1:40|1:41|1:42|1:43|1:44|1:45|1:46|1:47|1:48|1:49|1:5|1:50|1:51|1:52|1:53|1:54|1:55|1:56|1:57|1:58|1:59|1:6|1:60|1:61|1:62|1:63|1:7|1:8|1:9|2:0|2:1|2:10|2:11|2:12|2:13|2:14|2:15|2:16|2:17|2:18|2:19|2:2|2:20|2:21|2:22|2:23|2:24|2:25|2:26|2:27|2:28|2:29|2:3|2:30|2:31|2:32|2:33|2:34|2:35|2:36|2:37|2:38|2:39|2:4|2:40|2:41|2:42|2:43|2:44|2:45|2:46|2:47|2:48|2:49|2:5|2:50|2:52|2:53|2:54|2:55|2:56|2:57|2:58|2:59|2:6|2:60|2:61|2:62|2:63|2:7|2:8|2:9|3:0|3:1|3:10|3:11|3:12|3:13|3:14|3:15|3:16|3:17|3:18|3:19|3:2|3:20|3:21|3:22|3:23|3:24|3:25|3:26|3:27|3:28|3:29|3:3|3:30|3:31|3:32|3:33|3:34|3:35|3:36|3:37|3:38|3:39|3:4|3:40|3:41|3:42|3:43|3:44|3:45|3:46|3:47|3:48|3:49|3:5|3:50|3:52|3:53|3:54|3:55|3:56|3:57|3:58|3:59|3:6|3:60|3:61|3:62|3:63|3:7|3:8|3:9|4:0|4:1|4:10|4:11|4:12|4:13|4:14|4:15|4:16|4:17|4:18|4:19|4:2|4:20|4:21|4:22|4:23|4:24|4:25|4:26|4:27|4:28|4:29|4:3|4:30|4:31|4:32|4:33|4:34|4:35|4:36|4:37|4:38|4:39|4:4|4:40|4:41|4:42|4:43|4:44|4:45|4:46|4:47|4:48|4:49|4:5|4:50|4:51|4:52|4:53|4:54|4:55|4:56|4:57|4:58|4:59|4:6|4:60|4:61|4:62|4:63|4:7|4:8|4:9|5:0|5:1|5:10|5:11|5:12|5:13|5:14|5:15|5:16|5:17|5:18|5:19|5:2|5:20|5:21|5:22|5:23|5:24|5:25|5:26|5:27|5:28|5:29|5:3|5:30|5:31|5:32|5:33|5:34|5:35|5:36|5:37|5:38|5:39|5:4|5:40|5:41|5:42|5:43|5:44|5:45|5:46|5:47|5:48|5:49|5:5|5:50|5:52|5:53|5:54|5:55|5:56|5:57|5:58|5:59|5:6|5:60|5:61|5:62|5:63|5:7|5:8|5:9
TIERING-OFF,199,exact-v9-5-to-6mwe,170784,feedwater-inventory,C2-MIXTURE-PREFIX,2,0,165.9,1|2,1:55|2:26
TIERING-OFF,2,background-reference,0,outlet,C2-MIXTURE-PREFIX,315,0,242,1|2|3|4|5,1:0|1:1|1:10|1:11|1:12|1:13|1:14|1:15|1:16|1:17|1:18|1:19|1:2|1:20|1:21|1:22|1:23|1:24|1:25|1:26|1:27|1:28|1:29|1:3|1:30|1:31|1:32|1:33|1:34|1:35|1:36|1:37|1:38|1:39|1:4|1:40|1:41|1:42|1:43|1:44|1:45|1:46|1:47|1:48|1:49|1:5|1:50|1:51|1:52|1:53|1:54|1:55|1:56|1:57|1:58|1:59|1:6|1:60|1:61|1:62|1:63|1:7|1:8|1:9|2:0|2:1|2:10|2:11|2:12|2:13|2:14|2:15|2:16|2:17|2:18|2:19|2:2|2:20|2:21|2:22|2:23|2:24|2:25|2:26|2:27|2:28|2:29|2:3|2:30|2:31|2:32|2:33|2:34|2:35|2:36|2:37|2:38|2:39|2:4|2:40|2:41|2:42|2:43|2:44|2:45|2:46|2:47|2:48|2:49|2:5|2:51|2:52|2:53|2:54|2:55|2:56|2:57|2:58|2:59|2:6|2:60|2:62|2:63|2:7|2:8|2:9|3:0|3:1|3:10|3:11|3:12|3:13|3:14|3:15|3:16|3:17|3:18|3:19|3:2|3:20|3:21|3:22|3:23|3:24|3:25|3:26|3:27|3:28|3:29|3:3|3:30|3:31|3:32|3:33|3:34|3:35|3:36|3:37|3:38|3:39|3:4|3:40|3:41|3:42|3:43|3:44|3:45|3:46|3:47|3:48|3:49|3:5|3:50|3:52|3:53|3:54|3:55|3:56|3:57|3:58|3:59|3:6|3:60|3:61|3:62|3:63|3:7|3:8|3:9|4:0|4:1|4:10|4:11|4:12|4:13|4:14|4:15|4:16|4:17|4:18|4:19|4:2|4:20|4:21|4:22|4:23|4:24|4:25|4:26|4:27|4:28|4:29|4:3|4:30|4:31|4:32|4:33|4:34|4:35|4:36|4:37|4:38|4:39|4:4|4:40|4:41|4:42|4:43|4:44|4:45|4:46|4:47|4:48|4:49|4:5|4:50|4:51|4:52|4:53|4:54|4:55|4:56|4:57|4:58|4:59|4:6|4:60|4:61|4:62|4:63|4:7|4:8|4:9|5:0|5:1|5:10|5:11|5:12|5:13|5:14|5:15|5:16|5:17|5:18|5:19|5:2|5:20|5:21|5:22|5:23|5:24|5:25|5:26|5:27|5:28|5:29|5:3|5:30|5:31|5:32|5:33|5:34|5:35|5:36|5:37|5:38|5:39|5:4|5:40|5:41|5:42|5:43|5:44|5:45|5:46|5:47|5:48|5:49|5:5|5:52|5:53|5:54|5:55|5:56|5:57|5:58|5:59|5:6|5:60|5:61|5:62|5:63|5:7|5:8|5:9
TIERING-OFF,20,background-reference,24000,suction,C2-MIXTURE-PREFIX,317,0,389.9,1|2|3|4|5,1:0|1:1|1:10|1:11|1:12|1:13|1:14|1:15|1:16|1:17|1:18|1:19|1:2|1:20|1:21|1:22|1:23|1:24|1:25|1:26|1:27|1:28|1:29|1:3|1:30|1:31|1:32|1:33|1:34|1:35|1:36|1:37|1:38|1:39|1:4|1:40|1:41|1:42|1:43|1:44|1:45|1:46|1:47|1:48|1:49|1:5|1:50|1:51|1:52|1:53|1:54|1:55|1:56|1:57|1:58|1:59|1:6|1:60|1:61|1:62|1:63|1:7|1:8|1:9|2:0|2:1|2:10|2:11|2:12|2:13|2:14|2:15|2:16|2:17|2:18|2:19|2:2|2:20|2:21|2:22|2:23|2:24|2:25|2:26|2:27|2:28|2:29|2:3|2:30|2:31|2:32|2:33|2:34|2:35|2:36|2:37|2:38|2:39|2:4|2:40|2:41|2:42|2:43|2:44|2:45|2:46|2:47|2:48|2:49|2:5|2:51|2:52|2:53|2:54|2:55|2:56|2:57|2:58|2:59|2:6|2:60|2:61|2:62|2:63|2:7|2:8|2:9|3:0|3:1|3:10|3:11|3:12|3:13|3:14|3:15|3:16|3:17|3:18|3:19|3:2|3:20|3:21|3:22|3:23|3:24|3:25|3:26|3:27|3:28|3:29|3:3|3:30|3:31|3:32|3:33|3:34|3:35|3:36|3:37|3:38|3:39|3:4|3:40|3:41|3:42|3:43|3:44|3:45|3:46|3:47|3:48|3:49|3:5|3:50|3:51|3:52|3:53|3:54|3:55|3:56|3:57|3:58|3:59|3:6|3:60|3:61|3:62|3:63|3:7|3:8|3:9|4:0|4:1|4:10|4:11|4:12|4:13|4:14|4:15|4:16|4:17|4:18|4:19|4:2|4:20|4:21|4:22|4:23|4:24|4:25|4:26|4:27|4:28|4:29|4:3|4:30|4:31|4:32|4:33|4:34|4:35|4:36|4:37|4:38|4:39|4:4|4:40|4:41|4:42|4:43|4:44|4:45|4:46|4:47|4:48|4:49|4:5|4:50|4:51|4:52|4:53|4:54|4:55|4:56|4:57|4:58|4:59|4:6|4:60|4:61|4:62|4:63|4:7|4:8|4:9|5:0|5:1|5:10|5:11|5:12|5:13|5:14|5:15|5:16|5:17|5:18|5:19|5:2|5:20|5:21|5:22|5:23|5:24|5:25|5:26|5:27|5:28|5:29|5:3|5:30|5:31|5:32|5:33|5:34|5:35|5:36|5:37|5:38|5:39|5:4|5:40|5:41|5:42|5:43|5:44|5:45|5:46|5:47|5:48|5:49|5:5|5:52|5:53|5:54|5:55|5:56|5:57|5:58|5:59|5:6|5:60|5:61|5:62|5:63|5:7|5:8|5:9
TIERING-OFF,200,exact-v9-5-to-6mwe,176784,suction,C2-MIXTURE-PREFIX,317,0,366.6,1|2|3|4|5,1:0|1:1|1:10|1:11|1:12|1:13|1:14|1:15|1:16|1:17|1:18|1:19|1:2|1:20|1:21|1:22|1:23|1:24|1:25|1:26|1:27|1:28|1:29|1:3|1:30|1:31|1:32|1:33|1:34|1:35|1:36|1:37|1:38|1:39|1:4|1:40|1:41|1:42|1:43|1:44|1:45|1:46|1:47|1:48|1:49|1:5|1:50|1:51|1:52|1:53|1:54|1:55|1:56|1:57|1:58|1:59|1:6|1:60|1:61|1:62|1:63|1:7|1:8|1:9|2:0|2:1|2:10|2:11|2:12|2:13|2:14|2:15|2:16|2:17|2:18|2:19|2:2|2:20|2:21|2:22|2:23|2:24|2:25|2:26|2:27|2:28|2:29|2:3|2:30|2:31|2:32|2:33|2:34|2:35|2:36|2:37|2:38|2:39|2:4|2:40|2:41|2:42|2:43|2:44|2:45|2:46|2:47|2:48|2:49|2:5|2:50|2:52|2:53|2:54|2:55|2:56|2:57|2:58|2:59|2:6|2:60|2:61|2:62|2:63|2:7|2:8|2:9|3:0|3:1|3:10|3:11|3:12|3:13|3:14|3:15|3:16|3:17|3:18|3:19|3:2|3:20|3:21|3:22|3:23|3:24|3:25|3:26|3:27|3:28|3:29|3:3|3:30|3:31|3:32|3:33|3:34|3:35|3:36|3:37|3:38|3:39|3:4|3:40|3:41|3:42|3:43|3:44|3:45|3:46|3:47|3:48|3:49|3:5|3:50|3:52|3:53|3:54|3:55|3:56|3:57|3:58|3:59|3:6|3:60|3:61|3:62|3:63|3:7|3:8|3:9|4:0|4:1|4:10|4:11|4:12|4:13|4:14|4:15|4:16|4:17|4:18|4:19|4:2|4:20|4:21|4:22|4:23|4:24|4:25|4:26|4:27|4:28|4:29|4:3|4:30|4:31|4:32|4:33|4:34|4:35|4:36|4:37|4:38|4:39|4:4|4:40|4:41|4:42|4:43|4:44|4:45|4:46|4:47|4:48|4:49|4:5|4:50|4:51|4:52|4:53|4:54|4:55|4:56|4:57|4:58|4:59|4:6|4:60|4:61|4:62|4:63|4:7|4:8|4:9|5:0|5:1|5:10|5:11|5:12|5:13|5:14|5:15|5:16|5:17|5:18|5:19|5:2|5:20|5:21|5:22|5:23|5:24|5:25|5:26|5:27|5:28|5:29|5:3|5:30|5:31|5:32|5:33|5:34|5:35|5:36|5:37|5:38|5:39|5:4|5:40|5:41|5:42|5:43|5:44|5:45|5:46|5:47|5:48|5:49|5:5|5:50|5:52|5:53|5:54|5:55|5:56|5:57|5:58|5:59|5:6|5:60|5:61|5:62|5:63|5:7|5:8|5:9
TIERING-OFF,201,exact-v9-5-to-6mwe,176784,pressure,C2-MIXTURE-PREFIX,317,0,227.1,1|2|3|4|5,1:0|1:1|1:10|1:11|1:12|1:13|1:14|1:15|1:16|1:17|1:18|1:19|1:2|1:20|1:21|1:22|1:23|1:24|1:25|1:26|1:27|1:28|1:29|1:3|1:30|1:31|1:32|1:33|1:34|1:35|1:36|1:37|1:38|1:39|1:4|1:40|1:41|1:42|1:43|1:44|1:45|1:46|1:47|1:48|1:49|1:5|1:50|1:51|1:52|1:53|1:54|1:55|1:56|1:57|1:58|1:59|1:6|1:60|1:61|1:62|1:63|1:7|1:8|1:9|2:0|2:1|2:10|2:11|2:12|2:13|2:14|2:15|2:16|2:17|2:18|2:19|2:2|2:20|2:21|2:22|2:23|2:24|2:25|2:26|2:27|2:28|2:29|2:3|2:30|2:31|2:32|2:33|2:34|2:35|2:36|2:37|2:38|2:39|2:4|2:40|2:41|2:42|2:43|2:44|2:45|2:46|2:47|2:48|2:49|2:5|2:50|2:52|2:53|2:54|2:55|2:56|2:57|2:58|2:59|2:6|2:60|2:61|2:62|2:63|2:7|2:8|2:9|3:0|3:1|3:10|3:11|3:12|3:13|3:14|3:15|3:16|3:17|3:18|3:19|3:2|3:20|3:21|3:22|3:23|3:24|3:25|3:26|3:27|3:28|3:29|3:3|3:30|3:31|3:32|3:33|3:34|3:35|3:36|3:37|3:38|3:39|3:4|3:40|3:41|3:42|3:43|3:44|3:45|3:46|3:47|3:48|3:49|3:5|3:50|3:52|3:53|3:54|3:55|3:56|3:57|3:58|3:59|3:6|3:60|3:61|3:62|3:63|3:7|3:8|3:9|4:0|4:1|4:10|4:11|4:12|4:13|4:14|4:15|4:16|4:17|4:18|4:19|4:2|4:20|4:21|4:22|4:23|4:24|4:25|4:26|4:27|4:28|4:29|4:3|4:30|4:31|4:32|4:33|4:34|4:35|4:36|4:37|4:38|4:39|4:4|4:40|4:41|4:42|4:43|4:44|4:45|4:46|4:47|4:48|4:49|4:5|4:50|4:51|4:52|4:53|4:54|4:55|4:56|4:57|4:58|4:59|4:6|4:60|4:61|4:62|4:63|4:7|4:8|4:9|5:0|5:1|5:10|5:11|5:12|5:13|5:14|5:15|5:16|5:17|5:18|5:19|5:2|5:20|5:21|5:22|5:23|5:24|5:25|5:26|5:27|5:28|5:29|5:3|5:30|5:31|5:32|5:33|5:34|5:35|5:36|5:37|5:38|5:39|5:4|5:40|5:41|5:42|5:43|5:44|5:45|5:46|5:47|5:48|5:49|5:5|5:50|5:52|5:53|5:54|5:55|5:56|5:57|5:58|5:59|5:6|5:60|5:61|5:62|5:63|5:7|5:8|5:9
TIERING-OFF,202,exact-v9-5-to-6mwe,176784,outlet,C2-MIXTURE-PREFIX,317,1,626.9,1|2|3|4|5,1:0|1:1|1:10|1:11|1:12|1:13|1:14|1:15|1:16|1:17|1:18|1:19|1:2|1:20|1:21|1:22|1:23|1:24|1:25|1:26|1:27|1:28|1:29|1:3|1:30|1:31|1:32|1:33|1:34|1:35|1:36|1:37|1:38|1:39|1:4|1:40|1:41|1:42|1:43|1:44|1:45|1:46|1:47|1:48|1:49|1:5|1:50|1:51|1:52|1:53|1:54|1:55|1:56|1:57|1:58|1:59|1:6|1:60|1:61|1:62|1:63|1:7|1:8|1:9|2:0|2:1|2:10|2:11|2:12|2:13|2:14|2:15|2:16|2:17|2:18|2:19|2:2|2:20|2:21|2:22|2:23|2:24|2:25|2:26|2:27|2:28|2:29|2:3|2:30|2:31|2:32|2:33|2:34|2:35|2:36|2:37|2:38|2:39|2:4|2:40|2:41|2:42|2:43|2:44|2:45|2:46|2:47|2:48|2:49|2:5|2:50|2:52|2:53|2:54|2:55|2:56|2:57|2:58|2:59|2:6|2:60|2:61|2:62|2:63|2:7|2:8|2:9|3:0|3:1|3:10|3:11|3:12|3:13|3:14|3:15|3:16|3:17|3:18|3:19|3:2|3:20|3:21|3:22|3:23|3:24|3:25|3:26|3:27|3:28|3:29|3:3|3:30|3:31|3:32|3:33|3:34|3:35|3:36|3:37|3:38|3:39|3:4|3:40|3:41|3:42|3:43|3:44|3:45|3:46|3:47|3:48|3:49|3:5|3:50|3:52|3:53|3:54|3:55|3:56|3:57|3:58|3:59|3:6|3:60|3:61|3:62|3:63|3:7|3:8|3:9|4:0|4:1|4:10|4:11|4:12|4:13|4:14|4:15|4:16|4:17|4:18|4:19|4:2|4:20|4:21|4:22|4:23|4:24|4:25|4:26|4:27|4:28|4:29|4:3|4:30|4:31|4:32|4:33|4:34|4:35|4:36|4:37|4:38|4:39|4:4|4:40|4:41|4:42|4:43|4:44|4:45|4:46|4:47|4:48|4:49|4:5|4:50|4:51|4:52|4:53|4:54|4:55|4:56|4:57|4:58|4:59|4:6|4:60|4:61|4:62|4:63|4:7|4:8|4:9|5:0|5:1|5:10|5:11|5:12|5:13|5:14|5:15|5:16|5:17|5:18|5:19|5:2|5:20|5:21|5:22|5:23|5:24|5:25|5:26|5:27|5:28|5:29|5:3|5:30|5:31|5:32|5:33|5:34|5:35|5:36|5:37|5:38|5:39|5:4|5:40|5:41|5:42|5:43|5:44|5:45|5:46|5:47|5:48|5:49|5:5|5:50|5:52|5:53|5:54|5:55|5:56|5:57|5:58|5:59|5:6|5:60|5:61|5:62|5:63|5:7|5:8|5:9
TIERING-OFF,203,exact-v9-5-to-6mwe,176784,drum,C2-MIXTURE-PREFIX,317,0,292.9,1|2|3|4|5,1:0|1:1|1:10|1:11|1:12|1:13|1:14|1:15|1:16|1:17|1:18|1:19|1:2|1:20|1:21|1:22|1:23|1:24|1:25|1:26|1:27|1:28|1:29|1:3|1:30|1:31|1:32|1:33|1:34|1:35|1:36|1:37|1:38|1:39|1:4|1:40|1:41|1:42|1:43|1:44|1:45|1:46|1:47|1:48|1:49|1:5|1:50|1:51|1:52|1:53|1:54|1:55|1:56|1:57|1:58|1:59|1:6|1:60|1:61|1:62|1:63|1:7|1:8|1:9|2:0|2:1|2:10|2:11|2:12|2:13|2:14|2:15|2:16|2:17|2:18|2:19|2:2|2:20|2:21|2:22|2:23|2:24|2:25|2:26|2:27|2:28|2:29|2:3|2:30|2:31|2:32|2:33|2:34|2:35|2:36|2:37|2:38|2:39|2:4|2:40|2:41|2:42|2:43|2:44|2:45|2:46|2:47|2:48|2:49|2:5|2:50|2:52|2:53|2:54|2:55|2:56|2:57|2:58|2:59|2:6|2:60|2:61|2:62|2:63|2:7|2:8|2:9|3:0|3:1|3:10|3:11|3:12|3:13|3:14|3:15|3:16|3:17|3:18|3:19|3:2|3:20|3:21|3:22|3:23|3:24|3:25|3:26|3:27|3:28|3:29|3:3|3:30|3:31|3:32|3:33|3:34|3:35|3:36|3:37|3:38|3:39|3:4|3:40|3:41|3:42|3:43|3:44|3:45|3:46|3:47|3:48|3:49|3:5|3:50|3:52|3:53|3:54|3:55|3:56|3:57|3:58|3:59|3:6|3:60|3:61|3:62|3:63|3:7|3:8|3:9|4:0|4:1|4:10|4:11|4:12|4:13|4:14|4:15|4:16|4:17|4:18|4:19|4:2|4:20|4:21|4:22|4:23|4:24|4:25|4:26|4:27|4:28|4:29|4:3|4:30|4:31|4:32|4:33|4:34|4:35|4:36|4:37|4:38|4:39|4:4|4:40|4:41|4:42|4:43|4:44|4:45|4:46|4:47|4:48|4:49|4:5|4:50|4:51|4:52|4:53|4:54|4:55|4:56|4:57|4:58|4:59|4:6|4:60|4:61|4:62|4:63|4:7|4:8|4:9|5:0|5:1|5:10|5:11|5:12|5:13|5:14|5:15|5:16|5:17|5:18|5:19|5:2|5:20|5:21|5:22|5:23|5:24|5:25|5:26|5:27|5:28|5:29|5:3|5:30|5:31|5:32|5:33|5:34|5:35|5:36|5:37|5:38|5:39|5:4|5:40|5:41|5:42|5:43|5:44|5:45|5:46|5:47|5:48|5:49|5:5|5:50|5:52|5:53|5:54|5:55|5:56|5:57|5:58|5:59|5:6|5:60|5:61|5:62|5:63|5:7|5:8|5:9
TIERING-OFF,204,exact-v9-5-to-6mwe,176784,feedwater-inventory,C2-MIXTURE-PREFIX,1,0,194,2,2:29
TIERING-OFF,205,exact-v9-5-to-6mwe,182784,suction,C2-MIXTURE-PREFIX,316,0,369.7,1|2|3|4|5,1:0|1:1|1:10|1:11|1:12|1:13|1:14|1:15|1:16|1:17|1:18|1:19|1:2|1:20|1:21|1:22|1:23|1:24|1:25|1:26|1:27|1:28|1:29|1:3|1:30|1:31|1:32|1:33|1:34|1:35|1:36|1:37|1:38|1:39|1:4|1:40|1:41|1:42|1:43|1:44|1:45|1:46|1:47|1:48|1:49|1:5|1:50|1:51|1:52|1:53|1:54|1:55|1:56|1:57|1:58|1:59|1:6|1:60|1:61|1:62|1:63|1:7|1:8|1:9|2:0|2:1|2:10|2:11|2:12|2:13|2:14|2:15|2:16|2:17|2:18|2:19|2:2|2:20|2:21|2:22|2:23|2:24|2:25|2:26|2:27|2:28|2:29|2:3|2:30|2:31|2:32|2:33|2:34|2:35|2:36|2:37|2:38|2:39|2:4|2:40|2:41|2:42|2:43|2:44|2:45|2:46|2:47|2:48|2:49|2:5|2:50|2:52|2:53|2:54|2:55|2:56|2:57|2:58|2:59|2:6|2:60|2:61|2:62|2:63|2:7|2:8|2:9|3:0|3:1|3:10|3:11|3:12|3:13|3:14|3:15|3:16|3:17|3:18|3:19|3:2|3:20|3:21|3:22|3:23|3:24|3:25|3:26|3:27|3:28|3:29|3:3|3:30|3:31|3:32|3:33|3:34|3:35|3:36|3:37|3:38|3:39|3:4|3:40|3:41|3:42|3:43|3:44|3:45|3:46|3:47|3:48|3:49|3:5|3:50|3:52|3:53|3:54|3:55|3:56|3:57|3:58|3:59|3:6|3:60|3:61|3:62|3:63|3:7|3:8|3:9|4:0|4:1|4:10|4:11|4:12|4:13|4:14|4:15|4:16|4:17|4:18|4:19|4:2|4:20|4:21|4:22|4:23|4:24|4:25|4:26|4:27|4:28|4:29|4:3|4:30|4:31|4:32|4:33|4:34|4:35|4:36|4:37|4:38|4:39|4:4|4:40|4:41|4:42|4:43|4:44|4:45|4:46|4:47|4:48|4:49|4:5|4:50|4:51|4:52|4:53|4:54|4:55|4:56|4:57|4:58|4:59|4:6|4:60|4:61|4:62|4:63|4:7|4:8|4:9|5:0|5:1|5:10|5:11|5:12|5:13|5:14|5:16|5:17|5:18|5:19|5:2|5:20|5:21|5:22|5:23|5:24|5:25|5:26|5:27|5:28|5:29|5:3|5:30|5:31|5:32|5:33|5:34|5:35|5:36|5:37|5:38|5:39|5:4|5:40|5:41|5:42|5:43|5:44|5:45|5:46|5:47|5:48|5:49|5:5|5:50|5:52|5:53|5:54|5:55|5:56|5:57|5:58|5:59|5:6|5:60|5:61|5:62|5:63|5:7|5:8|5:9
TIERING-OFF,206,exact-v9-5-to-6mwe,182784,pressure,C2-MIXTURE-PREFIX,317,0,344.9,1|2|3|4|5,1:0|1:1|1:10|1:11|1:12|1:13|1:14|1:15|1:16|1:17|1:18|1:19|1:2|1:20|1:21|1:22|1:23|1:24|1:25|1:26|1:27|1:28|1:29|1:3|1:30|1:31|1:32|1:33|1:34|1:35|1:36|1:37|1:38|1:39|1:4|1:40|1:41|1:42|1:43|1:44|1:45|1:46|1:47|1:48|1:49|1:5|1:50|1:51|1:52|1:53|1:54|1:55|1:56|1:57|1:58|1:59|1:6|1:60|1:61|1:62|1:63|1:7|1:8|1:9|2:0|2:1|2:10|2:11|2:12|2:13|2:14|2:15|2:16|2:17|2:18|2:19|2:2|2:20|2:21|2:22|2:23|2:24|2:25|2:26|2:27|2:28|2:29|2:3|2:30|2:31|2:32|2:33|2:34|2:35|2:36|2:37|2:38|2:39|2:4|2:40|2:41|2:42|2:43|2:44|2:45|2:46|2:47|2:48|2:49|2:5|2:50|2:52|2:53|2:54|2:55|2:56|2:57|2:58|2:59|2:6|2:60|2:61|2:62|2:63|2:7|2:8|2:9|3:0|3:1|3:10|3:11|3:12|3:13|3:14|3:15|3:16|3:17|3:18|3:19|3:2|3:20|3:21|3:22|3:23|3:24|3:25|3:26|3:27|3:28|3:29|3:3|3:30|3:31|3:32|3:33|3:34|3:35|3:36|3:37|3:38|3:39|3:4|3:40|3:41|3:42|3:43|3:44|3:45|3:46|3:47|3:48|3:49|3:5|3:50|3:52|3:53|3:54|3:55|3:56|3:57|3:58|3:59|3:6|3:60|3:61|3:62|3:63|3:7|3:8|3:9|4:0|4:1|4:10|4:11|4:12|4:13|4:14|4:15|4:16|4:17|4:18|4:19|4:2|4:20|4:21|4:22|4:23|4:24|4:25|4:26|4:27|4:28|4:29|4:3|4:30|4:31|4:32|4:33|4:34|4:35|4:36|4:37|4:38|4:39|4:4|4:40|4:41|4:42|4:43|4:44|4:45|4:46|4:47|4:48|4:49|4:5|4:50|4:51|4:52|4:53|4:54|4:55|4:56|4:57|4:58|4:59|4:6|4:60|4:61|4:62|4:63|4:7|4:8|4:9|5:0|5:1|5:10|5:11|5:12|5:13|5:14|5:15|5:16|5:17|5:18|5:19|5:2|5:20|5:21|5:22|5:23|5:24|5:25|5:26|5:27|5:28|5:29|5:3|5:30|5:31|5:32|5:33|5:34|5:35|5:36|5:37|5:38|5:39|5:4|5:40|5:41|5:42|5:43|5:44|5:45|5:46|5:47|5:48|5:49|5:5|5:50|5:52|5:53|5:54|5:55|5:56|5:57|5:58|5:59|5:6|5:60|5:61|5:62|5:63|5:7|5:8|5:9
TIERING-OFF,207,exact-v9-5-to-6mwe,182784,outlet,C2-MIXTURE-PREFIX,317,0,185.6,1|2|3|4|5,1:0|1:1|1:10|1:11|1:12|1:13|1:14|1:15|1:16|1:17|1:18|1:19|1:2|1:20|1:21|1:22|1:23|1:24|1:25|1:26|1:27|1:28|1:29|1:3|1:30|1:31|1:32|1:33|1:34|1:35|1:36|1:37|1:38|1:39|1:4|1:40|1:41|1:42|1:43|1:44|1:45|1:46|1:47|1:48|1:49|1:5|1:50|1:51|1:52|1:53|1:54|1:55|1:56|1:57|1:58|1:59|1:6|1:60|1:61|1:62|1:63|1:7|1:8|1:9|2:0|2:1|2:10|2:11|2:12|2:13|2:14|2:15|2:16|2:17|2:18|2:19|2:2|2:20|2:21|2:22|2:23|2:24|2:25|2:26|2:27|2:28|2:29|2:3|2:30|2:31|2:32|2:33|2:34|2:35|2:36|2:37|2:38|2:39|2:4|2:40|2:41|2:42|2:43|2:44|2:45|2:46|2:47|2:48|2:49|2:5|2:50|2:52|2:53|2:54|2:55|2:56|2:57|2:58|2:59|2:6|2:60|2:61|2:62|2:63|2:7|2:8|2:9|3:0|3:1|3:10|3:11|3:12|3:13|3:14|3:15|3:16|3:17|3:18|3:19|3:2|3:20|3:21|3:22|3:23|3:24|3:25|3:26|3:27|3:28|3:29|3:3|3:30|3:31|3:32|3:33|3:34|3:35|3:36|3:37|3:38|3:39|3:4|3:40|3:41|3:42|3:43|3:44|3:45|3:46|3:47|3:48|3:49|3:5|3:50|3:52|3:53|3:54|3:55|3:56|3:57|3:58|3:59|3:6|3:60|3:61|3:62|3:63|3:7|3:8|3:9|4:0|4:1|4:10|4:11|4:12|4:13|4:14|4:15|4:16|4:17|4:18|4:19|4:2|4:20|4:21|4:22|4:23|4:24|4:25|4:26|4:27|4:28|4:29|4:3|4:30|4:31|4:32|4:33|4:34|4:35|4:36|4:37|4:38|4:39|4:4|4:40|4:41|4:42|4:43|4:44|4:45|4:46|4:47|4:48|4:49|4:5|4:50|4:51|4:52|4:53|4:54|4:55|4:56|4:57|4:58|4:59|4:6|4:60|4:61|4:62|4:63|4:7|4:8|4:9|5:0|5:1|5:10|5:11|5:12|5:13|5:14|5:15|5:16|5:17|5:18|5:19|5:2|5:20|5:21|5:22|5:23|5:24|5:25|5:26|5:27|5:28|5:29|5:3|5:30|5:31|5:32|5:33|5:34|5:35|5:36|5:37|5:38|5:39|5:4|5:40|5:41|5:42|5:43|5:44|5:45|5:46|5:47|5:48|5:49|5:5|5:50|5:52|5:53|5:54|5:55|5:56|5:57|5:58|5:59|5:6|5:60|5:61|5:62|5:63|5:7|5:8|5:9
TIERING-OFF,208,exact-v9-5-to-6mwe,182784,drum,C2-MIXTURE-PREFIX,317,0,170.1,1|2|3|4|5,1:0|1:1|1:10|1:11|1:12|1:13|1:14|1:15|1:16|1:17|1:18|1:19|1:2|1:20|1:21|1:22|1:23|1:24|1:25|1:26|1:27|1:28|1:29|1:3|1:30|1:31|1:32|1:33|1:34|1:35|1:36|1:37|1:38|1:39|1:4|1:40|1:41|1:42|1:43|1:44|1:45|1:46|1:47|1:48|1:49|1:5|1:50|1:51|1:52|1:53|1:54|1:55|1:56|1:57|1:58|1:59|1:6|1:60|1:61|1:62|1:63|1:7|1:8|1:9|2:0|2:1|2:10|2:11|2:12|2:13|2:14|2:15|2:16|2:17|2:18|2:19|2:2|2:20|2:21|2:22|2:23|2:24|2:25|2:26|2:27|2:28|2:29|2:3|2:30|2:31|2:32|2:33|2:34|2:35|2:36|2:37|2:38|2:39|2:4|2:40|2:41|2:42|2:43|2:44|2:45|2:46|2:47|2:48|2:49|2:5|2:50|2:52|2:53|2:54|2:55|2:56|2:57|2:58|2:59|2:6|2:60|2:61|2:62|2:63|2:7|2:8|2:9|3:0|3:1|3:10|3:11|3:12|3:13|3:14|3:15|3:16|3:17|3:18|3:19|3:2|3:20|3:21|3:22|3:23|3:24|3:25|3:26|3:27|3:28|3:29|3:3|3:30|3:31|3:32|3:33|3:34|3:35|3:36|3:37|3:38|3:39|3:4|3:40|3:41|3:42|3:43|3:44|3:45|3:46|3:47|3:48|3:49|3:5|3:50|3:52|3:53|3:54|3:55|3:56|3:57|3:58|3:59|3:6|3:60|3:61|3:62|3:63|3:7|3:8|3:9|4:0|4:1|4:10|4:11|4:12|4:13|4:14|4:15|4:16|4:17|4:18|4:19|4:2|4:20|4:21|4:22|4:23|4:24|4:25|4:26|4:27|4:28|4:29|4:3|4:30|4:31|4:32|4:33|4:34|4:35|4:36|4:37|4:38|4:39|4:4|4:40|4:41|4:42|4:43|4:44|4:45|4:46|4:47|4:48|4:49|4:5|4:50|4:51|4:52|4:53|4:54|4:55|4:56|4:57|4:58|4:59|4:6|4:60|4:61|4:62|4:63|4:7|4:8|4:9|5:0|5:1|5:10|5:11|5:12|5:13|5:14|5:15|5:16|5:17|5:18|5:19|5:2|5:20|5:21|5:22|5:23|5:24|5:25|5:26|5:27|5:28|5:29|5:3|5:30|5:31|5:32|5:33|5:34|5:35|5:36|5:37|5:38|5:39|5:4|5:40|5:41|5:42|5:43|5:44|5:45|5:46|5:47|5:48|5:49|5:5|5:50|5:52|5:53|5:54|5:55|5:56|5:57|5:58|5:59|5:6|5:60|5:61|5:62|5:63|5:7|5:8|5:9
TIERING-OFF,209,exact-v9-5-to-6mwe,182784,feedwater-inventory,C2-MIXTURE-PREFIX,1,1,457.2,3,3:6
TIERING-OFF,21,background-reference,24000,pressure,C2-MIXTURE-PREFIX,317,0,370.9,1|2|3|4|5,1:0|1:1|1:10|1:11|1:12|1:13|1:14|1:15|1:16|1:17|1:18|1:19|1:2|1:20|1:21|1:22|1:23|1:24|1:25|1:26|1:27|1:28|1:29|1:3|1:30|1:31|1:32|1:33|1:34|1:35|1:36|1:37|1:38|1:39|1:4|1:40|1:41|1:42|1:43|1:44|1:45|1:46|1:47|1:48|1:49|1:5|1:50|1:51|1:52|1:53|1:54|1:55|1:56|1:57|1:58|1:59|1:6|1:60|1:61|1:62|1:63|1:7|1:8|1:9|2:0|2:1|2:10|2:11|2:12|2:13|2:14|2:15|2:16|2:17|2:18|2:19|2:2|2:20|2:21|2:22|2:23|2:24|2:25|2:26|2:27|2:28|2:29|2:3|2:30|2:31|2:32|2:33|2:34|2:35|2:36|2:37|2:38|2:39|2:4|2:40|2:41|2:42|2:43|2:44|2:45|2:46|2:47|2:48|2:49|2:5|2:51|2:52|2:53|2:54|2:55|2:56|2:57|2:58|2:59|2:6|2:60|2:61|2:62|2:63|2:7|2:8|2:9|3:0|3:1|3:10|3:11|3:12|3:13|3:14|3:15|3:16|3:17|3:18|3:19|3:2|3:20|3:21|3:22|3:23|3:24|3:25|3:26|3:27|3:28|3:29|3:3|3:30|3:31|3:32|3:33|3:34|3:35|3:36|3:37|3:38|3:39|3:4|3:40|3:41|3:42|3:43|3:44|3:45|3:46|3:47|3:48|3:49|3:5|3:50|3:51|3:52|3:53|3:54|3:55|3:56|3:57|3:58|3:59|3:6|3:60|3:61|3:62|3:63|3:7|3:8|3:9|4:0|4:1|4:10|4:11|4:12|4:13|4:14|4:15|4:16|4:17|4:18|4:19|4:2|4:20|4:21|4:22|4:23|4:24|4:25|4:26|4:27|4:28|4:29|4:3|4:30|4:31|4:32|4:33|4:34|4:35|4:36|4:37|4:38|4:39|4:4|4:40|4:41|4:42|4:43|4:44|4:45|4:46|4:47|4:48|4:49|4:5|4:50|4:51|4:52|4:53|4:54|4:55|4:56|4:57|4:58|4:59|4:6|4:60|4:61|4:62|4:63|4:7|4:8|4:9|5:0|5:1|5:10|5:11|5:12|5:13|5:14|5:15|5:16|5:17|5:18|5:19|5:2|5:20|5:21|5:22|5:23|5:24|5:25|5:26|5:27|5:28|5:29|5:3|5:30|5:31|5:32|5:33|5:34|5:35|5:36|5:37|5:38|5:39|5:4|5:40|5:41|5:42|5:43|5:44|5:45|5:46|5:47|5:48|5:49|5:5|5:52|5:53|5:54|5:55|5:56|5:57|5:58|5:59|5:6|5:60|5:61|5:62|5:63|5:7|5:8|5:9
TIERING-OFF,210,exact-v9-5-to-6mwe,188784,suction,C2-MIXTURE-PREFIX,317,0,241.4,1|2|3|4|5,1:0|1:1|1:10|1:11|1:12|1:13|1:14|1:15|1:16|1:17|1:18|1:19|1:2|1:20|1:21|1:22|1:23|1:24|1:25|1:26|1:27|1:28|1:29|1:3|1:30|1:31|1:32|1:33|1:34|1:35|1:36|1:37|1:38|1:39|1:4|1:40|1:41|1:42|1:43|1:44|1:45|1:46|1:47|1:48|1:49|1:5|1:50|1:51|1:52|1:53|1:54|1:55|1:56|1:57|1:58|1:59|1:6|1:60|1:61|1:62|1:63|1:7|1:8|1:9|2:0|2:1|2:10|2:11|2:12|2:13|2:14|2:15|2:16|2:17|2:18|2:19|2:2|2:20|2:21|2:22|2:23|2:24|2:25|2:26|2:27|2:28|2:29|2:3|2:30|2:31|2:32|2:33|2:34|2:35|2:36|2:37|2:38|2:39|2:4|2:40|2:41|2:42|2:43|2:44|2:45|2:46|2:47|2:48|2:49|2:5|2:50|2:52|2:53|2:54|2:55|2:56|2:57|2:58|2:59|2:6|2:60|2:61|2:62|2:63|2:7|2:8|2:9|3:0|3:1|3:10|3:11|3:12|3:13|3:14|3:15|3:16|3:17|3:18|3:19|3:2|3:20|3:21|3:22|3:23|3:24|3:25|3:26|3:27|3:28|3:29|3:3|3:30|3:31|3:32|3:33|3:34|3:35|3:36|3:37|3:38|3:39|3:4|3:40|3:41|3:42|3:43|3:44|3:45|3:46|3:47|3:48|3:49|3:5|3:50|3:52|3:53|3:54|3:55|3:56|3:57|3:58|3:59|3:6|3:60|3:61|3:62|3:63|3:7|3:8|3:9|4:0|4:1|4:10|4:11|4:12|4:13|4:14|4:15|4:16|4:17|4:18|4:19|4:2|4:20|4:21|4:22|4:23|4:24|4:25|4:26|4:27|4:28|4:29|4:3|4:30|4:31|4:32|4:33|4:34|4:35|4:36|4:37|4:38|4:39|4:4|4:40|4:41|4:42|4:43|4:44|4:45|4:46|4:47|4:48|4:49|4:5|4:50|4:51|4:52|4:53|4:54|4:55|4:56|4:57|4:58|4:59|4:6|4:60|4:61|4:62|4:63|4:7|4:8|4:9|5:0|5:1|5:10|5:11|5:12|5:13|5:14|5:15|5:16|5:17|5:18|5:19|5:2|5:20|5:21|5:22|5:23|5:24|5:25|5:26|5:27|5:28|5:29|5:3|5:30|5:31|5:32|5:33|5:34|5:35|5:36|5:37|5:38|5:39|5:4|5:40|5:41|5:42|5:43|5:44|5:45|5:46|5:47|5:48|5:49|5:5|5:50|5:52|5:53|5:54|5:55|5:56|5:57|5:58|5:59|5:6|5:60|5:61|5:62|5:63|5:7|5:8|5:9
TIERING-OFF,211,exact-v9-5-to-6mwe,188784,pressure,C2-MIXTURE-PREFIX,317,1,450.5,1|2|3|4|5,1:0|1:1|1:10|1:11|1:12|1:13|1:14|1:15|1:16|1:17|1:18|1:19|1:2|1:20|1:21|1:22|1:23|1:24|1:25|1:26|1:27|1:28|1:29|1:3|1:30|1:31|1:32|1:33|1:34|1:35|1:36|1:37|1:38|1:39|1:4|1:40|1:41|1:42|1:43|1:44|1:45|1:46|1:47|1:48|1:49|1:5|1:50|1:51|1:52|1:53|1:54|1:55|1:56|1:57|1:58|1:59|1:6|1:60|1:61|1:62|1:63|1:7|1:8|1:9|2:0|2:1|2:10|2:11|2:12|2:13|2:14|2:15|2:16|2:17|2:18|2:19|2:2|2:20|2:21|2:22|2:23|2:24|2:25|2:26|2:27|2:28|2:29|2:3|2:30|2:31|2:32|2:33|2:34|2:35|2:36|2:37|2:38|2:39|2:4|2:40|2:41|2:42|2:43|2:44|2:45|2:46|2:47|2:48|2:49|2:5|2:50|2:52|2:53|2:54|2:55|2:56|2:57|2:58|2:59|2:6|2:60|2:61|2:62|2:63|2:7|2:8|2:9|3:0|3:1|3:10|3:11|3:12|3:13|3:14|3:15|3:16|3:17|3:18|3:19|3:2|3:20|3:21|3:22|3:23|3:24|3:25|3:26|3:27|3:28|3:29|3:3|3:30|3:31|3:32|3:33|3:34|3:35|3:36|3:37|3:38|3:39|3:4|3:40|3:41|3:42|3:43|3:44|3:45|3:46|3:47|3:48|3:49|3:5|3:50|3:52|3:53|3:54|3:55|3:56|3:57|3:58|3:59|3:6|3:60|3:61|3:62|3:63|3:7|3:8|3:9|4:0|4:1|4:10|4:11|4:12|4:13|4:14|4:15|4:16|4:17|4:18|4:19|4:2|4:20|4:21|4:22|4:23|4:24|4:25|4:26|4:27|4:28|4:29|4:3|4:30|4:31|4:32|4:33|4:34|4:35|4:36|4:37|4:38|4:39|4:4|4:40|4:41|4:42|4:43|4:44|4:45|4:46|4:47|4:48|4:49|4:5|4:50|4:51|4:52|4:53|4:54|4:55|4:56|4:57|4:58|4:59|4:6|4:60|4:61|4:62|4:63|4:7|4:8|4:9|5:0|5:1|5:10|5:11|5:12|5:13|5:14|5:15|5:16|5:17|5:18|5:19|5:2|5:20|5:21|5:22|5:23|5:24|5:25|5:26|5:27|5:28|5:29|5:3|5:30|5:31|5:32|5:33|5:34|5:35|5:36|5:37|5:38|5:39|5:4|5:40|5:41|5:42|5:43|5:44|5:45|5:46|5:47|5:48|5:49|5:5|5:50|5:52|5:53|5:54|5:55|5:56|5:57|5:58|5:59|5:6|5:60|5:61|5:62|5:63|5:7|5:8|5:9
TIERING-OFF,212,exact-v9-5-to-6mwe,188784,outlet,C2-MIXTURE-PREFIX,317,1,459.4,1|2|3|4|5,1:0|1:1|1:10|1:11|1:12|1:13|1:14|1:15|1:16|1:17|1:18|1:19|1:2|1:20|1:21|1:22|1:23|1:24|1:25|1:26|1:27|1:28|1:29|1:3|1:30|1:31|1:32|1:33|1:34|1:35|1:36|1:37|1:38|1:39|1:4|1:40|1:41|1:42|1:43|1:44|1:45|1:46|1:47|1:48|1:49|1:5|1:50|1:51|1:52|1:53|1:54|1:55|1:56|1:57|1:58|1:59|1:6|1:60|1:61|1:62|1:63|1:7|1:8|1:9|2:0|2:1|2:10|2:11|2:12|2:13|2:14|2:15|2:16|2:17|2:18|2:19|2:2|2:20|2:21|2:22|2:23|2:24|2:25|2:26|2:27|2:28|2:29|2:3|2:30|2:31|2:32|2:33|2:34|2:35|2:36|2:37|2:38|2:39|2:4|2:40|2:41|2:42|2:43|2:44|2:45|2:46|2:47|2:48|2:49|2:5|2:50|2:52|2:53|2:54|2:55|2:56|2:57|2:58|2:59|2:6|2:60|2:61|2:62|2:63|2:7|2:8|2:9|3:0|3:1|3:10|3:11|3:12|3:13|3:14|3:15|3:16|3:17|3:18|3:19|3:2|3:20|3:21|3:22|3:23|3:24|3:25|3:26|3:27|3:28|3:29|3:3|3:30|3:31|3:32|3:33|3:34|3:35|3:36|3:37|3:38|3:39|3:4|3:40|3:41|3:42|3:43|3:44|3:45|3:46|3:47|3:48|3:49|3:5|3:50|3:52|3:53|3:54|3:55|3:56|3:57|3:58|3:59|3:6|3:60|3:61|3:62|3:63|3:7|3:8|3:9|4:0|4:1|4:10|4:11|4:12|4:13|4:14|4:15|4:16|4:17|4:18|4:19|4:2|4:20|4:21|4:22|4:23|4:24|4:25|4:26|4:27|4:28|4:29|4:3|4:30|4:31|4:32|4:33|4:34|4:35|4:36|4:37|4:38|4:39|4:4|4:40|4:41|4:42|4:43|4:44|4:45|4:46|4:47|4:48|4:49|4:5|4:50|4:51|4:52|4:53|4:54|4:55|4:56|4:57|4:58|4:59|4:6|4:60|4:61|4:62|4:63|4:7|4:8|4:9|5:0|5:1|5:10|5:11|5:12|5:13|5:14|5:15|5:16|5:17|5:18|5:19|5:2|5:20|5:21|5:22|5:23|5:24|5:25|5:26|5:27|5:28|5:29|5:3|5:30|5:31|5:32|5:33|5:34|5:35|5:36|5:37|5:38|5:39|5:4|5:40|5:41|5:42|5:43|5:44|5:45|5:46|5:47|5:48|5:49|5:5|5:50|5:52|5:53|5:54|5:55|5:56|5:57|5:58|5:59|5:6|5:60|5:61|5:62|5:63|5:7|5:8|5:9
TIERING-OFF,213,exact-v9-5-to-6mwe,188784,drum,C2-MIXTURE-PREFIX,316,0,238.1,1|2|3|4|5,1:0|1:1|1:10|1:11|1:12|1:13|1:14|1:15|1:16|1:17|1:18|1:19|1:2|1:20|1:21|1:22|1:23|1:24|1:25|1:26|1:27|1:28|1:29|1:3|1:30|1:31|1:32|1:33|1:34|1:35|1:36|1:37|1:38|1:39|1:4|1:40|1:41|1:42|1:43|1:44|1:45|1:46|1:47|1:48|1:49|1:5|1:50|1:51|1:52|1:53|1:54|1:55|1:56|1:57|1:58|1:59|1:6|1:60|1:61|1:62|1:63|1:7|1:8|1:9|2:0|2:1|2:10|2:11|2:12|2:13|2:14|2:15|2:16|2:17|2:18|2:19|2:2|2:20|2:21|2:22|2:23|2:24|2:25|2:26|2:27|2:28|2:29|2:3|2:30|2:31|2:32|2:33|2:34|2:35|2:36|2:37|2:38|2:39|2:4|2:40|2:41|2:42|2:43|2:44|2:45|2:46|2:47|2:48|2:49|2:5|2:50|2:52|2:53|2:54|2:55|2:56|2:57|2:58|2:59|2:6|2:60|2:61|2:62|2:63|2:8|2:9|3:0|3:1|3:10|3:11|3:12|3:13|3:14|3:15|3:16|3:17|3:18|3:19|3:2|3:20|3:21|3:22|3:23|3:24|3:25|3:26|3:27|3:28|3:29|3:3|3:30|3:31|3:32|3:33|3:34|3:35|3:36|3:37|3:38|3:39|3:4|3:40|3:41|3:42|3:43|3:44|3:45|3:46|3:47|3:48|3:49|3:5|3:50|3:52|3:53|3:54|3:55|3:56|3:57|3:58|3:59|3:6|3:60|3:61|3:62|3:63|3:7|3:8|3:9|4:0|4:1|4:10|4:11|4:12|4:13|4:14|4:15|4:16|4:17|4:18|4:19|4:2|4:20|4:21|4:22|4:23|4:24|4:25|4:26|4:27|4:28|4:29|4:3|4:30|4:31|4:32|4:33|4:34|4:35|4:36|4:37|4:38|4:39|4:4|4:40|4:41|4:42|4:43|4:44|4:45|4:46|4:47|4:48|4:49|4:5|4:50|4:51|4:52|4:53|4:54|4:55|4:56|4:57|4:58|4:59|4:6|4:60|4:61|4:62|4:63|4:7|4:8|4:9|5:0|5:1|5:10|5:11|5:12|5:13|5:14|5:15|5:16|5:17|5:18|5:19|5:2|5:20|5:21|5:22|5:23|5:24|5:25|5:26|5:27|5:28|5:29|5:3|5:30|5:31|5:32|5:33|5:34|5:35|5:36|5:37|5:38|5:39|5:4|5:40|5:41|5:42|5:43|5:44|5:45|5:46|5:47|5:48|5:49|5:5|5:50|5:52|5:53|5:54|5:55|5:56|5:57|5:58|5:59|5:6|5:60|5:61|5:62|5:63|5:7|5:8|5:9
TIERING-OFF,215,exact-v9-5-to-6mwe,194784,suction,C2-MIXTURE-PREFIX,315,0,357,1|2|3|4|5,1:0|1:1|1:10|1:11|1:12|1:13|1:14|1:15|1:16|1:17|1:18|1:19|1:2|1:20|1:21|1:22|1:23|1:24|1:25|1:26|1:27|1:28|1:29|1:3|1:30|1:31|1:32|1:33|1:34|1:35|1:36|1:37|1:38|1:39|1:4|1:40|1:41|1:42|1:43|1:44|1:45|1:46|1:47|1:48|1:49|1:5|1:50|1:51|1:52|1:53|1:54|1:55|1:56|1:57|1:58|1:59|1:6|1:60|1:61|1:62|1:63|1:7|1:8|1:9|2:0|2:1|2:10|2:11|2:12|2:13|2:14|2:15|2:16|2:17|2:18|2:19|2:2|2:20|2:21|2:22|2:23|2:24|2:25|2:26|2:27|2:28|2:29|2:3|2:30|2:31|2:32|2:33|2:34|2:35|2:36|2:37|2:38|2:39|2:4|2:40|2:41|2:42|2:43|2:44|2:45|2:46|2:47|2:48|2:49|2:5|2:52|2:53|2:54|2:55|2:56|2:57|2:58|2:59|2:6|2:60|2:61|2:62|2:63|2:8|2:9|3:0|3:1|3:10|3:11|3:12|3:13|3:14|3:15|3:16|3:17|3:18|3:19|3:2|3:20|3:21|3:22|3:23|3:24|3:25|3:26|3:27|3:28|3:29|3:3|3:30|3:31|3:32|3:33|3:34|3:35|3:36|3:37|3:38|3:39|3:4|3:40|3:41|3:42|3:43|3:44|3:45|3:46|3:47|3:48|3:49|3:5|3:50|3:52|3:53|3:54|3:55|3:56|3:57|3:58|3:59|3:6|3:60|3:61|3:62|3:63|3:7|3:8|3:9|4:0|4:1|4:10|4:11|4:12|4:13|4:14|4:15|4:16|4:17|4:18|4:19|4:2|4:20|4:21|4:22|4:23|4:24|4:25|4:26|4:27|4:28|4:29|4:3|4:30|4:31|4:32|4:33|4:34|4:35|4:36|4:37|4:38|4:39|4:4|4:40|4:41|4:42|4:43|4:44|4:45|4:46|4:47|4:48|4:49|4:5|4:50|4:51|4:52|4:53|4:54|4:55|4:56|4:57|4:58|4:59|4:6|4:60|4:61|4:62|4:63|4:7|4:8|4:9|5:0|5:1|5:10|5:11|5:12|5:13|5:14|5:15|5:16|5:17|5:18|5:19|5:2|5:20|5:21|5:22|5:23|5:24|5:25|5:26|5:27|5:28|5:29|5:3|5:30|5:31|5:32|5:33|5:34|5:35|5:36|5:37|5:38|5:39|5:4|5:40|5:41|5:42|5:43|5:44|5:45|5:46|5:47|5:48|5:49|5:5|5:50|5:52|5:53|5:54|5:55|5:56|5:57|5:58|5:59|5:6|5:60|5:61|5:62|5:63|5:7|5:8|5:9
TIERING-OFF,216,exact-v9-5-to-6mwe,194784,pressure,C2-MIXTURE-PREFIX,315,0,253.2,1|2|3|4|5,1:0|1:1|1:10|1:11|1:12|1:13|1:14|1:15|1:16|1:17|1:18|1:19|1:2|1:20|1:21|1:22|1:23|1:24|1:25|1:26|1:27|1:28|1:29|1:3|1:30|1:31|1:32|1:33|1:34|1:35|1:36|1:37|1:38|1:39|1:4|1:40|1:41|1:42|1:43|1:44|1:45|1:46|1:47|1:48|1:49|1:5|1:50|1:51|1:52|1:53|1:54|1:55|1:56|1:57|1:58|1:59|1:6|1:60|1:61|1:62|1:63|1:7|1:8|1:9|2:0|2:1|2:10|2:11|2:12|2:13|2:14|2:15|2:16|2:17|2:18|2:19|2:2|2:20|2:21|2:22|2:23|2:24|2:25|2:26|2:27|2:28|2:29|2:3|2:30|2:31|2:32|2:33|2:34|2:35|2:36|2:37|2:38|2:39|2:4|2:40|2:41|2:42|2:43|2:44|2:45|2:46|2:47|2:48|2:49|2:5|2:52|2:53|2:54|2:55|2:56|2:57|2:58|2:59|2:6|2:60|2:61|2:62|2:63|2:8|2:9|3:0|3:1|3:10|3:11|3:12|3:13|3:14|3:15|3:16|3:17|3:18|3:19|3:2|3:20|3:21|3:22|3:23|3:24|3:25|3:26|3:27|3:28|3:29|3:3|3:30|3:31|3:32|3:33|3:34|3:35|3:36|3:37|3:38|3:39|3:4|3:40|3:41|3:42|3:43|3:44|3:45|3:46|3:47|3:48|3:49|3:5|3:50|3:52|3:53|3:54|3:55|3:56|3:57|3:58|3:59|3:6|3:60|3:61|3:62|3:63|3:7|3:8|3:9|4:0|4:1|4:10|4:11|4:12|4:13|4:14|4:15|4:16|4:17|4:18|4:19|4:2|4:20|4:21|4:22|4:23|4:24|4:25|4:26|4:27|4:28|4:29|4:3|4:30|4:31|4:32|4:33|4:34|4:35|4:36|4:37|4:38|4:39|4:4|4:40|4:41|4:42|4:43|4:44|4:45|4:46|4:47|4:48|4:49|4:5|4:50|4:51|4:52|4:53|4:54|4:55|4:56|4:57|4:58|4:59|4:6|4:60|4:61|4:62|4:63|4:7|4:8|4:9|5:0|5:1|5:10|5:11|5:12|5:13|5:14|5:15|5:16|5:17|5:18|5:19|5:2|5:20|5:21|5:22|5:23|5:24|5:25|5:26|5:27|5:28|5:29|5:3|5:30|5:31|5:32|5:33|5:34|5:35|5:36|5:37|5:38|5:39|5:4|5:40|5:41|5:42|5:43|5:44|5:45|5:46|5:47|5:48|5:49|5:5|5:50|5:52|5:53|5:54|5:55|5:56|5:57|5:58|5:59|5:6|5:60|5:61|5:62|5:63|5:7|5:8|5:9
TIERING-OFF,217,exact-v9-5-to-6mwe,194784,outlet,C2-MIXTURE-PREFIX,314,0,191.8,1|2|3|4|5,1:0|1:1|1:10|1:11|1:12|1:13|1:14|1:15|1:16|1:17|1:18|1:19|1:2|1:20|1:21|1:22|1:23|1:24|1:25|1:26|1:27|1:28|1:29|1:3|1:30|1:31|1:32|1:33|1:34|1:35|1:36|1:37|1:38|1:39|1:4|1:40|1:41|1:42|1:43|1:44|1:45|1:46|1:47|1:48|1:49|1:5|1:50|1:51|1:52|1:53|1:54|1:55|1:56|1:57|1:58|1:59|1:6|1:60|1:61|1:62|1:63|1:7|1:8|1:9|2:0|2:1|2:10|2:11|2:12|2:13|2:14|2:15|2:16|2:17|2:18|2:19|2:2|2:20|2:21|2:22|2:23|2:24|2:25|2:26|2:27|2:28|2:29|2:3|2:30|2:31|2:32|2:33|2:34|2:35|2:36|2:37|2:38|2:39|2:4|2:40|2:42|2:43|2:44|2:45|2:46|2:47|2:48|2:49|2:5|2:52|2:53|2:54|2:55|2:56|2:57|2:58|2:59|2:6|2:60|2:61|2:62|2:63|2:8|2:9|3:0|3:1|3:10|3:11|3:12|3:13|3:14|3:15|3:16|3:17|3:18|3:19|3:2|3:20|3:21|3:22|3:23|3:24|3:25|3:26|3:27|3:28|3:29|3:3|3:30|3:31|3:32|3:33|3:34|3:35|3:36|3:37|3:38|3:39|3:4|3:40|3:41|3:42|3:43|3:44|3:45|3:46|3:47|3:48|3:49|3:5|3:50|3:52|3:53|3:54|3:55|3:56|3:57|3:58|3:59|3:6|3:60|3:61|3:62|3:63|3:7|3:8|3:9|4:0|4:1|4:10|4:11|4:12|4:13|4:14|4:15|4:16|4:17|4:18|4:19|4:2|4:20|4:21|4:22|4:23|4:24|4:25|4:26|4:27|4:28|4:29|4:3|4:30|4:31|4:32|4:33|4:34|4:35|4:36|4:37|4:38|4:39|4:4|4:40|4:41|4:42|4:43|4:44|4:45|4:46|4:47|4:48|4:49|4:5|4:50|4:51|4:52|4:53|4:54|4:55|4:56|4:57|4:58|4:59|4:6|4:60|4:61|4:62|4:63|4:7|4:8|4:9|5:0|5:1|5:10|5:11|5:12|5:13|5:14|5:15|5:16|5:17|5:18|5:19|5:2|5:20|5:21|5:22|5:23|5:24|5:25|5:26|5:27|5:28|5:29|5:3|5:30|5:31|5:32|5:33|5:34|5:35|5:36|5:37|5:38|5:39|5:4|5:40|5:41|5:42|5:43|5:44|5:45|5:46|5:47|5:48|5:49|5:5|5:50|5:52|5:53|5:54|5:55|5:56|5:57|5:58|5:59|5:6|5:60|5:61|5:62|5:63|5:7|5:8|5:9
TIERING-OFF,218,exact-v9-5-to-6mwe,194784,drum,C2-MIXTURE-PREFIX,314,0,265.6,1|2|3|4|5,1:0|1:1|1:10|1:11|1:12|1:13|1:14|1:15|1:16|1:17|1:18|1:19|1:2|1:20|1:21|1:22|1:23|1:24|1:25|1:26|1:27|1:28|1:29|1:3|1:30|1:31|1:32|1:33|1:34|1:35|1:36|1:37|1:38|1:39|1:4|1:40|1:41|1:42|1:43|1:44|1:45|1:46|1:47|1:48|1:49|1:5|1:50|1:51|1:52|1:53|1:54|1:55|1:56|1:57|1:58|1:59|1:6|1:60|1:61|1:62|1:63|1:7|1:8|1:9|2:0|2:1|2:10|2:11|2:12|2:13|2:14|2:15|2:16|2:17|2:18|2:19|2:2|2:20|2:21|2:22|2:23|2:24|2:25|2:26|2:27|2:28|2:29|2:3|2:30|2:31|2:32|2:33|2:34|2:35|2:36|2:37|2:38|2:39|2:4|2:40|2:42|2:43|2:44|2:45|2:46|2:47|2:48|2:49|2:5|2:52|2:53|2:54|2:55|2:56|2:57|2:58|2:59|2:6|2:60|2:61|2:62|2:63|2:8|2:9|3:0|3:1|3:10|3:11|3:12|3:13|3:14|3:15|3:16|3:17|3:18|3:19|3:2|3:20|3:21|3:22|3:23|3:24|3:25|3:26|3:27|3:28|3:29|3:3|3:30|3:31|3:32|3:33|3:34|3:35|3:36|3:37|3:38|3:39|3:4|3:40|3:41|3:42|3:43|3:44|3:45|3:46|3:47|3:48|3:49|3:5|3:50|3:52|3:53|3:54|3:55|3:56|3:57|3:58|3:59|3:6|3:60|3:61|3:62|3:63|3:7|3:8|3:9|4:0|4:1|4:10|4:11|4:12|4:13|4:14|4:15|4:16|4:17|4:18|4:19|4:2|4:20|4:21|4:22|4:23|4:24|4:25|4:26|4:27|4:28|4:29|4:3|4:30|4:31|4:32|4:33|4:34|4:35|4:36|4:37|4:38|4:39|4:4|4:40|4:41|4:42|4:43|4:44|4:45|4:46|4:47|4:48|4:49|4:5|4:50|4:51|4:52|4:53|4:54|4:55|4:56|4:57|4:58|4:59|4:6|4:60|4:61|4:62|4:63|4:7|4:8|4:9|5:0|5:1|5:10|5:11|5:12|5:13|5:14|5:15|5:16|5:17|5:18|5:19|5:2|5:20|5:21|5:22|5:23|5:24|5:25|5:26|5:27|5:28|5:29|5:3|5:30|5:31|5:32|5:33|5:34|5:35|5:36|5:37|5:38|5:39|5:4|5:40|5:41|5:42|5:43|5:44|5:45|5:46|5:47|5:48|5:49|5:5|5:50|5:52|5:53|5:54|5:55|5:56|5:57|5:58|5:59|5:6|5:60|5:61|5:62|5:63|5:7|5:8|5:9
TIERING-OFF,22,background-reference,24000,outlet,C2-MIXTURE-PREFIX,317,1,447.9,1|2|3|4|5,1:0|1:1|1:10|1:11|1:12|1:13|1:14|1:15|1:16|1:17|1:18|1:19|1:2|1:20|1:21|1:22|1:23|1:24|1:25|1:26|1:27|1:28|1:29|1:3|1:30|1:31|1:32|1:33|1:34|1:35|1:36|1:37|1:38|1:39|1:4|1:40|1:41|1:42|1:43|1:44|1:45|1:46|1:47|1:48|1:49|1:5|1:50|1:51|1:52|1:53|1:54|1:55|1:56|1:57|1:58|1:59|1:6|1:60|1:61|1:62|1:63|1:7|1:8|1:9|2:0|2:1|2:10|2:11|2:12|2:13|2:14|2:15|2:16|2:17|2:18|2:19|2:2|2:20|2:21|2:22|2:23|2:24|2:25|2:26|2:27|2:28|2:29|2:3|2:30|2:31|2:32|2:33|2:34|2:35|2:36|2:37|2:38|2:39|2:4|2:40|2:41|2:42|2:43|2:44|2:45|2:46|2:47|2:48|2:49|2:5|2:51|2:52|2:53|2:54|2:55|2:56|2:57|2:58|2:59|2:6|2:60|2:61|2:62|2:63|2:7|2:8|2:9|3:0|3:1|3:10|3:11|3:12|3:13|3:14|3:15|3:16|3:17|3:18|3:19|3:2|3:20|3:21|3:22|3:23|3:24|3:25|3:26|3:27|3:28|3:29|3:3|3:30|3:31|3:32|3:33|3:34|3:35|3:36|3:37|3:38|3:39|3:4|3:40|3:41|3:42|3:43|3:44|3:45|3:46|3:47|3:48|3:49|3:5|3:50|3:51|3:52|3:53|3:54|3:55|3:56|3:57|3:58|3:59|3:6|3:60|3:61|3:62|3:63|3:7|3:8|3:9|4:0|4:1|4:10|4:11|4:12|4:13|4:14|4:15|4:16|4:17|4:18|4:19|4:2|4:20|4:21|4:22|4:23|4:24|4:25|4:26|4:27|4:28|4:29|4:3|4:30|4:31|4:32|4:33|4:34|4:35|4:36|4:37|4:38|4:39|4:4|4:40|4:41|4:42|4:43|4:44|4:45|4:46|4:47|4:48|4:49|4:5|4:50|4:51|4:52|4:53|4:54|4:55|4:56|4:57|4:58|4:59|4:6|4:60|4:61|4:62|4:63|4:7|4:8|4:9|5:0|5:1|5:10|5:11|5:12|5:13|5:14|5:15|5:16|5:17|5:18|5:19|5:2|5:20|5:21|5:22|5:23|5:24|5:25|5:26|5:27|5:28|5:29|5:3|5:30|5:31|5:32|5:33|5:34|5:35|5:36|5:37|5:38|5:39|5:4|5:40|5:41|5:42|5:43|5:44|5:45|5:46|5:47|5:48|5:49|5:5|5:52|5:53|5:54|5:55|5:56|5:57|5:58|5:59|5:6|5:60|5:61|5:62|5:63|5:7|5:8|5:9
TIERING-OFF,220,exact-v9-5-to-6mwe,200784,suction,C2-MIXTURE-PREFIX,315,0,215.8,1|2|3|4|5,1:0|1:1|1:10|1:11|1:12|1:13|1:14|1:15|1:16|1:17|1:18|1:19|1:2|1:20|1:21|1:22|1:23|1:24|1:25|1:26|1:27|1:28|1:29|1:3|1:30|1:31|1:32|1:33|1:34|1:35|1:36|1:37|1:38|1:39|1:4|1:40|1:41|1:42|1:43|1:44|1:45|1:46|1:47|1:48|1:49|1:5|1:50|1:51|1:52|1:53|1:54|1:55|1:56|1:57|1:58|1:59|1:6|1:60|1:61|1:62|1:63|1:7|1:8|1:9|2:0|2:1|2:10|2:11|2:12|2:13|2:14|2:15|2:16|2:17|2:18|2:19|2:2|2:20|2:21|2:22|2:23|2:24|2:25|2:26|2:27|2:28|2:29|2:3|2:30|2:31|2:32|2:33|2:34|2:35|2:36|2:37|2:38|2:39|2:4|2:40|2:41|2:42|2:43|2:44|2:45|2:46|2:47|2:48|2:49|2:5|2:52|2:53|2:54|2:55|2:56|2:57|2:58|2:59|2:6|2:60|2:61|2:62|2:63|2:8|2:9|3:0|3:1|3:10|3:11|3:12|3:13|3:14|3:15|3:16|3:17|3:18|3:19|3:2|3:20|3:21|3:22|3:23|3:24|3:25|3:26|3:27|3:28|3:29|3:3|3:30|3:31|3:32|3:33|3:34|3:35|3:36|3:37|3:38|3:39|3:4|3:40|3:41|3:42|3:43|3:44|3:45|3:46|3:47|3:48|3:49|3:5|3:50|3:52|3:53|3:54|3:55|3:56|3:57|3:58|3:59|3:6|3:60|3:61|3:62|3:63|3:7|3:8|3:9|4:0|4:1|4:10|4:11|4:12|4:13|4:14|4:15|4:16|4:17|4:18|4:19|4:2|4:20|4:21|4:22|4:23|4:24|4:25|4:26|4:27|4:28|4:29|4:3|4:30|4:31|4:32|4:33|4:34|4:35|4:36|4:37|4:38|4:39|4:4|4:40|4:41|4:42|4:43|4:44|4:45|4:46|4:47|4:48|4:49|4:5|4:50|4:51|4:52|4:53|4:54|4:55|4:56|4:57|4:58|4:59|4:6|4:60|4:61|4:62|4:63|4:7|4:8|4:9|5:0|5:1|5:10|5:11|5:12|5:13|5:14|5:15|5:16|5:17|5:18|5:19|5:2|5:20|5:21|5:22|5:23|5:24|5:25|5:26|5:27|5:28|5:29|5:3|5:30|5:31|5:32|5:33|5:34|5:35|5:36|5:37|5:38|5:39|5:4|5:40|5:41|5:42|5:43|5:44|5:45|5:46|5:47|5:48|5:49|5:5|5:50|5:52|5:53|5:54|5:55|5:56|5:57|5:58|5:59|5:6|5:60|5:61|5:62|5:63|5:7|5:8|5:9
TIERING-OFF,221,exact-v9-5-to-6mwe,200784,pressure,C2-MIXTURE-PREFIX,315,0,315.4,1|2|3|4|5,1:0|1:1|1:10|1:11|1:12|1:13|1:14|1:15|1:16|1:17|1:18|1:19|1:2|1:20|1:21|1:22|1:23|1:24|1:25|1:26|1:27|1:28|1:29|1:3|1:30|1:31|1:32|1:33|1:34|1:35|1:36|1:37|1:38|1:39|1:4|1:40|1:41|1:42|1:43|1:44|1:45|1:46|1:47|1:48|1:49|1:5|1:50|1:51|1:52|1:53|1:54|1:55|1:56|1:57|1:58|1:59|1:6|1:60|1:61|1:62|1:63|1:7|1:8|1:9|2:0|2:1|2:10|2:11|2:12|2:13|2:14|2:15|2:16|2:17|2:18|2:19|2:2|2:20|2:21|2:22|2:23|2:24|2:25|2:26|2:27|2:28|2:29|2:3|2:30|2:31|2:32|2:33|2:34|2:35|2:36|2:37|2:38|2:39|2:4|2:40|2:41|2:42|2:43|2:44|2:45|2:46|2:47|2:48|2:49|2:5|2:52|2:53|2:54|2:55|2:56|2:57|2:58|2:59|2:6|2:60|2:61|2:62|2:63|2:8|2:9|3:0|3:1|3:10|3:11|3:12|3:13|3:14|3:15|3:16|3:17|3:18|3:19|3:2|3:20|3:21|3:22|3:23|3:24|3:25|3:26|3:27|3:28|3:29|3:3|3:30|3:31|3:32|3:33|3:34|3:35|3:36|3:37|3:38|3:39|3:4|3:40|3:41|3:42|3:43|3:44|3:45|3:46|3:47|3:48|3:49|3:5|3:50|3:52|3:53|3:54|3:55|3:56|3:57|3:58|3:59|3:6|3:60|3:61|3:62|3:63|3:7|3:8|3:9|4:0|4:1|4:10|4:11|4:12|4:13|4:14|4:15|4:16|4:17|4:18|4:19|4:2|4:20|4:21|4:22|4:23|4:24|4:25|4:26|4:27|4:28|4:29|4:3|4:30|4:31|4:32|4:33|4:34|4:35|4:36|4:37|4:38|4:39|4:4|4:40|4:41|4:42|4:43|4:44|4:45|4:46|4:47|4:48|4:49|4:5|4:50|4:51|4:52|4:53|4:54|4:55|4:56|4:57|4:58|4:59|4:6|4:60|4:61|4:62|4:63|4:7|4:8|4:9|5:0|5:1|5:10|5:11|5:12|5:13|5:14|5:15|5:16|5:17|5:18|5:19|5:2|5:20|5:21|5:22|5:23|5:24|5:25|5:26|5:27|5:28|5:29|5:3|5:30|5:31|5:32|5:33|5:34|5:35|5:36|5:37|5:38|5:39|5:4|5:40|5:41|5:42|5:43|5:44|5:45|5:46|5:47|5:48|5:49|5:5|5:50|5:52|5:53|5:54|5:55|5:56|5:57|5:58|5:59|5:6|5:60|5:61|5:62|5:63|5:7|5:8|5:9
TIERING-OFF,222,exact-v9-5-to-6mwe,200784,outlet,C2-MIXTURE-PREFIX,316,1,415.4,1|2|3|4|5,1:0|1:1|1:10|1:11|1:12|1:13|1:14|1:15|1:16|1:17|1:18|1:19|1:2|1:20|1:21|1:22|1:23|1:24|1:25|1:26|1:27|1:28|1:29|1:3|1:30|1:31|1:32|1:33|1:34|1:35|1:36|1:37|1:38|1:39|1:4|1:40|1:41|1:42|1:43|1:44|1:45|1:46|1:47|1:48|1:49|1:5|1:50|1:51|1:52|1:53|1:54|1:55|1:56|1:57|1:58|1:59|1:6|1:60|1:61|1:62|1:63|1:7|1:8|1:9|2:0|2:1|2:10|2:11|2:12|2:13|2:14|2:15|2:16|2:17|2:18|2:19|2:2|2:20|2:21|2:22|2:23|2:24|2:25|2:26|2:27|2:28|2:29|2:3|2:30|2:31|2:32|2:33|2:34|2:35|2:36|2:37|2:38|2:39|2:4|2:40|2:41|2:42|2:43|2:44|2:45|2:46|2:47|2:48|2:49|2:5|2:52|2:53|2:54|2:55|2:56|2:57|2:58|2:59|2:6|2:60|2:61|2:62|2:63|2:7|2:8|2:9|3:0|3:1|3:10|3:11|3:12|3:13|3:14|3:15|3:16|3:17|3:18|3:19|3:2|3:20|3:21|3:22|3:23|3:24|3:25|3:26|3:27|3:28|3:29|3:3|3:30|3:31|3:32|3:33|3:34|3:35|3:36|3:37|3:38|3:39|3:4|3:40|3:41|3:42|3:43|3:44|3:45|3:46|3:47|3:48|3:49|3:5|3:50|3:52|3:53|3:54|3:55|3:56|3:57|3:58|3:59|3:6|3:60|3:61|3:62|3:63|3:7|3:8|3:9|4:0|4:1|4:10|4:11|4:12|4:13|4:14|4:15|4:16|4:17|4:18|4:19|4:2|4:20|4:21|4:22|4:23|4:24|4:25|4:26|4:27|4:28|4:29|4:3|4:30|4:31|4:32|4:33|4:34|4:35|4:36|4:37|4:38|4:39|4:4|4:40|4:41|4:42|4:43|4:44|4:45|4:46|4:47|4:48|4:49|4:5|4:50|4:51|4:52|4:53|4:54|4:55|4:56|4:57|4:58|4:59|4:6|4:60|4:61|4:62|4:63|4:7|4:8|4:9|5:0|5:1|5:10|5:11|5:12|5:13|5:14|5:15|5:16|5:17|5:18|5:19|5:2|5:20|5:21|5:22|5:23|5:24|5:25|5:26|5:27|5:28|5:29|5:3|5:30|5:31|5:32|5:33|5:34|5:35|5:36|5:37|5:38|5:39|5:4|5:40|5:41|5:42|5:43|5:44|5:45|5:46|5:47|5:48|5:49|5:5|5:50|5:52|5:53|5:54|5:55|5:56|5:57|5:58|5:59|5:6|5:60|5:61|5:62|5:63|5:7|5:8|5:9
TIERING-OFF,223,exact-v9-5-to-6mwe,200784,drum,C2-MIXTURE-PREFIX,316,0,322.4,1|2|3|4|5,1:0|1:1|1:10|1:11|1:12|1:13|1:14|1:15|1:16|1:17|1:18|1:19|1:2|1:20|1:21|1:22|1:23|1:24|1:25|1:26|1:27|1:28|1:29|1:3|1:30|1:31|1:32|1:33|1:34|1:35|1:36|1:37|1:38|1:39|1:4|1:40|1:41|1:42|1:43|1:44|1:45|1:46|1:47|1:48|1:49|1:5|1:50|1:51|1:52|1:53|1:54|1:55|1:56|1:57|1:58|1:59|1:6|1:60|1:61|1:62|1:63|1:7|1:8|1:9|2:0|2:1|2:10|2:11|2:12|2:13|2:14|2:15|2:16|2:17|2:18|2:19|2:2|2:20|2:21|2:22|2:23|2:24|2:25|2:26|2:27|2:28|2:29|2:3|2:30|2:31|2:32|2:33|2:34|2:35|2:36|2:37|2:38|2:39|2:4|2:40|2:41|2:42|2:43|2:44|2:45|2:46|2:47|2:48|2:49|2:5|2:52|2:53|2:54|2:55|2:56|2:57|2:58|2:59|2:6|2:60|2:61|2:62|2:63|2:7|2:8|2:9|3:0|3:1|3:10|3:11|3:12|3:13|3:14|3:15|3:16|3:17|3:18|3:19|3:2|3:20|3:21|3:22|3:23|3:24|3:25|3:26|3:27|3:28|3:29|3:3|3:30|3:31|3:32|3:33|3:34|3:35|3:36|3:37|3:38|3:39|3:4|3:40|3:41|3:42|3:43|3:44|3:45|3:46|3:47|3:48|3:49|3:5|3:50|3:52|3:53|3:54|3:55|3:56|3:57|3:58|3:59|3:6|3:60|3:61|3:62|3:63|3:7|3:8|3:9|4:0|4:1|4:10|4:11|4:12|4:13|4:14|4:15|4:16|4:17|4:18|4:19|4:2|4:20|4:21|4:22|4:23|4:24|4:25|4:26|4:27|4:28|4:29|4:3|4:30|4:31|4:32|4:33|4:34|4:35|4:36|4:37|4:38|4:39|4:4|4:40|4:41|4:42|4:43|4:44|4:45|4:46|4:47|4:48|4:49|4:5|4:50|4:51|4:52|4:53|4:54|4:55|4:56|4:57|4:58|4:59|4:6|4:60|4:61|4:62|4:63|4:7|4:8|4:9|5:0|5:1|5:10|5:11|5:12|5:13|5:14|5:15|5:16|5:17|5:18|5:19|5:2|5:20|5:21|5:22|5:23|5:24|5:25|5:26|5:27|5:28|5:29|5:3|5:30|5:31|5:32|5:33|5:34|5:35|5:36|5:37|5:38|5:39|5:4|5:40|5:41|5:42|5:43|5:44|5:45|5:46|5:47|5:48|5:49|5:5|5:50|5:52|5:53|5:54|5:55|5:56|5:57|5:58|5:59|5:6|5:60|5:61|5:62|5:63|5:7|5:8|5:9
TIERING-OFF,224,exact-v9-5-to-6mwe,200784,feedwater-inventory,C2-MIXTURE-PREFIX,4,0,213.7,1|2|3|4,1:54|2:47|3:47|4:35
TIERING-OFF,225,exact-v9-5-to-6mwe,206784,suction,C2-MIXTURE-PREFIX,316,0,271.7,1|2|3|4|5,1:0|1:1|1:10|1:11|1:12|1:13|1:14|1:15|1:16|1:17|1:18|1:19|1:2|1:20|1:21|1:22|1:23|1:24|1:25|1:26|1:27|1:28|1:29|1:3|1:30|1:31|1:32|1:33|1:34|1:35|1:36|1:37|1:38|1:39|1:4|1:40|1:41|1:42|1:43|1:44|1:45|1:46|1:47|1:48|1:49|1:5|1:50|1:51|1:52|1:53|1:54|1:55|1:56|1:57|1:58|1:59|1:6|1:60|1:61|1:62|1:63|1:7|1:8|1:9|2:0|2:1|2:10|2:11|2:12|2:13|2:14|2:15|2:16|2:17|2:18|2:19|2:2|2:20|2:21|2:22|2:23|2:24|2:25|2:26|2:27|2:28|2:29|2:3|2:30|2:31|2:32|2:33|2:34|2:35|2:36|2:37|2:38|2:39|2:4|2:40|2:41|2:42|2:43|2:44|2:45|2:46|2:47|2:48|2:49|2:5|2:52|2:53|2:54|2:55|2:56|2:57|2:58|2:59|2:6|2:60|2:61|2:62|2:63|2:7|2:8|2:9|3:0|3:1|3:10|3:11|3:12|3:13|3:14|3:15|3:16|3:17|3:18|3:19|3:2|3:20|3:21|3:22|3:23|3:24|3:25|3:26|3:27|3:28|3:29|3:3|3:30|3:31|3:32|3:33|3:34|3:35|3:36|3:37|3:38|3:39|3:4|3:40|3:41|3:42|3:43|3:44|3:45|3:46|3:47|3:48|3:49|3:5|3:50|3:52|3:53|3:54|3:55|3:56|3:57|3:58|3:59|3:6|3:60|3:61|3:62|3:63|3:7|3:8|3:9|4:0|4:1|4:10|4:11|4:12|4:13|4:14|4:15|4:16|4:17|4:18|4:19|4:2|4:20|4:21|4:22|4:23|4:24|4:25|4:26|4:27|4:28|4:29|4:3|4:30|4:31|4:32|4:33|4:34|4:35|4:36|4:37|4:38|4:39|4:4|4:40|4:41|4:42|4:43|4:44|4:45|4:46|4:47|4:48|4:49|4:5|4:50|4:51|4:52|4:53|4:54|4:55|4:56|4:57|4:58|4:59|4:6|4:60|4:61|4:62|4:63|4:7|4:8|4:9|5:0|5:1|5:10|5:11|5:12|5:13|5:14|5:15|5:16|5:17|5:18|5:19|5:2|5:20|5:21|5:22|5:23|5:24|5:25|5:26|5:27|5:28|5:29|5:3|5:30|5:31|5:32|5:33|5:34|5:35|5:36|5:37|5:38|5:39|5:4|5:40|5:41|5:42|5:43|5:44|5:45|5:46|5:47|5:48|5:49|5:5|5:50|5:52|5:53|5:54|5:55|5:56|5:57|5:58|5:59|5:6|5:60|5:61|5:62|5:63|5:7|5:8|5:9
TIERING-OFF,226,exact-v9-5-to-6mwe,206784,pressure,C2-MIXTURE-PREFIX,316,0,358.8,1|2|3|4|5,1:0|1:1|1:10|1:11|1:12|1:13|1:14|1:15|1:16|1:17|1:18|1:19|1:2|1:20|1:21|1:22|1:23|1:24|1:25|1:26|1:27|1:28|1:29|1:3|1:30|1:31|1:32|1:33|1:34|1:35|1:36|1:37|1:38|1:39|1:4|1:40|1:41|1:42|1:43|1:44|1:45|1:46|1:47|1:48|1:49|1:5|1:50|1:51|1:52|1:53|1:54|1:55|1:56|1:57|1:58|1:59|1:6|1:60|1:61|1:62|1:63|1:7|1:8|1:9|2:0|2:1|2:10|2:11|2:12|2:13|2:14|2:15|2:16|2:17|2:18|2:19|2:2|2:20|2:21|2:22|2:23|2:24|2:25|2:26|2:27|2:28|2:29|2:3|2:30|2:31|2:32|2:33|2:34|2:35|2:36|2:37|2:38|2:39|2:4|2:40|2:41|2:42|2:43|2:44|2:45|2:46|2:47|2:48|2:49|2:5|2:52|2:53|2:54|2:55|2:56|2:57|2:58|2:59|2:6|2:60|2:61|2:62|2:63|2:7|2:8|2:9|3:0|3:1|3:10|3:11|3:12|3:13|3:14|3:15|3:16|3:17|3:18|3:19|3:2|3:20|3:21|3:22|3:23|3:24|3:25|3:26|3:27|3:28|3:29|3:3|3:30|3:31|3:32|3:33|3:34|3:35|3:36|3:37|3:38|3:39|3:4|3:40|3:41|3:42|3:43|3:44|3:45|3:46|3:47|3:48|3:49|3:5|3:50|3:52|3:53|3:54|3:55|3:56|3:57|3:58|3:59|3:6|3:60|3:61|3:62|3:63|3:7|3:8|3:9|4:0|4:1|4:10|4:11|4:12|4:13|4:14|4:15|4:16|4:17|4:18|4:19|4:2|4:20|4:21|4:22|4:23|4:24|4:25|4:26|4:27|4:28|4:29|4:3|4:30|4:31|4:32|4:33|4:34|4:35|4:36|4:37|4:38|4:39|4:4|4:40|4:41|4:42|4:43|4:44|4:45|4:46|4:47|4:48|4:49|4:5|4:50|4:51|4:52|4:53|4:54|4:55|4:56|4:57|4:58|4:59|4:6|4:60|4:61|4:62|4:63|4:7|4:8|4:9|5:0|5:1|5:10|5:11|5:12|5:13|5:14|5:15|5:16|5:17|5:18|5:19|5:2|5:20|5:21|5:22|5:23|5:24|5:25|5:26|5:27|5:28|5:29|5:3|5:30|5:31|5:32|5:33|5:34|5:35|5:36|5:37|5:38|5:39|5:4|5:40|5:41|5:42|5:43|5:44|5:45|5:46|5:47|5:48|5:49|5:5|5:50|5:52|5:53|5:54|5:55|5:56|5:57|5:58|5:59|5:6|5:60|5:61|5:62|5:63|5:7|5:8|5:9
TIERING-OFF,227,exact-v9-5-to-6mwe,206784,outlet,C2-MIXTURE-PREFIX,316,1,484.3,1|2|3|4|5,1:0|1:1|1:10|1:11|1:12|1:13|1:14|1:15|1:16|1:17|1:18|1:19|1:2|1:20|1:21|1:22|1:23|1:24|1:25|1:26|1:27|1:28|1:29|1:3|1:30|1:31|1:32|1:33|1:34|1:35|1:36|1:37|1:38|1:39|1:4|1:40|1:41|1:42|1:43|1:44|1:45|1:46|1:47|1:48|1:49|1:5|1:50|1:51|1:52|1:53|1:54|1:55|1:56|1:57|1:58|1:59|1:6|1:60|1:61|1:62|1:63|1:7|1:8|1:9|2:0|2:1|2:10|2:11|2:12|2:13|2:14|2:15|2:16|2:17|2:18|2:19|2:2|2:20|2:21|2:22|2:23|2:24|2:25|2:26|2:27|2:28|2:29|2:3|2:30|2:31|2:32|2:33|2:34|2:35|2:36|2:37|2:38|2:39|2:4|2:40|2:41|2:42|2:43|2:44|2:45|2:46|2:47|2:48|2:49|2:5|2:52|2:53|2:54|2:55|2:56|2:57|2:58|2:59|2:6|2:60|2:61|2:62|2:63|2:7|2:8|2:9|3:0|3:1|3:10|3:11|3:12|3:13|3:14|3:15|3:16|3:17|3:18|3:19|3:2|3:20|3:21|3:22|3:23|3:24|3:25|3:26|3:27|3:28|3:29|3:3|3:30|3:31|3:32|3:33|3:34|3:35|3:36|3:37|3:38|3:39|3:4|3:40|3:41|3:42|3:43|3:44|3:45|3:46|3:47|3:48|3:49|3:5|3:50|3:52|3:53|3:54|3:55|3:56|3:57|3:58|3:59|3:6|3:60|3:61|3:62|3:63|3:7|3:8|3:9|4:0|4:1|4:10|4:11|4:12|4:13|4:14|4:15|4:16|4:17|4:18|4:19|4:2|4:20|4:21|4:22|4:23|4:24|4:25|4:26|4:27|4:28|4:29|4:3|4:30|4:31|4:32|4:33|4:34|4:35|4:36|4:37|4:38|4:39|4:4|4:40|4:41|4:42|4:43|4:44|4:45|4:46|4:47|4:48|4:49|4:5|4:50|4:51|4:52|4:53|4:54|4:55|4:56|4:57|4:58|4:59|4:6|4:60|4:61|4:62|4:63|4:7|4:8|4:9|5:0|5:1|5:10|5:11|5:12|5:13|5:14|5:15|5:16|5:17|5:18|5:19|5:2|5:20|5:21|5:22|5:23|5:24|5:25|5:26|5:27|5:28|5:29|5:3|5:30|5:31|5:32|5:33|5:34|5:35|5:36|5:37|5:38|5:39|5:4|5:40|5:41|5:42|5:43|5:44|5:45|5:46|5:47|5:48|5:49|5:5|5:50|5:52|5:53|5:54|5:55|5:56|5:57|5:58|5:59|5:6|5:60|5:61|5:62|5:63|5:7|5:8|5:9
TIERING-OFF,228,exact-v9-5-to-6mwe,206784,drum,C2-MIXTURE-PREFIX,316,0,304.1,1|2|3|4|5,1:0|1:1|1:10|1:11|1:12|1:13|1:14|1:15|1:16|1:17|1:18|1:19|1:2|1:20|1:21|1:22|1:23|1:24|1:25|1:26|1:27|1:28|1:29|1:3|1:30|1:31|1:32|1:33|1:34|1:35|1:36|1:37|1:38|1:39|1:4|1:40|1:41|1:42|1:43|1:44|1:45|1:46|1:47|1:48|1:49|1:5|1:50|1:51|1:52|1:53|1:54|1:55|1:56|1:57|1:58|1:59|1:6|1:60|1:61|1:62|1:63|1:7|1:8|1:9|2:0|2:1|2:10|2:11|2:12|2:13|2:14|2:15|2:16|2:17|2:18|2:19|2:2|2:20|2:21|2:22|2:23|2:24|2:25|2:26|2:27|2:28|2:29|2:3|2:30|2:31|2:32|2:33|2:34|2:35|2:36|2:37|2:38|2:39|2:4|2:40|2:41|2:42|2:43|2:44|2:45|2:46|2:47|2:48|2:49|2:5|2:52|2:53|2:54|2:55|2:56|2:57|2:58|2:59|2:6|2:60|2:61|2:62|2:63|2:7|2:8|2:9|3:0|3:1|3:10|3:11|3:12|3:13|3:14|3:15|3:16|3:17|3:18|3:19|3:2|3:20|3:21|3:22|3:23|3:24|3:25|3:26|3:27|3:28|3:29|3:3|3:30|3:31|3:32|3:33|3:34|3:35|3:36|3:37|3:38|3:39|3:4|3:40|3:41|3:42|3:43|3:44|3:45|3:46|3:47|3:48|3:49|3:5|3:50|3:52|3:53|3:54|3:55|3:56|3:57|3:58|3:59|3:6|3:60|3:61|3:62|3:63|3:7|3:8|3:9|4:0|4:1|4:10|4:11|4:12|4:13|4:14|4:15|4:16|4:17|4:18|4:19|4:2|4:20|4:21|4:22|4:23|4:24|4:25|4:26|4:27|4:28|4:29|4:3|4:30|4:31|4:32|4:33|4:34|4:35|4:36|4:37|4:38|4:39|4:4|4:40|4:41|4:42|4:43|4:44|4:45|4:46|4:47|4:48|4:49|4:5|4:50|4:51|4:52|4:53|4:54|4:55|4:56|4:57|4:58|4:59|4:6|4:60|4:61|4:62|4:63|4:7|4:8|4:9|5:0|5:1|5:10|5:11|5:12|5:13|5:14|5:15|5:16|5:17|5:18|5:19|5:2|5:20|5:21|5:22|5:23|5:24|5:25|5:26|5:27|5:28|5:29|5:3|5:30|5:31|5:32|5:33|5:34|5:35|5:36|5:37|5:38|5:39|5:4|5:40|5:41|5:42|5:43|5:44|5:45|5:46|5:47|5:48|5:49|5:5|5:50|5:52|5:53|5:54|5:55|5:56|5:57|5:58|5:59|5:6|5:60|5:61|5:62|5:63|5:7|5:8|5:9
TIERING-OFF,23,background-reference,24000,drum,C2-MIXTURE-PREFIX,317,0,254.7,1|2|3|4|5,1:0|1:1|1:10|1:11|1:12|1:13|1:14|1:15|1:16|1:17|1:18|1:19|1:2|1:20|1:21|1:22|1:23|1:24|1:25|1:26|1:27|1:28|1:29|1:3|1:30|1:31|1:32|1:33|1:34|1:35|1:36|1:37|1:38|1:39|1:4|1:40|1:41|1:42|1:43|1:44|1:45|1:46|1:47|1:48|1:49|1:5|1:50|1:51|1:52|1:53|1:54|1:55|1:56|1:57|1:58|1:59|1:6|1:60|1:61|1:62|1:63|1:7|1:8|1:9|2:0|2:1|2:10|2:11|2:12|2:13|2:14|2:15|2:16|2:17|2:18|2:19|2:2|2:20|2:21|2:22|2:23|2:24|2:25|2:26|2:27|2:28|2:29|2:3|2:30|2:31|2:32|2:33|2:34|2:35|2:36|2:37|2:38|2:39|2:4|2:40|2:41|2:42|2:43|2:44|2:45|2:46|2:47|2:48|2:49|2:5|2:51|2:52|2:53|2:54|2:55|2:56|2:57|2:58|2:59|2:6|2:60|2:61|2:62|2:63|2:7|2:8|2:9|3:0|3:1|3:10|3:11|3:12|3:13|3:14|3:15|3:16|3:17|3:18|3:19|3:2|3:20|3:21|3:22|3:23|3:24|3:25|3:26|3:27|3:28|3:29|3:3|3:30|3:31|3:32|3:33|3:34|3:35|3:36|3:37|3:38|3:39|3:4|3:40|3:41|3:42|3:43|3:44|3:45|3:46|3:47|3:48|3:49|3:5|3:50|3:51|3:52|3:53|3:54|3:55|3:56|3:57|3:58|3:59|3:6|3:60|3:61|3:62|3:63|3:7|3:8|3:9|4:0|4:1|4:10|4:11|4:12|4:13|4:14|4:15|4:16|4:17|4:18|4:19|4:2|4:20|4:21|4:22|4:23|4:24|4:25|4:26|4:27|4:28|4:29|4:3|4:30|4:31|4:32|4:33|4:34|4:35|4:36|4:37|4:38|4:39|4:4|4:40|4:41|4:42|4:43|4:44|4:45|4:46|4:47|4:48|4:49|4:5|4:50|4:51|4:52|4:53|4:54|4:55|4:56|4:57|4:58|4:59|4:6|4:60|4:61|4:62|4:63|4:7|4:8|4:9|5:0|5:1|5:10|5:11|5:12|5:13|5:14|5:15|5:16|5:17|5:18|5:19|5:2|5:20|5:21|5:22|5:23|5:24|5:25|5:26|5:27|5:28|5:29|5:3|5:30|5:31|5:32|5:33|5:34|5:35|5:36|5:37|5:38|5:39|5:4|5:40|5:41|5:42|5:43|5:44|5:45|5:46|5:47|5:48|5:49|5:5|5:52|5:53|5:54|5:55|5:56|5:57|5:58|5:59|5:6|5:60|5:61|5:62|5:63|5:7|5:8|5:9
TIERING-OFF,230,exact-v9-5-to-6mwe,212784,suction,C2-MIXTURE-PREFIX,316,0,243.5,1|2|3|4|5,1:0|1:1|1:10|1:11|1:12|1:13|1:14|1:15|1:16|1:17|1:18|1:19|1:2|1:20|1:21|1:22|1:23|1:24|1:25|1:26|1:27|1:28|1:29|1:3|1:30|1:31|1:32|1:33|1:34|1:35|1:36|1:37|1:38|1:39|1:4|1:40|1:41|1:42|1:43|1:44|1:45|1:46|1:47|1:48|1:49|1:5|1:50|1:51|1:52|1:53|1:54|1:55|1:56|1:57|1:58|1:59|1:6|1:60|1:61|1:62|1:63|1:7|1:8|1:9|2:0|2:1|2:10|2:11|2:12|2:13|2:14|2:15|2:16|2:17|2:18|2:19|2:2|2:20|2:21|2:22|2:23|2:24|2:25|2:26|2:27|2:28|2:29|2:3|2:30|2:31|2:32|2:33|2:34|2:35|2:36|2:37|2:38|2:39|2:4|2:40|2:41|2:42|2:43|2:44|2:45|2:46|2:47|2:48|2:49|2:5|2:52|2:53|2:54|2:55|2:56|2:57|2:58|2:59|2:6|2:60|2:61|2:62|2:63|2:7|2:8|2:9|3:0|3:1|3:10|3:11|3:12|3:13|3:14|3:15|3:16|3:17|3:18|3:19|3:2|3:20|3:21|3:22|3:23|3:24|3:25|3:26|3:27|3:28|3:29|3:3|3:30|3:31|3:32|3:33|3:34|3:35|3:36|3:37|3:38|3:39|3:4|3:40|3:41|3:42|3:43|3:44|3:45|3:46|3:47|3:48|3:49|3:5|3:50|3:52|3:53|3:54|3:55|3:56|3:57|3:58|3:59|3:6|3:60|3:61|3:62|3:63|3:7|3:8|3:9|4:0|4:1|4:10|4:11|4:12|4:13|4:14|4:15|4:16|4:17|4:18|4:19|4:2|4:20|4:21|4:22|4:23|4:24|4:25|4:26|4:27|4:28|4:29|4:3|4:30|4:31|4:32|4:33|4:34|4:35|4:36|4:37|4:38|4:39|4:4|4:40|4:41|4:42|4:43|4:44|4:45|4:46|4:47|4:48|4:49|4:5|4:50|4:51|4:52|4:53|4:54|4:55|4:56|4:57|4:58|4:59|4:6|4:60|4:61|4:62|4:63|4:7|4:8|4:9|5:0|5:1|5:10|5:11|5:12|5:13|5:14|5:15|5:16|5:17|5:18|5:19|5:2|5:20|5:21|5:22|5:23|5:24|5:25|5:26|5:27|5:28|5:29|5:3|5:30|5:31|5:32|5:33|5:34|5:35|5:36|5:37|5:38|5:39|5:4|5:40|5:41|5:42|5:43|5:44|5:45|5:46|5:47|5:48|5:49|5:5|5:50|5:52|5:53|5:54|5:55|5:56|5:57|5:58|5:59|5:6|5:60|5:61|5:62|5:63|5:7|5:8|5:9
TIERING-OFF,231,exact-v9-5-to-6mwe,212784,pressure,C2-MIXTURE-PREFIX,316,1,419.4,1|2|3|4|5,1:0|1:1|1:10|1:11|1:12|1:13|1:14|1:15|1:16|1:17|1:18|1:19|1:2|1:20|1:21|1:22|1:23|1:24|1:25|1:26|1:27|1:28|1:29|1:3|1:30|1:31|1:32|1:33|1:34|1:35|1:36|1:37|1:38|1:39|1:4|1:40|1:41|1:42|1:43|1:44|1:45|1:46|1:47|1:48|1:49|1:5|1:50|1:51|1:52|1:53|1:54|1:55|1:56|1:57|1:58|1:59|1:6|1:60|1:61|1:62|1:63|1:7|1:8|1:9|2:0|2:1|2:10|2:11|2:12|2:13|2:14|2:15|2:16|2:17|2:18|2:19|2:2|2:20|2:21|2:22|2:23|2:24|2:25|2:26|2:27|2:28|2:29|2:3|2:30|2:31|2:32|2:33|2:34|2:35|2:36|2:37|2:38|2:39|2:4|2:40|2:41|2:42|2:43|2:44|2:45|2:46|2:47|2:48|2:49|2:5|2:52|2:53|2:54|2:55|2:56|2:57|2:58|2:59|2:6|2:60|2:61|2:62|2:63|2:7|2:8|2:9|3:0|3:1|3:10|3:11|3:12|3:13|3:14|3:15|3:16|3:17|3:18|3:19|3:2|3:20|3:21|3:22|3:23|3:24|3:25|3:26|3:27|3:28|3:29|3:3|3:30|3:31|3:32|3:33|3:34|3:35|3:36|3:37|3:38|3:39|3:4|3:40|3:41|3:42|3:43|3:44|3:45|3:46|3:47|3:48|3:49|3:5|3:50|3:52|3:53|3:54|3:55|3:56|3:57|3:58|3:59|3:6|3:60|3:61|3:62|3:63|3:7|3:8|3:9|4:0|4:1|4:10|4:11|4:12|4:13|4:14|4:15|4:16|4:17|4:18|4:19|4:2|4:20|4:21|4:22|4:23|4:24|4:25|4:26|4:27|4:28|4:29|4:3|4:30|4:31|4:32|4:33|4:34|4:35|4:36|4:37|4:38|4:39|4:4|4:40|4:41|4:42|4:43|4:44|4:45|4:46|4:47|4:48|4:49|4:5|4:50|4:51|4:52|4:53|4:54|4:55|4:56|4:57|4:58|4:59|4:6|4:60|4:61|4:62|4:63|4:7|4:8|4:9|5:0|5:1|5:10|5:11|5:12|5:13|5:14|5:15|5:16|5:17|5:18|5:19|5:2|5:20|5:21|5:22|5:23|5:24|5:25|5:26|5:27|5:28|5:29|5:3|5:30|5:31|5:32|5:33|5:34|5:35|5:36|5:37|5:38|5:39|5:4|5:40|5:41|5:42|5:43|5:44|5:45|5:46|5:47|5:48|5:49|5:5|5:50|5:52|5:53|5:54|5:55|5:56|5:57|5:58|5:59|5:6|5:60|5:61|5:62|5:63|5:7|5:8|5:9
TIERING-OFF,232,exact-v9-5-to-6mwe,212784,outlet,C2-MIXTURE-PREFIX,316,0,336.5,1|2|3|4|5,1:0|1:1|1:10|1:11|1:12|1:13|1:14|1:15|1:16|1:17|1:18|1:19|1:2|1:20|1:21|1:22|1:23|1:24|1:25|1:26|1:27|1:28|1:29|1:3|1:30|1:31|1:32|1:33|1:34|1:35|1:36|1:37|1:38|1:39|1:4|1:40|1:41|1:42|1:43|1:44|1:45|1:46|1:47|1:48|1:49|1:5|1:50|1:51|1:52|1:53|1:54|1:55|1:56|1:57|1:58|1:59|1:6|1:60|1:61|1:62|1:63|1:7|1:8|1:9|2:0|2:1|2:10|2:11|2:12|2:13|2:14|2:15|2:16|2:17|2:18|2:19|2:2|2:20|2:21|2:22|2:23|2:24|2:25|2:26|2:27|2:28|2:29|2:3|2:30|2:31|2:32|2:33|2:34|2:35|2:36|2:37|2:38|2:39|2:4|2:40|2:41|2:42|2:43|2:44|2:45|2:46|2:47|2:48|2:49|2:5|2:52|2:53|2:54|2:55|2:56|2:57|2:58|2:59|2:6|2:60|2:61|2:62|2:63|2:7|2:8|2:9|3:0|3:1|3:10|3:11|3:12|3:13|3:14|3:15|3:16|3:17|3:18|3:19|3:2|3:20|3:21|3:22|3:23|3:24|3:25|3:26|3:27|3:28|3:29|3:3|3:30|3:31|3:32|3:33|3:34|3:35|3:36|3:37|3:38|3:39|3:4|3:40|3:41|3:42|3:43|3:44|3:45|3:46|3:47|3:48|3:49|3:5|3:50|3:52|3:53|3:54|3:55|3:56|3:57|3:58|3:59|3:6|3:60|3:61|3:62|3:63|3:7|3:8|3:9|4:0|4:1|4:10|4:11|4:12|4:13|4:14|4:15|4:16|4:17|4:18|4:19|4:2|4:20|4:21|4:22|4:23|4:24|4:25|4:26|4:27|4:28|4:29|4:3|4:30|4:31|4:32|4:33|4:34|4:35|4:36|4:37|4:38|4:39|4:4|4:40|4:41|4:42|4:43|4:44|4:45|4:46|4:47|4:48|4:49|4:5|4:50|4:51|4:52|4:53|4:54|4:55|4:56|4:57|4:58|4:59|4:6|4:60|4:61|4:62|4:63|4:7|4:8|4:9|5:0|5:1|5:10|5:11|5:12|5:13|5:14|5:15|5:16|5:17|5:18|5:19|5:2|5:20|5:21|5:22|5:23|5:24|5:25|5:26|5:27|5:28|5:29|5:3|5:30|5:31|5:32|5:33|5:34|5:35|5:36|5:37|5:38|5:39|5:4|5:40|5:41|5:42|5:43|5:44|5:45|5:46|5:47|5:48|5:49|5:5|5:50|5:52|5:53|5:54|5:55|5:56|5:57|5:58|5:59|5:6|5:60|5:61|5:62|5:63|5:7|5:8|5:9
TIERING-OFF,233,exact-v9-5-to-6mwe,212784,drum,C2-MIXTURE-PREFIX,316,0,353.5,1|2|3|4|5,1:0|1:1|1:10|1:11|1:12|1:13|1:14|1:15|1:16|1:17|1:18|1:19|1:2|1:20|1:21|1:22|1:23|1:24|1:25|1:26|1:27|1:28|1:29|1:3|1:30|1:31|1:32|1:33|1:34|1:35|1:36|1:37|1:38|1:39|1:4|1:40|1:41|1:42|1:43|1:44|1:45|1:46|1:47|1:48|1:49|1:5|1:50|1:51|1:52|1:53|1:54|1:55|1:56|1:57|1:58|1:59|1:6|1:60|1:61|1:62|1:63|1:7|1:8|1:9|2:0|2:1|2:10|2:11|2:12|2:13|2:14|2:15|2:16|2:17|2:18|2:19|2:2|2:20|2:21|2:22|2:23|2:24|2:25|2:26|2:27|2:28|2:29|2:3|2:30|2:31|2:32|2:33|2:34|2:35|2:36|2:37|2:38|2:39|2:4|2:40|2:41|2:42|2:43|2:44|2:45|2:46|2:47|2:48|2:49|2:5|2:52|2:53|2:54|2:55|2:56|2:57|2:58|2:59|2:6|2:60|2:61|2:62|2:63|2:7|2:8|2:9|3:0|3:1|3:10|3:11|3:12|3:13|3:14|3:15|3:16|3:17|3:18|3:19|3:2|3:20|3:21|3:22|3:23|3:24|3:25|3:26|3:27|3:28|3:29|3:3|3:30|3:31|3:32|3:33|3:34|3:35|3:36|3:37|3:38|3:39|3:4|3:40|3:41|3:42|3:43|3:44|3:45|3:46|3:47|3:48|3:49|3:5|3:50|3:52|3:53|3:54|3:55|3:56|3:57|3:58|3:59|3:6|3:60|3:61|3:62|3:63|3:7|3:8|3:9|4:0|4:1|4:10|4:11|4:12|4:13|4:14|4:15|4:16|4:17|4:18|4:19|4:2|4:20|4:21|4:22|4:23|4:24|4:25|4:26|4:27|4:28|4:29|4:3|4:30|4:31|4:32|4:33|4:34|4:35|4:36|4:37|4:38|4:39|4:4|4:40|4:41|4:42|4:43|4:44|4:45|4:46|4:47|4:48|4:49|4:5|4:50|4:51|4:52|4:53|4:54|4:55|4:56|4:57|4:58|4:59|4:6|4:60|4:61|4:62|4:63|4:7|4:8|4:9|5:0|5:1|5:10|5:11|5:12|5:13|5:14|5:15|5:16|5:17|5:18|5:19|5:2|5:20|5:21|5:22|5:23|5:24|5:25|5:26|5:27|5:28|5:29|5:3|5:30|5:31|5:32|5:33|5:34|5:35|5:36|5:37|5:38|5:39|5:4|5:40|5:41|5:42|5:43|5:44|5:45|5:46|5:47|5:48|5:49|5:5|5:50|5:52|5:53|5:54|5:55|5:56|5:57|5:58|5:59|5:6|5:60|5:61|5:62|5:63|5:7|5:8|5:9
TIERING-OFF,235,exact-v9-5-to-6mwe,218784,suction,C2-MIXTURE-PREFIX,316,1,636.9,1|2|3|4|5,1:0|1:1|1:10|1:11|1:12|1:13|1:14|1:15|1:16|1:17|1:18|1:19|1:2|1:20|1:21|1:22|1:23|1:24|1:25|1:26|1:27|1:28|1:29|1:3|1:30|1:31|1:32|1:33|1:34|1:35|1:36|1:37|1:38|1:39|1:4|1:40|1:41|1:42|1:43|1:44|1:45|1:46|1:47|1:48|1:49|1:5|1:50|1:51|1:52|1:53|1:54|1:55|1:56|1:57|1:58|1:59|1:6|1:60|1:61|1:62|1:63|1:7|1:8|1:9|2:0|2:1|2:10|2:11|2:12|2:13|2:14|2:15|2:16|2:17|2:18|2:19|2:2|2:20|2:21|2:22|2:23|2:24|2:25|2:26|2:27|2:28|2:29|2:3|2:30|2:31|2:32|2:33|2:34|2:35|2:36|2:37|2:38|2:39|2:4|2:40|2:41|2:42|2:43|2:44|2:45|2:46|2:47|2:48|2:49|2:5|2:52|2:53|2:54|2:55|2:56|2:57|2:58|2:59|2:6|2:60|2:61|2:62|2:63|2:7|2:8|2:9|3:0|3:1|3:10|3:11|3:12|3:13|3:14|3:15|3:16|3:17|3:18|3:19|3:2|3:20|3:21|3:22|3:23|3:24|3:25|3:26|3:27|3:28|3:29|3:3|3:30|3:31|3:32|3:33|3:34|3:35|3:36|3:37|3:38|3:39|3:4|3:40|3:41|3:42|3:43|3:44|3:45|3:46|3:47|3:48|3:49|3:5|3:50|3:52|3:53|3:54|3:55|3:56|3:57|3:58|3:59|3:6|3:60|3:61|3:62|3:63|3:7|3:8|3:9|4:0|4:1|4:10|4:11|4:12|4:13|4:14|4:15|4:16|4:17|4:18|4:19|4:2|4:20|4:21|4:22|4:23|4:24|4:25|4:26|4:27|4:28|4:29|4:3|4:30|4:31|4:32|4:33|4:34|4:35|4:36|4:37|4:38|4:39|4:4|4:40|4:41|4:42|4:43|4:44|4:45|4:46|4:47|4:48|4:49|4:5|4:50|4:51|4:52|4:53|4:54|4:55|4:56|4:57|4:58|4:59|4:6|4:60|4:61|4:62|4:63|4:7|4:8|4:9|5:0|5:1|5:10|5:11|5:12|5:13|5:14|5:15|5:16|5:17|5:18|5:19|5:2|5:20|5:21|5:22|5:23|5:24|5:25|5:26|5:27|5:28|5:29|5:3|5:30|5:31|5:32|5:33|5:34|5:35|5:36|5:37|5:38|5:39|5:4|5:40|5:41|5:42|5:43|5:44|5:45|5:46|5:47|5:48|5:49|5:5|5:50|5:52|5:53|5:54|5:55|5:56|5:57|5:58|5:59|5:6|5:60|5:61|5:62|5:63|5:7|5:8|5:9
TIERING-OFF,236,exact-v9-5-to-6mwe,218784,pressure,C2-MIXTURE-PREFIX,316,0,229.2,1|2|3|4|5,1:0|1:1|1:10|1:11|1:12|1:13|1:14|1:15|1:16|1:17|1:18|1:19|1:2|1:20|1:21|1:22|1:23|1:24|1:25|1:26|1:27|1:28|1:29|1:3|1:30|1:31|1:32|1:33|1:34|1:35|1:36|1:37|1:38|1:39|1:4|1:40|1:41|1:42|1:43|1:44|1:45|1:46|1:47|1:48|1:49|1:5|1:50|1:51|1:52|1:53|1:54|1:55|1:56|1:57|1:58|1:59|1:6|1:60|1:61|1:62|1:63|1:7|1:8|1:9|2:0|2:1|2:10|2:11|2:12|2:13|2:14|2:15|2:16|2:17|2:18|2:19|2:2|2:20|2:21|2:22|2:23|2:24|2:25|2:26|2:27|2:28|2:29|2:3|2:30|2:31|2:32|2:33|2:34|2:35|2:36|2:37|2:38|2:39|2:4|2:40|2:41|2:42|2:43|2:44|2:45|2:46|2:47|2:48|2:49|2:5|2:52|2:53|2:54|2:55|2:56|2:57|2:58|2:59|2:6|2:60|2:61|2:62|2:63|2:7|2:8|2:9|3:0|3:1|3:10|3:11|3:12|3:13|3:14|3:15|3:16|3:17|3:18|3:19|3:2|3:20|3:21|3:22|3:23|3:24|3:25|3:26|3:27|3:28|3:29|3:3|3:30|3:31|3:32|3:33|3:34|3:35|3:36|3:37|3:38|3:39|3:4|3:40|3:41|3:42|3:43|3:44|3:45|3:46|3:47|3:48|3:49|3:5|3:50|3:52|3:53|3:54|3:55|3:56|3:57|3:58|3:59|3:6|3:60|3:61|3:62|3:63|3:7|3:8|3:9|4:0|4:1|4:10|4:11|4:12|4:13|4:14|4:15|4:16|4:17|4:18|4:19|4:2|4:20|4:21|4:22|4:23|4:24|4:25|4:26|4:27|4:28|4:29|4:3|4:30|4:31|4:32|4:33|4:34|4:35|4:36|4:37|4:38|4:39|4:4|4:40|4:41|4:42|4:43|4:44|4:45|4:46|4:47|4:48|4:49|4:5|4:50|4:51|4:52|4:53|4:54|4:55|4:56|4:57|4:58|4:59|4:6|4:60|4:61|4:62|4:63|4:7|4:8|4:9|5:0|5:1|5:10|5:11|5:12|5:13|5:14|5:15|5:16|5:17|5:18|5:19|5:2|5:20|5:21|5:22|5:23|5:24|5:25|5:26|5:27|5:28|5:29|5:3|5:30|5:31|5:32|5:33|5:34|5:35|5:36|5:37|5:38|5:39|5:4|5:40|5:41|5:42|5:43|5:44|5:45|5:46|5:47|5:48|5:49|5:5|5:50|5:52|5:53|5:54|5:55|5:56|5:57|5:58|5:59|5:6|5:60|5:61|5:62|5:63|5:7|5:8|5:9
TIERING-OFF,237,exact-v9-5-to-6mwe,218784,outlet,C2-MIXTURE-PREFIX,316,0,247.8,1|2|3|4|5,1:0|1:1|1:10|1:11|1:12|1:13|1:14|1:15|1:16|1:17|1:18|1:19|1:2|1:20|1:21|1:22|1:23|1:24|1:25|1:26|1:27|1:28|1:29|1:3|1:30|1:31|1:32|1:33|1:34|1:35|1:36|1:37|1:38|1:39|1:4|1:40|1:41|1:42|1:43|1:44|1:45|1:46|1:47|1:48|1:49|1:5|1:50|1:51|1:52|1:53|1:54|1:55|1:56|1:57|1:58|1:59|1:6|1:60|1:61|1:62|1:63|1:7|1:8|1:9|2:0|2:1|2:10|2:11|2:12|2:13|2:14|2:15|2:16|2:17|2:18|2:19|2:2|2:20|2:21|2:22|2:23|2:24|2:25|2:26|2:27|2:28|2:29|2:3|2:30|2:31|2:32|2:33|2:34|2:35|2:36|2:37|2:38|2:39|2:4|2:40|2:41|2:42|2:43|2:44|2:45|2:46|2:47|2:48|2:49|2:5|2:52|2:53|2:54|2:55|2:56|2:57|2:58|2:59|2:6|2:60|2:61|2:62|2:63|2:7|2:8|2:9|3:0|3:1|3:10|3:11|3:12|3:13|3:14|3:15|3:16|3:17|3:18|3:19|3:2|3:20|3:21|3:22|3:23|3:24|3:25|3:26|3:27|3:28|3:29|3:3|3:30|3:31|3:32|3:33|3:34|3:35|3:36|3:37|3:38|3:39|3:4|3:40|3:41|3:42|3:43|3:44|3:45|3:46|3:47|3:48|3:49|3:5|3:50|3:52|3:53|3:54|3:55|3:56|3:57|3:58|3:59|3:6|3:60|3:61|3:62|3:63|3:7|3:8|3:9|4:0|4:1|4:10|4:11|4:12|4:13|4:14|4:15|4:16|4:17|4:18|4:19|4:2|4:20|4:21|4:22|4:23|4:24|4:25|4:26|4:27|4:28|4:29|4:3|4:30|4:31|4:32|4:33|4:34|4:35|4:36|4:37|4:38|4:39|4:4|4:40|4:41|4:42|4:43|4:44|4:45|4:46|4:47|4:48|4:49|4:5|4:50|4:51|4:52|4:53|4:54|4:55|4:56|4:57|4:58|4:59|4:6|4:60|4:61|4:62|4:63|4:7|4:8|4:9|5:0|5:1|5:10|5:11|5:12|5:13|5:14|5:15|5:16|5:17|5:18|5:19|5:2|5:20|5:21|5:22|5:23|5:24|5:25|5:26|5:27|5:28|5:29|5:3|5:30|5:31|5:32|5:33|5:34|5:35|5:36|5:37|5:38|5:39|5:4|5:40|5:41|5:42|5:43|5:44|5:45|5:46|5:47|5:48|5:49|5:5|5:50|5:52|5:53|5:54|5:55|5:56|5:57|5:58|5:59|5:6|5:60|5:61|5:62|5:63|5:7|5:8|5:9
TIERING-OFF,238,exact-v9-5-to-6mwe,218784,drum,C2-MIXTURE-PREFIX,316,1,455.9,1|2|3|4|5,1:0|1:1|1:10|1:11|1:12|1:13|1:14|1:15|1:16|1:17|1:18|1:19|1:2|1:20|1:21|1:22|1:23|1:24|1:25|1:26|1:27|1:28|1:29|1:3|1:30|1:31|1:32|1:33|1:34|1:35|1:36|1:37|1:38|1:39|1:4|1:40|1:41|1:42|1:43|1:44|1:45|1:46|1:47|1:48|1:49|1:5|1:50|1:51|1:52|1:53|1:54|1:55|1:56|1:57|1:58|1:59|1:6|1:60|1:61|1:62|1:63|1:7|1:8|1:9|2:0|2:1|2:10|2:11|2:12|2:13|2:14|2:15|2:16|2:17|2:18|2:19|2:2|2:20|2:21|2:22|2:23|2:24|2:25|2:26|2:27|2:28|2:29|2:3|2:30|2:31|2:32|2:33|2:34|2:35|2:36|2:37|2:38|2:39|2:4|2:40|2:41|2:42|2:43|2:44|2:45|2:46|2:47|2:48|2:49|2:5|2:52|2:53|2:54|2:55|2:56|2:57|2:58|2:59|2:6|2:60|2:61|2:62|2:63|2:7|2:8|2:9|3:0|3:1|3:10|3:11|3:12|3:13|3:14|3:15|3:16|3:17|3:18|3:19|3:2|3:20|3:21|3:22|3:23|3:24|3:25|3:26|3:27|3:28|3:29|3:3|3:30|3:31|3:32|3:33|3:34|3:35|3:36|3:37|3:38|3:39|3:4|3:40|3:41|3:42|3:43|3:44|3:45|3:46|3:47|3:48|3:49|3:5|3:50|3:52|3:53|3:54|3:55|3:56|3:57|3:58|3:59|3:6|3:60|3:61|3:62|3:63|3:7|3:8|3:9|4:0|4:1|4:10|4:11|4:12|4:13|4:14|4:15|4:16|4:17|4:18|4:19|4:2|4:20|4:21|4:22|4:23|4:24|4:25|4:26|4:27|4:28|4:29|4:3|4:30|4:31|4:32|4:33|4:34|4:35|4:36|4:37|4:38|4:39|4:4|4:40|4:41|4:42|4:43|4:44|4:45|4:46|4:47|4:48|4:49|4:5|4:50|4:51|4:52|4:53|4:54|4:55|4:56|4:57|4:58|4:59|4:6|4:60|4:61|4:62|4:63|4:7|4:8|4:9|5:0|5:1|5:10|5:11|5:12|5:13|5:14|5:15|5:16|5:17|5:18|5:19|5:2|5:20|5:21|5:22|5:23|5:24|5:25|5:26|5:27|5:28|5:29|5:3|5:30|5:31|5:32|5:33|5:34|5:35|5:36|5:37|5:38|5:39|5:4|5:40|5:41|5:42|5:43|5:44|5:45|5:46|5:47|5:48|5:49|5:5|5:50|5:52|5:53|5:54|5:55|5:56|5:57|5:58|5:59|5:6|5:60|5:61|5:62|5:63|5:7|5:8|5:9
TIERING-OFF,239,exact-v9-5-to-6mwe,218784,feedwater-inventory,C2-MIXTURE-PREFIX,1,0,125.5,5,5:48
TIERING-OFF,240,exact-v9-5-to-6mwe,224784,suction,C2-MIXTURE-PREFIX,316,0,283,1|2|3|4|5,1:0|1:1|1:10|1:11|1:12|1:13|1:14|1:15|1:16|1:17|1:18|1:19|1:2|1:20|1:21|1:22|1:23|1:24|1:25|1:26|1:27|1:28|1:29|1:3|1:30|1:31|1:32|1:33|1:34|1:35|1:36|1:37|1:38|1:39|1:4|1:40|1:41|1:42|1:43|1:44|1:45|1:46|1:47|1:48|1:49|1:5|1:50|1:51|1:52|1:53|1:54|1:55|1:56|1:57|1:58|1:59|1:6|1:60|1:61|1:62|1:63|1:7|1:8|1:9|2:0|2:1|2:10|2:11|2:12|2:13|2:14|2:15|2:16|2:17|2:18|2:19|2:2|2:20|2:21|2:22|2:23|2:24|2:25|2:26|2:27|2:28|2:29|2:3|2:30|2:31|2:32|2:33|2:34|2:35|2:36|2:37|2:38|2:39|2:4|2:40|2:41|2:42|2:43|2:44|2:45|2:46|2:47|2:48|2:49|2:5|2:52|2:53|2:54|2:55|2:56|2:57|2:58|2:59|2:6|2:60|2:61|2:62|2:63|2:7|2:8|2:9|3:0|3:1|3:10|3:11|3:12|3:13|3:14|3:15|3:16|3:17|3:18|3:19|3:2|3:20|3:21|3:22|3:23|3:24|3:25|3:26|3:27|3:28|3:29|3:3|3:30|3:31|3:32|3:33|3:34|3:35|3:36|3:37|3:38|3:39|3:4|3:40|3:41|3:42|3:43|3:44|3:45|3:46|3:47|3:48|3:49|3:5|3:50|3:52|3:53|3:54|3:55|3:56|3:57|3:58|3:59|3:6|3:60|3:61|3:62|3:63|3:7|3:8|3:9|4:0|4:1|4:10|4:11|4:12|4:13|4:14|4:15|4:16|4:17|4:18|4:19|4:2|4:20|4:21|4:22|4:23|4:24|4:25|4:26|4:27|4:28|4:29|4:3|4:30|4:31|4:32|4:33|4:34|4:35|4:36|4:37|4:38|4:39|4:4|4:40|4:41|4:42|4:43|4:44|4:45|4:46|4:47|4:48|4:49|4:5|4:50|4:51|4:52|4:53|4:54|4:55|4:56|4:57|4:58|4:59|4:6|4:60|4:61|4:62|4:63|4:7|4:8|4:9|5:0|5:1|5:10|5:11|5:12|5:13|5:14|5:15|5:16|5:17|5:18|5:19|5:2|5:20|5:21|5:22|5:23|5:24|5:25|5:26|5:27|5:28|5:29|5:3|5:30|5:31|5:32|5:33|5:34|5:35|5:36|5:37|5:38|5:39|5:4|5:40|5:41|5:42|5:43|5:44|5:45|5:46|5:47|5:48|5:49|5:5|5:50|5:52|5:53|5:54|5:55|5:56|5:57|5:58|5:59|5:6|5:60|5:61|5:62|5:63|5:7|5:8|5:9
TIERING-OFF,241,exact-v9-5-to-6mwe,224784,pressure,C2-MIXTURE-PREFIX,316,0,159.3,1|2|3|4|5,1:0|1:1|1:10|1:11|1:12|1:13|1:14|1:15|1:16|1:17|1:18|1:19|1:2|1:20|1:21|1:22|1:23|1:24|1:25|1:26|1:27|1:28|1:29|1:3|1:30|1:31|1:32|1:33|1:34|1:35|1:36|1:37|1:38|1:39|1:4|1:40|1:41|1:42|1:43|1:44|1:45|1:46|1:47|1:48|1:49|1:5|1:50|1:51|1:52|1:53|1:54|1:55|1:56|1:57|1:58|1:59|1:6|1:60|1:61|1:62|1:63|1:7|1:8|1:9|2:0|2:1|2:10|2:11|2:12|2:13|2:14|2:15|2:16|2:17|2:18|2:19|2:2|2:20|2:21|2:22|2:23|2:24|2:25|2:26|2:27|2:28|2:29|2:3|2:30|2:31|2:32|2:33|2:34|2:35|2:36|2:37|2:38|2:39|2:4|2:40|2:41|2:42|2:43|2:44|2:45|2:46|2:47|2:48|2:49|2:5|2:52|2:53|2:54|2:55|2:56|2:57|2:58|2:59|2:6|2:60|2:61|2:62|2:63|2:7|2:8|2:9|3:0|3:1|3:10|3:11|3:12|3:13|3:14|3:15|3:16|3:17|3:18|3:19|3:2|3:20|3:21|3:22|3:23|3:24|3:25|3:26|3:27|3:28|3:29|3:3|3:30|3:31|3:32|3:33|3:34|3:35|3:36|3:37|3:38|3:39|3:4|3:40|3:41|3:42|3:43|3:44|3:45|3:46|3:47|3:48|3:49|3:5|3:50|3:52|3:53|3:54|3:55|3:56|3:57|3:58|3:59|3:6|3:60|3:61|3:62|3:63|3:7|3:8|3:9|4:0|4:1|4:10|4:11|4:12|4:13|4:14|4:15|4:16|4:17|4:18|4:19|4:2|4:20|4:21|4:22|4:23|4:24|4:25|4:26|4:27|4:28|4:29|4:3|4:30|4:31|4:32|4:33|4:34|4:35|4:36|4:37|4:38|4:39|4:4|4:40|4:41|4:42|4:43|4:44|4:45|4:46|4:47|4:48|4:49|4:5|4:50|4:51|4:52|4:53|4:54|4:55|4:56|4:57|4:58|4:59|4:6|4:60|4:61|4:62|4:63|4:7|4:8|4:9|5:0|5:1|5:10|5:11|5:12|5:13|5:14|5:15|5:16|5:17|5:18|5:19|5:2|5:20|5:21|5:22|5:23|5:24|5:25|5:26|5:27|5:28|5:29|5:3|5:30|5:31|5:32|5:33|5:34|5:35|5:36|5:37|5:38|5:39|5:4|5:40|5:41|5:42|5:43|5:44|5:45|5:46|5:47|5:48|5:49|5:5|5:50|5:52|5:53|5:54|5:55|5:56|5:57|5:58|5:59|5:6|5:60|5:61|5:62|5:63|5:7|5:8|5:9
TIERING-OFF,242,exact-v9-5-to-6mwe,224784,outlet,C2-MIXTURE-PREFIX,316,1,488.7,1|2|3|4|5,1:0|1:1|1:10|1:11|1:12|1:13|1:14|1:15|1:16|1:17|1:18|1:19|1:2|1:20|1:21|1:22|1:23|1:24|1:25|1:26|1:27|1:28|1:29|1:3|1:30|1:31|1:32|1:33|1:34|1:35|1:36|1:37|1:38|1:39|1:4|1:40|1:41|1:42|1:43|1:44|1:45|1:46|1:47|1:48|1:49|1:5|1:50|1:51|1:52|1:53|1:54|1:55|1:56|1:57|1:58|1:59|1:6|1:60|1:61|1:62|1:63|1:7|1:8|1:9|2:0|2:1|2:10|2:11|2:12|2:13|2:14|2:15|2:16|2:17|2:18|2:19|2:2|2:20|2:21|2:22|2:23|2:24|2:25|2:26|2:27|2:28|2:29|2:3|2:30|2:31|2:32|2:33|2:34|2:35|2:36|2:37|2:38|2:39|2:4|2:40|2:41|2:42|2:43|2:44|2:45|2:46|2:47|2:48|2:49|2:5|2:52|2:53|2:54|2:55|2:56|2:57|2:58|2:59|2:6|2:60|2:61|2:62|2:63|2:7|2:8|2:9|3:0|3:1|3:10|3:11|3:12|3:13|3:14|3:15|3:16|3:17|3:18|3:19|3:2|3:20|3:21|3:22|3:23|3:24|3:25|3:26|3:27|3:28|3:29|3:3|3:30|3:31|3:32|3:33|3:34|3:35|3:36|3:37|3:38|3:39|3:4|3:40|3:41|3:42|3:43|3:44|3:45|3:46|3:47|3:48|3:49|3:5|3:50|3:52|3:53|3:54|3:55|3:56|3:57|3:58|3:59|3:6|3:60|3:61|3:62|3:63|3:7|3:8|3:9|4:0|4:1|4:10|4:11|4:12|4:13|4:14|4:15|4:16|4:17|4:18|4:19|4:2|4:20|4:21|4:22|4:23|4:24|4:25|4:26|4:27|4:28|4:29|4:3|4:30|4:31|4:32|4:33|4:34|4:35|4:36|4:37|4:38|4:39|4:4|4:40|4:41|4:42|4:43|4:44|4:45|4:46|4:47|4:48|4:49|4:5|4:50|4:51|4:52|4:53|4:54|4:55|4:56|4:57|4:58|4:59|4:6|4:60|4:61|4:62|4:63|4:7|4:8|4:9|5:0|5:1|5:10|5:11|5:12|5:13|5:14|5:15|5:16|5:17|5:18|5:19|5:2|5:20|5:21|5:22|5:23|5:24|5:25|5:26|5:27|5:28|5:29|5:3|5:30|5:31|5:32|5:33|5:34|5:35|5:36|5:37|5:38|5:39|5:4|5:40|5:41|5:42|5:43|5:44|5:45|5:46|5:47|5:48|5:49|5:5|5:50|5:52|5:53|5:54|5:55|5:56|5:57|5:58|5:59|5:6|5:60|5:61|5:62|5:63|5:7|5:8|5:9
TIERING-OFF,243,exact-v9-5-to-6mwe,224784,drum,C2-MIXTURE-PREFIX,316,0,254.3,1|2|3|4|5,1:0|1:1|1:10|1:11|1:12|1:13|1:14|1:15|1:16|1:17|1:18|1:19|1:2|1:20|1:21|1:22|1:23|1:24|1:25|1:26|1:27|1:28|1:29|1:3|1:30|1:31|1:32|1:33|1:34|1:35|1:36|1:37|1:38|1:39|1:4|1:40|1:41|1:42|1:43|1:44|1:45|1:46|1:47|1:48|1:49|1:5|1:50|1:51|1:52|1:53|1:54|1:55|1:56|1:57|1:58|1:59|1:6|1:60|1:61|1:62|1:63|1:7|1:8|1:9|2:0|2:1|2:10|2:11|2:12|2:13|2:14|2:15|2:16|2:17|2:18|2:19|2:2|2:20|2:21|2:22|2:23|2:24|2:25|2:26|2:27|2:28|2:29|2:3|2:30|2:31|2:32|2:33|2:34|2:35|2:36|2:37|2:38|2:39|2:4|2:40|2:41|2:42|2:43|2:44|2:45|2:46|2:47|2:48|2:49|2:5|2:52|2:53|2:54|2:55|2:56|2:57|2:58|2:59|2:6|2:60|2:61|2:62|2:63|2:7|2:8|2:9|3:0|3:1|3:10|3:11|3:12|3:13|3:14|3:15|3:16|3:17|3:18|3:19|3:2|3:20|3:21|3:22|3:23|3:24|3:25|3:26|3:27|3:28|3:29|3:3|3:30|3:31|3:32|3:33|3:34|3:35|3:36|3:37|3:38|3:39|3:4|3:40|3:41|3:42|3:43|3:44|3:45|3:46|3:47|3:48|3:49|3:5|3:50|3:52|3:53|3:54|3:55|3:56|3:57|3:58|3:59|3:6|3:60|3:61|3:62|3:63|3:7|3:8|3:9|4:0|4:1|4:10|4:11|4:12|4:13|4:14|4:15|4:16|4:17|4:18|4:19|4:2|4:20|4:21|4:22|4:23|4:24|4:25|4:26|4:27|4:28|4:29|4:3|4:30|4:31|4:32|4:33|4:34|4:35|4:36|4:37|4:38|4:39|4:4|4:40|4:41|4:42|4:43|4:44|4:45|4:46|4:47|4:48|4:49|4:5|4:50|4:51|4:52|4:53|4:54|4:55|4:56|4:57|4:58|4:59|4:6|4:60|4:61|4:62|4:63|4:7|4:8|4:9|5:0|5:1|5:10|5:11|5:12|5:13|5:14|5:15|5:16|5:17|5:18|5:19|5:2|5:20|5:21|5:22|5:23|5:24|5:25|5:26|5:27|5:28|5:29|5:3|5:30|5:31|5:32|5:33|5:34|5:35|5:36|5:37|5:38|5:39|5:4|5:40|5:41|5:42|5:43|5:44|5:45|5:46|5:47|5:48|5:49|5:5|5:50|5:52|5:53|5:54|5:55|5:56|5:57|5:58|5:59|5:6|5:60|5:61|5:62|5:63|5:7|5:8|5:9
TIERING-OFF,244,exact-v9-5-to-6mwe,224784,feedwater-inventory,C2-MIXTURE-PREFIX,1,0,343,1,1:38
TIERING-OFF,245,exact-v9-5-to-6mwe,230784,suction,C2-MIXTURE-PREFIX,316,0,332.5,1|2|3|4|5,1:0|1:1|1:10|1:11|1:12|1:13|1:14|1:15|1:16|1:17|1:18|1:19|1:2|1:20|1:21|1:22|1:23|1:24|1:25|1:26|1:27|1:28|1:29|1:3|1:30|1:31|1:32|1:33|1:34|1:35|1:36|1:37|1:38|1:39|1:4|1:40|1:41|1:42|1:43|1:44|1:45|1:46|1:47|1:48|1:49|1:5|1:50|1:51|1:52|1:53|1:54|1:55|1:56|1:57|1:58|1:59|1:6|1:60|1:61|1:62|1:63|1:7|1:8|1:9|2:0|2:1|2:10|2:11|2:12|2:13|2:14|2:15|2:16|2:17|2:18|2:19|2:2|2:20|2:21|2:22|2:23|2:24|2:25|2:26|2:27|2:28|2:29|2:3|2:30|2:31|2:32|2:33|2:34|2:35|2:36|2:37|2:38|2:39|2:4|2:40|2:41|2:42|2:43|2:44|2:45|2:46|2:47|2:48|2:49|2:5|2:52|2:53|2:54|2:55|2:56|2:57|2:58|2:59|2:6|2:60|2:61|2:62|2:63|2:7|2:8|2:9|3:0|3:1|3:10|3:11|3:12|3:13|3:14|3:15|3:16|3:17|3:18|3:19|3:2|3:20|3:21|3:22|3:23|3:24|3:25|3:26|3:27|3:28|3:29|3:3|3:30|3:31|3:32|3:33|3:34|3:35|3:36|3:37|3:38|3:39|3:4|3:40|3:41|3:42|3:43|3:44|3:45|3:46|3:47|3:48|3:49|3:5|3:50|3:52|3:53|3:54|3:55|3:56|3:57|3:58|3:59|3:6|3:60|3:61|3:62|3:63|3:7|3:8|3:9|4:0|4:1|4:10|4:11|4:12|4:13|4:14|4:15|4:16|4:17|4:18|4:19|4:2|4:20|4:21|4:22|4:23|4:24|4:25|4:26|4:27|4:28|4:29|4:3|4:30|4:31|4:32|4:33|4:34|4:35|4:36|4:37|4:38|4:39|4:4|4:40|4:41|4:42|4:43|4:44|4:45|4:46|4:47|4:48|4:49|4:5|4:50|4:51|4:52|4:53|4:54|4:55|4:56|4:57|4:58|4:59|4:6|4:60|4:61|4:62|4:63|4:7|4:8|4:9|5:0|5:1|5:10|5:11|5:12|5:13|5:14|5:15|5:16|5:17|5:18|5:19|5:2|5:20|5:21|5:22|5:23|5:24|5:25|5:26|5:27|5:28|5:29|5:3|5:30|5:31|5:32|5:33|5:34|5:35|5:36|5:37|5:38|5:39|5:4|5:40|5:41|5:42|5:43|5:44|5:45|5:46|5:47|5:48|5:49|5:5|5:50|5:52|5:53|5:54|5:55|5:56|5:57|5:58|5:59|5:6|5:60|5:61|5:62|5:63|5:7|5:8|5:9
TIERING-OFF,246,exact-v9-5-to-6mwe,230784,pressure,C2-MIXTURE-PREFIX,316,0,226.3,1|2|3|4|5,1:0|1:1|1:10|1:11|1:12|1:13|1:14|1:15|1:16|1:17|1:18|1:19|1:2|1:20|1:21|1:22|1:23|1:24|1:25|1:26|1:27|1:28|1:29|1:3|1:30|1:31|1:32|1:33|1:34|1:35|1:36|1:37|1:38|1:39|1:4|1:40|1:41|1:42|1:43|1:44|1:45|1:46|1:47|1:48|1:49|1:5|1:50|1:51|1:52|1:53|1:54|1:55|1:56|1:57|1:58|1:59|1:6|1:60|1:61|1:62|1:63|1:7|1:8|1:9|2:0|2:1|2:10|2:11|2:12|2:13|2:14|2:15|2:16|2:17|2:18|2:19|2:2|2:20|2:21|2:22|2:23|2:24|2:25|2:26|2:27|2:28|2:29|2:3|2:30|2:31|2:32|2:33|2:34|2:35|2:36|2:37|2:38|2:39|2:4|2:40|2:41|2:42|2:43|2:44|2:45|2:46|2:47|2:48|2:49|2:5|2:52|2:53|2:54|2:55|2:56|2:57|2:58|2:59|2:6|2:60|2:61|2:62|2:63|2:7|2:8|2:9|3:0|3:1|3:10|3:11|3:12|3:13|3:14|3:15|3:16|3:17|3:18|3:19|3:2|3:20|3:21|3:22|3:23|3:24|3:25|3:26|3:27|3:28|3:29|3:3|3:30|3:31|3:32|3:33|3:34|3:35|3:36|3:37|3:38|3:39|3:4|3:40|3:41|3:42|3:43|3:44|3:45|3:46|3:47|3:48|3:49|3:5|3:50|3:52|3:53|3:54|3:55|3:56|3:57|3:58|3:59|3:6|3:60|3:61|3:62|3:63|3:7|3:8|3:9|4:0|4:1|4:10|4:11|4:12|4:13|4:14|4:15|4:16|4:17|4:18|4:19|4:2|4:20|4:21|4:22|4:23|4:24|4:25|4:26|4:27|4:28|4:29|4:3|4:30|4:31|4:32|4:33|4:34|4:35|4:36|4:37|4:38|4:39|4:4|4:40|4:41|4:42|4:43|4:44|4:45|4:46|4:47|4:48|4:49|4:5|4:50|4:51|4:52|4:53|4:54|4:55|4:56|4:57|4:58|4:59|4:6|4:60|4:61|4:62|4:63|4:7|4:8|4:9|5:0|5:1|5:10|5:11|5:12|5:13|5:14|5:15|5:16|5:17|5:18|5:19|5:2|5:20|5:21|5:22|5:23|5:24|5:25|5:26|5:27|5:28|5:29|5:3|5:30|5:31|5:32|5:33|5:34|5:35|5:36|5:37|5:38|5:39|5:4|5:40|5:41|5:42|5:43|5:44|5:45|5:46|5:47|5:48|5:49|5:5|5:50|5:52|5:53|5:54|5:55|5:56|5:57|5:58|5:59|5:6|5:60|5:61|5:62|5:63|5:7|5:8|5:9
TIERING-OFF,247,exact-v9-5-to-6mwe,230784,outlet,C2-MIXTURE-PREFIX,316,0,304.1,1|2|3|4|5,1:0|1:1|1:10|1:11|1:12|1:13|1:14|1:15|1:16|1:17|1:18|1:19|1:2|1:20|1:21|1:22|1:23|1:24|1:25|1:26|1:27|1:28|1:29|1:3|1:30|1:31|1:32|1:33|1:34|1:35|1:36|1:37|1:38|1:39|1:4|1:40|1:41|1:42|1:43|1:44|1:45|1:46|1:47|1:48|1:49|1:5|1:50|1:51|1:52|1:53|1:54|1:55|1:56|1:57|1:58|1:59|1:6|1:60|1:61|1:62|1:63|1:7|1:8|1:9|2:0|2:1|2:10|2:11|2:12|2:13|2:14|2:15|2:16|2:17|2:18|2:19|2:2|2:20|2:21|2:22|2:23|2:24|2:25|2:26|2:27|2:28|2:29|2:3|2:30|2:31|2:32|2:33|2:34|2:35|2:36|2:37|2:38|2:39|2:4|2:40|2:41|2:42|2:43|2:44|2:45|2:46|2:47|2:48|2:49|2:5|2:52|2:53|2:54|2:55|2:56|2:57|2:58|2:59|2:6|2:60|2:61|2:62|2:63|2:7|2:8|2:9|3:0|3:1|3:10|3:11|3:12|3:13|3:14|3:15|3:16|3:17|3:18|3:19|3:2|3:20|3:21|3:22|3:23|3:24|3:25|3:26|3:27|3:28|3:29|3:3|3:30|3:31|3:32|3:33|3:34|3:35|3:36|3:37|3:38|3:39|3:4|3:40|3:41|3:42|3:43|3:44|3:45|3:46|3:47|3:48|3:49|3:5|3:50|3:52|3:53|3:54|3:55|3:56|3:57|3:58|3:59|3:6|3:60|3:61|3:62|3:63|3:7|3:8|3:9|4:0|4:1|4:10|4:11|4:12|4:13|4:14|4:15|4:16|4:17|4:18|4:19|4:2|4:20|4:21|4:22|4:23|4:24|4:25|4:26|4:27|4:28|4:29|4:3|4:30|4:31|4:32|4:33|4:34|4:35|4:36|4:37|4:38|4:39|4:4|4:40|4:41|4:42|4:43|4:44|4:45|4:46|4:47|4:48|4:49|4:5|4:50|4:51|4:52|4:53|4:54|4:55|4:56|4:57|4:58|4:59|4:6|4:60|4:61|4:62|4:63|4:7|4:8|4:9|5:0|5:1|5:10|5:11|5:12|5:13|5:14|5:15|5:16|5:17|5:18|5:19|5:2|5:20|5:21|5:22|5:23|5:24|5:25|5:26|5:27|5:28|5:29|5:3|5:30|5:31|5:32|5:33|5:34|5:35|5:36|5:37|5:38|5:39|5:4|5:40|5:41|5:42|5:43|5:44|5:45|5:46|5:47|5:48|5:49|5:5|5:50|5:52|5:53|5:54|5:55|5:56|5:57|5:58|5:59|5:6|5:60|5:61|5:62|5:63|5:7|5:8|5:9
TIERING-OFF,248,exact-v9-5-to-6mwe,230784,drum,C2-MIXTURE-PREFIX,316,0,369.6,1|2|3|4|5,1:0|1:1|1:10|1:11|1:12|1:13|1:14|1:15|1:16|1:17|1:18|1:19|1:2|1:20|1:21|1:22|1:23|1:24|1:25|1:26|1:27|1:28|1:29|1:3|1:30|1:31|1:32|1:33|1:34|1:35|1:36|1:37|1:38|1:39|1:4|1:40|1:41|1:42|1:43|1:44|1:45|1:46|1:47|1:48|1:49|1:5|1:50|1:51|1:52|1:53|1:54|1:55|1:56|1:57|1:58|1:59|1:6|1:60|1:61|1:62|1:63|1:7|1:8|1:9|2:0|2:1|2:10|2:11|2:12|2:13|2:14|2:15|2:16|2:17|2:18|2:19|2:2|2:20|2:21|2:22|2:23|2:24|2:25|2:26|2:27|2:28|2:29|2:3|2:30|2:31|2:32|2:33|2:34|2:35|2:36|2:37|2:38|2:39|2:4|2:40|2:41|2:42|2:43|2:44|2:45|2:46|2:47|2:48|2:49|2:5|2:52|2:53|2:54|2:55|2:56|2:57|2:58|2:59|2:6|2:60|2:61|2:62|2:63|2:7|2:8|2:9|3:0|3:1|3:10|3:11|3:12|3:13|3:14|3:15|3:16|3:17|3:18|3:19|3:2|3:20|3:21|3:22|3:23|3:24|3:25|3:26|3:27|3:28|3:29|3:3|3:30|3:31|3:32|3:33|3:34|3:35|3:36|3:37|3:38|3:39|3:4|3:40|3:41|3:42|3:43|3:44|3:45|3:46|3:47|3:48|3:49|3:5|3:50|3:52|3:53|3:54|3:55|3:56|3:57|3:58|3:59|3:6|3:60|3:61|3:62|3:63|3:7|3:8|3:9|4:0|4:1|4:10|4:11|4:12|4:13|4:14|4:15|4:16|4:17|4:18|4:19|4:2|4:20|4:21|4:22|4:23|4:24|4:25|4:26|4:27|4:28|4:29|4:3|4:30|4:31|4:32|4:33|4:34|4:35|4:36|4:37|4:38|4:39|4:4|4:40|4:41|4:42|4:43|4:44|4:45|4:46|4:47|4:48|4:49|4:5|4:50|4:51|4:52|4:53|4:54|4:55|4:56|4:57|4:58|4:59|4:6|4:60|4:61|4:62|4:63|4:7|4:8|4:9|5:0|5:1|5:10|5:11|5:12|5:13|5:14|5:15|5:16|5:17|5:18|5:19|5:2|5:20|5:21|5:22|5:23|5:24|5:25|5:26|5:27|5:28|5:29|5:3|5:30|5:31|5:32|5:33|5:34|5:35|5:36|5:37|5:38|5:39|5:4|5:40|5:41|5:42|5:43|5:44|5:45|5:46|5:47|5:48|5:49|5:5|5:50|5:52|5:53|5:54|5:55|5:56|5:57|5:58|5:59|5:6|5:60|5:61|5:62|5:63|5:7|5:8|5:9
TIERING-OFF,249,exact-v9-5-to-6mwe,230784,feedwater-inventory,C2-MIXTURE-PREFIX,2,0,181.3,3,3:31|3:63
TIERING-OFF,25,background-reference,30000,suction,C2-MIXTURE-PREFIX,317,0,255.1,1|2|3|4|5,1:0|1:1|1:10|1:11|1:12|1:13|1:14|1:15|1:16|1:17|1:18|1:19|1:2|1:20|1:21|1:22|1:23|1:24|1:25|1:26|1:27|1:28|1:29|1:3|1:30|1:31|1:32|1:33|1:34|1:35|1:36|1:37|1:38|1:39|1:4|1:40|1:41|1:42|1:43|1:44|1:45|1:46|1:47|1:48|1:49|1:5|1:50|1:51|1:52|1:53|1:54|1:55|1:56|1:57|1:58|1:59|1:6|1:60|1:61|1:62|1:63|1:7|1:8|1:9|2:0|2:1|2:10|2:11|2:12|2:13|2:14|2:15|2:16|2:17|2:18|2:19|2:2|2:20|2:21|2:22|2:23|2:24|2:25|2:26|2:27|2:28|2:29|2:3|2:30|2:31|2:32|2:33|2:34|2:35|2:36|2:37|2:38|2:39|2:4|2:40|2:41|2:42|2:43|2:44|2:45|2:46|2:47|2:48|2:49|2:5|2:51|2:52|2:53|2:54|2:55|2:56|2:57|2:58|2:59|2:6|2:60|2:61|2:62|2:63|2:7|2:8|2:9|3:0|3:1|3:10|3:11|3:12|3:13|3:14|3:15|3:16|3:17|3:18|3:19|3:2|3:20|3:21|3:22|3:23|3:24|3:25|3:26|3:27|3:28|3:29|3:3|3:30|3:31|3:32|3:33|3:34|3:35|3:36|3:37|3:38|3:39|3:4|3:40|3:41|3:42|3:43|3:44|3:45|3:46|3:47|3:48|3:49|3:5|3:50|3:51|3:52|3:53|3:54|3:55|3:56|3:57|3:58|3:59|3:6|3:60|3:61|3:62|3:63|3:7|3:8|3:9|4:0|4:1|4:10|4:11|4:12|4:13|4:14|4:15|4:16|4:17|4:18|4:19|4:2|4:20|4:21|4:22|4:23|4:24|4:25|4:26|4:27|4:28|4:29|4:3|4:30|4:31|4:32|4:33|4:34|4:35|4:36|4:37|4:38|4:39|4:4|4:40|4:41|4:42|4:43|4:44|4:45|4:46|4:47|4:48|4:49|4:5|4:50|4:51|4:52|4:53|4:54|4:55|4:56|4:57|4:58|4:59|4:6|4:60|4:61|4:62|4:63|4:7|4:8|4:9|5:0|5:1|5:10|5:11|5:12|5:13|5:14|5:15|5:16|5:17|5:18|5:19|5:2|5:20|5:21|5:22|5:23|5:24|5:25|5:26|5:27|5:28|5:29|5:3|5:30|5:31|5:32|5:33|5:34|5:35|5:36|5:37|5:38|5:39|5:4|5:40|5:41|5:42|5:43|5:44|5:45|5:46|5:47|5:48|5:49|5:5|5:52|5:53|5:54|5:55|5:56|5:57|5:58|5:59|5:6|5:60|5:61|5:62|5:63|5:7|5:8|5:9
TIERING-OFF,250,exact-v9-5-to-6mwe,236784,suction,C2-MIXTURE-PREFIX,316,0,246.4,1|2|3|4|5,1:0|1:1|1:10|1:11|1:12|1:13|1:14|1:15|1:16|1:17|1:18|1:19|1:2|1:20|1:21|1:22|1:23|1:24|1:25|1:26|1:27|1:28|1:29|1:3|1:30|1:31|1:32|1:33|1:34|1:35|1:36|1:37|1:38|1:39|1:4|1:40|1:41|1:42|1:43|1:44|1:45|1:46|1:47|1:48|1:49|1:5|1:50|1:51|1:52|1:53|1:54|1:55|1:56|1:57|1:58|1:59|1:6|1:60|1:61|1:62|1:63|1:7|1:8|1:9|2:0|2:1|2:10|2:11|2:12|2:13|2:14|2:15|2:16|2:17|2:18|2:19|2:2|2:20|2:21|2:22|2:23|2:24|2:25|2:26|2:27|2:28|2:29|2:3|2:30|2:31|2:32|2:33|2:34|2:35|2:36|2:37|2:38|2:39|2:4|2:40|2:41|2:42|2:43|2:44|2:45|2:46|2:47|2:48|2:49|2:5|2:52|2:53|2:54|2:55|2:56|2:57|2:58|2:59|2:6|2:60|2:61|2:62|2:63|2:7|2:8|2:9|3:0|3:1|3:10|3:11|3:12|3:13|3:14|3:15|3:16|3:17|3:18|3:19|3:2|3:20|3:21|3:22|3:23|3:24|3:25|3:26|3:27|3:28|3:29|3:3|3:30|3:31|3:32|3:33|3:34|3:35|3:36|3:37|3:38|3:39|3:4|3:40|3:41|3:42|3:43|3:44|3:45|3:46|3:47|3:48|3:49|3:5|3:50|3:52|3:53|3:54|3:55|3:56|3:57|3:58|3:59|3:6|3:60|3:61|3:62|3:63|3:7|3:8|3:9|4:0|4:1|4:10|4:11|4:12|4:13|4:14|4:15|4:16|4:17|4:18|4:19|4:2|4:20|4:21|4:22|4:23|4:24|4:25|4:26|4:27|4:28|4:29|4:3|4:30|4:31|4:32|4:33|4:34|4:35|4:36|4:37|4:38|4:39|4:4|4:40|4:41|4:42|4:43|4:44|4:45|4:46|4:47|4:48|4:49|4:5|4:50|4:51|4:52|4:53|4:54|4:55|4:56|4:57|4:58|4:59|4:6|4:60|4:61|4:62|4:63|4:7|4:8|4:9|5:0|5:1|5:10|5:11|5:12|5:13|5:14|5:15|5:16|5:17|5:18|5:19|5:2|5:20|5:21|5:22|5:23|5:24|5:25|5:26|5:27|5:28|5:29|5:3|5:30|5:31|5:32|5:33|5:34|5:35|5:36|5:37|5:38|5:39|5:4|5:40|5:41|5:42|5:43|5:44|5:45|5:46|5:47|5:48|5:49|5:5|5:50|5:52|5:53|5:54|5:55|5:56|5:57|5:58|5:59|5:6|5:60|5:61|5:62|5:63|5:7|5:8|5:9
TIERING-OFF,251,exact-v9-5-to-6mwe,236784,pressure,C2-MIXTURE-PREFIX,316,1,444.7,1|2|3|4|5,1:0|1:1|1:10|1:11|1:12|1:13|1:14|1:15|1:16|1:17|1:18|1:19|1:2|1:20|1:21|1:22|1:23|1:24|1:25|1:26|1:27|1:28|1:29|1:3|1:30|1:31|1:32|1:33|1:34|1:35|1:36|1:37|1:38|1:39|1:4|1:40|1:41|1:42|1:43|1:44|1:45|1:46|1:47|1:48|1:49|1:5|1:50|1:51|1:52|1:53|1:54|1:55|1:56|1:57|1:58|1:59|1:6|1:60|1:61|1:62|1:63|1:7|1:8|1:9|2:0|2:1|2:10|2:11|2:12|2:13|2:14|2:15|2:16|2:17|2:18|2:19|2:2|2:20|2:21|2:22|2:23|2:24|2:25|2:26|2:27|2:28|2:29|2:3|2:30|2:31|2:32|2:33|2:34|2:35|2:36|2:37|2:38|2:39|2:4|2:40|2:41|2:42|2:43|2:44|2:45|2:46|2:47|2:48|2:49|2:5|2:52|2:53|2:54|2:55|2:56|2:57|2:58|2:59|2:6|2:60|2:61|2:62|2:63|2:7|2:8|2:9|3:0|3:1|3:10|3:11|3:12|3:13|3:14|3:15|3:16|3:17|3:18|3:19|3:2|3:20|3:21|3:22|3:23|3:24|3:25|3:26|3:27|3:28|3:29|3:3|3:30|3:31|3:32|3:33|3:34|3:35|3:36|3:37|3:38|3:39|3:4|3:40|3:41|3:42|3:43|3:44|3:45|3:46|3:47|3:48|3:49|3:5|3:50|3:52|3:53|3:54|3:55|3:56|3:57|3:58|3:59|3:6|3:60|3:61|3:62|3:63|3:7|3:8|3:9|4:0|4:1|4:10|4:11|4:12|4:13|4:14|4:15|4:16|4:17|4:18|4:19|4:2|4:20|4:21|4:22|4:23|4:24|4:25|4:26|4:27|4:28|4:29|4:3|4:30|4:31|4:32|4:33|4:34|4:35|4:36|4:37|4:38|4:39|4:4|4:40|4:41|4:42|4:43|4:44|4:45|4:46|4:47|4:48|4:49|4:5|4:50|4:51|4:52|4:53|4:54|4:55|4:56|4:57|4:58|4:59|4:6|4:60|4:61|4:62|4:63|4:7|4:8|4:9|5:0|5:1|5:10|5:11|5:12|5:13|5:14|5:15|5:16|5:17|5:18|5:19|5:2|5:20|5:21|5:22|5:23|5:24|5:25|5:26|5:27|5:28|5:29|5:3|5:30|5:31|5:32|5:33|5:34|5:35|5:36|5:37|5:38|5:39|5:4|5:40|5:41|5:42|5:43|5:44|5:45|5:46|5:47|5:48|5:49|5:5|5:50|5:52|5:53|5:54|5:55|5:56|5:57|5:58|5:59|5:6|5:60|5:61|5:62|5:63|5:7|5:8|5:9
TIERING-OFF,252,exact-v9-5-to-6mwe,236784,outlet,C2-MIXTURE-PREFIX,316,0,250.3,1|2|3|4|5,1:0|1:1|1:10|1:11|1:12|1:13|1:14|1:15|1:16|1:17|1:18|1:19|1:2|1:20|1:21|1:22|1:23|1:24|1:25|1:26|1:27|1:28|1:29|1:3|1:30|1:31|1:32|1:33|1:34|1:35|1:36|1:37|1:38|1:39|1:4|1:40|1:41|1:42|1:43|1:44|1:45|1:46|1:47|1:48|1:49|1:5|1:50|1:51|1:52|1:53|1:54|1:55|1:56|1:57|1:58|1:59|1:6|1:60|1:61|1:62|1:63|1:7|1:8|1:9|2:0|2:1|2:10|2:11|2:12|2:13|2:14|2:15|2:16|2:17|2:18|2:19|2:2|2:20|2:21|2:22|2:23|2:24|2:25|2:26|2:27|2:28|2:29|2:3|2:30|2:31|2:32|2:33|2:34|2:35|2:36|2:37|2:38|2:39|2:4|2:40|2:41|2:42|2:43|2:44|2:45|2:46|2:47|2:48|2:49|2:5|2:52|2:53|2:54|2:55|2:56|2:57|2:58|2:59|2:6|2:60|2:61|2:62|2:63|2:7|2:8|2:9|3:0|3:1|3:10|3:11|3:12|3:13|3:14|3:15|3:16|3:17|3:18|3:19|3:2|3:20|3:21|3:22|3:23|3:24|3:25|3:26|3:27|3:28|3:29|3:3|3:30|3:31|3:32|3:33|3:34|3:35|3:36|3:37|3:38|3:39|3:4|3:40|3:41|3:42|3:43|3:44|3:45|3:46|3:47|3:48|3:49|3:5|3:50|3:52|3:53|3:54|3:55|3:56|3:57|3:58|3:59|3:6|3:60|3:61|3:62|3:63|3:7|3:8|3:9|4:0|4:1|4:10|4:11|4:12|4:13|4:14|4:15|4:16|4:17|4:18|4:19|4:2|4:20|4:21|4:22|4:23|4:24|4:25|4:26|4:27|4:28|4:29|4:3|4:30|4:31|4:32|4:33|4:34|4:35|4:36|4:37|4:38|4:39|4:4|4:40|4:41|4:42|4:43|4:44|4:45|4:46|4:47|4:48|4:49|4:5|4:50|4:51|4:52|4:53|4:54|4:55|4:56|4:57|4:58|4:59|4:6|4:60|4:61|4:62|4:63|4:7|4:8|4:9|5:0|5:1|5:10|5:11|5:12|5:13|5:14|5:15|5:16|5:17|5:18|5:19|5:2|5:20|5:21|5:22|5:23|5:24|5:25|5:26|5:27|5:28|5:29|5:3|5:30|5:31|5:32|5:33|5:34|5:35|5:36|5:37|5:38|5:39|5:4|5:40|5:41|5:42|5:43|5:44|5:45|5:46|5:47|5:48|5:49|5:5|5:50|5:52|5:53|5:54|5:55|5:56|5:57|5:58|5:59|5:6|5:60|5:61|5:62|5:63|5:7|5:8|5:9
TIERING-OFF,253,exact-v9-5-to-6mwe,236784,drum,C2-MIXTURE-PREFIX,316,1,453.7,1|2|3|4|5,1:0|1:1|1:10|1:11|1:12|1:13|1:14|1:15|1:16|1:17|1:18|1:19|1:2|1:20|1:21|1:22|1:23|1:24|1:25|1:26|1:27|1:28|1:29|1:3|1:30|1:31|1:32|1:33|1:34|1:35|1:36|1:37|1:38|1:39|1:4|1:40|1:41|1:42|1:43|1:44|1:45|1:46|1:47|1:48|1:49|1:5|1:50|1:51|1:52|1:53|1:54|1:55|1:56|1:57|1:58|1:59|1:6|1:60|1:61|1:62|1:63|1:7|1:8|1:9|2:0|2:1|2:10|2:11|2:12|2:13|2:14|2:15|2:16|2:17|2:18|2:19|2:2|2:20|2:21|2:22|2:23|2:24|2:25|2:26|2:27|2:28|2:29|2:3|2:30|2:31|2:32|2:33|2:34|2:35|2:36|2:37|2:38|2:39|2:4|2:40|2:41|2:42|2:43|2:44|2:45|2:46|2:47|2:48|2:49|2:5|2:52|2:53|2:54|2:55|2:56|2:57|2:58|2:59|2:6|2:60|2:61|2:62|2:63|2:7|2:8|2:9|3:0|3:1|3:10|3:11|3:12|3:13|3:14|3:15|3:16|3:17|3:18|3:19|3:2|3:20|3:21|3:22|3:23|3:24|3:25|3:26|3:27|3:28|3:29|3:3|3:30|3:31|3:32|3:33|3:34|3:35|3:36|3:37|3:38|3:39|3:4|3:40|3:41|3:42|3:43|3:44|3:45|3:46|3:47|3:48|3:49|3:5|3:50|3:52|3:53|3:54|3:55|3:56|3:57|3:58|3:59|3:6|3:60|3:61|3:62|3:63|3:7|3:8|3:9|4:0|4:1|4:10|4:11|4:12|4:13|4:14|4:15|4:16|4:17|4:18|4:19|4:2|4:20|4:21|4:22|4:23|4:24|4:25|4:26|4:27|4:28|4:29|4:3|4:30|4:31|4:32|4:33|4:34|4:35|4:36|4:37|4:38|4:39|4:4|4:40|4:41|4:42|4:43|4:44|4:45|4:46|4:47|4:48|4:49|4:5|4:50|4:51|4:52|4:53|4:54|4:55|4:56|4:57|4:58|4:59|4:6|4:60|4:61|4:62|4:63|4:7|4:8|4:9|5:0|5:1|5:10|5:11|5:12|5:13|5:14|5:15|5:16|5:17|5:18|5:19|5:2|5:20|5:21|5:22|5:23|5:24|5:25|5:26|5:27|5:28|5:29|5:3|5:30|5:31|5:32|5:33|5:34|5:35|5:36|5:37|5:38|5:39|5:4|5:40|5:41|5:42|5:43|5:44|5:45|5:46|5:47|5:48|5:49|5:5|5:50|5:52|5:53|5:54|5:55|5:56|5:57|5:58|5:59|5:6|5:60|5:61|5:62|5:63|5:7|5:8|5:9
TIERING-OFF,255,exact-v9-5-to-6mwe,242784,suction,C2-MIXTURE-PREFIX,316,0,379.6,1|2|3|4|5,1:0|1:1|1:10|1:11|1:12|1:13|1:14|1:15|1:16|1:17|1:18|1:19|1:2|1:20|1:21|1:22|1:23|1:24|1:25|1:26|1:27|1:28|1:29|1:3|1:30|1:31|1:32|1:33|1:34|1:35|1:36|1:37|1:38|1:39|1:4|1:40|1:41|1:42|1:43|1:44|1:45|1:46|1:47|1:48|1:49|1:5|1:50|1:51|1:52|1:53|1:54|1:55|1:56|1:57|1:58|1:59|1:6|1:60|1:61|1:62|1:63|1:7|1:8|1:9|2:0|2:1|2:10|2:11|2:12|2:13|2:14|2:15|2:16|2:17|2:18|2:19|2:2|2:20|2:21|2:22|2:23|2:24|2:25|2:26|2:27|2:28|2:29|2:3|2:30|2:31|2:32|2:33|2:34|2:35|2:36|2:37|2:38|2:39|2:4|2:40|2:41|2:42|2:43|2:44|2:45|2:46|2:47|2:48|2:49|2:5|2:52|2:53|2:54|2:55|2:56|2:57|2:58|2:59|2:6|2:60|2:61|2:62|2:63|2:7|2:8|2:9|3:0|3:1|3:10|3:11|3:12|3:13|3:14|3:15|3:16|3:17|3:18|3:19|3:2|3:20|3:21|3:22|3:23|3:24|3:25|3:26|3:27|3:28|3:29|3:3|3:30|3:31|3:32|3:33|3:34|3:35|3:36|3:37|3:38|3:39|3:4|3:40|3:41|3:42|3:43|3:44|3:45|3:46|3:47|3:48|3:49|3:5|3:50|3:52|3:53|3:54|3:55|3:56|3:57|3:58|3:59|3:6|3:60|3:61|3:62|3:63|3:7|3:8|3:9|4:0|4:1|4:10|4:11|4:12|4:13|4:14|4:15|4:16|4:17|4:18|4:19|4:2|4:20|4:21|4:22|4:23|4:24|4:25|4:26|4:27|4:28|4:29|4:3|4:30|4:31|4:32|4:33|4:34|4:35|4:36|4:37|4:38|4:39|4:4|4:40|4:41|4:42|4:43|4:44|4:45|4:46|4:47|4:48|4:49|4:5|4:50|4:51|4:52|4:53|4:54|4:55|4:56|4:57|4:58|4:59|4:6|4:60|4:61|4:62|4:63|4:7|4:8|4:9|5:0|5:1|5:10|5:11|5:12|5:13|5:14|5:15|5:16|5:17|5:18|5:19|5:2|5:20|5:21|5:22|5:23|5:24|5:25|5:26|5:27|5:28|5:29|5:3|5:30|5:31|5:32|5:33|5:34|5:35|5:36|5:37|5:38|5:39|5:4|5:40|5:41|5:42|5:43|5:44|5:45|5:46|5:47|5:48|5:49|5:5|5:50|5:52|5:53|5:54|5:55|5:56|5:57|5:58|5:59|5:6|5:60|5:61|5:62|5:63|5:7|5:8|5:9
TIERING-OFF,256,exact-v9-5-to-6mwe,242784,pressure,C2-MIXTURE-PREFIX,316,0,359.2,1|2|3|4|5,1:0|1:1|1:10|1:11|1:12|1:13|1:14|1:15|1:16|1:17|1:18|1:19|1:2|1:20|1:21|1:22|1:23|1:24|1:25|1:26|1:27|1:28|1:29|1:3|1:30|1:31|1:32|1:33|1:34|1:35|1:36|1:37|1:38|1:39|1:4|1:40|1:41|1:42|1:43|1:44|1:45|1:46|1:47|1:48|1:49|1:5|1:50|1:51|1:52|1:53|1:54|1:55|1:56|1:57|1:58|1:59|1:6|1:60|1:61|1:62|1:63|1:7|1:8|1:9|2:0|2:1|2:10|2:11|2:12|2:13|2:14|2:15|2:16|2:17|2:18|2:19|2:2|2:20|2:21|2:22|2:23|2:24|2:25|2:26|2:27|2:28|2:29|2:3|2:30|2:31|2:32|2:33|2:34|2:35|2:36|2:37|2:38|2:39|2:4|2:40|2:41|2:42|2:43|2:44|2:45|2:46|2:47|2:48|2:49|2:5|2:52|2:53|2:54|2:55|2:56|2:57|2:58|2:59|2:6|2:60|2:61|2:62|2:63|2:7|2:8|2:9|3:0|3:1|3:10|3:11|3:12|3:13|3:14|3:15|3:16|3:17|3:18|3:19|3:2|3:20|3:21|3:22|3:23|3:24|3:25|3:26|3:27|3:28|3:29|3:3|3:30|3:31|3:32|3:33|3:34|3:35|3:36|3:37|3:38|3:39|3:4|3:40|3:41|3:42|3:43|3:44|3:45|3:46|3:47|3:48|3:49|3:5|3:50|3:52|3:53|3:54|3:55|3:56|3:57|3:58|3:59|3:6|3:60|3:61|3:62|3:63|3:7|3:8|3:9|4:0|4:1|4:10|4:11|4:12|4:13|4:14|4:15|4:16|4:17|4:18|4:19|4:2|4:20|4:21|4:22|4:23|4:24|4:25|4:26|4:27|4:28|4:29|4:3|4:30|4:31|4:32|4:33|4:34|4:35|4:36|4:37|4:38|4:39|4:4|4:40|4:41|4:42|4:43|4:44|4:45|4:46|4:47|4:48|4:49|4:5|4:50|4:51|4:52|4:53|4:54|4:55|4:56|4:57|4:58|4:59|4:6|4:60|4:61|4:62|4:63|4:7|4:8|4:9|5:0|5:1|5:10|5:11|5:12|5:13|5:14|5:15|5:16|5:17|5:18|5:19|5:2|5:20|5:21|5:22|5:23|5:24|5:25|5:26|5:27|5:28|5:29|5:3|5:30|5:31|5:32|5:33|5:34|5:35|5:36|5:37|5:38|5:39|5:4|5:40|5:41|5:42|5:43|5:44|5:45|5:46|5:47|5:48|5:49|5:5|5:50|5:52|5:53|5:54|5:55|5:56|5:57|5:58|5:59|5:6|5:60|5:61|5:62|5:63|5:7|5:8|5:9
TIERING-OFF,257,exact-v9-5-to-6mwe,242784,outlet,C2-MIXTURE-PREFIX,316,0,386.1,1|2|3|4|5,1:0|1:1|1:10|1:11|1:12|1:13|1:14|1:15|1:16|1:17|1:18|1:19|1:2|1:20|1:21|1:22|1:23|1:24|1:25|1:26|1:27|1:28|1:29|1:3|1:30|1:31|1:32|1:33|1:34|1:35|1:36|1:37|1:38|1:39|1:4|1:40|1:41|1:42|1:43|1:44|1:45|1:46|1:47|1:48|1:49|1:5|1:50|1:51|1:52|1:53|1:54|1:55|1:56|1:57|1:58|1:59|1:6|1:60|1:61|1:62|1:63|1:7|1:8|1:9|2:0|2:1|2:10|2:11|2:12|2:13|2:14|2:15|2:16|2:17|2:18|2:19|2:2|2:20|2:21|2:22|2:23|2:24|2:25|2:26|2:27|2:28|2:29|2:3|2:30|2:31|2:32|2:33|2:34|2:35|2:36|2:37|2:38|2:39|2:4|2:40|2:41|2:42|2:43|2:44|2:45|2:46|2:47|2:48|2:49|2:5|2:52|2:53|2:54|2:55|2:56|2:57|2:58|2:59|2:6|2:60|2:61|2:62|2:63|2:7|2:8|2:9|3:0|3:1|3:10|3:11|3:12|3:13|3:14|3:15|3:16|3:17|3:18|3:19|3:2|3:20|3:21|3:22|3:23|3:24|3:25|3:26|3:27|3:28|3:29|3:3|3:30|3:31|3:32|3:33|3:34|3:35|3:36|3:37|3:38|3:39|3:4|3:40|3:41|3:42|3:43|3:44|3:45|3:46|3:47|3:48|3:49|3:5|3:50|3:52|3:53|3:54|3:55|3:56|3:57|3:58|3:59|3:6|3:60|3:61|3:62|3:63|3:7|3:8|3:9|4:0|4:1|4:10|4:11|4:12|4:13|4:14|4:15|4:16|4:17|4:18|4:19|4:2|4:20|4:21|4:22|4:23|4:24|4:25|4:26|4:27|4:28|4:29|4:3|4:30|4:31|4:32|4:33|4:34|4:35|4:36|4:37|4:38|4:39|4:4|4:40|4:41|4:42|4:43|4:44|4:45|4:46|4:47|4:48|4:49|4:5|4:50|4:51|4:52|4:53|4:54|4:55|4:56|4:57|4:58|4:59|4:6|4:60|4:61|4:62|4:63|4:7|4:8|4:9|5:0|5:1|5:10|5:11|5:12|5:13|5:14|5:15|5:16|5:17|5:18|5:19|5:2|5:20|5:21|5:22|5:23|5:24|5:25|5:26|5:27|5:28|5:29|5:3|5:30|5:31|5:32|5:33|5:34|5:35|5:36|5:37|5:38|5:39|5:4|5:40|5:41|5:42|5:43|5:44|5:45|5:46|5:47|5:48|5:49|5:5|5:50|5:52|5:53|5:54|5:55|5:56|5:57|5:58|5:59|5:6|5:60|5:61|5:62|5:63|5:7|5:8|5:9
TIERING-OFF,258,exact-v9-5-to-6mwe,242784,drum,C2-MIXTURE-PREFIX,315,0,362.6,1|2|3|4|5,1:0|1:1|1:10|1:11|1:12|1:13|1:14|1:15|1:16|1:17|1:18|1:19|1:2|1:20|1:21|1:22|1:23|1:24|1:25|1:26|1:27|1:28|1:29|1:3|1:30|1:31|1:32|1:33|1:34|1:35|1:36|1:37|1:38|1:39|1:4|1:40|1:41|1:42|1:43|1:44|1:45|1:46|1:47|1:48|1:49|1:5|1:50|1:51|1:52|1:53|1:54|1:55|1:56|1:57|1:58|1:59|1:6|1:60|1:61|1:62|1:63|1:8|1:9|2:0|2:1|2:10|2:11|2:12|2:13|2:14|2:15|2:16|2:17|2:18|2:19|2:2|2:20|2:21|2:22|2:23|2:24|2:25|2:26|2:27|2:28|2:29|2:3|2:30|2:31|2:32|2:33|2:34|2:35|2:36|2:37|2:38|2:39|2:4|2:40|2:41|2:42|2:43|2:44|2:45|2:46|2:47|2:48|2:49|2:5|2:52|2:53|2:54|2:55|2:56|2:57|2:58|2:59|2:6|2:60|2:61|2:62|2:63|2:7|2:8|2:9|3:0|3:1|3:10|3:11|3:12|3:13|3:14|3:15|3:16|3:17|3:18|3:19|3:2|3:20|3:21|3:22|3:23|3:24|3:25|3:26|3:27|3:28|3:29|3:3|3:30|3:31|3:32|3:33|3:34|3:35|3:36|3:37|3:38|3:39|3:4|3:40|3:41|3:42|3:43|3:44|3:45|3:46|3:47|3:48|3:49|3:5|3:50|3:52|3:53|3:54|3:55|3:56|3:57|3:58|3:59|3:6|3:60|3:61|3:62|3:63|3:7|3:8|3:9|4:0|4:1|4:10|4:11|4:12|4:13|4:14|4:15|4:16|4:17|4:18|4:19|4:2|4:20|4:21|4:22|4:23|4:24|4:25|4:26|4:27|4:28|4:29|4:3|4:30|4:31|4:32|4:33|4:34|4:35|4:36|4:37|4:38|4:39|4:4|4:40|4:41|4:42|4:43|4:44|4:45|4:46|4:47|4:48|4:49|4:5|4:50|4:51|4:52|4:53|4:54|4:55|4:56|4:57|4:58|4:59|4:6|4:60|4:61|4:62|4:63|4:7|4:8|4:9|5:0|5:1|5:10|5:11|5:12|5:13|5:14|5:15|5:16|5:17|5:18|5:19|5:2|5:20|5:21|5:22|5:23|5:24|5:25|5:26|5:27|5:28|5:29|5:3|5:30|5:31|5:32|5:33|5:34|5:35|5:36|5:37|5:38|5:39|5:4|5:40|5:41|5:42|5:43|5:44|5:45|5:46|5:47|5:48|5:49|5:5|5:50|5:52|5:53|5:54|5:55|5:56|5:57|5:58|5:59|5:6|5:60|5:61|5:62|5:63|5:7|5:8|5:9
TIERING-OFF,259,exact-v9-5-to-6mwe,242784,feedwater-inventory,C2-MIXTURE-PREFIX,1,0,143.4,1,1:32
TIERING-OFF,26,background-reference,30000,pressure,C2-MIXTURE-PREFIX,317,1,573.7,1|2|3|4|5,1:0|1:1|1:10|1:11|1:12|1:13|1:14|1:15|1:16|1:17|1:18|1:19|1:2|1:20|1:21|1:22|1:23|1:24|1:25|1:26|1:27|1:28|1:29|1:3|1:30|1:31|1:32|1:33|1:34|1:35|1:36|1:37|1:38|1:39|1:4|1:40|1:41|1:42|1:43|1:44|1:45|1:46|1:47|1:48|1:49|1:5|1:50|1:51|1:52|1:53|1:54|1:55|1:56|1:57|1:58|1:59|1:6|1:60|1:61|1:62|1:63|1:7|1:8|1:9|2:0|2:1|2:10|2:11|2:12|2:13|2:14|2:15|2:16|2:17|2:18|2:19|2:2|2:20|2:21|2:22|2:23|2:24|2:25|2:26|2:27|2:28|2:29|2:3|2:30|2:31|2:32|2:33|2:34|2:35|2:36|2:37|2:38|2:39|2:4|2:40|2:41|2:42|2:43|2:44|2:45|2:46|2:47|2:48|2:49|2:5|2:51|2:52|2:53|2:54|2:55|2:56|2:57|2:58|2:59|2:6|2:60|2:61|2:62|2:63|2:7|2:8|2:9|3:0|3:1|3:10|3:11|3:12|3:13|3:14|3:15|3:16|3:17|3:18|3:19|3:2|3:20|3:21|3:22|3:23|3:24|3:25|3:26|3:27|3:28|3:29|3:3|3:30|3:31|3:32|3:33|3:34|3:35|3:36|3:37|3:38|3:39|3:4|3:40|3:41|3:42|3:43|3:44|3:45|3:46|3:47|3:48|3:49|3:5|3:50|3:51|3:52|3:53|3:54|3:55|3:56|3:57|3:58|3:59|3:6|3:60|3:61|3:62|3:63|3:7|3:8|3:9|4:0|4:1|4:10|4:11|4:12|4:13|4:14|4:15|4:16|4:17|4:18|4:19|4:2|4:20|4:21|4:22|4:23|4:24|4:25|4:26|4:27|4:28|4:29|4:3|4:30|4:31|4:32|4:33|4:34|4:35|4:36|4:37|4:38|4:39|4:4|4:40|4:41|4:42|4:43|4:44|4:45|4:46|4:47|4:48|4:49|4:5|4:50|4:51|4:52|4:53|4:54|4:55|4:56|4:57|4:58|4:59|4:6|4:60|4:61|4:62|4:63|4:7|4:8|4:9|5:0|5:1|5:10|5:11|5:12|5:13|5:14|5:15|5:16|5:17|5:18|5:19|5:2|5:20|5:21|5:22|5:23|5:24|5:25|5:26|5:27|5:28|5:29|5:3|5:30|5:31|5:32|5:33|5:34|5:35|5:36|5:37|5:38|5:39|5:4|5:40|5:41|5:42|5:43|5:44|5:45|5:46|5:47|5:48|5:49|5:5|5:52|5:53|5:54|5:55|5:56|5:57|5:58|5:59|5:6|5:60|5:61|5:62|5:63|5:7|5:8|5:9
TIERING-OFF,260,exact-v9-5-to-6mwe,248784,suction,C2-MIXTURE-PREFIX,316,0,232.3,1|2|3|4|5,1:0|1:1|1:10|1:11|1:12|1:13|1:14|1:15|1:16|1:17|1:18|1:19|1:2|1:20|1:21|1:22|1:23|1:24|1:25|1:26|1:27|1:28|1:29|1:3|1:30|1:31|1:32|1:33|1:34|1:35|1:36|1:37|1:38|1:39|1:4|1:40|1:41|1:42|1:43|1:44|1:45|1:46|1:47|1:48|1:49|1:5|1:50|1:51|1:52|1:53|1:54|1:55|1:56|1:57|1:58|1:59|1:6|1:60|1:61|1:62|1:63|1:7|1:8|1:9|2:0|2:1|2:10|2:11|2:12|2:13|2:14|2:15|2:16|2:17|2:18|2:19|2:2|2:20|2:21|2:22|2:23|2:24|2:25|2:26|2:27|2:28|2:29|2:3|2:30|2:31|2:32|2:33|2:34|2:35|2:36|2:37|2:38|2:39|2:4|2:40|2:41|2:42|2:43|2:44|2:45|2:46|2:47|2:48|2:49|2:5|2:52|2:53|2:54|2:55|2:56|2:57|2:58|2:59|2:6|2:60|2:61|2:62|2:63|2:7|2:8|2:9|3:0|3:1|3:10|3:11|3:12|3:13|3:14|3:15|3:16|3:17|3:18|3:19|3:2|3:20|3:21|3:22|3:23|3:24|3:25|3:26|3:27|3:28|3:29|3:3|3:30|3:31|3:32|3:33|3:34|3:35|3:36|3:37|3:38|3:39|3:4|3:40|3:41|3:42|3:43|3:44|3:45|3:46|3:47|3:48|3:49|3:5|3:50|3:52|3:53|3:54|3:55|3:56|3:57|3:58|3:59|3:6|3:60|3:61|3:62|3:63|3:7|3:8|3:9|4:0|4:1|4:10|4:11|4:12|4:13|4:14|4:15|4:16|4:17|4:18|4:19|4:2|4:20|4:21|4:22|4:23|4:24|4:25|4:26|4:27|4:28|4:29|4:3|4:30|4:31|4:32|4:33|4:34|4:35|4:36|4:37|4:38|4:39|4:4|4:40|4:41|4:42|4:43|4:44|4:45|4:46|4:47|4:48|4:49|4:5|4:50|4:51|4:52|4:53|4:54|4:55|4:56|4:57|4:58|4:59|4:6|4:60|4:61|4:62|4:63|4:7|4:8|4:9|5:0|5:1|5:10|5:11|5:12|5:13|5:14|5:15|5:16|5:17|5:18|5:19|5:2|5:20|5:21|5:22|5:23|5:24|5:25|5:26|5:27|5:28|5:29|5:3|5:30|5:31|5:32|5:33|5:34|5:35|5:36|5:37|5:38|5:39|5:4|5:40|5:41|5:42|5:43|5:44|5:45|5:46|5:47|5:48|5:49|5:5|5:50|5:52|5:53|5:54|5:55|5:56|5:57|5:58|5:59|5:6|5:60|5:61|5:62|5:63|5:7|5:8|5:9
TIERING-OFF,261,exact-v9-5-to-6mwe,248784,pressure,C2-MIXTURE-PREFIX,316,1,510.1,1|2|3|4|5,1:0|1:1|1:10|1:11|1:12|1:13|1:14|1:15|1:16|1:17|1:18|1:19|1:2|1:20|1:21|1:22|1:23|1:24|1:25|1:26|1:27|1:28|1:29|1:3|1:30|1:31|1:32|1:33|1:34|1:35|1:36|1:37|1:38|1:39|1:4|1:40|1:41|1:42|1:43|1:44|1:45|1:46|1:47|1:48|1:49|1:5|1:50|1:51|1:52|1:53|1:54|1:55|1:56|1:57|1:58|1:59|1:6|1:60|1:61|1:62|1:63|1:7|1:8|1:9|2:0|2:1|2:10|2:11|2:12|2:13|2:14|2:15|2:16|2:17|2:18|2:19|2:2|2:20|2:21|2:22|2:23|2:24|2:25|2:26|2:27|2:28|2:29|2:3|2:30|2:31|2:32|2:33|2:34|2:35|2:36|2:37|2:38|2:39|2:4|2:40|2:41|2:42|2:43|2:44|2:45|2:46|2:47|2:48|2:49|2:5|2:52|2:53|2:54|2:55|2:56|2:57|2:58|2:59|2:6|2:60|2:61|2:62|2:63|2:7|2:8|2:9|3:0|3:1|3:10|3:11|3:12|3:13|3:14|3:15|3:16|3:17|3:18|3:19|3:2|3:20|3:21|3:22|3:23|3:24|3:25|3:26|3:27|3:28|3:29|3:3|3:30|3:31|3:32|3:33|3:34|3:35|3:36|3:37|3:38|3:39|3:4|3:40|3:41|3:42|3:43|3:44|3:45|3:46|3:47|3:48|3:49|3:5|3:50|3:52|3:53|3:54|3:55|3:56|3:57|3:58|3:59|3:6|3:60|3:61|3:62|3:63|3:7|3:8|3:9|4:0|4:1|4:10|4:11|4:12|4:13|4:14|4:15|4:16|4:17|4:18|4:19|4:2|4:20|4:21|4:22|4:23|4:24|4:25|4:26|4:27|4:28|4:29|4:3|4:30|4:31|4:32|4:33|4:34|4:35|4:36|4:37|4:38|4:39|4:4|4:40|4:41|4:42|4:43|4:44|4:45|4:46|4:47|4:48|4:49|4:5|4:50|4:51|4:52|4:53|4:54|4:55|4:56|4:57|4:58|4:59|4:6|4:60|4:61|4:62|4:63|4:7|4:8|4:9|5:0|5:1|5:10|5:11|5:12|5:13|5:14|5:15|5:16|5:17|5:18|5:19|5:2|5:20|5:21|5:22|5:23|5:24|5:25|5:26|5:27|5:28|5:29|5:3|5:30|5:31|5:32|5:33|5:34|5:35|5:36|5:37|5:38|5:39|5:4|5:40|5:41|5:42|5:43|5:44|5:45|5:46|5:47|5:48|5:49|5:5|5:50|5:52|5:53|5:54|5:55|5:56|5:57|5:58|5:59|5:6|5:60|5:61|5:62|5:63|5:7|5:8|5:9
TIERING-OFF,262,exact-v9-5-to-6mwe,248784,outlet,C2-MIXTURE-PREFIX,316,0,278.8,1|2|3|4|5,1:0|1:1|1:10|1:11|1:12|1:13|1:14|1:15|1:16|1:17|1:18|1:19|1:2|1:20|1:21|1:22|1:23|1:24|1:25|1:26|1:27|1:28|1:29|1:3|1:30|1:31|1:32|1:33|1:34|1:35|1:36|1:37|1:38|1:39|1:4|1:40|1:41|1:42|1:43|1:44|1:45|1:46|1:47|1:48|1:49|1:5|1:50|1:51|1:52|1:53|1:54|1:55|1:56|1:57|1:58|1:59|1:6|1:60|1:61|1:62|1:63|1:7|1:8|1:9|2:0|2:1|2:10|2:11|2:12|2:13|2:14|2:15|2:16|2:17|2:18|2:19|2:2|2:20|2:21|2:22|2:23|2:24|2:25|2:26|2:27|2:28|2:29|2:3|2:30|2:31|2:32|2:33|2:34|2:35|2:36|2:37|2:38|2:39|2:4|2:40|2:41|2:42|2:43|2:44|2:45|2:46|2:47|2:48|2:49|2:5|2:52|2:53|2:54|2:55|2:56|2:57|2:58|2:59|2:6|2:60|2:61|2:62|2:63|2:7|2:8|2:9|3:0|3:1|3:10|3:11|3:12|3:13|3:14|3:15|3:16|3:17|3:18|3:19|3:2|3:20|3:21|3:22|3:23|3:24|3:25|3:26|3:27|3:28|3:29|3:3|3:30|3:31|3:32|3:33|3:34|3:35|3:36|3:37|3:38|3:39|3:4|3:40|3:41|3:42|3:43|3:44|3:45|3:46|3:47|3:48|3:49|3:5|3:50|3:52|3:53|3:54|3:55|3:56|3:57|3:58|3:59|3:6|3:60|3:61|3:62|3:63|3:7|3:8|3:9|4:0|4:1|4:10|4:11|4:12|4:13|4:14|4:15|4:16|4:17|4:18|4:19|4:2|4:20|4:21|4:22|4:23|4:24|4:25|4:26|4:27|4:28|4:29|4:3|4:30|4:31|4:32|4:33|4:34|4:35|4:36|4:37|4:38|4:39|4:4|4:40|4:41|4:42|4:43|4:44|4:45|4:46|4:47|4:48|4:49|4:5|4:50|4:51|4:52|4:53|4:54|4:55|4:56|4:57|4:58|4:59|4:6|4:60|4:61|4:62|4:63|4:7|4:8|4:9|5:0|5:1|5:10|5:11|5:12|5:13|5:14|5:15|5:16|5:17|5:18|5:19|5:2|5:20|5:21|5:22|5:23|5:24|5:25|5:26|5:27|5:28|5:29|5:3|5:30|5:31|5:32|5:33|5:34|5:35|5:36|5:37|5:38|5:39|5:4|5:40|5:41|5:42|5:43|5:44|5:45|5:46|5:47|5:48|5:49|5:5|5:50|5:52|5:53|5:54|5:55|5:56|5:57|5:58|5:59|5:6|5:60|5:61|5:62|5:63|5:7|5:8|5:9
TIERING-OFF,263,exact-v9-5-to-6mwe,248784,drum,C2-MIXTURE-PREFIX,316,0,269,1|2|3|4|5,1:0|1:1|1:10|1:11|1:12|1:13|1:14|1:15|1:16|1:17|1:18|1:19|1:2|1:20|1:21|1:22|1:23|1:24|1:25|1:26|1:27|1:28|1:29|1:3|1:30|1:31|1:32|1:33|1:34|1:35|1:36|1:37|1:38|1:39|1:4|1:40|1:41|1:42|1:43|1:44|1:45|1:46|1:47|1:48|1:49|1:5|1:50|1:51|1:52|1:53|1:54|1:55|1:56|1:57|1:58|1:59|1:6|1:60|1:61|1:62|1:63|1:7|1:8|1:9|2:0|2:1|2:10|2:11|2:12|2:13|2:14|2:15|2:16|2:17|2:18|2:19|2:2|2:20|2:21|2:22|2:23|2:24|2:25|2:26|2:27|2:28|2:29|2:3|2:30|2:31|2:32|2:33|2:34|2:35|2:36|2:37|2:38|2:39|2:4|2:40|2:41|2:42|2:43|2:44|2:45|2:46|2:47|2:48|2:49|2:5|2:52|2:53|2:54|2:55|2:56|2:57|2:58|2:59|2:6|2:60|2:61|2:62|2:63|2:7|2:8|2:9|3:0|3:1|3:10|3:11|3:12|3:13|3:14|3:15|3:16|3:17|3:18|3:19|3:2|3:20|3:21|3:22|3:23|3:24|3:25|3:26|3:27|3:28|3:29|3:3|3:30|3:31|3:32|3:33|3:34|3:35|3:36|3:37|3:38|3:39|3:4|3:40|3:41|3:42|3:43|3:44|3:45|3:46|3:47|3:48|3:49|3:5|3:50|3:52|3:53|3:54|3:55|3:56|3:57|3:58|3:59|3:6|3:60|3:61|3:62|3:63|3:7|3:8|3:9|4:0|4:1|4:10|4:11|4:12|4:13|4:14|4:15|4:16|4:17|4:18|4:19|4:2|4:20|4:21|4:22|4:23|4:24|4:25|4:26|4:27|4:28|4:29|4:3|4:30|4:31|4:32|4:33|4:34|4:35|4:36|4:37|4:38|4:39|4:4|4:40|4:41|4:42|4:43|4:44|4:45|4:46|4:47|4:48|4:49|4:5|4:50|4:51|4:52|4:53|4:54|4:55|4:56|4:57|4:58|4:59|4:6|4:60|4:61|4:62|4:63|4:7|4:8|4:9|5:0|5:1|5:10|5:11|5:12|5:13|5:14|5:15|5:16|5:17|5:18|5:19|5:2|5:20|5:21|5:22|5:23|5:24|5:25|5:26|5:27|5:28|5:29|5:3|5:30|5:31|5:32|5:33|5:34|5:35|5:36|5:37|5:38|5:39|5:4|5:40|5:41|5:42|5:43|5:44|5:45|5:46|5:47|5:48|5:49|5:5|5:50|5:52|5:53|5:54|5:55|5:56|5:57|5:58|5:59|5:6|5:60|5:61|5:62|5:63|5:7|5:8|5:9
TIERING-OFF,265,exact-v9-5-to-6mwe,254784,suction,C2-MIXTURE-PREFIX,316,1,1392.5,1|2|3|4|5,1:0|1:1|1:10|1:11|1:12|1:13|1:14|1:15|1:16|1:17|1:18|1:19|1:2|1:20|1:21|1:22|1:23|1:24|1:25|1:26|1:27|1:28|1:29|1:3|1:30|1:31|1:32|1:33|1:34|1:35|1:36|1:37|1:38|1:39|1:4|1:40|1:41|1:42|1:43|1:44|1:45|1:46|1:47|1:48|1:49|1:5|1:50|1:51|1:52|1:53|1:54|1:55|1:56|1:57|1:58|1:59|1:6|1:60|1:61|1:62|1:63|1:7|1:8|1:9|2:0|2:1|2:10|2:11|2:12|2:13|2:14|2:15|2:16|2:17|2:18|2:19|2:2|2:20|2:21|2:22|2:23|2:24|2:25|2:26|2:27|2:28|2:29|2:3|2:30|2:31|2:32|2:33|2:34|2:35|2:36|2:37|2:38|2:39|2:4|2:40|2:41|2:42|2:43|2:44|2:45|2:46|2:47|2:48|2:49|2:5|2:52|2:53|2:54|2:55|2:56|2:57|2:58|2:59|2:6|2:60|2:61|2:62|2:63|2:7|2:8|2:9|3:0|3:1|3:10|3:11|3:12|3:13|3:14|3:15|3:16|3:17|3:18|3:19|3:2|3:20|3:21|3:22|3:23|3:24|3:25|3:26|3:27|3:28|3:29|3:3|3:30|3:31|3:32|3:33|3:34|3:35|3:36|3:37|3:38|3:39|3:4|3:40|3:41|3:42|3:43|3:44|3:45|3:46|3:47|3:48|3:49|3:5|3:50|3:52|3:53|3:54|3:55|3:56|3:57|3:58|3:59|3:6|3:60|3:61|3:62|3:63|3:7|3:8|3:9|4:0|4:1|4:10|4:11|4:12|4:13|4:14|4:15|4:16|4:17|4:18|4:19|4:2|4:20|4:21|4:22|4:23|4:24|4:25|4:26|4:27|4:28|4:29|4:3|4:30|4:31|4:32|4:33|4:34|4:35|4:36|4:37|4:38|4:39|4:4|4:40|4:41|4:42|4:43|4:44|4:45|4:46|4:47|4:48|4:49|4:5|4:50|4:51|4:52|4:53|4:54|4:55|4:56|4:57|4:58|4:59|4:6|4:60|4:61|4:62|4:63|4:7|4:8|4:9|5:0|5:1|5:10|5:11|5:12|5:13|5:14|5:15|5:16|5:17|5:18|5:19|5:2|5:20|5:21|5:22|5:23|5:24|5:25|5:26|5:27|5:28|5:29|5:3|5:30|5:31|5:32|5:33|5:34|5:35|5:36|5:37|5:38|5:39|5:4|5:40|5:41|5:42|5:43|5:44|5:45|5:46|5:47|5:48|5:49|5:5|5:50|5:52|5:53|5:54|5:55|5:56|5:57|5:58|5:59|5:6|5:60|5:61|5:62|5:63|5:7|5:8|5:9
TIERING-OFF,266,exact-v9-5-to-6mwe,254784,pressure,C2-MIXTURE-PREFIX,316,0,234.5,1|2|3|4|5,1:0|1:1|1:10|1:11|1:12|1:13|1:14|1:15|1:16|1:17|1:18|1:19|1:2|1:20|1:21|1:22|1:23|1:24|1:25|1:26|1:27|1:28|1:29|1:3|1:30|1:31|1:32|1:33|1:34|1:35|1:36|1:37|1:38|1:39|1:4|1:40|1:41|1:42|1:43|1:44|1:45|1:46|1:47|1:48|1:49|1:5|1:50|1:51|1:52|1:53|1:54|1:55|1:56|1:57|1:58|1:59|1:6|1:60|1:61|1:62|1:63|1:7|1:8|1:9|2:0|2:1|2:10|2:11|2:12|2:13|2:14|2:15|2:16|2:17|2:18|2:19|2:2|2:20|2:21|2:22|2:23|2:24|2:25|2:26|2:27|2:28|2:29|2:3|2:30|2:31|2:32|2:33|2:34|2:35|2:36|2:37|2:38|2:39|2:4|2:40|2:41|2:42|2:43|2:44|2:45|2:46|2:47|2:48|2:49|2:5|2:52|2:53|2:54|2:55|2:56|2:57|2:58|2:59|2:6|2:60|2:61|2:62|2:63|2:7|2:8|2:9|3:0|3:1|3:10|3:11|3:12|3:13|3:14|3:15|3:16|3:17|3:18|3:19|3:2|3:20|3:21|3:22|3:23|3:24|3:25|3:26|3:27|3:28|3:29|3:3|3:30|3:31|3:32|3:33|3:34|3:35|3:36|3:37|3:38|3:39|3:4|3:40|3:41|3:42|3:43|3:44|3:45|3:46|3:47|3:48|3:49|3:5|3:50|3:52|3:53|3:54|3:55|3:56|3:57|3:58|3:59|3:6|3:60|3:61|3:62|3:63|3:7|3:8|3:9|4:0|4:1|4:10|4:11|4:12|4:13|4:14|4:15|4:16|4:17|4:18|4:19|4:2|4:20|4:21|4:22|4:23|4:24|4:25|4:26|4:27|4:28|4:29|4:3|4:30|4:31|4:32|4:33|4:34|4:35|4:36|4:37|4:38|4:39|4:4|4:40|4:41|4:42|4:43|4:44|4:45|4:46|4:47|4:48|4:49|4:5|4:50|4:51|4:52|4:53|4:54|4:55|4:56|4:57|4:58|4:59|4:6|4:60|4:61|4:62|4:63|4:7|4:8|4:9|5:0|5:1|5:10|5:11|5:12|5:13|5:14|5:15|5:16|5:17|5:18|5:19|5:2|5:20|5:21|5:22|5:23|5:24|5:25|5:26|5:27|5:28|5:29|5:3|5:30|5:31|5:32|5:33|5:34|5:35|5:36|5:37|5:38|5:39|5:4|5:40|5:41|5:42|5:43|5:44|5:45|5:46|5:47|5:48|5:49|5:5|5:50|5:52|5:53|5:54|5:55|5:56|5:57|5:58|5:59|5:6|5:60|5:61|5:62|5:63|5:7|5:8|5:9
TIERING-OFF,267,exact-v9-5-to-6mwe,254784,outlet,C2-MIXTURE-PREFIX,316,0,254.2,1|2|3|4|5,1:0|1:1|1:10|1:11|1:12|1:13|1:14|1:15|1:16|1:17|1:18|1:19|1:2|1:20|1:21|1:22|1:23|1:24|1:25|1:26|1:27|1:28|1:29|1:3|1:30|1:31|1:32|1:33|1:34|1:35|1:36|1:37|1:38|1:39|1:4|1:40|1:41|1:42|1:43|1:44|1:45|1:46|1:47|1:48|1:49|1:5|1:50|1:51|1:52|1:53|1:54|1:55|1:56|1:57|1:58|1:59|1:6|1:60|1:61|1:62|1:63|1:7|1:8|1:9|2:0|2:1|2:10|2:11|2:12|2:13|2:14|2:15|2:16|2:17|2:18|2:19|2:2|2:20|2:21|2:22|2:23|2:24|2:25|2:26|2:27|2:28|2:29|2:3|2:30|2:31|2:32|2:33|2:34|2:35|2:36|2:37|2:38|2:39|2:4|2:40|2:41|2:42|2:43|2:44|2:45|2:46|2:47|2:48|2:49|2:5|2:52|2:53|2:54|2:55|2:56|2:57|2:58|2:59|2:6|2:60|2:61|2:62|2:63|2:7|2:8|2:9|3:0|3:1|3:10|3:11|3:12|3:13|3:14|3:15|3:16|3:17|3:18|3:19|3:2|3:20|3:21|3:22|3:23|3:24|3:25|3:26|3:27|3:28|3:29|3:3|3:30|3:31|3:32|3:33|3:34|3:35|3:36|3:37|3:38|3:39|3:4|3:40|3:41|3:42|3:43|3:44|3:45|3:46|3:47|3:48|3:49|3:5|3:50|3:52|3:53|3:54|3:55|3:56|3:57|3:58|3:59|3:6|3:60|3:61|3:62|3:63|3:7|3:8|3:9|4:0|4:1|4:10|4:11|4:12|4:13|4:14|4:15|4:16|4:17|4:18|4:19|4:2|4:20|4:21|4:22|4:23|4:24|4:25|4:26|4:27|4:28|4:29|4:3|4:30|4:31|4:32|4:33|4:34|4:35|4:36|4:37|4:38|4:39|4:4|4:40|4:41|4:42|4:43|4:44|4:45|4:46|4:47|4:48|4:49|4:5|4:50|4:51|4:52|4:53|4:54|4:55|4:56|4:57|4:58|4:59|4:6|4:60|4:61|4:62|4:63|4:7|4:8|4:9|5:0|5:1|5:10|5:11|5:12|5:13|5:14|5:15|5:16|5:17|5:18|5:19|5:2|5:20|5:21|5:22|5:23|5:24|5:25|5:26|5:27|5:28|5:29|5:3|5:30|5:31|5:32|5:33|5:34|5:35|5:36|5:37|5:38|5:39|5:4|5:40|5:41|5:42|5:43|5:44|5:45|5:46|5:47|5:48|5:49|5:5|5:50|5:52|5:53|5:54|5:55|5:56|5:57|5:58|5:59|5:6|5:60|5:61|5:62|5:63|5:7|5:8|5:9
TIERING-OFF,268,exact-v9-5-to-6mwe,254784,drum,C2-MIXTURE-PREFIX,316,1,454.1,1|2|3|4|5,1:0|1:1|1:10|1:11|1:12|1:13|1:14|1:15|1:16|1:17|1:18|1:19|1:2|1:20|1:21|1:22|1:23|1:24|1:25|1:26|1:27|1:28|1:29|1:3|1:30|1:31|1:32|1:33|1:34|1:35|1:36|1:37|1:38|1:39|1:4|1:40|1:41|1:42|1:43|1:44|1:45|1:46|1:47|1:48|1:49|1:5|1:50|1:51|1:52|1:53|1:54|1:55|1:56|1:57|1:58|1:59|1:6|1:60|1:61|1:62|1:63|1:7|1:8|1:9|2:0|2:1|2:10|2:11|2:12|2:13|2:14|2:15|2:16|2:17|2:18|2:19|2:2|2:20|2:21|2:22|2:23|2:24|2:25|2:26|2:27|2:28|2:29|2:3|2:30|2:31|2:32|2:33|2:34|2:35|2:36|2:37|2:38|2:39|2:4|2:40|2:41|2:42|2:43|2:44|2:45|2:46|2:47|2:48|2:49|2:5|2:52|2:53|2:54|2:55|2:56|2:57|2:58|2:59|2:6|2:60|2:61|2:62|2:63|2:7|2:8|2:9|3:0|3:1|3:10|3:11|3:12|3:13|3:14|3:15|3:16|3:17|3:18|3:19|3:2|3:20|3:21|3:22|3:23|3:24|3:25|3:26|3:27|3:28|3:29|3:3|3:30|3:31|3:32|3:33|3:34|3:35|3:36|3:37|3:38|3:39|3:4|3:40|3:41|3:42|3:43|3:44|3:45|3:46|3:47|3:48|3:49|3:5|3:50|3:52|3:53|3:54|3:55|3:56|3:57|3:58|3:59|3:6|3:60|3:61|3:62|3:63|3:7|3:8|3:9|4:0|4:1|4:10|4:11|4:12|4:13|4:14|4:15|4:16|4:17|4:18|4:19|4:2|4:20|4:21|4:22|4:23|4:24|4:25|4:26|4:27|4:28|4:29|4:3|4:30|4:31|4:32|4:33|4:34|4:35|4:36|4:37|4:38|4:39|4:4|4:40|4:41|4:42|4:43|4:44|4:45|4:46|4:47|4:48|4:49|4:5|4:50|4:51|4:52|4:53|4:54|4:55|4:56|4:57|4:58|4:59|4:6|4:60|4:61|4:62|4:63|4:7|4:8|4:9|5:0|5:1|5:10|5:11|5:12|5:13|5:14|5:15|5:16|5:17|5:18|5:19|5:2|5:20|5:21|5:22|5:23|5:24|5:25|5:26|5:27|5:28|5:29|5:3|5:30|5:31|5:32|5:33|5:34|5:35|5:36|5:37|5:38|5:39|5:4|5:40|5:41|5:42|5:43|5:44|5:45|5:46|5:47|5:48|5:49|5:5|5:50|5:52|5:53|5:54|5:55|5:56|5:57|5:58|5:59|5:6|5:60|5:61|5:62|5:63|5:7|5:8|5:9
TIERING-OFF,269,exact-v9-5-to-6mwe,254784,feedwater-inventory,C2-MIXTURE-PREFIX,1,0,115.8,1,1:19
TIERING-OFF,27,background-reference,30000,outlet,C2-MIXTURE-PREFIX,317,0,408.6,1|2|3|4|5,1:0|1:1|1:10|1:11|1:12|1:13|1:14|1:15|1:16|1:17|1:18|1:19|1:2|1:20|1:21|1:22|1:23|1:24|1:25|1:26|1:27|1:28|1:29|1:3|1:30|1:31|1:32|1:33|1:34|1:35|1:36|1:37|1:38|1:39|1:4|1:40|1:41|1:42|1:43|1:44|1:45|1:46|1:47|1:48|1:49|1:5|1:50|1:51|1:52|1:53|1:54|1:55|1:56|1:57|1:58|1:59|1:6|1:60|1:61|1:62|1:63|1:7|1:8|1:9|2:0|2:1|2:10|2:11|2:12|2:13|2:14|2:15|2:16|2:17|2:18|2:19|2:2|2:20|2:21|2:22|2:23|2:24|2:25|2:26|2:27|2:28|2:29|2:3|2:30|2:31|2:32|2:33|2:34|2:35|2:36|2:37|2:38|2:39|2:4|2:40|2:41|2:42|2:43|2:44|2:45|2:46|2:47|2:48|2:49|2:5|2:51|2:52|2:53|2:54|2:55|2:56|2:57|2:58|2:59|2:6|2:60|2:61|2:62|2:63|2:7|2:8|2:9|3:0|3:1|3:10|3:11|3:12|3:13|3:14|3:15|3:16|3:17|3:18|3:19|3:2|3:20|3:21|3:22|3:23|3:24|3:25|3:26|3:27|3:28|3:29|3:3|3:30|3:31|3:32|3:33|3:34|3:35|3:36|3:37|3:38|3:39|3:4|3:40|3:41|3:42|3:43|3:44|3:45|3:46|3:47|3:48|3:49|3:5|3:50|3:51|3:52|3:53|3:54|3:55|3:56|3:57|3:58|3:59|3:6|3:60|3:61|3:62|3:63|3:7|3:8|3:9|4:0|4:1|4:10|4:11|4:12|4:13|4:14|4:15|4:16|4:17|4:18|4:19|4:2|4:20|4:21|4:22|4:23|4:24|4:25|4:26|4:27|4:28|4:29|4:3|4:30|4:31|4:32|4:33|4:34|4:35|4:36|4:37|4:38|4:39|4:4|4:40|4:41|4:42|4:43|4:44|4:45|4:46|4:47|4:48|4:49|4:5|4:50|4:51|4:52|4:53|4:54|4:55|4:56|4:57|4:58|4:59|4:6|4:60|4:61|4:62|4:63|4:7|4:8|4:9|5:0|5:1|5:10|5:11|5:12|5:13|5:14|5:15|5:16|5:17|5:18|5:19|5:2|5:20|5:21|5:22|5:23|5:24|5:25|5:26|5:27|5:28|5:29|5:3|5:30|5:31|5:32|5:33|5:34|5:35|5:36|5:37|5:38|5:39|5:4|5:40|5:41|5:42|5:43|5:44|5:45|5:46|5:47|5:48|5:49|5:5|5:52|5:53|5:54|5:55|5:56|5:57|5:58|5:59|5:6|5:60|5:61|5:62|5:63|5:7|5:8|5:9
TIERING-OFF,270,exact-v9-5-to-6mwe,260784,suction,C2-MIXTURE-PREFIX,316,0,367.6,1|2|3|4|5,1:0|1:1|1:10|1:11|1:12|1:13|1:14|1:15|1:16|1:17|1:18|1:19|1:2|1:20|1:21|1:22|1:23|1:24|1:25|1:26|1:27|1:28|1:29|1:3|1:30|1:31|1:32|1:33|1:34|1:35|1:36|1:37|1:38|1:39|1:4|1:40|1:41|1:42|1:43|1:44|1:45|1:46|1:47|1:48|1:49|1:5|1:50|1:51|1:52|1:53|1:54|1:55|1:56|1:57|1:58|1:59|1:6|1:60|1:61|1:62|1:63|1:7|1:8|1:9|2:0|2:1|2:10|2:11|2:12|2:13|2:14|2:15|2:16|2:17|2:18|2:19|2:2|2:20|2:21|2:22|2:23|2:24|2:25|2:26|2:27|2:28|2:29|2:3|2:30|2:31|2:32|2:33|2:34|2:35|2:36|2:37|2:38|2:39|2:4|2:40|2:41|2:42|2:43|2:44|2:45|2:46|2:47|2:48|2:49|2:5|2:52|2:53|2:54|2:55|2:56|2:57|2:58|2:59|2:6|2:60|2:61|2:62|2:63|2:7|2:8|2:9|3:0|3:1|3:10|3:11|3:12|3:13|3:14|3:15|3:16|3:17|3:18|3:19|3:2|3:20|3:21|3:22|3:23|3:24|3:25|3:26|3:27|3:28|3:29|3:3|3:30|3:31|3:32|3:33|3:34|3:35|3:36|3:37|3:38|3:39|3:4|3:40|3:41|3:42|3:43|3:44|3:45|3:46|3:47|3:48|3:49|3:5|3:50|3:52|3:53|3:54|3:55|3:56|3:57|3:58|3:59|3:6|3:60|3:61|3:62|3:63|3:7|3:8|3:9|4:0|4:1|4:10|4:11|4:12|4:13|4:14|4:15|4:16|4:17|4:18|4:19|4:2|4:20|4:21|4:22|4:23|4:24|4:25|4:26|4:27|4:28|4:29|4:3|4:30|4:31|4:32|4:33|4:34|4:35|4:36|4:37|4:38|4:39|4:4|4:40|4:41|4:42|4:43|4:44|4:45|4:46|4:47|4:48|4:49|4:5|4:50|4:51|4:52|4:53|4:54|4:55|4:56|4:57|4:58|4:59|4:6|4:60|4:61|4:62|4:63|4:7|4:8|4:9|5:0|5:1|5:10|5:11|5:12|5:13|5:14|5:15|5:16|5:17|5:18|5:19|5:2|5:20|5:21|5:22|5:23|5:24|5:25|5:26|5:27|5:28|5:29|5:3|5:30|5:31|5:32|5:33|5:34|5:35|5:36|5:37|5:38|5:39|5:4|5:40|5:41|5:42|5:43|5:44|5:45|5:46|5:47|5:48|5:49|5:5|5:50|5:52|5:53|5:54|5:55|5:56|5:57|5:58|5:59|5:6|5:60|5:61|5:62|5:63|5:7|5:8|5:9
TIERING-OFF,271,exact-v9-5-to-6mwe,260784,pressure,C2-MIXTURE-PREFIX,316,1,467.9,1|2|3|4|5,1:0|1:1|1:10|1:11|1:12|1:13|1:14|1:15|1:16|1:17|1:18|1:19|1:2|1:20|1:21|1:22|1:23|1:24|1:25|1:26|1:27|1:28|1:29|1:3|1:30|1:31|1:32|1:33|1:34|1:35|1:36|1:37|1:38|1:39|1:4|1:40|1:41|1:42|1:43|1:44|1:45|1:46|1:47|1:48|1:49|1:5|1:50|1:51|1:52|1:53|1:54|1:55|1:56|1:57|1:58|1:59|1:6|1:60|1:61|1:62|1:63|1:7|1:8|1:9|2:0|2:1|2:10|2:11|2:12|2:13|2:14|2:15|2:16|2:17|2:18|2:19|2:2|2:20|2:21|2:22|2:23|2:24|2:25|2:26|2:27|2:28|2:29|2:3|2:30|2:31|2:32|2:33|2:34|2:35|2:36|2:37|2:38|2:39|2:4|2:40|2:41|2:42|2:43|2:44|2:45|2:46|2:47|2:48|2:49|2:5|2:52|2:53|2:54|2:55|2:56|2:57|2:58|2:59|2:6|2:60|2:61|2:62|2:63|2:7|2:8|2:9|3:0|3:1|3:10|3:11|3:12|3:13|3:14|3:15|3:16|3:17|3:18|3:19|3:2|3:20|3:21|3:22|3:23|3:24|3:25|3:26|3:27|3:28|3:29|3:3|3:30|3:31|3:32|3:33|3:34|3:35|3:36|3:37|3:38|3:39|3:4|3:40|3:41|3:42|3:43|3:44|3:45|3:46|3:47|3:48|3:49|3:5|3:50|3:52|3:53|3:54|3:55|3:56|3:57|3:58|3:59|3:6|3:60|3:61|3:62|3:63|3:7|3:8|3:9|4:0|4:1|4:10|4:11|4:12|4:13|4:14|4:15|4:16|4:17|4:18|4:19|4:2|4:20|4:21|4:22|4:23|4:24|4:25|4:26|4:27|4:28|4:29|4:3|4:30|4:31|4:32|4:33|4:34|4:35|4:36|4:37|4:38|4:39|4:4|4:40|4:41|4:42|4:43|4:44|4:45|4:46|4:47|4:48|4:49|4:5|4:50|4:51|4:52|4:53|4:54|4:55|4:56|4:57|4:58|4:59|4:6|4:60|4:61|4:62|4:63|4:7|4:8|4:9|5:0|5:1|5:10|5:11|5:12|5:13|5:14|5:15|5:16|5:17|5:18|5:19|5:2|5:20|5:21|5:22|5:23|5:24|5:25|5:26|5:27|5:28|5:29|5:3|5:30|5:31|5:32|5:33|5:34|5:35|5:36|5:37|5:38|5:39|5:4|5:40|5:41|5:42|5:43|5:44|5:45|5:46|5:47|5:48|5:49|5:5|5:50|5:52|5:53|5:54|5:55|5:56|5:57|5:58|5:59|5:6|5:60|5:61|5:62|5:63|5:7|5:8|5:9
TIERING-OFF,272,exact-v9-5-to-6mwe,260784,outlet,C2-MIXTURE-PREFIX,316,0,240,1|2|3|4|5,1:0|1:1|1:10|1:11|1:12|1:13|1:14|1:15|1:16|1:17|1:18|1:19|1:2|1:20|1:21|1:22|1:23|1:24|1:25|1:26|1:27|1:28|1:29|1:3|1:30|1:31|1:32|1:33|1:34|1:35|1:36|1:37|1:38|1:39|1:4|1:40|1:41|1:42|1:43|1:44|1:45|1:46|1:47|1:48|1:49|1:5|1:50|1:51|1:52|1:53|1:54|1:55|1:56|1:57|1:58|1:59|1:6|1:60|1:61|1:62|1:63|1:7|1:8|1:9|2:0|2:1|2:10|2:11|2:12|2:13|2:14|2:15|2:16|2:17|2:18|2:19|2:2|2:20|2:21|2:22|2:23|2:24|2:25|2:26|2:27|2:28|2:29|2:3|2:30|2:31|2:32|2:33|2:34|2:35|2:36|2:37|2:38|2:39|2:4|2:40|2:41|2:42|2:43|2:44|2:45|2:46|2:47|2:48|2:49|2:5|2:52|2:53|2:54|2:55|2:56|2:57|2:58|2:59|2:6|2:60|2:61|2:62|2:63|2:7|2:8|2:9|3:0|3:1|3:10|3:11|3:12|3:13|3:14|3:15|3:16|3:17|3:18|3:19|3:2|3:20|3:21|3:22|3:23|3:24|3:25|3:26|3:27|3:28|3:29|3:3|3:30|3:31|3:32|3:33|3:34|3:35|3:36|3:37|3:38|3:39|3:4|3:40|3:41|3:42|3:43|3:44|3:45|3:46|3:47|3:48|3:49|3:5|3:50|3:52|3:53|3:54|3:55|3:56|3:57|3:58|3:59|3:6|3:60|3:61|3:62|3:63|3:7|3:8|3:9|4:0|4:1|4:10|4:11|4:12|4:13|4:14|4:15|4:16|4:17|4:18|4:19|4:2|4:20|4:21|4:22|4:23|4:24|4:25|4:26|4:27|4:28|4:29|4:3|4:30|4:31|4:32|4:33|4:34|4:35|4:36|4:37|4:38|4:39|4:4|4:40|4:41|4:42|4:43|4:44|4:45|4:46|4:47|4:48|4:49|4:5|4:50|4:51|4:52|4:53|4:54|4:55|4:56|4:57|4:58|4:59|4:6|4:60|4:61|4:62|4:63|4:7|4:8|4:9|5:0|5:1|5:10|5:11|5:12|5:13|5:14|5:15|5:16|5:17|5:18|5:19|5:2|5:20|5:21|5:22|5:23|5:24|5:25|5:26|5:27|5:28|5:29|5:3|5:30|5:31|5:32|5:33|5:34|5:35|5:36|5:37|5:38|5:39|5:4|5:40|5:41|5:42|5:43|5:44|5:45|5:46|5:47|5:48|5:49|5:5|5:50|5:52|5:53|5:54|5:55|5:56|5:57|5:58|5:59|5:6|5:60|5:61|5:62|5:63|5:7|5:8|5:9
TIERING-OFF,273,exact-v9-5-to-6mwe,260784,drum,C2-MIXTURE-PREFIX,316,1,481.7,1|2|3|4|5,1:0|1:1|1:10|1:11|1:12|1:13|1:14|1:15|1:16|1:17|1:18|1:19|1:2|1:20|1:21|1:22|1:23|1:24|1:25|1:26|1:27|1:28|1:29|1:3|1:30|1:31|1:32|1:33|1:34|1:35|1:36|1:37|1:38|1:39|1:4|1:40|1:41|1:42|1:43|1:44|1:45|1:46|1:47|1:48|1:49|1:5|1:50|1:51|1:52|1:53|1:54|1:55|1:56|1:57|1:58|1:59|1:6|1:60|1:61|1:62|1:63|1:7|1:8|1:9|2:0|2:1|2:10|2:11|2:12|2:13|2:14|2:15|2:16|2:17|2:18|2:19|2:2|2:20|2:21|2:22|2:23|2:24|2:25|2:26|2:27|2:28|2:29|2:3|2:30|2:31|2:32|2:33|2:34|2:35|2:36|2:37|2:38|2:39|2:4|2:40|2:41|2:42|2:43|2:44|2:45|2:46|2:47|2:48|2:49|2:5|2:52|2:53|2:54|2:55|2:56|2:57|2:58|2:59|2:6|2:60|2:61|2:62|2:63|2:7|2:8|2:9|3:0|3:1|3:10|3:11|3:12|3:13|3:14|3:15|3:16|3:17|3:18|3:19|3:2|3:20|3:21|3:22|3:23|3:24|3:25|3:26|3:27|3:28|3:29|3:3|3:30|3:31|3:32|3:33|3:34|3:35|3:36|3:37|3:38|3:39|3:4|3:40|3:41|3:42|3:43|3:44|3:45|3:46|3:47|3:48|3:49|3:5|3:50|3:52|3:53|3:54|3:55|3:56|3:57|3:58|3:59|3:6|3:60|3:61|3:62|3:63|3:7|3:8|3:9|4:0|4:1|4:10|4:11|4:12|4:13|4:14|4:15|4:16|4:17|4:18|4:19|4:2|4:20|4:21|4:22|4:23|4:24|4:25|4:26|4:27|4:28|4:29|4:3|4:30|4:31|4:32|4:33|4:34|4:35|4:36|4:37|4:38|4:39|4:4|4:40|4:41|4:42|4:43|4:44|4:45|4:46|4:47|4:48|4:49|4:5|4:50|4:51|4:52|4:53|4:54|4:55|4:56|4:57|4:58|4:59|4:6|4:60|4:61|4:62|4:63|4:7|4:8|4:9|5:0|5:1|5:10|5:11|5:12|5:13|5:14|5:15|5:16|5:17|5:18|5:19|5:2|5:20|5:21|5:22|5:23|5:24|5:25|5:26|5:27|5:28|5:29|5:3|5:30|5:31|5:32|5:33|5:34|5:35|5:36|5:37|5:38|5:39|5:4|5:40|5:41|5:42|5:43|5:44|5:45|5:46|5:47|5:48|5:49|5:5|5:50|5:52|5:53|5:54|5:55|5:56|5:57|5:58|5:59|5:6|5:60|5:61|5:62|5:63|5:7|5:8|5:9
TIERING-OFF,275,exact-v9-5-to-6mwe,266784,suction,C2-MIXTURE-PREFIX,316,1,420.3,1|2|3|4|5,1:0|1:1|1:10|1:11|1:12|1:13|1:14|1:15|1:16|1:17|1:18|1:19|1:2|1:20|1:21|1:22|1:23|1:24|1:25|1:26|1:27|1:28|1:29|1:3|1:30|1:31|1:32|1:33|1:34|1:35|1:36|1:37|1:38|1:39|1:4|1:40|1:41|1:42|1:43|1:44|1:45|1:46|1:47|1:48|1:49|1:5|1:50|1:51|1:52|1:53|1:54|1:55|1:56|1:57|1:58|1:59|1:6|1:60|1:61|1:62|1:63|1:7|1:8|1:9|2:0|2:1|2:10|2:11|2:12|2:13|2:14|2:15|2:16|2:17|2:18|2:19|2:2|2:20|2:21|2:22|2:23|2:24|2:25|2:26|2:27|2:28|2:29|2:3|2:30|2:31|2:32|2:33|2:34|2:35|2:36|2:37|2:38|2:39|2:4|2:40|2:41|2:42|2:43|2:44|2:45|2:46|2:47|2:48|2:49|2:5|2:52|2:53|2:54|2:55|2:56|2:57|2:58|2:59|2:6|2:60|2:61|2:62|2:63|2:7|2:8|2:9|3:0|3:1|3:10|3:11|3:12|3:13|3:14|3:15|3:16|3:17|3:18|3:19|3:2|3:20|3:21|3:22|3:23|3:24|3:25|3:26|3:27|3:28|3:29|3:3|3:30|3:31|3:32|3:33|3:34|3:35|3:36|3:37|3:38|3:39|3:4|3:40|3:41|3:42|3:43|3:44|3:45|3:46|3:47|3:48|3:49|3:5|3:50|3:52|3:53|3:54|3:55|3:56|3:57|3:58|3:59|3:6|3:60|3:61|3:62|3:63|3:7|3:8|3:9|4:0|4:1|4:10|4:11|4:12|4:13|4:14|4:15|4:16|4:17|4:18|4:19|4:2|4:20|4:21|4:22|4:23|4:24|4:25|4:26|4:27|4:28|4:29|4:3|4:30|4:31|4:32|4:33|4:34|4:35|4:36|4:37|4:38|4:39|4:4|4:40|4:41|4:42|4:43|4:44|4:45|4:46|4:47|4:48|4:49|4:5|4:50|4:51|4:52|4:53|4:54|4:55|4:56|4:57|4:58|4:59|4:6|4:60|4:61|4:62|4:63|4:7|4:8|4:9|5:0|5:1|5:10|5:11|5:12|5:13|5:14|5:15|5:16|5:17|5:18|5:19|5:2|5:20|5:21|5:22|5:23|5:24|5:25|5:26|5:27|5:28|5:29|5:3|5:30|5:31|5:32|5:33|5:34|5:35|5:36|5:37|5:38|5:39|5:4|5:40|5:41|5:42|5:43|5:44|5:45|5:46|5:47|5:48|5:49|5:5|5:50|5:52|5:53|5:54|5:55|5:56|5:57|5:58|5:59|5:6|5:60|5:61|5:62|5:63|5:7|5:8|5:9
TIERING-OFF,276,exact-v9-5-to-6mwe,266784,pressure,C2-MIXTURE-PREFIX,316,0,265.8,1|2|3|4|5,1:0|1:1|1:10|1:11|1:12|1:13|1:14|1:15|1:16|1:17|1:18|1:19|1:2|1:20|1:21|1:22|1:23|1:24|1:25|1:26|1:27|1:28|1:29|1:3|1:30|1:31|1:32|1:33|1:34|1:35|1:36|1:37|1:38|1:39|1:4|1:40|1:41|1:42|1:43|1:44|1:45|1:46|1:47|1:48|1:49|1:5|1:50|1:51|1:52|1:53|1:54|1:55|1:56|1:57|1:58|1:59|1:6|1:60|1:61|1:62|1:63|1:7|1:8|1:9|2:0|2:1|2:10|2:11|2:12|2:13|2:14|2:15|2:16|2:17|2:18|2:19|2:2|2:20|2:21|2:22|2:23|2:24|2:25|2:26|2:27|2:28|2:29|2:3|2:30|2:31|2:32|2:33|2:34|2:35|2:36|2:37|2:38|2:39|2:4|2:40|2:41|2:42|2:43|2:44|2:45|2:46|2:47|2:48|2:49|2:5|2:52|2:53|2:54|2:55|2:56|2:57|2:58|2:59|2:6|2:60|2:61|2:62|2:63|2:7|2:8|2:9|3:0|3:1|3:10|3:11|3:12|3:13|3:14|3:15|3:16|3:17|3:18|3:19|3:2|3:20|3:21|3:22|3:23|3:24|3:25|3:26|3:27|3:28|3:29|3:3|3:30|3:31|3:32|3:33|3:34|3:35|3:36|3:37|3:38|3:39|3:4|3:40|3:41|3:42|3:43|3:44|3:45|3:46|3:47|3:48|3:49|3:5|3:50|3:52|3:53|3:54|3:55|3:56|3:57|3:58|3:59|3:6|3:60|3:61|3:62|3:63|3:7|3:8|3:9|4:0|4:1|4:10|4:11|4:12|4:13|4:14|4:15|4:16|4:17|4:18|4:19|4:2|4:20|4:21|4:22|4:23|4:24|4:25|4:26|4:27|4:28|4:29|4:3|4:30|4:31|4:32|4:33|4:34|4:35|4:36|4:37|4:38|4:39|4:4|4:40|4:41|4:42|4:43|4:44|4:45|4:46|4:47|4:48|4:49|4:5|4:50|4:51|4:52|4:53|4:54|4:55|4:56|4:57|4:58|4:59|4:6|4:60|4:61|4:62|4:63|4:7|4:8|4:9|5:0|5:1|5:10|5:11|5:12|5:13|5:14|5:15|5:16|5:17|5:18|5:19|5:2|5:20|5:21|5:22|5:23|5:24|5:25|5:26|5:27|5:28|5:29|5:3|5:30|5:31|5:32|5:33|5:34|5:35|5:36|5:37|5:38|5:39|5:4|5:40|5:41|5:42|5:43|5:44|5:45|5:46|5:47|5:48|5:49|5:5|5:50|5:52|5:53|5:54|5:55|5:56|5:57|5:58|5:59|5:6|5:60|5:61|5:62|5:63|5:7|5:8|5:9
TIERING-OFF,277,exact-v9-5-to-6mwe,266784,outlet,C2-MIXTURE-PREFIX,315,0,208.2,1|2|3|4|5,1:0|1:1|1:10|1:11|1:12|1:13|1:14|1:15|1:16|1:17|1:18|1:19|1:2|1:20|1:21|1:22|1:23|1:24|1:25|1:26|1:27|1:28|1:29|1:3|1:30|1:31|1:32|1:33|1:34|1:35|1:36|1:37|1:38|1:39|1:4|1:40|1:41|1:42|1:43|1:44|1:45|1:46|1:47|1:48|1:49|1:5|1:50|1:51|1:52|1:53|1:54|1:55|1:56|1:57|1:58|1:59|1:6|1:60|1:61|1:62|1:63|1:7|1:8|1:9|2:0|2:1|2:10|2:11|2:12|2:13|2:14|2:16|2:17|2:18|2:19|2:2|2:20|2:21|2:22|2:23|2:24|2:25|2:26|2:27|2:28|2:29|2:3|2:30|2:31|2:32|2:33|2:34|2:35|2:36|2:37|2:38|2:39|2:4|2:40|2:41|2:42|2:43|2:44|2:45|2:46|2:47|2:48|2:49|2:5|2:52|2:53|2:54|2:55|2:56|2:57|2:58|2:59|2:6|2:60|2:61|2:62|2:63|2:7|2:8|2:9|3:0|3:1|3:10|3:11|3:12|3:13|3:14|3:15|3:16|3:17|3:18|3:19|3:2|3:20|3:21|3:22|3:23|3:24|3:25|3:26|3:27|3:28|3:29|3:3|3:30|3:31|3:32|3:33|3:34|3:35|3:36|3:37|3:38|3:39|3:4|3:40|3:41|3:42|3:43|3:44|3:45|3:46|3:47|3:48|3:49|3:5|3:50|3:52|3:53|3:54|3:55|3:56|3:57|3:58|3:59|3:6|3:60|3:61|3:62|3:63|3:7|3:8|3:9|4:0|4:1|4:10|4:11|4:12|4:13|4:14|4:15|4:16|4:17|4:18|4:19|4:2|4:20|4:21|4:22|4:23|4:24|4:25|4:26|4:27|4:28|4:29|4:3|4:30|4:31|4:32|4:33|4:34|4:35|4:36|4:37|4:38|4:39|4:4|4:40|4:41|4:42|4:43|4:44|4:45|4:46|4:47|4:48|4:49|4:5|4:50|4:51|4:52|4:53|4:54|4:55|4:56|4:57|4:58|4:59|4:6|4:60|4:61|4:62|4:63|4:7|4:8|4:9|5:0|5:1|5:10|5:11|5:12|5:13|5:14|5:15|5:16|5:17|5:18|5:19|5:2|5:20|5:21|5:22|5:23|5:24|5:25|5:26|5:27|5:28|5:29|5:3|5:30|5:31|5:32|5:33|5:34|5:35|5:36|5:37|5:38|5:39|5:4|5:40|5:41|5:42|5:43|5:44|5:45|5:46|5:47|5:48|5:49|5:5|5:50|5:52|5:53|5:54|5:55|5:56|5:57|5:58|5:59|5:6|5:60|5:61|5:62|5:63|5:7|5:8|5:9
TIERING-OFF,278,exact-v9-5-to-6mwe,266784,drum,C2-MIXTURE-PREFIX,316,0,284.6,1|2|3|4|5,1:0|1:1|1:10|1:11|1:12|1:13|1:14|1:15|1:16|1:17|1:18|1:19|1:2|1:20|1:21|1:22|1:23|1:24|1:25|1:26|1:27|1:28|1:29|1:3|1:30|1:31|1:32|1:33|1:34|1:35|1:36|1:37|1:38|1:39|1:4|1:40|1:41|1:42|1:43|1:44|1:45|1:46|1:47|1:48|1:49|1:5|1:50|1:51|1:52|1:53|1:54|1:55|1:56|1:57|1:58|1:59|1:6|1:60|1:61|1:62|1:63|1:7|1:8|1:9|2:0|2:1|2:10|2:11|2:12|2:13|2:14|2:15|2:16|2:17|2:18|2:19|2:2|2:20|2:21|2:22|2:23|2:24|2:25|2:26|2:27|2:28|2:29|2:3|2:30|2:31|2:32|2:33|2:34|2:35|2:36|2:37|2:38|2:39|2:4|2:40|2:41|2:42|2:43|2:44|2:45|2:46|2:47|2:48|2:49|2:5|2:52|2:53|2:54|2:55|2:56|2:57|2:58|2:59|2:6|2:60|2:61|2:62|2:63|2:7|2:8|2:9|3:0|3:1|3:10|3:11|3:12|3:13|3:14|3:15|3:16|3:17|3:18|3:19|3:2|3:20|3:21|3:22|3:23|3:24|3:25|3:26|3:27|3:28|3:29|3:3|3:30|3:31|3:32|3:33|3:34|3:35|3:36|3:37|3:38|3:39|3:4|3:40|3:41|3:42|3:43|3:44|3:45|3:46|3:47|3:48|3:49|3:5|3:50|3:52|3:53|3:54|3:55|3:56|3:57|3:58|3:59|3:6|3:60|3:61|3:62|3:63|3:7|3:8|3:9|4:0|4:1|4:10|4:11|4:12|4:13|4:14|4:15|4:16|4:17|4:18|4:19|4:2|4:20|4:21|4:22|4:23|4:24|4:25|4:26|4:27|4:28|4:29|4:3|4:30|4:31|4:32|4:33|4:34|4:35|4:36|4:37|4:38|4:39|4:4|4:40|4:41|4:42|4:43|4:44|4:45|4:46|4:47|4:48|4:49|4:5|4:50|4:51|4:52|4:53|4:54|4:55|4:56|4:57|4:58|4:59|4:6|4:60|4:61|4:62|4:63|4:7|4:8|4:9|5:0|5:1|5:10|5:11|5:12|5:13|5:14|5:15|5:16|5:17|5:18|5:19|5:2|5:20|5:21|5:22|5:23|5:24|5:25|5:26|5:27|5:28|5:29|5:3|5:30|5:31|5:32|5:33|5:34|5:35|5:36|5:37|5:38|5:39|5:4|5:40|5:41|5:42|5:43|5:44|5:45|5:46|5:47|5:48|5:49|5:5|5:50|5:52|5:53|5:54|5:55|5:56|5:57|5:58|5:59|5:6|5:60|5:61|5:62|5:63|5:7|5:8|5:9
TIERING-OFF,279,exact-v9-5-to-6mwe,266784,feedwater-inventory,C2-MIXTURE-PREFIX,1,0,116.9,4,4:56
TIERING-OFF,28,background-reference,30000,drum,C2-MIXTURE-PREFIX,317,0,249.7,1|2|3|4|5,1:0|1:1|1:10|1:11|1:12|1:13|1:14|1:15|1:16|1:17|1:18|1:19|1:2|1:20|1:21|1:22|1:23|1:24|1:25|1:26|1:27|1:28|1:29|1:3|1:30|1:31|1:32|1:33|1:34|1:35|1:36|1:37|1:38|1:39|1:4|1:40|1:41|1:42|1:43|1:44|1:45|1:46|1:47|1:48|1:49|1:5|1:50|1:51|1:52|1:53|1:54|1:55|1:56|1:57|1:58|1:59|1:6|1:60|1:61|1:62|1:63|1:7|1:8|1:9|2:0|2:1|2:10|2:11|2:12|2:13|2:14|2:15|2:16|2:17|2:18|2:19|2:2|2:20|2:21|2:22|2:23|2:24|2:25|2:26|2:27|2:28|2:29|2:3|2:30|2:31|2:32|2:33|2:34|2:35|2:36|2:37|2:38|2:39|2:4|2:40|2:41|2:42|2:43|2:44|2:45|2:46|2:47|2:48|2:49|2:5|2:51|2:52|2:53|2:54|2:55|2:56|2:57|2:58|2:59|2:6|2:60|2:61|2:62|2:63|2:7|2:8|2:9|3:0|3:1|3:10|3:11|3:12|3:13|3:14|3:15|3:16|3:17|3:18|3:19|3:2|3:20|3:21|3:22|3:23|3:24|3:25|3:26|3:27|3:28|3:29|3:3|3:30|3:31|3:32|3:33|3:34|3:35|3:36|3:37|3:38|3:39|3:4|3:40|3:41|3:42|3:43|3:44|3:45|3:46|3:47|3:48|3:49|3:5|3:50|3:51|3:52|3:53|3:54|3:55|3:56|3:57|3:58|3:59|3:6|3:60|3:61|3:62|3:63|3:7|3:8|3:9|4:0|4:1|4:10|4:11|4:12|4:13|4:14|4:15|4:16|4:17|4:18|4:19|4:2|4:20|4:21|4:22|4:23|4:24|4:25|4:26|4:27|4:28|4:29|4:3|4:30|4:31|4:32|4:33|4:34|4:35|4:36|4:37|4:38|4:39|4:4|4:40|4:41|4:42|4:43|4:44|4:45|4:46|4:47|4:48|4:49|4:5|4:50|4:51|4:52|4:53|4:54|4:55|4:56|4:57|4:58|4:59|4:6|4:60|4:61|4:62|4:63|4:7|4:8|4:9|5:0|5:1|5:10|5:11|5:12|5:13|5:14|5:15|5:16|5:17|5:18|5:19|5:2|5:20|5:21|5:22|5:23|5:24|5:25|5:26|5:27|5:28|5:29|5:3|5:30|5:31|5:32|5:33|5:34|5:35|5:36|5:37|5:38|5:39|5:4|5:40|5:41|5:42|5:43|5:44|5:45|5:46|5:47|5:48|5:49|5:5|5:52|5:53|5:54|5:55|5:56|5:57|5:58|5:59|5:6|5:60|5:61|5:62|5:63|5:7|5:8|5:9
TIERING-OFF,280,exact-v9-5-to-6mwe,272784,suction,C2-MIXTURE-PREFIX,316,0,335.6,1|2|3|4|5,1:0|1:1|1:10|1:11|1:12|1:13|1:14|1:15|1:16|1:17|1:18|1:19|1:2|1:20|1:21|1:22|1:23|1:24|1:25|1:26|1:27|1:28|1:29|1:3|1:30|1:31|1:32|1:33|1:34|1:35|1:36|1:37|1:38|1:39|1:4|1:40|1:41|1:42|1:43|1:44|1:45|1:46|1:47|1:48|1:49|1:5|1:50|1:51|1:52|1:53|1:54|1:55|1:56|1:57|1:58|1:59|1:6|1:60|1:61|1:62|1:63|1:7|1:8|1:9|2:0|2:1|2:10|2:11|2:12|2:13|2:14|2:15|2:16|2:17|2:18|2:19|2:2|2:20|2:21|2:22|2:23|2:24|2:25|2:26|2:27|2:28|2:29|2:3|2:30|2:31|2:32|2:33|2:34|2:35|2:36|2:37|2:38|2:39|2:4|2:40|2:41|2:42|2:43|2:44|2:45|2:46|2:47|2:48|2:49|2:5|2:52|2:53|2:54|2:55|2:56|2:57|2:58|2:59|2:6|2:60|2:61|2:62|2:63|2:7|2:8|2:9|3:0|3:1|3:10|3:11|3:12|3:13|3:14|3:15|3:16|3:17|3:18|3:19|3:2|3:20|3:21|3:22|3:23|3:24|3:25|3:26|3:27|3:28|3:29|3:3|3:30|3:31|3:32|3:33|3:34|3:35|3:36|3:37|3:38|3:39|3:4|3:40|3:41|3:42|3:43|3:44|3:45|3:46|3:47|3:48|3:49|3:5|3:50|3:52|3:53|3:54|3:55|3:56|3:57|3:58|3:59|3:6|3:60|3:61|3:62|3:63|3:7|3:8|3:9|4:0|4:1|4:10|4:11|4:12|4:13|4:14|4:15|4:16|4:17|4:18|4:19|4:2|4:20|4:21|4:22|4:23|4:24|4:25|4:26|4:27|4:28|4:29|4:3|4:30|4:31|4:32|4:33|4:34|4:35|4:36|4:37|4:38|4:39|4:4|4:40|4:41|4:42|4:43|4:44|4:45|4:46|4:47|4:48|4:49|4:5|4:50|4:51|4:52|4:53|4:54|4:55|4:56|4:57|4:58|4:59|4:6|4:60|4:61|4:62|4:63|4:7|4:8|4:9|5:0|5:1|5:10|5:11|5:12|5:13|5:14|5:15|5:16|5:17|5:18|5:19|5:2|5:20|5:21|5:22|5:23|5:24|5:25|5:26|5:27|5:28|5:29|5:3|5:30|5:31|5:32|5:33|5:34|5:35|5:36|5:37|5:38|5:39|5:4|5:40|5:41|5:42|5:43|5:44|5:45|5:46|5:47|5:48|5:49|5:5|5:50|5:52|5:53|5:54|5:55|5:56|5:57|5:58|5:59|5:6|5:60|5:61|5:62|5:63|5:7|5:8|5:9
TIERING-OFF,281,exact-v9-5-to-6mwe,272784,pressure,C2-MIXTURE-PREFIX,316,0,191.2,1|2|3|4|5,1:0|1:1|1:10|1:11|1:12|1:13|1:14|1:15|1:16|1:17|1:18|1:19|1:2|1:20|1:21|1:22|1:23|1:24|1:25|1:26|1:27|1:28|1:29|1:3|1:30|1:31|1:32|1:33|1:34|1:35|1:36|1:37|1:38|1:39|1:4|1:40|1:41|1:42|1:43|1:44|1:45|1:46|1:47|1:48|1:49|1:5|1:50|1:51|1:52|1:53|1:54|1:55|1:56|1:57|1:58|1:59|1:6|1:60|1:61|1:62|1:63|1:7|1:8|1:9|2:0|2:1|2:10|2:11|2:12|2:13|2:14|2:15|2:16|2:17|2:18|2:19|2:2|2:20|2:21|2:22|2:23|2:24|2:25|2:26|2:27|2:28|2:29|2:3|2:30|2:31|2:32|2:33|2:34|2:35|2:36|2:37|2:38|2:39|2:4|2:40|2:41|2:42|2:43|2:44|2:45|2:46|2:47|2:48|2:49|2:5|2:52|2:53|2:54|2:55|2:56|2:57|2:58|2:59|2:6|2:60|2:61|2:62|2:63|2:7|2:8|2:9|3:0|3:1|3:10|3:11|3:12|3:13|3:14|3:15|3:16|3:17|3:18|3:19|3:2|3:20|3:21|3:22|3:23|3:24|3:25|3:26|3:27|3:28|3:29|3:3|3:30|3:31|3:32|3:33|3:34|3:35|3:36|3:37|3:38|3:39|3:4|3:40|3:41|3:42|3:43|3:44|3:45|3:46|3:47|3:48|3:49|3:5|3:50|3:52|3:53|3:54|3:55|3:56|3:57|3:58|3:59|3:6|3:60|3:61|3:62|3:63|3:7|3:8|3:9|4:0|4:1|4:10|4:11|4:12|4:13|4:14|4:15|4:16|4:17|4:18|4:19|4:2|4:20|4:21|4:22|4:23|4:24|4:25|4:26|4:27|4:28|4:29|4:3|4:30|4:31|4:32|4:33|4:34|4:35|4:36|4:37|4:38|4:39|4:4|4:40|4:41|4:42|4:43|4:44|4:45|4:46|4:47|4:48|4:49|4:5|4:50|4:51|4:52|4:53|4:54|4:55|4:56|4:57|4:58|4:59|4:6|4:60|4:61|4:62|4:63|4:7|4:8|4:9|5:0|5:1|5:10|5:11|5:12|5:13|5:14|5:15|5:16|5:17|5:18|5:19|5:2|5:20|5:21|5:22|5:23|5:24|5:25|5:26|5:27|5:28|5:29|5:3|5:30|5:31|5:32|5:33|5:34|5:35|5:36|5:37|5:38|5:39|5:4|5:40|5:41|5:42|5:43|5:44|5:45|5:46|5:47|5:48|5:49|5:5|5:50|5:52|5:53|5:54|5:55|5:56|5:57|5:58|5:59|5:6|5:60|5:61|5:62|5:63|5:7|5:8|5:9
TIERING-OFF,282,exact-v9-5-to-6mwe,272784,outlet,C2-MIXTURE-PREFIX,316,0,246.4,1|2|3|4|5,1:0|1:1|1:10|1:11|1:12|1:13|1:14|1:15|1:16|1:17|1:18|1:19|1:2|1:20|1:21|1:22|1:23|1:24|1:25|1:26|1:27|1:28|1:29|1:3|1:30|1:31|1:32|1:33|1:34|1:35|1:36|1:37|1:38|1:39|1:4|1:40|1:41|1:42|1:43|1:44|1:45|1:46|1:47|1:48|1:49|1:5|1:50|1:51|1:52|1:53|1:54|1:55|1:56|1:57|1:58|1:59|1:6|1:60|1:61|1:62|1:63|1:7|1:8|1:9|2:0|2:1|2:10|2:11|2:12|2:13|2:14|2:15|2:16|2:17|2:18|2:19|2:2|2:20|2:21|2:22|2:23|2:24|2:25|2:26|2:27|2:28|2:29|2:3|2:30|2:31|2:32|2:33|2:34|2:35|2:36|2:37|2:38|2:39|2:4|2:40|2:41|2:42|2:43|2:44|2:45|2:46|2:47|2:48|2:49|2:5|2:52|2:53|2:54|2:55|2:56|2:57|2:58|2:59|2:6|2:60|2:61|2:62|2:63|2:7|2:8|2:9|3:0|3:1|3:10|3:11|3:12|3:13|3:14|3:15|3:16|3:17|3:18|3:19|3:2|3:20|3:21|3:22|3:23|3:24|3:25|3:26|3:27|3:28|3:29|3:3|3:30|3:31|3:32|3:33|3:34|3:35|3:36|3:37|3:38|3:39|3:4|3:40|3:41|3:42|3:43|3:44|3:45|3:46|3:47|3:48|3:49|3:5|3:50|3:52|3:53|3:54|3:55|3:56|3:57|3:58|3:59|3:6|3:60|3:61|3:62|3:63|3:7|3:8|3:9|4:0|4:1|4:10|4:11|4:12|4:13|4:14|4:15|4:16|4:17|4:18|4:19|4:2|4:20|4:21|4:22|4:23|4:24|4:25|4:26|4:27|4:28|4:29|4:3|4:30|4:31|4:32|4:33|4:34|4:35|4:36|4:37|4:38|4:39|4:4|4:40|4:41|4:42|4:43|4:44|4:45|4:46|4:47|4:48|4:49|4:5|4:50|4:51|4:52|4:53|4:54|4:55|4:56|4:57|4:58|4:59|4:6|4:60|4:61|4:62|4:63|4:7|4:8|4:9|5:0|5:1|5:10|5:11|5:12|5:13|5:14|5:15|5:16|5:17|5:18|5:19|5:2|5:20|5:21|5:22|5:23|5:24|5:25|5:26|5:27|5:28|5:29|5:3|5:30|5:31|5:32|5:33|5:34|5:35|5:36|5:37|5:38|5:39|5:4|5:40|5:41|5:42|5:43|5:44|5:45|5:46|5:47|5:48|5:49|5:5|5:50|5:52|5:53|5:54|5:55|5:56|5:57|5:58|5:59|5:6|5:60|5:61|5:62|5:63|5:7|5:8|5:9
TIERING-OFF,283,exact-v9-5-to-6mwe,272784,drum,C2-MIXTURE-PREFIX,316,0,358.6,1|2|3|4|5,1:0|1:1|1:10|1:11|1:12|1:13|1:14|1:15|1:16|1:17|1:18|1:19|1:2|1:20|1:21|1:22|1:23|1:24|1:25|1:26|1:27|1:28|1:29|1:3|1:30|1:31|1:32|1:33|1:34|1:35|1:36|1:37|1:38|1:39|1:4|1:40|1:41|1:42|1:43|1:44|1:45|1:46|1:47|1:48|1:49|1:5|1:50|1:51|1:52|1:53|1:54|1:55|1:56|1:57|1:58|1:59|1:6|1:60|1:61|1:62|1:63|1:7|1:8|1:9|2:0|2:1|2:10|2:11|2:12|2:13|2:14|2:15|2:16|2:17|2:18|2:19|2:2|2:20|2:21|2:22|2:23|2:24|2:25|2:26|2:27|2:28|2:29|2:3|2:30|2:31|2:32|2:33|2:34|2:35|2:36|2:37|2:38|2:39|2:4|2:40|2:41|2:42|2:43|2:44|2:45|2:46|2:47|2:48|2:49|2:5|2:52|2:53|2:54|2:55|2:56|2:57|2:58|2:59|2:6|2:60|2:61|2:62|2:63|2:7|2:8|2:9|3:0|3:1|3:10|3:11|3:12|3:13|3:14|3:15|3:16|3:17|3:18|3:19|3:2|3:20|3:21|3:22|3:23|3:24|3:25|3:26|3:27|3:28|3:29|3:3|3:30|3:31|3:32|3:33|3:34|3:35|3:36|3:37|3:38|3:39|3:4|3:40|3:41|3:42|3:43|3:44|3:45|3:46|3:47|3:48|3:49|3:5|3:50|3:52|3:53|3:54|3:55|3:56|3:57|3:58|3:59|3:6|3:60|3:61|3:62|3:63|3:7|3:8|3:9|4:0|4:1|4:10|4:11|4:12|4:13|4:14|4:15|4:16|4:17|4:18|4:19|4:2|4:20|4:21|4:22|4:23|4:24|4:25|4:26|4:27|4:28|4:29|4:3|4:30|4:31|4:32|4:33|4:34|4:35|4:36|4:37|4:38|4:39|4:4|4:40|4:41|4:42|4:43|4:44|4:45|4:46|4:47|4:48|4:49|4:5|4:50|4:51|4:52|4:53|4:54|4:55|4:56|4:57|4:58|4:59|4:6|4:60|4:61|4:62|4:63|4:7|4:8|4:9|5:0|5:1|5:10|5:11|5:12|5:13|5:14|5:15|5:16|5:17|5:18|5:19|5:2|5:20|5:21|5:22|5:23|5:24|5:25|5:26|5:27|5:28|5:29|5:3|5:30|5:31|5:32|5:33|5:34|5:35|5:36|5:37|5:38|5:39|5:4|5:40|5:41|5:42|5:43|5:44|5:45|5:46|5:47|5:48|5:49|5:5|5:50|5:52|5:53|5:54|5:55|5:56|5:57|5:58|5:59|5:6|5:60|5:61|5:62|5:63|5:7|5:8|5:9
TIERING-OFF,284,exact-v9-5-to-6mwe,272784,feedwater-inventory,C2-MIXTURE-PREFIX,1,0,107,3,3:58
TIERING-OFF,285,exact-v9-5-to-6mwe,278784,suction,C2-MIXTURE-PREFIX,317,0,280.8,1|2|3|4|5,1:0|1:1|1:10|1:11|1:12|1:13|1:14|1:15|1:16|1:17|1:18|1:19|1:2|1:20|1:21|1:22|1:23|1:24|1:25|1:26|1:27|1:28|1:29|1:3|1:30|1:31|1:32|1:33|1:34|1:35|1:36|1:37|1:38|1:39|1:4|1:40|1:41|1:42|1:43|1:44|1:45|1:46|1:47|1:48|1:49|1:5|1:50|1:51|1:52|1:53|1:54|1:55|1:56|1:57|1:58|1:59|1:6|1:60|1:61|1:62|1:63|1:7|1:8|1:9|2:0|2:1|2:10|2:11|2:12|2:13|2:14|2:15|2:16|2:17|2:18|2:19|2:2|2:20|2:21|2:22|2:23|2:24|2:25|2:26|2:27|2:28|2:29|2:3|2:30|2:31|2:32|2:33|2:34|2:35|2:36|2:37|2:38|2:39|2:4|2:40|2:41|2:42|2:43|2:44|2:45|2:46|2:47|2:48|2:49|2:5|2:51|2:52|2:53|2:54|2:55|2:56|2:57|2:58|2:59|2:6|2:60|2:61|2:62|2:63|2:7|2:8|2:9|3:0|3:1|3:10|3:11|3:12|3:13|3:14|3:15|3:16|3:17|3:18|3:19|3:2|3:20|3:21|3:22|3:23|3:24|3:25|3:26|3:27|3:28|3:29|3:3|3:30|3:31|3:32|3:33|3:34|3:35|3:36|3:37|3:38|3:39|3:4|3:40|3:41|3:42|3:43|3:44|3:45|3:46|3:47|3:48|3:49|3:5|3:50|3:52|3:53|3:54|3:55|3:56|3:57|3:58|3:59|3:6|3:60|3:61|3:62|3:63|3:7|3:8|3:9|4:0|4:1|4:10|4:11|4:12|4:13|4:14|4:15|4:16|4:17|4:18|4:19|4:2|4:20|4:21|4:22|4:23|4:24|4:25|4:26|4:27|4:28|4:29|4:3|4:30|4:31|4:32|4:33|4:34|4:35|4:36|4:37|4:38|4:39|4:4|4:40|4:41|4:42|4:43|4:44|4:45|4:46|4:47|4:48|4:49|4:5|4:50|4:51|4:52|4:53|4:54|4:55|4:56|4:57|4:58|4:59|4:6|4:60|4:61|4:62|4:63|4:7|4:8|4:9|5:0|5:1|5:10|5:11|5:12|5:13|5:14|5:15|5:16|5:17|5:18|5:19|5:2|5:20|5:21|5:22|5:23|5:24|5:25|5:26|5:27|5:28|5:29|5:3|5:30|5:31|5:32|5:33|5:34|5:35|5:36|5:37|5:38|5:39|5:4|5:40|5:41|5:42|5:43|5:44|5:45|5:46|5:47|5:48|5:49|5:5|5:50|5:52|5:53|5:54|5:55|5:56|5:57|5:58|5:59|5:6|5:60|5:61|5:62|5:63|5:7|5:8|5:9
TIERING-OFF,286,exact-v9-5-to-6mwe,278784,pressure,C2-MIXTURE-PREFIX,316,0,208.1,1|2|3|4|5,1:0|1:1|1:10|1:11|1:12|1:13|1:14|1:15|1:16|1:17|1:18|1:19|1:2|1:20|1:21|1:22|1:23|1:24|1:25|1:26|1:27|1:28|1:29|1:3|1:30|1:31|1:32|1:33|1:34|1:35|1:36|1:37|1:38|1:39|1:4|1:40|1:41|1:42|1:43|1:44|1:45|1:46|1:47|1:48|1:49|1:5|1:50|1:51|1:52|1:53|1:54|1:55|1:56|1:57|1:58|1:59|1:6|1:60|1:61|1:62|1:63|1:8|1:9|2:0|2:1|2:10|2:11|2:12|2:13|2:14|2:15|2:16|2:17|2:18|2:19|2:2|2:20|2:21|2:22|2:23|2:24|2:25|2:26|2:27|2:28|2:29|2:3|2:30|2:31|2:32|2:33|2:34|2:35|2:36|2:37|2:38|2:39|2:4|2:40|2:41|2:42|2:43|2:44|2:45|2:46|2:47|2:48|2:49|2:5|2:51|2:52|2:53|2:54|2:55|2:56|2:57|2:58|2:59|2:6|2:60|2:61|2:62|2:63|2:7|2:8|2:9|3:0|3:1|3:10|3:11|3:12|3:13|3:14|3:15|3:16|3:17|3:18|3:19|3:2|3:20|3:21|3:22|3:23|3:24|3:25|3:26|3:27|3:28|3:29|3:3|3:30|3:31|3:32|3:33|3:34|3:35|3:36|3:37|3:38|3:39|3:4|3:40|3:41|3:42|3:43|3:44|3:45|3:46|3:47|3:48|3:49|3:5|3:50|3:52|3:53|3:54|3:55|3:56|3:57|3:58|3:59|3:6|3:60|3:61|3:62|3:63|3:7|3:8|3:9|4:0|4:1|4:10|4:11|4:12|4:13|4:14|4:15|4:16|4:17|4:18|4:19|4:2|4:20|4:21|4:22|4:23|4:24|4:25|4:26|4:27|4:28|4:29|4:3|4:30|4:31|4:32|4:33|4:34|4:35|4:36|4:37|4:38|4:39|4:4|4:40|4:41|4:42|4:43|4:44|4:45|4:46|4:47|4:48|4:49|4:5|4:50|4:51|4:52|4:53|4:54|4:55|4:56|4:57|4:58|4:59|4:6|4:60|4:61|4:62|4:63|4:7|4:8|4:9|5:0|5:1|5:10|5:11|5:12|5:13|5:14|5:15|5:16|5:17|5:18|5:19|5:2|5:20|5:21|5:22|5:23|5:24|5:25|5:26|5:27|5:28|5:29|5:3|5:30|5:31|5:32|5:33|5:34|5:35|5:36|5:37|5:38|5:39|5:4|5:40|5:41|5:42|5:43|5:44|5:45|5:46|5:47|5:48|5:49|5:5|5:50|5:52|5:53|5:54|5:55|5:56|5:57|5:58|5:59|5:6|5:60|5:61|5:62|5:63|5:7|5:8|5:9
TIERING-OFF,287,exact-v9-5-to-6mwe,278784,outlet,C2-MIXTURE-PREFIX,316,0,231.5,1|2|3|4|5,1:0|1:1|1:10|1:11|1:12|1:13|1:14|1:15|1:16|1:17|1:18|1:19|1:2|1:20|1:21|1:22|1:23|1:24|1:25|1:26|1:27|1:28|1:29|1:3|1:30|1:31|1:32|1:33|1:34|1:35|1:36|1:37|1:38|1:39|1:4|1:40|1:41|1:42|1:43|1:44|1:45|1:46|1:47|1:48|1:49|1:5|1:50|1:51|1:52|1:53|1:54|1:55|1:56|1:57|1:58|1:59|1:6|1:60|1:61|1:62|1:63|1:8|1:9|2:0|2:1|2:10|2:11|2:12|2:13|2:14|2:15|2:16|2:17|2:18|2:19|2:2|2:20|2:21|2:22|2:23|2:24|2:25|2:26|2:27|2:28|2:29|2:3|2:30|2:31|2:32|2:33|2:34|2:35|2:36|2:37|2:38|2:39|2:4|2:40|2:41|2:42|2:43|2:44|2:45|2:46|2:47|2:48|2:49|2:5|2:51|2:52|2:53|2:54|2:55|2:56|2:57|2:58|2:59|2:6|2:60|2:61|2:62|2:63|2:7|2:8|2:9|3:0|3:1|3:10|3:11|3:12|3:13|3:14|3:15|3:16|3:17|3:18|3:19|3:2|3:20|3:21|3:22|3:23|3:24|3:25|3:26|3:27|3:28|3:29|3:3|3:30|3:31|3:32|3:33|3:34|3:35|3:36|3:37|3:38|3:39|3:4|3:40|3:41|3:42|3:43|3:44|3:45|3:46|3:47|3:48|3:49|3:5|3:50|3:52|3:53|3:54|3:55|3:56|3:57|3:58|3:59|3:6|3:60|3:61|3:62|3:63|3:7|3:8|3:9|4:0|4:1|4:10|4:11|4:12|4:13|4:14|4:15|4:16|4:17|4:18|4:19|4:2|4:20|4:21|4:22|4:23|4:24|4:25|4:26|4:27|4:28|4:29|4:3|4:30|4:31|4:32|4:33|4:34|4:35|4:36|4:37|4:38|4:39|4:4|4:40|4:41|4:42|4:43|4:44|4:45|4:46|4:47|4:48|4:49|4:5|4:50|4:51|4:52|4:53|4:54|4:55|4:56|4:57|4:58|4:59|4:6|4:60|4:61|4:62|4:63|4:7|4:8|4:9|5:0|5:1|5:10|5:11|5:12|5:13|5:14|5:15|5:16|5:17|5:18|5:19|5:2|5:20|5:21|5:22|5:23|5:24|5:25|5:26|5:27|5:28|5:29|5:3|5:30|5:31|5:32|5:33|5:34|5:35|5:36|5:37|5:38|5:39|5:4|5:40|5:41|5:42|5:43|5:44|5:45|5:46|5:47|5:48|5:49|5:5|5:50|5:52|5:53|5:54|5:55|5:56|5:57|5:58|5:59|5:6|5:60|5:61|5:62|5:63|5:7|5:8|5:9
TIERING-OFF,288,exact-v9-5-to-6mwe,278784,drum,C2-MIXTURE-PREFIX,316,0,405.2,1|2|3|4|5,1:0|1:1|1:10|1:11|1:12|1:13|1:14|1:15|1:16|1:17|1:18|1:19|1:2|1:20|1:21|1:22|1:23|1:24|1:25|1:26|1:27|1:28|1:29|1:3|1:30|1:31|1:32|1:33|1:34|1:35|1:36|1:37|1:38|1:39|1:4|1:40|1:41|1:42|1:43|1:44|1:45|1:46|1:47|1:48|1:49|1:5|1:50|1:51|1:52|1:53|1:54|1:55|1:56|1:57|1:58|1:59|1:6|1:60|1:61|1:62|1:63|1:8|1:9|2:0|2:1|2:10|2:11|2:12|2:13|2:14|2:15|2:16|2:17|2:18|2:19|2:2|2:20|2:21|2:22|2:23|2:24|2:25|2:26|2:27|2:28|2:29|2:3|2:30|2:31|2:32|2:33|2:34|2:35|2:36|2:37|2:38|2:39|2:4|2:40|2:41|2:42|2:43|2:44|2:45|2:46|2:47|2:48|2:49|2:5|2:51|2:52|2:53|2:54|2:55|2:56|2:57|2:58|2:59|2:6|2:60|2:61|2:62|2:63|2:7|2:8|2:9|3:0|3:1|3:10|3:11|3:12|3:13|3:14|3:15|3:16|3:17|3:18|3:19|3:2|3:20|3:21|3:22|3:23|3:24|3:25|3:26|3:27|3:28|3:29|3:3|3:30|3:31|3:32|3:33|3:34|3:35|3:36|3:37|3:38|3:39|3:4|3:40|3:41|3:42|3:43|3:44|3:45|3:46|3:47|3:48|3:49|3:5|3:50|3:52|3:53|3:54|3:55|3:56|3:57|3:58|3:59|3:6|3:60|3:61|3:62|3:63|3:7|3:8|3:9|4:0|4:1|4:10|4:11|4:12|4:13|4:14|4:15|4:16|4:17|4:18|4:19|4:2|4:20|4:21|4:22|4:23|4:24|4:25|4:26|4:27|4:28|4:29|4:3|4:30|4:31|4:32|4:33|4:34|4:35|4:36|4:37|4:38|4:39|4:4|4:40|4:41|4:42|4:43|4:44|4:45|4:46|4:47|4:48|4:49|4:5|4:50|4:51|4:52|4:53|4:54|4:55|4:56|4:57|4:58|4:59|4:6|4:60|4:61|4:62|4:63|4:7|4:8|4:9|5:0|5:1|5:10|5:11|5:12|5:13|5:14|5:15|5:16|5:17|5:18|5:19|5:2|5:20|5:21|5:22|5:23|5:24|5:25|5:26|5:27|5:28|5:29|5:3|5:30|5:31|5:32|5:33|5:34|5:35|5:36|5:37|5:38|5:39|5:4|5:40|5:41|5:42|5:43|5:44|5:45|5:46|5:47|5:48|5:49|5:5|5:50|5:52|5:53|5:54|5:55|5:56|5:57|5:58|5:59|5:6|5:60|5:61|5:62|5:63|5:7|5:8|5:9
TIERING-OFF,29,background-reference,30000,feedwater-inventory,C2-NEAR-BOUNDARY-LIQUID-PREFIX,2,0,175.9,1|3,1:46|3:15
TIERING-OFF,290,exact-v9-5-to-6mwe,284784,suction,C2-MIXTURE-PREFIX,316,0,331.7,1|2|3|4|5,1:0|1:1|1:10|1:11|1:12|1:13|1:14|1:15|1:16|1:17|1:18|1:19|1:2|1:20|1:21|1:22|1:23|1:24|1:25|1:26|1:27|1:28|1:29|1:3|1:30|1:31|1:32|1:33|1:34|1:35|1:36|1:37|1:38|1:39|1:4|1:40|1:41|1:42|1:43|1:44|1:45|1:46|1:47|1:48|1:49|1:5|1:50|1:51|1:52|1:53|1:54|1:55|1:56|1:57|1:58|1:59|1:6|1:60|1:61|1:62|1:63|1:8|1:9|2:0|2:1|2:10|2:11|2:12|2:13|2:14|2:15|2:16|2:17|2:18|2:19|2:2|2:20|2:21|2:22|2:23|2:24|2:25|2:26|2:27|2:28|2:29|2:3|2:30|2:31|2:32|2:33|2:34|2:35|2:36|2:37|2:38|2:39|2:4|2:40|2:41|2:42|2:43|2:44|2:45|2:46|2:47|2:48|2:49|2:5|2:51|2:52|2:53|2:54|2:55|2:56|2:57|2:58|2:59|2:6|2:60|2:61|2:62|2:63|2:7|2:8|2:9|3:0|3:1|3:10|3:11|3:12|3:13|3:14|3:15|3:16|3:17|3:18|3:19|3:2|3:20|3:21|3:22|3:23|3:24|3:25|3:26|3:27|3:28|3:29|3:3|3:30|3:31|3:32|3:33|3:34|3:35|3:36|3:37|3:38|3:39|3:4|3:40|3:41|3:42|3:43|3:44|3:45|3:46|3:47|3:48|3:49|3:5|3:50|3:52|3:53|3:54|3:55|3:56|3:57|3:58|3:59|3:6|3:60|3:61|3:62|3:63|3:7|3:8|3:9|4:0|4:1|4:10|4:11|4:12|4:13|4:14|4:15|4:16|4:17|4:18|4:19|4:2|4:20|4:21|4:22|4:23|4:24|4:25|4:26|4:27|4:28|4:29|4:3|4:30|4:31|4:32|4:33|4:34|4:35|4:36|4:37|4:38|4:39|4:4|4:40|4:41|4:42|4:43|4:44|4:45|4:46|4:47|4:48|4:49|4:5|4:50|4:51|4:52|4:53|4:54|4:55|4:56|4:57|4:58|4:59|4:6|4:60|4:61|4:62|4:63|4:7|4:8|4:9|5:0|5:1|5:10|5:11|5:12|5:13|5:14|5:15|5:16|5:17|5:18|5:19|5:2|5:20|5:21|5:22|5:23|5:24|5:25|5:26|5:27|5:28|5:29|5:3|5:30|5:31|5:32|5:33|5:34|5:35|5:36|5:37|5:38|5:39|5:4|5:40|5:41|5:42|5:43|5:44|5:45|5:46|5:47|5:48|5:49|5:5|5:50|5:52|5:53|5:54|5:55|5:56|5:57|5:58|5:59|5:6|5:60|5:61|5:62|5:63|5:7|5:8|5:9
TIERING-OFF,291,exact-v9-5-to-6mwe,284784,pressure,C2-MIXTURE-PREFIX,316,0,313.7,1|2|3|4|5,1:0|1:1|1:10|1:11|1:12|1:13|1:14|1:15|1:16|1:17|1:18|1:19|1:2|1:20|1:21|1:22|1:23|1:24|1:25|1:26|1:27|1:28|1:29|1:3|1:30|1:31|1:32|1:33|1:34|1:35|1:36|1:37|1:38|1:39|1:4|1:40|1:41|1:42|1:43|1:44|1:45|1:46|1:47|1:48|1:49|1:5|1:50|1:51|1:52|1:53|1:54|1:55|1:56|1:57|1:58|1:59|1:6|1:60|1:61|1:62|1:63|1:8|1:9|2:0|2:1|2:10|2:11|2:12|2:13|2:14|2:15|2:16|2:17|2:18|2:19|2:2|2:20|2:21|2:22|2:23|2:24|2:25|2:26|2:27|2:28|2:29|2:3|2:30|2:31|2:32|2:33|2:34|2:35|2:36|2:37|2:38|2:39|2:4|2:40|2:41|2:42|2:43|2:44|2:45|2:46|2:47|2:48|2:49|2:5|2:51|2:52|2:53|2:54|2:55|2:56|2:57|2:58|2:59|2:6|2:60|2:61|2:62|2:63|2:7|2:8|2:9|3:0|3:1|3:10|3:11|3:12|3:13|3:14|3:15|3:16|3:17|3:18|3:19|3:2|3:20|3:21|3:22|3:23|3:24|3:25|3:26|3:27|3:28|3:29|3:3|3:30|3:31|3:32|3:33|3:34|3:35|3:36|3:37|3:38|3:39|3:4|3:40|3:41|3:42|3:43|3:44|3:45|3:46|3:47|3:48|3:49|3:5|3:50|3:52|3:53|3:54|3:55|3:56|3:57|3:58|3:59|3:6|3:60|3:61|3:62|3:63|3:7|3:8|3:9|4:0|4:1|4:10|4:11|4:12|4:13|4:14|4:15|4:16|4:17|4:18|4:19|4:2|4:20|4:21|4:22|4:23|4:24|4:25|4:26|4:27|4:28|4:29|4:3|4:30|4:31|4:32|4:33|4:34|4:35|4:36|4:37|4:38|4:39|4:4|4:40|4:41|4:42|4:43|4:44|4:45|4:46|4:47|4:48|4:49|4:5|4:50|4:51|4:52|4:53|4:54|4:55|4:56|4:57|4:58|4:59|4:6|4:60|4:61|4:62|4:63|4:7|4:8|4:9|5:0|5:1|5:10|5:11|5:12|5:13|5:14|5:15|5:16|5:17|5:18|5:19|5:2|5:20|5:21|5:22|5:23|5:24|5:25|5:26|5:27|5:28|5:29|5:3|5:30|5:31|5:32|5:33|5:34|5:35|5:36|5:37|5:38|5:39|5:4|5:40|5:41|5:42|5:43|5:44|5:45|5:46|5:47|5:48|5:49|5:5|5:50|5:52|5:53|5:54|5:55|5:56|5:57|5:58|5:59|5:6|5:60|5:61|5:62|5:63|5:7|5:8|5:9
TIERING-OFF,292,exact-v9-5-to-6mwe,284784,outlet,C2-MIXTURE-PREFIX,317,1,413.8,1|2|3|4|5,1:0|1:1|1:10|1:11|1:12|1:13|1:14|1:15|1:16|1:17|1:18|1:19|1:2|1:20|1:21|1:22|1:23|1:24|1:25|1:26|1:27|1:28|1:29|1:3|1:30|1:31|1:32|1:33|1:34|1:35|1:36|1:37|1:38|1:39|1:4|1:40|1:41|1:42|1:43|1:44|1:45|1:46|1:47|1:48|1:49|1:5|1:50|1:51|1:52|1:53|1:54|1:55|1:56|1:57|1:58|1:59|1:6|1:60|1:61|1:62|1:63|1:7|1:8|1:9|2:0|2:1|2:10|2:11|2:12|2:13|2:14|2:15|2:16|2:17|2:18|2:19|2:2|2:20|2:21|2:22|2:23|2:24|2:25|2:26|2:27|2:28|2:29|2:3|2:30|2:31|2:32|2:33|2:34|2:35|2:36|2:37|2:38|2:39|2:4|2:40|2:41|2:42|2:43|2:44|2:45|2:46|2:47|2:48|2:49|2:5|2:51|2:52|2:53|2:54|2:55|2:56|2:57|2:58|2:59|2:6|2:60|2:61|2:62|2:63|2:7|2:8|2:9|3:0|3:1|3:10|3:11|3:12|3:13|3:14|3:15|3:16|3:17|3:18|3:19|3:2|3:20|3:21|3:22|3:23|3:24|3:25|3:26|3:27|3:28|3:29|3:3|3:30|3:31|3:32|3:33|3:34|3:35|3:36|3:37|3:38|3:39|3:4|3:40|3:41|3:42|3:43|3:44|3:45|3:46|3:47|3:48|3:49|3:5|3:50|3:52|3:53|3:54|3:55|3:56|3:57|3:58|3:59|3:6|3:60|3:61|3:62|3:63|3:7|3:8|3:9|4:0|4:1|4:10|4:11|4:12|4:13|4:14|4:15|4:16|4:17|4:18|4:19|4:2|4:20|4:21|4:22|4:23|4:24|4:25|4:26|4:27|4:28|4:29|4:3|4:30|4:31|4:32|4:33|4:34|4:35|4:36|4:37|4:38|4:39|4:4|4:40|4:41|4:42|4:43|4:44|4:45|4:46|4:47|4:48|4:49|4:5|4:50|4:51|4:52|4:53|4:54|4:55|4:56|4:57|4:58|4:59|4:6|4:60|4:61|4:62|4:63|4:7|4:8|4:9|5:0|5:1|5:10|5:11|5:12|5:13|5:14|5:15|5:16|5:17|5:18|5:19|5:2|5:20|5:21|5:22|5:23|5:24|5:25|5:26|5:27|5:28|5:29|5:3|5:30|5:31|5:32|5:33|5:34|5:35|5:36|5:37|5:38|5:39|5:4|5:40|5:41|5:42|5:43|5:44|5:45|5:46|5:47|5:48|5:49|5:5|5:50|5:52|5:53|5:54|5:55|5:56|5:57|5:58|5:59|5:6|5:60|5:61|5:62|5:63|5:7|5:8|5:9
TIERING-OFF,293,exact-v9-5-to-6mwe,284784,drum,C2-MIXTURE-PREFIX,317,0,237,1|2|3|4|5,1:0|1:1|1:10|1:11|1:12|1:13|1:14|1:15|1:16|1:17|1:18|1:19|1:2|1:20|1:21|1:22|1:23|1:24|1:25|1:26|1:27|1:28|1:29|1:3|1:30|1:31|1:32|1:33|1:34|1:35|1:36|1:37|1:38|1:39|1:4|1:40|1:41|1:42|1:43|1:44|1:45|1:46|1:47|1:48|1:49|1:5|1:50|1:51|1:52|1:53|1:54|1:55|1:56|1:57|1:58|1:59|1:6|1:60|1:61|1:62|1:63|1:7|1:8|1:9|2:0|2:1|2:10|2:11|2:12|2:13|2:14|2:15|2:16|2:17|2:18|2:19|2:2|2:20|2:21|2:22|2:23|2:24|2:25|2:26|2:27|2:28|2:29|2:3|2:30|2:31|2:32|2:33|2:34|2:35|2:36|2:37|2:38|2:39|2:4|2:40|2:41|2:42|2:43|2:44|2:45|2:46|2:47|2:48|2:49|2:5|2:51|2:52|2:53|2:54|2:55|2:56|2:57|2:58|2:59|2:6|2:60|2:61|2:62|2:63|2:7|2:8|2:9|3:0|3:1|3:10|3:11|3:12|3:13|3:14|3:15|3:16|3:17|3:18|3:19|3:2|3:20|3:21|3:22|3:23|3:24|3:25|3:26|3:27|3:28|3:29|3:3|3:30|3:31|3:32|3:33|3:34|3:35|3:36|3:37|3:38|3:39|3:4|3:40|3:41|3:42|3:43|3:44|3:45|3:46|3:47|3:48|3:49|3:5|3:50|3:52|3:53|3:54|3:55|3:56|3:57|3:58|3:59|3:6|3:60|3:61|3:62|3:63|3:7|3:8|3:9|4:0|4:1|4:10|4:11|4:12|4:13|4:14|4:15|4:16|4:17|4:18|4:19|4:2|4:20|4:21|4:22|4:23|4:24|4:25|4:26|4:27|4:28|4:29|4:3|4:30|4:31|4:32|4:33|4:34|4:35|4:36|4:37|4:38|4:39|4:4|4:40|4:41|4:42|4:43|4:44|4:45|4:46|4:47|4:48|4:49|4:5|4:50|4:51|4:52|4:53|4:54|4:55|4:56|4:57|4:58|4:59|4:6|4:60|4:61|4:62|4:63|4:7|4:8|4:9|5:0|5:1|5:10|5:11|5:12|5:13|5:14|5:15|5:16|5:17|5:18|5:19|5:2|5:20|5:21|5:22|5:23|5:24|5:25|5:26|5:27|5:28|5:29|5:3|5:30|5:31|5:32|5:33|5:34|5:35|5:36|5:37|5:38|5:39|5:4|5:40|5:41|5:42|5:43|5:44|5:45|5:46|5:47|5:48|5:49|5:5|5:50|5:52|5:53|5:54|5:55|5:56|5:57|5:58|5:59|5:6|5:60|5:61|5:62|5:63|5:7|5:8|5:9
TIERING-OFF,295,exact-v9-5-to-6mwe,290784,suction,C2-MIXTURE-PREFIX,317,0,246,1|2|3|4|5,1:0|1:1|1:10|1:11|1:12|1:13|1:14|1:15|1:16|1:17|1:18|1:19|1:2|1:20|1:21|1:22|1:23|1:24|1:25|1:26|1:27|1:28|1:29|1:3|1:30|1:31|1:32|1:33|1:34|1:35|1:36|1:37|1:38|1:39|1:4|1:40|1:41|1:42|1:43|1:44|1:45|1:46|1:47|1:48|1:49|1:5|1:50|1:51|1:52|1:53|1:54|1:55|1:56|1:57|1:58|1:59|1:6|1:60|1:61|1:62|1:63|1:7|1:8|1:9|2:0|2:1|2:10|2:11|2:12|2:13|2:14|2:15|2:16|2:17|2:18|2:19|2:2|2:20|2:21|2:22|2:23|2:24|2:25|2:26|2:27|2:28|2:29|2:3|2:30|2:31|2:32|2:33|2:34|2:35|2:36|2:37|2:38|2:39|2:4|2:40|2:41|2:42|2:43|2:44|2:45|2:46|2:47|2:48|2:49|2:5|2:51|2:52|2:53|2:54|2:55|2:56|2:57|2:58|2:59|2:6|2:60|2:61|2:62|2:63|2:7|2:8|2:9|3:0|3:1|3:10|3:11|3:12|3:13|3:14|3:15|3:16|3:17|3:18|3:19|3:2|3:20|3:21|3:22|3:23|3:24|3:25|3:26|3:27|3:28|3:29|3:3|3:30|3:31|3:32|3:33|3:34|3:35|3:36|3:37|3:38|3:39|3:4|3:40|3:41|3:42|3:43|3:44|3:45|3:46|3:47|3:48|3:49|3:5|3:50|3:52|3:53|3:54|3:55|3:56|3:57|3:58|3:59|3:6|3:60|3:61|3:62|3:63|3:7|3:8|3:9|4:0|4:1|4:10|4:11|4:12|4:13|4:14|4:15|4:16|4:17|4:18|4:19|4:2|4:20|4:21|4:22|4:23|4:24|4:25|4:26|4:27|4:28|4:29|4:3|4:30|4:31|4:32|4:33|4:34|4:35|4:36|4:37|4:38|4:39|4:4|4:40|4:41|4:42|4:43|4:44|4:45|4:46|4:47|4:48|4:49|4:5|4:50|4:51|4:52|4:53|4:54|4:55|4:56|4:57|4:58|4:59|4:6|4:60|4:61|4:62|4:63|4:7|4:8|4:9|5:0|5:1|5:10|5:11|5:12|5:13|5:14|5:15|5:16|5:17|5:18|5:19|5:2|5:20|5:21|5:22|5:23|5:24|5:25|5:26|5:27|5:28|5:29|5:3|5:30|5:31|5:32|5:33|5:34|5:35|5:36|5:37|5:38|5:39|5:4|5:40|5:41|5:42|5:43|5:44|5:45|5:46|5:47|5:48|5:49|5:5|5:50|5:52|5:53|5:54|5:55|5:56|5:57|5:58|5:59|5:6|5:60|5:61|5:62|5:63|5:7|5:8|5:9
TIERING-OFF,296,exact-v9-5-to-6mwe,290784,pressure,C2-MIXTURE-PREFIX,317,0,239.8,1|2|3|4|5,1:0|1:1|1:10|1:11|1:12|1:13|1:14|1:15|1:16|1:17|1:18|1:19|1:2|1:20|1:21|1:22|1:23|1:24|1:25|1:26|1:27|1:28|1:29|1:3|1:30|1:31|1:32|1:33|1:34|1:35|1:36|1:37|1:38|1:39|1:4|1:40|1:41|1:42|1:43|1:44|1:45|1:46|1:47|1:48|1:49|1:5|1:50|1:51|1:52|1:53|1:54|1:55|1:56|1:57|1:58|1:59|1:6|1:60|1:61|1:62|1:63|1:7|1:8|1:9|2:0|2:1|2:10|2:11|2:12|2:13|2:14|2:15|2:16|2:17|2:18|2:19|2:2|2:20|2:21|2:22|2:23|2:24|2:25|2:26|2:27|2:28|2:29|2:3|2:30|2:31|2:32|2:33|2:34|2:35|2:36|2:37|2:38|2:39|2:4|2:40|2:41|2:42|2:43|2:44|2:45|2:46|2:47|2:48|2:49|2:5|2:51|2:52|2:53|2:54|2:55|2:56|2:57|2:58|2:59|2:6|2:60|2:61|2:62|2:63|2:7|2:8|2:9|3:0|3:1|3:10|3:11|3:12|3:13|3:14|3:15|3:16|3:17|3:18|3:19|3:2|3:20|3:21|3:22|3:23|3:24|3:25|3:26|3:27|3:28|3:29|3:3|3:30|3:31|3:32|3:33|3:34|3:35|3:36|3:37|3:38|3:39|3:4|3:40|3:41|3:42|3:43|3:44|3:45|3:46|3:47|3:48|3:49|3:5|3:50|3:52|3:53|3:54|3:55|3:56|3:57|3:58|3:59|3:6|3:60|3:61|3:62|3:63|3:7|3:8|3:9|4:0|4:1|4:10|4:11|4:12|4:13|4:14|4:15|4:16|4:17|4:18|4:19|4:2|4:20|4:21|4:22|4:23|4:24|4:25|4:26|4:27|4:28|4:29|4:3|4:30|4:31|4:32|4:33|4:34|4:35|4:36|4:37|4:38|4:39|4:4|4:40|4:41|4:42|4:43|4:44|4:45|4:46|4:47|4:48|4:49|4:5|4:50|4:51|4:52|4:53|4:54|4:55|4:56|4:57|4:58|4:59|4:6|4:60|4:61|4:62|4:63|4:7|4:8|4:9|5:0|5:1|5:10|5:11|5:12|5:13|5:14|5:15|5:16|5:17|5:18|5:19|5:2|5:20|5:21|5:22|5:23|5:24|5:25|5:26|5:27|5:28|5:29|5:3|5:30|5:31|5:32|5:33|5:34|5:35|5:36|5:37|5:38|5:39|5:4|5:40|5:41|5:42|5:43|5:44|5:45|5:46|5:47|5:48|5:49|5:5|5:50|5:52|5:53|5:54|5:55|5:56|5:57|5:58|5:59|5:6|5:60|5:61|5:62|5:63|5:7|5:8|5:9
TIERING-OFF,297,exact-v9-5-to-6mwe,290784,outlet,C2-MIXTURE-PREFIX,317,0,262.6,1|2|3|4|5,1:0|1:1|1:10|1:11|1:12|1:13|1:14|1:15|1:16|1:17|1:18|1:19|1:2|1:20|1:21|1:22|1:23|1:24|1:25|1:26|1:27|1:28|1:29|1:3|1:30|1:31|1:32|1:33|1:34|1:35|1:36|1:37|1:38|1:39|1:4|1:40|1:41|1:42|1:43|1:44|1:45|1:46|1:47|1:48|1:49|1:5|1:50|1:51|1:52|1:53|1:54|1:55|1:56|1:57|1:58|1:59|1:6|1:60|1:61|1:62|1:63|1:7|1:8|1:9|2:0|2:1|2:10|2:11|2:12|2:13|2:14|2:15|2:16|2:17|2:18|2:19|2:2|2:20|2:21|2:22|2:23|2:24|2:25|2:26|2:27|2:28|2:29|2:3|2:30|2:31|2:32|2:33|2:34|2:35|2:36|2:37|2:38|2:39|2:4|2:40|2:41|2:42|2:43|2:44|2:45|2:46|2:47|2:48|2:49|2:5|2:51|2:52|2:53|2:54|2:55|2:56|2:57|2:58|2:59|2:6|2:60|2:61|2:62|2:63|2:7|2:8|2:9|3:0|3:1|3:10|3:11|3:12|3:13|3:14|3:15|3:16|3:17|3:18|3:19|3:2|3:20|3:21|3:22|3:23|3:24|3:25|3:26|3:27|3:28|3:29|3:3|3:30|3:31|3:32|3:33|3:34|3:35|3:36|3:37|3:38|3:39|3:4|3:40|3:41|3:42|3:43|3:44|3:45|3:46|3:47|3:48|3:49|3:5|3:50|3:52|3:53|3:54|3:55|3:56|3:57|3:58|3:59|3:6|3:60|3:61|3:62|3:63|3:7|3:8|3:9|4:0|4:1|4:10|4:11|4:12|4:13|4:14|4:15|4:16|4:17|4:18|4:19|4:2|4:20|4:21|4:22|4:23|4:24|4:25|4:26|4:27|4:28|4:29|4:3|4:30|4:31|4:32|4:33|4:34|4:35|4:36|4:37|4:38|4:39|4:4|4:40|4:41|4:42|4:43|4:44|4:45|4:46|4:47|4:48|4:49|4:5|4:50|4:51|4:52|4:53|4:54|4:55|4:56|4:57|4:58|4:59|4:6|4:60|4:61|4:62|4:63|4:7|4:8|4:9|5:0|5:1|5:10|5:11|5:12|5:13|5:14|5:15|5:16|5:17|5:18|5:19|5:2|5:20|5:21|5:22|5:23|5:24|5:25|5:26|5:27|5:28|5:29|5:3|5:30|5:31|5:32|5:33|5:34|5:35|5:36|5:37|5:38|5:39|5:4|5:40|5:41|5:42|5:43|5:44|5:45|5:46|5:47|5:48|5:49|5:5|5:50|5:52|5:53|5:54|5:55|5:56|5:57|5:58|5:59|5:6|5:60|5:61|5:62|5:63|5:7|5:8|5:9
TIERING-OFF,298,exact-v9-5-to-6mwe,290784,drum,C2-MIXTURE-PREFIX,317,1,463.7,1|2|3|4|5,1:0|1:1|1:10|1:11|1:12|1:13|1:14|1:15|1:16|1:17|1:18|1:19|1:2|1:20|1:21|1:22|1:23|1:24|1:25|1:26|1:27|1:28|1:29|1:3|1:30|1:31|1:32|1:33|1:34|1:35|1:36|1:37|1:38|1:39|1:4|1:40|1:41|1:42|1:43|1:44|1:45|1:46|1:47|1:48|1:49|1:5|1:50|1:51|1:52|1:53|1:54|1:55|1:56|1:57|1:58|1:59|1:6|1:60|1:61|1:62|1:63|1:7|1:8|1:9|2:0|2:1|2:10|2:11|2:12|2:13|2:14|2:15|2:16|2:17|2:18|2:19|2:2|2:20|2:21|2:22|2:23|2:24|2:25|2:26|2:27|2:28|2:29|2:3|2:30|2:31|2:32|2:33|2:34|2:35|2:36|2:37|2:38|2:39|2:4|2:40|2:41|2:42|2:43|2:44|2:45|2:46|2:47|2:48|2:49|2:5|2:51|2:52|2:53|2:54|2:55|2:56|2:57|2:58|2:59|2:6|2:60|2:61|2:62|2:63|2:7|2:8|2:9|3:0|3:1|3:10|3:11|3:12|3:13|3:14|3:15|3:16|3:17|3:18|3:19|3:2|3:20|3:21|3:22|3:23|3:24|3:25|3:26|3:27|3:28|3:29|3:3|3:30|3:31|3:32|3:33|3:34|3:35|3:36|3:37|3:38|3:39|3:4|3:40|3:41|3:42|3:43|3:44|3:45|3:46|3:47|3:48|3:49|3:5|3:50|3:52|3:53|3:54|3:55|3:56|3:57|3:58|3:59|3:6|3:60|3:61|3:62|3:63|3:7|3:8|3:9|4:0|4:1|4:10|4:11|4:12|4:13|4:14|4:15|4:16|4:17|4:18|4:19|4:2|4:20|4:21|4:22|4:23|4:24|4:25|4:26|4:27|4:28|4:29|4:3|4:30|4:31|4:32|4:33|4:34|4:35|4:36|4:37|4:38|4:39|4:4|4:40|4:41|4:42|4:43|4:44|4:45|4:46|4:47|4:48|4:49|4:5|4:50|4:51|4:52|4:53|4:54|4:55|4:56|4:57|4:58|4:59|4:6|4:60|4:61|4:62|4:63|4:7|4:8|4:9|5:0|5:1|5:10|5:11|5:12|5:13|5:14|5:15|5:16|5:17|5:18|5:19|5:2|5:20|5:21|5:22|5:23|5:24|5:25|5:26|5:27|5:28|5:29|5:3|5:30|5:31|5:32|5:33|5:34|5:35|5:36|5:37|5:38|5:39|5:4|5:40|5:41|5:42|5:43|5:44|5:45|5:46|5:47|5:48|5:49|5:5|5:50|5:52|5:53|5:54|5:55|5:56|5:57|5:58|5:59|5:6|5:60|5:61|5:62|5:63|5:7|5:8|5:9
TIERING-OFF,299,exact-v9-5-to-6mwe,290784,feedwater-inventory,C2-MIXTURE-PREFIX,1,0,362.3,2,2:25
TIERING-OFF,3,background-reference,0,drum,C2-MIXTURE-PREFIX,316,0,236.7,1|2|3|4|5,1:0|1:1|1:10|1:11|1:12|1:13|1:14|1:15|1:16|1:17|1:18|1:19|1:2|1:20|1:21|1:22|1:23|1:24|1:25|1:26|1:27|1:28|1:29|1:3|1:30|1:31|1:32|1:33|1:34|1:35|1:36|1:37|1:38|1:39|1:4|1:40|1:41|1:42|1:43|1:44|1:45|1:46|1:47|1:48|1:49|1:5|1:50|1:51|1:52|1:53|1:54|1:55|1:56|1:57|1:58|1:59|1:6|1:60|1:61|1:62|1:63|1:7|1:8|1:9|2:0|2:1|2:10|2:11|2:12|2:13|2:14|2:15|2:16|2:17|2:18|2:19|2:2|2:20|2:21|2:22|2:23|2:24|2:25|2:26|2:27|2:28|2:29|2:3|2:30|2:31|2:32|2:33|2:34|2:35|2:36|2:37|2:38|2:39|2:4|2:40|2:41|2:42|2:43|2:44|2:45|2:46|2:47|2:48|2:49|2:5|2:51|2:52|2:53|2:54|2:55|2:56|2:57|2:58|2:59|2:6|2:60|2:62|2:63|2:7|2:8|2:9|3:0|3:1|3:10|3:11|3:12|3:13|3:14|3:15|3:16|3:17|3:18|3:19|3:2|3:20|3:21|3:22|3:23|3:24|3:25|3:26|3:27|3:28|3:29|3:3|3:30|3:31|3:32|3:33|3:34|3:35|3:36|3:37|3:38|3:39|3:4|3:40|3:41|3:42|3:43|3:44|3:45|3:46|3:47|3:48|3:49|3:5|3:50|3:51|3:52|3:53|3:54|3:55|3:56|3:57|3:58|3:59|3:6|3:60|3:61|3:62|3:63|3:7|3:8|3:9|4:0|4:1|4:10|4:11|4:12|4:13|4:14|4:15|4:16|4:17|4:18|4:19|4:2|4:20|4:21|4:22|4:23|4:24|4:25|4:26|4:27|4:28|4:29|4:3|4:30|4:31|4:32|4:33|4:34|4:35|4:36|4:37|4:38|4:39|4:4|4:40|4:41|4:42|4:43|4:44|4:45|4:46|4:47|4:48|4:49|4:5|4:50|4:51|4:52|4:53|4:54|4:55|4:56|4:57|4:58|4:59|4:6|4:60|4:61|4:62|4:63|4:7|4:8|4:9|5:0|5:1|5:10|5:11|5:12|5:13|5:14|5:15|5:16|5:17|5:18|5:19|5:2|5:20|5:21|5:22|5:23|5:24|5:25|5:26|5:27|5:28|5:29|5:3|5:30|5:31|5:32|5:33|5:34|5:35|5:36|5:37|5:38|5:39|5:4|5:40|5:41|5:42|5:43|5:44|5:45|5:46|5:47|5:48|5:49|5:5|5:52|5:53|5:54|5:55|5:56|5:57|5:58|5:59|5:6|5:60|5:61|5:62|5:63|5:7|5:8|5:9
TIERING-OFF,30,background-reference,36000,suction,C2-MIXTURE-PREFIX,318,0,215.2,1|2|3|4|5,1:0|1:1|1:10|1:11|1:12|1:13|1:14|1:15|1:16|1:17|1:18|1:19|1:2|1:20|1:21|1:22|1:23|1:24|1:25|1:26|1:27|1:28|1:29|1:3|1:30|1:31|1:32|1:33|1:34|1:35|1:36|1:37|1:38|1:39|1:4|1:40|1:41|1:42|1:43|1:44|1:45|1:46|1:47|1:48|1:49|1:5|1:50|1:51|1:52|1:53|1:54|1:55|1:56|1:57|1:58|1:59|1:6|1:60|1:61|1:62|1:63|1:7|1:8|1:9|2:0|2:1|2:10|2:11|2:12|2:13|2:14|2:15|2:16|2:17|2:18|2:19|2:2|2:20|2:21|2:22|2:23|2:24|2:25|2:26|2:27|2:28|2:29|2:3|2:30|2:31|2:32|2:33|2:34|2:35|2:36|2:37|2:38|2:39|2:4|2:40|2:41|2:42|2:43|2:44|2:45|2:46|2:47|2:48|2:49|2:5|2:51|2:52|2:53|2:54|2:55|2:56|2:57|2:58|2:59|2:6|2:60|2:61|2:62|2:63|2:7|2:8|2:9|3:0|3:1|3:10|3:11|3:12|3:13|3:14|3:15|3:16|3:17|3:18|3:19|3:2|3:20|3:21|3:22|3:23|3:24|3:25|3:26|3:27|3:28|3:29|3:3|3:30|3:31|3:32|3:33|3:34|3:35|3:36|3:37|3:38|3:39|3:4|3:40|3:41|3:42|3:43|3:44|3:45|3:46|3:47|3:48|3:49|3:5|3:50|3:51|3:52|3:53|3:54|3:55|3:56|3:57|3:58|3:59|3:6|3:60|3:61|3:62|3:63|3:7|3:8|3:9|4:0|4:1|4:10|4:11|4:12|4:13|4:14|4:15|4:16|4:17|4:18|4:19|4:2|4:20|4:21|4:22|4:23|4:24|4:25|4:26|4:27|4:28|4:29|4:3|4:30|4:31|4:32|4:33|4:34|4:35|4:36|4:37|4:38|4:39|4:4|4:40|4:41|4:42|4:43|4:44|4:45|4:46|4:47|4:48|4:49|4:5|4:50|4:51|4:52|4:53|4:54|4:55|4:56|4:57|4:58|4:59|4:6|4:60|4:61|4:62|4:63|4:7|4:8|4:9|5:0|5:1|5:10|5:11|5:12|5:13|5:14|5:15|5:16|5:17|5:18|5:19|5:2|5:20|5:21|5:22|5:23|5:24|5:25|5:26|5:27|5:28|5:29|5:3|5:30|5:31|5:32|5:33|5:34|5:35|5:36|5:37|5:38|5:39|5:4|5:40|5:41|5:42|5:43|5:44|5:45|5:46|5:47|5:48|5:49|5:5|5:51|5:52|5:53|5:54|5:55|5:56|5:57|5:58|5:59|5:6|5:60|5:61|5:62|5:63|5:7|5:8|5:9
TIERING-OFF,300,exact-v9-5-to-6mwe,296784,suction,C2-MIXTURE-PREFIX,317,0,191,1|2|3|4|5,1:0|1:1|1:10|1:11|1:12|1:13|1:14|1:15|1:16|1:17|1:18|1:19|1:2|1:20|1:21|1:22|1:23|1:24|1:25|1:26|1:27|1:28|1:29|1:3|1:30|1:31|1:32|1:33|1:34|1:35|1:36|1:37|1:38|1:39|1:4|1:40|1:41|1:42|1:43|1:44|1:45|1:46|1:47|1:48|1:49|1:5|1:50|1:51|1:52|1:53|1:54|1:55|1:56|1:57|1:58|1:59|1:6|1:60|1:61|1:62|1:63|1:7|1:8|1:9|2:0|2:1|2:10|2:11|2:12|2:13|2:14|2:15|2:16|2:17|2:18|2:19|2:2|2:20|2:21|2:22|2:23|2:24|2:25|2:26|2:27|2:28|2:29|2:3|2:30|2:31|2:32|2:33|2:34|2:35|2:36|2:37|2:38|2:39|2:4|2:40|2:41|2:42|2:43|2:44|2:45|2:46|2:47|2:48|2:49|2:5|2:51|2:52|2:53|2:54|2:55|2:56|2:57|2:58|2:59|2:6|2:60|2:61|2:62|2:63|2:7|2:8|2:9|3:0|3:1|3:10|3:11|3:12|3:13|3:14|3:15|3:16|3:17|3:18|3:19|3:2|3:20|3:21|3:22|3:23|3:24|3:25|3:26|3:27|3:28|3:29|3:3|3:30|3:31|3:32|3:33|3:34|3:35|3:36|3:37|3:38|3:39|3:4|3:40|3:41|3:42|3:43|3:44|3:45|3:46|3:47|3:48|3:49|3:5|3:50|3:52|3:53|3:54|3:55|3:56|3:57|3:58|3:59|3:6|3:60|3:61|3:62|3:63|3:7|3:8|3:9|4:0|4:1|4:10|4:11|4:12|4:13|4:14|4:15|4:16|4:17|4:18|4:19|4:2|4:20|4:21|4:22|4:23|4:24|4:25|4:26|4:27|4:28|4:29|4:3|4:30|4:31|4:32|4:33|4:34|4:35|4:36|4:37|4:38|4:39|4:4|4:40|4:41|4:42|4:43|4:44|4:45|4:46|4:47|4:48|4:49|4:5|4:50|4:51|4:52|4:53|4:54|4:55|4:56|4:57|4:58|4:59|4:6|4:60|4:61|4:62|4:63|4:7|4:8|4:9|5:0|5:1|5:10|5:11|5:12|5:13|5:14|5:15|5:16|5:17|5:18|5:19|5:2|5:20|5:21|5:22|5:23|5:24|5:25|5:26|5:27|5:28|5:29|5:3|5:30|5:31|5:32|5:33|5:34|5:35|5:36|5:37|5:38|5:39|5:4|5:40|5:41|5:42|5:43|5:44|5:45|5:46|5:47|5:48|5:49|5:5|5:50|5:52|5:53|5:54|5:55|5:56|5:57|5:58|5:59|5:6|5:60|5:61|5:62|5:63|5:7|5:8|5:9
TIERING-OFF,301,exact-v9-5-to-6mwe,296784,pressure,C2-MIXTURE-PREFIX,317,0,383.5,1|2|3|4|5,1:0|1:1|1:10|1:11|1:12|1:13|1:14|1:15|1:16|1:17|1:18|1:19|1:2|1:20|1:21|1:22|1:23|1:24|1:25|1:26|1:27|1:28|1:29|1:3|1:30|1:31|1:32|1:33|1:34|1:35|1:36|1:37|1:38|1:39|1:4|1:40|1:41|1:42|1:43|1:44|1:45|1:46|1:47|1:48|1:49|1:5|1:50|1:51|1:52|1:53|1:54|1:55|1:56|1:57|1:58|1:59|1:6|1:60|1:61|1:62|1:63|1:7|1:8|1:9|2:0|2:1|2:10|2:11|2:12|2:13|2:14|2:15|2:16|2:17|2:18|2:19|2:2|2:20|2:21|2:22|2:23|2:24|2:25|2:26|2:27|2:28|2:29|2:3|2:30|2:31|2:32|2:33|2:34|2:35|2:36|2:37|2:38|2:39|2:4|2:40|2:41|2:42|2:43|2:44|2:45|2:46|2:47|2:48|2:49|2:5|2:51|2:52|2:53|2:54|2:55|2:56|2:57|2:58|2:59|2:6|2:60|2:61|2:62|2:63|2:7|2:8|2:9|3:0|3:1|3:10|3:11|3:12|3:13|3:14|3:15|3:16|3:17|3:18|3:19|3:2|3:20|3:21|3:22|3:23|3:24|3:25|3:26|3:27|3:28|3:29|3:3|3:30|3:31|3:32|3:33|3:34|3:35|3:36|3:37|3:38|3:39|3:4|3:40|3:41|3:42|3:43|3:44|3:45|3:46|3:47|3:48|3:49|3:5|3:50|3:52|3:53|3:54|3:55|3:56|3:57|3:58|3:59|3:6|3:60|3:61|3:62|3:63|3:7|3:8|3:9|4:0|4:1|4:10|4:11|4:12|4:13|4:14|4:15|4:16|4:17|4:18|4:19|4:2|4:20|4:21|4:22|4:23|4:24|4:25|4:26|4:27|4:28|4:29|4:3|4:30|4:31|4:32|4:33|4:34|4:35|4:36|4:37|4:38|4:39|4:4|4:40|4:41|4:42|4:43|4:44|4:45|4:46|4:47|4:48|4:49|4:5|4:50|4:51|4:52|4:53|4:54|4:55|4:56|4:57|4:58|4:59|4:6|4:60|4:61|4:62|4:63|4:7|4:8|4:9|5:0|5:1|5:10|5:11|5:12|5:13|5:14|5:15|5:16|5:17|5:18|5:19|5:2|5:20|5:21|5:22|5:23|5:24|5:25|5:26|5:27|5:28|5:29|5:3|5:30|5:31|5:32|5:33|5:34|5:35|5:36|5:37|5:38|5:39|5:4|5:40|5:41|5:42|5:43|5:44|5:45|5:46|5:47|5:48|5:49|5:5|5:50|5:52|5:53|5:54|5:55|5:56|5:57|5:58|5:59|5:6|5:60|5:61|5:62|5:63|5:7|5:8|5:9
TIERING-OFF,302,exact-v9-5-to-6mwe,296784,outlet,C2-MIXTURE-PREFIX,317,0,208.8,1|2|3|4|5,1:0|1:1|1:10|1:11|1:12|1:13|1:14|1:15|1:16|1:17|1:18|1:19|1:2|1:20|1:21|1:22|1:23|1:24|1:25|1:26|1:27|1:28|1:29|1:3|1:30|1:31|1:32|1:33|1:34|1:35|1:36|1:37|1:38|1:39|1:4|1:40|1:41|1:42|1:43|1:44|1:45|1:46|1:47|1:48|1:49|1:5|1:50|1:51|1:52|1:53|1:54|1:55|1:56|1:57|1:58|1:59|1:6|1:60|1:61|1:62|1:63|1:7|1:8|1:9|2:0|2:1|2:10|2:11|2:12|2:13|2:14|2:15|2:16|2:17|2:18|2:19|2:2|2:20|2:21|2:22|2:23|2:24|2:25|2:26|2:27|2:28|2:29|2:3|2:30|2:31|2:32|2:33|2:34|2:35|2:36|2:37|2:38|2:39|2:4|2:40|2:41|2:42|2:43|2:44|2:45|2:46|2:47|2:48|2:49|2:5|2:51|2:52|2:53|2:54|2:55|2:56|2:57|2:58|2:59|2:6|2:60|2:61|2:62|2:63|2:7|2:8|2:9|3:0|3:1|3:10|3:11|3:12|3:13|3:14|3:15|3:16|3:17|3:18|3:19|3:2|3:20|3:21|3:22|3:23|3:24|3:25|3:26|3:27|3:28|3:29|3:3|3:30|3:31|3:32|3:33|3:34|3:35|3:36|3:37|3:38|3:39|3:4|3:40|3:41|3:42|3:43|3:44|3:45|3:46|3:47|3:48|3:49|3:5|3:50|3:52|3:53|3:54|3:55|3:56|3:57|3:58|3:59|3:6|3:60|3:61|3:62|3:63|3:7|3:8|3:9|4:0|4:1|4:10|4:11|4:12|4:13|4:14|4:15|4:16|4:17|4:18|4:19|4:2|4:20|4:21|4:22|4:23|4:24|4:25|4:26|4:27|4:28|4:29|4:3|4:30|4:31|4:32|4:33|4:34|4:35|4:36|4:37|4:38|4:39|4:4|4:40|4:41|4:42|4:43|4:44|4:45|4:46|4:47|4:48|4:49|4:5|4:50|4:51|4:52|4:53|4:54|4:55|4:56|4:57|4:58|4:59|4:6|4:60|4:61|4:62|4:63|4:7|4:8|4:9|5:0|5:1|5:10|5:11|5:12|5:13|5:14|5:15|5:16|5:17|5:18|5:19|5:2|5:20|5:21|5:22|5:23|5:24|5:25|5:26|5:27|5:28|5:29|5:3|5:30|5:31|5:32|5:33|5:34|5:35|5:36|5:37|5:38|5:39|5:4|5:40|5:41|5:42|5:43|5:44|5:45|5:46|5:47|5:48|5:49|5:5|5:50|5:52|5:53|5:54|5:55|5:56|5:57|5:58|5:59|5:6|5:60|5:61|5:62|5:63|5:7|5:8|5:9
TIERING-OFF,303,exact-v9-5-to-6mwe,296784,drum,C2-MIXTURE-PREFIX,317,0,257.5,1|2|3|4|5,1:0|1:1|1:10|1:11|1:12|1:13|1:14|1:15|1:16|1:17|1:18|1:19|1:2|1:20|1:21|1:22|1:23|1:24|1:25|1:26|1:27|1:28|1:29|1:3|1:30|1:31|1:32|1:33|1:34|1:35|1:36|1:37|1:38|1:39|1:4|1:40|1:41|1:42|1:43|1:44|1:45|1:46|1:47|1:48|1:49|1:5|1:50|1:51|1:52|1:53|1:54|1:55|1:56|1:57|1:58|1:59|1:6|1:60|1:61|1:62|1:63|1:7|1:8|1:9|2:0|2:1|2:10|2:11|2:12|2:13|2:14|2:15|2:16|2:17|2:18|2:19|2:2|2:20|2:21|2:22|2:23|2:24|2:25|2:26|2:27|2:28|2:29|2:3|2:30|2:31|2:32|2:33|2:34|2:35|2:36|2:37|2:38|2:39|2:4|2:40|2:41|2:42|2:43|2:44|2:45|2:46|2:47|2:48|2:49|2:5|2:51|2:52|2:53|2:54|2:55|2:56|2:57|2:58|2:59|2:6|2:60|2:61|2:62|2:63|2:7|2:8|2:9|3:0|3:1|3:10|3:11|3:12|3:13|3:14|3:15|3:16|3:17|3:18|3:19|3:2|3:20|3:21|3:22|3:23|3:24|3:25|3:26|3:27|3:28|3:29|3:3|3:30|3:31|3:32|3:33|3:34|3:35|3:36|3:37|3:38|3:39|3:4|3:40|3:41|3:42|3:43|3:44|3:45|3:46|3:47|3:48|3:49|3:5|3:50|3:52|3:53|3:54|3:55|3:56|3:57|3:58|3:59|3:6|3:60|3:61|3:62|3:63|3:7|3:8|3:9|4:0|4:1|4:10|4:11|4:12|4:13|4:14|4:15|4:16|4:17|4:18|4:19|4:2|4:20|4:21|4:22|4:23|4:24|4:25|4:26|4:27|4:28|4:29|4:3|4:30|4:31|4:32|4:33|4:34|4:35|4:36|4:37|4:38|4:39|4:4|4:40|4:41|4:42|4:43|4:44|4:45|4:46|4:47|4:48|4:49|4:5|4:50|4:51|4:52|4:53|4:54|4:55|4:56|4:57|4:58|4:59|4:6|4:60|4:61|4:62|4:63|4:7|4:8|4:9|5:0|5:1|5:10|5:11|5:12|5:13|5:14|5:15|5:16|5:17|5:18|5:19|5:2|5:20|5:21|5:22|5:23|5:24|5:25|5:26|5:27|5:28|5:29|5:3|5:30|5:31|5:32|5:33|5:34|5:35|5:36|5:37|5:38|5:39|5:4|5:40|5:41|5:42|5:43|5:44|5:45|5:46|5:47|5:48|5:49|5:5|5:50|5:52|5:53|5:54|5:55|5:56|5:57|5:58|5:59|5:6|5:60|5:61|5:62|5:63|5:7|5:8|5:9
TIERING-OFF,304,exact-v9-5-to-6mwe,296784,feedwater-inventory,C2-MIXTURE-PREFIX,1,0,240.3,5,5:7
TIERING-OFF,305,exact-v9-5-to-6mwe,302784,suction,C2-MIXTURE-PREFIX,317,0,284.4,1|2|3|4|5,1:0|1:1|1:10|1:11|1:12|1:13|1:14|1:15|1:16|1:17|1:18|1:19|1:2|1:20|1:21|1:22|1:23|1:24|1:25|1:26|1:27|1:28|1:29|1:3|1:30|1:31|1:32|1:33|1:34|1:35|1:36|1:37|1:38|1:39|1:4|1:40|1:41|1:42|1:43|1:44|1:45|1:46|1:47|1:48|1:49|1:5|1:50|1:51|1:52|1:53|1:54|1:55|1:56|1:57|1:58|1:59|1:6|1:60|1:61|1:62|1:63|1:7|1:8|1:9|2:0|2:1|2:10|2:11|2:12|2:13|2:14|2:15|2:16|2:17|2:18|2:19|2:2|2:20|2:21|2:22|2:23|2:24|2:25|2:26|2:27|2:28|2:29|2:3|2:30|2:31|2:32|2:33|2:34|2:35|2:36|2:37|2:38|2:39|2:4|2:40|2:41|2:42|2:43|2:44|2:45|2:46|2:47|2:48|2:49|2:5|2:51|2:52|2:53|2:54|2:55|2:56|2:57|2:58|2:59|2:6|2:60|2:61|2:62|2:63|2:7|2:8|2:9|3:0|3:1|3:10|3:11|3:12|3:13|3:14|3:15|3:16|3:17|3:18|3:19|3:2|3:20|3:21|3:22|3:23|3:24|3:25|3:26|3:27|3:28|3:29|3:3|3:30|3:31|3:32|3:33|3:34|3:35|3:36|3:37|3:38|3:39|3:4|3:40|3:41|3:42|3:43|3:44|3:45|3:46|3:47|3:48|3:49|3:5|3:50|3:52|3:53|3:54|3:55|3:56|3:57|3:58|3:59|3:6|3:60|3:61|3:62|3:63|3:7|3:8|3:9|4:0|4:1|4:10|4:11|4:12|4:13|4:14|4:15|4:16|4:17|4:18|4:19|4:2|4:20|4:21|4:22|4:23|4:24|4:25|4:26|4:27|4:28|4:29|4:3|4:30|4:31|4:32|4:33|4:34|4:35|4:36|4:37|4:38|4:39|4:4|4:40|4:41|4:42|4:43|4:44|4:45|4:46|4:47|4:48|4:49|4:5|4:50|4:51|4:52|4:53|4:54|4:55|4:56|4:57|4:58|4:59|4:6|4:60|4:61|4:62|4:63|4:7|4:8|4:9|5:0|5:1|5:10|5:11|5:12|5:13|5:14|5:15|5:16|5:17|5:18|5:19|5:2|5:20|5:21|5:22|5:23|5:24|5:25|5:26|5:27|5:28|5:29|5:3|5:30|5:31|5:32|5:33|5:34|5:35|5:36|5:37|5:38|5:39|5:4|5:40|5:41|5:42|5:43|5:44|5:45|5:46|5:47|5:48|5:49|5:5|5:50|5:52|5:53|5:54|5:55|5:56|5:57|5:58|5:59|5:6|5:60|5:61|5:62|5:63|5:7|5:8|5:9
TIERING-OFF,306,exact-v9-5-to-6mwe,302784,pressure,C2-MIXTURE-PREFIX,317,0,216.8,1|2|3|4|5,1:0|1:1|1:10|1:11|1:12|1:13|1:14|1:15|1:16|1:17|1:18|1:19|1:2|1:20|1:21|1:22|1:23|1:24|1:25|1:26|1:27|1:28|1:29|1:3|1:30|1:31|1:32|1:33|1:34|1:35|1:36|1:37|1:38|1:39|1:4|1:40|1:41|1:42|1:43|1:44|1:45|1:46|1:47|1:48|1:49|1:5|1:50|1:51|1:52|1:53|1:54|1:55|1:56|1:57|1:58|1:59|1:6|1:60|1:61|1:62|1:63|1:7|1:8|1:9|2:0|2:1|2:10|2:11|2:12|2:13|2:14|2:15|2:16|2:17|2:18|2:19|2:2|2:20|2:21|2:22|2:23|2:24|2:25|2:26|2:27|2:28|2:29|2:3|2:30|2:31|2:32|2:33|2:34|2:35|2:36|2:37|2:38|2:39|2:4|2:40|2:41|2:42|2:43|2:44|2:45|2:46|2:47|2:48|2:49|2:5|2:51|2:52|2:53|2:54|2:55|2:56|2:57|2:58|2:59|2:6|2:60|2:61|2:62|2:63|2:7|2:8|2:9|3:0|3:1|3:10|3:11|3:12|3:13|3:14|3:15|3:16|3:17|3:18|3:19|3:2|3:20|3:21|3:22|3:23|3:24|3:25|3:26|3:27|3:28|3:29|3:3|3:30|3:31|3:32|3:33|3:34|3:35|3:36|3:37|3:38|3:39|3:4|3:40|3:41|3:42|3:43|3:44|3:45|3:46|3:47|3:48|3:49|3:5|3:50|3:52|3:53|3:54|3:55|3:56|3:57|3:58|3:59|3:6|3:60|3:61|3:62|3:63|3:7|3:8|3:9|4:0|4:1|4:10|4:11|4:12|4:13|4:14|4:15|4:16|4:17|4:18|4:19|4:2|4:20|4:21|4:22|4:23|4:24|4:25|4:26|4:27|4:28|4:29|4:3|4:30|4:31|4:32|4:33|4:34|4:35|4:36|4:37|4:38|4:39|4:4|4:40|4:41|4:42|4:43|4:44|4:45|4:46|4:47|4:48|4:49|4:5|4:50|4:51|4:52|4:53|4:54|4:55|4:56|4:57|4:58|4:59|4:6|4:60|4:61|4:62|4:63|4:7|4:8|4:9|5:0|5:1|5:10|5:11|5:12|5:13|5:14|5:15|5:16|5:17|5:18|5:19|5:2|5:20|5:21|5:22|5:23|5:24|5:25|5:26|5:27|5:28|5:29|5:3|5:30|5:31|5:32|5:33|5:34|5:35|5:36|5:37|5:38|5:39|5:4|5:40|5:41|5:42|5:43|5:44|5:45|5:46|5:47|5:48|5:49|5:5|5:50|5:52|5:53|5:54|5:55|5:56|5:57|5:58|5:59|5:6|5:60|5:61|5:62|5:63|5:7|5:8|5:9
TIERING-OFF,307,exact-v9-5-to-6mwe,302784,outlet,C2-MIXTURE-PREFIX,317,0,277.6,1|2|3|4|5,1:0|1:1|1:10|1:11|1:12|1:13|1:14|1:15|1:16|1:17|1:18|1:19|1:2|1:20|1:21|1:22|1:23|1:24|1:25|1:26|1:27|1:28|1:29|1:3|1:30|1:31|1:32|1:33|1:34|1:35|1:36|1:37|1:38|1:39|1:4|1:40|1:41|1:42|1:43|1:44|1:45|1:46|1:47|1:48|1:49|1:5|1:50|1:51|1:52|1:53|1:54|1:55|1:56|1:57|1:58|1:59|1:6|1:60|1:61|1:62|1:63|1:7|1:8|1:9|2:0|2:1|2:10|2:11|2:12|2:13|2:14|2:15|2:16|2:17|2:18|2:19|2:2|2:20|2:21|2:22|2:23|2:24|2:25|2:26|2:27|2:28|2:29|2:3|2:30|2:31|2:32|2:33|2:34|2:35|2:36|2:37|2:38|2:39|2:4|2:40|2:41|2:42|2:43|2:44|2:45|2:46|2:47|2:48|2:49|2:5|2:51|2:52|2:53|2:54|2:55|2:56|2:57|2:58|2:59|2:6|2:60|2:61|2:62|2:63|2:7|2:8|2:9|3:0|3:1|3:10|3:11|3:12|3:13|3:14|3:15|3:16|3:17|3:18|3:19|3:2|3:20|3:21|3:22|3:23|3:24|3:25|3:26|3:27|3:28|3:29|3:3|3:30|3:31|3:32|3:33|3:34|3:35|3:36|3:37|3:38|3:39|3:4|3:40|3:41|3:42|3:43|3:44|3:45|3:46|3:47|3:48|3:49|3:5|3:50|3:52|3:53|3:54|3:55|3:56|3:57|3:58|3:59|3:6|3:60|3:61|3:62|3:63|3:7|3:8|3:9|4:0|4:1|4:10|4:11|4:12|4:13|4:14|4:15|4:16|4:17|4:18|4:19|4:2|4:20|4:21|4:22|4:23|4:24|4:25|4:26|4:27|4:28|4:29|4:3|4:30|4:31|4:32|4:33|4:34|4:35|4:36|4:37|4:38|4:39|4:4|4:40|4:41|4:42|4:43|4:44|4:45|4:46|4:47|4:48|4:49|4:5|4:50|4:51|4:52|4:53|4:54|4:55|4:56|4:57|4:58|4:59|4:6|4:60|4:61|4:62|4:63|4:7|4:8|4:9|5:0|5:1|5:10|5:11|5:12|5:13|5:14|5:15|5:16|5:17|5:18|5:19|5:2|5:20|5:21|5:22|5:23|5:24|5:25|5:26|5:27|5:28|5:29|5:3|5:30|5:31|5:32|5:33|5:34|5:35|5:36|5:37|5:38|5:39|5:4|5:40|5:41|5:42|5:43|5:44|5:45|5:46|5:47|5:48|5:49|5:5|5:50|5:52|5:53|5:54|5:55|5:56|5:57|5:58|5:59|5:6|5:60|5:61|5:62|5:63|5:7|5:8|5:9
TIERING-OFF,308,exact-v9-5-to-6mwe,302784,drum,C2-MIXTURE-PREFIX,316,0,296.6,1|2|3|4|5,1:0|1:1|1:10|1:11|1:12|1:13|1:14|1:15|1:16|1:17|1:18|1:19|1:2|1:20|1:21|1:22|1:23|1:24|1:25|1:26|1:27|1:28|1:29|1:3|1:30|1:31|1:32|1:33|1:34|1:35|1:36|1:37|1:38|1:39|1:4|1:40|1:41|1:42|1:43|1:44|1:45|1:46|1:47|1:48|1:49|1:5|1:50|1:51|1:52|1:53|1:54|1:55|1:56|1:57|1:58|1:59|1:6|1:60|1:61|1:62|1:63|1:7|1:8|1:9|2:0|2:1|2:10|2:11|2:12|2:13|2:14|2:15|2:16|2:17|2:18|2:19|2:2|2:20|2:21|2:22|2:23|2:24|2:25|2:26|2:27|2:28|2:29|2:3|2:30|2:31|2:32|2:33|2:34|2:35|2:36|2:37|2:38|2:39|2:4|2:40|2:41|2:42|2:43|2:44|2:45|2:46|2:47|2:48|2:49|2:5|2:51|2:52|2:53|2:54|2:55|2:56|2:57|2:58|2:59|2:6|2:60|2:61|2:62|2:63|2:7|2:8|2:9|3:0|3:1|3:10|3:11|3:12|3:13|3:14|3:15|3:16|3:17|3:18|3:19|3:2|3:20|3:21|3:22|3:23|3:24|3:25|3:26|3:27|3:28|3:29|3:3|3:30|3:31|3:32|3:33|3:34|3:35|3:36|3:37|3:38|3:39|3:4|3:40|3:41|3:42|3:43|3:44|3:45|3:46|3:47|3:48|3:49|3:5|3:50|3:52|3:53|3:54|3:55|3:56|3:57|3:58|3:59|3:6|3:60|3:61|3:62|3:63|3:7|3:8|3:9|4:0|4:1|4:10|4:11|4:12|4:13|4:14|4:15|4:16|4:17|4:18|4:19|4:2|4:20|4:21|4:22|4:23|4:24|4:25|4:26|4:27|4:28|4:29|4:3|4:30|4:31|4:32|4:33|4:34|4:35|4:36|4:37|4:38|4:39|4:4|4:40|4:41|4:42|4:43|4:44|4:45|4:46|4:47|4:48|4:49|4:5|4:50|4:51|4:52|4:53|4:54|4:55|4:56|4:57|4:58|4:59|4:6|4:60|4:61|4:62|4:63|4:7|4:8|4:9|5:0|5:1|5:10|5:11|5:12|5:13|5:14|5:15|5:16|5:17|5:18|5:19|5:2|5:20|5:21|5:22|5:23|5:24|5:25|5:26|5:27|5:28|5:29|5:3|5:30|5:31|5:32|5:33|5:34|5:35|5:36|5:37|5:38|5:39|5:4|5:40|5:41|5:42|5:43|5:44|5:45|5:46|5:47|5:48|5:49|5:5|5:52|5:53|5:54|5:55|5:56|5:57|5:58|5:59|5:6|5:60|5:61|5:62|5:63|5:7|5:8|5:9
TIERING-OFF,309,exact-v9-5-to-6mwe,302784,feedwater-inventory,C2-MIXTURE-PREFIX,1,0,111.5,3,3:17
TIERING-OFF,31,background-reference,36000,pressure,C2-MIXTURE-PREFIX,317,0,367,1|2|3|4|5,1:0|1:1|1:10|1:11|1:12|1:13|1:14|1:15|1:16|1:17|1:18|1:19|1:2|1:20|1:21|1:22|1:23|1:24|1:25|1:26|1:27|1:28|1:29|1:3|1:30|1:31|1:32|1:33|1:34|1:35|1:36|1:37|1:38|1:39|1:4|1:40|1:41|1:42|1:43|1:44|1:45|1:46|1:47|1:48|1:49|1:5|1:50|1:51|1:52|1:53|1:54|1:55|1:56|1:57|1:58|1:59|1:6|1:60|1:61|1:62|1:63|1:7|1:8|1:9|2:0|2:1|2:10|2:11|2:12|2:13|2:14|2:15|2:16|2:17|2:18|2:19|2:2|2:20|2:21|2:22|2:23|2:24|2:25|2:26|2:27|2:28|2:29|2:3|2:30|2:31|2:32|2:33|2:34|2:35|2:36|2:37|2:38|2:39|2:4|2:40|2:41|2:42|2:43|2:44|2:45|2:46|2:47|2:48|2:49|2:5|2:51|2:52|2:53|2:54|2:55|2:56|2:57|2:58|2:59|2:6|2:60|2:61|2:62|2:63|2:7|2:8|2:9|3:0|3:1|3:10|3:11|3:12|3:13|3:14|3:15|3:16|3:17|3:18|3:19|3:2|3:20|3:21|3:22|3:23|3:24|3:25|3:26|3:27|3:28|3:29|3:3|3:30|3:31|3:32|3:33|3:34|3:35|3:36|3:37|3:38|3:39|3:4|3:40|3:41|3:42|3:43|3:44|3:45|3:46|3:47|3:48|3:49|3:5|3:50|3:51|3:52|3:53|3:54|3:55|3:56|3:57|3:58|3:59|3:6|3:60|3:61|3:62|3:63|3:7|3:8|3:9|4:0|4:1|4:10|4:11|4:12|4:13|4:14|4:15|4:16|4:17|4:18|4:19|4:2|4:20|4:21|4:22|4:23|4:24|4:25|4:26|4:27|4:28|4:29|4:3|4:30|4:31|4:32|4:33|4:34|4:35|4:36|4:37|4:38|4:39|4:4|4:40|4:41|4:42|4:43|4:44|4:45|4:46|4:47|4:48|4:49|4:5|4:50|4:51|4:52|4:53|4:54|4:55|4:56|4:57|4:58|4:59|4:6|4:60|4:61|4:62|4:63|4:7|4:8|4:9|5:0|5:1|5:10|5:11|5:12|5:13|5:14|5:15|5:16|5:17|5:18|5:19|5:2|5:20|5:21|5:22|5:23|5:24|5:25|5:26|5:27|5:28|5:29|5:3|5:30|5:31|5:32|5:33|5:34|5:35|5:36|5:37|5:38|5:39|5:4|5:40|5:41|5:42|5:43|5:44|5:45|5:46|5:47|5:48|5:49|5:5|5:52|5:53|5:54|5:55|5:56|5:57|5:58|5:59|5:6|5:60|5:61|5:62|5:63|5:7|5:8|5:9
TIERING-OFF,310,exact-v9-5-to-6mwe,308784,suction,C2-MIXTURE-PREFIX,317,1,476.7,1|2|3|4|5,1:0|1:1|1:10|1:11|1:12|1:13|1:14|1:15|1:16|1:17|1:18|1:19|1:2|1:20|1:21|1:22|1:23|1:24|1:25|1:26|1:27|1:28|1:29|1:3|1:30|1:31|1:32|1:33|1:34|1:35|1:36|1:37|1:38|1:39|1:4|1:40|1:41|1:42|1:43|1:44|1:45|1:46|1:47|1:48|1:49|1:5|1:50|1:51|1:52|1:53|1:54|1:55|1:56|1:57|1:58|1:59|1:6|1:60|1:61|1:62|1:63|1:7|1:8|1:9|2:0|2:1|2:10|2:11|2:12|2:13|2:14|2:15|2:16|2:17|2:18|2:19|2:2|2:20|2:21|2:22|2:23|2:24|2:25|2:26|2:27|2:28|2:29|2:3|2:30|2:31|2:32|2:33|2:34|2:35|2:36|2:37|2:38|2:39|2:4|2:40|2:41|2:42|2:43|2:44|2:45|2:46|2:47|2:48|2:49|2:5|2:51|2:52|2:53|2:54|2:55|2:56|2:57|2:58|2:59|2:6|2:60|2:61|2:62|2:63|2:7|2:8|2:9|3:0|3:1|3:10|3:11|3:12|3:13|3:14|3:15|3:16|3:17|3:18|3:19|3:2|3:20|3:21|3:22|3:23|3:24|3:25|3:26|3:27|3:28|3:29|3:3|3:30|3:31|3:32|3:33|3:34|3:35|3:36|3:37|3:38|3:39|3:4|3:40|3:41|3:42|3:43|3:44|3:45|3:46|3:47|3:48|3:49|3:5|3:50|3:51|3:52|3:53|3:54|3:55|3:56|3:57|3:58|3:59|3:6|3:60|3:61|3:62|3:63|3:7|3:8|3:9|4:0|4:1|4:10|4:11|4:12|4:13|4:14|4:15|4:16|4:17|4:18|4:19|4:2|4:20|4:21|4:22|4:23|4:24|4:25|4:26|4:27|4:28|4:29|4:3|4:30|4:31|4:32|4:33|4:34|4:35|4:36|4:37|4:38|4:39|4:4|4:40|4:41|4:42|4:43|4:44|4:45|4:46|4:47|4:48|4:49|4:5|4:50|4:51|4:52|4:53|4:54|4:55|4:56|4:57|4:58|4:59|4:6|4:60|4:61|4:62|4:63|4:7|4:8|4:9|5:0|5:1|5:10|5:11|5:12|5:13|5:14|5:15|5:16|5:17|5:18|5:19|5:2|5:20|5:21|5:22|5:23|5:24|5:25|5:26|5:27|5:28|5:29|5:3|5:30|5:31|5:32|5:33|5:34|5:35|5:36|5:37|5:38|5:39|5:4|5:40|5:41|5:42|5:43|5:44|5:45|5:46|5:47|5:48|5:49|5:5|5:52|5:53|5:54|5:55|5:56|5:57|5:58|5:59|5:6|5:60|5:61|5:62|5:63|5:7|5:8|5:9
TIERING-OFF,311,exact-v9-5-to-6mwe,308784,pressure,C2-MIXTURE-PREFIX,317,0,186.4,1|2|3|4|5,1:0|1:1|1:10|1:11|1:12|1:13|1:14|1:15|1:16|1:17|1:18|1:19|1:2|1:20|1:21|1:22|1:23|1:24|1:25|1:26|1:27|1:28|1:29|1:3|1:30|1:31|1:32|1:33|1:34|1:35|1:36|1:37|1:38|1:39|1:4|1:40|1:41|1:42|1:43|1:44|1:45|1:46|1:47|1:48|1:49|1:5|1:50|1:51|1:52|1:53|1:54|1:55|1:56|1:57|1:58|1:59|1:6|1:60|1:61|1:62|1:63|1:7|1:8|1:9|2:0|2:1|2:10|2:11|2:12|2:13|2:14|2:15|2:16|2:17|2:18|2:19|2:2|2:20|2:21|2:22|2:23|2:24|2:25|2:26|2:27|2:28|2:29|2:3|2:30|2:31|2:32|2:33|2:34|2:35|2:36|2:37|2:38|2:39|2:4|2:40|2:41|2:42|2:43|2:44|2:45|2:46|2:47|2:48|2:49|2:5|2:51|2:52|2:53|2:54|2:55|2:56|2:57|2:58|2:59|2:6|2:60|2:61|2:62|2:63|2:7|2:8|2:9|3:0|3:1|3:10|3:11|3:12|3:13|3:14|3:15|3:16|3:17|3:18|3:19|3:2|3:20|3:21|3:22|3:23|3:24|3:25|3:26|3:27|3:28|3:29|3:3|3:30|3:31|3:32|3:33|3:34|3:35|3:36|3:37|3:38|3:39|3:4|3:40|3:41|3:42|3:43|3:44|3:45|3:46|3:47|3:48|3:49|3:5|3:50|3:51|3:52|3:53|3:54|3:55|3:56|3:57|3:58|3:59|3:6|3:60|3:61|3:62|3:63|3:7|3:8|3:9|4:0|4:1|4:10|4:11|4:12|4:13|4:14|4:15|4:16|4:17|4:18|4:19|4:2|4:20|4:21|4:22|4:23|4:24|4:25|4:26|4:27|4:28|4:29|4:3|4:30|4:31|4:32|4:33|4:34|4:35|4:36|4:37|4:38|4:39|4:4|4:40|4:41|4:42|4:43|4:44|4:45|4:46|4:47|4:48|4:49|4:5|4:50|4:51|4:52|4:53|4:54|4:55|4:56|4:57|4:58|4:59|4:6|4:60|4:61|4:62|4:63|4:7|4:8|4:9|5:0|5:1|5:10|5:11|5:12|5:13|5:14|5:15|5:16|5:17|5:18|5:19|5:2|5:20|5:21|5:22|5:23|5:24|5:25|5:26|5:27|5:28|5:29|5:3|5:30|5:31|5:32|5:33|5:34|5:35|5:36|5:37|5:38|5:39|5:4|5:40|5:41|5:42|5:43|5:44|5:45|5:46|5:47|5:48|5:49|5:5|5:52|5:53|5:54|5:55|5:56|5:57|5:58|5:59|5:6|5:60|5:61|5:62|5:63|5:7|5:8|5:9
TIERING-OFF,312,exact-v9-5-to-6mwe,308784,outlet,C2-MIXTURE-PREFIX,317,0,343.5,1|2|3|4|5,1:0|1:1|1:10|1:11|1:12|1:13|1:14|1:15|1:16|1:17|1:18|1:19|1:2|1:20|1:21|1:22|1:23|1:24|1:25|1:26|1:27|1:28|1:29|1:3|1:30|1:31|1:32|1:33|1:34|1:35|1:36|1:37|1:38|1:39|1:4|1:40|1:41|1:42|1:43|1:44|1:45|1:46|1:47|1:48|1:49|1:5|1:50|1:51|1:52|1:53|1:54|1:55|1:56|1:57|1:58|1:59|1:6|1:60|1:61|1:62|1:63|1:7|1:8|1:9|2:0|2:1|2:10|2:11|2:12|2:13|2:14|2:15|2:16|2:17|2:18|2:19|2:2|2:20|2:21|2:22|2:23|2:24|2:25|2:26|2:27|2:28|2:29|2:3|2:30|2:31|2:32|2:33|2:34|2:35|2:36|2:37|2:38|2:39|2:4|2:40|2:41|2:42|2:43|2:44|2:45|2:46|2:47|2:48|2:49|2:5|2:51|2:52|2:53|2:54|2:55|2:56|2:57|2:58|2:59|2:6|2:60|2:61|2:62|2:63|2:7|2:8|2:9|3:0|3:1|3:10|3:11|3:12|3:13|3:14|3:15|3:16|3:17|3:18|3:19|3:2|3:20|3:21|3:22|3:23|3:24|3:25|3:26|3:27|3:28|3:29|3:3|3:30|3:31|3:32|3:33|3:34|3:35|3:36|3:37|3:38|3:39|3:4|3:40|3:41|3:42|3:43|3:44|3:45|3:46|3:47|3:48|3:49|3:5|3:50|3:51|3:52|3:53|3:54|3:55|3:56|3:57|3:58|3:59|3:6|3:60|3:61|3:62|3:63|3:7|3:8|3:9|4:0|4:1|4:10|4:11|4:12|4:13|4:14|4:15|4:16|4:17|4:18|4:19|4:2|4:20|4:21|4:22|4:23|4:24|4:25|4:26|4:27|4:28|4:29|4:3|4:30|4:31|4:32|4:33|4:34|4:35|4:36|4:37|4:38|4:39|4:4|4:40|4:41|4:42|4:43|4:44|4:45|4:46|4:47|4:48|4:49|4:5|4:50|4:51|4:52|4:53|4:54|4:55|4:56|4:57|4:58|4:59|4:6|4:60|4:61|4:62|4:63|4:7|4:8|4:9|5:0|5:1|5:10|5:11|5:12|5:13|5:14|5:15|5:16|5:17|5:18|5:19|5:2|5:20|5:21|5:22|5:23|5:24|5:25|5:26|5:27|5:28|5:29|5:3|5:30|5:31|5:32|5:33|5:34|5:35|5:36|5:37|5:38|5:39|5:4|5:40|5:41|5:42|5:43|5:44|5:45|5:46|5:47|5:48|5:49|5:5|5:52|5:53|5:54|5:55|5:56|5:57|5:58|5:59|5:6|5:60|5:61|5:62|5:63|5:7|5:8|5:9
TIERING-OFF,313,exact-v9-5-to-6mwe,308784,drum,C2-MIXTURE-PREFIX,317,0,240.7,1|2|3|4|5,1:0|1:1|1:10|1:11|1:12|1:13|1:14|1:15|1:16|1:17|1:18|1:19|1:2|1:20|1:21|1:22|1:23|1:24|1:25|1:26|1:27|1:28|1:29|1:3|1:30|1:31|1:32|1:33|1:34|1:35|1:36|1:37|1:38|1:39|1:4|1:40|1:41|1:42|1:43|1:44|1:45|1:46|1:47|1:48|1:49|1:5|1:50|1:51|1:52|1:53|1:54|1:55|1:56|1:57|1:58|1:59|1:6|1:60|1:61|1:62|1:63|1:7|1:8|1:9|2:0|2:1|2:10|2:11|2:12|2:13|2:14|2:15|2:16|2:17|2:18|2:19|2:2|2:20|2:21|2:22|2:23|2:24|2:25|2:26|2:27|2:28|2:29|2:3|2:30|2:31|2:32|2:33|2:34|2:35|2:36|2:37|2:38|2:39|2:4|2:40|2:41|2:42|2:43|2:44|2:45|2:46|2:47|2:48|2:49|2:5|2:51|2:52|2:53|2:54|2:55|2:56|2:57|2:58|2:59|2:6|2:60|2:61|2:62|2:63|2:7|2:8|2:9|3:0|3:1|3:10|3:11|3:12|3:13|3:14|3:15|3:16|3:17|3:18|3:19|3:2|3:20|3:21|3:22|3:23|3:24|3:25|3:26|3:27|3:28|3:29|3:3|3:30|3:31|3:32|3:33|3:34|3:35|3:36|3:37|3:38|3:39|3:4|3:40|3:41|3:42|3:43|3:44|3:45|3:46|3:47|3:48|3:49|3:5|3:50|3:51|3:52|3:53|3:54|3:55|3:56|3:57|3:58|3:59|3:6|3:60|3:61|3:62|3:63|3:7|3:8|3:9|4:0|4:1|4:10|4:11|4:12|4:13|4:14|4:15|4:16|4:17|4:18|4:19|4:2|4:20|4:21|4:22|4:23|4:24|4:25|4:26|4:27|4:28|4:29|4:3|4:30|4:31|4:32|4:33|4:34|4:35|4:36|4:37|4:38|4:39|4:4|4:40|4:41|4:42|4:43|4:44|4:45|4:46|4:47|4:48|4:49|4:5|4:50|4:51|4:52|4:53|4:54|4:55|4:56|4:57|4:58|4:59|4:6|4:60|4:61|4:62|4:63|4:7|4:8|4:9|5:0|5:1|5:10|5:11|5:12|5:13|5:14|5:15|5:16|5:17|5:18|5:19|5:2|5:20|5:21|5:22|5:23|5:24|5:25|5:26|5:27|5:28|5:29|5:3|5:30|5:31|5:32|5:33|5:34|5:35|5:36|5:37|5:38|5:39|5:4|5:40|5:41|5:42|5:43|5:44|5:45|5:46|5:47|5:48|5:49|5:5|5:52|5:53|5:54|5:55|5:56|5:57|5:58|5:59|5:6|5:60|5:61|5:62|5:63|5:7|5:8|5:9
TIERING-OFF,315,exact-v9-5-to-6mwe,314784,suction,C2-MIXTURE-PREFIX,317,1,588.9,1|2|3|4|5,1:0|1:1|1:10|1:11|1:12|1:13|1:14|1:15|1:16|1:17|1:18|1:19|1:2|1:20|1:21|1:22|1:23|1:24|1:25|1:26|1:27|1:28|1:29|1:3|1:30|1:31|1:32|1:33|1:34|1:35|1:36|1:37|1:38|1:39|1:4|1:40|1:41|1:42|1:43|1:44|1:45|1:46|1:47|1:48|1:49|1:5|1:50|1:51|1:52|1:53|1:54|1:55|1:56|1:57|1:58|1:59|1:6|1:60|1:61|1:62|1:63|1:7|1:8|1:9|2:0|2:1|2:10|2:11|2:12|2:13|2:14|2:15|2:16|2:17|2:18|2:19|2:2|2:20|2:21|2:22|2:23|2:24|2:25|2:26|2:27|2:28|2:29|2:3|2:30|2:31|2:32|2:33|2:34|2:35|2:36|2:37|2:38|2:39|2:4|2:40|2:41|2:42|2:43|2:44|2:45|2:46|2:47|2:48|2:49|2:5|2:51|2:52|2:53|2:54|2:55|2:56|2:57|2:58|2:59|2:6|2:60|2:61|2:62|2:63|2:7|2:8|2:9|3:0|3:1|3:10|3:11|3:12|3:13|3:14|3:15|3:16|3:17|3:18|3:19|3:2|3:20|3:21|3:22|3:23|3:24|3:25|3:26|3:27|3:28|3:29|3:3|3:30|3:31|3:32|3:33|3:34|3:35|3:36|3:37|3:38|3:39|3:4|3:40|3:41|3:42|3:43|3:44|3:45|3:46|3:47|3:48|3:49|3:5|3:50|3:51|3:52|3:53|3:54|3:55|3:56|3:57|3:58|3:59|3:6|3:60|3:61|3:62|3:63|3:7|3:8|3:9|4:0|4:1|4:10|4:11|4:12|4:13|4:14|4:15|4:16|4:17|4:18|4:19|4:2|4:20|4:21|4:22|4:23|4:24|4:25|4:26|4:27|4:28|4:29|4:3|4:30|4:31|4:32|4:33|4:34|4:35|4:36|4:37|4:38|4:39|4:4|4:40|4:41|4:42|4:43|4:44|4:45|4:46|4:47|4:48|4:49|4:5|4:50|4:51|4:52|4:53|4:54|4:55|4:56|4:57|4:58|4:59|4:6|4:60|4:61|4:62|4:63|4:7|4:8|4:9|5:0|5:1|5:10|5:11|5:12|5:13|5:14|5:15|5:16|5:17|5:18|5:19|5:2|5:20|5:21|5:22|5:23|5:24|5:25|5:26|5:27|5:28|5:29|5:3|5:30|5:31|5:32|5:33|5:34|5:35|5:36|5:37|5:38|5:39|5:4|5:40|5:41|5:42|5:43|5:44|5:45|5:46|5:47|5:48|5:49|5:5|5:52|5:53|5:54|5:55|5:56|5:57|5:58|5:59|5:6|5:60|5:61|5:62|5:63|5:7|5:8|5:9
TIERING-OFF,316,exact-v9-5-to-6mwe,314784,pressure,C2-MIXTURE-PREFIX,316,0,205.9,1|2|3|4|5,1:0|1:1|1:10|1:11|1:12|1:13|1:14|1:15|1:16|1:17|1:18|1:19|1:2|1:20|1:21|1:22|1:23|1:24|1:25|1:26|1:27|1:28|1:29|1:3|1:30|1:31|1:32|1:33|1:34|1:35|1:36|1:37|1:38|1:39|1:4|1:40|1:41|1:42|1:43|1:44|1:45|1:46|1:47|1:48|1:49|1:5|1:50|1:51|1:52|1:53|1:54|1:55|1:56|1:57|1:58|1:59|1:6|1:60|1:61|1:62|1:63|1:7|1:8|1:9|2:0|2:1|2:10|2:11|2:12|2:13|2:14|2:15|2:16|2:17|2:18|2:19|2:2|2:20|2:21|2:22|2:23|2:24|2:25|2:26|2:27|2:28|2:29|2:3|2:30|2:31|2:32|2:33|2:34|2:35|2:36|2:37|2:38|2:39|2:4|2:40|2:41|2:42|2:43|2:44|2:45|2:46|2:47|2:48|2:49|2:5|2:51|2:52|2:53|2:54|2:55|2:56|2:57|2:58|2:59|2:6|2:60|2:61|2:62|2:63|2:7|2:8|2:9|3:0|3:1|3:10|3:11|3:12|3:13|3:14|3:15|3:16|3:17|3:18|3:19|3:2|3:20|3:21|3:22|3:23|3:24|3:25|3:26|3:27|3:28|3:29|3:3|3:30|3:31|3:32|3:33|3:34|3:35|3:36|3:37|3:38|3:39|3:4|3:40|3:41|3:42|3:43|3:44|3:45|3:46|3:47|3:48|3:49|3:5|3:50|3:52|3:53|3:54|3:55|3:56|3:57|3:58|3:59|3:6|3:60|3:61|3:62|3:63|3:7|3:8|3:9|4:0|4:1|4:10|4:11|4:12|4:13|4:14|4:15|4:16|4:17|4:18|4:19|4:2|4:20|4:21|4:22|4:23|4:24|4:25|4:26|4:27|4:28|4:29|4:3|4:30|4:31|4:32|4:33|4:34|4:35|4:36|4:37|4:38|4:39|4:4|4:40|4:41|4:42|4:43|4:44|4:45|4:46|4:47|4:48|4:49|4:5|4:50|4:51|4:52|4:53|4:54|4:55|4:56|4:57|4:58|4:59|4:6|4:60|4:61|4:62|4:63|4:7|4:8|4:9|5:0|5:1|5:10|5:11|5:12|5:13|5:14|5:15|5:16|5:17|5:18|5:19|5:2|5:20|5:21|5:22|5:23|5:24|5:25|5:26|5:27|5:28|5:29|5:3|5:30|5:31|5:32|5:33|5:34|5:35|5:36|5:37|5:38|5:39|5:4|5:40|5:41|5:42|5:43|5:44|5:45|5:46|5:47|5:48|5:49|5:5|5:52|5:53|5:54|5:55|5:56|5:57|5:58|5:59|5:6|5:60|5:61|5:62|5:63|5:7|5:8|5:9
TIERING-OFF,317,exact-v9-5-to-6mwe,314784,outlet,C2-MIXTURE-PREFIX,317,1,482.5,1|2|3|4|5,1:0|1:1|1:10|1:11|1:12|1:13|1:14|1:15|1:16|1:17|1:18|1:19|1:2|1:20|1:21|1:22|1:23|1:24|1:25|1:26|1:27|1:28|1:29|1:3|1:30|1:31|1:32|1:33|1:34|1:35|1:36|1:37|1:38|1:39|1:4|1:40|1:41|1:42|1:43|1:44|1:45|1:46|1:47|1:48|1:49|1:5|1:50|1:51|1:52|1:53|1:54|1:55|1:56|1:57|1:58|1:59|1:6|1:60|1:61|1:62|1:63|1:7|1:8|1:9|2:0|2:1|2:10|2:11|2:12|2:13|2:14|2:15|2:16|2:17|2:18|2:19|2:2|2:20|2:21|2:22|2:23|2:24|2:25|2:26|2:27|2:28|2:29|2:3|2:30|2:31|2:32|2:33|2:34|2:35|2:36|2:37|2:38|2:39|2:4|2:40|2:41|2:42|2:43|2:44|2:45|2:46|2:47|2:48|2:49|2:5|2:51|2:52|2:53|2:54|2:55|2:56|2:57|2:58|2:59|2:6|2:60|2:61|2:62|2:63|2:7|2:8|2:9|3:0|3:1|3:10|3:11|3:12|3:13|3:14|3:15|3:16|3:17|3:18|3:19|3:2|3:20|3:21|3:22|3:23|3:24|3:25|3:26|3:27|3:28|3:29|3:3|3:30|3:31|3:32|3:33|3:34|3:35|3:36|3:37|3:38|3:39|3:4|3:40|3:41|3:42|3:43|3:44|3:45|3:46|3:47|3:48|3:49|3:5|3:50|3:51|3:52|3:53|3:54|3:55|3:56|3:57|3:58|3:59|3:6|3:60|3:61|3:62|3:63|3:7|3:8|3:9|4:0|4:1|4:10|4:11|4:12|4:13|4:14|4:15|4:16|4:17|4:18|4:19|4:2|4:20|4:21|4:22|4:23|4:24|4:25|4:26|4:27|4:28|4:29|4:3|4:30|4:31|4:32|4:33|4:34|4:35|4:36|4:37|4:38|4:39|4:4|4:40|4:41|4:42|4:43|4:44|4:45|4:46|4:47|4:48|4:49|4:5|4:50|4:51|4:52|4:53|4:54|4:55|4:56|4:57|4:58|4:59|4:6|4:60|4:61|4:62|4:63|4:7|4:8|4:9|5:0|5:1|5:10|5:11|5:12|5:13|5:14|5:15|5:16|5:17|5:18|5:19|5:2|5:20|5:21|5:22|5:23|5:24|5:25|5:26|5:27|5:28|5:29|5:3|5:30|5:31|5:32|5:33|5:34|5:35|5:36|5:37|5:38|5:39|5:4|5:40|5:41|5:42|5:43|5:44|5:45|5:46|5:47|5:48|5:49|5:5|5:52|5:53|5:54|5:55|5:56|5:57|5:58|5:59|5:6|5:60|5:61|5:62|5:63|5:7|5:8|5:9
TIERING-OFF,318,exact-v9-5-to-6mwe,314784,drum,C2-MIXTURE-PREFIX,316,0,356.1,1|2|3|4|5,1:0|1:1|1:10|1:11|1:12|1:13|1:14|1:15|1:16|1:17|1:18|1:19|1:2|1:20|1:21|1:22|1:23|1:24|1:25|1:26|1:27|1:28|1:29|1:3|1:30|1:31|1:32|1:33|1:34|1:35|1:36|1:37|1:38|1:39|1:4|1:40|1:41|1:42|1:43|1:44|1:45|1:46|1:47|1:48|1:49|1:5|1:50|1:51|1:52|1:53|1:54|1:55|1:56|1:57|1:58|1:59|1:6|1:60|1:61|1:62|1:63|1:7|1:8|1:9|2:0|2:1|2:10|2:11|2:12|2:13|2:14|2:15|2:16|2:17|2:18|2:19|2:2|2:20|2:21|2:22|2:23|2:24|2:25|2:26|2:27|2:28|2:29|2:3|2:30|2:31|2:32|2:33|2:34|2:35|2:36|2:37|2:38|2:39|2:4|2:40|2:41|2:42|2:43|2:44|2:45|2:46|2:47|2:48|2:49|2:5|2:51|2:52|2:53|2:54|2:55|2:56|2:57|2:58|2:59|2:6|2:60|2:61|2:62|2:63|2:7|2:8|2:9|3:0|3:1|3:10|3:11|3:12|3:13|3:14|3:15|3:16|3:17|3:18|3:19|3:2|3:20|3:21|3:22|3:23|3:24|3:25|3:26|3:27|3:28|3:29|3:3|3:30|3:31|3:32|3:33|3:34|3:35|3:36|3:37|3:38|3:39|3:4|3:40|3:41|3:42|3:43|3:44|3:45|3:46|3:47|3:48|3:49|3:5|3:50|3:52|3:53|3:54|3:55|3:56|3:57|3:58|3:59|3:6|3:60|3:61|3:62|3:63|3:7|3:8|3:9|4:0|4:1|4:10|4:11|4:12|4:13|4:14|4:15|4:16|4:17|4:18|4:19|4:2|4:20|4:21|4:22|4:23|4:24|4:25|4:26|4:27|4:28|4:29|4:3|4:30|4:31|4:32|4:33|4:34|4:35|4:36|4:37|4:38|4:39|4:4|4:40|4:41|4:42|4:43|4:44|4:45|4:46|4:47|4:48|4:49|4:5|4:50|4:51|4:52|4:53|4:54|4:55|4:56|4:57|4:58|4:59|4:6|4:60|4:61|4:62|4:63|4:7|4:8|4:9|5:0|5:1|5:10|5:11|5:12|5:13|5:14|5:15|5:16|5:17|5:18|5:19|5:2|5:20|5:21|5:22|5:23|5:24|5:25|5:26|5:27|5:28|5:29|5:3|5:30|5:31|5:32|5:33|5:34|5:35|5:36|5:37|5:38|5:39|5:4|5:40|5:41|5:42|5:43|5:44|5:45|5:46|5:47|5:48|5:49|5:5|5:52|5:53|5:54|5:55|5:56|5:57|5:58|5:59|5:6|5:60|5:61|5:62|5:63|5:7|5:8|5:9
TIERING-OFF,319,exact-v9-5-to-6mwe,314784,feedwater-inventory,C2-MIXTURE-PREFIX,2,0,199.6,1|3,1:28|3:57
TIERING-OFF,32,background-reference,36000,outlet,C2-MIXTURE-PREFIX,317,0,375.5,1|2|3|4|5,1:0|1:1|1:10|1:11|1:12|1:13|1:14|1:15|1:16|1:17|1:18|1:19|1:2|1:20|1:21|1:22|1:23|1:24|1:25|1:26|1:27|1:28|1:29|1:3|1:30|1:31|1:32|1:33|1:34|1:35|1:36|1:37|1:38|1:39|1:4|1:40|1:41|1:42|1:43|1:44|1:45|1:46|1:47|1:48|1:49|1:5|1:50|1:51|1:52|1:53|1:54|1:55|1:56|1:57|1:58|1:59|1:6|1:60|1:61|1:62|1:63|1:7|1:8|1:9|2:0|2:1|2:10|2:11|2:12|2:13|2:14|2:15|2:16|2:17|2:18|2:19|2:2|2:20|2:21|2:22|2:23|2:24|2:25|2:26|2:27|2:28|2:29|2:3|2:30|2:31|2:32|2:33|2:34|2:35|2:36|2:37|2:38|2:39|2:4|2:40|2:41|2:42|2:43|2:44|2:45|2:46|2:47|2:48|2:49|2:5|2:51|2:52|2:53|2:54|2:55|2:56|2:57|2:58|2:59|2:6|2:60|2:61|2:62|2:63|2:7|2:8|2:9|3:0|3:1|3:10|3:11|3:12|3:13|3:14|3:15|3:16|3:17|3:18|3:19|3:2|3:20|3:21|3:22|3:23|3:24|3:25|3:26|3:27|3:28|3:29|3:3|3:30|3:31|3:32|3:33|3:34|3:35|3:36|3:37|3:38|3:39|3:4|3:40|3:41|3:42|3:43|3:44|3:45|3:46|3:47|3:48|3:49|3:5|3:50|3:51|3:52|3:53|3:54|3:55|3:56|3:57|3:58|3:59|3:6|3:60|3:61|3:62|3:63|3:7|3:8|3:9|4:0|4:1|4:10|4:11|4:12|4:13|4:14|4:15|4:16|4:17|4:18|4:19|4:2|4:20|4:21|4:22|4:23|4:24|4:25|4:26|4:27|4:28|4:29|4:3|4:30|4:31|4:32|4:33|4:34|4:35|4:36|4:37|4:38|4:39|4:4|4:40|4:41|4:42|4:43|4:44|4:45|4:46|4:47|4:48|4:49|4:5|4:50|4:51|4:52|4:53|4:54|4:55|4:56|4:57|4:58|4:59|4:6|4:60|4:61|4:62|4:63|4:7|4:8|4:9|5:0|5:1|5:10|5:11|5:12|5:13|5:14|5:15|5:16|5:17|5:18|5:19|5:2|5:20|5:21|5:22|5:23|5:24|5:25|5:26|5:27|5:28|5:29|5:3|5:30|5:31|5:32|5:33|5:34|5:35|5:36|5:37|5:38|5:39|5:4|5:40|5:41|5:42|5:43|5:44|5:45|5:46|5:47|5:48|5:49|5:5|5:52|5:53|5:54|5:55|5:56|5:57|5:58|5:59|5:6|5:60|5:61|5:62|5:63|5:7|5:8|5:9
TIERING-OFF,320,exact-v9-5-to-6mwe,320784,suction,C2-MIXTURE-PREFIX,315,0,232.7,1|2|3|4|5,1:0|1:1|1:10|1:11|1:12|1:13|1:14|1:15|1:16|1:17|1:18|1:19|1:2|1:20|1:21|1:22|1:23|1:24|1:25|1:26|1:27|1:28|1:29|1:3|1:30|1:31|1:32|1:33|1:34|1:35|1:36|1:37|1:38|1:39|1:4|1:40|1:41|1:42|1:43|1:44|1:45|1:46|1:47|1:48|1:49|1:5|1:50|1:51|1:52|1:53|1:54|1:55|1:56|1:57|1:58|1:59|1:6|1:60|1:61|1:62|1:63|1:7|1:8|1:9|2:0|2:1|2:10|2:11|2:12|2:13|2:14|2:15|2:16|2:17|2:18|2:19|2:2|2:20|2:21|2:22|2:23|2:24|2:25|2:26|2:27|2:28|2:29|2:3|2:30|2:31|2:32|2:33|2:34|2:35|2:36|2:37|2:38|2:39|2:4|2:40|2:41|2:42|2:43|2:44|2:45|2:46|2:47|2:48|2:49|2:5|2:51|2:52|2:53|2:54|2:55|2:56|2:57|2:58|2:59|2:6|2:60|2:61|2:62|2:63|2:7|2:8|2:9|3:0|3:1|3:10|3:11|3:12|3:13|3:14|3:15|3:16|3:17|3:18|3:19|3:2|3:20|3:21|3:22|3:23|3:24|3:25|3:26|3:27|3:28|3:29|3:3|3:30|3:31|3:32|3:33|3:34|3:35|3:36|3:37|3:38|3:39|3:4|3:40|3:41|3:42|3:43|3:44|3:45|3:46|3:47|3:48|3:49|3:5|3:50|3:52|3:53|3:54|3:55|3:56|3:57|3:58|3:59|3:6|3:60|3:61|3:62|3:63|3:7|3:8|3:9|4:0|4:1|4:10|4:11|4:12|4:13|4:14|4:15|4:17|4:18|4:19|4:2|4:20|4:21|4:22|4:23|4:24|4:25|4:26|4:27|4:28|4:29|4:3|4:30|4:31|4:32|4:33|4:34|4:35|4:36|4:37|4:38|4:39|4:4|4:40|4:41|4:42|4:43|4:44|4:45|4:46|4:47|4:48|4:49|4:5|4:50|4:51|4:52|4:53|4:54|4:55|4:56|4:57|4:58|4:59|4:6|4:60|4:61|4:62|4:63|4:7|4:8|4:9|5:0|5:1|5:10|5:11|5:12|5:13|5:14|5:15|5:16|5:17|5:18|5:19|5:2|5:20|5:21|5:22|5:23|5:24|5:25|5:26|5:27|5:28|5:29|5:3|5:30|5:31|5:32|5:33|5:34|5:35|5:36|5:37|5:38|5:39|5:4|5:40|5:41|5:42|5:43|5:44|5:45|5:46|5:47|5:48|5:49|5:5|5:52|5:53|5:54|5:55|5:56|5:57|5:58|5:59|5:6|5:60|5:61|5:62|5:63|5:7|5:8|5:9
TIERING-OFF,321,exact-v9-5-to-6mwe,320784,pressure,C2-MIXTURE-PREFIX,315,0,286.5,1|2|3|4|5,1:0|1:1|1:10|1:11|1:12|1:13|1:14|1:15|1:16|1:17|1:18|1:19|1:2|1:20|1:21|1:22|1:23|1:24|1:25|1:26|1:27|1:28|1:29|1:3|1:30|1:31|1:32|1:33|1:34|1:35|1:36|1:37|1:38|1:39|1:4|1:40|1:41|1:42|1:43|1:44|1:45|1:46|1:47|1:48|1:49|1:5|1:50|1:51|1:52|1:53|1:54|1:55|1:56|1:57|1:58|1:59|1:6|1:60|1:61|1:62|1:63|1:7|1:8|1:9|2:0|2:1|2:10|2:11|2:12|2:13|2:14|2:15|2:16|2:17|2:18|2:19|2:2|2:20|2:21|2:22|2:23|2:24|2:25|2:26|2:27|2:28|2:29|2:3|2:30|2:31|2:32|2:33|2:34|2:35|2:36|2:37|2:38|2:39|2:4|2:40|2:41|2:42|2:43|2:44|2:45|2:46|2:47|2:48|2:49|2:5|2:51|2:52|2:53|2:54|2:55|2:56|2:57|2:58|2:59|2:6|2:60|2:61|2:62|2:63|2:7|2:8|2:9|3:0|3:1|3:10|3:11|3:12|3:13|3:14|3:15|3:16|3:17|3:18|3:19|3:2|3:20|3:21|3:22|3:23|3:24|3:25|3:26|3:27|3:28|3:29|3:3|3:30|3:31|3:32|3:33|3:34|3:35|3:36|3:37|3:38|3:39|3:4|3:40|3:41|3:42|3:43|3:44|3:45|3:46|3:47|3:48|3:49|3:5|3:50|3:52|3:53|3:54|3:55|3:56|3:57|3:58|3:59|3:6|3:60|3:61|3:62|3:63|3:7|3:8|3:9|4:0|4:1|4:10|4:11|4:12|4:13|4:14|4:15|4:17|4:18|4:19|4:2|4:20|4:21|4:22|4:23|4:24|4:25|4:26|4:27|4:28|4:29|4:3|4:30|4:31|4:32|4:33|4:34|4:35|4:36|4:37|4:38|4:39|4:4|4:40|4:41|4:42|4:43|4:44|4:45|4:46|4:47|4:48|4:49|4:5|4:50|4:51|4:52|4:53|4:54|4:55|4:56|4:57|4:58|4:59|4:6|4:60|4:61|4:62|4:63|4:7|4:8|4:9|5:0|5:1|5:10|5:11|5:12|5:13|5:14|5:15|5:16|5:17|5:18|5:19|5:2|5:20|5:21|5:22|5:23|5:24|5:25|5:26|5:27|5:28|5:29|5:3|5:30|5:31|5:32|5:33|5:34|5:35|5:36|5:37|5:38|5:39|5:4|5:40|5:41|5:42|5:43|5:44|5:45|5:46|5:47|5:48|5:49|5:5|5:52|5:53|5:54|5:55|5:56|5:57|5:58|5:59|5:6|5:60|5:61|5:62|5:63|5:7|5:8|5:9
TIERING-OFF,322,exact-v9-5-to-6mwe,320784,outlet,C2-MIXTURE-PREFIX,315,0,290.4,1|2|3|4|5,1:0|1:1|1:10|1:11|1:12|1:13|1:14|1:15|1:16|1:17|1:18|1:19|1:2|1:20|1:21|1:22|1:23|1:24|1:25|1:26|1:27|1:28|1:29|1:3|1:30|1:31|1:32|1:33|1:34|1:35|1:36|1:37|1:38|1:39|1:4|1:40|1:41|1:42|1:43|1:44|1:45|1:46|1:47|1:48|1:49|1:5|1:50|1:51|1:52|1:53|1:54|1:55|1:56|1:57|1:58|1:59|1:6|1:60|1:61|1:62|1:63|1:7|1:8|1:9|2:0|2:1|2:10|2:11|2:12|2:13|2:14|2:15|2:16|2:17|2:18|2:19|2:2|2:20|2:21|2:22|2:23|2:24|2:25|2:26|2:27|2:28|2:29|2:3|2:30|2:31|2:32|2:33|2:34|2:35|2:36|2:37|2:38|2:39|2:4|2:40|2:41|2:42|2:43|2:44|2:45|2:46|2:47|2:48|2:49|2:5|2:51|2:52|2:53|2:54|2:55|2:56|2:57|2:58|2:59|2:6|2:60|2:61|2:62|2:63|2:7|2:8|2:9|3:0|3:1|3:10|3:11|3:12|3:13|3:14|3:15|3:16|3:17|3:18|3:19|3:2|3:20|3:21|3:22|3:23|3:24|3:25|3:26|3:27|3:28|3:29|3:3|3:30|3:31|3:32|3:33|3:34|3:35|3:36|3:37|3:38|3:39|3:4|3:40|3:41|3:42|3:43|3:44|3:45|3:46|3:47|3:48|3:49|3:5|3:50|3:52|3:53|3:54|3:55|3:56|3:57|3:58|3:59|3:6|3:60|3:61|3:62|3:63|3:7|3:8|3:9|4:0|4:1|4:10|4:11|4:12|4:13|4:14|4:15|4:17|4:18|4:19|4:2|4:20|4:21|4:22|4:23|4:24|4:25|4:26|4:27|4:28|4:29|4:3|4:30|4:31|4:32|4:33|4:34|4:35|4:36|4:37|4:38|4:39|4:4|4:40|4:41|4:42|4:43|4:44|4:45|4:46|4:47|4:48|4:49|4:5|4:50|4:51|4:52|4:53|4:54|4:55|4:56|4:57|4:58|4:59|4:6|4:60|4:61|4:62|4:63|4:7|4:8|4:9|5:0|5:1|5:10|5:11|5:12|5:13|5:14|5:15|5:16|5:17|5:18|5:19|5:2|5:20|5:21|5:22|5:23|5:24|5:25|5:26|5:27|5:28|5:29|5:3|5:30|5:31|5:32|5:33|5:34|5:35|5:36|5:37|5:38|5:39|5:4|5:40|5:41|5:42|5:43|5:44|5:45|5:46|5:47|5:48|5:49|5:5|5:52|5:53|5:54|5:55|5:56|5:57|5:58|5:59|5:6|5:60|5:61|5:62|5:63|5:7|5:8|5:9
TIERING-OFF,323,exact-v9-5-to-6mwe,320784,drum,C2-MIXTURE-PREFIX,316,2,461.9,1|2|3|4|5,1:0|1:1|1:10|1:11|1:12|1:13|1:14|1:15|1:16|1:17|1:18|1:19|1:2|1:20|1:21|1:22|1:23|1:24|1:25|1:26|1:27|1:28|1:29|1:3|1:30|1:31|1:32|1:33|1:34|1:35|1:36|1:37|1:38|1:39|1:4|1:40|1:41|1:42|1:43|1:44|1:45|1:46|1:47|1:48|1:49|1:5|1:50|1:51|1:52|1:53|1:54|1:55|1:56|1:57|1:58|1:59|1:6|1:60|1:61|1:62|1:63|1:7|1:8|1:9|2:0|2:1|2:10|2:11|2:12|2:13|2:14|2:15|2:16|2:17|2:18|2:19|2:2|2:20|2:21|2:22|2:23|2:24|2:25|2:26|2:27|2:28|2:29|2:3|2:30|2:31|2:32|2:33|2:34|2:35|2:36|2:37|2:38|2:39|2:4|2:40|2:41|2:42|2:43|2:44|2:45|2:46|2:47|2:48|2:49|2:5|2:51|2:52|2:53|2:54|2:55|2:56|2:57|2:58|2:59|2:6|2:60|2:61|2:62|2:63|2:7|2:8|2:9|3:0|3:1|3:10|3:11|3:12|3:13|3:14|3:15|3:16|3:17|3:18|3:19|3:2|3:20|3:21|3:22|3:23|3:24|3:25|3:26|3:27|3:28|3:29|3:3|3:30|3:31|3:32|3:33|3:34|3:35|3:36|3:37|3:38|3:39|3:4|3:40|3:41|3:42|3:43|3:44|3:45|3:46|3:47|3:48|3:49|3:5|3:50|3:52|3:53|3:54|3:55|3:56|3:57|3:58|3:59|3:6|3:60|3:61|3:62|3:63|3:7|3:8|3:9|4:0|4:1|4:10|4:11|4:12|4:13|4:14|4:15|4:16|4:17|4:18|4:19|4:2|4:20|4:21|4:22|4:23|4:24|4:25|4:26|4:27|4:28|4:29|4:3|4:30|4:31|4:32|4:33|4:34|4:35|4:36|4:37|4:38|4:39|4:4|4:40|4:41|4:42|4:43|4:44|4:45|4:46|4:47|4:48|4:49|4:5|4:50|4:51|4:52|4:53|4:54|4:55|4:56|4:57|4:58|4:59|4:6|4:60|4:61|4:62|4:63|4:7|4:8|4:9|5:0|5:1|5:10|5:11|5:12|5:13|5:14|5:15|5:16|5:17|5:18|5:19|5:2|5:20|5:21|5:22|5:23|5:24|5:25|5:26|5:27|5:28|5:29|5:3|5:30|5:31|5:32|5:33|5:34|5:35|5:36|5:37|5:38|5:39|5:4|5:40|5:41|5:42|5:43|5:44|5:45|5:46|5:47|5:48|5:49|5:5|5:52|5:53|5:54|5:55|5:56|5:57|5:58|5:59|5:6|5:60|5:61|5:62|5:63|5:7|5:8|5:9
TIERING-OFF,325,exact-v9-5-to-6mwe,326784,suction,C2-MIXTURE-PREFIX,316,0,328.8,1|2|3|4|5,1:0|1:1|1:10|1:11|1:12|1:13|1:14|1:15|1:16|1:17|1:18|1:19|1:2|1:20|1:21|1:22|1:23|1:24|1:25|1:26|1:27|1:28|1:29|1:3|1:30|1:31|1:32|1:33|1:34|1:35|1:36|1:37|1:38|1:39|1:4|1:40|1:41|1:42|1:43|1:44|1:45|1:46|1:47|1:48|1:49|1:5|1:50|1:51|1:52|1:53|1:54|1:55|1:56|1:57|1:58|1:59|1:6|1:60|1:61|1:62|1:63|1:7|1:8|1:9|2:0|2:1|2:10|2:11|2:12|2:13|2:14|2:15|2:16|2:17|2:18|2:19|2:2|2:20|2:21|2:22|2:23|2:24|2:25|2:26|2:27|2:28|2:29|2:3|2:30|2:31|2:32|2:33|2:34|2:35|2:36|2:37|2:38|2:39|2:4|2:40|2:41|2:42|2:43|2:44|2:45|2:46|2:47|2:48|2:49|2:5|2:51|2:52|2:53|2:54|2:55|2:56|2:57|2:58|2:59|2:6|2:60|2:61|2:62|2:63|2:7|2:8|2:9|3:0|3:1|3:10|3:11|3:12|3:13|3:14|3:15|3:16|3:17|3:18|3:19|3:2|3:20|3:21|3:22|3:23|3:24|3:25|3:26|3:27|3:28|3:29|3:3|3:30|3:31|3:32|3:33|3:34|3:35|3:36|3:37|3:38|3:39|3:4|3:40|3:41|3:42|3:43|3:44|3:45|3:46|3:47|3:48|3:49|3:5|3:50|3:52|3:53|3:54|3:55|3:56|3:57|3:58|3:59|3:6|3:60|3:61|3:62|3:63|3:7|3:8|3:9|4:0|4:1|4:10|4:11|4:12|4:13|4:14|4:15|4:16|4:17|4:18|4:19|4:2|4:20|4:21|4:22|4:23|4:24|4:25|4:26|4:27|4:28|4:29|4:3|4:30|4:31|4:32|4:33|4:34|4:35|4:36|4:37|4:38|4:39|4:4|4:40|4:41|4:42|4:43|4:44|4:45|4:46|4:47|4:48|4:49|4:5|4:50|4:51|4:52|4:53|4:54|4:55|4:56|4:57|4:58|4:59|4:6|4:60|4:61|4:62|4:63|4:7|4:8|4:9|5:0|5:1|5:10|5:11|5:12|5:13|5:14|5:15|5:16|5:17|5:18|5:19|5:2|5:20|5:21|5:22|5:23|5:24|5:25|5:26|5:27|5:28|5:29|5:3|5:30|5:31|5:32|5:33|5:34|5:35|5:36|5:37|5:38|5:39|5:4|5:40|5:41|5:42|5:43|5:44|5:45|5:46|5:47|5:48|5:49|5:5|5:52|5:53|5:54|5:55|5:56|5:57|5:58|5:59|5:6|5:60|5:61|5:62|5:63|5:7|5:8|5:9
TIERING-OFF,326,exact-v9-5-to-6mwe,326784,pressure,C2-MIXTURE-PREFIX,316,0,221.2,1|2|3|4|5,1:0|1:1|1:10|1:11|1:12|1:13|1:14|1:15|1:16|1:17|1:18|1:19|1:2|1:20|1:21|1:22|1:23|1:24|1:25|1:26|1:27|1:28|1:29|1:3|1:30|1:31|1:32|1:33|1:34|1:35|1:36|1:37|1:38|1:39|1:4|1:40|1:41|1:42|1:43|1:44|1:45|1:46|1:47|1:48|1:49|1:5|1:50|1:51|1:52|1:53|1:54|1:55|1:56|1:57|1:58|1:59|1:6|1:60|1:61|1:62|1:63|1:7|1:8|1:9|2:0|2:1|2:10|2:11|2:12|2:13|2:14|2:15|2:16|2:17|2:18|2:19|2:2|2:20|2:21|2:22|2:23|2:24|2:25|2:26|2:27|2:28|2:29|2:3|2:30|2:31|2:32|2:33|2:34|2:35|2:36|2:37|2:38|2:39|2:4|2:40|2:41|2:42|2:43|2:44|2:45|2:46|2:47|2:48|2:49|2:5|2:51|2:52|2:53|2:54|2:55|2:56|2:57|2:58|2:59|2:6|2:60|2:61|2:62|2:63|2:7|2:8|2:9|3:0|3:1|3:10|3:11|3:12|3:13|3:14|3:15|3:16|3:17|3:18|3:19|3:2|3:20|3:21|3:22|3:23|3:24|3:25|3:26|3:27|3:28|3:29|3:3|3:30|3:31|3:32|3:33|3:34|3:35|3:36|3:37|3:38|3:39|3:4|3:40|3:41|3:42|3:43|3:44|3:45|3:46|3:47|3:48|3:49|3:5|3:50|3:52|3:53|3:54|3:55|3:56|3:57|3:58|3:59|3:6|3:60|3:61|3:62|3:63|3:7|3:8|3:9|4:0|4:1|4:10|4:11|4:12|4:13|4:14|4:15|4:16|4:17|4:18|4:19|4:2|4:20|4:21|4:22|4:23|4:24|4:25|4:26|4:27|4:28|4:29|4:3|4:30|4:31|4:32|4:33|4:34|4:35|4:36|4:37|4:38|4:39|4:4|4:40|4:41|4:42|4:43|4:44|4:45|4:46|4:47|4:48|4:49|4:5|4:50|4:51|4:52|4:53|4:54|4:55|4:56|4:57|4:58|4:59|4:6|4:60|4:61|4:62|4:63|4:7|4:8|4:9|5:0|5:1|5:10|5:11|5:12|5:13|5:14|5:15|5:16|5:17|5:18|5:19|5:2|5:20|5:21|5:22|5:23|5:24|5:25|5:26|5:27|5:28|5:29|5:3|5:30|5:31|5:32|5:33|5:34|5:35|5:36|5:37|5:38|5:39|5:4|5:40|5:41|5:42|5:43|5:44|5:45|5:46|5:47|5:48|5:49|5:5|5:52|5:53|5:54|5:55|5:56|5:57|5:58|5:59|5:6|5:60|5:61|5:62|5:63|5:7|5:8|5:9
TIERING-OFF,327,exact-v9-5-to-6mwe,326784,outlet,C2-MIXTURE-PREFIX,316,0,182.4,1|2|3|4|5,1:0|1:1|1:10|1:11|1:12|1:13|1:14|1:15|1:16|1:17|1:18|1:19|1:2|1:20|1:21|1:22|1:23|1:24|1:25|1:26|1:27|1:28|1:29|1:3|1:30|1:31|1:32|1:33|1:34|1:35|1:36|1:37|1:38|1:39|1:4|1:40|1:41|1:42|1:43|1:44|1:45|1:46|1:47|1:48|1:49|1:5|1:50|1:51|1:52|1:53|1:54|1:55|1:56|1:57|1:58|1:59|1:6|1:60|1:61|1:62|1:63|1:7|1:8|1:9|2:0|2:1|2:10|2:11|2:12|2:13|2:14|2:15|2:16|2:17|2:18|2:19|2:2|2:20|2:21|2:22|2:23|2:24|2:25|2:26|2:27|2:28|2:29|2:3|2:30|2:31|2:32|2:33|2:34|2:35|2:36|2:37|2:38|2:39|2:4|2:40|2:41|2:42|2:43|2:44|2:45|2:46|2:47|2:48|2:49|2:5|2:51|2:52|2:53|2:54|2:55|2:56|2:57|2:58|2:59|2:6|2:60|2:61|2:62|2:63|2:7|2:8|2:9|3:0|3:1|3:10|3:11|3:12|3:13|3:14|3:15|3:16|3:17|3:18|3:19|3:2|3:20|3:21|3:22|3:23|3:24|3:25|3:26|3:27|3:28|3:29|3:3|3:30|3:31|3:32|3:33|3:34|3:35|3:36|3:37|3:38|3:39|3:4|3:40|3:41|3:42|3:43|3:44|3:45|3:46|3:47|3:48|3:49|3:5|3:50|3:52|3:53|3:54|3:55|3:56|3:57|3:58|3:59|3:6|3:60|3:61|3:62|3:63|3:7|3:8|3:9|4:0|4:1|4:10|4:11|4:12|4:13|4:14|4:15|4:16|4:17|4:18|4:19|4:2|4:20|4:21|4:22|4:23|4:24|4:25|4:26|4:27|4:28|4:29|4:3|4:30|4:31|4:32|4:33|4:34|4:35|4:36|4:37|4:38|4:39|4:4|4:40|4:41|4:42|4:43|4:44|4:45|4:46|4:47|4:48|4:49|4:5|4:50|4:51|4:52|4:53|4:54|4:55|4:56|4:57|4:58|4:59|4:6|4:60|4:61|4:62|4:63|4:7|4:8|4:9|5:0|5:1|5:10|5:11|5:12|5:13|5:14|5:15|5:16|5:17|5:18|5:19|5:2|5:20|5:21|5:22|5:23|5:24|5:25|5:26|5:27|5:28|5:29|5:3|5:30|5:31|5:32|5:33|5:34|5:35|5:36|5:37|5:38|5:39|5:4|5:40|5:41|5:42|5:43|5:44|5:45|5:46|5:47|5:48|5:49|5:5|5:52|5:53|5:54|5:55|5:56|5:57|5:58|5:59|5:6|5:60|5:61|5:62|5:63|5:7|5:8|5:9
TIERING-OFF,328,exact-v9-5-to-6mwe,326784,drum,C2-MIXTURE-PREFIX,316,1,878.5,1|2|3|4|5,1:0|1:1|1:10|1:11|1:12|1:13|1:14|1:15|1:16|1:17|1:18|1:19|1:2|1:20|1:21|1:22|1:23|1:24|1:25|1:26|1:27|1:28|1:29|1:3|1:30|1:31|1:32|1:33|1:34|1:35|1:36|1:37|1:38|1:39|1:4|1:40|1:41|1:42|1:43|1:44|1:45|1:46|1:47|1:48|1:49|1:5|1:50|1:51|1:52|1:53|1:54|1:55|1:56|1:57|1:58|1:59|1:6|1:60|1:61|1:62|1:63|1:7|1:8|1:9|2:0|2:1|2:10|2:11|2:12|2:13|2:14|2:15|2:16|2:17|2:18|2:19|2:2|2:20|2:21|2:22|2:23|2:24|2:25|2:26|2:27|2:28|2:29|2:3|2:30|2:31|2:32|2:33|2:34|2:35|2:36|2:37|2:38|2:39|2:4|2:40|2:41|2:42|2:43|2:44|2:45|2:46|2:47|2:48|2:49|2:5|2:51|2:52|2:53|2:54|2:55|2:56|2:57|2:58|2:59|2:6|2:60|2:61|2:62|2:63|2:7|2:8|2:9|3:0|3:1|3:10|3:11|3:12|3:13|3:14|3:15|3:16|3:17|3:18|3:19|3:2|3:20|3:21|3:22|3:23|3:24|3:25|3:26|3:27|3:28|3:29|3:3|3:30|3:31|3:32|3:33|3:34|3:35|3:36|3:37|3:38|3:39|3:4|3:40|3:41|3:42|3:43|3:44|3:45|3:46|3:47|3:48|3:49|3:5|3:50|3:52|3:53|3:54|3:55|3:56|3:57|3:58|3:59|3:6|3:60|3:61|3:62|3:63|3:7|3:8|3:9|4:0|4:1|4:10|4:11|4:12|4:13|4:14|4:15|4:16|4:17|4:18|4:19|4:2|4:20|4:21|4:22|4:23|4:24|4:25|4:26|4:27|4:28|4:29|4:3|4:30|4:31|4:32|4:33|4:34|4:35|4:36|4:37|4:38|4:39|4:4|4:40|4:41|4:42|4:43|4:44|4:45|4:46|4:47|4:48|4:49|4:5|4:50|4:51|4:52|4:53|4:54|4:55|4:56|4:57|4:58|4:59|4:6|4:60|4:61|4:62|4:63|4:7|4:8|4:9|5:0|5:1|5:10|5:11|5:12|5:13|5:14|5:15|5:16|5:17|5:18|5:19|5:2|5:20|5:21|5:22|5:23|5:24|5:25|5:26|5:27|5:28|5:29|5:3|5:30|5:31|5:32|5:33|5:34|5:35|5:36|5:37|5:38|5:39|5:4|5:40|5:41|5:42|5:43|5:44|5:45|5:46|5:47|5:48|5:49|5:5|5:52|5:53|5:54|5:55|5:56|5:57|5:58|5:59|5:6|5:60|5:61|5:62|5:63|5:7|5:8|5:9
TIERING-OFF,33,background-reference,36000,drum,C2-MIXTURE-PREFIX,317,0,365.7,1|2|3|4|5,1:0|1:1|1:10|1:11|1:12|1:13|1:14|1:15|1:16|1:17|1:18|1:19|1:2|1:20|1:21|1:22|1:23|1:24|1:25|1:26|1:27|1:28|1:29|1:3|1:30|1:31|1:32|1:33|1:34|1:35|1:36|1:37|1:38|1:39|1:4|1:40|1:41|1:42|1:43|1:44|1:45|1:46|1:47|1:48|1:49|1:5|1:50|1:51|1:52|1:53|1:54|1:55|1:56|1:57|1:58|1:59|1:6|1:60|1:61|1:62|1:63|1:7|1:8|1:9|2:0|2:1|2:10|2:11|2:12|2:13|2:14|2:15|2:16|2:17|2:18|2:19|2:2|2:20|2:21|2:22|2:23|2:24|2:25|2:26|2:27|2:28|2:29|2:3|2:30|2:31|2:32|2:33|2:34|2:35|2:36|2:37|2:38|2:39|2:4|2:40|2:41|2:42|2:43|2:44|2:45|2:46|2:47|2:48|2:49|2:5|2:51|2:52|2:53|2:54|2:55|2:56|2:57|2:58|2:59|2:6|2:60|2:61|2:62|2:63|2:7|2:8|2:9|3:0|3:1|3:10|3:11|3:12|3:13|3:14|3:15|3:16|3:17|3:18|3:19|3:2|3:20|3:21|3:22|3:23|3:24|3:25|3:26|3:27|3:28|3:29|3:3|3:30|3:31|3:32|3:33|3:34|3:35|3:36|3:37|3:38|3:39|3:4|3:40|3:41|3:42|3:43|3:44|3:45|3:46|3:47|3:48|3:49|3:5|3:50|3:51|3:52|3:53|3:54|3:55|3:56|3:57|3:58|3:59|3:6|3:60|3:61|3:62|3:63|3:7|3:8|3:9|4:0|4:1|4:10|4:11|4:12|4:13|4:14|4:15|4:16|4:17|4:18|4:19|4:2|4:20|4:21|4:22|4:23|4:24|4:25|4:26|4:27|4:28|4:29|4:3|4:30|4:31|4:32|4:33|4:34|4:35|4:36|4:37|4:38|4:39|4:4|4:40|4:41|4:42|4:43|4:44|4:45|4:46|4:47|4:48|4:49|4:5|4:50|4:51|4:52|4:53|4:54|4:55|4:56|4:57|4:58|4:59|4:6|4:60|4:61|4:62|4:63|4:7|4:8|4:9|5:0|5:1|5:10|5:11|5:12|5:13|5:14|5:15|5:16|5:17|5:18|5:19|5:2|5:20|5:21|5:22|5:23|5:24|5:25|5:26|5:27|5:28|5:29|5:3|5:30|5:31|5:32|5:33|5:34|5:35|5:36|5:37|5:38|5:39|5:4|5:40|5:41|5:42|5:43|5:44|5:45|5:46|5:47|5:48|5:49|5:5|5:52|5:53|5:54|5:55|5:56|5:57|5:58|5:59|5:6|5:60|5:61|5:62|5:63|5:7|5:8|5:9
TIERING-OFF,330,exact-v9-5-to-6mwe,332784,suction,C2-MIXTURE-PREFIX,316,0,209,1|2|3|4|5,1:0|1:1|1:10|1:11|1:12|1:13|1:14|1:15|1:16|1:17|1:18|1:19|1:2|1:20|1:21|1:22|1:23|1:24|1:25|1:26|1:27|1:28|1:29|1:3|1:30|1:31|1:32|1:33|1:34|1:35|1:36|1:37|1:38|1:39|1:4|1:40|1:41|1:42|1:43|1:44|1:45|1:46|1:47|1:48|1:49|1:5|1:50|1:51|1:52|1:53|1:54|1:55|1:56|1:57|1:58|1:59|1:6|1:60|1:61|1:62|1:63|1:7|1:8|1:9|2:0|2:1|2:10|2:11|2:12|2:13|2:14|2:15|2:16|2:17|2:18|2:19|2:2|2:20|2:21|2:22|2:23|2:24|2:25|2:26|2:27|2:28|2:29|2:3|2:30|2:31|2:32|2:33|2:34|2:35|2:36|2:37|2:38|2:39|2:4|2:40|2:41|2:42|2:43|2:44|2:45|2:46|2:47|2:48|2:49|2:5|2:51|2:52|2:53|2:54|2:55|2:56|2:57|2:58|2:59|2:6|2:60|2:61|2:62|2:63|2:7|2:8|2:9|3:0|3:1|3:10|3:11|3:12|3:13|3:14|3:15|3:16|3:17|3:18|3:19|3:2|3:20|3:21|3:22|3:23|3:24|3:25|3:26|3:27|3:28|3:29|3:3|3:30|3:31|3:32|3:33|3:34|3:35|3:36|3:37|3:38|3:39|3:4|3:40|3:41|3:42|3:43|3:44|3:45|3:46|3:47|3:48|3:49|3:5|3:50|3:52|3:53|3:54|3:55|3:56|3:57|3:58|3:59|3:6|3:60|3:61|3:62|3:63|3:7|3:8|3:9|4:0|4:1|4:10|4:11|4:12|4:13|4:14|4:15|4:16|4:17|4:18|4:19|4:2|4:20|4:21|4:22|4:23|4:24|4:25|4:26|4:27|4:28|4:29|4:3|4:30|4:31|4:32|4:33|4:34|4:35|4:36|4:37|4:38|4:39|4:4|4:40|4:41|4:42|4:43|4:44|4:45|4:46|4:47|4:48|4:49|4:5|4:50|4:51|4:52|4:53|4:54|4:55|4:56|4:57|4:58|4:59|4:6|4:60|4:61|4:62|4:63|4:7|4:8|4:9|5:0|5:1|5:10|5:11|5:12|5:13|5:14|5:15|5:16|5:17|5:18|5:19|5:2|5:20|5:21|5:22|5:23|5:24|5:25|5:26|5:27|5:28|5:29|5:3|5:30|5:31|5:32|5:33|5:34|5:35|5:36|5:37|5:38|5:39|5:4|5:40|5:41|5:42|5:43|5:44|5:45|5:46|5:47|5:48|5:49|5:5|5:52|5:53|5:54|5:55|5:56|5:57|5:58|5:59|5:6|5:60|5:61|5:62|5:63|5:7|5:8|5:9
TIERING-OFF,331,exact-v9-5-to-6mwe,332784,pressure,C2-MIXTURE-PREFIX,317,0,244.7,1|2|3|4|5,1:0|1:1|1:10|1:11|1:12|1:13|1:14|1:15|1:16|1:17|1:18|1:19|1:2|1:20|1:21|1:22|1:23|1:24|1:25|1:26|1:27|1:28|1:29|1:3|1:30|1:31|1:32|1:33|1:34|1:35|1:36|1:37|1:38|1:39|1:4|1:40|1:41|1:42|1:43|1:44|1:45|1:46|1:47|1:48|1:49|1:5|1:50|1:51|1:52|1:53|1:54|1:55|1:56|1:57|1:58|1:59|1:6|1:60|1:61|1:62|1:63|1:7|1:8|1:9|2:0|2:1|2:10|2:11|2:12|2:13|2:14|2:15|2:16|2:17|2:18|2:19|2:2|2:20|2:21|2:22|2:23|2:24|2:25|2:26|2:27|2:28|2:29|2:3|2:30|2:31|2:32|2:33|2:34|2:35|2:36|2:37|2:38|2:39|2:4|2:40|2:41|2:42|2:43|2:44|2:45|2:46|2:47|2:48|2:49|2:5|2:51|2:52|2:53|2:54|2:55|2:56|2:57|2:58|2:59|2:6|2:60|2:61|2:62|2:63|2:7|2:8|2:9|3:0|3:1|3:10|3:11|3:12|3:13|3:14|3:15|3:16|3:17|3:18|3:19|3:2|3:20|3:21|3:22|3:23|3:24|3:25|3:26|3:27|3:28|3:29|3:3|3:30|3:31|3:32|3:33|3:34|3:35|3:36|3:37|3:38|3:39|3:4|3:40|3:41|3:42|3:43|3:44|3:45|3:46|3:47|3:48|3:49|3:5|3:50|3:51|3:52|3:53|3:54|3:55|3:56|3:57|3:58|3:59|3:6|3:60|3:61|3:62|3:63|3:7|3:8|3:9|4:0|4:1|4:10|4:11|4:12|4:13|4:14|4:15|4:16|4:17|4:18|4:19|4:2|4:20|4:21|4:22|4:23|4:24|4:25|4:26|4:27|4:28|4:29|4:3|4:30|4:31|4:32|4:33|4:34|4:35|4:36|4:37|4:38|4:39|4:4|4:40|4:41|4:42|4:43|4:44|4:45|4:46|4:47|4:48|4:49|4:5|4:50|4:51|4:52|4:53|4:54|4:55|4:56|4:57|4:58|4:59|4:6|4:60|4:61|4:62|4:63|4:7|4:8|4:9|5:0|5:1|5:10|5:11|5:12|5:13|5:14|5:15|5:16|5:17|5:18|5:19|5:2|5:20|5:21|5:22|5:23|5:24|5:25|5:26|5:27|5:28|5:29|5:3|5:30|5:31|5:32|5:33|5:34|5:35|5:36|5:37|5:38|5:39|5:4|5:40|5:41|5:42|5:43|5:44|5:45|5:46|5:47|5:48|5:49|5:5|5:52|5:53|5:54|5:55|5:56|5:57|5:58|5:59|5:6|5:60|5:61|5:62|5:63|5:7|5:8|5:9
TIERING-OFF,332,exact-v9-5-to-6mwe,332784,outlet,C2-MIXTURE-PREFIX,317,0,231.3,1|2|3|4|5,1:0|1:1|1:10|1:11|1:12|1:13|1:14|1:15|1:16|1:17|1:18|1:19|1:2|1:20|1:21|1:22|1:23|1:24|1:25|1:26|1:27|1:28|1:29|1:3|1:30|1:31|1:32|1:33|1:34|1:35|1:36|1:37|1:38|1:39|1:4|1:40|1:41|1:42|1:43|1:44|1:45|1:46|1:47|1:48|1:49|1:5|1:50|1:51|1:52|1:53|1:54|1:55|1:56|1:57|1:58|1:59|1:6|1:60|1:61|1:62|1:63|1:7|1:8|1:9|2:0|2:1|2:10|2:11|2:12|2:13|2:14|2:15|2:16|2:17|2:18|2:19|2:2|2:20|2:21|2:22|2:23|2:24|2:25|2:26|2:27|2:28|2:29|2:3|2:30|2:31|2:32|2:33|2:34|2:35|2:36|2:37|2:38|2:39|2:4|2:40|2:41|2:42|2:43|2:44|2:45|2:46|2:47|2:48|2:49|2:5|2:51|2:52|2:53|2:54|2:55|2:56|2:57|2:58|2:59|2:6|2:60|2:61|2:62|2:63|2:7|2:8|2:9|3:0|3:1|3:10|3:11|3:12|3:13|3:14|3:15|3:16|3:17|3:18|3:19|3:2|3:20|3:21|3:22|3:23|3:24|3:25|3:26|3:27|3:28|3:29|3:3|3:30|3:31|3:32|3:33|3:34|3:35|3:36|3:37|3:38|3:39|3:4|3:40|3:41|3:42|3:43|3:44|3:45|3:46|3:47|3:48|3:49|3:5|3:50|3:51|3:52|3:53|3:54|3:55|3:56|3:57|3:58|3:59|3:6|3:60|3:61|3:62|3:63|3:7|3:8|3:9|4:0|4:1|4:10|4:11|4:12|4:13|4:14|4:15|4:16|4:17|4:18|4:19|4:2|4:20|4:21|4:22|4:23|4:24|4:25|4:26|4:27|4:28|4:29|4:3|4:30|4:31|4:32|4:33|4:34|4:35|4:36|4:37|4:38|4:39|4:4|4:40|4:41|4:42|4:43|4:44|4:45|4:46|4:47|4:48|4:49|4:5|4:50|4:51|4:52|4:53|4:54|4:55|4:56|4:57|4:58|4:59|4:6|4:60|4:61|4:62|4:63|4:7|4:8|4:9|5:0|5:1|5:10|5:11|5:12|5:13|5:14|5:15|5:16|5:17|5:18|5:19|5:2|5:20|5:21|5:22|5:23|5:24|5:25|5:26|5:27|5:28|5:29|5:3|5:30|5:31|5:32|5:33|5:34|5:35|5:36|5:37|5:38|5:39|5:4|5:40|5:41|5:42|5:43|5:44|5:45|5:46|5:47|5:48|5:49|5:5|5:52|5:53|5:54|5:55|5:56|5:57|5:58|5:59|5:6|5:60|5:61|5:62|5:63|5:7|5:8|5:9
TIERING-OFF,333,exact-v9-5-to-6mwe,332784,drum,C2-MIXTURE-PREFIX,317,0,389.4,1|2|3|4|5,1:0|1:1|1:10|1:11|1:12|1:13|1:14|1:15|1:16|1:17|1:18|1:19|1:2|1:20|1:21|1:22|1:23|1:24|1:25|1:26|1:27|1:28|1:29|1:3|1:30|1:31|1:32|1:33|1:34|1:35|1:36|1:37|1:38|1:39|1:4|1:40|1:41|1:42|1:43|1:44|1:45|1:46|1:47|1:48|1:49|1:5|1:50|1:51|1:52|1:53|1:54|1:55|1:56|1:57|1:58|1:59|1:6|1:60|1:61|1:62|1:63|1:7|1:8|1:9|2:0|2:1|2:10|2:11|2:12|2:13|2:14|2:15|2:16|2:17|2:18|2:19|2:2|2:20|2:21|2:22|2:23|2:24|2:25|2:26|2:27|2:28|2:29|2:3|2:30|2:31|2:32|2:33|2:34|2:35|2:36|2:37|2:38|2:39|2:4|2:40|2:41|2:42|2:43|2:44|2:45|2:46|2:47|2:48|2:49|2:5|2:51|2:52|2:53|2:54|2:55|2:56|2:57|2:58|2:59|2:6|2:60|2:61|2:62|2:63|2:7|2:8|2:9|3:0|3:1|3:10|3:11|3:12|3:13|3:14|3:15|3:16|3:17|3:18|3:19|3:2|3:20|3:21|3:22|3:23|3:24|3:25|3:26|3:27|3:28|3:29|3:3|3:30|3:31|3:32|3:33|3:34|3:35|3:36|3:37|3:38|3:39|3:4|3:40|3:41|3:42|3:43|3:44|3:45|3:46|3:47|3:48|3:49|3:5|3:50|3:51|3:52|3:53|3:54|3:55|3:56|3:57|3:58|3:59|3:6|3:60|3:61|3:62|3:63|3:7|3:8|3:9|4:0|4:1|4:10|4:11|4:12|4:13|4:14|4:15|4:16|4:17|4:18|4:19|4:2|4:20|4:21|4:22|4:23|4:24|4:25|4:26|4:27|4:28|4:29|4:3|4:30|4:31|4:32|4:33|4:34|4:35|4:36|4:37|4:38|4:39|4:4|4:40|4:41|4:42|4:43|4:44|4:45|4:46|4:47|4:48|4:49|4:5|4:50|4:51|4:52|4:53|4:54|4:55|4:56|4:57|4:58|4:59|4:6|4:60|4:61|4:62|4:63|4:7|4:8|4:9|5:0|5:1|5:10|5:11|5:12|5:13|5:14|5:15|5:16|5:17|5:18|5:19|5:2|5:20|5:21|5:22|5:23|5:24|5:25|5:26|5:27|5:28|5:29|5:3|5:30|5:31|5:32|5:33|5:34|5:35|5:36|5:37|5:38|5:39|5:4|5:40|5:41|5:42|5:43|5:44|5:45|5:46|5:47|5:48|5:49|5:5|5:52|5:53|5:54|5:55|5:56|5:57|5:58|5:59|5:6|5:60|5:61|5:62|5:63|5:7|5:8|5:9
TIERING-OFF,335,exact-v9-5-to-6mwe,338784,suction,C2-MIXTURE-PREFIX,316,0,250.9,1|2|3|4|5,1:0|1:1|1:10|1:11|1:12|1:13|1:14|1:15|1:16|1:17|1:18|1:19|1:2|1:20|1:21|1:22|1:23|1:24|1:25|1:26|1:27|1:28|1:29|1:3|1:30|1:31|1:32|1:33|1:34|1:35|1:36|1:37|1:38|1:39|1:4|1:40|1:41|1:42|1:43|1:44|1:45|1:46|1:47|1:48|1:49|1:5|1:50|1:51|1:52|1:53|1:54|1:55|1:56|1:57|1:58|1:59|1:6|1:60|1:61|1:62|1:63|1:7|1:8|1:9|2:0|2:1|2:10|2:11|2:12|2:13|2:14|2:15|2:16|2:17|2:18|2:19|2:2|2:20|2:21|2:22|2:23|2:24|2:25|2:26|2:27|2:28|2:29|2:3|2:30|2:31|2:32|2:33|2:34|2:35|2:36|2:37|2:38|2:39|2:4|2:40|2:41|2:42|2:43|2:44|2:45|2:46|2:47|2:48|2:49|2:5|2:51|2:52|2:53|2:54|2:55|2:56|2:57|2:58|2:59|2:6|2:60|2:61|2:62|2:63|2:7|2:8|2:9|3:0|3:1|3:10|3:11|3:12|3:13|3:14|3:15|3:16|3:17|3:18|3:19|3:2|3:20|3:21|3:22|3:23|3:24|3:25|3:26|3:27|3:28|3:29|3:3|3:30|3:31|3:32|3:33|3:34|3:35|3:36|3:37|3:38|3:39|3:4|3:40|3:41|3:42|3:43|3:44|3:45|3:46|3:47|3:48|3:49|3:5|3:50|3:52|3:53|3:54|3:55|3:56|3:57|3:58|3:59|3:6|3:60|3:61|3:62|3:63|3:7|3:8|3:9|4:0|4:1|4:10|4:11|4:12|4:13|4:14|4:15|4:16|4:17|4:18|4:19|4:2|4:20|4:21|4:22|4:23|4:24|4:25|4:26|4:27|4:28|4:29|4:3|4:30|4:31|4:32|4:33|4:34|4:35|4:36|4:37|4:38|4:39|4:4|4:40|4:41|4:42|4:43|4:44|4:45|4:46|4:47|4:48|4:49|4:5|4:50|4:51|4:52|4:53|4:54|4:55|4:56|4:57|4:58|4:59|4:6|4:60|4:61|4:62|4:63|4:7|4:8|4:9|5:0|5:1|5:10|5:11|5:12|5:13|5:14|5:15|5:16|5:17|5:18|5:19|5:2|5:20|5:21|5:22|5:23|5:24|5:25|5:26|5:27|5:28|5:29|5:3|5:30|5:31|5:32|5:33|5:34|5:35|5:36|5:37|5:38|5:39|5:4|5:40|5:41|5:42|5:43|5:44|5:45|5:46|5:47|5:48|5:49|5:5|5:52|5:53|5:54|5:55|5:56|5:57|5:58|5:59|5:6|5:60|5:61|5:62|5:63|5:7|5:8|5:9
TIERING-OFF,336,exact-v9-5-to-6mwe,338784,pressure,C2-MIXTURE-PREFIX,315,0,242.2,1|2|3|4|5,1:0|1:1|1:10|1:11|1:12|1:13|1:14|1:15|1:16|1:17|1:18|1:19|1:2|1:20|1:21|1:22|1:23|1:24|1:25|1:26|1:27|1:28|1:29|1:30|1:31|1:32|1:33|1:34|1:35|1:36|1:37|1:38|1:39|1:4|1:40|1:41|1:42|1:43|1:44|1:45|1:46|1:47|1:48|1:49|1:5|1:50|1:51|1:52|1:53|1:54|1:55|1:56|1:57|1:58|1:59|1:6|1:60|1:61|1:62|1:63|1:7|1:8|1:9|2:0|2:1|2:10|2:11|2:12|2:13|2:14|2:15|2:16|2:17|2:18|2:19|2:2|2:20|2:21|2:22|2:23|2:24|2:25|2:26|2:27|2:28|2:29|2:3|2:30|2:31|2:32|2:33|2:34|2:35|2:36|2:37|2:38|2:39|2:4|2:40|2:41|2:42|2:43|2:44|2:45|2:46|2:47|2:48|2:49|2:5|2:51|2:52|2:53|2:54|2:55|2:56|2:57|2:58|2:59|2:6|2:60|2:61|2:62|2:63|2:7|2:8|2:9|3:0|3:1|3:10|3:11|3:12|3:13|3:14|3:15|3:16|3:17|3:18|3:19|3:2|3:20|3:21|3:22|3:23|3:24|3:25|3:26|3:27|3:28|3:29|3:3|3:30|3:31|3:32|3:33|3:34|3:35|3:36|3:37|3:38|3:39|3:4|3:40|3:41|3:42|3:43|3:44|3:45|3:46|3:47|3:48|3:49|3:5|3:50|3:52|3:53|3:54|3:55|3:56|3:57|3:58|3:59|3:6|3:60|3:61|3:62|3:63|3:7|3:8|3:9|4:0|4:1|4:10|4:11|4:12|4:13|4:14|4:15|4:16|4:17|4:18|4:19|4:2|4:20|4:21|4:22|4:23|4:24|4:25|4:26|4:27|4:28|4:29|4:3|4:30|4:31|4:32|4:33|4:34|4:35|4:36|4:37|4:38|4:39|4:4|4:40|4:41|4:42|4:43|4:44|4:45|4:46|4:47|4:48|4:49|4:5|4:50|4:51|4:52|4:53|4:54|4:55|4:56|4:57|4:58|4:59|4:6|4:60|4:61|4:62|4:63|4:7|4:8|4:9|5:0|5:1|5:10|5:11|5:12|5:13|5:14|5:15|5:16|5:17|5:18|5:19|5:2|5:20|5:21|5:22|5:23|5:24|5:25|5:26|5:27|5:28|5:29|5:3|5:30|5:31|5:32|5:33|5:34|5:35|5:36|5:37|5:38|5:39|5:4|5:40|5:41|5:42|5:43|5:44|5:45|5:46|5:47|5:48|5:49|5:5|5:52|5:53|5:54|5:55|5:56|5:57|5:58|5:59|5:6|5:60|5:61|5:62|5:63|5:7|5:8|5:9
TIERING-OFF,337,exact-v9-5-to-6mwe,338784,outlet,C2-MIXTURE-PREFIX,315,0,273,1|2|3|4|5,1:0|1:1|1:10|1:11|1:12|1:13|1:14|1:15|1:16|1:17|1:18|1:19|1:2|1:20|1:21|1:22|1:23|1:24|1:25|1:26|1:27|1:28|1:29|1:30|1:31|1:32|1:33|1:34|1:35|1:36|1:37|1:38|1:39|1:4|1:40|1:41|1:42|1:43|1:44|1:45|1:46|1:47|1:48|1:49|1:5|1:50|1:51|1:52|1:53|1:54|1:55|1:56|1:57|1:58|1:59|1:6|1:60|1:61|1:62|1:63|1:7|1:8|1:9|2:0|2:1|2:10|2:11|2:12|2:13|2:14|2:15|2:16|2:17|2:18|2:19|2:2|2:20|2:21|2:22|2:23|2:24|2:25|2:26|2:27|2:28|2:29|2:3|2:30|2:31|2:32|2:33|2:34|2:35|2:36|2:37|2:38|2:39|2:4|2:40|2:41|2:42|2:43|2:44|2:45|2:46|2:47|2:48|2:49|2:5|2:51|2:52|2:53|2:54|2:55|2:56|2:57|2:58|2:59|2:6|2:60|2:61|2:62|2:63|2:7|2:8|2:9|3:0|3:1|3:10|3:11|3:12|3:13|3:14|3:15|3:16|3:17|3:18|3:19|3:2|3:20|3:21|3:22|3:23|3:24|3:25|3:26|3:27|3:28|3:29|3:3|3:30|3:31|3:32|3:33|3:34|3:35|3:36|3:37|3:38|3:39|3:4|3:40|3:41|3:42|3:43|3:44|3:45|3:46|3:47|3:48|3:49|3:5|3:50|3:52|3:53|3:54|3:55|3:56|3:57|3:58|3:59|3:6|3:60|3:61|3:62|3:63|3:7|3:8|3:9|4:0|4:1|4:10|4:11|4:12|4:13|4:14|4:15|4:16|4:17|4:18|4:19|4:2|4:20|4:21|4:22|4:23|4:24|4:25|4:26|4:27|4:28|4:29|4:3|4:30|4:31|4:32|4:33|4:34|4:35|4:36|4:37|4:38|4:39|4:4|4:40|4:41|4:42|4:43|4:44|4:45|4:46|4:47|4:48|4:49|4:5|4:50|4:51|4:52|4:53|4:54|4:55|4:56|4:57|4:58|4:59|4:6|4:60|4:61|4:62|4:63|4:7|4:8|4:9|5:0|5:1|5:10|5:11|5:12|5:13|5:14|5:15|5:16|5:17|5:18|5:19|5:2|5:20|5:21|5:22|5:23|5:24|5:25|5:26|5:27|5:28|5:29|5:3|5:30|5:31|5:32|5:33|5:34|5:35|5:36|5:37|5:38|5:39|5:4|5:40|5:41|5:42|5:43|5:44|5:45|5:46|5:47|5:48|5:49|5:5|5:52|5:53|5:54|5:55|5:56|5:57|5:58|5:59|5:6|5:60|5:61|5:62|5:63|5:7|5:8|5:9
TIERING-OFF,338,exact-v9-5-to-6mwe,338784,drum,C2-MIXTURE-PREFIX,315,1,430.8,1|2|3|4|5,1:0|1:1|1:10|1:11|1:12|1:13|1:14|1:15|1:16|1:17|1:18|1:19|1:2|1:20|1:21|1:22|1:23|1:24|1:25|1:26|1:27|1:28|1:29|1:30|1:31|1:32|1:33|1:34|1:35|1:36|1:37|1:38|1:39|1:4|1:40|1:41|1:42|1:43|1:44|1:45|1:46|1:47|1:48|1:49|1:5|1:50|1:51|1:52|1:53|1:54|1:55|1:56|1:57|1:58|1:59|1:6|1:60|1:61|1:62|1:63|1:7|1:8|1:9|2:0|2:1|2:10|2:11|2:12|2:13|2:14|2:15|2:16|2:17|2:18|2:19|2:2|2:20|2:21|2:22|2:23|2:24|2:25|2:26|2:27|2:28|2:29|2:3|2:30|2:31|2:32|2:33|2:34|2:35|2:36|2:37|2:38|2:39|2:4|2:40|2:41|2:42|2:43|2:44|2:45|2:46|2:47|2:48|2:49|2:5|2:51|2:52|2:53|2:54|2:55|2:56|2:57|2:58|2:59|2:6|2:60|2:61|2:62|2:63|2:7|2:8|2:9|3:0|3:1|3:10|3:11|3:12|3:13|3:14|3:15|3:16|3:17|3:18|3:19|3:2|3:20|3:21|3:22|3:23|3:24|3:25|3:26|3:27|3:28|3:29|3:3|3:30|3:31|3:32|3:33|3:34|3:35|3:36|3:37|3:38|3:39|3:4|3:40|3:41|3:42|3:43|3:44|3:45|3:46|3:47|3:48|3:49|3:5|3:50|3:52|3:53|3:54|3:55|3:56|3:57|3:58|3:59|3:6|3:60|3:61|3:62|3:63|3:7|3:8|3:9|4:0|4:1|4:10|4:11|4:12|4:13|4:14|4:15|4:16|4:17|4:18|4:19|4:2|4:20|4:21|4:22|4:23|4:24|4:25|4:26|4:27|4:28|4:29|4:3|4:30|4:31|4:32|4:33|4:34|4:35|4:36|4:37|4:38|4:39|4:4|4:40|4:41|4:42|4:43|4:44|4:45|4:46|4:47|4:48|4:49|4:5|4:50|4:51|4:52|4:53|4:54|4:55|4:56|4:57|4:58|4:59|4:6|4:60|4:61|4:62|4:63|4:7|4:8|4:9|5:0|5:1|5:10|5:11|5:12|5:13|5:14|5:15|5:16|5:17|5:18|5:19|5:2|5:20|5:21|5:22|5:23|5:24|5:25|5:26|5:27|5:28|5:29|5:3|5:30|5:31|5:32|5:33|5:34|5:35|5:36|5:37|5:38|5:39|5:4|5:40|5:41|5:42|5:43|5:44|5:45|5:46|5:47|5:48|5:49|5:5|5:52|5:53|5:54|5:55|5:56|5:57|5:58|5:59|5:6|5:60|5:61|5:62|5:63|5:7|5:8|5:9
TIERING-OFF,339,exact-v9-5-to-6mwe,338784,feedwater-inventory,C2-MIXTURE-PREFIX,2,0,208,2|3,2:35|3:25
TIERING-OFF,340,exact-v9-5-to-6mwe,344784,suction,C2-MIXTURE-PREFIX,317,1,423.6,1|2|3|4|5,1:0|1:1|1:10|1:11|1:12|1:13|1:14|1:15|1:16|1:17|1:18|1:19|1:2|1:20|1:21|1:22|1:23|1:24|1:25|1:26|1:27|1:28|1:29|1:3|1:30|1:31|1:32|1:33|1:34|1:35|1:36|1:37|1:38|1:39|1:4|1:40|1:41|1:42|1:43|1:44|1:45|1:46|1:47|1:48|1:49|1:5|1:50|1:51|1:52|1:53|1:54|1:55|1:56|1:57|1:58|1:59|1:6|1:60|1:61|1:62|1:63|1:7|1:8|1:9|2:0|2:1|2:10|2:11|2:12|2:13|2:14|2:15|2:16|2:17|2:18|2:19|2:2|2:20|2:21|2:22|2:23|2:24|2:25|2:26|2:27|2:28|2:29|2:3|2:30|2:31|2:32|2:33|2:34|2:35|2:36|2:37|2:38|2:39|2:4|2:40|2:41|2:42|2:43|2:44|2:45|2:46|2:47|2:48|2:49|2:5|2:51|2:52|2:53|2:54|2:55|2:56|2:57|2:58|2:59|2:6|2:60|2:61|2:62|2:63|2:7|2:8|2:9|3:0|3:1|3:10|3:11|3:12|3:13|3:14|3:15|3:16|3:17|3:18|3:19|3:2|3:20|3:21|3:22|3:23|3:24|3:25|3:26|3:27|3:28|3:29|3:3|3:30|3:31|3:32|3:33|3:34|3:35|3:36|3:37|3:38|3:39|3:4|3:40|3:41|3:42|3:43|3:44|3:45|3:46|3:47|3:48|3:49|3:5|3:50|3:51|3:52|3:53|3:54|3:55|3:56|3:57|3:58|3:59|3:6|3:60|3:61|3:62|3:63|3:7|3:8|3:9|4:0|4:1|4:10|4:11|4:12|4:13|4:14|4:15|4:16|4:17|4:18|4:19|4:2|4:20|4:21|4:22|4:23|4:24|4:25|4:26|4:27|4:28|4:29|4:3|4:30|4:31|4:32|4:33|4:34|4:35|4:36|4:37|4:38|4:39|4:4|4:40|4:41|4:42|4:43|4:44|4:45|4:46|4:47|4:48|4:49|4:5|4:50|4:51|4:52|4:53|4:54|4:55|4:56|4:57|4:58|4:59|4:6|4:60|4:61|4:62|4:63|4:7|4:8|4:9|5:0|5:1|5:10|5:11|5:12|5:13|5:14|5:15|5:16|5:17|5:18|5:19|5:2|5:20|5:21|5:22|5:23|5:24|5:25|5:26|5:27|5:28|5:29|5:3|5:30|5:31|5:32|5:33|5:34|5:35|5:36|5:37|5:38|5:39|5:4|5:40|5:41|5:42|5:43|5:44|5:45|5:46|5:47|5:48|5:49|5:5|5:52|5:53|5:54|5:55|5:56|5:57|5:58|5:59|5:6|5:60|5:61|5:62|5:63|5:7|5:8|5:9
TIERING-OFF,341,exact-v9-5-to-6mwe,344784,pressure,C2-MIXTURE-PREFIX,317,0,210.5,1|2|3|4|5,1:0|1:1|1:10|1:11|1:12|1:13|1:14|1:15|1:16|1:17|1:18|1:19|1:2|1:20|1:21|1:22|1:23|1:24|1:25|1:26|1:27|1:28|1:29|1:3|1:30|1:31|1:32|1:33|1:34|1:35|1:36|1:37|1:38|1:39|1:4|1:40|1:41|1:42|1:43|1:44|1:45|1:46|1:47|1:48|1:49|1:5|1:50|1:51|1:52|1:53|1:54|1:55|1:56|1:57|1:58|1:59|1:6|1:60|1:61|1:62|1:63|1:7|1:8|1:9|2:0|2:1|2:10|2:11|2:12|2:13|2:14|2:15|2:16|2:17|2:18|2:19|2:2|2:20|2:21|2:22|2:23|2:24|2:25|2:26|2:27|2:28|2:29|2:3|2:30|2:31|2:32|2:33|2:34|2:35|2:36|2:37|2:38|2:39|2:4|2:40|2:41|2:42|2:43|2:44|2:45|2:46|2:47|2:48|2:49|2:5|2:51|2:52|2:53|2:54|2:55|2:56|2:57|2:58|2:59|2:6|2:60|2:61|2:62|2:63|2:7|2:8|2:9|3:0|3:1|3:10|3:11|3:12|3:13|3:14|3:15|3:16|3:17|3:18|3:19|3:2|3:20|3:21|3:22|3:23|3:24|3:25|3:26|3:27|3:28|3:29|3:3|3:30|3:31|3:32|3:33|3:34|3:35|3:36|3:37|3:38|3:39|3:4|3:40|3:41|3:42|3:43|3:44|3:45|3:46|3:47|3:48|3:49|3:5|3:50|3:51|3:52|3:53|3:54|3:55|3:56|3:57|3:58|3:59|3:6|3:60|3:61|3:62|3:63|3:7|3:8|3:9|4:0|4:1|4:10|4:11|4:12|4:13|4:14|4:15|4:16|4:17|4:18|4:19|4:2|4:20|4:21|4:22|4:23|4:24|4:25|4:26|4:27|4:28|4:29|4:3|4:30|4:31|4:32|4:33|4:34|4:35|4:36|4:37|4:38|4:39|4:4|4:40|4:41|4:42|4:43|4:44|4:45|4:46|4:47|4:48|4:49|4:5|4:50|4:51|4:52|4:53|4:54|4:55|4:56|4:57|4:58|4:59|4:6|4:60|4:61|4:62|4:63|4:7|4:8|4:9|5:0|5:1|5:10|5:11|5:12|5:13|5:14|5:15|5:16|5:17|5:18|5:19|5:2|5:20|5:21|5:22|5:23|5:24|5:25|5:26|5:27|5:28|5:29|5:3|5:30|5:31|5:32|5:33|5:34|5:35|5:36|5:37|5:38|5:39|5:4|5:40|5:41|5:42|5:43|5:44|5:45|5:46|5:47|5:48|5:49|5:5|5:52|5:53|5:54|5:55|5:56|5:57|5:58|5:59|5:6|5:60|5:61|5:62|5:63|5:7|5:8|5:9
TIERING-OFF,342,exact-v9-5-to-6mwe,344784,outlet,C2-MIXTURE-PREFIX,317,0,335.9,1|2|3|4|5,1:0|1:1|1:10|1:11|1:12|1:13|1:14|1:15|1:16|1:17|1:18|1:19|1:2|1:20|1:21|1:22|1:23|1:24|1:25|1:26|1:27|1:28|1:29|1:3|1:30|1:31|1:32|1:33|1:34|1:35|1:36|1:37|1:38|1:39|1:4|1:40|1:41|1:42|1:43|1:44|1:45|1:46|1:47|1:48|1:49|1:5|1:50|1:51|1:52|1:53|1:54|1:55|1:56|1:57|1:58|1:59|1:6|1:60|1:61|1:62|1:63|1:7|1:8|1:9|2:0|2:1|2:10|2:11|2:12|2:13|2:14|2:15|2:16|2:17|2:18|2:19|2:2|2:20|2:21|2:22|2:23|2:24|2:25|2:26|2:27|2:28|2:29|2:3|2:30|2:31|2:32|2:33|2:34|2:35|2:36|2:37|2:38|2:39|2:4|2:40|2:41|2:42|2:43|2:44|2:45|2:46|2:47|2:48|2:49|2:5|2:51|2:52|2:53|2:54|2:55|2:56|2:57|2:58|2:59|2:6|2:60|2:61|2:62|2:63|2:7|2:8|2:9|3:0|3:1|3:10|3:11|3:12|3:13|3:14|3:15|3:16|3:17|3:18|3:19|3:2|3:20|3:21|3:22|3:23|3:24|3:25|3:26|3:27|3:28|3:29|3:3|3:30|3:31|3:32|3:33|3:34|3:35|3:36|3:37|3:38|3:39|3:4|3:40|3:41|3:42|3:43|3:44|3:45|3:46|3:47|3:48|3:49|3:5|3:50|3:51|3:52|3:53|3:54|3:55|3:56|3:57|3:58|3:59|3:6|3:60|3:61|3:62|3:63|3:7|3:8|3:9|4:0|4:1|4:10|4:11|4:12|4:13|4:14|4:15|4:16|4:17|4:18|4:19|4:2|4:20|4:21|4:22|4:23|4:24|4:25|4:26|4:27|4:28|4:29|4:3|4:30|4:31|4:32|4:33|4:34|4:35|4:36|4:37|4:38|4:39|4:4|4:40|4:41|4:42|4:43|4:44|4:45|4:46|4:47|4:48|4:49|4:5|4:50|4:51|4:52|4:53|4:54|4:55|4:56|4:57|4:58|4:59|4:6|4:60|4:61|4:62|4:63|4:7|4:8|4:9|5:0|5:1|5:10|5:11|5:12|5:13|5:14|5:15|5:16|5:17|5:18|5:19|5:2|5:20|5:21|5:22|5:23|5:24|5:25|5:26|5:27|5:28|5:29|5:3|5:30|5:31|5:32|5:33|5:34|5:35|5:36|5:37|5:38|5:39|5:4|5:40|5:41|5:42|5:43|5:44|5:45|5:46|5:47|5:48|5:49|5:5|5:52|5:53|5:54|5:55|5:56|5:57|5:58|5:59|5:6|5:60|5:61|5:62|5:63|5:7|5:8|5:9
TIERING-OFF,343,exact-v9-5-to-6mwe,344784,drum,C2-MIXTURE-PREFIX,317,0,293.9,1|2|3|4|5,1:0|1:1|1:10|1:11|1:12|1:13|1:14|1:15|1:16|1:17|1:18|1:19|1:2|1:20|1:21|1:22|1:23|1:24|1:25|1:26|1:27|1:28|1:29|1:3|1:30|1:31|1:32|1:33|1:34|1:35|1:36|1:37|1:38|1:39|1:4|1:40|1:41|1:42|1:43|1:44|1:45|1:46|1:47|1:48|1:49|1:5|1:50|1:51|1:52|1:53|1:54|1:55|1:56|1:57|1:58|1:59|1:6|1:60|1:61|1:62|1:63|1:7|1:8|1:9|2:0|2:1|2:10|2:11|2:12|2:13|2:14|2:15|2:16|2:17|2:18|2:19|2:2|2:20|2:21|2:22|2:23|2:24|2:25|2:26|2:27|2:28|2:29|2:3|2:30|2:31|2:32|2:33|2:34|2:35|2:36|2:37|2:38|2:39|2:4|2:40|2:41|2:42|2:43|2:44|2:45|2:46|2:47|2:48|2:49|2:5|2:51|2:52|2:53|2:54|2:55|2:56|2:57|2:58|2:59|2:6|2:60|2:61|2:62|2:63|2:7|2:8|2:9|3:0|3:1|3:10|3:11|3:12|3:13|3:14|3:15|3:16|3:17|3:18|3:19|3:2|3:20|3:21|3:22|3:23|3:24|3:25|3:26|3:27|3:28|3:29|3:3|3:30|3:31|3:32|3:33|3:34|3:35|3:36|3:37|3:38|3:39|3:4|3:40|3:41|3:42|3:43|3:44|3:45|3:46|3:47|3:48|3:49|3:5|3:50|3:51|3:52|3:53|3:54|3:55|3:56|3:57|3:58|3:59|3:6|3:60|3:61|3:62|3:63|3:7|3:8|3:9|4:0|4:1|4:10|4:11|4:12|4:13|4:14|4:15|4:16|4:17|4:18|4:19|4:2|4:20|4:21|4:22|4:23|4:24|4:25|4:26|4:27|4:28|4:29|4:3|4:30|4:31|4:32|4:33|4:34|4:35|4:36|4:37|4:38|4:39|4:4|4:40|4:41|4:42|4:43|4:44|4:45|4:46|4:47|4:48|4:49|4:5|4:50|4:51|4:52|4:53|4:54|4:55|4:56|4:57|4:58|4:59|4:6|4:60|4:61|4:62|4:63|4:7|4:8|4:9|5:0|5:1|5:10|5:11|5:12|5:13|5:14|5:15|5:16|5:17|5:18|5:19|5:2|5:20|5:21|5:22|5:23|5:24|5:25|5:26|5:27|5:28|5:29|5:3|5:30|5:31|5:32|5:33|5:34|5:35|5:36|5:37|5:38|5:39|5:4|5:40|5:41|5:42|5:43|5:44|5:45|5:46|5:47|5:48|5:49|5:5|5:52|5:53|5:54|5:55|5:56|5:57|5:58|5:59|5:6|5:60|5:61|5:62|5:63|5:7|5:8|5:9
TIERING-OFF,344,exact-v9-5-to-6mwe,344784,feedwater-inventory,C2-MIXTURE-PREFIX,1,0,123.5,4,4:56
TIERING-OFF,345,exact-v9-5-to-6mwe,350784,suction,C2-MIXTURE-PREFIX,317,0,209.5,1|2|3|4|5,1:0|1:1|1:10|1:11|1:12|1:13|1:14|1:15|1:16|1:17|1:18|1:19|1:2|1:20|1:21|1:22|1:23|1:24|1:25|1:26|1:27|1:28|1:29|1:3|1:30|1:31|1:32|1:33|1:34|1:35|1:36|1:37|1:38|1:39|1:4|1:40|1:41|1:42|1:43|1:44|1:45|1:46|1:47|1:48|1:49|1:5|1:50|1:51|1:52|1:53|1:54|1:55|1:56|1:57|1:58|1:59|1:6|1:60|1:61|1:62|1:63|1:7|1:8|1:9|2:0|2:1|2:10|2:11|2:12|2:13|2:14|2:15|2:16|2:17|2:18|2:19|2:2|2:20|2:21|2:22|2:23|2:24|2:25|2:26|2:27|2:28|2:29|2:3|2:30|2:31|2:32|2:33|2:34|2:35|2:36|2:37|2:38|2:39|2:4|2:40|2:41|2:42|2:43|2:44|2:45|2:46|2:47|2:48|2:49|2:5|2:51|2:52|2:53|2:54|2:55|2:56|2:57|2:58|2:59|2:6|2:60|2:61|2:62|2:63|2:7|2:8|2:9|3:0|3:1|3:10|3:11|3:12|3:13|3:14|3:15|3:16|3:17|3:18|3:19|3:2|3:20|3:21|3:22|3:23|3:24|3:25|3:26|3:27|3:28|3:29|3:3|3:30|3:31|3:32|3:33|3:34|3:35|3:36|3:37|3:38|3:39|3:4|3:40|3:41|3:42|3:43|3:44|3:45|3:46|3:47|3:48|3:49|3:5|3:50|3:51|3:52|3:53|3:54|3:55|3:56|3:57|3:58|3:59|3:6|3:60|3:61|3:62|3:63|3:7|3:8|3:9|4:0|4:1|4:10|4:11|4:12|4:13|4:14|4:15|4:16|4:17|4:18|4:19|4:2|4:20|4:21|4:22|4:23|4:24|4:25|4:26|4:27|4:28|4:29|4:3|4:30|4:31|4:32|4:33|4:34|4:35|4:36|4:37|4:38|4:39|4:4|4:40|4:41|4:42|4:43|4:44|4:45|4:46|4:47|4:48|4:49|4:5|4:50|4:51|4:52|4:53|4:54|4:55|4:56|4:57|4:58|4:59|4:6|4:60|4:61|4:62|4:63|4:7|4:8|4:9|5:0|5:1|5:10|5:11|5:12|5:13|5:14|5:15|5:16|5:17|5:18|5:19|5:2|5:20|5:21|5:22|5:23|5:24|5:25|5:26|5:27|5:28|5:29|5:3|5:30|5:31|5:32|5:33|5:34|5:35|5:36|5:37|5:38|5:39|5:4|5:40|5:41|5:42|5:43|5:44|5:45|5:46|5:47|5:48|5:49|5:5|5:52|5:53|5:54|5:55|5:56|5:57|5:58|5:59|5:6|5:60|5:61|5:62|5:63|5:7|5:8|5:9
TIERING-OFF,346,exact-v9-5-to-6mwe,350784,pressure,C2-MIXTURE-PREFIX,317,0,350.5,1|2|3|4|5,1:0|1:1|1:10|1:11|1:12|1:13|1:14|1:15|1:16|1:17|1:18|1:19|1:2|1:20|1:21|1:22|1:23|1:24|1:25|1:26|1:27|1:28|1:29|1:3|1:30|1:31|1:32|1:33|1:34|1:35|1:36|1:37|1:38|1:39|1:4|1:40|1:41|1:42|1:43|1:44|1:45|1:46|1:47|1:48|1:49|1:5|1:50|1:51|1:52|1:53|1:54|1:55|1:56|1:57|1:58|1:59|1:6|1:60|1:61|1:62|1:63|1:7|1:8|1:9|2:0|2:1|2:10|2:11|2:12|2:13|2:14|2:15|2:16|2:17|2:18|2:19|2:2|2:20|2:21|2:22|2:23|2:24|2:25|2:26|2:27|2:28|2:29|2:3|2:30|2:31|2:32|2:33|2:34|2:35|2:36|2:37|2:38|2:39|2:4|2:40|2:41|2:42|2:43|2:44|2:45|2:46|2:47|2:48|2:49|2:5|2:51|2:52|2:53|2:54|2:55|2:56|2:57|2:58|2:59|2:6|2:60|2:61|2:62|2:63|2:7|2:8|2:9|3:0|3:1|3:10|3:11|3:12|3:13|3:14|3:15|3:16|3:17|3:18|3:19|3:2|3:20|3:21|3:22|3:23|3:24|3:25|3:26|3:27|3:28|3:29|3:3|3:30|3:31|3:32|3:33|3:34|3:35|3:36|3:37|3:38|3:39|3:4|3:40|3:41|3:42|3:43|3:44|3:45|3:46|3:47|3:48|3:49|3:5|3:50|3:51|3:52|3:53|3:54|3:55|3:56|3:57|3:58|3:59|3:6|3:60|3:61|3:62|3:63|3:7|3:8|3:9|4:0|4:1|4:10|4:11|4:12|4:13|4:14|4:15|4:16|4:17|4:18|4:19|4:2|4:20|4:21|4:22|4:23|4:24|4:25|4:26|4:27|4:28|4:29|4:3|4:30|4:31|4:32|4:33|4:34|4:35|4:36|4:37|4:38|4:39|4:4|4:40|4:41|4:42|4:43|4:44|4:45|4:46|4:47|4:48|4:49|4:5|4:50|4:51|4:52|4:53|4:54|4:55|4:56|4:57|4:58|4:59|4:6|4:60|4:61|4:62|4:63|4:7|4:8|4:9|5:0|5:1|5:10|5:11|5:12|5:13|5:14|5:15|5:16|5:17|5:18|5:19|5:2|5:20|5:21|5:22|5:23|5:24|5:25|5:26|5:27|5:28|5:29|5:3|5:30|5:31|5:32|5:33|5:34|5:35|5:36|5:37|5:38|5:39|5:4|5:40|5:41|5:42|5:43|5:44|5:45|5:46|5:47|5:48|5:49|5:5|5:52|5:53|5:54|5:55|5:56|5:57|5:58|5:59|5:6|5:60|5:61|5:62|5:63|5:7|5:8|5:9
TIERING-OFF,347,exact-v9-5-to-6mwe,350784,outlet,C2-MIXTURE-PREFIX,317,1,531.2,1|2|3|4|5,1:0|1:1|1:10|1:11|1:12|1:13|1:14|1:15|1:16|1:17|1:18|1:19|1:2|1:20|1:21|1:22|1:23|1:24|1:25|1:26|1:27|1:28|1:29|1:3|1:30|1:31|1:32|1:33|1:34|1:35|1:36|1:37|1:38|1:39|1:4|1:40|1:41|1:42|1:43|1:44|1:45|1:46|1:47|1:48|1:49|1:5|1:50|1:51|1:52|1:53|1:54|1:55|1:56|1:57|1:58|1:59|1:6|1:60|1:61|1:62|1:63|1:7|1:8|1:9|2:0|2:1|2:10|2:11|2:12|2:13|2:14|2:15|2:16|2:17|2:18|2:19|2:2|2:20|2:21|2:22|2:23|2:24|2:25|2:26|2:27|2:28|2:29|2:3|2:30|2:31|2:32|2:33|2:34|2:35|2:36|2:37|2:38|2:39|2:4|2:40|2:41|2:42|2:43|2:44|2:45|2:46|2:47|2:48|2:49|2:5|2:51|2:52|2:53|2:54|2:55|2:56|2:57|2:58|2:59|2:6|2:60|2:61|2:62|2:63|2:7|2:8|2:9|3:0|3:1|3:10|3:11|3:12|3:13|3:14|3:15|3:16|3:17|3:18|3:19|3:2|3:20|3:21|3:22|3:23|3:24|3:25|3:26|3:27|3:28|3:29|3:3|3:30|3:31|3:32|3:33|3:34|3:35|3:36|3:37|3:38|3:39|3:4|3:40|3:41|3:42|3:43|3:44|3:45|3:46|3:47|3:48|3:49|3:5|3:50|3:51|3:52|3:53|3:54|3:55|3:56|3:57|3:58|3:59|3:6|3:60|3:61|3:62|3:63|3:7|3:8|3:9|4:0|4:1|4:10|4:11|4:12|4:13|4:14|4:15|4:16|4:17|4:18|4:19|4:2|4:20|4:21|4:22|4:23|4:24|4:25|4:26|4:27|4:28|4:29|4:3|4:30|4:31|4:32|4:33|4:34|4:35|4:36|4:37|4:38|4:39|4:4|4:40|4:41|4:42|4:43|4:44|4:45|4:46|4:47|4:48|4:49|4:5|4:50|4:51|4:52|4:53|4:54|4:55|4:56|4:57|4:58|4:59|4:6|4:60|4:61|4:62|4:63|4:7|4:8|4:9|5:0|5:1|5:10|5:11|5:12|5:13|5:14|5:15|5:16|5:17|5:18|5:19|5:2|5:20|5:21|5:22|5:23|5:24|5:25|5:26|5:27|5:28|5:29|5:3|5:30|5:31|5:32|5:33|5:34|5:35|5:36|5:37|5:38|5:39|5:4|5:40|5:41|5:42|5:43|5:44|5:45|5:46|5:47|5:48|5:49|5:5|5:52|5:53|5:54|5:55|5:56|5:57|5:58|5:59|5:6|5:60|5:61|5:62|5:63|5:7|5:8|5:9
TIERING-OFF,348,exact-v9-5-to-6mwe,350784,drum,C2-MIXTURE-PREFIX,317,1,652,1|2|3|4|5,1:0|1:1|1:10|1:11|1:12|1:13|1:14|1:15|1:16|1:17|1:18|1:19|1:2|1:20|1:21|1:22|1:23|1:24|1:25|1:26|1:27|1:28|1:29|1:3|1:30|1:31|1:32|1:33|1:34|1:35|1:36|1:37|1:38|1:39|1:4|1:40|1:41|1:42|1:43|1:44|1:45|1:46|1:47|1:48|1:49|1:5|1:50|1:51|1:52|1:53|1:54|1:55|1:56|1:57|1:58|1:59|1:6|1:60|1:61|1:62|1:63|1:7|1:8|1:9|2:0|2:1|2:10|2:11|2:12|2:13|2:14|2:15|2:16|2:17|2:18|2:19|2:2|2:20|2:21|2:22|2:23|2:24|2:25|2:26|2:27|2:28|2:29|2:3|2:30|2:31|2:32|2:33|2:34|2:35|2:36|2:37|2:38|2:39|2:4|2:40|2:41|2:42|2:43|2:44|2:45|2:46|2:47|2:48|2:49|2:5|2:51|2:52|2:53|2:54|2:55|2:56|2:57|2:58|2:59|2:6|2:60|2:61|2:62|2:63|2:7|2:8|2:9|3:0|3:1|3:10|3:11|3:12|3:13|3:14|3:15|3:16|3:17|3:18|3:19|3:2|3:20|3:21|3:22|3:23|3:24|3:25|3:26|3:27|3:28|3:29|3:3|3:30|3:31|3:32|3:33|3:34|3:35|3:36|3:37|3:38|3:39|3:4|3:40|3:41|3:42|3:43|3:44|3:45|3:46|3:47|3:48|3:49|3:5|3:50|3:51|3:52|3:53|3:54|3:55|3:56|3:57|3:58|3:59|3:6|3:60|3:61|3:62|3:63|3:7|3:8|3:9|4:0|4:1|4:10|4:11|4:12|4:13|4:14|4:15|4:16|4:17|4:18|4:19|4:2|4:20|4:21|4:22|4:23|4:24|4:25|4:26|4:27|4:28|4:29|4:3|4:30|4:31|4:32|4:33|4:34|4:35|4:36|4:37|4:38|4:39|4:4|4:40|4:41|4:42|4:43|4:44|4:45|4:46|4:47|4:48|4:49|4:5|4:50|4:51|4:52|4:53|4:54|4:55|4:56|4:57|4:58|4:59|4:6|4:60|4:61|4:62|4:63|4:7|4:8|4:9|5:0|5:1|5:10|5:11|5:12|5:13|5:14|5:15|5:16|5:17|5:18|5:19|5:2|5:20|5:21|5:22|5:23|5:24|5:25|5:26|5:27|5:28|5:29|5:3|5:30|5:31|5:32|5:33|5:34|5:35|5:36|5:37|5:38|5:39|5:4|5:40|5:41|5:42|5:43|5:44|5:45|5:46|5:47|5:48|5:49|5:5|5:52|5:53|5:54|5:55|5:56|5:57|5:58|5:59|5:6|5:60|5:61|5:62|5:63|5:7|5:8|5:9
TIERING-OFF,349,exact-v9-5-to-6mwe,350784,feedwater-inventory,C2-MIXTURE-PREFIX,1,0,171.5,1,1:34
TIERING-OFF,35,background-reference,42000,suction,C2-MIXTURE-PREFIX,318,0,269.9,1|2|3|4|5,1:0|1:1|1:10|1:11|1:12|1:13|1:14|1:15|1:16|1:17|1:18|1:19|1:2|1:20|1:21|1:22|1:23|1:24|1:25|1:26|1:27|1:28|1:29|1:3|1:30|1:31|1:32|1:33|1:34|1:35|1:36|1:37|1:38|1:39|1:4|1:40|1:41|1:42|1:43|1:44|1:45|1:46|1:47|1:48|1:49|1:5|1:50|1:51|1:52|1:53|1:54|1:55|1:56|1:57|1:58|1:59|1:6|1:60|1:61|1:62|1:63|1:7|1:8|1:9|2:0|2:1|2:10|2:11|2:12|2:13|2:14|2:15|2:16|2:17|2:18|2:19|2:2|2:20|2:21|2:22|2:23|2:24|2:25|2:26|2:27|2:28|2:29|2:3|2:30|2:31|2:32|2:33|2:34|2:35|2:36|2:37|2:38|2:39|2:4|2:40|2:41|2:42|2:43|2:44|2:45|2:46|2:47|2:48|2:49|2:5|2:51|2:52|2:53|2:54|2:55|2:56|2:57|2:58|2:59|2:6|2:60|2:61|2:62|2:63|2:7|2:8|2:9|3:0|3:1|3:10|3:11|3:12|3:13|3:14|3:15|3:16|3:17|3:18|3:19|3:2|3:20|3:21|3:22|3:23|3:24|3:25|3:26|3:27|3:28|3:29|3:3|3:30|3:31|3:32|3:33|3:34|3:35|3:36|3:37|3:38|3:39|3:4|3:40|3:41|3:42|3:43|3:44|3:45|3:46|3:47|3:48|3:49|3:5|3:50|3:51|3:52|3:53|3:54|3:55|3:56|3:57|3:58|3:59|3:6|3:60|3:61|3:62|3:63|3:7|3:8|3:9|4:0|4:1|4:10|4:11|4:12|4:13|4:14|4:15|4:16|4:17|4:18|4:19|4:2|4:20|4:21|4:22|4:23|4:24|4:25|4:26|4:27|4:28|4:29|4:3|4:30|4:31|4:32|4:33|4:34|4:35|4:36|4:37|4:38|4:39|4:4|4:40|4:41|4:42|4:43|4:44|4:45|4:46|4:47|4:48|4:49|4:5|4:50|4:51|4:52|4:53|4:54|4:55|4:56|4:57|4:58|4:59|4:6|4:60|4:61|4:62|4:63|4:7|4:8|4:9|5:0|5:1|5:10|5:11|5:12|5:13|5:14|5:15|5:16|5:17|5:18|5:19|5:2|5:20|5:21|5:22|5:23|5:24|5:25|5:26|5:27|5:28|5:29|5:3|5:30|5:31|5:32|5:33|5:34|5:35|5:36|5:37|5:38|5:39|5:4|5:40|5:41|5:42|5:43|5:44|5:45|5:46|5:47|5:48|5:49|5:5|5:51|5:52|5:53|5:54|5:55|5:56|5:57|5:58|5:59|5:6|5:60|5:61|5:62|5:63|5:7|5:8|5:9
TIERING-OFF,350,exact-v9-5-to-6mwe,356784,suction,C2-MIXTURE-PREFIX,317,1,617.8,1|2|3|4|5,1:0|1:1|1:10|1:11|1:12|1:13|1:14|1:15|1:16|1:17|1:18|1:19|1:2|1:20|1:21|1:22|1:23|1:24|1:25|1:26|1:27|1:28|1:29|1:3|1:30|1:31|1:32|1:33|1:34|1:35|1:36|1:37|1:38|1:39|1:4|1:40|1:41|1:42|1:43|1:44|1:45|1:46|1:47|1:48|1:49|1:5|1:50|1:51|1:52|1:53|1:54|1:55|1:56|1:57|1:58|1:59|1:6|1:60|1:61|1:62|1:63|1:7|1:8|1:9|2:0|2:1|2:10|2:11|2:12|2:13|2:14|2:15|2:16|2:17|2:18|2:19|2:2|2:20|2:21|2:22|2:23|2:24|2:25|2:26|2:27|2:28|2:29|2:3|2:30|2:31|2:32|2:33|2:34|2:35|2:36|2:37|2:38|2:39|2:4|2:40|2:41|2:42|2:43|2:44|2:45|2:46|2:47|2:48|2:49|2:5|2:51|2:52|2:53|2:54|2:55|2:56|2:57|2:58|2:59|2:6|2:60|2:61|2:62|2:63|2:7|2:8|2:9|3:0|3:1|3:10|3:11|3:12|3:13|3:14|3:15|3:16|3:17|3:18|3:19|3:2|3:20|3:21|3:22|3:23|3:24|3:25|3:26|3:27|3:28|3:29|3:3|3:30|3:31|3:32|3:33|3:34|3:35|3:36|3:37|3:38|3:39|3:4|3:40|3:41|3:42|3:43|3:44|3:45|3:46|3:47|3:48|3:49|3:5|3:50|3:51|3:52|3:53|3:54|3:55|3:56|3:57|3:58|3:59|3:6|3:60|3:61|3:62|3:63|3:7|3:8|3:9|4:0|4:1|4:10|4:11|4:12|4:13|4:14|4:15|4:16|4:17|4:18|4:19|4:2|4:20|4:21|4:22|4:23|4:24|4:25|4:26|4:27|4:28|4:29|4:3|4:30|4:31|4:32|4:33|4:34|4:35|4:36|4:37|4:38|4:39|4:4|4:40|4:41|4:42|4:43|4:44|4:45|4:46|4:47|4:48|4:49|4:5|4:50|4:51|4:52|4:53|4:54|4:55|4:56|4:57|4:58|4:59|4:6|4:60|4:61|4:62|4:63|4:7|4:8|4:9|5:0|5:1|5:10|5:11|5:12|5:13|5:14|5:15|5:16|5:17|5:18|5:19|5:2|5:20|5:21|5:22|5:23|5:24|5:25|5:26|5:27|5:28|5:29|5:3|5:30|5:31|5:32|5:33|5:34|5:35|5:36|5:37|5:38|5:39|5:4|5:40|5:41|5:42|5:43|5:44|5:45|5:46|5:47|5:48|5:49|5:5|5:52|5:53|5:54|5:55|5:56|5:57|5:58|5:59|5:6|5:60|5:61|5:62|5:63|5:7|5:8|5:9
TIERING-OFF,351,exact-v9-5-to-6mwe,356784,pressure,C2-MIXTURE-PREFIX,317,0,321.4,1|2|3|4|5,1:0|1:1|1:10|1:11|1:12|1:13|1:14|1:15|1:16|1:17|1:18|1:19|1:2|1:20|1:21|1:22|1:23|1:24|1:25|1:26|1:27|1:28|1:29|1:3|1:30|1:31|1:32|1:33|1:34|1:35|1:36|1:37|1:38|1:39|1:4|1:40|1:41|1:42|1:43|1:44|1:45|1:46|1:47|1:48|1:49|1:5|1:50|1:51|1:52|1:53|1:54|1:55|1:56|1:57|1:58|1:59|1:6|1:60|1:61|1:62|1:63|1:7|1:8|1:9|2:0|2:1|2:10|2:11|2:12|2:13|2:14|2:15|2:16|2:17|2:18|2:19|2:2|2:20|2:21|2:22|2:23|2:24|2:25|2:26|2:27|2:28|2:29|2:3|2:30|2:31|2:32|2:33|2:34|2:35|2:36|2:37|2:38|2:39|2:4|2:40|2:41|2:42|2:43|2:44|2:45|2:46|2:47|2:48|2:49|2:5|2:51|2:52|2:53|2:54|2:55|2:56|2:57|2:58|2:59|2:6|2:60|2:61|2:62|2:63|2:7|2:8|2:9|3:0|3:1|3:10|3:11|3:12|3:13|3:14|3:15|3:16|3:17|3:18|3:19|3:2|3:20|3:21|3:22|3:23|3:24|3:25|3:26|3:27|3:28|3:29|3:3|3:30|3:31|3:32|3:33|3:34|3:35|3:36|3:37|3:38|3:39|3:4|3:40|3:41|3:42|3:43|3:44|3:45|3:46|3:47|3:48|3:49|3:5|3:50|3:51|3:52|3:53|3:54|3:55|3:56|3:57|3:58|3:59|3:6|3:60|3:61|3:62|3:63|3:7|3:8|3:9|4:0|4:1|4:10|4:11|4:12|4:13|4:14|4:15|4:16|4:17|4:18|4:19|4:2|4:20|4:21|4:22|4:23|4:24|4:25|4:26|4:27|4:28|4:29|4:3|4:30|4:31|4:32|4:33|4:34|4:35|4:36|4:37|4:38|4:39|4:4|4:40|4:41|4:42|4:43|4:44|4:45|4:46|4:47|4:48|4:49|4:5|4:50|4:51|4:52|4:53|4:54|4:55|4:56|4:57|4:58|4:59|4:6|4:60|4:61|4:62|4:63|4:7|4:8|4:9|5:0|5:1|5:10|5:11|5:12|5:13|5:14|5:15|5:16|5:17|5:18|5:19|5:2|5:20|5:21|5:22|5:23|5:24|5:25|5:26|5:27|5:28|5:29|5:3|5:30|5:31|5:32|5:33|5:34|5:35|5:36|5:37|5:38|5:39|5:4|5:40|5:41|5:42|5:43|5:44|5:45|5:46|5:47|5:48|5:49|5:5|5:52|5:53|5:54|5:55|5:56|5:57|5:58|5:59|5:6|5:60|5:61|5:62|5:63|5:7|5:8|5:9
TIERING-OFF,352,exact-v9-5-to-6mwe,356784,outlet,C2-MIXTURE-PREFIX,317,2,528.5,1|2|3|4|5,1:0|1:1|1:10|1:11|1:12|1:13|1:14|1:15|1:16|1:17|1:18|1:19|1:2|1:20|1:21|1:22|1:23|1:24|1:25|1:26|1:27|1:28|1:29|1:3|1:30|1:31|1:32|1:33|1:34|1:35|1:36|1:37|1:38|1:39|1:4|1:40|1:41|1:42|1:43|1:44|1:45|1:46|1:47|1:48|1:49|1:5|1:50|1:51|1:52|1:53|1:54|1:55|1:56|1:57|1:58|1:59|1:6|1:60|1:61|1:62|1:63|1:7|1:8|1:9|2:0|2:1|2:10|2:11|2:12|2:13|2:14|2:15|2:16|2:17|2:18|2:19|2:2|2:20|2:21|2:22|2:23|2:24|2:25|2:26|2:27|2:28|2:29|2:3|2:30|2:31|2:32|2:33|2:34|2:35|2:36|2:37|2:38|2:39|2:4|2:40|2:41|2:42|2:43|2:44|2:45|2:46|2:47|2:48|2:49|2:5|2:51|2:52|2:53|2:54|2:55|2:56|2:57|2:58|2:59|2:6|2:60|2:61|2:62|2:63|2:7|2:8|2:9|3:0|3:1|3:10|3:11|3:12|3:13|3:14|3:15|3:16|3:17|3:18|3:19|3:2|3:20|3:21|3:22|3:23|3:24|3:25|3:26|3:27|3:28|3:29|3:3|3:30|3:31|3:32|3:33|3:34|3:35|3:36|3:37|3:38|3:39|3:4|3:40|3:41|3:42|3:43|3:44|3:45|3:46|3:47|3:48|3:49|3:5|3:50|3:51|3:52|3:53|3:54|3:55|3:56|3:57|3:58|3:59|3:6|3:60|3:61|3:62|3:63|3:7|3:8|3:9|4:0|4:1|4:10|4:11|4:12|4:13|4:14|4:15|4:16|4:17|4:18|4:19|4:2|4:20|4:21|4:22|4:23|4:24|4:25|4:26|4:27|4:28|4:29|4:3|4:30|4:31|4:32|4:33|4:34|4:35|4:36|4:37|4:38|4:39|4:4|4:40|4:41|4:42|4:43|4:44|4:45|4:46|4:47|4:48|4:49|4:5|4:50|4:51|4:52|4:53|4:54|4:55|4:56|4:57|4:58|4:59|4:6|4:60|4:61|4:62|4:63|4:7|4:8|4:9|5:0|5:1|5:10|5:11|5:12|5:13|5:14|5:15|5:16|5:17|5:18|5:19|5:2|5:20|5:21|5:22|5:23|5:24|5:25|5:26|5:27|5:28|5:29|5:3|5:30|5:31|5:32|5:33|5:34|5:35|5:36|5:37|5:38|5:39|5:4|5:40|5:41|5:42|5:43|5:44|5:45|5:46|5:47|5:48|5:49|5:5|5:52|5:53|5:54|5:55|5:56|5:57|5:58|5:59|5:6|5:60|5:61|5:62|5:63|5:7|5:8|5:9
TIERING-OFF,353,exact-v9-5-to-6mwe,356784,drum,C2-MIXTURE-PREFIX,317,0,398.1,1|2|3|4|5,1:0|1:1|1:10|1:11|1:12|1:13|1:14|1:15|1:16|1:17|1:18|1:19|1:2|1:20|1:21|1:22|1:23|1:24|1:25|1:26|1:27|1:28|1:29|1:3|1:30|1:31|1:32|1:33|1:34|1:35|1:36|1:37|1:38|1:39|1:4|1:40|1:41|1:42|1:43|1:44|1:45|1:46|1:47|1:48|1:49|1:5|1:50|1:51|1:52|1:53|1:54|1:55|1:56|1:57|1:58|1:59|1:6|1:60|1:61|1:62|1:63|1:7|1:8|1:9|2:0|2:1|2:10|2:11|2:12|2:13|2:14|2:15|2:16|2:17|2:18|2:19|2:2|2:20|2:21|2:22|2:23|2:24|2:25|2:26|2:27|2:28|2:29|2:3|2:30|2:31|2:32|2:33|2:34|2:35|2:36|2:37|2:38|2:39|2:4|2:40|2:41|2:42|2:43|2:44|2:45|2:46|2:47|2:48|2:49|2:5|2:51|2:52|2:53|2:54|2:55|2:56|2:57|2:58|2:59|2:6|2:60|2:61|2:62|2:63|2:7|2:8|2:9|3:0|3:1|3:10|3:11|3:12|3:13|3:14|3:15|3:16|3:17|3:18|3:19|3:2|3:20|3:21|3:22|3:23|3:24|3:25|3:26|3:27|3:28|3:29|3:3|3:30|3:31|3:32|3:33|3:34|3:35|3:36|3:37|3:38|3:39|3:4|3:40|3:41|3:42|3:43|3:44|3:45|3:46|3:47|3:48|3:49|3:5|3:50|3:51|3:52|3:53|3:54|3:55|3:56|3:57|3:58|3:59|3:6|3:60|3:61|3:62|3:63|3:7|3:8|3:9|4:0|4:1|4:10|4:11|4:12|4:13|4:14|4:15|4:16|4:17|4:18|4:19|4:2|4:20|4:21|4:22|4:23|4:24|4:25|4:26|4:27|4:28|4:29|4:3|4:30|4:31|4:32|4:33|4:34|4:35|4:36|4:37|4:38|4:39|4:4|4:40|4:41|4:42|4:43|4:44|4:45|4:46|4:47|4:48|4:49|4:5|4:50|4:51|4:52|4:53|4:54|4:55|4:56|4:57|4:58|4:59|4:6|4:60|4:61|4:62|4:63|4:7|4:8|4:9|5:0|5:1|5:10|5:11|5:12|5:13|5:14|5:15|5:16|5:17|5:18|5:19|5:2|5:20|5:21|5:22|5:23|5:24|5:25|5:26|5:27|5:28|5:29|5:3|5:30|5:31|5:32|5:33|5:34|5:35|5:36|5:37|5:38|5:39|5:4|5:40|5:41|5:42|5:43|5:44|5:45|5:46|5:47|5:48|5:49|5:5|5:52|5:53|5:54|5:55|5:56|5:57|5:58|5:59|5:6|5:60|5:61|5:62|5:63|5:7|5:8|5:9
TIERING-OFF,354,exact-v9-5-to-6mwe,356784,feedwater-inventory,C2-MIXTURE-PREFIX,2,0,308.4,5,5:10|5:26
TIERING-OFF,355,exact-v9-5-to-6mwe,362784,suction,C2-MIXTURE-PREFIX,316,0,311.5,1|2|3|4|5,1:0|1:1|1:10|1:11|1:12|1:13|1:14|1:15|1:16|1:17|1:18|1:19|1:2|1:20|1:21|1:22|1:23|1:24|1:25|1:26|1:27|1:28|1:29|1:3|1:30|1:31|1:32|1:33|1:34|1:35|1:36|1:37|1:38|1:39|1:4|1:40|1:41|1:42|1:43|1:44|1:45|1:46|1:47|1:48|1:49|1:5|1:50|1:51|1:52|1:53|1:54|1:55|1:56|1:57|1:58|1:59|1:6|1:60|1:61|1:62|1:63|1:7|1:8|1:9|2:0|2:1|2:10|2:11|2:12|2:13|2:14|2:15|2:16|2:17|2:18|2:19|2:2|2:20|2:21|2:22|2:23|2:24|2:25|2:26|2:27|2:28|2:29|2:3|2:30|2:31|2:32|2:33|2:34|2:35|2:36|2:37|2:38|2:39|2:4|2:40|2:41|2:42|2:43|2:44|2:45|2:46|2:47|2:48|2:49|2:5|2:51|2:52|2:53|2:54|2:55|2:56|2:57|2:58|2:59|2:6|2:60|2:61|2:62|2:63|2:7|2:8|2:9|3:0|3:1|3:10|3:11|3:12|3:13|3:14|3:15|3:16|3:17|3:18|3:19|3:2|3:20|3:21|3:22|3:23|3:24|3:25|3:26|3:27|3:28|3:29|3:3|3:30|3:31|3:32|3:33|3:34|3:35|3:36|3:37|3:38|3:39|3:4|3:40|3:41|3:42|3:43|3:44|3:45|3:46|3:47|3:48|3:49|3:5|3:50|3:52|3:53|3:54|3:55|3:56|3:57|3:58|3:59|3:6|3:60|3:61|3:62|3:63|3:7|3:8|3:9|4:0|4:1|4:10|4:11|4:12|4:13|4:14|4:15|4:16|4:17|4:18|4:19|4:2|4:20|4:21|4:22|4:23|4:24|4:25|4:26|4:27|4:28|4:29|4:3|4:30|4:31|4:32|4:33|4:34|4:35|4:36|4:37|4:38|4:39|4:4|4:40|4:41|4:42|4:43|4:44|4:45|4:46|4:47|4:48|4:49|4:5|4:50|4:51|4:52|4:53|4:54|4:55|4:56|4:57|4:58|4:59|4:6|4:60|4:61|4:62|4:63|4:7|4:8|4:9|5:0|5:1|5:10|5:11|5:12|5:13|5:14|5:15|5:16|5:17|5:18|5:19|5:2|5:20|5:21|5:22|5:23|5:24|5:25|5:26|5:27|5:28|5:29|5:3|5:30|5:31|5:32|5:33|5:34|5:35|5:36|5:37|5:38|5:39|5:4|5:40|5:41|5:42|5:43|5:44|5:45|5:46|5:47|5:48|5:49|5:5|5:52|5:53|5:54|5:55|5:56|5:57|5:58|5:59|5:6|5:60|5:61|5:62|5:63|5:7|5:8|5:9
TIERING-OFF,356,exact-v9-5-to-6mwe,362784,pressure,C2-MIXTURE-PREFIX,316,0,209.7,1|2|3|4|5,1:0|1:1|1:10|1:11|1:12|1:13|1:14|1:15|1:16|1:17|1:18|1:19|1:2|1:20|1:21|1:22|1:23|1:24|1:25|1:26|1:27|1:28|1:29|1:3|1:30|1:31|1:32|1:33|1:34|1:35|1:36|1:37|1:38|1:39|1:4|1:40|1:41|1:42|1:43|1:44|1:45|1:46|1:47|1:48|1:49|1:5|1:50|1:51|1:52|1:53|1:54|1:55|1:56|1:57|1:58|1:59|1:6|1:60|1:61|1:62|1:63|1:7|1:8|1:9|2:0|2:1|2:10|2:11|2:12|2:13|2:14|2:15|2:16|2:17|2:18|2:19|2:2|2:20|2:21|2:22|2:23|2:24|2:25|2:26|2:27|2:28|2:29|2:3|2:30|2:31|2:32|2:33|2:34|2:35|2:36|2:37|2:38|2:39|2:4|2:40|2:41|2:42|2:43|2:44|2:45|2:46|2:47|2:48|2:49|2:5|2:51|2:52|2:53|2:54|2:55|2:56|2:57|2:58|2:59|2:6|2:60|2:61|2:62|2:63|2:7|2:8|2:9|3:0|3:1|3:10|3:11|3:12|3:13|3:14|3:15|3:16|3:17|3:18|3:19|3:2|3:20|3:21|3:22|3:23|3:24|3:25|3:26|3:27|3:28|3:29|3:3|3:30|3:31|3:32|3:33|3:34|3:35|3:36|3:37|3:38|3:39|3:4|3:40|3:41|3:42|3:43|3:44|3:45|3:46|3:47|3:48|3:49|3:5|3:50|3:52|3:53|3:54|3:55|3:56|3:57|3:58|3:59|3:6|3:60|3:61|3:62|3:63|3:7|3:8|3:9|4:0|4:1|4:10|4:11|4:12|4:13|4:14|4:15|4:16|4:17|4:18|4:19|4:2|4:20|4:21|4:22|4:23|4:24|4:25|4:26|4:27|4:28|4:29|4:3|4:30|4:31|4:32|4:33|4:34|4:35|4:36|4:37|4:38|4:39|4:4|4:40|4:41|4:42|4:43|4:44|4:45|4:46|4:47|4:48|4:49|4:5|4:50|4:51|4:52|4:53|4:54|4:55|4:56|4:57|4:58|4:59|4:6|4:60|4:61|4:62|4:63|4:7|4:8|4:9|5:0|5:1|5:10|5:11|5:12|5:13|5:14|5:15|5:16|5:17|5:18|5:19|5:2|5:20|5:21|5:22|5:23|5:24|5:25|5:26|5:27|5:28|5:29|5:3|5:30|5:31|5:32|5:33|5:34|5:35|5:36|5:37|5:38|5:39|5:4|5:40|5:41|5:42|5:43|5:44|5:45|5:46|5:47|5:48|5:49|5:5|5:52|5:53|5:54|5:55|5:56|5:57|5:58|5:59|5:6|5:60|5:61|5:62|5:63|5:7|5:8|5:9
TIERING-OFF,357,exact-v9-5-to-6mwe,362784,outlet,C2-MIXTURE-PREFIX,316,0,372.7,1|2|3|4|5,1:0|1:1|1:10|1:11|1:12|1:13|1:14|1:15|1:16|1:17|1:18|1:19|1:2|1:20|1:21|1:22|1:23|1:24|1:25|1:26|1:27|1:28|1:29|1:3|1:30|1:31|1:32|1:33|1:34|1:35|1:36|1:37|1:38|1:39|1:4|1:40|1:41|1:42|1:43|1:44|1:45|1:46|1:47|1:48|1:49|1:5|1:50|1:51|1:52|1:53|1:54|1:55|1:56|1:57|1:58|1:59|1:6|1:60|1:61|1:62|1:63|1:7|1:8|1:9|2:0|2:1|2:10|2:11|2:12|2:13|2:14|2:15|2:16|2:17|2:18|2:19|2:2|2:20|2:21|2:22|2:23|2:24|2:25|2:26|2:27|2:28|2:29|2:3|2:30|2:31|2:32|2:33|2:34|2:35|2:36|2:37|2:38|2:39|2:4|2:40|2:41|2:42|2:43|2:44|2:45|2:46|2:47|2:48|2:49|2:5|2:51|2:52|2:53|2:54|2:55|2:56|2:57|2:58|2:59|2:6|2:60|2:61|2:62|2:63|2:7|2:8|2:9|3:0|3:1|3:10|3:11|3:12|3:13|3:14|3:15|3:16|3:17|3:18|3:19|3:2|3:20|3:21|3:22|3:23|3:24|3:25|3:26|3:27|3:28|3:29|3:3|3:30|3:31|3:32|3:33|3:34|3:35|3:36|3:37|3:38|3:39|3:4|3:40|3:41|3:42|3:43|3:44|3:45|3:46|3:47|3:48|3:49|3:5|3:50|3:52|3:53|3:54|3:55|3:56|3:57|3:58|3:59|3:6|3:60|3:61|3:62|3:63|3:7|3:8|3:9|4:0|4:1|4:10|4:11|4:12|4:13|4:14|4:15|4:16|4:17|4:18|4:19|4:2|4:20|4:21|4:22|4:23|4:24|4:25|4:26|4:27|4:28|4:29|4:3|4:30|4:31|4:32|4:33|4:34|4:35|4:36|4:37|4:38|4:39|4:4|4:40|4:41|4:42|4:43|4:44|4:45|4:46|4:47|4:48|4:49|4:5|4:50|4:51|4:52|4:53|4:54|4:55|4:56|4:57|4:58|4:59|4:6|4:60|4:61|4:62|4:63|4:7|4:8|4:9|5:0|5:1|5:10|5:11|5:12|5:13|5:14|5:15|5:16|5:17|5:18|5:19|5:2|5:20|5:21|5:22|5:23|5:24|5:25|5:26|5:27|5:28|5:29|5:3|5:30|5:31|5:32|5:33|5:34|5:35|5:36|5:37|5:38|5:39|5:4|5:40|5:41|5:42|5:43|5:44|5:45|5:46|5:47|5:48|5:49|5:5|5:52|5:53|5:54|5:55|5:56|5:57|5:58|5:59|5:6|5:60|5:61|5:62|5:63|5:7|5:8|5:9
TIERING-OFF,358,exact-v9-5-to-6mwe,362784,drum,C2-MIXTURE-PREFIX,315,0,255.1,1|2|3|4|5,1:0|1:1|1:10|1:11|1:12|1:13|1:14|1:15|1:16|1:17|1:18|1:19|1:2|1:20|1:21|1:22|1:23|1:24|1:25|1:26|1:27|1:28|1:29|1:3|1:30|1:31|1:32|1:33|1:34|1:35|1:36|1:37|1:38|1:39|1:4|1:40|1:41|1:42|1:43|1:44|1:45|1:46|1:47|1:48|1:49|1:5|1:50|1:51|1:52|1:53|1:54|1:55|1:56|1:57|1:58|1:59|1:6|1:60|1:61|1:62|1:63|1:7|1:8|1:9|2:0|2:1|2:10|2:11|2:12|2:13|2:14|2:15|2:16|2:17|2:18|2:19|2:2|2:20|2:21|2:22|2:23|2:24|2:25|2:26|2:27|2:28|2:29|2:3|2:30|2:31|2:32|2:33|2:34|2:35|2:36|2:37|2:38|2:39|2:4|2:40|2:41|2:42|2:43|2:44|2:45|2:46|2:47|2:48|2:49|2:5|2:51|2:52|2:53|2:54|2:55|2:56|2:57|2:58|2:59|2:6|2:60|2:62|2:63|2:7|2:8|2:9|3:0|3:1|3:10|3:11|3:12|3:13|3:14|3:15|3:16|3:17|3:18|3:19|3:2|3:20|3:21|3:22|3:23|3:24|3:25|3:26|3:27|3:28|3:29|3:3|3:30|3:31|3:32|3:33|3:34|3:35|3:36|3:37|3:38|3:39|3:4|3:40|3:41|3:42|3:43|3:44|3:45|3:46|3:47|3:48|3:49|3:5|3:50|3:52|3:53|3:54|3:55|3:56|3:57|3:58|3:59|3:6|3:60|3:61|3:62|3:63|3:7|3:8|3:9|4:0|4:1|4:10|4:11|4:12|4:13|4:14|4:15|4:16|4:17|4:18|4:19|4:2|4:20|4:21|4:22|4:23|4:24|4:25|4:26|4:27|4:28|4:29|4:3|4:30|4:31|4:32|4:33|4:34|4:35|4:36|4:37|4:38|4:39|4:4|4:40|4:41|4:42|4:43|4:44|4:45|4:46|4:47|4:48|4:49|4:5|4:50|4:51|4:52|4:53|4:54|4:55|4:56|4:57|4:58|4:59|4:6|4:60|4:61|4:62|4:63|4:7|4:8|4:9|5:0|5:1|5:10|5:11|5:12|5:13|5:14|5:15|5:16|5:17|5:18|5:19|5:2|5:20|5:21|5:22|5:23|5:24|5:25|5:26|5:27|5:28|5:29|5:3|5:30|5:31|5:32|5:33|5:34|5:35|5:36|5:37|5:38|5:39|5:4|5:40|5:41|5:42|5:43|5:44|5:45|5:46|5:47|5:48|5:49|5:5|5:52|5:53|5:54|5:55|5:56|5:57|5:58|5:59|5:6|5:60|5:61|5:62|5:63|5:7|5:8|5:9
TIERING-OFF,36,background-reference,42000,pressure,C2-MIXTURE-PREFIX,318,0,278.9,1|2|3|4|5,1:0|1:1|1:10|1:11|1:12|1:13|1:14|1:15|1:16|1:17|1:18|1:19|1:2|1:20|1:21|1:22|1:23|1:24|1:25|1:26|1:27|1:28|1:29|1:3|1:30|1:31|1:32|1:33|1:34|1:35|1:36|1:37|1:38|1:39|1:4|1:40|1:41|1:42|1:43|1:44|1:45|1:46|1:47|1:48|1:49|1:5|1:50|1:51|1:52|1:53|1:54|1:55|1:56|1:57|1:58|1:59|1:6|1:60|1:61|1:62|1:63|1:7|1:8|1:9|2:0|2:1|2:10|2:11|2:12|2:13|2:14|2:15|2:16|2:17|2:18|2:19|2:2|2:20|2:21|2:22|2:23|2:24|2:25|2:26|2:27|2:28|2:29|2:3|2:30|2:31|2:32|2:33|2:34|2:35|2:36|2:37|2:38|2:39|2:4|2:40|2:41|2:42|2:43|2:44|2:45|2:46|2:47|2:48|2:49|2:5|2:51|2:52|2:53|2:54|2:55|2:56|2:57|2:58|2:59|2:6|2:60|2:61|2:62|2:63|2:7|2:8|2:9|3:0|3:1|3:10|3:11|3:12|3:13|3:14|3:15|3:16|3:17|3:18|3:19|3:2|3:20|3:21|3:22|3:23|3:24|3:25|3:26|3:27|3:28|3:29|3:3|3:30|3:31|3:32|3:33|3:34|3:35|3:36|3:37|3:38|3:39|3:4|3:40|3:41|3:42|3:43|3:44|3:45|3:46|3:47|3:48|3:49|3:5|3:50|3:51|3:52|3:53|3:54|3:55|3:56|3:57|3:58|3:59|3:6|3:60|3:61|3:62|3:63|3:7|3:8|3:9|4:0|4:1|4:10|4:11|4:12|4:13|4:14|4:15|4:16|4:17|4:18|4:19|4:2|4:20|4:21|4:22|4:23|4:24|4:25|4:26|4:27|4:28|4:29|4:3|4:30|4:31|4:32|4:33|4:34|4:35|4:36|4:37|4:38|4:39|4:4|4:40|4:41|4:42|4:43|4:44|4:45|4:46|4:47|4:48|4:49|4:5|4:50|4:51|4:52|4:53|4:54|4:55|4:56|4:57|4:58|4:59|4:6|4:60|4:61|4:62|4:63|4:7|4:8|4:9|5:0|5:1|5:10|5:11|5:12|5:13|5:14|5:15|5:16|5:17|5:18|5:19|5:2|5:20|5:21|5:22|5:23|5:24|5:25|5:26|5:27|5:28|5:29|5:3|5:30|5:31|5:32|5:33|5:34|5:35|5:36|5:37|5:38|5:39|5:4|5:40|5:41|5:42|5:43|5:44|5:45|5:46|5:47|5:48|5:49|5:5|5:51|5:52|5:53|5:54|5:55|5:56|5:57|5:58|5:59|5:6|5:60|5:61|5:62|5:63|5:7|5:8|5:9
TIERING-OFF,37,background-reference,42000,outlet,C2-MIXTURE-PREFIX,318,0,361.7,1|2|3|4|5,1:0|1:1|1:10|1:11|1:12|1:13|1:14|1:15|1:16|1:17|1:18|1:19|1:2|1:20|1:21|1:22|1:23|1:24|1:25|1:26|1:27|1:28|1:29|1:3|1:30|1:31|1:32|1:33|1:34|1:35|1:36|1:37|1:38|1:39|1:4|1:40|1:41|1:42|1:43|1:44|1:45|1:46|1:47|1:48|1:49|1:5|1:50|1:51|1:52|1:53|1:54|1:55|1:56|1:57|1:58|1:59|1:6|1:60|1:61|1:62|1:63|1:7|1:8|1:9|2:0|2:1|2:10|2:11|2:12|2:13|2:14|2:15|2:16|2:17|2:18|2:19|2:2|2:20|2:21|2:22|2:23|2:24|2:25|2:26|2:27|2:28|2:29|2:3|2:30|2:31|2:32|2:33|2:34|2:35|2:36|2:37|2:38|2:39|2:4|2:40|2:41|2:42|2:43|2:44|2:45|2:46|2:47|2:48|2:49|2:5|2:51|2:52|2:53|2:54|2:55|2:56|2:57|2:58|2:59|2:6|2:60|2:61|2:62|2:63|2:7|2:8|2:9|3:0|3:1|3:10|3:11|3:12|3:13|3:14|3:15|3:16|3:17|3:18|3:19|3:2|3:20|3:21|3:22|3:23|3:24|3:25|3:26|3:27|3:28|3:29|3:3|3:30|3:31|3:32|3:33|3:34|3:35|3:36|3:37|3:38|3:39|3:4|3:40|3:41|3:42|3:43|3:44|3:45|3:46|3:47|3:48|3:49|3:5|3:50|3:51|3:52|3:53|3:54|3:55|3:56|3:57|3:58|3:59|3:6|3:60|3:61|3:62|3:63|3:7|3:8|3:9|4:0|4:1|4:10|4:11|4:12|4:13|4:14|4:15|4:16|4:17|4:18|4:19|4:2|4:20|4:21|4:22|4:23|4:24|4:25|4:26|4:27|4:28|4:29|4:3|4:30|4:31|4:32|4:33|4:34|4:35|4:36|4:37|4:38|4:39|4:4|4:40|4:41|4:42|4:43|4:44|4:45|4:46|4:47|4:48|4:49|4:5|4:50|4:51|4:52|4:53|4:54|4:55|4:56|4:57|4:58|4:59|4:6|4:60|4:61|4:62|4:63|4:7|4:8|4:9|5:0|5:1|5:10|5:11|5:12|5:13|5:14|5:15|5:16|5:17|5:18|5:19|5:2|5:20|5:21|5:22|5:23|5:24|5:25|5:26|5:27|5:28|5:29|5:3|5:30|5:31|5:32|5:33|5:34|5:35|5:36|5:37|5:38|5:39|5:4|5:40|5:41|5:42|5:43|5:44|5:45|5:46|5:47|5:48|5:49|5:5|5:51|5:52|5:53|5:54|5:55|5:56|5:57|5:58|5:59|5:6|5:60|5:61|5:62|5:63|5:7|5:8|5:9
TIERING-OFF,38,background-reference,42000,drum,C2-MIXTURE-PREFIX,318,0,230.1,1|2|3|4|5,1:0|1:1|1:10|1:11|1:12|1:13|1:14|1:15|1:16|1:17|1:18|1:19|1:2|1:20|1:21|1:22|1:23|1:24|1:25|1:26|1:27|1:28|1:29|1:3|1:30|1:31|1:32|1:33|1:34|1:35|1:36|1:37|1:38|1:39|1:4|1:40|1:41|1:42|1:43|1:44|1:45|1:46|1:47|1:48|1:49|1:5|1:50|1:51|1:52|1:53|1:54|1:55|1:56|1:57|1:58|1:59|1:6|1:60|1:61|1:62|1:63|1:7|1:8|1:9|2:0|2:1|2:10|2:11|2:12|2:13|2:14|2:15|2:16|2:17|2:18|2:19|2:2|2:20|2:21|2:22|2:23|2:24|2:25|2:26|2:27|2:28|2:29|2:3|2:30|2:31|2:32|2:33|2:34|2:35|2:36|2:37|2:38|2:39|2:4|2:40|2:41|2:42|2:43|2:44|2:45|2:46|2:47|2:48|2:49|2:5|2:51|2:52|2:53|2:54|2:55|2:56|2:57|2:58|2:59|2:6|2:60|2:61|2:62|2:63|2:7|2:8|2:9|3:0|3:1|3:10|3:11|3:12|3:13|3:14|3:15|3:16|3:17|3:18|3:19|3:2|3:20|3:21|3:22|3:23|3:24|3:25|3:26|3:27|3:28|3:29|3:3|3:30|3:31|3:32|3:33|3:34|3:35|3:36|3:37|3:38|3:39|3:4|3:40|3:41|3:42|3:43|3:44|3:45|3:46|3:47|3:48|3:49|3:5|3:50|3:51|3:52|3:53|3:54|3:55|3:56|3:57|3:58|3:59|3:6|3:60|3:61|3:62|3:63|3:7|3:8|3:9|4:0|4:1|4:10|4:11|4:12|4:13|4:14|4:15|4:16|4:17|4:18|4:19|4:2|4:20|4:21|4:22|4:23|4:24|4:25|4:26|4:27|4:28|4:29|4:3|4:30|4:31|4:32|4:33|4:34|4:35|4:36|4:37|4:38|4:39|4:4|4:40|4:41|4:42|4:43|4:44|4:45|4:46|4:47|4:48|4:49|4:5|4:50|4:51|4:52|4:53|4:54|4:55|4:56|4:57|4:58|4:59|4:6|4:60|4:61|4:62|4:63|4:7|4:8|4:9|5:0|5:1|5:10|5:11|5:12|5:13|5:14|5:15|5:16|5:17|5:18|5:19|5:2|5:20|5:21|5:22|5:23|5:24|5:25|5:26|5:27|5:28|5:29|5:3|5:30|5:31|5:32|5:33|5:34|5:35|5:36|5:37|5:38|5:39|5:4|5:40|5:41|5:42|5:43|5:44|5:45|5:46|5:47|5:48|5:49|5:5|5:51|5:52|5:53|5:54|5:55|5:56|5:57|5:58|5:59|5:6|5:60|5:61|5:62|5:63|5:7|5:8|5:9
TIERING-OFF,40,background-reference,48000,suction,C2-MIXTURE-PREFIX,318,0,400.8,1|2|3|4|5,1:0|1:1|1:10|1:11|1:12|1:13|1:14|1:15|1:16|1:17|1:18|1:19|1:2|1:20|1:21|1:22|1:23|1:24|1:25|1:26|1:27|1:28|1:29|1:3|1:30|1:31|1:32|1:33|1:34|1:35|1:36|1:37|1:38|1:39|1:4|1:40|1:41|1:42|1:43|1:44|1:45|1:46|1:47|1:48|1:49|1:5|1:50|1:51|1:52|1:53|1:54|1:55|1:56|1:57|1:58|1:59|1:6|1:60|1:61|1:62|1:63|1:7|1:8|1:9|2:0|2:1|2:10|2:11|2:12|2:13|2:14|2:15|2:16|2:17|2:18|2:19|2:2|2:20|2:21|2:22|2:23|2:24|2:25|2:26|2:27|2:28|2:29|2:3|2:30|2:31|2:32|2:33|2:34|2:35|2:36|2:37|2:38|2:39|2:4|2:40|2:41|2:42|2:43|2:44|2:45|2:46|2:47|2:48|2:49|2:5|2:51|2:52|2:53|2:54|2:55|2:56|2:57|2:58|2:59|2:6|2:60|2:61|2:62|2:63|2:7|2:8|2:9|3:0|3:1|3:10|3:11|3:12|3:13|3:14|3:15|3:16|3:17|3:18|3:19|3:2|3:20|3:21|3:22|3:23|3:24|3:25|3:26|3:27|3:28|3:29|3:3|3:30|3:31|3:32|3:33|3:34|3:35|3:36|3:37|3:38|3:39|3:4|3:40|3:41|3:42|3:43|3:44|3:45|3:46|3:47|3:48|3:49|3:5|3:50|3:51|3:52|3:53|3:54|3:55|3:56|3:57|3:58|3:59|3:6|3:60|3:61|3:62|3:63|3:7|3:8|3:9|4:0|4:1|4:10|4:11|4:12|4:13|4:14|4:15|4:16|4:17|4:18|4:19|4:2|4:20|4:21|4:22|4:23|4:24|4:25|4:26|4:27|4:28|4:29|4:3|4:30|4:31|4:32|4:33|4:34|4:35|4:36|4:37|4:38|4:39|4:4|4:40|4:41|4:42|4:43|4:44|4:45|4:46|4:47|4:48|4:49|4:5|4:50|4:51|4:52|4:53|4:54|4:55|4:56|4:57|4:58|4:59|4:6|4:60|4:61|4:62|4:63|4:7|4:8|4:9|5:0|5:1|5:10|5:11|5:12|5:13|5:14|5:15|5:16|5:17|5:18|5:19|5:2|5:20|5:21|5:22|5:23|5:24|5:25|5:26|5:27|5:28|5:29|5:3|5:30|5:31|5:32|5:33|5:34|5:35|5:36|5:37|5:38|5:39|5:4|5:40|5:41|5:42|5:43|5:44|5:45|5:46|5:47|5:48|5:49|5:5|5:51|5:52|5:53|5:54|5:55|5:56|5:57|5:58|5:59|5:6|5:60|5:61|5:62|5:63|5:7|5:8|5:9
TIERING-OFF,41,background-reference,48000,pressure,C2-MIXTURE-PREFIX,317,1,538.9,1|2|3|4|5,1:0|1:1|1:10|1:11|1:12|1:13|1:14|1:15|1:16|1:17|1:18|1:19|1:2|1:20|1:21|1:22|1:23|1:24|1:25|1:26|1:27|1:28|1:29|1:3|1:30|1:31|1:32|1:33|1:34|1:35|1:36|1:37|1:38|1:39|1:4|1:40|1:41|1:42|1:43|1:44|1:45|1:46|1:47|1:48|1:49|1:5|1:50|1:51|1:52|1:53|1:55|1:56|1:57|1:58|1:59|1:6|1:60|1:61|1:62|1:63|1:7|1:8|1:9|2:0|2:1|2:10|2:11|2:12|2:13|2:14|2:15|2:16|2:17|2:18|2:19|2:2|2:20|2:21|2:22|2:23|2:24|2:25|2:26|2:27|2:28|2:29|2:3|2:30|2:31|2:32|2:33|2:34|2:35|2:36|2:37|2:38|2:39|2:4|2:40|2:41|2:42|2:43|2:44|2:45|2:46|2:47|2:48|2:49|2:5|2:51|2:52|2:53|2:54|2:55|2:56|2:57|2:58|2:59|2:6|2:60|2:61|2:62|2:63|2:7|2:8|2:9|3:0|3:1|3:10|3:11|3:12|3:13|3:14|3:15|3:16|3:17|3:18|3:19|3:2|3:20|3:21|3:22|3:23|3:24|3:25|3:26|3:27|3:28|3:29|3:3|3:30|3:31|3:32|3:33|3:34|3:35|3:36|3:37|3:38|3:39|3:4|3:40|3:41|3:42|3:43|3:44|3:45|3:46|3:47|3:48|3:49|3:5|3:50|3:51|3:52|3:53|3:54|3:55|3:56|3:57|3:58|3:59|3:6|3:60|3:61|3:62|3:63|3:7|3:8|3:9|4:0|4:1|4:10|4:11|4:12|4:13|4:14|4:15|4:16|4:17|4:18|4:19|4:2|4:20|4:21|4:22|4:23|4:24|4:25|4:26|4:27|4:28|4:29|4:3|4:30|4:31|4:32|4:33|4:34|4:35|4:36|4:37|4:38|4:39|4:4|4:40|4:41|4:42|4:43|4:44|4:45|4:46|4:47|4:48|4:49|4:5|4:50|4:51|4:52|4:53|4:54|4:55|4:56|4:57|4:58|4:59|4:6|4:60|4:61|4:62|4:63|4:7|4:8|4:9|5:0|5:1|5:10|5:11|5:12|5:13|5:14|5:15|5:16|5:17|5:18|5:19|5:2|5:20|5:21|5:22|5:23|5:24|5:25|5:26|5:27|5:28|5:29|5:3|5:30|5:31|5:32|5:33|5:34|5:35|5:36|5:37|5:38|5:39|5:4|5:40|5:41|5:42|5:43|5:44|5:45|5:46|5:47|5:48|5:49|5:5|5:51|5:52|5:53|5:54|5:55|5:56|5:57|5:58|5:59|5:6|5:60|5:61|5:62|5:63|5:7|5:8|5:9
TIERING-OFF,42,background-reference,48000,outlet,C2-MIXTURE-PREFIX,317,0,214.2,1|2|3|4|5,1:0|1:1|1:10|1:11|1:12|1:13|1:14|1:15|1:16|1:17|1:18|1:19|1:2|1:20|1:21|1:22|1:23|1:24|1:25|1:26|1:27|1:28|1:29|1:3|1:30|1:31|1:32|1:33|1:34|1:35|1:36|1:37|1:38|1:39|1:4|1:40|1:41|1:42|1:43|1:44|1:45|1:46|1:47|1:48|1:49|1:5|1:50|1:51|1:52|1:53|1:55|1:56|1:57|1:58|1:59|1:6|1:60|1:61|1:62|1:63|1:7|1:8|1:9|2:0|2:1|2:10|2:11|2:12|2:13|2:14|2:15|2:16|2:17|2:18|2:19|2:2|2:20|2:21|2:22|2:23|2:24|2:25|2:26|2:27|2:28|2:29|2:3|2:30|2:31|2:32|2:33|2:34|2:35|2:36|2:37|2:38|2:39|2:4|2:40|2:41|2:42|2:43|2:44|2:45|2:46|2:47|2:48|2:49|2:5|2:51|2:52|2:53|2:54|2:55|2:56|2:57|2:58|2:59|2:6|2:60|2:61|2:62|2:63|2:7|2:8|2:9|3:0|3:1|3:10|3:11|3:12|3:13|3:14|3:15|3:16|3:17|3:18|3:19|3:2|3:20|3:21|3:22|3:23|3:24|3:25|3:26|3:27|3:28|3:29|3:3|3:30|3:31|3:32|3:33|3:34|3:35|3:36|3:37|3:38|3:39|3:4|3:40|3:41|3:42|3:43|3:44|3:45|3:46|3:47|3:48|3:49|3:5|3:50|3:51|3:52|3:53|3:54|3:55|3:56|3:57|3:58|3:59|3:6|3:60|3:61|3:62|3:63|3:7|3:8|3:9|4:0|4:1|4:10|4:11|4:12|4:13|4:14|4:15|4:16|4:17|4:18|4:19|4:2|4:20|4:21|4:22|4:23|4:24|4:25|4:26|4:27|4:28|4:29|4:3|4:30|4:31|4:32|4:33|4:34|4:35|4:36|4:37|4:38|4:39|4:4|4:40|4:41|4:42|4:43|4:44|4:45|4:46|4:47|4:48|4:49|4:5|4:50|4:51|4:52|4:53|4:54|4:55|4:56|4:57|4:58|4:59|4:6|4:60|4:61|4:62|4:63|4:7|4:8|4:9|5:0|5:1|5:10|5:11|5:12|5:13|5:14|5:15|5:16|5:17|5:18|5:19|5:2|5:20|5:21|5:22|5:23|5:24|5:25|5:26|5:27|5:28|5:29|5:3|5:30|5:31|5:32|5:33|5:34|5:35|5:36|5:37|5:38|5:39|5:4|5:40|5:41|5:42|5:43|5:44|5:45|5:46|5:47|5:48|5:49|5:5|5:51|5:52|5:53|5:54|5:55|5:56|5:57|5:58|5:59|5:6|5:60|5:61|5:62|5:63|5:7|5:8|5:9
TIERING-OFF,43,background-reference,48000,drum,C2-MIXTURE-PREFIX,318,0,322,1|2|3|4|5,1:0|1:1|1:10|1:11|1:12|1:13|1:14|1:15|1:16|1:17|1:18|1:19|1:2|1:20|1:21|1:22|1:23|1:24|1:25|1:26|1:27|1:28|1:29|1:3|1:30|1:31|1:32|1:33|1:34|1:35|1:36|1:37|1:38|1:39|1:4|1:40|1:41|1:42|1:43|1:44|1:45|1:46|1:47|1:48|1:49|1:5|1:50|1:51|1:52|1:53|1:54|1:55|1:56|1:57|1:58|1:59|1:6|1:60|1:61|1:62|1:63|1:7|1:8|1:9|2:0|2:1|2:10|2:11|2:12|2:13|2:14|2:15|2:16|2:17|2:18|2:19|2:2|2:20|2:21|2:22|2:23|2:24|2:25|2:26|2:27|2:28|2:29|2:3|2:30|2:31|2:32|2:33|2:34|2:35|2:36|2:37|2:38|2:39|2:4|2:40|2:41|2:42|2:43|2:44|2:45|2:46|2:47|2:48|2:49|2:5|2:51|2:52|2:53|2:54|2:55|2:56|2:57|2:58|2:59|2:6|2:60|2:61|2:62|2:63|2:7|2:8|2:9|3:0|3:1|3:10|3:11|3:12|3:13|3:14|3:15|3:16|3:17|3:18|3:19|3:2|3:20|3:21|3:22|3:23|3:24|3:25|3:26|3:27|3:28|3:29|3:3|3:30|3:31|3:32|3:33|3:34|3:35|3:36|3:37|3:38|3:39|3:4|3:40|3:41|3:42|3:43|3:44|3:45|3:46|3:47|3:48|3:49|3:5|3:50|3:51|3:52|3:53|3:54|3:55|3:56|3:57|3:58|3:59|3:6|3:60|3:61|3:62|3:63|3:7|3:8|3:9|4:0|4:1|4:10|4:11|4:12|4:13|4:14|4:15|4:16|4:17|4:18|4:19|4:2|4:20|4:21|4:22|4:23|4:24|4:25|4:26|4:27|4:28|4:29|4:3|4:30|4:31|4:32|4:33|4:34|4:35|4:36|4:37|4:38|4:39|4:4|4:40|4:41|4:42|4:43|4:44|4:45|4:46|4:47|4:48|4:49|4:5|4:50|4:51|4:52|4:53|4:54|4:55|4:56|4:57|4:58|4:59|4:6|4:60|4:61|4:62|4:63|4:7|4:8|4:9|5:0|5:1|5:10|5:11|5:12|5:13|5:14|5:15|5:16|5:17|5:18|5:19|5:2|5:20|5:21|5:22|5:23|5:24|5:25|5:26|5:27|5:28|5:29|5:3|5:30|5:31|5:32|5:33|5:34|5:35|5:36|5:37|5:38|5:39|5:4|5:40|5:41|5:42|5:43|5:44|5:45|5:46|5:47|5:48|5:49|5:5|5:51|5:52|5:53|5:54|5:55|5:56|5:57|5:58|5:59|5:6|5:60|5:61|5:62|5:63|5:7|5:8|5:9
TIERING-OFF,44,background-reference,48000,feedwater-inventory,C2-NEAR-BOUNDARY-LIQUID-PREFIX,2,0,118.1,3|5,3:4|5:19
TIERING-OFF,45,background-reference,54000,suction,C2-MIXTURE-PREFIX,318,0,306.9,1|2|3|4|5,1:0|1:1|1:10|1:11|1:12|1:13|1:14|1:15|1:16|1:17|1:18|1:19|1:2|1:20|1:21|1:22|1:23|1:24|1:25|1:26|1:27|1:28|1:29|1:3|1:30|1:31|1:32|1:33|1:34|1:35|1:36|1:37|1:38|1:39|1:4|1:40|1:41|1:42|1:43|1:44|1:45|1:46|1:47|1:48|1:49|1:5|1:50|1:51|1:52|1:53|1:54|1:55|1:56|1:57|1:58|1:59|1:6|1:60|1:61|1:62|1:63|1:7|1:8|1:9|2:0|2:1|2:10|2:11|2:12|2:13|2:14|2:15|2:16|2:17|2:18|2:19|2:2|2:20|2:21|2:22|2:23|2:24|2:25|2:26|2:27|2:28|2:29|2:3|2:30|2:31|2:32|2:33|2:34|2:35|2:36|2:37|2:38|2:39|2:4|2:40|2:41|2:42|2:43|2:44|2:45|2:46|2:47|2:48|2:49|2:5|2:51|2:52|2:53|2:54|2:55|2:56|2:57|2:58|2:59|2:6|2:60|2:61|2:62|2:63|2:7|2:8|2:9|3:0|3:1|3:10|3:11|3:12|3:13|3:14|3:15|3:16|3:17|3:18|3:19|3:2|3:20|3:21|3:22|3:23|3:24|3:25|3:26|3:27|3:28|3:29|3:3|3:30|3:31|3:32|3:33|3:34|3:35|3:36|3:37|3:38|3:39|3:4|3:40|3:41|3:42|3:43|3:44|3:45|3:46|3:47|3:48|3:49|3:5|3:50|3:51|3:52|3:53|3:54|3:55|3:56|3:57|3:58|3:59|3:6|3:60|3:61|3:62|3:63|3:7|3:8|3:9|4:0|4:1|4:10|4:11|4:12|4:13|4:14|4:15|4:16|4:17|4:18|4:19|4:2|4:20|4:21|4:22|4:23|4:24|4:25|4:26|4:27|4:28|4:29|4:3|4:30|4:31|4:32|4:33|4:34|4:35|4:36|4:37|4:38|4:39|4:4|4:40|4:41|4:42|4:43|4:44|4:45|4:46|4:47|4:48|4:49|4:5|4:50|4:51|4:52|4:53|4:54|4:55|4:56|4:57|4:58|4:59|4:6|4:60|4:61|4:62|4:63|4:7|4:8|4:9|5:0|5:1|5:10|5:11|5:12|5:13|5:14|5:15|5:16|5:17|5:18|5:19|5:2|5:20|5:21|5:22|5:23|5:24|5:25|5:26|5:27|5:28|5:29|5:3|5:30|5:31|5:32|5:33|5:34|5:35|5:36|5:37|5:38|5:39|5:4|5:40|5:41|5:42|5:43|5:44|5:45|5:46|5:47|5:48|5:49|5:5|5:51|5:52|5:53|5:54|5:55|5:56|5:57|5:58|5:59|5:6|5:60|5:61|5:62|5:63|5:7|5:8|5:9
TIERING-OFF,46,background-reference,54000,pressure,C2-MIXTURE-PREFIX,318,0,406.9,1|2|3|4|5,1:0|1:1|1:10|1:11|1:12|1:13|1:14|1:15|1:16|1:17|1:18|1:19|1:2|1:20|1:21|1:22|1:23|1:24|1:25|1:26|1:27|1:28|1:29|1:3|1:30|1:31|1:32|1:33|1:34|1:35|1:36|1:37|1:38|1:39|1:4|1:40|1:41|1:42|1:43|1:44|1:45|1:46|1:47|1:48|1:49|1:5|1:50|1:51|1:52|1:53|1:54|1:55|1:56|1:57|1:58|1:59|1:6|1:60|1:61|1:62|1:63|1:7|1:8|1:9|2:0|2:1|2:10|2:11|2:12|2:13|2:14|2:15|2:16|2:17|2:18|2:19|2:2|2:20|2:21|2:22|2:23|2:24|2:25|2:26|2:27|2:28|2:29|2:3|2:30|2:31|2:32|2:33|2:34|2:35|2:36|2:37|2:38|2:39|2:4|2:40|2:41|2:42|2:43|2:44|2:45|2:46|2:47|2:48|2:49|2:5|2:51|2:52|2:53|2:54|2:55|2:56|2:57|2:58|2:59|2:6|2:60|2:61|2:62|2:63|2:7|2:8|2:9|3:0|3:1|3:10|3:11|3:12|3:13|3:14|3:15|3:16|3:17|3:18|3:19|3:2|3:20|3:21|3:22|3:23|3:24|3:25|3:26|3:27|3:28|3:29|3:3|3:30|3:31|3:32|3:33|3:34|3:35|3:36|3:37|3:38|3:39|3:4|3:40|3:41|3:42|3:43|3:44|3:45|3:46|3:47|3:48|3:49|3:5|3:50|3:51|3:52|3:53|3:54|3:55|3:56|3:57|3:58|3:59|3:6|3:60|3:61|3:62|3:63|3:7|3:8|3:9|4:0|4:1|4:10|4:11|4:12|4:13|4:14|4:15|4:16|4:17|4:18|4:19|4:2|4:20|4:21|4:22|4:23|4:24|4:25|4:26|4:27|4:28|4:29|4:3|4:30|4:31|4:32|4:33|4:34|4:35|4:36|4:37|4:38|4:39|4:4|4:40|4:41|4:42|4:43|4:44|4:45|4:46|4:47|4:48|4:49|4:5|4:50|4:51|4:52|4:53|4:54|4:55|4:56|4:57|4:58|4:59|4:6|4:60|4:61|4:62|4:63|4:7|4:8|4:9|5:0|5:1|5:10|5:11|5:12|5:13|5:14|5:15|5:16|5:17|5:18|5:19|5:2|5:20|5:21|5:22|5:23|5:24|5:25|5:26|5:27|5:28|5:29|5:3|5:30|5:31|5:32|5:33|5:34|5:35|5:36|5:37|5:38|5:39|5:4|5:40|5:41|5:42|5:43|5:44|5:45|5:46|5:47|5:48|5:49|5:5|5:51|5:52|5:53|5:54|5:55|5:56|5:57|5:58|5:59|5:6|5:60|5:61|5:62|5:63|5:7|5:8|5:9
TIERING-OFF,47,background-reference,54000,outlet,C2-MIXTURE-PREFIX,318,0,308.7,1|2|3|4|5,1:0|1:1|1:10|1:11|1:12|1:13|1:14|1:15|1:16|1:17|1:18|1:19|1:2|1:20|1:21|1:22|1:23|1:24|1:25|1:26|1:27|1:28|1:29|1:3|1:30|1:31|1:32|1:33|1:34|1:35|1:36|1:37|1:38|1:39|1:4|1:40|1:41|1:42|1:43|1:44|1:45|1:46|1:47|1:48|1:49|1:5|1:50|1:51|1:52|1:53|1:54|1:55|1:56|1:57|1:58|1:59|1:6|1:60|1:61|1:62|1:63|1:7|1:8|1:9|2:0|2:1|2:10|2:11|2:12|2:13|2:14|2:15|2:16|2:17|2:18|2:19|2:2|2:20|2:21|2:22|2:23|2:24|2:25|2:26|2:27|2:28|2:29|2:3|2:30|2:31|2:32|2:33|2:34|2:35|2:36|2:37|2:38|2:39|2:4|2:40|2:41|2:42|2:43|2:44|2:45|2:46|2:47|2:48|2:49|2:5|2:51|2:52|2:53|2:54|2:55|2:56|2:57|2:58|2:59|2:6|2:60|2:61|2:62|2:63|2:7|2:8|2:9|3:0|3:1|3:10|3:11|3:12|3:13|3:14|3:15|3:16|3:17|3:18|3:19|3:2|3:20|3:21|3:22|3:23|3:24|3:25|3:26|3:27|3:28|3:29|3:3|3:30|3:31|3:32|3:33|3:34|3:35|3:36|3:37|3:38|3:39|3:4|3:40|3:41|3:42|3:43|3:44|3:45|3:46|3:47|3:48|3:49|3:5|3:50|3:51|3:52|3:53|3:54|3:55|3:56|3:57|3:58|3:59|3:6|3:60|3:61|3:62|3:63|3:7|3:8|3:9|4:0|4:1|4:10|4:11|4:12|4:13|4:14|4:15|4:16|4:17|4:18|4:19|4:2|4:20|4:21|4:22|4:23|4:24|4:25|4:26|4:27|4:28|4:29|4:3|4:30|4:31|4:32|4:33|4:34|4:35|4:36|4:37|4:38|4:39|4:4|4:40|4:41|4:42|4:43|4:44|4:45|4:46|4:47|4:48|4:49|4:5|4:50|4:51|4:52|4:53|4:54|4:55|4:56|4:57|4:58|4:59|4:6|4:60|4:61|4:62|4:63|4:7|4:8|4:9|5:0|5:1|5:10|5:11|5:12|5:13|5:14|5:15|5:16|5:17|5:18|5:19|5:2|5:20|5:21|5:22|5:23|5:24|5:25|5:26|5:27|5:28|5:29|5:3|5:30|5:31|5:32|5:33|5:34|5:35|5:36|5:37|5:38|5:39|5:4|5:40|5:41|5:42|5:43|5:44|5:45|5:46|5:47|5:48|5:49|5:5|5:51|5:52|5:53|5:54|5:55|5:56|5:57|5:58|5:59|5:6|5:60|5:61|5:62|5:63|5:7|5:8|5:9
TIERING-OFF,48,background-reference,54000,drum,C2-MIXTURE-PREFIX,318,0,290.3,1|2|3|4|5,1:0|1:1|1:10|1:11|1:12|1:13|1:14|1:15|1:16|1:17|1:18|1:19|1:2|1:20|1:21|1:22|1:23|1:24|1:25|1:26|1:27|1:28|1:29|1:3|1:30|1:31|1:32|1:33|1:34|1:35|1:36|1:37|1:38|1:39|1:4|1:40|1:41|1:42|1:43|1:44|1:45|1:46|1:47|1:48|1:49|1:5|1:50|1:51|1:52|1:53|1:54|1:55|1:56|1:57|1:58|1:59|1:6|1:60|1:61|1:62|1:63|1:7|1:8|1:9|2:0|2:1|2:10|2:11|2:12|2:13|2:14|2:15|2:16|2:17|2:18|2:19|2:2|2:20|2:21|2:22|2:23|2:24|2:25|2:26|2:27|2:28|2:29|2:3|2:30|2:31|2:32|2:33|2:34|2:35|2:36|2:37|2:38|2:39|2:4|2:40|2:41|2:42|2:43|2:44|2:45|2:46|2:47|2:48|2:49|2:5|2:51|2:52|2:53|2:54|2:55|2:56|2:57|2:58|2:59|2:6|2:60|2:61|2:62|2:63|2:7|2:8|2:9|3:0|3:1|3:10|3:11|3:12|3:13|3:14|3:15|3:16|3:17|3:18|3:19|3:2|3:20|3:21|3:22|3:23|3:24|3:25|3:26|3:27|3:28|3:29|3:3|3:30|3:31|3:32|3:33|3:34|3:35|3:36|3:37|3:38|3:39|3:4|3:40|3:41|3:42|3:43|3:44|3:45|3:46|3:47|3:48|3:49|3:5|3:50|3:51|3:52|3:53|3:54|3:55|3:56|3:57|3:58|3:59|3:6|3:60|3:61|3:62|3:63|3:7|3:8|3:9|4:0|4:1|4:10|4:11|4:12|4:13|4:14|4:15|4:16|4:17|4:18|4:19|4:2|4:20|4:21|4:22|4:23|4:24|4:25|4:26|4:27|4:28|4:29|4:3|4:30|4:31|4:32|4:33|4:34|4:35|4:36|4:37|4:38|4:39|4:4|4:40|4:41|4:42|4:43|4:44|4:45|4:46|4:47|4:48|4:49|4:5|4:50|4:51|4:52|4:53|4:54|4:55|4:56|4:57|4:58|4:59|4:6|4:60|4:61|4:62|4:63|4:7|4:8|4:9|5:0|5:1|5:10|5:11|5:12|5:13|5:14|5:15|5:16|5:17|5:18|5:19|5:2|5:20|5:21|5:22|5:23|5:24|5:25|5:26|5:27|5:28|5:29|5:3|5:30|5:31|5:32|5:33|5:34|5:35|5:36|5:37|5:38|5:39|5:4|5:40|5:41|5:42|5:43|5:44|5:45|5:46|5:47|5:48|5:49|5:5|5:51|5:52|5:53|5:54|5:55|5:56|5:57|5:58|5:59|5:6|5:60|5:61|5:62|5:63|5:7|5:8|5:9
TIERING-OFF,5,background-reference,6000,suction,C2-MIXTURE-PREFIX,317,0,242.8,1|2|3|4|5,1:0|1:1|1:10|1:11|1:12|1:13|1:14|1:15|1:16|1:17|1:18|1:19|1:2|1:20|1:21|1:22|1:23|1:24|1:25|1:26|1:27|1:28|1:29|1:3|1:30|1:31|1:32|1:33|1:34|1:35|1:36|1:37|1:38|1:39|1:4|1:40|1:41|1:42|1:43|1:44|1:45|1:46|1:47|1:48|1:49|1:5|1:50|1:51|1:52|1:53|1:54|1:55|1:56|1:57|1:58|1:59|1:6|1:60|1:61|1:62|1:63|1:7|1:8|1:9|2:0|2:1|2:10|2:11|2:12|2:13|2:14|2:15|2:16|2:17|2:18|2:19|2:2|2:20|2:21|2:22|2:23|2:24|2:25|2:26|2:27|2:28|2:29|2:3|2:30|2:31|2:32|2:33|2:34|2:35|2:36|2:37|2:38|2:39|2:4|2:40|2:41|2:42|2:43|2:44|2:45|2:46|2:47|2:48|2:49|2:5|2:51|2:52|2:53|2:54|2:55|2:56|2:57|2:58|2:59|2:6|2:60|2:61|2:62|2:63|2:7|2:8|2:9|3:0|3:1|3:10|3:11|3:12|3:13|3:14|3:15|3:16|3:17|3:18|3:19|3:2|3:20|3:21|3:22|3:23|3:24|3:25|3:26|3:27|3:28|3:29|3:3|3:30|3:31|3:32|3:33|3:34|3:35|3:36|3:37|3:38|3:39|3:4|3:40|3:41|3:42|3:43|3:44|3:45|3:46|3:47|3:48|3:49|3:5|3:50|3:51|3:52|3:53|3:54|3:55|3:56|3:57|3:58|3:59|3:6|3:60|3:61|3:62|3:63|3:7|3:8|3:9|4:0|4:1|4:10|4:11|4:12|4:13|4:14|4:15|4:16|4:17|4:18|4:19|4:2|4:20|4:21|4:22|4:23|4:24|4:25|4:26|4:27|4:28|4:29|4:3|4:30|4:31|4:32|4:33|4:34|4:35|4:36|4:37|4:38|4:39|4:4|4:40|4:41|4:42|4:43|4:44|4:45|4:46|4:47|4:48|4:49|4:5|4:50|4:51|4:52|4:53|4:54|4:55|4:56|4:57|4:58|4:59|4:6|4:60|4:61|4:62|4:63|4:7|4:8|4:9|5:0|5:1|5:10|5:11|5:12|5:13|5:14|5:15|5:16|5:17|5:18|5:19|5:2|5:20|5:21|5:22|5:23|5:24|5:25|5:26|5:27|5:28|5:29|5:3|5:30|5:31|5:32|5:33|5:34|5:35|5:36|5:37|5:38|5:39|5:4|5:40|5:41|5:42|5:43|5:44|5:45|5:46|5:47|5:48|5:49|5:5|5:52|5:53|5:54|5:55|5:56|5:57|5:58|5:59|5:6|5:60|5:61|5:62|5:63|5:7|5:8|5:9
TIERING-OFF,50,background-reference,60000,suction,C2-MIXTURE-PREFIX,320,0,288.8,1|2|3|4|5,1:0|1:1|1:10|1:11|1:12|1:13|1:14|1:15|1:16|1:17|1:18|1:19|1:2|1:20|1:21|1:22|1:23|1:24|1:25|1:26|1:27|1:28|1:29|1:3|1:30|1:31|1:32|1:33|1:34|1:35|1:36|1:37|1:38|1:39|1:4|1:40|1:41|1:42|1:43|1:44|1:45|1:46|1:47|1:48|1:49|1:5|1:50|1:51|1:52|1:53|1:54|1:55|1:56|1:57|1:58|1:59|1:6|1:60|1:61|1:62|1:63|1:7|1:8|1:9|2:0|2:1|2:10|2:11|2:12|2:13|2:14|2:15|2:16|2:17|2:18|2:19|2:2|2:20|2:21|2:22|2:23|2:24|2:25|2:26|2:27|2:28|2:29|2:3|2:30|2:31|2:32|2:33|2:34|2:35|2:36|2:37|2:38|2:39|2:4|2:40|2:41|2:42|2:43|2:44|2:45|2:46|2:47|2:48|2:49|2:5|2:50|2:51|2:52|2:53|2:54|2:55|2:56|2:57|2:58|2:59|2:6|2:60|2:61|2:62|2:63|2:7|2:8|2:9|3:0|3:1|3:10|3:11|3:12|3:13|3:14|3:15|3:16|3:17|3:18|3:19|3:2|3:20|3:21|3:22|3:23|3:24|3:25|3:26|3:27|3:28|3:29|3:3|3:30|3:31|3:32|3:33|3:34|3:35|3:36|3:37|3:38|3:39|3:4|3:40|3:41|3:42|3:43|3:44|3:45|3:46|3:47|3:48|3:49|3:5|3:50|3:51|3:52|3:53|3:54|3:55|3:56|3:57|3:58|3:59|3:6|3:60|3:61|3:62|3:63|3:7|3:8|3:9|4:0|4:1|4:10|4:11|4:12|4:13|4:14|4:15|4:16|4:17|4:18|4:19|4:2|4:20|4:21|4:22|4:23|4:24|4:25|4:26|4:27|4:28|4:29|4:3|4:30|4:31|4:32|4:33|4:34|4:35|4:36|4:37|4:38|4:39|4:4|4:40|4:41|4:42|4:43|4:44|4:45|4:46|4:47|4:48|4:49|4:5|4:50|4:51|4:52|4:53|4:54|4:55|4:56|4:57|4:58|4:59|4:6|4:60|4:61|4:62|4:63|4:7|4:8|4:9|5:0|5:1|5:10|5:11|5:12|5:13|5:14|5:15|5:16|5:17|5:18|5:19|5:2|5:20|5:21|5:22|5:23|5:24|5:25|5:26|5:27|5:28|5:29|5:3|5:30|5:31|5:32|5:33|5:34|5:35|5:36|5:37|5:38|5:39|5:4|5:40|5:41|5:42|5:43|5:44|5:45|5:46|5:47|5:48|5:49|5:5|5:50|5:51|5:52|5:53|5:54|5:55|5:56|5:57|5:58|5:59|5:6|5:60|5:61|5:62|5:63|5:7|5:8|5:9
TIERING-OFF,51,background-reference,60000,pressure,C2-MIXTURE-PREFIX,320,1,415.6,1|2|3|4|5,1:0|1:1|1:10|1:11|1:12|1:13|1:14|1:15|1:16|1:17|1:18|1:19|1:2|1:20|1:21|1:22|1:23|1:24|1:25|1:26|1:27|1:28|1:29|1:3|1:30|1:31|1:32|1:33|1:34|1:35|1:36|1:37|1:38|1:39|1:4|1:40|1:41|1:42|1:43|1:44|1:45|1:46|1:47|1:48|1:49|1:5|1:50|1:51|1:52|1:53|1:54|1:55|1:56|1:57|1:58|1:59|1:6|1:60|1:61|1:62|1:63|1:7|1:8|1:9|2:0|2:1|2:10|2:11|2:12|2:13|2:14|2:15|2:16|2:17|2:18|2:19|2:2|2:20|2:21|2:22|2:23|2:24|2:25|2:26|2:27|2:28|2:29|2:3|2:30|2:31|2:32|2:33|2:34|2:35|2:36|2:37|2:38|2:39|2:4|2:40|2:41|2:42|2:43|2:44|2:45|2:46|2:47|2:48|2:49|2:5|2:50|2:51|2:52|2:53|2:54|2:55|2:56|2:57|2:58|2:59|2:6|2:60|2:61|2:62|2:63|2:7|2:8|2:9|3:0|3:1|3:10|3:11|3:12|3:13|3:14|3:15|3:16|3:17|3:18|3:19|3:2|3:20|3:21|3:22|3:23|3:24|3:25|3:26|3:27|3:28|3:29|3:3|3:30|3:31|3:32|3:33|3:34|3:35|3:36|3:37|3:38|3:39|3:4|3:40|3:41|3:42|3:43|3:44|3:45|3:46|3:47|3:48|3:49|3:5|3:50|3:51|3:52|3:53|3:54|3:55|3:56|3:57|3:58|3:59|3:6|3:60|3:61|3:62|3:63|3:7|3:8|3:9|4:0|4:1|4:10|4:11|4:12|4:13|4:14|4:15|4:16|4:17|4:18|4:19|4:2|4:20|4:21|4:22|4:23|4:24|4:25|4:26|4:27|4:28|4:29|4:3|4:30|4:31|4:32|4:33|4:34|4:35|4:36|4:37|4:38|4:39|4:4|4:40|4:41|4:42|4:43|4:44|4:45|4:46|4:47|4:48|4:49|4:5|4:50|4:51|4:52|4:53|4:54|4:55|4:56|4:57|4:58|4:59|4:6|4:60|4:61|4:62|4:63|4:7|4:8|4:9|5:0|5:1|5:10|5:11|5:12|5:13|5:14|5:15|5:16|5:17|5:18|5:19|5:2|5:20|5:21|5:22|5:23|5:24|5:25|5:26|5:27|5:28|5:29|5:3|5:30|5:31|5:32|5:33|5:34|5:35|5:36|5:37|5:38|5:39|5:4|5:40|5:41|5:42|5:43|5:44|5:45|5:46|5:47|5:48|5:49|5:5|5:50|5:51|5:52|5:53|5:54|5:55|5:56|5:57|5:58|5:59|5:6|5:60|5:61|5:62|5:63|5:7|5:8|5:9
TIERING-OFF,52,background-reference,60000,outlet,C2-MIXTURE-PREFIX,320,0,224,1|2|3|4|5,1:0|1:1|1:10|1:11|1:12|1:13|1:14|1:15|1:16|1:17|1:18|1:19|1:2|1:20|1:21|1:22|1:23|1:24|1:25|1:26|1:27|1:28|1:29|1:3|1:30|1:31|1:32|1:33|1:34|1:35|1:36|1:37|1:38|1:39|1:4|1:40|1:41|1:42|1:43|1:44|1:45|1:46|1:47|1:48|1:49|1:5|1:50|1:51|1:52|1:53|1:54|1:55|1:56|1:57|1:58|1:59|1:6|1:60|1:61|1:62|1:63|1:7|1:8|1:9|2:0|2:1|2:10|2:11|2:12|2:13|2:14|2:15|2:16|2:17|2:18|2:19|2:2|2:20|2:21|2:22|2:23|2:24|2:25|2:26|2:27|2:28|2:29|2:3|2:30|2:31|2:32|2:33|2:34|2:35|2:36|2:37|2:38|2:39|2:4|2:40|2:41|2:42|2:43|2:44|2:45|2:46|2:47|2:48|2:49|2:5|2:50|2:51|2:52|2:53|2:54|2:55|2:56|2:57|2:58|2:59|2:6|2:60|2:61|2:62|2:63|2:7|2:8|2:9|3:0|3:1|3:10|3:11|3:12|3:13|3:14|3:15|3:16|3:17|3:18|3:19|3:2|3:20|3:21|3:22|3:23|3:24|3:25|3:26|3:27|3:28|3:29|3:3|3:30|3:31|3:32|3:33|3:34|3:35|3:36|3:37|3:38|3:39|3:4|3:40|3:41|3:42|3:43|3:44|3:45|3:46|3:47|3:48|3:49|3:5|3:50|3:51|3:52|3:53|3:54|3:55|3:56|3:57|3:58|3:59|3:6|3:60|3:61|3:62|3:63|3:7|3:8|3:9|4:0|4:1|4:10|4:11|4:12|4:13|4:14|4:15|4:16|4:17|4:18|4:19|4:2|4:20|4:21|4:22|4:23|4:24|4:25|4:26|4:27|4:28|4:29|4:3|4:30|4:31|4:32|4:33|4:34|4:35|4:36|4:37|4:38|4:39|4:4|4:40|4:41|4:42|4:43|4:44|4:45|4:46|4:47|4:48|4:49|4:5|4:50|4:51|4:52|4:53|4:54|4:55|4:56|4:57|4:58|4:59|4:6|4:60|4:61|4:62|4:63|4:7|4:8|4:9|5:0|5:1|5:10|5:11|5:12|5:13|5:14|5:15|5:16|5:17|5:18|5:19|5:2|5:20|5:21|5:22|5:23|5:24|5:25|5:26|5:27|5:28|5:29|5:3|5:30|5:31|5:32|5:33|5:34|5:35|5:36|5:37|5:38|5:39|5:4|5:40|5:41|5:42|5:43|5:44|5:45|5:46|5:47|5:48|5:49|5:5|5:50|5:51|5:52|5:53|5:54|5:55|5:56|5:57|5:58|5:59|5:6|5:60|5:61|5:62|5:63|5:7|5:8|5:9
TIERING-OFF,53,background-reference,60000,drum,C2-MIXTURE-PREFIX,320,1,469,1|2|3|4|5,1:0|1:1|1:10|1:11|1:12|1:13|1:14|1:15|1:16|1:17|1:18|1:19|1:2|1:20|1:21|1:22|1:23|1:24|1:25|1:26|1:27|1:28|1:29|1:3|1:30|1:31|1:32|1:33|1:34|1:35|1:36|1:37|1:38|1:39|1:4|1:40|1:41|1:42|1:43|1:44|1:45|1:46|1:47|1:48|1:49|1:5|1:50|1:51|1:52|1:53|1:54|1:55|1:56|1:57|1:58|1:59|1:6|1:60|1:61|1:62|1:63|1:7|1:8|1:9|2:0|2:1|2:10|2:11|2:12|2:13|2:14|2:15|2:16|2:17|2:18|2:19|2:2|2:20|2:21|2:22|2:23|2:24|2:25|2:26|2:27|2:28|2:29|2:3|2:30|2:31|2:32|2:33|2:34|2:35|2:36|2:37|2:38|2:39|2:4|2:40|2:41|2:42|2:43|2:44|2:45|2:46|2:47|2:48|2:49|2:5|2:50|2:51|2:52|2:53|2:54|2:55|2:56|2:57|2:58|2:59|2:6|2:60|2:61|2:62|2:63|2:7|2:8|2:9|3:0|3:1|3:10|3:11|3:12|3:13|3:14|3:15|3:16|3:17|3:18|3:19|3:2|3:20|3:21|3:22|3:23|3:24|3:25|3:26|3:27|3:28|3:29|3:3|3:30|3:31|3:32|3:33|3:34|3:35|3:36|3:37|3:38|3:39|3:4|3:40|3:41|3:42|3:43|3:44|3:45|3:46|3:47|3:48|3:49|3:5|3:50|3:51|3:52|3:53|3:54|3:55|3:56|3:57|3:58|3:59|3:6|3:60|3:61|3:62|3:63|3:7|3:8|3:9|4:0|4:1|4:10|4:11|4:12|4:13|4:14|4:15|4:16|4:17|4:18|4:19|4:2|4:20|4:21|4:22|4:23|4:24|4:25|4:26|4:27|4:28|4:29|4:3|4:30|4:31|4:32|4:33|4:34|4:35|4:36|4:37|4:38|4:39|4:4|4:40|4:41|4:42|4:43|4:44|4:45|4:46|4:47|4:48|4:49|4:5|4:50|4:51|4:52|4:53|4:54|4:55|4:56|4:57|4:58|4:59|4:6|4:60|4:61|4:62|4:63|4:7|4:8|4:9|5:0|5:1|5:10|5:11|5:12|5:13|5:14|5:15|5:16|5:17|5:18|5:19|5:2|5:20|5:21|5:22|5:23|5:24|5:25|5:26|5:27|5:28|5:29|5:3|5:30|5:31|5:32|5:33|5:34|5:35|5:36|5:37|5:38|5:39|5:4|5:40|5:41|5:42|5:43|5:44|5:45|5:46|5:47|5:48|5:49|5:5|5:50|5:51|5:52|5:53|5:54|5:55|5:56|5:57|5:58|5:59|5:6|5:60|5:61|5:62|5:63|5:7|5:8|5:9
TIERING-OFF,54,background-reference,60000,feedwater-inventory,C2-NEAR-BOUNDARY-LIQUID-PREFIX,4,0,313.5,1|3,1:20|1:26|1:46|3:9
TIERING-OFF,55,exact-v9-5-to-6mwe,2784,suction,C2-MIXTURE-PREFIX,320,0,280.1,1|2|3|4|5,1:0|1:1|1:10|1:11|1:12|1:13|1:14|1:15|1:16|1:17|1:18|1:19|1:2|1:20|1:21|1:22|1:23|1:24|1:25|1:26|1:27|1:28|1:29|1:3|1:30|1:31|1:32|1:33|1:34|1:35|1:36|1:37|1:38|1:39|1:4|1:40|1:41|1:42|1:43|1:44|1:45|1:46|1:47|1:48|1:49|1:5|1:50|1:51|1:52|1:53|1:54|1:55|1:56|1:57|1:58|1:59|1:6|1:60|1:61|1:62|1:63|1:7|1:8|1:9|2:0|2:1|2:10|2:11|2:12|2:13|2:14|2:15|2:16|2:17|2:18|2:19|2:2|2:20|2:21|2:22|2:23|2:24|2:25|2:26|2:27|2:28|2:29|2:3|2:30|2:31|2:32|2:33|2:34|2:35|2:36|2:37|2:38|2:39|2:4|2:40|2:41|2:42|2:43|2:44|2:45|2:46|2:47|2:48|2:49|2:5|2:50|2:51|2:52|2:53|2:54|2:55|2:56|2:57|2:58|2:59|2:6|2:60|2:61|2:62|2:63|2:7|2:8|2:9|3:0|3:1|3:10|3:11|3:12|3:13|3:14|3:15|3:16|3:17|3:18|3:19|3:2|3:20|3:21|3:22|3:23|3:24|3:25|3:26|3:27|3:28|3:29|3:3|3:30|3:31|3:32|3:33|3:34|3:35|3:36|3:37|3:38|3:39|3:4|3:40|3:41|3:42|3:43|3:44|3:45|3:46|3:47|3:48|3:49|3:5|3:50|3:51|3:52|3:53|3:54|3:55|3:56|3:57|3:58|3:59|3:6|3:60|3:61|3:62|3:63|3:7|3:8|3:9|4:0|4:1|4:10|4:11|4:12|4:13|4:14|4:15|4:16|4:17|4:18|4:19|4:2|4:20|4:21|4:22|4:23|4:24|4:25|4:26|4:27|4:28|4:29|4:3|4:30|4:31|4:32|4:33|4:34|4:35|4:36|4:37|4:38|4:39|4:4|4:40|4:41|4:42|4:43|4:44|4:45|4:46|4:47|4:48|4:49|4:5|4:50|4:51|4:52|4:53|4:54|4:55|4:56|4:57|4:58|4:59|4:6|4:60|4:61|4:62|4:63|4:7|4:8|4:9|5:0|5:1|5:10|5:11|5:12|5:13|5:14|5:15|5:16|5:17|5:18|5:19|5:2|5:20|5:21|5:22|5:23|5:24|5:25|5:26|5:27|5:28|5:29|5:3|5:30|5:31|5:32|5:33|5:34|5:35|5:36|5:37|5:38|5:39|5:4|5:40|5:41|5:42|5:43|5:44|5:45|5:46|5:47|5:48|5:49|5:5|5:50|5:51|5:52|5:53|5:54|5:55|5:56|5:57|5:58|5:59|5:6|5:60|5:61|5:62|5:63|5:7|5:8|5:9
TIERING-OFF,56,exact-v9-5-to-6mwe,2784,pressure,C2-MIXTURE-PREFIX,320,0,382.8,1|2|3|4|5,1:0|1:1|1:10|1:11|1:12|1:13|1:14|1:15|1:16|1:17|1:18|1:19|1:2|1:20|1:21|1:22|1:23|1:24|1:25|1:26|1:27|1:28|1:29|1:3|1:30|1:31|1:32|1:33|1:34|1:35|1:36|1:37|1:38|1:39|1:4|1:40|1:41|1:42|1:43|1:44|1:45|1:46|1:47|1:48|1:49|1:5|1:50|1:51|1:52|1:53|1:54|1:55|1:56|1:57|1:58|1:59|1:6|1:60|1:61|1:62|1:63|1:7|1:8|1:9|2:0|2:1|2:10|2:11|2:12|2:13|2:14|2:15|2:16|2:17|2:18|2:19|2:2|2:20|2:21|2:22|2:23|2:24|2:25|2:26|2:27|2:28|2:29|2:3|2:30|2:31|2:32|2:33|2:34|2:35|2:36|2:37|2:38|2:39|2:4|2:40|2:41|2:42|2:43|2:44|2:45|2:46|2:47|2:48|2:49|2:5|2:50|2:51|2:52|2:53|2:54|2:55|2:56|2:57|2:58|2:59|2:6|2:60|2:61|2:62|2:63|2:7|2:8|2:9|3:0|3:1|3:10|3:11|3:12|3:13|3:14|3:15|3:16|3:17|3:18|3:19|3:2|3:20|3:21|3:22|3:23|3:24|3:25|3:26|3:27|3:28|3:29|3:3|3:30|3:31|3:32|3:33|3:34|3:35|3:36|3:37|3:38|3:39|3:4|3:40|3:41|3:42|3:43|3:44|3:45|3:46|3:47|3:48|3:49|3:5|3:50|3:51|3:52|3:53|3:54|3:55|3:56|3:57|3:58|3:59|3:6|3:60|3:61|3:62|3:63|3:7|3:8|3:9|4:0|4:1|4:10|4:11|4:12|4:13|4:14|4:15|4:16|4:17|4:18|4:19|4:2|4:20|4:21|4:22|4:23|4:24|4:25|4:26|4:27|4:28|4:29|4:3|4:30|4:31|4:32|4:33|4:34|4:35|4:36|4:37|4:38|4:39|4:4|4:40|4:41|4:42|4:43|4:44|4:45|4:46|4:47|4:48|4:49|4:5|4:50|4:51|4:52|4:53|4:54|4:55|4:56|4:57|4:58|4:59|4:6|4:60|4:61|4:62|4:63|4:7|4:8|4:9|5:0|5:1|5:10|5:11|5:12|5:13|5:14|5:15|5:16|5:17|5:18|5:19|5:2|5:20|5:21|5:22|5:23|5:24|5:25|5:26|5:27|5:28|5:29|5:3|5:30|5:31|5:32|5:33|5:34|5:35|5:36|5:37|5:38|5:39|5:4|5:40|5:41|5:42|5:43|5:44|5:45|5:46|5:47|5:48|5:49|5:5|5:50|5:51|5:52|5:53|5:54|5:55|5:56|5:57|5:58|5:59|5:6|5:60|5:61|5:62|5:63|5:7|5:8|5:9
TIERING-OFF,57,exact-v9-5-to-6mwe,2784,outlet,C2-MIXTURE-PREFIX,319,0,199.7,1|2|3|4|5,1:1|1:10|1:11|1:12|1:13|1:14|1:15|1:16|1:17|1:18|1:19|1:2|1:20|1:21|1:22|1:23|1:24|1:25|1:26|1:27|1:28|1:29|1:3|1:30|1:31|1:32|1:33|1:34|1:35|1:36|1:37|1:38|1:39|1:4|1:40|1:41|1:42|1:43|1:44|1:45|1:46|1:47|1:48|1:49|1:5|1:50|1:51|1:52|1:53|1:54|1:55|1:56|1:57|1:58|1:59|1:6|1:60|1:61|1:62|1:63|1:7|1:8|1:9|2:0|2:1|2:10|2:11|2:12|2:13|2:14|2:15|2:16|2:17|2:18|2:19|2:2|2:20|2:21|2:22|2:23|2:24|2:25|2:26|2:27|2:28|2:29|2:3|2:30|2:31|2:32|2:33|2:34|2:35|2:36|2:37|2:38|2:39|2:4|2:40|2:41|2:42|2:43|2:44|2:45|2:46|2:47|2:48|2:49|2:5|2:50|2:51|2:52|2:53|2:54|2:55|2:56|2:57|2:58|2:59|2:6|2:60|2:61|2:62|2:63|2:7|2:8|2:9|3:0|3:1|3:10|3:11|3:12|3:13|3:14|3:15|3:16|3:17|3:18|3:19|3:2|3:20|3:21|3:22|3:23|3:24|3:25|3:26|3:27|3:28|3:29|3:3|3:30|3:31|3:32|3:33|3:34|3:35|3:36|3:37|3:38|3:39|3:4|3:40|3:41|3:42|3:43|3:44|3:45|3:46|3:47|3:48|3:49|3:5|3:50|3:51|3:52|3:53|3:54|3:55|3:56|3:57|3:58|3:59|3:6|3:60|3:61|3:62|3:63|3:7|3:8|3:9|4:0|4:1|4:10|4:11|4:12|4:13|4:14|4:15|4:16|4:17|4:18|4:19|4:2|4:20|4:21|4:22|4:23|4:24|4:25|4:26|4:27|4:28|4:29|4:3|4:30|4:31|4:32|4:33|4:34|4:35|4:36|4:37|4:38|4:39|4:4|4:40|4:41|4:42|4:43|4:44|4:45|4:46|4:47|4:48|4:49|4:5|4:50|4:51|4:52|4:53|4:54|4:55|4:56|4:57|4:58|4:59|4:6|4:60|4:61|4:62|4:63|4:7|4:8|4:9|5:0|5:1|5:10|5:11|5:12|5:13|5:14|5:15|5:16|5:17|5:18|5:19|5:2|5:20|5:21|5:22|5:23|5:24|5:25|5:26|5:27|5:28|5:29|5:3|5:30|5:31|5:32|5:33|5:34|5:35|5:36|5:37|5:38|5:39|5:4|5:40|5:41|5:42|5:43|5:44|5:45|5:46|5:47|5:48|5:49|5:5|5:50|5:51|5:52|5:53|5:54|5:55|5:56|5:57|5:58|5:59|5:6|5:60|5:61|5:62|5:63|5:7|5:8|5:9
TIERING-OFF,58,exact-v9-5-to-6mwe,2784,drum,C2-MIXTURE-PREFIX,319,1,528,1|2|3|4|5,1:1|1:10|1:11|1:12|1:13|1:14|1:15|1:16|1:17|1:18|1:19|1:2|1:20|1:21|1:22|1:23|1:24|1:25|1:26|1:27|1:28|1:29|1:3|1:30|1:31|1:32|1:33|1:34|1:35|1:36|1:37|1:38|1:39|1:4|1:40|1:41|1:42|1:43|1:44|1:45|1:46|1:47|1:48|1:49|1:5|1:50|1:51|1:52|1:53|1:54|1:55|1:56|1:57|1:58|1:59|1:6|1:60|1:61|1:62|1:63|1:7|1:8|1:9|2:0|2:1|2:10|2:11|2:12|2:13|2:14|2:15|2:16|2:17|2:18|2:19|2:2|2:20|2:21|2:22|2:23|2:24|2:25|2:26|2:27|2:28|2:29|2:3|2:30|2:31|2:32|2:33|2:34|2:35|2:36|2:37|2:38|2:39|2:4|2:40|2:41|2:42|2:43|2:44|2:45|2:46|2:47|2:48|2:49|2:5|2:50|2:51|2:52|2:53|2:54|2:55|2:56|2:57|2:58|2:59|2:6|2:60|2:61|2:62|2:63|2:7|2:8|2:9|3:0|3:1|3:10|3:11|3:12|3:13|3:14|3:15|3:16|3:17|3:18|3:19|3:2|3:20|3:21|3:22|3:23|3:24|3:25|3:26|3:27|3:28|3:29|3:3|3:30|3:31|3:32|3:33|3:34|3:35|3:36|3:37|3:38|3:39|3:4|3:40|3:41|3:42|3:43|3:44|3:45|3:46|3:47|3:48|3:49|3:5|3:50|3:51|3:52|3:53|3:54|3:55|3:56|3:57|3:58|3:59|3:6|3:60|3:61|3:62|3:63|3:7|3:8|3:9|4:0|4:1|4:10|4:11|4:12|4:13|4:14|4:15|4:16|4:17|4:18|4:19|4:2|4:20|4:21|4:22|4:23|4:24|4:25|4:26|4:27|4:28|4:29|4:3|4:30|4:31|4:32|4:33|4:34|4:35|4:36|4:37|4:38|4:39|4:4|4:40|4:41|4:42|4:43|4:44|4:45|4:46|4:47|4:48|4:49|4:5|4:50|4:51|4:52|4:53|4:54|4:55|4:56|4:57|4:58|4:59|4:6|4:60|4:61|4:62|4:63|4:7|4:8|4:9|5:0|5:1|5:10|5:11|5:12|5:13|5:14|5:15|5:16|5:17|5:18|5:19|5:2|5:20|5:21|5:22|5:23|5:24|5:25|5:26|5:27|5:28|5:29|5:3|5:30|5:31|5:32|5:33|5:34|5:35|5:36|5:37|5:38|5:39|5:4|5:40|5:41|5:42|5:43|5:44|5:45|5:46|5:47|5:48|5:49|5:5|5:50|5:51|5:52|5:53|5:54|5:55|5:56|5:57|5:58|5:59|5:6|5:60|5:61|5:62|5:63|5:7|5:8|5:9
TIERING-OFF,59,exact-v9-5-to-6mwe,2784,feedwater-inventory,C2-NEAR-BOUNDARY-LIQUID-PREFIX,1,0,253.1,4,4:20
TIERING-OFF,6,background-reference,6000,pressure,C2-MIXTURE-PREFIX,317,0,289.3,1|2|3|4|5,1:0|1:1|1:10|1:11|1:12|1:13|1:14|1:15|1:16|1:17|1:18|1:19|1:2|1:20|1:21|1:22|1:23|1:24|1:25|1:26|1:27|1:28|1:29|1:3|1:30|1:31|1:32|1:33|1:34|1:35|1:36|1:37|1:38|1:39|1:4|1:40|1:41|1:42|1:43|1:44|1:45|1:46|1:47|1:48|1:49|1:5|1:50|1:51|1:52|1:53|1:54|1:55|1:56|1:57|1:58|1:59|1:6|1:60|1:61|1:62|1:63|1:7|1:8|1:9|2:0|2:1|2:10|2:11|2:12|2:13|2:14|2:15|2:16|2:17|2:18|2:19|2:2|2:20|2:21|2:22|2:23|2:24|2:25|2:26|2:27|2:28|2:29|2:3|2:30|2:31|2:32|2:33|2:34|2:35|2:36|2:37|2:38|2:39|2:4|2:40|2:41|2:42|2:43|2:44|2:45|2:46|2:47|2:48|2:49|2:5|2:51|2:52|2:53|2:54|2:55|2:56|2:57|2:58|2:59|2:6|2:60|2:61|2:62|2:63|2:7|2:8|2:9|3:0|3:1|3:10|3:11|3:12|3:13|3:14|3:15|3:16|3:17|3:18|3:19|3:2|3:20|3:21|3:22|3:23|3:24|3:25|3:26|3:27|3:28|3:29|3:3|3:30|3:31|3:32|3:33|3:34|3:35|3:36|3:37|3:38|3:39|3:4|3:40|3:41|3:42|3:43|3:44|3:45|3:46|3:47|3:48|3:49|3:5|3:50|3:51|3:52|3:53|3:54|3:55|3:56|3:57|3:58|3:59|3:6|3:60|3:61|3:62|3:63|3:7|3:8|3:9|4:0|4:1|4:10|4:11|4:12|4:13|4:14|4:15|4:16|4:17|4:18|4:19|4:2|4:20|4:21|4:22|4:23|4:24|4:25|4:26|4:27|4:28|4:29|4:3|4:30|4:31|4:32|4:33|4:34|4:35|4:36|4:37|4:38|4:39|4:4|4:40|4:41|4:42|4:43|4:44|4:45|4:46|4:47|4:48|4:49|4:5|4:50|4:51|4:52|4:53|4:54|4:55|4:56|4:57|4:58|4:59|4:6|4:60|4:61|4:62|4:63|4:7|4:8|4:9|5:0|5:1|5:10|5:11|5:12|5:13|5:14|5:15|5:16|5:17|5:18|5:19|5:2|5:20|5:21|5:22|5:23|5:24|5:25|5:26|5:27|5:28|5:29|5:3|5:30|5:31|5:32|5:33|5:34|5:35|5:36|5:37|5:38|5:39|5:4|5:40|5:41|5:42|5:43|5:44|5:45|5:46|5:47|5:48|5:49|5:5|5:52|5:53|5:54|5:55|5:56|5:57|5:58|5:59|5:6|5:60|5:61|5:62|5:63|5:7|5:8|5:9
TIERING-OFF,60,exact-v9-5-to-6mwe,8784,suction,C2-MIXTURE-PREFIX,320,1,410.4,1|2|3|4|5,1:0|1:1|1:10|1:11|1:12|1:13|1:14|1:15|1:16|1:17|1:18|1:19|1:2|1:20|1:21|1:22|1:23|1:24|1:25|1:26|1:27|1:28|1:29|1:3|1:30|1:31|1:32|1:33|1:34|1:35|1:36|1:37|1:38|1:39|1:4|1:40|1:41|1:42|1:43|1:44|1:45|1:46|1:47|1:48|1:49|1:5|1:50|1:51|1:52|1:53|1:54|1:55|1:56|1:57|1:58|1:59|1:6|1:60|1:61|1:62|1:63|1:7|1:8|1:9|2:0|2:1|2:10|2:11|2:12|2:13|2:14|2:15|2:16|2:17|2:18|2:19|2:2|2:20|2:21|2:22|2:23|2:24|2:25|2:26|2:27|2:28|2:29|2:3|2:30|2:31|2:32|2:33|2:34|2:35|2:36|2:37|2:38|2:39|2:4|2:40|2:41|2:42|2:43|2:44|2:45|2:46|2:47|2:48|2:49|2:5|2:50|2:51|2:52|2:53|2:54|2:55|2:56|2:57|2:58|2:59|2:6|2:60|2:61|2:62|2:63|2:7|2:8|2:9|3:0|3:1|3:10|3:11|3:12|3:13|3:14|3:15|3:16|3:17|3:18|3:19|3:2|3:20|3:21|3:22|3:23|3:24|3:25|3:26|3:27|3:28|3:29|3:3|3:30|3:31|3:32|3:33|3:34|3:35|3:36|3:37|3:38|3:39|3:4|3:40|3:41|3:42|3:43|3:44|3:45|3:46|3:47|3:48|3:49|3:5|3:50|3:51|3:52|3:53|3:54|3:55|3:56|3:57|3:58|3:59|3:6|3:60|3:61|3:62|3:63|3:7|3:8|3:9|4:0|4:1|4:10|4:11|4:12|4:13|4:14|4:15|4:16|4:17|4:18|4:19|4:2|4:20|4:21|4:22|4:23|4:24|4:25|4:26|4:27|4:28|4:29|4:3|4:30|4:31|4:32|4:33|4:34|4:35|4:36|4:37|4:38|4:39|4:4|4:40|4:41|4:42|4:43|4:44|4:45|4:46|4:47|4:48|4:49|4:5|4:50|4:51|4:52|4:53|4:54|4:55|4:56|4:57|4:58|4:59|4:6|4:60|4:61|4:62|4:63|4:7|4:8|4:9|5:0|5:1|5:10|5:11|5:12|5:13|5:14|5:15|5:16|5:17|5:18|5:19|5:2|5:20|5:21|5:22|5:23|5:24|5:25|5:26|5:27|5:28|5:29|5:3|5:30|5:31|5:32|5:33|5:34|5:35|5:36|5:37|5:38|5:39|5:4|5:40|5:41|5:42|5:43|5:44|5:45|5:46|5:47|5:48|5:49|5:5|5:50|5:51|5:52|5:53|5:54|5:55|5:56|5:57|5:58|5:59|5:6|5:60|5:61|5:62|5:63|5:7|5:8|5:9
TIERING-OFF,61,exact-v9-5-to-6mwe,8784,pressure,C2-MIXTURE-PREFIX,320,1,884.8,1|2|3|4|5,1:0|1:1|1:10|1:11|1:12|1:13|1:14|1:15|1:16|1:17|1:18|1:19|1:2|1:20|1:21|1:22|1:23|1:24|1:25|1:26|1:27|1:28|1:29|1:3|1:30|1:31|1:32|1:33|1:34|1:35|1:36|1:37|1:38|1:39|1:4|1:40|1:41|1:42|1:43|1:44|1:45|1:46|1:47|1:48|1:49|1:5|1:50|1:51|1:52|1:53|1:54|1:55|1:56|1:57|1:58|1:59|1:6|1:60|1:61|1:62|1:63|1:7|1:8|1:9|2:0|2:1|2:10|2:11|2:12|2:13|2:14|2:15|2:16|2:17|2:18|2:19|2:2|2:20|2:21|2:22|2:23|2:24|2:25|2:26|2:27|2:28|2:29|2:3|2:30|2:31|2:32|2:33|2:34|2:35|2:36|2:37|2:38|2:39|2:4|2:40|2:41|2:42|2:43|2:44|2:45|2:46|2:47|2:48|2:49|2:5|2:50|2:51|2:52|2:53|2:54|2:55|2:56|2:57|2:58|2:59|2:6|2:60|2:61|2:62|2:63|2:7|2:8|2:9|3:0|3:1|3:10|3:11|3:12|3:13|3:14|3:15|3:16|3:17|3:18|3:19|3:2|3:20|3:21|3:22|3:23|3:24|3:25|3:26|3:27|3:28|3:29|3:3|3:30|3:31|3:32|3:33|3:34|3:35|3:36|3:37|3:38|3:39|3:4|3:40|3:41|3:42|3:43|3:44|3:45|3:46|3:47|3:48|3:49|3:5|3:50|3:51|3:52|3:53|3:54|3:55|3:56|3:57|3:58|3:59|3:6|3:60|3:61|3:62|3:63|3:7|3:8|3:9|4:0|4:1|4:10|4:11|4:12|4:13|4:14|4:15|4:16|4:17|4:18|4:19|4:2|4:20|4:21|4:22|4:23|4:24|4:25|4:26|4:27|4:28|4:29|4:3|4:30|4:31|4:32|4:33|4:34|4:35|4:36|4:37|4:38|4:39|4:4|4:40|4:41|4:42|4:43|4:44|4:45|4:46|4:47|4:48|4:49|4:5|4:50|4:51|4:52|4:53|4:54|4:55|4:56|4:57|4:58|4:59|4:6|4:60|4:61|4:62|4:63|4:7|4:8|4:9|5:0|5:1|5:10|5:11|5:12|5:13|5:14|5:15|5:16|5:17|5:18|5:19|5:2|5:20|5:21|5:22|5:23|5:24|5:25|5:26|5:27|5:28|5:29|5:3|5:30|5:31|5:32|5:33|5:34|5:35|5:36|5:37|5:38|5:39|5:4|5:40|5:41|5:42|5:43|5:44|5:45|5:46|5:47|5:48|5:49|5:5|5:50|5:51|5:52|5:53|5:54|5:55|5:56|5:57|5:58|5:59|5:6|5:60|5:61|5:62|5:63|5:7|5:8|5:9
TIERING-OFF,62,exact-v9-5-to-6mwe,8784,outlet,C2-MIXTURE-PREFIX,320,0,219.6,1|2|3|4|5,1:0|1:1|1:10|1:11|1:12|1:13|1:14|1:15|1:16|1:17|1:18|1:19|1:2|1:20|1:21|1:22|1:23|1:24|1:25|1:26|1:27|1:28|1:29|1:3|1:30|1:31|1:32|1:33|1:34|1:35|1:36|1:37|1:38|1:39|1:4|1:40|1:41|1:42|1:43|1:44|1:45|1:46|1:47|1:48|1:49|1:5|1:50|1:51|1:52|1:53|1:54|1:55|1:56|1:57|1:58|1:59|1:6|1:60|1:61|1:62|1:63|1:7|1:8|1:9|2:0|2:1|2:10|2:11|2:12|2:13|2:14|2:15|2:16|2:17|2:18|2:19|2:2|2:20|2:21|2:22|2:23|2:24|2:25|2:26|2:27|2:28|2:29|2:3|2:30|2:31|2:32|2:33|2:34|2:35|2:36|2:37|2:38|2:39|2:4|2:40|2:41|2:42|2:43|2:44|2:45|2:46|2:47|2:48|2:49|2:5|2:50|2:51|2:52|2:53|2:54|2:55|2:56|2:57|2:58|2:59|2:6|2:60|2:61|2:62|2:63|2:7|2:8|2:9|3:0|3:1|3:10|3:11|3:12|3:13|3:14|3:15|3:16|3:17|3:18|3:19|3:2|3:20|3:21|3:22|3:23|3:24|3:25|3:26|3:27|3:28|3:29|3:3|3:30|3:31|3:32|3:33|3:34|3:35|3:36|3:37|3:38|3:39|3:4|3:40|3:41|3:42|3:43|3:44|3:45|3:46|3:47|3:48|3:49|3:5|3:50|3:51|3:52|3:53|3:54|3:55|3:56|3:57|3:58|3:59|3:6|3:60|3:61|3:62|3:63|3:7|3:8|3:9|4:0|4:1|4:10|4:11|4:12|4:13|4:14|4:15|4:16|4:17|4:18|4:19|4:2|4:20|4:21|4:22|4:23|4:24|4:25|4:26|4:27|4:28|4:29|4:3|4:30|4:31|4:32|4:33|4:34|4:35|4:36|4:37|4:38|4:39|4:4|4:40|4:41|4:42|4:43|4:44|4:45|4:46|4:47|4:48|4:49|4:5|4:50|4:51|4:52|4:53|4:54|4:55|4:56|4:57|4:58|4:59|4:6|4:60|4:61|4:62|4:63|4:7|4:8|4:9|5:0|5:1|5:10|5:11|5:12|5:13|5:14|5:15|5:16|5:17|5:18|5:19|5:2|5:20|5:21|5:22|5:23|5:24|5:25|5:26|5:27|5:28|5:29|5:3|5:30|5:31|5:32|5:33|5:34|5:35|5:36|5:37|5:38|5:39|5:4|5:40|5:41|5:42|5:43|5:44|5:45|5:46|5:47|5:48|5:49|5:5|5:50|5:51|5:52|5:53|5:54|5:55|5:56|5:57|5:58|5:59|5:6|5:60|5:61|5:62|5:63|5:7|5:8|5:9
TIERING-OFF,63,exact-v9-5-to-6mwe,8784,drum,C2-MIXTURE-PREFIX,320,1,953.4,1|2|3|4|5,1:0|1:1|1:10|1:11|1:12|1:13|1:14|1:15|1:16|1:17|1:18|1:19|1:2|1:20|1:21|1:22|1:23|1:24|1:25|1:26|1:27|1:28|1:29|1:3|1:30|1:31|1:32|1:33|1:34|1:35|1:36|1:37|1:38|1:39|1:4|1:40|1:41|1:42|1:43|1:44|1:45|1:46|1:47|1:48|1:49|1:5|1:50|1:51|1:52|1:53|1:54|1:55|1:56|1:57|1:58|1:59|1:6|1:60|1:61|1:62|1:63|1:7|1:8|1:9|2:0|2:1|2:10|2:11|2:12|2:13|2:14|2:15|2:16|2:17|2:18|2:19|2:2|2:20|2:21|2:22|2:23|2:24|2:25|2:26|2:27|2:28|2:29|2:3|2:30|2:31|2:32|2:33|2:34|2:35|2:36|2:37|2:38|2:39|2:4|2:40|2:41|2:42|2:43|2:44|2:45|2:46|2:47|2:48|2:49|2:5|2:50|2:51|2:52|2:53|2:54|2:55|2:56|2:57|2:58|2:59|2:6|2:60|2:61|2:62|2:63|2:7|2:8|2:9|3:0|3:1|3:10|3:11|3:12|3:13|3:14|3:15|3:16|3:17|3:18|3:19|3:2|3:20|3:21|3:22|3:23|3:24|3:25|3:26|3:27|3:28|3:29|3:3|3:30|3:31|3:32|3:33|3:34|3:35|3:36|3:37|3:38|3:39|3:4|3:40|3:41|3:42|3:43|3:44|3:45|3:46|3:47|3:48|3:49|3:5|3:50|3:51|3:52|3:53|3:54|3:55|3:56|3:57|3:58|3:59|3:6|3:60|3:61|3:62|3:63|3:7|3:8|3:9|4:0|4:1|4:10|4:11|4:12|4:13|4:14|4:15|4:16|4:17|4:18|4:19|4:2|4:20|4:21|4:22|4:23|4:24|4:25|4:26|4:27|4:28|4:29|4:3|4:30|4:31|4:32|4:33|4:34|4:35|4:36|4:37|4:38|4:39|4:4|4:40|4:41|4:42|4:43|4:44|4:45|4:46|4:47|4:48|4:49|4:5|4:50|4:51|4:52|4:53|4:54|4:55|4:56|4:57|4:58|4:59|4:6|4:60|4:61|4:62|4:63|4:7|4:8|4:9|5:0|5:1|5:10|5:11|5:12|5:13|5:14|5:15|5:16|5:17|5:18|5:19|5:2|5:20|5:21|5:22|5:23|5:24|5:25|5:26|5:27|5:28|5:29|5:3|5:30|5:31|5:32|5:33|5:34|5:35|5:36|5:37|5:38|5:39|5:4|5:40|5:41|5:42|5:43|5:44|5:45|5:46|5:47|5:48|5:49|5:5|5:50|5:51|5:52|5:53|5:54|5:55|5:56|5:57|5:58|5:59|5:6|5:60|5:61|5:62|5:63|5:7|5:8|5:9
TIERING-OFF,65,exact-v9-5-to-6mwe,14784,suction,C2-MIXTURE-PREFIX,320,0,245.3,1|2|3|4|5,1:0|1:1|1:10|1:11|1:12|1:13|1:14|1:15|1:16|1:17|1:18|1:19|1:2|1:20|1:21|1:22|1:23|1:24|1:25|1:26|1:27|1:28|1:29|1:3|1:30|1:31|1:32|1:33|1:34|1:35|1:36|1:37|1:38|1:39|1:4|1:40|1:41|1:42|1:43|1:44|1:45|1:46|1:47|1:48|1:49|1:5|1:50|1:51|1:52|1:53|1:54|1:55|1:56|1:57|1:58|1:59|1:6|1:60|1:61|1:62|1:63|1:7|1:8|1:9|2:0|2:1|2:10|2:11|2:12|2:13|2:14|2:15|2:16|2:17|2:18|2:19|2:2|2:20|2:21|2:22|2:23|2:24|2:25|2:26|2:27|2:28|2:29|2:3|2:30|2:31|2:32|2:33|2:34|2:35|2:36|2:37|2:38|2:39|2:4|2:40|2:41|2:42|2:43|2:44|2:45|2:46|2:47|2:48|2:49|2:5|2:50|2:51|2:52|2:53|2:54|2:55|2:56|2:57|2:58|2:59|2:6|2:60|2:61|2:62|2:63|2:7|2:8|2:9|3:0|3:1|3:10|3:11|3:12|3:13|3:14|3:15|3:16|3:17|3:18|3:19|3:2|3:20|3:21|3:22|3:23|3:24|3:25|3:26|3:27|3:28|3:29|3:3|3:30|3:31|3:32|3:33|3:34|3:35|3:36|3:37|3:38|3:39|3:4|3:40|3:41|3:42|3:43|3:44|3:45|3:46|3:47|3:48|3:49|3:5|3:50|3:51|3:52|3:53|3:54|3:55|3:56|3:57|3:58|3:59|3:6|3:60|3:61|3:62|3:63|3:7|3:8|3:9|4:0|4:1|4:10|4:11|4:12|4:13|4:14|4:15|4:16|4:17|4:18|4:19|4:2|4:20|4:21|4:22|4:23|4:24|4:25|4:26|4:27|4:28|4:29|4:3|4:30|4:31|4:32|4:33|4:34|4:35|4:36|4:37|4:38|4:39|4:4|4:40|4:41|4:42|4:43|4:44|4:45|4:46|4:47|4:48|4:49|4:5|4:50|4:51|4:52|4:53|4:54|4:55|4:56|4:57|4:58|4:59|4:6|4:60|4:61|4:62|4:63|4:7|4:8|4:9|5:0|5:1|5:10|5:11|5:12|5:13|5:14|5:15|5:16|5:17|5:18|5:19|5:2|5:20|5:21|5:22|5:23|5:24|5:25|5:26|5:27|5:28|5:29|5:3|5:30|5:31|5:32|5:33|5:34|5:35|5:36|5:37|5:38|5:39|5:4|5:40|5:41|5:42|5:43|5:44|5:45|5:46|5:47|5:48|5:49|5:5|5:50|5:51|5:52|5:53|5:54|5:55|5:56|5:57|5:58|5:59|5:6|5:60|5:61|5:62|5:63|5:7|5:8|5:9
TIERING-OFF,66,exact-v9-5-to-6mwe,14784,pressure,C2-MIXTURE-PREFIX,320,0,188.3,1|2|3|4|5,1:0|1:1|1:10|1:11|1:12|1:13|1:14|1:15|1:16|1:17|1:18|1:19|1:2|1:20|1:21|1:22|1:23|1:24|1:25|1:26|1:27|1:28|1:29|1:3|1:30|1:31|1:32|1:33|1:34|1:35|1:36|1:37|1:38|1:39|1:4|1:40|1:41|1:42|1:43|1:44|1:45|1:46|1:47|1:48|1:49|1:5|1:50|1:51|1:52|1:53|1:54|1:55|1:56|1:57|1:58|1:59|1:6|1:60|1:61|1:62|1:63|1:7|1:8|1:9|2:0|2:1|2:10|2:11|2:12|2:13|2:14|2:15|2:16|2:17|2:18|2:19|2:2|2:20|2:21|2:22|2:23|2:24|2:25|2:26|2:27|2:28|2:29|2:3|2:30|2:31|2:32|2:33|2:34|2:35|2:36|2:37|2:38|2:39|2:4|2:40|2:41|2:42|2:43|2:44|2:45|2:46|2:47|2:48|2:49|2:5|2:50|2:51|2:52|2:53|2:54|2:55|2:56|2:57|2:58|2:59|2:6|2:60|2:61|2:62|2:63|2:7|2:8|2:9|3:0|3:1|3:10|3:11|3:12|3:13|3:14|3:15|3:16|3:17|3:18|3:19|3:2|3:20|3:21|3:22|3:23|3:24|3:25|3:26|3:27|3:28|3:29|3:3|3:30|3:31|3:32|3:33|3:34|3:35|3:36|3:37|3:38|3:39|3:4|3:40|3:41|3:42|3:43|3:44|3:45|3:46|3:47|3:48|3:49|3:5|3:50|3:51|3:52|3:53|3:54|3:55|3:56|3:57|3:58|3:59|3:6|3:60|3:61|3:62|3:63|3:7|3:8|3:9|4:0|4:1|4:10|4:11|4:12|4:13|4:14|4:15|4:16|4:17|4:18|4:19|4:2|4:20|4:21|4:22|4:23|4:24|4:25|4:26|4:27|4:28|4:29|4:3|4:30|4:31|4:32|4:33|4:34|4:35|4:36|4:37|4:38|4:39|4:4|4:40|4:41|4:42|4:43|4:44|4:45|4:46|4:47|4:48|4:49|4:5|4:50|4:51|4:52|4:53|4:54|4:55|4:56|4:57|4:58|4:59|4:6|4:60|4:61|4:62|4:63|4:7|4:8|4:9|5:0|5:1|5:10|5:11|5:12|5:13|5:14|5:15|5:16|5:17|5:18|5:19|5:2|5:20|5:21|5:22|5:23|5:24|5:25|5:26|5:27|5:28|5:29|5:3|5:30|5:31|5:32|5:33|5:34|5:35|5:36|5:37|5:38|5:39|5:4|5:40|5:41|5:42|5:43|5:44|5:45|5:46|5:47|5:48|5:49|5:5|5:50|5:51|5:52|5:53|5:54|5:55|5:56|5:57|5:58|5:59|5:6|5:60|5:61|5:62|5:63|5:7|5:8|5:9
TIERING-OFF,67,exact-v9-5-to-6mwe,14784,outlet,C2-MIXTURE-PREFIX,320,0,349.3,1|2|3|4|5,1:0|1:1|1:10|1:11|1:12|1:13|1:14|1:15|1:16|1:17|1:18|1:19|1:2|1:20|1:21|1:22|1:23|1:24|1:25|1:26|1:27|1:28|1:29|1:3|1:30|1:31|1:32|1:33|1:34|1:35|1:36|1:37|1:38|1:39|1:4|1:40|1:41|1:42|1:43|1:44|1:45|1:46|1:47|1:48|1:49|1:5|1:50|1:51|1:52|1:53|1:54|1:55|1:56|1:57|1:58|1:59|1:6|1:60|1:61|1:62|1:63|1:7|1:8|1:9|2:0|2:1|2:10|2:11|2:12|2:13|2:14|2:15|2:16|2:17|2:18|2:19|2:2|2:20|2:21|2:22|2:23|2:24|2:25|2:26|2:27|2:28|2:29|2:3|2:30|2:31|2:32|2:33|2:34|2:35|2:36|2:37|2:38|2:39|2:4|2:40|2:41|2:42|2:43|2:44|2:45|2:46|2:47|2:48|2:49|2:5|2:50|2:51|2:52|2:53|2:54|2:55|2:56|2:57|2:58|2:59|2:6|2:60|2:61|2:62|2:63|2:7|2:8|2:9|3:0|3:1|3:10|3:11|3:12|3:13|3:14|3:15|3:16|3:17|3:18|3:19|3:2|3:20|3:21|3:22|3:23|3:24|3:25|3:26|3:27|3:28|3:29|3:3|3:30|3:31|3:32|3:33|3:34|3:35|3:36|3:37|3:38|3:39|3:4|3:40|3:41|3:42|3:43|3:44|3:45|3:46|3:47|3:48|3:49|3:5|3:50|3:51|3:52|3:53|3:54|3:55|3:56|3:57|3:58|3:59|3:6|3:60|3:61|3:62|3:63|3:7|3:8|3:9|4:0|4:1|4:10|4:11|4:12|4:13|4:14|4:15|4:16|4:17|4:18|4:19|4:2|4:20|4:21|4:22|4:23|4:24|4:25|4:26|4:27|4:28|4:29|4:3|4:30|4:31|4:32|4:33|4:34|4:35|4:36|4:37|4:38|4:39|4:4|4:40|4:41|4:42|4:43|4:44|4:45|4:46|4:47|4:48|4:49|4:5|4:50|4:51|4:52|4:53|4:54|4:55|4:56|4:57|4:58|4:59|4:6|4:60|4:61|4:62|4:63|4:7|4:8|4:9|5:0|5:1|5:10|5:11|5:12|5:13|5:14|5:15|5:16|5:17|5:18|5:19|5:2|5:20|5:21|5:22|5:23|5:24|5:25|5:26|5:27|5:28|5:29|5:3|5:30|5:31|5:32|5:33|5:34|5:35|5:36|5:37|5:38|5:39|5:4|5:40|5:41|5:42|5:43|5:44|5:45|5:46|5:47|5:48|5:49|5:5|5:50|5:51|5:52|5:53|5:54|5:55|5:56|5:57|5:58|5:59|5:6|5:60|5:61|5:62|5:63|5:7|5:8|5:9
TIERING-OFF,68,exact-v9-5-to-6mwe,14784,drum,C2-MIXTURE-PREFIX,320,0,272.9,1|2|3|4|5,1:0|1:1|1:10|1:11|1:12|1:13|1:14|1:15|1:16|1:17|1:18|1:19|1:2|1:20|1:21|1:22|1:23|1:24|1:25|1:26|1:27|1:28|1:29|1:3|1:30|1:31|1:32|1:33|1:34|1:35|1:36|1:37|1:38|1:39|1:4|1:40|1:41|1:42|1:43|1:44|1:45|1:46|1:47|1:48|1:49|1:5|1:50|1:51|1:52|1:53|1:54|1:55|1:56|1:57|1:58|1:59|1:6|1:60|1:61|1:62|1:63|1:7|1:8|1:9|2:0|2:1|2:10|2:11|2:12|2:13|2:14|2:15|2:16|2:17|2:18|2:19|2:2|2:20|2:21|2:22|2:23|2:24|2:25|2:26|2:27|2:28|2:29|2:3|2:30|2:31|2:32|2:33|2:34|2:35|2:36|2:37|2:38|2:39|2:4|2:40|2:41|2:42|2:43|2:44|2:45|2:46|2:47|2:48|2:49|2:5|2:50|2:51|2:52|2:53|2:54|2:55|2:56|2:57|2:58|2:59|2:6|2:60|2:61|2:62|2:63|2:7|2:8|2:9|3:0|3:1|3:10|3:11|3:12|3:13|3:14|3:15|3:16|3:17|3:18|3:19|3:2|3:20|3:21|3:22|3:23|3:24|3:25|3:26|3:27|3:28|3:29|3:3|3:30|3:31|3:32|3:33|3:34|3:35|3:36|3:37|3:38|3:39|3:4|3:40|3:41|3:42|3:43|3:44|3:45|3:46|3:47|3:48|3:49|3:5|3:50|3:51|3:52|3:53|3:54|3:55|3:56|3:57|3:58|3:59|3:6|3:60|3:61|3:62|3:63|3:7|3:8|3:9|4:0|4:1|4:10|4:11|4:12|4:13|4:14|4:15|4:16|4:17|4:18|4:19|4:2|4:20|4:21|4:22|4:23|4:24|4:25|4:26|4:27|4:28|4:29|4:3|4:30|4:31|4:32|4:33|4:34|4:35|4:36|4:37|4:38|4:39|4:4|4:40|4:41|4:42|4:43|4:44|4:45|4:46|4:47|4:48|4:49|4:5|4:50|4:51|4:52|4:53|4:54|4:55|4:56|4:57|4:58|4:59|4:6|4:60|4:61|4:62|4:63|4:7|4:8|4:9|5:0|5:1|5:10|5:11|5:12|5:13|5:14|5:15|5:16|5:17|5:18|5:19|5:2|5:20|5:21|5:22|5:23|5:24|5:25|5:26|5:27|5:28|5:29|5:3|5:30|5:31|5:32|5:33|5:34|5:35|5:36|5:37|5:38|5:39|5:4|5:40|5:41|5:42|5:43|5:44|5:45|5:46|5:47|5:48|5:49|5:5|5:50|5:51|5:52|5:53|5:54|5:55|5:56|5:57|5:58|5:59|5:6|5:60|5:61|5:62|5:63|5:7|5:8|5:9
TIERING-OFF,7,background-reference,6000,outlet,C2-MIXTURE-PREFIX,317,1,1337.9,1|2|3|4|5,1:0|1:1|1:10|1:11|1:12|1:13|1:14|1:15|1:16|1:17|1:18|1:19|1:2|1:20|1:21|1:22|1:23|1:24|1:25|1:26|1:27|1:28|1:29|1:3|1:30|1:31|1:32|1:33|1:34|1:35|1:36|1:37|1:38|1:39|1:4|1:40|1:41|1:42|1:43|1:44|1:45|1:46|1:47|1:48|1:49|1:5|1:50|1:51|1:52|1:53|1:54|1:55|1:56|1:57|1:58|1:59|1:6|1:60|1:61|1:62|1:63|1:7|1:8|1:9|2:0|2:1|2:10|2:11|2:12|2:13|2:14|2:15|2:16|2:17|2:18|2:19|2:2|2:20|2:21|2:22|2:23|2:24|2:25|2:26|2:27|2:28|2:29|2:3|2:30|2:31|2:32|2:33|2:34|2:35|2:36|2:37|2:38|2:39|2:4|2:40|2:41|2:42|2:43|2:44|2:45|2:46|2:47|2:48|2:49|2:5|2:51|2:52|2:53|2:54|2:55|2:56|2:57|2:58|2:59|2:6|2:60|2:61|2:62|2:63|2:7|2:8|2:9|3:0|3:1|3:10|3:11|3:12|3:13|3:14|3:15|3:16|3:17|3:18|3:19|3:2|3:20|3:21|3:22|3:23|3:24|3:25|3:26|3:27|3:28|3:29|3:3|3:30|3:31|3:32|3:33|3:34|3:35|3:36|3:37|3:38|3:39|3:4|3:40|3:41|3:42|3:43|3:44|3:45|3:46|3:47|3:48|3:49|3:5|3:50|3:51|3:52|3:53|3:54|3:55|3:56|3:57|3:58|3:59|3:6|3:60|3:61|3:62|3:63|3:7|3:8|3:9|4:0|4:1|4:10|4:11|4:12|4:13|4:14|4:15|4:16|4:17|4:18|4:19|4:2|4:20|4:21|4:22|4:23|4:24|4:25|4:26|4:27|4:28|4:29|4:3|4:30|4:31|4:32|4:33|4:34|4:35|4:36|4:37|4:38|4:39|4:4|4:40|4:41|4:42|4:43|4:44|4:45|4:46|4:47|4:48|4:49|4:5|4:50|4:51|4:52|4:53|4:54|4:55|4:56|4:57|4:58|4:59|4:6|4:60|4:61|4:62|4:63|4:7|4:8|4:9|5:0|5:1|5:10|5:11|5:12|5:13|5:14|5:15|5:16|5:17|5:18|5:19|5:2|5:20|5:21|5:22|5:23|5:24|5:25|5:26|5:27|5:28|5:29|5:3|5:30|5:31|5:32|5:33|5:34|5:35|5:36|5:37|5:38|5:39|5:4|5:40|5:41|5:42|5:43|5:44|5:45|5:46|5:47|5:48|5:49|5:5|5:52|5:53|5:54|5:55|5:56|5:57|5:58|5:59|5:6|5:60|5:61|5:62|5:63|5:7|5:8|5:9
TIERING-OFF,70,exact-v9-5-to-6mwe,20784,suction,C2-MIXTURE-PREFIX,320,0,355.1,1|2|3|4|5,1:0|1:1|1:10|1:11|1:12|1:13|1:14|1:15|1:16|1:17|1:18|1:19|1:2|1:20|1:21|1:22|1:23|1:24|1:25|1:26|1:27|1:28|1:29|1:3|1:30|1:31|1:32|1:33|1:34|1:35|1:36|1:37|1:38|1:39|1:4|1:40|1:41|1:42|1:43|1:44|1:45|1:46|1:47|1:48|1:49|1:5|1:50|1:51|1:52|1:53|1:54|1:55|1:56|1:57|1:58|1:59|1:6|1:60|1:61|1:62|1:63|1:7|1:8|1:9|2:0|2:1|2:10|2:11|2:12|2:13|2:14|2:15|2:16|2:17|2:18|2:19|2:2|2:20|2:21|2:22|2:23|2:24|2:25|2:26|2:27|2:28|2:29|2:3|2:30|2:31|2:32|2:33|2:34|2:35|2:36|2:37|2:38|2:39|2:4|2:40|2:41|2:42|2:43|2:44|2:45|2:46|2:47|2:48|2:49|2:5|2:50|2:51|2:52|2:53|2:54|2:55|2:56|2:57|2:58|2:59|2:6|2:60|2:61|2:62|2:63|2:7|2:8|2:9|3:0|3:1|3:10|3:11|3:12|3:13|3:14|3:15|3:16|3:17|3:18|3:19|3:2|3:20|3:21|3:22|3:23|3:24|3:25|3:26|3:27|3:28|3:29|3:3|3:30|3:31|3:32|3:33|3:34|3:35|3:36|3:37|3:38|3:39|3:4|3:40|3:41|3:42|3:43|3:44|3:45|3:46|3:47|3:48|3:49|3:5|3:50|3:51|3:52|3:53|3:54|3:55|3:56|3:57|3:58|3:59|3:6|3:60|3:61|3:62|3:63|3:7|3:8|3:9|4:0|4:1|4:10|4:11|4:12|4:13|4:14|4:15|4:16|4:17|4:18|4:19|4:2|4:20|4:21|4:22|4:23|4:24|4:25|4:26|4:27|4:28|4:29|4:3|4:30|4:31|4:32|4:33|4:34|4:35|4:36|4:37|4:38|4:39|4:4|4:40|4:41|4:42|4:43|4:44|4:45|4:46|4:47|4:48|4:49|4:5|4:50|4:51|4:52|4:53|4:54|4:55|4:56|4:57|4:58|4:59|4:6|4:60|4:61|4:62|4:63|4:7|4:8|4:9|5:0|5:1|5:10|5:11|5:12|5:13|5:14|5:15|5:16|5:17|5:18|5:19|5:2|5:20|5:21|5:22|5:23|5:24|5:25|5:26|5:27|5:28|5:29|5:3|5:30|5:31|5:32|5:33|5:34|5:35|5:36|5:37|5:38|5:39|5:4|5:40|5:41|5:42|5:43|5:44|5:45|5:46|5:47|5:48|5:49|5:5|5:50|5:51|5:52|5:53|5:54|5:55|5:56|5:57|5:58|5:59|5:6|5:60|5:61|5:62|5:63|5:7|5:8|5:9
TIERING-OFF,71,exact-v9-5-to-6mwe,20784,pressure,C2-MIXTURE-PREFIX,320,0,230.6,1|2|3|4|5,1:0|1:1|1:10|1:11|1:12|1:13|1:14|1:15|1:16|1:17|1:18|1:19|1:2|1:20|1:21|1:22|1:23|1:24|1:25|1:26|1:27|1:28|1:29|1:3|1:30|1:31|1:32|1:33|1:34|1:35|1:36|1:37|1:38|1:39|1:4|1:40|1:41|1:42|1:43|1:44|1:45|1:46|1:47|1:48|1:49|1:5|1:50|1:51|1:52|1:53|1:54|1:55|1:56|1:57|1:58|1:59|1:6|1:60|1:61|1:62|1:63|1:7|1:8|1:9|2:0|2:1|2:10|2:11|2:12|2:13|2:14|2:15|2:16|2:17|2:18|2:19|2:2|2:20|2:21|2:22|2:23|2:24|2:25|2:26|2:27|2:28|2:29|2:3|2:30|2:31|2:32|2:33|2:34|2:35|2:36|2:37|2:38|2:39|2:4|2:40|2:41|2:42|2:43|2:44|2:45|2:46|2:47|2:48|2:49|2:5|2:50|2:51|2:52|2:53|2:54|2:55|2:56|2:57|2:58|2:59|2:6|2:60|2:61|2:62|2:63|2:7|2:8|2:9|3:0|3:1|3:10|3:11|3:12|3:13|3:14|3:15|3:16|3:17|3:18|3:19|3:2|3:20|3:21|3:22|3:23|3:24|3:25|3:26|3:27|3:28|3:29|3:3|3:30|3:31|3:32|3:33|3:34|3:35|3:36|3:37|3:38|3:39|3:4|3:40|3:41|3:42|3:43|3:44|3:45|3:46|3:47|3:48|3:49|3:5|3:50|3:51|3:52|3:53|3:54|3:55|3:56|3:57|3:58|3:59|3:6|3:60|3:61|3:62|3:63|3:7|3:8|3:9|4:0|4:1|4:10|4:11|4:12|4:13|4:14|4:15|4:16|4:17|4:18|4:19|4:2|4:20|4:21|4:22|4:23|4:24|4:25|4:26|4:27|4:28|4:29|4:3|4:30|4:31|4:32|4:33|4:34|4:35|4:36|4:37|4:38|4:39|4:4|4:40|4:41|4:42|4:43|4:44|4:45|4:46|4:47|4:48|4:49|4:5|4:50|4:51|4:52|4:53|4:54|4:55|4:56|4:57|4:58|4:59|4:6|4:60|4:61|4:62|4:63|4:7|4:8|4:9|5:0|5:1|5:10|5:11|5:12|5:13|5:14|5:15|5:16|5:17|5:18|5:19|5:2|5:20|5:21|5:22|5:23|5:24|5:25|5:26|5:27|5:28|5:29|5:3|5:30|5:31|5:32|5:33|5:34|5:35|5:36|5:37|5:38|5:39|5:4|5:40|5:41|5:42|5:43|5:44|5:45|5:46|5:47|5:48|5:49|5:5|5:50|5:51|5:52|5:53|5:54|5:55|5:56|5:57|5:58|5:59|5:6|5:60|5:61|5:62|5:63|5:7|5:8|5:9
TIERING-OFF,72,exact-v9-5-to-6mwe,20784,outlet,C2-MIXTURE-PREFIX,320,0,329.7,1|2|3|4|5,1:0|1:1|1:10|1:11|1:12|1:13|1:14|1:15|1:16|1:17|1:18|1:19|1:2|1:20|1:21|1:22|1:23|1:24|1:25|1:26|1:27|1:28|1:29|1:3|1:30|1:31|1:32|1:33|1:34|1:35|1:36|1:37|1:38|1:39|1:4|1:40|1:41|1:42|1:43|1:44|1:45|1:46|1:47|1:48|1:49|1:5|1:50|1:51|1:52|1:53|1:54|1:55|1:56|1:57|1:58|1:59|1:6|1:60|1:61|1:62|1:63|1:7|1:8|1:9|2:0|2:1|2:10|2:11|2:12|2:13|2:14|2:15|2:16|2:17|2:18|2:19|2:2|2:20|2:21|2:22|2:23|2:24|2:25|2:26|2:27|2:28|2:29|2:3|2:30|2:31|2:32|2:33|2:34|2:35|2:36|2:37|2:38|2:39|2:4|2:40|2:41|2:42|2:43|2:44|2:45|2:46|2:47|2:48|2:49|2:5|2:50|2:51|2:52|2:53|2:54|2:55|2:56|2:57|2:58|2:59|2:6|2:60|2:61|2:62|2:63|2:7|2:8|2:9|3:0|3:1|3:10|3:11|3:12|3:13|3:14|3:15|3:16|3:17|3:18|3:19|3:2|3:20|3:21|3:22|3:23|3:24|3:25|3:26|3:27|3:28|3:29|3:3|3:30|3:31|3:32|3:33|3:34|3:35|3:36|3:37|3:38|3:39|3:4|3:40|3:41|3:42|3:43|3:44|3:45|3:46|3:47|3:48|3:49|3:5|3:50|3:51|3:52|3:53|3:54|3:55|3:56|3:57|3:58|3:59|3:6|3:60|3:61|3:62|3:63|3:7|3:8|3:9|4:0|4:1|4:10|4:11|4:12|4:13|4:14|4:15|4:16|4:17|4:18|4:19|4:2|4:20|4:21|4:22|4:23|4:24|4:25|4:26|4:27|4:28|4:29|4:3|4:30|4:31|4:32|4:33|4:34|4:35|4:36|4:37|4:38|4:39|4:4|4:40|4:41|4:42|4:43|4:44|4:45|4:46|4:47|4:48|4:49|4:5|4:50|4:51|4:52|4:53|4:54|4:55|4:56|4:57|4:58|4:59|4:6|4:60|4:61|4:62|4:63|4:7|4:8|4:9|5:0|5:1|5:10|5:11|5:12|5:13|5:14|5:15|5:16|5:17|5:18|5:19|5:2|5:20|5:21|5:22|5:23|5:24|5:25|5:26|5:27|5:28|5:29|5:3|5:30|5:31|5:32|5:33|5:34|5:35|5:36|5:37|5:38|5:39|5:4|5:40|5:41|5:42|5:43|5:44|5:45|5:46|5:47|5:48|5:49|5:5|5:50|5:51|5:52|5:53|5:54|5:55|5:56|5:57|5:58|5:59|5:6|5:60|5:61|5:62|5:63|5:7|5:8|5:9
TIERING-OFF,73,exact-v9-5-to-6mwe,20784,drum,C2-MIXTURE-PREFIX,320,1,15497.2,1|2|3|4|5,1:0|1:1|1:10|1:11|1:12|1:13|1:14|1:15|1:16|1:17|1:18|1:19|1:2|1:20|1:21|1:22|1:23|1:24|1:25|1:26|1:27|1:28|1:29|1:3|1:30|1:31|1:32|1:33|1:34|1:35|1:36|1:37|1:38|1:39|1:4|1:40|1:41|1:42|1:43|1:44|1:45|1:46|1:47|1:48|1:49|1:5|1:50|1:51|1:52|1:53|1:54|1:55|1:56|1:57|1:58|1:59|1:6|1:60|1:61|1:62|1:63|1:7|1:8|1:9|2:0|2:1|2:10|2:11|2:12|2:13|2:14|2:15|2:16|2:17|2:18|2:19|2:2|2:20|2:21|2:22|2:23|2:24|2:25|2:26|2:27|2:28|2:29|2:3|2:30|2:31|2:32|2:33|2:34|2:35|2:36|2:37|2:38|2:39|2:4|2:40|2:41|2:42|2:43|2:44|2:45|2:46|2:47|2:48|2:49|2:5|2:50|2:51|2:52|2:53|2:54|2:55|2:56|2:57|2:58|2:59|2:6|2:60|2:61|2:62|2:63|2:7|2:8|2:9|3:0|3:1|3:10|3:11|3:12|3:13|3:14|3:15|3:16|3:17|3:18|3:19|3:2|3:20|3:21|3:22|3:23|3:24|3:25|3:26|3:27|3:28|3:29|3:3|3:30|3:31|3:32|3:33|3:34|3:35|3:36|3:37|3:38|3:39|3:4|3:40|3:41|3:42|3:43|3:44|3:45|3:46|3:47|3:48|3:49|3:5|3:50|3:51|3:52|3:53|3:54|3:55|3:56|3:57|3:58|3:59|3:6|3:60|3:61|3:62|3:63|3:7|3:8|3:9|4:0|4:1|4:10|4:11|4:12|4:13|4:14|4:15|4:16|4:17|4:18|4:19|4:2|4:20|4:21|4:22|4:23|4:24|4:25|4:26|4:27|4:28|4:29|4:3|4:30|4:31|4:32|4:33|4:34|4:35|4:36|4:37|4:38|4:39|4:4|4:40|4:41|4:42|4:43|4:44|4:45|4:46|4:47|4:48|4:49|4:5|4:50|4:51|4:52|4:53|4:54|4:55|4:56|4:57|4:58|4:59|4:6|4:60|4:61|4:62|4:63|4:7|4:8|4:9|5:0|5:1|5:10|5:11|5:12|5:13|5:14|5:15|5:16|5:17|5:18|5:19|5:2|5:20|5:21|5:22|5:23|5:24|5:25|5:26|5:27|5:28|5:29|5:3|5:30|5:31|5:32|5:33|5:34|5:35|5:36|5:37|5:38|5:39|5:4|5:40|5:41|5:42|5:43|5:44|5:45|5:46|5:47|5:48|5:49|5:5|5:50|5:51|5:52|5:53|5:54|5:55|5:56|5:57|5:58|5:59|5:6|5:60|5:61|5:62|5:63|5:7|5:8|5:9
TIERING-OFF,74,exact-v9-5-to-6mwe,20784,feedwater-inventory,C2-MIXTURE-PREFIX,1,0,268.9,1,1:47
TIERING-OFF,75,exact-v9-5-to-6mwe,26784,suction,C2-MIXTURE-PREFIX,320,0,290.8,1|2|3|4|5,1:0|1:1|1:10|1:11|1:12|1:13|1:14|1:15|1:16|1:17|1:18|1:19|1:2|1:20|1:21|1:22|1:23|1:24|1:25|1:26|1:27|1:28|1:29|1:3|1:30|1:31|1:32|1:33|1:34|1:35|1:36|1:37|1:38|1:39|1:4|1:40|1:41|1:42|1:43|1:44|1:45|1:46|1:47|1:48|1:49|1:5|1:50|1:51|1:52|1:53|1:54|1:55|1:56|1:57|1:58|1:59|1:6|1:60|1:61|1:62|1:63|1:7|1:8|1:9|2:0|2:1|2:10|2:11|2:12|2:13|2:14|2:15|2:16|2:17|2:18|2:19|2:2|2:20|2:21|2:22|2:23|2:24|2:25|2:26|2:27|2:28|2:29|2:3|2:30|2:31|2:32|2:33|2:34|2:35|2:36|2:37|2:38|2:39|2:4|2:40|2:41|2:42|2:43|2:44|2:45|2:46|2:47|2:48|2:49|2:5|2:50|2:51|2:52|2:53|2:54|2:55|2:56|2:57|2:58|2:59|2:6|2:60|2:61|2:62|2:63|2:7|2:8|2:9|3:0|3:1|3:10|3:11|3:12|3:13|3:14|3:15|3:16|3:17|3:18|3:19|3:2|3:20|3:21|3:22|3:23|3:24|3:25|3:26|3:27|3:28|3:29|3:3|3:30|3:31|3:32|3:33|3:34|3:35|3:36|3:37|3:38|3:39|3:4|3:40|3:41|3:42|3:43|3:44|3:45|3:46|3:47|3:48|3:49|3:5|3:50|3:51|3:52|3:53|3:54|3:55|3:56|3:57|3:58|3:59|3:6|3:60|3:61|3:62|3:63|3:7|3:8|3:9|4:0|4:1|4:10|4:11|4:12|4:13|4:14|4:15|4:16|4:17|4:18|4:19|4:2|4:20|4:21|4:22|4:23|4:24|4:25|4:26|4:27|4:28|4:29|4:3|4:30|4:31|4:32|4:33|4:34|4:35|4:36|4:37|4:38|4:39|4:4|4:40|4:41|4:42|4:43|4:44|4:45|4:46|4:47|4:48|4:49|4:5|4:50|4:51|4:52|4:53|4:54|4:55|4:56|4:57|4:58|4:59|4:6|4:60|4:61|4:62|4:63|4:7|4:8|4:9|5:0|5:1|5:10|5:11|5:12|5:13|5:14|5:15|5:16|5:17|5:18|5:19|5:2|5:20|5:21|5:22|5:23|5:24|5:25|5:26|5:27|5:28|5:29|5:3|5:30|5:31|5:32|5:33|5:34|5:35|5:36|5:37|5:38|5:39|5:4|5:40|5:41|5:42|5:43|5:44|5:45|5:46|5:47|5:48|5:49|5:5|5:50|5:51|5:52|5:53|5:54|5:55|5:56|5:57|5:58|5:59|5:6|5:60|5:61|5:62|5:63|5:7|5:8|5:9
TIERING-OFF,76,exact-v9-5-to-6mwe,26784,pressure,C2-MIXTURE-PREFIX,320,1,452.2,1|2|3|4|5,1:0|1:1|1:10|1:11|1:12|1:13|1:14|1:15|1:16|1:17|1:18|1:19|1:2|1:20|1:21|1:22|1:23|1:24|1:25|1:26|1:27|1:28|1:29|1:3|1:30|1:31|1:32|1:33|1:34|1:35|1:36|1:37|1:38|1:39|1:4|1:40|1:41|1:42|1:43|1:44|1:45|1:46|1:47|1:48|1:49|1:5|1:50|1:51|1:52|1:53|1:54|1:55|1:56|1:57|1:58|1:59|1:6|1:60|1:61|1:62|1:63|1:7|1:8|1:9|2:0|2:1|2:10|2:11|2:12|2:13|2:14|2:15|2:16|2:17|2:18|2:19|2:2|2:20|2:21|2:22|2:23|2:24|2:25|2:26|2:27|2:28|2:29|2:3|2:30|2:31|2:32|2:33|2:34|2:35|2:36|2:37|2:38|2:39|2:4|2:40|2:41|2:42|2:43|2:44|2:45|2:46|2:47|2:48|2:49|2:5|2:50|2:51|2:52|2:53|2:54|2:55|2:56|2:57|2:58|2:59|2:6|2:60|2:61|2:62|2:63|2:7|2:8|2:9|3:0|3:1|3:10|3:11|3:12|3:13|3:14|3:15|3:16|3:17|3:18|3:19|3:2|3:20|3:21|3:22|3:23|3:24|3:25|3:26|3:27|3:28|3:29|3:3|3:30|3:31|3:32|3:33|3:34|3:35|3:36|3:37|3:38|3:39|3:4|3:40|3:41|3:42|3:43|3:44|3:45|3:46|3:47|3:48|3:49|3:5|3:50|3:51|3:52|3:53|3:54|3:55|3:56|3:57|3:58|3:59|3:6|3:60|3:61|3:62|3:63|3:7|3:8|3:9|4:0|4:1|4:10|4:11|4:12|4:13|4:14|4:15|4:16|4:17|4:18|4:19|4:2|4:20|4:21|4:22|4:23|4:24|4:25|4:26|4:27|4:28|4:29|4:3|4:30|4:31|4:32|4:33|4:34|4:35|4:36|4:37|4:38|4:39|4:4|4:40|4:41|4:42|4:43|4:44|4:45|4:46|4:47|4:48|4:49|4:5|4:50|4:51|4:52|4:53|4:54|4:55|4:56|4:57|4:58|4:59|4:6|4:60|4:61|4:62|4:63|4:7|4:8|4:9|5:0|5:1|5:10|5:11|5:12|5:13|5:14|5:15|5:16|5:17|5:18|5:19|5:2|5:20|5:21|5:22|5:23|5:24|5:25|5:26|5:27|5:28|5:29|5:3|5:30|5:31|5:32|5:33|5:34|5:35|5:36|5:37|5:38|5:39|5:4|5:40|5:41|5:42|5:43|5:44|5:45|5:46|5:47|5:48|5:49|5:5|5:50|5:51|5:52|5:53|5:54|5:55|5:56|5:57|5:58|5:59|5:6|5:60|5:61|5:62|5:63|5:7|5:8|5:9
TIERING-OFF,77,exact-v9-5-to-6mwe,26784,outlet,C2-MIXTURE-PREFIX,320,0,225.6,1|2|3|4|5,1:0|1:1|1:10|1:11|1:12|1:13|1:14|1:15|1:16|1:17|1:18|1:19|1:2|1:20|1:21|1:22|1:23|1:24|1:25|1:26|1:27|1:28|1:29|1:3|1:30|1:31|1:32|1:33|1:34|1:35|1:36|1:37|1:38|1:39|1:4|1:40|1:41|1:42|1:43|1:44|1:45|1:46|1:47|1:48|1:49|1:5|1:50|1:51|1:52|1:53|1:54|1:55|1:56|1:57|1:58|1:59|1:6|1:60|1:61|1:62|1:63|1:7|1:8|1:9|2:0|2:1|2:10|2:11|2:12|2:13|2:14|2:15|2:16|2:17|2:18|2:19|2:2|2:20|2:21|2:22|2:23|2:24|2:25|2:26|2:27|2:28|2:29|2:3|2:30|2:31|2:32|2:33|2:34|2:35|2:36|2:37|2:38|2:39|2:4|2:40|2:41|2:42|2:43|2:44|2:45|2:46|2:47|2:48|2:49|2:5|2:50|2:51|2:52|2:53|2:54|2:55|2:56|2:57|2:58|2:59|2:6|2:60|2:61|2:62|2:63|2:7|2:8|2:9|3:0|3:1|3:10|3:11|3:12|3:13|3:14|3:15|3:16|3:17|3:18|3:19|3:2|3:20|3:21|3:22|3:23|3:24|3:25|3:26|3:27|3:28|3:29|3:3|3:30|3:31|3:32|3:33|3:34|3:35|3:36|3:37|3:38|3:39|3:4|3:40|3:41|3:42|3:43|3:44|3:45|3:46|3:47|3:48|3:49|3:5|3:50|3:51|3:52|3:53|3:54|3:55|3:56|3:57|3:58|3:59|3:6|3:60|3:61|3:62|3:63|3:7|3:8|3:9|4:0|4:1|4:10|4:11|4:12|4:13|4:14|4:15|4:16|4:17|4:18|4:19|4:2|4:20|4:21|4:22|4:23|4:24|4:25|4:26|4:27|4:28|4:29|4:3|4:30|4:31|4:32|4:33|4:34|4:35|4:36|4:37|4:38|4:39|4:4|4:40|4:41|4:42|4:43|4:44|4:45|4:46|4:47|4:48|4:49|4:5|4:50|4:51|4:52|4:53|4:54|4:55|4:56|4:57|4:58|4:59|4:6|4:60|4:61|4:62|4:63|4:7|4:8|4:9|5:0|5:1|5:10|5:11|5:12|5:13|5:14|5:15|5:16|5:17|5:18|5:19|5:2|5:20|5:21|5:22|5:23|5:24|5:25|5:26|5:27|5:28|5:29|5:3|5:30|5:31|5:32|5:33|5:34|5:35|5:36|5:37|5:38|5:39|5:4|5:40|5:41|5:42|5:43|5:44|5:45|5:46|5:47|5:48|5:49|5:5|5:50|5:51|5:52|5:53|5:54|5:55|5:56|5:57|5:58|5:59|5:6|5:60|5:61|5:62|5:63|5:7|5:8|5:9
TIERING-OFF,78,exact-v9-5-to-6mwe,26784,drum,C2-MIXTURE-PREFIX,319,0,248.4,1|2|3|4|5,1:0|1:1|1:10|1:11|1:12|1:13|1:14|1:15|1:16|1:17|1:18|1:19|1:2|1:20|1:21|1:22|1:23|1:24|1:25|1:26|1:27|1:28|1:29|1:3|1:30|1:31|1:32|1:33|1:34|1:35|1:36|1:37|1:38|1:39|1:4|1:40|1:41|1:42|1:43|1:44|1:45|1:46|1:47|1:48|1:49|1:5|1:50|1:51|1:52|1:53|1:54|1:55|1:56|1:57|1:58|1:59|1:6|1:60|1:61|1:62|1:63|1:7|1:8|1:9|2:0|2:1|2:10|2:11|2:12|2:13|2:14|2:15|2:16|2:17|2:18|2:19|2:2|2:20|2:21|2:22|2:23|2:24|2:25|2:26|2:27|2:28|2:29|2:3|2:30|2:31|2:32|2:33|2:34|2:35|2:36|2:37|2:38|2:39|2:4|2:40|2:41|2:42|2:43|2:44|2:45|2:46|2:47|2:48|2:49|2:5|2:50|2:51|2:52|2:53|2:54|2:55|2:56|2:57|2:58|2:59|2:6|2:60|2:61|2:62|2:63|2:7|2:8|2:9|3:0|3:1|3:10|3:11|3:12|3:13|3:14|3:15|3:16|3:17|3:18|3:19|3:2|3:20|3:21|3:22|3:23|3:24|3:25|3:26|3:27|3:28|3:29|3:3|3:30|3:31|3:33|3:34|3:35|3:36|3:37|3:38|3:39|3:4|3:40|3:41|3:42|3:43|3:44|3:45|3:46|3:47|3:48|3:49|3:5|3:50|3:51|3:52|3:53|3:54|3:55|3:56|3:57|3:58|3:59|3:6|3:60|3:61|3:62|3:63|3:7|3:8|3:9|4:0|4:1|4:10|4:11|4:12|4:13|4:14|4:15|4:16|4:17|4:18|4:19|4:2|4:20|4:21|4:22|4:23|4:24|4:25|4:26|4:27|4:28|4:29|4:3|4:30|4:31|4:32|4:33|4:34|4:35|4:36|4:37|4:38|4:39|4:4|4:40|4:41|4:42|4:43|4:44|4:45|4:46|4:47|4:48|4:49|4:5|4:50|4:51|4:52|4:53|4:54|4:55|4:56|4:57|4:58|4:59|4:6|4:60|4:61|4:62|4:63|4:7|4:8|4:9|5:0|5:1|5:10|5:11|5:12|5:13|5:14|5:15|5:16|5:17|5:18|5:19|5:2|5:20|5:21|5:22|5:23|5:24|5:25|5:26|5:27|5:28|5:29|5:3|5:30|5:31|5:32|5:33|5:34|5:35|5:36|5:37|5:38|5:39|5:4|5:40|5:41|5:42|5:43|5:44|5:45|5:46|5:47|5:48|5:49|5:5|5:50|5:51|5:52|5:53|5:54|5:55|5:56|5:57|5:58|5:59|5:6|5:60|5:61|5:62|5:63|5:7|5:8|5:9
TIERING-OFF,79,exact-v9-5-to-6mwe,26784,feedwater-inventory,C2-MIXTURE-PREFIX,1,0,114.3,2,2:59
TIERING-OFF,8,background-reference,6000,drum,C2-MIXTURE-PREFIX,317,1,414.4,1|2|3|4|5,1:0|1:1|1:10|1:11|1:12|1:13|1:14|1:15|1:16|1:17|1:18|1:19|1:2|1:20|1:21|1:22|1:23|1:24|1:25|1:26|1:27|1:28|1:29|1:3|1:30|1:31|1:32|1:33|1:34|1:35|1:36|1:37|1:38|1:39|1:4|1:40|1:41|1:42|1:43|1:44|1:45|1:46|1:47|1:48|1:49|1:5|1:50|1:51|1:52|1:53|1:54|1:55|1:56|1:57|1:58|1:59|1:6|1:60|1:61|1:62|1:63|1:7|1:8|1:9|2:0|2:1|2:10|2:11|2:12|2:13|2:14|2:15|2:16|2:17|2:18|2:19|2:2|2:20|2:21|2:22|2:23|2:24|2:25|2:26|2:27|2:28|2:29|2:3|2:30|2:31|2:32|2:33|2:34|2:35|2:36|2:37|2:38|2:39|2:4|2:40|2:41|2:42|2:43|2:44|2:45|2:46|2:47|2:48|2:49|2:5|2:51|2:52|2:53|2:54|2:55|2:56|2:57|2:58|2:59|2:6|2:60|2:61|2:62|2:63|2:7|2:8|2:9|3:0|3:1|3:10|3:11|3:12|3:13|3:14|3:15|3:16|3:17|3:18|3:19|3:2|3:20|3:21|3:22|3:23|3:24|3:25|3:26|3:27|3:28|3:29|3:3|3:30|3:31|3:32|3:33|3:34|3:35|3:36|3:37|3:38|3:39|3:4|3:40|3:41|3:42|3:43|3:44|3:45|3:46|3:47|3:48|3:49|3:5|3:50|3:51|3:52|3:53|3:54|3:55|3:56|3:57|3:58|3:59|3:6|3:60|3:61|3:62|3:63|3:7|3:8|3:9|4:0|4:1|4:10|4:11|4:12|4:13|4:14|4:15|4:16|4:17|4:18|4:19|4:2|4:20|4:21|4:22|4:23|4:24|4:25|4:26|4:27|4:28|4:29|4:3|4:30|4:31|4:32|4:33|4:34|4:35|4:36|4:37|4:38|4:39|4:4|4:40|4:41|4:42|4:43|4:44|4:45|4:46|4:47|4:48|4:49|4:5|4:50|4:51|4:52|4:53|4:54|4:55|4:56|4:57|4:58|4:59|4:6|4:60|4:61|4:62|4:63|4:7|4:8|4:9|5:0|5:1|5:10|5:11|5:12|5:13|5:14|5:15|5:16|5:17|5:18|5:19|5:2|5:20|5:21|5:22|5:23|5:24|5:25|5:26|5:27|5:28|5:29|5:3|5:30|5:31|5:32|5:33|5:34|5:35|5:36|5:37|5:38|5:39|5:4|5:40|5:41|5:42|5:43|5:44|5:45|5:46|5:47|5:48|5:49|5:5|5:52|5:53|5:54|5:55|5:56|5:57|5:58|5:59|5:6|5:60|5:61|5:62|5:63|5:7|5:8|5:9
TIERING-OFF,80,exact-v9-5-to-6mwe,32784,suction,C2-MIXTURE-PREFIX,319,0,294.2,1|2|3|4|5,1:0|1:1|1:10|1:11|1:12|1:13|1:14|1:15|1:16|1:17|1:18|1:19|1:2|1:20|1:21|1:22|1:23|1:24|1:25|1:26|1:27|1:28|1:29|1:3|1:30|1:31|1:32|1:33|1:34|1:35|1:36|1:37|1:38|1:39|1:4|1:40|1:41|1:42|1:43|1:44|1:45|1:46|1:47|1:48|1:49|1:5|1:50|1:51|1:52|1:53|1:54|1:55|1:56|1:57|1:58|1:59|1:6|1:60|1:61|1:62|1:63|1:7|1:8|1:9|2:0|2:1|2:10|2:11|2:12|2:13|2:14|2:15|2:16|2:17|2:18|2:19|2:2|2:20|2:21|2:22|2:23|2:24|2:25|2:26|2:27|2:28|2:29|2:3|2:30|2:31|2:32|2:33|2:34|2:35|2:36|2:37|2:38|2:39|2:4|2:40|2:41|2:42|2:43|2:44|2:45|2:46|2:47|2:48|2:49|2:5|2:50|2:51|2:52|2:53|2:54|2:55|2:56|2:57|2:58|2:59|2:6|2:60|2:61|2:62|2:63|2:7|2:8|2:9|3:0|3:1|3:10|3:11|3:12|3:13|3:14|3:15|3:16|3:17|3:18|3:19|3:2|3:20|3:21|3:22|3:23|3:24|3:25|3:26|3:27|3:28|3:29|3:3|3:30|3:31|3:33|3:34|3:35|3:36|3:37|3:38|3:39|3:4|3:40|3:41|3:42|3:43|3:44|3:45|3:46|3:47|3:48|3:49|3:5|3:50|3:51|3:52|3:53|3:54|3:55|3:56|3:57|3:58|3:59|3:6|3:60|3:61|3:62|3:63|3:7|3:8|3:9|4:0|4:1|4:10|4:11|4:12|4:13|4:14|4:15|4:16|4:17|4:18|4:19|4:2|4:20|4:21|4:22|4:23|4:24|4:25|4:26|4:27|4:28|4:29|4:3|4:30|4:31|4:32|4:33|4:34|4:35|4:36|4:37|4:38|4:39|4:4|4:40|4:41|4:42|4:43|4:44|4:45|4:46|4:47|4:48|4:49|4:5|4:50|4:51|4:52|4:53|4:54|4:55|4:56|4:57|4:58|4:59|4:6|4:60|4:61|4:62|4:63|4:7|4:8|4:9|5:0|5:1|5:10|5:11|5:12|5:13|5:14|5:15|5:16|5:17|5:18|5:19|5:2|5:20|5:21|5:22|5:23|5:24|5:25|5:26|5:27|5:28|5:29|5:3|5:30|5:31|5:32|5:33|5:34|5:35|5:36|5:37|5:38|5:39|5:4|5:40|5:41|5:42|5:43|5:44|5:45|5:46|5:47|5:48|5:49|5:5|5:50|5:51|5:52|5:53|5:54|5:55|5:56|5:57|5:58|5:59|5:6|5:60|5:61|5:62|5:63|5:7|5:8|5:9
TIERING-OFF,81,exact-v9-5-to-6mwe,32784,pressure,C2-MIXTURE-PREFIX,319,2,464.5,1|2|3|4|5,1:0|1:1|1:10|1:11|1:12|1:13|1:14|1:15|1:16|1:17|1:18|1:19|1:2|1:20|1:21|1:22|1:23|1:24|1:25|1:26|1:27|1:28|1:29|1:3|1:30|1:31|1:32|1:33|1:34|1:35|1:36|1:37|1:38|1:39|1:4|1:40|1:41|1:42|1:43|1:44|1:45|1:46|1:47|1:48|1:49|1:5|1:50|1:51|1:52|1:53|1:54|1:55|1:56|1:57|1:58|1:59|1:6|1:60|1:61|1:62|1:63|1:7|1:8|1:9|2:0|2:1|2:10|2:11|2:12|2:13|2:14|2:15|2:16|2:17|2:18|2:19|2:2|2:20|2:21|2:22|2:23|2:24|2:25|2:26|2:27|2:28|2:29|2:3|2:30|2:31|2:32|2:33|2:34|2:35|2:36|2:37|2:38|2:39|2:4|2:40|2:41|2:42|2:43|2:44|2:45|2:46|2:47|2:48|2:49|2:5|2:50|2:51|2:52|2:53|2:54|2:55|2:56|2:57|2:58|2:59|2:6|2:60|2:61|2:62|2:63|2:7|2:8|2:9|3:0|3:1|3:10|3:11|3:12|3:13|3:14|3:15|3:16|3:17|3:18|3:19|3:2|3:20|3:21|3:22|3:23|3:24|3:25|3:26|3:27|3:28|3:29|3:3|3:30|3:31|3:33|3:34|3:35|3:36|3:37|3:38|3:39|3:4|3:40|3:41|3:42|3:43|3:44|3:45|3:46|3:47|3:48|3:49|3:5|3:50|3:51|3:52|3:53|3:54|3:55|3:56|3:57|3:58|3:59|3:6|3:60|3:61|3:62|3:63|3:7|3:8|3:9|4:0|4:1|4:10|4:11|4:12|4:13|4:14|4:15|4:16|4:17|4:18|4:19|4:2|4:20|4:21|4:22|4:23|4:24|4:25|4:26|4:27|4:28|4:29|4:3|4:30|4:31|4:32|4:33|4:34|4:35|4:36|4:37|4:38|4:39|4:4|4:40|4:41|4:42|4:43|4:44|4:45|4:46|4:47|4:48|4:49|4:5|4:50|4:51|4:52|4:53|4:54|4:55|4:56|4:57|4:58|4:59|4:6|4:60|4:61|4:62|4:63|4:7|4:8|4:9|5:0|5:1|5:10|5:11|5:12|5:13|5:14|5:15|5:16|5:17|5:18|5:19|5:2|5:20|5:21|5:22|5:23|5:24|5:25|5:26|5:27|5:28|5:29|5:3|5:30|5:31|5:32|5:33|5:34|5:35|5:36|5:37|5:38|5:39|5:4|5:40|5:41|5:42|5:43|5:44|5:45|5:46|5:47|5:48|5:49|5:5|5:50|5:51|5:52|5:53|5:54|5:55|5:56|5:57|5:58|5:59|5:6|5:60|5:61|5:62|5:63|5:7|5:8|5:9
TIERING-OFF,82,exact-v9-5-to-6mwe,32784,outlet,C2-MIXTURE-PREFIX,319,0,322,1|2|3|4|5,1:0|1:1|1:10|1:11|1:12|1:13|1:14|1:15|1:16|1:17|1:18|1:19|1:2|1:20|1:21|1:22|1:23|1:24|1:25|1:26|1:27|1:28|1:29|1:3|1:30|1:31|1:32|1:33|1:34|1:35|1:36|1:37|1:38|1:39|1:4|1:40|1:41|1:42|1:43|1:44|1:45|1:46|1:47|1:48|1:49|1:5|1:50|1:51|1:52|1:53|1:54|1:55|1:56|1:57|1:58|1:59|1:6|1:60|1:61|1:62|1:63|1:7|1:8|1:9|2:0|2:1|2:10|2:11|2:12|2:13|2:14|2:15|2:16|2:17|2:18|2:19|2:2|2:20|2:21|2:22|2:23|2:24|2:25|2:26|2:27|2:28|2:29|2:3|2:30|2:31|2:32|2:33|2:34|2:35|2:36|2:37|2:38|2:39|2:4|2:40|2:41|2:42|2:43|2:44|2:45|2:46|2:47|2:48|2:49|2:5|2:50|2:51|2:52|2:53|2:54|2:55|2:56|2:57|2:58|2:59|2:6|2:60|2:61|2:62|2:63|2:7|2:8|2:9|3:0|3:1|3:10|3:11|3:12|3:13|3:14|3:15|3:16|3:17|3:18|3:19|3:2|3:20|3:21|3:22|3:23|3:24|3:25|3:26|3:27|3:28|3:29|3:3|3:30|3:31|3:33|3:34|3:35|3:36|3:37|3:38|3:39|3:4|3:40|3:41|3:42|3:43|3:44|3:45|3:46|3:47|3:48|3:49|3:5|3:50|3:51|3:52|3:53|3:54|3:55|3:56|3:57|3:58|3:59|3:6|3:60|3:61|3:62|3:63|3:7|3:8|3:9|4:0|4:1|4:10|4:11|4:12|4:13|4:14|4:15|4:16|4:17|4:18|4:19|4:2|4:20|4:21|4:22|4:23|4:24|4:25|4:26|4:27|4:28|4:29|4:3|4:30|4:31|4:32|4:33|4:34|4:35|4:36|4:37|4:38|4:39|4:4|4:40|4:41|4:42|4:43|4:44|4:45|4:46|4:47|4:48|4:49|4:5|4:50|4:51|4:52|4:53|4:54|4:55|4:56|4:57|4:58|4:59|4:6|4:60|4:61|4:62|4:63|4:7|4:8|4:9|5:0|5:1|5:10|5:11|5:12|5:13|5:14|5:15|5:16|5:17|5:18|5:19|5:2|5:20|5:21|5:22|5:23|5:24|5:25|5:26|5:27|5:28|5:29|5:3|5:30|5:31|5:32|5:33|5:34|5:35|5:36|5:37|5:38|5:39|5:4|5:40|5:41|5:42|5:43|5:44|5:45|5:46|5:47|5:48|5:49|5:5|5:50|5:51|5:52|5:53|5:54|5:55|5:56|5:57|5:58|5:59|5:6|5:60|5:61|5:62|5:63|5:7|5:8|5:9
TIERING-OFF,83,exact-v9-5-to-6mwe,32784,drum,C2-MIXTURE-PREFIX,319,0,216.5,1|2|3|4|5,1:0|1:1|1:10|1:11|1:12|1:13|1:14|1:15|1:16|1:17|1:18|1:19|1:2|1:20|1:21|1:22|1:23|1:24|1:25|1:26|1:27|1:28|1:29|1:3|1:30|1:31|1:32|1:33|1:34|1:35|1:36|1:37|1:38|1:39|1:4|1:40|1:41|1:42|1:43|1:44|1:45|1:46|1:47|1:48|1:49|1:5|1:50|1:51|1:52|1:53|1:54|1:55|1:56|1:57|1:58|1:59|1:6|1:60|1:61|1:62|1:63|1:7|1:8|1:9|2:0|2:1|2:10|2:11|2:12|2:13|2:14|2:15|2:16|2:17|2:18|2:19|2:2|2:20|2:21|2:22|2:23|2:24|2:25|2:26|2:27|2:28|2:29|2:3|2:30|2:31|2:32|2:33|2:34|2:35|2:36|2:37|2:38|2:39|2:4|2:40|2:41|2:42|2:43|2:44|2:45|2:46|2:47|2:48|2:49|2:5|2:50|2:51|2:52|2:53|2:54|2:55|2:56|2:57|2:58|2:59|2:6|2:60|2:61|2:62|2:63|2:7|2:8|2:9|3:0|3:1|3:10|3:11|3:12|3:13|3:14|3:15|3:16|3:17|3:18|3:19|3:2|3:20|3:21|3:22|3:23|3:24|3:25|3:26|3:27|3:28|3:29|3:3|3:30|3:31|3:33|3:34|3:35|3:36|3:37|3:38|3:39|3:4|3:40|3:41|3:42|3:43|3:44|3:45|3:46|3:47|3:48|3:49|3:5|3:50|3:51|3:52|3:53|3:54|3:55|3:56|3:57|3:58|3:59|3:6|3:60|3:61|3:62|3:63|3:7|3:8|3:9|4:0|4:1|4:10|4:11|4:12|4:13|4:14|4:15|4:16|4:17|4:18|4:19|4:2|4:20|4:21|4:22|4:23|4:24|4:25|4:26|4:27|4:28|4:29|4:3|4:30|4:31|4:32|4:33|4:34|4:35|4:36|4:37|4:38|4:39|4:4|4:40|4:41|4:42|4:43|4:44|4:45|4:46|4:47|4:48|4:49|4:5|4:50|4:51|4:52|4:53|4:54|4:55|4:56|4:57|4:58|4:59|4:6|4:60|4:61|4:62|4:63|4:7|4:8|4:9|5:0|5:1|5:10|5:11|5:12|5:13|5:14|5:15|5:16|5:17|5:18|5:19|5:2|5:20|5:21|5:22|5:23|5:24|5:25|5:26|5:27|5:28|5:29|5:3|5:30|5:31|5:32|5:33|5:34|5:35|5:36|5:37|5:38|5:39|5:4|5:40|5:41|5:42|5:43|5:44|5:45|5:46|5:47|5:48|5:49|5:5|5:50|5:51|5:52|5:53|5:54|5:55|5:56|5:57|5:58|5:59|5:6|5:60|5:61|5:62|5:63|5:7|5:8|5:9
TIERING-OFF,85,exact-v9-5-to-6mwe,38784,suction,C2-MIXTURE-PREFIX,319,0,366.6,1|2|3|4|5,1:0|1:1|1:10|1:11|1:12|1:13|1:14|1:15|1:16|1:17|1:18|1:19|1:2|1:20|1:21|1:22|1:23|1:24|1:25|1:26|1:27|1:28|1:29|1:3|1:30|1:31|1:32|1:33|1:34|1:35|1:36|1:37|1:38|1:39|1:4|1:40|1:41|1:42|1:43|1:44|1:45|1:46|1:47|1:48|1:49|1:5|1:50|1:51|1:52|1:53|1:54|1:55|1:56|1:57|1:58|1:59|1:6|1:60|1:61|1:62|1:63|1:7|1:8|1:9|2:0|2:1|2:10|2:11|2:12|2:13|2:14|2:15|2:16|2:17|2:18|2:19|2:2|2:20|2:21|2:22|2:23|2:24|2:25|2:26|2:27|2:28|2:29|2:3|2:30|2:31|2:32|2:33|2:34|2:35|2:36|2:37|2:38|2:39|2:4|2:40|2:41|2:42|2:43|2:44|2:45|2:46|2:47|2:48|2:49|2:5|2:50|2:51|2:52|2:53|2:54|2:55|2:56|2:57|2:58|2:59|2:6|2:60|2:61|2:62|2:63|2:7|2:8|2:9|3:0|3:1|3:10|3:11|3:12|3:13|3:14|3:15|3:16|3:17|3:18|3:19|3:2|3:20|3:21|3:22|3:23|3:24|3:25|3:26|3:27|3:28|3:29|3:3|3:30|3:31|3:33|3:34|3:35|3:36|3:37|3:38|3:39|3:4|3:40|3:41|3:42|3:43|3:44|3:45|3:46|3:47|3:48|3:49|3:5|3:50|3:51|3:52|3:53|3:54|3:55|3:56|3:57|3:58|3:59|3:6|3:60|3:61|3:62|3:63|3:7|3:8|3:9|4:0|4:1|4:10|4:11|4:12|4:13|4:14|4:15|4:16|4:17|4:18|4:19|4:2|4:20|4:21|4:22|4:23|4:24|4:25|4:26|4:27|4:28|4:29|4:3|4:30|4:31|4:32|4:33|4:34|4:35|4:36|4:37|4:38|4:39|4:4|4:40|4:41|4:42|4:43|4:44|4:45|4:46|4:47|4:48|4:49|4:5|4:50|4:51|4:52|4:53|4:54|4:55|4:56|4:57|4:58|4:59|4:6|4:60|4:61|4:62|4:63|4:7|4:8|4:9|5:0|5:1|5:10|5:11|5:12|5:13|5:14|5:15|5:16|5:17|5:18|5:19|5:2|5:20|5:21|5:22|5:23|5:24|5:25|5:26|5:27|5:28|5:29|5:3|5:30|5:31|5:32|5:33|5:34|5:35|5:36|5:37|5:38|5:39|5:4|5:40|5:41|5:42|5:43|5:44|5:45|5:46|5:47|5:48|5:49|5:5|5:50|5:51|5:52|5:53|5:54|5:55|5:56|5:57|5:58|5:59|5:6|5:60|5:61|5:62|5:63|5:7|5:8|5:9
TIERING-OFF,86,exact-v9-5-to-6mwe,38784,pressure,C2-MIXTURE-PREFIX,319,0,271.6,1|2|3|4|5,1:0|1:1|1:10|1:11|1:12|1:13|1:14|1:15|1:16|1:17|1:18|1:19|1:2|1:20|1:21|1:22|1:23|1:24|1:25|1:26|1:27|1:28|1:29|1:3|1:30|1:31|1:32|1:33|1:34|1:35|1:36|1:37|1:38|1:39|1:4|1:40|1:41|1:42|1:43|1:44|1:45|1:46|1:47|1:48|1:49|1:5|1:50|1:51|1:52|1:53|1:54|1:55|1:56|1:57|1:58|1:59|1:6|1:60|1:61|1:62|1:63|1:7|1:8|1:9|2:0|2:1|2:10|2:11|2:12|2:13|2:14|2:15|2:16|2:17|2:18|2:19|2:2|2:20|2:21|2:22|2:23|2:24|2:25|2:26|2:27|2:28|2:29|2:3|2:30|2:31|2:32|2:33|2:34|2:35|2:36|2:37|2:38|2:39|2:4|2:40|2:41|2:42|2:43|2:44|2:45|2:46|2:47|2:48|2:49|2:5|2:50|2:51|2:52|2:53|2:54|2:55|2:56|2:57|2:58|2:59|2:6|2:60|2:61|2:62|2:63|2:7|2:8|2:9|3:0|3:1|3:10|3:11|3:12|3:13|3:14|3:15|3:16|3:17|3:18|3:19|3:2|3:20|3:21|3:22|3:23|3:24|3:25|3:26|3:27|3:28|3:29|3:3|3:30|3:31|3:33|3:34|3:35|3:36|3:37|3:38|3:39|3:4|3:40|3:41|3:42|3:43|3:44|3:45|3:46|3:47|3:48|3:49|3:5|3:50|3:51|3:52|3:53|3:54|3:55|3:56|3:57|3:58|3:59|3:6|3:60|3:61|3:62|3:63|3:7|3:8|3:9|4:0|4:1|4:10|4:11|4:12|4:13|4:14|4:15|4:16|4:17|4:18|4:19|4:2|4:20|4:21|4:22|4:23|4:24|4:25|4:26|4:27|4:28|4:29|4:3|4:30|4:31|4:32|4:33|4:34|4:35|4:36|4:37|4:38|4:39|4:4|4:40|4:41|4:42|4:43|4:44|4:45|4:46|4:47|4:48|4:49|4:5|4:50|4:51|4:52|4:53|4:54|4:55|4:56|4:57|4:58|4:59|4:6|4:60|4:61|4:62|4:63|4:7|4:8|4:9|5:0|5:1|5:10|5:11|5:12|5:13|5:14|5:15|5:16|5:17|5:18|5:19|5:2|5:20|5:21|5:22|5:23|5:24|5:25|5:26|5:27|5:28|5:29|5:3|5:30|5:31|5:32|5:33|5:34|5:35|5:36|5:37|5:38|5:39|5:4|5:40|5:41|5:42|5:43|5:44|5:45|5:46|5:47|5:48|5:49|5:5|5:50|5:51|5:52|5:53|5:54|5:55|5:56|5:57|5:58|5:59|5:6|5:60|5:61|5:62|5:63|5:7|5:8|5:9
TIERING-OFF,87,exact-v9-5-to-6mwe,38784,outlet,C2-MIXTURE-PREFIX,317,0,288,1|2|3|4|5,1:0|1:1|1:10|1:11|1:12|1:13|1:14|1:15|1:16|1:17|1:18|1:19|1:2|1:20|1:21|1:22|1:23|1:24|1:25|1:26|1:27|1:28|1:29|1:3|1:30|1:31|1:32|1:33|1:34|1:35|1:36|1:37|1:38|1:39|1:4|1:40|1:41|1:42|1:43|1:44|1:45|1:46|1:47|1:48|1:49|1:5|1:50|1:51|1:52|1:53|1:54|1:55|1:56|1:57|1:58|1:59|1:6|1:60|1:61|1:62|1:63|1:7|1:8|1:9|2:0|2:1|2:10|2:11|2:12|2:13|2:14|2:15|2:16|2:17|2:18|2:19|2:2|2:20|2:21|2:22|2:23|2:24|2:25|2:26|2:27|2:28|2:29|2:3|2:30|2:31|2:32|2:33|2:34|2:35|2:36|2:37|2:38|2:39|2:4|2:40|2:41|2:42|2:43|2:44|2:45|2:46|2:47|2:48|2:49|2:5|2:50|2:52|2:53|2:54|2:55|2:56|2:57|2:58|2:59|2:6|2:60|2:61|2:62|2:63|2:7|2:8|2:9|3:0|3:1|3:10|3:11|3:12|3:13|3:14|3:15|3:16|3:17|3:18|3:19|3:2|3:20|3:21|3:22|3:23|3:24|3:25|3:26|3:27|3:28|3:29|3:3|3:30|3:31|3:33|3:34|3:35|3:36|3:37|3:38|3:39|3:4|3:40|3:41|3:42|3:43|3:44|3:45|3:46|3:47|3:48|3:49|3:5|3:50|3:51|3:52|3:53|3:54|3:55|3:56|3:57|3:58|3:59|3:6|3:60|3:61|3:62|3:63|3:7|3:8|3:9|4:0|4:1|4:10|4:11|4:12|4:13|4:14|4:15|4:16|4:17|4:18|4:19|4:2|4:20|4:21|4:22|4:23|4:24|4:25|4:26|4:27|4:28|4:29|4:3|4:30|4:31|4:32|4:33|4:34|4:35|4:36|4:37|4:38|4:39|4:4|4:40|4:41|4:42|4:43|4:44|4:45|4:46|4:47|4:48|4:49|4:5|4:50|4:51|4:52|4:53|4:54|4:55|4:56|4:57|4:58|4:59|4:6|4:60|4:61|4:62|4:63|4:7|4:8|4:9|5:0|5:1|5:10|5:11|5:12|5:13|5:14|5:15|5:16|5:17|5:18|5:19|5:2|5:20|5:21|5:22|5:23|5:24|5:25|5:26|5:27|5:28|5:29|5:3|5:30|5:31|5:32|5:33|5:34|5:35|5:36|5:37|5:38|5:39|5:4|5:40|5:41|5:42|5:43|5:44|5:45|5:46|5:47|5:48|5:49|5:5|5:50|5:52|5:53|5:54|5:55|5:56|5:57|5:58|5:59|5:6|5:60|5:61|5:62|5:63|5:7|5:8|5:9
TIERING-OFF,88,exact-v9-5-to-6mwe,38784,drum,C2-MIXTURE-PREFIX,317,1,525.1,1|2|3|4|5,1:0|1:1|1:10|1:11|1:12|1:13|1:14|1:15|1:16|1:17|1:18|1:19|1:2|1:20|1:21|1:22|1:23|1:24|1:25|1:26|1:27|1:28|1:29|1:3|1:30|1:31|1:32|1:33|1:34|1:35|1:36|1:37|1:38|1:39|1:4|1:40|1:41|1:42|1:43|1:44|1:45|1:46|1:47|1:48|1:49|1:5|1:50|1:51|1:52|1:53|1:54|1:55|1:56|1:57|1:58|1:59|1:6|1:60|1:61|1:62|1:63|1:7|1:8|1:9|2:0|2:1|2:10|2:11|2:12|2:13|2:14|2:15|2:16|2:17|2:18|2:19|2:2|2:20|2:21|2:22|2:23|2:24|2:25|2:26|2:27|2:28|2:29|2:3|2:30|2:31|2:32|2:33|2:34|2:35|2:36|2:37|2:38|2:39|2:4|2:40|2:41|2:42|2:43|2:44|2:45|2:46|2:47|2:48|2:49|2:5|2:50|2:52|2:53|2:54|2:55|2:56|2:57|2:58|2:59|2:6|2:60|2:61|2:62|2:63|2:7|2:8|2:9|3:0|3:1|3:10|3:11|3:12|3:13|3:14|3:15|3:16|3:17|3:18|3:19|3:2|3:20|3:21|3:22|3:23|3:24|3:25|3:26|3:27|3:28|3:29|3:3|3:30|3:31|3:33|3:34|3:35|3:36|3:37|3:38|3:39|3:4|3:40|3:41|3:42|3:43|3:44|3:45|3:46|3:47|3:48|3:49|3:5|3:50|3:51|3:52|3:53|3:54|3:55|3:56|3:57|3:58|3:59|3:6|3:60|3:61|3:62|3:63|3:7|3:8|3:9|4:0|4:1|4:10|4:11|4:12|4:13|4:14|4:15|4:16|4:17|4:18|4:19|4:2|4:20|4:21|4:22|4:23|4:24|4:25|4:26|4:27|4:28|4:29|4:3|4:30|4:31|4:32|4:33|4:34|4:35|4:36|4:37|4:38|4:39|4:4|4:40|4:41|4:42|4:43|4:44|4:45|4:46|4:47|4:48|4:49|4:5|4:50|4:51|4:52|4:53|4:54|4:55|4:56|4:57|4:58|4:59|4:6|4:60|4:61|4:62|4:63|4:7|4:8|4:9|5:0|5:1|5:10|5:11|5:12|5:13|5:14|5:15|5:16|5:17|5:18|5:19|5:2|5:20|5:21|5:22|5:23|5:24|5:25|5:26|5:27|5:28|5:29|5:3|5:30|5:31|5:32|5:33|5:34|5:35|5:36|5:37|5:38|5:39|5:4|5:40|5:41|5:42|5:43|5:44|5:45|5:46|5:47|5:48|5:49|5:5|5:50|5:52|5:53|5:54|5:55|5:56|5:57|5:58|5:59|5:6|5:60|5:61|5:62|5:63|5:7|5:8|5:9
TIERING-OFF,89,exact-v9-5-to-6mwe,38784,feedwater-inventory,C2-MIXTURE-PREFIX,1,0,107.1,2,2:59
TIERING-OFF,9,background-reference,6000,feedwater-inventory,C2-NEAR-BOUNDARY-LIQUID-PREFIX,1,0,115.6,5,5:41
TIERING-OFF,90,exact-v9-5-to-6mwe,44784,suction,C2-MIXTURE-PREFIX,317,0,243.5,1|2|3|4|5,1:0|1:1|1:10|1:11|1:12|1:13|1:14|1:15|1:16|1:17|1:18|1:19|1:2|1:20|1:21|1:22|1:23|1:24|1:25|1:26|1:27|1:28|1:29|1:3|1:30|1:31|1:32|1:33|1:34|1:35|1:36|1:37|1:38|1:39|1:4|1:40|1:41|1:42|1:43|1:44|1:45|1:46|1:47|1:48|1:49|1:5|1:50|1:51|1:52|1:53|1:54|1:55|1:56|1:57|1:58|1:59|1:6|1:60|1:61|1:62|1:63|1:7|1:8|1:9|2:0|2:1|2:10|2:11|2:12|2:13|2:14|2:15|2:16|2:17|2:18|2:19|2:2|2:20|2:21|2:22|2:23|2:24|2:25|2:26|2:27|2:28|2:29|2:3|2:30|2:31|2:32|2:33|2:34|2:35|2:36|2:37|2:38|2:39|2:4|2:40|2:41|2:42|2:43|2:44|2:45|2:46|2:47|2:48|2:49|2:5|2:50|2:52|2:53|2:54|2:55|2:56|2:57|2:58|2:59|2:6|2:60|2:61|2:62|2:63|2:7|2:8|2:9|3:0|3:1|3:10|3:11|3:12|3:13|3:14|3:15|3:16|3:17|3:18|3:19|3:2|3:20|3:21|3:22|3:23|3:24|3:25|3:26|3:27|3:28|3:29|3:3|3:30|3:31|3:33|3:34|3:35|3:36|3:37|3:38|3:39|3:4|3:40|3:41|3:42|3:43|3:44|3:45|3:46|3:47|3:48|3:49|3:5|3:50|3:51|3:52|3:53|3:54|3:55|3:56|3:57|3:58|3:59|3:6|3:60|3:61|3:62|3:63|3:7|3:8|3:9|4:0|4:1|4:10|4:11|4:12|4:13|4:14|4:15|4:16|4:17|4:18|4:19|4:2|4:20|4:21|4:22|4:23|4:24|4:25|4:26|4:27|4:28|4:29|4:3|4:30|4:31|4:32|4:33|4:34|4:35|4:36|4:37|4:38|4:39|4:4|4:40|4:41|4:42|4:43|4:44|4:45|4:46|4:47|4:48|4:49|4:5|4:50|4:51|4:52|4:53|4:54|4:55|4:56|4:57|4:58|4:59|4:6|4:60|4:61|4:62|4:63|4:7|4:8|4:9|5:0|5:1|5:10|5:11|5:12|5:13|5:14|5:15|5:16|5:17|5:18|5:19|5:2|5:20|5:21|5:22|5:23|5:24|5:25|5:26|5:27|5:28|5:29|5:3|5:30|5:31|5:32|5:33|5:34|5:35|5:36|5:37|5:38|5:39|5:4|5:40|5:41|5:42|5:43|5:44|5:45|5:46|5:47|5:48|5:49|5:5|5:50|5:52|5:53|5:54|5:55|5:56|5:57|5:58|5:59|5:6|5:60|5:61|5:62|5:63|5:7|5:8|5:9
TIERING-OFF,91,exact-v9-5-to-6mwe,44784,pressure,C2-MIXTURE-PREFIX,317,0,243.6,1|2|3|4|5,1:0|1:1|1:10|1:11|1:12|1:13|1:14|1:15|1:16|1:17|1:18|1:19|1:2|1:20|1:21|1:22|1:23|1:24|1:25|1:26|1:27|1:28|1:29|1:3|1:30|1:31|1:32|1:33|1:34|1:35|1:36|1:37|1:38|1:39|1:4|1:40|1:41|1:42|1:43|1:44|1:45|1:46|1:47|1:48|1:49|1:5|1:50|1:51|1:52|1:53|1:54|1:55|1:56|1:57|1:58|1:59|1:6|1:60|1:61|1:62|1:63|1:7|1:8|1:9|2:0|2:1|2:10|2:11|2:12|2:13|2:14|2:15|2:16|2:17|2:18|2:19|2:2|2:20|2:21|2:22|2:23|2:24|2:25|2:26|2:27|2:28|2:29|2:3|2:30|2:31|2:32|2:33|2:34|2:35|2:36|2:37|2:38|2:39|2:4|2:40|2:41|2:42|2:43|2:44|2:45|2:46|2:47|2:48|2:49|2:5|2:50|2:52|2:53|2:54|2:55|2:56|2:57|2:58|2:59|2:6|2:60|2:61|2:62|2:63|2:7|2:8|2:9|3:0|3:1|3:10|3:11|3:12|3:13|3:14|3:15|3:16|3:17|3:18|3:19|3:2|3:20|3:21|3:22|3:23|3:24|3:25|3:26|3:27|3:28|3:29|3:3|3:30|3:31|3:33|3:34|3:35|3:36|3:37|3:38|3:39|3:4|3:40|3:41|3:42|3:43|3:44|3:45|3:46|3:47|3:48|3:49|3:5|3:50|3:51|3:52|3:53|3:54|3:55|3:56|3:57|3:58|3:59|3:6|3:60|3:61|3:62|3:63|3:7|3:8|3:9|4:0|4:1|4:10|4:11|4:12|4:13|4:14|4:15|4:16|4:17|4:18|4:19|4:2|4:20|4:21|4:22|4:23|4:24|4:25|4:26|4:27|4:28|4:29|4:3|4:30|4:31|4:32|4:33|4:34|4:35|4:36|4:37|4:38|4:39|4:4|4:40|4:41|4:42|4:43|4:44|4:45|4:46|4:47|4:48|4:49|4:5|4:50|4:51|4:52|4:53|4:54|4:55|4:56|4:57|4:58|4:59|4:6|4:60|4:61|4:62|4:63|4:7|4:8|4:9|5:0|5:1|5:10|5:11|5:12|5:13|5:14|5:15|5:16|5:17|5:18|5:19|5:2|5:20|5:21|5:22|5:23|5:24|5:25|5:26|5:27|5:28|5:29|5:3|5:30|5:31|5:32|5:33|5:34|5:35|5:36|5:37|5:38|5:39|5:4|5:40|5:41|5:42|5:43|5:44|5:45|5:46|5:47|5:48|5:49|5:5|5:50|5:52|5:53|5:54|5:55|5:56|5:57|5:58|5:59|5:6|5:60|5:61|5:62|5:63|5:7|5:8|5:9
TIERING-OFF,92,exact-v9-5-to-6mwe,44784,outlet,C2-MIXTURE-PREFIX,317,1,413.9,1|2|3|4|5,1:0|1:1|1:10|1:11|1:12|1:13|1:14|1:15|1:16|1:17|1:18|1:19|1:2|1:20|1:21|1:22|1:23|1:24|1:25|1:26|1:27|1:28|1:29|1:3|1:30|1:31|1:32|1:33|1:34|1:35|1:36|1:37|1:38|1:39|1:4|1:40|1:41|1:42|1:43|1:44|1:45|1:46|1:47|1:48|1:49|1:5|1:50|1:51|1:52|1:53|1:54|1:55|1:56|1:57|1:58|1:59|1:6|1:60|1:61|1:62|1:63|1:7|1:8|1:9|2:0|2:1|2:10|2:11|2:12|2:13|2:14|2:15|2:16|2:17|2:18|2:19|2:2|2:20|2:21|2:22|2:23|2:24|2:25|2:26|2:27|2:28|2:29|2:3|2:30|2:31|2:32|2:33|2:34|2:35|2:36|2:37|2:38|2:39|2:4|2:40|2:41|2:42|2:43|2:44|2:45|2:46|2:47|2:48|2:49|2:5|2:50|2:52|2:53|2:54|2:55|2:56|2:57|2:58|2:59|2:6|2:60|2:61|2:62|2:63|2:7|2:8|2:9|3:0|3:1|3:10|3:11|3:12|3:13|3:14|3:15|3:16|3:17|3:18|3:19|3:2|3:20|3:21|3:22|3:23|3:24|3:25|3:26|3:27|3:28|3:29|3:3|3:30|3:31|3:33|3:34|3:35|3:36|3:37|3:38|3:39|3:4|3:40|3:41|3:42|3:43|3:44|3:45|3:46|3:47|3:48|3:49|3:5|3:50|3:51|3:52|3:53|3:54|3:55|3:56|3:57|3:58|3:59|3:6|3:60|3:61|3:62|3:63|3:7|3:8|3:9|4:0|4:1|4:10|4:11|4:12|4:13|4:14|4:15|4:16|4:17|4:18|4:19|4:2|4:20|4:21|4:22|4:23|4:24|4:25|4:26|4:27|4:28|4:29|4:3|4:30|4:31|4:32|4:33|4:34|4:35|4:36|4:37|4:38|4:39|4:4|4:40|4:41|4:42|4:43|4:44|4:45|4:46|4:47|4:48|4:49|4:5|4:50|4:51|4:52|4:53|4:54|4:55|4:56|4:57|4:58|4:59|4:6|4:60|4:61|4:62|4:63|4:7|4:8|4:9|5:0|5:1|5:10|5:11|5:12|5:13|5:14|5:15|5:16|5:17|5:18|5:19|5:2|5:20|5:21|5:22|5:23|5:24|5:25|5:26|5:27|5:28|5:29|5:3|5:30|5:31|5:32|5:33|5:34|5:35|5:36|5:37|5:38|5:39|5:4|5:40|5:41|5:42|5:43|5:44|5:45|5:46|5:47|5:48|5:49|5:5|5:50|5:52|5:53|5:54|5:55|5:56|5:57|5:58|5:59|5:6|5:60|5:61|5:62|5:63|5:7|5:8|5:9
TIERING-OFF,93,exact-v9-5-to-6mwe,44784,drum,C2-MIXTURE-PREFIX,317,0,243.9,1|2|3|4|5,1:0|1:1|1:10|1:11|1:12|1:13|1:14|1:15|1:16|1:17|1:18|1:19|1:2|1:20|1:21|1:22|1:23|1:24|1:25|1:26|1:27|1:28|1:29|1:3|1:30|1:31|1:32|1:33|1:34|1:35|1:36|1:37|1:38|1:39|1:4|1:40|1:41|1:42|1:43|1:44|1:45|1:46|1:47|1:48|1:49|1:5|1:50|1:51|1:52|1:53|1:54|1:55|1:56|1:57|1:58|1:59|1:6|1:60|1:61|1:62|1:63|1:7|1:8|1:9|2:0|2:1|2:10|2:11|2:12|2:13|2:14|2:15|2:16|2:17|2:18|2:19|2:2|2:20|2:21|2:22|2:23|2:24|2:25|2:26|2:27|2:28|2:29|2:3|2:30|2:31|2:32|2:33|2:34|2:35|2:36|2:37|2:38|2:39|2:4|2:40|2:41|2:42|2:43|2:44|2:45|2:46|2:47|2:48|2:49|2:5|2:50|2:52|2:53|2:54|2:55|2:56|2:57|2:58|2:59|2:6|2:60|2:61|2:62|2:63|2:7|2:8|2:9|3:0|3:1|3:10|3:11|3:12|3:13|3:14|3:15|3:16|3:17|3:18|3:19|3:2|3:20|3:21|3:22|3:23|3:24|3:25|3:26|3:27|3:28|3:29|3:3|3:30|3:31|3:33|3:34|3:35|3:36|3:37|3:38|3:39|3:4|3:40|3:41|3:42|3:43|3:44|3:45|3:46|3:47|3:48|3:49|3:5|3:50|3:51|3:52|3:53|3:54|3:55|3:56|3:57|3:58|3:59|3:6|3:60|3:61|3:62|3:63|3:7|3:8|3:9|4:0|4:1|4:10|4:11|4:12|4:13|4:14|4:15|4:16|4:17|4:18|4:19|4:2|4:20|4:21|4:22|4:23|4:24|4:25|4:26|4:27|4:28|4:29|4:3|4:30|4:31|4:32|4:33|4:34|4:35|4:36|4:37|4:38|4:39|4:4|4:40|4:41|4:42|4:43|4:44|4:45|4:46|4:47|4:48|4:49|4:5|4:50|4:51|4:52|4:53|4:54|4:55|4:56|4:57|4:58|4:59|4:6|4:60|4:61|4:62|4:63|4:7|4:8|4:9|5:0|5:1|5:10|5:11|5:12|5:13|5:14|5:15|5:16|5:17|5:18|5:19|5:2|5:20|5:21|5:22|5:23|5:24|5:25|5:26|5:27|5:28|5:29|5:3|5:30|5:31|5:32|5:33|5:34|5:35|5:36|5:37|5:38|5:39|5:4|5:40|5:41|5:42|5:43|5:44|5:45|5:46|5:47|5:48|5:49|5:5|5:50|5:52|5:53|5:54|5:55|5:56|5:57|5:58|5:59|5:6|5:60|5:61|5:62|5:63|5:7|5:8|5:9
TIERING-OFF,94,exact-v9-5-to-6mwe,44784,feedwater-inventory,C2-MIXTURE-PREFIX,1,0,283.6,1,1:27
TIERING-OFF,95,exact-v9-5-to-6mwe,50784,suction,C2-MIXTURE-PREFIX,317,0,389.1,1|2|3|4|5,1:0|1:1|1:10|1:11|1:12|1:13|1:14|1:15|1:16|1:17|1:18|1:19|1:2|1:20|1:21|1:22|1:23|1:24|1:25|1:26|1:27|1:28|1:29|1:3|1:30|1:31|1:32|1:33|1:34|1:35|1:36|1:37|1:38|1:39|1:4|1:40|1:41|1:42|1:43|1:44|1:45|1:46|1:47|1:48|1:49|1:5|1:50|1:51|1:52|1:53|1:54|1:55|1:56|1:57|1:58|1:59|1:6|1:60|1:61|1:62|1:63|1:7|1:8|1:9|2:0|2:1|2:10|2:11|2:12|2:13|2:14|2:15|2:16|2:17|2:18|2:19|2:2|2:20|2:21|2:22|2:23|2:24|2:25|2:26|2:27|2:28|2:29|2:3|2:30|2:31|2:32|2:33|2:34|2:35|2:36|2:37|2:38|2:39|2:4|2:40|2:41|2:42|2:43|2:44|2:45|2:46|2:47|2:48|2:49|2:5|2:50|2:52|2:53|2:54|2:55|2:56|2:57|2:58|2:59|2:6|2:60|2:61|2:62|2:63|2:7|2:8|2:9|3:0|3:1|3:10|3:11|3:12|3:13|3:14|3:15|3:16|3:17|3:18|3:19|3:2|3:20|3:21|3:22|3:23|3:24|3:25|3:26|3:27|3:28|3:29|3:3|3:30|3:31|3:33|3:34|3:35|3:36|3:37|3:38|3:39|3:4|3:40|3:41|3:42|3:43|3:44|3:45|3:46|3:47|3:48|3:49|3:5|3:50|3:51|3:52|3:53|3:54|3:55|3:56|3:57|3:58|3:59|3:6|3:60|3:61|3:62|3:63|3:7|3:8|3:9|4:0|4:1|4:10|4:11|4:12|4:13|4:14|4:15|4:16|4:17|4:18|4:19|4:2|4:20|4:21|4:22|4:23|4:24|4:25|4:26|4:27|4:28|4:29|4:3|4:30|4:31|4:32|4:33|4:34|4:35|4:36|4:37|4:38|4:39|4:4|4:40|4:41|4:42|4:43|4:44|4:45|4:46|4:47|4:48|4:49|4:5|4:50|4:51|4:52|4:53|4:54|4:55|4:56|4:57|4:58|4:59|4:6|4:60|4:61|4:62|4:63|4:7|4:8|4:9|5:0|5:1|5:10|5:11|5:12|5:13|5:14|5:15|5:16|5:17|5:18|5:19|5:2|5:20|5:21|5:22|5:23|5:24|5:25|5:26|5:27|5:28|5:29|5:3|5:30|5:31|5:32|5:33|5:34|5:35|5:36|5:37|5:38|5:39|5:4|5:40|5:41|5:42|5:43|5:44|5:45|5:46|5:47|5:48|5:49|5:5|5:50|5:52|5:53|5:54|5:55|5:56|5:57|5:58|5:59|5:6|5:60|5:61|5:62|5:63|5:7|5:8|5:9
TIERING-OFF,96,exact-v9-5-to-6mwe,50784,pressure,C2-MIXTURE-PREFIX,317,0,233.1,1|2|3|4|5,1:0|1:1|1:10|1:11|1:12|1:13|1:14|1:15|1:16|1:17|1:18|1:19|1:2|1:20|1:21|1:22|1:23|1:24|1:25|1:26|1:27|1:28|1:29|1:3|1:30|1:31|1:32|1:33|1:34|1:35|1:36|1:37|1:38|1:39|1:4|1:40|1:41|1:42|1:43|1:44|1:45|1:46|1:47|1:48|1:49|1:5|1:50|1:51|1:52|1:53|1:54|1:55|1:56|1:57|1:58|1:59|1:6|1:60|1:61|1:62|1:63|1:7|1:8|1:9|2:0|2:1|2:10|2:11|2:12|2:13|2:14|2:15|2:16|2:17|2:18|2:19|2:2|2:20|2:21|2:22|2:23|2:24|2:25|2:26|2:27|2:28|2:29|2:3|2:30|2:31|2:32|2:33|2:34|2:35|2:36|2:37|2:38|2:39|2:4|2:40|2:41|2:42|2:43|2:44|2:45|2:46|2:47|2:48|2:49|2:5|2:50|2:52|2:53|2:54|2:55|2:56|2:57|2:58|2:59|2:6|2:60|2:61|2:62|2:63|2:7|2:8|2:9|3:0|3:1|3:10|3:11|3:12|3:13|3:14|3:15|3:16|3:17|3:18|3:19|3:2|3:20|3:21|3:22|3:23|3:24|3:25|3:26|3:27|3:28|3:29|3:3|3:30|3:31|3:33|3:34|3:35|3:36|3:37|3:38|3:39|3:4|3:40|3:41|3:42|3:43|3:44|3:45|3:46|3:47|3:48|3:49|3:5|3:50|3:51|3:52|3:53|3:54|3:55|3:56|3:57|3:58|3:59|3:6|3:60|3:61|3:62|3:63|3:7|3:8|3:9|4:0|4:1|4:10|4:11|4:12|4:13|4:14|4:15|4:16|4:17|4:18|4:19|4:2|4:20|4:21|4:22|4:23|4:24|4:25|4:26|4:27|4:28|4:29|4:3|4:30|4:31|4:32|4:33|4:34|4:35|4:36|4:37|4:38|4:39|4:4|4:40|4:41|4:42|4:43|4:44|4:45|4:46|4:47|4:48|4:49|4:5|4:50|4:51|4:52|4:53|4:54|4:55|4:56|4:57|4:58|4:59|4:6|4:60|4:61|4:62|4:63|4:7|4:8|4:9|5:0|5:1|5:10|5:11|5:12|5:13|5:14|5:15|5:16|5:17|5:18|5:19|5:2|5:20|5:21|5:22|5:23|5:24|5:25|5:26|5:27|5:28|5:29|5:3|5:30|5:31|5:32|5:33|5:34|5:35|5:36|5:37|5:38|5:39|5:4|5:40|5:41|5:42|5:43|5:44|5:45|5:46|5:47|5:48|5:49|5:5|5:50|5:52|5:53|5:54|5:55|5:56|5:57|5:58|5:59|5:6|5:60|5:61|5:62|5:63|5:7|5:8|5:9
TIERING-OFF,97,exact-v9-5-to-6mwe,50784,outlet,C2-MIXTURE-PREFIX,317,0,359.1,1|2|3|4|5,1:0|1:1|1:10|1:11|1:12|1:13|1:14|1:15|1:16|1:17|1:18|1:19|1:2|1:20|1:21|1:22|1:23|1:24|1:25|1:26|1:27|1:28|1:29|1:3|1:30|1:31|1:32|1:33|1:34|1:35|1:36|1:37|1:38|1:39|1:4|1:40|1:41|1:42|1:43|1:44|1:45|1:46|1:47|1:48|1:49|1:5|1:50|1:51|1:52|1:53|1:54|1:55|1:56|1:57|1:58|1:59|1:6|1:60|1:61|1:62|1:63|1:7|1:8|1:9|2:0|2:1|2:10|2:11|2:12|2:13|2:14|2:15|2:16|2:17|2:18|2:19|2:2|2:20|2:21|2:22|2:23|2:24|2:25|2:26|2:27|2:28|2:29|2:3|2:30|2:31|2:32|2:33|2:34|2:35|2:36|2:37|2:38|2:39|2:4|2:40|2:41|2:42|2:43|2:44|2:45|2:46|2:47|2:48|2:49|2:5|2:50|2:52|2:53|2:54|2:55|2:56|2:57|2:58|2:59|2:6|2:60|2:61|2:62|2:63|2:7|2:8|2:9|3:0|3:1|3:10|3:11|3:12|3:13|3:14|3:15|3:16|3:17|3:18|3:19|3:2|3:20|3:21|3:22|3:23|3:24|3:25|3:26|3:27|3:28|3:29|3:3|3:30|3:31|3:33|3:34|3:35|3:36|3:37|3:38|3:39|3:4|3:40|3:41|3:42|3:43|3:44|3:45|3:46|3:47|3:48|3:49|3:5|3:50|3:51|3:52|3:53|3:54|3:55|3:56|3:57|3:58|3:59|3:6|3:60|3:61|3:62|3:63|3:7|3:8|3:9|4:0|4:1|4:10|4:11|4:12|4:13|4:14|4:15|4:16|4:17|4:18|4:19|4:2|4:20|4:21|4:22|4:23|4:24|4:25|4:26|4:27|4:28|4:29|4:3|4:30|4:31|4:32|4:33|4:34|4:35|4:36|4:37|4:38|4:39|4:4|4:40|4:41|4:42|4:43|4:44|4:45|4:46|4:47|4:48|4:49|4:5|4:50|4:51|4:52|4:53|4:54|4:55|4:56|4:57|4:58|4:59|4:6|4:60|4:61|4:62|4:63|4:7|4:8|4:9|5:0|5:1|5:10|5:11|5:12|5:13|5:14|5:15|5:16|5:17|5:18|5:19|5:2|5:20|5:21|5:22|5:23|5:24|5:25|5:26|5:27|5:28|5:29|5:3|5:30|5:31|5:32|5:33|5:34|5:35|5:36|5:37|5:38|5:39|5:4|5:40|5:41|5:42|5:43|5:44|5:45|5:46|5:47|5:48|5:49|5:5|5:50|5:52|5:53|5:54|5:55|5:56|5:57|5:58|5:59|5:6|5:60|5:61|5:62|5:63|5:7|5:8|5:9
TIERING-OFF,98,exact-v9-5-to-6mwe,50784,drum,C2-MIXTURE-PREFIX,317,0,277.5,1|2|3|4|5,1:0|1:1|1:10|1:11|1:12|1:13|1:14|1:15|1:16|1:17|1:18|1:19|1:2|1:20|1:21|1:22|1:23|1:24|1:25|1:26|1:27|1:28|1:29|1:3|1:30|1:31|1:32|1:33|1:34|1:35|1:36|1:37|1:38|1:39|1:4|1:40|1:41|1:42|1:43|1:44|1:45|1:46|1:47|1:48|1:49|1:5|1:50|1:51|1:52|1:53|1:54|1:55|1:56|1:57|1:58|1:59|1:6|1:60|1:61|1:62|1:63|1:7|1:8|1:9|2:0|2:1|2:10|2:11|2:12|2:13|2:14|2:15|2:16|2:17|2:18|2:19|2:2|2:20|2:21|2:22|2:23|2:24|2:25|2:26|2:27|2:28|2:29|2:3|2:30|2:31|2:32|2:33|2:34|2:35|2:36|2:37|2:38|2:39|2:4|2:40|2:41|2:42|2:43|2:44|2:45|2:46|2:47|2:48|2:49|2:5|2:50|2:52|2:53|2:54|2:55|2:56|2:57|2:58|2:59|2:6|2:60|2:61|2:62|2:63|2:7|2:8|2:9|3:0|3:1|3:10|3:11|3:12|3:13|3:14|3:15|3:16|3:17|3:18|3:19|3:2|3:20|3:21|3:22|3:23|3:24|3:25|3:26|3:27|3:28|3:29|3:3|3:30|3:31|3:33|3:34|3:35|3:36|3:37|3:38|3:39|3:4|3:40|3:41|3:42|3:43|3:44|3:45|3:46|3:47|3:48|3:49|3:5|3:50|3:51|3:52|3:53|3:54|3:55|3:56|3:57|3:58|3:59|3:6|3:60|3:61|3:62|3:63|3:7|3:8|3:9|4:0|4:1|4:10|4:11|4:12|4:13|4:14|4:15|4:16|4:17|4:18|4:19|4:2|4:20|4:21|4:22|4:23|4:24|4:25|4:26|4:27|4:28|4:29|4:3|4:30|4:31|4:32|4:33|4:34|4:35|4:36|4:37|4:38|4:39|4:4|4:40|4:41|4:42|4:43|4:44|4:45|4:46|4:47|4:48|4:49|4:5|4:50|4:51|4:52|4:53|4:54|4:55|4:56|4:57|4:58|4:59|4:6|4:60|4:61|4:62|4:63|4:7|4:8|4:9|5:0|5:1|5:10|5:11|5:12|5:13|5:14|5:15|5:16|5:17|5:18|5:19|5:2|5:20|5:21|5:22|5:23|5:24|5:25|5:26|5:27|5:28|5:29|5:3|5:30|5:31|5:32|5:33|5:34|5:35|5:36|5:37|5:38|5:39|5:4|5:40|5:41|5:42|5:43|5:44|5:45|5:46|5:47|5:48|5:49|5:5|5:50|5:52|5:53|5:54|5:55|5:56|5:57|5:58|5:59|5:6|5:60|5:61|5:62|5:63|5:7|5:8|5:9
TIERING-OFF,99,exact-v9-5-to-6mwe,50784,feedwater-inventory,C2-MIXTURE-PREFIX,1,0,327.4,2,2:41
TIERING-ON-PGO-OFF,138,exact-v9-5-to-6mwe,98784,drum,C2-MIXTURE-PREFIX,1,0,101.4,1,1:31
TIERING-ON-PGO-OFF,16,background-reference,18000,pressure,C2-MIXTURE-PREFIX,1,0,141.3,4,4:58
TIERING-ON-PGO-OFF,182,exact-v9-5-to-6mwe,152784,outlet,C2-MIXTURE-PREFIX,1,0,148.8,5,5:44
TIERING-ON-PGO-OFF,187,exact-v9-5-to-6mwe,158784,outlet,C2-MIXTURE-PREFIX,1,0,148.5,5,5:21
TIERING-ON-PGO-OFF,20,background-reference,24000,suction,C2-MIXTURE-PREFIX,1,0,107.5,2,2:59
TIERING-ON-PGO-OFF,218,exact-v9-5-to-6mwe,194784,drum,C2-MIXTURE-PREFIX,1,0,113.5,1,1:21
TIERING-ON-PGO-OFF,237,exact-v9-5-to-6mwe,218784,outlet,C2-MIXTURE-PREFIX,1,0,138.2,2,2:0
TIERING-ON-PGO-OFF,26,background-reference,30000,pressure,C2-MIXTURE-PREFIX,1,0,226.8,4,4:46
TIERING-ON-PGO-OFF,298,exact-v9-5-to-6mwe,290784,drum,C2-MIXTURE-PREFIX,1,0,125.7,3,3:25
TIERING-ON-PGO-OFF,310,exact-v9-5-to-6mwe,308784,suction,C2-MIXTURE-PREFIX,1,0,160.4,2,2:63
TIERING-ON-PGO-OFF,335,exact-v9-5-to-6mwe,338784,suction,C2-MIXTURE-PREFIX,1,0,151.3,2,2:52
TIERING-ON-PGO-OFF,43,background-reference,48000,drum,C2-MIXTURE-PREFIX,2,0,142.2,1|4,1:36|4:58
TIERING-ON-PGO-OFF,53,background-reference,60000,drum,C2-MIXTURE-PREFIX,1,0,273.9,2,2:7
TIERING-ON-PGO-OFF,55,exact-v9-5-to-6mwe,2784,suction,C2-MIXTURE-PREFIX,1,0,103.7,4,4:10
TIERING-ON-PGO-OFF,70,exact-v9-5-to-6mwe,20784,suction,C2-MIXTURE-PREFIX,1,0,158.8,2,2:7
TIERING-ON-PGO-OFF,87,exact-v9-5-to-6mwe,38784,outlet,C2-MIXTURE-PREFIX,1,0,110.9,3,3:7
TIERING-ON-PGO-OFF,94,exact-v9-5-to-6mwe,44784,feedwater-inventory,C2-MIXTURE-PREFIX,1,0,118.1,3,3:28
TIERING-ON-PGO-ON,105,exact-v9-5-to-6mwe,62784,suction,C2-MIXTURE-PREFIX,1,0,201.3,5,5:56
TIERING-ON-PGO-ON,116,exact-v9-5-to-6mwe,74784,pressure,C2-MIXTURE-PREFIX,1,0,144.2,3,3:18
TIERING-ON-PGO-ON,118,exact-v9-5-to-6mwe,74784,drum,C2-MIXTURE-PREFIX,1,0,135.2,2,2:42
TIERING-ON-PGO-ON,12,background-reference,12000,outlet,C2-MIXTURE-PREFIX,1,0,166.3,4,4:13
TIERING-ON-PGO-ON,122,exact-v9-5-to-6mwe,80784,outlet,C2-MIXTURE-PREFIX,1,0,125.6,4,4:15
TIERING-ON-PGO-ON,15,background-reference,18000,suction,C2-MIXTURE-PREFIX,1,0,106.6,4,4:35
TIERING-ON-PGO-ON,170,exact-v9-5-to-6mwe,140784,suction,C2-MIXTURE-PREFIX,1,0,139.9,1,1:35
TIERING-ON-PGO-ON,183,exact-v9-5-to-6mwe,152784,drum,C2-MIXTURE-PREFIX,1,0,113.4,2,2:5
TIERING-ON-PGO-ON,185,exact-v9-5-to-6mwe,158784,suction,C2-MIXTURE-PREFIX,1,0,103.5,4,4:27
TIERING-ON-PGO-ON,193,exact-v9-5-to-6mwe,164784,drum,C2-MIXTURE-PREFIX,1,0,111.4,2,2:2
TIERING-ON-PGO-ON,197,exact-v9-5-to-6mwe,170784,outlet,C2-MIXTURE-PREFIX,1,0,226.6,4,4:38
TIERING-ON-PGO-ON,198,exact-v9-5-to-6mwe,170784,drum,C2-MIXTURE-PREFIX,1,0,219.8,1,1:12
TIERING-ON-PGO-ON,2,background-reference,0,outlet,C2-MIXTURE-PREFIX,1,0,131.3,4,4:16
TIERING-ON-PGO-ON,207,exact-v9-5-to-6mwe,182784,outlet,C2-MIXTURE-PREFIX,1,0,103.1,2,2:18
TIERING-ON-PGO-ON,21,background-reference,24000,pressure,C2-MIXTURE-PREFIX,1,0,145.4,3,3:33
TIERING-ON-PGO-ON,224,exact-v9-5-to-6mwe,200784,feedwater-inventory,C2-MIXTURE-PREFIX,1,0,238.4,2,2:54
TIERING-ON-PGO-ON,250,exact-v9-5-to-6mwe,236784,suction,C2-MIXTURE-PREFIX,1,0,158.8,4,4:38
TIERING-ON-PGO-ON,262,exact-v9-5-to-6mwe,248784,outlet,C2-MIXTURE-PREFIX,1,0,115,4,4:38
TIERING-ON-PGO-ON,266,exact-v9-5-to-6mwe,254784,pressure,C2-MIXTURE-PREFIX,1,0,202,2,2:17
TIERING-ON-PGO-ON,276,exact-v9-5-to-6mwe,266784,pressure,C2-MIXTURE-PREFIX,1,0,107.4,1,1:60
TIERING-ON-PGO-ON,297,exact-v9-5-to-6mwe,290784,outlet,C2-MIXTURE-PREFIX,1,0,121.6,1,1:24
TIERING-ON-PGO-ON,307,exact-v9-5-to-6mwe,302784,outlet,C2-MIXTURE-PREFIX,1,0,103.8,1,1:24
TIERING-ON-PGO-ON,328,exact-v9-5-to-6mwe,326784,drum,C2-MIXTURE-PREFIX,1,0,139,4,4:4
TIERING-ON-PGO-ON,336,exact-v9-5-to-6mwe,338784,pressure,C2-MIXTURE-PREFIX,1,0,278.4,5,5:33
TIERING-ON-PGO-ON,340,exact-v9-5-to-6mwe,344784,suction,C2-MIXTURE-PREFIX,1,0,106.7,4,4:50
TIERING-ON-PGO-ON,346,exact-v9-5-to-6mwe,350784,pressure,C2-MIXTURE-PREFIX,1,0,330.4,1,1:13
TIERING-ON-PGO-ON,356,exact-v9-5-to-6mwe,362784,pressure,C2-MIXTURE-PREFIX,1,0,165.1,5,5:58
TIERING-ON-PGO-ON,60,exact-v9-5-to-6mwe,8784,suction,C2-MIXTURE-PREFIX,1,0,208.4,5,5:58
